scenario,factor,h,regime,ic_lo,ic_hi,dIC,dt,n_hi,n_lo,dIC_h1,dIC_h2,stable,dt_adj_sqrtN,pass_bonf_z
all,mom5,1,limit_up_count,-0.044,-0.0331,0.0109,0.55,166,158,-0.0328,0.0574,False,0.07,False
all,mom5,1,limit_up_count_ma5,-0.0414,-0.0362,0.0051,0.27,167,165,-0.0316,0.0421,False,0.034,False
all,mom5,1,blow_rate,-0.0322,-0.0373,-0.0051,-0.28,166,167,0.0325,-0.0256,False,-0.036,False
all,mom5,1,max_board_height,-0.0155,-0.0467,-0.0312,-1.51,158,152,-0.0355,-0.0195,True,-0.193,False
all,mom5,1,lu_premium_1d,-0.0275,-0.0439,-0.0165,-0.84,167,167,0.0024,-0.0306,False,-0.107,False
all,mom5,3,limit_up_count,-0.0415,-0.0406,0.0009,0.05,165,157,-0.0412,0.0413,False,0.006,False
all,mom5,3,limit_up_count_ma5,-0.048,-0.0536,-0.0056,-0.33,167,165,-0.0611,0.0518,False,-0.042,False
all,mom5,3,blow_rate,-0.0135,-0.0531,-0.0396,-2.32,165,166,-0.0205,-0.0358,True,-0.296,False
all,mom5,3,max_board_height,-0.0281,-0.053,-0.0249,-1.36,158,152,-0.0182,-0.0142,True,-0.174,False
all,mom5,3,lu_premium_1d,-0.0289,-0.0456,-0.0167,-0.98,166,166,-0.0103,-0.0139,True,-0.125,False
all,mom5,5,limit_up_count,-0.0421,-0.0402,0.0019,0.11,165,156,-0.051,0.0557,False,0.014,False
all,mom5,5,limit_up_count_ma5,-0.0562,-0.0478,0.0084,0.48,165,165,-0.0456,0.065,False,0.061,False
all,mom5,5,blow_rate,-0.0208,-0.05,-0.0292,-1.65,163,166,0.0092,-0.0447,False,-0.211,False
all,mom5,5,max_board_height,-0.0193,-0.0573,-0.038,-2.16,158,152,-0.0401,-0.0257,True,-0.276,False
all,mom5,5,lu_premium_1d,-0.0159,-0.0497,-0.0338,-1.92,166,164,-0.0249,-0.0333,True,-0.245,False
all,mom5,10,limit_up_count,-0.0486,-0.0511,-0.0025,-0.14,161,156,-0.0293,0.027,False,-0.018,False
all,mom5,10,limit_up_count_ma5,-0.0596,-0.0508,0.0088,0.54,163,165,-0.0134,0.0333,False,0.069,False
all,mom5,10,blow_rate,-0.036,-0.0435,-0.0075,-0.46,162,163,0.0079,-0.0148,False,-0.059,False
all,mom5,10,max_board_height,-0.0248,-0.0538,-0.0291,-1.72,156,152,-0.0105,-0.0464,True,-0.22,False
all,mom5,10,lu_premium_1d,-0.0204,-0.0578,-0.0375,-2.28,165,162,-0.0373,-0.0327,True,-0.291,False
all,mom10,1,limit_up_count,-0.0404,-0.0333,0.0071,0.35,166,158,-0.0449,0.0636,False,0.045,False
all,mom10,1,limit_up_count_ma5,-0.0399,-0.0297,0.0102,0.53,167,165,-0.0248,0.0434,False,0.068,False
all,mom10,1,blow_rate,-0.0301,-0.0273,0.0028,0.15,166,167,0.0381,-0.0217,False,0.019,False
all,mom10,1,max_board_height,-0.0111,-0.0605,-0.0494,-2.43,158,152,-0.063,-0.0317,True,-0.31,False
all,mom10,1,lu_premium_1d,-0.0193,-0.0462,-0.027,-1.38,167,167,-0.01,-0.0403,True,-0.176,False
all,mom10,3,limit_up_count,-0.0462,-0.0368,0.0093,0.48,165,157,-0.0384,0.0588,False,0.061,False
all,mom10,3,limit_up_count_ma5,-0.0513,-0.0475,0.0038,0.21,167,165,-0.043,0.0511,False,0.027,False
all,mom10,3,blow_rate,-0.0143,-0.0431,-0.0288,-1.58,165,166,-0.0057,-0.0391,True,-0.202,False
all,mom10,3,max_board_height,-0.0285,-0.0603,-0.0318,-1.65,158,152,-0.0479,-0.0101,True,-0.211,False
all,mom10,3,lu_premium_1d,-0.0332,-0.0458,-0.0125,-0.7,166,166,0.0059,-0.0229,False,-0.089,False
all,mom10,5,limit_up_count,-0.0475,-0.0503,-0.0027,-0.14,165,156,-0.0458,0.0436,False,-0.018,False
all,mom10,5,limit_up_count_ma5,-0.054,-0.0575,-0.0035,-0.19,165,165,-0.031,0.0255,False,-0.024,False
all,mom10,5,blow_rate,-0.0403,-0.0418,-0.0015,-0.08,163,166,0.0261,-0.0208,False,-0.01,False
all,mom10,5,max_board_height,-0.0223,-0.0768,-0.0545,-2.9,158,152,-0.0788,-0.0384,True,-0.37,False
all,mom10,5,lu_premium_1d,-0.0245,-0.0598,-0.0353,-2.0,166,164,-0.0351,-0.0289,True,-0.255,False
all,mom10,10,limit_up_count,-0.06,-0.0757,-0.0157,-0.84,161,156,-0.03,-0.0012,True,-0.107,False
all,mom10,10,limit_up_count_ma5,-0.0535,-0.0821,-0.0285,-1.71,163,165,-0.0271,-0.03,True,-0.218,False
all,mom10,10,blow_rate,-0.0594,-0.0511,0.0082,0.48,162,163,0.0183,0.0017,True,0.061,False
all,mom10,10,max_board_height,-0.0309,-0.0782,-0.0473,-2.63,156,152,-0.0279,-0.0713,True,-0.336,False
all,mom10,10,lu_premium_1d,-0.0466,-0.0606,-0.014,-0.83,165,162,-0.0246,0.0011,False,-0.106,False
all,mom20,1,limit_up_count,-0.0451,-0.0648,-0.0196,-0.91,166,158,-0.0552,0.0185,False,-0.116,False
all,mom20,1,limit_up_count_ma5,-0.0577,-0.0572,0.0004,0.02,167,165,-0.0202,0.0209,False,0.003,False
all,mom20,1,blow_rate,-0.0547,-0.0427,0.0119,0.59,166,167,0.0371,-0.002,False,0.075,False
all,mom20,1,max_board_height,-0.0252,-0.0746,-0.0494,-2.43,158,152,-0.0635,-0.0324,True,-0.31,False
all,mom20,1,lu_premium_1d,-0.0531,-0.0541,-0.001,-0.05,167,167,-0.0166,0.0167,False,-0.006,False
all,mom20,3,limit_up_count,-0.0623,-0.0753,-0.013,-0.64,165,157,-0.0432,0.0185,False,-0.082,False
all,mom20,3,limit_up_count_ma5,-0.062,-0.0838,-0.0219,-1.12,167,165,-0.0475,0.0027,False,-0.143,False
all,mom20,3,blow_rate,-0.0455,-0.0661,-0.0206,-1.04,165,166,-0.0001,-0.0295,True,-0.133,False
all,mom20,3,max_board_height,-0.0423,-0.0812,-0.0389,-2.05,158,152,-0.0443,-0.028,True,-0.262,False
all,mom20,3,lu_premium_1d,-0.0646,-0.0677,-0.0032,-0.17,166,166,-0.0116,0.0118,False,-0.022,False
all,mom20,5,limit_up_count,-0.071,-0.084,-0.013,-0.65,165,156,-0.0389,0.0119,False,-0.083,False
all,mom20,5,limit_up_count_ma5,-0.0642,-0.0855,-0.0214,-1.11,165,165,-0.0279,-0.0172,True,-0.142,False
all,mom20,5,blow_rate,-0.064,-0.0731,-0.0091,-0.47,163,166,0.0233,-0.0289,False,-0.06,False
all,mom20,5,max_board_height,-0.0364,-0.0875,-0.051,-2.75,158,152,-0.0398,-0.0607,True,-0.351,False
all,mom20,5,lu_premium_1d,-0.0684,-0.0719,-0.0035,-0.19,166,164,-0.01,0.0101,False,-0.024,False
all,mom20,10,limit_up_count,-0.0789,-0.0853,-0.0064,-0.33,161,156,-0.0067,-0.0103,True,-0.042,False
all,mom20,10,limit_up_count_ma5,-0.0581,-0.0875,-0.0293,-1.6,163,165,-0.0292,-0.0313,True,-0.204,False
all,mom20,10,blow_rate,-0.0715,-0.0782,-0.0068,-0.37,162,163,0.0107,-0.012,False,-0.047,False
all,mom20,10,max_board_height,-0.0426,-0.0706,-0.0279,-1.55,156,152,0.0183,-0.0683,False,-0.198,False
all,mom20,10,lu_premium_1d,-0.0911,-0.0565,0.0346,2.01,165,162,0.0417,0.0336,True,0.257,False
all,rev5,1,limit_up_count,0.044,0.0331,-0.0109,-0.55,166,158,0.0328,-0.0574,False,-0.07,False
all,rev5,1,limit_up_count_ma5,0.0414,0.0362,-0.0051,-0.27,167,165,0.0316,-0.0421,False,-0.034,False
all,rev5,1,blow_rate,0.0322,0.0373,0.0051,0.28,166,167,-0.0325,0.0256,False,0.036,False
all,rev5,1,max_board_height,0.0155,0.0467,0.0312,1.51,158,152,0.0355,0.0195,True,0.193,False
all,rev5,1,lu_premium_1d,0.0275,0.0439,0.0165,0.84,167,167,-0.0024,0.0306,False,0.107,False
all,rev5,3,limit_up_count,0.0415,0.0406,-0.0009,-0.05,165,157,0.0412,-0.0413,False,-0.006,False
all,rev5,3,limit_up_count_ma5,0.048,0.0536,0.0056,0.33,167,165,0.0611,-0.0518,False,0.042,False
all,rev5,3,blow_rate,0.0135,0.0531,0.0396,2.32,165,166,0.0205,0.0358,True,0.296,False
all,rev5,3,max_board_height,0.0281,0.053,0.0249,1.36,158,152,0.0182,0.0142,True,0.174,False
all,rev5,3,lu_premium_1d,0.0289,0.0456,0.0167,0.98,166,166,0.0103,0.0139,True,0.125,False
all,rev5,5,limit_up_count,0.0421,0.0402,-0.0019,-0.11,165,156,0.051,-0.0557,False,-0.014,False
all,rev5,5,limit_up_count_ma5,0.0562,0.0478,-0.0084,-0.48,165,165,0.0456,-0.065,False,-0.061,False
all,rev5,5,blow_rate,0.0208,0.05,0.0292,1.65,163,166,-0.0092,0.0447,False,0.211,False
all,rev5,5,max_board_height,0.0193,0.0573,0.038,2.16,158,152,0.0401,0.0257,True,0.276,False
all,rev5,5,lu_premium_1d,0.0159,0.0497,0.0338,1.92,166,164,0.0249,0.0333,True,0.245,False
all,rev5,10,limit_up_count,0.0486,0.0511,0.0025,0.14,161,156,0.0293,-0.027,False,0.018,False
all,rev5,10,limit_up_count_ma5,0.0596,0.0508,-0.0088,-0.54,163,165,0.0134,-0.0333,False,-0.069,False
all,rev5,10,blow_rate,0.036,0.0435,0.0075,0.46,162,163,-0.0079,0.0148,False,0.059,False
all,rev5,10,max_board_height,0.0248,0.0538,0.0291,1.72,156,152,0.0105,0.0464,True,0.22,False
all,rev5,10,lu_premium_1d,0.0204,0.0578,0.0375,2.28,165,162,0.0373,0.0327,True,0.291,False
all,std5,1,limit_up_count,-0.0303,-0.0583,-0.028,-1.2,166,158,-0.029,-0.0235,True,-0.153,False
all,std5,1,limit_up_count_ma5,-0.0523,-0.047,0.0053,0.24,167,165,-0.0128,0.0242,False,0.031,False
all,std5,1,blow_rate,-0.0414,-0.0505,-0.009,-0.42,166,167,0.0096,-0.0206,False,-0.054,False
all,std5,1,max_board_height,-0.0418,-0.0475,-0.0057,-0.24,158,152,-0.0317,0.0197,False,-0.031,False
all,std5,1,lu_premium_1d,-0.0427,-0.0551,-0.0124,-0.54,167,167,-0.0725,0.0455,False,-0.069,False
all,std5,3,limit_up_count,-0.0565,-0.0625,-0.006,-0.27,165,157,-0.0216,0.0162,False,-0.034,False
all,std5,3,limit_up_count_ma5,-0.0509,-0.0709,-0.02,-0.95,167,165,-0.0488,0.0075,False,-0.121,False
all,std5,3,blow_rate,-0.0394,-0.0613,-0.022,-1.0,165,166,-0.0103,-0.0311,True,-0.128,False
all,std5,3,max_board_height,-0.0735,-0.0534,0.0201,0.89,158,152,-0.0159,0.049,False,0.114,False
all,std5,3,lu_premium_1d,-0.0639,-0.0591,0.0048,0.22,166,166,-0.0154,0.0229,False,0.028,False
all,std5,5,limit_up_count,-0.0624,-0.0657,-0.0032,-0.14,165,156,-0.0242,0.0243,False,-0.018,False
all,std5,5,limit_up_count_ma5,-0.0546,-0.0648,-0.0102,-0.46,165,165,-0.0347,0.0134,False,-0.059,False
all,std5,5,blow_rate,-0.0325,-0.0782,-0.0457,-2.04,163,166,-0.0241,-0.0658,True,-0.26,False
all,std5,5,max_board_height,-0.065,-0.0592,0.0058,0.26,158,152,-0.0197,0.027,False,0.033,False
all,std5,5,lu_premium_1d,-0.0595,-0.0629,-0.0034,-0.15,166,164,-0.0034,-0.0036,True,-0.019,False
all,std5,10,limit_up_count,-0.0601,-0.068,-0.0079,-0.36,161,156,-0.0191,0.0073,False,-0.046,False
all,std5,10,limit_up_count_ma5,-0.0502,-0.0789,-0.0287,-1.38,163,165,-0.0398,-0.0171,True,-0.176,False
all,std5,10,blow_rate,-0.0264,-0.0863,-0.0599,-2.9,162,163,-0.0228,-0.0922,True,-0.37,False
all,std5,10,max_board_height,-0.0601,-0.0657,-0.0056,-0.25,156,152,-0.0294,0.0149,False,-0.032,False
all,std5,10,lu_premium_1d,-0.0748,-0.0504,0.0244,1.13,165,162,0.0235,0.0222,True,0.144,False
all,std20,1,limit_up_count,-0.0304,-0.0575,-0.0271,-0.96,166,158,-0.0089,-0.0443,True,-0.123,False
all,std20,1,limit_up_count_ma5,-0.0502,-0.0533,-0.0031,-0.11,167,165,-0.0163,0.0111,False,-0.014,False
all,std20,1,blow_rate,-0.046,-0.0538,-0.0078,-0.29,166,167,0.008,-0.017,False,-0.037,False
all,std20,1,max_board_height,-0.0482,-0.0447,0.0035,0.12,158,152,-0.0278,0.0399,False,0.015,False
all,std20,1,lu_premium_1d,-0.0393,-0.0539,-0.0146,-0.52,167,167,-0.0921,0.0593,False,-0.066,False
all,std20,3,limit_up_count,-0.0552,-0.061,-0.0058,-0.21,165,157,-0.0061,0.0016,False,-0.027,False
all,std20,3,limit_up_count_ma5,-0.0499,-0.0762,-0.0263,-1.01,167,165,-0.0497,-0.0036,True,-0.129,False
all,std20,3,blow_rate,-0.0365,-0.0694,-0.0329,-1.21,165,166,-0.029,-0.0402,True,-0.154,False
all,std20,3,max_board_height,-0.0848,-0.0461,0.0387,1.38,158,152,-0.0111,0.0796,False,0.176,False
all,std20,3,lu_premium_1d,-0.0651,-0.0563,0.0088,0.33,166,166,-0.0213,0.0338,False,0.042,False
all,std20,5,limit_up_count,-0.0566,-0.0617,-0.0051,-0.18,165,156,-0.0091,0.008,False,-0.023,False
all,std20,5,limit_up_count_ma5,-0.0502,-0.0661,-0.0159,-0.59,165,165,-0.0317,0.0006,False,-0.075,False
all,std20,5,blow_rate,-0.02,-0.0813,-0.0613,-2.24,163,166,-0.0502,-0.0825,True,-0.286,False
all,std20,5,max_board_height,-0.0696,-0.0512,0.0184,0.66,158,152,-0.0078,0.0355,False,0.084,False
all,std20,5,lu_premium_1d,-0.0529,-0.0538,-0.0009,-0.04,166,164,-0.0031,-0.003,True,-0.005,False
all,std20,10,limit_up_count,-0.051,-0.063,-0.012,-0.43,161,156,-0.0109,-0.0041,True,-0.055,False
all,std20,10,limit_up_count_ma5,-0.0452,-0.0762,-0.031,-1.18,163,165,-0.0382,-0.0199,True,-0.151,False
all,std20,10,blow_rate,-0.0155,-0.0862,-0.0707,-2.7,162,163,-0.0458,-0.1043,True,-0.345,False
all,std20,10,max_board_height,-0.0671,-0.0524,0.0147,0.54,156,152,-0.0126,0.0272,False,0.069,False
all,std20,10,lu_premium_1d,-0.0748,-0.0365,0.0383,1.41,165,162,0.0368,0.0296,True,0.18,False
all,amp5,1,limit_up_count,-0.0395,-0.0773,-0.0378,-1.4,166,158,-0.0308,-0.0447,True,-0.179,False
all,amp5,1,limit_up_count_ma5,-0.0583,-0.0661,-0.0079,-0.31,167,165,-0.0241,0.008,False,-0.04,False
all,amp5,1,blow_rate,-0.0617,-0.0584,0.0033,0.13,166,167,0.027,-0.0094,False,0.017,False
all,amp5,1,max_board_height,-0.0547,-0.0607,-0.006,-0.22,158,152,-0.0413,0.032,False,-0.028,False
all,amp5,1,lu_premium_1d,-0.0602,-0.0606,-0.0003,-0.01,167,167,-0.0779,0.075,False,-0.001,False
all,amp5,3,limit_up_count,-0.0638,-0.0758,-0.012,-0.46,165,157,-0.0232,0.0055,False,-0.059,False
all,amp5,3,limit_up_count_ma5,-0.0571,-0.0876,-0.0305,-1.26,167,165,-0.0551,-0.0082,True,-0.161,False
all,amp5,3,blow_rate,-0.0525,-0.0724,-0.0199,-0.77,165,166,-0.0108,-0.027,True,-0.098,False
all,amp5,3,max_board_height,-0.0915,-0.0572,0.0343,1.3,158,152,-0.0122,0.0737,False,0.166,False
all,amp5,3,lu_premium_1d,-0.0811,-0.064,0.0172,0.67,166,166,-0.0113,0.0422,False,0.086,False
all,amp5,5,limit_up_count,-0.0647,-0.0781,-0.0134,-0.5,165,156,-0.0258,0.0052,False,-0.064,False
all,amp5,5,limit_up_count_ma5,-0.0556,-0.0793,-0.0237,-0.95,165,165,-0.0414,-0.0076,True,-0.121,False
all,amp5,5,blow_rate,-0.0391,-0.0891,-0.05,-1.95,163,166,-0.0329,-0.0677,True,-0.249,False
all,amp5,5,max_board_height,-0.0823,-0.0587,0.0236,0.91,158,152,0.0018,0.0408,True,0.116,False
all,amp5,5,lu_premium_1d,-0.0698,-0.0633,0.0065,0.26,166,164,0.0001,0.0119,True,0.033,False
all,amp5,10,limit_up_count,-0.0546,-0.0762,-0.0216,-0.83,161,156,-0.0334,-0.0037,True,-0.106,False
all,amp5,10,limit_up_count_ma5,-0.0409,-0.0916,-0.0507,-2.09,163,165,-0.0685,-0.0309,True,-0.267,False
all,amp5,10,blow_rate,-0.0255,-0.0949,-0.0694,-2.83,162,163,-0.0342,-0.1023,True,-0.361,False
all,amp5,10,max_board_height,-0.0684,-0.0652,0.0032,0.12,156,152,-0.0211,0.0211,False,0.015,False
all,amp5,10,lu_premium_1d,-0.0867,-0.0432,0.0435,1.73,165,162,0.0464,0.0353,True,0.221,False
all,to_level,1,limit_up_count,-0.022,-0.0558,-0.0337,-1.25,166,158,-0.0094,-0.0579,True,-0.16,False
all,to_level,1,limit_up_count_ma5,-0.0401,-0.0455,-0.0053,-0.2,167,165,-0.0076,-0.0025,True,-0.026,False
all,to_level,1,blow_rate,-0.0434,-0.0449,-0.0015,-0.06,166,167,0.0067,-0.0044,False,-0.008,False
all,to_level,1,max_board_height,-0.045,-0.0423,0.0027,0.1,158,152,-0.0286,0.0397,False,0.013,False
all,to_level,1,lu_premium_1d,-0.0319,-0.0497,-0.0178,-0.66,167,167,-0.0808,0.0429,False,-0.084,False
all,to_level,3,limit_up_count,-0.046,-0.0566,-0.0107,-0.41,165,157,-0.0105,-0.0032,True,-0.052,False
all,to_level,3,limit_up_count_ma5,-0.0481,-0.0631,-0.0151,-0.6,167,165,-0.0202,-0.0121,True,-0.077,False
all,to_level,3,blow_rate,-0.033,-0.0588,-0.0258,-1.02,165,166,-0.0329,-0.0241,True,-0.13,False
all,to_level,3,max_board_height,-0.0811,-0.0345,0.0466,1.73,158,152,0.0006,0.0864,True,0.221,False
all,to_level,3,lu_premium_1d,-0.0538,-0.0515,0.0023,0.09,166,166,-0.0294,0.0298,False,0.011,False
all,to_level,5,limit_up_count,-0.0474,-0.0602,-0.0128,-0.48,165,156,-0.0118,-0.0044,True,-0.061,False
all,to_level,5,limit_up_count_ma5,-0.0476,-0.0564,-0.0088,-0.34,165,165,-0.0093,-0.009,True,-0.043,False
all,to_level,5,blow_rate,-0.0244,-0.0687,-0.0443,-1.74,163,166,-0.0406,-0.0602,True,-0.222,False
all,to_level,5,max_board_height,-0.0715,-0.0395,0.0321,1.22,158,152,0.0125,0.0401,True,0.156,False
all,to_level,5,lu_premium_1d,-0.0426,-0.0484,-0.0058,-0.23,166,164,-0.023,0.0066,False,-0.029,False
all,to_level,10,limit_up_count,-0.0449,-0.0665,-0.0216,-0.8,161,156,-0.0154,-0.0191,True,-0.102,False
all,to_level,10,limit_up_count_ma5,-0.0377,-0.0755,-0.0378,-1.49,163,165,-0.0374,-0.0348,True,-0.19,False
all,to_level,10,blow_rate,-0.0208,-0.0795,-0.0587,-2.31,162,163,-0.0447,-0.0872,True,-0.295,False
all,to_level,10,max_board_height,-0.0666,-0.0442,0.0225,0.86,156,152,-0.0022,0.031,False,0.11,False
all,to_level,10,lu_premium_1d,-0.0626,-0.038,0.0247,0.96,165,162,0.0249,0.0132,True,0.123,False
all,to_trend,1,limit_up_count,-0.0276,-0.0451,-0.0175,-1.34,166,158,-0.0571,0.0268,False,-0.171,False
all,to_trend,1,limit_up_count_ma5,-0.0335,-0.0406,-0.0071,-0.56,167,165,-0.0309,0.0172,False,-0.071,False
all,to_trend,1,blow_rate,-0.0445,-0.0256,0.0189,1.53,166,167,0.0489,-0.0062,False,0.195,False
all,to_trend,1,max_board_height,-0.0264,-0.0479,-0.0215,-1.64,158,152,-0.0325,-0.0127,True,-0.209,False
all,to_trend,1,lu_premium_1d,-0.0327,-0.044,-0.0113,-0.86,167,167,-0.014,-0.0085,True,-0.11,False
all,to_trend,3,limit_up_count,-0.0338,-0.051,-0.0172,-1.39,165,157,-0.0587,0.027,False,-0.177,False
all,to_trend,3,limit_up_count_ma5,-0.0349,-0.0505,-0.0156,-1.28,167,165,-0.0543,0.0245,False,-0.163,False
all,to_trend,3,blow_rate,-0.0409,-0.0334,0.0075,0.62,165,166,0.0215,0.0019,True,0.079,False
all,to_trend,3,max_board_height,-0.031,-0.0562,-0.0253,-2.01,158,152,-0.0387,-0.009,True,-0.257,False
all,to_trend,3,lu_premium_1d,-0.0339,-0.0475,-0.0136,-1.12,166,166,-0.0088,-0.0156,True,-0.143,False
all,to_trend,5,limit_up_count,-0.031,-0.0513,-0.0204,-1.64,165,156,-0.0653,0.0283,False,-0.209,False
all,to_trend,5,limit_up_count_ma5,-0.0323,-0.0512,-0.019,-1.54,165,165,-0.0525,0.0163,False,-0.197,False
all,to_trend,5,blow_rate,-0.0484,-0.0347,0.0137,1.1,163,166,0.0379,-0.0006,False,0.14,False
all,to_trend,5,max_board_height,-0.0319,-0.0537,-0.0218,-1.78,158,152,-0.046,0.0024,False,-0.227,False
all,to_trend,5,lu_premium_1d,-0.0277,-0.0526,-0.0249,-2.03,166,164,-0.0266,-0.0192,True,-0.259,False
all,to_trend,10,limit_up_count,-0.0338,-0.0507,-0.0168,-1.5,161,156,-0.0382,0.0055,False,-0.191,False
all,to_trend,10,limit_up_count_ma5,-0.0283,-0.0572,-0.0289,-2.71,163,165,-0.0404,-0.0178,True,-0.346,False
all,to_trend,10,blow_rate,-0.0454,-0.0358,0.0096,0.87,162,163,0.0236,0.0036,True,0.111,False
all,to_trend,10,max_board_height,-0.0255,-0.0533,-0.0278,-2.5,156,152,-0.0286,-0.0221,True,-0.319,False
all,to_trend,10,lu_premium_1d,-0.0344,-0.0469,-0.0126,-1.13,165,162,-0.0084,-0.0127,True,-0.144,False
all,amihud20,1,limit_up_count,0.0319,0.0372,0.0053,0.26,166,158,0.0036,0.0042,True,0.033,False
all,amihud20,1,limit_up_count_ma5,0.0387,0.0252,-0.0135,-0.68,167,165,-0.0183,-0.0081,True,-0.087,False
all,amihud20,1,blow_rate,0.0269,0.0337,0.0068,0.36,166,167,0.0176,-0.0018,False,0.046,False
all,amihud20,1,max_board_height,0.0245,0.0378,0.0133,0.69,158,152,0.0211,0.0018,True,0.088,False
all,amihud20,1,lu_premium_1d,0.0432,0.0269,-0.0163,-0.86,167,167,-0.0097,-0.021,True,-0.11,False
all,amihud20,3,limit_up_count,0.0536,0.0555,0.0019,0.1,165,157,-0.0095,0.012,False,0.013,False
all,amihud20,3,limit_up_count_ma5,0.0559,0.0412,-0.0147,-0.82,167,165,-0.0309,0.0028,False,-0.105,False
all,amihud20,3,blow_rate,0.0403,0.0486,0.0083,0.48,165,166,0.0195,-0.0023,False,0.061,False
all,amihud20,3,max_board_height,0.037,0.065,0.028,1.48,158,152,0.0576,0.0084,True,0.189,False
all,amihud20,3,lu_premium_1d,0.0494,0.0509,0.0015,0.09,166,166,0.0079,-0.0026,False,0.011,False
all,amihud20,5,limit_up_count,0.073,0.0568,-0.0162,-0.93,165,156,-0.0224,-0.0096,True,-0.119,False
all,amihud20,5,limit_up_count_ma5,0.0529,0.0536,0.0007,0.04,165,165,-0.0227,0.0267,False,0.005,False
all,amihud20,5,blow_rate,0.04,0.0707,0.0307,1.86,163,166,0.0331,0.0289,True,0.237,False
all,amihud20,5,max_board_height,0.0401,0.0677,0.0275,1.6,158,152,0.0175,0.0294,True,0.204,False
all,amihud20,5,lu_premium_1d,0.0571,0.0659,0.0088,0.54,166,164,-0.0208,0.0369,False,0.069,False
all,amihud20,10,limit_up_count,0.0753,0.0817,0.0065,0.37,161,156,-0.0066,0.026,False,0.047,False
all,amihud20,10,limit_up_count_ma5,0.0624,0.0784,0.0161,0.91,163,165,0.0145,0.0193,True,0.116,False
all,amihud20,10,blow_rate,0.0623,0.0782,0.0159,0.94,162,163,0.0204,-0.0068,False,0.12,False
all,amihud20,10,max_board_height,0.0563,0.0849,0.0286,1.6,156,152,0.0122,0.0334,True,0.204,False
all,amihud20,10,lu_premium_1d,0.0832,0.0775,-0.0057,-0.34,165,162,-0.0045,-0.0117,True,-0.043,False
all,vp_div,1,limit_up_count,-0.0214,0.0014,0.0228,1.68,166,158,0.004,0.0455,True,0.214,False
all,vp_div,1,limit_up_count_ma5,-0.0247,-0.0028,0.0219,1.67,167,165,0.0076,0.0376,True,0.213,False
all,vp_div,1,blow_rate,-0.0042,-0.0127,-0.0085,-0.67,166,167,-0.0021,-0.0129,True,-0.086,False
all,vp_div,1,max_board_height,-0.0009,-0.0069,-0.006,-0.43,158,152,-0.0022,-0.0096,True,-0.055,False
all,vp_div,1,lu_premium_1d,-0.0149,-0.0096,0.0054,0.4,167,167,0.0247,-0.0127,False,0.051,False
all,vp_div,3,limit_up_count,-0.0068,-0.0023,0.0045,0.35,165,157,-0.0187,0.0326,False,0.045,False
all,vp_div,3,limit_up_count_ma5,-0.0187,-0.0048,0.014,1.12,167,165,-0.0043,0.0345,False,0.143,False
all,vp_div,3,blow_rate,0.0055,-0.0033,-0.0088,-0.73,165,166,0.0065,-0.0215,False,-0.093,False
all,vp_div,3,max_board_height,0.0044,-0.0077,-0.012,-0.92,158,152,-0.0185,-0.0048,True,-0.117,False
all,vp_div,3,lu_premium_1d,-0.0049,-0.0012,0.0037,0.3,166,166,0.0074,0.002,True,0.038,False
all,vp_div,5,limit_up_count,-0.0045,-0.0013,0.0032,0.24,165,156,-0.0208,0.0337,False,0.031,False
all,vp_div,5,limit_up_count_ma5,-0.0158,-0.003,0.0128,1.01,165,165,-0.008,0.0368,False,0.129,False
all,vp_div,5,blow_rate,0.0047,0.0007,-0.004,-0.33,163,166,0.009,-0.0167,False,-0.042,False
all,vp_div,5,max_board_height,0.0059,-0.0044,-0.0103,-0.81,158,152,-0.0221,-0.0039,True,-0.103,False
all,vp_div,5,lu_premium_1d,0.0059,-0.0009,-0.0068,-0.53,166,164,-0.0012,-0.011,True,-0.068,False
all,vp_div,10,limit_up_count,-0.0151,-0.0153,-0.0002,-0.01,161,156,-0.0105,0.0161,False,-0.001,False
all,vp_div,10,limit_up_count_ma5,-0.026,-0.0084,0.0175,1.38,163,165,0.0077,0.0302,True,0.176,False
all,vp_div,10,blow_rate,-0.0122,-0.0035,0.0087,0.71,162,163,0.0081,0.0038,True,0.091,False
all,vp_div,10,max_board_height,-0.006,-0.0083,-0.0023,-0.18,156,152,-0.0106,-0.0045,True,-0.023,False
all,vp_div,10,lu_premium_1d,-0.0012,-0.0156,-0.0145,-1.12,165,162,-0.0234,-0.006,True,-0.143,False
all,gap,1,limit_up_count,0.024,0.0252,0.0012,0.08,166,158,-0.0102,0.0143,False,0.01,False
all,gap,1,limit_up_count_ma5,0.0287,0.0282,-0.0005,-0.04,167,165,-0.0195,0.0189,False,-0.005,False
all,gap,1,blow_rate,0.0205,0.031,0.0105,0.74,166,167,0.0028,0.018,True,0.094,False
all,gap,1,max_board_height,0.0308,0.0108,-0.02,-1.39,158,152,-0.0132,-0.0207,True,-0.177,False
all,gap,1,lu_premium_1d,0.0121,0.0319,0.0198,1.44,167,167,0.028,0.0137,True,0.184,False
all,gap,3,limit_up_count,0.0228,0.0299,0.0071,0.54,165,157,-0.0141,0.0283,False,0.069,False
all,gap,3,limit_up_count_ma5,0.0261,0.0301,0.0039,0.3,167,165,-0.0132,0.0225,False,0.038,False
all,gap,3,blow_rate,0.0278,0.0252,-0.0027,-0.2,165,166,-0.0068,0.004,False,-0.026,False
all,gap,3,max_board_height,0.0215,0.0196,-0.0019,-0.14,158,152,0.0036,-0.0005,False,-0.018,False
all,gap,3,lu_premium_1d,0.0151,0.0358,0.0207,1.67,166,166,0.0343,0.0082,True,0.213,False
all,gap,5,limit_up_count,0.0274,0.0241,-0.0033,-0.26,165,156,-0.025,0.0178,False,-0.033,False
all,gap,5,limit_up_count_ma5,0.034,0.0215,-0.0125,-0.96,165,165,-0.0302,0.0067,False,-0.123,False
all,gap,5,blow_rate,0.0262,0.0246,-0.0016,-0.12,163,166,-0.0083,0.0114,False,-0.015,False
all,gap,5,max_board_height,0.032,0.0157,-0.0164,-1.22,158,152,-0.0003,-0.0212,True,-0.156,False
all,gap,5,lu_premium_1d,0.0255,0.032,0.0065,0.52,166,164,0.0194,-0.004,False,0.066,False
all,gap,10,limit_up_count,0.0275,0.0252,-0.0023,-0.17,161,156,-0.0205,0.0167,False,-0.022,False
all,gap,10,limit_up_count_ma5,0.0299,0.025,-0.0049,-0.38,163,165,-0.018,0.0094,False,-0.048,False
all,gap,10,blow_rate,0.0194,0.0268,0.0074,0.56,162,163,-0.0003,0.018,False,0.071,False
all,gap,10,max_board_height,0.0241,0.0243,0.0002,0.01,156,152,0.004,0.0031,True,0.001,False
all,gap,10,lu_premium_1d,0.0357,0.0283,-0.0074,-0.58,165,162,0.0006,-0.0145,False,-0.074,False
all,c2l5,1,limit_up_count,-0.049,-0.0814,-0.0323,-1.47,166,158,-0.0334,-0.0304,True,-0.188,False
all,c2l5,1,limit_up_count_ma5,-0.0676,-0.0719,-0.0044,-0.21,167,165,-0.0246,0.016,False,-0.027,False
all,c2l5,1,blow_rate,-0.0698,-0.0629,0.0069,0.33,166,167,0.0332,-0.0062,False,0.042,False
all,c2l5,1,max_board_height,-0.0534,-0.0696,-0.0162,-0.73,158,152,-0.0453,0.0159,False,-0.093,False
all,c2l5,1,lu_premium_1d,-0.0652,-0.0674,-0.0022,-0.1,167,167,-0.0624,0.0572,False,-0.013,False
all,c2l5,3,limit_up_count,-0.0686,-0.0823,-0.0136,-0.66,165,157,-0.0284,0.0058,False,-0.084,False
all,c2l5,3,limit_up_count_ma5,-0.0704,-0.0922,-0.0219,-1.12,167,165,-0.0514,0.0061,False,-0.143,False
all,c2l5,3,blow_rate,-0.0617,-0.0749,-0.0133,-0.64,165,166,-0.0052,-0.0136,True,-0.082,False
all,c2l5,3,max_board_height,-0.089,-0.0684,0.0206,0.99,158,152,-0.0151,0.0548,False,0.126,False
all,c2l5,3,lu_premium_1d,-0.0812,-0.0745,0.0067,0.33,166,166,-0.0201,0.0327,False,0.042,False
all,c2l5,5,limit_up_count,-0.0706,-0.0825,-0.0119,-0.58,165,156,-0.0252,0.0049,False,-0.074,False
all,c2l5,5,limit_up_count_ma5,-0.0777,-0.0793,-0.0016,-0.08,165,165,-0.0257,0.0216,False,-0.01,False
all,c2l5,5,blow_rate,-0.0532,-0.0887,-0.0355,-1.76,163,166,-0.0134,-0.0514,True,-0.225,False
all,c2l5,5,max_board_height,-0.076,-0.0721,0.0039,0.19,158,152,-0.0135,0.0204,False,0.024,False
all,c2l5,5,lu_premium_1d,-0.0647,-0.0762,-0.0115,-0.58,166,164,-0.0163,-0.0046,True,-0.074,False
all,c2l5,10,limit_up_count,-0.0671,-0.0815,-0.0143,-0.74,161,156,-0.0176,-0.0099,True,-0.094,False
all,c2l5,10,limit_up_count_ma5,-0.0662,-0.0894,-0.0232,-1.24,163,165,-0.038,-0.0076,True,-0.158,False
all,c2l5,10,blow_rate,-0.0446,-0.0935,-0.0489,-2.59,162,163,-0.0139,-0.0767,True,-0.331,False
all,c2l5,10,max_board_height,-0.0637,-0.0746,-0.0109,-0.55,156,152,-0.0219,-0.003,True,-0.07,False
all,c2l5,10,lu_premium_1d,-0.0804,-0.0613,0.0191,1.02,165,162,0.0208,0.0164,True,0.13,False
all,winner_ratio,1,limit_up_count,-0.0474,-0.027,0.0204,1.35,166,158,-0.0047,0.0496,False,0.172,False
all,winner_ratio,1,limit_up_count_ma5,-0.0329,-0.0198,0.0131,0.9,167,165,-0.0055,0.0336,False,0.115,False
all,winner_ratio,1,blow_rate,-0.0268,-0.0287,-0.002,-0.14,166,167,0.026,-0.0276,False,-0.018,False
all,winner_ratio,1,max_board_height,-0.0169,-0.0392,-0.0223,-1.46,158,152,-0.0338,-0.0112,True,-0.186,False
all,winner_ratio,1,lu_premium_1d,-0.0324,-0.0234,0.009,0.62,167,167,0.007,0.0104,True,0.079,False
all,winner_ratio,3,limit_up_count,-0.0389,-0.0288,0.0101,0.7,165,157,-0.0103,0.0347,False,0.089,False
all,winner_ratio,3,limit_up_count_ma5,-0.0307,-0.0277,0.003,0.21,167,165,-0.0286,0.0395,False,0.027,False
all,winner_ratio,3,blow_rate,-0.0072,-0.0307,-0.0235,-1.73,165,166,-0.0166,-0.029,True,-0.221,False
all,winner_ratio,3,max_board_height,-0.0281,-0.0311,-0.003,-0.21,158,152,-0.009,0.0013,False,-0.027,False
all,winner_ratio,3,lu_premium_1d,-0.0328,-0.0214,0.0114,0.84,166,166,0.0129,0.0118,True,0.107,False
all,winner_ratio,5,limit_up_count,-0.0372,-0.0331,0.0041,0.28,165,156,-0.0224,0.0388,False,0.036,False
all,winner_ratio,5,limit_up_count_ma5,-0.0332,-0.0283,0.0049,0.34,165,165,-0.0255,0.0413,False,0.043,False
all,winner_ratio,5,blow_rate,-0.0194,-0.0248,-0.0054,-0.4,163,166,0.0129,-0.0259,False,-0.051,False
all,winner_ratio,5,max_board_height,-0.0188,-0.0336,-0.0148,-1.03,158,152,-0.0236,-0.0162,True,-0.131,False
all,winner_ratio,5,lu_premium_1d,-0.0207,-0.0288,-0.0081,-0.62,166,164,-0.0133,-0.002,True,-0.079,False
all,winner_ratio,10,limit_up_count,-0.0306,-0.0311,-0.0006,-0.04,161,156,-0.0034,0.0111,False,-0.005,False
all,winner_ratio,10,limit_up_count_ma5,-0.0263,-0.0268,-0.0004,-0.03,163,165,-0.0041,0.0077,False,-0.004,False
all,winner_ratio,10,blow_rate,-0.0189,-0.0144,0.0045,0.33,162,163,0.0121,-0.017,False,0.042,False
all,winner_ratio,10,max_board_height,-0.0173,-0.0244,-0.0071,-0.48,156,152,0.0071,-0.0371,False,-0.061,False
all,winner_ratio,10,lu_premium_1d,-0.0212,-0.0185,0.0027,0.2,165,162,-0.0075,0.0103,False,0.026,False
all,cost_bias,1,limit_up_count,-0.0202,-0.0077,0.0125,1.24,166,158,-0.0059,0.0312,False,0.158,False
all,cost_bias,1,limit_up_count_ma5,-0.01,-0.0119,-0.0019,-0.2,167,165,-0.0104,0.0063,False,-0.026,False
all,cost_bias,1,blow_rate,-0.0093,-0.0127,-0.0033,-0.34,166,167,0.0058,-0.0111,False,-0.043,False
all,cost_bias,1,max_board_height,-0.0071,-0.0185,-0.0114,-1.09,158,152,-0.0057,-0.0173,True,-0.139,False
all,cost_bias,1,lu_premium_1d,-0.0096,-0.0087,0.0009,0.09,167,167,0.0128,-0.0091,False,0.011,False
all,cost_bias,3,limit_up_count,-0.0143,-0.0155,-0.0012,-0.13,165,157,-0.0129,0.0078,False,-0.017,False
all,cost_bias,3,limit_up_count_ma5,-0.0141,-0.0164,-0.0023,-0.24,167,165,-0.0176,0.0136,False,-0.031,False
all,cost_bias,3,blow_rate,-0.0069,-0.0203,-0.0134,-1.38,165,166,-0.0027,-0.0182,True,-0.176,False
all,cost_bias,3,max_board_height,-0.0028,-0.0197,-0.017,-1.75,158,152,0.0023,-0.0305,False,-0.223,False
all,cost_bias,3,lu_premium_1d,-0.0062,-0.0161,-0.01,-1.06,166,166,-0.0036,-0.0122,True,-0.135,False
all,cost_bias,5,limit_up_count,-0.0156,-0.0208,-0.0052,-0.53,165,156,-0.0204,0.0092,False,-0.068,False
all,cost_bias,5,limit_up_count_ma5,-0.0204,-0.021,-0.0006,-0.06,165,165,-0.0133,0.0125,False,-0.008,False
all,cost_bias,5,blow_rate,-0.0204,-0.0175,0.0029,0.3,163,166,0.022,-0.0103,False,0.038,False
all,cost_bias,5,max_board_height,-0.0055,-0.0233,-0.0178,-1.86,158,152,-0.0068,-0.0262,True,-0.237,False
all,cost_bias,5,lu_premium_1d,-0.0106,-0.0198,-0.0091,-0.98,166,164,-0.0105,-0.0052,True,-0.125,False
all,cost_bias,10,limit_up_count,-0.0202,-0.0281,-0.0079,-0.82,161,156,-0.0118,-0.0048,True,-0.105,False
all,cost_bias,10,limit_up_count_ma5,-0.0236,-0.0257,-0.0021,-0.23,163,165,-0.0014,-0.004,True,-0.029,False
all,cost_bias,10,blow_rate,-0.0248,-0.0167,0.0081,0.88,162,163,0.0187,-0.0012,False,0.112,False
all,cost_bias,10,max_board_height,-0.0112,-0.0262,-0.015,-1.66,156,152,0.0066,-0.0351,False,-0.212,False
all,cost_bias,10,lu_premium_1d,-0.0114,-0.0181,-0.0068,-0.77,165,162,-0.0127,0.0015,False,-0.098,False
all,up_days,1,limit_up_count,-0.0527,-0.0243,0.0283,2.03,166,158,0.0167,0.0417,True,0.259,False
all,up_days,1,limit_up_count_ma5,-0.0395,-0.0239,0.0157,1.11,167,165,0.0075,0.0236,True,0.142,False
all,up_days,1,blow_rate,-0.0152,-0.0425,-0.0273,-2.06,166,167,-0.0304,-0.027,True,-0.263,False
all,up_days,1,max_board_height,-0.0168,-0.0468,-0.0301,-2.03,158,152,-0.0358,-0.0227,True,-0.259,False
all,up_days,1,lu_premium_1d,-0.0363,-0.0287,0.0076,0.55,167,167,0.0045,0.0109,True,0.07,False
all,up_days,3,limit_up_count,-0.0414,-0.0178,0.0236,1.68,165,157,0.0186,0.0259,True,0.214,False
all,up_days,3,limit_up_count_ma5,-0.0334,-0.0298,0.0036,0.26,167,165,-0.0055,0.0126,False,0.033,False
all,up_days,3,blow_rate,-0.0072,-0.0376,-0.0304,-2.27,165,166,-0.0428,-0.0148,True,-0.29,False
all,up_days,3,max_board_height,-0.0107,-0.0282,-0.0175,-1.19,158,152,-0.0267,-0.0041,True,-0.152,False
all,up_days,3,lu_premium_1d,-0.0232,-0.0293,-0.0061,-0.46,166,166,-0.0117,0.0047,False,-0.059,False
all,up_days,5,limit_up_count,-0.0498,-0.0197,0.0301,2.22,165,156,0.0154,0.0444,True,0.283,False
all,up_days,5,limit_up_count_ma5,-0.036,-0.0261,0.0099,0.76,165,165,-0.0044,0.0251,False,0.097,False
all,up_days,5,blow_rate,-0.0096,-0.0354,-0.0259,-2.03,163,166,-0.0294,-0.0183,True,-0.259,False
all,up_days,5,max_board_height,-0.0096,-0.0342,-0.0245,-1.81,158,152,-0.0303,-0.017,True,-0.231,False
all,up_days,5,lu_premium_1d,-0.0131,-0.0306,-0.0175,-1.36,166,164,-0.0257,-0.005,True,-0.174,False
all,up_days,10,limit_up_count,-0.0433,-0.016,0.0273,1.97,161,156,0.0125,0.0423,True,0.251,False
all,up_days,10,limit_up_count_ma5,-0.0309,-0.0296,0.0013,0.09,163,165,-0.0113,0.0134,False,0.011,False
all,up_days,10,blow_rate,-0.0111,-0.0342,-0.0231,-1.75,162,163,-0.0234,-0.0211,True,-0.223,False
all,up_days,10,max_board_height,-0.0095,-0.0332,-0.0236,-1.73,156,152,-0.0319,-0.0118,True,-0.221,False
all,up_days,10,lu_premium_1d,-0.0179,-0.0319,-0.014,-1.06,165,162,-0.0286,0.0057,False,-0.135,False
brk0_20,mom5,1,limit_up_count,-0.0529,-0.0406,0.0123,0.59,166,158,-0.0375,0.0646,False,0.075,False
brk0_20,mom5,1,limit_up_count_ma5,-0.0517,-0.0379,0.0138,0.69,167,165,-0.0402,0.07,False,0.088,False
brk0_20,mom5,1,blow_rate,-0.0304,-0.0524,-0.022,-1.12,166,167,0.0057,-0.0298,False,-0.143,False
brk0_20,mom5,1,max_board_height,-0.0248,-0.0573,-0.0326,-1.5,158,152,-0.0533,-0.0065,True,-0.191,False
brk0_20,mom5,1,lu_premium_1d,-0.0275,-0.0615,-0.0341,-1.7,167,167,-0.0188,-0.0429,True,-0.217,False
brk0_20,mom5,3,limit_up_count,-0.0652,-0.0655,-0.0003,-0.02,165,157,-0.0517,0.0458,False,-0.003,False
brk0_20,mom5,3,limit_up_count_ma5,-0.0848,-0.0658,0.0189,0.98,167,165,-0.0482,0.0856,False,0.125,False
brk0_20,mom5,3,blow_rate,-0.0435,-0.0864,-0.0429,-2.33,165,166,-0.0154,-0.0426,True,-0.297,False
brk0_20,mom5,3,max_board_height,-0.059,-0.0785,-0.0195,-1.02,158,152,-0.0262,0.0039,False,-0.13,False
brk0_20,mom5,3,lu_premium_1d,-0.0541,-0.0779,-0.0238,-1.26,166,166,-0.0217,-0.0131,True,-0.161,False
brk0_20,mom5,5,limit_up_count,-0.0865,-0.069,0.0175,0.84,165,156,-0.0243,0.0509,False,0.107,False
brk0_20,mom5,5,limit_up_count_ma5,-0.0987,-0.0647,0.034,1.66,165,165,-0.0056,0.0693,False,0.212,False
brk0_20,mom5,5,blow_rate,-0.0439,-0.0974,-0.0536,-2.72,163,166,-0.0094,-0.0657,True,-0.347,False
brk0_20,mom5,5,max_board_height,-0.0566,-0.0888,-0.0322,-1.59,158,152,-0.0181,-0.0271,True,-0.203,False
brk0_20,mom5,5,lu_premium_1d,-0.0452,-0.0823,-0.037,-1.88,166,164,-0.0248,-0.0346,True,-0.24,False
brk0_20,mom5,10,limit_up_count,-0.1046,-0.1009,0.0037,0.18,161,156,-0.0077,0.0088,False,0.023,False
brk0_20,mom5,10,limit_up_count_ma5,-0.1166,-0.0944,0.0222,1.12,163,165,0.0195,0.0195,True,0.143,False
brk0_20,mom5,10,blow_rate,-0.073,-0.1065,-0.0336,-1.7,162,163,-0.0127,-0.0406,True,-0.217,False
brk0_20,mom5,10,max_board_height,-0.0782,-0.1163,-0.038,-1.92,156,152,-0.0131,-0.0521,True,-0.245,False
brk0_20,mom5,10,lu_premium_1d,-0.0677,-0.105,-0.0373,-1.91,165,162,-0.0327,-0.0315,True,-0.244,False
brk0_20,mom10,1,limit_up_count,-0.0649,-0.0574,0.0075,0.33,166,158,-0.0377,0.0518,False,0.042,False
brk0_20,mom10,1,limit_up_count_ma5,-0.0741,-0.0422,0.0319,1.52,167,165,0.0001,0.0591,True,0.194,False
brk0_20,mom10,1,blow_rate,-0.05,-0.0514,-0.0014,-0.07,166,167,0.0391,-0.0175,False,-0.009,False
brk0_20,mom10,1,max_board_height,-0.0383,-0.0865,-0.0482,-2.15,158,152,-0.0823,-0.0033,True,-0.274,False
brk0_20,mom10,1,lu_premium_1d,-0.0384,-0.0765,-0.0381,-1.79,167,167,-0.0346,-0.0328,True,-0.228,False
brk0_20,mom10,3,limit_up_count,-0.0826,-0.0711,0.0114,0.51,165,157,-0.0335,0.0479,False,0.065,False
brk0_20,mom10,3,limit_up_count_ma5,-0.1129,-0.0695,0.0434,2.03,167,165,0.0169,0.0615,True,0.259,False
brk0_20,mom10,3,blow_rate,-0.0462,-0.0849,-0.0386,-1.82,165,166,-0.0,-0.0517,True,-0.232,False
brk0_20,mom10,3,max_board_height,-0.0612,-0.0967,-0.0355,-1.6,158,152,-0.0513,0.0003,False,-0.204,False
brk0_20,mom10,3,lu_premium_1d,-0.0578,-0.0937,-0.0359,-1.68,166,166,-0.0212,-0.0346,True,-0.214,False
brk0_20,mom10,5,limit_up_count,-0.1129,-0.0934,0.0195,0.84,165,156,-0.0103,0.0349,False,0.107,False
brk0_20,mom10,5,limit_up_count_ma5,-0.1304,-0.085,0.0455,2.06,165,165,0.0609,0.0187,True,0.263,False
brk0_20,mom10,5,blow_rate,-0.0697,-0.1044,-0.0347,-1.58,163,166,0.0223,-0.0616,False,-0.202,False
brk0_20,mom10,5,max_board_height,-0.0665,-0.1201,-0.0535,-2.36,158,152,-0.0528,-0.0379,True,-0.301,False
brk0_20,mom10,5,lu_premium_1d,-0.0607,-0.116,-0.0554,-2.53,166,164,-0.065,-0.0298,True,-0.323,False
brk0_20,mom10,10,limit_up_count,-0.1549,-0.1288,0.0261,1.16,161,156,0.0258,0.0104,True,0.148,False
brk0_20,mom10,10,limit_up_count_ma5,-0.1424,-0.1338,0.0086,0.42,163,165,0.0405,-0.0337,False,0.054,False
brk0_20,mom10,10,blow_rate,-0.1007,-0.1323,-0.0316,-1.48,162,163,-0.0049,-0.0367,True,-0.189,False
brk0_20,mom10,10,max_board_height,-0.0925,-0.1525,-0.06,-2.8,156,152,-0.0264,-0.0735,True,-0.357,False
brk0_20,mom10,10,lu_premium_1d,-0.1106,-0.1244,-0.0138,-0.65,165,162,-0.0324,0.0182,False,-0.083,False
brk0_20,mom20,1,limit_up_count,-0.0579,-0.0876,-0.0297,-1.25,166,158,-0.0477,-0.0174,True,-0.16,False
brk0_20,mom20,1,limit_up_count_ma5,-0.0901,-0.068,0.0221,0.99,167,165,0.0099,0.0287,True,0.126,False
brk0_20,mom20,1,blow_rate,-0.0737,-0.0609,0.0128,0.56,166,167,0.0418,0.0064,True,0.071,False
brk0_20,mom20,1,max_board_height,-0.0456,-0.1013,-0.0556,-2.44,158,152,-0.0807,-0.0183,True,-0.311,False
brk0_20,mom20,1,lu_premium_1d,-0.0659,-0.0896,-0.0237,-1.07,167,167,-0.0472,0.0045,False,-0.137,False
brk0_20,mom20,3,limit_up_count,-0.0903,-0.1108,-0.0205,-0.85,165,157,-0.0576,0.0058,False,-0.108,False
brk0_20,mom20,3,limit_up_count_ma5,-0.1198,-0.1015,0.0183,0.8,167,165,-0.0026,0.0284,False,0.102,False
brk0_20,mom20,3,blow_rate,-0.0738,-0.0998,-0.026,-1.12,165,166,0.012,-0.0285,False,-0.143,False
brk0_20,mom20,3,max_board_height,-0.0564,-0.1149,-0.0585,-2.56,158,152,-0.0816,-0.0122,True,-0.327,False
brk0_20,mom20,3,lu_premium_1d,-0.0732,-0.1178,-0.0446,-1.93,166,166,-0.0671,-0.0078,True,-0.246,False
brk0_20,mom20,5,limit_up_count,-0.1233,-0.1174,0.0059,0.24,165,156,-0.0149,0.0071,False,0.031,False
brk0_20,mom20,5,limit_up_count_ma5,-0.1337,-0.1046,0.029,1.23,165,165,0.0549,-0.0125,False,0.157,False
brk0_20,mom20,5,blow_rate,-0.0767,-0.122,-0.0453,-1.97,163,166,0.0236,-0.0709,False,-0.251,False
brk0_20,mom20,5,max_board_height,-0.0629,-0.1162,-0.0533,-2.28,158,152,-0.0463,-0.0316,True,-0.291,False
brk0_20,mom20,5,lu_premium_1d,-0.0831,-0.1242,-0.0411,-1.78,166,164,-0.0586,-0.0052,True,-0.227,False
brk0_20,mom20,10,limit_up_count,-0.1375,-0.121,0.0165,0.72,161,156,0.0368,-0.0266,False,0.092,False
brk0_20,mom20,10,limit_up_count_ma5,-0.1201,-0.1219,-0.0018,-0.08,163,165,0.0492,-0.0704,False,-0.01,False
brk0_20,mom20,10,blow_rate,-0.0821,-0.1313,-0.0493,-2.28,162,163,-0.0101,-0.047,True,-0.291,False
brk0_20,mom20,10,max_board_height,-0.0814,-0.1089,-0.0274,-1.26,156,152,0.013,-0.0377,False,-0.161,False
brk0_20,mom20,10,lu_premium_1d,-0.1188,-0.105,0.0138,0.65,165,162,0.0047,0.039,True,0.083,False
brk0_20,rev5,1,limit_up_count,0.0529,0.0406,-0.0123,-0.59,166,158,0.0375,-0.0646,False,-0.075,False
brk0_20,rev5,1,limit_up_count_ma5,0.0517,0.0379,-0.0138,-0.69,167,165,0.0402,-0.07,False,-0.088,False
brk0_20,rev5,1,blow_rate,0.0304,0.0524,0.022,1.12,166,167,-0.0057,0.0298,False,0.143,False
brk0_20,rev5,1,max_board_height,0.0248,0.0573,0.0326,1.5,158,152,0.0533,0.0065,True,0.191,False
brk0_20,rev5,1,lu_premium_1d,0.0275,0.0615,0.0341,1.7,167,167,0.0188,0.0429,True,0.217,False
brk0_20,rev5,3,limit_up_count,0.0652,0.0655,0.0003,0.02,165,157,0.0517,-0.0458,False,0.003,False
brk0_20,rev5,3,limit_up_count_ma5,0.0848,0.0658,-0.0189,-0.98,167,165,0.0482,-0.0856,False,-0.125,False
brk0_20,rev5,3,blow_rate,0.0435,0.0864,0.0429,2.33,165,166,0.0154,0.0426,True,0.297,False
brk0_20,rev5,3,max_board_height,0.059,0.0785,0.0195,1.02,158,152,0.0262,-0.0039,False,0.13,False
brk0_20,rev5,3,lu_premium_1d,0.0541,0.0779,0.0238,1.26,166,166,0.0217,0.0131,True,0.161,False
brk0_20,rev5,5,limit_up_count,0.0865,0.069,-0.0175,-0.84,165,156,0.0243,-0.0509,False,-0.107,False
brk0_20,rev5,5,limit_up_count_ma5,0.0987,0.0647,-0.034,-1.66,165,165,0.0056,-0.0693,False,-0.212,False
brk0_20,rev5,5,blow_rate,0.0439,0.0974,0.0536,2.72,163,166,0.0094,0.0657,True,0.347,False
brk0_20,rev5,5,max_board_height,0.0566,0.0888,0.0322,1.59,158,152,0.0181,0.0271,True,0.203,False
brk0_20,rev5,5,lu_premium_1d,0.0452,0.0823,0.037,1.88,166,164,0.0248,0.0346,True,0.24,False
brk0_20,rev5,10,limit_up_count,0.1046,0.1009,-0.0037,-0.18,161,156,0.0077,-0.0088,False,-0.023,False
brk0_20,rev5,10,limit_up_count_ma5,0.1166,0.0944,-0.0222,-1.12,163,165,-0.0195,-0.0195,True,-0.143,False
brk0_20,rev5,10,blow_rate,0.073,0.1065,0.0336,1.7,162,163,0.0127,0.0406,True,0.217,False
brk0_20,rev5,10,max_board_height,0.0782,0.1163,0.038,1.92,156,152,0.0131,0.0521,True,0.245,False
brk0_20,rev5,10,lu_premium_1d,0.0677,0.105,0.0373,1.91,165,162,0.0327,0.0315,True,0.244,False
brk0_20,std5,1,limit_up_count,-0.0745,-0.0668,0.0077,0.37,166,158,-0.0311,0.0496,False,0.047,False
brk0_20,std5,1,limit_up_count_ma5,-0.0778,-0.0616,0.0162,0.8,167,165,-0.0197,0.05,False,0.102,False
brk0_20,std5,1,blow_rate,-0.0605,-0.0852,-0.0247,-1.26,166,167,0.0114,-0.048,False,-0.161,False
brk0_20,std5,1,max_board_height,-0.0641,-0.0753,-0.0112,-0.57,158,152,-0.0347,0.0197,False,-0.073,False
brk0_20,std5,1,lu_premium_1d,-0.0672,-0.0875,-0.0202,-1.05,167,167,-0.0383,0.0012,False,-0.134,False
brk0_20,std5,3,limit_up_count,-0.097,-0.0883,0.0087,0.43,165,157,-0.0254,0.0367,False,0.055,False
brk0_20,std5,3,limit_up_count_ma5,-0.0945,-0.1017,-0.0072,-0.37,167,165,-0.0465,0.0238,False,-0.047,False
brk0_20,std5,3,blow_rate,-0.0687,-0.1082,-0.0396,-1.96,165,166,-0.0139,-0.0478,True,-0.25,False
brk0_20,std5,3,max_board_height,-0.0826,-0.0969,-0.0142,-0.68,158,152,-0.0475,0.0338,False,-0.087,False
brk0_20,std5,3,lu_premium_1d,-0.0863,-0.0987,-0.0125,-0.62,166,166,-0.0274,0.0116,False,-0.079,False
brk0_20,std5,5,limit_up_count,-0.1168,-0.102,0.0148,0.7,165,156,-0.0121,0.0268,False,0.089,False
brk0_20,std5,5,limit_up_count_ma5,-0.1087,-0.0995,0.0092,0.45,165,165,0.0014,0.0038,True,0.057,False
brk0_20,std5,5,blow_rate,-0.0727,-0.1307,-0.058,-2.8,163,166,-0.0081,-0.0783,True,-0.357,False
brk0_20,std5,5,max_board_height,-0.0777,-0.1184,-0.0407,-1.94,158,152,-0.0415,-0.0099,True,-0.248,False
brk0_20,std5,5,lu_premium_1d,-0.0868,-0.1084,-0.0216,-1.07,166,164,-0.0227,-0.0064,True,-0.137,False
brk0_20,std5,10,limit_up_count,-0.1481,-0.1235,0.0246,1.2,161,156,0.033,-0.0095,False,0.153,False
brk0_20,std5,10,limit_up_count_ma5,-0.1389,-0.1283,0.0106,0.53,163,165,0.0325,-0.0282,False,0.068,False
brk0_20,std5,10,blow_rate,-0.0844,-0.1593,-0.0748,-3.68,162,163,-0.0106,-0.0995,True,-0.47,True
brk0_20,std5,10,max_board_height,-0.0914,-0.1578,-0.0664,-3.12,156,152,-0.0587,-0.0283,True,-0.398,False
brk0_20,std5,10,lu_premium_1d,-0.1172,-0.1323,-0.0151,-0.75,165,162,-0.0196,0.0073,False,-0.096,False
brk0_20,std20,1,limit_up_count,-0.0429,-0.0466,-0.0037,-0.15,166,158,0.0181,-0.0295,False,-0.019,False
brk0_20,std20,1,limit_up_count_ma5,-0.0515,-0.0516,-0.0002,-0.01,167,165,-0.0024,0.0001,False,-0.001,False
brk0_20,std20,1,blow_rate,-0.0431,-0.0578,-0.0148,-0.63,166,167,-0.011,-0.0094,True,-0.08,False
brk0_20,std20,1,max_board_height,-0.0451,-0.0482,-0.0031,-0.13,158,152,0.0024,0.0062,True,-0.017,False
brk0_20,std20,1,lu_premium_1d,-0.0364,-0.0572,-0.0208,-0.89,167,167,-0.0522,0.0116,False,-0.114,False
brk0_20,std20,3,limit_up_count,-0.0616,-0.0626,-0.001,-0.04,165,157,-0.0013,-0.0046,True,-0.005,False
brk0_20,std20,3,limit_up_count_ma5,-0.0706,-0.0842,-0.0136,-0.58,167,165,-0.0249,-0.0082,True,-0.074,False
brk0_20,std20,3,blow_rate,-0.0409,-0.0762,-0.0353,-1.5,165,166,-0.0216,-0.0385,True,-0.191,False
brk0_20,std20,3,max_board_height,-0.0612,-0.0649,-0.0036,-0.15,158,152,-0.0494,0.0511,False,-0.019,False
brk0_20,std20,3,lu_premium_1d,-0.0529,-0.0642,-0.0113,-0.48,166,166,-0.04,0.0198,False,-0.061,False
brk0_20,std20,5,limit_up_count,-0.0797,-0.073,0.0067,0.27,165,156,0.0057,0.0002,True,0.034,False
brk0_20,std20,5,limit_up_count_ma5,-0.0802,-0.0811,-0.0009,-0.04,165,165,0.0123,-0.0224,False,-0.005,False
brk0_20,std20,5,blow_rate,-0.0302,-0.0975,-0.0674,-2.82,163,166,-0.0351,-0.0872,True,-0.36,False
brk0_20,std20,5,max_board_height,-0.0528,-0.0894,-0.0367,-1.5,158,152,-0.0564,0.0011,False,-0.191,False
brk0_20,std20,5,lu_premium_1d,-0.049,-0.0676,-0.0187,-0.79,166,164,-0.0143,-0.0176,True,-0.101,False
brk0_20,std20,10,limit_up_count,-0.0857,-0.0806,0.0051,0.2,161,156,0.0409,-0.0474,False,0.026,False
brk0_20,std20,10,limit_up_count_ma5,-0.0679,-0.094,-0.0261,-1.08,163,165,0.0242,-0.0894,False,-0.138,False
brk0_20,std20,10,blow_rate,-0.0344,-0.1079,-0.0736,-3.07,162,163,-0.0372,-0.087,True,-0.392,False
brk0_20,std20,10,max_board_height,-0.0665,-0.0998,-0.0333,-1.3,156,152,-0.0586,0.0089,False,-0.166,False
brk0_20,std20,10,lu_premium_1d,-0.0716,-0.0662,0.0053,0.21,165,162,-0.0084,0.0238,False,0.027,False
brk0_20,amp5,1,limit_up_count,-0.0847,-0.1045,-0.0197,-0.88,166,158,-0.0341,-0.0069,True,-0.112,False
brk0_20,amp5,1,limit_up_count_ma5,-0.1004,-0.0924,0.008,0.37,167,165,-0.0054,0.0151,False,0.047,False
brk0_20,amp5,1,blow_rate,-0.0967,-0.0945,0.0022,0.1,166,167,0.0288,-0.0025,False,0.013,False
brk0_20,amp5,1,max_board_height,-0.0832,-0.1052,-0.022,-1.02,158,152,-0.0466,0.0144,False,-0.13,False
brk0_20,amp5,1,lu_premium_1d,-0.0934,-0.1057,-0.0122,-0.57,167,167,-0.0558,0.0359,False,-0.073,False
brk0_20,amp5,3,limit_up_count,-0.1215,-0.1219,-0.0004,-0.02,165,157,-0.0122,0.0031,False,-0.003,False
brk0_20,amp5,3,limit_up_count_ma5,-0.1361,-0.1267,0.0094,0.43,167,165,-0.0004,0.0076,False,0.055,False
brk0_20,amp5,3,blow_rate,-0.1079,-0.1253,-0.0174,-0.75,165,166,0.0045,-0.0173,False,-0.096,False
brk0_20,amp5,3,max_board_height,-0.1142,-0.1167,-0.0025,-0.11,158,152,-0.0466,0.0554,False,-0.014,False
brk0_20,amp5,3,lu_premium_1d,-0.1062,-0.1242,-0.0181,-0.81,166,166,-0.0494,0.0231,False,-0.103,False
brk0_20,amp5,5,limit_up_count,-0.1483,-0.1363,0.0119,0.5,165,156,0.0057,0.0024,True,0.064,False
brk0_20,amp5,5,limit_up_count_ma5,-0.1521,-0.1252,0.0269,1.2,165,165,0.0413,-0.0018,False,0.153,False
brk0_20,amp5,5,blow_rate,-0.1101,-0.1572,-0.0471,-2.04,163,166,0.0027,-0.0699,False,-0.26,False
brk0_20,amp5,5,max_board_height,-0.1176,-0.1384,-0.0208,-0.93,158,152,-0.0228,0.0083,False,-0.119,False
brk0_20,amp5,5,lu_premium_1d,-0.1106,-0.1336,-0.023,-1.04,166,164,-0.0377,0.0052,False,-0.133,False
brk0_20,amp5,10,limit_up_count,-0.1721,-0.1581,0.0139,0.64,161,156,0.0376,-0.0335,False,0.082,False
brk0_20,amp5,10,limit_up_count_ma5,-0.1588,-0.1539,0.0049,0.24,163,165,0.0443,-0.0518,False,0.031,False
brk0_20,amp5,10,blow_rate,-0.1171,-0.1833,-0.0662,-3.12,162,163,-0.0085,-0.0893,True,-0.398,False
brk0_20,amp5,10,max_board_height,-0.1364,-0.175,-0.0386,-1.73,156,152,-0.0372,-0.0059,True,-0.221,False
brk0_20,amp5,10,lu_premium_1d,-0.1482,-0.1535,-0.0054,-0.25,165,162,-0.0277,0.0317,False,-0.032,False
brk0_20,to_level,1,limit_up_count,-0.031,-0.036,-0.005,-0.22,166,158,0.0169,-0.0286,False,-0.028,False
brk0_20,to_level,1,limit_up_count_ma5,-0.0368,-0.0379,-0.0011,-0.05,167,165,0.017,-0.0211,False,-0.006,False
brk0_20,to_level,1,blow_rate,-0.0355,-0.0321,0.0035,0.16,166,167,-0.0133,0.027,False,0.02,False
brk0_20,to_level,1,max_board_height,-0.0408,-0.0364,0.0044,0.19,158,152,-0.0021,0.0224,False,0.024,False
brk0_20,to_level,1,lu_premium_1d,-0.0221,-0.0491,-0.027,-1.19,167,167,-0.0504,-0.0034,True,-0.152,False
brk0_20,to_level,3,limit_up_count,-0.0465,-0.0554,-0.0088,-0.39,165,157,0.0085,-0.0265,False,-0.05,False
brk0_20,to_level,3,limit_up_count_ma5,-0.061,-0.0668,-0.0058,-0.26,167,165,0.0232,-0.0406,False,-0.033,False
brk0_20,to_level,3,blow_rate,-0.0461,-0.0408,0.0053,0.24,165,166,-0.0049,0.0208,False,0.031,False
brk0_20,to_level,3,max_board_height,-0.0504,-0.0485,0.0019,0.08,158,152,-0.0612,0.0577,False,0.01,False
brk0_20,to_level,3,lu_premium_1d,-0.0348,-0.0436,-0.0088,-0.39,166,166,-0.0457,0.0268,False,-0.05,False
brk0_20,to_level,5,limit_up_count,-0.0588,-0.0721,-0.0133,-0.59,165,156,0.0017,-0.0301,False,-0.075,False
brk0_20,to_level,5,limit_up_count_ma5,-0.0719,-0.072,-0.0,-0.0,165,165,0.0481,-0.057,False,-0.0,False
brk0_20,to_level,5,blow_rate,-0.0445,-0.0688,-0.0242,-1.09,163,166,-0.019,-0.029,True,-0.139,False
brk0_20,to_level,5,max_board_height,-0.0545,-0.0656,-0.0111,-0.5,158,152,-0.0323,0.0073,False,-0.064,False
brk0_20,to_level,5,lu_premium_1d,-0.0444,-0.0483,-0.004,-0.18,166,164,-0.0285,0.0212,False,-0.023,False
brk0_20,to_level,10,limit_up_count,-0.0666,-0.0928,-0.0263,-1.16,161,156,0.0104,-0.0718,False,-0.148,False
brk0_20,to_level,10,limit_up_count_ma5,-0.0595,-0.0925,-0.0331,-1.51,163,165,0.0266,-0.1024,False,-0.193,False
brk0_20,to_level,10,blow_rate,-0.0548,-0.0935,-0.0387,-1.81,162,163,-0.0183,-0.0559,True,-0.231,False
brk0_20,to_level,10,max_board_height,-0.0626,-0.0849,-0.0222,-0.99,156,152,-0.0286,-0.0167,True,-0.126,False
brk0_20,to_level,10,lu_premium_1d,-0.0607,-0.069,-0.0084,-0.37,165,162,-0.0219,0.0053,False,-0.047,False
brk0_20,to_trend,1,limit_up_count,-0.0789,-0.102,-0.0231,-1.25,166,158,-0.0657,0.0236,False,-0.16,False
brk0_20,to_trend,1,limit_up_count_ma5,-0.0919,-0.0732,0.0187,1.06,167,165,-0.0042,0.0373,False,0.135,False
brk0_20,to_trend,1,blow_rate,-0.0992,-0.0735,0.0257,1.5,166,167,0.0564,0.0089,True,0.191,False
brk0_20,to_trend,1,max_board_height,-0.0771,-0.0996,-0.0225,-1.25,158,152,-0.045,0.006,False,-0.16,False
brk0_20,to_trend,1,lu_premium_1d,-0.0733,-0.0992,-0.0259,-1.48,167,167,-0.0382,-0.0088,True,-0.189,False
brk0_20,to_trend,3,limit_up_count,-0.1007,-0.1106,-0.0099,-0.53,165,157,-0.0426,0.0153,False,-0.068,False
brk0_20,to_trend,3,limit_up_count_ma5,-0.1161,-0.0914,0.0247,1.37,167,165,-0.0053,0.0461,False,0.175,False
brk0_20,to_trend,3,blow_rate,-0.105,-0.1004,0.0046,0.26,165,166,0.0273,-0.0001,False,0.033,False
brk0_20,to_trend,3,max_board_height,-0.0894,-0.1114,-0.0221,-1.26,158,152,-0.0263,0.0036,False,-0.161,False
brk0_20,to_trend,3,lu_premium_1d,-0.086,-0.1133,-0.0273,-1.55,166,166,-0.0289,-0.012,True,-0.198,False
brk0_20,to_trend,5,limit_up_count,-0.125,-0.1173,0.0077,0.42,165,156,-0.0161,0.0173,False,0.054,False
brk0_20,to_trend,5,limit_up_count_ma5,-0.1212,-0.0947,0.0265,1.48,165,165,0.0208,0.0214,True,0.189,False
brk0_20,to_trend,5,blow_rate,-0.1076,-0.1177,-0.01,-0.58,163,166,0.0309,-0.025,False,-0.074,False
brk0_20,to_trend,5,max_board_height,-0.0941,-0.1173,-0.0232,-1.33,158,152,-0.0151,-0.0069,True,-0.17,False
brk0_20,to_trend,5,lu_premium_1d,-0.0896,-0.1224,-0.0327,-1.87,166,164,-0.0325,-0.0171,True,-0.239,False
brk0_20,to_trend,10,limit_up_count,-0.1486,-0.1376,0.011,0.65,161,156,0.0092,-0.0031,False,0.083,False
brk0_20,to_trend,10,limit_up_count_ma5,-0.135,-0.1329,0.0021,0.13,163,165,0.0121,-0.0183,False,0.017,False
brk0_20,to_trend,10,blow_rate,-0.1234,-0.1366,-0.0133,-0.83,162,163,0.0115,-0.0147,False,-0.106,False
brk0_20,to_trend,10,max_board_height,-0.1114,-0.1444,-0.033,-2.02,156,152,-0.012,-0.0255,True,-0.258,False
brk0_20,to_trend,10,lu_premium_1d,-0.1253,-0.139,-0.0137,-0.84,165,162,-0.0058,-0.0079,True,-0.107,False
brk0_20,amihud20,1,limit_up_count,0.0083,0.0224,0.0141,0.67,166,158,-0.0068,0.0329,False,0.086,False
brk0_20,amihud20,1,limit_up_count_ma5,-0.0029,0.0128,0.0157,0.75,167,165,-0.0083,0.0398,False,0.096,False
brk0_20,amihud20,1,blow_rate,-0.0061,0.0048,0.0108,0.51,166,167,0.0494,-0.0184,False,0.065,False
brk0_20,amihud20,1,max_board_height,0.0026,0.006,0.0034,0.16,158,152,0.0144,-0.011,False,0.02,False
brk0_20,amihud20,1,lu_premium_1d,0.0152,0.0048,-0.0103,-0.5,167,167,0.0094,-0.0265,False,-0.064,False
brk0_20,amihud20,3,limit_up_count,0.0236,0.0339,0.0103,0.5,165,157,-0.0216,0.0381,False,0.064,False
brk0_20,amihud20,3,limit_up_count_ma5,0.0124,0.0253,0.0129,0.65,167,165,-0.0271,0.0528,False,0.083,False
brk0_20,amihud20,3,blow_rate,0.0109,0.0119,0.001,0.05,165,166,0.0422,-0.0267,False,0.006,False
brk0_20,amihud20,3,max_board_height,0.0253,0.0207,-0.0046,-0.22,158,152,0.0342,-0.0229,False,-0.028,False
brk0_20,amihud20,3,lu_premium_1d,0.0255,0.0276,0.0021,0.11,166,166,0.0176,-0.0064,False,0.014,False
brk0_20,amihud20,5,limit_up_count,0.0289,0.0422,0.0133,0.68,165,156,-0.019,0.0417,False,0.087,False
brk0_20,amihud20,5,limit_up_count_ma5,0.0171,0.0326,0.0155,0.79,165,165,-0.0213,0.0529,False,0.101,False
brk0_20,amihud20,5,blow_rate,0.0113,0.0326,0.0213,1.1,163,166,0.0571,0.0016,True,0.14,False
brk0_20,amihud20,5,max_board_height,0.0244,0.0258,0.0014,0.07,158,152,-0.0065,0.0156,False,0.009,False
brk0_20,amihud20,5,lu_premium_1d,0.0301,0.0414,0.0113,0.61,166,164,-0.0017,0.0283,False,0.078,False
brk0_20,amihud20,10,limit_up_count,0.0178,0.0592,0.0414,2.06,161,156,0.0097,0.0729,True,0.263,False
brk0_20,amihud20,10,limit_up_count_ma5,0.0179,0.0517,0.0338,1.66,163,165,0.0172,0.048,True,0.212,False
brk0_20,amihud20,10,blow_rate,0.0102,0.0463,0.036,1.88,162,163,0.0597,0.0233,True,0.24,False
brk0_20,amihud20,10,max_board_height,0.0219,0.0322,0.0103,0.49,156,152,-0.0056,0.0397,False,0.063,False
brk0_20,amihud20,10,lu_premium_1d,0.0507,0.0363,-0.0144,-0.76,165,162,-0.0067,-0.0174,True,-0.097,False
brk0_20,vp_div,1,limit_up_count,-0.0447,-0.0,0.0447,2.61,166,158,0.0158,0.0774,True,0.333,False
brk0_20,vp_div,1,limit_up_count_ma5,-0.048,0.0013,0.0493,2.98,167,165,0.0424,0.0555,True,0.38,False
brk0_20,vp_div,1,blow_rate,0.0009,-0.0286,-0.0295,-1.88,166,167,0.0023,-0.0539,False,-0.24,False
brk0_20,vp_div,1,max_board_height,-0.0241,-0.0054,0.0187,1.12,158,152,0.033,0.0092,True,0.143,False
brk0_20,vp_div,1,lu_premium_1d,-0.0192,-0.0256,-0.0064,-0.39,167,167,0.0083,-0.0167,False,-0.05,False
brk0_20,vp_div,3,limit_up_count,-0.0533,-0.0156,0.0377,2.13,165,157,0.0221,0.0526,True,0.272,False
brk0_20,vp_div,3,limit_up_count_ma5,-0.0696,-0.008,0.0616,3.54,167,165,0.0687,0.0507,True,0.452,True
brk0_20,vp_div,3,blow_rate,-0.0188,-0.04,-0.0211,-1.26,165,166,0.0184,-0.0552,False,-0.161,False
brk0_20,vp_div,3,max_board_height,-0.0425,-0.0182,0.0243,1.42,158,152,0.0419,0.0133,True,0.181,False
brk0_20,vp_div,3,lu_premium_1d,-0.0297,-0.0385,-0.0088,-0.51,166,166,-0.0271,0.0152,False,-0.065,False
brk0_20,vp_div,5,limit_up_count,-0.0751,-0.0289,0.0461,2.57,165,156,0.0335,0.0592,True,0.328,False
brk0_20,vp_div,5,limit_up_count_ma5,-0.0869,-0.0196,0.0674,3.8,165,165,0.085,0.0451,True,0.485,True
brk0_20,vp_div,5,blow_rate,-0.0154,-0.0567,-0.0413,-2.39,163,166,-0.01,-0.067,True,-0.305,False
brk0_20,vp_div,5,max_board_height,-0.0521,-0.0296,0.0225,1.28,158,152,0.061,-0.0078,False,0.163,False
brk0_20,vp_div,5,lu_premium_1d,-0.0317,-0.0469,-0.0152,-0.88,166,164,-0.0017,-0.0223,True,-0.112,False
brk0_20,vp_div,10,limit_up_count,-0.0859,-0.0434,0.0425,2.41,161,156,0.0486,0.0362,True,0.308,False
brk0_20,vp_div,10,limit_up_count_ma5,-0.1032,-0.0263,0.077,4.5,163,165,0.0991,0.0513,True,0.574,True
brk0_20,vp_div,10,blow_rate,-0.0313,-0.0694,-0.0381,-2.22,162,163,-0.0277,-0.0517,True,-0.283,False
brk0_20,vp_div,10,max_board_height,-0.0708,-0.0385,0.0324,1.83,156,152,0.0506,0.0152,True,0.234,False
brk0_20,vp_div,10,lu_premium_1d,-0.0489,-0.0759,-0.0269,-1.52,165,162,-0.0449,-0.0037,True,-0.194,False
brk0_20,gap,1,limit_up_count,0.0473,0.0565,0.0092,0.48,166,158,-0.0024,0.0256,False,0.061,False
brk0_20,gap,1,limit_up_count_ma5,0.0456,0.0488,0.0033,0.18,167,165,-0.0266,0.0374,False,0.023,False
brk0_20,gap,1,blow_rate,0.0474,0.0366,-0.0108,-0.57,166,167,-0.0247,-0.0075,True,-0.073,False
brk0_20,gap,1,max_board_height,0.0367,0.0455,0.0088,0.46,158,152,0.0214,0.0013,True,0.059,False
brk0_20,gap,1,lu_premium_1d,0.0268,0.0613,0.0345,1.84,167,167,0.0313,0.0345,True,0.235,False
brk0_20,gap,3,limit_up_count,0.0571,0.0577,0.0006,0.03,165,157,-0.0176,0.0234,False,0.004,False
brk0_20,gap,3,limit_up_count_ma5,0.0536,0.0484,-0.0052,-0.3,167,165,-0.0179,0.0109,False,-0.038,False
brk0_20,gap,3,blow_rate,0.0598,0.0378,-0.022,-1.23,165,166,-0.0304,-0.0183,True,-0.157,False
brk0_20,gap,3,max_board_height,0.0398,0.055,0.0151,0.84,158,152,0.0303,-0.0002,False,0.107,False
brk0_20,gap,3,lu_premium_1d,0.0356,0.0677,0.0322,1.8,166,166,0.0399,0.0213,True,0.23,False
brk0_20,gap,5,limit_up_count,0.0541,0.0562,0.0021,0.11,165,156,-0.0177,0.0257,False,0.014,False
brk0_20,gap,5,limit_up_count_ma5,0.0616,0.0469,-0.0147,-0.86,165,165,-0.0412,0.0167,False,-0.11,False
brk0_20,gap,5,blow_rate,0.0588,0.0425,-0.0162,-0.9,163,166,-0.0326,0.0029,False,-0.115,False
brk0_20,gap,5,max_board_height,0.053,0.0572,0.0042,0.23,158,152,0.0382,-0.0249,False,0.029,False
brk0_20,gap,5,lu_premium_1d,0.0501,0.0668,0.0167,0.95,166,164,0.0293,0.0037,True,0.121,False
brk0_20,gap,10,limit_up_count,0.0555,0.0594,0.0038,0.21,161,156,-0.0305,0.0467,False,0.027,False
brk0_20,gap,10,limit_up_count_ma5,0.06,0.0498,-0.0102,-0.59,163,165,-0.0453,0.0294,False,-0.075,False
brk0_20,gap,10,blow_rate,0.0545,0.0448,-0.0097,-0.56,162,163,-0.0329,0.0214,False,-0.071,False
brk0_20,gap,10,max_board_height,0.0451,0.0633,0.0183,1.0,156,152,0.0198,0.0173,True,0.128,False
brk0_20,gap,10,lu_premium_1d,0.0555,0.0641,0.0086,0.48,165,162,0.0085,0.0077,True,0.061,False
brk0_20,c2l5,1,limit_up_count,-0.0913,-0.1071,-0.0158,-0.77,166,158,-0.0436,0.0118,False,-0.098,False
brk0_20,c2l5,1,limit_up_count_ma5,-0.1077,-0.0913,0.0164,0.81,167,165,-0.0112,0.0395,False,0.103,False
brk0_20,c2l5,1,blow_rate,-0.095,-0.0979,-0.0029,-0.15,166,167,0.0363,-0.0179,False,-0.019,False
brk0_20,c2l5,1,max_board_height,-0.0811,-0.1087,-0.0276,-1.36,158,152,-0.052,0.01,False,-0.174,False
brk0_20,c2l5,1,lu_premium_1d,-0.0927,-0.1099,-0.0172,-0.87,167,167,-0.0497,0.0224,False,-0.111,False
brk0_20,c2l5,3,limit_up_count,-0.1263,-0.126,0.0003,0.01,165,157,-0.0276,0.0207,False,0.001,False
brk0_20,c2l5,3,limit_up_count_ma5,-0.1504,-0.1272,0.0232,1.12,167,165,-0.0059,0.043,False,0.143,False
brk0_20,c2l5,3,blow_rate,-0.1079,-0.1291,-0.0211,-1.01,165,166,0.0125,-0.0297,False,-0.129,False
brk0_20,c2l5,3,max_board_height,-0.1195,-0.1237,-0.0042,-0.2,158,152,-0.0442,0.0532,False,-0.026,False
brk0_20,c2l5,3,lu_premium_1d,-0.1105,-0.1336,-0.0231,-1.12,166,166,-0.0493,0.0149,False,-0.143,False
brk0_20,c2l5,5,limit_up_count,-0.157,-0.1379,0.0191,0.89,165,156,0.0017,0.0226,True,0.114,False
brk0_20,c2l5,5,limit_up_count_ma5,-0.1691,-0.1227,0.0464,2.15,165,165,0.0429,0.0381,True,0.274,False
brk0_20,c2l5,5,blow_rate,-0.1132,-0.1573,-0.0441,-2.06,163,166,0.0192,-0.0762,False,-0.263,False
brk0_20,c2l5,5,max_board_height,-0.1194,-0.1447,-0.0252,-1.21,158,152,-0.0294,0.0053,False,-0.154,False
brk0_20,c2l5,5,lu_premium_1d,-0.1084,-0.1442,-0.0358,-1.74,166,164,-0.0461,-0.01,True,-0.222,False
brk0_20,c2l5,10,limit_up_count,-0.1828,-0.158,0.0249,1.29,161,156,0.0474,-0.0212,False,0.165,False
brk0_20,c2l5,10,limit_up_count_ma5,-0.1831,-0.1451,0.038,1.98,163,165,0.0662,-0.0055,False,0.253,False
brk0_20,c2l5,10,blow_rate,-0.1272,-0.1812,-0.054,-2.79,162,163,0.0043,-0.079,False,-0.356,False
brk0_20,c2l5,10,max_board_height,-0.1358,-0.18,-0.0443,-2.26,156,152,-0.0426,-0.0131,True,-0.288,False
brk0_20,c2l5,10,lu_premium_1d,-0.142,-0.1657,-0.0237,-1.26,165,162,-0.0401,0.0096,False,-0.161,False
brk0_20,winner_ratio,1,limit_up_count,-0.0532,-0.0318,0.0214,1.21,166,158,-0.0017,0.0465,False,0.154,False
brk0_20,winner_ratio,1,limit_up_count_ma5,-0.0481,-0.0222,0.0259,1.54,167,165,0.0092,0.042,True,0.197,False
brk0_20,winner_ratio,1,blow_rate,-0.0278,-0.0406,-0.0128,-0.76,166,167,0.02,-0.0373,False,-0.097,False
brk0_20,winner_ratio,1,max_board_height,-0.0141,-0.0511,-0.0371,-2.06,158,152,-0.0508,-0.0211,True,-0.263,False
brk0_20,winner_ratio,1,lu_premium_1d,-0.0337,-0.0339,-0.0003,-0.02,167,167,-0.0081,0.0085,False,-0.003,False
brk0_20,winner_ratio,3,limit_up_count,-0.0593,-0.0305,0.0288,1.57,165,157,0.0271,0.0221,True,0.2,False
brk0_20,winner_ratio,3,limit_up_count_ma5,-0.0685,-0.03,0.0385,2.2,167,165,0.0171,0.06,True,0.281,False
brk0_20,winner_ratio,3,blow_rate,-0.0213,-0.0557,-0.0343,-2.04,165,166,-0.0229,-0.0338,True,-0.26,False
brk0_20,winner_ratio,3,max_board_height,-0.0287,-0.0496,-0.0209,-1.13,158,152,-0.0214,-0.0092,True,-0.144,False
brk0_20,winner_ratio,3,lu_premium_1d,-0.0467,-0.042,0.0046,0.26,166,166,-0.0072,0.0249,False,0.033,False
brk0_20,winner_ratio,5,limit_up_count,-0.0884,-0.0427,0.0457,2.48,165,156,0.0362,0.0477,True,0.317,False
brk0_20,winner_ratio,5,limit_up_count_ma5,-0.0857,-0.0391,0.0466,2.62,165,165,0.0272,0.0649,True,0.334,False
brk0_20,winner_ratio,5,blow_rate,-0.0338,-0.0649,-0.0311,-1.79,163,166,-0.0068,-0.0397,True,-0.228,False
brk0_20,winner_ratio,5,max_board_height,-0.037,-0.059,-0.022,-1.18,158,152,-0.0052,-0.0277,True,-0.151,False
brk0_20,winner_ratio,5,lu_premium_1d,-0.0484,-0.0551,-0.0067,-0.38,166,164,-0.0169,0.0137,False,-0.048,False
brk0_20,winner_ratio,10,limit_up_count,-0.0903,-0.0479,0.0423,2.26,161,156,0.0368,0.0456,True,0.288,False
brk0_20,winner_ratio,10,limit_up_count_ma5,-0.0911,-0.0374,0.0537,3.04,163,165,0.044,0.0628,True,0.388,False
brk0_20,winner_ratio,10,blow_rate,-0.0428,-0.066,-0.0232,-1.33,162,163,-0.006,-0.036,True,-0.17,False
brk0_20,winner_ratio,10,max_board_height,-0.0553,-0.0578,-0.0024,-0.13,156,152,0.0171,-0.0186,False,-0.017,False
brk0_20,winner_ratio,10,lu_premium_1d,-0.0557,-0.0607,-0.005,-0.29,165,162,-0.0251,0.0226,False,-0.037,False
brk0_20,cost_bias,1,limit_up_count,-0.0258,-0.0063,0.0195,1.51,166,158,-0.0074,0.0446,False,0.193,False
brk0_20,cost_bias,1,limit_up_count_ma5,-0.0375,-0.0088,0.0288,2.41,167,165,0.0088,0.048,True,0.308,False
brk0_20,cost_bias,1,blow_rate,-0.0154,-0.0305,-0.0151,-1.23,166,167,0.0099,-0.0307,False,-0.157,False
brk0_20,cost_bias,1,max_board_height,-0.0139,-0.0275,-0.0136,-1.02,158,152,-0.0169,-0.0004,True,-0.13,False
brk0_20,cost_bias,1,lu_premium_1d,-0.0156,-0.011,0.0046,0.36,167,167,0.0161,-0.0033,False,0.046,False
brk0_20,cost_bias,3,limit_up_count,-0.0339,-0.0106,0.0233,1.76,165,157,-0.0054,0.0434,False,0.225,False
brk0_20,cost_bias,3,limit_up_count_ma5,-0.0531,-0.0146,0.0385,2.95,167,165,0.0066,0.0682,True,0.377,False
brk0_20,cost_bias,3,blow_rate,-0.0185,-0.0485,-0.0299,-2.24,165,166,-0.0016,-0.0358,True,-0.286,False
brk0_20,cost_bias,3,max_board_height,-0.021,-0.0271,-0.0062,-0.45,158,152,-0.0139,0.0236,False,-0.057,False
brk0_20,cost_bias,3,lu_premium_1d,-0.018,-0.0329,-0.0148,-1.05,166,166,-0.0051,-0.0145,True,-0.134,False
brk0_20,cost_bias,5,limit_up_count,-0.059,-0.0188,0.0402,2.88,165,156,0.0083,0.0605,True,0.368,False
brk0_20,cost_bias,5,limit_up_count_ma5,-0.0668,-0.0184,0.0484,3.57,165,165,0.0209,0.0713,True,0.456,True
brk0_20,cost_bias,5,blow_rate,-0.0245,-0.0483,-0.0238,-1.65,163,166,0.0161,-0.0334,False,-0.211,False
brk0_20,cost_bias,5,max_board_height,-0.0228,-0.0386,-0.0157,-1.1,158,152,-0.0293,0.022,False,-0.14,False
brk0_20,cost_bias,5,lu_premium_1d,-0.0294,-0.0309,-0.0015,-0.1,166,164,0.0154,-0.0057,False,-0.013,False
brk0_20,cost_bias,10,limit_up_count,-0.0582,-0.0311,0.027,1.86,161,156,-0.0059,0.0494,False,0.237,False
brk0_20,cost_bias,10,limit_up_count_ma5,-0.0611,-0.0283,0.0328,2.34,163,165,-0.0097,0.0714,False,0.299,False
brk0_20,cost_bias,10,blow_rate,-0.0245,-0.048,-0.0235,-1.65,162,163,0.0111,-0.0232,False,-0.211,False
brk0_20,cost_bias,10,max_board_height,-0.0224,-0.0523,-0.0299,-2.15,156,152,-0.0455,0.0186,False,-0.274,False
brk0_20,cost_bias,10,lu_premium_1d,-0.0319,-0.0348,-0.0029,-0.2,165,162,-0.0014,0.0111,False,-0.026,False
brk0_20,up_days,1,limit_up_count,-0.0456,-0.0155,0.0301,1.79,166,158,0.0338,0.025,True,0.228,False
brk0_20,up_days,1,limit_up_count_ma5,-0.0316,-0.0226,0.009,0.53,167,165,-0.0157,0.0365,False,0.068,False
brk0_20,up_days,1,blow_rate,-0.0076,-0.0514,-0.0438,-2.63,166,167,-0.0564,-0.0317,True,-0.336,False
brk0_20,up_days,1,max_board_height,-0.0009,-0.0471,-0.0462,-2.58,158,152,-0.0414,-0.0452,True,-0.329,False
brk0_20,up_days,1,lu_premium_1d,-0.0298,-0.015,0.0148,0.89,167,167,0.0027,0.0254,True,0.114,False
brk0_20,up_days,3,limit_up_count,-0.0403,-0.0133,0.027,1.54,165,157,0.0403,0.0077,True,0.197,False
brk0_20,up_days,3,limit_up_count_ma5,-0.0373,-0.0252,0.0122,0.71,167,165,-0.0003,0.026,False,0.091,False
brk0_20,up_days,3,blow_rate,-0.0056,-0.0521,-0.0464,-2.82,165,166,-0.0814,-0.0036,True,-0.36,False
brk0_20,up_days,3,max_board_height,-0.0036,-0.0262,-0.0226,-1.26,158,152,-0.0257,-0.0185,True,-0.161,False
brk0_20,up_days,3,lu_premium_1d,-0.0164,-0.0263,-0.0098,-0.56,166,166,-0.0222,0.0043,False,-0.071,False
brk0_20,up_days,5,limit_up_count,-0.0611,-0.0234,0.0377,2.16,165,156,0.0407,0.0313,True,0.276,False
brk0_20,up_days,5,limit_up_count_ma5,-0.048,-0.0267,0.0213,1.25,165,165,0.0011,0.0441,True,0.16,False
brk0_20,up_days,5,blow_rate,-0.0098,-0.0612,-0.0514,-3.02,163,166,-0.0769,-0.0176,True,-0.385,False
brk0_20,up_days,5,max_board_height,-0.0025,-0.04,-0.0376,-2.12,158,152,-0.0401,-0.0364,True,-0.271,False
brk0_20,up_days,5,lu_premium_1d,-0.0146,-0.038,-0.0234,-1.34,166,164,-0.0324,-0.0097,True,-0.171,False
brk0_20,up_days,10,limit_up_count,-0.0623,-0.0162,0.046,2.56,161,156,0.0419,0.0477,True,0.327,False
brk0_20,up_days,10,limit_up_count_ma5,-0.0504,-0.0298,0.0206,1.2,163,165,-0.0034,0.0464,False,0.153,False
brk0_20,up_days,10,blow_rate,-0.0089,-0.0633,-0.0544,-3.16,162,163,-0.0674,-0.0391,True,-0.403,False
brk0_20,up_days,10,max_board_height,-0.0167,-0.0359,-0.0192,-1.08,156,152,-0.0271,-0.0109,True,-0.138,False
brk0_20,up_days,10,lu_premium_1d,-0.0158,-0.0445,-0.0287,-1.63,165,162,-0.027,-0.0272,True,-0.208,False
quiet_comp,mom5,1,limit_up_count,-0.0497,-0.0227,0.027,1.17,161,155,-0.0042,0.0613,False,0.149,False
quiet_comp,mom5,1,limit_up_count_ma5,-0.0327,-0.0195,0.0132,0.58,161,163,-0.0021,0.0262,False,0.074,False
quiet_comp,mom5,1,blow_rate,-0.0351,-0.0107,0.0245,1.06,162,165,0.0584,0.0047,True,0.135,False
quiet_comp,mom5,1,max_board_height,-0.0245,-0.0264,-0.0019,-0.08,156,149,-0.0008,-0.0033,True,-0.01,False
quiet_comp,mom5,1,lu_premium_1d,-0.0115,-0.0407,-0.0292,-1.27,164,163,0.0115,-0.0636,False,-0.162,False
quiet_comp,mom5,3,limit_up_count,-0.0309,-0.0123,0.0186,0.89,160,154,-0.0052,0.0428,False,0.114,False
quiet_comp,mom5,3,limit_up_count_ma5,-0.0253,-0.0196,0.0057,0.27,161,163,-0.0242,0.0351,False,0.034,False
quiet_comp,mom5,3,blow_rate,-0.0103,-0.0156,-0.0053,-0.25,161,164,0.0094,-0.0059,False,-0.032,False
quiet_comp,mom5,3,max_board_height,-0.0221,-0.0236,-0.0016,-0.07,156,149,-0.0091,0.0168,False,-0.009,False
quiet_comp,mom5,3,lu_premium_1d,-0.0167,-0.0187,-0.002,-0.1,163,162,0.0246,-0.02,False,-0.013,False
quiet_comp,mom5,5,limit_up_count,-0.0271,-0.0156,0.0115,0.52,160,153,-0.0215,0.044,False,0.066,False
quiet_comp,mom5,5,limit_up_count_ma5,-0.0475,-0.0254,0.022,0.98,159,163,-0.0078,0.0511,False,0.125,False
quiet_comp,mom5,5,blow_rate,-0.0243,-0.0106,0.0137,0.62,159,164,0.0397,0.0047,True,0.079,False
quiet_comp,mom5,5,max_board_height,-0.0173,-0.0393,-0.022,-1.0,156,149,-0.0429,0.0035,False,-0.128,False
quiet_comp,mom5,5,lu_premium_1d,-0.0191,-0.0208,-0.0017,-0.08,163,160,0.0076,-0.0029,False,-0.01,False
quiet_comp,mom5,10,limit_up_count,-0.0296,-0.0072,0.0224,1.02,156,153,0.0224,0.0246,True,0.13,False
quiet_comp,mom5,10,limit_up_count_ma5,-0.0484,-0.0051,0.0433,2.07,157,163,0.063,0.0241,True,0.264,False
quiet_comp,mom5,10,blow_rate,-0.0192,0.0084,0.0276,1.34,158,161,0.0088,0.0454,True,0.171,False
quiet_comp,mom5,10,max_board_height,-0.0077,-0.0221,-0.0144,-0.67,154,149,0.0055,-0.0418,False,-0.086,False
quiet_comp,mom5,10,lu_premium_1d,-0.01,-0.0227,-0.0127,-0.58,162,158,-0.0027,-0.0194,True,-0.074,False
quiet_comp,mom10,1,limit_up_count,-0.0372,-0.0064,0.0308,1.33,161,155,-0.0021,0.0654,False,0.17,False
quiet_comp,mom10,1,limit_up_count_ma5,-0.0181,0.0032,0.0214,0.94,161,163,0.0123,0.0258,True,0.12,False
quiet_comp,mom10,1,blow_rate,-0.0119,0.0015,0.0134,0.59,162,165,0.0327,-0.0016,False,0.075,False
quiet_comp,mom10,1,max_board_height,0.0034,-0.033,-0.0365,-1.48,156,149,-0.0215,-0.0529,True,-0.189,False
quiet_comp,mom10,1,lu_premium_1d,0.0169,-0.0412,-0.0582,-2.5,164,163,0.0074,-0.1165,False,-0.319,False
quiet_comp,mom10,3,limit_up_count,-0.0143,0.0041,0.0184,0.83,160,154,-0.0047,0.0398,False,0.106,False
quiet_comp,mom10,3,limit_up_count_ma5,-0.0256,0.0126,0.0382,1.79,161,163,0.0242,0.05,True,0.228,False
quiet_comp,mom10,3,blow_rate,0.006,0.0035,-0.0025,-0.11,161,164,0.0017,-0.0025,False,-0.014,False
quiet_comp,mom10,3,max_board_height,-0.0115,-0.0209,-0.0094,-0.4,156,149,-0.0136,0.0012,False,-0.051,False
quiet_comp,mom10,3,lu_premium_1d,-0.0014,-0.0133,-0.0119,-0.57,163,162,0.0286,-0.0428,False,-0.073,False
quiet_comp,mom10,5,limit_up_count,-0.0098,-0.009,0.0008,0.03,160,153,-0.0018,0.0034,False,0.004,False
quiet_comp,mom10,5,limit_up_count_ma5,-0.0333,-0.0004,0.033,1.51,159,163,0.0304,0.0376,True,0.193,False
quiet_comp,mom10,5,blow_rate,-0.0224,0.0187,0.0411,1.78,159,164,0.0286,0.0516,True,0.227,False
quiet_comp,mom10,5,max_board_height,-0.0063,-0.0399,-0.0336,-1.42,156,149,-0.0454,-0.0361,True,-0.181,False
quiet_comp,mom10,5,lu_premium_1d,-0.0022,-0.0191,-0.017,-0.76,163,160,-0.0052,-0.0254,True,-0.097,False
quiet_comp,mom10,10,limit_up_count,-0.0018,-0.0102,-0.0085,-0.37,156,153,-0.0029,-0.0122,True,-0.047,False
quiet_comp,mom10,10,limit_up_count_ma5,-0.0232,0.0109,0.0341,1.66,157,163,0.0564,0.0141,True,0.212,False
quiet_comp,mom10,10,blow_rate,-0.0142,0.0275,0.0417,1.91,158,161,0.0112,0.0585,True,0.244,False
quiet_comp,mom10,10,max_board_height,0.009,-0.0284,-0.0374,-1.62,154,149,-0.0162,-0.0751,True,-0.207,False
quiet_comp,mom10,10,lu_premium_1d,0.0085,-0.0128,-0.0213,-0.95,162,158,-0.0368,-0.0065,True,-0.121,False
quiet_comp,mom20,1,limit_up_count,-0.0321,-0.0132,0.0189,1.02,161,155,-0.0075,0.0464,False,0.13,False
quiet_comp,mom20,1,limit_up_count_ma5,-0.0399,-0.0113,0.0285,1.47,161,163,0.0147,0.045,True,0.188,False
quiet_comp,mom20,1,blow_rate,-0.025,-0.0114,0.0135,0.71,162,165,0.0193,0.0088,True,0.091,False
quiet_comp,mom20,1,max_board_height,-0.0222,-0.0305,-0.0083,-0.44,156,149,0.0107,-0.0262,False,-0.056,False
quiet_comp,mom20,1,lu_premium_1d,-0.0281,-0.0276,0.0005,0.02,164,163,0.0115,-0.008,False,0.003,False
quiet_comp,mom20,3,limit_up_count,-0.0173,-0.0123,0.005,0.26,160,154,0.0037,0.0033,True,0.033,False
quiet_comp,mom20,3,limit_up_count_ma5,-0.0289,-0.0178,0.0111,0.54,161,163,0.0113,0.0127,True,0.069,False
quiet_comp,mom20,3,blow_rate,-0.0127,-0.0125,0.0002,0.01,161,164,-0.0084,0.0101,False,0.001,False
quiet_comp,mom20,3,max_board_height,-0.0152,-0.0162,-0.001,-0.05,156,149,0.0154,-0.0114,False,-0.006,False
quiet_comp,mom20,3,lu_premium_1d,-0.022,-0.0209,0.0011,0.06,163,162,0.0016,0.0025,True,0.008,False
quiet_comp,mom20,5,limit_up_count,-0.0266,-0.0076,0.019,1.01,160,153,0.0156,0.0243,True,0.129,False
quiet_comp,mom20,5,limit_up_count_ma5,-0.0419,-0.0037,0.0381,1.96,159,163,0.0318,0.0485,True,0.25,False
quiet_comp,mom20,5,blow_rate,-0.0166,-0.0107,0.0059,0.3,159,164,0.0082,0.0039,True,0.038,False
quiet_comp,mom20,5,max_board_height,-0.0127,-0.0049,0.0078,0.42,156,149,0.0389,-0.0253,False,0.054,False
quiet_comp,mom20,5,lu_premium_1d,-0.0262,-0.0081,0.0182,0.95,163,160,0.0232,0.0136,True,0.121,False
quiet_comp,mom20,10,limit_up_count,-0.0097,0.0174,0.0271,1.41,156,153,0.072,-0.019,False,0.18,False
quiet_comp,mom20,10,limit_up_count_ma5,-0.029,0.0292,0.0582,3.22,157,163,0.0863,0.034,True,0.411,False
quiet_comp,mom20,10,blow_rate,-0.0167,0.0186,0.0353,1.87,158,161,0.0234,0.0339,True,0.239,False
quiet_comp,mom20,10,max_board_height,0.0023,0.0244,0.0221,1.12,154,149,0.0735,-0.0448,False,0.143,False
quiet_comp,mom20,10,lu_premium_1d,-0.0252,0.0214,0.0466,2.46,162,158,0.0707,0.0202,True,0.314,False
quiet_comp,rev5,1,limit_up_count,0.0497,0.0227,-0.027,-1.17,161,155,0.0042,-0.0613,False,-0.149,False
quiet_comp,rev5,1,limit_up_count_ma5,0.0327,0.0195,-0.0132,-0.58,161,163,0.0021,-0.0262,False,-0.074,False
quiet_comp,rev5,1,blow_rate,0.0351,0.0107,-0.0245,-1.06,162,165,-0.0584,-0.0047,True,-0.135,False
quiet_comp,rev5,1,max_board_height,0.0245,0.0264,0.0019,0.08,156,149,0.0008,0.0033,True,0.01,False
quiet_comp,rev5,1,lu_premium_1d,0.0115,0.0407,0.0292,1.27,164,163,-0.0115,0.0636,False,0.162,False
quiet_comp,rev5,3,limit_up_count,0.0309,0.0123,-0.0186,-0.89,160,154,0.0052,-0.0428,False,-0.114,False
quiet_comp,rev5,3,limit_up_count_ma5,0.0253,0.0196,-0.0057,-0.27,161,163,0.0242,-0.0351,False,-0.034,False
quiet_comp,rev5,3,blow_rate,0.0103,0.0156,0.0053,0.25,161,164,-0.0094,0.0059,False,0.032,False
quiet_comp,rev5,3,max_board_height,0.0221,0.0236,0.0016,0.07,156,149,0.0091,-0.0168,False,0.009,False
quiet_comp,rev5,3,lu_premium_1d,0.0167,0.0187,0.002,0.1,163,162,-0.0246,0.02,False,0.013,False
quiet_comp,rev5,5,limit_up_count,0.0271,0.0156,-0.0115,-0.52,160,153,0.0215,-0.044,False,-0.066,False
quiet_comp,rev5,5,limit_up_count_ma5,0.0475,0.0254,-0.022,-0.98,159,163,0.0078,-0.0511,False,-0.125,False
quiet_comp,rev5,5,blow_rate,0.0243,0.0106,-0.0137,-0.62,159,164,-0.0397,-0.0047,True,-0.079,False
quiet_comp,rev5,5,max_board_height,0.0173,0.0393,0.022,1.0,156,149,0.0429,-0.0035,False,0.128,False
quiet_comp,rev5,5,lu_premium_1d,0.0191,0.0208,0.0017,0.08,163,160,-0.0076,0.0029,False,0.01,False
quiet_comp,rev5,10,limit_up_count,0.0296,0.0072,-0.0224,-1.02,156,153,-0.0224,-0.0246,True,-0.13,False
quiet_comp,rev5,10,limit_up_count_ma5,0.0484,0.0051,-0.0433,-2.07,157,163,-0.063,-0.0241,True,-0.264,False
quiet_comp,rev5,10,blow_rate,0.0192,-0.0084,-0.0276,-1.34,158,161,-0.0088,-0.0454,True,-0.171,False
quiet_comp,rev5,10,max_board_height,0.0077,0.0221,0.0144,0.67,154,149,-0.0055,0.0418,False,0.086,False
quiet_comp,rev5,10,lu_premium_1d,0.01,0.0227,0.0127,0.58,162,158,0.0027,0.0194,True,0.074,False
quiet_comp,std5,1,limit_up_count,-0.0117,-0.0552,-0.0435,-1.62,161,155,-0.0286,-0.0575,True,-0.207,False
quiet_comp,std5,1,limit_up_count_ma5,-0.025,-0.0372,-0.0122,-0.46,161,163,-0.0198,-0.0042,True,-0.059,False
quiet_comp,std5,1,blow_rate,-0.0357,-0.021,0.0147,0.56,162,165,0.023,0.0159,True,0.071,False
quiet_comp,std5,1,max_board_height,-0.0199,-0.0258,-0.0059,-0.21,156,149,-0.0087,0.0004,False,-0.027,False
quiet_comp,std5,1,lu_premium_1d,-0.012,-0.0371,-0.025,-0.92,164,163,-0.0917,0.039,False,-0.117,False
quiet_comp,std5,3,limit_up_count,-0.0219,-0.0467,-0.0247,-0.93,160,154,-0.0038,-0.0409,True,-0.119,False
quiet_comp,std5,3,limit_up_count_ma5,-0.0041,-0.0449,-0.0409,-1.57,161,163,-0.0381,-0.0432,True,-0.2,False
quiet_comp,std5,3,blow_rate,-0.0338,-0.0154,0.0184,0.68,161,164,0.018,0.0171,True,0.087,False
quiet_comp,std5,3,max_board_height,-0.039,-0.0237,0.0153,0.56,156,149,-0.0063,0.0248,False,0.071,False
quiet_comp,std5,3,lu_premium_1d,-0.0199,-0.0408,-0.021,-0.82,163,162,-0.0462,-0.0034,True,-0.105,False
quiet_comp,std5,5,limit_up_count,-0.0178,-0.0497,-0.0318,-1.21,160,153,-0.022,-0.0316,True,-0.154,False
quiet_comp,std5,5,limit_up_count_ma5,-0.0087,-0.0437,-0.035,-1.38,159,163,-0.0407,-0.0257,True,-0.176,False
quiet_comp,std5,5,blow_rate,-0.0179,-0.034,-0.0161,-0.61,159,164,-0.0135,-0.0303,True,-0.078,False
quiet_comp,std5,5,max_board_height,-0.0347,-0.0284,0.0063,0.25,156,149,-0.0055,0.0062,False,0.032,False
quiet_comp,std5,5,lu_premium_1d,-0.0205,-0.0335,-0.013,-0.52,163,160,0.0054,-0.0352,False,-0.066,False
quiet_comp,std5,10,limit_up_count,-0.0359,-0.0653,-0.0294,-1.12,156,153,-0.0146,-0.037,True,-0.143,False
quiet_comp,std5,10,limit_up_count_ma5,-0.0385,-0.0683,-0.0298,-1.25,157,163,-0.0288,-0.0246,True,-0.16,False
quiet_comp,std5,10,blow_rate,-0.0368,-0.0659,-0.0291,-1.19,158,161,-0.0197,-0.0534,True,-0.152,False
quiet_comp,std5,10,max_board_height,-0.0475,-0.0486,-0.0011,-0.05,154,149,-0.0105,-0.005,True,-0.006,False
quiet_comp,std5,10,lu_premium_1d,-0.0527,-0.0382,0.0145,0.58,162,158,0.0253,-0.0047,False,0.074,False
quiet_comp,std20,1,limit_up_count,-0.0235,-0.0598,-0.0364,-1.23,161,155,-0.0113,-0.0609,True,-0.157,False
quiet_comp,std20,1,limit_up_count_ma5,-0.0341,-0.0465,-0.0124,-0.42,161,163,-0.0227,0.0001,False,-0.054,False
quiet_comp,std20,1,blow_rate,-0.0447,-0.034,0.0107,0.37,162,165,0.0169,0.0135,True,0.047,False
quiet_comp,std20,1,max_board_height,-0.0311,-0.0308,0.0003,0.01,156,149,0.0007,0.0093,True,0.001,False
quiet_comp,std20,1,lu_premium_1d,-0.0204,-0.0447,-0.0243,-0.82,164,163,-0.0952,0.0438,False,-0.105,False
quiet_comp,std20,3,limit_up_count,-0.033,-0.0578,-0.0248,-0.85,160,154,0.0089,-0.0524,False,-0.108,False
quiet_comp,std20,3,limit_up_count_ma5,-0.0189,-0.0617,-0.0428,-1.51,161,163,-0.0444,-0.0394,True,-0.193,False
quiet_comp,std20,3,blow_rate,-0.0458,-0.0381,0.0077,0.26,161,164,-0.0051,0.0144,False,0.033,False
quiet_comp,std20,3,max_board_height,-0.0636,-0.0278,0.0359,1.21,156,149,0.0136,0.0479,True,0.154,False
quiet_comp,std20,3,lu_premium_1d,-0.0385,-0.0479,-0.0095,-0.34,163,162,-0.0508,0.0239,False,-0.043,False
quiet_comp,std20,5,limit_up_count,-0.0361,-0.0603,-0.0242,-0.83,160,153,0.0081,-0.0433,False,-0.106,False
quiet_comp,std20,5,limit_up_count_ma5,-0.0247,-0.059,-0.0342,-1.22,159,163,-0.0321,-0.0302,True,-0.156,False
quiet_comp,std20,5,blow_rate,-0.0299,-0.0576,-0.0277,-0.95,159,164,-0.0423,-0.0343,True,-0.121,False
quiet_comp,std20,5,max_board_height,-0.0576,-0.0399,0.0177,0.64,156,149,0.016,0.0026,True,0.082,False
quiet_comp,std20,5,lu_premium_1d,-0.042,-0.0398,0.0022,0.08,163,160,0.0042,-0.0064,False,0.01,False
quiet_comp,std20,10,limit_up_count,-0.0348,-0.0603,-0.0255,-0.86,156,153,0.0037,-0.044,False,-0.11,False
quiet_comp,std20,10,limit_up_count_ma5,-0.0318,-0.0699,-0.0381,-1.39,157,163,-0.0344,-0.0323,True,-0.177,False
quiet_comp,std20,10,blow_rate,-0.0356,-0.0679,-0.0323,-1.15,158,161,-0.0332,-0.0566,True,-0.147,False
quiet_comp,std20,10,max_board_height,-0.0569,-0.0408,0.0161,0.58,154,149,0.0122,0.0014,True,0.074,False
quiet_comp,std20,10,lu_premium_1d,-0.063,-0.0282,0.0349,1.23,162,158,0.0477,0.0097,True,0.157,False
quiet_comp,amp5,1,limit_up_count,-0.0217,-0.0718,-0.0501,-1.68,161,155,-0.0167,-0.0853,True,-0.214,False
quiet_comp,amp5,1,limit_up_count_ma5,-0.0282,-0.0545,-0.0263,-0.88,161,163,-0.031,-0.0202,True,-0.112,False
quiet_comp,amp5,1,blow_rate,-0.0496,-0.0296,0.02,0.68,162,165,0.0281,0.024,True,0.087,False
quiet_comp,amp5,1,max_board_height,-0.0303,-0.033,-0.0027,-0.09,156,149,-0.0183,0.0156,False,-0.011,False
quiet_comp,amp5,1,lu_premium_1d,-0.0328,-0.0426,-0.0098,-0.32,164,163,-0.078,0.0555,False,-0.041,False
quiet_comp,amp5,3,limit_up_count,-0.0318,-0.0531,-0.0213,-0.72,160,154,0.0074,-0.043,False,-0.092,False
quiet_comp,amp5,3,limit_up_count_ma5,-0.0129,-0.0663,-0.0534,-1.86,161,163,-0.0493,-0.0555,True,-0.237,False
quiet_comp,amp5,3,blow_rate,-0.0469,-0.0338,0.0131,0.43,161,164,0.0144,0.0048,True,0.055,False
quiet_comp,amp5,3,max_board_height,-0.0613,-0.0219,0.0394,1.31,156,149,-0.0037,0.0683,False,0.167,False
quiet_comp,amp5,3,lu_premium_1d,-0.0468,-0.0388,0.008,0.28,163,162,-0.0247,0.0307,False,0.036,False
quiet_comp,amp5,5,limit_up_count,-0.0213,-0.0586,-0.0373,-1.26,160,153,-0.0128,-0.0468,True,-0.161,False
quiet_comp,amp5,5,limit_up_count_ma5,-0.0107,-0.0649,-0.0542,-1.9,159,163,-0.0588,-0.0426,True,-0.242,False
quiet_comp,amp5,5,blow_rate,-0.0257,-0.0492,-0.0235,-0.79,159,164,-0.0308,-0.0398,True,-0.101,False
quiet_comp,amp5,5,max_board_height,-0.057,-0.0295,0.0274,0.99,156,149,0.003,0.0298,True,0.126,False
quiet_comp,amp5,5,lu_premium_1d,-0.0449,-0.029,0.0159,0.56,163,160,0.028,-0.0037,False,0.071,False
quiet_comp,amp5,10,limit_up_count,-0.0197,-0.0659,-0.0462,-1.52,156,153,-0.0361,-0.0422,True,-0.194,False
quiet_comp,amp5,10,limit_up_count_ma5,-0.0147,-0.0803,-0.0655,-2.41,157,163,-0.0695,-0.0512,True,-0.308,False
quiet_comp,amp5,10,blow_rate,-0.0267,-0.0631,-0.0364,-1.28,158,161,-0.0321,-0.0679,True,-0.163,False
quiet_comp,amp5,10,max_board_height,-0.0536,-0.0402,0.0134,0.48,154,149,-0.0157,0.0173,False,0.061,False
quiet_comp,amp5,10,lu_premium_1d,-0.0614,-0.0259,0.0355,1.23,162,158,0.0637,-0.0048,False,0.157,False
quiet_comp,to_level,1,limit_up_count,-0.0177,-0.0483,-0.0306,-1.06,161,155,0.0141,-0.0786,False,-0.135,False
quiet_comp,to_level,1,limit_up_count_ma5,-0.0234,-0.0327,-0.0093,-0.32,161,163,-0.0044,-0.0142,True,-0.041,False
quiet_comp,to_level,1,blow_rate,-0.0401,-0.0262,0.0139,0.5,162,165,0.0064,0.0336,True,0.064,False
quiet_comp,to_level,1,max_board_height,-0.0267,-0.0251,0.0016,0.05,156,149,0.0082,0.0081,True,0.006,False
quiet_comp,to_level,1,lu_premium_1d,-0.0126,-0.037,-0.0244,-0.84,164,163,-0.0731,0.0233,False,-0.107,False
quiet_comp,to_level,3,limit_up_count,-0.0314,-0.042,-0.0106,-0.37,160,154,0.0202,-0.0343,False,-0.047,False
quiet_comp,to_level,3,limit_up_count_ma5,-0.0183,-0.0549,-0.0366,-1.31,161,163,-0.0306,-0.0433,True,-0.167,False
quiet_comp,to_level,3,blow_rate,-0.0326,-0.0333,-0.0008,-0.03,161,164,-0.022,0.0138,False,-0.004,False
quiet_comp,to_level,3,max_board_height,-0.0618,-0.0143,0.0475,1.59,156,149,0.0166,0.0682,True,0.203,False
quiet_comp,to_level,3,lu_premium_1d,-0.0279,-0.0405,-0.0127,-0.45,163,162,-0.0611,0.0286,False,-0.057,False
quiet_comp,to_level,5,limit_up_count,-0.0228,-0.0495,-0.0267,-0.96,160,153,0.0106,-0.0514,False,-0.123,False
quiet_comp,to_level,5,limit_up_count_ma5,-0.009,-0.059,-0.0499,-1.83,159,163,-0.0262,-0.0718,True,-0.234,False
quiet_comp,to_level,5,blow_rate,-0.0243,-0.0401,-0.0159,-0.58,159,164,-0.0356,-0.0193,True,-0.074,False
quiet_comp,to_level,5,max_board_height,-0.0464,-0.0325,0.0139,0.51,156,149,0.0063,-0.0001,False,0.065,False
quiet_comp,to_level,5,lu_premium_1d,-0.0283,-0.0275,0.0008,0.03,163,160,-0.0161,0.0102,False,0.004,False
quiet_comp,to_level,10,limit_up_count,-0.0223,-0.0575,-0.0352,-1.24,156,153,0.0041,-0.0666,False,-0.158,False
quiet_comp,to_level,10,limit_up_count_ma5,-0.0001,-0.0771,-0.077,-2.91,157,163,-0.0533,-0.0946,True,-0.371,False
quiet_comp,to_level,10,blow_rate,-0.0283,-0.0503,-0.0221,-0.81,158,161,-0.0442,-0.0308,True,-0.103,False
quiet_comp,to_level,10,max_board_height,-0.0414,-0.0289,0.0125,0.45,154,149,0.0068,-0.0063,False,0.057,False
quiet_comp,to_level,10,lu_premium_1d,-0.0406,-0.0244,0.0162,0.59,162,158,0.0153,0.0037,True,0.075,False
quiet_comp,to_trend,1,limit_up_count,-0.0057,-0.0123,-0.0066,-0.37,161,155,-0.0357,0.0237,False,-0.047,False
quiet_comp,to_trend,1,limit_up_count_ma5,0.0043,-0.0075,-0.0119,-0.68,161,163,-0.0351,0.0094,False,-0.087,False
quiet_comp,to_trend,1,blow_rate,-0.0174,0.0019,0.0193,1.15,162,165,0.0457,-0.004,False,0.147,False
quiet_comp,to_trend,1,max_board_height,-0.0064,-0.0075,-0.0012,-0.07,156,149,-0.036,0.0263,False,-0.009,False
quiet_comp,to_trend,1,lu_premium_1d,-0.0066,-0.0039,0.0026,0.15,164,163,0.0064,-0.0012,False,0.019,False
quiet_comp,to_trend,3,limit_up_count,-0.0094,0.0011,0.0105,0.62,160,154,-0.0214,0.0418,False,0.079,False
quiet_comp,to_trend,3,limit_up_count_ma5,-0.0052,0.0102,0.0154,0.9,161,163,-0.0183,0.0485,False,0.115,False
quiet_comp,to_trend,3,blow_rate,-0.0153,0.0052,0.0205,1.23,161,164,0.0341,0.0143,True,0.157,False
quiet_comp,to_trend,3,max_board_height,0.0013,-0.0073,-0.0086,-0.51,156,149,-0.0497,0.0317,False,-0.065,False
quiet_comp,to_trend,3,lu_premium_1d,-0.0021,0.0031,0.0051,0.31,163,162,0.0008,0.0097,True,0.04,False
quiet_comp,to_trend,5,limit_up_count,0.0053,0.0048,-0.0006,-0.04,160,153,-0.0418,0.0422,False,-0.005,False
quiet_comp,to_trend,5,limit_up_count_ma5,-0.012,0.018,0.03,1.92,159,163,-0.0295,0.0921,False,0.245,False
quiet_comp,to_trend,5,blow_rate,-0.0144,0.0162,0.0306,1.95,159,164,0.0438,0.0244,True,0.249,False
quiet_comp,to_trend,5,max_board_height,0.0041,-0.0038,-0.0079,-0.51,156,149,-0.0721,0.0585,False,-0.065,False
quiet_comp,to_trend,5,lu_premium_1d,0.0194,-0.0065,-0.0259,-1.69,163,160,-0.0193,-0.0317,True,-0.216,False
quiet_comp,to_trend,10,limit_up_count,0.0253,0.0328,0.0075,0.44,156,153,-0.0204,0.0399,False,0.056,False
quiet_comp,to_trend,10,limit_up_count_ma5,0.0044,0.0527,0.0482,3.05,157,163,0.0355,0.0623,True,0.389,False
quiet_comp,to_trend,10,blow_rate,0.0212,0.0348,0.0136,0.82,158,161,0.0157,0.0125,True,0.105,False
quiet_comp,to_trend,10,max_board_height,0.0152,0.019,0.0037,0.22,154,149,-0.027,0.0321,False,0.028,False
quiet_comp,to_trend,10,lu_premium_1d,0.0373,0.0121,-0.0252,-1.51,162,158,-0.0081,-0.0423,True,-0.193,False
quiet_comp,amihud20,1,limit_up_count,0.0296,0.0265,-0.0031,-0.13,161,155,0.0039,-0.0067,False,-0.017,False
quiet_comp,amihud20,1,limit_up_count_ma5,0.0421,0.0239,-0.0182,-0.79,161,163,-0.0171,-0.0134,True,-0.101,False
quiet_comp,amihud20,1,blow_rate,0.0188,0.0575,0.0387,1.69,162,165,0.0498,0.0225,True,0.216,False
quiet_comp,amihud20,1,max_board_height,0.0095,0.0418,0.0323,1.41,156,149,0.0349,0.0159,True,0.18,False
quiet_comp,amihud20,1,lu_premium_1d,0.043,0.0317,-0.0112,-0.51,164,163,-0.0049,-0.0196,True,-0.065,False
quiet_comp,amihud20,3,limit_up_count,0.0625,0.0601,-0.0025,-0.11,160,154,-0.0004,0.0013,False,-0.014,False
quiet_comp,amihud20,3,limit_up_count_ma5,0.0679,0.0445,-0.0234,-1.08,161,163,-0.031,-0.0084,True,-0.138,False
quiet_comp,amihud20,3,blow_rate,0.0461,0.0716,0.0255,1.18,161,164,0.0319,0.0068,True,0.151,False
quiet_comp,amihud20,3,max_board_height,0.0314,0.0773,0.0459,2.05,156,149,0.0711,0.0194,True,0.262,False
quiet_comp,amihud20,3,lu_premium_1d,0.0533,0.057,0.0038,0.18,163,162,-0.0086,0.0119,False,0.023,False
quiet_comp,amihud20,5,limit_up_count,0.0947,0.0611,-0.0336,-1.6,160,153,-0.0324,-0.0272,True,-0.204,False
quiet_comp,amihud20,5,limit_up_count_ma5,0.0689,0.0562,-0.0127,-0.6,159,163,-0.0203,0.0027,False,-0.077,False
quiet_comp,amihud20,5,blow_rate,0.0421,0.0969,0.0548,2.74,159,164,0.0505,0.0445,True,0.35,False
quiet_comp,amihud20,5,max_board_height,0.05,0.0796,0.0297,1.45,156,149,0.0333,0.0077,True,0.185,False
quiet_comp,amihud20,5,lu_premium_1d,0.064,0.0755,0.0115,0.57,163,160,-0.0345,0.049,False,0.073,False
quiet_comp,amihud20,10,limit_up_count,0.0755,0.0645,-0.011,-0.55,156,153,0.0036,-0.0144,False,-0.07,False
quiet_comp,amihud20,10,limit_up_count_ma5,0.0566,0.0653,0.0087,0.43,157,163,0.0446,-0.0204,False,0.055,False
quiet_comp,amihud20,10,blow_rate,0.0465,0.0948,0.0483,2.42,158,161,0.0365,0.0289,True,0.309,False
quiet_comp,amihud20,10,max_board_height,0.0361,0.0873,0.0512,2.46,154,149,0.0391,0.0399,True,0.314,False
quiet_comp,amihud20,10,lu_premium_1d,0.0642,0.0806,0.0164,0.84,162,158,0.0067,0.0161,True,0.107,False
quiet_comp,vp_div,1,limit_up_count,-0.0279,0.0124,0.0403,2.42,161,155,0.032,0.0514,True,0.309,False
quiet_comp,vp_div,1,limit_up_count_ma5,-0.0054,0.0095,0.0149,0.89,161,163,0.0102,0.0189,True,0.114,False
quiet_comp,vp_div,1,blow_rate,-0.0115,-0.0081,0.0033,0.21,162,165,-0.0045,0.0121,False,0.027,False
quiet_comp,vp_div,1,max_board_height,-0.0128,0.0062,0.019,1.11,156,149,0.0309,0.0081,True,0.142,False
quiet_comp,vp_div,1,lu_premium_1d,-0.0027,-0.0102,-0.0076,-0.46,164,163,0.0237,-0.0362,False,-0.059,False
quiet_comp,vp_div,3,limit_up_count,-0.011,0.0051,0.0161,0.94,160,154,-0.0023,0.0371,False,0.12,False
quiet_comp,vp_div,3,limit_up_count_ma5,0.0029,0.0007,-0.0022,-0.13,161,163,-0.0264,0.0228,False,-0.017,False
quiet_comp,vp_div,3,blow_rate,0.0033,-0.0039,-0.0072,-0.45,161,164,-0.0097,0.0021,False,-0.057,False
quiet_comp,vp_div,3,max_board_height,-0.0097,-0.0,0.0097,0.57,156,149,-0.0019,0.022,False,0.073,False
quiet_comp,vp_div,3,lu_premium_1d,0.0031,0.0002,-0.0028,-0.18,163,162,0.0045,-0.0076,False,-0.023,False
quiet_comp,vp_div,5,limit_up_count,0.0039,-0.0007,-0.0045,-0.28,160,153,-0.0218,0.0202,False,-0.036,False
quiet_comp,vp_div,5,limit_up_count_ma5,-0.0094,-0.0058,0.0035,0.22,159,163,-0.0336,0.0455,False,0.028,False
quiet_comp,vp_div,5,blow_rate,-0.0111,-0.0005,0.0106,0.68,159,164,0.0119,0.0097,True,0.087,False
quiet_comp,vp_div,5,max_board_height,-0.007,-0.0064,0.0006,0.04,156,149,-0.0201,0.0123,False,0.005,False
quiet_comp,vp_div,5,lu_premium_1d,0.001,-0.0023,-0.0033,-0.22,163,160,-0.0075,0.0009,False,-0.028,False
quiet_comp,vp_div,10,limit_up_count,0.0056,-0.0008,-0.0064,-0.39,156,153,-0.004,-0.0022,True,-0.05,False
quiet_comp,vp_div,10,limit_up_count_ma5,-0.0101,0.0064,0.0165,1.03,157,163,0.0075,0.0297,True,0.131,False
quiet_comp,vp_div,10,blow_rate,-0.0084,0.0125,0.0209,1.32,158,161,0.0045,0.0273,True,0.168,False
quiet_comp,vp_div,10,max_board_height,-0.0044,0.0077,0.0121,0.73,154,149,-0.008,0.0171,False,0.093,False
quiet_comp,vp_div,10,lu_premium_1d,-0.0012,0.002,0.0033,0.21,162,158,-0.0024,0.0057,False,0.027,False
quiet_comp,gap,1,limit_up_count,0.0118,-0.0037,-0.0155,-0.9,161,155,-0.01,-0.0235,True,-0.115,False
quiet_comp,gap,1,limit_up_count_ma5,0.0129,0.0017,-0.0112,-0.64,161,163,-0.021,-0.0021,True,-0.082,False
quiet_comp,gap,1,blow_rate,0.0072,0.0243,0.0171,0.95,162,165,0.0138,0.0237,True,0.121,False
quiet_comp,gap,1,max_board_height,0.0189,-0.0013,-0.0202,-1.13,156,149,-0.0028,-0.0311,True,-0.144,False
quiet_comp,gap,1,lu_premium_1d,0.0005,0.0292,0.0287,1.63,164,163,0.01,0.0478,True,0.208,False
quiet_comp,gap,3,limit_up_count,-0.0007,0.0035,0.0042,0.27,160,154,-0.0128,0.021,False,0.034,False
quiet_comp,gap,3,limit_up_count_ma5,0.006,0.0168,0.0108,0.68,161,163,-0.0089,0.0304,False,0.087,False
quiet_comp,gap,3,blow_rate,0.0099,0.005,-0.0049,-0.29,161,164,-0.0044,-0.0026,True,-0.037,False
quiet_comp,gap,3,max_board_height,-0.0018,0.0116,0.0133,0.84,156,149,0.0281,0.0124,True,0.107,False
quiet_comp,gap,3,lu_premium_1d,-0.0057,0.0235,0.0292,1.95,163,162,0.0316,0.0263,True,0.249,False
quiet_comp,gap,5,limit_up_count,0.0218,0.0123,-0.0095,-0.59,160,153,-0.0424,0.0237,False,-0.075,False
quiet_comp,gap,5,limit_up_count_ma5,0.0348,0.0124,-0.0224,-1.36,159,163,-0.044,0.0004,False,-0.174,False
quiet_comp,gap,5,blow_rate,0.0206,0.0167,-0.0039,-0.23,159,164,-0.0042,0.0016,False,-0.029,False
quiet_comp,gap,5,max_board_height,0.0112,0.0222,0.011,0.68,156,149,0.0099,0.0232,True,0.087,False
quiet_comp,gap,5,lu_premium_1d,0.014,0.0287,0.0147,0.94,163,160,0.0214,0.0085,True,0.12,False
quiet_comp,gap,10,limit_up_count,0.0311,0.011,-0.0201,-1.23,156,153,-0.0459,0.0092,False,-0.157,False
quiet_comp,gap,10,limit_up_count_ma5,0.0239,0.0162,-0.0077,-0.48,157,163,-0.0188,0.0066,False,-0.061,False
quiet_comp,gap,10,blow_rate,0.0176,0.017,-0.0006,-0.04,158,161,-0.004,-0.0041,True,-0.005,False
quiet_comp,gap,10,max_board_height,0.0032,0.0235,0.0203,1.21,154,149,-0.0088,0.0475,False,0.154,False
quiet_comp,gap,10,lu_premium_1d,0.0159,0.0269,0.011,0.66,162,158,0.0166,0.0019,True,0.084,False
quiet_comp,c2l5,1,limit_up_count,-0.0381,-0.0747,-0.0366,-1.54,161,155,-0.0069,-0.0662,True,-0.197,False
quiet_comp,c2l5,1,limit_up_count_ma5,-0.0418,-0.0624,-0.0206,-0.85,161,163,-0.0182,-0.0219,True,-0.108,False
quiet_comp,c2l5,1,blow_rate,-0.0594,-0.0359,0.0235,1.0,162,165,0.0256,0.0322,True,0.128,False
quiet_comp,c2l5,1,max_board_height,-0.0467,-0.0376,0.0091,0.36,156,149,0.0115,0.01,True,0.046,False
quiet_comp,c2l5,1,lu_premium_1d,-0.0407,-0.0471,-0.0064,-0.26,164,163,-0.0435,0.0293,False,-0.033,False
quiet_comp,c2l5,3,limit_up_count,-0.0436,-0.0575,-0.0139,-0.56,160,154,0.0189,-0.0398,False,-0.071,False
quiet_comp,c2l5,3,limit_up_count_ma5,-0.0263,-0.0741,-0.0478,-2.01,161,163,-0.0325,-0.0619,True,-0.257,False
quiet_comp,c2l5,3,blow_rate,-0.059,-0.0365,0.0225,0.9,161,164,0.0082,0.0315,True,0.115,False
quiet_comp,c2l5,3,max_board_height,-0.0736,-0.0317,0.0419,1.67,156,149,0.0113,0.0659,True,0.213,False
quiet_comp,c2l5,3,lu_premium_1d,-0.0494,-0.0477,0.0017,0.07,163,162,-0.0178,0.0137,False,0.009,False
quiet_comp,c2l5,5,limit_up_count,-0.0325,-0.0606,-0.0281,-1.17,160,153,0.0124,-0.0599,False,-0.149,False
quiet_comp,c2l5,5,limit_up_count_ma5,-0.0433,-0.068,-0.0247,-1.04,159,163,-0.011,-0.0338,True,-0.133,False
quiet_comp,c2l5,5,blow_rate,-0.0466,-0.0426,0.004,0.17,159,164,-0.0082,0.0029,False,0.022,False
quiet_comp,c2l5,5,max_board_height,-0.0653,-0.0433,0.022,0.97,156,149,0.0012,0.0282,True,0.124,False
quiet_comp,c2l5,5,lu_premium_1d,-0.0427,-0.0412,0.0015,0.06,163,160,0.0198,-0.0198,False,0.008,False
quiet_comp,c2l5,10,limit_up_count,-0.0368,-0.0684,-0.0316,-1.34,156,153,0.0021,-0.0583,False,-0.171,False
quiet_comp,c2l5,10,limit_up_count_ma5,-0.0501,-0.0741,-0.024,-1.11,157,163,-0.0071,-0.0339,True,-0.142,False
quiet_comp,c2l5,10,blow_rate,-0.053,-0.0499,0.0031,0.14,158,161,-0.0128,-0.0014,True,0.018,False
quiet_comp,c2l5,10,max_board_height,-0.0656,-0.0472,0.0184,0.83,154,149,0.0036,0.009,True,0.106,False
quiet_comp,c2l5,10,lu_premium_1d,-0.0615,-0.0403,0.0212,0.97,162,158,0.0527,-0.0165,False,0.124,False
quiet_comp,winner_ratio,1,limit_up_count,-0.0492,-0.0313,0.0179,1.03,161,155,-0.0009,0.0401,False,0.131,False
quiet_comp,winner_ratio,1,limit_up_count_ma5,-0.0389,-0.0182,0.0207,1.19,161,163,0.015,0.0266,True,0.152,False
quiet_comp,winner_ratio,1,blow_rate,-0.0288,-0.0192,0.0096,0.56,162,165,0.029,-0.0054,False,0.071,False
quiet_comp,winner_ratio,1,max_board_height,-0.0294,-0.0311,-0.0017,-0.1,156,149,-0.0069,-0.0019,True,-0.013,False
quiet_comp,winner_ratio,1,lu_premium_1d,-0.0197,-0.028,-0.0083,-0.48,164,163,0.0159,-0.0301,False,-0.061,False
quiet_comp,winner_ratio,3,limit_up_count,-0.026,-0.0288,-0.0027,-0.16,160,154,-0.0087,0.0091,False,-0.02,False
quiet_comp,winner_ratio,3,limit_up_count_ma5,-0.0273,-0.0155,0.0118,0.72,161,163,0.0033,0.0236,True,0.092,False
quiet_comp,winner_ratio,3,blow_rate,-0.0216,-0.0066,0.015,0.92,161,164,0.0172,0.0097,True,0.117,False
quiet_comp,winner_ratio,3,max_board_height,-0.0368,-0.0161,0.0207,1.23,156,149,0.0027,0.0288,True,0.157,False
quiet_comp,winner_ratio,3,lu_premium_1d,-0.0139,-0.0212,-0.0073,-0.46,163,162,-0.012,-0.0057,True,-0.059,False
quiet_comp,winner_ratio,5,limit_up_count,-0.0196,-0.0352,-0.0156,-0.93,160,153,-0.0266,0.0046,False,-0.119,False
quiet_comp,winner_ratio,5,limit_up_count_ma5,-0.032,-0.0222,0.0098,0.58,159,163,0.0007,0.0238,True,0.074,False
quiet_comp,winner_ratio,5,blow_rate,-0.0284,-0.0007,0.0277,1.69,159,164,0.0248,0.023,True,0.216,False
quiet_comp,winner_ratio,5,max_board_height,-0.034,-0.0254,0.0086,0.52,156,149,-0.0197,0.0199,False,0.066,False
quiet_comp,winner_ratio,5,lu_premium_1d,-0.007,-0.0259,-0.0189,-1.22,163,160,-0.0401,-0.0009,True,-0.156,False
quiet_comp,winner_ratio,10,limit_up_count,-0.0112,-0.0208,-0.0096,-0.56,156,153,0.0045,-0.0146,False,-0.071,False
quiet_comp,winner_ratio,10,limit_up_count_ma5,-0.0337,-0.0029,0.0308,1.84,157,163,0.0561,0.0094,True,0.235,False
quiet_comp,winner_ratio,10,blow_rate,-0.0294,0.0169,0.0464,2.79,158,161,0.0336,0.0383,True,0.356,False
quiet_comp,winner_ratio,10,max_board_height,-0.0218,-0.0134,0.0084,0.49,154,149,-0.0073,-0.0005,True,0.063,False
quiet_comp,winner_ratio,10,lu_premium_1d,0.0014,-0.0109,-0.0124,-0.75,162,158,-0.0355,0.0035,False,-0.096,False
quiet_comp,cost_bias,1,limit_up_count,-0.0193,0.0022,0.0215,1.51,161,155,-0.0051,0.0484,False,0.193,False
quiet_comp,cost_bias,1,limit_up_count_ma5,-0.007,-0.0039,0.0031,0.22,161,163,-0.0173,0.0227,False,0.028,False
quiet_comp,cost_bias,1,blow_rate,-0.0082,-0.0064,0.0018,0.13,162,165,0.0217,-0.0155,False,0.017,False
quiet_comp,cost_bias,1,max_board_height,-0.0082,-0.0105,-0.0023,-0.15,156,149,-0.0004,-0.0091,True,-0.019,False
quiet_comp,cost_bias,1,lu_premium_1d,-0.004,-0.009,-0.005,-0.36,164,163,0.0295,-0.0345,False,-0.046,False
quiet_comp,cost_bias,3,limit_up_count,-0.0032,-0.0021,0.0011,0.08,160,154,-0.0122,0.0128,False,0.01,False
quiet_comp,cost_bias,3,limit_up_count_ma5,-0.0021,0.0039,0.006,0.47,161,163,-0.0021,0.0118,False,0.06,False
quiet_comp,cost_bias,3,blow_rate,-0.0102,-0.0075,0.0026,0.2,161,164,0.0073,0.0012,True,0.026,False
quiet_comp,cost_bias,3,max_board_height,-0.0012,0.0053,0.0065,0.47,156,149,0.0315,-0.0159,False,0.06,False
quiet_comp,cost_bias,3,lu_premium_1d,0.0002,-0.0016,-0.0018,-0.14,163,162,0.0245,-0.0239,False,-0.018,False
quiet_comp,cost_bias,5,limit_up_count,-0.0015,-0.0065,-0.0049,-0.36,160,153,-0.0193,0.0063,False,-0.046,False
quiet_comp,cost_bias,5,limit_up_count_ma5,-0.0178,0.0027,0.0204,1.6,159,163,0.0073,0.0303,True,0.204,False
quiet_comp,cost_bias,5,blow_rate,-0.0182,-0.0054,0.0128,0.94,159,164,0.0366,-0.0016,False,0.12,False
quiet_comp,cost_bias,5,max_board_height,-0.0026,-0.011,-0.0083,-0.59,156,149,0.0145,-0.0267,False,-0.075,False
quiet_comp,cost_bias,5,lu_premium_1d,0.0032,-0.0097,-0.0129,-0.97,163,160,0.0029,-0.0245,False,-0.124,False
quiet_comp,cost_bias,10,limit_up_count,-0.0016,-0.0007,0.001,0.07,156,153,0.0039,-0.0079,False,0.009,False
quiet_comp,cost_bias,10,limit_up_count_ma5,-0.0288,0.0076,0.0364,2.71,157,163,0.0462,0.0212,True,0.346,False
quiet_comp,cost_bias,10,blow_rate,-0.0076,-0.0016,0.006,0.43,158,161,0.0223,-0.0007,False,0.055,False
quiet_comp,cost_bias,10,max_board_height,-0.0074,-0.0025,0.005,0.34,154,149,0.0369,-0.0198,False,0.043,False
quiet_comp,cost_bias,10,lu_premium_1d,0.0148,-0.001,-0.0158,-1.13,162,158,-0.0209,-0.0074,True,-0.144,False
quiet_comp,up_days,1,limit_up_count,-0.0718,-0.0486,0.0233,1.26,161,155,0.0305,0.0178,True,0.161,False
quiet_comp,up_days,1,limit_up_count_ma5,-0.0596,-0.0545,0.0052,0.29,161,163,0.0056,0.0065,True,0.037,False
quiet_comp,up_days,1,blow_rate,-0.0397,-0.0505,-0.0107,-0.61,162,165,-0.0496,0.0171,False,-0.078,False
quiet_comp,up_days,1,max_board_height,-0.0342,-0.0664,-0.0322,-1.71,156,149,-0.0222,-0.0416,True,-0.218,False
quiet_comp,up_days,1,lu_premium_1d,-0.0559,-0.0474,0.0084,0.47,164,163,0.0203,-0.0053,False,0.06,False
quiet_comp,up_days,3,limit_up_count,-0.0575,-0.0183,0.0392,2.13,160,154,0.0524,0.0285,True,0.272,False
quiet_comp,up_days,3,limit_up_count_ma5,-0.0406,-0.031,0.0096,0.56,161,163,0.0264,-0.0058,False,0.071,False
quiet_comp,up_days,3,blow_rate,-0.0215,-0.0348,-0.0132,-0.74,161,164,-0.0482,0.0123,False,-0.094,False
quiet_comp,up_days,3,max_board_height,-0.0273,-0.022,0.0053,0.3,156,149,0.0245,-0.0076,False,0.038,False
quiet_comp,up_days,3,lu_premium_1d,-0.0382,-0.0285,0.0097,0.55,163,162,0.0254,-0.0029,False,0.07,False
quiet_comp,up_days,5,limit_up_count,-0.0489,-0.0055,0.0434,2.43,160,153,0.0473,0.0411,True,0.31,False
quiet_comp,up_days,5,limit_up_count_ma5,-0.0357,-0.022,0.0137,0.8,159,163,0.0289,-0.0012,False,0.102,False
quiet_comp,up_days,5,blow_rate,-0.0203,-0.0214,-0.0011,-0.06,159,164,-0.023,0.0134,False,-0.008,False
quiet_comp,up_days,5,max_board_height,-0.0137,-0.0179,-0.0042,-0.24,156,149,0.0063,-0.0126,False,-0.031,False
quiet_comp,up_days,5,lu_premium_1d,-0.0232,-0.0183,0.0048,0.28,163,160,0.0104,0.0024,True,0.036,False
quiet_comp,up_days,10,limit_up_count,-0.0317,-0.0082,0.0235,1.32,156,153,0.0225,0.024,True,0.168,False
quiet_comp,up_days,10,limit_up_count_ma5,-0.0316,-0.026,0.0057,0.32,157,163,0.0255,-0.0162,False,0.041,False
quiet_comp,up_days,10,blow_rate,-0.0283,-0.0117,0.0166,0.94,158,161,-0.0043,0.0325,False,0.12,False
quiet_comp,up_days,10,max_board_height,-0.0168,-0.0166,0.0002,0.01,154,149,0.0128,-0.0113,False,0.001,False
quiet_comp,up_days,10,lu_premium_1d,-0.0346,-0.0153,0.0193,1.09,162,158,0.0197,0.0225,True,0.139,False
next_lu,mom5,1,limit_up_count,0.0142,0.0762,0.062,0.54,53,18,-0.0323,0.1844,False,0.069,False
next_lu,mom5,1,limit_up_count_ma5,0.1758,0.0331,-0.1427,,66,7,-0.3174,-0.0166,True,,False
next_lu,mom5,1,blow_rate,0.1169,-0.0434,-0.1604,-1.95,33,32,-0.2784,-0.0407,True,-0.249,False
next_lu,mom5,1,max_board_height,0.0921,0.0555,-0.0366,-0.44,39,23,-0.2504,0.0416,False,-0.056,False
next_lu,mom5,1,lu_premium_1d,0.005,0.0531,0.0481,0.52,28,26,0.0862,-0.0248,False,0.066,False
next_lu,mom5,3,limit_up_count,0.0147,0.0138,-0.0009,-0.01,53,18,-0.0874,0.1146,False,-0.001,False
next_lu,mom5,3,limit_up_count_ma5,0.0727,-0.0294,-0.1021,,66,7,-0.0975,-0.1324,True,,False
next_lu,mom5,3,blow_rate,0.0203,-0.0411,-0.0613,-0.73,33,32,-0.0653,-0.0763,True,-0.093,False
next_lu,mom5,3,max_board_height,-0.0083,-0.0297,-0.0214,-0.25,39,23,-0.1821,0.0476,False,-0.032,False
next_lu,mom5,3,lu_premium_1d,-0.0245,0.0119,0.0364,0.37,28,26,-0.045,0.1272,False,0.047,False
next_lu,mom5,5,limit_up_count,-0.0131,-0.0047,0.0084,0.09,53,18,-0.1877,0.2979,False,0.011,False
next_lu,mom5,5,limit_up_count_ma5,0.0208,-0.0377,-0.0585,,66,7,-0.0651,-0.0311,True,,False
next_lu,mom5,5,blow_rate,0.009,-0.0555,-0.0645,-0.8,33,32,-0.0721,-0.0226,True,-0.102,False
next_lu,mom5,5,max_board_height,-0.0215,-0.045,-0.0235,-0.27,39,23,-0.1807,0.0833,False,-0.034,False
next_lu,mom5,5,lu_premium_1d,-0.0429,-0.0179,0.0251,0.27,28,26,-0.0884,0.177,False,0.034,False
next_lu,mom5,10,limit_up_count,-0.092,-0.0616,0.0303,0.3,52,18,-0.1479,0.289,False,0.038,False
next_lu,mom5,10,limit_up_count_ma5,0.1723,-0.0818,-0.254,,65,7,-0.3636,-0.1611,True,,False
next_lu,mom5,10,blow_rate,-0.0795,-0.0937,-0.0142,-0.19,33,32,-0.0231,0.0258,False,-0.024,False
next_lu,mom5,10,max_board_height,-0.0196,-0.0936,-0.074,-0.85,39,23,-0.2173,0.0076,False,-0.108,False
next_lu,mom5,10,lu_premium_1d,-0.0696,-0.0868,-0.0172,-0.17,28,25,-0.1516,0.1529,False,-0.022,False
next_lu,mom10,1,limit_up_count,-0.0624,0.0379,0.1004,0.85,53,18,0.0036,0.2325,True,0.108,False
next_lu,mom10,1,limit_up_count_ma5,0.2199,0.0103,-0.2096,,66,7,-0.4403,-0.0234,True,,False
next_lu,mom10,1,blow_rate,0.0171,-0.0324,-0.0495,-0.58,33,32,-0.1363,0.0498,False,-0.074,False
next_lu,mom10,1,max_board_height,0.1049,-0.014,-0.1189,-1.32,39,23,-0.3244,-0.0481,True,-0.168,False
next_lu,mom10,1,lu_premium_1d,0.0527,0.0245,-0.0283,-0.27,28,26,-0.0324,-0.0565,True,-0.034,False
next_lu,mom10,3,limit_up_count,-0.0239,0.0017,0.0257,0.24,53,18,-0.0579,0.144,False,0.031,False
next_lu,mom10,3,limit_up_count_ma5,0.0801,-0.0321,-0.1122,,66,7,-0.1809,-0.0584,True,,False
next_lu,mom10,3,blow_rate,-0.0298,-0.041,-0.0112,-0.13,33,32,-0.0237,-0.012,True,-0.017,False
next_lu,mom10,3,max_board_height,0.0696,-0.0759,-0.1455,-1.65,39,23,-0.269,-0.1537,True,-0.211,False
next_lu,mom10,3,lu_premium_1d,0.01,-0.0161,-0.0262,-0.26,28,26,-0.0868,0.045,False,-0.033,False
next_lu,mom10,5,limit_up_count,0.0153,-0.0294,-0.0447,-0.43,53,18,-0.1668,0.1325,False,-0.055,False
next_lu,mom10,5,limit_up_count_ma5,-0.0368,-0.0428,-0.006,,66,7,-0.0714,0.0534,False,,False
next_lu,mom10,5,blow_rate,-0.0372,-0.0417,-0.0045,-0.05,33,32,-0.0506,0.0706,False,-0.006,False
next_lu,mom10,5,max_board_height,0.0286,-0.0636,-0.0922,-1.0,39,23,-0.092,-0.1978,True,-0.128,False
next_lu,mom10,5,lu_premium_1d,-0.0449,-0.0789,-0.034,-0.32,28,26,-0.1103,0.0595,False,-0.041,False
next_lu,mom10,10,limit_up_count,-0.1132,-0.1259,-0.0127,-0.15,52,18,-0.0935,0.1012,False,-0.019,False
next_lu,mom10,10,limit_up_count_ma5,-0.0195,-0.1236,-0.1042,,65,7,-0.2629,0.0038,False,,False
next_lu,mom10,10,blow_rate,-0.1328,-0.1208,0.012,0.15,33,32,0.0134,0.0296,True,0.019,False
next_lu,mom10,10,max_board_height,-0.0485,-0.1395,-0.0911,-1.08,39,23,0.042,-0.0847,False,-0.138,False
next_lu,mom10,10,lu_premium_1d,-0.124,-0.1715,-0.0475,-0.51,28,25,-0.206,0.1421,False,-0.065,False
next_lu,mom20,1,limit_up_count,-0.0516,0.0224,0.0741,0.59,53,18,-0.09,0.2901,False,0.075,False
next_lu,mom20,1,limit_up_count_ma5,0.155,-0.0404,-0.1954,,66,7,-0.385,-0.0754,True,,False
next_lu,mom20,1,blow_rate,-0.0476,-0.0442,0.0034,0.04,33,32,-0.02,-0.0193,True,0.005,False
next_lu,mom20,1,max_board_height,0.042,-0.0093,-0.0513,-0.54,39,23,-0.2432,-0.0192,True,-0.069,False
next_lu,mom20,1,lu_premium_1d,-0.0155,-0.0051,0.0104,0.1,28,26,0.0666,-0.0906,False,0.013,False
next_lu,mom20,3,limit_up_count,0.0208,-0.0765,-0.0974,-0.87,53,18,-0.2156,0.0671,False,-0.111,False
next_lu,mom20,3,limit_up_count_ma5,0.1017,-0.132,-0.2337,,66,7,-0.4209,-0.1165,True,,False
next_lu,mom20,3,blow_rate,-0.1188,-0.086,0.0327,0.34,33,32,0.0649,-0.047,False,0.043,False
next_lu,mom20,3,max_board_height,-0.0122,-0.1183,-0.1061,-1.1,39,23,-0.192,-0.0967,True,-0.14,False
next_lu,mom20,3,lu_premium_1d,-0.0729,-0.0899,-0.017,-0.17,28,26,-0.0259,-0.0398,True,-0.022,False
next_lu,mom20,5,limit_up_count,0.0158,-0.0856,-0.1015,-1.01,53,18,-0.2677,0.1479,False,-0.129,False
next_lu,mom20,5,limit_up_count_ma5,0.0333,-0.1232,-0.1566,,66,7,-0.3701,0.0101,False,,False
next_lu,mom20,5,blow_rate,-0.1184,-0.1006,0.0178,0.19,33,32,0.0534,-0.0349,False,0.024,False
next_lu,mom20,5,max_board_height,-0.01,-0.0616,-0.0516,-0.51,39,23,-0.1612,-0.0771,True,-0.065,False
next_lu,mom20,5,lu_premium_1d,-0.1006,-0.082,0.0187,0.17,28,26,0.01,0.021,True,0.022,False
next_lu,mom20,10,limit_up_count,-0.11,-0.1631,-0.0531,-0.57,52,18,-0.1542,0.0886,False,-0.073,False
next_lu,mom20,10,limit_up_count_ma5,-0.0238,-0.1676,-0.1438,,65,7,-0.4303,0.0528,False,,False
next_lu,mom20,10,blow_rate,-0.2045,-0.1259,0.0786,0.84,33,32,0.1458,-0.0044,False,0.107,False
next_lu,mom20,10,max_board_height,-0.0529,-0.1488,-0.0959,-0.9,39,23,-0.1962,-0.0626,True,-0.115,False
next_lu,mom20,10,lu_premium_1d,-0.1978,-0.1324,0.0655,0.61,28,25,-0.1149,0.266,False,0.078,False
next_lu,rev5,1,limit_up_count,-0.0142,-0.0762,-0.062,-0.54,53,18,0.0323,-0.1844,False,-0.069,False
next_lu,rev5,1,limit_up_count_ma5,-0.1758,-0.0331,0.1427,,66,7,0.3174,0.0166,True,,False
next_lu,rev5,1,blow_rate,-0.1169,0.0434,0.1604,1.95,33,32,0.2784,0.0407,True,0.249,False
next_lu,rev5,1,max_board_height,-0.0921,-0.0555,0.0366,0.44,39,23,0.2504,-0.0416,False,0.056,False
next_lu,rev5,1,lu_premium_1d,-0.005,-0.0531,-0.0481,-0.52,28,26,-0.0862,0.0248,False,-0.066,False
next_lu,rev5,3,limit_up_count,-0.0147,-0.0138,0.0009,0.01,53,18,0.0874,-0.1146,False,0.001,False
next_lu,rev5,3,limit_up_count_ma5,-0.0727,0.0294,0.1021,,66,7,0.0975,0.1324,True,,False
next_lu,rev5,3,blow_rate,-0.0203,0.0411,0.0613,0.73,33,32,0.0653,0.0763,True,0.093,False
next_lu,rev5,3,max_board_height,0.0083,0.0297,0.0214,0.25,39,23,0.1821,-0.0476,False,0.032,False
next_lu,rev5,3,lu_premium_1d,0.0245,-0.0119,-0.0364,-0.37,28,26,0.045,-0.1272,False,-0.047,False
next_lu,rev5,5,limit_up_count,0.0131,0.0047,-0.0084,-0.09,53,18,0.1877,-0.2979,False,-0.011,False
next_lu,rev5,5,limit_up_count_ma5,-0.0208,0.0377,0.0585,,66,7,0.0651,0.0311,True,,False
next_lu,rev5,5,blow_rate,-0.009,0.0555,0.0645,0.8,33,32,0.0721,0.0226,True,0.102,False
next_lu,rev5,5,max_board_height,0.0215,0.045,0.0235,0.27,39,23,0.1807,-0.0833,False,0.034,False
next_lu,rev5,5,lu_premium_1d,0.0429,0.0179,-0.0251,-0.27,28,26,0.0884,-0.177,False,-0.034,False
next_lu,rev5,10,limit_up_count,0.092,0.0616,-0.0303,-0.3,52,18,0.1479,-0.289,False,-0.038,False
next_lu,rev5,10,limit_up_count_ma5,-0.1723,0.0818,0.254,,65,7,0.3636,0.1611,True,,False
next_lu,rev5,10,blow_rate,0.0795,0.0937,0.0142,0.19,33,32,0.0231,-0.0258,False,0.024,False
next_lu,rev5,10,max_board_height,0.0196,0.0936,0.074,0.85,39,23,0.2173,-0.0076,False,0.108,False
next_lu,rev5,10,lu_premium_1d,0.0696,0.0868,0.0172,0.17,28,25,0.1516,-0.1529,False,0.022,False
next_lu,std5,1,limit_up_count,-0.2535,0.0258,0.2793,2.66,53,18,0.0828,0.5573,True,0.339,False
next_lu,std5,1,limit_up_count_ma5,-0.3597,-0.0055,0.3543,,66,7,0.3162,0.4015,True,,False
next_lu,std5,1,blow_rate,-0.0547,-0.0377,0.017,0.18,33,32,0.2261,-0.2376,False,0.023,False
next_lu,std5,1,max_board_height,-0.0832,-0.0362,0.047,0.51,39,23,0.2232,0.0066,True,0.065,False
next_lu,std5,1,lu_premium_1d,-0.0088,-0.0187,-0.0098,-0.09,28,26,-0.0421,0.0206,False,-0.011,False
next_lu,std5,3,limit_up_count,-0.1532,-0.0782,0.075,0.81,53,18,-0.0299,0.2323,False,0.103,False
next_lu,std5,3,limit_up_count_ma5,-0.2104,-0.098,0.1123,,66,7,-0.0099,0.236,False,,False
next_lu,std5,3,blow_rate,-0.0358,-0.1048,-0.0691,-0.79,33,32,0.0469,-0.1419,False,-0.101,False
next_lu,std5,3,max_board_height,-0.1542,-0.071,0.0832,1.03,39,23,0.2017,0.2297,True,0.131,False
next_lu,std5,3,lu_premium_1d,-0.1561,-0.0278,0.1282,1.31,28,26,0.0498,0.2476,True,0.167,False
next_lu,std5,5,limit_up_count,-0.1224,-0.0602,0.0621,0.8,53,18,0.0406,0.1139,True,0.102,False
next_lu,std5,5,limit_up_count_ma5,-0.2017,-0.073,0.1287,,66,7,-0.1563,0.3744,False,,False
next_lu,std5,5,blow_rate,-0.0272,-0.0427,-0.0155,-0.18,33,32,0.1231,-0.1298,False,-0.023,False
next_lu,std5,5,max_board_height,-0.0573,-0.0773,-0.02,-0.24,39,23,0.0285,0.0983,True,-0.031,False
next_lu,std5,5,lu_premium_1d,-0.1104,0.0134,0.1238,1.28,28,26,0.0038,0.308,True,0.163,False
next_lu,std5,10,limit_up_count,-0.138,-0.034,0.104,0.99,52,18,0.0969,0.1213,True,0.126,False
next_lu,std5,10,limit_up_count_ma5,-0.1667,-0.0569,0.1097,,65,7,-0.0733,0.2734,False,,False
next_lu,std5,10,blow_rate,0.0012,-0.0604,-0.0617,-0.7,33,32,0.0058,-0.1178,False,-0.089,False
next_lu,std5,10,max_board_height,-0.0314,-0.098,-0.0666,-0.7,39,23,-0.2665,0.0029,False,-0.089,False
next_lu,std5,10,lu_premium_1d,-0.1107,0.0159,0.1266,1.39,28,25,0.0442,0.2453,True,0.177,False
next_lu,std20,1,limit_up_count,-0.1302,0.0629,0.1931,1.93,53,18,-0.0571,0.5646,False,0.246,False
next_lu,std20,1,limit_up_count_ma5,-0.0935,0.0421,0.1356,,66,7,-0.2328,0.4615,False,,False
next_lu,std20,1,blow_rate,0.0113,-0.0365,-0.0477,-0.54,33,32,0.162,-0.2906,False,-0.069,False
next_lu,std20,1,max_board_height,0.0521,0.0455,-0.0066,-0.08,39,23,-0.1503,0.1726,False,-0.01,False
next_lu,std20,1,lu_premium_1d,0.0615,0.0605,-0.001,-0.01,28,26,-0.0789,0.106,False,-0.001,False
next_lu,std20,3,limit_up_count,-0.012,-0.0421,-0.0301,-0.31,53,18,-0.2017,0.2391,False,-0.04,False
next_lu,std20,3,limit_up_count_ma5,-0.0333,-0.0544,-0.0211,,66,7,-0.3542,0.2772,False,,False
next_lu,std20,3,blow_rate,-0.0723,-0.0635,0.0087,0.09,33,32,0.2514,-0.1869,False,0.011,False
next_lu,std20,3,max_board_height,-0.0225,-0.0416,-0.0191,-0.21,39,23,-0.1919,0.2244,False,-0.027,False
next_lu,std20,3,lu_premium_1d,0.0066,0.052,0.0454,0.46,28,26,-0.1265,0.2815,False,0.059,False
next_lu,std20,5,limit_up_count,-0.0827,-0.0529,0.0298,0.31,53,18,-0.2127,0.4015,False,0.04,False
next_lu,std20,5,limit_up_count_ma5,-0.1139,-0.0565,0.0574,,66,7,-0.426,0.4904,False,,False
next_lu,std20,5,blow_rate,-0.0163,-0.1048,-0.0884,-0.93,33,32,0.1764,-0.3435,False,-0.119,False
next_lu,std20,5,max_board_height,-0.0105,-0.024,-0.0135,-0.15,39,23,-0.2163,0.1898,False,-0.019,False
next_lu,std20,5,lu_premium_1d,-0.0479,0.0652,0.1131,1.19,28,26,-0.0458,0.3581,False,0.152,False
next_lu,std20,10,limit_up_count,-0.0837,-0.1126,-0.0289,-0.28,52,18,-0.1939,0.2209,False,-0.036,False
next_lu,std20,10,limit_up_count_ma5,-0.1424,-0.0942,0.0482,,65,7,-0.3538,0.39,False,,False
next_lu,std20,10,blow_rate,-0.0366,-0.1268,-0.0902,-0.98,33,32,0.1747,-0.3831,False,-0.125,False
next_lu,std20,10,max_board_height,-0.0315,-0.1041,-0.0726,-0.74,39,23,-0.3663,0.141,False,-0.094,False
next_lu,std20,10,lu_premium_1d,-0.0718,-0.0159,0.0558,0.53,28,25,-0.1594,0.3388,False,0.068,False
next_lu,amp5,1,limit_up_count,-0.2538,-0.0789,0.1749,1.59,53,18,0.1083,0.3109,True,0.203,False
next_lu,amp5,1,limit_up_count_ma5,-0.3355,-0.0883,0.2472,,66,7,0.2248,0.3035,True,,False
next_lu,amp5,1,blow_rate,-0.1673,-0.1199,0.0474,0.5,33,32,0.3796,-0.2892,False,0.064,False
next_lu,amp5,1,max_board_height,-0.012,-0.0707,-0.0587,-0.7,39,23,0.1431,0.0387,True,-0.089,False
next_lu,amp5,1,lu_premium_1d,-0.0799,-0.1253,-0.0454,-0.44,28,26,-0.073,-0.0066,True,-0.056,False
next_lu,amp5,3,limit_up_count,-0.1405,-0.1333,0.0072,0.06,53,18,0.0371,0.0153,True,0.008,False
next_lu,amp5,3,limit_up_count_ma5,-0.426,-0.1496,0.2764,,66,7,0.3878,0.2272,True,,False
next_lu,amp5,3,blow_rate,-0.1837,-0.1499,0.0338,0.36,33,32,0.3091,-0.179,False,0.046,False
next_lu,amp5,3,max_board_height,-0.07,-0.1329,-0.0629,-0.75,39,23,0.0095,0.1015,True,-0.096,False
next_lu,amp5,3,lu_premium_1d,-0.1511,-0.1224,0.0287,0.29,28,26,-0.1435,0.2633,False,0.037,False
next_lu,amp5,5,limit_up_count,-0.1505,-0.0834,0.0671,0.68,53,18,0.1691,-0.0331,False,0.087,False
next_lu,amp5,5,limit_up_count_ma5,-0.374,-0.0905,0.2836,,66,7,0.3081,0.2797,True,,False
next_lu,amp5,5,blow_rate,-0.1381,-0.0606,0.0776,0.84,33,32,0.3904,-0.1901,False,0.107,False
next_lu,amp5,5,max_board_height,0.006,-0.1066,-0.1126,-1.23,39,23,0.0234,-0.1187,False,-0.157,False
next_lu,amp5,5,lu_premium_1d,-0.1181,-0.0896,0.0285,0.3,28,26,-0.1384,0.2527,False,0.038,False
next_lu,amp5,10,limit_up_count,-0.1776,-0.1372,0.0404,0.44,52,18,0.0645,0.024,True,0.056,False
next_lu,amp5,10,limit_up_count_ma5,-0.3515,-0.1296,0.2219,,65,7,0.0874,0.3382,True,,False
next_lu,amp5,10,blow_rate,-0.1618,-0.1214,0.0404,0.48,33,32,0.2991,-0.2219,False,0.061,False
next_lu,amp5,10,max_board_height,-0.0734,-0.158,-0.0846,-0.94,39,23,-0.3191,0.0843,False,-0.12,False
next_lu,amp5,10,lu_premium_1d,-0.1752,-0.1759,-0.0008,-0.01,28,25,-0.2139,0.2655,False,-0.001,False
next_lu,to_level,1,limit_up_count,-0.073,0.0343,0.1073,1.19,40,17,-0.0415,0.2832,False,0.152,False
next_lu,to_level,1,limit_up_count_ma5,-0.0732,0.0259,0.099,,51,7,-0.0575,0.231,False,,False
next_lu,to_level,1,blow_rate,0.0199,-0.0196,-0.0395,-0.44,28,26,0.2194,-0.2236,False,-0.056,False
next_lu,to_level,1,max_board_height,0.0652,0.0131,-0.0522,-0.54,28,23,-0.1095,0.0138,False,-0.069,False
next_lu,to_level,1,lu_premium_1d,0.106,0.0264,-0.0796,-0.78,24,24,-0.2959,0.1108,False,-0.1,False
next_lu,to_level,3,limit_up_count,-0.0606,-0.0302,0.0304,0.28,40,17,-0.056,0.1324,False,0.036,False
next_lu,to_level,3,limit_up_count_ma5,-0.2212,-0.0178,0.2034,,51,7,0.1177,0.2718,True,,False
next_lu,to_level,3,blow_rate,-0.0319,0.014,0.0459,0.45,28,26,0.2968,-0.0977,False,0.057,False
next_lu,to_level,3,max_board_height,-0.0121,-0.0064,0.0057,0.06,28,23,-0.3275,0.1575,False,0.008,False
next_lu,to_level,3,lu_premium_1d,-0.0512,0.0564,0.1076,1.05,24,24,-0.1226,0.3205,False,0.134,False
next_lu,to_level,5,limit_up_count,-0.0294,-0.0582,-0.0288,-0.26,40,17,-0.1164,0.0743,False,-0.033,False
next_lu,to_level,5,limit_up_count_ma5,-0.2987,-0.0662,0.2325,,51,7,0.0372,0.3829,True,,False
next_lu,to_level,5,blow_rate,-0.0562,-0.0417,0.0145,0.15,28,26,0.2698,-0.2008,False,0.019,False
next_lu,to_level,5,max_board_height,-0.0266,0.0086,0.0352,0.34,28,23,-0.2586,0.0921,False,0.043,False
next_lu,to_level,5,lu_premium_1d,-0.0459,0.0077,0.0536,0.53,24,24,0.0003,0.0987,True,0.068,False
next_lu,to_level,10,limit_up_count,-0.0558,-0.1589,-0.103,-1.29,39,17,-0.1615,-0.037,True,-0.165,False
next_lu,to_level,10,limit_up_count_ma5,-0.2446,-0.1418,0.1028,,50,7,-0.0229,0.1885,False,,False
next_lu,to_level,10,blow_rate,-0.1524,-0.0883,0.064,0.68,28,26,0.231,-0.0714,False,0.087,False
next_lu,to_level,10,max_board_height,-0.1718,-0.0855,0.0862,0.84,28,23,-0.1195,0.1616,False,0.107,False
next_lu,to_level,10,lu_premium_1d,-0.1376,-0.1192,0.0184,0.17,24,23,-0.1661,0.1856,False,0.022,False
next_lu,to_trend,1,limit_up_count,-0.0769,-0.0786,-0.0017,-0.02,40,17,0.2283,-0.2675,False,-0.003,False
next_lu,to_trend,1,limit_up_count_ma5,0.0013,-0.1085,-0.1098,,51,7,-0.2402,-0.0225,True,,False
next_lu,to_trend,1,blow_rate,-0.1085,-0.0662,0.0423,0.53,28,26,-0.0049,0.0998,False,0.068,False
next_lu,to_trend,1,max_board_height,0.0318,-0.0805,-0.1123,-1.51,28,23,-0.1554,-0.3028,True,-0.193,False
next_lu,to_trend,1,lu_premium_1d,-0.134,-0.1264,0.0076,0.08,24,24,0.1502,-0.1207,False,0.01,False
next_lu,to_trend,3,limit_up_count,-0.0384,-0.0989,-0.0604,-0.76,40,17,0.1537,-0.3073,False,-0.097,False
next_lu,to_trend,3,limit_up_count_ma5,0.026,-0.1112,-0.1372,,51,7,-0.1348,-0.1491,True,,False
next_lu,to_trend,3,blow_rate,-0.1459,-0.0637,0.0822,1.0,28,26,-0.0631,0.2278,False,0.128,False
next_lu,to_trend,3,max_board_height,0.0446,-0.1156,-0.1602,-1.99,28,23,-0.0608,-0.3233,True,-0.254,False
next_lu,to_trend,3,lu_premium_1d,-0.0595,-0.2063,-0.1468,-1.77,24,24,-0.1153,-0.1888,True,-0.226,False
next_lu,to_trend,5,limit_up_count,0.029,-0.1239,-0.1529,-1.68,40,17,0.1089,-0.4549,False,-0.214,False
next_lu,to_trend,5,limit_up_count_ma5,0.0398,-0.0982,-0.138,,51,7,0.0198,-0.2828,False,,False
next_lu,to_trend,5,blow_rate,-0.2048,0.0351,0.2399,2.63,28,26,0.0983,0.4159,True,0.336,False
next_lu,to_trend,5,max_board_height,0.0205,-0.098,-0.1185,-1.3,28,23,0.1118,-0.3349,False,-0.166,False
next_lu,to_trend,5,lu_premium_1d,-0.0454,-0.2134,-0.168,-1.67,24,24,-0.1513,-0.206,True,-0.213,False
next_lu,to_trend,10,limit_up_count,-0.026,-0.0974,-0.0714,-0.77,39,17,0.0426,-0.2092,False,-0.098,False
next_lu,to_trend,10,limit_up_count_ma5,0.0333,-0.0724,-0.1057,,50,7,-0.1524,-0.0908,True,,False
next_lu,to_trend,10,blow_rate,-0.2013,0.0251,0.2264,2.67,28,26,0.1128,0.3486,True,0.341,False
next_lu,to_trend,10,max_board_height,-0.0127,-0.0812,-0.0685,-0.83,28,23,0.1371,-0.2606,False,-0.106,False
next_lu,to_trend,10,lu_premium_1d,-0.0642,-0.1682,-0.104,-1.08,24,23,-0.0872,-0.1512,True,-0.138,False
next_lu,amihud20,1,limit_up_count,0.0736,0.0102,-0.0634,-0.64,52,16,-0.0932,-0.0527,True,-0.082,False
next_lu,amihud20,1,limit_up_count_ma5,0.1424,-0.0049,-0.1473,,64,7,-0.2281,-0.1201,True,,False
next_lu,amihud20,1,blow_rate,-0.0455,-0.0094,0.036,0.49,31,31,-0.0436,0.1206,False,0.063,False
next_lu,amihud20,1,max_board_height,-0.0473,-0.0727,-0.0253,-0.33,38,23,-0.0778,-0.1507,True,-0.042,False
next_lu,amihud20,1,lu_premium_1d,0.0271,-0.0674,-0.0944,-1.25,27,25,-0.0496,-0.1574,True,-0.16,False
next_lu,amihud20,3,limit_up_count,0.1561,0.0695,-0.0866,-1.11,52,16,-0.0923,-0.08,True,-0.142,False
next_lu,amihud20,3,limit_up_count_ma5,0.1965,0.031,-0.1656,,64,7,-0.1807,-0.1695,True,,False
next_lu,amihud20,3,blow_rate,0.0058,0.0224,0.0167,0.23,31,31,-0.0548,0.0971,False,0.029,False
next_lu,amihud20,3,max_board_height,0.0764,0.0089,-0.0675,-0.84,38,23,-0.0563,-0.0778,True,-0.107,False
next_lu,amihud20,3,lu_premium_1d,0.122,-0.0453,-0.1673,-2.26,27,25,-0.0635,-0.2811,True,-0.288,False
next_lu,amihud20,5,limit_up_count,0.1473,0.0403,-0.107,-0.84,52,16,0.0256,-0.2637,False,-0.107,False
next_lu,amihud20,5,limit_up_count_ma5,0.2935,0.0085,-0.285,,64,7,-0.2012,-0.3814,True,,False
next_lu,amihud20,5,blow_rate,0.0063,0.0374,0.0311,0.4,31,31,-0.0821,0.1822,False,0.051,False
next_lu,amihud20,5,max_board_height,-0.0,0.0143,0.0143,0.15,38,23,0.0869,0.0359,True,0.019,False
next_lu,amihud20,5,lu_premium_1d,0.0485,-0.0305,-0.079,-0.88,27,25,-0.0068,-0.1579,True,-0.112,False
next_lu,amihud20,10,limit_up_count,0.085,0.1355,0.0505,0.56,51,16,0.1191,-0.0524,False,0.071,False
next_lu,amihud20,10,limit_up_count_ma5,0.0208,0.088,0.0672,,63,7,0.1245,-0.0259,False,,False
next_lu,amihud20,10,blow_rate,0.0611,0.0472,-0.0139,-0.17,31,31,-0.1332,0.0957,False,-0.022,False
next_lu,amihud20,10,max_board_height,0.0269,0.122,0.0951,0.92,38,23,0.2063,-0.0001,False,0.117,False
next_lu,amihud20,10,lu_premium_1d,0.0714,0.0832,0.0118,0.12,27,24,0.0629,-0.0758,False,0.015,False
next_lu,vp_div,1,limit_up_count,0.1598,0.0971,-0.0627,-0.61,53,18,-0.2048,0.1344,False,-0.078,False
next_lu,vp_div,1,limit_up_count_ma5,0.1879,0.1238,-0.0641,,66,7,0.2271,-0.2646,False,,False
next_lu,vp_div,1,blow_rate,0.1264,0.1326,0.0062,0.08,33,32,-0.0437,0.0688,False,0.01,False
next_lu,vp_div,1,max_board_height,0.02,0.1126,0.0926,1.19,39,23,0.1966,0.2651,True,0.152,False
next_lu,vp_div,1,lu_premium_1d,0.146,0.174,0.028,0.29,28,26,-0.0312,0.1086,False,0.037,False
next_lu,vp_div,3,limit_up_count,0.0822,0.0905,0.0084,0.1,53,18,-0.1074,0.1651,False,0.013,False
next_lu,vp_div,3,limit_up_count_ma5,0.0247,0.1001,0.0754,,66,7,0.3335,-0.1131,False,,False
next_lu,vp_div,3,blow_rate,0.0957,0.145,0.0493,0.66,33,32,0.131,-0.0648,False,0.084,False
next_lu,vp_div,3,max_board_height,-0.0307,0.1303,0.161,2.04,39,23,0.108,0.2831,True,0.26,False
next_lu,vp_div,3,lu_premium_1d,0.0599,0.2296,0.1698,2.26,28,26,0.126,0.2452,True,0.288,False
next_lu,vp_div,5,limit_up_count,0.0076,0.1015,0.094,1.03,53,18,-0.1217,0.4183,False,0.131,False
next_lu,vp_div,5,limit_up_count_ma5,0.0792,0.0714,-0.0078,,66,7,0.1432,-0.0605,False,,False
next_lu,vp_div,5,blow_rate,0.1622,0.0296,-0.1326,-1.66,33,32,-0.07,-0.2027,True,-0.212,False
next_lu,vp_div,5,max_board_height,0.0352,0.0759,0.0407,0.47,39,23,-0.0486,0.2351,False,0.06,False
next_lu,vp_div,5,lu_premium_1d,0.0688,0.2326,0.1638,1.94,28,26,0.1752,0.2152,True,0.248,False
next_lu,vp_div,10,limit_up_count,0.0242,0.0278,0.0037,0.04,52,18,-0.1899,0.2988,False,0.005,False
next_lu,vp_div,10,limit_up_count_ma5,0.1143,0.0101,-0.1042,,65,7,-0.0303,-0.1183,True,,False
next_lu,vp_div,10,blow_rate,0.1129,0.0049,-0.108,-1.36,33,32,0.0134,-0.2743,False,-0.174,False
next_lu,vp_div,10,max_board_height,0.0383,0.0424,0.0041,0.05,39,23,-0.2031,0.2112,False,0.006,False
next_lu,vp_div,10,lu_premium_1d,0.016,0.1646,0.1485,1.72,28,25,0.1807,0.166,True,0.22,False
next_lu,gap,1,limit_up_count,0.1065,0.2326,0.1262,1.26,53,18,0.0059,0.2754,True,0.161,False
next_lu,gap,1,limit_up_count_ma5,0.1614,0.142,-0.0193,,66,7,-0.2038,0.084,False,,False
next_lu,gap,1,blow_rate,0.2283,0.0919,-0.1363,-1.72,33,32,-0.2381,-0.1114,True,-0.22,False
next_lu,gap,1,max_board_height,0.0709,0.2137,0.1428,1.79,39,23,-0.0422,0.1777,False,0.228,False
next_lu,gap,1,lu_premium_1d,0.0934,0.3084,0.215,2.71,28,26,0.3014,0.0919,True,0.346,False
next_lu,gap,3,limit_up_count,0.1285,0.1583,0.0298,0.37,53,18,-0.0671,0.1546,False,0.047,False
next_lu,gap,3,limit_up_count_ma5,0.2049,0.0815,-0.1234,,66,7,-0.2989,-0.0094,True,,False
next_lu,gap,3,blow_rate,0.1345,0.0878,-0.0468,-0.57,33,32,-0.186,0.0715,False,-0.073,False
next_lu,gap,3,max_board_height,0.023,0.1091,0.0862,1.04,39,23,-0.0092,0.0692,False,0.133,False
next_lu,gap,3,lu_premium_1d,-0.0035,0.2573,0.2608,3.08,28,26,0.263,0.2512,True,0.393,False
next_lu,gap,5,limit_up_count,0.0477,0.1205,0.0728,0.8,53,18,-0.128,0.3345,False,0.102,False
next_lu,gap,5,limit_up_count_ma5,0.0001,0.0671,0.067,,66,7,-0.0339,0.1276,False,,False
next_lu,gap,5,blow_rate,0.0934,0.0688,-0.0246,-0.32,33,32,-0.1223,0.037,False,-0.041,False
next_lu,gap,5,max_board_height,-0.0545,0.1231,0.1776,2.25,39,23,0.1203,0.1899,True,0.287,False
next_lu,gap,5,lu_premium_1d,0.0158,0.1698,0.154,1.76,28,26,0.0519,0.2483,True,0.225,False
next_lu,gap,10,limit_up_count,-0.0685,0.0974,0.1659,1.68,52,18,0.1199,0.2375,True,0.214,False
next_lu,gap,10,limit_up_count_ma5,0.0345,0.0291,-0.0054,,65,7,-0.2042,0.1338,False,,False
next_lu,gap,10,blow_rate,0.074,0.0311,-0.0429,-0.5,33,32,-0.1328,0.0837,False,-0.064,False
next_lu,gap,10,max_board_height,-0.0309,0.0942,0.1251,1.41,39,23,0.2792,0.1761,True,0.18,False
next_lu,gap,10,lu_premium_1d,-0.0203,0.0925,0.1128,1.31,28,25,0.0483,0.1887,True,0.167,False
next_lu,c2l5,1,limit_up_count,-0.2175,-0.0898,0.1277,1.13,53,18,0.1006,0.189,True,0.144,False
next_lu,c2l5,1,limit_up_count_ma5,-0.2251,-0.0855,0.1396,,66,7,0.1718,0.14,True,,False
next_lu,c2l5,1,blow_rate,-0.1718,-0.1238,0.0479,0.55,33,32,0.2834,-0.1814,False,0.07,False
next_lu,c2l5,1,max_board_height,0.0224,-0.0821,-0.1045,-1.38,39,23,0.1474,-0.0705,False,-0.176,False
next_lu,c2l5,1,lu_premium_1d,-0.0833,-0.0996,-0.0163,-0.17,28,26,-0.0405,0.0156,False,-0.022,False
next_lu,c2l5,3,limit_up_count,-0.1396,-0.1191,0.0204,0.17,53,18,0.0294,0.0225,True,0.022,False
next_lu,c2l5,3,limit_up_count_ma5,-0.4238,-0.1244,0.2994,,66,7,0.4604,0.1746,True,,False
next_lu,c2l5,3,blow_rate,-0.1926,-0.1162,0.0764,0.85,33,32,0.3109,-0.1463,False,0.108,False
next_lu,c2l5,3,max_board_height,-0.0562,-0.1037,-0.0475,-0.57,39,23,-0.0461,0.0631,False,-0.073,False
next_lu,c2l5,3,lu_premium_1d,-0.1667,-0.0971,0.0696,0.74,28,26,-0.1291,0.3124,False,0.094,False
next_lu,c2l5,5,limit_up_count,-0.1527,-0.075,0.0777,0.87,53,18,0.1205,0.0325,True,0.111,False
next_lu,c2l5,5,limit_up_count_ma5,-0.3312,-0.0787,0.2524,,66,7,0.3449,0.1676,True,,False
next_lu,c2l5,5,blow_rate,-0.1616,-0.0433,0.1183,1.37,33,32,0.3478,-0.099,False,0.175,False
next_lu,c2l5,5,max_board_height,-0.0004,-0.0956,-0.0953,-1.08,39,23,-0.0079,-0.1545,True,-0.138,False
next_lu,c2l5,5,lu_premium_1d,-0.1247,-0.099,0.0256,0.29,28,26,-0.1637,0.2626,False,0.037,False
next_lu,c2l5,10,limit_up_count,-0.1772,-0.1248,0.0524,0.56,52,18,0.0178,0.0966,True,0.071,False
next_lu,c2l5,10,limit_up_count_ma5,-0.2571,-0.1128,0.1444,,65,7,0.0536,0.2019,True,,False
next_lu,c2l5,10,blow_rate,-0.2088,-0.1012,0.1076,1.4,33,32,0.2875,-0.1065,False,0.179,False
next_lu,c2l5,10,max_board_height,-0.0353,-0.1547,-0.1194,-1.51,39,23,-0.3548,-0.0384,True,-0.193,False
next_lu,c2l5,10,lu_premium_1d,-0.1556,-0.1913,-0.0356,-0.4,28,25,-0.2257,0.1911,False,-0.051,False
next_lu,winner_ratio,1,limit_up_count,0.0663,0.0949,0.0285,0.31,53,18,0.0216,0.0236,True,0.04,False
next_lu,winner_ratio,1,limit_up_count_ma5,0.3619,0.0631,-0.2988,,66,7,-0.2649,-0.3346,True,,False
next_lu,winner_ratio,1,blow_rate,0.1673,-0.0043,-0.1716,-2.32,33,32,-0.271,-0.1123,True,-0.296,False
next_lu,winner_ratio,1,max_board_height,0.1439,0.0396,-0.1043,-1.19,39,23,-0.1019,-0.1261,True,-0.152,False
next_lu,winner_ratio,1,lu_premium_1d,0.145,0.1421,-0.003,-0.04,28,26,-0.0543,0.062,False,-0.005,False
next_lu,winner_ratio,3,limit_up_count,0.0186,0.0594,0.0408,0.46,53,18,0.0339,0.0622,True,0.059,False
next_lu,winner_ratio,3,limit_up_count_ma5,0.2649,0.034,-0.2309,,66,7,-0.1746,-0.2656,True,,False
next_lu,winner_ratio,3,blow_rate,0.0552,0.0421,-0.0131,-0.18,33,32,0.005,-0.0487,False,-0.023,False
next_lu,winner_ratio,3,max_board_height,0.0713,0.0389,-0.0324,-0.44,39,23,-0.0318,0.0123,False,-0.056,False
next_lu,winner_ratio,3,lu_premium_1d,0.0909,0.1229,0.032,0.42,28,26,-0.0605,0.1719,False,0.054,False
next_lu,winner_ratio,5,limit_up_count,0.0419,0.0469,0.005,0.06,53,18,-0.1363,0.239,False,0.008,False
next_lu,winner_ratio,5,limit_up_count_ma5,0.2571,0.0116,-0.2455,,66,7,-0.2901,-0.1567,True,,False
next_lu,winner_ratio,5,blow_rate,0.045,0.0271,-0.0179,-0.22,33,32,0.0136,0.0054,True,-0.028,False
next_lu,winner_ratio,5,max_board_height,0.0998,0.0216,-0.0782,-0.88,39,23,-0.166,0.0311,False,-0.112,False
next_lu,winner_ratio,5,lu_premium_1d,0.0875,0.1004,0.0129,0.14,28,26,-0.1631,0.2712,False,0.018,False
next_lu,winner_ratio,10,limit_up_count,0.0425,0.095,0.0525,0.62,52,18,-0.0597,0.2303,False,0.079,False
next_lu,winner_ratio,10,limit_up_count_ma5,0.2355,0.066,-0.1694,,65,7,-0.2126,-0.1373,True,,False
next_lu,winner_ratio,10,blow_rate,0.0085,0.0766,0.0681,0.79,33,32,0.0532,0.0886,True,0.101,False
next_lu,winner_ratio,10,max_board_height,0.1237,0.108,-0.0157,-0.17,39,23,-0.2379,0.0661,False,-0.022,False
next_lu,winner_ratio,10,lu_premium_1d,0.1441,0.0788,-0.0653,-0.66,28,25,-0.2924,0.2204,False,-0.084,False
next_lu,cost_bias,1,limit_up_count,0.0055,0.0538,0.0482,0.53,53,18,0.1211,-0.0531,False,0.068,False
next_lu,cost_bias,1,limit_up_count_ma5,0.203,0.0453,-0.1577,,66,7,-0.2607,-0.0703,True,,False
next_lu,cost_bias,1,blow_rate,0.1024,0.0198,-0.0826,-1.11,33,32,-0.0638,-0.1073,True,-0.142,False
next_lu,cost_bias,1,max_board_height,0.0753,0.0662,-0.0091,-0.12,39,23,0.038,-0.0259,False,-0.015,False
next_lu,cost_bias,1,lu_premium_1d,0.1023,0.097,-0.0052,-0.07,28,26,0.1472,-0.1814,False,-0.009,False
next_lu,cost_bias,3,limit_up_count,-0.0891,0.0154,0.1045,1.01,53,18,0.1253,0.0988,True,0.129,False
next_lu,cost_bias,3,limit_up_count_ma5,0.1372,-0.018,-0.1553,,66,7,-0.2795,-0.031,True,,False
next_lu,cost_bias,3,blow_rate,0.0467,-0.052,-0.0987,-1.2,33,32,-0.0526,-0.1098,True,-0.153,False
next_lu,cost_bias,3,max_board_height,0.0416,0.0356,-0.006,-0.08,39,23,0.1042,0.0285,True,-0.01,False
next_lu,cost_bias,3,lu_premium_1d,0.0722,0.0393,-0.0329,-0.43,28,26,-0.0314,-0.0064,True,-0.055,False
next_lu,cost_bias,5,limit_up_count,-0.1295,-0.0195,0.11,1.17,53,18,0.0266,0.2477,True,0.149,False
next_lu,cost_bias,5,limit_up_count_ma5,0.1593,-0.0318,-0.1911,,66,7,-0.3515,-0.0186,True,,False
next_lu,cost_bias,5,blow_rate,0.0303,-0.077,-0.1073,-1.37,33,32,-0.0217,-0.1465,True,-0.175,False
next_lu,cost_bias,5,max_board_height,0.0159,-0.0405,-0.0565,-0.78,39,23,-0.0586,0.0342,False,-0.1,False
next_lu,cost_bias,5,lu_premium_1d,0.0295,0.0101,-0.0193,-0.23,28,26,-0.1133,0.0993,False,-0.029,False
next_lu,cost_bias,10,limit_up_count,0.0617,0.0351,-0.0267,-0.34,52,18,-0.1501,0.1381,False,-0.043,False
next_lu,cost_bias,10,limit_up_count_ma5,0.1974,0.0356,-0.1618,,65,7,-0.2596,-0.0881,True,,False
next_lu,cost_bias,10,blow_rate,0.0285,0.0279,-0.0005,-0.01,33,32,0.0482,-0.0694,False,-0.001,False
next_lu,cost_bias,10,max_board_height,0.0992,0.0169,-0.0823,-1.11,39,23,-0.3944,-0.0686,True,-0.142,False
next_lu,cost_bias,10,lu_premium_1d,0.1465,0.0252,-0.1213,-1.54,28,25,-0.145,-0.1007,True,-0.197,False
next_lu,up_days,1,limit_up_count,0.1303,0.0391,-0.0912,-0.94,53,18,-0.0768,-0.119,True,-0.12,False
next_lu,up_days,1,limit_up_count_ma5,0.2019,0.0154,-0.1865,,66,7,-0.2973,-0.1216,True,,False
next_lu,up_days,1,blow_rate,0.1547,-0.056,-0.2107,-2.53,33,32,-0.2947,-0.1501,True,-0.323,False
next_lu,up_days,1,max_board_height,0.1202,0.0403,-0.0799,-0.95,39,23,-0.2203,-0.0581,True,-0.121,False
next_lu,up_days,1,lu_premium_1d,0.0992,0.0842,-0.015,-0.17,28,26,-0.0403,0.0212,False,-0.022,False
next_lu,up_days,3,limit_up_count,0.1447,0.0347,-0.1099,-1.38,53,18,-0.1145,-0.1081,True,-0.176,False
next_lu,up_days,3,limit_up_count_ma5,0.1679,0.013,-0.1549,,66,7,-0.1243,-0.2035,True,,False
next_lu,up_days,3,blow_rate,0.0553,0.0403,-0.0149,-0.2,33,32,-0.0025,-0.0537,True,-0.026,False
next_lu,up_days,3,max_board_height,0.0747,0.0071,-0.0676,-0.89,39,23,-0.2138,-0.0956,True,-0.114,False
next_lu,up_days,3,lu_premium_1d,0.0905,0.0703,-0.0202,-0.25,28,26,-0.0742,0.0254,False,-0.032,False
next_lu,up_days,5,limit_up_count,0.1101,0.0041,-0.106,-1.15,53,18,-0.2978,0.1597,False,-0.147,False
next_lu,up_days,5,limit_up_count_ma5,0.129,-0.0068,-0.1358,,66,7,-0.1712,-0.1032,True,,False
next_lu,up_days,5,blow_rate,0.012,0.005,-0.007,-0.09,33,32,0.0191,-0.0475,False,-0.011,False
next_lu,up_days,5,max_board_height,0.0233,0.009,-0.0143,-0.18,39,23,-0.1913,-0.0469,True,-0.023,False
next_lu,up_days,5,lu_premium_1d,0.0537,0.053,-0.0007,-0.01,28,26,-0.0813,0.078,False,-0.001,False
next_lu,up_days,10,limit_up_count,0.0577,0.0231,-0.0347,-0.38,52,18,-0.0979,0.0638,False,-0.048,False
next_lu,up_days,10,limit_up_count_ma5,0.1401,0.0066,-0.1334,,65,7,-0.0938,-0.1781,True,,False
next_lu,up_days,10,blow_rate,0.005,0.0031,-0.0019,-0.03,33,32,0.0154,-0.0177,False,-0.004,False
next_lu,up_days,10,max_board_height,0.0372,0.0386,0.0014,0.02,39,23,0.0982,-0.0192,False,0.003,False
next_lu,up_days,10,lu_premium_1d,0.0786,0.0218,-0.0568,-0.66,28,25,-0.118,0.007,False,-0.084,False
streak2,mom5,1,limit_up_count,-0.3427,0.0005,0.3431,,82,1,0.3534,,False,,False
streak2,mom5,1,limit_up_count_ma5,0.2468,-0.0036,-0.2504,,64,6,-0.3665,-0.016,True,,False
streak2,mom5,1,blow_rate,0.0301,-0.0502,-0.0803,-0.82,16,55,-0.1784,0.0998,False,-0.105,False
streak2,mom5,1,max_board_height,0.0904,-0.0126,-0.1031,-1.2,49,20,-0.1962,-0.1544,True,-0.153,False
streak2,mom5,1,lu_premium_1d,0.0515,0.0288,-0.0227,-0.27,39,25,0.0358,-0.093,False,-0.034,False
streak2,mom5,3,limit_up_count,-0.2308,-0.0659,0.1648,,81,1,0.1576,,False,,False
streak2,mom5,3,limit_up_count_ma5,0.1153,-0.0701,-0.1854,,64,6,-0.3648,0.1721,False,,False
streak2,mom5,3,blow_rate,-0.0395,-0.0595,-0.02,-0.19,16,54,-0.0482,0.0275,False,-0.024,False
streak2,mom5,3,max_board_height,0.045,-0.0759,-0.1209,-1.44,49,20,-0.4509,-0.1353,True,-0.184,False
streak2,mom5,3,lu_premium_1d,-0.0233,-0.0594,-0.0361,-0.46,38,25,0.0288,-0.1121,False,-0.059,False
streak2,mom5,5,limit_up_count,-0.0909,-0.0665,0.0244,,81,1,0.0093,,False,,False
streak2,mom5,5,limit_up_count_ma5,0.0836,-0.0965,-0.1801,,64,6,-0.313,0.0879,False,,False
streak2,mom5,5,blow_rate,-0.0505,-0.0467,0.0038,0.03,16,54,0.0391,-0.057,False,0.004,False
streak2,mom5,5,max_board_height,0.0702,-0.0944,-0.1646,-1.92,49,20,-0.349,-0.2456,True,-0.245,False
streak2,mom5,5,lu_premium_1d,-0.0046,-0.1172,-0.1126,-1.37,38,25,-0.0626,-0.1579,True,-0.175,False
streak2,mom5,10,limit_up_count,-0.6434,-0.0895,0.5539,,80,1,0.5302,,False,,False
streak2,mom5,10,limit_up_count_ma5,-0.0016,-0.1158,-0.1141,,64,6,-0.2146,0.0905,False,,False
streak2,mom5,10,blow_rate,-0.0633,-0.1153,-0.052,-0.49,16,53,-0.0459,-0.045,True,-0.063,False
streak2,mom5,10,max_board_height,0.0382,-0.1039,-0.1421,-1.68,48,20,-0.341,-0.1608,True,-0.214,False
streak2,mom5,10,lu_premium_1d,-0.0495,-0.1126,-0.063,-0.78,37,25,-0.0791,-0.0597,True,-0.1,False
streak2,mom10,1,limit_up_count,-0.4895,0.0234,0.5129,,82,1,0.537,,False,,False
streak2,mom10,1,limit_up_count_ma5,0.1003,0.0277,-0.0726,,64,6,-0.1885,0.1548,False,,False
streak2,mom10,1,blow_rate,0.0202,-0.0509,-0.071,-0.72,16,55,-0.2474,0.2571,False,-0.092,False
streak2,mom10,1,max_board_height,0.0434,-0.0014,-0.0448,-0.48,49,20,-0.0405,-0.0785,True,-0.061,False
streak2,mom10,1,lu_premium_1d,0.1072,0.0066,-0.1006,-1.13,39,25,-0.0557,-0.1543,True,-0.144,False
streak2,mom10,3,limit_up_count,-0.0629,-0.0461,0.0169,,81,1,0.0396,,False,,False
streak2,mom10,3,limit_up_count_ma5,0.0369,-0.0442,-0.0811,,64,6,-0.2565,0.2734,False,,False
streak2,mom10,3,blow_rate,-0.0373,-0.084,-0.0468,-0.48,16,54,-0.2256,0.2355,False,-0.061,False
streak2,mom10,3,max_board_height,0.0178,-0.0718,-0.0896,-1.01,49,20,-0.3931,-0.1071,True,-0.129,False
streak2,mom10,3,lu_premium_1d,0.0292,-0.0788,-0.108,-1.42,38,25,0.004,-0.2462,False,-0.181,False
streak2,mom10,5,limit_up_count,0.4056,-0.0642,-0.4698,,81,1,-0.4581,,False,,False
streak2,mom10,5,limit_up_count_ma5,-0.06,-0.0716,-0.0116,,64,6,-0.1562,0.2824,False,,False
streak2,mom10,5,blow_rate,-0.0617,-0.0725,-0.0108,-0.11,16,54,-0.0473,0.0405,False,-0.014,False
streak2,mom10,5,max_board_height,0.0173,-0.1189,-0.1363,-1.47,49,20,-0.2974,-0.2567,True,-0.188,False
streak2,mom10,5,lu_premium_1d,0.0104,-0.1316,-0.142,-1.74,38,25,-0.0843,-0.2283,True,-0.222,False
streak2,mom10,10,limit_up_count,-0.1329,-0.0867,0.0462,,80,1,0.0377,,False,,False
streak2,mom10,10,limit_up_count_ma5,-0.1083,-0.1067,0.0016,,64,6,-0.0648,0.143,False,,False
streak2,mom10,10,blow_rate,-0.0896,-0.1551,-0.0655,-0.74,16,53,-0.0784,-0.0387,True,-0.094,False
streak2,mom10,10,max_board_height,-0.0099,-0.1289,-0.119,-1.37,48,20,-0.2818,-0.1715,True,-0.175,False
streak2,mom10,10,lu_premium_1d,-0.0407,-0.124,-0.0833,-1.1,37,25,-0.1251,-0.0691,True,-0.14,False
streak2,mom20,1,limit_up_count,0.014,0.0176,0.0036,,82,1,-0.0044,,False,,False
streak2,mom20,1,limit_up_count_ma5,0.0751,-0.0255,-0.1007,,64,6,-0.1833,0.0635,False,,False
streak2,mom20,1,blow_rate,0.033,-0.0673,-0.1002,-0.89,16,55,-0.1804,0.0836,False,-0.114,False
streak2,mom20,1,max_board_height,0.1025,-0.0342,-0.1367,-1.56,49,20,0.1666,-0.2265,False,-0.199,False
streak2,mom20,1,lu_premium_1d,0.0892,0.0021,-0.0871,-0.99,39,25,-0.0567,-0.1045,True,-0.126,False
streak2,mom20,3,limit_up_count,0.2657,-0.0782,-0.344,,81,1,-0.3555,,False,,False
streak2,mom20,3,limit_up_count_ma5,-0.0599,-0.1136,-0.0536,,64,6,-0.2257,0.3,False,,False
streak2,mom20,3,blow_rate,-0.0533,-0.1423,-0.0891,-0.79,16,54,-0.1809,0.0549,False,-0.101,False
streak2,mom20,3,max_board_height,0.0408,-0.1094,-0.1503,-1.9,49,20,-0.1835,-0.2224,True,-0.242,False
streak2,mom20,3,lu_premium_1d,-0.0654,-0.0619,0.0036,0.04,38,25,0.1075,-0.1096,False,0.005,False
streak2,mom20,5,limit_up_count,0.2168,-0.1147,-0.3315,,81,1,-0.3396,,False,,False
streak2,mom20,5,limit_up_count_ma5,-0.135,-0.1525,-0.0175,,64,6,-0.1858,0.3325,False,,False
streak2,mom20,5,blow_rate,-0.0945,-0.1868,-0.0923,-0.85,16,54,-0.0872,-0.1052,True,-0.108,False
streak2,mom20,5,max_board_height,0.0159,-0.1643,-0.1802,-1.97,49,20,-0.1203,-0.3483,True,-0.251,False
streak2,mom20,5,lu_premium_1d,-0.0926,-0.1033,-0.0107,-0.11,38,25,-0.0198,-0.0271,True,-0.014,False
streak2,mom20,10,limit_up_count,-0.3706,-0.1309,0.2397,,80,1,0.2077,,False,,False
streak2,mom20,10,limit_up_count_ma5,-0.1647,-0.1761,-0.0114,,64,6,-0.1241,0.2282,False,,False
streak2,mom20,10,blow_rate,-0.1117,-0.2318,-0.1201,-1.25,16,53,-0.1376,-0.0631,True,-0.16,False
streak2,mom20,10,max_board_height,0.0131,-0.1678,-0.1809,-1.81,48,20,-0.1533,-0.2637,True,-0.231,False
streak2,mom20,10,lu_premium_1d,-0.1285,-0.0993,0.0292,0.31,37,25,-0.0593,0.0995,False,0.04,False
streak2,rev5,1,limit_up_count,0.3427,-0.0005,-0.3431,,82,1,-0.3534,,False,,False
streak2,rev5,1,limit_up_count_ma5,-0.2468,0.0036,0.2504,,64,6,0.3665,0.016,True,,False
streak2,rev5,1,blow_rate,-0.0301,0.0502,0.0803,0.82,16,55,0.1784,-0.0998,False,0.105,False
streak2,rev5,1,max_board_height,-0.0904,0.0126,0.1031,1.2,49,20,0.1962,0.1544,True,0.153,False
streak2,rev5,1,lu_premium_1d,-0.0515,-0.0288,0.0227,0.27,39,25,-0.0358,0.093,False,0.034,False
streak2,rev5,3,limit_up_count,0.2308,0.0659,-0.1648,,81,1,-0.1576,,False,,False
streak2,rev5,3,limit_up_count_ma5,-0.1153,0.0701,0.1854,,64,6,0.3648,-0.1721,False,,False
streak2,rev5,3,blow_rate,0.0395,0.0595,0.02,0.19,16,54,0.0482,-0.0275,False,0.024,False
streak2,rev5,3,max_board_height,-0.045,0.0759,0.1209,1.44,49,20,0.4509,0.1353,True,0.184,False
streak2,rev5,3,lu_premium_1d,0.0233,0.0594,0.0361,0.46,38,25,-0.0288,0.1121,False,0.059,False
streak2,rev5,5,limit_up_count,0.0909,0.0665,-0.0244,,81,1,-0.0093,,False,,False
streak2,rev5,5,limit_up_count_ma5,-0.0836,0.0965,0.1801,,64,6,0.313,-0.0879,False,,False
streak2,rev5,5,blow_rate,0.0505,0.0467,-0.0038,-0.03,16,54,-0.0391,0.057,False,-0.004,False
streak2,rev5,5,max_board_height,-0.0702,0.0944,0.1646,1.92,49,20,0.349,0.2456,True,0.245,False
streak2,rev5,5,lu_premium_1d,0.0046,0.1172,0.1126,1.37,38,25,0.0626,0.1579,True,0.175,False
streak2,rev5,10,limit_up_count,0.6434,0.0895,-0.5539,,80,1,-0.5302,,False,,False
streak2,rev5,10,limit_up_count_ma5,0.0016,0.1158,0.1141,,64,6,0.2146,-0.0905,False,,False
streak2,rev5,10,blow_rate,0.0633,0.1153,0.052,0.49,16,53,0.0459,0.045,True,0.063,False
streak2,rev5,10,max_board_height,-0.0382,0.1039,0.1421,1.68,48,20,0.341,0.1608,True,0.214,False
streak2,rev5,10,lu_premium_1d,0.0495,0.1126,0.063,0.78,37,25,0.0791,0.0597,True,0.1,False
streak2,std5,1,limit_up_count,0.6434,0.0534,-0.5899,,82,1,-0.6173,,False,,False
streak2,std5,1,limit_up_count_ma5,-0.0397,0.0581,0.0978,,64,6,-0.0383,0.3461,False,,False
streak2,std5,1,blow_rate,0.0705,0.0398,-0.0307,-0.3,16,55,0.0153,-0.0835,False,-0.038,False
streak2,std5,1,max_board_height,0.0109,0.0341,0.0233,0.25,49,20,0.3497,0.0293,True,0.032,False
streak2,std5,1,lu_premium_1d,0.0146,0.031,0.0164,0.17,39,25,-0.1166,0.1337,False,0.022,False
streak2,std5,3,limit_up_count,0.3357,0.0127,-0.323,,81,1,-0.3475,,False,,False
streak2,std5,3,limit_up_count_ma5,-0.0285,0.0124,0.0409,,64,6,-0.0935,0.2915,False,,False
streak2,std5,3,blow_rate,0.0221,-0.0003,-0.0225,-0.24,16,54,0.0486,-0.1252,False,-0.031,False
streak2,std5,3,max_board_height,-0.0328,0.0138,0.0466,0.53,49,20,0.206,0.0738,True,0.068,False
streak2,std5,3,lu_premium_1d,0.0267,-0.0454,-0.0721,-0.84,38,25,-0.1568,0.0044,False,-0.107,False
streak2,std5,5,limit_up_count,-0.035,-0.001,0.034,,81,1,0.0016,,False,,False
streak2,std5,5,limit_up_count_ma5,0.0113,-0.0164,-0.0276,,64,6,-0.313,0.5221,False,,False
streak2,std5,5,blow_rate,0.017,0.0098,-0.0072,-0.07,16,54,0.0792,-0.1276,False,-0.009,False
streak2,std5,5,max_board_height,-0.0006,-0.015,-0.0144,-0.16,49,20,0.1443,-0.026,False,-0.02,False
streak2,std5,5,lu_premium_1d,0.0142,-0.0514,-0.0656,-0.7,38,25,-0.1621,0.029,False,-0.089,False
streak2,std5,10,limit_up_count,0.1329,0.0379,-0.095,,80,1,-0.1038,,False,,False
streak2,std5,10,limit_up_count_ma5,-0.053,0.0071,0.0601,,64,6,-0.2381,0.6524,False,,False
streak2,std5,10,blow_rate,0.0526,0.0893,0.0367,0.37,16,53,0.073,0.0032,True,0.047,False
streak2,std5,10,max_board_height,0.0297,-0.0121,-0.0418,-0.42,48,20,0.125,-0.0751,False,-0.054,False
streak2,std5,10,lu_premium_1d,0.0455,0.0058,-0.0396,-0.39,37,25,-0.1875,0.0902,False,-0.05,False
streak2,std20,1,limit_up_count,-0.1958,0.0624,0.2582,,82,1,0.2059,,False,,False
streak2,std20,1,limit_up_count_ma5,0.2555,0.0709,-0.1846,,64,6,-0.3859,0.1809,False,,False
streak2,std20,1,blow_rate,0.1158,-0.0716,-0.1874,-1.86,16,55,-0.1746,-0.1044,True,-0.237,False
streak2,std20,1,max_board_height,0.1574,0.0487,-0.1087,-1.22,49,20,-0.2495,0.031,False,-0.156,False
streak2,std20,1,lu_premium_1d,0.0836,0.1011,0.0175,0.2,39,25,-0.1068,0.159,False,0.026,False
streak2,std20,3,limit_up_count,-0.3357,0.0074,0.343,,81,1,0.3113,,False,,False
streak2,std20,3,limit_up_count_ma5,0.1829,0.0334,-0.1494,,64,6,-0.3247,0.1816,False,,False
streak2,std20,3,blow_rate,0.057,-0.104,-0.161,-1.52,16,54,-0.162,-0.0884,True,-0.194,False
streak2,std20,3,max_board_height,0.0853,0.0332,-0.0521,-0.55,49,20,-0.4815,0.1052,False,-0.07,False
streak2,std20,3,lu_premium_1d,0.0447,0.0734,0.0288,0.33,38,25,-0.0483,0.1008,False,0.042,False
streak2,std20,5,limit_up_count,-0.6084,-0.0155,0.5929,,81,1,0.5375,,False,,False
streak2,std20,5,limit_up_count_ma5,0.1542,-0.0158,-0.17,,64,6,-0.4547,0.3732,False,,False
streak2,std20,5,blow_rate,0.0533,-0.144,-0.1973,-1.88,16,54,-0.1693,-0.156,True,-0.24,False
streak2,std20,5,max_board_height,0.1392,-0.0057,-0.1449,-1.44,49,20,-0.4858,-0.029,True,-0.184,False
streak2,std20,5,lu_premium_1d,0.016,0.0578,0.0418,0.41,38,25,-0.0178,0.1244,False,0.052,False
streak2,std20,10,limit_up_count,-0.5594,-0.0431,0.5163,,80,1,0.4702,,False,,False
streak2,std20,10,limit_up_count_ma5,0.0578,-0.0526,-0.1104,,64,6,-0.3899,0.4402,False,,False
streak2,std20,10,blow_rate,0.0045,-0.1094,-0.1139,-1.04,16,53,-0.077,-0.0907,True,-0.133,False
streak2,std20,10,max_board_height,0.0938,-0.0537,-0.1475,-1.26,48,20,-0.5025,-0.0086,True,-0.161,False
streak2,std20,10,lu_premium_1d,0.0195,0.0205,0.001,0.01,37,25,-0.1466,0.1592,False,0.001,False
streak2,amp5,1,limit_up_count,-0.2937,-0.0238,0.2699,,81,1,0.1903,,False,,False
streak2,amp5,1,limit_up_count_ma5,-0.1477,-0.0251,0.1226,,63,6,-0.0537,0.429,False,,False
streak2,amp5,1,blow_rate,-0.0215,-0.0301,-0.0086,-0.09,16,55,0.0009,0.1021,True,-0.011,False
streak2,amp5,1,max_board_height,0.0364,-0.0411,-0.0775,-0.83,48,20,-0.0759,0.0356,False,-0.106,False
streak2,amp5,1,lu_premium_1d,0.0215,-0.0422,-0.0637,-0.69,38,25,-0.222,0.1086,False,-0.088,False
streak2,amp5,3,limit_up_count,-0.2028,-0.0622,0.1406,,80,1,0.0759,,False,,False
streak2,amp5,3,limit_up_count_ma5,-0.1246,-0.0608,0.0638,,63,6,-0.1228,0.4003,False,,False
streak2,amp5,3,blow_rate,-0.0374,-0.1511,-0.1137,-1.18,16,54,-0.1085,-0.0463,True,-0.151,False
streak2,amp5,3,max_board_height,-0.018,-0.0776,-0.0596,-0.68,48,20,-0.0796,0.0742,False,-0.087,False
streak2,amp5,3,lu_premium_1d,-0.0621,-0.0401,0.022,0.25,37,25,-0.0342,0.1024,False,0.032,False
streak2,amp5,5,limit_up_count,-0.2587,-0.0803,0.1784,,80,1,0.1078,,False,,False
streak2,amp5,5,limit_up_count_ma5,-0.1774,-0.0989,0.0785,,63,6,-0.1955,0.5875,False,,False
streak2,amp5,5,blow_rate,-0.0381,-0.1697,-0.1317,-1.31,16,54,-0.0542,-0.1711,True,-0.167,False
streak2,amp5,5,max_board_height,0.0393,-0.1284,-0.1677,-1.78,48,20,-0.1326,-0.108,True,-0.227,False
streak2,amp5,5,lu_premium_1d,-0.0165,-0.0977,-0.0812,-0.82,37,25,-0.2023,0.0623,False,-0.105,False
streak2,amp5,10,limit_up_count,-0.5385,-0.0587,0.4797,,79,1,0.4125,,False,,False
streak2,amp5,10,limit_up_count_ma5,-0.2192,-0.0791,0.1401,,63,6,-0.1866,0.7644,False,,False
streak2,amp5,10,blow_rate,-0.0252,-0.2002,-0.175,-1.98,16,53,-0.1033,-0.1988,True,-0.253,False
streak2,amp5,10,max_board_height,0.0157,-0.1289,-0.1446,-1.44,47,20,-0.2334,0.0079,False,-0.184,False
streak2,amp5,10,lu_premium_1d,-0.072,-0.0203,0.0518,0.49,36,25,-0.1229,0.2536,False,0.063,False
streak2,to_level,1,limit_up_count,,-0.0203,,,67,0,,,False,,False
streak2,to_level,1,limit_up_count_ma5,-0.0003,0.0064,0.0067,,49,6,-0.1434,0.2024,False,,False
streak2,to_level,1,blow_rate,0.0105,-0.1097,-0.1203,,12,46,-0.1745,0.0349,False,,False
streak2,to_level,1,max_board_height,-0.0073,-0.0168,-0.0095,-0.1,35,20,-0.0199,0.1136,False,-0.013,False
streak2,to_level,1,lu_premium_1d,-0.0127,-0.0074,0.0053,0.05,33,23,-0.0821,0.091,False,0.006,False
streak2,to_level,3,limit_up_count,,-0.0281,,,66,0,,,False,,False
streak2,to_level,3,limit_up_count_ma5,-0.1094,0.008,0.1175,,49,6,-0.0152,0.2976,False,,False
streak2,to_level,3,blow_rate,0.0119,-0.2132,-0.2251,,12,45,-0.276,-0.1088,True,,False
streak2,to_level,3,max_board_height,-0.0385,-0.0245,0.014,0.12,35,20,-0.2235,0.1824,False,0.015,False
streak2,to_level,3,lu_premium_1d,-0.0492,0.0185,0.0677,0.67,32,23,-0.0158,0.1471,False,0.086,False
streak2,to_level,5,limit_up_count,,-0.035,,,66,0,,,False,,False
streak2,to_level,5,limit_up_count_ma5,-0.0722,-0.0357,0.0365,,49,6,-0.2194,0.4816,False,,False
streak2,to_level,5,blow_rate,0.0082,-0.2834,-0.2916,,12,45,-0.2877,-0.2644,True,,False
streak2,to_level,5,max_board_height,0.0049,-0.0153,-0.0203,-0.19,35,20,-0.1953,0.0863,False,-0.024,False
streak2,to_level,5,lu_premium_1d,-0.0058,-0.0222,-0.0163,-0.16,32,23,-0.2179,0.1146,False,-0.02,False
streak2,to_level,10,limit_up_count,,-0.0759,,,65,0,,,False,,False
streak2,to_level,10,limit_up_count_ma5,-0.1662,-0.0992,0.0669,,49,6,-0.242,0.6173,False,,False
streak2,to_level,10,blow_rate,-0.0645,-0.2565,-0.1919,,12,44,-0.1114,-0.2193,True,,False
streak2,to_level,10,max_board_height,-0.0108,-0.0984,-0.0876,-0.82,34,20,-0.1506,0.0502,False,-0.105,False
streak2,to_level,10,lu_premium_1d,-0.0174,-0.0666,-0.0492,-0.46,31,23,-0.2256,0.1009,False,-0.059,False
streak2,to_trend,1,limit_up_count,,-0.1047,,,67,0,,,False,,False
streak2,to_trend,1,limit_up_count_ma5,-0.1801,-0.0907,0.0894,,49,6,-0.0338,0.3256,False,,False
streak2,to_trend,1,blow_rate,-0.141,-0.0046,0.1364,,12,46,0.0046,0.2652,True,,False
streak2,to_trend,1,max_board_height,-0.0841,-0.1348,-0.0507,-0.58,35,20,-0.0512,-0.1164,True,-0.074,False
streak2,to_trend,1,lu_premium_1d,-0.0788,-0.143,-0.0642,-0.71,33,23,0.0068,-0.1378,False,-0.091,False
streak2,to_trend,3,limit_up_count,,-0.1308,,,66,0,,,False,,False
streak2,to_trend,3,limit_up_count_ma5,-0.101,-0.1184,-0.0174,,49,6,-0.1176,0.1637,False,,False
streak2,to_trend,3,blow_rate,-0.159,-0.0365,0.1225,,12,45,0.0725,0.1762,True,,False
streak2,to_trend,3,max_board_height,-0.0425,-0.1781,-0.1357,-1.66,35,20,-0.1706,-0.196,True,-0.212,False
streak2,to_trend,3,lu_premium_1d,-0.0608,-0.1611,-0.1004,-1.3,32,23,-0.1086,-0.1268,True,-0.166,False
streak2,to_trend,5,limit_up_count,,-0.094,,,66,0,,,False,,False
streak2,to_trend,5,limit_up_count_ma5,-0.1266,-0.0752,0.0514,,49,6,0.0217,0.1151,True,,False
streak2,to_trend,5,blow_rate,-0.1168,0.0281,0.1449,,12,45,0.1416,0.1562,True,,False
streak2,to_trend,5,max_board_height,-0.0371,-0.1493,-0.1122,-1.31,35,20,-0.0677,-0.1968,True,-0.167,False
streak2,to_trend,5,lu_premium_1d,-0.0282,-0.1423,-0.1141,-1.4,32,23,-0.1497,-0.1282,True,-0.179,False
streak2,to_trend,10,limit_up_count,,-0.0875,,,65,0,,,False,,False
streak2,to_trend,10,limit_up_count_ma5,-0.2147,-0.0637,0.1511,,49,6,0.157,0.1557,True,,False
streak2,to_trend,10,blow_rate,-0.1024,0.0299,0.1324,,12,44,0.1691,0.0949,True,,False
streak2,to_trend,10,max_board_height,-0.0222,-0.1295,-0.1073,-1.46,34,20,-0.1382,-0.1464,True,-0.186,False
streak2,to_trend,10,lu_premium_1d,-0.0611,-0.0685,-0.0074,-0.09,31,23,-0.0514,-0.018,True,-0.011,False
streak2,amihud20,1,limit_up_count,0.3266,0.0295,-0.2971,,79,1,-0.3675,,False,,False
streak2,amihud20,1,limit_up_count_ma5,-0.0375,-0.0156,0.0219,,61,6,0.0186,0.0174,True,,False
streak2,amihud20,1,blow_rate,-0.0371,0.1356,0.1727,,14,54,0.1658,0.2023,True,,False
streak2,amihud20,1,max_board_height,0.0416,-0.0266,-0.0682,-0.8,47,20,-0.1093,0.0618,False,-0.102,False
streak2,amihud20,1,lu_premium_1d,-0.0497,0.0682,0.1179,1.32,39,25,0.4678,-0.1109,False,0.168,False
streak2,amihud20,3,limit_up_count,-0.2455,0.0271,0.2725,,78,1,0.2569,,False,,False
streak2,amihud20,3,limit_up_count_ma5,0.0293,0.0034,-0.0259,,61,6,-0.1182,0.1534,False,,False
streak2,amihud20,3,blow_rate,-0.0312,0.1606,0.1918,,14,53,0.1608,0.2444,True,,False
streak2,amihud20,3,max_board_height,0.0352,-0.0265,-0.0617,-0.65,47,20,-0.064,-0.0727,True,-0.083,False
streak2,amihud20,3,lu_premium_1d,0.0069,0.0545,0.0476,0.54,38,25,0.2834,-0.0955,False,0.069,False
streak2,amihud20,5,limit_up_count,-0.3636,0.0421,0.4058,,78,1,0.4023,,False,,False
streak2,amihud20,5,limit_up_count_ma5,-0.0242,0.0284,0.0526,,61,6,0.063,0.0439,True,,False
streak2,amihud20,5,blow_rate,-0.0453,0.1965,0.2418,,14,53,0.1899,0.316,True,,False
streak2,amihud20,5,max_board_height,0.0584,-0.0184,-0.0768,-0.76,47,20,0.0201,-0.1501,False,-0.097,False
streak2,amihud20,5,lu_premium_1d,0.0289,0.0556,0.0266,0.29,38,25,0.2939,-0.1737,False,0.037,False
streak2,amihud20,10,limit_up_count,-0.3636,0.0661,0.4297,,77,1,0.482,,False,,False
streak2,amihud20,10,limit_up_count_ma5,-0.0066,0.0692,0.0758,,61,6,0.2145,-0.1694,False,,False
streak2,amihud20,10,blow_rate,-0.0045,0.173,0.1775,,14,52,0.097,0.2516,True,,False
streak2,amihud20,10,max_board_height,-0.0021,0.0662,0.0682,0.7,46,20,0.0919,-0.087,False,0.089,False
streak2,amihud20,10,lu_premium_1d,0.0127,0.1092,0.0965,1.08,37,25,0.2465,-0.0537,False,0.138,False
streak2,vp_div,1,limit_up_count,0.2937,0.1421,-0.1516,,82,1,-0.1738,,False,,False
streak2,vp_div,1,limit_up_count_ma5,0.2412,0.106,-0.1352,,64,6,-0.014,-0.3738,True,,False
streak2,vp_div,1,blow_rate,0.1538,0.1223,-0.0314,-0.34,16,55,-0.0031,-0.0286,True,-0.043,False
streak2,vp_div,1,max_board_height,0.1574,0.1531,-0.0043,-0.05,49,20,0.076,0.0802,True,-0.006,False
streak2,vp_div,1,lu_premium_1d,0.2035,0.1471,-0.0563,-0.7,39,25,-0.0689,-0.0209,True,-0.089,False
streak2,vp_div,3,limit_up_count,0.2238,0.1381,-0.0857,,81,1,-0.1048,,False,,False
streak2,vp_div,3,limit_up_count_ma5,0.1423,0.1187,-0.0236,,64,6,0.0659,-0.1959,False,,False
streak2,vp_div,3,blow_rate,0.1616,0.1025,-0.0591,-0.52,16,54,-0.0229,-0.103,True,-0.066,False
streak2,vp_div,3,max_board_height,0.1145,0.1485,0.034,0.4,49,20,0.1589,0.0804,True,0.051,False
streak2,vp_div,3,lu_premium_1d,0.1172,0.1409,0.0237,0.28,38,25,0.0314,0.0479,True,0.036,False
streak2,vp_div,5,limit_up_count,-0.1189,0.1023,0.2212,,81,1,0.2133,,False,,False
streak2,vp_div,5,limit_up_count_ma5,0.1717,0.0624,-0.1093,,64,6,-0.0701,-0.1805,True,,False
streak2,vp_div,5,blow_rate,0.1361,-0.0048,-0.141,-1.41,16,54,-0.1909,-0.0676,True,-0.18,False
streak2,vp_div,5,max_board_height,0.0986,0.1243,0.0257,0.32,49,20,0.0729,0.074,True,0.041,False
streak2,vp_div,5,lu_premium_1d,0.0542,0.1206,0.0664,0.84,38,25,0.1448,0.0421,True,0.107,False
streak2,vp_div,10,limit_up_count,0.1748,0.0654,-0.1094,,80,1,-0.1076,,False,,False
streak2,vp_div,10,limit_up_count_ma5,0.276,0.0325,-0.2435,,64,6,-0.1813,-0.3651,True,,False
streak2,vp_div,10,blow_rate,0.087,0.033,-0.054,-0.55,16,53,-0.0978,-0.0007,True,-0.07,False
streak2,vp_div,10,max_board_height,0.0239,0.1023,0.0784,1.02,48,20,0.1261,0.1008,True,0.13,False
streak2,vp_div,10,lu_premium_1d,0.0672,0.0585,-0.0088,-0.11,37,25,0.0729,-0.0552,False,-0.014,False
streak2,gap,1,limit_up_count,0.3007,0.1959,-0.1048,,82,1,-0.0512,,False,,False
streak2,gap,1,limit_up_count_ma5,0.2673,0.175,-0.0922,,64,6,-0.1689,0.0902,False,,False
streak2,gap,1,blow_rate,0.2112,0.046,-0.1652,-1.56,16,55,-0.116,-0.3526,True,-0.199,False
streak2,gap,1,max_board_height,0.1159,0.1635,0.0476,0.63,49,20,-0.0023,-0.0534,True,0.08,False
streak2,gap,1,lu_premium_1d,0.0765,0.1664,0.0899,1.08,39,25,0.0551,0.0769,True,0.138,False
streak2,gap,3,limit_up_count,0.3147,0.1216,-0.1931,,81,1,-0.1216,,False,,False
streak2,gap,3,limit_up_count_ma5,0.2497,0.1076,-0.1421,,64,6,-0.0649,-0.2623,True,,False
streak2,gap,3,blow_rate,0.1524,0.1002,-0.0522,-0.64,16,54,-0.0372,-0.1771,True,-0.082,False
streak2,gap,3,max_board_height,0.0019,0.1419,0.14,1.84,49,20,-0.1492,0.0362,False,0.235,False
streak2,gap,3,lu_premium_1d,0.0492,0.1226,0.0735,0.9,38,25,0.0784,0.0204,True,0.115,False
streak2,gap,5,limit_up_count,0.042,0.1166,0.0746,,81,1,0.114,,False,,False
streak2,gap,5,limit_up_count_ma5,0.2907,0.1125,-0.1781,,64,6,-0.0585,-0.3929,True,,False
streak2,gap,5,blow_rate,0.1364,0.121,-0.0154,-0.2,16,54,-0.0184,-0.0637,True,-0.026,False
streak2,gap,5,max_board_height,0.0686,0.1264,0.0579,0.71,49,20,-0.1193,-0.0358,True,0.091,False
streak2,gap,5,lu_premium_1d,0.0612,0.103,0.0418,0.5,38,25,0.1003,-0.0258,False,0.064,False
streak2,gap,10,limit_up_count,0.0,0.0589,0.0589,,80,1,0.0811,,False,,False
streak2,gap,10,limit_up_count_ma5,0.2305,0.0454,-0.1851,,64,6,-0.0718,-0.3967,True,,False
streak2,gap,10,blow_rate,0.1096,0.0333,-0.0763,-1.12,16,53,-0.1238,-0.009,True,-0.143,False
streak2,gap,10,max_board_height,0.0175,0.0734,0.0559,0.66,48,20,-0.2036,0.0897,False,0.084,False
streak2,gap,10,lu_premium_1d,0.057,0.0421,-0.0149,-0.18,37,25,0.0107,-0.0227,False,-0.023,False
streak2,c2l5,1,limit_up_count,-0.3427,-0.0728,0.2699,,82,1,0.1879,,False,,False
streak2,c2l5,1,limit_up_count_ma5,-0.1748,-0.092,0.0829,,64,6,-0.0468,0.3048,False,,False
streak2,c2l5,1,blow_rate,-0.0746,-0.1074,-0.0328,-0.32,16,55,-0.0822,0.1859,False,-0.041,False
streak2,c2l5,1,max_board_height,-0.0103,-0.1037,-0.0934,-1.01,49,20,0.0158,0.0161,True,-0.129,False
streak2,c2l5,1,lu_premium_1d,-0.0226,-0.1025,-0.08,-0.89,39,25,-0.1528,0.0265,False,-0.114,False
streak2,c2l5,3,limit_up_count,-0.3147,-0.1061,0.2086,,81,1,0.1455,,False,,False
streak2,c2l5,3,limit_up_count_ma5,-0.2387,-0.1196,0.1191,,64,6,-0.0577,0.4422,False,,False
streak2,c2l5,3,blow_rate,-0.0969,-0.1737,-0.0768,-0.79,16,54,-0.1015,0.0416,False,-0.101,False
streak2,c2l5,3,max_board_height,-0.0084,-0.128,-0.1196,-1.47,49,20,-0.0329,-0.0177,True,-0.188,False
streak2,c2l5,3,lu_premium_1d,-0.1191,-0.1028,0.0163,0.2,38,25,-0.0106,0.0739,False,0.026,False
streak2,c2l5,5,limit_up_count,-0.3986,-0.111,0.2876,,81,1,0.2317,,False,,False
streak2,c2l5,5,limit_up_count_ma5,-0.2931,-0.1435,0.1496,,64,6,-0.0536,0.5322,False,,False
streak2,c2l5,5,blow_rate,-0.1043,-0.2032,-0.0988,-1.0,16,54,-0.0599,-0.0931,True,-0.128,False
streak2,c2l5,5,max_board_height,0.0166,-0.1642,-0.1809,-2.3,49,20,-0.0241,-0.1649,True,-0.294,False
streak2,c2l5,5,lu_premium_1d,-0.0834,-0.1416,-0.0582,-0.68,38,25,-0.1477,0.0467,False,-0.087,False
streak2,c2l5,10,limit_up_count,-0.5594,-0.0921,0.4674,,80,1,0.418,,False,,False
streak2,c2l5,10,limit_up_count_ma5,-0.3488,-0.1104,0.2384,,64,6,0.0011,0.6951,True,,False
streak2,c2l5,10,blow_rate,-0.0894,-0.2074,-0.1179,-1.38,16,53,-0.0977,-0.0823,True,-0.176,False
streak2,c2l5,10,max_board_height,0.0271,-0.1672,-0.1943,-2.45,48,20,-0.0986,-0.1357,True,-0.313,False
streak2,c2l5,10,lu_premium_1d,-0.1221,-0.0889,0.0332,0.38,37,25,-0.0866,0.1656,False,0.048,False
streak2,winner_ratio,1,limit_up_count,0.1821,-0.0169,-0.1991,,82,1,-0.2333,,False,,False
streak2,winner_ratio,1,limit_up_count_ma5,0.0653,-0.03,-0.0953,,64,6,-0.3112,0.3086,False,,False
streak2,winner_ratio,1,blow_rate,-0.0418,0.0419,0.0838,0.78,16,55,0.0691,0.2019,True,0.1,False
streak2,winner_ratio,1,max_board_height,-0.0266,-0.0703,-0.0437,-0.45,49,20,0.115,0.008,True,-0.057,False
streak2,winner_ratio,1,lu_premium_1d,0.0389,-0.0063,-0.0453,-0.47,39,25,-0.0388,-0.0287,True,-0.06,False
streak2,winner_ratio,3,limit_up_count,0.1681,-0.0594,-0.2275,,81,1,-0.2515,,False,,False
streak2,winner_ratio,3,limit_up_count_ma5,-0.1444,-0.0486,0.0958,,64,6,-0.1162,0.5033,False,,False
streak2,winner_ratio,3,blow_rate,-0.0729,0.0021,0.075,0.64,16,54,0.0866,0.1041,True,0.082,False
streak2,winner_ratio,3,max_board_height,-0.0362,-0.079,-0.0429,-0.48,49,20,0.0799,-0.0087,False,-0.061,False
streak2,winner_ratio,3,lu_premium_1d,-0.0454,-0.0463,-0.0008,-0.01,38,25,0.021,-0.0111,False,-0.001,False
streak2,winner_ratio,5,limit_up_count,0.2802,-0.0565,-0.3367,,81,1,-0.3489,,False,,False
streak2,winner_ratio,5,limit_up_count_ma5,-0.0982,-0.0747,0.0235,,64,6,-0.2052,0.4666,False,,False
streak2,winner_ratio,5,blow_rate,-0.0462,-0.0658,-0.0196,-0.18,16,54,0.0812,-0.1629,False,-0.023,False
streak2,winner_ratio,5,max_board_height,-0.0338,-0.103,-0.0692,-0.74,49,20,0.107,-0.0988,False,-0.094,False
streak2,winner_ratio,5,lu_premium_1d,-0.0043,-0.0572,-0.0529,-0.58,38,25,-0.1286,-0.0031,True,-0.074,False
streak2,winner_ratio,10,limit_up_count,-0.3538,-0.0544,0.2994,,80,1,0.3174,,False,,False
streak2,winner_ratio,10,limit_up_count_ma5,-0.1171,-0.0535,0.0636,,64,6,0.0173,0.1685,True,,False
streak2,winner_ratio,10,blow_rate,-0.0805,-0.0492,0.0313,0.29,16,53,0.1208,-0.1523,False,0.037,False
streak2,winner_ratio,10,max_board_height,-0.056,-0.0691,-0.0132,-0.16,48,20,0.1421,-0.0858,False,-0.02,False
streak2,winner_ratio,10,lu_premium_1d,-0.0419,-0.0253,0.0165,0.2,37,25,-0.0887,0.0795,False,0.026,False
streak2,cost_bias,1,limit_up_count,0.2168,0.0439,-0.1729,,82,1,-0.1666,,False,,False
streak2,cost_bias,1,limit_up_count_ma5,0.1457,0.022,-0.1236,,64,6,-0.272,0.163,False,,False
streak2,cost_bias,1,blow_rate,0.0311,0.068,0.0368,0.43,16,55,0.0099,0.051,True,0.055,False
streak2,cost_bias,1,max_board_height,0.0548,0.0139,-0.0409,-0.48,49,20,0.2514,-0.1252,False,-0.061,False
streak2,cost_bias,1,lu_premium_1d,0.0544,0.0841,0.0297,0.37,39,25,0.1261,-0.0891,False,0.047,False
streak2,cost_bias,3,limit_up_count,-0.028,0.021,0.049,,81,1,0.0228,,False,,False
streak2,cost_bias,3,limit_up_count_ma5,0.1682,-0.0054,-0.1736,,64,6,-0.4428,0.345,False,,False
streak2,cost_bias,3,blow_rate,0.0169,0.0116,-0.0053,-0.06,16,54,-0.0252,0.0333,False,-0.008,False
streak2,cost_bias,3,max_board_height,0.0501,-0.019,-0.0691,-1.11,49,20,-0.0095,-0.0885,True,-0.142,False
streak2,cost_bias,3,lu_premium_1d,-0.0069,0.0553,0.0622,0.85,38,25,0.0193,0.0888,True,0.108,False
streak2,cost_bias,5,limit_up_count,-0.4266,-0.001,0.4256,,81,1,0.415,,False,,False
streak2,cost_bias,5,limit_up_count_ma5,0.1433,-0.0255,-0.1688,,64,6,-0.3611,0.2007,False,,False
streak2,cost_bias,5,blow_rate,0.0081,-0.041,-0.0491,-0.54,16,54,-0.0871,0.0147,False,-0.069,False
streak2,cost_bias,5,max_board_height,0.0024,-0.0527,-0.0551,-0.78,49,20,0.0228,-0.0766,False,-0.1,False
streak2,cost_bias,5,lu_premium_1d,-0.0205,0.0204,0.0408,0.58,38,25,0.0697,0.0139,True,0.074,False
streak2,cost_bias,10,limit_up_count,-0.3846,0.007,0.3916,,80,1,0.4014,,False,,False
streak2,cost_bias,10,limit_up_count_ma5,0.098,0.0047,-0.0933,,64,6,-0.1569,0.0257,False,,False
streak2,cost_bias,10,blow_rate,0.017,-0.0009,-0.0179,-0.22,16,53,-0.0657,0.0282,False,-0.028,False
streak2,cost_bias,10,max_board_height,-0.0361,-0.0106,0.0255,0.42,48,20,-0.0454,0.0228,False,0.054,False
streak2,cost_bias,10,lu_premium_1d,-0.0552,0.0518,0.107,1.67,37,25,0.1439,0.0622,True,0.213,False
streak2,up_days,1,limit_up_count,-0.1724,-0.0172,0.1553,,80,1,0.2245,,False,,False
streak2,up_days,1,limit_up_count_ma5,0.1729,-0.0213,-0.1943,,63,5,-0.2153,0.0212,False,,False
streak2,up_days,1,blow_rate,-0.0035,-0.1014,-0.0979,-1.06,15,54,-0.1629,-0.0888,True,-0.135,False
streak2,up_days,1,max_board_height,-0.0803,0.0455,0.1258,1.43,47,20,-0.2418,0.1377,False,0.183,False
streak2,up_days,1,lu_premium_1d,-0.0481,0.0351,0.0833,0.88,39,23,0.0808,0.0275,True,0.112,False
streak2,up_days,3,limit_up_count,-0.2694,-0.0382,0.2312,,79,1,0.2748,,False,,False
streak2,up_days,3,limit_up_count_ma5,0.0197,-0.0443,-0.064,,63,5,-0.1852,0.5377,False,,False
streak2,up_days,3,blow_rate,-0.0226,-0.0883,-0.0658,-0.61,15,53,-0.1099,-0.088,True,-0.078,False
streak2,up_days,3,max_board_height,-0.0232,0.009,0.0322,0.31,47,20,-0.4159,0.0166,False,0.04,False
streak2,up_days,3,lu_premium_1d,-0.0622,-0.0023,0.0599,0.62,38,23,0.0273,0.0323,True,0.079,False
streak2,up_days,5,limit_up_count,-0.0467,-0.04,0.0067,,79,1,0.0259,,False,,False
streak2,up_days,5,limit_up_count_ma5,-0.0236,-0.0386,-0.015,,63,5,-0.1195,0.4815,False,,False
streak2,up_days,5,blow_rate,-0.0185,-0.1104,-0.0919,-0.83,15,53,-0.0733,-0.2264,True,-0.106,False
streak2,up_days,5,max_board_height,0.0094,0.0204,0.011,0.12,47,20,-0.3619,0.0265,False,0.015,False
streak2,up_days,5,lu_premium_1d,-0.0576,-0.0274,0.0302,0.34,38,23,0.0327,-0.0037,False,0.043,False
streak2,up_days,10,limit_up_count,-0.4993,-0.0564,0.4429,,78,1,0.4799,,False,,False
streak2,up_days,10,limit_up_count_ma5,-0.0256,-0.0322,-0.0065,,63,5,-0.0398,0.2157,False,,False
streak2,up_days,10,blow_rate,-0.0672,-0.1116,-0.0443,-0.4,15,52,-0.0927,-0.0268,True,-0.051,False
streak2,up_days,10,max_board_height,-0.0919,0.0186,0.1105,1.4,46,20,-0.2296,0.099,False,0.179,False
streak2,up_days,10,lu_premium_1d,-0.1052,-0.0219,0.0833,0.98,37,23,0.0825,0.0317,True,0.125,False
hivol,mom5,1,limit_up_count,-0.0552,-0.0319,0.0234,1.26,166,158,-0.016,0.0666,False,0.161,False
hivol,mom5,1,limit_up_count_ma5,-0.0484,-0.0354,0.0131,0.73,167,165,-0.0263,0.0543,False,0.093,False
hivol,mom5,1,blow_rate,-0.0325,-0.0415,-0.009,-0.52,166,167,0.0255,-0.0333,False,-0.066,False
hivol,mom5,1,max_board_height,-0.0237,-0.0558,-0.0321,-1.68,158,152,-0.06,-0.0039,True,-0.214,False
hivol,mom5,1,lu_premium_1d,-0.0252,-0.0622,-0.037,-2.05,167,167,-0.0399,-0.032,True,-0.262,False
hivol,mom5,3,limit_up_count,-0.0675,-0.0545,0.013,0.81,165,157,-0.0329,0.0633,False,0.103,False
hivol,mom5,3,limit_up_count_ma5,-0.0675,-0.0635,0.0039,0.24,167,165,-0.0561,0.0687,False,0.031,False
hivol,mom5,3,blow_rate,-0.0345,-0.0686,-0.0341,-2.15,165,166,-0.0059,-0.0499,True,-0.274,False
hivol,mom5,3,max_board_height,-0.0547,-0.0732,-0.0185,-1.14,158,152,-0.0378,-0.0017,True,-0.145,False
hivol,mom5,3,lu_premium_1d,-0.0472,-0.0778,-0.0306,-1.93,166,166,-0.0416,-0.0154,True,-0.246,False
hivol,mom5,5,limit_up_count,-0.074,-0.0569,0.0171,1.01,165,156,-0.0295,0.0706,False,0.129,False
hivol,mom5,5,limit_up_count_ma5,-0.0694,-0.0654,0.004,0.24,165,165,-0.0368,0.0472,False,0.031,False
hivol,mom5,5,blow_rate,-0.0398,-0.0699,-0.0301,-1.83,163,166,0.0158,-0.0635,False,-0.234,False
hivol,mom5,5,max_board_height,-0.0541,-0.081,-0.0269,-1.65,158,152,-0.0446,-0.0159,True,-0.211,False
hivol,mom5,5,lu_premium_1d,-0.0424,-0.0788,-0.0364,-2.26,166,164,-0.04,-0.028,True,-0.288,False
hivol,mom5,10,limit_up_count,-0.0784,-0.0616,0.0168,1.0,161,156,-0.0017,0.0399,False,0.128,False
hivol,mom5,10,limit_up_count_ma5,-0.0725,-0.0732,-0.0006,-0.04,163,165,-0.0137,0.0129,False,-0.005,False
hivol,mom5,10,blow_rate,-0.048,-0.0697,-0.0218,-1.32,162,163,0.0003,-0.0371,False,-0.168,False
hivol,mom5,10,max_board_height,-0.0574,-0.0892,-0.0318,-1.95,156,152,-0.0249,-0.0443,True,-0.249,False
hivol,mom5,10,lu_premium_1d,-0.0492,-0.0753,-0.0261,-1.64,165,162,-0.0314,-0.0163,True,-0.209,False
hivol,mom10,1,limit_up_count,-0.05,-0.0424,0.0076,0.39,166,158,-0.0266,0.0436,False,0.05,False
hivol,mom10,1,limit_up_count_ma5,-0.052,-0.0344,0.0176,0.94,167,165,-0.0129,0.0473,False,0.12,False
hivol,mom10,1,blow_rate,-0.0422,-0.0352,0.0069,0.38,166,167,0.0283,-0.0048,False,0.048,False
hivol,mom10,1,max_board_height,-0.0291,-0.0714,-0.0424,-2.16,158,152,-0.067,-0.0141,True,-0.276,False
hivol,mom10,1,lu_premium_1d,-0.0297,-0.0682,-0.0385,-2.07,167,167,-0.0358,-0.0398,True,-0.264,False
hivol,mom10,3,limit_up_count,-0.0687,-0.0538,0.0149,0.81,165,157,-0.0219,0.0533,False,0.103,False
hivol,mom10,3,limit_up_count_ma5,-0.0772,-0.0549,0.0224,1.27,167,165,-0.0063,0.0495,False,0.162,False
hivol,mom10,3,blow_rate,-0.0362,-0.0622,-0.026,-1.45,165,166,-0.0122,-0.0319,True,-0.185,False
hivol,mom10,3,max_board_height,-0.0549,-0.0766,-0.0217,-1.19,158,152,-0.0374,-0.004,True,-0.152,False
hivol,mom10,3,lu_premium_1d,-0.0477,-0.0792,-0.0315,-1.8,166,166,-0.0174,-0.04,True,-0.23,False
hivol,mom10,5,limit_up_count,-0.0793,-0.0622,0.0171,0.93,165,156,-0.0097,0.0449,False,0.119,False
hivol,mom10,5,limit_up_count_ma5,-0.0809,-0.0604,0.0205,1.17,165,165,0.0239,0.0136,True,0.149,False
hivol,mom10,5,blow_rate,-0.0554,-0.0631,-0.0078,-0.45,163,166,0.0204,-0.0263,False,-0.057,False
hivol,mom10,5,max_board_height,-0.0556,-0.0874,-0.0318,-1.81,158,152,-0.0411,-0.0296,True,-0.231,False
hivol,mom10,5,lu_premium_1d,-0.0439,-0.0916,-0.0477,-2.8,166,164,-0.049,-0.0418,True,-0.357,False
hivol,mom10,10,limit_up_count,-0.0967,-0.0778,0.0189,1.06,161,156,0.0089,0.0266,True,0.135,False
hivol,mom10,10,limit_up_count_ma5,-0.0826,-0.0873,-0.0046,-0.28,163,165,0.0059,-0.0187,False,-0.036,False
hivol,mom10,10,blow_rate,-0.0597,-0.0757,-0.016,-0.94,162,163,0.0044,-0.0257,False,-0.12,False
hivol,mom10,10,max_board_height,-0.0621,-0.1026,-0.0406,-2.3,156,152,-0.0218,-0.0565,True,-0.294,False
hivol,mom10,10,lu_premium_1d,-0.0729,-0.0789,-0.0061,-0.36,165,162,-0.0122,0.0059,False,-0.046,False
hivol,mom20,1,limit_up_count,-0.0432,-0.0569,-0.0137,-0.7,166,158,-0.0388,0.0098,False,-0.089,False
hivol,mom20,1,limit_up_count_ma5,-0.0642,-0.0456,0.0186,0.99,167,165,-0.0032,0.0392,False,0.126,False
hivol,mom20,1,blow_rate,-0.0578,-0.0432,0.0145,0.78,166,167,0.0279,0.0124,True,0.1,False
hivol,mom20,1,max_board_height,-0.0328,-0.0723,-0.0395,-2.15,158,152,-0.0597,-0.0116,True,-0.274,False
hivol,mom20,1,lu_premium_1d,-0.0477,-0.0629,-0.0152,-0.81,167,167,-0.0286,0.0004,False,-0.103,False
hivol,mom20,3,limit_up_count,-0.0739,-0.072,0.002,0.1,165,157,-0.0354,0.038,False,0.013,False
hivol,mom20,3,limit_up_count_ma5,-0.086,-0.0653,0.0207,1.12,167,165,-0.0121,0.0508,False,0.143,False
hivol,mom20,3,blow_rate,-0.0492,-0.0767,-0.0276,-1.45,165,166,-0.0139,-0.0275,True,-0.185,False
hivol,mom20,3,max_board_height,-0.0487,-0.0786,-0.0299,-1.69,158,152,-0.0464,-0.0049,True,-0.216,False
hivol,mom20,3,lu_premium_1d,-0.0538,-0.0842,-0.0304,-1.7,166,166,-0.0326,-0.0209,True,-0.217,False
hivol,mom20,5,limit_up_count,-0.0909,-0.0744,0.0165,0.88,165,156,-0.0163,0.0465,False,0.112,False
hivol,mom20,5,limit_up_count_ma5,-0.0891,-0.0626,0.0265,1.44,165,165,0.02,0.0282,True,0.184,False
hivol,mom20,5,blow_rate,-0.0584,-0.0827,-0.0243,-1.32,163,166,0.0142,-0.046,False,-0.168,False
hivol,mom20,5,max_board_height,-0.054,-0.0782,-0.0242,-1.36,158,152,-0.0219,-0.0206,True,-0.174,False
hivol,mom20,5,lu_premium_1d,-0.0555,-0.0899,-0.0344,-2.01,166,164,-0.0443,-0.0168,True,-0.257,False
hivol,mom20,10,limit_up_count,-0.0952,-0.0752,0.02,1.11,161,156,0.0162,0.019,True,0.142,False
hivol,mom20,10,limit_up_count_ma5,-0.0766,-0.0783,-0.0017,-0.1,163,165,-0.0011,-0.0066,True,-0.013,False
hivol,mom20,10,blow_rate,-0.0579,-0.084,-0.026,-1.46,162,163,-0.0052,-0.0313,True,-0.186,False
hivol,mom20,10,max_board_height,-0.0575,-0.0744,-0.0169,-0.97,156,152,0.0095,-0.0326,False,-0.124,False
hivol,mom20,10,lu_premium_1d,-0.0783,-0.0674,0.0109,0.66,165,162,0.0103,0.0171,True,0.084,False
hivol,rev5,1,limit_up_count,0.0552,0.0319,-0.0234,-1.26,166,158,0.016,-0.0666,False,-0.161,False
hivol,rev5,1,limit_up_count_ma5,0.0484,0.0354,-0.0131,-0.73,167,165,0.0263,-0.0543,False,-0.093,False
hivol,rev5,1,blow_rate,0.0325,0.0415,0.009,0.52,166,167,-0.0255,0.0333,False,0.066,False
hivol,rev5,1,max_board_height,0.0237,0.0558,0.0321,1.68,158,152,0.06,0.0039,True,0.214,False
hivol,rev5,1,lu_premium_1d,0.0252,0.0622,0.037,2.05,167,167,0.0399,0.032,True,0.262,False
hivol,rev5,3,limit_up_count,0.0675,0.0545,-0.013,-0.81,165,157,0.0329,-0.0633,False,-0.103,False
hivol,rev5,3,limit_up_count_ma5,0.0675,0.0635,-0.0039,-0.24,167,165,0.0561,-0.0687,False,-0.031,False
hivol,rev5,3,blow_rate,0.0345,0.0686,0.0341,2.15,165,166,0.0059,0.0499,True,0.274,False
hivol,rev5,3,max_board_height,0.0547,0.0732,0.0185,1.14,158,152,0.0378,0.0017,True,0.145,False
hivol,rev5,3,lu_premium_1d,0.0472,0.0778,0.0306,1.93,166,166,0.0416,0.0154,True,0.246,False
hivol,rev5,5,limit_up_count,0.074,0.0569,-0.0171,-1.01,165,156,0.0295,-0.0706,False,-0.129,False
hivol,rev5,5,limit_up_count_ma5,0.0694,0.0654,-0.004,-0.24,165,165,0.0368,-0.0472,False,-0.031,False
hivol,rev5,5,blow_rate,0.0398,0.0699,0.0301,1.83,163,166,-0.0158,0.0635,False,0.234,False
hivol,rev5,5,max_board_height,0.0541,0.081,0.0269,1.65,158,152,0.0446,0.0159,True,0.211,False
hivol,rev5,5,lu_premium_1d,0.0424,0.0788,0.0364,2.26,166,164,0.04,0.028,True,0.288,False
hivol,rev5,10,limit_up_count,0.0784,0.0616,-0.0168,-1.0,161,156,0.0017,-0.0399,False,-0.128,False
hivol,rev5,10,limit_up_count_ma5,0.0725,0.0732,0.0006,0.04,163,165,0.0137,-0.0129,False,0.005,False
hivol,rev5,10,blow_rate,0.048,0.0697,0.0218,1.32,162,163,-0.0003,0.0371,False,0.168,False
hivol,rev5,10,max_board_height,0.0574,0.0892,0.0318,1.95,156,152,0.0249,0.0443,True,0.249,False
hivol,rev5,10,lu_premium_1d,0.0492,0.0753,0.0261,1.64,165,162,0.0314,0.0163,True,0.209,False
hivol,std5,1,limit_up_count,-0.0477,-0.0422,0.0055,0.32,166,158,-0.0216,0.0388,False,0.041,False
hivol,std5,1,limit_up_count_ma5,-0.0559,-0.0309,0.025,1.54,167,165,0.0005,0.0505,True,0.197,False
hivol,std5,1,blow_rate,-0.041,-0.0474,-0.0064,-0.41,166,167,0.0195,-0.0284,False,-0.052,False
hivol,std5,1,max_board_height,-0.0432,-0.0384,0.0048,0.29,158,152,-0.0077,0.0166,False,0.037,False
hivol,std5,1,lu_premium_1d,-0.0433,-0.0526,-0.0093,-0.58,167,167,-0.0313,0.0121,False,-0.074,False
hivol,std5,3,limit_up_count,-0.0828,-0.0581,0.0248,1.6,165,157,-0.0127,0.0675,False,0.204,False
hivol,std5,3,limit_up_count_ma5,-0.0756,-0.056,0.0195,1.3,167,165,-0.0199,0.0579,False,0.166,False
hivol,std5,3,blow_rate,-0.0499,-0.0732,-0.0233,-1.52,165,166,-0.0062,-0.0387,True,-0.194,False
hivol,std5,3,max_board_height,-0.0694,-0.0674,0.0019,0.13,158,152,-0.0087,0.0119,False,0.017,False
hivol,std5,3,lu_premium_1d,-0.0616,-0.0727,-0.0112,-0.74,166,166,-0.0294,0.0093,False,-0.094,False
hivol,std5,5,limit_up_count,-0.0861,-0.0627,0.0234,1.44,165,156,-0.0106,0.0585,False,0.184,False
hivol,std5,5,limit_up_count_ma5,-0.0782,-0.0502,0.0279,1.74,165,165,0.0038,0.0474,True,0.222,False
hivol,std5,5,blow_rate,-0.0568,-0.0806,-0.0238,-1.48,163,166,0.0024,-0.0417,False,-0.189,False
hivol,std5,5,max_board_height,-0.0663,-0.0745,-0.0082,-0.5,158,152,-0.0115,0.0019,False,-0.064,False
hivol,std5,5,lu_premium_1d,-0.0588,-0.0788,-0.02,-1.28,166,164,-0.0225,-0.0122,True,-0.163,False
hivol,std5,10,limit_up_count,-0.0946,-0.0745,0.0201,1.22,161,156,0.0041,0.0291,True,0.156,False
hivol,std5,10,limit_up_count_ma5,-0.0799,-0.0726,0.0073,0.46,163,165,-0.0065,0.0148,False,0.059,False
hivol,std5,10,blow_rate,-0.0548,-0.0942,-0.0395,-2.39,162,163,-0.0023,-0.0562,True,-0.305,False
hivol,std5,10,max_board_height,-0.0656,-0.0888,-0.0232,-1.34,156,152,-0.0327,0.0042,False,-0.171,False
hivol,std5,10,lu_premium_1d,-0.0686,-0.0792,-0.0107,-0.66,165,162,-0.0152,0.0024,False,-0.084,False
hivol,std20,1,limit_up_count,-0.0327,-0.0391,-0.0065,-0.38,166,158,0.0023,-0.0179,False,-0.048,False
hivol,std20,1,limit_up_count_ma5,-0.0422,-0.0345,0.0077,0.47,167,165,-0.0073,0.0213,False,0.06,False
hivol,std20,1,blow_rate,-0.0347,-0.0397,-0.005,-0.3,166,167,0.0028,-0.0029,False,-0.038,False
hivol,std20,1,max_board_height,-0.0278,-0.0358,-0.008,-0.47,158,152,-0.0037,0.0004,False,-0.06,False
hivol,std20,1,lu_premium_1d,-0.0306,-0.042,-0.0114,-0.69,167,167,-0.0492,0.0293,False,-0.088,False
hivol,std20,3,limit_up_count,-0.0576,-0.0519,0.0058,0.35,165,157,-0.0061,0.0149,False,0.045,False
hivol,std20,3,limit_up_count_ma5,-0.0556,-0.0525,0.0031,0.19,167,165,-0.0235,0.0263,False,0.024,False
hivol,std20,3,blow_rate,-0.0368,-0.0628,-0.026,-1.6,165,166,-0.0289,-0.0145,True,-0.204,False
hivol,std20,3,max_board_height,-0.0521,-0.0476,0.0045,0.27,158,152,-0.0094,0.0268,False,0.034,False
hivol,std20,3,lu_premium_1d,-0.0445,-0.0522,-0.0077,-0.49,166,166,-0.0343,0.0229,False,-0.063,False
hivol,std20,5,limit_up_count,-0.0666,-0.0574,0.0092,0.54,165,156,-0.0089,0.0217,False,0.069,False
hivol,std20,5,limit_up_count_ma5,-0.0639,-0.0485,0.0154,0.94,165,165,-0.0011,0.0263,False,0.12,False
hivol,std20,5,blow_rate,-0.0354,-0.0726,-0.0372,-2.25,163,166,-0.0232,-0.038,True,-0.287,False
hivol,std20,5,max_board_height,-0.0486,-0.0611,-0.0125,-0.77,158,152,-0.0146,0.0048,False,-0.098,False
hivol,std20,5,lu_premium_1d,-0.0434,-0.0595,-0.0161,-1.0,166,164,-0.0164,-0.0091,True,-0.128,False
hivol,std20,10,limit_up_count,-0.0814,-0.0723,0.0091,0.55,161,156,0.0046,0.0016,True,0.07,False
hivol,std20,10,limit_up_count_ma5,-0.0652,-0.0706,-0.0054,-0.34,163,165,-0.0141,-0.0037,True,-0.043,False
hivol,std20,10,blow_rate,-0.0398,-0.0864,-0.0465,-2.91,162,163,-0.024,-0.0437,True,-0.371,False
hivol,std20,10,max_board_height,-0.0627,-0.0704,-0.0077,-0.45,156,152,-0.0159,0.0259,False,-0.057,False
hivol,std20,10,lu_premium_1d,-0.0619,-0.0591,0.0028,0.17,165,162,-0.0022,0.0142,False,0.022,False
hivol,amp5,1,limit_up_count,-0.0678,-0.0823,-0.0144,-0.75,166,158,-0.0248,-0.0049,True,-0.096,False
hivol,amp5,1,limit_up_count_ma5,-0.075,-0.0639,0.011,0.62,167,165,-0.0019,0.0207,False,0.079,False
hivol,amp5,1,blow_rate,-0.0806,-0.0674,0.0132,0.71,166,167,0.0344,0.0065,True,0.091,False
hivol,amp5,1,max_board_height,-0.0607,-0.0768,-0.0161,-0.87,158,152,-0.0373,0.0133,False,-0.111,False
hivol,amp5,1,lu_premium_1d,-0.075,-0.0746,0.0004,0.02,167,167,-0.0523,0.055,False,0.003,False
hivol,amp5,3,limit_up_count,-0.0955,-0.0896,0.0059,0.32,165,157,-0.0166,0.0294,False,0.041,False
hivol,amp5,3,limit_up_count_ma5,-0.092,-0.0835,0.0085,0.49,167,165,-0.013,0.0249,False,0.063,False
hivol,amp5,3,blow_rate,-0.0838,-0.0863,-0.0026,-0.14,165,166,-0.0042,0.0075,False,-0.018,False
hivol,amp5,3,max_board_height,-0.0965,-0.0861,0.0104,0.59,158,152,-0.0162,0.0384,False,0.075,False
hivol,amp5,3,lu_premium_1d,-0.0878,-0.0849,0.0028,0.16,166,166,-0.022,0.031,False,0.02,False
hivol,amp5,5,limit_up_count,-0.104,-0.0905,0.0134,0.71,165,156,-0.0082,0.0319,False,0.091,False
hivol,amp5,5,limit_up_count_ma5,-0.0964,-0.0736,0.0229,1.29,165,165,0.0114,0.0272,True,0.165,False
hivol,amp5,5,blow_rate,-0.084,-0.1001,-0.016,-0.87,163,166,0.0048,-0.0231,False,-0.111,False
hivol,amp5,5,max_board_height,-0.0968,-0.0859,0.0109,0.62,158,152,0.0049,0.0249,True,0.079,False
hivol,amp5,5,lu_premium_1d,-0.0831,-0.0916,-0.0085,-0.49,166,164,-0.0148,0.0045,False,-0.063,False
hivol,amp5,10,limit_up_count,-0.1082,-0.0891,0.019,1.03,161,156,0.0014,0.0298,True,0.131,False
hivol,amp5,10,limit_up_count_ma5,-0.0906,-0.0866,0.004,0.23,163,165,-0.0207,0.0235,False,0.029,False
hivol,amp5,10,blow_rate,-0.0672,-0.1149,-0.0478,-2.65,162,163,-0.0104,-0.0611,True,-0.338,False
hivol,amp5,10,max_board_height,-0.0923,-0.0983,-0.0059,-0.32,156,152,-0.0102,0.0184,False,-0.041,False
hivol,amp5,10,lu_premium_1d,-0.098,-0.0834,0.0146,0.81,165,162,0.0079,0.0297,True,0.103,False
hivol,to_level,1,limit_up_count,-0.0388,-0.0509,-0.0121,-0.73,166,158,-0.0079,-0.0171,True,-0.093,False
hivol,to_level,1,limit_up_count_ma5,-0.0448,-0.0439,0.0009,0.06,167,165,0.0046,-0.0035,False,0.008,False
hivol,to_level,1,blow_rate,-0.0416,-0.0458,-0.0042,-0.28,166,167,-0.0116,0.0072,False,-0.036,False
hivol,to_level,1,max_board_height,-0.0405,-0.0513,-0.0108,-0.65,158,152,-0.0125,0.0003,False,-0.083,False
hivol,to_level,1,lu_premium_1d,-0.0287,-0.0517,-0.023,-1.43,167,167,-0.0447,-0.0011,True,-0.183,False
hivol,to_level,3,limit_up_count,-0.0565,-0.0601,-0.0036,-0.22,165,157,-0.0103,0.0063,False,-0.028,False
hivol,to_level,3,limit_up_count_ma5,-0.0681,-0.0554,0.0127,0.8,167,165,0.0276,-0.0056,False,0.102,False
hivol,to_level,3,blow_rate,-0.0443,-0.055,-0.0107,-0.69,165,166,-0.0327,0.0093,False,-0.088,False
hivol,to_level,3,max_board_height,-0.0622,-0.0525,0.0098,0.57,158,152,-0.0064,0.0272,False,0.073,False
hivol,to_level,3,lu_premium_1d,-0.0387,-0.0576,-0.0189,-1.17,166,166,-0.05,0.0115,False,-0.149,False
hivol,to_level,5,limit_up_count,-0.0667,-0.0732,-0.0065,-0.41,165,156,-0.0088,-0.0032,True,-0.052,False
hivol,to_level,5,limit_up_count_ma5,-0.0704,-0.066,0.0044,0.28,165,165,0.0293,-0.0264,False,0.036,False
hivol,to_level,5,blow_rate,-0.0607,-0.0694,-0.0087,-0.55,163,166,-0.0074,-0.0138,True,-0.07,False
hivol,to_level,5,max_board_height,-0.0683,-0.0614,0.0069,0.42,158,152,0.0119,0.001,True,0.054,False
hivol,to_level,5,lu_premium_1d,-0.0513,-0.0641,-0.0129,-0.83,166,164,-0.0333,0.0073,False,-0.106,False
hivol,to_level,10,limit_up_count,-0.0773,-0.0977,-0.0204,-1.27,161,156,-0.0022,-0.0445,True,-0.162,False
hivol,to_level,10,limit_up_count_ma5,-0.0668,-0.0954,-0.0286,-1.82,163,165,-0.0036,-0.0586,True,-0.232,False
hivol,to_level,10,blow_rate,-0.0722,-0.094,-0.0218,-1.42,162,163,-0.0244,-0.0201,True,-0.181,False
hivol,to_level,10,max_board_height,-0.079,-0.0773,0.0017,0.11,156,152,0.015,-0.0067,False,0.014,False
hivol,to_level,10,lu_premium_1d,-0.063,-0.0808,-0.0179,-1.12,165,162,-0.0184,-0.0194,True,-0.143,False
hivol,to_trend,1,limit_up_count,-0.0534,-0.0642,-0.0108,-0.72,166,158,-0.0436,0.0265,False,-0.092,False
hivol,to_trend,1,limit_up_count_ma5,-0.0563,-0.0546,0.0017,0.12,167,165,-0.017,0.0199,False,0.015,False
hivol,to_trend,1,blow_rate,-0.0739,-0.0487,0.0253,1.75,166,167,0.0425,0.0156,True,0.223,False
hivol,to_trend,1,max_board_height,-0.0564,-0.066,-0.0096,-0.65,158,152,-0.0331,0.0163,False,-0.083,False
hivol,to_trend,1,lu_premium_1d,-0.0525,-0.0735,-0.021,-1.47,167,167,-0.0343,-0.0075,True,-0.188,False
hivol,to_trend,3,limit_up_count,-0.0707,-0.0712,-0.0004,-0.03,165,157,-0.0296,0.031,False,-0.004,False
hivol,to_trend,3,limit_up_count_ma5,-0.0667,-0.0708,-0.0041,-0.3,167,165,-0.0321,0.0233,False,-0.038,False
hivol,to_trend,3,blow_rate,-0.0749,-0.0691,0.0059,0.42,165,166,0.0067,0.0093,True,0.054,False
hivol,to_trend,3,max_board_height,-0.0767,-0.0727,0.004,0.29,158,152,-0.0154,0.0278,False,0.037,False
hivol,to_trend,3,lu_premium_1d,-0.0629,-0.0816,-0.0187,-1.36,166,166,-0.0142,-0.0196,True,-0.174,False
hivol,to_trend,5,limit_up_count,-0.0741,-0.0683,0.0058,0.42,165,156,-0.0227,0.0362,False,0.054,False
hivol,to_trend,5,limit_up_count_ma5,-0.0649,-0.0647,0.0002,0.01,165,165,-0.0146,0.0129,False,0.001,False
hivol,to_trend,5,blow_rate,-0.0748,-0.0711,0.0037,0.26,163,166,0.0222,-0.0063,False,0.033,False
hivol,to_trend,5,max_board_height,-0.0753,-0.0703,0.0049,0.36,158,152,-0.0191,0.0315,False,0.046,False
hivol,to_trend,5,lu_premium_1d,-0.0556,-0.0812,-0.0256,-1.85,166,164,-0.0209,-0.0254,True,-0.236,False
hivol,to_trend,10,limit_up_count,-0.0748,-0.0594,0.0154,1.16,161,156,-0.0015,0.0318,False,0.148,False
hivol,to_trend,10,limit_up_count_ma5,-0.0639,-0.0669,-0.003,-0.24,163,165,-0.0113,0.0031,False,-0.031,False
hivol,to_trend,10,blow_rate,-0.0603,-0.0686,-0.0083,-0.62,162,163,0.013,-0.0203,False,-0.079,False
hivol,to_trend,10,max_board_height,-0.0658,-0.0703,-0.0044,-0.33,156,152,-0.0152,0.0146,False,-0.042,False
hivol,to_trend,10,lu_premium_1d,-0.0609,-0.0691,-0.0082,-0.62,165,162,0.0023,-0.014,False,-0.079,False
hivol,amihud20,1,limit_up_count,0.0134,0.0272,0.0139,0.74,166,158,0.0025,0.0254,True,0.094,False
hivol,amihud20,1,limit_up_count_ma5,0.0183,0.0169,-0.0014,-0.07,167,165,-0.0051,0.0025,False,-0.009,False
hivol,amihud20,1,blow_rate,0.0096,0.0201,0.0105,0.56,166,167,0.0236,-0.0074,False,0.071,False
hivol,amihud20,1,max_board_height,0.0092,0.0299,0.0207,1.09,158,152,0.0202,0.0098,True,0.139,False
hivol,amihud20,1,lu_premium_1d,0.022,0.0167,-0.0053,-0.29,167,167,0.0241,-0.0349,False,-0.037,False
hivol,amihud20,3,limit_up_count,0.028,0.0379,0.0099,0.56,165,157,0.0019,0.0162,True,0.071,False
hivol,amihud20,3,limit_up_count_ma5,0.0293,0.0245,-0.0048,-0.28,167,165,-0.0198,0.0131,False,-0.036,False
hivol,amihud20,3,blow_rate,0.0161,0.0271,0.011,0.65,165,166,0.0227,-0.0037,False,0.083,False
hivol,amihud20,3,max_board_height,0.0224,0.0457,0.0233,1.34,158,152,0.0478,0.0036,True,0.171,False
hivol,amihud20,3,lu_premium_1d,0.0281,0.0334,0.0053,0.32,166,166,0.0251,-0.0125,False,0.041,False
hivol,amihud20,5,limit_up_count,0.037,0.0346,-0.0024,-0.14,165,156,-0.0082,0.0046,False,-0.018,False
hivol,amihud20,5,limit_up_count_ma5,0.0288,0.023,-0.0057,-0.34,165,165,-0.0249,0.0175,False,-0.043,False
hivol,amihud20,5,blow_rate,0.0127,0.0476,0.0349,2.08,163,166,0.0344,0.0341,True,0.265,False
hivol,amihud20,5,max_board_height,0.0161,0.0423,0.0262,1.54,158,152,0.0063,0.0369,True,0.197,False
hivol,amihud20,5,lu_premium_1d,0.0281,0.0437,0.0156,0.96,166,164,-0.0039,0.0335,False,0.123,False
hivol,amihud20,10,limit_up_count,0.039,0.0572,0.0183,1.05,161,156,0.0057,0.0382,True,0.134,False
hivol,amihud20,10,limit_up_count_ma5,0.0341,0.0524,0.0183,1.05,163,165,0.0184,0.0214,True,0.134,False
hivol,amihud20,10,blow_rate,0.0204,0.0623,0.0418,2.4,162,163,0.0387,0.0284,True,0.306,False
hivol,amihud20,10,max_board_height,0.023,0.0566,0.0336,1.87,156,152,0.0017,0.0527,True,0.239,False
hivol,amihud20,10,lu_premium_1d,0.0509,0.0462,-0.0047,-0.28,165,162,-0.0111,-0.0011,True,-0.036,False
hivol,vp_div,1,limit_up_count,-0.0423,-0.011,0.0312,2.17,166,158,0.0001,0.069,True,0.277,False
hivol,vp_div,1,limit_up_count_ma5,-0.0411,-0.0142,0.0269,1.98,167,165,0.0095,0.0457,True,0.253,False
hivol,vp_div,1,blow_rate,-0.0111,-0.0331,-0.022,-1.72,166,167,-0.0026,-0.0408,True,-0.22,False
hivol,vp_div,1,max_board_height,-0.0185,-0.0241,-0.0056,-0.39,158,152,-0.0189,0.0049,False,-0.05,False
hivol,vp_div,1,lu_premium_1d,-0.0217,-0.029,-0.0073,-0.54,167,167,-0.0044,-0.0091,True,-0.069,False
hivol,vp_div,3,limit_up_count,-0.0389,-0.0223,0.0166,1.2,165,157,-0.0214,0.0652,False,0.153,False
hivol,vp_div,3,limit_up_count_ma5,-0.0446,-0.0185,0.0261,1.96,167,165,0.0086,0.0469,True,0.25,False
hivol,vp_div,3,blow_rate,-0.0166,-0.0314,-0.0148,-1.12,165,166,0.02,-0.0532,False,-0.143,False
hivol,vp_div,3,max_board_height,-0.031,-0.0319,-0.0008,-0.06,158,152,-0.0263,0.0161,False,-0.008,False
hivol,vp_div,3,lu_premium_1d,-0.03,-0.0307,-0.0007,-0.05,166,166,-0.0105,0.0085,False,-0.006,False
hivol,vp_div,5,limit_up_count,-0.0471,-0.0334,0.0136,0.98,165,156,-0.0159,0.0537,False,0.125,False
hivol,vp_div,5,limit_up_count_ma5,-0.0458,-0.0321,0.0137,1.01,165,165,0.0088,0.0206,True,0.129,False
hivol,vp_div,5,blow_rate,-0.0185,-0.038,-0.0195,-1.45,163,166,0.0123,-0.0564,False,-0.185,False
hivol,vp_div,5,max_board_height,-0.0345,-0.0378,-0.0033,-0.24,158,152,-0.0261,0.0089,False,-0.031,False
hivol,vp_div,5,lu_premium_1d,-0.028,-0.0419,-0.0138,-1.02,166,164,-0.0153,-0.0128,True,-0.13,False
hivol,vp_div,10,limit_up_count,-0.0523,-0.0314,0.0209,1.5,161,156,0.014,0.0366,True,0.191,False
hivol,vp_div,10,limit_up_count_ma5,-0.0588,-0.0291,0.0296,2.15,163,165,0.0277,0.0349,True,0.274,False
hivol,vp_div,10,blow_rate,-0.023,-0.0428,-0.0198,-1.43,162,163,-0.0052,-0.0452,True,-0.183,False
hivol,vp_div,10,max_board_height,-0.0434,-0.0344,0.009,0.63,156,152,-0.0076,0.0113,False,0.08,False
hivol,vp_div,10,lu_premium_1d,-0.0395,-0.0419,-0.0024,-0.17,165,162,-0.013,0.0061,False,-0.022,False
hivol,gap,1,limit_up_count,0.0428,0.0397,-0.0031,-0.2,166,158,-0.0036,0.002,False,-0.026,False
hivol,gap,1,limit_up_count_ma5,0.0447,0.0376,-0.0071,-0.48,167,165,-0.0211,0.0087,False,-0.061,False
hivol,gap,1,blow_rate,0.0322,0.0403,0.0081,0.52,166,167,0.002,0.003,True,0.066,False
hivol,gap,1,max_board_height,0.046,0.0258,-0.0202,-1.28,158,152,-0.0229,-0.0201,True,-0.163,False
hivol,gap,1,lu_premium_1d,0.0251,0.0493,0.0243,1.58,167,167,0.0211,0.025,True,0.202,False
hivol,gap,3,limit_up_count,0.0437,0.0477,0.004,0.29,165,157,-0.0063,0.0169,False,0.037,False
hivol,gap,3,limit_up_count_ma5,0.0475,0.0375,-0.0101,-0.72,167,165,-0.0223,0.0046,False,-0.092,False
hivol,gap,3,blow_rate,0.0439,0.037,-0.0069,-0.47,165,166,-0.0095,-0.0105,True,-0.06,False
hivol,gap,3,max_board_height,0.043,0.0355,-0.0075,-0.52,158,152,-0.0141,-0.0072,True,-0.066,False
hivol,gap,3,lu_premium_1d,0.0325,0.0544,0.0219,1.57,166,166,0.0267,0.0148,True,0.2,False
hivol,gap,5,limit_up_count,0.0449,0.0401,-0.0048,-0.35,165,156,-0.0167,0.0089,False,-0.045,False
hivol,gap,5,limit_up_count_ma5,0.0509,0.0327,-0.0181,-1.33,165,165,-0.0375,0.0043,False,-0.17,False
hivol,gap,5,blow_rate,0.0403,0.0377,-0.0026,-0.18,163,166,-0.0096,0.0021,False,-0.023,False
hivol,gap,5,max_board_height,0.0552,0.0323,-0.0229,-1.56,158,152,-0.0154,-0.032,True,-0.199,False
hivol,gap,5,lu_premium_1d,0.0368,0.0517,0.0149,1.08,166,164,0.029,-0.0001,False,0.138,False
hivol,gap,10,limit_up_count,0.0444,0.0326,-0.0118,-0.83,161,156,-0.0214,-0.0006,True,-0.106,False
hivol,gap,10,limit_up_count_ma5,0.0456,0.0301,-0.0156,-1.1,163,165,-0.0379,0.0099,False,-0.14,False
hivol,gap,10,blow_rate,0.0279,0.0367,0.0088,0.6,162,163,-0.0023,0.0217,False,0.077,False
hivol,gap,10,max_board_height,0.042,0.0334,-0.0086,-0.57,156,152,-0.016,-0.006,True,-0.073,False
hivol,gap,10,lu_premium_1d,0.0396,0.0443,0.0047,0.32,165,162,0.0209,-0.0126,False,0.041,False
hivol,c2l5,1,limit_up_count,-0.0815,-0.0823,-0.0008,-0.05,166,158,-0.0194,0.0189,False,-0.006,False
hivol,c2l5,1,limit_up_count_ma5,-0.0848,-0.0696,0.0153,0.92,167,165,-0.0037,0.0327,False,0.117,False
hivol,c2l5,1,blow_rate,-0.0817,-0.0708,0.0109,0.66,166,167,0.0391,-0.0038,False,0.084,False
hivol,c2l5,1,max_board_height,-0.0601,-0.0824,-0.0223,-1.34,158,152,-0.0493,0.0088,False,-0.171,False
hivol,c2l5,1,lu_premium_1d,-0.0722,-0.0873,-0.0151,-0.91,167,167,-0.0563,0.0282,False,-0.116,False
hivol,c2l5,3,limit_up_count,-0.1107,-0.0985,0.0122,0.76,165,157,-0.0164,0.0448,False,0.097,False
hivol,c2l5,3,limit_up_count_ma5,-0.1109,-0.0942,0.0167,1.07,167,165,-0.0128,0.0444,False,0.137,False
hivol,c2l5,3,blow_rate,-0.09,-0.0961,-0.0062,-0.39,165,166,0.0031,-0.008,False,-0.05,False
hivol,c2l5,3,max_board_height,-0.1046,-0.1004,0.0042,0.27,158,152,-0.0174,0.0254,False,0.034,False
hivol,c2l5,3,lu_premium_1d,-0.095,-0.1066,-0.0116,-0.76,166,166,-0.0389,0.0185,False,-0.097,False
hivol,c2l5,5,limit_up_count,-0.1201,-0.0986,0.0215,1.31,165,156,0.0005,0.0438,True,0.167,False
hivol,c2l5,5,limit_up_count_ma5,-0.1165,-0.0874,0.0291,1.75,165,165,0.0147,0.0396,True,0.223,False
hivol,c2l5,5,blow_rate,-0.0909,-0.1096,-0.0188,-1.14,163,166,0.0129,-0.04,False,-0.145,False
hivol,c2l5,5,max_board_height,-0.1034,-0.1035,-0.0001,-0.01,158,152,-0.0088,0.0117,False,-0.001,False
hivol,c2l5,5,lu_premium_1d,-0.0887,-0.1108,-0.0221,-1.41,166,164,-0.0313,-0.0072,True,-0.18,False
hivol,c2l5,10,limit_up_count,-0.1241,-0.098,0.0262,1.66,161,156,0.0195,0.0285,True,0.212,False
hivol,c2l5,10,limit_up_count_ma5,-0.1094,-0.0969,0.0124,0.81,163,165,-0.0009,0.0218,False,0.103,False
hivol,c2l5,10,blow_rate,-0.0843,-0.1185,-0.0342,-2.15,162,163,-0.0013,-0.0496,True,-0.274,False
hivol,c2l5,10,max_board_height,-0.0968,-0.1169,-0.0201,-1.31,156,152,-0.0231,-0.0051,True,-0.167,False
hivol,c2l5,10,lu_premium_1d,-0.1015,-0.1029,-0.0014,-0.09,165,162,-0.0074,0.0126,False,-0.011,False
hivol,winner_ratio,1,limit_up_count,-0.0588,-0.0268,0.032,1.97,166,158,0.0123,0.0538,True,0.251,False
hivol,winner_ratio,1,limit_up_count_ma5,-0.045,-0.0207,0.0243,1.54,167,165,0.0048,0.0443,True,0.197,False
hivol,winner_ratio,1,blow_rate,-0.0314,-0.0352,-0.0038,-0.25,166,167,0.0187,-0.0228,False,-0.032,False
hivol,winner_ratio,1,max_board_height,-0.0176,-0.0571,-0.0395,-2.38,158,152,-0.0637,-0.0161,True,-0.304,False
hivol,winner_ratio,1,lu_premium_1d,-0.0279,-0.0442,-0.0163,-1.03,167,167,-0.0235,-0.009,True,-0.131,False
hivol,winner_ratio,3,limit_up_count,-0.0599,-0.0282,0.0317,2.06,165,157,0.0147,0.0511,True,0.263,False
hivol,winner_ratio,3,limit_up_count_ma5,-0.0572,-0.0268,0.0303,1.97,167,165,-0.0033,0.0681,False,0.251,False
hivol,winner_ratio,3,blow_rate,-0.0186,-0.0447,-0.0261,-1.75,165,166,-0.0204,-0.0312,True,-0.223,False
hivol,winner_ratio,3,max_board_height,-0.0351,-0.0467,-0.0116,-0.76,158,152,-0.0319,0.0033,False,-0.097,False
hivol,winner_ratio,3,lu_premium_1d,-0.0398,-0.0476,-0.0078,-0.52,166,166,-0.0095,-0.0028,True,-0.066,False
hivol,winner_ratio,5,limit_up_count,-0.0667,-0.0284,0.0383,2.46,165,156,0.0192,0.0644,True,0.314,False
hivol,winner_ratio,5,limit_up_count_ma5,-0.0585,-0.027,0.0315,2.09,165,165,0.0126,0.0541,True,0.267,False
hivol,winner_ratio,5,blow_rate,-0.0255,-0.0419,-0.0164,-1.12,163,166,-0.0009,-0.0341,True,-0.143,False
hivol,winner_ratio,5,max_board_height,-0.0329,-0.0454,-0.0125,-0.8,158,152,-0.0212,-0.0167,True,-0.102,False
hivol,winner_ratio,5,lu_premium_1d,-0.0308,-0.0543,-0.0235,-1.6,166,164,-0.0282,-0.017,True,-0.204,False
hivol,winner_ratio,10,limit_up_count,-0.0576,-0.0149,0.0427,2.72,161,156,0.0474,0.0463,True,0.347,False
hivol,winner_ratio,10,limit_up_count_ma5,-0.0539,-0.0153,0.0386,2.63,163,165,0.0375,0.0436,True,0.336,False
hivol,winner_ratio,10,blow_rate,-0.0173,-0.0286,-0.0113,-0.77,162,163,-0.0078,-0.0279,True,-0.098,False
hivol,winner_ratio,10,max_board_height,-0.0339,-0.0326,0.0013,0.08,156,152,0.0083,-0.0251,False,0.01,False
hivol,winner_ratio,10,lu_premium_1d,-0.0338,-0.0284,0.0055,0.37,165,162,0.0002,0.009,True,0.047,False
hivol,cost_bias,1,limit_up_count,-0.0273,0.0001,0.0274,2.48,166,158,0.0078,0.0447,True,0.317,False
hivol,cost_bias,1,limit_up_count_ma5,-0.028,-0.0063,0.0217,2.04,167,165,0.0056,0.0359,True,0.26,False
hivol,cost_bias,1,blow_rate,-0.0105,-0.023,-0.0125,-1.2,166,167,0.0039,-0.0249,False,-0.153,False
hivol,cost_bias,1,max_board_height,-0.0135,-0.0296,-0.016,-1.39,158,152,-0.0111,-0.0139,True,-0.177,False
hivol,cost_bias,1,lu_premium_1d,-0.0124,-0.0212,-0.0088,-0.8,167,167,-0.0065,-0.0077,True,-0.102,False
hivol,cost_bias,3,limit_up_count,-0.0296,-0.0066,0.023,2.22,165,157,0.0012,0.0398,True,0.283,False
hivol,cost_bias,3,limit_up_count_ma5,-0.0381,-0.0134,0.0247,2.38,167,165,-0.0013,0.0489,False,0.304,False
hivol,cost_bias,3,blow_rate,-0.0039,-0.0336,-0.0298,-2.91,165,166,-0.0086,-0.0384,True,-0.371,False
hivol,cost_bias,3,max_board_height,-0.0126,-0.0276,-0.015,-1.42,158,152,-0.011,-0.0084,True,-0.181,False
hivol,cost_bias,3,lu_premium_1d,-0.0142,-0.0301,-0.016,-1.54,166,166,-0.0113,-0.0133,True,-0.197,False
hivol,cost_bias,5,limit_up_count,-0.0341,-0.0087,0.0254,2.39,165,156,0.0011,0.0458,True,0.305,False
hivol,cost_bias,5,limit_up_count_ma5,-0.0395,-0.0147,0.0248,2.36,165,165,0.0025,0.0451,True,0.301,False
hivol,cost_bias,5,blow_rate,-0.0063,-0.0283,-0.022,-2.05,163,166,0.0069,-0.0377,False,-0.262,False
hivol,cost_bias,5,max_board_height,-0.0095,-0.0323,-0.0228,-2.19,158,152,-0.02,-0.0166,True,-0.28,False
hivol,cost_bias,5,lu_premium_1d,-0.0082,-0.028,-0.0198,-1.87,166,164,-0.0076,-0.0254,True,-0.239,False
hivol,cost_bias,10,limit_up_count,-0.0262,-0.0042,0.0219,1.9,161,156,0.0067,0.0333,True,0.242,False
hivol,cost_bias,10,limit_up_count_ma5,-0.0321,-0.0086,0.0235,2.15,163,165,-0.0015,0.0475,False,0.274,False
hivol,cost_bias,10,blow_rate,0.001,-0.0158,-0.0168,-1.5,162,163,0.0039,-0.0243,False,-0.191,False
hivol,cost_bias,10,max_board_height,0.0019,-0.0304,-0.0323,-3.03,156,152,-0.0232,-0.03,True,-0.387,False
hivol,cost_bias,10,lu_premium_1d,-0.0028,-0.0107,-0.0079,-0.72,165,162,-0.0026,-0.0067,True,-0.092,False
hivol,up_days,1,limit_up_count,-0.0486,-0.0305,0.0181,1.3,166,158,0.0091,0.0267,True,0.166,False
hivol,up_days,1,limit_up_count_ma5,-0.0427,-0.0322,0.0105,0.73,167,165,-0.0038,0.0245,False,0.093,False
hivol,up_days,1,blow_rate,-0.0205,-0.0449,-0.0244,-1.78,166,167,-0.0298,-0.0206,True,-0.227,False
hivol,up_days,1,max_board_height,-0.0052,-0.058,-0.0529,-3.61,158,152,-0.0587,-0.043,True,-0.461,True
hivol,up_days,1,lu_premium_1d,-0.0302,-0.0318,-0.0016,-0.11,167,167,-0.0107,0.0065,False,-0.014,False
hivol,up_days,3,limit_up_count,-0.0512,-0.0279,0.0234,1.68,165,157,0.0218,0.0209,True,0.214,False
hivol,up_days,3,limit_up_count_ma5,-0.0498,-0.0392,0.0107,0.76,167,165,0.0073,0.0145,True,0.097,False
hivol,up_days,3,blow_rate,-0.0161,-0.0485,-0.0324,-2.38,165,166,-0.0481,-0.0106,True,-0.304,False
hivol,up_days,3,max_board_height,-0.0156,-0.0421,-0.0265,-1.78,158,152,-0.0391,-0.0147,True,-0.227,False
hivol,up_days,3,lu_premium_1d,-0.0211,-0.0469,-0.0258,-1.81,166,166,-0.0437,-0.0059,True,-0.231,False
hivol,up_days,5,limit_up_count,-0.0645,-0.0311,0.0334,2.42,165,156,0.0269,0.0385,True,0.309,False
hivol,up_days,5,limit_up_count_ma5,-0.057,-0.0396,0.0173,1.27,165,165,0.01,0.0261,True,0.162,False
hivol,up_days,5,blow_rate,-0.0176,-0.0506,-0.033,-2.44,163,166,-0.0354,-0.0274,True,-0.311,False
hivol,up_days,5,max_board_height,-0.0149,-0.0509,-0.036,-2.49,158,152,-0.0465,-0.0306,True,-0.318,False
hivol,up_days,5,lu_premium_1d,-0.0197,-0.0529,-0.0332,-2.35,166,164,-0.049,-0.0153,True,-0.3,False
hivol,up_days,10,limit_up_count,-0.0612,-0.0313,0.0299,2.13,161,156,0.021,0.0371,True,0.272,False
hivol,up_days,10,limit_up_count_ma5,-0.0532,-0.0476,0.0056,0.42,163,165,-0.0062,0.0172,False,0.054,False
hivol,up_days,10,blow_rate,-0.0164,-0.0562,-0.0397,-2.8,162,163,-0.036,-0.0404,True,-0.357,False
hivol,up_days,10,max_board_height,-0.0221,-0.0527,-0.0306,-2.1,156,152,-0.0451,-0.0143,True,-0.268,False
hivol,up_days,10,lu_premium_1d,-0.0297,-0.0475,-0.0179,-1.25,165,162,-0.0351,0.0038,False,-0.16,False
hito,mom5,1,limit_up_count,-0.0496,-0.0369,0.0127,0.65,166,158,-0.0341,0.0627,False,0.083,False
hito,mom5,1,limit_up_count_ma5,-0.0523,-0.038,0.0143,0.74,167,165,-0.0266,0.0553,False,0.094,False
hito,mom5,1,blow_rate,-0.038,-0.0423,-0.0042,-0.23,166,167,0.0323,-0.0257,False,-0.029,False
hito,mom5,1,max_board_height,-0.0195,-0.0585,-0.039,-1.92,158,152,-0.0703,-0.003,True,-0.245,False
hito,mom5,1,lu_premium_1d,-0.0219,-0.0686,-0.0467,-2.49,167,167,-0.0485,-0.0398,True,-0.318,False
hito,mom5,3,limit_up_count,-0.0639,-0.056,0.0079,0.45,165,157,-0.0442,0.0623,False,0.057,False
hito,mom5,3,limit_up_count_ma5,-0.0717,-0.0588,0.0129,0.73,167,165,-0.047,0.0752,False,0.093,False
hito,mom5,3,blow_rate,-0.0331,-0.0651,-0.0319,-1.85,165,166,-0.0087,-0.0321,True,-0.236,False
hito,mom5,3,max_board_height,-0.0506,-0.0732,-0.0227,-1.26,158,152,-0.0395,0.0026,False,-0.161,False
hito,mom5,3,lu_premium_1d,-0.0364,-0.0817,-0.0453,-2.65,166,166,-0.0482,-0.0352,True,-0.338,False
hito,mom5,5,limit_up_count,-0.0706,-0.0609,0.0097,0.53,165,156,-0.0463,0.0701,False,0.068,False
hito,mom5,5,limit_up_count_ma5,-0.0755,-0.0673,0.0082,0.45,165,165,-0.0399,0.0572,False,0.057,False
hito,mom5,5,blow_rate,-0.0387,-0.0725,-0.0338,-1.89,163,166,0.0058,-0.0508,False,-0.241,False
hito,mom5,5,max_board_height,-0.049,-0.0875,-0.0385,-2.18,158,152,-0.051,-0.0191,True,-0.278,False
hito,mom5,5,lu_premium_1d,-0.0374,-0.0844,-0.0471,-2.68,166,164,-0.0506,-0.0353,True,-0.342,False
hito,mom5,10,limit_up_count,-0.0776,-0.075,0.0025,0.14,161,156,-0.0187,0.0244,False,0.018,False
hito,mom5,10,limit_up_count_ma5,-0.075,-0.0838,-0.0089,-0.51,163,165,-0.0172,-0.0034,True,-0.065,False
hito,mom5,10,blow_rate,-0.0554,-0.0698,-0.0144,-0.81,162,163,0.0001,-0.0121,False,-0.103,False
hito,mom5,10,max_board_height,-0.0581,-0.0985,-0.0403,-2.31,156,152,-0.0321,-0.0421,True,-0.295,False
hito,mom5,10,lu_premium_1d,-0.049,-0.0844,-0.0354,-2.06,165,162,-0.0432,-0.0204,True,-0.263,False
hito,mom10,1,limit_up_count,-0.0546,-0.0461,0.0084,0.41,166,158,-0.0305,0.0491,False,0.052,False
hito,mom10,1,limit_up_count_ma5,-0.0594,-0.0422,0.0171,0.87,167,165,-0.0152,0.0478,False,0.111,False
hito,mom10,1,blow_rate,-0.0448,-0.0433,0.0015,0.08,166,167,0.021,-0.0059,False,0.01,False
hito,mom10,1,max_board_height,-0.0258,-0.08,-0.0542,-2.66,158,152,-0.0809,-0.022,True,-0.339,False
hito,mom10,1,lu_premium_1d,-0.027,-0.0758,-0.0488,-2.52,167,167,-0.0547,-0.0406,True,-0.322,False
hito,mom10,3,limit_up_count,-0.0718,-0.0668,0.005,0.26,165,157,-0.0389,0.0478,False,0.033,False
hito,mom10,3,limit_up_count_ma5,-0.0855,-0.0635,0.022,1.2,167,165,-0.012,0.053,False,0.153,False
hito,mom10,3,blow_rate,-0.0374,-0.0723,-0.0349,-1.87,165,166,-0.0263,-0.025,True,-0.239,False
hito,mom10,3,max_board_height,-0.058,-0.0861,-0.0282,-1.49,158,152,-0.0465,0.0035,False,-0.19,False
hito,mom10,3,lu_premium_1d,-0.0503,-0.0868,-0.0366,-2.02,166,166,-0.0185,-0.0472,True,-0.258,False
hito,mom10,5,limit_up_count,-0.0852,-0.079,0.0062,0.32,165,156,-0.0283,0.0386,False,0.041,False
hito,mom10,5,limit_up_count_ma5,-0.0906,-0.0787,0.0119,0.64,165,165,0.0044,0.0147,True,0.082,False
hito,mom10,5,blow_rate,-0.0605,-0.083,-0.0225,-1.22,163,166,-0.0,-0.0239,True,-0.156,False
hito,mom10,5,max_board_height,-0.058,-0.1026,-0.0446,-2.42,158,152,-0.0503,-0.033,True,-0.309,False
hito,mom10,5,lu_premium_1d,-0.0502,-0.1012,-0.051,-2.87,166,164,-0.0595,-0.0356,True,-0.366,False
hito,mom10,10,limit_up_count,-0.1071,-0.1022,0.0049,0.26,161,156,-0.0045,0.0072,False,0.033,False
hito,mom10,10,limit_up_count_ma5,-0.093,-0.1139,-0.021,-1.21,163,165,-0.0036,-0.0455,True,-0.154,False
hito,mom10,10,blow_rate,-0.0712,-0.0968,-0.0255,-1.41,162,163,-0.0092,-0.0181,True,-0.18,False
hito,mom10,10,max_board_height,-0.0729,-0.1168,-0.0439,-2.37,156,152,-0.0133,-0.0594,True,-0.302,False
hito,mom10,10,lu_premium_1d,-0.0842,-0.092,-0.0078,-0.44,165,162,-0.0189,0.011,False,-0.056,False
hito,mom20,1,limit_up_count,-0.0526,-0.0696,-0.0169,-0.82,166,158,-0.0472,0.0139,False,-0.105,False
hito,mom20,1,limit_up_count_ma5,-0.0787,-0.0577,0.021,1.05,167,165,-0.0017,0.0428,False,0.134,False
hito,mom20,1,blow_rate,-0.0684,-0.0597,0.0087,0.44,166,167,0.0305,-0.0019,False,0.056,False
hito,mom20,1,max_board_height,-0.0391,-0.0852,-0.0461,-2.33,158,152,-0.0684,-0.0169,True,-0.297,False
hito,mom20,1,lu_premium_1d,-0.0581,-0.0778,-0.0198,-1.01,167,167,-0.039,0.0017,False,-0.129,False
hito,mom20,3,limit_up_count,-0.083,-0.0871,-0.004,-0.2,165,157,-0.0326,0.0209,False,-0.026,False
hito,mom20,3,limit_up_count_ma5,-0.097,-0.0782,0.0188,0.95,167,165,-0.0082,0.0421,False,0.121,False
hito,mom20,3,blow_rate,-0.0614,-0.0898,-0.0285,-1.42,165,166,-0.0105,-0.0264,True,-0.181,False
hito,mom20,3,max_board_height,-0.0617,-0.0936,-0.0319,-1.66,158,152,-0.0395,-0.0103,True,-0.212,False
hito,mom20,3,lu_premium_1d,-0.0685,-0.0962,-0.0278,-1.45,166,166,-0.0323,-0.0155,True,-0.185,False
hito,mom20,5,limit_up_count,-0.1002,-0.0948,0.0053,0.27,165,156,-0.0199,0.0248,False,0.034,False
hito,mom20,5,limit_up_count_ma5,-0.1011,-0.0841,0.017,0.87,165,165,0.0116,0.0162,True,0.111,False
hito,mom20,5,blow_rate,-0.0699,-0.1076,-0.0377,-1.94,163,166,0.0023,-0.0539,False,-0.248,False
hito,mom20,5,max_board_height,-0.0617,-0.1007,-0.039,-2.03,158,152,-0.0289,-0.0355,True,-0.259,False
hito,mom20,5,lu_premium_1d,-0.0729,-0.1013,-0.0284,-1.52,166,164,-0.0395,-0.0088,True,-0.194,False
hito,mom20,10,limit_up_count,-0.1093,-0.1018,0.0075,0.38,161,156,0.0084,-0.0033,False,0.048,False
hito,mom20,10,limit_up_count_ma5,-0.0925,-0.1034,-0.011,-0.59,163,165,-0.0034,-0.0264,True,-0.075,False
hito,mom20,10,blow_rate,-0.0744,-0.1089,-0.0346,-1.78,162,163,-0.0074,-0.0335,True,-0.227,False
hito,mom20,10,max_board_height,-0.0742,-0.0963,-0.0221,-1.15,156,152,0.013,-0.0354,False,-0.147,False
hito,mom20,10,lu_premium_1d,-0.0999,-0.0838,0.0162,0.88,165,162,0.0123,0.0291,True,0.112,False
hito,rev5,1,limit_up_count,0.0496,0.0369,-0.0127,-0.65,166,158,0.0341,-0.0627,False,-0.083,False
hito,rev5,1,limit_up_count_ma5,0.0523,0.038,-0.0143,-0.74,167,165,0.0266,-0.0553,False,-0.094,False
hito,rev5,1,blow_rate,0.038,0.0423,0.0042,0.23,166,167,-0.0323,0.0257,False,0.029,False
hito,rev5,1,max_board_height,0.0195,0.0585,0.039,1.92,158,152,0.0703,0.003,True,0.245,False
hito,rev5,1,lu_premium_1d,0.0219,0.0686,0.0467,2.49,167,167,0.0485,0.0398,True,0.318,False
hito,rev5,3,limit_up_count,0.0639,0.056,-0.0079,-0.45,165,157,0.0442,-0.0623,False,-0.057,False
hito,rev5,3,limit_up_count_ma5,0.0717,0.0588,-0.0129,-0.73,167,165,0.047,-0.0752,False,-0.093,False
hito,rev5,3,blow_rate,0.0331,0.0651,0.0319,1.85,165,166,0.0087,0.0321,True,0.236,False
hito,rev5,3,max_board_height,0.0506,0.0732,0.0227,1.26,158,152,0.0395,-0.0026,False,0.161,False
hito,rev5,3,lu_premium_1d,0.0364,0.0817,0.0453,2.65,166,166,0.0482,0.0352,True,0.338,False
hito,rev5,5,limit_up_count,0.0706,0.0609,-0.0097,-0.53,165,156,0.0463,-0.0701,False,-0.068,False
hito,rev5,5,limit_up_count_ma5,0.0755,0.0673,-0.0082,-0.45,165,165,0.0399,-0.0572,False,-0.057,False
hito,rev5,5,blow_rate,0.0387,0.0725,0.0338,1.89,163,166,-0.0058,0.0508,False,0.241,False
hito,rev5,5,max_board_height,0.049,0.0875,0.0385,2.18,158,152,0.051,0.0191,True,0.278,False
hito,rev5,5,lu_premium_1d,0.0374,0.0844,0.0471,2.68,166,164,0.0506,0.0353,True,0.342,False
hito,rev5,10,limit_up_count,0.0776,0.075,-0.0025,-0.14,161,156,0.0187,-0.0244,False,-0.018,False
hito,rev5,10,limit_up_count_ma5,0.075,0.0838,0.0089,0.51,163,165,0.0172,0.0034,True,0.065,False
hito,rev5,10,blow_rate,0.0554,0.0698,0.0144,0.81,162,163,-0.0001,0.0121,False,0.103,False
hito,rev5,10,max_board_height,0.0581,0.0985,0.0403,2.31,156,152,0.0321,0.0421,True,0.295,False
hito,rev5,10,lu_premium_1d,0.049,0.0844,0.0354,2.06,165,162,0.0432,0.0204,True,0.263,False
hito,std5,1,limit_up_count,-0.0523,-0.0561,-0.0038,-0.2,166,158,-0.039,0.0383,False,-0.026,False
hito,std5,1,limit_up_count_ma5,-0.0679,-0.0516,0.0164,0.88,167,165,-0.0168,0.0513,False,0.112,False
hito,std5,1,blow_rate,-0.0498,-0.0644,-0.0146,-0.84,166,167,0.0164,-0.0374,False,-0.107,False
hito,std5,1,max_board_height,-0.0427,-0.0631,-0.0204,-1.1,158,152,-0.043,0.0044,False,-0.14,False
hito,std5,1,lu_premium_1d,-0.054,-0.0665,-0.0126,-0.7,167,167,-0.0505,0.0251,False,-0.089,False
hito,std5,3,limit_up_count,-0.0833,-0.0799,0.0034,0.2,165,157,-0.0352,0.045,False,0.026,False
hito,std5,3,limit_up_count_ma5,-0.0833,-0.0818,0.0015,0.09,167,165,-0.0451,0.0468,False,0.011,False
hito,std5,3,blow_rate,-0.0626,-0.0845,-0.0219,-1.28,165,166,0.0004,-0.0316,False,-0.163,False
hito,std5,3,max_board_height,-0.071,-0.0898,-0.0188,-1.08,158,152,-0.0417,0.0087,False,-0.138,False
hito,std5,3,lu_premium_1d,-0.0771,-0.0869,-0.0097,-0.58,166,166,-0.0273,0.0121,False,-0.074,False
hito,std5,5,limit_up_count,-0.094,-0.0893,0.0047,0.26,165,156,-0.0351,0.0429,False,0.033,False
hito,std5,5,limit_up_count_ma5,-0.0909,-0.0859,0.005,0.28,165,165,-0.0327,0.0381,False,0.036,False
hito,std5,5,blow_rate,-0.0724,-0.1071,-0.0347,-1.96,163,166,-0.0063,-0.0427,True,-0.25,False
hito,std5,5,max_board_height,-0.0683,-0.1033,-0.035,-1.94,158,152,-0.044,-0.0106,True,-0.248,False
hito,std5,5,lu_premium_1d,-0.0777,-0.1015,-0.0238,-1.38,166,164,-0.0291,-0.0105,True,-0.176,False
hito,std5,10,limit_up_count,-0.1024,-0.105,-0.0026,-0.14,161,156,-0.023,0.0084,False,-0.018,False
hito,std5,10,limit_up_count_ma5,-0.0897,-0.1107,-0.021,-1.18,163,165,-0.0476,-0.0,True,-0.151,False
hito,std5,10,blow_rate,-0.0753,-0.1204,-0.0452,-2.5,162,163,-0.0006,-0.057,True,-0.319,False
hito,std5,10,max_board_height,-0.072,-0.1169,-0.0449,-2.37,156,152,-0.0539,-0.0087,True,-0.302,False
hito,std5,10,lu_premium_1d,-0.0896,-0.0996,-0.0101,-0.57,165,162,-0.0159,0.0057,False,-0.073,False
hito,std20,1,limit_up_count,-0.0501,-0.0563,-0.0061,-0.3,166,158,-0.0121,-0.0008,True,-0.038,False
hito,std20,1,limit_up_count_ma5,-0.0647,-0.0562,0.0085,0.44,167,165,-0.0061,0.0222,False,0.056,False
hito,std20,1,blow_rate,-0.0453,-0.0719,-0.0266,-1.4,166,167,-0.0205,-0.0195,True,-0.179,False
hito,std20,1,max_board_height,-0.0416,-0.0568,-0.0152,-0.78,158,152,-0.026,0.0075,False,-0.1,False
hito,std20,1,lu_premium_1d,-0.0492,-0.0549,-0.0056,-0.3,167,167,-0.0554,0.0446,False,-0.038,False
hito,std20,3,limit_up_count,-0.0738,-0.0755,-0.0017,-0.09,165,157,-0.0181,0.0115,False,-0.011,False
hito,std20,3,limit_up_count_ma5,-0.0744,-0.084,-0.0096,-0.51,167,165,-0.0381,0.0149,False,-0.065,False
hito,std20,3,blow_rate,-0.0522,-0.0901,-0.0379,-2.02,165,166,-0.0358,-0.0248,True,-0.258,False
hito,std20,3,max_board_height,-0.0689,-0.0784,-0.0095,-0.5,158,152,-0.0392,0.0279,False,-0.064,False
hito,std20,3,lu_premium_1d,-0.0694,-0.0715,-0.0021,-0.12,166,166,-0.0308,0.0309,False,-0.015,False
hito,std20,5,limit_up_count,-0.084,-0.0847,-0.0006,-0.03,165,156,-0.0263,0.0193,False,-0.004,False
hito,std20,5,limit_up_count_ma5,-0.0818,-0.0852,-0.0034,-0.17,165,165,-0.0233,0.0102,False,-0.022,False
hito,std20,5,blow_rate,-0.0505,-0.1069,-0.0564,-2.89,163,166,-0.0386,-0.0546,True,-0.369,False
hito,std20,5,max_board_height,-0.0602,-0.0948,-0.0346,-1.79,158,152,-0.0504,-0.0014,True,-0.228,False
hito,std20,5,lu_premium_1d,-0.0686,-0.077,-0.0085,-0.44,166,164,-0.008,-0.0014,True,-0.056,False
hito,std20,10,limit_up_count,-0.0892,-0.0992,-0.01,-0.49,161,156,-0.0246,-0.0063,True,-0.063,False
hito,std20,10,limit_up_count_ma5,-0.0774,-0.1052,-0.0278,-1.44,163,165,-0.0444,-0.0176,True,-0.184,False
hito,std20,10,blow_rate,-0.0575,-0.1189,-0.0615,-3.16,162,163,-0.0293,-0.0629,True,-0.403,False
hito,std20,10,max_board_height,-0.0715,-0.104,-0.0325,-1.59,156,152,-0.0547,0.0173,False,-0.203,False
hito,std20,10,lu_premium_1d,-0.082,-0.0839,-0.002,-0.1,165,162,-0.0117,0.0158,False,-0.013,False
hito,amp5,1,limit_up_count,-0.0736,-0.0882,-0.0146,-0.69,166,158,-0.0366,0.0068,False,-0.088,False
hito,amp5,1,limit_up_count_ma5,-0.0859,-0.0791,0.0068,0.34,167,165,-0.0116,0.022,False,0.043,False
hito,amp5,1,blow_rate,-0.0826,-0.0858,-0.0031,-0.16,166,167,0.0223,-0.009,False,-0.02,False
hito,amp5,1,max_board_height,-0.0644,-0.0932,-0.0288,-1.4,158,152,-0.057,0.0106,False,-0.179,False
hito,amp5,1,lu_premium_1d,-0.0837,-0.0845,-0.0008,-0.04,167,167,-0.0589,0.0609,False,-0.005,False
hito,amp5,3,limit_up_count,-0.1044,-0.1086,-0.0041,-0.21,165,157,-0.0355,0.0244,False,-0.027,False
hito,amp5,3,limit_up_count_ma5,-0.1062,-0.1079,-0.0017,-0.09,167,165,-0.0274,0.017,False,-0.011,False
hito,amp5,3,blow_rate,-0.0899,-0.1108,-0.021,-1.07,165,166,-0.0108,-0.0078,True,-0.137,False
hito,amp5,3,max_board_height,-0.1014,-0.11,-0.0086,-0.44,158,152,-0.0404,0.0368,False,-0.056,False
hito,amp5,3,lu_premium_1d,-0.101,-0.1086,-0.0076,-0.41,166,166,-0.0337,0.0266,False,-0.052,False
hito,amp5,5,limit_up_count,-0.1148,-0.1142,0.0006,0.03,165,156,-0.0341,0.028,False,0.004,False
hito,amp5,5,limit_up_count_ma5,-0.11,-0.1081,0.0019,0.1,165,165,-0.0162,0.0104,False,0.013,False
hito,amp5,5,blow_rate,-0.0928,-0.1337,-0.0409,-2.05,163,166,-0.0112,-0.0394,True,-0.262,False
hito,amp5,5,max_board_height,-0.0996,-0.118,-0.0185,-0.94,158,152,-0.0274,0.015,False,-0.12,False
hito,amp5,5,lu_premium_1d,-0.0987,-0.1159,-0.0172,-0.9,166,164,-0.0234,0.0014,False,-0.115,False
hito,amp5,10,limit_up_count,-0.1155,-0.1289,-0.0134,-0.65,161,156,-0.043,0.005,False,-0.083,False
hito,amp5,10,limit_up_count_ma5,-0.1031,-0.1328,-0.0297,-1.55,163,165,-0.0567,-0.0106,True,-0.198,False
hito,amp5,10,blow_rate,-0.0898,-0.1481,-0.0583,-2.94,162,163,-0.0098,-0.0647,True,-0.375,False
hito,amp5,10,max_board_height,-0.1006,-0.1346,-0.0339,-1.63,156,152,-0.0418,0.0092,False,-0.208,False
hito,amp5,10,lu_premium_1d,-0.1136,-0.1142,-0.0006,-0.03,165,162,-0.0093,0.0213,False,-0.004,False
hito,to_level,1,limit_up_count,-0.0459,-0.046,-0.0001,-0.01,166,158,-0.0001,-0.0025,True,-0.001,False
hito,to_level,1,limit_up_count_ma5,-0.0466,-0.0435,0.0031,0.21,167,165,0.0002,0.0031,True,0.027,False
hito,to_level,1,blow_rate,-0.0393,-0.0507,-0.0115,-0.8,166,167,-0.0043,-0.0073,True,-0.102,False
hito,to_level,1,max_board_height,-0.0457,-0.0494,-0.0037,-0.24,158,152,-0.0006,0.0078,False,-0.031,False
hito,to_level,1,lu_premium_1d,-0.0353,-0.0496,-0.0143,-0.98,167,167,-0.0345,0.0077,False,-0.125,False
hito,to_level,3,limit_up_count,-0.0605,-0.0662,-0.0057,-0.4,165,157,-0.0168,0.0027,False,-0.051,False
hito,to_level,3,limit_up_count_ma5,-0.0617,-0.068,-0.0062,-0.45,167,165,-0.011,-0.0068,True,-0.057,False
hito,to_level,3,blow_rate,-0.047,-0.0648,-0.0178,-1.27,165,166,-0.02,-0.0035,True,-0.162,False
hito,to_level,3,max_board_height,-0.0583,-0.0641,-0.0058,-0.39,158,152,-0.0248,0.023,False,-0.05,False
hito,to_level,3,lu_premium_1d,-0.0485,-0.0585,-0.0101,-0.72,166,166,-0.0309,0.0146,False,-0.092,False
hito,to_level,5,limit_up_count,-0.071,-0.0755,-0.0044,-0.31,165,156,-0.0146,-0.0005,True,-0.04,False
hito,to_level,5,limit_up_count_ma5,-0.0623,-0.0735,-0.0112,-0.77,165,165,-0.0048,-0.0259,True,-0.098,False
hito,to_level,5,blow_rate,-0.0572,-0.0771,-0.0198,-1.37,163,166,-0.0101,-0.0142,True,-0.175,False
hito,to_level,5,max_board_height,-0.059,-0.0724,-0.0134,-0.91,158,152,-0.0154,0.0026,False,-0.116,False
hito,to_level,5,lu_premium_1d,-0.0486,-0.0697,-0.0212,-1.54,166,164,-0.0282,-0.0087,True,-0.197,False
hito,to_level,10,limit_up_count,-0.0791,-0.0956,-0.0164,-1.08,161,156,-0.0191,-0.0244,True,-0.138,False
hito,to_level,10,limit_up_count_ma5,-0.063,-0.0962,-0.0332,-2.23,163,165,-0.0308,-0.0431,True,-0.285,False
hito,to_level,10,blow_rate,-0.0633,-0.1015,-0.0382,-2.65,162,163,-0.0195,-0.0342,True,-0.338,False
hito,to_level,10,max_board_height,-0.0715,-0.086,-0.0145,-0.94,156,152,-0.0196,0.0139,False,-0.12,False
hito,to_level,10,lu_premium_1d,-0.0645,-0.0811,-0.0166,-1.11,165,162,-0.0135,-0.0128,True,-0.142,False
hito,to_trend,1,limit_up_count,-0.05,-0.0704,-0.0204,-1.29,166,158,-0.0604,0.0258,False,-0.165,False
hito,to_trend,1,limit_up_count_ma5,-0.0607,-0.06,0.0007,0.05,167,165,-0.0241,0.0267,False,0.006,False
hito,to_trend,1,blow_rate,-0.0804,-0.0453,0.0351,2.42,166,167,0.0604,0.0139,True,0.309,False
hito,to_trend,1,max_board_height,-0.0473,-0.0785,-0.0312,-2.07,158,152,-0.0661,0.0019,False,-0.264,False
hito,to_trend,1,lu_premium_1d,-0.0509,-0.0791,-0.0282,-1.9,167,167,-0.051,-0.0062,True,-0.242,False
hito,to_trend,3,limit_up_count,-0.0724,-0.0786,-0.0062,-0.43,165,157,-0.036,0.0261,False,-0.055,False
hito,to_trend,3,limit_up_count_ma5,-0.0771,-0.0712,0.0059,0.44,167,165,-0.0212,0.033,False,0.056,False
hito,to_trend,3,blow_rate,-0.0795,-0.0649,0.0146,1.04,165,166,0.0161,0.0199,True,0.133,False
hito,to_trend,3,max_board_height,-0.0766,-0.0787,-0.0021,-0.15,158,152,-0.0212,0.0248,False,-0.019,False
hito,to_trend,3,lu_premium_1d,-0.0648,-0.0905,-0.0257,-1.87,166,166,-0.0149,-0.0332,True,-0.239,False
hito,to_trend,5,limit_up_count,-0.0751,-0.0769,-0.0018,-0.13,165,156,-0.0323,0.0306,False,-0.017,False
hito,to_trend,5,limit_up_count_ma5,-0.075,-0.0711,0.0039,0.29,165,165,-0.013,0.0196,False,0.037,False
hito,to_trend,5,blow_rate,-0.0825,-0.0702,0.0123,0.89,163,166,0.0339,0.0026,True,0.114,False
hito,to_trend,5,max_board_height,-0.0755,-0.0783,-0.0028,-0.2,158,152,-0.0141,0.0166,False,-0.026,False
hito,to_trend,5,lu_premium_1d,-0.0582,-0.0938,-0.0357,-2.6,166,164,-0.0306,-0.0357,True,-0.332,False
hito,to_trend,10,limit_up_count,-0.077,-0.0786,-0.0016,-0.12,161,156,-0.0108,0.005,False,-0.015,False
hito,to_trend,10,limit_up_count_ma5,-0.0688,-0.0831,-0.0143,-1.15,163,165,-0.0181,-0.0129,True,-0.147,False
hito,to_trend,10,blow_rate,-0.0744,-0.0727,0.0017,0.12,162,163,0.0165,0.0029,True,0.015,False
hito,to_trend,10,max_board_height,-0.0724,-0.0833,-0.0109,-0.84,156,152,-0.0048,-0.0046,True,-0.107,False
hito,to_trend,10,lu_premium_1d,-0.0684,-0.0839,-0.0155,-1.19,165,162,-0.0073,-0.0187,True,-0.152,False
hito,amihud20,1,limit_up_count,0.0142,0.0208,0.0066,0.33,166,158,-0.0043,0.0154,False,0.042,False
hito,amihud20,1,limit_up_count_ma5,0.0236,0.0123,-0.0112,-0.58,167,165,-0.0079,-0.0157,True,-0.074,False
hito,amihud20,1,blow_rate,0.0033,0.024,0.0207,1.06,166,167,0.048,-0.0062,False,0.135,False
hito,amihud20,1,max_board_height,0.0107,0.0194,0.0087,0.45,158,152,0.0183,-0.0054,False,0.057,False
hito,amihud20,1,lu_premium_1d,0.0188,0.016,-0.0028,-0.14,167,167,0.0235,-0.0276,False,-0.018,False
hito,amihud20,3,limit_up_count,0.0275,0.032,0.0044,0.23,165,157,-0.0002,0.0051,False,0.029,False
hito,amihud20,3,limit_up_count_ma5,0.0291,0.0264,-0.0027,-0.15,167,165,-0.0026,-0.0025,True,-0.019,False
hito,amihud20,3,blow_rate,0.0122,0.0284,0.0162,0.86,165,166,0.0333,-0.0004,False,0.11,False
hito,amihud20,3,max_board_height,0.0213,0.0349,0.0136,0.69,158,152,0.0637,-0.0219,False,0.088,False
hito,amihud20,3,lu_premium_1d,0.0211,0.0309,0.0098,0.54,166,166,0.0291,-0.0052,False,0.069,False
hito,amihud20,5,limit_up_count,0.0342,0.0336,-0.0006,-0.03,165,156,0.0026,-0.0074,False,-0.004,False
hito,amihud20,5,limit_up_count_ma5,0.0264,0.0239,-0.0026,-0.14,165,165,-0.005,0.0002,False,-0.018,False
hito,amihud20,5,blow_rate,0.0095,0.0469,0.0374,2.07,163,166,0.041,0.036,True,0.264,False
hito,amihud20,5,max_board_height,0.0187,0.0343,0.0156,0.83,158,152,0.0115,0.0182,True,0.106,False
hito,amihud20,5,lu_premium_1d,0.0152,0.0448,0.0296,1.68,166,164,0.0176,0.0425,True,0.214,False
hito,amihud20,10,limit_up_count,0.0262,0.0562,0.03,1.52,161,156,0.0429,0.0157,True,0.194,False
hito,amihud20,10,limit_up_count_ma5,0.0222,0.0518,0.0296,1.52,163,165,0.0576,-0.0001,False,0.194,False
hito,amihud20,10,blow_rate,0.0169,0.0615,0.0445,2.28,162,163,0.0443,0.0317,True,0.291,False
hito,amihud20,10,max_board_height,0.0163,0.0531,0.0368,1.79,156,152,0.0368,0.0327,True,0.228,False
hito,amihud20,10,lu_premium_1d,0.0422,0.0401,-0.0022,-0.11,165,162,-0.0039,-0.0005,True,-0.014,False
hito,vp_div,1,limit_up_count,-0.0364,0.0041,0.0406,2.6,166,158,0.0059,0.0832,True,0.332,False
hito,vp_div,1,limit_up_count_ma5,-0.0386,-0.0027,0.0359,2.43,167,165,0.0102,0.0644,True,0.31,False
hito,vp_div,1,blow_rate,-0.0064,-0.0218,-0.0153,-1.09,166,167,0.0077,-0.0395,False,-0.139,False
hito,vp_div,1,max_board_height,-0.0031,-0.0133,-0.0103,-0.65,158,152,-0.0216,-0.0037,True,-0.083,False
hito,vp_div,1,lu_premium_1d,-0.0113,-0.0295,-0.0182,-1.28,167,167,-0.0228,-0.0124,True,-0.163,False
hito,vp_div,3,limit_up_count,-0.0346,-0.0174,0.0172,1.17,165,157,-0.0191,0.0624,False,0.149,False
hito,vp_div,3,limit_up_count_ma5,-0.0417,-0.0114,0.0302,2.15,167,165,0.0052,0.0587,True,0.274,False
hito,vp_div,3,blow_rate,-0.011,-0.0235,-0.0124,-0.89,165,166,0.0062,-0.032,False,-0.114,False
hito,vp_div,3,max_board_height,-0.0248,-0.0254,-0.0007,-0.05,158,152,-0.0209,0.0169,False,-0.006,False
hito,vp_div,3,lu_premium_1d,-0.0147,-0.0345,-0.0198,-1.44,166,166,-0.0356,-0.0033,True,-0.184,False
hito,vp_div,5,limit_up_count,-0.0411,-0.0291,0.012,0.8,165,156,-0.0227,0.058,False,0.102,False
hito,vp_div,5,limit_up_count_ma5,-0.0431,-0.0286,0.0144,0.98,165,165,-0.0042,0.0361,False,0.125,False
hito,vp_div,5,blow_rate,-0.0143,-0.0326,-0.0183,-1.25,163,166,-0.0013,-0.0399,True,-0.16,False
hito,vp_div,5,max_board_height,-0.0254,-0.0381,-0.0126,-0.85,158,152,-0.0366,0.0048,False,-0.108,False
hito,vp_div,5,lu_premium_1d,-0.022,-0.0403,-0.0183,-1.26,166,164,-0.0187,-0.0175,True,-0.161,False
hito,vp_div,10,limit_up_count,-0.0459,-0.0223,0.0236,1.57,161,156,0.0193,0.037,True,0.2,False
hito,vp_div,10,limit_up_count_ma5,-0.0534,-0.0168,0.0366,2.49,163,165,0.0419,0.0341,True,0.318,False
hito,vp_div,10,blow_rate,-0.0202,-0.0308,-0.0107,-0.71,162,163,-0.016,-0.0178,True,-0.091,False
hito,vp_div,10,max_board_height,-0.0406,-0.0261,0.0146,0.96,156,152,-0.0021,0.019,False,0.123,False
hito,vp_div,10,lu_premium_1d,-0.0325,-0.0388,-0.0063,-0.43,165,162,-0.0218,0.007,False,-0.055,False
hito,gap,1,limit_up_count,0.0422,0.0342,-0.008,-0.51,166,158,-0.0004,-0.0142,True,-0.065,False
hito,gap,1,limit_up_count_ma5,0.0435,0.036,-0.0075,-0.48,167,165,-0.0278,0.0139,False,-0.061,False
hito,gap,1,blow_rate,0.0314,0.0342,0.0028,0.17,166,167,-0.0246,0.0225,False,0.022,False
hito,gap,1,max_board_height,0.0417,0.0202,-0.0214,-1.27,158,152,-0.0048,-0.0352,True,-0.162,False
hito,gap,1,lu_premium_1d,0.0249,0.0458,0.0209,1.3,167,167,0.0233,0.0173,True,0.166,False
hito,gap,3,limit_up_count,0.0492,0.0408,-0.0084,-0.57,165,157,-0.0146,-0.0,True,-0.073,False
hito,gap,3,limit_up_count_ma5,0.0495,0.037,-0.0125,-0.86,167,165,-0.0159,-0.0075,True,-0.11,False
hito,gap,3,blow_rate,0.0402,0.0354,-0.0048,-0.31,165,166,-0.0149,0.0003,False,-0.04,False
hito,gap,3,max_board_height,0.03,0.0416,0.0116,0.75,158,152,0.0227,-0.0006,False,0.096,False
hito,gap,3,lu_premium_1d,0.0319,0.0577,0.0258,1.77,166,166,0.0253,0.024,True,0.226,False
hito,gap,5,limit_up_count,0.0467,0.0371,-0.0097,-0.65,165,156,-0.0133,-0.0052,True,-0.083,False
hito,gap,5,limit_up_count_ma5,0.0504,0.036,-0.0144,-0.99,165,165,-0.0231,-0.0035,True,-0.126,False
hito,gap,5,blow_rate,0.04,0.0349,-0.0051,-0.33,163,166,-0.022,0.0094,False,-0.042,False
hito,gap,5,max_board_height,0.0443,0.0387,-0.0057,-0.36,158,152,0.0183,-0.0258,False,-0.046,False
hito,gap,5,lu_premium_1d,0.0367,0.0573,0.0206,1.4,166,164,0.0313,0.0095,True,0.179,False
hito,gap,10,limit_up_count,0.0548,0.0405,-0.0143,-0.94,161,156,-0.0128,-0.0138,True,-0.12,False
hito,gap,10,limit_up_count_ma5,0.0475,0.0484,0.0009,0.06,163,165,-0.0064,0.0108,False,0.008,False
hito,gap,10,blow_rate,0.0378,0.0432,0.0053,0.34,162,163,-0.0193,0.0266,False,0.043,False
hito,gap,10,max_board_height,0.0376,0.047,0.0095,0.6,156,152,0.0212,-0.0038,False,0.077,False
hito,gap,10,lu_premium_1d,0.0439,0.0539,0.01,0.65,165,162,0.0211,-0.0031,False,0.083,False
hito,c2l5,1,limit_up_count,-0.0815,-0.0927,-0.0112,-0.58,166,158,-0.046,0.0248,False,-0.074,False
hito,c2l5,1,limit_up_count_ma5,-0.0955,-0.0816,0.0138,0.76,167,165,-0.0154,0.0412,False,0.097,False
hito,c2l5,1,blow_rate,-0.088,-0.0838,0.0042,0.24,166,167,0.0405,-0.0114,False,0.031,False
hito,c2l5,1,max_board_height,-0.0599,-0.0962,-0.0363,-1.96,158,152,-0.0718,0.0087,False,-0.25,False
hito,c2l5,1,lu_premium_1d,-0.0801,-0.0941,-0.014,-0.78,167,167,-0.0613,0.0374,False,-0.1,False
hito,c2l5,3,limit_up_count,-0.1099,-0.1165,-0.0067,-0.38,165,157,-0.0477,0.0357,False,-0.048,False
hito,c2l5,3,limit_up_count_ma5,-0.1204,-0.1129,0.0075,0.43,167,165,-0.035,0.0468,False,0.055,False
hito,c2l5,3,blow_rate,-0.0992,-0.1096,-0.0104,-0.6,165,166,0.0039,-0.0033,False,-0.077,False
hito,c2l5,3,max_board_height,-0.1049,-0.1191,-0.0142,-0.81,158,152,-0.0455,0.028,False,-0.103,False
hito,c2l5,3,lu_premium_1d,-0.1052,-0.1214,-0.0162,-0.97,166,166,-0.0391,0.0135,False,-0.124,False
hito,c2l5,5,limit_up_count,-0.1252,-0.1244,0.0008,0.04,165,156,-0.0394,0.0382,False,0.005,False
hito,c2l5,5,limit_up_count_ma5,-0.13,-0.1181,0.012,0.65,165,165,-0.0216,0.0399,False,0.083,False
hito,c2l5,5,blow_rate,-0.1054,-0.1375,-0.032,-1.78,163,166,0.0015,-0.038,False,-0.227,False
hito,c2l5,5,max_board_height,-0.1042,-0.1351,-0.0309,-1.73,158,152,-0.0499,0.0062,False,-0.221,False
hito,c2l5,5,lu_premium_1d,-0.1032,-0.1327,-0.0295,-1.69,166,164,-0.0382,-0.0096,True,-0.216,False
hito,c2l5,10,limit_up_count,-0.1328,-0.1397,-0.007,-0.4,161,156,-0.0288,0.0058,False,-0.051,False
hito,c2l5,10,limit_up_count_ma5,-0.1224,-0.141,-0.0186,-1.11,163,165,-0.0434,-0.0002,True,-0.142,False
hito,c2l5,10,blow_rate,-0.112,-0.1481,-0.0361,-2.12,162,163,0.0006,-0.0361,False,-0.271,False
hito,c2l5,10,max_board_height,-0.1038,-0.1553,-0.0515,-3.01,156,152,-0.0627,-0.0132,True,-0.384,False
hito,c2l5,10,lu_premium_1d,-0.1222,-0.1317,-0.0095,-0.58,165,162,-0.0192,0.0134,False,-0.074,False
hito,winner_ratio,1,limit_up_count,-0.0568,-0.0261,0.0307,1.81,166,158,0.0117,0.0521,True,0.231,False
hito,winner_ratio,1,limit_up_count_ma5,-0.0478,-0.0265,0.0212,1.25,167,165,-0.006,0.0496,False,0.16,False
hito,winner_ratio,1,blow_rate,-0.0332,-0.0395,-0.0063,-0.38,166,167,0.0101,-0.0156,False,-0.048,False
hito,winner_ratio,1,max_board_height,-0.0103,-0.0603,-0.0501,-2.83,158,152,-0.0816,-0.0198,True,-0.361,False
hito,winner_ratio,1,lu_premium_1d,-0.0282,-0.046,-0.0179,-1.09,167,167,-0.0225,-0.0116,True,-0.139,False
hito,winner_ratio,3,limit_up_count,-0.0577,-0.0261,0.0316,2.04,165,157,0.0152,0.0492,True,0.26,False
hito,winner_ratio,3,limit_up_count_ma5,-0.06,-0.0262,0.0338,2.14,167,165,-0.0049,0.0773,False,0.273,False
hito,winner_ratio,3,blow_rate,-0.0166,-0.0438,-0.0272,-1.78,165,166,-0.034,-0.0132,True,-0.227,False
hito,winner_ratio,3,max_board_height,-0.032,-0.0476,-0.0156,-0.98,158,152,-0.0339,0.0055,False,-0.125,False
hito,winner_ratio,3,lu_premium_1d,-0.0344,-0.0469,-0.0125,-0.8,166,166,-0.0094,-0.0119,True,-0.102,False
hito,winner_ratio,5,limit_up_count,-0.0636,-0.0308,0.0327,2.06,165,156,0.0096,0.0615,True,0.263,False
hito,winner_ratio,5,limit_up_count_ma5,-0.0624,-0.0343,0.028,1.79,165,165,-0.0017,0.062,False,0.228,False
hito,winner_ratio,5,blow_rate,-0.0254,-0.0472,-0.0218,-1.4,163,166,-0.0218,-0.0166,True,-0.179,False
hito,winner_ratio,5,max_board_height,-0.0287,-0.0577,-0.029,-1.8,158,152,-0.0391,-0.0223,True,-0.23,False
hito,winner_ratio,5,lu_premium_1d,-0.0341,-0.0532,-0.0191,-1.24,166,164,-0.0199,-0.0153,True,-0.158,False
hito,winner_ratio,10,limit_up_count,-0.0529,-0.0272,0.0257,1.6,161,156,0.0178,0.0395,True,0.204,False
hito,winner_ratio,10,limit_up_count_ma5,-0.0505,-0.0283,0.0222,1.47,163,165,0.0181,0.0283,True,0.188,False
hito,winner_ratio,10,blow_rate,-0.0208,-0.0344,-0.0136,-0.88,162,163,-0.0165,-0.0111,True,-0.112,False
hito,winner_ratio,10,max_board_height,-0.0341,-0.0491,-0.015,-0.96,156,152,-0.0171,-0.0192,True,-0.123,False
hito,winner_ratio,10,lu_premium_1d,-0.0355,-0.0391,-0.0036,-0.24,165,162,-0.015,0.0089,False,-0.031,False
hito,cost_bias,1,limit_up_count,-0.0219,0.0035,0.0254,2.2,166,158,0.0092,0.0399,True,0.281,False
hito,cost_bias,1,limit_up_count_ma5,-0.0223,-0.0042,0.0181,1.62,167,165,0.0004,0.0349,True,0.207,False
hito,cost_bias,1,blow_rate,-0.0135,-0.0169,-0.0034,-0.3,166,167,0.0247,-0.0249,False,-0.038,False
hito,cost_bias,1,max_board_height,-0.0042,-0.0242,-0.02,-1.64,158,152,-0.0247,-0.0101,True,-0.209,False
hito,cost_bias,1,lu_premium_1d,-0.0053,-0.02,-0.0148,-1.26,167,167,-0.0135,-0.0117,True,-0.161,False
hito,cost_bias,3,limit_up_count,-0.0178,-0.0054,0.0124,1.11,165,157,-0.0083,0.0283,False,0.142,False
hito,cost_bias,3,limit_up_count_ma5,-0.0326,-0.0086,0.024,2.11,167,165,0.0002,0.0465,True,0.269,False
hito,cost_bias,3,blow_rate,-0.0072,-0.0204,-0.0132,-1.18,165,166,0.0089,-0.0197,False,-0.151,False
hito,cost_bias,3,max_board_height,-0.0045,-0.0209,-0.0164,-1.41,158,152,-0.0171,-0.0031,True,-0.18,False
hito,cost_bias,3,lu_premium_1d,-0.0096,-0.0206,-0.011,-0.95,166,166,-0.0053,-0.0093,True,-0.121,False
hito,cost_bias,5,limit_up_count,-0.0235,-0.008,0.0155,1.36,165,156,-0.0073,0.0347,False,0.174,False
hito,cost_bias,5,limit_up_count_ma5,-0.0374,-0.0053,0.0322,2.85,165,165,0.016,0.0466,True,0.364,False
hito,cost_bias,5,blow_rate,-0.0127,-0.0145,-0.0019,-0.16,163,166,0.0249,-0.0131,False,-0.02,False
hito,cost_bias,5,max_board_height,-0.0039,-0.0253,-0.0214,-1.9,158,152,-0.0148,-0.0164,True,-0.242,False
hito,cost_bias,5,lu_premium_1d,-0.0078,-0.0219,-0.014,-1.23,166,164,-0.0068,-0.0142,True,-0.157,False
hito,cost_bias,10,limit_up_count,-0.0278,-0.0049,0.0229,1.86,161,156,0.0055,0.0335,True,0.237,False
hito,cost_bias,10,limit_up_count_ma5,-0.0379,-0.0038,0.0341,2.97,163,165,0.0235,0.04,True,0.379,False
hito,cost_bias,10,blow_rate,-0.0027,-0.0111,-0.0084,-0.7,162,163,0.0165,-0.011,False,-0.089,False
hito,cost_bias,10,max_board_height,0.0028,-0.0321,-0.0348,-3.05,156,152,-0.0333,-0.0161,True,-0.389,False
hito,cost_bias,10,lu_premium_1d,-0.0002,-0.0213,-0.0211,-1.77,165,162,-0.0318,0.0003,False,-0.226,False
hito,up_days,1,limit_up_count,-0.0542,-0.0256,0.0286,1.89,166,158,0.0206,0.0383,True,0.241,False
hito,up_days,1,limit_up_count_ma5,-0.0399,-0.0338,0.0062,0.39,167,165,-0.0146,0.0278,False,0.05,False
hito,up_days,1,blow_rate,-0.0196,-0.0488,-0.0292,-1.94,166,167,-0.0353,-0.026,True,-0.248,False
hito,up_days,1,max_board_height,-0.0076,-0.0552,-0.0475,-2.93,158,152,-0.0594,-0.0348,True,-0.374,False
hito,up_days,1,lu_premium_1d,-0.0299,-0.0368,-0.0069,-0.46,167,167,-0.0118,-0.0032,True,-0.059,False
hito,up_days,3,limit_up_count,-0.0545,-0.0238,0.0307,2.11,165,157,0.0319,0.0245,True,0.269,False
hito,up_days,3,limit_up_count_ma5,-0.0452,-0.036,0.0092,0.62,167,165,-0.0008,0.0193,False,0.079,False
hito,up_days,3,blow_rate,-0.0129,-0.0529,-0.04,-2.89,165,166,-0.0664,-0.004,True,-0.369,False
hito,up_days,3,max_board_height,-0.0207,-0.039,-0.0183,-1.21,158,152,-0.0295,-0.0013,True,-0.154,False
hito,up_days,3,lu_premium_1d,-0.0198,-0.0466,-0.0268,-1.84,166,166,-0.0326,-0.0171,True,-0.235,False
hito,up_days,5,limit_up_count,-0.0695,-0.0251,0.0444,3.04,165,156,0.035,0.0542,True,0.388,False
hito,up_days,5,limit_up_count_ma5,-0.0539,-0.0372,0.0167,1.17,165,165,0.0008,0.0344,True,0.149,False
hito,up_days,5,blow_rate,-0.0169,-0.0586,-0.0416,-2.89,163,166,-0.0505,-0.0255,True,-0.369,False
hito,up_days,5,max_board_height,-0.0171,-0.0514,-0.0343,-2.27,158,152,-0.0443,-0.0256,True,-0.29,False
hito,up_days,5,lu_premium_1d,-0.0174,-0.0502,-0.0328,-2.23,166,164,-0.0392,-0.0231,True,-0.285,False
hito,up_days,10,limit_up_count,-0.0711,-0.0235,0.0476,3.16,161,156,0.0445,0.0487,True,0.403,False
hito,up_days,10,limit_up_count_ma5,-0.0537,-0.0435,0.0101,0.71,163,165,-0.0044,0.0246,False,0.091,False
hito,up_days,10,blow_rate,-0.0171,-0.0637,-0.0466,-3.09,162,163,-0.0564,-0.0311,True,-0.394,False
hito,up_days,10,max_board_height,-0.0233,-0.0524,-0.0292,-1.91,156,152,-0.0498,-0.0045,True,-0.244,False
hito,up_days,10,lu_premium_1d,-0.0288,-0.0466,-0.0177,-1.18,165,162,-0.0389,0.0095,False,-0.151,False
illiq,mom5,1,limit_up_count,-0.0596,-0.0306,0.0291,1.38,166,158,0.0017,0.0611,True,0.176,False
illiq,mom5,1,limit_up_count_ma5,-0.0474,-0.0439,0.0035,0.17,167,165,-0.0106,0.0177,False,0.022,False
illiq,mom5,1,blow_rate,-0.0261,-0.0477,-0.0216,-1.12,166,167,0.0014,-0.0289,False,-0.143,False
illiq,mom5,1,max_board_height,-0.0199,-0.0466,-0.0267,-1.23,158,152,-0.0125,-0.0377,True,-0.157,False
illiq,mom5,1,lu_premium_1d,-0.0448,-0.0367,0.0081,0.39,167,167,0.0152,0.0031,True,0.05,False
illiq,mom5,3,limit_up_count,-0.0589,-0.0356,0.0233,1.23,165,157,-0.0013,0.0443,False,0.157,False
illiq,mom5,3,limit_up_count_ma5,-0.0459,-0.0598,-0.0139,-0.76,167,165,-0.0415,0.0133,False,-0.097,False
illiq,mom5,3,blow_rate,-0.0133,-0.0569,-0.0436,-2.44,165,166,-0.0413,-0.0238,True,-0.311,False
illiq,mom5,3,max_board_height,-0.0352,-0.0384,-0.0032,-0.16,158,152,0.0228,-0.01,False,-0.02,False
illiq,mom5,3,lu_premium_1d,-0.0426,-0.0433,-0.0007,-0.04,166,166,0.0022,0.0043,True,-0.005,False
illiq,mom5,5,limit_up_count,-0.0581,-0.0368,0.0213,1.12,165,156,-0.0228,0.0622,False,0.143,False
illiq,mom5,5,limit_up_count_ma5,-0.0494,-0.0527,-0.0033,-0.18,165,165,-0.0507,0.0448,False,-0.023,False
illiq,mom5,5,blow_rate,-0.0248,-0.0558,-0.031,-1.68,163,166,-0.0161,-0.0148,True,-0.214,False
illiq,mom5,5,max_board_height,-0.0326,-0.0471,-0.0146,-0.75,158,152,0.0095,-0.0189,False,-0.096,False
illiq,mom5,5,lu_premium_1d,-0.0258,-0.0526,-0.0268,-1.44,166,164,-0.0204,-0.0225,True,-0.184,False
illiq,mom5,10,limit_up_count,-0.0578,-0.0197,0.0382,2.01,161,156,0.0124,0.0648,True,0.257,False
illiq,mom5,10,limit_up_count_ma5,-0.0657,-0.0246,0.0411,2.29,163,165,0.009,0.0751,True,0.292,False
illiq,mom5,10,blow_rate,-0.0182,-0.0474,-0.0292,-1.61,162,163,-0.0139,-0.0299,True,-0.205,False
illiq,mom5,10,max_board_height,-0.03,-0.0199,0.0101,0.55,156,152,0.0451,-0.0166,False,0.07,False
illiq,mom5,10,lu_premium_1d,-0.021,-0.0577,-0.0367,-2.05,165,162,-0.028,-0.0402,True,-0.262,False
illiq,mom10,1,limit_up_count,-0.0502,-0.0234,0.0268,1.29,166,158,-0.0302,0.0906,False,0.165,False
illiq,mom10,1,limit_up_count_ma5,-0.0389,-0.031,0.008,0.39,167,165,-0.0183,0.0312,False,0.05,False
illiq,mom10,1,blow_rate,-0.0178,-0.0341,-0.0162,-0.81,166,167,0.0155,-0.034,False,-0.103,False
illiq,mom10,1,max_board_height,-0.0114,-0.0557,-0.0443,-2.12,158,152,-0.0453,-0.0376,True,-0.271,False
illiq,mom10,1,lu_premium_1d,-0.0189,-0.0392,-0.0202,-0.96,167,167,-0.0123,-0.0232,True,-0.123,False
illiq,mom10,3,limit_up_count,-0.0525,-0.0209,0.0316,1.62,165,157,-0.0247,0.0911,False,0.207,False
illiq,mom10,3,limit_up_count_ma5,-0.0395,-0.0409,-0.0014,-0.08,167,165,-0.0449,0.0423,False,-0.01,False
illiq,mom10,3,blow_rate,-0.0011,-0.0436,-0.0424,-2.33,165,166,-0.0359,-0.0339,True,-0.297,False
illiq,mom10,3,max_board_height,-0.0204,-0.0428,-0.0224,-1.12,158,152,-0.0228,-0.0112,True,-0.143,False
illiq,mom10,3,lu_premium_1d,-0.032,-0.0297,0.0023,0.12,166,166,0.0067,0.0068,True,0.015,False
illiq,mom10,5,limit_up_count,-0.0529,-0.0335,0.0193,1.01,165,156,-0.0351,0.0785,False,0.129,False
illiq,mom10,5,limit_up_count_ma5,-0.0427,-0.0413,0.0015,0.08,165,165,-0.0399,0.0451,False,0.01,False
illiq,mom10,5,blow_rate,-0.0282,-0.0361,-0.008,-0.42,163,166,-0.0066,0.0043,False,-0.054,False
illiq,mom10,5,max_board_height,-0.0133,-0.0613,-0.048,-2.5,158,152,-0.073,-0.027,True,-0.319,False
illiq,mom10,5,lu_premium_1d,-0.0168,-0.0445,-0.0278,-1.53,166,164,-0.0409,-0.0057,True,-0.195,False
illiq,mom10,10,limit_up_count,-0.0596,-0.041,0.0186,0.96,161,156,0.0003,0.0358,True,0.123,False
illiq,mom10,10,limit_up_count_ma5,-0.0581,-0.0435,0.0146,0.82,163,165,0.0058,0.0227,True,0.105,False
illiq,mom10,10,blow_rate,-0.0432,-0.0447,-0.0015,-0.08,162,163,-0.0014,0.0059,False,-0.01,False
illiq,mom10,10,max_board_height,-0.0289,-0.0442,-0.0153,-0.86,156,152,0.0105,-0.0366,False,-0.11,False
illiq,mom10,10,lu_premium_1d,-0.0333,-0.0606,-0.0273,-1.54,165,162,-0.0336,-0.0141,True,-0.197,False
illiq,mom20,1,limit_up_count,-0.0474,-0.0489,-0.0015,-0.07,166,158,-0.0553,0.0584,False,-0.009,False
illiq,mom20,1,limit_up_count_ma5,-0.0394,-0.0549,-0.0155,-0.74,167,165,-0.0424,0.0122,False,-0.094,False
illiq,mom20,1,blow_rate,-0.0375,-0.0315,0.006,0.29,166,167,0.0236,0.0013,True,0.037,False
illiq,mom20,1,max_board_height,-0.0082,-0.0724,-0.0642,-3.07,158,152,-0.058,-0.0647,True,-0.392,False
illiq,mom20,1,lu_premium_1d,-0.0362,-0.0465,-0.0103,-0.48,167,167,-0.0076,-0.0103,True,-0.061,False
illiq,mom20,3,limit_up_count,-0.0475,-0.0454,0.0022,0.11,165,157,-0.0468,0.0542,False,0.014,False
illiq,mom20,3,limit_up_count_ma5,-0.026,-0.0677,-0.0417,-2.13,167,165,-0.0653,-0.0172,True,-0.272,False
illiq,mom20,3,blow_rate,-0.0205,-0.0407,-0.0201,-1.01,165,166,-0.0109,-0.0157,True,-0.129,False
illiq,mom20,3,max_board_height,-0.0163,-0.0607,-0.0444,-2.24,158,152,-0.0333,-0.0443,True,-0.286,False
illiq,mom20,3,lu_premium_1d,-0.0419,-0.0417,0.0002,0.01,166,166,-0.0057,0.0133,False,0.001,False
illiq,mom20,5,limit_up_count,-0.0513,-0.0504,0.001,0.05,165,156,-0.0452,0.0486,False,0.006,False
illiq,mom20,5,limit_up_count_ma5,-0.0301,-0.0619,-0.0318,-1.58,165,165,-0.0555,-0.0081,True,-0.202,False
illiq,mom20,5,blow_rate,-0.0434,-0.0394,0.004,0.19,163,166,0.0181,0.0078,True,0.024,False
illiq,mom20,5,max_board_height,-0.0074,-0.0678,-0.0604,-3.02,158,152,-0.057,-0.0597,True,-0.385,False
illiq,mom20,5,lu_premium_1d,-0.0391,-0.0459,-0.0068,-0.35,166,164,-0.0175,0.0135,False,-0.045,False
illiq,mom20,10,limit_up_count,-0.0507,-0.0325,0.0182,0.82,161,156,-0.0033,0.0385,False,0.105,False
illiq,mom20,10,limit_up_count_ma5,-0.0298,-0.0423,-0.0125,-0.6,163,165,-0.029,0.0047,False,-0.077,False
illiq,mom20,10,blow_rate,-0.0405,-0.0439,-0.0034,-0.16,162,163,0.0071,-0.0047,False,-0.02,False
illiq,mom20,10,max_board_height,-0.0153,-0.0312,-0.0159,-0.8,156,152,0.0234,-0.0477,False,-0.102,False
illiq,mom20,10,lu_premium_1d,-0.0526,-0.0406,0.0121,0.61,165,162,0.0214,0.0103,True,0.078,False
illiq,rev5,1,limit_up_count,0.0596,0.0306,-0.0291,-1.38,166,158,-0.0017,-0.0611,True,-0.176,False
illiq,rev5,1,limit_up_count_ma5,0.0474,0.0439,-0.0035,-0.17,167,165,0.0106,-0.0177,False,-0.022,False
illiq,rev5,1,blow_rate,0.0261,0.0477,0.0216,1.12,166,167,-0.0014,0.0289,False,0.143,False
illiq,rev5,1,max_board_height,0.0199,0.0466,0.0267,1.23,158,152,0.0125,0.0377,True,0.157,False
illiq,rev5,1,lu_premium_1d,0.0448,0.0367,-0.0081,-0.39,167,167,-0.0152,-0.0031,True,-0.05,False
illiq,rev5,3,limit_up_count,0.0589,0.0356,-0.0233,-1.23,165,157,0.0013,-0.0443,False,-0.157,False
illiq,rev5,3,limit_up_count_ma5,0.0459,0.0598,0.0139,0.76,167,165,0.0415,-0.0133,False,0.097,False
illiq,rev5,3,blow_rate,0.0133,0.0569,0.0436,2.44,165,166,0.0413,0.0238,True,0.311,False
illiq,rev5,3,max_board_height,0.0352,0.0384,0.0032,0.16,158,152,-0.0228,0.01,False,0.02,False
illiq,rev5,3,lu_premium_1d,0.0426,0.0433,0.0007,0.04,166,166,-0.0022,-0.0043,True,0.005,False
illiq,rev5,5,limit_up_count,0.0581,0.0368,-0.0213,-1.12,165,156,0.0228,-0.0622,False,-0.143,False
illiq,rev5,5,limit_up_count_ma5,0.0494,0.0527,0.0033,0.18,165,165,0.0507,-0.0448,False,0.023,False
illiq,rev5,5,blow_rate,0.0248,0.0558,0.031,1.68,163,166,0.0161,0.0148,True,0.214,False
illiq,rev5,5,max_board_height,0.0326,0.0471,0.0146,0.75,158,152,-0.0095,0.0189,False,0.096,False
illiq,rev5,5,lu_premium_1d,0.0258,0.0526,0.0268,1.44,166,164,0.0204,0.0225,True,0.184,False
illiq,rev5,10,limit_up_count,0.0578,0.0197,-0.0382,-2.01,161,156,-0.0124,-0.0648,True,-0.257,False
illiq,rev5,10,limit_up_count_ma5,0.0657,0.0246,-0.0411,-2.29,163,165,-0.009,-0.0751,True,-0.292,False
illiq,rev5,10,blow_rate,0.0182,0.0474,0.0292,1.61,162,163,0.0139,0.0299,True,0.205,False
illiq,rev5,10,max_board_height,0.03,0.0199,-0.0101,-0.55,156,152,-0.0451,0.0166,False,-0.07,False
illiq,rev5,10,lu_premium_1d,0.021,0.0577,0.0367,2.05,165,162,0.028,0.0402,True,0.262,False
illiq,std5,1,limit_up_count,-0.0037,-0.0394,-0.0357,-1.62,166,158,-0.0471,-0.0229,True,-0.207,False
illiq,std5,1,limit_up_count_ma5,-0.0135,-0.0341,-0.0206,-0.95,167,165,-0.0346,-0.0071,True,-0.121,False
illiq,std5,1,blow_rate,-0.0171,-0.0267,-0.0096,-0.46,166,167,0.0075,-0.0129,False,-0.059,False
illiq,std5,1,max_board_height,-0.0234,-0.0282,-0.0049,-0.21,158,152,-0.0201,0.0144,False,-0.027,False
illiq,std5,1,lu_premium_1d,-0.0144,-0.0329,-0.0185,-0.81,167,167,-0.0482,0.0142,False,-0.103,False
illiq,std5,3,limit_up_count,-0.0165,-0.0328,-0.0163,-0.77,165,157,-0.0288,-0.0035,True,-0.098,False
illiq,std5,3,limit_up_count_ma5,0.0069,-0.0468,-0.0537,-2.65,167,165,-0.0823,-0.0268,True,-0.338,False
illiq,std5,3,blow_rate,0.0009,-0.0157,-0.0166,-0.81,165,166,-0.01,-0.0096,True,-0.103,False
illiq,std5,3,max_board_height,-0.0408,-0.0082,0.0326,1.54,158,152,-0.0043,0.072,False,0.197,False
illiq,std5,3,lu_premium_1d,-0.0244,-0.0221,0.0023,0.11,166,166,0.0229,-0.0168,False,0.014,False
illiq,std5,5,limit_up_count,-0.0157,-0.0388,-0.0232,-1.09,165,156,-0.045,0.0017,False,-0.139,False
illiq,std5,5,limit_up_count_ma5,-0.001,-0.0432,-0.0422,-2.03,165,165,-0.0803,-0.0019,True,-0.259,False
illiq,std5,5,blow_rate,0.0011,-0.0286,-0.0298,-1.41,163,166,-0.0121,-0.0365,True,-0.18,False
illiq,std5,5,max_board_height,-0.036,-0.0162,0.0198,0.98,158,152,-0.0377,0.0733,False,0.125,False
illiq,std5,5,lu_premium_1d,-0.0298,-0.0195,0.0103,0.48,166,164,0.0215,0.0005,True,0.061,False
illiq,std5,10,limit_up_count,-0.0024,-0.0162,-0.0139,-0.66,161,156,-0.0332,0.0144,False,-0.084,False
illiq,std5,10,limit_up_count_ma5,0.0151,-0.0269,-0.042,-2.1,163,165,-0.049,-0.0325,True,-0.268,False
illiq,std5,10,blow_rate,0.0235,-0.0204,-0.0439,-2.1,162,163,-0.0201,-0.0708,True,-0.268,False
illiq,std5,10,max_board_height,-0.0133,-0.0026,0.0108,0.55,156,152,-0.0118,0.0238,False,0.07,False
illiq,std5,10,lu_premium_1d,-0.0195,0.0037,0.0233,1.09,165,162,0.0514,-0.0101,False,0.139,False
illiq,std20,1,limit_up_count,0.0043,-0.031,-0.0353,-1.32,166,158,-0.0269,-0.0443,True,-0.168,False
illiq,std20,1,limit_up_count_ma5,-0.0093,-0.0329,-0.0236,-0.91,167,165,-0.0344,-0.0119,True,-0.116,False
illiq,std20,1,blow_rate,-0.0188,-0.0202,-0.0014,-0.06,166,167,0.0247,-0.0234,False,-0.008,False
illiq,std20,1,max_board_height,-0.0208,-0.0165,0.0043,0.16,158,152,-0.0259,0.0353,False,0.02,False
illiq,std20,1,lu_premium_1d,-0.004,-0.0307,-0.0267,-0.98,167,167,-0.0724,0.0176,False,-0.125,False
illiq,std20,3,limit_up_count,0.003,-0.0195,-0.0225,-0.85,165,157,-0.0186,-0.0233,True,-0.108,False
illiq,std20,3,limit_up_count_ma5,0.0203,-0.0358,-0.0561,-2.23,167,165,-0.0823,-0.0282,True,-0.285,False
illiq,std20,3,blow_rate,0.0066,-0.0116,-0.0182,-0.72,165,166,-0.0096,-0.0316,True,-0.092,False
illiq,std20,3,max_board_height,-0.0339,0.0102,0.044,1.67,158,152,-0.0056,0.0838,False,0.213,False
illiq,std20,3,lu_premium_1d,-0.0244,-0.0049,0.0195,0.75,166,166,0.0211,0.0126,True,0.096,False
illiq,std20,5,limit_up_count,0.0171,-0.0155,-0.0326,-1.19,165,156,-0.0273,-0.0314,True,-0.152,False
illiq,std20,5,limit_up_count_ma5,0.0174,-0.0238,-0.0412,-1.56,165,165,-0.0718,-0.0056,True,-0.199,False
illiq,std20,5,blow_rate,0.0295,-0.0121,-0.0416,-1.58,163,166,-0.0325,-0.0626,True,-0.202,False
illiq,std20,5,max_board_height,-0.0172,0.0107,0.0279,1.05,158,152,-0.0241,0.0617,False,0.134,False
illiq,std20,5,lu_premium_1d,-0.0084,0.0088,0.0173,0.65,166,164,0.019,0.0112,True,0.083,False
illiq,std20,10,limit_up_count,0.0274,0.0024,-0.025,-0.91,161,156,-0.025,-0.0126,True,-0.116,False
illiq,std20,10,limit_up_count_ma5,0.0344,-0.0138,-0.0482,-1.88,163,165,-0.0502,-0.0408,True,-0.24,False
illiq,std20,10,blow_rate,0.0475,-0.0097,-0.0572,-2.15,162,163,-0.0362,-0.1001,True,-0.274,False
illiq,std20,10,max_board_height,0.0009,0.0255,0.0246,0.95,156,152,-0.0018,0.0271,False,0.121,False
illiq,std20,10,lu_premium_1d,-0.0055,0.0319,0.0374,1.39,165,162,0.0571,0.0061,True,0.177,False
illiq,amp5,1,limit_up_count,-0.0091,-0.0482,-0.0391,-1.52,166,158,-0.0335,-0.0471,True,-0.194,False
illiq,amp5,1,limit_up_count_ma5,-0.0092,-0.051,-0.0418,-1.69,167,165,-0.0518,-0.0316,True,-0.216,False
illiq,amp5,1,blow_rate,-0.0273,-0.0326,-0.0052,-0.21,166,167,0.0188,-0.0203,False,-0.027,False
illiq,amp5,1,max_board_height,-0.0297,-0.0313,-0.0016,-0.06,158,152,-0.0287,0.025,False,-0.008,False
illiq,amp5,1,lu_premium_1d,-0.0265,-0.0349,-0.0083,-0.32,167,167,-0.0587,0.0417,False,-0.041,False
illiq,amp5,3,limit_up_count,-0.0119,-0.037,-0.0251,-0.97,165,157,-0.0288,-0.0193,True,-0.124,False
illiq,amp5,3,limit_up_count_ma5,0.0214,-0.0552,-0.0766,-3.16,167,165,-0.0974,-0.056,True,-0.403,False
illiq,amp5,3,blow_rate,0.0005,-0.0219,-0.0225,-0.92,165,166,-0.0195,-0.0238,True,-0.117,False
illiq,amp5,3,max_board_height,-0.0447,-0.0016,0.0431,1.69,158,152,0.0035,0.0773,True,0.216,False
illiq,amp5,3,lu_premium_1d,-0.0405,-0.012,0.0285,1.12,166,166,0.0173,0.0361,True,0.143,False
illiq,amp5,5,limit_up_count,0.0042,-0.0412,-0.0454,-1.73,165,156,-0.048,-0.0399,True,-0.221,False
illiq,amp5,5,limit_up_count_ma5,0.0216,-0.0488,-0.0704,-2.78,165,165,-0.0988,-0.0393,True,-0.355,False
illiq,amp5,5,blow_rate,0.0124,-0.0286,-0.041,-1.61,163,166,-0.0369,-0.0455,True,-0.205,False
illiq,amp5,5,max_board_height,-0.037,-0.0029,0.0341,1.34,158,152,-0.0185,0.0727,False,0.171,False
illiq,amp5,5,lu_premium_1d,-0.032,-0.0002,0.0318,1.22,166,164,0.0152,0.0463,True,0.156,False
illiq,amp5,10,limit_up_count,0.0206,-0.0171,-0.0378,-1.39,161,156,-0.0425,-0.0257,True,-0.177,False
illiq,amp5,10,limit_up_count_ma5,0.0425,-0.0407,-0.0832,-3.31,163,165,-0.0865,-0.0763,True,-0.422,False
illiq,amp5,10,blow_rate,0.0391,-0.0257,-0.0648,-2.47,162,163,-0.0379,-0.1027,True,-0.315,False
illiq,amp5,10,max_board_height,-0.0059,0.0091,0.0151,0.59,156,152,-0.0121,0.0254,False,0.075,False
illiq,amp5,10,lu_premium_1d,-0.0267,0.0268,0.0535,2.04,165,162,0.0741,0.0254,True,0.26,False
illiq,to_level,1,limit_up_count,0.0183,-0.0266,-0.0449,-1.77,166,158,-0.0199,-0.0713,True,-0.226,False
illiq,to_level,1,limit_up_count_ma5,0.0008,-0.0172,-0.018,-0.73,167,165,-0.0117,-0.0237,True,-0.093,False
illiq,to_level,1,blow_rate,-0.0075,-0.0024,0.0051,0.21,166,167,0.0227,-0.0129,False,0.027,False
illiq,to_level,1,max_board_height,-0.0146,-0.0048,0.0098,0.39,158,152,-0.0263,0.0478,False,0.05,False
illiq,to_level,1,lu_premium_1d,0.0069,-0.0118,-0.0188,-0.74,167,167,-0.0588,0.0194,False,-0.094,False
illiq,to_level,3,limit_up_count,0.01,-0.0105,-0.0206,-0.83,165,157,-0.011,-0.0239,True,-0.106,False
illiq,to_level,3,limit_up_count_ma5,0.017,-0.0092,-0.0262,-1.11,167,165,-0.0221,-0.0299,True,-0.142,False
illiq,to_level,3,blow_rate,0.0126,0.0058,-0.0068,-0.3,165,166,-0.007,-0.0159,True,-0.038,False
illiq,to_level,3,max_board_height,-0.0363,0.027,0.0632,2.57,158,152,0.0191,0.1025,True,0.328,False
illiq,to_level,3,lu_premium_1d,-0.0098,0.0062,0.016,0.68,166,166,0.0067,0.0197,True,0.087,False
illiq,to_level,5,limit_up_count,0.0232,-0.006,-0.0291,-1.17,165,156,-0.01,-0.0397,True,-0.149,False
illiq,to_level,5,limit_up_count_ma5,0.0176,0.0015,-0.0161,-0.65,165,165,-0.0155,-0.0136,True,-0.083,False
illiq,to_level,5,blow_rate,0.0271,0.0115,-0.0156,-0.67,163,166,-0.0188,-0.0302,True,-0.086,False
illiq,to_level,5,max_board_height,-0.0216,0.0318,0.0534,2.19,158,152,-0.0011,0.0843,False,0.28,False
illiq,to_level,5,lu_premium_1d,0.0024,0.0196,0.0172,0.71,166,164,0.001,0.0267,True,0.091,False
illiq,to_level,10,limit_up_count,0.0279,0.0087,-0.0193,-0.73,161,156,0.0004,-0.0286,False,-0.093,False
illiq,to_level,10,limit_up_count_ma5,0.0361,-0.0014,-0.0375,-1.51,163,165,-0.0169,-0.0537,True,-0.193,False
illiq,to_level,10,blow_rate,0.0458,0.0113,-0.0345,-1.39,162,163,-0.031,-0.0685,True,-0.177,False
illiq,to_level,10,max_board_height,-0.0082,0.05,0.0582,2.36,156,152,0.0212,0.0721,True,0.301,False
illiq,to_level,10,lu_premium_1d,0.0053,0.0402,0.0349,1.42,165,162,0.0529,0.003,True,0.181,False
illiq,to_trend,1,limit_up_count,-0.0236,-0.0457,-0.0221,-1.63,166,158,-0.0512,0.0084,False,-0.208,False
illiq,to_trend,1,limit_up_count_ma5,-0.0196,-0.0541,-0.0345,-2.59,167,165,-0.0579,-0.011,True,-0.331,False
illiq,to_trend,1,blow_rate,-0.0338,-0.0354,-0.0017,-0.13,166,167,0.0137,-0.0071,False,-0.017,False
illiq,to_trend,1,max_board_height,-0.021,-0.0536,-0.0326,-2.28,158,152,-0.02,-0.0438,True,-0.291,False
illiq,to_trend,1,lu_premium_1d,-0.0342,-0.0353,-0.001,-0.07,167,167,-0.0002,-0.0002,True,-0.009,False
illiq,to_trend,3,limit_up_count,-0.0302,-0.0613,-0.0311,-2.21,165,157,-0.0703,0.0082,False,-0.282,False
illiq,to_trend,3,limit_up_count_ma5,-0.0174,-0.071,-0.0536,-4.1,167,165,-0.0983,-0.008,True,-0.523,True
illiq,to_trend,3,blow_rate,-0.0303,-0.0384,-0.0081,-0.58,165,166,-0.0034,0.0004,False,-0.074,False
illiq,to_trend,3,max_board_height,-0.0214,-0.0615,-0.0401,-2.74,158,152,-0.04,-0.0322,True,-0.35,False
illiq,to_trend,3,lu_premium_1d,-0.034,-0.0418,-0.0078,-0.57,166,166,-0.0033,-0.0085,True,-0.073,False
illiq,to_trend,5,limit_up_count,-0.0301,-0.0725,-0.0424,-3.14,165,156,-0.0901,0.008,False,-0.401,False
illiq,to_trend,5,limit_up_count_ma5,-0.0191,-0.0779,-0.0589,-4.45,165,165,-0.107,-0.0066,True,-0.568,True
illiq,to_trend,5,blow_rate,-0.0454,-0.0483,-0.0029,-0.21,163,166,-0.0016,0.0071,False,-0.027,False
illiq,to_trend,5,max_board_height,-0.0372,-0.062,-0.0248,-1.76,158,152,-0.0567,0.0081,False,-0.225,False
illiq,to_trend,5,lu_premium_1d,-0.041,-0.0503,-0.0093,-0.69,166,164,-0.0178,0.0023,False,-0.088,False
illiq,to_trend,10,limit_up_count,-0.0327,-0.0565,-0.0238,-2.04,161,156,-0.0378,-0.0093,True,-0.26,False
illiq,to_trend,10,limit_up_count_ma5,-0.0206,-0.0645,-0.0439,-3.85,163,165,-0.056,-0.031,True,-0.491,True
illiq,to_trend,10,blow_rate,-0.0395,-0.0454,-0.0059,-0.5,162,163,-0.0008,-0.0019,True,-0.064,False
illiq,to_trend,10,max_board_height,-0.0319,-0.0495,-0.0176,-1.45,156,152,-0.0058,-0.0232,True,-0.185,False
illiq,to_trend,10,lu_premium_1d,-0.0445,-0.0508,-0.0062,-0.53,165,162,0.004,-0.0128,False,-0.068,False
illiq,amihud20,1,limit_up_count,0.0253,-0.0025,-0.0278,-1.32,166,158,-0.0275,-0.0327,True,-0.168,False
illiq,amihud20,1,limit_up_count_ma5,0.0198,0.0073,-0.0125,-0.61,167,165,-0.0279,0.0038,False,-0.078,False
illiq,amihud20,1,blow_rate,0.0057,0.0144,0.0087,0.44,166,167,0.0231,-0.0002,False,0.056,False
illiq,amihud20,1,max_board_height,0.0147,0.0119,-0.0028,-0.13,158,152,-0.0218,0.019,False,-0.017,False
illiq,amihud20,1,lu_premium_1d,0.022,0.002,-0.02,-0.94,167,167,-0.0568,0.0177,False,-0.12,False
illiq,amihud20,3,limit_up_count,0.0372,0.0228,-0.0144,-0.68,165,157,-0.0356,0.0097,False,-0.087,False
illiq,amihud20,3,limit_up_count_ma5,0.0455,0.019,-0.0265,-1.31,167,165,-0.0521,-0.0006,True,-0.167,False
illiq,amihud20,3,blow_rate,0.0355,0.0248,-0.0108,-0.53,165,166,0.0117,-0.035,False,-0.068,False
illiq,amihud20,3,max_board_height,0.0059,0.0476,0.0417,1.97,158,152,0.0233,0.0645,True,0.251,False
illiq,amihud20,3,lu_premium_1d,0.0207,0.0342,0.0136,0.65,166,166,0.0049,0.0206,True,0.083,False
illiq,amihud20,5,limit_up_count,0.0556,0.028,-0.0276,-1.27,165,156,-0.0365,-0.0171,True,-0.162,False
illiq,amihud20,5,limit_up_count_ma5,0.0402,0.0356,-0.0046,-0.22,165,165,-0.0349,0.0281,False,-0.028,False
illiq,amihud20,5,blow_rate,0.0471,0.0325,-0.0145,-0.71,163,166,0.0071,-0.0401,False,-0.091,False
illiq,amihud20,5,max_board_height,0.0183,0.0502,0.0319,1.55,158,152,0.0063,0.0495,True,0.198,False
illiq,amihud20,5,lu_premium_1d,0.0329,0.0474,0.0145,0.7,166,164,-0.0079,0.0352,False,0.089,False
illiq,amihud20,10,limit_up_count,0.0649,0.0469,-0.018,-0.81,161,156,-0.0374,0.0109,False,-0.103,False
illiq,amihud20,10,limit_up_count_ma5,0.0559,0.0449,-0.011,-0.54,163,165,-0.0271,0.0094,False,-0.069,False
illiq,amihud20,10,blow_rate,0.065,0.0273,-0.0377,-1.78,162,163,-0.0059,-0.0863,True,-0.227,False
illiq,amihud20,10,max_board_height,0.0328,0.0626,0.0297,1.43,156,152,0.0078,0.0387,True,0.183,False
illiq,amihud20,10,lu_premium_1d,0.0381,0.0686,0.0305,1.44,165,162,0.0328,0.0209,True,0.184,False
illiq,vp_div,1,limit_up_count,-0.0178,0.0104,0.0282,2.06,166,158,0.0345,0.0219,True,0.263,False
illiq,vp_div,1,limit_up_count_ma5,-0.0162,0.003,0.0192,1.42,167,165,0.0335,0.0034,True,0.181,False
illiq,vp_div,1,blow_rate,0.0079,-0.0051,-0.013,-1.03,166,167,-0.021,-0.0061,True,-0.131,False
illiq,vp_div,1,max_board_height,0.006,0.0044,-0.0017,-0.12,158,152,0.0164,-0.0189,False,-0.015,False
illiq,vp_div,1,lu_premium_1d,-0.008,-0.0037,0.0043,0.32,167,167,0.0161,-0.0084,False,0.041,False
illiq,vp_div,3,limit_up_count,-0.0065,0.012,0.0184,1.32,165,157,0.0142,0.0237,True,0.168,False
illiq,vp_div,3,limit_up_count_ma5,-0.0081,0.0027,0.0108,0.81,167,165,0.0173,0.0027,True,0.103,False
illiq,vp_div,3,blow_rate,0.0141,0.0057,-0.0084,-0.66,165,166,-0.005,-0.0085,True,-0.084,False
illiq,vp_div,3,max_board_height,0.0064,0.0157,0.0094,0.67,158,152,0.0163,0.006,True,0.086,False
illiq,vp_div,3,lu_premium_1d,0.0014,0.0088,0.0074,0.55,166,166,0.0158,0.001,True,0.07,False
illiq,vp_div,5,limit_up_count,-0.0053,0.015,0.0203,1.46,165,156,0.0143,0.0286,True,0.186,False
illiq,vp_div,5,limit_up_count_ma5,-0.0031,0.0097,0.0128,0.95,165,165,0.0052,0.0207,True,0.121,False
illiq,vp_div,5,blow_rate,0.0096,0.012,0.0024,0.18,163,166,0.0017,0.007,True,0.023,False
illiq,vp_div,5,max_board_height,-0.0042,0.0183,0.0225,1.59,158,152,0.023,0.0211,True,0.203,False
illiq,vp_div,5,lu_premium_1d,0.017,0.0125,-0.0045,-0.33,166,164,-0.0015,-0.0052,True,-0.042,False
illiq,vp_div,10,limit_up_count,-0.0123,-0.0013,0.0109,0.8,161,156,-0.0059,0.0309,False,0.102,False
illiq,vp_div,10,limit_up_count_ma5,-0.0145,-0.0028,0.0118,0.9,163,165,-0.0125,0.0381,False,0.115,False
illiq,vp_div,10,blow_rate,-0.0002,-0.0018,-0.0016,-0.12,162,163,0.0112,-0.0109,False,-0.015,False
illiq,vp_div,10,max_board_height,-0.0098,0.0107,0.0205,1.51,156,152,0.0065,0.0312,True,0.193,False
illiq,vp_div,10,lu_premium_1d,0.0122,-0.0065,-0.0187,-1.38,165,162,-0.0291,-0.0076,True,-0.176,False
illiq,gap,1,limit_up_count,0.0028,0.0128,0.01,0.83,166,158,-0.0137,0.0386,False,0.106,False
illiq,gap,1,limit_up_count_ma5,0.006,0.0118,0.0058,0.49,167,165,-0.0022,0.0138,False,0.063,False
illiq,gap,1,blow_rate,0.0171,0.0123,-0.0048,-0.38,166,167,-0.0071,-0.0011,True,-0.048,False
illiq,gap,1,max_board_height,0.018,0.0056,-0.0125,-0.99,158,152,-0.0273,0.0036,False,-0.126,False
illiq,gap,1,lu_premium_1d,0.0039,0.0164,0.0125,1.05,167,167,0.011,0.0157,True,0.134,False
illiq,gap,3,limit_up_count,-0.0025,0.0174,0.0199,1.71,165,157,-0.002,0.0443,False,0.218,False
illiq,gap,3,limit_up_count_ma5,0.0011,0.0116,0.0105,0.89,167,165,0.0055,0.0148,True,0.114,False
illiq,gap,3,blow_rate,0.0145,0.0129,-0.0016,-0.13,165,166,0.0004,0.002,True,-0.017,False
illiq,gap,3,max_board_height,0.0095,0.0128,0.0033,0.27,158,152,-0.0092,0.0221,False,0.034,False
illiq,gap,3,lu_premium_1d,-0.0011,0.0199,0.021,1.88,166,166,0.0278,0.0161,True,0.24,False
illiq,gap,5,limit_up_count,0.0025,0.0068,0.0043,0.38,165,156,-0.0293,0.0405,False,0.048,False
illiq,gap,5,limit_up_count_ma5,0.0064,0.0034,-0.003,-0.26,165,165,-0.0208,0.0157,False,-0.033,False
illiq,gap,5,blow_rate,0.0128,0.006,-0.0067,-0.57,163,166,-0.0031,-0.0022,True,-0.073,False
illiq,gap,5,max_board_height,0.0102,0.0084,-0.0018,-0.16,158,152,0.0051,0.0026,True,-0.02,False
illiq,gap,5,lu_premium_1d,0.0068,0.0116,0.0048,0.42,166,164,0.0174,-0.0046,False,0.054,False
illiq,gap,10,limit_up_count,0.0073,0.014,0.0067,0.58,161,156,-0.0155,0.0308,False,0.074,False
illiq,gap,10,limit_up_count_ma5,0.0101,0.0029,-0.0072,-0.65,163,165,-0.0178,0.004,False,-0.083,False
illiq,gap,10,blow_rate,0.0119,0.0062,-0.0058,-0.51,162,163,-0.0055,-0.0007,True,-0.065,False
illiq,gap,10,max_board_height,0.014,0.0168,0.0028,0.24,156,152,0.0082,0.0073,True,0.031,False
illiq,gap,10,lu_premium_1d,0.0166,0.0118,-0.0048,-0.43,165,162,0.0086,-0.0162,False,-0.055,False
illiq,c2l5,1,limit_up_count,-0.0273,-0.0536,-0.0263,-1.25,166,158,-0.0283,-0.0246,True,-0.16,False
illiq,c2l5,1,limit_up_count_ma5,-0.0252,-0.0597,-0.0345,-1.69,167,165,-0.0439,-0.0251,True,-0.216,False
illiq,c2l5,1,blow_rate,-0.0348,-0.0423,-0.0075,-0.37,166,167,0.0166,-0.0208,False,-0.047,False
illiq,c2l5,1,max_board_height,-0.0348,-0.047,-0.0123,-0.55,158,152,-0.0286,0.0031,False,-0.07,False
illiq,c2l5,1,lu_premium_1d,-0.0414,-0.0436,-0.0022,-0.1,167,167,-0.0431,0.0379,False,-0.013,False
illiq,c2l5,3,limit_up_count,-0.0286,-0.0432,-0.0146,-0.7,165,157,-0.0215,-0.0082,True,-0.089,False
illiq,c2l5,3,limit_up_count_ma5,0.0008,-0.066,-0.0668,-3.34,167,165,-0.0863,-0.0487,True,-0.426,False
illiq,c2l5,3,blow_rate,-0.0106,-0.035,-0.0243,-1.22,165,166,-0.0279,-0.0109,True,-0.156,False
illiq,c2l5,3,max_board_height,-0.0526,-0.0178,0.0348,1.66,158,152,0.0082,0.0623,True,0.212,False
illiq,c2l5,3,lu_premium_1d,-0.0464,-0.0262,0.0202,0.99,166,166,0.0112,0.029,True,0.126,False
illiq,c2l5,5,limit_up_count,-0.0171,-0.0442,-0.0271,-1.31,165,156,-0.0339,-0.0211,True,-0.167,False
illiq,c2l5,5,limit_up_count_ma5,-0.0064,-0.0533,-0.0469,-2.29,165,165,-0.0809,-0.0111,True,-0.292,False
illiq,c2l5,5,blow_rate,-0.0056,-0.0374,-0.0318,-1.57,163,166,-0.0267,-0.0254,True,-0.2,False
illiq,c2l5,5,max_board_height,-0.0417,-0.023,0.0187,0.9,158,152,-0.0195,0.0521,False,0.115,False
illiq,c2l5,5,lu_premium_1d,-0.0294,-0.0234,0.0059,0.29,166,164,-0.0047,0.0191,False,0.037,False
illiq,c2l5,10,limit_up_count,-0.0062,-0.0182,-0.012,-0.55,161,156,-0.0136,-0.0088,True,-0.07,False
illiq,c2l5,10,limit_up_count_ma5,0.0005,-0.0363,-0.0367,-1.8,163,165,-0.0472,-0.0239,True,-0.23,False
illiq,c2l5,10,blow_rate,0.0184,-0.0348,-0.0532,-2.55,162,163,-0.0222,-0.0861,True,-0.325,False
illiq,c2l5,10,max_board_height,-0.0148,-0.004,0.0108,0.52,156,152,-0.003,0.0141,False,0.066,False
illiq,c2l5,10,lu_premium_1d,-0.0242,-0.0052,0.019,0.93,165,162,0.0394,-0.0033,False,0.119,False
illiq,winner_ratio,1,limit_up_count,-0.0405,-0.031,0.0096,0.64,166,158,-0.005,0.0299,False,0.082,False
illiq,winner_ratio,1,limit_up_count_ma5,-0.0239,-0.0358,-0.0119,-0.77,167,165,-0.0154,-0.0071,True,-0.098,False
illiq,winner_ratio,1,blow_rate,-0.0146,-0.0278,-0.0132,-0.9,166,167,0.0049,-0.0317,False,-0.115,False
illiq,winner_ratio,1,max_board_height,-0.0148,-0.0369,-0.0221,-1.46,158,152,-0.0284,-0.0229,True,-0.186,False
illiq,winner_ratio,1,lu_premium_1d,-0.0321,-0.0191,0.013,0.86,167,167,0.0055,0.0178,True,0.11,False
illiq,winner_ratio,3,limit_up_count,-0.0289,-0.0315,-0.0027,-0.18,165,157,-0.0233,0.0238,False,-0.023,False
illiq,winner_ratio,3,limit_up_count_ma5,-0.0102,-0.0428,-0.0327,-2.21,167,165,-0.0491,-0.0128,True,-0.282,False
illiq,winner_ratio,3,blow_rate,0.0047,-0.0264,-0.0311,-2.21,165,166,-0.0319,-0.0307,True,-0.282,False
illiq,winner_ratio,3,max_board_height,-0.0293,-0.024,0.0053,0.35,158,152,-0.0034,0.0119,False,0.045,False
illiq,winner_ratio,3,lu_premium_1d,-0.0261,-0.0182,0.0079,0.55,166,166,-0.0037,0.0194,False,0.07,False
illiq,winner_ratio,5,limit_up_count,-0.0288,-0.0391,-0.0103,-0.69,165,156,-0.0462,0.0344,False,-0.088,False
illiq,winner_ratio,5,limit_up_count_ma5,-0.0178,-0.0378,-0.0201,-1.32,165,165,-0.0544,0.0201,False,-0.168,False
illiq,winner_ratio,5,blow_rate,-0.011,-0.0196,-0.0086,-0.59,163,166,0.0006,-0.0196,False,-0.075,False
illiq,winner_ratio,5,max_board_height,-0.0221,-0.0296,-0.0076,-0.49,158,152,-0.0432,0.0153,False,-0.063,False
illiq,winner_ratio,5,lu_premium_1d,-0.0166,-0.0267,-0.0101,-0.71,166,164,-0.0342,0.0149,False,-0.091,False
illiq,winner_ratio,10,limit_up_count,-0.0224,-0.0318,-0.0093,-0.61,161,156,-0.0319,0.0229,False,-0.078,False
illiq,winner_ratio,10,limit_up_count_ma5,-0.0136,-0.0351,-0.0215,-1.43,163,165,-0.0354,-0.0024,True,-0.183,False
illiq,winner_ratio,10,blow_rate,-0.002,-0.0195,-0.0175,-1.24,162,163,0.0051,-0.053,False,-0.158,False
illiq,winner_ratio,10,max_board_height,-0.0151,-0.0161,-0.001,-0.06,156,152,-0.0226,0.0056,False,-0.008,False
illiq,winner_ratio,10,lu_premium_1d,-0.0126,-0.027,-0.0144,-1.0,165,162,-0.0248,-0.006,True,-0.128,False
illiq,cost_bias,1,limit_up_count,-0.0225,-0.0224,0.0001,0.01,166,158,-0.0079,0.0112,False,0.001,False
illiq,cost_bias,1,limit_up_count_ma5,-0.0066,-0.0237,-0.0171,-1.43,167,165,-0.0192,-0.0139,True,-0.183,False
illiq,cost_bias,1,blow_rate,-0.0116,-0.0166,-0.005,-0.42,166,167,-0.0286,0.0125,False,-0.054,False
illiq,cost_bias,1,max_board_height,-0.0125,-0.0211,-0.0086,-0.71,158,152,-0.0038,-0.0212,True,-0.091,False
illiq,cost_bias,1,lu_premium_1d,-0.0121,-0.016,-0.0039,-0.33,167,167,0.0148,-0.024,False,-0.042,False
illiq,cost_bias,3,limit_up_count,-0.0236,-0.0396,-0.016,-1.34,165,157,-0.0193,-0.0094,True,-0.171,False
illiq,cost_bias,3,limit_up_count_ma5,-0.0098,-0.0369,-0.0272,-2.27,167,165,-0.0383,-0.0129,True,-0.29,False
illiq,cost_bias,3,blow_rate,-0.0281,-0.0311,-0.003,-0.26,165,166,-0.0163,0.0055,False,-0.033,False
illiq,cost_bias,3,max_board_height,-0.0208,-0.0312,-0.0103,-0.87,158,152,0.0128,-0.038,False,-0.111,False
illiq,cost_bias,3,lu_premium_1d,-0.0165,-0.0364,-0.0199,-1.8,166,166,-0.0165,-0.025,True,-0.23,False
illiq,cost_bias,5,limit_up_count,-0.0274,-0.0517,-0.0243,-2.2,165,156,-0.0367,-0.0042,True,-0.281,False
illiq,cost_bias,5,limit_up_count_ma5,-0.0196,-0.0495,-0.0299,-2.64,165,165,-0.0394,-0.0176,True,-0.337,False
illiq,cost_bias,5,blow_rate,-0.0498,-0.0378,0.012,1.12,163,166,0.0166,0.0017,True,0.143,False
illiq,cost_bias,5,max_board_height,-0.0294,-0.0435,-0.0141,-1.27,158,152,-0.0069,-0.0304,True,-0.162,False
illiq,cost_bias,5,lu_premium_1d,-0.0276,-0.047,-0.0194,-1.8,166,164,-0.0331,-0.0098,True,-0.23,False
illiq,cost_bias,10,limit_up_count,-0.0385,-0.0732,-0.0347,-3.11,161,156,-0.0343,-0.0282,True,-0.397,False
illiq,cost_bias,10,limit_up_count_ma5,-0.0338,-0.0739,-0.0401,-3.59,163,165,-0.0334,-0.0454,True,-0.458,True
illiq,cost_bias,10,blow_rate,-0.0649,-0.0496,0.0153,1.38,162,163,0.0192,-0.0009,False,0.176,False
illiq,cost_bias,10,max_board_height,-0.0446,-0.0607,-0.016,-1.49,156,152,-0.0093,-0.0398,True,-0.19,False
illiq,cost_bias,10,lu_premium_1d,-0.0492,-0.056,-0.0068,-0.63,165,162,-0.0124,-0.0074,True,-0.08,False
illiq,up_days,1,limit_up_count,-0.0493,-0.0247,0.0246,1.6,166,157,0.0221,0.0313,True,0.204,False
illiq,up_days,1,limit_up_count_ma5,-0.0382,-0.0323,0.0059,0.38,166,165,0.0134,-0.0002,False,0.048,False
illiq,up_days,1,blow_rate,-0.0127,-0.04,-0.0273,-1.97,165,167,-0.0211,-0.045,True,-0.251,False
illiq,up_days,1,max_board_height,-0.0299,-0.0405,-0.0106,-0.67,157,152,-0.0229,-0.0088,True,-0.086,False
illiq,up_days,1,lu_premium_1d,-0.0471,-0.0224,0.0248,1.66,166,167,0.0176,0.0287,True,0.212,False
illiq,up_days,3,limit_up_count,-0.0394,-0.0234,0.016,1.08,165,156,0.0262,0.0042,True,0.138,False
illiq,up_days,3,limit_up_count_ma5,-0.0294,-0.0302,-0.0008,-0.06,166,165,0.0142,-0.017,False,-0.008,False
illiq,up_days,3,blow_rate,-0.0089,-0.0289,-0.02,-1.48,164,166,-0.0204,-0.0235,True,-0.189,False
illiq,up_days,3,max_board_height,-0.0199,-0.0269,-0.007,-0.45,157,152,-0.0046,-0.0114,True,-0.057,False
illiq,up_days,3,lu_premium_1d,-0.028,-0.0287,-0.0008,-0.05,165,166,-0.0135,0.0143,False,-0.006,False
illiq,up_days,5,limit_up_count,-0.0477,-0.0294,0.0183,1.23,165,155,0.0106,0.0273,True,0.157,False
illiq,up_days,5,limit_up_count_ma5,-0.0284,-0.0326,-0.0042,-0.29,164,165,0.0,-0.0092,False,-0.037,False
illiq,up_days,5,blow_rate,-0.0166,-0.0274,-0.0108,-0.78,162,166,-0.01,-0.014,True,-0.1,False
illiq,up_days,5,max_board_height,-0.0281,-0.034,-0.0059,-0.39,157,152,0.0038,-0.0189,False,-0.05,False
illiq,up_days,5,lu_premium_1d,-0.0197,-0.0375,-0.0178,-1.29,165,164,-0.0264,-0.0082,True,-0.165,False
illiq,up_days,10,limit_up_count,-0.035,-0.0295,0.0055,0.37,161,155,0.0055,0.0016,True,0.047,False
illiq,up_days,10,limit_up_count_ma5,-0.0214,-0.0402,-0.0189,-1.32,162,165,-0.0135,-0.027,True,-0.168,False
illiq,up_days,10,blow_rate,-0.0153,-0.0283,-0.013,-0.95,161,163,-0.0018,-0.0224,True,-0.121,False
illiq,up_days,10,max_board_height,-0.0266,-0.0373,-0.0107,-0.73,155,152,-0.0105,-0.0082,True,-0.093,False
illiq,up_days,10,lu_premium_1d,-0.0236,-0.0484,-0.0248,-1.82,164,162,-0.0288,-0.0185,True,-0.232,False
bigup,mom5,1,limit_up_count,0.0194,-0.0315,-0.0509,-1.79,165,140,-0.0659,-0.0345,True,-0.228,False
bigup,mom5,1,limit_up_count_ma5,0.002,-0.041,-0.0431,-1.56,167,142,-0.0788,-0.0064,True,-0.199,False
bigup,mom5,1,blow_rate,-0.0121,-0.0159,-0.0039,-0.15,155,164,-0.0182,0.0119,False,-0.019,False
bigup,mom5,1,max_board_height,0.0177,-0.0237,-0.0414,-1.54,151,140,-0.1074,0.0006,False,-0.197,False
bigup,mom5,1,lu_premium_1d,-0.0064,-0.0394,-0.0329,-1.24,153,156,-0.0373,-0.0307,True,-0.158,False
bigup,mom5,3,limit_up_count,-0.0029,-0.0531,-0.0501,-1.76,164,139,-0.0847,-0.0166,True,-0.225,False
bigup,mom5,3,limit_up_count_ma5,-0.0588,-0.0728,-0.0139,-0.49,167,142,-0.0856,0.0597,False,-0.063,False
bigup,mom5,3,blow_rate,-0.031,-0.0702,-0.0392,-1.46,154,163,-0.0448,-0.0264,True,-0.186,False
bigup,mom5,3,max_board_height,-0.0204,-0.047,-0.0265,-0.96,151,140,-0.067,0.0051,False,-0.123,False
bigup,mom5,3,lu_premium_1d,-0.0243,-0.0745,-0.0502,-1.77,152,155,-0.0137,-0.0811,True,-0.226,False
bigup,mom5,5,limit_up_count,-0.0417,-0.0441,-0.0024,-0.09,164,138,-0.0561,0.0567,False,-0.011,False
bigup,mom5,5,limit_up_count_ma5,-0.0658,-0.0566,0.0091,0.33,165,142,-0.0721,0.0935,False,0.042,False
bigup,mom5,5,blow_rate,-0.0288,-0.0746,-0.0459,-1.76,152,163,-0.0428,-0.0491,True,-0.225,False
bigup,mom5,5,max_board_height,-0.0322,-0.0607,-0.0285,-1.04,151,140,-0.0761,0.0075,False,-0.133,False
bigup,mom5,5,lu_premium_1d,-0.0257,-0.0657,-0.04,-1.52,152,153,-0.0032,-0.0731,True,-0.194,False
bigup,mom5,10,limit_up_count,-0.0519,-0.0756,-0.0237,-0.91,160,138,-0.0454,-0.0088,True,-0.116,False
bigup,mom5,10,limit_up_count_ma5,-0.0493,-0.0787,-0.0293,-1.16,163,142,-0.0636,0.0047,False,-0.148,False
bigup,mom5,10,blow_rate,-0.0479,-0.0779,-0.03,-1.24,151,160,-0.0053,-0.0375,True,-0.158,False
bigup,mom5,10,max_board_height,-0.0284,-0.0889,-0.0605,-2.56,149,140,-0.0473,-0.0541,True,-0.327,False
bigup,mom5,10,lu_premium_1d,-0.0469,-0.0716,-0.0247,-0.99,151,151,0.0121,-0.0492,False,-0.126,False
bigup,mom10,1,limit_up_count,-0.0295,-0.0278,0.0017,0.06,165,140,-0.0199,0.024,False,0.008,False
bigup,mom10,1,limit_up_count_ma5,-0.0272,-0.0246,0.0026,0.09,167,142,-0.0228,0.0273,False,0.011,False
bigup,mom10,1,blow_rate,-0.0119,-0.0243,-0.0124,-0.47,155,164,-0.0193,0.0021,False,-0.06,False
bigup,mom10,1,max_board_height,-0.0026,-0.0575,-0.0549,-2.0,151,140,-0.0809,-0.036,True,-0.255,False
bigup,mom10,1,lu_premium_1d,-0.0074,-0.05,-0.0426,-1.54,153,156,-0.0628,-0.0242,True,-0.197,False
bigup,mom10,3,limit_up_count,-0.0563,-0.0633,-0.007,-0.24,164,139,-0.015,-0.0085,True,-0.031,False
bigup,mom10,3,limit_up_count_ma5,-0.0713,-0.0732,-0.0019,-0.06,167,142,-0.019,0.0121,False,-0.008,False
bigup,mom10,3,blow_rate,-0.0318,-0.0895,-0.0577,-2.17,154,163,-0.0807,-0.0239,True,-0.277,False
bigup,mom10,3,max_board_height,-0.0351,-0.0859,-0.0508,-1.81,151,140,-0.0511,-0.0428,True,-0.231,False
bigup,mom10,3,lu_premium_1d,-0.0409,-0.0992,-0.0583,-2.05,152,155,-0.0463,-0.0655,True,-0.262,False
bigup,mom10,5,limit_up_count,-0.0835,-0.0685,0.015,0.52,164,138,0.0093,0.0139,True,0.066,False
bigup,mom10,5,limit_up_count_ma5,-0.0793,-0.0708,0.0085,0.29,165,142,0.0117,0.0018,True,0.037,False
bigup,mom10,5,blow_rate,-0.0537,-0.0765,-0.0228,-0.84,152,163,-0.0505,0.0163,False,-0.107,False
bigup,mom10,5,max_board_height,-0.0331,-0.1074,-0.0743,-2.72,151,140,-0.0824,-0.069,True,-0.347,False
bigup,mom10,5,lu_premium_1d,-0.0465,-0.0996,-0.0532,-2.0,152,153,-0.0392,-0.0629,True,-0.255,False
bigup,mom10,10,limit_up_count,-0.0979,-0.0995,-0.0016,-0.06,160,138,0.005,-0.0217,False,-0.008,False
bigup,mom10,10,limit_up_count_ma5,-0.0758,-0.0978,-0.022,-0.82,163,142,0.002,-0.051,False,-0.105,False
bigup,mom10,10,blow_rate,-0.0517,-0.0973,-0.0456,-1.79,151,160,-0.0412,-0.0279,True,-0.228,False
bigup,mom10,10,max_board_height,-0.039,-0.137,-0.098,-3.88,149,140,-0.0637,-0.1111,True,-0.495,True
bigup,mom10,10,lu_premium_1d,-0.0777,-0.0884,-0.0107,-0.42,151,151,0.0066,-0.0182,False,-0.054,False
bigup,mom20,1,limit_up_count,0.0036,-0.0434,-0.047,-1.59,165,140,-0.0756,-0.0152,True,-0.203,False
bigup,mom20,1,limit_up_count_ma5,0.0095,-0.0367,-0.0462,-1.58,167,142,-0.0582,-0.0326,True,-0.202,False
bigup,mom20,1,blow_rate,-0.01,-0.0237,-0.0137,-0.5,155,164,0.0019,-0.0275,False,-0.064,False
bigup,mom20,1,max_board_height,0.0179,-0.0487,-0.0666,-2.28,151,140,-0.0811,-0.0658,True,-0.291,False
bigup,mom20,1,lu_premium_1d,-0.0208,-0.0374,-0.0166,-0.57,153,156,-0.0556,0.0155,False,-0.073,False
bigup,mom20,3,limit_up_count,-0.0566,-0.0649,-0.0082,-0.26,164,139,-0.0218,0.0011,False,-0.033,False
bigup,mom20,3,limit_up_count_ma5,-0.0644,-0.0832,-0.0188,-0.63,167,142,-0.0203,-0.0191,True,-0.08,False
bigup,mom20,3,blow_rate,-0.0323,-0.0931,-0.0608,-2.11,154,163,-0.0528,-0.0608,True,-0.269,False
bigup,mom20,3,max_board_height,-0.0345,-0.0904,-0.0559,-1.89,151,140,-0.0639,-0.0542,True,-0.241,False
bigup,mom20,3,lu_premium_1d,-0.0764,-0.0774,-0.0009,-0.03,152,155,0.0001,0.0026,True,-0.004,False
bigup,mom20,5,limit_up_count,-0.0889,-0.078,0.0109,0.35,164,138,0.0163,-0.0018,False,0.045,False
bigup,mom20,5,limit_up_count_ma5,-0.0707,-0.0856,-0.0149,-0.5,165,142,0.0179,-0.0524,False,-0.064,False
bigup,mom20,5,blow_rate,-0.0476,-0.0887,-0.0411,-1.41,152,163,-0.0252,-0.0475,True,-0.18,False
bigup,mom20,5,max_board_height,-0.0444,-0.0901,-0.0457,-1.56,151,140,-0.0621,-0.0341,True,-0.199,False
bigup,mom20,5,lu_premium_1d,-0.0773,-0.0689,0.0084,0.29,152,153,-0.0007,0.0222,False,0.037,False
bigup,mom20,10,limit_up_count,-0.0972,-0.0934,0.0038,0.13,160,138,0.0246,-0.0299,False,0.017,False
bigup,mom20,10,limit_up_count_ma5,-0.051,-0.0891,-0.0381,-1.3,163,142,0.0198,-0.1038,False,-0.166,False
bigup,mom20,10,blow_rate,-0.0552,-0.0828,-0.0276,-0.98,151,160,-0.0032,-0.029,True,-0.125,False
bigup,mom20,10,max_board_height,-0.0457,-0.1038,-0.0582,-2.04,149,140,-0.0224,-0.0718,True,-0.26,False
bigup,mom20,10,lu_premium_1d,-0.0935,-0.0558,0.0377,1.32,151,151,0.0347,0.0513,True,0.168,False
bigup,rev5,1,limit_up_count,-0.0194,0.0315,0.0509,1.79,165,140,0.0659,0.0345,True,0.228,False
bigup,rev5,1,limit_up_count_ma5,-0.002,0.041,0.0431,1.56,167,142,0.0788,0.0064,True,0.199,False
bigup,rev5,1,blow_rate,0.0121,0.0159,0.0039,0.15,155,164,0.0182,-0.0119,False,0.019,False
bigup,rev5,1,max_board_height,-0.0177,0.0237,0.0414,1.54,151,140,0.1074,-0.0006,False,0.197,False
bigup,rev5,1,lu_premium_1d,0.0064,0.0394,0.0329,1.24,153,156,0.0373,0.0307,True,0.158,False
bigup,rev5,3,limit_up_count,0.0029,0.0531,0.0501,1.76,164,139,0.0847,0.0166,True,0.225,False
bigup,rev5,3,limit_up_count_ma5,0.0588,0.0728,0.0139,0.49,167,142,0.0856,-0.0597,False,0.063,False
bigup,rev5,3,blow_rate,0.031,0.0702,0.0392,1.46,154,163,0.0448,0.0264,True,0.186,False
bigup,rev5,3,max_board_height,0.0204,0.047,0.0265,0.96,151,140,0.067,-0.0051,False,0.123,False
bigup,rev5,3,lu_premium_1d,0.0243,0.0745,0.0502,1.77,152,155,0.0137,0.0811,True,0.226,False
bigup,rev5,5,limit_up_count,0.0417,0.0441,0.0024,0.09,164,138,0.0561,-0.0567,False,0.011,False
bigup,rev5,5,limit_up_count_ma5,0.0658,0.0566,-0.0091,-0.33,165,142,0.0721,-0.0935,False,-0.042,False
bigup,rev5,5,blow_rate,0.0288,0.0746,0.0459,1.76,152,163,0.0428,0.0491,True,0.225,False
bigup,rev5,5,max_board_height,0.0322,0.0607,0.0285,1.04,151,140,0.0761,-0.0075,False,0.133,False
bigup,rev5,5,lu_premium_1d,0.0257,0.0657,0.04,1.52,152,153,0.0032,0.0731,True,0.194,False
bigup,rev5,10,limit_up_count,0.0519,0.0756,0.0237,0.91,160,138,0.0454,0.0088,True,0.116,False
bigup,rev5,10,limit_up_count_ma5,0.0493,0.0787,0.0293,1.16,163,142,0.0636,-0.0047,False,0.148,False
bigup,rev5,10,blow_rate,0.0479,0.0779,0.03,1.24,151,160,0.0053,0.0375,True,0.158,False
bigup,rev5,10,max_board_height,0.0284,0.0889,0.0605,2.56,149,140,0.0473,0.0541,True,0.327,False
bigup,rev5,10,lu_premium_1d,0.0469,0.0716,0.0247,0.99,151,151,-0.0121,0.0492,False,0.126,False
bigup,std5,1,limit_up_count,0.005,-0.0256,-0.0307,-1.1,165,140,-0.0779,0.0186,False,-0.14,False
bigup,std5,1,limit_up_count_ma5,-0.0125,-0.0359,-0.0235,-0.83,167,142,-0.0714,0.025,False,-0.106,False
bigup,std5,1,blow_rate,-0.0254,-0.0304,-0.005,-0.19,155,164,-0.0046,0.006,False,-0.024,False
bigup,std5,1,max_board_height,-0.012,-0.0229,-0.0109,-0.39,151,140,-0.0226,0.0108,False,-0.05,False
bigup,std5,1,lu_premium_1d,-0.0073,-0.0556,-0.0483,-1.77,153,156,-0.0914,-0.0064,True,-0.226,False
bigup,std5,3,limit_up_count,-0.0404,-0.0341,0.0063,0.23,164,139,-0.0611,0.0792,False,0.029,False
bigup,std5,3,limit_up_count_ma5,-0.024,-0.0608,-0.0368,-1.4,167,142,-0.1239,0.0533,False,-0.179,False
bigup,std5,3,blow_rate,-0.0203,-0.0556,-0.0353,-1.42,154,163,-0.0288,-0.0316,True,-0.181,False
bigup,std5,3,max_board_height,-0.0606,-0.0361,0.0245,0.93,151,140,-0.0133,0.0683,False,0.119,False
bigup,std5,3,lu_premium_1d,-0.033,-0.0525,-0.0195,-0.73,152,155,-0.0549,0.0178,False,-0.093,False
bigup,std5,5,limit_up_count,-0.0324,-0.0354,-0.003,-0.11,164,138,-0.0244,0.0188,False,-0.014,False
bigup,std5,5,limit_up_count_ma5,-0.0215,-0.0436,-0.0221,-0.87,165,142,-0.0821,0.0408,False,-0.111,False
bigup,std5,5,blow_rate,-0.0285,-0.0463,-0.0178,-0.7,152,163,-0.0131,-0.0205,True,-0.089,False
bigup,std5,5,max_board_height,-0.0584,-0.0441,0.0144,0.54,151,140,-0.0132,0.04,False,0.069,False
bigup,std5,5,lu_premium_1d,-0.0364,-0.055,-0.0186,-0.73,152,153,-0.0678,0.0263,False,-0.093,False
bigup,std5,10,limit_up_count,-0.0585,-0.0519,0.0066,0.25,160,138,0.0102,-0.0001,False,0.032,False
bigup,std5,10,limit_up_count_ma5,-0.0544,-0.0648,-0.0104,-0.41,163,142,-0.0157,-0.0049,True,-0.052,False
bigup,std5,10,blow_rate,-0.0313,-0.0733,-0.042,-1.71,151,160,-0.028,-0.0561,True,-0.218,False
bigup,std5,10,max_board_height,-0.066,-0.0621,0.0039,0.15,149,140,-0.0107,0.0198,False,0.019,False
bigup,std5,10,lu_premium_1d,-0.0722,-0.0684,0.0038,0.15,151,151,-0.0456,0.0441,False,0.019,False
bigup,std20,1,limit_up_count,-0.0078,-0.0317,-0.0239,-0.79,165,140,-0.0576,0.013,False,-0.101,False
bigup,std20,1,limit_up_count_ma5,-0.0189,-0.0396,-0.0207,-0.7,167,142,-0.0849,0.0466,False,-0.089,False
bigup,std20,1,blow_rate,-0.0209,-0.0474,-0.0265,-0.98,155,164,-0.0136,-0.0255,True,-0.125,False
bigup,std20,1,max_board_height,-0.0041,-0.0367,-0.0325,-1.13,151,140,-0.0597,-0.0045,True,-0.144,False
bigup,std20,1,lu_premium_1d,-0.0116,-0.0524,-0.0408,-1.41,153,156,-0.0654,-0.0162,True,-0.18,False
bigup,std20,3,limit_up_count,-0.0456,-0.0404,0.0051,0.18,164,139,-0.0536,0.0691,False,0.023,False
bigup,std20,3,limit_up_count_ma5,-0.073,-0.0622,0.0108,0.38,167,142,-0.09,0.1152,False,0.048,False
bigup,std20,3,blow_rate,-0.0282,-0.0818,-0.0535,-1.98,154,163,-0.0266,-0.0682,True,-0.253,False
bigup,std20,3,max_board_height,-0.0626,-0.0434,0.0192,0.67,151,140,-0.0329,0.0722,False,0.086,False
bigup,std20,3,lu_premium_1d,-0.0526,-0.0555,-0.0029,-0.1,152,155,-0.0089,0.0064,False,-0.013,False
bigup,std20,5,limit_up_count,-0.0471,-0.059,-0.0119,-0.41,164,138,-0.0411,0.0179,False,-0.052,False
bigup,std20,5,limit_up_count_ma5,-0.0634,-0.0625,0.0008,0.03,165,142,-0.0734,0.0783,False,0.004,False
bigup,std20,5,blow_rate,-0.0218,-0.0905,-0.0687,-2.6,152,163,-0.0304,-0.1001,True,-0.332,False
bigup,std20,5,max_board_height,-0.0588,-0.052,0.0068,0.24,151,140,-0.0395,0.0506,False,0.031,False
bigup,std20,5,lu_premium_1d,-0.0435,-0.0596,-0.0162,-0.58,152,153,-0.036,0.0042,False,-0.074,False
bigup,std20,10,limit_up_count,-0.0736,-0.0793,-0.0058,-0.2,160,138,-0.0057,-0.0124,True,-0.026,False
bigup,std20,10,limit_up_count_ma5,-0.0654,-0.0832,-0.0178,-0.66,163,142,-0.0162,-0.0209,True,-0.084,False
bigup,std20,10,blow_rate,-0.0379,-0.0995,-0.0616,-2.43,151,160,-0.0262,-0.0839,True,-0.31,False
bigup,std20,10,max_board_height,-0.0674,-0.0753,-0.0079,-0.28,149,140,-0.0352,0.0274,False,-0.036,False
bigup,std20,10,lu_premium_1d,-0.064,-0.0695,-0.0055,-0.2,151,151,-0.0464,0.033,False,-0.026,False
bigup,amp5,1,limit_up_count,-0.0555,-0.0841,-0.0285,-0.95,164,138,-0.0595,-0.0,True,-0.121,False
bigup,amp5,1,limit_up_count_ma5,-0.0797,-0.0635,0.0162,0.56,167,140,0.0073,0.0234,True,0.071,False
bigup,amp5,1,blow_rate,-0.101,-0.0818,0.0192,0.68,154,163,0.0484,0.0079,True,0.087,False
bigup,amp5,1,max_board_height,-0.0511,-0.0787,-0.0276,-0.97,151,138,-0.0418,-0.0068,True,-0.124,False
bigup,amp5,1,lu_premium_1d,-0.0583,-0.0986,-0.0403,-1.34,153,154,-0.1273,0.0482,False,-0.171,False
bigup,amp5,3,limit_up_count,-0.1152,-0.0821,0.0331,1.16,163,137,0.0275,0.0367,True,0.148,False
bigup,amp5,3,limit_up_count_ma5,-0.1442,-0.0729,0.0713,2.61,167,140,0.0578,0.0832,True,0.333,False
bigup,amp5,3,blow_rate,-0.1026,-0.1217,-0.0192,-0.73,153,162,-0.0079,-0.0198,True,-0.093,False
bigup,amp5,3,max_board_height,-0.1193,-0.0645,0.0548,2.07,151,138,0.0573,0.0544,True,0.264,False
bigup,amp5,3,lu_premium_1d,-0.0834,-0.1103,-0.0269,-0.99,152,153,-0.0879,0.0357,False,-0.126,False
bigup,amp5,5,limit_up_count,-0.1261,-0.0724,0.0537,1.82,163,136,0.079,0.0206,True,0.232,False
bigup,amp5,5,limit_up_count_ma5,-0.1441,-0.0507,0.0934,3.39,165,140,0.1037,0.0806,True,0.433,True
bigup,amp5,5,blow_rate,-0.0965,-0.1202,-0.0237,-0.87,151,162,0.0165,-0.0566,False,-0.111,False
bigup,amp5,5,max_board_height,-0.108,-0.0581,0.0498,1.86,151,138,0.0639,0.0375,True,0.237,False
bigup,amp5,5,lu_premium_1d,-0.0754,-0.0973,-0.0219,-0.81,152,151,-0.081,0.0404,False,-0.103,False
bigup,amp5,10,limit_up_count,-0.102,-0.0764,0.0256,0.93,159,136,0.042,-0.0,False,0.119,False
bigup,amp5,10,limit_up_count_ma5,-0.0956,-0.0697,0.026,1.01,163,140,0.0502,-0.0013,False,0.129,False
bigup,amp5,10,blow_rate,-0.0786,-0.0974,-0.0188,-0.76,150,159,0.0287,-0.0504,False,-0.097,False
bigup,amp5,10,max_board_height,-0.0869,-0.072,0.0149,0.55,149,138,0.0425,0.0048,True,0.07,False
bigup,amp5,10,lu_premium_1d,-0.0798,-0.0633,0.0165,0.61,151,149,-0.0391,0.0753,False,0.078,False
bigup,to_level,1,limit_up_count,-0.0544,-0.084,-0.0296,-1.01,159,137,-0.0827,0.0238,False,-0.129,False
bigup,to_level,1,limit_up_count_ma5,-0.066,-0.0716,-0.0056,-0.2,159,141,-0.0337,0.0227,False,-0.026,False
bigup,to_level,1,blow_rate,-0.0603,-0.0778,-0.0175,-0.66,146,161,-0.0045,-0.0245,True,-0.084,False
bigup,to_level,1,max_board_height,-0.0591,-0.0684,-0.0093,-0.33,143,139,-0.0888,0.0598,False,-0.042,False
bigup,to_level,1,lu_premium_1d,-0.0235,-0.1006,-0.0771,-2.78,147,150,-0.153,-0.0107,True,-0.355,False
bigup,to_level,3,limit_up_count,-0.0848,-0.0936,-0.0089,-0.31,158,136,-0.0922,0.0851,False,-0.04,False
bigup,to_level,3,limit_up_count_ma5,-0.1206,-0.0858,0.0348,1.23,159,141,-0.0028,0.0737,False,0.157,False
bigup,to_level,3,blow_rate,-0.0735,-0.0844,-0.0108,-0.4,145,160,0.0066,-0.0258,False,-0.051,False
bigup,to_level,3,max_board_height,-0.1314,-0.0564,0.075,2.6,143,139,-0.0341,0.1645,False,0.332,False
bigup,to_level,3,lu_premium_1d,-0.0775,-0.0897,-0.0122,-0.43,146,149,-0.0602,0.0258,False,-0.055,False
bigup,to_level,5,limit_up_count,-0.0857,-0.1086,-0.0229,-0.8,158,135,-0.0695,0.0259,False,-0.102,False
bigup,to_level,5,limit_up_count_ma5,-0.0896,-0.106,-0.0164,-0.56,157,141,-0.0169,-0.0183,True,-0.071,False
bigup,to_level,5,blow_rate,-0.0693,-0.1141,-0.0448,-1.63,143,160,-0.0155,-0.0635,True,-0.208,False
bigup,to_level,5,max_board_height,-0.106,-0.0632,0.0428,1.49,143,139,-0.0284,0.1047,False,0.19,False
bigup,to_level,5,lu_premium_1d,-0.0692,-0.0976,-0.0284,-1.03,146,147,-0.0714,0.0111,False,-0.131,False
bigup,to_level,10,limit_up_count,-0.0875,-0.1185,-0.0309,-1.03,154,135,-0.0721,0.0047,False,-0.131,False
bigup,to_level,10,limit_up_count_ma5,-0.0682,-0.1206,-0.0524,-1.79,155,141,-0.0365,-0.0742,True,-0.228,False
bigup,to_level,10,blow_rate,-0.0687,-0.1249,-0.0562,-2.06,142,157,-0.0095,-0.0795,True,-0.263,False
bigup,to_level,10,max_board_height,-0.0848,-0.0988,-0.014,-0.47,141,139,-0.0313,0.0233,False,-0.06,False
bigup,to_level,10,lu_premium_1d,-0.075,-0.096,-0.021,-0.71,145,145,-0.0676,0.0263,False,-0.091,False
bigup,to_trend,1,limit_up_count,-0.0439,-0.0875,-0.0436,-1.55,159,137,-0.0447,-0.0434,True,-0.198,False
bigup,to_trend,1,limit_up_count_ma5,-0.0569,-0.0546,0.0023,0.08,159,141,-0.0046,0.0107,False,0.01,False
bigup,to_trend,1,blow_rate,-0.0913,-0.0347,0.0567,2.19,146,161,0.0359,0.0746,True,0.28,False
bigup,to_trend,1,max_board_height,-0.0666,-0.067,-0.0005,-0.02,143,139,0.0267,-0.0251,False,-0.003,False
bigup,to_trend,1,lu_premium_1d,-0.0605,-0.0581,0.0024,0.09,147,150,-0.0265,0.0242,False,0.011,False
bigup,to_trend,3,limit_up_count,-0.0332,-0.0741,-0.0409,-1.48,158,136,-0.0303,-0.0559,True,-0.189,False
bigup,to_trend,3,limit_up_count_ma5,-0.0195,-0.0603,-0.0408,-1.47,159,141,-0.0443,-0.0355,True,-0.188,False
bigup,to_trend,3,blow_rate,-0.0876,-0.0396,0.048,1.86,145,160,-0.0121,0.0964,False,0.237,False
bigup,to_trend,3,max_board_height,-0.0716,-0.0711,0.0005,0.02,143,139,0.0216,-0.0225,False,0.003,False
bigup,to_trend,3,lu_premium_1d,-0.0457,-0.0623,-0.0165,-0.6,146,149,-0.0335,-0.0051,True,-0.077,False
bigup,to_trend,5,limit_up_count,-0.0504,-0.0282,0.0222,0.76,158,135,0.031,0.0073,True,0.097,False
bigup,to_trend,5,limit_up_count_ma5,-0.0272,-0.0284,-0.0012,-0.04,157,141,-0.0086,0.0064,False,-0.005,False
bigup,to_trend,5,blow_rate,-0.0654,-0.023,0.0424,1.56,143,160,-0.0077,0.0875,False,0.199,False
bigup,to_trend,5,max_board_height,-0.0565,-0.0595,-0.003,-0.11,143,139,0.0332,-0.037,False,-0.014,False
bigup,to_trend,5,lu_premium_1d,-0.0493,-0.0339,0.0154,0.53,146,147,0.0069,0.0245,True,0.068,False
bigup,to_trend,10,limit_up_count,-0.0616,-0.0189,0.0427,1.43,154,135,0.0657,0.0078,True,0.183,False
bigup,to_trend,10,limit_up_count_ma5,-0.0543,-0.0261,0.0282,0.97,155,141,0.0351,0.0193,True,0.124,False
bigup,to_trend,10,blow_rate,-0.055,-0.0348,0.0202,0.77,142,157,-0.0004,0.0448,False,0.098,False
bigup,to_trend,10,max_board_height,-0.049,-0.0504,-0.0014,-0.05,141,139,0.0793,-0.0506,False,-0.006,False
bigup,to_trend,10,lu_premium_1d,-0.0574,-0.0327,0.0247,0.85,145,145,0.0727,-0.0107,False,0.108,False
bigup,amihud20,1,limit_up_count,-0.0171,0.019,0.036,1.33,165,140,0.0283,0.0416,True,0.17,False
bigup,amihud20,1,limit_up_count_ma5,-0.0141,0.0153,0.0294,1.12,167,142,0.0219,0.0369,True,0.143,False
bigup,amihud20,1,blow_rate,-0.0021,-0.0018,0.0003,0.01,155,164,0.0086,-0.005,False,0.001,False
bigup,amihud20,1,max_board_height,-0.0015,0.0036,0.0051,0.19,151,140,0.0321,-0.0289,False,0.024,False
bigup,amihud20,1,lu_premium_1d,-0.0102,0.0222,0.0324,1.22,153,156,0.095,-0.0245,False,0.156,False
bigup,amihud20,3,limit_up_count,0.0044,0.0243,0.02,0.73,164,139,0.029,0.0059,True,0.093,False
bigup,amihud20,3,limit_up_count_ma5,0.0192,0.016,-0.0032,-0.12,167,142,-0.0218,0.0161,False,-0.015,False
bigup,amihud20,3,blow_rate,-0.0081,0.0116,0.0197,0.83,154,163,0.0301,0.0175,True,0.106,False
bigup,amihud20,3,max_board_height,0.032,0.0068,-0.0251,-0.99,151,140,0.0445,-0.081,False,-0.126,False
bigup,amihud20,3,lu_premium_1d,0.0182,0.0189,0.0007,0.03,152,155,0.0783,-0.066,False,0.004,False
bigup,amihud20,5,limit_up_count,0.0117,0.0249,0.0132,0.49,164,138,0.0121,0.0119,True,0.063,False
bigup,amihud20,5,limit_up_count_ma5,-0.0,0.028,0.028,1.09,165,142,-0.0101,0.069,False,0.139,False
bigup,amihud20,5,blow_rate,-0.0106,0.0352,0.0458,1.87,152,163,0.0626,0.0395,True,0.239,False
bigup,amihud20,5,max_board_height,0.0234,-0.0034,-0.0268,-1.08,151,140,0.0186,-0.0631,False,-0.138,False
bigup,amihud20,5,lu_premium_1d,0.0177,0.0325,0.0148,0.57,152,153,0.0684,-0.033,False,0.073,False
bigup,amihud20,10,limit_up_count,-0.0204,0.0657,0.0861,3.26,160,138,0.0998,0.071,True,0.416,False
bigup,amihud20,10,limit_up_count_ma5,-0.0466,0.0481,0.0947,3.79,163,142,0.1113,0.0771,True,0.484,True
bigup,amihud20,10,blow_rate,0.0072,0.0065,-0.0007,-0.03,151,160,0.019,-0.031,False,-0.004,False
bigup,amihud20,10,max_board_height,0.019,0.0148,-0.0042,-0.17,149,140,0.0195,-0.0317,False,-0.022,False
bigup,amihud20,10,lu_premium_1d,0.0239,0.0116,-0.0123,-0.49,151,151,0.0539,-0.0769,False,-0.063,False
bigup,vp_div,1,limit_up_count,0.0491,0.096,0.0469,1.71,165,140,0.0522,0.0444,True,0.218,False
bigup,vp_div,1,limit_up_count_ma5,0.0589,0.0599,0.001,0.04,167,142,0.011,-0.0099,False,0.005,False
bigup,vp_div,1,blow_rate,0.0933,0.0407,-0.0526,-2.11,155,164,-0.0324,-0.0739,True,-0.269,False
bigup,vp_div,1,max_board_height,0.0671,0.0737,0.0066,0.25,151,140,-0.0111,0.0234,False,0.032,False
bigup,vp_div,1,lu_premium_1d,0.066,0.0674,0.0014,0.05,153,156,0.0247,-0.0208,False,0.006,False
bigup,vp_div,3,limit_up_count,0.0352,0.0752,0.04,1.47,164,139,0.0293,0.0571,True,0.188,False
bigup,vp_div,3,limit_up_count_ma5,0.0206,0.0584,0.0378,1.38,167,142,0.0369,0.0379,True,0.176,False
bigup,vp_div,3,blow_rate,0.0875,0.0392,-0.0483,-1.93,154,163,0.0081,-0.0974,False,-0.246,False
bigup,vp_div,3,max_board_height,0.0684,0.0662,-0.0022,-0.08,151,140,-0.0198,0.0216,False,-0.01,False
bigup,vp_div,3,lu_premium_1d,0.0479,0.0619,0.014,0.52,152,155,0.0241,0.0061,True,0.066,False
bigup,vp_div,5,limit_up_count,0.0523,0.0384,-0.014,-0.49,164,138,-0.0158,-0.0036,True,-0.063,False
bigup,vp_div,5,limit_up_count_ma5,0.0274,0.0329,0.0055,0.19,165,142,0.0159,-0.005,False,0.024,False
bigup,vp_div,5,blow_rate,0.0727,0.0247,-0.048,-1.81,152,163,-0.0068,-0.0924,True,-0.231,False
bigup,vp_div,5,max_board_height,0.0535,0.0609,0.0074,0.27,151,140,-0.0194,0.0361,False,0.034,False
bigup,vp_div,5,lu_premium_1d,0.053,0.0377,-0.0152,-0.54,152,153,-0.0051,-0.0283,True,-0.069,False
bigup,vp_div,10,limit_up_count,0.065,0.0383,-0.0267,-0.92,160,138,-0.0308,-0.0094,True,-0.117,False
bigup,vp_div,10,limit_up_count_ma5,0.0545,0.0381,-0.0164,-0.58,163,142,-0.0099,-0.0214,True,-0.074,False
bigup,vp_div,10,blow_rate,0.0594,0.0426,-0.0167,-0.65,151,160,0.0003,-0.0452,False,-0.083,False
bigup,vp_div,10,max_board_height,0.0438,0.0608,0.017,0.66,149,140,-0.0457,0.0512,False,0.084,False
bigup,vp_div,10,lu_premium_1d,0.0594,0.0419,-0.0174,-0.62,151,151,-0.0564,0.0105,False,-0.079,False
bigup,gap,1,limit_up_count,0.0821,0.0976,0.0155,0.54,165,140,0.0164,0.0244,True,0.069,False
bigup,gap,1,limit_up_count_ma5,0.0883,0.0655,-0.0229,-0.8,167,142,-0.0477,0.0061,False,-0.102,False
bigup,gap,1,blow_rate,0.0735,0.063,-0.0105,-0.39,155,164,-0.0228,-0.0164,True,-0.05,False
bigup,gap,1,max_board_height,0.0639,0.0769,0.0131,0.47,151,140,-0.0149,0.015,False,0.06,False
bigup,gap,1,lu_premium_1d,0.0389,0.079,0.0401,1.41,153,156,0.0671,0.0053,True,0.18,False
bigup,gap,3,limit_up_count,0.0845,0.0837,-0.0008,-0.03,164,139,-0.0322,0.0376,False,-0.004,False
bigup,gap,3,limit_up_count_ma5,0.0998,0.0351,-0.0647,-2.14,167,142,-0.0981,-0.0273,True,-0.273,False
bigup,gap,3,blow_rate,0.0888,0.0504,-0.0384,-1.39,154,163,-0.0077,-0.0803,True,-0.177,False
bigup,gap,3,max_board_height,0.0852,0.0668,-0.0184,-0.64,151,140,-0.0656,-0.0011,True,-0.082,False
bigup,gap,3,lu_premium_1d,0.0451,0.0782,0.0331,1.13,152,155,0.0496,0.0085,True,0.144,False
bigup,gap,5,limit_up_count,0.0832,0.0673,-0.0159,-0.55,164,138,-0.0559,0.0307,False,-0.07,False
bigup,gap,5,limit_up_count_ma5,0.0816,0.0283,-0.0533,-1.91,165,142,-0.0852,-0.0184,True,-0.244,False
bigup,gap,5,blow_rate,0.0715,0.044,-0.0275,-1.04,152,163,0.0057,-0.0571,False,-0.133,False
bigup,gap,5,max_board_height,0.0852,0.0522,-0.033,-1.22,151,140,-0.0218,-0.0451,True,-0.156,False
bigup,gap,5,lu_premium_1d,0.0421,0.0641,0.022,0.77,152,153,0.0598,-0.0165,False,0.098,False
bigup,gap,10,limit_up_count,0.0657,0.0557,-0.01,-0.34,160,138,-0.0494,0.0342,False,-0.043,False
bigup,gap,10,limit_up_count_ma5,0.0689,0.0232,-0.0457,-1.61,163,142,-0.0844,-0.0049,True,-0.205,False
bigup,gap,10,blow_rate,0.0369,0.0363,-0.0006,-0.02,151,160,0.0199,-0.0052,False,-0.003,False
bigup,gap,10,max_board_height,0.0694,0.0444,-0.025,-0.89,149,140,-0.0209,-0.0242,True,-0.114,False
bigup,gap,10,lu_premium_1d,0.0239,0.0511,0.0272,0.93,151,151,0.0601,0.0004,True,0.119,False
bigup,c2l5,1,limit_up_count,-0.0665,-0.0911,-0.0246,-0.87,165,140,-0.0404,-0.0117,True,-0.111,False
bigup,c2l5,1,limit_up_count_ma5,-0.0861,-0.067,0.0191,0.69,167,142,0.0359,-0.0011,False,0.088,False
bigup,c2l5,1,blow_rate,-0.0842,-0.0767,0.0074,0.28,155,164,0.019,0.0108,True,0.036,False
bigup,c2l5,1,max_board_height,-0.0433,-0.073,-0.0297,-1.12,151,140,-0.0157,-0.0335,True,-0.143,False
bigup,c2l5,1,lu_premium_1d,-0.06,-0.0912,-0.0312,-1.1,153,156,-0.0857,0.029,False,-0.14,False
bigup,c2l5,3,limit_up_count,-0.1166,-0.086,0.0306,1.07,164,139,0.0298,0.0274,True,0.137,False
bigup,c2l5,3,limit_up_count_ma5,-0.15,-0.0787,0.0714,2.59,167,142,0.0684,0.0718,True,0.331,False
bigup,c2l5,3,blow_rate,-0.0878,-0.1148,-0.027,-1.03,154,163,-0.0209,-0.0206,True,-0.131,False
bigup,c2l5,3,max_board_height,-0.1016,-0.0634,0.0383,1.43,151,140,0.0446,0.0437,True,0.183,False
bigup,c2l5,3,lu_premium_1d,-0.0781,-0.1065,-0.0284,-1.07,152,155,-0.069,0.0214,False,-0.137,False
bigup,c2l5,5,limit_up_count,-0.1297,-0.0726,0.057,1.99,164,138,0.0826,0.0239,True,0.254,False
bigup,c2l5,5,limit_up_count_ma5,-0.1525,-0.0514,0.1011,3.7,165,142,0.1026,0.097,True,0.472,True
bigup,c2l5,5,blow_rate,-0.0817,-0.1097,-0.028,-1.04,152,163,0.0131,-0.0623,False,-0.133,False
bigup,c2l5,5,max_board_height,-0.0903,-0.061,0.0293,1.12,151,140,0.0262,0.0377,True,0.143,False
bigup,c2l5,5,lu_premium_1d,-0.0616,-0.1081,-0.0465,-1.78,152,153,-0.0971,0.0093,False,-0.227,False
bigup,c2l5,10,limit_up_count,-0.1341,-0.0917,0.0424,1.57,160,138,0.0529,0.022,True,0.2,False
bigup,c2l5,10,limit_up_count_ma5,-0.1337,-0.0797,0.054,2.16,163,142,0.073,0.0309,True,0.276,False
bigup,c2l5,10,blow_rate,-0.0779,-0.1175,-0.0396,-1.63,151,160,0.0261,-0.0899,False,-0.208,False
bigup,c2l5,10,max_board_height,-0.1033,-0.0864,0.0169,0.64,149,140,0.024,0.0353,True,0.082,False
bigup,c2l5,10,lu_premium_1d,-0.0909,-0.0943,-0.0034,-0.14,151,151,-0.046,0.0456,False,-0.018,False
bigup,winner_ratio,1,limit_up_count,0.0194,0.0432,0.0238,0.93,165,140,0.0429,0.0027,True,0.119,False
bigup,winner_ratio,1,limit_up_count_ma5,0.0511,0.0182,-0.0329,-1.28,167,142,0.0134,-0.0797,False,-0.163,False
bigup,winner_ratio,1,blow_rate,0.0387,0.0413,0.0026,0.11,155,164,-0.0168,0.0031,False,0.014,False
bigup,winner_ratio,1,max_board_height,0.0542,0.0294,-0.0248,-0.94,151,140,-0.0134,-0.0429,True,-0.12,False
bigup,winner_ratio,1,lu_premium_1d,0.0167,0.0574,0.0406,1.6,153,156,0.0746,0.0084,True,0.204,False
bigup,winner_ratio,3,limit_up_count,0.0301,0.0234,-0.0067,-0.26,164,139,0.0315,-0.0557,False,-0.033,False
bigup,winner_ratio,3,limit_up_count_ma5,0.0186,0.0194,0.0008,0.03,167,142,0.0386,-0.0391,False,0.004,False
bigup,winner_ratio,3,blow_rate,0.0373,0.0258,-0.0115,-0.45,154,163,-0.0151,-0.0043,True,-0.057,False
bigup,winner_ratio,3,max_board_height,0.0528,0.0307,-0.0221,-0.82,151,140,0.0049,-0.0361,False,-0.105,False
bigup,winner_ratio,3,lu_premium_1d,0.0397,0.0321,-0.0077,-0.29,152,155,0.04,-0.0474,False,-0.037,False
bigup,winner_ratio,5,limit_up_count,-0.0135,0.0284,0.0418,1.67,164,138,0.0459,0.0348,True,0.213,False
bigup,winner_ratio,5,limit_up_count_ma5,-0.0317,0.0175,0.0491,2.05,165,142,0.044,0.0544,True,0.262,False
bigup,winner_ratio,5,blow_rate,0.0209,0.0093,-0.0116,-0.48,152,163,0.0212,-0.0412,False,-0.061,False
bigup,winner_ratio,5,max_board_height,0.0403,0.0198,-0.0206,-0.78,151,140,-0.0269,-0.0126,True,-0.1,False
bigup,winner_ratio,5,lu_premium_1d,0.0363,-0.0115,-0.0478,-1.96,152,153,-0.0113,-0.0797,True,-0.25,False
bigup,winner_ratio,10,limit_up_count,-0.0117,0.0306,0.0423,1.6,160,138,0.0443,0.0397,True,0.204,False
bigup,winner_ratio,10,limit_up_count_ma5,-0.0207,0.016,0.0367,1.43,163,142,0.0543,0.0177,True,0.183,False
bigup,winner_ratio,10,blow_rate,0.0195,-0.0026,-0.0222,-0.88,151,160,0.0238,-0.0732,False,-0.112,False
bigup,winner_ratio,10,max_board_height,0.0117,0.0293,0.0177,0.65,149,140,0.0098,0.0279,True,0.083,False
bigup,winner_ratio,10,lu_premium_1d,0.0183,0.0084,-0.0099,-0.38,151,151,0.0025,-0.0188,False,-0.048,False
bigup,cost_bias,1,limit_up_count,0.0245,0.0217,-0.0027,-0.11,165,140,-0.0099,0.0009,False,-0.014,False
bigup,cost_bias,1,limit_up_count_ma5,0.0335,0.0017,-0.0318,-1.35,167,142,-0.0218,-0.0428,True,-0.172,False
bigup,cost_bias,1,blow_rate,0.051,0.0046,-0.0465,-2.01,155,164,-0.0023,-0.0941,True,-0.257,False
bigup,cost_bias,1,max_board_height,0.0616,0.0023,-0.0593,-2.56,151,140,-0.0372,-0.0673,True,-0.327,False
bigup,cost_bias,1,lu_premium_1d,0.0162,0.0266,0.0104,0.45,153,156,0.0631,-0.0323,False,0.057,False
bigup,cost_bias,3,limit_up_count,0.0068,-0.0086,-0.0153,-0.62,164,139,-0.0434,0.0082,False,-0.079,False
bigup,cost_bias,3,limit_up_count_ma5,-0.0008,-0.0206,-0.0198,-0.83,167,142,-0.0135,-0.0273,True,-0.106,False
bigup,cost_bias,3,blow_rate,0.0425,-0.0313,-0.0738,-3.18,154,163,-0.0276,-0.1158,True,-0.406,False
bigup,cost_bias,3,max_board_height,0.0449,-0.0164,-0.0613,-2.5,151,140,-0.0458,-0.057,True,-0.319,False
bigup,cost_bias,3,lu_premium_1d,0.0005,0.0007,0.0003,0.01,152,155,0.0441,-0.0308,False,0.001,False
bigup,cost_bias,5,limit_up_count,-0.0121,-0.0029,0.0092,0.38,164,138,-0.0178,0.0367,False,0.048,False
bigup,cost_bias,5,limit_up_count_ma5,-0.032,-0.0097,0.0223,0.95,165,142,0.0163,0.0289,True,0.121,False
bigup,cost_bias,5,blow_rate,0.0164,-0.0168,-0.0332,-1.43,152,163,0.0084,-0.0775,False,-0.183,False
bigup,cost_bias,5,max_board_height,0.0322,-0.0182,-0.0504,-2.07,151,140,-0.0419,-0.0443,True,-0.264,False
bigup,cost_bias,5,lu_premium_1d,0.0041,-0.0085,-0.0127,-0.52,152,153,0.0327,-0.0523,False,-0.066,False
bigup,cost_bias,10,limit_up_count,-0.0122,0.0139,0.026,1.05,160,138,0.0258,0.0259,True,0.134,False
bigup,cost_bias,10,limit_up_count_ma5,-0.0186,0.0025,0.0211,0.86,163,142,0.0368,0.0051,True,0.11,False
bigup,cost_bias,10,blow_rate,0.0171,-0.0152,-0.0324,-1.32,151,160,-0.0016,-0.0765,True,-0.168,False
bigup,cost_bias,10,max_board_height,0.0198,0.0056,-0.0142,-0.56,149,140,-0.0333,0.0135,False,-0.071,False
bigup,cost_bias,10,lu_premium_1d,0.0139,0.0152,0.0013,0.06,151,151,0.0465,-0.0397,False,0.008,False
bigup,up_days,1,limit_up_count,0.0006,0.0026,0.0021,0.08,165,140,0.0221,-0.0247,False,0.01,False
bigup,up_days,1,limit_up_count_ma5,0.0146,-0.0065,-0.0211,-0.88,167,142,-0.0228,-0.0199,True,-0.112,False
bigup,up_days,1,blow_rate,0.0092,0.0134,0.0042,0.18,155,164,-0.0226,0.0253,False,0.023,False
bigup,up_days,1,max_board_height,0.0311,-0.0065,-0.0375,-1.47,151,140,-0.0455,-0.0441,True,-0.188,False
bigup,up_days,1,lu_premium_1d,-0.0122,0.0209,0.0331,1.35,153,156,0.0468,0.0198,True,0.172,False
bigup,up_days,3,limit_up_count,-0.0043,-0.0066,-0.0023,-0.09,164,139,0.0141,-0.0257,False,-0.011,False
bigup,up_days,3,limit_up_count_ma5,-0.0211,-0.0123,0.0088,0.35,167,142,0.0129,0.004,True,0.045,False
bigup,up_days,3,blow_rate,-0.0051,0.0018,0.0069,0.29,154,163,-0.0076,0.0293,False,0.037,False
bigup,up_days,3,max_board_height,0.0501,-0.0103,-0.0605,-2.38,151,140,-0.0538,-0.0801,True,-0.304,False
bigup,up_days,3,lu_premium_1d,0.0145,-0.0142,-0.0287,-1.19,152,155,-0.0039,-0.0547,True,-0.152,False
bigup,up_days,5,limit_up_count,-0.0275,-0.0192,0.0083,0.32,164,138,-0.0023,0.0202,False,0.041,False
bigup,up_days,5,limit_up_count_ma5,-0.035,-0.0284,0.0067,0.28,165,142,-0.0078,0.0226,False,0.036,False
bigup,up_days,5,blow_rate,-0.018,-0.0255,-0.0075,-0.31,152,163,-0.0211,0.0123,False,-0.04,False
bigup,up_days,5,max_board_height,0.0265,-0.0339,-0.0604,-2.42,151,140,-0.0509,-0.0811,True,-0.309,False
bigup,up_days,5,lu_premium_1d,0.0033,-0.0296,-0.0329,-1.37,152,153,-0.0002,-0.064,True,-0.175,False
bigup,up_days,10,limit_up_count,-0.038,-0.017,0.021,0.81,160,138,-0.0017,0.0431,False,0.103,False
bigup,up_days,10,limit_up_count_ma5,-0.0283,-0.0219,0.0064,0.26,163,142,-0.0209,0.034,False,0.033,False
bigup,up_days,10,blow_rate,-0.0089,-0.0288,-0.0199,-0.83,151,160,-0.0222,-0.0045,True,-0.106,False
bigup,up_days,10,max_board_height,0.02,-0.0243,-0.0443,-1.76,149,140,-0.0351,-0.0535,True,-0.225,False
bigup,up_days,10,lu_premium_1d,0.0122,-0.0269,-0.0392,-1.58,151,151,-0.0142,-0.056,True,-0.202,False
bigdn,mom5,1,limit_up_count,0.0353,-0.0173,-0.0526,-1.41,69,87,-0.0763,-0.0342,True,-0.18,False
bigdn,mom5,1,limit_up_count_ma5,0.0253,-0.0155,-0.0409,-0.96,67,85,-0.0596,-0.0192,True,-0.123,False
bigdn,mom5,1,blow_rate,-0.0228,0.0596,0.0824,2.02,79,69,0.1352,0.0541,True,0.258,False
bigdn,mom5,1,max_board_height,-0.0011,0.0051,0.0062,0.15,54,93,-0.0168,0.005,False,0.019,False
bigdn,mom5,1,lu_premium_1d,0.034,-0.0366,-0.0705,-1.76,77,87,-0.0433,-0.1058,True,-0.225,False
bigdn,mom5,3,limit_up_count,0.0324,0.0193,-0.0132,-0.36,69,86,0.0126,-0.0391,False,-0.046,False
bigdn,mom5,3,limit_up_count_ma5,0.0087,0.0069,-0.0017,-0.04,67,85,0.0727,-0.0573,False,-0.005,False
bigdn,mom5,3,blow_rate,0.0081,0.0391,0.031,0.83,78,69,0.001,0.0844,True,0.106,False
bigdn,mom5,3,max_board_height,-0.0067,0.057,0.0637,1.83,54,93,0.1339,0.0499,True,0.234,False
bigdn,mom5,3,lu_premium_1d,0.0272,-0.0062,-0.0335,-0.93,77,86,-0.0041,-0.0443,True,-0.119,False
bigdn,mom5,5,limit_up_count,0.03,0.0379,0.008,0.21,69,85,0.0354,-0.0151,False,0.027,False
bigdn,mom5,5,limit_up_count_ma5,0.0365,0.0239,-0.0126,-0.3,65,85,0.0441,-0.0508,False,-0.038,False
bigdn,mom5,5,blow_rate,0.0117,0.0496,0.0379,0.94,76,69,0.0376,0.0662,True,0.12,False
bigdn,mom5,5,max_board_height,0.0212,0.0741,0.0528,1.34,54,93,0.1334,0.0205,True,0.171,False
bigdn,mom5,5,lu_premium_1d,0.085,-0.0074,-0.0924,-2.42,77,84,-0.0803,-0.0969,True,-0.309,False
bigdn,mom5,10,limit_up_count,0.0618,0.0432,-0.0185,-0.47,69,85,-0.0176,-0.0206,True,-0.06,False
bigdn,mom5,10,limit_up_count_ma5,0.0865,0.0672,-0.0192,-0.47,65,85,0.0168,-0.0427,False,-0.06,False
bigdn,mom5,10,blow_rate,0.0189,0.1138,0.0948,2.34,76,69,0.0722,0.1246,True,0.299,False
bigdn,mom5,10,max_board_height,0.0548,0.0725,0.0177,0.44,54,93,0.1109,-0.0353,False,0.056,False
bigdn,mom5,10,lu_premium_1d,0.0777,0.048,-0.0298,-0.82,77,84,0.0019,-0.0492,False,-0.105,False
bigdn,mom10,1,limit_up_count,0.0003,-0.0182,-0.0184,-0.41,69,87,-0.0482,0.0068,False,-0.052,False
bigdn,mom10,1,limit_up_count_ma5,-0.0181,-0.0271,-0.009,-0.2,67,85,-0.0509,0.0158,False,-0.026,False
bigdn,mom10,1,blow_rate,-0.0403,-0.0103,0.03,0.64,79,69,0.0509,0.0049,True,0.082,False
bigdn,mom10,1,max_board_height,-0.0273,-0.0281,-0.0008,-0.02,54,93,0.0001,-0.0178,False,-0.003,False
bigdn,mom10,1,lu_premium_1d,-0.0171,-0.0396,-0.0226,-0.56,77,87,-0.0153,-0.0387,True,-0.071,False
bigdn,mom10,3,limit_up_count,-0.0084,0.0089,0.0173,0.4,69,86,-0.0417,0.0468,False,0.051,False
bigdn,mom10,3,limit_up_count_ma5,0.011,-0.0298,-0.0408,-0.94,67,85,-0.0306,-0.0608,True,-0.12,False
bigdn,mom10,3,blow_rate,0.0051,-0.0318,-0.0369,-0.83,78,69,0.089,-0.0929,False,-0.106,False
bigdn,mom10,3,max_board_height,0.0254,-0.0136,-0.039,-0.85,54,93,-0.0574,-0.005,True,-0.108,False
bigdn,mom10,3,lu_premium_1d,0.0088,-0.0108,-0.0196,-0.45,77,86,0.0425,-0.0564,False,-0.057,False
bigdn,mom10,5,limit_up_count,-0.0023,0.0038,0.006,0.14,69,85,0.0157,-0.0106,False,0.018,False
bigdn,mom10,5,limit_up_count_ma5,0.0127,-0.0362,-0.0489,-1.22,65,85,0.0525,-0.1131,False,-0.156,False
bigdn,mom10,5,blow_rate,0.0051,-0.0211,-0.0262,-0.63,76,69,0.0446,-0.0469,False,-0.08,False
bigdn,mom10,5,max_board_height,0.0107,-0.0032,-0.0139,-0.34,54,93,0.0,-0.0241,False,-0.043,False
bigdn,mom10,5,lu_premium_1d,0.017,-0.0251,-0.0421,-1.07,77,84,-0.0684,-0.0201,True,-0.137,False
bigdn,mom10,10,limit_up_count,-0.0247,-0.0344,-0.0097,-0.21,69,85,-0.0954,0.0414,False,-0.027,False
bigdn,mom10,10,limit_up_count_ma5,0.0094,-0.0677,-0.0771,-1.69,65,85,-0.061,-0.0842,True,-0.216,False
bigdn,mom10,10,blow_rate,-0.0267,-0.043,-0.0163,-0.34,76,69,0.0802,-0.0535,False,-0.043,False
bigdn,mom10,10,max_board_height,-0.0097,-0.0402,-0.0305,-0.6,54,93,0.0009,-0.0517,False,-0.077,False
bigdn,mom10,10,lu_premium_1d,-0.0668,-0.0055,0.0613,1.41,77,84,0.0182,0.092,True,0.18,False
bigdn,mom20,1,limit_up_count,-0.0033,-0.0477,-0.0444,-0.96,69,87,-0.0355,-0.0558,True,-0.123,False
bigdn,mom20,1,limit_up_count_ma5,-0.0381,-0.0468,-0.0087,-0.19,67,85,0.0127,-0.0469,False,-0.024,False
bigdn,mom20,1,blow_rate,-0.057,-0.0252,0.0318,0.68,79,69,0.0446,0.0292,True,0.087,False
bigdn,mom20,1,max_board_height,-0.008,-0.073,-0.0649,-1.4,54,93,-0.0996,-0.0249,True,-0.179,False
bigdn,mom20,1,lu_premium_1d,-0.0178,-0.0652,-0.0473,-1.12,77,87,-0.1197,0.01,False,-0.143,False
bigdn,mom20,3,limit_up_count,-0.0338,-0.036,-0.0022,-0.05,69,86,-0.052,0.0148,False,-0.006,False
bigdn,mom20,3,limit_up_count_ma5,-0.0326,-0.0224,0.0102,0.21,67,85,-0.0501,0.0097,False,0.027,False
bigdn,mom20,3,blow_rate,0.0084,-0.045,-0.0534,-1.11,78,69,0.0579,-0.0798,False,-0.142,False
bigdn,mom20,3,max_board_height,0.0332,-0.0977,-0.1309,-2.8,54,93,-0.2275,-0.0349,True,-0.357,False
bigdn,mom20,3,lu_premium_1d,-0.0029,-0.0676,-0.0647,-1.52,77,86,-0.1187,-0.0083,True,-0.194,False
bigdn,mom20,5,limit_up_count,-0.0457,-0.0,0.0457,1.17,69,85,0.0316,0.039,True,0.149,False
bigdn,mom20,5,limit_up_count_ma5,-0.031,0.0012,0.0321,0.77,65,85,0.0097,0.0285,True,0.098,False
bigdn,mom20,5,blow_rate,0.019,-0.0507,-0.0697,-1.63,76,69,0.0228,-0.0966,False,-0.208,False
bigdn,mom20,5,max_board_height,0.0136,-0.0709,-0.0844,-2.25,54,93,-0.1107,-0.0436,True,-0.287,False
bigdn,mom20,5,lu_premium_1d,-0.0306,-0.033,-0.0024,-0.07,77,84,-0.0661,0.0563,False,-0.009,False
bigdn,mom20,10,limit_up_count,-0.049,-0.0138,0.0352,0.73,69,85,0.0367,0.0335,True,0.093,False
bigdn,mom20,10,limit_up_count_ma5,-0.022,-0.0409,-0.0189,-0.37,65,85,-0.0134,-0.0173,True,-0.047,False
bigdn,mom20,10,blow_rate,-0.0109,-0.0484,-0.0375,-0.77,76,69,0.0364,-0.0708,False,-0.098,False
bigdn,mom20,10,max_board_height,0.0004,-0.0236,-0.024,-0.51,54,93,-0.035,-0.0441,True,-0.065,False
bigdn,mom20,10,lu_premium_1d,-0.0803,-0.0005,0.0798,1.76,77,84,-0.0007,0.1327,False,0.225,False
bigdn,rev5,1,limit_up_count,-0.0353,0.0173,0.0526,1.41,69,87,0.0763,0.0342,True,0.18,False
bigdn,rev5,1,limit_up_count_ma5,-0.0253,0.0155,0.0409,0.96,67,85,0.0596,0.0192,True,0.123,False
bigdn,rev5,1,blow_rate,0.0228,-0.0596,-0.0824,-2.02,79,69,-0.1352,-0.0541,True,-0.258,False
bigdn,rev5,1,max_board_height,0.0011,-0.0051,-0.0062,-0.15,54,93,0.0168,-0.005,False,-0.019,False
bigdn,rev5,1,lu_premium_1d,-0.034,0.0366,0.0705,1.76,77,87,0.0433,0.1058,True,0.225,False
bigdn,rev5,3,limit_up_count,-0.0324,-0.0193,0.0132,0.36,69,86,-0.0126,0.0391,False,0.046,False
bigdn,rev5,3,limit_up_count_ma5,-0.0087,-0.0069,0.0017,0.04,67,85,-0.0727,0.0573,False,0.005,False
bigdn,rev5,3,blow_rate,-0.0081,-0.0391,-0.031,-0.83,78,69,-0.001,-0.0844,True,-0.106,False
bigdn,rev5,3,max_board_height,0.0067,-0.057,-0.0637,-1.83,54,93,-0.1339,-0.0499,True,-0.234,False
bigdn,rev5,3,lu_premium_1d,-0.0272,0.0062,0.0335,0.93,77,86,0.0041,0.0443,True,0.119,False
bigdn,rev5,5,limit_up_count,-0.03,-0.0379,-0.008,-0.21,69,85,-0.0354,0.0151,False,-0.027,False
bigdn,rev5,5,limit_up_count_ma5,-0.0365,-0.0239,0.0126,0.3,65,85,-0.0441,0.0508,False,0.038,False
bigdn,rev5,5,blow_rate,-0.0117,-0.0496,-0.0379,-0.94,76,69,-0.0376,-0.0662,True,-0.12,False
bigdn,rev5,5,max_board_height,-0.0212,-0.0741,-0.0528,-1.34,54,93,-0.1334,-0.0205,True,-0.171,False
bigdn,rev5,5,lu_premium_1d,-0.085,0.0074,0.0924,2.42,77,84,0.0803,0.0969,True,0.309,False
bigdn,rev5,10,limit_up_count,-0.0618,-0.0432,0.0185,0.47,69,85,0.0176,0.0206,True,0.06,False
bigdn,rev5,10,limit_up_count_ma5,-0.0865,-0.0672,0.0192,0.47,65,85,-0.0168,0.0427,False,0.06,False
bigdn,rev5,10,blow_rate,-0.0189,-0.1138,-0.0948,-2.34,76,69,-0.0722,-0.1246,True,-0.299,False
bigdn,rev5,10,max_board_height,-0.0548,-0.0725,-0.0177,-0.44,54,93,-0.1109,0.0353,False,-0.056,False
bigdn,rev5,10,lu_premium_1d,-0.0777,-0.048,0.0298,0.82,77,84,-0.0019,0.0492,False,0.105,False
bigdn,std5,1,limit_up_count,-0.0177,-0.061,-0.0433,-1.0,69,87,-0.1195,0.0133,False,-0.128,False
bigdn,std5,1,limit_up_count_ma5,-0.0245,-0.0746,-0.0501,-1.13,67,85,-0.2163,0.0285,False,-0.144,False
bigdn,std5,1,blow_rate,-0.0347,-0.0466,-0.0119,-0.28,79,69,0.053,-0.0495,False,-0.036,False
bigdn,std5,1,max_board_height,0.0062,-0.0663,-0.0726,-1.58,54,93,-0.1856,-0.0077,True,-0.202,False
bigdn,std5,1,lu_premium_1d,-0.0561,-0.0292,0.0268,0.65,77,87,-0.0411,0.0793,False,0.083,False
bigdn,std5,3,limit_up_count,-0.0194,-0.0337,-0.0144,-0.32,69,86,-0.1081,0.0559,False,-0.041,False
bigdn,std5,3,limit_up_count_ma5,-0.0295,-0.0021,0.0275,0.61,67,85,-0.1511,0.1235,False,0.078,False
bigdn,std5,3,blow_rate,-0.0477,-0.036,0.0117,0.25,78,69,0.0433,-0.022,False,0.032,False
bigdn,std5,3,max_board_height,-0.0168,-0.0297,-0.0129,-0.27,54,93,-0.1044,0.0384,False,-0.034,False
bigdn,std5,3,lu_premium_1d,-0.0567,-0.003,0.0537,1.28,77,86,0.0301,0.07,True,0.163,False
bigdn,std5,5,limit_up_count,-0.0249,-0.035,-0.0101,-0.22,69,85,-0.0978,0.0576,False,-0.028,False
bigdn,std5,5,limit_up_count_ma5,-0.0646,0.0041,0.0688,1.48,65,85,-0.1021,0.1693,False,0.189,False
bigdn,std5,5,blow_rate,-0.0417,-0.0206,0.0211,0.44,76,69,0.0541,-0.0234,False,0.056,False
bigdn,std5,5,max_board_height,-0.0249,-0.0481,-0.0232,-0.49,54,93,-0.0812,0.0028,False,-0.063,False
bigdn,std5,5,lu_premium_1d,-0.0699,-0.0016,0.0684,1.58,77,84,0.0747,0.0605,True,0.202,False
bigdn,std5,10,limit_up_count,-0.0659,-0.0401,0.0258,0.59,69,85,-0.03,0.0482,False,0.075,False
bigdn,std5,10,limit_up_count_ma5,-0.0723,-0.0349,0.0374,0.81,65,85,-0.1413,0.117,False,0.103,False
bigdn,std5,10,blow_rate,-0.0358,-0.0891,-0.0533,-1.14,76,69,-0.0013,-0.0616,True,-0.145,False
bigdn,std5,10,max_board_height,-0.0531,-0.0542,-0.0011,-0.02,54,93,-0.0748,0.0896,False,-0.003,False
bigdn,std5,10,lu_premium_1d,-0.0958,0.002,0.0978,2.33,77,84,0.0807,0.1246,True,0.297,False
bigdn,std20,1,limit_up_count,-0.0332,-0.0678,-0.0346,-0.72,69,87,0.007,-0.0621,False,-0.092,False
bigdn,std20,1,limit_up_count_ma5,-0.0501,-0.0676,-0.0175,-0.37,67,85,-0.0466,-0.0141,True,-0.047,False
bigdn,std20,1,blow_rate,-0.0502,-0.0591,-0.0089,-0.17,79,69,-0.0359,0.0066,False,-0.022,False
bigdn,std20,1,max_board_height,0.0105,-0.094,-0.1045,-2.05,54,93,-0.2327,-0.0151,True,-0.262,False
bigdn,std20,1,lu_premium_1d,-0.0345,-0.0651,-0.0306,-0.66,77,87,-0.1593,0.0659,False,-0.084,False
bigdn,std20,3,limit_up_count,-0.0331,-0.0474,-0.0143,-0.3,69,86,0.013,-0.0294,False,-0.038,False
bigdn,std20,3,limit_up_count_ma5,-0.0323,-0.0306,0.0017,0.04,67,85,-0.0085,0.0045,False,0.005,False
bigdn,std20,3,blow_rate,-0.0512,-0.0313,0.0199,0.41,78,69,0.0834,-0.0366,False,0.052,False
bigdn,std20,3,max_board_height,0.0228,-0.074,-0.0968,-1.95,54,93,-0.2524,-0.0339,True,-0.249,False
bigdn,std20,3,lu_premium_1d,-0.0283,-0.0223,0.006,0.13,77,86,-0.069,0.0533,False,0.017,False
bigdn,std20,5,limit_up_count,-0.0535,-0.0485,0.005,0.12,69,85,0.0182,0.0006,True,0.015,False
bigdn,std20,5,limit_up_count_ma5,-0.0721,-0.0273,0.0449,1.1,65,85,0.0371,0.0586,True,0.14,False
bigdn,std20,5,blow_rate,-0.0552,-0.0632,-0.008,-0.18,76,69,0.0148,-0.0538,False,-0.023,False
bigdn,std20,5,max_board_height,-0.009,-0.092,-0.083,-1.91,54,93,-0.1589,-0.0585,True,-0.244,False
bigdn,std20,5,lu_premium_1d,-0.0772,-0.0271,0.0501,1.23,77,84,0.0359,0.051,True,0.157,False
bigdn,std20,10,limit_up_count,-0.0756,-0.0867,-0.0112,-0.27,69,85,0.0232,-0.0387,False,-0.034,False
bigdn,std20,10,limit_up_count_ma5,-0.0522,-0.0909,-0.0387,-0.9,65,85,-0.085,-0.011,True,-0.115,False
bigdn,std20,10,blow_rate,-0.0505,-0.1027,-0.0522,-1.23,76,69,0.0067,-0.0903,False,-0.157,False
bigdn,std20,10,max_board_height,-0.038,-0.0764,-0.0384,-0.93,54,93,-0.0916,0.0039,False,-0.119,False
bigdn,std20,10,lu_premium_1d,-0.1126,-0.0454,0.0672,1.69,77,84,0.0389,0.0833,True,0.216,False
bigdn,amp5,1,limit_up_count,-0.0177,-0.0886,-0.0708,-1.52,69,87,-0.0885,-0.0576,True,-0.194,False
bigdn,amp5,1,limit_up_count_ma5,-0.0249,-0.0902,-0.0653,-1.45,67,85,-0.1163,-0.0497,True,-0.185,False
bigdn,amp5,1,blow_rate,-0.066,-0.0556,0.0104,0.21,79,69,0.0001,0.0152,True,0.027,False
bigdn,amp5,1,max_board_height,-0.0104,-0.0701,-0.0596,-1.21,54,93,-0.1724,0.0146,False,-0.154,False
bigdn,amp5,1,lu_premium_1d,-0.0755,-0.0447,0.0308,0.67,77,87,-0.0752,0.1086,False,0.086,False
bigdn,amp5,3,limit_up_count,-0.0328,-0.094,-0.0611,-1.26,69,86,-0.1143,-0.0286,True,-0.161,False
bigdn,amp5,3,limit_up_count_ma5,-0.0177,-0.0922,-0.0744,-1.56,67,85,-0.1513,-0.0531,True,-0.199,False
bigdn,amp5,3,blow_rate,-0.084,-0.0676,0.0164,0.32,78,69,0.0803,-0.0146,False,0.041,False
bigdn,amp5,3,max_board_height,0.0037,-0.0701,-0.0738,-1.53,54,93,-0.2168,0.0233,False,-0.195,False
bigdn,amp5,3,lu_premium_1d,-0.05,-0.0283,0.0216,0.46,77,86,0.0062,0.0408,True,0.059,False
bigdn,amp5,5,limit_up_count,-0.0405,-0.0738,-0.0333,-0.72,69,85,-0.0309,-0.0388,True,-0.092,False
bigdn,amp5,5,limit_up_count_ma5,-0.0497,-0.0645,-0.0148,-0.32,65,85,-0.0566,0.0039,False,-0.041,False
bigdn,amp5,5,blow_rate,-0.0633,-0.0731,-0.0098,-0.2,76,69,-0.0044,-0.0249,True,-0.026,False
bigdn,amp5,5,max_board_height,-0.0188,-0.0638,-0.045,-1.01,54,93,-0.0875,-0.013,True,-0.129,False
bigdn,amp5,5,lu_premium_1d,-0.0807,-0.0199,0.0608,1.37,77,84,0.0319,0.0822,True,0.175,False
bigdn,amp5,10,limit_up_count,-0.0683,-0.0941,-0.0258,-0.57,69,85,-0.0202,-0.0419,True,-0.073,False
bigdn,amp5,10,limit_up_count_ma5,-0.0426,-0.0879,-0.0454,-0.97,65,85,-0.1049,-0.0262,True,-0.124,False
bigdn,amp5,10,blow_rate,-0.0702,-0.1037,-0.0335,-0.71,76,69,0.0278,-0.0592,False,-0.091,False
bigdn,amp5,10,max_board_height,-0.0591,-0.0342,0.025,0.53,54,93,-0.0007,0.0618,False,0.068,False
bigdn,amp5,10,lu_premium_1d,-0.1213,-0.0375,0.0837,1.87,77,84,0.0742,0.0938,True,0.239,False
bigdn,to_level,1,limit_up_count,-0.0328,-0.0246,0.0082,0.18,64,86,0.133,-0.0684,False,0.023,False
bigdn,to_level,1,limit_up_count_ma5,-0.0212,-0.0503,-0.0291,-0.64,60,85,0.0749,-0.069,False,-0.082,False
bigdn,to_level,1,blow_rate,0.0028,-0.0662,-0.069,-1.43,75,67,-0.1851,-0.0093,True,-0.183,False
bigdn,to_level,1,max_board_height,0.006,-0.0141,-0.0201,-0.38,48,93,-0.0636,0.003,False,-0.048,False
bigdn,to_level,1,lu_premium_1d,-0.0137,-0.0482,-0.0345,-0.74,72,85,-0.1395,0.034,False,-0.094,False
bigdn,to_level,3,limit_up_count,-0.0646,-0.0771,-0.0124,-0.27,64,85,0.0664,-0.0532,False,-0.034,False
bigdn,to_level,3,limit_up_count_ma5,-0.0373,-0.0801,-0.0428,-0.85,60,85,0.0237,-0.0737,False,-0.108,False
bigdn,to_level,3,blow_rate,-0.0578,-0.0852,-0.0274,-0.6,74,67,-0.0707,-0.0172,True,-0.077,False
bigdn,to_level,3,max_board_height,-0.0383,-0.0686,-0.0304,-0.59,48,93,-0.2073,0.0547,False,-0.075,False
bigdn,to_level,3,lu_premium_1d,-0.064,-0.0535,0.0105,0.23,72,84,-0.0439,0.0428,False,0.029,False
bigdn,to_level,5,limit_up_count,-0.0726,-0.0969,-0.0243,-0.61,64,84,0.014,-0.0425,False,-0.078,False
bigdn,to_level,5,limit_up_count_ma5,-0.0541,-0.1023,-0.0483,-1.09,58,85,-0.0353,-0.0492,True,-0.139,False
bigdn,to_level,5,blow_rate,-0.064,-0.1198,-0.0558,-1.34,72,67,-0.095,-0.052,True,-0.171,False
bigdn,to_level,5,max_board_height,-0.04,-0.1255,-0.0855,-1.84,48,93,-0.2128,-0.0309,True,-0.235,False
bigdn,to_level,5,lu_premium_1d,-0.0798,-0.0823,-0.0025,-0.06,72,82,-0.0661,0.0345,False,-0.008,False
bigdn,to_level,10,limit_up_count,-0.059,-0.1235,-0.0645,-1.47,64,84,-0.0071,-0.0889,True,-0.188,False
bigdn,to_level,10,limit_up_count_ma5,-0.0155,-0.1318,-0.1163,-2.45,58,85,-0.1547,-0.0888,True,-0.313,False
bigdn,to_level,10,blow_rate,-0.062,-0.1123,-0.0503,-1.19,72,67,-0.1107,-0.031,True,-0.152,False
bigdn,to_level,10,max_board_height,-0.0464,-0.0727,-0.0263,-0.58,48,93,-0.072,-0.0098,True,-0.074,False
bigdn,to_level,10,lu_premium_1d,-0.0894,-0.0629,0.0265,0.61,72,82,0.0115,0.0297,True,0.078,False
bigdn,to_trend,1,limit_up_count,0.009,0.023,0.014,0.32,64,86,-0.1321,0.1024,False,0.041,False
bigdn,to_trend,1,limit_up_count_ma5,-0.0298,0.0171,0.0468,1.06,60,85,-0.1211,0.1035,False,0.135,False
bigdn,to_trend,1,blow_rate,-0.038,-0.0092,0.0289,0.67,75,67,0.1884,-0.0471,False,0.086,False
bigdn,to_trend,1,max_board_height,-0.0219,-0.0074,0.0145,0.3,48,93,0.0419,0.0053,True,0.038,False
bigdn,to_trend,1,lu_premium_1d,-0.0257,-0.0077,0.018,0.46,72,85,-0.0126,0.0377,False,0.059,False
bigdn,to_trend,3,limit_up_count,0.0189,0.0546,0.0357,0.89,64,85,-0.058,0.084,False,0.114,False
bigdn,to_trend,3,limit_up_count_ma5,-0.0038,0.0495,0.0533,1.25,60,85,-0.0475,0.0881,False,0.16,False
bigdn,to_trend,3,blow_rate,0.0187,0.0016,-0.0171,-0.4,74,67,0.0587,-0.0525,False,-0.051,False
bigdn,to_trend,3,max_board_height,0.0392,-0.0031,-0.0424,-0.95,48,93,0.0257,-0.0658,False,-0.121,False
bigdn,to_trend,3,lu_premium_1d,0.0208,0.0287,0.0078,0.21,72,84,0.0897,-0.0416,False,0.027,False
bigdn,to_trend,5,limit_up_count,0.0241,0.0431,0.0189,0.52,64,84,-0.084,0.0766,False,0.066,False
bigdn,to_trend,5,limit_up_count_ma5,0.0062,0.0271,0.0209,0.54,58,85,-0.0713,0.0507,False,0.069,False
bigdn,to_trend,5,blow_rate,0.0289,0.0423,0.0135,0.33,72,67,0.1389,-0.0384,False,0.042,False
bigdn,to_trend,5,max_board_height,0.0411,0.0287,-0.0124,-0.3,48,93,-0.0195,0.0074,False,-0.038,False
bigdn,to_trend,5,lu_premium_1d,0.0179,0.0251,0.0072,0.2,72,82,-0.0036,0.0191,False,0.026,False
bigdn,to_trend,10,limit_up_count,-0.0089,0.0636,0.0725,1.95,64,84,-0.0461,0.1395,False,0.249,False
bigdn,to_trend,10,limit_up_count_ma5,-0.0386,0.0613,0.0999,2.58,58,85,-0.0024,0.1513,False,0.329,False
bigdn,to_trend,10,blow_rate,0.0326,-0.0042,-0.0368,-0.95,72,67,0.0579,-0.0809,False,-0.121,False
bigdn,to_trend,10,max_board_height,0.0059,0.0267,0.0208,0.49,48,93,-0.0028,0.035,False,0.063,False
bigdn,to_trend,10,lu_premium_1d,0.0022,0.0289,0.0267,0.72,72,82,0.0054,0.0423,True,0.092,False
bigdn,amihud20,1,limit_up_count,0.0331,0.0274,-0.0058,-0.12,68,87,-0.0392,0.0075,False,-0.015,False
bigdn,amihud20,1,limit_up_count_ma5,0.0468,0.0062,-0.0406,-0.83,67,85,-0.0404,-0.0511,True,-0.106,False
bigdn,amihud20,1,blow_rate,0.0099,0.0212,0.0113,0.23,79,68,0.1568,-0.0584,False,0.029,False
bigdn,amihud20,1,max_board_height,0.017,0.0048,-0.0122,-0.26,54,93,-0.0427,0.0021,False,-0.033,False
bigdn,amihud20,1,lu_premium_1d,0.0122,0.0327,0.0205,0.45,77,87,0.0755,-0.0164,False,0.057,False
bigdn,amihud20,3,limit_up_count,0.0487,0.0221,-0.0266,-0.61,68,86,-0.053,-0.0149,True,-0.078,False
bigdn,amihud20,3,limit_up_count_ma5,0.038,0.0074,-0.0306,-0.7,67,85,-0.0816,-0.0001,True,-0.089,False
bigdn,amihud20,3,blow_rate,0.0356,0.0493,0.0138,0.32,78,68,0.0291,0.0192,True,0.041,False
bigdn,amihud20,3,max_board_height,0.0498,-0.0216,-0.0714,-1.54,54,93,-0.0443,-0.0674,True,-0.197,False
bigdn,amihud20,3,lu_premium_1d,0.0235,0.0256,0.0021,0.05,77,86,0.0354,-0.0195,False,0.006,False
bigdn,amihud20,5,limit_up_count,0.0211,0.0693,0.0482,1.12,68,85,0.089,0.0138,True,0.143,False
bigdn,amihud20,5,limit_up_count_ma5,0.0378,0.0091,-0.0288,-0.7,65,85,-0.0328,-0.0293,True,-0.089,False
bigdn,amihud20,5,blow_rate,0.0266,0.0698,0.0431,1.0,76,68,0.0138,0.0631,True,0.128,False
bigdn,amihud20,5,max_board_height,0.0122,0.0202,0.0079,0.19,54,93,-0.0698,0.081,False,0.024,False
bigdn,amihud20,5,lu_premium_1d,-0.0053,0.0666,0.0719,1.88,77,84,0.0549,0.085,True,0.24,False
bigdn,amihud20,10,limit_up_count,0.0551,0.1007,0.0456,1.1,68,85,0.0559,0.0487,True,0.14,False
bigdn,amihud20,10,limit_up_count_ma5,0.0724,0.0434,-0.0289,-0.65,65,85,0.0115,-0.0372,False,-0.083,False
bigdn,amihud20,10,blow_rate,0.0159,0.1021,0.0863,1.98,76,68,0.0504,0.0831,True,0.253,False
bigdn,amihud20,10,max_board_height,0.0383,0.0739,0.0356,0.81,54,93,-0.0523,0.056,False,0.103,False
bigdn,amihud20,10,lu_premium_1d,0.0389,0.0654,0.0265,0.64,77,84,0.0375,0.0079,True,0.082,False
bigdn,vp_div,1,limit_up_count,0.0115,0.0096,-0.0019,-0.04,69,87,-0.157,0.1054,False,-0.005,False
bigdn,vp_div,1,limit_up_count_ma5,-0.0339,0.0111,0.045,1.05,67,85,-0.0894,0.11,False,0.134,False
bigdn,vp_div,1,blow_rate,-0.0344,-0.0082,0.0262,0.62,79,69,0.1638,-0.0493,False,0.079,False
bigdn,vp_div,1,max_board_height,-0.0199,-0.0006,0.0193,0.41,54,93,0.033,0.0146,True,0.052,False
bigdn,vp_div,1,lu_premium_1d,-0.0354,0.0007,0.0362,0.94,77,87,0.0249,0.046,True,0.12,False
bigdn,vp_div,3,limit_up_count,0.0224,0.0398,0.0174,0.44,69,86,-0.0875,0.0839,False,0.056,False
bigdn,vp_div,3,limit_up_count_ma5,-0.0086,0.0376,0.0462,1.11,67,85,-0.0549,0.0934,False,0.142,False
bigdn,vp_div,3,blow_rate,0.0132,0.0108,-0.0024,-0.06,78,69,0.0845,-0.0486,False,-0.008,False
bigdn,vp_div,3,max_board_height,0.044,-0.0038,-0.0478,-1.11,54,93,-0.0035,-0.0592,True,-0.142,False
bigdn,vp_div,3,lu_premium_1d,0.0097,0.0293,0.0197,0.52,77,86,0.1064,-0.0358,False,0.066,False
bigdn,vp_div,5,limit_up_count,0.0214,0.0464,0.025,0.7,69,85,-0.0521,0.0769,False,0.089,False
bigdn,vp_div,5,limit_up_count_ma5,0.0017,0.0215,0.0197,0.53,65,85,-0.0477,0.0505,False,0.068,False
bigdn,vp_div,5,blow_rate,0.0369,0.04,0.003,0.08,76,69,0.0953,-0.0416,False,0.01,False
bigdn,vp_div,5,max_board_height,0.0437,0.0374,-0.0063,-0.16,54,93,-0.0189,0.0146,False,-0.02,False
bigdn,vp_div,5,lu_premium_1d,0.0124,0.0271,0.0147,0.43,77,84,0.0169,0.0198,True,0.055,False
bigdn,vp_div,10,limit_up_count,-0.0054,0.0622,0.0676,1.89,69,85,-0.0303,0.1347,False,0.241,False
bigdn,vp_div,10,limit_up_count_ma5,-0.0411,0.0624,0.1035,2.78,65,85,0.0426,0.1433,True,0.355,False
bigdn,vp_div,10,blow_rate,0.0271,0.0071,-0.02,-0.54,76,69,0.0887,-0.0826,False,-0.069,False
bigdn,vp_div,10,max_board_height,0.0047,0.0396,0.0349,0.88,54,93,0.0162,0.042,True,0.112,False
bigdn,vp_div,10,lu_premium_1d,-0.0017,0.0344,0.0361,1.01,77,84,0.0333,0.0393,True,0.129,False
bigdn,gap,1,limit_up_count,0.0783,0.1074,0.0291,0.78,69,87,0.0687,0.0073,True,0.1,False
bigdn,gap,1,limit_up_count_ma5,0.074,0.12,0.0461,1.21,67,85,0.0787,0.0281,True,0.154,False
bigdn,gap,1,blow_rate,0.1037,0.0717,-0.032,-0.82,79,69,-0.0192,-0.0495,True,-0.105,False
bigdn,gap,1,max_board_height,0.0727,0.0732,0.0005,0.01,54,93,0.0278,-0.0322,False,0.001,False
bigdn,gap,1,lu_premium_1d,0.0789,0.1052,0.0263,0.67,77,87,-0.0332,0.064,False,0.086,False
bigdn,gap,3,limit_up_count,0.0644,0.0822,0.0178,0.48,69,86,0.0105,0.0327,True,0.061,False
bigdn,gap,3,limit_up_count_ma5,0.0478,0.0891,0.0413,1.12,67,85,0.0964,0.019,True,0.143,False
bigdn,gap,3,blow_rate,0.0477,0.0758,0.0281,0.78,78,69,0.0088,0.0253,True,0.1,False
bigdn,gap,3,max_board_height,0.0341,0.0805,0.0463,1.21,54,93,0.109,-0.0087,False,0.154,False
bigdn,gap,3,lu_premium_1d,0.0696,0.0871,0.0175,0.5,77,86,0.0274,0.0047,True,0.064,False
bigdn,gap,5,limit_up_count,0.0577,0.0575,-0.0003,-0.01,69,85,0.0009,0.0003,True,-0.001,False
bigdn,gap,5,limit_up_count_ma5,0.0713,0.0704,-0.0009,-0.02,65,85,-0.0104,-0.0051,True,-0.003,False
bigdn,gap,5,blow_rate,0.0537,0.0757,0.022,0.51,76,69,0.0584,0.0222,True,0.065,False
bigdn,gap,5,max_board_height,0.046,0.0786,0.0326,0.8,54,93,0.0734,0.0336,True,0.102,False
bigdn,gap,5,lu_premium_1d,0.0974,0.0778,-0.0196,-0.5,77,84,-0.0198,-0.0137,True,-0.064,False
bigdn,gap,10,limit_up_count,0.0734,0.077,0.0037,0.1,69,85,0.0514,-0.0185,False,0.013,False
bigdn,gap,10,limit_up_count_ma5,0.0505,0.077,0.0265,0.7,65,85,0.096,-0.0121,False,0.089,False
bigdn,gap,10,blow_rate,0.0458,0.0926,0.0468,1.17,76,69,-0.0433,0.0787,False,0.149,False
bigdn,gap,10,max_board_height,0.0589,0.063,0.0041,0.11,54,93,0.0385,-0.0284,False,0.014,False
bigdn,gap,10,lu_premium_1d,0.1044,0.0541,-0.0503,-1.34,77,84,-0.0072,-0.0865,True,-0.171,False
bigdn,c2l5,1,limit_up_count,-0.019,-0.1155,-0.0965,-2.09,69,87,-0.1485,-0.0551,True,-0.267,False
bigdn,c2l5,1,limit_up_count_ma5,-0.0197,-0.1091,-0.0894,-2.05,67,85,-0.1717,-0.0474,True,-0.262,False
bigdn,c2l5,1,blow_rate,-0.0864,-0.034,0.0524,1.12,79,69,0.0913,0.0295,True,0.143,False
bigdn,c2l5,1,max_board_height,-0.0207,-0.1049,-0.0842,-1.73,54,93,-0.1901,-0.0284,True,-0.221,False
bigdn,c2l5,1,lu_premium_1d,-0.0708,-0.0588,0.012,0.28,77,87,-0.08,0.0732,False,0.036,False
bigdn,c2l5,3,limit_up_count,-0.0227,-0.1008,-0.0781,-1.81,69,86,-0.1475,-0.0267,True,-0.231,False
bigdn,c2l5,3,limit_up_count_ma5,-0.0324,-0.0985,-0.0661,-1.56,67,85,-0.1369,-0.0369,True,-0.199,False
bigdn,c2l5,3,blow_rate,-0.0974,-0.0526,0.0448,1.0,78,69,0.0779,0.0179,True,0.128,False
bigdn,c2l5,3,max_board_height,-0.0179,-0.0993,-0.0814,-1.81,54,93,-0.2521,0.0194,False,-0.231,False
bigdn,c2l5,3,lu_premium_1d,-0.0675,-0.0407,0.0268,0.64,77,86,0.0022,0.0443,True,0.082,False
bigdn,c2l5,5,limit_up_count,-0.0348,-0.0663,-0.0314,-0.76,69,85,-0.0454,-0.0208,True,-0.097,False
bigdn,c2l5,5,limit_up_count_ma5,-0.0642,-0.0501,0.0142,0.34,65,85,-0.0004,0.0219,False,0.043,False
bigdn,c2l5,5,blow_rate,-0.0741,-0.0732,0.0009,0.02,76,69,0.0228,-0.0252,False,0.003,False
bigdn,c2l5,5,max_board_height,-0.0286,-0.0785,-0.05,-1.15,54,93,-0.0828,-0.025,True,-0.147,False
bigdn,c2l5,5,lu_premium_1d,-0.0809,-0.0099,0.071,1.82,77,84,0.0445,0.0885,True,0.232,False
bigdn,c2l5,10,limit_up_count,-0.0728,-0.0855,-0.0127,-0.31,69,85,0.0041,-0.0355,False,-0.04,False
bigdn,c2l5,10,limit_up_count_ma5,-0.0483,-0.0534,-0.0051,-0.13,65,85,-0.0357,0.0022,False,-0.017,False
bigdn,c2l5,10,blow_rate,-0.0861,-0.0882,-0.0021,-0.05,76,69,0.0772,-0.0285,False,-0.006,False
bigdn,c2l5,10,max_board_height,-0.0499,-0.0758,-0.0259,-0.57,54,93,-0.0238,-0.0009,True,-0.073,False
bigdn,c2l5,10,lu_premium_1d,-0.1212,-0.0237,0.0975,2.5,77,84,0.0576,0.131,True,0.319,False
bigdn,winner_ratio,1,limit_up_count,-0.0091,-0.0562,-0.0471,-1.33,69,87,-0.0544,-0.0344,True,-0.17,False
bigdn,winner_ratio,1,limit_up_count_ma5,-0.0196,-0.0179,0.0017,0.05,67,85,-0.059,0.0398,False,0.006,False
bigdn,winner_ratio,1,blow_rate,-0.055,-0.0184,0.0366,0.99,79,69,0.0679,0.0203,True,0.126,False
bigdn,winner_ratio,1,max_board_height,-0.0017,-0.0684,-0.0668,-1.6,54,93,-0.091,-0.0505,True,-0.204,False
bigdn,winner_ratio,1,lu_premium_1d,-0.0244,-0.0347,-0.0104,-0.3,77,87,-0.0237,-0.0028,True,-0.038,False
bigdn,winner_ratio,3,limit_up_count,0.0092,-0.0355,-0.0447,-1.38,69,86,-0.022,-0.0657,True,-0.176,False
bigdn,winner_ratio,3,limit_up_count_ma5,0.014,-0.0341,-0.0481,-1.41,67,85,-0.1429,-0.0026,True,-0.18,False
bigdn,winner_ratio,3,blow_rate,-0.0075,-0.0031,0.0044,0.13,78,69,-0.0139,0.028,False,0.017,False
bigdn,winner_ratio,3,max_board_height,0.0363,-0.0459,-0.0822,-2.49,54,93,-0.1355,-0.0359,True,-0.318,False
bigdn,winner_ratio,3,lu_premium_1d,0.0179,-0.038,-0.0559,-1.82,77,86,-0.048,-0.0511,True,-0.232,False
bigdn,winner_ratio,5,limit_up_count,0.0055,-0.013,-0.0185,-0.58,69,85,0.0059,-0.0374,False,-0.074,False
bigdn,winner_ratio,5,limit_up_count_ma5,-0.0107,-0.0161,-0.0054,-0.16,65,85,-0.0767,0.0362,False,-0.02,False
bigdn,winner_ratio,5,blow_rate,-0.0219,-0.0069,0.015,0.47,76,69,0.0018,0.0184,True,0.06,False
bigdn,winner_ratio,5,max_board_height,0.0285,-0.0306,-0.0591,-1.78,54,93,-0.0665,-0.0518,True,-0.227,False
bigdn,winner_ratio,5,lu_premium_1d,0.019,-0.0129,-0.0319,-1.07,77,84,-0.08,0.0046,False,-0.137,False
bigdn,winner_ratio,10,limit_up_count,-0.0107,-0.0275,-0.0168,-0.44,69,85,-0.0149,-0.007,True,-0.056,False
bigdn,winner_ratio,10,limit_up_count_ma5,-0.0086,-0.0244,-0.0158,-0.4,65,85,-0.0976,0.0395,False,-0.051,False
bigdn,winner_ratio,10,blow_rate,-0.0152,-0.0209,-0.0056,-0.14,76,69,-0.0443,-0.0026,True,-0.018,False
bigdn,winner_ratio,10,max_board_height,0.0039,0.0012,-0.0027,-0.06,54,93,-0.0297,-0.0147,True,-0.008,False
bigdn,winner_ratio,10,lu_premium_1d,-0.0304,0.0158,0.0463,1.26,77,84,0.015,0.0591,True,0.161,False
bigdn,cost_bias,1,limit_up_count,0.0178,-0.0043,-0.0221,-0.61,69,87,-0.1118,0.0341,False,-0.078,False
bigdn,cost_bias,1,limit_up_count_ma5,-0.0215,0.0196,0.041,1.05,67,85,-0.0359,0.0813,False,0.134,False
bigdn,cost_bias,1,blow_rate,-0.0413,0.0131,0.0544,1.37,79,69,0.1329,0.0266,True,0.175,False
bigdn,cost_bias,1,max_board_height,-0.0387,-0.0055,0.0332,0.81,54,93,-0.0406,0.106,False,0.103,False
bigdn,cost_bias,1,lu_premium_1d,0.0077,-0.0243,-0.032,-0.94,77,87,-0.0326,-0.0218,True,-0.12,False
bigdn,cost_bias,3,limit_up_count,0.0402,0.0195,-0.0207,-0.59,69,86,-0.0229,-0.0322,True,-0.075,False
bigdn,cost_bias,3,limit_up_count_ma5,0.0198,0.0361,0.0163,0.42,67,85,0.0011,0.0105,True,0.054,False
bigdn,cost_bias,3,blow_rate,0.0273,0.0141,-0.0131,-0.35,78,69,-0.0137,0.0084,False,-0.045,False
bigdn,cost_bias,3,max_board_height,0.0134,0.0017,-0.0118,-0.31,54,93,-0.0501,0.0486,False,-0.04,False
bigdn,cost_bias,3,lu_premium_1d,0.0391,0.0178,-0.0213,-0.64,77,86,0.0283,-0.0427,False,-0.082,False
bigdn,cost_bias,5,limit_up_count,0.0224,0.0225,0.0001,0.0,69,85,0.0065,-0.0173,False,0.0,False
bigdn,cost_bias,5,limit_up_count_ma5,0.0189,0.0101,-0.0087,-0.26,65,85,0.0435,-0.0536,False,-0.033,False
bigdn,cost_bias,5,blow_rate,0.0028,0.0191,0.0162,0.46,76,69,0.1078,-0.0156,False,0.059,False
bigdn,cost_bias,5,max_board_height,0.0011,0.015,0.0139,0.37,54,93,-0.0531,0.0977,False,0.047,False
bigdn,cost_bias,5,lu_premium_1d,0.0026,0.025,0.0224,0.72,77,84,0.0357,0.0271,True,0.092,False
bigdn,cost_bias,10,limit_up_count,-0.0083,0.0354,0.0437,1.31,69,85,0.0813,0.0055,True,0.167,False
bigdn,cost_bias,10,limit_up_count_ma5,0.0146,0.0466,0.032,0.94,65,85,0.0749,-0.0028,False,0.12,False
bigdn,cost_bias,10,blow_rate,0.0051,0.01,0.0049,0.15,76,69,0.0202,0.0094,True,0.019,False
bigdn,cost_bias,10,max_board_height,-0.0015,-0.0053,-0.0038,-0.1,54,93,-0.0204,0.0305,False,-0.013,False
bigdn,cost_bias,10,lu_premium_1d,-0.0222,0.0443,0.0664,2.05,77,84,0.0316,0.0999,True,0.262,False
bigdn,up_days,1,limit_up_count,-0.0208,-0.0179,0.0029,0.07,65,67,0.0479,-0.0218,False,0.009,False
bigdn,up_days,1,limit_up_count_ma5,-0.0276,0.0138,0.0414,0.93,56,74,0.0663,0.0332,True,0.119,False
bigdn,up_days,1,blow_rate,-0.0115,-0.054,-0.0425,-1.01,62,67,-0.075,-0.0299,True,-0.129,False
bigdn,up_days,1,max_board_height,0.0112,-0.0885,-0.0998,-2.05,42,83,-0.0498,-0.1462,True,-0.262,False
bigdn,up_days,1,lu_premium_1d,0.0058,-0.0644,-0.0702,-1.69,62,81,-0.1494,-0.0178,True,-0.216,False
bigdn,up_days,3,limit_up_count,-0.0823,0.009,0.0913,2.2,65,66,0.1006,0.083,True,0.281,False
bigdn,up_days,3,limit_up_count_ma5,-0.0418,0.0081,0.0499,1.18,56,74,0.0278,0.0624,True,0.151,False
bigdn,up_days,3,blow_rate,0.0184,-0.053,-0.0713,-1.76,61,67,-0.1591,-0.0059,True,-0.225,False
bigdn,up_days,3,max_board_height,0.026,-0.1031,-0.1291,-2.84,42,83,-0.1848,-0.093,True,-0.362,False
bigdn,up_days,3,lu_premium_1d,0.0004,-0.0316,-0.0321,-0.8,62,80,-0.0539,-0.0026,True,-0.102,False
bigdn,up_days,5,limit_up_count,-0.0464,0.0146,0.0609,1.43,65,65,0.0447,0.0709,True,0.183,False
bigdn,up_days,5,limit_up_count_ma5,-0.0146,-0.0002,0.0144,0.34,55,74,0.0004,0.0244,True,0.043,False
bigdn,up_days,5,blow_rate,0.0115,-0.0276,-0.0391,-0.96,60,67,-0.0664,-0.0142,True,-0.123,False
bigdn,up_days,5,max_board_height,0.0451,-0.074,-0.1191,-2.79,42,83,-0.1614,-0.1011,True,-0.356,False
bigdn,up_days,5,lu_premium_1d,0.0151,-0.0044,-0.0195,-0.48,62,79,-0.0441,0.0112,False,-0.061,False
bigdn,up_days,10,limit_up_count,-0.0487,-0.024,0.0247,0.55,65,65,0.0439,0.0095,True,0.07,False
bigdn,up_days,10,limit_up_count_ma5,-0.0315,-0.0377,-0.0062,-0.13,55,74,-0.014,0.0045,False,-0.017,False
bigdn,up_days,10,blow_rate,-0.0133,-0.0614,-0.0482,-1.07,60,67,-0.0773,-0.0376,True,-0.137,False
bigdn,up_days,10,max_board_height,0.0133,-0.0607,-0.074,-1.6,42,83,-0.1761,-0.036,True,-0.204,False
bigdn,up_days,10,lu_premium_1d,-0.0144,0.0168,0.0312,0.72,62,79,-0.0236,0.081,False,0.092,False
