ts_code,symbol,name,sw_l1_code,sw_l1_name,sw_l2_code,sw_l2_name,sw_l3_code,sw_l3_name,in_date,fetch_date,data_source
000998.SZ,000998,隆平高科,801010.SI,农林牧渔,801016.SI,种植业,850111.SI,种子,20000629,2026-08-01,tushare
000713.SZ,000713,国投丰乐,801010.SI,农林牧渔,801016.SI,种植业,850111.SI,种子,19970422,2026-08-01,tushare
600371.SH,600371,万向德农,801010.SI,农林牧渔,801016.SI,种植业,850111.SI,种子,20020916,2026-08-01,tushare
002041.SZ,002041,登海种业,801010.SI,农林牧渔,801016.SI,种植业,850111.SI,种子,20050324,2026-08-01,tushare
600354.SH,600354,敦煌种业,801010.SI,农林牧渔,801016.SI,种植业,850111.SI,种子,20070702,2026-08-01,tushare
300087.SZ,300087,ST荃银,801010.SI,农林牧渔,801016.SI,种植业,850111.SI,种子,20100112,2026-08-01,tushare
300189.SZ,300189,神农种业,801010.SI,农林牧渔,801016.SI,种植业,850111.SI,种子,20110107,2026-08-01,tushare
600313.SH,600313,农发种业,801010.SI,农林牧渔,801016.SI,种植业,850111.SI,种子,20110110,2026-08-01,tushare
920087.BJ,920087.BJ,秋乐种业,801010.SI,农林牧渔,801016.SI,种植业,850111.SI,种子,20221206,2026-08-01,tushare
920403.BJ,920403.BJ,康农种业,801010.SI,农林牧渔,801016.SI,种植业,850111.SI,种子,20240118,2026-08-01,tushare
600598.SH,600598,北大荒,801010.SI,农林牧渔,801016.SI,种植业,850112.SI,粮食种植,20110110,2026-08-01,tushare
601952.SH,601952,苏垦农发,801010.SI,农林牧渔,801016.SI,种植业,850112.SI,粮食种植,20170504,2026-08-01,tushare
600762.SH,600762,S*ST金荔(退市),801010.SI,农林牧渔,801016.SI,种植业,850112.SI,粮食种植,19961025,2026-08-01,tushare
600359.SH,600359,新农开发,801010.SI,农林牧渔,801016.SI,种植业,850113.SI,其他种植业,19990429,2026-08-01,tushare
600108.SH,600108,亚盛集团,801010.SI,农林牧渔,801016.SI,种植业,850113.SI,其他种植业,19970818,2026-08-01,tushare
600540.SH,600540,新赛股份,801010.SI,农林牧渔,801016.SI,种植业,850113.SI,其他种植业,20040102,2026-08-01,tushare
601118.SH,601118,海南橡胶,801010.SI,农林牧渔,801016.SI,种植业,850113.SI,其他种植业,20100128,2026-08-01,tushare
002215.SZ,002215,诺普信,801010.SI,农林牧渔,801016.SI,种植业,850113.SI,其他种植业,20250509,2026-08-01,tushare
603336.SH,603336,宏辉果蔬,801010.SI,农林牧渔,801016.SI,种植业,850113.SI,其他种植业,20161107,2026-08-01,tushare
300511.SZ,300511,雪榕生物,801010.SI,农林牧渔,801016.SI,种植业,850114.SI,食用菌,20210730,2026-08-01,tushare
300970.SZ,300970,华绿生物,801010.SI,农林牧渔,801016.SI,种植业,850114.SI,食用菌,20210730,2026-08-01,tushare
600883.SH,600883,博闻科技,801010.SI,农林牧渔,801016.SI,种植业,850114.SI,食用菌,20220729,2026-08-01,tushare
002772.SZ,002772,众兴菌业,801010.SI,农林牧渔,801016.SI,种植业,850114.SI,食用菌,20210730,2026-08-01,tushare
600097.SH,600097,开创国际,801010.SI,农林牧渔,801015.SI,渔业,850121.SI,海洋捕捞,19970619,2026-08-01,tushare
000798.SZ,000798,中水渔业,801010.SI,农林牧渔,801015.SI,渔业,850121.SI,海洋捕捞,19980212,2026-08-01,tushare
600257.SH,600257,大湖股份,801010.SI,农林牧渔,801015.SI,渔业,850122.SI,水产养殖,20000612,2026-08-01,tushare
600467.SH,600467,好当家,801010.SI,农林牧渔,801015.SI,渔业,850122.SI,水产养殖,20040401,2026-08-01,tushare
002069.SZ,002069,獐子岛,801010.SI,农林牧渔,801015.SI,渔业,850122.SI,水产养殖,20060919,2026-08-01,tushare
300094.SZ,300094,国联水产,801010.SI,农林牧渔,801015.SI,渔业,850122.SI,水产养殖,20100129,2026-08-01,tushare
600709.SH,600709,ST生态(退市),801010.SI,农林牧渔,801015.SI,渔业,850122.SI,水产养殖,19960618,2026-08-01,tushare
000588.SZ,000588,PT粤金曼(退市),801010.SI,农林牧渔,801015.SI,渔业,850122.SI,水产养殖,19960123,2026-08-01,tushare
600275.SH,600275,退市昌鱼(退市),801010.SI,农林牧渔,801015.SI,渔业,850122.SI,水产养殖,20180713,2026-08-01,tushare
600265.SH,600265,*ST景谷,801010.SI,农林牧渔,801011.SI,林业Ⅱ,850131.SI,林业Ⅲ,20000825,2026-08-01,tushare
000592.SZ,000592,平潭发展,801010.SI,农林牧渔,801011.SI,林业Ⅱ,850131.SI,林业Ⅲ,20091009,2026-08-01,tushare
000663.SZ,000663,永安林业,801010.SI,农林牧渔,801011.SI,林业Ⅱ,850131.SI,林业Ⅲ,20220729,2026-08-01,tushare
002679.SZ,002679,福建金森,801010.SI,农林牧渔,801011.SI,林业Ⅱ,850131.SI,林业Ⅲ,20120130,2026-08-01,tushare
000702.SZ,000702,正虹科技,801010.SI,农林牧渔,801014.SI,饲料,850142.SI,畜禽饲料,19970318,2026-08-01,tushare
000876.SZ,000876,新希望,801010.SI,农林牧渔,801014.SI,饲料,850142.SI,畜禽饲料,20260701,2026-08-01,tushare
001366.SZ,001366,播恩集团,801010.SI,农林牧渔,801014.SI,饲料,850142.SI,畜禽饲料,20230224,2026-08-01,tushare
002385.SZ,002385,大北农,801010.SI,农林牧渔,801014.SI,饲料,850142.SI,畜禽饲料,20100129,2026-08-01,tushare
002100.SZ,002100,天康生物,801010.SI,农林牧渔,801014.SI,饲料,850142.SI,畜禽饲料,20150701,2026-08-01,tushare
603363.SH,603363,傲农生物,801010.SI,农林牧渔,801014.SI,饲料,850142.SI,畜禽饲料,20170907,2026-08-01,tushare
603609.SH,603609,禾丰股份,801010.SI,农林牧渔,801014.SI,饲料,850142.SI,畜禽饲料,20140207,2026-08-01,tushare
002548.SZ,002548,金新农,801010.SI,农林牧渔,801014.SI,饲料,850142.SI,畜禽饲料,20110110,2026-08-01,tushare
688156.SH,688156,路德科技,801010.SI,农林牧渔,801014.SI,饲料,850142.SI,畜禽饲料,20250509,2026-08-01,tushare
002567.SZ,002567,唐人神,801010.SI,农林牧渔,801014.SI,饲料,850142.SI,畜禽饲料,20110117,2026-08-01,tushare
603151.SH,603151,邦基科技,801010.SI,农林牧渔,801014.SI,饲料,850142.SI,畜禽饲料,20220923,2026-08-01,tushare
603668.SH,603668,天马科技,801010.SI,农林牧渔,801014.SI,饲料,850143.SI,水产饲料,20161201,2026-08-01,tushare
002696.SZ,002696,百洋股份,801010.SI,农林牧渔,801014.SI,饲料,850143.SI,水产饲料,20220729,2026-08-01,tushare
001313.SZ,001313,粤海饲料,801010.SI,农林牧渔,801014.SI,饲料,850143.SI,水产饲料,20220121,2026-08-01,tushare
002311.SZ,002311,海大集团,801010.SI,农林牧渔,801014.SI,饲料,850143.SI,水产饲料,20090112,2026-08-01,tushare
002891.SZ,002891,中宠股份,801010.SI,农林牧渔,801014.SI,饲料,850144.SI,宠物食品,20170825,2026-08-01,tushare
300673.SZ,300673,佩蒂股份,801010.SI,农林牧渔,801014.SI,饲料,850144.SI,宠物食品,20170711,2026-08-01,tushare
920419.BJ,920419.BJ,路斯股份,801010.SI,农林牧渔,801014.SI,饲料,850144.SI,宠物食品,20220224,2026-08-01,tushare
301498.SZ,301498,乖宝宠物,801010.SI,农林牧渔,801014.SI,饲料,850144.SI,宠物食品,20230731,2026-08-01,tushare
000972.SZ,000972,中基健康,801010.SI,农林牧渔,801012.SI,农产品加工,850151.SI,果蔬加工,20000512,2026-08-01,tushare
600962.SH,600962,国投中鲁,801010.SI,农林牧渔,801012.SI,农产品加工,850151.SI,果蔬加工,20040618,2026-08-01,tushare
300175.SZ,300175,朗源股份,801010.SI,农林牧渔,801012.SI,农产品加工,850151.SI,果蔬加工,20110127,2026-08-01,tushare
605198.SH,605198,安德利,801010.SI,农林牧渔,801012.SI,农产品加工,850151.SI,果蔬加工,20200909,2026-08-01,tushare
600251.SH,600251,冠农股份,801010.SI,农林牧渔,801012.SI,农产品加工,850151.SI,果蔬加工,20170522,2026-08-01,tushare
920023.BJ,920023.BJ,*ST田野,801010.SI,农林牧渔,801012.SI,农产品加工,850151.SI,果蔬加工,20230213,2026-08-01,tushare
600127.SH,600127,金健米业,801010.SI,农林牧渔,801012.SI,农产品加工,850152.SI,粮油加工,19980506,2026-08-01,tushare
603182.SH,603182,嘉华股份,801010.SI,农林牧渔,801012.SI,农产品加工,850152.SI,粮油加工,20220826,2026-08-01,tushare
002852.SZ,002852,道道全,801010.SI,农林牧渔,801012.SI,农产品加工,850152.SI,粮油加工,20170224,2026-08-01,tushare
000505.SZ,000505,京粮控股,801010.SI,农林牧渔,801012.SI,农产品加工,850152.SI,粮油加工,20180713,2026-08-01,tushare
300999.SZ,300999,金龙鱼,801010.SI,农林牧渔,801012.SI,农产品加工,850152.SI,粮油加工,20200921,2026-08-01,tushare
603231.SH,603231,索宝蛋白,801010.SI,农林牧渔,801012.SI,农产品加工,850152.SI,粮油加工,20231201,2026-08-01,tushare
000019.SZ,000019,深粮控股,801010.SI,农林牧渔,801012.SI,农产品加工,850152.SI,粮油加工,20210730,2026-08-01,tushare
600191.SH,600191,华资实业,801010.SI,农林牧渔,801012.SI,农产品加工,850154.SI,其他农产品加工,19981210,2026-08-01,tushare
000930.SZ,000930,中粮科技,801010.SI,农林牧渔,801012.SI,农产品加工,850154.SI,其他农产品加工,20110110,2026-08-01,tushare
002286.SZ,002286,保龄宝,801010.SI,农林牧渔,801012.SI,农产品加工,850154.SI,其他农产品加工,20090812,2026-08-01,tushare
300138.SZ,300138,晨光生物,801010.SI,农林牧渔,801012.SI,农产品加工,850154.SI,其他农产品加工,20101025,2026-08-01,tushare
300268.SZ,300268,佳沃食品,801010.SI,农林牧渔,801012.SI,农产品加工,850154.SI,其他农产品加工,20111010,2026-08-01,tushare
001338.SZ,001338,永顺泰,801010.SI,农林牧渔,801012.SI,农产品加工,850154.SI,其他农产品加工,20221028,2026-08-01,tushare
600737.SH,600737,中粮糖业,801010.SI,农林牧渔,801012.SI,农产品加工,850154.SI,其他农产品加工,20170629,2026-08-01,tushare
003030.SZ,003030,祖名股份,801010.SI,农林牧渔,801012.SI,农产品加工,850154.SI,其他农产品加工,20210730,2026-08-01,tushare
920273.BJ,920273.BJ,一致魔芋,801010.SI,农林牧渔,801012.SI,农产品加工,850154.SI,其他农产品加工,20241112,2026-08-01,tushare
002481.SZ,002481,双塔食品,801010.SI,农林牧渔,801012.SI,农产品加工,850154.SI,其他农产品加工,20210730,2026-08-01,tushare
000911.SZ,000911,*ST广糖,801010.SI,农林牧渔,801012.SI,农产品加工,850154.SI,其他农产品加工,19990104,2026-08-01,tushare
920371.BJ,920371.BJ,欧福蛋业,801010.SI,农林牧渔,801012.SI,农产品加工,850154.SI,其他农产品加工,20220109,2026-08-01,tushare
002604.SZ,002604,龙力退(退市),801010.SI,农林牧渔,801012.SI,农产品加工,850154.SI,其他农产品加工,20110720,2026-08-01,tushare
002220.SZ,002220,天宝退(退市),801010.SI,农林牧渔,801012.SI,农产品加工,850154.SI,其他农产品加工,20090601,2026-08-01,tushare
002086.SZ,002086,东方海洋,801010.SI,农林牧渔,801012.SI,农产品加工,850154.SI,其他农产品加工,20260701,2026-08-01,tushare
000735.SZ,000735,罗牛山,801010.SI,农林牧渔,801017.SI,养殖业,850172.SI,生猪养殖,19970611,2026-08-01,tushare
600975.SH,600975,新五丰,801010.SI,农林牧渔,801017.SI,养殖业,850172.SI,生猪养殖,20040608,2026-08-01,tushare
002157.SZ,002157,正邦科技,801010.SI,农林牧渔,801017.SI,养殖业,850172.SI,生猪养殖,20070816,2026-08-01,tushare
002124.SZ,002124,天邦食品,801010.SI,农林牧渔,801017.SI,养殖业,850172.SI,生猪养殖,20070402,2026-08-01,tushare
002714.SZ,002714,牧原股份,801010.SI,农林牧渔,801017.SI,养殖业,850172.SI,生猪养殖,20140122,2026-08-01,tushare
300498.SZ,300498,温氏股份,801010.SI,农林牧渔,801017.SI,养殖业,850172.SI,生猪养殖,20151102,2026-08-01,tushare
001201.SZ,001201,东瑞股份,801010.SI,农林牧渔,801017.SI,养殖业,850172.SI,生猪养殖,20210415,2026-08-01,tushare
603477.SH,603477,巨星农牧,801010.SI,农林牧渔,801017.SI,养殖业,850172.SI,生猪养殖,20220121,2026-08-01,tushare
605296.SH,605296,神农集团,801010.SI,农林牧渔,801017.SI,养殖业,850172.SI,生猪养殖,20210426,2026-08-01,tushare
000048.SZ,000048,京基智农,801010.SI,农林牧渔,801017.SI,养殖业,850172.SI,生猪养殖,20250811,2026-08-01,tushare
603717.SH,603717,天域生物,801010.SI,农林牧渔,801017.SI,养殖业,850172.SI,生猪养殖,20250811,2026-08-01,tushare
002477.SZ,002477,雏鹰退(退市),801010.SI,农林牧渔,801017.SI,养殖业,850172.SI,生猪养殖,20111010,2026-08-01,tushare
002234.SZ,002234,民和股份,801010.SI,农林牧渔,801017.SI,养殖业,850173.SI,肉鸡养殖,20080424,2026-08-01,tushare
002299.SZ,002299,圣农发展,801010.SI,农林牧渔,801017.SI,养殖业,850173.SI,肉鸡养殖,20090922,2026-08-01,tushare
002458.SZ,002458,益生股份,801010.SI,农林牧渔,801017.SI,养殖业,850173.SI,肉鸡养殖,20100729,2026-08-01,tushare
002746.SZ,002746,仙坛股份,801010.SI,农林牧渔,801017.SI,养殖业,850173.SI,肉鸡养殖,20150115,2026-08-01,tushare
002982.SZ,002982,湘佳股份,801010.SI,农林牧渔,801017.SI,养殖业,850173.SI,肉鸡养殖,20200408,2026-08-01,tushare
300761.SZ,300761,立华股份,801010.SI,农林牧渔,801017.SI,养殖业,850173.SI,肉鸡养殖,20190218,2026-08-01,tushare
300967.SZ,300967,晓鸣股份,801010.SI,农林牧渔,801017.SI,养殖业,850173.SI,肉鸡养殖,20210329,2026-08-01,tushare
301116.SZ,301116,益客食品,801010.SI,农林牧渔,801017.SI,养殖业,850173.SI,肉鸡养殖,20211231,2026-08-01,tushare
600965.SH,600965,*ST福成,801010.SI,农林牧渔,801017.SI,养殖业,850174.SI,其他养殖,20040712,2026-08-01,tushare
002321.SZ,002321,华英农业,801010.SI,农林牧渔,801017.SI,养殖业,850174.SI,其他养殖,20091130,2026-08-01,tushare
300313.SZ,300313,天山生物,801010.SI,农林牧渔,801017.SI,养殖业,850174.SI,其他养殖,20120117,2026-08-01,tushare
002505.SZ,002505,鹏都农牧(退市),801010.SI,农林牧渔,801017.SI,养殖业,850174.SI,其他养殖,20210730,2026-08-01,tushare
600201.SH,600201,生物股份,801010.SI,农林牧渔,801018.SI,动物保健Ⅱ,850181.SI,动物保健Ⅲ,19980115,2026-08-01,tushare
600195.SH,600195,中牧股份,801010.SI,农林牧渔,801018.SI,动物保健Ⅱ,850181.SI,动物保健Ⅲ,19990107,2026-08-01,tushare
300119.SZ,300119,瑞普生物,801010.SI,农林牧渔,801018.SI,动物保健Ⅱ,850181.SI,动物保健Ⅲ,20100906,2026-08-01,tushare
002688.SZ,002688,金河生物,801010.SI,农林牧渔,801018.SI,动物保健Ⅱ,850181.SI,动物保健Ⅲ,20120105,2026-08-01,tushare
002868.SZ,002868,绿康生化,801010.SI,农林牧渔,801018.SI,动物保健Ⅱ,850181.SI,动物保健Ⅲ,20170419,2026-08-01,tushare
688098.SH,688098,申联生物,801010.SI,农林牧渔,801018.SI,动物保健Ⅱ,850181.SI,动物保健Ⅲ,20191011,2026-08-01,tushare
300871.SZ,300871,回盛生物,801010.SI,农林牧渔,801018.SI,动物保健Ⅱ,850181.SI,动物保健Ⅲ,20200807,2026-08-01,tushare
688526.SH,688526,科前生物,801010.SI,农林牧渔,801018.SI,动物保健Ⅱ,850181.SI,动物保健Ⅲ,20200909,2026-08-01,tushare
920275.BJ,920275.BJ,驱动力,801010.SI,农林牧渔,801018.SI,动物保健Ⅱ,850181.SI,动物保健Ⅲ,20210125,2026-08-01,tushare
920729.BJ,920729.BJ,永顺生物,801010.SI,农林牧渔,801018.SI,动物保健Ⅱ,850181.SI,动物保健Ⅲ,20200727,2026-08-01,tushare
603566.SH,603566,普莱柯,801010.SI,农林牧渔,801018.SI,动物保健Ⅱ,850181.SI,动物保健Ⅲ,20150126,2026-08-01,tushare
920970.BJ,920970.BJ,大禹生物,801010.SI,农林牧渔,801018.SI,动物保健Ⅱ,850181.SI,动物保健Ⅲ,20220513,2026-08-01,tushare
002141.SZ,002141,贤丰控股,801010.SI,农林牧渔,801018.SI,动物保健Ⅱ,850181.SI,动物保健Ⅲ,20240730,2026-08-01,tushare
300186.SZ,300186,大华农(退市),801010.SI,农林牧渔,801018.SI,动物保健Ⅱ,850181.SI,动物保健Ⅲ,20110225,2026-08-01,tushare
300021.SZ,300021,大禹节水,801010.SI,农林牧渔,801019.SI,农业综合Ⅱ,850191.SI,农业综合Ⅲ,20090112,2026-08-01,tushare
920964.BJ,920964.BJ,润农节水,801010.SI,农林牧渔,801019.SI,农业综合Ⅱ,850191.SI,农业综合Ⅲ,20200727,2026-08-01,tushare
002556.SZ,002556,辉隆股份,801010.SI,农林牧渔,801019.SI,农业综合Ⅱ,850191.SI,农业综合Ⅲ,20210730,2026-08-01,tushare
000769.SZ,000769,*ST大菲(退市),801010.SI,农林牧渔,801019.SI,农业综合Ⅱ,850191.SI,农业综合Ⅲ,19970530,2026-08-01,tushare
000508.SZ,000508,琼民源A(退市),801010.SI,农林牧渔,801019.SI,农业综合Ⅱ,850191.SI,农业综合Ⅲ,19930430,2026-08-01,tushare
600672.SH,600672,*ST华圣(退市),801010.SI,农林牧渔,801019.SI,农业综合Ⅱ,850191.SI,农业综合Ⅲ,19930917,2026-08-01,tushare
000707.SZ,000707,双环科技,801030.SI,基础化工,801033.SI,化学原料,850321.SI,纯碱,19970415,2026-08-01,tushare
000822.SZ,000822,山东海化,801030.SI,基础化工,801033.SI,化学原料,850321.SI,纯碱,19980703,2026-08-01,tushare
000683.SZ,000683,博源化工,801030.SI,基础化工,801033.SI,化学原料,850321.SI,纯碱,20110110,2026-08-01,tushare
601065.SH,601065,江盐集团,801030.SI,基础化工,801033.SI,化学原料,850321.SI,纯碱,20230327,2026-08-01,tushare
600409.SH,600409,三友化工,801030.SI,基础化工,801033.SI,化学原料,850321.SI,纯碱,20220729,2026-08-01,tushare
600618.SH,600618,氯碱化工,801030.SI,基础化工,801033.SI,化学原料,850322.SI,氯碱,19921113,2026-08-01,tushare
000510.SZ,000510,新金路,801030.SI,基础化工,801033.SI,化学原料,850322.SI,氯碱,19930507,2026-08-01,tushare
002092.SZ,002092,中泰化学,801030.SI,基础化工,801033.SI,化学原料,850322.SI,氯碱,20061207,2026-08-01,tushare
000635.SZ,000635,英力特,801030.SI,基础化工,801033.SI,化学原料,850322.SI,氯碱,20070702,2026-08-01,tushare
600075.SH,600075,新疆天业,801030.SI,基础化工,801033.SI,化学原料,850322.SI,氯碱,20080102,2026-08-01,tushare
002386.SZ,002386,天原股份,801030.SI,基础化工,801033.SI,化学原料,850322.SI,氯碱,20100122,2026-08-01,tushare
601216.SH,601216,君正集团,801030.SI,基础化工,801033.SI,化学原料,850322.SI,氯碱,20110110,2026-08-01,tushare
000818.SZ,000818,航锦科技,801030.SI,基础化工,801033.SI,化学原料,850322.SI,氯碱,20170629,2026-08-01,tushare
600319.SH,600319,亚星化学,801030.SI,基础化工,801033.SI,化学原料,850322.SI,氯碱,20190724,2026-08-01,tushare
601568.SH,601568,北元化工,801030.SI,基础化工,801033.SI,化学原料,850322.SI,氯碱,20200924,2026-08-01,tushare
601678.SH,601678,滨化股份,801030.SI,基础化工,801033.SI,化学原料,850322.SI,氯碱,20190724,2026-08-01,tushare
002748.SZ,002748,世龙实业,801030.SI,基础化工,801033.SI,化学原料,850322.SI,氯碱,20210730,2026-08-01,tushare
603213.SH,603213,镇洋发展,801030.SI,基础化工,801033.SI,化学原料,850322.SI,氯碱,20211029,2026-08-01,tushare
600935.SH,600935,华塑股份,801030.SI,基础化工,801033.SI,化学原料,850322.SI,氯碱,20211112,2026-08-01,tushare
600091.SH,600091,退市明科(退市),801030.SI,基础化工,801033.SI,化学原料,850322.SI,氯碱,19970704,2026-08-01,tushare
600277.SH,600277,ST亿利(退市),801030.SI,基础化工,801033.SI,化学原料,850322.SI,氯碱,20170629,2026-08-01,tushare
002002.SZ,002002,ST鸿达(退市),801030.SI,基础化工,801033.SI,化学原料,850322.SI,氯碱,20170629,2026-08-01,tushare
600328.SH,600328,中盐化工,801030.SI,基础化工,801033.SI,化学原料,850323.SI,无机盐,20001222,2026-08-01,tushare
600367.SH,600367,红星发展,801030.SI,基础化工,801033.SI,化学原料,850323.SI,无机盐,20010320,2026-08-01,tushare
301256.SZ,301256,华融化学,801030.SI,基础化工,801033.SI,化学原料,850323.SI,无机盐,20220304,2026-08-01,tushare
603067.SH,603067,振华股份,801030.SI,基础化工,801033.SI,化学原料,850323.SI,无机盐,20160907,2026-08-01,tushare
003017.SZ,003017,大洋生物,801030.SI,基础化工,801033.SI,化学原料,850323.SI,无机盐,20201016,2026-08-01,tushare
600714.SH,600714,金瑞矿业,801030.SI,基础化工,801033.SI,化学原料,850323.SI,无机盐,20090601,2026-08-01,tushare
603299.SH,603299,苏盐井神,801030.SI,基础化工,801033.SI,化学原料,850323.SI,无机盐,20210730,2026-08-01,tushare
600929.SH,600929,雪天盐业,801030.SI,基础化工,801033.SI,化学原料,850323.SI,无机盐,20210730,2026-08-01,tushare
603663.SH,603663,三祥新材,801030.SI,基础化工,801033.SI,化学原料,850323.SI,无机盐,20210730,2026-08-01,tushare
600784.SH,600784,鲁银投资,801030.SI,基础化工,801033.SI,化学原料,850323.SI,无机盐,20250811,2026-08-01,tushare
000515.SZ,000515,攀渝钛业(退市),801030.SI,基础化工,801033.SI,化学原料,850323.SI,无机盐,19930712,2026-08-01,tushare
002648.SZ,002648,卫星化学,801030.SI,基础化工,801033.SI,化学原料,850324.SI,其他化学原料,20220729,2026-08-01,tushare
603938.SH,603938,三孚股份,801030.SI,基础化工,801033.SI,化学原料,850324.SI,其他化学原料,20220729,2026-08-01,tushare
300927.SZ,300927,江天化学,801030.SI,基础化工,801033.SI,化学原料,850324.SI,其他化学原料,20201223,2026-08-01,tushare
920489.BJ,920489.BJ,佳先股份,801030.SI,基础化工,801033.SI,化学原料,850324.SI,其他化学原料,20200727,2026-08-01,tushare
000691.SZ,000691,亚太实业,801030.SI,基础化工,801033.SI,化学原料,850324.SI,其他化学原料,20220729,2026-08-01,tushare
301118.SZ,301118,恒光股份,801030.SI,基础化工,801033.SI,化学原料,850324.SI,其他化学原料,20211105,2026-08-01,tushare
600955.SH,600955,维远股份,801030.SI,基础化工,801033.SI,化学原料,850324.SI,其他化学原料,20210827,2026-08-01,tushare
001217.SZ,001217,华尔泰,801030.SI,基础化工,801033.SI,化学原料,850324.SI,其他化学原料,20210913,2026-08-01,tushare
301069.SZ,301069,凯盛新材,801030.SI,基础化工,801033.SI,化学原料,850324.SI,其他化学原料,20210913,2026-08-01,tushare
300082.SZ,300082,奥克股份,801030.SI,基础化工,801033.SI,化学原料,850324.SI,其他化学原料,20210730,2026-08-01,tushare
002109.SZ,002109,ST兴化,801030.SI,基础化工,801033.SI,化学原料,850324.SI,其他化学原料,20210730,2026-08-01,tushare
600610.SH,600610,中毅达,801030.SI,基础化工,801033.SI,化学原料,850324.SI,其他化学原料,20210730,2026-08-01,tushare
920304.BJ,920304.BJ,迪尔化工,801030.SI,基础化工,801033.SI,化学原料,850324.SI,其他化学原料,20230427,2026-08-01,tushare
603113.SH,603113,金能科技,801030.SI,基础化工,801033.SI,化学原料,850324.SI,其他化学原料,20240521,2026-08-01,tushare
301190.SZ,301190,善水科技,801030.SI,基础化工,801033.SI,化学原料,850324.SI,其他化学原料,20240730,2026-08-01,tushare
600423.SH,600423,*ST柳化,801030.SI,基础化工,801033.SI,化学原料,850324.SI,其他化学原料,20240730,2026-08-01,tushare
002274.SZ,002274,华昌化工,801030.SI,基础化工,801033.SI,化学原料,850325.SI,煤化工,20220729,2026-08-01,tushare
600989.SH,600989,宝丰能源,801030.SI,基础化工,801033.SI,化学原料,850325.SI,煤化工,20210730,2026-08-01,tushare
600746.SH,600746,江苏索普,801030.SI,基础化工,801033.SI,化学原料,850325.SI,煤化工,20210730,2026-08-01,tushare
600623.SH,600623,华谊集团,801030.SI,基础化工,801033.SI,化学原料,850325.SI,煤化工,20210730,2026-08-01,tushare
600722.SH,600722,金牛化工,801030.SI,基础化工,801033.SI,化学原料,850325.SI,煤化工,20220729,2026-08-01,tushare
000990.SZ,000990,诚志股份,801030.SI,基础化工,801033.SI,化学原料,850325.SI,煤化工,20210730,2026-08-01,tushare
600844.SH,600844,金煤科技,801030.SI,基础化工,801033.SI,化学原料,850325.SI,煤化工,20210730,2026-08-01,tushare
000830.SZ,000830,鲁西化工,801030.SI,基础化工,801033.SI,化学原料,850325.SI,煤化工,20210730,2026-08-01,tushare
000545.SZ,000545,金浦钛业,801030.SI,基础化工,801033.SI,化学原料,850326.SI,钛白粉,20210730,2026-08-01,tushare
600727.SH,600727,鲁北化工,801030.SI,基础化工,801033.SI,化学原料,850326.SI,钛白粉,20210730,2026-08-01,tushare
300891.SZ,300891,惠云钛业,801030.SI,基础化工,801033.SI,化学原料,850326.SI,钛白粉,20210730,2026-08-01,tushare
002145.SZ,002145,钛能化学,801030.SI,基础化工,801033.SI,化学原料,850326.SI,钛白粉,20210730,2026-08-01,tushare
002601.SZ,002601,龙佰集团,801030.SI,基础化工,801033.SI,化学原料,850326.SI,钛白粉,20210730,2026-08-01,tushare
002136.SZ,002136,安纳达,801030.SI,基础化工,801033.SI,化学原料,850326.SI,钛白粉,20210730,2026-08-01,tushare
002319.SZ,002319,乐通股份,801030.SI,基础化工,801034.SI,化学制品,850335.SI,涂料油墨,20090123,2026-08-01,tushare
000565.SZ,000565,渝三峡A,801030.SI,基础化工,801034.SI,化学制品,850335.SI,涂料油墨,20110110,2026-08-01,tushare
603110.SH,603110,东方材料,801030.SI,基础化工,801034.SI,化学制品,850335.SI,涂料油墨,20170925,2026-08-01,tushare
300665.SZ,300665,飞鹿股份,801030.SI,基础化工,801034.SI,化学制品,850335.SI,涂料油墨,20170605,2026-08-01,tushare
300758.SZ,300758,七彩化学,801030.SI,基础化工,801034.SI,化学制品,850335.SI,涂料油墨,20190124,2026-08-01,tushare
688571.SH,688571,杭华股份,801030.SI,基础化工,801034.SI,化学制品,850335.SI,涂料油墨,20201125,2026-08-01,tushare
301209.SZ,301209,联合化学,801030.SI,基础化工,801034.SI,化学制品,850335.SI,涂料油墨,20220812,2026-08-01,tushare
300522.SZ,300522,世名科技,801030.SI,基础化工,801034.SI,化学制品,850335.SI,涂料油墨,20180713,2026-08-01,tushare
688129.SH,688129,东来技术,801030.SI,基础化工,801034.SI,化学制品,850335.SI,涂料油墨,20201016,2026-08-01,tushare
301036.SZ,301036,双乐股份,801030.SI,基础化工,801034.SI,化学制品,850335.SI,涂料油墨,20210712,2026-08-01,tushare
603823.SH,603823,百合花,801030.SI,基础化工,801034.SI,化学制品,850335.SI,涂料油墨,20161212,2026-08-01,tushare
688157.SH,688157,松井股份,801030.SI,基础化工,801034.SI,化学制品,850335.SI,涂料油墨,20200525,2026-08-01,tushare
300225.SZ,300225,金力泰,801030.SI,基础化工,801034.SI,化学制品,850335.SI,涂料油墨,20110124,2026-08-01,tushare
301683.SZ,301683,慧谷新材,801030.SI,基础化工,801034.SI,化学制品,850335.SI,涂料油墨,20260323,2026-08-01,tushare
301037.SZ,301037,保立佳,801030.SI,基础化工,801034.SI,化学制品,850335.SI,涂料油墨,20210730,2026-08-01,tushare
920206.BJ,920206.BJ,彩客科技,801030.SI,基础化工,801034.SI,化学制品,850335.SI,涂料油墨,20260527,2026-08-01,tushare
603062.SH,603062,麦加芯彩,801030.SI,基础化工,801034.SI,化学制品,850335.SI,涂料油墨,20231027,2026-08-01,tushare
001335.SZ,001335,信凯科技,801030.SI,基础化工,801034.SI,化学制品,850335.SI,涂料油墨,20250321,2026-08-01,tushare
002037.SZ,002037,保利联合,801030.SI,基础化工,801034.SI,化学制品,850337.SI,民爆制品,20040907,2026-08-01,tushare
002096.SZ,002096,易普力,801030.SI,基础化工,801034.SI,化学制品,850337.SI,民爆制品,20061220,2026-08-01,tushare
002683.SZ,002683,广东宏大,801030.SI,基础化工,801034.SI,化学制品,850337.SI,民爆制品,20120130,2026-08-01,tushare
002827.SZ,002827,高争民爆,801030.SI,基础化工,801034.SI,化学制品,850337.SI,民爆制品,20161201,2026-08-01,tushare
002226.SZ,002226,江南化工,801030.SI,基础化工,801034.SI,化学制品,850337.SI,民爆制品,20080414,2026-08-01,tushare
603227.SH,603227,雪峰科技,801030.SI,基础化工,801034.SI,化学制品,850337.SI,民爆制品,20150106,2026-08-01,tushare
002246.SZ,002246,北化股份,801030.SI,基础化工,801034.SI,化学制品,850337.SI,民爆制品,20170629,2026-08-01,tushare
002917.SZ,002917,金奥博,801030.SI,基础化工,801034.SI,化学制品,850337.SI,民爆制品,20171208,2026-08-01,tushare
603977.SH,603977,国泰集团,801030.SI,基础化工,801034.SI,化学制品,850337.SI,民爆制品,20180713,2026-08-01,tushare
003002.SZ,003002,壶化股份,801030.SI,基础化工,801034.SI,化学制品,850337.SI,民爆制品,20200904,2026-08-01,tushare
002360.SZ,002360,ST同德,801030.SI,基础化工,801034.SI,化学制品,850337.SI,民爆制品,20100104,2026-08-01,tushare
002783.SZ,002783,凯龙股份,801030.SI,基础化工,801034.SI,化学制品,850337.SI,民爆制品,20151209,2026-08-01,tushare
002497.SZ,002497,雅化集团,801030.SI,基础化工,801034.SI,化学制品,850337.SI,民爆制品,20240730,2026-08-01,tushare
600352.SH,600352,浙江龙盛,801030.SI,基础化工,801034.SI,化学制品,850338.SI,纺织化学制品,20080102,2026-08-01,tushare
002054.SZ,002054,德美化工,801030.SI,基础化工,801034.SI,化学制品,850338.SI,纺织化学制品,20080102,2026-08-01,tushare
603188.SH,603188,亚邦股份,801030.SI,基础化工,801034.SI,化学制品,850338.SI,纺织化学制品,20140110,2026-08-01,tushare
603980.SH,603980,吉华集团,801030.SI,基础化工,801034.SI,化学制品,850338.SI,纺织化学制品,20170605,2026-08-01,tushare
300798.SZ,300798,锦鸡股份,801030.SI,基础化工,801034.SI,化学制品,850338.SI,纺织化学制品,20191021,2026-08-01,tushare
603790.SH,603790,雅运股份,801030.SI,基础化工,801034.SI,化学制品,850338.SI,纺织化学制品,20180831,2026-08-01,tushare
300067.SZ,300067,安诺其,801030.SI,基础化工,801034.SI,化学制品,850338.SI,纺织化学制品,20100111,2026-08-01,tushare
002440.SZ,002440,闰土股份,801030.SI,基础化工,801034.SI,化学制品,850338.SI,纺织化学制品,20100111,2026-08-01,tushare
603172.SH,603172,万丰股份,801030.SI,基础化工,801034.SI,化学制品,850338.SI,纺织化学制品,20230504,2026-08-01,tushare
605566.SH,605566,福莱蒽特,801030.SI,基础化工,801034.SI,化学制品,850338.SI,纺织化学制品,20211015,2026-08-01,tushare
300107.SZ,300107,建新股份,801030.SI,基础化工,801034.SI,化学制品,850338.SI,纺织化学制品,20210730,2026-08-01,tushare
301585.SZ,301585,蓝宇股份,801030.SI,基础化工,801034.SI,化学制品,850338.SI,纺织化学制品,20241206,2026-08-01,tushare
301618.SZ,301618,长联科技,801030.SI,基础化工,801034.SI,化学制品,850338.SI,纺织化学制品,20240913,2026-08-01,tushare
603010.SH,603010,万盛股份,801030.SI,基础化工,801034.SI,化学制品,850339.SI,其他化学制品,20220729,2026-08-01,tushare
688357.SH,688357,建龙微纳,801030.SI,基础化工,801034.SI,化学制品,850339.SI,其他化学制品,20220729,2026-08-01,tushare
300163.SZ,300163,先锋新材,801030.SI,基础化工,801034.SI,化学制品,850339.SI,其他化学制品,20110104,2026-08-01,tushare
300174.SZ,300174,元力股份,801030.SI,基础化工,801034.SI,化学制品,850339.SI,其他化学制品,20110124,2026-08-01,tushare
002549.SZ,002549,凯美特气,801030.SI,基础化工,801034.SI,化学制品,850339.SI,其他化学制品,20111010,2026-08-01,tushare
603065.SH,603065,宿迁联盛,801030.SI,基础化工,801034.SI,化学制品,850339.SI,其他化学制品,20230213,2026-08-01,tushare
300169.SZ,300169,天晟新材,801030.SI,基础化工,801034.SI,化学制品,850339.SI,其他化学制品,20110114,2026-08-01,tushare
603822.SH,603822,ST嘉澳,801030.SI,基础化工,801034.SI,化学制品,850339.SI,其他化学制品,20160418,2026-08-01,tushare
002802.SZ,002802,洪汇新材,801030.SI,基础化工,801034.SI,化学制品,850339.SI,其他化学制品,20160624,2026-08-01,tushare
002809.SZ,002809,红墙股份,801030.SI,基础化工,801034.SI,化学制品,850339.SI,其他化学制品,20160823,2026-08-01,tushare
002810.SZ,002810,山东赫达,801030.SI,基础化工,801034.SI,化学制品,850339.SI,其他化学制品,20160823,2026-08-01,tushare
300530.SZ,300530,领湃科技,801030.SI,基础化工,801034.SI,化学制品,850339.SI,其他化学制品,20160804,2026-08-01,tushare
301212.SZ,301212,联盛化学,801030.SI,基础化工,801034.SI,化学制品,850339.SI,其他化学制品,20220325,2026-08-01,tushare
300405.SZ,300405,科隆股份,801030.SI,基础化工,801034.SI,化学制品,850339.SI,其他化学制品,20140124,2026-08-01,tushare
600273.SH,600273,嘉化能源,801030.SI,基础化工,801034.SI,化学制品,850339.SI,其他化学制品,20150701,2026-08-01,tushare
603916.SH,603916,苏博特,801030.SI,基础化工,801034.SI,化学制品,850339.SI,其他化学制品,20171108,2026-08-01,tushare
300641.SZ,300641,正丹股份,801030.SI,基础化工,801034.SI,化学制品,850339.SI,其他化学制品,20170330,2026-08-01,tushare
301286.SZ,301286,侨源股份,801030.SI,基础化工,801034.SI,化学制品,850339.SI,其他化学制品,20170419,2026-08-01,tushare
603125.SH,603125,常青科技,801030.SI,基础化工,801034.SI,化学制品,850339.SI,其他化学制品,20230327,2026-08-01,tushare
300801.SZ,300801,泰和科技,801030.SI,基础化工,801034.SI,化学制品,850339.SI,其他化学制品,20191028,2026-08-01,tushare
603217.SH,603217,元利科技,801030.SI,基础化工,801034.SI,化学制品,850339.SI,其他化学制品,20190520,2026-08-01,tushare
688199.SH,688199,久日新材,801030.SI,基础化工,801034.SI,化学制品,850339.SI,其他化学制品,20191021,2026-08-01,tushare
000881.SZ,000881,中广核技,801030.SI,基础化工,801034.SI,化学制品,850339.SI,其他化学制品,20190724,2026-08-01,tushare
002971.SZ,002971,和远气体,801030.SI,基础化工,801034.SI,化学制品,850339.SI,其他化学制品,20191205,2026-08-01,tushare
603867.SH,603867,新化股份,801030.SI,基础化工,801034.SI,化学制品,850339.SI,其他化学制品,20190614,2026-08-01,tushare
603948.SH,603948,建业股份,801030.SI,基础化工,801034.SI,化学制品,850339.SI,其他化学制品,20200217,2026-08-01,tushare
688179.SH,688179,阿拉丁,801030.SI,基础化工,801034.SI,化学制品,850339.SI,其他化学制品,20201016,2026-08-01,tushare
688065.SH,688065,凯赛生物,801030.SI,基础化工,801034.SI,化学制品,850339.SI,其他化学制品,20200727,2026-08-01,tushare
605366.SH,605366,宏柏新材,801030.SI,基础化工,801034.SI,化学制品,850339.SI,其他化学制品,20200727,2026-08-01,tushare
688398.SH,688398,赛特新材,801030.SI,基础化工,801034.SI,化学制品,850339.SI,其他化学制品,20200122,2026-08-01,tushare
300721.SZ,300721,怡达股份,801030.SI,基础化工,801034.SI,化学制品,850339.SI,其他化学制品,20171108,2026-08-01,tushare
600500.SH,600500,中化国际,801030.SI,基础化工,801034.SI,化学制品,850339.SI,其他化学制品,20180713,2026-08-01,tushare
600165.SH,600165,ST宁科,801030.SI,基础化工,801034.SI,化学制品,850339.SI,其他化学制品,20190724,2026-08-01,tushare
688133.SH,688133,泰坦科技,801030.SI,基础化工,801034.SI,化学制品,850339.SI,其他化学制品,20201016,2026-08-01,tushare
688625.SH,688625,呈和科技,801030.SI,基础化工,801034.SI,化学制品,850339.SI,其他化学制品,20210521,2026-08-01,tushare
688659.SH,688659,元琛科技,801030.SI,基础化工,801034.SI,化学制品,850339.SI,其他化学制品,20210319,2026-08-01,tushare
688350.SH,688350,富淼科技,801030.SI,基础化工,801034.SI,化学制品,850339.SI,其他化学制品,20210114,2026-08-01,tushare
688267.SH,688267,中触媒,801030.SI,基础化工,801034.SI,化学制品,850339.SI,其他化学制品,20220121,2026-08-01,tushare
002453.SZ,002453,华软科技,801030.SI,基础化工,801034.SI,化学制品,850339.SI,其他化学制品,20100118,2026-08-01,tushare
002666.SZ,002666,德联集团,801030.SI,基础化工,801034.SI,化学制品,850339.SI,其他化学制品,20120116,2026-08-01,tushare
920957.BJ,920957.BJ,汉维科技,801030.SI,基础化工,801034.SI,化学制品,850339.SI,其他化学制品,20221214,2026-08-01,tushare
001358.SZ,001358,兴欣新材,801030.SI,基础化工,801034.SI,化学制品,850339.SI,其他化学制品,20231201,2026-08-01,tushare
603004.SH,603004,鼎龙科技,801030.SI,基础化工,801034.SI,化学制品,850339.SI,其他化学制品,20231208,2026-08-01,tushare
300610.SZ,300610,晨化股份,801030.SI,基础化工,801034.SI,化学制品,850339.SI,其他化学制品,20220729,2026-08-01,tushare
300596.SZ,300596,利安隆,801030.SI,基础化工,801034.SI,化学制品,850339.SI,其他化学制品,20220729,2026-08-01,tushare
002637.SZ,002637,赞宇科技,801030.SI,基础化工,801034.SI,化学制品,850339.SI,其他化学制品,20110117,2026-08-01,tushare
300109.SZ,300109,新开源,801030.SI,基础化工,801034.SI,化学制品,850339.SI,其他化学制品,20100111,2026-08-01,tushare
301100.SZ,301100,风光股份,801030.SI,基础化工,801034.SI,化学制品,850339.SI,其他化学制品,20211203,2026-08-01,tushare
603255.SH,603255,鼎际得,801030.SI,基础化工,801034.SI,化学制品,850339.SI,其他化学制品,20220715,2026-08-01,tushare
300214.SZ,300214,日科化学,801030.SI,基础化工,801034.SI,化学制品,850339.SI,其他化学制品,20220729,2026-08-01,tushare
603181.SH,603181,皇马科技,801030.SI,基础化工,801034.SI,化学制品,850339.SI,其他化学制品,20220729,2026-08-01,tushare
920099.BJ,920099.BJ,瑞华技术,801030.SI,基础化工,801034.SI,化学制品,850339.SI,其他化学制品,20240925,2026-08-01,tushare
300535.SZ,300535,达威股份,801030.SI,基础化工,801034.SI,化学制品,850339.SI,其他化学制品,20210730,2026-08-01,tushare
603722.SH,603722,阿科力,801030.SI,基础化工,801034.SI,化学制品,850339.SI,其他化学制品,20220729,2026-08-01,tushare
002591.SZ,002591,恒大高新,801030.SI,基础化工,801034.SI,化学制品,850339.SI,其他化学制品,20220729,2026-08-01,tushare
300637.SZ,300637,扬帆新材,801030.SI,基础化工,801034.SI,化学制品,850339.SI,其他化学制品,20220729,2026-08-01,tushare
688269.SH,688269,凯立新材,801030.SI,基础化工,801034.SI,化学制品,850339.SI,其他化学制品,20220729,2026-08-01,tushare
920402.BJ,920402.BJ,硅烷科技,801030.SI,基础化工,801034.SI,化学制品,850339.SI,其他化学制品,20241112,2026-08-01,tushare
603120.SH,603120,肯特催化,801030.SI,基础化工,801034.SI,化学制品,850339.SI,其他化学制品,20250328,2026-08-01,tushare
301149.SZ,301149,隆华新材,801030.SI,基础化工,801034.SI,化学制品,850339.SI,其他化学制品,20211029,2026-08-01,tushare
301059.SZ,301059,金三江,801030.SI,基础化工,801034.SI,化学制品,850339.SI,其他化学制品,20210827,2026-08-01,tushare
301077.SZ,301077,星华新材,801030.SI,基础化工,801034.SI,化学制品,850339.SI,其他化学制品,20210917,2026-08-01,tushare
001218.SZ,001218,丽臣实业,801030.SI,基础化工,801034.SI,化学制品,850339.SI,其他化学制品,20210917,2026-08-01,tushare
301076.SZ,301076,新瀚新材,801030.SI,基础化工,801034.SI,化学制品,850339.SI,其他化学制品,20210917,2026-08-01,tushare
301617.SZ,301617,博苑新材,801030.SI,基础化工,801034.SI,化学制品,850339.SI,其他化学制品,20241122,2026-08-01,tushare
688602.SH,688602,康鹏科技,801030.SI,基础化工,801034.SI,化学制品,850339.SI,其他化学制品,20250425,2026-08-01,tushare
301518.SZ,301518,长华化学,801030.SI,基础化工,801034.SI,化学制品,850339.SI,其他化学制品,20230714,2026-08-01,tushare
300072.SZ,300072,海新能科,801030.SI,基础化工,801034.SI,化学制品,850339.SI,其他化学制品,20230821,2026-08-01,tushare
301373.SZ,301373,凌玮科技,801030.SI,基础化工,801034.SI,化学制品,850339.SI,其他化学制品,20230120,2026-08-01,tushare
688196.SH,688196,卓越新能,801030.SI,基础化工,801034.SI,化学制品,850339.SI,其他化学制品,20191111,2026-08-01,tushare
002455.SZ,002455,百川股份,801030.SI,基础化工,801034.SI,化学制品,850339.SI,其他化学制品,20100104,2026-08-01,tushare
300910.SZ,300910,瑞丰新材,801030.SI,基础化工,801034.SI,化学制品,850339.SI,其他化学制品,20201123,2026-08-01,tushare
920519.BJ,920519.BJ,万德股份,801030.SI,基础化工,801034.SI,化学制品,850339.SI,其他化学制品,20230920,2026-08-01,tushare
920033.BJ,920033.BJ,康普化学,801030.SI,基础化工,801034.SI,化学制品,850339.SI,其他化学制品,20221214,2026-08-01,tushare
920471.BJ,920471.BJ,美邦科技,801030.SI,基础化工,801034.SI,化学制品,850339.SI,其他化学制品,20230530,2026-08-01,tushare
920974.BJ,920974.BJ,凯大催化,801030.SI,基础化工,801034.SI,化学制品,850339.SI,其他化学制品,20230224,2026-08-01,tushare
002430.SZ,002430,杭氧股份,801030.SI,基础化工,801034.SI,化学制品,850339.SI,其他化学制品,20240730,2026-08-01,tushare
603334.SH,603334,丰倍生物,801030.SI,基础化工,801034.SI,化学制品,850339.SI,其他化学制品,20251017,2026-08-01,tushare
603276.SH,603276,恒兴新材,801030.SI,基础化工,801034.SI,化学制品,850339.SI,其他化学制品,20230908,2026-08-01,tushare
603285.SH,603285,键邦股份,801030.SI,基础化工,801034.SI,化学制品,850339.SI,其他化学制品,20240704,2026-08-01,tushare
920193.BJ,920193.BJ,吉和昌,801030.SI,基础化工,801034.SI,化学制品,850339.SI,其他化学制品,20260626,2026-08-01,tushare
600160.SH,600160,巨化股份,801030.SI,基础化工,801034.SI,化学制品,850382.SI,氟化工,19980626,2026-08-01,tushare
002326.SZ,002326,永太科技,801030.SI,基础化工,801034.SI,化学制品,850382.SI,氟化工,20091204,2026-08-01,tushare
002407.SZ,002407,多氟多,801030.SI,基础化工,801034.SI,化学制品,850382.SI,氟化工,20110110,2026-08-01,tushare
603505.SH,603505,金石资源,801030.SI,基础化工,801034.SI,化学制品,850382.SI,氟化工,20170419,2026-08-01,tushare
002915.SZ,002915,中欣氟材,801030.SI,基础化工,801034.SI,化学制品,850382.SI,氟化工,20171121,2026-08-01,tushare
603379.SH,603379,三美股份,801030.SI,基础化工,801034.SI,化学制品,850382.SI,氟化工,20190318,2026-08-01,tushare
605020.SH,605020,永和股份,801030.SI,基础化工,801034.SI,化学制品,850382.SI,氟化工,20210630,2026-08-01,tushare
300343.SZ,300343,联创股份,801030.SI,基础化工,801034.SI,化学制品,850382.SI,氟化工,20230704,2026-08-01,tushare
600378.SH,600378,昊华科技,801030.SI,基础化工,801034.SI,化学制品,850382.SI,氟化工,20210730,2026-08-01,tushare
603310.SH,603310,巍华新材,801030.SI,基础化工,801034.SI,化学制品,850382.SI,氟化工,20240802,2026-08-01,tushare
600309.SH,600309,万华化学,801030.SI,基础化工,801034.SI,化学制品,850372.SI,聚氨酯,20010105,2026-08-01,tushare
002165.SZ,002165,红宝丽,801030.SI,基础化工,801034.SI,化学制品,850372.SI,聚氨酯,20070822,2026-08-01,tushare
603192.SH,603192,汇得科技,801030.SI,基础化工,801034.SI,化学制品,850372.SI,聚氨酯,20180809,2026-08-01,tushare
300848.SZ,300848,美瑞新材,801030.SI,基础化工,801034.SI,化学制品,850372.SI,聚氨酯,20200618,2026-08-01,tushare
300321.SZ,300321,同大股份,801030.SI,基础化工,801034.SI,化学制品,850372.SI,聚氨酯,20120116,2026-08-01,tushare
300200.SZ,300200,高盟新材,801030.SI,基础化工,801034.SI,化学制品,850372.SI,聚氨酯,20111010,2026-08-01,tushare
600230.SH,600230,沧州大化,801030.SI,基础化工,801034.SI,化学制品,850372.SI,聚氨酯,20111010,2026-08-01,tushare
603041.SH,603041,美思德,801030.SI,基础化工,801034.SI,化学制品,850372.SI,聚氨酯,20170320,2026-08-01,tushare
920261.BJ,920261.BJ,一诺威,801030.SI,基础化工,801034.SI,化学制品,850372.SI,聚氨酯,20230407,2026-08-01,tushare
301220.SZ,301220,亚香股份,801030.SI,基础化工,801034.SI,化学制品,850135.SI,食品及饲料添加剂,20220602,2026-08-01,tushare
002166.SZ,002166,莱茵生物,801030.SI,基础化工,801034.SI,化学制品,850135.SI,食品及饲料添加剂,20220729,2026-08-01,tushare
301156.SZ,301156,美农生物,801030.SI,基础化工,801034.SI,化学制品,850135.SI,食品及饲料添加剂,20220610,2026-08-01,tushare
603235.SH,603235,天新药业,801030.SI,基础化工,801034.SI,化学制品,850135.SI,食品及饲料添加剂,20220624,2026-08-01,tushare
603739.SH,603739,蔚蓝生物,801030.SI,基础化工,801034.SI,化学制品,850135.SI,食品及饲料添加剂,20220729,2026-08-01,tushare
600873.SH,600873,梅花生物,801030.SI,基础化工,801034.SI,化学制品,850135.SI,食品及饲料添加剂,20220729,2026-08-01,tushare
301206.SZ,301206,三元生物,801030.SI,基础化工,801034.SI,化学制品,850135.SI,食品及饲料添加剂,20220114,2026-08-01,tushare
920016.BJ,920016.BJ,中草香料,801030.SI,基础化工,801034.SI,化学制品,850135.SI,食品及饲料添加剂,20240913,2026-08-01,tushare
605077.SH,605077,华康股份,801030.SI,基础化工,801034.SI,化学制品,850135.SI,食品及饲料添加剂,20210730,2026-08-01,tushare
688089.SH,688089,嘉必优,801030.SI,基础化工,801034.SI,化学制品,850135.SI,食品及饲料添加剂,20210730,2026-08-01,tushare
600299.SH,600299,安迪苏,801030.SI,基础化工,801034.SI,化学制品,850135.SI,食品及饲料添加剂,20210730,2026-08-01,tushare
600866.SH,600866,星湖科技,801030.SI,基础化工,801034.SI,化学制品,850135.SI,食品及饲料添加剂,20210730,2026-08-01,tushare
688639.SH,688639,华恒生物,801030.SI,基础化工,801034.SI,化学制品,850135.SI,食品及饲料添加剂,20210730,2026-08-01,tushare
002597.SZ,002597,金禾实业,801030.SI,基础化工,801034.SI,化学制品,850135.SI,食品及饲料添加剂,20210730,2026-08-01,tushare
300858.SZ,300858,科拓生物,801030.SI,基础化工,801034.SI,化学制品,850135.SI,食品及饲料添加剂,20210730,2026-08-01,tushare
002562.SZ,002562,兄弟科技,801030.SI,基础化工,801034.SI,化学制品,850135.SI,食品及饲料添加剂,20210730,2026-08-01,tushare
603020.SH,603020,爱普股份,801030.SI,基础化工,801034.SI,化学制品,850135.SI,食品及饲料添加剂,20210730,2026-08-01,tushare
605016.SH,605016,百龙创园,801030.SI,基础化工,801034.SI,化学制品,850135.SI,食品及饲料添加剂,20210730,2026-08-01,tushare
300829.SZ,300829,金丹科技,801030.SI,基础化工,801034.SI,化学制品,850135.SI,食品及饲料添加剂,20210730,2026-08-01,tushare
603968.SH,603968,醋化股份,801030.SI,基础化工,801034.SI,化学制品,850135.SI,食品及饲料添加剂,20210730,2026-08-01,tushare
300741.SZ,300741,华宝股份,801030.SI,基础化工,801034.SI,化学制品,850135.SI,食品及饲料添加剂,20210730,2026-08-01,tushare
920422.BJ,920422.BJ,润普食品,801030.SI,基础化工,801034.SI,化学制品,850135.SI,食品及饲料添加剂,20230224,2026-08-01,tushare
603079.SH,603079,圣达生物,801030.SI,基础化工,801034.SI,化学制品,850135.SI,食品及饲料添加剂,20240730,2026-08-01,tushare
002001.SZ,002001,新和成,801030.SI,基础化工,801034.SI,化学制品,850135.SI,食品及饲料添加剂,20240807,2026-08-01,tushare
300886.SZ,300886,华业香料,801030.SI,基础化工,801034.SI,化学制品,850135.SI,食品及饲料添加剂,20260701,2026-08-01,tushare
920015.BJ,920015.BJ,锦华新材,801030.SI,基础化工,801034.SI,化学制品,850136.SI,有机硅,20250925,2026-08-01,tushare
002909.SZ,002909,集泰股份,801030.SI,基础化工,801034.SI,化学制品,850136.SI,有机硅,20210730,2026-08-01,tushare
603260.SH,603260,合盛硅业,801030.SI,基础化工,801034.SI,化学制品,850136.SI,有机硅,20220729,2026-08-01,tushare
002211.SZ,002211,ST宏达,801030.SI,基础化工,801034.SI,化学制品,850136.SI,有机硅,20210730,2026-08-01,tushare
300041.SZ,300041,回天新材,801030.SI,基础化工,801034.SI,化学制品,850136.SI,有机硅,20210730,2026-08-01,tushare
605399.SH,605399,晨光新材,801030.SI,基础化工,801034.SI,化学制品,850136.SI,有机硅,20210730,2026-08-01,tushare
300727.SZ,300727,润禾材料,801030.SI,基础化工,801034.SI,化学制品,850136.SI,有机硅,20210730,2026-08-01,tushare
300821.SZ,300821,东岳硅材,801030.SI,基础化工,801034.SI,化学制品,850136.SI,有机硅,20210730,2026-08-01,tushare
603155.SH,603155,新亚强,801030.SI,基础化工,801034.SI,化学制品,850136.SI,有机硅,20210730,2026-08-01,tushare
603281.SH,603281,江瀚新材,801030.SI,基础化工,801034.SI,化学制品,850136.SI,有机硅,20230106,2026-08-01,tushare
300019.SZ,300019,硅宝科技,801030.SI,基础化工,801034.SI,化学制品,850136.SI,有机硅,20210730,2026-08-01,tushare
301283.SZ,301283,聚胶股份,801030.SI,基础化工,801034.SI,化学制品,850137.SI,胶黏剂及胶带,20220819,2026-08-01,tushare
603051.SH,603051,鹿山新材,801030.SI,基础化工,801034.SI,化学制品,850137.SI,胶黏剂及胶带,20220311,2026-08-01,tushare
603681.SH,603681,永冠新材,801030.SI,基础化工,801034.SI,化学制品,850137.SI,胶黏剂及胶带,20210730,2026-08-01,tushare
002669.SZ,002669,康达新材,801030.SI,基础化工,801034.SI,化学制品,850137.SI,胶黏剂及胶带,20210730,2026-08-01,tushare
603683.SH,603683,晶华新材,801030.SI,基础化工,801034.SI,化学制品,850137.SI,胶黏剂及胶带,20210730,2026-08-01,tushare
000936.SZ,000936,华西股份,801030.SI,基础化工,801032.SI,化学纤维,850341.SI,涤纶,19990810,2026-08-01,tushare
002206.SZ,002206,海利得,801030.SI,基础化工,801032.SI,化学纤维,850341.SI,涤纶,20080102,2026-08-01,tushare
002427.SZ,002427,尤夫股份,801030.SI,基础化工,801032.SI,化学纤维,850341.SI,涤纶,20100107,2026-08-01,tushare
603073.SH,603073,彩蝶实业,801030.SI,基础化工,801032.SI,化学纤维,850341.SI,涤纶,20230213,2026-08-01,tushare
603225.SH,603225,新凤鸣,801030.SI,基础化工,801032.SI,化学纤维,850341.SI,涤纶,20170330,2026-08-01,tushare
603332.SH,603332,苏州龙杰,801030.SI,基础化工,801032.SI,化学纤维,850341.SI,涤纶,20190104,2026-08-01,tushare
603406.SH,603406,天富龙,801030.SI,基础化工,801032.SI,化学纤维,850341.SI,涤纶,20250718,2026-08-01,tushare
002998.SZ,002998,优彩资源,801030.SI,基础化工,801032.SI,化学纤维,850341.SI,涤纶,20200821,2026-08-01,tushare
600370.SH,600370,*ST三房,801030.SI,基础化工,801032.SI,化学纤维,850341.SI,涤纶,20220729,2026-08-01,tushare
301057.SZ,301057,汇隆新材,801030.SI,基础化工,801032.SI,化学纤维,850341.SI,涤纶,20210820,2026-08-01,tushare
000832.SZ,000832,*ST龙涤(退市),801030.SI,基础化工,801032.SI,化学纤维,850341.SI,涤纶,19980825,2026-08-01,tushare
600889.SH,600889,*ST京化,801030.SI,基础化工,801032.SI,化学纤维,850343.SI,粘胶,19960308,2026-08-01,tushare
000420.SZ,000420,吉林化纤,801030.SI,基础化工,801032.SI,化学纤维,850343.SI,粘胶,19960802,2026-08-01,tushare
000677.SZ,000677,ST海龙,801030.SI,基础化工,801032.SI,化学纤维,850343.SI,粘胶,20210730,2026-08-01,tushare
000949.SZ,000949,新乡化纤,801030.SI,基础化工,801032.SI,化学纤维,850343.SI,粘胶,20240730,2026-08-01,tushare
600063.SH,600063,皖维高新,801030.SI,基础化工,801032.SI,化学纤维,850344.SI,其他化学纤维,19970528,2026-08-01,tushare
688295.SH,688295,中复神鹰,801030.SI,基础化工,801032.SI,化学纤维,850344.SI,其他化学纤维,20220318,2026-08-01,tushare
300876.SZ,300876,蒙泰高新,801030.SI,基础化工,801032.SI,化学纤维,850344.SI,其他化学纤维,20200807,2026-08-01,tushare
920077.BJ,920077.BJ,吉林碳谷,801030.SI,基础化工,801032.SI,化学纤维,850344.SI,其他化学纤维,20210831,2026-08-01,tushare
688722.SH,688722,同益中,801030.SI,基础化工,801032.SI,化学纤维,850344.SI,其他化学纤维,20210924,2026-08-01,tushare
002254.SZ,002254,泰和新材,801030.SI,基础化工,801032.SI,化学纤维,850344.SI,其他化学纤维,20230704,2026-08-01,tushare
300905.SZ,300905,宝丽迪,801030.SI,基础化工,801032.SI,化学纤维,850344.SI,其他化学纤维,20240730,2026-08-01,tushare
001369.SZ,001369,双欣材料,801030.SI,基础化工,801032.SI,化学纤维,850344.SI,其他化学纤维,20251212,2026-08-01,tushare
002064.SZ,002064,华峰化学,801030.SI,基础化工,801032.SI,化学纤维,850345.SI,氨纶,20080102,2026-08-01,tushare
000782.SZ,000782,恒申新材,801030.SI,基础化工,801032.SI,化学纤维,850346.SI,锦纶,20210730,2026-08-01,tushare
605166.SH,605166,聚合顺,801030.SI,基础化工,801032.SI,化学纤维,850346.SI,锦纶,20210730,2026-08-01,tushare
600810.SH,600810,神马股份,801030.SI,基础化工,801032.SI,化学纤维,850346.SI,锦纶,20210730,2026-08-01,tushare
601113.SH,601113,华鼎股份,801030.SI,基础化工,801032.SI,化学纤维,850346.SI,锦纶,20250811,2026-08-01,tushare
603382.SH,603382,海阳科技,801030.SI,基础化工,801032.SI,化学纤维,850346.SI,锦纶,20250523,2026-08-01,tushare
002108.SZ,002108,沧州明珠,801030.SI,基础化工,801036.SI,塑料,850351.SI,其他塑料制品,20070124,2026-08-01,tushare
300230.SZ,300230,永利股份,801030.SI,基础化工,801036.SI,塑料,850351.SI,其他塑料制品,20110107,2026-08-01,tushare
603150.SH,603150,万朗磁塑,801030.SI,基础化工,801036.SI,塑料,850351.SI,其他塑料制品,20220107,2026-08-01,tushare
301196.SZ,301196,唯科科技,801030.SI,基础化工,801036.SI,塑料,850351.SI,其他塑料制品,20211217,2026-08-01,tushare
300539.SZ,300539,横河精密,801030.SI,基础化工,801036.SI,塑料,850351.SI,其他塑料制品,20170629,2026-08-01,tushare
002825.SZ,002825,纳尔股份,801030.SI,基础化工,801036.SI,塑料,850351.SI,其他塑料制品,20161129,2026-08-01,tushare
603580.SH,603580,艾艾精工,801030.SI,基础化工,801036.SI,塑料,850351.SI,其他塑料制品,20170522,2026-08-01,tushare
300717.SZ,300717,华信新材,801030.SI,基础化工,801036.SI,塑料,850351.SI,其他塑料制品,20171106,2026-08-01,tushare
300920.SZ,300920,润阳科技,801030.SI,基础化工,801036.SI,塑料,850351.SI,其他塑料制品,20201214,2026-08-01,tushare
605008.SH,605008,长鸿高科,801030.SI,基础化工,801036.SI,塑料,850351.SI,其他塑料制品,20200807,2026-08-01,tushare
301216.SZ,301216,万凯新材,801030.SI,基础化工,801036.SI,塑料,850351.SI,其他塑料制品,20220729,2026-08-01,tushare
301019.SZ,301019,宁波色母,801030.SI,基础化工,801036.SI,塑料,850351.SI,其他塑料制品,20210622,2026-08-01,tushare
688087.SH,688087,英科再生,801030.SI,基础化工,801036.SI,塑料,850351.SI,其他塑料制品,20210622,2026-08-01,tushare
300980.SZ,300980,祥源新材,801030.SI,基础化工,801036.SI,塑料,850351.SI,其他塑料制品,20210406,2026-08-01,tushare
300180.SZ,300180,华峰超纤,801030.SI,基础化工,801036.SI,塑料,850351.SI,其他塑料制品,20111010,2026-08-01,tushare
300218.SZ,300218,安利股份,801030.SI,基础化工,801036.SI,塑料,850351.SI,其他塑料制品,20111010,2026-08-01,tushare
603330.SH,603330,天洋新材,801030.SI,基础化工,801036.SI,塑料,850351.SI,其他塑料制品,20210730,2026-08-01,tushare
920028.BJ,920028.BJ,新恒泰,801030.SI,基础化工,801036.SI,塑料,850351.SI,其他塑料制品,20260317,2026-08-01,tushare
301090.SZ,301090,华润材料,801030.SI,基础化工,801036.SI,塑料,850351.SI,其他塑料制品,20220729,2026-08-01,tushare
300243.SZ,300243,瑞丰高材,801030.SI,基础化工,801036.SI,塑料,850351.SI,其他塑料制品,20210730,2026-08-01,tushare
301591.SZ,301591,肯特股份,801030.SI,基础化工,801036.SI,塑料,850351.SI,其他塑料制品,20240202,2026-08-01,tushare
920056.BJ,920056.BJ,能之光,801030.SI,基础化工,801036.SI,塑料,850351.SI,其他塑料制品,20250821,2026-08-01,tushare
000013.SZ,000013,*ST石化A(退市),801030.SI,基础化工,801036.SI,塑料,850351.SI,其他塑料制品,20030512,2026-08-01,tushare
300325.SZ,300325,德威退(退市),801030.SI,基础化工,801036.SI,塑料,850351.SI,其他塑料制品,20120130,2026-08-01,tushare
920066.BJ,920066.BJ,科拜尔,801030.SI,基础化工,801036.SI,塑料,850353.SI,改性塑料,20241031,2026-08-01,tushare
301131.SZ,301131,聚赛龙,801030.SI,基础化工,801036.SI,塑料,850353.SI,改性塑料,20220304,2026-08-01,tushare
002324.SZ,002324,普利特,801030.SI,基础化工,801036.SI,塑料,850353.SI,改性塑料,20110110,2026-08-01,tushare
600143.SH,600143,金发科技,801030.SI,基础化工,801036.SI,塑料,850353.SI,改性塑料,20110110,2026-08-01,tushare
300221.SZ,300221,银禧科技,801030.SI,基础化工,801036.SI,塑料,850353.SI,改性塑料,20111010,2026-08-01,tushare
002838.SZ,002838,道恩股份,801030.SI,基础化工,801036.SI,塑料,850353.SI,改性塑料,20161219,2026-08-01,tushare
300538.SZ,300538,同益股份,801030.SI,基础化工,801036.SI,塑料,850353.SI,改性塑料,20160823,2026-08-01,tushare
002886.SZ,002886,沃特股份,801030.SI,基础化工,801036.SI,塑料,850353.SI,改性塑料,20170620,2026-08-01,tushare
300644.SZ,300644,南京聚隆,801030.SI,基础化工,801036.SI,塑料,850353.SI,改性塑料,20180129,2026-08-01,tushare
688219.SH,688219,会通股份,801030.SI,基础化工,801036.SI,塑料,850353.SI,改性塑料,20201029,2026-08-01,tushare
300995.SZ,300995,奇德新材,801030.SI,基础化工,801036.SI,塑料,850353.SI,改性塑料,20210512,2026-08-01,tushare
301003.SZ,301003,江苏博云,801030.SI,基础化工,801036.SI,塑料,850353.SI,改性塑料,20210521,2026-08-01,tushare
300834.SZ,300834,星辉环材,801030.SI,基础化工,801036.SI,塑料,850353.SI,改性塑料,20220729,2026-08-01,tushare
688203.SH,688203,海正生材,801030.SI,基础化工,801036.SI,塑料,850353.SI,改性塑料,20220805,2026-08-01,tushare
688669.SH,688669,聚石化学,801030.SI,基础化工,801036.SI,塑料,850353.SI,改性塑料,20210108,2026-08-01,tushare
920089.BJ,920089.BJ,禾昌聚合,801030.SI,基础化工,801036.SI,塑料,850353.SI,改性塑料,20211109,2026-08-01,tushare
002768.SZ,002768,国恩股份,801030.SI,基础化工,801036.SI,塑料,850353.SI,改性塑料,20150119,2026-08-01,tushare
300478.SZ,300478,杭州高新,801030.SI,基础化工,801036.SI,塑料,850353.SI,改性塑料,20210730,2026-08-01,tushare
300586.SZ,300586,美联新材,801030.SI,基础化工,801036.SI,塑料,850353.SI,改性塑料,20210730,2026-08-01,tushare
301538.SZ,301538,骏鼎达,801030.SI,基础化工,801036.SI,塑料,850353.SI,改性塑料,20240301,2026-08-01,tushare
920469.BJ,920469.BJ,富恒新材,801030.SI,基础化工,801036.SI,塑料,850353.SI,改性塑料,20230920,2026-08-01,tushare
001255.SZ,001255,博菲电气,801030.SI,基础化工,801036.SI,塑料,850354.SI,合成树脂,20220826,2026-08-01,tushare
001333.SZ,001333,光华股份,801030.SI,基础化工,801036.SI,塑料,850354.SI,合成树脂,20221028,2026-08-01,tushare
605589.SH,605589,圣泉集团,801030.SI,基础化工,801036.SI,塑料,850354.SI,合成树脂,20210810,2026-08-01,tushare
301092.SZ,301092,争光股份,801030.SI,基础化工,801036.SI,塑料,850354.SI,合成树脂,20211015,2026-08-01,tushare
688585.SH,688585,上纬新材,801030.SI,基础化工,801036.SI,塑料,850354.SI,合成树脂,20210730,2026-08-01,tushare
603928.SH,603928,兴业股份,801030.SI,基础化工,801036.SI,塑料,850354.SI,合成树脂,20210730,2026-08-01,tushare
301395.SZ,301395,仁信新材,801030.SI,基础化工,801036.SI,塑料,850354.SI,合成树脂,20230609,2026-08-01,tushare
601026.SH,601026,道生天合,801030.SI,基础化工,801036.SI,塑料,850354.SI,合成树脂,20250926,2026-08-01,tushare
002395.SZ,002395,双象股份,801030.SI,基础化工,801036.SI,塑料,850354.SI,合成树脂,20210730,2026-08-01,tushare
603879.SH,603879,永悦科技,801030.SI,基础化工,801036.SI,塑料,850354.SI,合成树脂,20210730,2026-08-01,tushare
002361.SZ,002361,神剑股份,801030.SI,基础化工,801036.SI,塑料,850354.SI,合成树脂,20210730,2026-08-01,tushare
300487.SZ,300487,蓝晓科技,801030.SI,基础化工,801036.SI,塑料,850354.SI,合成树脂,20210730,2026-08-01,tushare
301555.SZ,301555,惠柏新材,801030.SI,基础化工,801036.SI,塑料,850354.SI,合成树脂,20231013,2026-08-01,tushare
688716.SH,688716,中研股份,801030.SI,基础化工,801036.SI,塑料,850354.SI,合成树脂,20230908,2026-08-01,tushare
600135.SH,600135,乐凯胶片,801030.SI,基础化工,801036.SI,塑料,850355.SI,膜材料,19980122,2026-08-01,tushare
301237.SZ,301237,和顺科技,801030.SI,基础化工,801036.SI,塑料,850355.SI,膜材料,20220304,2026-08-01,tushare
002585.SZ,002585,双星新材,801030.SI,基础化工,801036.SI,塑料,850355.SI,膜材料,20110125,2026-08-01,tushare
688386.SH,688386,泛亚微透,801030.SI,基础化工,801036.SI,塑料,850355.SI,膜材料,20200924,2026-08-01,tushare
000920.SZ,000920,沃顿科技,801030.SI,基础化工,801036.SI,塑料,850355.SI,膜材料,20220729,2026-08-01,tushare
605488.SH,605488,福莱新材,801030.SI,基础化工,801036.SI,塑料,850355.SI,膜材料,20220729,2026-08-01,tushare
000859.SZ,000859,国风新材,801030.SI,基础化工,801036.SI,塑料,850355.SI,膜材料,20210730,2026-08-01,tushare
002263.SZ,002263,大东南,801030.SI,基础化工,801036.SI,塑料,850355.SI,膜材料,20210730,2026-08-01,tushare
300305.SZ,300305,裕兴股份,801030.SI,基础化工,801036.SI,塑料,850355.SI,膜材料,20210730,2026-08-01,tushare
002632.SZ,002632,道明光学,801030.SI,基础化工,801036.SI,塑料,850355.SI,膜材料,20210730,2026-08-01,tushare
300806.SZ,300806,斯迪克,801030.SI,基础化工,801036.SI,塑料,850355.SI,膜材料,20210730,2026-08-01,tushare
688718.SH,688718,唯赛勃,801030.SI,基础化工,801036.SI,塑料,850355.SI,膜材料,20210730,2026-08-01,tushare
002522.SZ,002522,浙江众成,801030.SI,基础化工,801036.SI,塑料,850355.SI,膜材料,20100104,2026-08-01,tushare
000973.SZ,000973,佛塑科技,801030.SI,基础化工,801036.SI,塑料,850355.SI,膜材料,20210730,2026-08-01,tushare
603435.SH,603435,嘉德利,801030.SI,基础化工,801036.SI,塑料,850355.SI,膜材料,20260430,2026-08-01,tushare
601208.SH,601208,东材科技,801030.SI,基础化工,801036.SI,塑料,850355.SI,膜材料,20210730,2026-08-01,tushare
688323.SH,688323,瑞华泰,801030.SI,基础化工,801036.SI,塑料,850355.SI,膜材料,20210730,2026-08-01,tushare
001378.SZ,001378,德冠新材,801030.SI,基础化工,801036.SI,塑料,850355.SI,膜材料,20231013,2026-08-01,tushare
301565.SZ,301565,中仑新材,801030.SI,基础化工,801036.SI,塑料,850355.SI,膜材料,20240531,2026-08-01,tushare
001359.SZ,001359,平安电工,801030.SI,基础化工,801036.SI,塑料,850355.SI,膜材料,20240318,2026-08-01,tushare
301687.SZ,301687,新广益,801030.SI,基础化工,801036.SI,塑料,850355.SI,膜材料,20251212,2026-08-01,tushare
002450.SZ,002450,康得退(退市),801030.SI,基础化工,801036.SI,塑料,850355.SI,膜材料,20210730,2026-08-01,tushare
002341.SZ,002341,ST新纶(退市),801030.SI,基础化工,801036.SI,塑料,850355.SI,膜材料,20210730,2026-08-01,tushare
603033.SH,603033,三维股份,801030.SI,基础化工,801037.SI,橡胶,850362.SI,其他橡胶制品,20161201,2026-08-01,tushare
300587.SZ,300587,天铁科技,801030.SI,基础化工,801037.SI,橡胶,850362.SI,其他橡胶制品,20161219,2026-08-01,tushare
002224.SZ,002224,三力士,801030.SI,基础化工,801037.SI,橡胶,850362.SI,其他橡胶制品,20080407,2026-08-01,tushare
300767.SZ,300767,震安科技,801030.SI,基础化工,801037.SI,橡胶,850362.SI,其他橡胶制品,20190318,2026-08-01,tushare
300731.SZ,300731,科创新源,801030.SI,基础化工,801037.SI,橡胶,850362.SI,其他橡胶制品,20190724,2026-08-01,tushare
920225.BJ,920225.BJ,利通科技,801030.SI,基础化工,801037.SI,橡胶,850362.SI,其他橡胶制品,20210225,2026-08-01,tushare
301459.SZ,301459,丰茂股份,801030.SI,基础化工,801037.SI,橡胶,850362.SI,其他橡胶制品,20231201,2026-08-01,tushare
920188.BJ,920188.BJ,悦龙科技,801030.SI,基础化工,801037.SI,橡胶,850362.SI,其他橡胶制品,20260317,2026-08-01,tushare
300320.SZ,300320,海达股份,801030.SI,基础化工,801037.SI,橡胶,850362.SI,其他橡胶制品,20120130,2026-08-01,tushare
002381.SZ,002381,双箭股份,801030.SI,基础化工,801037.SI,橡胶,850362.SI,其他橡胶制品,20100118,2026-08-01,tushare
920098.BJ,920098.BJ,科隆新材,801030.SI,基础化工,801037.SI,橡胶,850362.SI,其他橡胶制品,20241125,2026-08-01,tushare
920665.BJ,920665.BJ,科强股份,801030.SI,基础化工,801037.SI,橡胶,850362.SI,其他橡胶制品,20231030,2026-08-01,tushare
920694.BJ,920694.BJ,中裕科技,801030.SI,基础化工,801037.SI,橡胶,850362.SI,其他橡胶制品,20230427,2026-08-01,tushare
920834.BJ,920834.BJ,三维装备,801030.SI,基础化工,801037.SI,橡胶,850362.SI,其他橡胶制品,20220829,2026-08-01,tushare
001325.SZ,001325,元创股份,801030.SI,基础化工,801037.SI,橡胶,850362.SI,其他橡胶制品,20251212,2026-08-01,tushare
002068.SZ,002068,黑猫股份,801030.SI,基础化工,801037.SI,橡胶,850363.SI,炭黑,20060915,2026-08-01,tushare
002442.SZ,002442,龙星科技,801030.SI,基础化工,801037.SI,橡胶,850363.SI,炭黑,20100610,2026-08-01,tushare
002753.SZ,002753,永东股份,801030.SI,基础化工,801037.SI,橡胶,850363.SI,炭黑,20150106,2026-08-01,tushare
605183.SH,605183,确成股份,801030.SI,基础化工,801037.SI,橡胶,850363.SI,炭黑,20201125,2026-08-01,tushare
301300.SZ,301300,远翔新材,801030.SI,基础化工,801037.SI,橡胶,850363.SI,炭黑,20220805,2026-08-01,tushare
001207.SZ,001207,联科科技,801030.SI,基础化工,801037.SI,橡胶,850363.SI,炭黑,20210607,2026-08-01,tushare
300121.SZ,300121,阳谷华泰,801030.SI,基础化工,801037.SI,橡胶,850364.SI,橡胶助剂,20210730,2026-08-01,tushare
603650.SH,603650,彤程新材,801030.SI,基础化工,801037.SI,橡胶,850364.SI,橡胶助剂,20210730,2026-08-01,tushare
000731.SZ,000731,四川美丰,801030.SI,基础化工,801038.SI,农化制品,850331.SI,氮肥,19970617,2026-08-01,tushare
600426.SH,600426,华鲁恒升,801030.SI,基础化工,801038.SI,农化制品,850331.SI,氮肥,20220729,2026-08-01,tushare
600227.SH,600227,赤天化,801030.SI,基础化工,801038.SI,农化制品,850331.SI,氮肥,20220729,2026-08-01,tushare
000912.SZ,000912,泸天化,801030.SI,基础化工,801038.SI,农化制品,850331.SI,氮肥,19990104,2026-08-01,tushare
000422.SZ,000422,湖北宜化,801030.SI,基础化工,801038.SI,农化制品,850331.SI,氮肥,20220729,2026-08-01,tushare
600691.SH,600691,潞化科技,801030.SI,基础化工,801038.SI,农化制品,850331.SI,氮肥,20130104,2026-08-01,tushare
600470.SH,600470,六国化工,801030.SI,基础化工,801038.SI,农化制品,850332.SI,磷肥及磷化工,20040302,2026-08-01,tushare
600096.SH,600096,云天化,801030.SI,基础化工,801038.SI,农化制品,850332.SI,磷肥及磷化工,20170629,2026-08-01,tushare
300505.SZ,300505,川金诺,801030.SI,基础化工,801038.SI,农化制品,850332.SI,磷肥及磷化工,20160315,2026-08-01,tushare
002895.SZ,002895,川恒股份,801030.SI,基础化工,801038.SI,农化制品,850332.SI,磷肥及磷化工,20170815,2026-08-01,tushare
603077.SH,603077,和邦生物,801030.SI,基础化工,801038.SI,农化制品,850332.SI,磷肥及磷化工,20220729,2026-08-01,tushare
600331.SH,600331,宏达股份,801030.SI,基础化工,801038.SI,农化制品,850332.SI,磷肥及磷化工,20220729,2026-08-01,tushare
600078.SH,600078,澄星股份,801030.SI,基础化工,801038.SI,农化制品,850332.SI,磷肥及磷化工,20110110,2026-08-01,tushare
600141.SH,600141,兴发集团,801030.SI,基础化工,801038.SI,农化制品,850332.SI,磷肥及磷化工,20110110,2026-08-01,tushare
002312.SZ,002312,川发龙蟒,801030.SI,基础化工,801038.SI,农化制品,850332.SI,磷肥及磷化工,20210730,2026-08-01,tushare
000675.SZ,000675,ST银山(退市),801030.SI,基础化工,801038.SI,农化制品,850332.SI,磷肥及磷化工,19961226,2026-08-01,tushare
600731.SH,600731,湖南海利,801030.SI,基础化工,801038.SI,农化制品,850333.SI,农药,19960802,2026-08-01,tushare
000525.SZ,000525,红太阳,801030.SI,基础化工,801038.SI,农化制品,850333.SI,农药,19931028,2026-08-01,tushare
000553.SZ,000553,安道麦A,801030.SI,基础化工,801038.SI,农化制品,850333.SI,农药,19931203,2026-08-01,tushare
600389.SH,600389,江山股份,801030.SI,基础化工,801038.SI,农化制品,850333.SI,农药,20010110,2026-08-01,tushare
600486.SH,600486,扬农化工,801030.SI,基础化工,801038.SI,农化制品,850333.SI,农药,20020401,2026-08-01,tushare
002391.SZ,002391,长青股份,801030.SI,基础化工,801038.SI,农化制品,850333.SI,农药,20100129,2026-08-01,tushare
002250.SZ,002250,联化科技,801030.SI,基础化工,801038.SI,农化制品,850333.SI,农药,20080128,2026-08-01,tushare
002258.SZ,002258,利尔化学,801030.SI,基础化工,801038.SI,农化制品,850333.SI,农药,20080118,2026-08-01,tushare
002496.SZ,002496,辉丰股份,801030.SI,基础化工,801038.SI,农化制品,850333.SI,农药,20100127,2026-08-01,tushare
002513.SZ,002513,蓝丰生化,801030.SI,基础化工,801038.SI,农化制品,850333.SI,农药,20100122,2026-08-01,tushare
603585.SH,603585,苏利股份,801030.SI,基础化工,801038.SI,农化制品,850333.SI,农药,20161201,2026-08-01,tushare
603599.SH,603599,广信股份,801030.SI,基础化工,801038.SI,农化制品,850333.SI,农药,20150106,2026-08-01,tushare
002734.SZ,002734,利民股份,801030.SI,基础化工,801038.SI,农化制品,850333.SI,农药,20150115,2026-08-01,tushare
002749.SZ,002749,国光股份,801030.SI,基础化工,801038.SI,农化制品,850333.SI,农药,20150116,2026-08-01,tushare
300261.SZ,300261,雅本化学,801030.SI,基础化工,801038.SI,农化制品,850333.SI,农药,20170629,2026-08-01,tushare
603970.SH,603970,中农立华,801030.SI,基础化工,801038.SI,农化制品,850333.SI,农药,20171108,2026-08-01,tushare
603086.SH,603086,先达股份,801030.SI,基础化工,801038.SI,农化制品,850333.SI,农药,20170504,2026-08-01,tushare
300796.SZ,300796,贝斯美,801030.SI,基础化工,801038.SI,农化制品,850333.SI,农药,20191011,2026-08-01,tushare
002942.SZ,002942,新农股份,801030.SI,基础化工,801038.SI,农化制品,850333.SI,农药,20181030,2026-08-01,tushare
301035.SZ,301035,润丰股份,801030.SI,基础化工,801038.SI,农化制品,850333.SI,农药,20210712,2026-08-01,tushare
920819.BJ,920819.BJ,颖泰生物,801030.SI,基础化工,801038.SI,农化制品,850333.SI,农药,20200727,2026-08-01,tushare
603639.SH,603639,海利尔,801030.SI,基础化工,801038.SI,农化制品,850333.SI,农药,20161226,2026-08-01,tushare
603810.SH,603810,丰山集团,801030.SI,基础化工,801038.SI,农化制品,850333.SI,农药,20180917,2026-08-01,tushare
605033.SH,605033,美邦股份,801030.SI,基础化工,801038.SI,农化制品,850333.SI,农药,20210827,2026-08-01,tushare
001231.SZ,001231,农心科技,801030.SI,基础化工,801038.SI,农化制品,850333.SI,农药,20220715,2026-08-01,tushare
300804.SZ,300804,广康生化,801030.SI,基础化工,801038.SI,农化制品,850333.SI,农药,20230609,2026-08-01,tushare
600596.SH,600596,新安股份,801030.SI,基础化工,801038.SI,农化制品,850333.SI,农药,20230704,2026-08-01,tushare
003042.SZ,003042,中农联合,801030.SI,基础化工,801038.SI,农化制品,850333.SI,农药,20210322,2026-08-01,tushare
603360.SH,603360,百傲化学,801030.SI,基础化工,801038.SI,农化制品,850333.SI,农药,20170116,2026-08-01,tushare
300575.SZ,300575,中旗股份,801030.SI,基础化工,801038.SI,农化制品,850333.SI,农药,20161212,2026-08-01,tushare
920866.BJ,920866.BJ,绿亨科技,801030.SI,基础化工,801038.SI,农化制品,850333.SI,农药,20221206,2026-08-01,tushare
301665.SZ,301665,泰禾股份,801030.SI,基础化工,801038.SI,农化制品,850333.SI,农药,20250321,2026-08-01,tushare
600181.SH,600181,*ST云大(退市),801030.SI,基础化工,801038.SI,农化制品,850333.SI,农药,19980928,2026-08-01,tushare
000792.SZ,000792,盐湖股份,801030.SI,基础化工,801038.SI,农化制品,850336.SI,钾肥,19970904,2026-08-01,tushare
000893.SZ,000893,亚钾国际,801030.SI,基础化工,801038.SI,农化制品,850336.SI,钾肥,20190724,2026-08-01,tushare
002545.SZ,002545,东方铁塔,801030.SI,基础化工,801038.SI,农化制品,850336.SI,钾肥,20220729,2026-08-01,tushare
000578.SZ,000578,盐湖集团(退市),801030.SI,基础化工,801038.SI,农化制品,850336.SI,钾肥,20090601,2026-08-01,tushare
000408.SZ,000408,藏格矿业,801030.SI,基础化工,801038.SI,农化制品,850336.SI,钾肥,20260701,2026-08-01,tushare
002588.SZ,002588,史丹利,801030.SI,基础化工,801038.SI,农化制品,850381.SI,复合肥,20111010,2026-08-01,tushare
002470.SZ,002470,金正大,801030.SI,基础化工,801038.SI,农化制品,850381.SI,复合肥,20110110,2026-08-01,tushare
002538.SZ,002538,ST司特,801030.SI,基础化工,801038.SI,农化制品,850381.SI,复合肥,20110110,2026-08-01,tushare
002170.SZ,002170,芭田股份,801030.SI,基础化工,801038.SI,农化制品,850381.SI,复合肥,20110110,2026-08-01,tushare
002539.SZ,002539,云图控股,801030.SI,基础化工,801038.SI,农化制品,850381.SI,复合肥,20110110,2026-08-01,tushare
002999.SZ,002999,天禾股份,801030.SI,基础化工,801038.SI,农化制品,850381.SI,复合肥,20200821,2026-08-01,tushare
002758.SZ,002758,浙农股份,801030.SI,基础化工,801038.SI,农化制品,850381.SI,复合肥,20251201,2026-08-01,tushare
300387.SZ,300387,富邦科技,801030.SI,基础化工,801038.SI,农化制品,850381.SI,复合肥,20210730,2026-08-01,tushare
603395.SH,603395,红四方,801030.SI,基础化工,801038.SI,农化制品,850381.SI,复合肥,20241108,2026-08-01,tushare
000902.SZ,000902,新洋丰,801030.SI,基础化工,801038.SI,农化制品,850381.SI,复合肥,19990104,2026-08-01,tushare
920159.BJ,920159.BJ,农大科技,801030.SI,基础化工,801038.SI,农化制品,850381.SI,复合肥,20260126,2026-08-01,tushare
603688.SH,603688,石英股份,801030.SI,基础化工,801039.SI,非金属材料Ⅱ,850523.SI,非金属材料Ⅲ,20140108,2026-08-01,tushare
603612.SH,603612,索通发展,801030.SI,基础化工,801039.SI,非金属材料Ⅱ,850523.SI,非金属材料Ⅲ,20170712,2026-08-01,tushare
603826.SH,603826,坤彩科技,801030.SI,基础化工,801039.SI,非金属材料Ⅱ,850523.SI,非金属材料Ⅲ,20170405,2026-08-01,tushare
688300.SH,688300,联瑞新材,801030.SI,基础化工,801039.SI,非金属材料Ⅱ,850523.SI,非金属材料Ⅲ,20191101,2026-08-01,tushare
605086.SH,605086,龙高股份,801030.SI,基础化工,801039.SI,非金属材料Ⅱ,850523.SI,非金属材料Ⅲ,20210312,2026-08-01,tushare
920832.BJ,920832.BJ,齐鲁华信,801030.SI,基础化工,801039.SI,非金属材料Ⅱ,850523.SI,非金属材料Ⅲ,20210223,2026-08-01,tushare
920675.BJ,920675.BJ,秉扬科技,801030.SI,基础化工,801039.SI,非金属材料Ⅱ,850523.SI,非金属材料Ⅲ,20201228,2026-08-01,tushare
301071.SZ,301071,力量钻石,801030.SI,基础化工,801039.SI,非金属材料Ⅱ,850523.SI,非金属材料Ⅲ,20211213,2026-08-01,tushare
001296.SZ,001296,长江材料,801030.SI,基础化工,801039.SI,非金属材料Ⅱ,850523.SI,非金属材料Ⅲ,20211119,2026-08-01,tushare
920719.BJ,920719.BJ,宁新新材,801030.SI,基础化工,801039.SI,非金属材料Ⅱ,850523.SI,非金属材料Ⅲ,20230530,2026-08-01,tushare
920971.BJ,920971.BJ,天马新材,801030.SI,基础化工,801039.SI,非金属材料Ⅱ,850523.SI,非金属材料Ⅲ,20220930,2026-08-01,tushare
920175.BJ,920175.BJ,东方碳素,801030.SI,基础化工,801039.SI,非金属材料Ⅱ,850523.SI,非金属材料Ⅲ,20230710,2026-08-01,tushare
000511.SZ,000511,烯碳退(退市),801030.SI,基础化工,801039.SI,非金属材料Ⅱ,850523.SI,非金属材料Ⅲ,20140102,2026-08-01,tushare
920083.BJ,920083.BJ,金戈新材,801030.SI,基础化工,801039.SI,非金属材料Ⅱ,850523.SI,非金属材料Ⅲ,20260605,2026-08-01,tushare
688598.SH,688598,金博股份,801030.SI,基础化工,801039.SI,非金属材料Ⅱ,850523.SI,非金属材料Ⅲ,20260701,2026-08-01,tushare
000655.SZ,000655,金岭矿业,801040.SI,钢铁,801043.SI,冶钢原料,850431.SI,铁矿石,19961128,2026-08-01,tushare
000923.SZ,000923,河钢资源,801040.SI,钢铁,801043.SI,冶钢原料,850431.SI,铁矿石,19990714,2026-08-01,tushare
601121.SH,601121,宝地矿业,801040.SI,钢铁,801043.SI,冶钢原料,850431.SI,铁矿石,20230224,2026-08-01,tushare
001203.SZ,001203,大中矿业,801040.SI,钢铁,801043.SI,冶钢原料,850431.SI,铁矿石,20210421,2026-08-01,tushare
601969.SH,601969,海南矿业,801040.SI,钢铁,801043.SI,冶钢原料,850431.SI,铁矿石,20140127,2026-08-01,tushare
600382.SH,600382,广东明珠,801040.SI,钢铁,801043.SI,冶钢原料,850431.SI,铁矿石,20220729,2026-08-01,tushare
600295.SH,600295,鄂尔多斯,801040.SI,钢铁,801043.SI,冶钢原料,850432.SI,冶钢辅料,20010426,2026-08-01,tushare
000629.SZ,000629,钒钛股份,801040.SI,钢铁,801043.SI,冶钢原料,850432.SI,冶钢辅料,19961115,2026-08-01,tushare
600516.SH,600516,方大炭素,801040.SI,钢铁,801043.SI,冶钢原料,850432.SI,冶钢辅料,20210730,2026-08-01,tushare
600231.SH,600231,凌钢股份,801040.SI,钢铁,801044.SI,普钢,850441.SI,长材,20000424,2026-08-01,tushare
000717.SZ,000717,中南股份,801040.SI,钢铁,801044.SI,普钢,850441.SI,长材,19970508,2026-08-01,tushare
002110.SZ,002110,三钢闽光,801040.SI,钢铁,801044.SI,普钢,850441.SI,长材,20070125,2026-08-01,tushare
600808.SH,600808,马钢股份,801040.SI,钢铁,801044.SI,普钢,850442.SI,板材,19940106,2026-08-01,tushare
600782.SH,600782,新钢股份,801040.SI,钢铁,801044.SI,普钢,850442.SI,板材,19961225,2026-08-01,tushare
600019.SH,600019,宝钢股份,801040.SI,钢铁,801044.SI,普钢,850442.SI,板材,20001212,2026-08-01,tushare
600307.SH,600307,酒钢宏兴,801040.SI,钢铁,801044.SI,普钢,850442.SI,板材,20001220,2026-08-01,tushare
600010.SH,600010,包钢股份,801040.SI,钢铁,801044.SI,普钢,850442.SI,板材,20010222,2026-08-01,tushare
000709.SZ,000709,河钢股份,801040.SI,钢铁,801044.SI,普钢,850442.SI,板材,19970416,2026-08-01,tushare
000898.SZ,000898,鞍钢股份,801040.SI,钢铁,801044.SI,普钢,850442.SI,板材,19971225,2026-08-01,tushare
000761.SZ,000761,本钢板材,801040.SI,钢铁,801044.SI,普钢,850442.SI,板材,19980115,2026-08-01,tushare
600126.SH,600126,杭钢股份,801040.SI,钢铁,801044.SI,普钢,850442.SI,板材,19980311,2026-08-01,tushare
000932.SZ,000932,华菱钢铁,801040.SI,钢铁,801044.SI,普钢,850442.SI,板材,19990803,2026-08-01,tushare
000959.SZ,000959,首钢股份,801040.SI,钢铁,801044.SI,普钢,850442.SI,板材,19991216,2026-08-01,tushare
600569.SH,600569,安阳钢铁,801040.SI,钢铁,801044.SI,普钢,850442.SI,板材,20010801,2026-08-01,tushare
600581.SH,600581,*ST八钢,801040.SI,钢铁,801044.SI,普钢,850442.SI,板材,20020816,2026-08-01,tushare
600022.SH,600022,山东钢铁,801040.SI,钢铁,801044.SI,普钢,850442.SI,板材,20040628,2026-08-01,tushare
601003.SH,601003,柳钢股份,801040.SI,钢铁,801044.SI,普钢,850442.SI,板材,20070227,2026-08-01,tushare
601005.SH,601005,重庆钢铁,801040.SI,钢铁,801044.SI,普钢,850442.SI,板材,20180713,2026-08-01,tushare
000778.SZ,000778,新兴铸管,801040.SI,钢铁,801044.SI,普钢,850443.SI,钢铁管材,19970606,2026-08-01,tushare
603878.SH,603878,武进不锈,801040.SI,钢铁,801044.SI,普钢,850443.SI,钢铁管材,20161201,2026-08-01,tushare
601686.SH,601686,友发集团,801040.SI,钢铁,801044.SI,普钢,850443.SI,钢铁管材,20210730,2026-08-01,tushare
600092.SH,600092,S*ST精密(退市),801040.SI,钢铁,801044.SI,普钢,850443.SI,钢铁管材,19970626,2026-08-01,tushare
600357.SH,600357,承德钒钛(退市),801040.SI,钢铁,801044.SI,普钢,850443.SI,钢铁管材,20020820,2026-08-01,tushare
600005.SH,600005,武钢股份(退市),801040.SI,钢铁,801044.SI,普钢,850443.SI,钢铁管材,19990803,2026-08-01,tushare
600001.SH,600001,邯郸钢铁(退市),801040.SI,钢铁,801044.SI,普钢,850443.SI,钢铁管材,19980122,2026-08-01,tushare
600102.SH,600102,莱钢股份(退市),801040.SI,钢铁,801044.SI,普钢,850443.SI,钢铁管材,19970828,2026-08-01,tushare
,,,,,,,850401.SI,,20150522,2026-08-01,tushare
000969.SZ,000969,安泰科技,801050.SI,有色金属,801051.SI,金属新材料,850521.SI,其他金属新材料,20110110,2026-08-01,tushare
603978.SH,603978,深圳新星,801050.SI,有色金属,801051.SI,金属新材料,850521.SI,其他金属新材料,20170807,2026-08-01,tushare
000633.SZ,000633,合金投资,801050.SI,有色金属,801051.SI,金属新材料,850521.SI,其他金属新材料,20180619,2026-08-01,tushare
688102.SH,688102,斯瑞新材,801050.SI,有色金属,801051.SI,金属新材料,850521.SI,其他金属新材料,20220729,2026-08-01,tushare
300963.SZ,300963,中洲特材,801050.SI,有色金属,801051.SI,金属新材料,850521.SI,其他金属新材料,20210325,2026-08-01,tushare
300930.SZ,300930,屹通新材,801050.SI,有色金属,801051.SI,金属新材料,850521.SI,其他金属新材料,20210111,2026-08-01,tushare
300855.SZ,300855,图南股份,801050.SI,有色金属,801051.SI,金属新材料,850521.SI,其他金属新材料,20200706,2026-08-01,tushare
600255.SH,600255,鑫科材料,801050.SI,有色金属,801051.SI,金属新材料,850521.SI,其他金属新材料,20210730,2026-08-01,tushare
920078.BJ,920078.BJ,族兴新材,801050.SI,有色金属,801051.SI,金属新材料,850521.SI,其他金属新材料,20260317,2026-08-01,tushare
688811.SH,688811,有研复材,801050.SI,有色金属,801051.SI,金属新材料,850521.SI,其他金属新材料,20260323,2026-08-01,tushare
301522.SZ,301522,上大股份,801050.SI,有色金属,801051.SI,金属新材料,850521.SI,其他金属新材料,20240920,2026-08-01,tushare
601137.SH,601137,博威合金,801050.SI,有色金属,801051.SI,金属新材料,850521.SI,其他金属新材料,20210730,2026-08-01,tushare
605158.SH,605158,华达新材,801050.SI,有色金属,801051.SI,金属新材料,850521.SI,其他金属新材料,20230704,2026-08-01,tushare
688456.SH,688456,有研粉材,801050.SI,有色金属,801051.SI,金属新材料,850521.SI,其他金属新材料,20230704,2026-08-01,tushare
688190.SH,688190,云路股份,801050.SI,有色金属,801051.SI,金属新材料,850521.SI,其他金属新材料,20211112,2026-08-01,tushare
603045.SH,603045,福达合金,801050.SI,有色金属,801051.SI,金属新材料,850521.SI,其他金属新材料,20180507,2026-08-01,tushare
688231.SH,688231,隆达股份,801050.SI,有色金属,801051.SI,金属新材料,850521.SI,其他金属新材料,20220701,2026-08-01,tushare
603124.SH,603124,江南新材,801050.SI,有色金属,801051.SI,金属新材料,850521.SI,其他金属新材料,20250228,2026-08-01,tushare
920576.BJ,920576.BJ,天力复合,801050.SI,有色金属,801051.SI,金属新材料,850521.SI,其他金属新材料,20230710,2026-08-01,tushare
920751.BJ,920751.BJ,惠同新材,801050.SI,有色金属,801051.SI,金属新材料,850521.SI,其他金属新材料,20230710,2026-08-01,tushare
000795.SZ,000795,英洛华,801050.SI,有色金属,801051.SI,金属新材料,850522.SI,磁性材料,20080102,2026-08-01,tushare
300811.SZ,300811,铂科新材,801050.SI,有色金属,801051.SI,金属新材料,850522.SI,磁性材料,20191223,2026-08-01,tushare
300835.SZ,300835,龙磁科技,801050.SI,有色金属,801051.SI,金属新材料,850522.SI,磁性材料,20200518,2026-08-01,tushare
300748.SZ,300748,金力永磁,801050.SI,有色金属,801051.SI,金属新材料,850522.SI,磁性材料,20180918,2026-08-01,tushare
688077.SH,688077,大地熊,801050.SI,有色金属,801051.SI,金属新材料,850522.SI,磁性材料,20200706,2026-08-01,tushare
600366.SH,600366,宁波韵升,801050.SI,有色金属,801051.SI,金属新材料,850522.SI,磁性材料,20100104,2026-08-01,tushare
300224.SZ,300224,正海磁材,801050.SI,有色金属,801051.SI,金属新材料,850522.SI,磁性材料,20110124,2026-08-01,tushare
688786.SH,688786,悦安新材,801050.SI,有色金属,801051.SI,金属新材料,850522.SI,磁性材料,20220729,2026-08-01,tushare
000970.SZ,000970,中科三环,801050.SI,有色金属,801051.SI,金属新材料,850522.SI,磁性材料,20100104,2026-08-01,tushare
301323.SZ,301323,新莱福,801050.SI,有色金属,801051.SI,金属新材料,850522.SI,磁性材料,20230526,2026-08-01,tushare
301141.SZ,301141,中科磁业,801050.SI,有色金属,801051.SI,金属新材料,850522.SI,磁性材料,20230317,2026-08-01,tushare
301531.SZ,301531,春光集团,801050.SI,有色金属,801051.SI,金属新材料,850522.SI,磁性材料,20260417,2026-08-01,tushare
300127.SZ,300127,银河磁体,801050.SI,有色金属,801051.SI,金属新材料,850522.SI,磁性材料,20100201,2026-08-01,tushare
301622.SZ,301622,英思特,801050.SI,有色金属,801051.SI,金属新材料,850522.SI,磁性材料,20241115,2026-08-01,tushare
603072.SH,603072,天和磁材,801050.SI,有色金属,801051.SI,金属新材料,850522.SI,磁性材料,20241220,2026-08-01,tushare
600768.SH,600768,宁波富邦,801050.SI,有色金属,801055.SI,工业金属,850551.SI,铝,19961111,2026-08-01,tushare
600888.SH,600888,新疆众和,801050.SI,有色金属,801055.SI,工业金属,850551.SI,铝,19960215,2026-08-01,tushare
000612.SZ,000612,焦作万方,801050.SI,有色金属,801055.SI,工业金属,850551.SI,铝,19960926,2026-08-01,tushare
000807.SZ,000807,云铝股份,801050.SI,有色金属,801055.SI,工业金属,850551.SI,铝,19980408,2026-08-01,tushare
600219.SH,600219,南山铝业,801050.SI,有色金属,801055.SI,工业金属,850551.SI,铝,19991223,2026-08-01,tushare
600595.SH,600595,中孚实业,801050.SI,有色金属,801055.SI,工业金属,850551.SI,铝,20020626,2026-08-01,tushare
603271.SH,603271,永杰新材,801050.SI,有色金属,801055.SI,工业金属,850551.SI,铝,20250221,2026-08-01,tushare
002160.SZ,002160,常铝股份,801050.SI,有色金属,801055.SI,工业金属,850551.SI,铝,20070820,2026-08-01,tushare
601600.SH,601600,中国铝业,801050.SI,有色金属,801055.SI,工业金属,850551.SI,铝,20070430,2026-08-01,tushare
002379.SZ,002379,宏桥控股,801050.SI,有色金属,801055.SI,工业金属,850551.SI,铝,20100312,2026-08-01,tushare
002501.SZ,002501,*ST利源,801050.SI,有色金属,801055.SI,工业金属,850551.SI,铝,20101103,2026-08-01,tushare
300057.SZ,300057,万顺新材,801050.SI,有色金属,801055.SI,工业金属,850551.SI,铝,20100108,2026-08-01,tushare
601677.SH,601677,明泰铝业,801050.SI,有色金属,801055.SI,工业金属,850551.SI,铝,20110906,2026-08-01,tushare
002578.SZ,002578,闽发铝业,801050.SI,有色金属,801055.SI,工业金属,850551.SI,铝,20110420,2026-08-01,tushare
002540.SZ,002540,亚太科技,801050.SI,有色金属,801055.SI,工业金属,850551.SI,铝,20110106,2026-08-01,tushare
300337.SZ,300337,银邦股份,801050.SI,有色金属,801055.SI,工业金属,850551.SI,铝,20120710,2026-08-01,tushare
601388.SH,601388,怡球资源,801050.SI,有色金属,801055.SI,工业金属,850551.SI,铝,20120409,2026-08-01,tushare
603115.SH,603115,海星股份,801050.SI,有色金属,801055.SI,工业金属,850551.SI,铝,20190731,2026-08-01,tushare
002996.SZ,002996,顺博合金,801050.SI,有色金属,801055.SI,工业金属,850551.SI,铝,20200814,2026-08-01,tushare
000933.SZ,000933,神火股份,801050.SI,有色金属,801055.SI,工业金属,850551.SI,铝,20180619,2026-08-01,tushare
603876.SH,603876,鼎胜新材,801050.SI,有色金属,801055.SI,工业金属,850551.SI,铝,20180403,2026-08-01,tushare
300328.SZ,300328,宜安科技,801050.SI,有色金属,801055.SI,工业金属,850551.SI,铝,20220729,2026-08-01,tushare
605208.SH,605208,永茂泰,801050.SI,有色金属,801055.SI,工业金属,850551.SI,铝,20210219,2026-08-01,tushare
003038.SZ,003038,鑫铂股份,801050.SI,有色金属,801055.SI,工业金属,850551.SI,铝,20210129,2026-08-01,tushare
601702.SH,601702,华峰铝业,801050.SI,有色金属,801055.SI,工业金属,850551.SI,铝,20200821,2026-08-01,tushare
002988.SZ,002988,豪美新材,801050.SI,有色金属,801055.SI,工业金属,850551.SI,铝,20200506,2026-08-01,tushare
002824.SZ,002824,和胜股份,801050.SI,有色金属,801055.SI,工业金属,850551.SI,铝,20161226,2026-08-01,tushare
603937.SH,603937,丽岛新材,801050.SI,有色金属,801055.SI,工业金属,850551.SI,铝,20210730,2026-08-01,tushare
600615.SH,600615,鑫源智造,801050.SI,有色金属,801055.SI,工业金属,850551.SI,铝,20220729,2026-08-01,tushare
600361.SH,600361,创新新材,801050.SI,有色金属,801055.SI,工业金属,850551.SI,铝,20230704,2026-08-01,tushare
002532.SZ,002532,天山铝业,801050.SI,有色金属,801055.SI,工业金属,850551.SI,铝,20210730,2026-08-01,tushare
000689.SZ,000689,ST宏业(退市),801050.SI,有色金属,801055.SI,工业金属,850551.SI,铝,19961231,2026-08-01,tushare
000405.SZ,000405,ST鑫光(退市),801050.SI,有色金属,801055.SI,工业金属,850551.SI,铝,19960620,2026-08-01,tushare
600472.SH,600472,包头铝业(退市),801050.SI,有色金属,801055.SI,工业金属,850551.SI,铝,20050509,2026-08-01,tushare
600296.SH,600296,S兰铝(退市),801050.SI,有色金属,801055.SI,工业金属,850551.SI,铝,20000719,2026-08-01,tushare
600205.SH,600205,S山东铝(退市),801050.SI,有色金属,801055.SI,工业金属,850551.SI,铝,19990630,2026-08-01,tushare
000630.SZ,000630,铜陵有色,801050.SI,有色金属,801055.SI,工业金属,850552.SI,铜,19961120,2026-08-01,tushare
000878.SZ,000878,云南铜业,801050.SI,有色金属,801055.SI,工业金属,850552.SI,铜,19980602,2026-08-01,tushare
600362.SH,600362,江西铜业,801050.SI,有色金属,801055.SI,工业金属,850552.SI,铜,20020111,2026-08-01,tushare
002171.SZ,002171,楚江新材,801050.SI,有色金属,801055.SI,工业金属,850552.SI,铜,20070920,2026-08-01,tushare
002203.SZ,002203,海亮股份,801050.SI,有色金属,801055.SI,工业金属,850552.SI,铜,20080116,2026-08-01,tushare
002295.SZ,002295,精艺股份,801050.SI,有色金属,801055.SI,工业金属,850552.SI,铜,20090908,2026-08-01,tushare
601609.SH,601609,金田股份,801050.SI,有色金属,801055.SI,工业金属,850552.SI,铜,20200408,2026-08-01,tushare
000737.SZ,000737,北方铜业,801050.SI,有色金属,801055.SI,工业金属,850552.SI,铜,20220729,2026-08-01,tushare
300697.SZ,300697,电工合金,801050.SI,有色金属,801055.SI,工业金属,850552.SI,铜,20170828,2026-08-01,tushare
600490.SH,600490,鹏欣资源,801050.SI,有色金属,801055.SI,工业金属,850552.SI,铜,20111010,2026-08-01,tushare
601168.SH,601168,西部矿业,801050.SI,有色金属,801055.SI,工业金属,850552.SI,铜,20210730,2026-08-01,tushare
601212.SH,601212,白银有色,801050.SI,有色金属,801055.SI,工业金属,850552.SI,铜,20230704,2026-08-01,tushare
600711.SH,600711,盛屯矿业,801050.SI,有色金属,801055.SI,工业金属,850552.SI,铜,20260701,2026-08-01,tushare
601899.SH,601899,紫金矿业,801050.SI,有色金属,801055.SI,工业金属,850552.SI,铜,20210730,2026-08-01,tushare
603527.SH,603527,众源新材,801050.SI,有色金属,801055.SI,工业金属,850552.SI,铜,20170828,2026-08-01,tushare
603993.SH,603993,洛阳钼业,801050.SI,有色金属,801055.SI,工业金属,850552.SI,铜,20241115,2026-08-01,tushare
603979.SH,603979,金诚信,801050.SI,有色金属,801055.SI,工业金属,850552.SI,铜,20231013,2026-08-01,tushare
000603.SZ,000603,盛达资源,801050.SI,有色金属,801055.SI,工业金属,850553.SI,铅锌,19960823,2026-08-01,tushare
600338.SH,600338,西藏珠峰,801050.SI,有色金属,801055.SI,工业金属,850553.SI,铅锌,20001227,2026-08-01,tushare
000758.SZ,000758,中色股份,801050.SI,有色金属,801055.SI,工业金属,850553.SI,铅锌,19970327,2026-08-01,tushare
000751.SZ,000751,锌业股份,801050.SI,有色金属,801055.SI,工业金属,850553.SI,铅锌,19970626,2026-08-01,tushare
000060.SZ,000060,中金岭南,801050.SI,有色金属,801055.SI,工业金属,850553.SI,铅锌,19970123,2026-08-01,tushare
600531.SH,600531,豫光金铅,801050.SI,有色金属,801055.SI,工业金属,850553.SI,铅锌,20020730,2026-08-01,tushare
600497.SH,600497,驰宏锌锗,801050.SI,有色金属,801055.SI,工业金属,850553.SI,铅锌,20040419,2026-08-01,tushare
600961.SH,600961,株冶集团,801050.SI,有色金属,801055.SI,工业金属,850553.SI,铅锌,20040826,2026-08-01,tushare
002114.SZ,002114,罗平锌电,801050.SI,有色金属,801055.SI,工业金属,850553.SI,铅锌,20070214,2026-08-01,tushare
603132.SH,603132,金徽股份,801050.SI,有色金属,801055.SI,工业金属,850553.SI,铅锌,20220128,2026-08-01,tushare
000426.SZ,000426,兴业银锡,801050.SI,有色金属,801055.SI,工业金属,850553.SI,铅锌,20120702,2026-08-01,tushare
601020.SH,601020,华钰矿业,801050.SI,有色金属,801055.SI,工业金属,850553.SI,铅锌,20220729,2026-08-01,tushare
920634.BJ,920634.BJ,新威凌,801050.SI,有色金属,801055.SI,工业金属,850553.SI,铅锌,20221123,2026-08-01,tushare
000506.SZ,000506,招金黄金,801050.SI,有色金属,801053.SI,贵金属,850531.SI,黄金,20220729,2026-08-01,tushare
001337.SZ,001337,四川黄金,801050.SI,有色金属,801053.SI,贵金属,850531.SI,黄金,20230224,2026-08-01,tushare
600988.SH,600988,赤峰黄金,801050.SI,有色金属,801053.SI,贵金属,850531.SI,黄金,20040414,2026-08-01,tushare
600489.SH,600489,中金黄金,801050.SI,有色金属,801053.SI,贵金属,850531.SI,黄金,20030812,2026-08-01,tushare
600547.SH,600547,山东黄金,801050.SI,有色金属,801053.SI,贵金属,850531.SI,黄金,20030826,2026-08-01,tushare
002155.SZ,002155,湖南黄金,801050.SI,有色金属,801053.SI,贵金属,850531.SI,黄金,20070815,2026-08-01,tushare
002237.SZ,002237,恒邦股份,801050.SI,有色金属,801053.SI,贵金属,850531.SI,黄金,20080428,2026-08-01,tushare
601069.SH,601069,西部黄金,801050.SI,有色金属,801053.SI,贵金属,850531.SI,黄金,20150115,2026-08-01,tushare
000975.SZ,000975,山金国际,801050.SI,有色金属,801053.SI,贵金属,850531.SI,黄金,20190724,2026-08-01,tushare
300139.SZ,300139,晓程科技,801050.SI,有色金属,801053.SI,贵金属,850531.SI,黄金,20220729,2026-08-01,tushare
600687.SH,600687,退市刚泰(退市),801050.SI,有色金属,801053.SI,贵金属,850531.SI,黄金,20130701,2026-08-01,tushare
601028.SH,601028,玉龙股份(退市),801050.SI,有色金属,801053.SI,贵金属,850531.SI,黄金,20240730,2026-08-01,tushare
600311.SH,600311,*ST荣华(退市),801050.SI,有色金属,801053.SI,贵金属,850531.SI,黄金,20140102,2026-08-01,tushare
002716.SZ,002716,湖南白银,801050.SI,有色金属,801053.SI,贵金属,850532.SI,白银,20210730,2026-08-01,tushare
000831.SZ,000831,中国稀土,801050.SI,有色金属,801054.SI,小金属,850541.SI,稀土,19980911,2026-08-01,tushare
600392.SH,600392,盛和资源,801050.SI,有色金属,801054.SI,小金属,850541.SI,稀土,20030529,2026-08-01,tushare
600111.SH,600111,北方稀土,801050.SI,有色金属,801054.SI,小金属,850541.SI,稀土,20080602,2026-08-01,tushare
600259.SH,600259,中稀有色,801050.SI,有色金属,801054.SI,小金属,850541.SI,稀土,20100601,2026-08-01,tushare
001280.SZ,001280,中国铀业,801050.SI,有色金属,801054.SI,小金属,850541.SI,稀土,20251114,2026-08-01,tushare
000657.SZ,000657,中钨高新,801050.SI,有色金属,801054.SI,小金属,850542.SI,钨,19961205,2026-08-01,tushare
600549.SH,600549,厦门钨业,801050.SI,有色金属,801054.SI,小金属,850542.SI,钨,20021107,2026-08-01,tushare
002378.SZ,002378,章源钨业,801050.SI,有色金属,801054.SI,小金属,850542.SI,钨,20100312,2026-08-01,tushare
002842.SZ,002842,翔鹭钨业,801050.SI,有色金属,801054.SI,小金属,850542.SI,钨,20161228,2026-08-01,tushare
920068.BJ,920068.BJ,天工股份,801050.SI,有色金属,801054.SI,小金属,850544.SI,其他小金属,20250506,2026-08-01,tushare
000960.SZ,000960,锡业股份,801050.SI,有色金属,801054.SI,小金属,850544.SI,其他小金属,20000221,2026-08-01,tushare
600456.SH,600456,宝钛股份,801050.SI,有色金属,801054.SI,小金属,850544.SI,其他小金属,20000412,2026-08-01,tushare
002167.SZ,002167,东方锆业,801050.SI,有色金属,801054.SI,小金属,850544.SI,其他小金属,20070912,2026-08-01,tushare
002428.SZ,002428,云南锗业,801050.SI,有色金属,801054.SI,小金属,850544.SI,其他小金属,20100601,2026-08-01,tushare
002149.SZ,002149,西部材料,801050.SI,有色金属,801054.SI,小金属,850544.SI,其他小金属,20190724,2026-08-01,tushare
688750.SH,688750,金天钛业,801050.SI,有色金属,801054.SI,小金属,850544.SI,其他小金属,20241101,2026-08-01,tushare
301026.SZ,301026,浩通科技,801050.SI,有色金属,801054.SI,小金属,850544.SI,其他小金属,20210705,2026-08-01,tushare
600459.SH,600459,贵研铂业,801050.SI,有色金属,801054.SI,小金属,850544.SI,其他小金属,20070702,2026-08-01,tushare
600281.SH,600281,华阳新材,801050.SI,有色金属,801054.SI,小金属,850544.SI,其他小金属,20210730,2026-08-01,tushare
000962.SZ,000962,东方钽业,801050.SI,有色金属,801054.SI,小金属,850544.SI,其他小金属,20210730,2026-08-01,tushare
603407.SH,603407,长裕集团,801050.SI,有色金属,801054.SI,小金属,850544.SI,其他小金属,20260417,2026-08-01,tushare
002738.SZ,002738,中矿资源,801050.SI,有色金属,801054.SI,小金属,850544.SI,其他小金属,20210730,2026-08-01,tushare
002978.SZ,002978,安宁股份,801050.SI,有色金属,801054.SI,小金属,850544.SI,其他小金属,20200316,2026-08-01,tushare
002182.SZ,002182,宝武镁业,801050.SI,有色金属,801054.SI,小金属,850544.SI,其他小金属,20210730,2026-08-01,tushare
600301.SH,600301,华锡有色,801050.SI,有色金属,801054.SI,小金属,850544.SI,其他小金属,20240730,2026-08-01,tushare
600432.SH,600432,退市吉恩(退市),801050.SI,有色金属,801054.SI,小金属,850544.SI,其他小金属,20030901,2026-08-01,tushare
000693.SZ,000693,华泽退(退市),801050.SI,有色金属,801054.SI,小金属,850544.SI,其他小金属,20000428,2026-08-01,tushare
600614.SH,600614,退市鹏起(退市),801050.SI,有色金属,801054.SI,小金属,850544.SI,其他小金属,20210730,2026-08-01,tushare
002502.SZ,002502,ST鼎龙(退市),801050.SI,有色金属,801054.SI,小金属,850544.SI,其他小金属,20230704,2026-08-01,tushare
000688.SZ,000688,国城矿业,801050.SI,有色金属,801054.SI,小金属,850545.SI,钼,20260701,2026-08-01,tushare
001257.SZ,001257,盛龙股份,801050.SI,有色金属,801054.SI,小金属,850545.SI,钼,20260323,2026-08-01,tushare
601958.SH,601958,金钼股份,801050.SI,有色金属,801054.SI,小金属,850545.SI,钼,20210730,2026-08-01,tushare
301219.SZ,301219,腾远钴业,801050.SI,有色金属,801056.SI,能源金属,850561.SI,钴,20220304,2026-08-01,tushare
603799.SH,603799,华友钴业,801050.SI,有色金属,801056.SI,能源金属,850561.SI,钴,20210730,2026-08-01,tushare
300618.SZ,300618,寒锐钴业,801050.SI,有色金属,801056.SI,能源金属,850561.SI,钴,20210730,2026-08-01,tushare
605376.SH,605376,博迁新材,801050.SI,有色金属,801056.SI,能源金属,850562.SI,镍,20230704,2026-08-01,tushare
000762.SZ,000762,西藏矿业,801050.SI,有色金属,801056.SI,能源金属,850543.SI,锂,19970708,2026-08-01,tushare
002756.SZ,002756,永兴材料,801050.SI,有色金属,801056.SI,能源金属,850543.SI,锂,20220729,2026-08-01,tushare
002466.SZ,002466,天齐锂业,801050.SI,有色金属,801056.SI,能源金属,850543.SI,锂,20100812,2026-08-01,tushare
002240.SZ,002240,盛新锂能,801050.SI,有色金属,801056.SI,能源金属,850543.SI,锂,20080505,2026-08-01,tushare
002460.SZ,002460,赣锋锂业,801050.SI,有色金属,801056.SI,能源金属,850543.SI,锂,20100728,2026-08-01,tushare
002192.SZ,002192,融捷股份,801050.SI,有色金属,801056.SI,能源金属,850543.SI,锂,20220401,2026-08-01,tushare
603399.SH,603399,永杉锂业,801050.SI,有色金属,801056.SI,能源金属,850543.SI,锂,20230704,2026-08-01,tushare
002070.SZ,002070,众和退(退市),801050.SI,有色金属,801056.SI,能源金属,850543.SI,锂,20170629,2026-08-01,tushare
600360.SH,600360,华微电子,801080.SI,电子,801081.SI,半导体,850812.SI,分立器件,20010316,2026-08-01,tushare
688167.SH,688167,炬光科技,801080.SI,电子,801081.SI,半导体,850812.SI,分立器件,20220513,2026-08-01,tushare
300046.SZ,300046,台基股份,801080.SI,电子,801081.SI,半导体,850812.SI,分立器件,20110110,2026-08-01,tushare
688048.SH,688048,长光华芯,801080.SI,电子,801081.SI,半导体,850812.SI,分立器件,20220318,2026-08-01,tushare
688172.SH,688172,燕东微,801080.SI,电子,801081.SI,半导体,850812.SI,分立器件,20221202,2026-08-01,tushare
688498.SH,688498,源杰科技,801080.SI,电子,801081.SI,半导体,850812.SI,分立器件,20221202,2026-08-01,tushare
300373.SZ,300373,扬杰科技,801080.SI,电子,801081.SI,半导体,850812.SI,分立器件,20140108,2026-08-01,tushare
300623.SZ,300623,捷捷微电,801080.SI,电子,801081.SI,半导体,850812.SI,分立器件,20170224,2026-08-01,tushare
300831.SZ,300831,ST派瑞,801080.SI,电子,801081.SI,半导体,850812.SI,分立器件,20200416,2026-08-01,tushare
603290.SH,603290,斯达半导,801080.SI,电子,801081.SI,半导体,850812.SI,分立器件,20200114,2026-08-01,tushare
688689.SH,688689,银河微电,801080.SI,电子,801081.SI,半导体,850812.SI,分立器件,20210108,2026-08-01,tushare
688261.SH,688261,东微半导,801080.SI,电子,801081.SI,半导体,850812.SI,分立器件,20220114,2026-08-01,tushare
605111.SH,605111,新洁能,801080.SI,电子,801081.SI,半导体,850812.SI,分立器件,20200909,2026-08-01,tushare
688711.SH,688711,宏微科技,801080.SI,电子,801081.SI,半导体,850812.SI,分立器件,20210820,2026-08-01,tushare
600460.SH,600460,士兰微,801080.SI,电子,801081.SI,半导体,850812.SI,分立器件,20151030,2026-08-01,tushare
600745.SH,600745,*ST闻泰,801080.SI,电子,801081.SI,半导体,850812.SI,分立器件,20220729,2026-08-01,tushare
688693.SH,688693,锴威特,801080.SI,电子,801081.SI,半导体,850812.SI,分立器件,20230731,2026-08-01,tushare
688230.SH,688230,芯导科技,801080.SI,电子,801081.SI,半导体,850812.SI,分立器件,20211119,2026-08-01,tushare
002119.SZ,002119,康强电子,801080.SI,电子,801081.SI,半导体,850813.SI,半导体材料,20070302,2026-08-01,tushare
002257.SZ,002257,立立电子(IPO终止),801080.SI,电子,801081.SI,半导体,850813.SI,半导体材料,20080125,2026-08-01,tushare
688234.SH,688234,天岳先进,801080.SI,电子,801081.SI,半导体,850813.SI,半导体材料,20211224,2026-08-01,tushare
688432.SH,688432,有研硅,801080.SI,电子,801081.SI,半导体,850813.SI,半导体材料,20221028,2026-08-01,tushare
300666.SZ,300666,江丰电子,801080.SI,电子,801081.SI,半导体,850813.SI,半导体材料,20190724,2026-08-01,tushare
688661.SH,688661,和林微纳,801080.SI,电子,801081.SI,半导体,850813.SI,半导体材料,20220804,2026-08-01,tushare
002409.SZ,002409,雅克科技,801080.SI,电子,801081.SI,半导体,850813.SI,半导体材料,20200608,2026-08-01,tushare
300706.SZ,300706,阿石创,801080.SI,电子,801081.SI,半导体,850813.SI,半导体材料,20190724,2026-08-01,tushare
688126.SH,688126,沪硅产业,801080.SI,电子,801081.SI,半导体,850813.SI,半导体材料,20200402,2026-08-01,tushare
688233.SH,688233,神工股份,801080.SI,电子,801081.SI,半导体,850813.SI,半导体材料,20200204,2026-08-01,tushare
605358.SH,605358,立昂微,801080.SI,电子,801081.SI,半导体,850813.SI,半导体材料,20200831,2026-08-01,tushare
688401.SH,688401,路维光电,801080.SI,电子,801081.SI,半导体,850813.SI,半导体材料,20220805,2026-08-01,tushare
688720.SH,688720,艾森股份,801080.SI,电子,801081.SI,半导体,850813.SI,半导体材料,20231117,2026-08-01,tushare
688146.SH,688146,中船特气,801080.SI,电子,801081.SI,半导体,850813.SI,半导体材料,20230331,2026-08-01,tushare
920179.BJ,920179.BJ,凯德石英,801080.SI,电子,801081.SI,半导体,850813.SI,半导体材料,20230410,2026-08-01,tushare
003026.SZ,003026,中晶科技,801080.SI,电子,801081.SI,半导体,850813.SI,半导体材料,20201207,2026-08-01,tushare
301678.SZ,301678,新恒汇,801080.SI,电子,801081.SI,半导体,850813.SI,半导体材料,20250530,2026-08-01,tushare
688727.SH,688727,恒坤新材,801080.SI,电子,801081.SI,半导体,850813.SI,半导体材料,20251107,2026-08-01,tushare
920012.BJ,920012.BJ,创达新材,801080.SI,电子,801081.SI,半导体,850813.SI,半导体材料,20260410,2026-08-01,tushare
688535.SH,688535,华海诚科,801080.SI,电子,801081.SI,半导体,850813.SI,半导体材料,20230317,2026-08-01,tushare
688783.SH,688783,西安奕材-U,801080.SI,电子,801081.SI,半导体,850813.SI,半导体材料,20250926,2026-08-01,tushare
600206.SH,600206,有研新材,801080.SI,电子,801081.SI,半导体,850813.SI,半导体材料,20210730,2026-08-01,tushare
688138.SH,688138,清溢光电,801080.SI,电子,801081.SI,半导体,850813.SI,半导体材料,20191111,2026-08-01,tushare
688530.SH,688530,欧莱新材,801080.SI,电子,801081.SI,半导体,850813.SI,半导体材料,20240509,2026-08-01,tushare
301611.SZ,301611,珂玛科技,801080.SI,电子,801081.SI,半导体,850813.SI,半导体材料,20240802,2026-08-01,tushare
688721.SH,688721,龙图光罩,801080.SI,电子,801081.SI,半导体,850813.SI,半导体材料,20240802,2026-08-01,tushare
688584.SH,688584,上海合晶,801080.SI,电子,801081.SI,半导体,850813.SI,半导体材料,20240126,2026-08-01,tushare
688797.SH,688797,臻宝科技,801080.SI,电子,801081.SI,半导体,850813.SI,半导体材料,20260605,2026-08-01,tushare
600641.SH,600641,先导基电,801080.SI,电子,801081.SI,半导体,850813.SI,半导体材料,20260701,2026-08-01,tushare
920189.BJ,920189.BJ,康美特,801080.SI,电子,801081.SI,半导体,850813.SI,半导体材料,20260708,2026-08-01,tushare
688213.SH,688213,思特威-W,801080.SI,电子,801081.SI,半导体,850814.SI,数字芯片设计,20220429,2026-08-01,tushare
002049.SZ,002049,紫光国微,801080.SI,电子,801081.SI,半导体,850814.SI,数字芯片设计,20050530,2026-08-01,tushare
688047.SH,688047,龙芯中科,801080.SI,电子,801081.SI,半导体,850814.SI,数字芯片设计,20220610,2026-08-01,tushare
300077.SZ,300077,国民技术,801080.SI,电子,801081.SI,半导体,850814.SI,数字芯片设计,20100122,2026-08-01,tushare
688525.SH,688525,佰维存储,801080.SI,电子,801081.SI,半导体,850814.SI,数字芯片设计,20221223,2026-08-01,tushare
688486.SH,688486,龙迅股份,801080.SI,电子,801081.SI,半导体,850814.SI,数字芯片设计,20230213,2026-08-01,tushare
300327.SZ,300327,中颖电子,801080.SI,电子,801081.SI,半导体,850814.SI,数字芯片设计,20120104,2026-08-01,tushare
688259.SH,688259,创耀科技,801080.SI,电子,801081.SI,半导体,850814.SI,数字芯片设计,20211224,2026-08-01,tushare
603986.SH,603986,兆易创新,801080.SI,电子,801081.SI,半导体,850814.SI,数字芯片设计,20160804,2026-08-01,tushare
300458.SZ,300458,全志科技,801080.SI,电子,801081.SI,半导体,850814.SI,数字芯片设计,20150106,2026-08-01,tushare
300672.SZ,300672,国科微,801080.SI,电子,801081.SI,半导体,850814.SI,数字芯片设计,20170628,2026-08-01,tushare
688262.SH,688262,国芯科技,801080.SI,电子,801081.SI,半导体,850814.SI,数字芯片设计,20211217,2026-08-01,tushare
300613.SZ,300613,富瀚微,801080.SI,电子,801081.SI,半导体,850814.SI,数字芯片设计,20170208,2026-08-01,tushare
603501.SH,603501,豪威集团,801080.SI,电子,801081.SI,半导体,850814.SI,数字芯片设计,20170419,2026-08-01,tushare
688099.SH,688099,晶晨股份,801080.SI,电子,801081.SI,半导体,850814.SI,数字芯片设计,20190724,2026-08-01,tushare
688123.SH,688123,聚辰股份,801080.SI,电子,801081.SI,半导体,850814.SI,数字芯片设计,20191205,2026-08-01,tushare
688018.SH,688018,乐鑫科技,801080.SI,电子,801081.SI,半导体,850814.SI,数字芯片设计,20190708,2026-08-01,tushare
688008.SH,688008,澜起科技,801080.SI,电子,801081.SI,半导体,850814.SI,数字芯片设计,20190702,2026-08-01,tushare
688256.SH,688256,寒武纪,801080.SI,电子,801081.SI,半导体,850814.SI,数字芯片设计,20200707,2026-08-01,tushare
688608.SH,688608,恒玄科技,801080.SI,电子,801081.SI,半导体,850814.SI,数字芯片设计,20201201,2026-08-01,tushare
688589.SH,688589,力合微,801080.SI,电子,801081.SI,半导体,850814.SI,数字芯片设计,20200706,2026-08-01,tushare
688521.SH,688521,芯原股份,801080.SI,电子,801081.SI,半导体,850814.SI,数字芯片设计,20200731,2026-08-01,tushare
688041.SH,688041,海光信息,801080.SI,电子,801081.SI,半导体,850814.SI,数字芯片设计,20220802,2026-08-01,tushare
688416.SH,688416,恒烁股份,801080.SI,电子,801081.SI,半导体,850814.SI,数字芯片设计,20220812,2026-08-01,tushare
688252.SH,688252,天德钰,801080.SI,电子,801081.SI,半导体,850814.SI,数字芯片设计,20220909,2026-08-01,tushare
688279.SH,688279,峰岹科技,801080.SI,电子,801081.SI,半导体,850814.SI,数字芯片设计,20220401,2026-08-01,tushare
688385.SH,688385,复旦微电,801080.SI,电子,801081.SI,半导体,850814.SI,数字芯片设计,20210723,2026-08-01,tushare
603893.SH,603893,瑞芯微,801080.SI,电子,801081.SI,半导体,850814.SI,数字芯片设计,20200114,2026-08-01,tushare
688595.SH,688595,芯海科技,801080.SI,电子,801081.SI,半导体,850814.SI,数字芯片设计,20220729,2026-08-01,tushare
688766.SH,688766,普冉股份,801080.SI,电子,801081.SI,半导体,850814.SI,数字芯片设计,20210813,2026-08-01,tushare
688110.SH,688110,东芯股份,801080.SI,电子,801081.SI,半导体,850814.SI,数字芯片设计,20211126,2026-08-01,tushare
688795.SH,688795,摩尔线程-U,801080.SI,电子,801081.SI,半导体,850814.SI,数字芯片设计,20251114,2026-08-01,tushare
688802.SH,688802,沐曦股份-U,801080.SI,电子,801081.SI,半导体,850814.SI,数字芯片设计,20251201,2026-08-01,tushare
688807.SH,688807,优迅股份,801080.SI,电子,801081.SI,半导体,850814.SI,数字芯片设计,20251201,2026-08-01,tushare
301308.SZ,301308,江波龙,801080.SI,电子,801081.SI,半导体,850814.SI,数字芯片设计,20220725,2026-08-01,tushare
688380.SH,688380,中微半导,801080.SI,电子,801081.SI,半导体,850814.SI,数字芯片设计,20220725,2026-08-01,tushare
688107.SH,688107,安路科技,801080.SI,电子,801081.SI,半导体,850814.SI,数字芯片设计,20211029,2026-08-01,tushare
688728.SH,688728,格科微,801080.SI,电子,801081.SI,半导体,850814.SI,数字芯片设计,20210813,2026-08-01,tushare
688593.SH,688593,新相微,801080.SI,电子,801081.SI,半导体,850814.SI,数字芯片设计,20230512,2026-08-01,tushare
688620.SH,688620,安凯微,801080.SI,电子,801081.SI,半导体,850814.SI,数字芯片设计,20230609,2026-08-01,tushare
002213.SZ,002213,大为股份,801080.SI,电子,801081.SI,半导体,850814.SI,数字芯片设计,20230704,2026-08-01,tushare
688449.SH,688449,联芸科技,801080.SI,电子,801081.SI,半导体,850814.SI,数字芯片设计,20241108,2026-08-01,tushare
688049.SH,688049,炬芯科技,801080.SI,电子,801081.SI,半导体,850814.SI,数字芯片设计,20211112,2026-08-01,tushare
300223.SZ,300223,北京君正,801080.SI,电子,801081.SI,半导体,850814.SI,数字芯片设计,20110124,2026-08-01,tushare
301666.SZ,301666,大普微-UW,801080.SI,电子,801081.SI,半导体,850814.SI,数字芯片设计,20260403,2026-08-01,tushare
688332.SH,688332,中科蓝讯,801080.SI,电子,801081.SI,半导体,850814.SI,数字芯片设计,20220701,2026-08-01,tushare
688591.SH,688591,泰凌微,801080.SI,电子,801081.SI,半导体,850814.SI,数字芯片设计,20230821,2026-08-01,tushare
001309.SZ,001309,德明利,801080.SI,电子,801081.SI,半导体,850814.SI,数字芯片设计,20240730,2026-08-01,tushare
300053.SZ,300053,航宇微,801080.SI,电子,801081.SI,半导体,850814.SI,数字芯片设计,20240730,2026-08-01,tushare
301536.SZ,301536,星宸科技,801080.SI,电子,801081.SI,半导体,850814.SI,数字芯片设计,20240318,2026-08-01,tushare
688702.SH,688702,盛科通信-U,801080.SI,电子,801081.SI,半导体,850814.SI,数字芯片设计,20230908,2026-08-01,tushare
688709.SH,688709,成都华微,801080.SI,电子,801081.SI,半导体,850814.SI,数字芯片设计,20240119,2026-08-01,tushare
603316.SH,603316,诚邦股份,801080.SI,电子,801081.SI,半导体,850814.SI,数字芯片设计,20260701,2026-08-01,tushare
688825.SH,688825,长鑫科技,801080.SI,电子,801081.SI,半导体,850814.SI,数字芯片设计,20260710,2026-08-01,tushare
600171.SH,600171,上海贝岭,801080.SI,电子,801081.SI,半导体,850815.SI,模拟芯片设计,19980924,2026-08-01,tushare
688391.SH,688391,钜泉科技,801080.SI,电子,801081.SI,半导体,850815.SI,模拟芯片设计,20220826,2026-08-01,tushare
688220.SH,688220,翱捷科技-U,801080.SI,电子,801081.SI,半导体,850815.SI,模拟芯片设计,20211224,2026-08-01,tushare
688173.SH,688173,希荻微,801080.SI,电子,801081.SI,半导体,850815.SI,模拟芯片设计,20220107,2026-08-01,tushare
688141.SH,688141,杰华特,801080.SI,电子,801081.SI,半导体,850815.SI,模拟芯片设计,20221209,2026-08-01,tushare
300671.SZ,300671,富满微,801080.SI,电子,801081.SI,半导体,850815.SI,模拟芯片设计,20170615,2026-08-01,tushare
688045.SH,688045,必易微,801080.SI,电子,801081.SI,半导体,850815.SI,模拟芯片设计,20220513,2026-08-01,tushare
300661.SZ,300661,圣邦股份,801080.SI,电子,801081.SI,半导体,850815.SI,模拟芯片设计,20170522,2026-08-01,tushare
688368.SH,688368,晶丰明源,801080.SI,电子,801081.SI,半导体,850815.SI,模拟芯片设计,20190919,2026-08-01,tushare
300782.SZ,300782,卓胜微,801080.SI,电子,801081.SI,半导体,850815.SI,模拟芯片设计,20190529,2026-08-01,tushare
603068.SH,603068,博通集成,801080.SI,电子,801081.SI,半导体,850815.SI,模拟芯片设计,20190326,2026-08-01,tushare
688286.SH,688286,敏芯股份,801080.SI,电子,801081.SI,半导体,850815.SI,模拟芯片设计,20200722,2026-08-01,tushare
688508.SH,688508,芯朋微,801080.SI,电子,801081.SI,半导体,850815.SI,模拟芯片设计,20200706,2026-08-01,tushare
688536.SH,688536,思瑞浦,801080.SI,电子,801081.SI,半导体,850815.SI,模拟芯片设计,20200904,2026-08-01,tushare
688052.SH,688052,纳芯微,801080.SI,电子,801081.SI,半导体,850815.SI,模拟芯片设计,20220401,2026-08-01,tushare
688153.SH,688153,唯捷创芯,801080.SI,电子,801081.SI,半导体,850815.SI,模拟芯片设计,20220401,2026-08-01,tushare
688209.SH,688209,英集芯,801080.SI,电子,801081.SI,半导体,850815.SI,模拟芯片设计,20220401,2026-08-01,tushare
688325.SH,688325,赛微微电,801080.SI,电子,801081.SI,半导体,850815.SI,模拟芯片设计,20220401,2026-08-01,tushare
688601.SH,688601,力芯微,801080.SI,电子,801081.SI,半导体,850815.SI,模拟芯片设计,20210609,2026-08-01,tushare
688798.SH,688798,艾为电子,801080.SI,电子,801081.SI,半导体,850815.SI,模拟芯片设计,20210729,2026-08-01,tushare
688270.SH,688270,ST臻镭,801080.SI,电子,801081.SI,半导体,850815.SI,模拟芯片设计,20220114,2026-08-01,tushare
688381.SH,688381,帝奥微,801080.SI,电子,801081.SI,半导体,850815.SI,模拟芯片设计,20220805,2026-08-01,tushare
688653.SH,688653,康希通信,801080.SI,电子,801081.SI,半导体,850815.SI,模拟芯片设计,20231117,2026-08-01,tushare
688458.SH,688458,美芯晟,801080.SI,电子,801081.SI,半导体,850815.SI,模拟芯片设计,20230504,2026-08-01,tushare
688512.SH,688512,慧智微-U,801080.SI,电子,801081.SI,半导体,850815.SI,模拟芯片设计,20230504,2026-08-01,tushare
603160.SH,603160,汇顶科技,801080.SI,电子,801081.SI,半导体,850815.SI,模拟芯片设计,20170629,2026-08-01,tushare
688130.SH,688130,晶华微,801080.SI,电子,801081.SI,半导体,850815.SI,模拟芯片设计,20220715,2026-08-01,tushare
688790.SH,688790,昂瑞微-UW,801080.SI,电子,801081.SI,半导体,850815.SI,模拟芯片设计,20251201,2026-08-01,tushare
600877.SH,600877,电科芯片,801080.SI,电子,801081.SI,半导体,850815.SI,模拟芯片设计,20220729,2026-08-01,tushare
688582.SH,688582,芯动联科,801080.SI,电子,801081.SI,半导体,850815.SI,模拟芯片设计,20230609,2026-08-01,tushare
688484.SH,688484,南芯科技,801080.SI,电子,801081.SI,半导体,850815.SI,模拟芯片设计,20230317,2026-08-01,tushare
688515.SH,688515,裕太微-U,801080.SI,电子,801081.SI,半导体,850815.SI,模拟芯片设计,20230120,2026-08-01,tushare
688699.SH,688699,明微电子,801080.SI,电子,801081.SI,半导体,850815.SI,模拟芯片设计,20201207,2026-08-01,tushare
688061.SH,688061,灿瑞科技,801080.SI,电子,801081.SI,半导体,850815.SI,模拟芯片设计,20220923,2026-08-01,tushare
603375.SH,603375,盛景微,801080.SI,电子,801081.SI,半导体,850815.SI,模拟芯片设计,20240108,2026-08-01,tushare
688249.SH,688249,晶合集成,801080.SI,电子,801081.SI,半导体,850816.SI,集成电路制造,20230414,2026-08-01,tushare
688396.SH,688396,华润微,801080.SI,电子,801081.SI,半导体,850816.SI,集成电路制造,20200204,2026-08-01,tushare
688981.SH,688981,中芯国际,801080.SI,电子,801081.SI,半导体,850816.SI,集成电路制造,20200706,2026-08-01,tushare
688469.SH,688469,芯联集成-U,801080.SI,电子,801081.SI,半导体,850816.SI,集成电路制造,20230504,2026-08-01,tushare
300456.SZ,300456,赛微电子,801080.SI,电子,801081.SI,半导体,850816.SI,集成电路制造,20200730,2026-08-01,tushare
688347.SH,688347,华虹宏力,801080.SI,电子,801081.SI,半导体,850816.SI,集成电路制造,20230731,2026-08-01,tushare
688691.SH,688691,灿芯股份,801080.SI,电子,801081.SI,半导体,850816.SI,集成电路制造,20240322,2026-08-01,tushare
002156.SZ,002156,通富微电,801080.SI,电子,801081.SI,半导体,850817.SI,集成电路封测,20070815,2026-08-01,tushare
002185.SZ,002185,华天科技,801080.SI,电子,801081.SI,半导体,850817.SI,集成电路封测,20071119,2026-08-01,tushare
603005.SH,603005,晶方科技,801080.SI,电子,801081.SI,半导体,850817.SI,集成电路封测,20140122,2026-08-01,tushare
688362.SH,688362,甬矽电子,801080.SI,电子,801081.SI,半导体,850817.SI,集成电路封测,20221028,2026-08-01,tushare
002077.SZ,002077,大港股份,801080.SI,电子,801081.SI,半导体,850817.SI,集成电路封测,20150701,2026-08-01,tushare
688135.SH,688135,利扬芯片,801080.SI,电子,801081.SI,半导体,850817.SI,集成电路封测,20201026,2026-08-01,tushare
688216.SH,688216,气派科技,801080.SI,电子,801081.SI,半导体,850817.SI,集成电路封测,20210607,2026-08-01,tushare
688403.SH,688403,汇成股份,801080.SI,电子,801081.SI,半导体,850817.SI,集成电路封测,20220805,2026-08-01,tushare
688372.SH,688372,伟测科技,801080.SI,电子,801081.SI,半导体,850817.SI,集成电路封测,20220930,2026-08-01,tushare
688352.SH,688352,颀中科技,801080.SI,电子,801081.SI,半导体,850817.SI,集成电路封测,20230331,2026-08-01,tushare
600584.SH,600584,长电科技,801080.SI,电子,801081.SI,半导体,850817.SI,集成电路封测,20110110,2026-08-01,tushare
301348.SZ,301348,蓝箭电子,801080.SI,电子,801081.SI,半导体,850817.SI,集成电路封测,20230731,2026-08-01,tushare
688820.SH,688820,盛合晶微,801080.SI,电子,801081.SI,半导体,850817.SI,集成电路封测,20260403,2026-08-01,tushare
920139.BJ,920139.BJ,华岭股份,801080.SI,电子,801081.SI,半导体,850817.SI,集成电路封测,20220930,2026-08-01,tushare
688729.SH,688729,屹唐股份,801080.SI,电子,801081.SI,半导体,850818.SI,半导体设备,20250620,2026-08-01,tushare
688409.SH,688409,富创精密,801080.SI,电子,801081.SI,半导体,850818.SI,半导体设备,20220916,2026-08-01,tushare
688120.SH,688120,华海清科,801080.SI,电子,801081.SI,半导体,850818.SI,半导体设备,20220520,2026-08-01,tushare
301297.SZ,301297,富乐德,801080.SI,电子,801081.SI,半导体,850818.SI,半导体设备,20221223,2026-08-01,tushare
301369.SZ,301369,联动科技,801080.SI,电子,801081.SI,半导体,850818.SI,半导体设备,20220909,2026-08-01,tushare
688072.SH,688072,拓荆科技,801080.SI,电子,801081.SI,半导体,850818.SI,半导体设备,20220401,2026-08-01,tushare
688419.SH,688419,耐科装备,801080.SI,电子,801081.SI,半导体,850818.SI,半导体设备,20221021,2026-08-01,tushare
688652.SH,688652,京仪装备,801080.SI,电子,801081.SI,半导体,850818.SI,半导体设备,20231117,2026-08-01,tushare
603061.SH,603061,金海通,801080.SI,电子,801081.SI,半导体,850818.SI,半导体设备,20230224,2026-08-01,tushare
688478.SH,688478,晶升股份,801080.SI,电子,801081.SI,半导体,850818.SI,半导体设备,20230331,2026-08-01,tushare
688361.SH,688361,中科飞测,801080.SI,电子,801081.SI,半导体,850818.SI,半导体设备,20230504,2026-08-01,tushare
688785.SH,688785,恒运昌,801080.SI,电子,801081.SI,半导体,850818.SI,半导体设备,20260109,2026-08-01,tushare
688200.SH,688200,华峰测控,801080.SI,电子,801081.SI,半导体,850818.SI,半导体设备,20210730,2026-08-01,tushare
002371.SZ,002371,北方华创,801080.SI,电子,801081.SI,半导体,850818.SI,半导体设备,20210730,2026-08-01,tushare
003043.SZ,003043,华亚智能,801080.SI,电子,801081.SI,半导体,850818.SI,半导体设备,20210730,2026-08-01,tushare
688082.SH,688082,盛美上海,801080.SI,电子,801081.SI,半导体,850818.SI,半导体设备,20211105,2026-08-01,tushare
300604.SZ,300604,长川科技,801080.SI,电子,801081.SI,半导体,850818.SI,半导体设备,20210730,2026-08-01,tushare
688605.SH,688605,先锋精科,801080.SI,电子,801081.SI,半导体,850818.SI,半导体设备,20241122,2026-08-01,tushare
603690.SH,603690,至纯科技,801080.SI,电子,801081.SI,半导体,850818.SI,半导体设备,20210730,2026-08-01,tushare
688037.SH,688037,芯源微,801080.SI,电子,801081.SI,半导体,850818.SI,半导体设备,20210730,2026-08-01,tushare
688012.SH,688012,中微公司,801080.SI,电子,801081.SI,半导体,850818.SI,半导体设备,20210730,2026-08-01,tushare
301629.SZ,301629,矽电股份,801080.SI,电子,801081.SI,半导体,850818.SI,半导体设备,20250307,2026-08-01,tushare
603991.SH,603991,领先股份,801080.SI,电子,801081.SI,半导体,850818.SI,半导体设备,20250811,2026-08-01,tushare
920186.BJ,920186.BJ,中科仪,801080.SI,电子,801081.SI,半导体,850818.SI,半导体设备,20260422,2026-08-01,tushare
688809.SH,688809,强一股份,801080.SI,电子,801081.SI,半导体,850818.SI,半导体设备,20251212,2026-08-01,tushare
301583.SZ,301583,托伦斯,801080.SI,电子,801081.SI,半导体,850818.SI,半导体设备,20260619,2026-08-01,tushare
600601.SH,600601,方正科技,801080.SI,电子,801083.SI,元件,850822.SI,印制电路板,19901219,2026-08-01,tushare
000823.SZ,000823,超声电子,801080.SI,电子,801083.SI,元件,850822.SI,印制电路板,19971008,2026-08-01,tushare
600183.SH,600183,生益科技,801080.SI,电子,801083.SI,元件,850822.SI,印制电路板,19981028,2026-08-01,tushare
002134.SZ,002134,天津普林,801080.SI,电子,801083.SI,元件,850822.SI,印制电路板,20070515,2026-08-01,tushare
002384.SZ,002384,东山精密,801080.SI,电子,801083.SI,元件,850822.SI,印制电路板,20100322,2026-08-01,tushare
002436.SZ,002436,兴森科技,801080.SI,电子,801083.SI,元件,850822.SI,印制电路板,20110110,2026-08-01,tushare
002463.SZ,002463,沪电股份,801080.SI,电子,801083.SI,元件,850822.SI,印制电路板,20100809,2026-08-01,tushare
002815.SZ,002815,崇达技术,801080.SI,电子,801083.SI,元件,850822.SI,印制电路板,20161012,2026-08-01,tushare
603186.SH,603186,华正新材,801080.SI,电子,801083.SI,元件,850822.SI,印制电路板,20161219,2026-08-01,tushare
603228.SH,603228,景旺电子,801080.SI,电子,801083.SI,元件,850822.SI,印制电路板,20161219,2026-08-01,tushare
002579.SZ,002579,中京电子,801080.SI,电子,801083.SI,元件,850822.SI,印制电路板,20110426,2026-08-01,tushare
300476.SZ,300476,胜宏科技,801080.SI,电子,801083.SI,元件,850822.SI,印制电路板,20150115,2026-08-01,tushare
002913.SZ,002913,奥士康,801080.SI,电子,801083.SI,元件,850822.SI,印制电路板,20171121,2026-08-01,tushare
603920.SH,603920,世运电路,801080.SI,电子,801083.SI,元件,850822.SI,印制电路板,20170419,2026-08-01,tushare
300903.SZ,300903,科翔股份,801080.SI,电子,801083.SI,元件,850822.SI,印制电路板,20201026,2026-08-01,tushare
301176.SZ,301176,逸豪新材,801080.SI,电子,801083.SI,元件,850822.SI,印制电路板,20220909,2026-08-01,tushare
002916.SZ,002916,深南电路,801080.SI,电子,801083.SI,元件,850822.SI,印制电路板,20171208,2026-08-01,tushare
300657.SZ,300657,弘信电子,801080.SI,电子,801083.SI,元件,850822.SI,印制电路板,20170504,2026-08-01,tushare
301366.SZ,301366,一博科技,801080.SI,电子,801083.SI,元件,850822.SI,印制电路板,20220909,2026-08-01,tushare
002938.SZ,002938,鹏鼎控股,801080.SI,电子,801083.SI,元件,850822.SI,印制电路板,20180918,2026-08-01,tushare
300739.SZ,300739,明阳电路,801080.SI,电子,801083.SI,元件,850822.SI,印制电路板,20180129,2026-08-01,tushare
688655.SH,688655,迅捷兴,801080.SI,电子,801083.SI,元件,850822.SI,印制电路板,20210421,2026-08-01,tushare
300964.SZ,300964,本川智能,801080.SI,电子,801083.SI,元件,850822.SI,印制电路板,20210727,2026-08-01,tushare
300814.SZ,300814,中富电路,801080.SI,电子,801083.SI,元件,850822.SI,印制电路板,20210727,2026-08-01,tushare
301041.SZ,301041,金百泽,801080.SI,电子,801083.SI,元件,850822.SI,印制电路板,20210727,2026-08-01,tushare
688183.SH,688183,生益电子,801080.SI,电子,801083.SI,元件,850822.SI,印制电路板,20210205,2026-08-01,tushare
300936.SZ,300936,中英科技,801080.SI,电子,801083.SI,元件,850822.SI,印制电路板,20210126,2026-08-01,tushare
605058.SH,605058,澳弘电子,801080.SI,电子,801083.SI,元件,850822.SI,印制电路板,20200924,2026-08-01,tushare
300852.SZ,300852,四会富仕,801080.SI,电子,801083.SI,元件,850822.SI,印制电路板,20200629,2026-08-01,tushare
688519.SH,688519,南亚新材,801080.SI,电子,801083.SI,元件,850822.SI,印制电路板,20200731,2026-08-01,tushare
603328.SH,603328,依顿电子,801080.SI,电子,801083.SI,元件,850822.SI,印制电路板,20040621,2026-08-01,tushare
603936.SH,603936,博敏电子,801080.SI,电子,801083.SI,元件,850822.SI,印制电路板,20151209,2026-08-01,tushare
301282.SZ,301282,金禄电子,801080.SI,电子,801083.SI,元件,850822.SI,印制电路板,20220805,2026-08-01,tushare
603386.SH,603386,骏亚科技,801080.SI,电子,801083.SI,元件,850822.SI,印制电路板,20170828,2026-08-01,tushare
301628.SZ,301628,强达电路,801080.SI,电子,801083.SI,元件,850822.SI,印制电路板,20241018,2026-08-01,tushare
301132.SZ,301132,满坤科技,801080.SI,电子,801083.SI,元件,850822.SI,印制电路板,20220725,2026-08-01,tushare
603459.SH,603459,红板科技,801080.SI,电子,801083.SI,元件,850822.SI,印制电路板,20260323,2026-08-01,tushare
920060.BJ,920060.BJ,万源通,801080.SI,电子,801083.SI,元件,850822.SI,印制电路板,20241108,2026-08-01,tushare
688020.SH,688020,方邦股份,801080.SI,电子,801083.SI,元件,850822.SI,印制电路板,20210730,2026-08-01,tushare
603175.SH,603175,超颖电子,801080.SI,电子,801083.SI,元件,850822.SI,印制电路板,20250926,2026-08-01,tushare
301251.SZ,301251,威尔高,801080.SI,电子,801083.SI,元件,850822.SI,印制电路板,20230821,2026-08-01,tushare
002636.SZ,002636,金安国纪,801080.SI,电子,801083.SI,元件,850822.SI,印制电路板,20110117,2026-08-01,tushare
605258.SH,605258,协和电子,801080.SI,电子,801083.SI,元件,850822.SI,印制电路板,20201123,2026-08-01,tushare
920821.BJ,920821.BJ,则成电子,801080.SI,电子,801083.SI,元件,850822.SI,印制电路板,20220622,2026-08-01,tushare
001389.SZ,001389,广合科技,801080.SI,电子,801083.SI,元件,850822.SI,印制电路板,20240318,2026-08-01,tushare
002288.SZ,002288,*ST超华(退市),801080.SI,电子,801083.SI,元件,850822.SI,印制电路板,20090817,2026-08-01,tushare
002618.SZ,002618,丹邦退(退市),801080.SI,电子,801083.SI,元件,850822.SI,印制电路板,20110907,2026-08-01,tushare
002552.SZ,002552,宝鼎科技,801080.SI,电子,801083.SI,元件,850822.SI,印制电路板,20260701,2026-08-01,tushare
001232.SZ,001232,嘉立创,801080.SI,电子,801083.SI,元件,850822.SI,印制电路板,20260717,2026-08-01,tushare
600237.SH,600237,铜峰电子,801080.SI,电子,801083.SI,元件,850823.SI,被动元件,20000609,2026-08-01,tushare
000636.SZ,000636,风华高科,801080.SI,电子,801083.SI,元件,850823.SI,被动元件,19961129,2026-08-01,tushare
600563.SH,600563,法拉电子,801080.SI,电子,801083.SI,元件,850823.SI,被动元件,20021210,2026-08-01,tushare
002199.SZ,002199,*ST东晶,801080.SI,电子,801083.SI,元件,850823.SI,被动元件,20071220,2026-08-01,tushare
002138.SZ,002138,顺络电子,801080.SI,电子,801083.SI,元件,850823.SI,被动元件,20080602,2026-08-01,tushare
603989.SH,603989,艾华集团,801080.SI,电子,801083.SI,元件,850823.SI,被动元件,20150106,2026-08-01,tushare
300460.SZ,300460,ST惠伦,801080.SI,电子,801083.SI,元件,850823.SI,被动元件,20150106,2026-08-01,tushare
920981.BJ,920981.BJ,晶赛科技,801080.SI,电子,801083.SI,元件,850823.SI,被动元件,20211115,2026-08-01,tushare
002484.SZ,002484,江海股份,801080.SI,电子,801083.SI,元件,850823.SI,被动元件,20100927,2026-08-01,tushare
603738.SH,603738,泰晶科技,801080.SI,电子,801083.SI,元件,850823.SI,被动元件,20160928,2026-08-01,tushare
301566.SZ,301566,达利凯普,801080.SI,电子,801083.SI,元件,850823.SI,被动元件,20231222,2026-08-01,tushare
688539.SH,688539,高华科技,801080.SI,电子,801083.SI,元件,850823.SI,被动元件,20230331,2026-08-01,tushare
300975.SZ,300975,商络电子,801080.SI,电子,801083.SI,元件,850823.SI,被动元件,20220729,2026-08-01,tushare
300408.SZ,300408,三环集团,801080.SI,电子,801083.SI,元件,850823.SI,被动元件,20140127,2026-08-01,tushare
920161.BJ,920161.BJ,龙辰科技,801080.SI,电子,801083.SI,元件,850823.SI,被动元件,20260527,2026-08-01,tushare
920491.BJ,920491.BJ,奥迪威,801080.SI,电子,801083.SI,元件,850823.SI,被动元件,20230809,2026-08-01,tushare
920128.BJ,920128.BJ,胜业电气,801080.SI,电子,801083.SI,元件,850823.SI,被动元件,20241125,2026-08-01,tushare
300319.SZ,300319,麦捷科技,801080.SI,电子,801083.SI,元件,850823.SI,被动元件,20210730,2026-08-01,tushare
301458.SZ,301458,钧崴电子,801080.SI,电子,801083.SI,元件,850823.SI,被动元件,20241220,2026-08-01,tushare
000050.SZ,000050,深天马A,801080.SI,电子,801084.SI,光学光电子,850831.SI,面板,19950315,2026-08-01,tushare
600707.SH,600707,彩虹股份,801080.SI,电子,801084.SI,光学光电子,850831.SI,面板,19960520,2026-08-01,tushare
000020.SZ,000020,深华发A,801080.SI,电子,801084.SI,光学光电子,850831.SI,面板,19920428,2026-08-01,tushare
000536.SZ,000536,华映科技,801080.SI,电子,801084.SI,光学光电子,850831.SI,面板,19931126,2026-08-01,tushare
000725.SZ,000725,京东方A,801080.SI,电子,801084.SI,光学光电子,850831.SI,面板,20010112,2026-08-01,tushare
000727.SZ,000727,冠捷科技,801080.SI,电子,801084.SI,光学光电子,850831.SI,面板,19970520,2026-08-01,tushare
002106.SZ,002106,莱宝高科,801080.SI,电子,801084.SI,光学光电子,850831.SI,面板,20070112,2026-08-01,tushare
001308.SZ,001308,康冠科技,801080.SI,电子,801084.SI,光学光电子,850831.SI,面板,20220304,2026-08-01,tushare
300088.SZ,300088,长信科技,801080.SI,电子,801084.SI,光学光电子,850831.SI,面板,20100125,2026-08-01,tushare
300120.SZ,300120,经纬辉开,801080.SI,电子,801084.SI,光学光电子,850831.SI,面板,20100910,2026-08-01,tushare
300076.SZ,300076,*ST宁视,801080.SI,电子,801084.SI,光学光电子,850831.SI,面板,20100122,2026-08-01,tushare
000991.SZ,000991,通海高科(IPO终止),801080.SI,电子,801084.SI,光学光电子,850831.SI,面板,20160823,2026-08-01,tushare
600666.SH,600666,奥瑞德,801080.SI,电子,801084.SI,光学光电子,850831.SI,面板,20151102,2026-08-01,tushare
002876.SZ,002876,三利谱,801080.SI,电子,801084.SI,光学光电子,850831.SI,面板,20170522,2026-08-01,tushare
300545.SZ,300545,联得装备,801080.SI,电子,801084.SI,光学光电子,850831.SI,面板,20160928,2026-08-01,tushare
002387.SZ,002387,维信诺,801080.SI,电子,801084.SI,光学光电子,850831.SI,面板,20190724,2026-08-01,tushare
688181.SH,688181,八亿时空,801080.SI,电子,801084.SI,光学光电子,850831.SI,面板,20191223,2026-08-01,tushare
688299.SH,688299,长阳科技,801080.SI,电子,801084.SI,光学光电子,850831.SI,面板,20191021,2026-08-01,tushare
000100.SZ,000100,TCL科技,801080.SI,电子,801084.SI,光学光电子,850831.SI,面板,20190422,2026-08-01,tushare
002955.SZ,002955,鸿合科技,801080.SI,电子,801084.SI,光学光电子,850831.SI,面板,20190506,2026-08-01,tushare
002952.SZ,002952,亚世光电,801080.SI,电子,801084.SI,光学光电子,850831.SI,面板,20190318,2026-08-01,tushare
688055.SH,688055,龙腾光电,801080.SI,电子,801084.SI,光学光电子,850831.SI,面板,20200731,2026-08-01,tushare
300909.SZ,300909,汇创达,801080.SI,电子,801084.SI,光学光电子,850831.SI,面板,20201110,2026-08-01,tushare
600552.SH,600552,凯盛科技,801080.SI,电子,801084.SI,光学光电子,850831.SI,面板,20180713,2026-08-01,tushare
603773.SH,603773,沃格光电,801080.SI,电子,801084.SI,光学光电子,850831.SI,面板,20180403,2026-08-01,tushare
688538.SH,688538,和辉光电-U,801080.SI,电子,801084.SI,光学光电子,850831.SI,面板,20210512,2026-08-01,tushare
300939.SZ,300939,秋田微,801080.SI,电子,801084.SI,光学光电子,850831.SI,面板,20210125,2026-08-01,tushare
301106.SZ,301106,骏成科技,801080.SI,电子,801084.SI,光学光电子,850831.SI,面板,20220114,2026-08-01,tushare
003019.SZ,003019,宸展光电,801080.SI,电子,801084.SI,光学光电子,850831.SI,面板,20201029,2026-08-01,tushare
605218.SH,605218,伟时电子,801080.SI,电子,801084.SI,光学光电子,850831.SI,面板,20200914,2026-08-01,tushare
301379.SZ,301379,天山电子,801080.SI,电子,801084.SI,光学光电子,850831.SI,面板,20220930,2026-08-01,tushare
301321.SZ,301321,翰博高新,801080.SI,电子,801084.SI,光学光电子,850831.SI,面板,20220818,2026-08-01,tushare
000509.SZ,000509,华塑控股,801080.SI,电子,801084.SI,光学光电子,850831.SI,面板,20220729,2026-08-01,tushare
000045.SZ,000045,深纺织A,801080.SI,电子,801084.SI,光学光电子,850831.SI,面板,20140102,2026-08-01,tushare
688781.SH,688781,视涯科技-UW,801080.SI,电子,801084.SI,光学光电子,850831.SI,面板,20260323,2026-08-01,tushare
301045.SZ,301045,天禄科技,801080.SI,电子,801084.SI,光学光电子,850831.SI,面板,20220729,2026-08-01,tushare
002217.SZ,002217,ST合力泰,801080.SI,电子,801084.SI,光学光电子,850831.SI,面板,20151102,2026-08-01,tushare
002845.SZ,002845,同兴达,801080.SI,电子,801084.SI,光学光电子,850831.SI,面板,20170116,2026-08-01,tushare
002289.SZ,002289,宇顺电子,801080.SI,电子,801084.SI,光学光电子,850831.SI,面板,20090119,2026-08-01,tushare
920001.BJ,920001.BJ,纬达光电,801080.SI,电子,801084.SI,光学光电子,850831.SI,面板,20221227,2026-08-01,tushare
000413.SZ,000413,ST旭电(退市),801080.SI,电子,801084.SI,光学光电子,850831.SI,面板,19960925,2026-08-01,tushare
833994.BJ,833994.BJ,翰博高新(退市),801080.SI,电子,801084.SI,光学光电子,850831.SI,面板,20200727,2026-08-01,tushare
001399.SZ,001399,惠科股份,801080.SI,电子,801084.SI,光学光电子,850831.SI,面板,20260605,2026-08-01,tushare
600703.SH,600703,三安光电,801080.SI,电子,801084.SI,光学光电子,850832.SI,LED,20110110,2026-08-01,tushare
300241.SZ,300241,瑞丰光电,801080.SI,电子,801084.SI,光学光电子,850832.SI,LED,20111010,2026-08-01,tushare
002587.SZ,002587,奥拓电子,801080.SI,电子,801084.SI,光学光电子,850832.SI,LED,20111010,2026-08-01,tushare
300232.SZ,300232,洲明科技,801080.SI,电子,801084.SI,光学光电子,850832.SI,LED,20111010,2026-08-01,tushare
300162.SZ,300162,雷曼光电,801080.SI,电子,801084.SI,光学光电子,850832.SI,LED,20110110,2026-08-01,tushare
300219.SZ,300219,鸿利智汇,801080.SI,电子,801084.SI,光学光电子,850832.SI,LED,20111010,2026-08-01,tushare
300102.SZ,300102,乾照光电,801080.SI,电子,801084.SI,光学光电子,850832.SI,LED,20110110,2026-08-01,tushare
002449.SZ,002449,国星光电,801080.SI,电子,801084.SI,光学光电子,850832.SI,LED,20110110,2026-08-01,tushare
300296.SZ,300296,利亚德,801080.SI,电子,801084.SI,光学光电子,850832.SI,LED,20120105,2026-08-01,tushare
300301.SZ,300301,ST长方,801080.SI,电子,801084.SI,光学光电子,850832.SI,LED,20120112,2026-08-01,tushare
300303.SZ,300303,聚飞光电,801080.SI,电子,801084.SI,光学光电子,850832.SI,LED,20120109,2026-08-01,tushare
002654.SZ,002654,万润科技,801080.SI,电子,801084.SI,光学光电子,850832.SI,LED,20170629,2026-08-01,tushare
603703.SH,603703,盛洋科技,801080.SI,电子,801084.SI,光学光电子,850832.SI,LED,20150413,2026-08-01,tushare
002745.SZ,002745,木林森,801080.SI,电子,801084.SI,光学光电子,850832.SI,LED,20150115,2026-08-01,tushare
300708.SZ,300708,聚灿光电,801080.SI,电子,801084.SI,光学光电子,850832.SI,LED,20170925,2026-08-01,tushare
603679.SH,603679,华体科技,801080.SI,电子,801084.SI,光学光电子,850832.SI,LED,20170605,2026-08-01,tushare
603685.SH,603685,晨丰科技,801080.SI,电子,801084.SI,光学光电子,850832.SI,LED,20171121,2026-08-01,tushare
300808.SZ,300808,久量股份,801080.SI,电子,801084.SI,光学光电子,850832.SI,LED,20191114,2026-08-01,tushare
300752.SZ,300752,隆利科技,801080.SI,电子,801084.SI,光学光电子,850832.SI,LED,20181128,2026-08-01,tushare
002992.SZ,002992,宝明科技,801080.SI,电子,801084.SI,光学光电子,850832.SI,LED,20220729,2026-08-01,tushare
300940.SZ,300940,南极光,801080.SI,电子,801084.SI,光学光电子,850832.SI,LED,20210125,2026-08-01,tushare
300889.SZ,300889,爱克股份,801080.SI,电子,801084.SI,光学光电子,850832.SI,LED,20200831,2026-08-01,tushare
002983.SZ,002983,芯瑞达,801080.SI,电子,801084.SI,光学光电子,850832.SI,LED,20200413,2026-08-01,tushare
300632.SZ,300632,光莆股份,801080.SI,电子,801084.SI,光学光电子,850832.SI,LED,20170320,2026-08-01,tushare
300389.SZ,300389,艾比森,801080.SI,电子,801084.SI,光学光电子,850832.SI,LED,20140207,2026-08-01,tushare
300269.SZ,300269,联建光电,801080.SI,电子,801084.SI,光学光电子,850832.SI,LED,20220729,2026-08-01,tushare
300323.SZ,300323,华灿光电,801080.SI,电子,801084.SI,光学光电子,850832.SI,LED,20120130,2026-08-01,tushare
002137.SZ,002137,实益达,801080.SI,电子,801084.SI,光学光电子,850832.SI,LED,20220729,2026-08-01,tushare
300582.SZ,300582,英飞特,801080.SI,电子,801084.SI,光学光电子,850832.SI,LED,20161212,2026-08-01,tushare
688496.SH,688496,*ST清越,801080.SI,电子,801084.SI,光学光电子,850832.SI,LED,20240730,2026-08-01,tushare
301479.SZ,301479,弘景光电,801080.SI,电子,801084.SI,光学光电子,850833.SI,光学元件,20250221,2026-08-01,tushare
002456.SZ,002456,欧菲光,801080.SI,电子,801084.SI,光学光电子,850833.SI,光学元件,20110110,2026-08-01,tushare
002273.SZ,002273,水晶光电,801080.SI,电子,801084.SI,光学光电子,850833.SI,光学元件,20080919,2026-08-01,tushare
300060.SZ,300060,苏州恒久(IPO终止),801080.SI,电子,801084.SI,光学光电子,850833.SI,光学元件,20100310,2026-08-01,tushare
688502.SH,688502,茂莱光学,801080.SI,电子,801084.SI,光学光电子,850833.SI,光学元件,20230224,2026-08-01,tushare
300566.SZ,300566,激智科技,801080.SI,电子,801084.SI,光学光电子,850833.SI,光学元件,20170629,2026-08-01,tushare
301183.SZ,301183,东田微,801080.SI,电子,801084.SI,光学光电子,850833.SI,光学元件,20220513,2026-08-01,tushare
002808.SZ,002808,恒久退(退市),801080.SI,电子,801084.SI,光学光电子,850833.SI,光学元件,20170629,2026-08-01,tushare
300701.SZ,300701,森霸传感,801080.SI,电子,801084.SI,光学光电子,850833.SI,光学元件,20170907,2026-08-01,tushare
688010.SH,688010,福光股份,801080.SI,电子,801084.SI,光学光电子,850833.SI,光学元件,20190708,2026-08-01,tushare
002962.SZ,002962,五方光电,801080.SI,电子,801084.SI,光学光电子,850833.SI,光学元件,20190902,2026-08-01,tushare
688127.SH,688127,蓝特光学,801080.SI,电子,801084.SI,光学光电子,850833.SI,光学元件,20200904,2026-08-01,tushare
603297.SH,603297,永新光学,801080.SI,电子,801084.SI,光学光电子,850833.SI,光学元件,20180831,2026-08-01,tushare
688079.SH,688079,美迪凯,801080.SI,电子,801084.SI,光学光电子,850833.SI,光学元件,20210219,2026-08-01,tushare
688195.SH,688195,腾景科技,801080.SI,电子,801084.SI,光学光电子,850833.SI,光学元件,20210312,2026-08-01,tushare
003015.SZ,003015,日久光电,801080.SI,电子,801084.SI,光学光电子,850833.SI,光学元件,20200930,2026-08-01,tushare
688322.SH,688322,奥比中光-W,801080.SI,电子,801084.SI,光学光电子,850833.SI,光学元件,20220707,2026-08-01,tushare
300331.SZ,300331,苏大维格,801080.SI,电子,801084.SI,光学光电子,850833.SI,光学元件,20220729,2026-08-01,tushare
605588.SH,605588,冠石科技,801080.SI,电子,801084.SI,光学光电子,850833.SI,光学元件,20210806,2026-08-01,tushare
001373.SZ,001373,翔腾新材,801080.SI,电子,801084.SI,光学光电子,850833.SI,光学元件,20230526,2026-08-01,tushare
002036.SZ,002036,联创电子,801080.SI,电子,801084.SI,光学光电子,850833.SI,光学元件,20210730,2026-08-01,tushare
301421.SZ,301421,波长光电,801080.SI,电子,801084.SI,光学光电子,850833.SI,光学元件,20230821,2026-08-01,tushare
600071.SH,600071,凤凰光学,801080.SI,电子,801084.SI,光学光电子,850833.SI,光学元件,20210730,2026-08-01,tushare
002222.SZ,002222,福晶科技,801080.SI,电子,801084.SI,光学光电子,850833.SI,光学元件,20210730,2026-08-01,tushare
300489.SZ,300489,光智科技,801080.SI,电子,801084.SI,光学光电子,850833.SI,光学元件,20240603,2026-08-01,tushare
688378.SH,688378,奥来德,801080.SI,电子,801084.SI,光学光电子,850833.SI,光学元件,20240730,2026-08-01,tushare
920438.BJ,920438.BJ,戈碧迦,801080.SI,电子,801084.SI,光学光电子,850833.SI,光学元件,20240312,2026-08-01,tushare
688307.SH,688307,中润光学,801080.SI,电子,801084.SI,光学光电子,850833.SI,光学元件,20260701,2026-08-01,tushare
301563.SZ,301563,云汉芯城,801080.SI,电子,801082.SI,其他电子Ⅱ,850841.SI,其他电子Ⅲ,20250912,2026-08-01,tushare
001298.SZ,001298,好上好,801080.SI,电子,801082.SI,其他电子Ⅱ,850841.SI,其他电子Ⅲ,20220916,2026-08-01,tushare
301275.SZ,301275,汉朔科技,801080.SI,电子,801082.SI,其他电子Ⅱ,850841.SI,其他电子Ⅲ,20250221,2026-08-01,tushare
002161.SZ,002161,远望谷,801080.SI,电子,801082.SI,其他电子Ⅱ,850841.SI,其他电子Ⅲ,20070820,2026-08-01,tushare
000062.SZ,000062,深圳华强,801080.SI,电子,801082.SI,其他电子Ⅱ,850841.SI,其他电子Ⅲ,20111010,2026-08-01,tushare
300475.SZ,300475,香农芯创,801080.SI,电子,801082.SI,其他电子Ⅱ,850841.SI,其他电子Ⅲ,20220520,2026-08-01,tushare
300184.SZ,300184,力源信息,801080.SI,电子,801082.SI,其他电子Ⅱ,850841.SI,其他电子Ⅲ,20110110,2026-08-01,tushare
300516.SZ,300516,久之洋,801080.SI,电子,801082.SI,其他电子Ⅱ,850841.SI,其他电子Ⅲ,20160525,2026-08-01,tushare
002859.SZ,002859,洁美科技,801080.SI,电子,801082.SI,其他电子Ⅱ,850841.SI,其他电子Ⅲ,20180713,2026-08-01,tushare
002729.SZ,002729,好利科技,801080.SI,电子,801082.SI,其他电子Ⅱ,850841.SI,其他电子Ⅲ,20140116,2026-08-01,tushare
300656.SZ,300656,民德电子,801080.SI,电子,801082.SI,其他电子Ⅱ,850841.SI,其他电子Ⅲ,20170511,2026-08-01,tushare
603933.SH,603933,睿能科技,801080.SI,电子,801082.SI,其他电子Ⅱ,850841.SI,其他电子Ⅲ,20170620,2026-08-01,tushare
300493.SZ,300493,润欣科技,801080.SI,电子,801082.SI,其他电子Ⅱ,850841.SI,其他电子Ⅲ,20151210,2026-08-01,tushare
001287.SZ,001287,中电港,801080.SI,电子,801082.SI,其他电子Ⅱ,850841.SI,其他电子Ⅲ,20230327,2026-08-01,tushare
002922.SZ,002922,伊戈尔,801080.SI,电子,801082.SI,其他电子Ⅱ,850841.SI,其他电子Ⅲ,20171220,2026-08-01,tushare
301328.SZ,301328,维峰电子,801080.SI,电子,801082.SI,其他电子Ⅱ,850841.SI,其他电子Ⅲ,20220819,2026-08-01,tushare
688093.SH,688093,世华科技,801080.SI,电子,801082.SI,其他电子Ⅱ,850841.SI,其他电子Ⅲ,20200914,2026-08-01,tushare
002782.SZ,002782,可立克,801080.SI,电子,801082.SI,其他电子Ⅱ,850841.SI,其他电子Ⅲ,20220729,2026-08-01,tushare
301031.SZ,301031,中熔电气,801080.SI,电子,801082.SI,其他电子Ⅱ,850841.SI,其他电子Ⅲ,20210705,2026-08-01,tushare
688800.SH,688800,瑞可达,801080.SI,电子,801082.SI,其他电子Ⅱ,850841.SI,其他电子Ⅲ,20210705,2026-08-01,tushare
688662.SH,688662,富信科技,801080.SI,电子,801082.SI,其他电子Ⅱ,850841.SI,其他电子Ⅲ,20210319,2026-08-01,tushare
301359.SZ,301359,东南电子,801080.SI,电子,801082.SI,其他电子Ⅱ,850841.SI,其他电子Ⅲ,20221021,2026-08-01,tushare
301099.SZ,301099,雅创电子,801080.SI,电子,801082.SI,其他电子Ⅱ,850841.SI,其他电子Ⅲ,20220729,2026-08-01,tushare
688103.SH,688103,国力电子,801080.SI,电子,801082.SI,其他电子Ⅱ,850841.SI,其他电子Ⅲ,20210827,2026-08-01,tushare
300131.SZ,300131,英唐智控,801080.SI,电子,801082.SI,其他电子Ⅱ,850841.SI,其他电子Ⅲ,20220729,2026-08-01,tushare
000670.SZ,000670,盈方微,801080.SI,电子,801082.SI,其他电子Ⅱ,850841.SI,其他电子Ⅲ,20220729,2026-08-01,tushare
600353.SH,600353,旭光电子,801080.SI,电子,801082.SI,其他电子Ⅱ,850841.SI,其他电子Ⅲ,20060901,2026-08-01,tushare
002885.SZ,002885,京泉华,801080.SI,电子,801082.SI,其他电子Ⅱ,850841.SI,其他电子Ⅲ,20220729,2026-08-01,tushare
300650.SZ,300650,太龙股份,801080.SI,电子,801082.SI,其他电子Ⅱ,850841.SI,其他电子Ⅲ,20220729,2026-08-01,tushare
002130.SZ,002130,沃尔核材,801080.SI,电子,801082.SI,其他电子Ⅱ,850841.SI,其他电子Ⅲ,20210730,2026-08-01,tushare
920181.BJ,920181.BJ,赛英电子,801080.SI,电子,801082.SI,其他电子Ⅱ,850841.SI,其他电子Ⅲ,20260410,2026-08-01,tushare
002388.SZ,002388,新亚制程,801080.SI,电子,801082.SI,其他电子Ⅱ,850841.SI,其他电子Ⅲ,20100125,2026-08-01,tushare
300991.SZ,300991,创益通,801080.SI,电子,801082.SI,其他电子Ⅱ,850841.SI,其他电子Ⅲ,20210510,2026-08-01,tushare
300736.SZ,300736,百邦科技,801080.SI,电子,801082.SI,其他电子Ⅱ,850841.SI,其他电子Ⅲ,20180108,2026-08-01,tushare
600074.SH,600074,退市保千(退市),801080.SI,电子,801082.SI,其他电子Ⅱ,850841.SI,其他电子Ⅲ,20150401,2026-08-01,tushare
002045.SZ,002045,国光电器,801080.SI,电子,801085.SI,消费电子,850853.SI,品牌消费电子,20110110,2026-08-01,tushare
002351.SZ,002351,漫步者,801080.SI,电子,801085.SI,消费电子,850853.SI,品牌消费电子,20110110,2026-08-01,tushare
002888.SZ,002888,惠威科技,801080.SI,电子,801085.SI,消费电子,850853.SI,品牌消费电子,20170712,2026-08-01,tushare
688036.SH,688036,传音控股,801080.SI,电子,801085.SI,消费电子,850853.SI,品牌消费电子,20190916,2026-08-01,tushare
002841.SZ,002841,视源股份,801080.SI,电子,801085.SI,消费电子,850853.SI,品牌消费电子,20220729,2026-08-01,tushare
301189.SZ,301189,奥尼电子,801080.SI,电子,801085.SI,消费电子,850853.SI,品牌消费电子,20211210,2026-08-01,tushare
300866.SZ,300866,安克创新,801080.SI,电子,801085.SI,消费电子,850853.SI,品牌消费电子,20210730,2026-08-01,tushare
920183.BJ,920183.BJ,海菲曼,801080.SI,电子,801085.SI,消费电子,850853.SI,品牌消费电子,20260227,2026-08-01,tushare
688007.SH,688007,光峰科技,801080.SI,电子,801085.SI,消费电子,850853.SI,品牌消费电子,20210730,2026-08-01,tushare
301606.SZ,301606,绿联科技,801080.SI,电子,801085.SI,消费电子,850853.SI,品牌消费电子,20240705,2026-08-01,tushare
688775.SH,688775,影石创新,801080.SI,电子,801085.SI,消费电子,850853.SI,品牌消费电子,20250523,2026-08-01,tushare
603996.SH,603996,退市中新(退市),801080.SI,电子,801085.SI,消费电子,850853.SI,品牌消费电子,20210730,2026-08-01,tushare
000021.SZ,000021,深科技,801080.SI,电子,801085.SI,消费电子,850854.SI,消费电子零部件及组装,19940202,2026-08-01,tushare
600130.SH,600130,波导股份,801080.SI,电子,801085.SI,消费电子,850854.SI,消费电子零部件及组装,20000706,2026-08-01,tushare
600363.SH,600363,联创光电,801080.SI,电子,801085.SI,消费电子,850854.SI,消费电子零部件及组装,20220729,2026-08-01,tushare
002475.SZ,002475,立讯精密,801080.SI,电子,801085.SI,消费电子,850854.SI,消费电子零部件及组装,20100914,2026-08-01,tushare
002241.SZ,002241,歌尔股份,801080.SI,电子,801085.SI,消费电子,850854.SI,消费电子零部件及组装,20080505,2026-08-01,tushare
300136.SZ,300136,信维通信,801080.SI,电子,801085.SI,消费电子,850854.SI,消费电子零部件及组装,20101025,2026-08-01,tushare
300115.SZ,300115,长盈精密,801080.SI,电子,801085.SI,消费电子,850854.SI,消费电子零部件及组装,20100901,2026-08-01,tushare
002139.SZ,002139,拓邦股份,801080.SI,电子,801085.SI,消费电子,850854.SI,消费电子零部件及组装,20110110,2026-08-01,tushare
300322.SZ,300322,硕贝德,801080.SI,电子,801085.SI,消费电子,850854.SI,消费电子零部件及组装,20120528,2026-08-01,tushare
002655.SZ,002655,共达电声,801080.SI,电子,801085.SI,消费电子,850854.SI,消费电子零部件及组装,20120109,2026-08-01,tushare
601231.SH,601231,环旭电子,801080.SI,电子,801085.SI,消费电子,850854.SI,消费电子零部件及组装,20120109,2026-08-01,tushare
300433.SZ,300433,蓝思科技,801080.SI,电子,801085.SI,消费电子,850854.SI,消费电子零部件及组装,20150109,2026-08-01,tushare
002055.SZ,002055,ST得润,801080.SI,电子,801085.SI,消费电子,850854.SI,消费电子零部件及组装,20110110,2026-08-01,tushare
301123.SZ,301123,奕东电子,801080.SI,电子,801085.SI,消费电子,850854.SI,消费电子零部件及组装,20220107,2026-08-01,tushare
002600.SZ,002600,领益智造,801080.SI,电子,801085.SI,消费电子,850854.SI,消费电子零部件及组装,20180713,2026-08-01,tushare
002369.SZ,002369,卓翼科技,801080.SI,电子,801085.SI,消费电子,850854.SI,消费电子零部件及组装,20110110,2026-08-01,tushare
603380.SH,603380,易德龙,801080.SI,电子,801085.SI,消费电子,850854.SI,消费电子零部件及组装,20170605,2026-08-01,tushare
300647.SZ,300647,超频三,801080.SI,电子,801085.SI,消费电子,850854.SI,消费电子零部件及组装,20170419,2026-08-01,tushare
002855.SZ,002855,捷荣技术,801080.SI,电子,801085.SI,消费电子,850854.SI,消费电子零部件及组装,20170301,2026-08-01,tushare
002861.SZ,002861,瀛通通讯,801080.SI,电子,801085.SI,消费电子,850854.SI,消费电子零部件及组装,20170330,2026-08-01,tushare
300686.SZ,300686,智动力,801080.SI,电子,801085.SI,消费电子,850854.SI,消费电子零部件及组装,20170726,2026-08-01,tushare
300679.SZ,300679,电连技术,801080.SI,电子,801085.SI,消费电子,850854.SI,消费电子零部件及组装,20170726,2026-08-01,tushare
300709.SZ,300709,精研科技,801080.SI,电子,801085.SI,消费电子,850854.SI,消费电子零部件及组装,20170925,2026-08-01,tushare
300787.SZ,300787,海能实业,801080.SI,电子,801085.SI,消费电子,850854.SI,消费电子零部件及组装,20190731,2026-08-01,tushare
300793.SZ,300793,佳禾智能,801080.SI,电子,801085.SI,消费电子,850854.SI,消费电子零部件及组装,20190927,2026-08-01,tushare
603327.SH,603327,福蓉科技,801080.SI,电子,801085.SI,消费电子,850854.SI,消费电子零部件及组装,20190506,2026-08-01,tushare
002947.SZ,002947,恒铭达,801080.SI,电子,801085.SI,消费电子,850854.SI,消费电子零部件及组装,20190124,2026-08-01,tushare
300916.SZ,300916,朗特智能,801080.SI,电子,801085.SI,消费电子,850854.SI,消费电子零部件及组装,20201125,2026-08-01,tushare
301285.SZ,301285,鸿日达,801080.SI,电子,801085.SI,消费电子,850854.SI,消费电子零部件及组装,20220909,2026-08-01,tushare
300857.SZ,300857,协创数据,801080.SI,电子,801085.SI,消费电子,850854.SI,消费电子零部件及组装,20200713,2026-08-01,tushare
301491.SZ,301491,汉桑科技,801080.SI,电子,801085.SI,消费电子,850854.SI,消费电子零部件及组装,20250718,2026-08-01,tushare
603890.SH,603890,春秋电子,801080.SI,电子,801085.SI,消费电子,850854.SI,消费电子零部件及组装,20171208,2026-08-01,tushare
300735.SZ,300735,光弘科技,801080.SI,电子,801085.SI,消费电子,850854.SI,消费电子零部件及组装,20171220,2026-08-01,tushare
601138.SH,601138,工业富联,801080.SI,电子,801085.SI,消费电子,850854.SI,消费电子零部件及组装,20180528,2026-08-01,tushare
603629.SH,603629,利通电子,801080.SI,电子,801085.SI,消费电子,850854.SI,消费电子零部件及组装,20181221,2026-08-01,tushare
002981.SZ,002981,朝阳科技,801080.SI,电子,801085.SI,消费电子,850854.SI,消费电子零部件及组装,20200402,2026-08-01,tushare
002426.SZ,002426,胜利精密,801080.SI,电子,801085.SI,消费电子,850854.SI,消费电子零部件及组装,20220729,2026-08-01,tushare
300951.SZ,300951,博硕科技,801080.SI,电子,801085.SI,消费电子,850854.SI,消费电子零部件及组装,20210219,2026-08-01,tushare
300968.SZ,300968,格林精密,801080.SI,电子,801085.SI,消费电子,850854.SI,消费电子零部件及组装,20210329,2026-08-01,tushare
300956.SZ,300956,英力股份,801080.SI,电子,801085.SI,消费电子,850854.SI,消费电子零部件及组装,20210312,2026-08-01,tushare
688260.SH,688260,昀冢科技,801080.SI,电子,801085.SI,消费电子,850854.SI,消费电子零部件及组装,20210319,2026-08-01,tushare
605277.SH,605277,新亚电子,801080.SI,电子,801085.SI,消费电子,850854.SI,消费电子零部件及组装,20201223,2026-08-01,tushare
300843.SZ,300843,胜蓝股份,801080.SI,电子,801085.SI,消费电子,850854.SI,消费电子零部件及组装,20200618,2026-08-01,tushare
002993.SZ,002993,奥海科技,801080.SI,电子,801085.SI,消费电子,850854.SI,消费电子零部件及组装,20200727,2026-08-01,tushare
920212.BJ,920212.BJ,智新电子,801080.SI,电子,801085.SI,消费电子,850854.SI,消费电子零部件及组装,20210608,2026-08-01,tushare
603633.SH,603633,徕木股份,801080.SI,电子,801085.SI,消费电子,850854.SI,消费电子零部件及组装,20161107,2026-08-01,tushare
002681.SZ,002681,奋达科技,801080.SI,电子,801085.SI,消费电子,850854.SI,消费电子零部件及组装,20120130,2026-08-01,tushare
301389.SZ,301389,隆扬电子,801080.SI,电子,801085.SI,消费电子,850854.SI,消费电子零部件及组装,20220930,2026-08-01,tushare
301051.SZ,301051,信濠光电,801080.SI,电子,801085.SI,消费电子,850854.SI,消费电子零部件及组装,20210813,2026-08-01,tushare
301387.SZ,301387,光大同创,801080.SI,电子,801085.SI,消费电子,850854.SI,消费电子零部件及组装,20230331,2026-08-01,tushare
300812.SZ,300812,易天股份,801080.SI,电子,801085.SI,消费电子,850854.SI,消费电子零部件及组装,20220729,2026-08-01,tushare
002925.SZ,002925,盈趣科技,801080.SI,电子,801085.SI,消费电子,850854.SI,消费电子零部件及组装,20180108,2026-08-01,tushare
920857.BJ,920857.BJ,泓禧科技,801080.SI,电子,801085.SI,消费电子,850854.SI,消费电子零部件及组装,20220211,2026-08-01,tushare
920346.BJ,920346.BJ,威贸电子,801080.SI,电子,801085.SI,消费电子,850854.SI,消费电子零部件及组装,20220208,2026-08-01,tushare
300256.SZ,300256,星星科技,801080.SI,电子,801085.SI,消费电子,850854.SI,消费电子零部件及组装,20111010,2026-08-01,tushare
688210.SH,688210,统联精密,801080.SI,电子,801085.SI,消费电子,850854.SI,消费电子零部件及组装,20211210,2026-08-01,tushare
600203.SH,600203,福日电子,801080.SI,电子,801085.SI,消费电子,850854.SI,消费电子零部件及组装,20170629,2026-08-01,tushare
301086.SZ,301086,鸿富瀚,801080.SI,电子,801085.SI,消费电子,850854.SI,消费电子零部件及组装,20211015,2026-08-01,tushare
301626.SZ,301626,苏州天脉,801080.SI,电子,801085.SI,消费电子,850854.SI,消费电子零部件及组装,20240927,2026-08-01,tushare
002866.SZ,002866,传艺科技,801080.SI,电子,801085.SI,消费电子,850854.SI,消费电子零部件及组装,20210730,2026-08-01,tushare
920005.BJ,920005.BJ,鼎佳精密,801080.SI,电子,801085.SI,消费电子,850854.SI,消费电子零部件及组装,20250731,2026-08-01,tushare
002402.SZ,002402,和而泰,801080.SI,电子,801085.SI,消费电子,850854.SI,消费电子零部件及组装,20250811,2026-08-01,tushare
301180.SZ,301180,万祥科技,801080.SI,电子,801085.SI,消费电子,850854.SI,消费电子零部件及组装,20211105,2026-08-01,tushare
301383.SZ,301383,天键股份,801080.SI,电子,801085.SI,消费电子,850854.SI,消费电子零部件及组装,20230526,2026-08-01,tushare
301329.SZ,301329,信音电子,801080.SI,电子,801085.SI,消费电子,850854.SI,消费电子零部件及组装,20230630,2026-08-01,tushare
301486.SZ,301486,致尚科技,801080.SI,电子,801085.SI,消费电子,850854.SI,消费电子零部件及组装,20230630,2026-08-01,tushare
301067.SZ,301067,显盈科技,801080.SI,电子,801085.SI,消费电子,850854.SI,消费电子零部件及组装,20210903,2026-08-01,tushare
301326.SZ,301326,捷邦科技,801080.SI,电子,801085.SI,消费电子,850854.SI,消费电子零部件及组装,20220902,2026-08-01,tushare
603296.SH,603296,华勤技术,801080.SI,电子,801085.SI,消费电子,850854.SI,消费电子零部件及组装,20230731,2026-08-01,tushare
603595.SH,603595,ST东尼,801080.SI,电子,801085.SI,消费电子,850854.SI,消费电子零部件及组装,20210730,2026-08-01,tushare
300032.SZ,300032,金龙机电,801080.SI,电子,801085.SI,消费电子,850854.SI,消费电子零部件及组装,20210730,2026-08-01,tushare
001314.SZ,001314,亿道信息,801080.SI,电子,801085.SI,消费电子,850854.SI,消费电子零部件及组装,20230120,2026-08-01,tushare
002635.SZ,002635,安洁科技,801080.SI,电子,801085.SI,消费电子,850854.SI,消费电子零部件及组装,20110117,2026-08-01,tushare
300602.SZ,300602,飞荣达,801080.SI,电子,801085.SI,消费电子,850854.SI,消费电子零部件及组装,20170116,2026-08-01,tushare
688678.SH,688678,福立旺,801080.SI,电子,801085.SI,消费电子,850854.SI,消费电子零部件及组装,20201207,2026-08-01,tushare
300822.SZ,300822,贝仕达克,801080.SI,电子,801085.SI,消费电子,850854.SI,消费电子零部件及组装,20200309,2026-08-01,tushare
300976.SZ,300976,达瑞电子,801080.SI,电子,801085.SI,消费电子,850854.SI,消费电子零部件及组装,20210406,2026-08-01,tushare
002660.SZ,002660,茂硕电源,801080.SI,电子,801085.SI,消费电子,850854.SI,消费电子零部件及组装,20120109,2026-08-01,tushare
603626.SH,603626,科森科技,801080.SI,电子,801085.SI,消费电子,850854.SI,消费电子零部件及组装,20210730,2026-08-01,tushare
603052.SH,603052,可川科技,801080.SI,电子,801085.SI,消费电子,850854.SI,消费电子零部件及组装,20220923,2026-08-01,tushare
920357.BJ,920357.BJ,雅葆轩,801080.SI,电子,801085.SI,消费电子,850854.SI,消费电子零部件及组装,20221123,2026-08-01,tushare
920701.BJ,920701.BJ,豪声电子,801080.SI,电子,801085.SI,消费电子,850854.SI,消费电子零部件及组装,20230710,2026-08-01,tushare
920876.BJ,920876.BJ,慧为智能,801080.SI,电子,801085.SI,消费电子,850854.SI,消费电子零部件及组装,20221123,2026-08-01,tushare
920267.BJ,920267.BJ,鑫汇科,801080.SI,电子,801085.SI,消费电子,850854.SI,消费电子零部件及组装,20220513,2026-08-01,tushare
603341.SH,603341,龙旗科技,801080.SI,电子,801085.SI,消费电子,850854.SI,消费电子零部件及组装,20240202,2026-08-01,tushare
300784.SZ,300784,利安科技,801080.SI,电子,801085.SI,消费电子,850854.SI,消费电子零部件及组装,20240531,2026-08-01,tushare
300868.SZ,300868,杰美特,801080.SI,电子,801085.SI,消费电子,850854.SI,消费电子零部件及组装,20240730,2026-08-01,tushare
301567.SZ,301567,贝隆精密,801080.SI,电子,801085.SI,消费电子,850854.SI,消费电子零部件及组装,20240108,2026-08-01,tushare
600898.SH,600898,*ST美讯(退市),801080.SI,电子,801085.SI,消费电子,850854.SI,消费电子零部件及组装,20210730,2026-08-01,tushare
603133.SH,603133,退市碳元(退市),801080.SI,电子,801085.SI,消费电子,850854.SI,消费电子零部件及组装,20210730,2026-08-01,tushare
300128.SZ,300128,锦富技术,801080.SI,电子,801085.SI,消费电子,850854.SI,消费电子零部件及组装,20260701,2026-08-01,tushare
301630.SZ,301630,同宇新材,801080.SI,电子,801086.SI,电子化学品Ⅱ,850861.SI,电子化学品Ⅲ,20250627,2026-08-01,tushare
688150.SH,688150,莱特光电,801080.SI,电子,801086.SI,电子化学品Ⅱ,850861.SI,电子化学品Ⅲ,20220304,2026-08-01,tushare
301319.SZ,301319,唯特偶,801080.SI,电子,801086.SI,电子化学品Ⅱ,850861.SI,电子化学品Ⅲ,20220909,2026-08-01,tushare
300285.SZ,300285,国瓷材料,801080.SI,电子,801086.SI,电子化学品Ⅱ,850861.SI,电子化学品Ⅲ,20220729,2026-08-01,tushare
300684.SZ,300684,中石科技,801080.SI,电子,801086.SI,电子化学品Ⅱ,850861.SI,电子化学品Ⅲ,20220729,2026-08-01,tushare
300655.SZ,300655,晶瑞电材,801080.SI,电子,801086.SI,电子化学品Ⅱ,850861.SI,电子化学品Ⅲ,20210730,2026-08-01,tushare
300537.SZ,300537,广信材料,801080.SI,电子,801086.SI,电子化学品Ⅱ,850861.SI,电子化学品Ⅲ,20210730,2026-08-01,tushare
688371.SH,688371,菲沃泰,801080.SI,电子,801086.SI,电子化学品Ⅱ,850861.SI,电子化学品Ⅲ,20220725,2026-08-01,tushare
002741.SZ,002741,光华科技,801080.SI,电子,801086.SI,电子化学品Ⅱ,850861.SI,电子化学品Ⅲ,20210730,2026-08-01,tushare
002643.SZ,002643,万润股份,801080.SI,电子,801086.SI,电子化学品Ⅱ,850861.SI,电子化学品Ⅲ,20210730,2026-08-01,tushare
688603.SH,688603,天承科技,801080.SI,电子,801086.SI,电子化学品Ⅱ,850861.SI,电子化学品Ⅲ,20230630,2026-08-01,tushare
688035.SH,688035,德邦科技,801080.SI,电子,801086.SI,电子化学品Ⅱ,850861.SI,电子化学品Ⅲ,20220902,2026-08-01,tushare
300576.SZ,300576,容大感光,801080.SI,电子,801086.SI,电子化学品Ⅱ,850861.SI,电子化学品Ⅲ,20210730,2026-08-01,tushare
603078.SH,603078,江化微,801080.SI,电子,801086.SI,电子化学品Ⅱ,850861.SI,电子化学品Ⅲ,20210730,2026-08-01,tushare
688268.SH,688268,华特气体,801080.SI,电子,801086.SI,电子化学品Ⅱ,850861.SI,电子化学品Ⅲ,20210730,2026-08-01,tushare
300429.SZ,300429,强力新材,801080.SI,电子,801086.SI,电子化学品Ⅱ,850861.SI,电子化学品Ⅲ,20210730,2026-08-01,tushare
300398.SZ,300398,飞凯材料,801080.SI,电子,801086.SI,电子化学品Ⅱ,850861.SI,电子化学品Ⅲ,20210730,2026-08-01,tushare
603002.SH,603002,宏昌电子,801080.SI,电子,801086.SI,电子化学品Ⅱ,850861.SI,电子化学品Ⅲ,20211014,2026-08-01,tushare
688106.SH,688106,金宏气体,801080.SI,电子,801086.SI,电子化学品Ⅱ,850861.SI,电子化学品Ⅲ,20210730,2026-08-01,tushare
603931.SH,603931,格林达,801080.SI,电子,801086.SI,电子化学品Ⅱ,850861.SI,电子化学品Ⅲ,20210730,2026-08-01,tushare
300054.SZ,300054,鼎龙股份,801080.SI,电子,801086.SI,电子化学品Ⅱ,850861.SI,电子化学品Ⅲ,20210730,2026-08-01,tushare
688550.SH,688550,瑞联新材,801080.SI,电子,801086.SI,电子化学品Ⅱ,850861.SI,电子化学品Ⅲ,20210730,2026-08-01,tushare
688548.SH,688548,广钢气体,801080.SI,电子,801086.SI,电子化学品Ⅱ,850861.SI,电子化学品Ⅲ,20230731,2026-08-01,tushare
688019.SH,688019,安集科技,801080.SI,电子,801086.SI,电子化学品Ⅱ,850861.SI,电子化学品Ⅲ,20210730,2026-08-01,tushare
300236.SZ,300236,上海新阳,801080.SI,电子,801086.SI,电子化学品Ⅱ,850861.SI,电子化学品Ⅲ,20210730,2026-08-01,tushare
688549.SH,688549,中巨芯-U,801080.SI,电子,801086.SI,电子化学品Ⅱ,850861.SI,电子化学品Ⅲ,20230821,2026-08-01,tushare
002584.SZ,002584,西陇科学,801080.SI,电子,801086.SI,电子化学品Ⅱ,850861.SI,电子化学品Ⅲ,20210730,2026-08-01,tushare
300481.SZ,300481,濮阳惠成,801080.SI,电子,801086.SI,电子化学品Ⅱ,850861.SI,电子化学品Ⅲ,20210730,2026-08-01,tushare
688359.SH,688359,三孚新科,801080.SI,电子,801086.SI,电子化学品Ⅱ,850861.SI,电子化学品Ⅲ,20210730,2026-08-01,tushare
300346.SZ,300346,南大光电,801080.SI,电子,801086.SI,电子化学品Ⅱ,850861.SI,电子化学品Ⅲ,20210730,2026-08-01,tushare
688545.SH,688545,兴福电子,801080.SI,电子,801086.SI,电子化学品Ⅱ,850861.SI,电子化学品Ⅲ,20250103,2026-08-01,tushare
920526.BJ,920526.BJ,凯华材料,801080.SI,电子,801086.SI,电子化学品Ⅱ,850861.SI,电子化学品Ⅲ,20221227,2026-08-01,tushare
301489.SZ,301489,思泉新材,801080.SI,电子,801086.SI,电子化学品Ⅱ,850861.SI,电子化学品Ⅲ,20231013,2026-08-01,tushare
600330.SH,600330,天通股份,801080.SI,电子,801086.SI,电子化学品Ⅱ,850861.SI,电子化学品Ⅲ,20240730,2026-08-01,tushare
688683.SH,688683,莱尔科技,801080.SI,电子,801086.SI,电子化学品Ⅱ,850861.SI,电子化学品Ⅲ,20240730,2026-08-01,tushare
600741.SH,600741,华域汽车,801880.SI,汽车,801093.SI,汽车零部件,850922.SI,车身附件及饰件,19960826,2026-08-01,tushare
600742.SH,600742,富维股份,801880.SI,汽车,801093.SI,汽车零部件,850922.SI,车身附件及饰件,19960826,2026-08-01,tushare
600609.SH,600609,金杯汽车,801880.SI,汽车,801093.SI,汽车零部件,850922.SI,车身附件及饰件,19920724,2026-08-01,tushare
600660.SH,600660,福耀玻璃,801880.SI,汽车,801093.SI,汽车零部件,850922.SI,车身附件及饰件,19930610,2026-08-01,tushare
600081.SH,600081,东风科技,801880.SI,汽车,801093.SI,汽车零部件,850922.SI,车身附件及饰件,19970703,2026-08-01,tushare
000700.SZ,000700,模塑科技,801880.SI,汽车,801093.SI,汽车零部件,850922.SI,车身附件及饰件,19970228,2026-08-01,tushare
002048.SZ,002048,宁波华翔,801880.SI,汽车,801093.SI,汽车零部件,850922.SI,车身附件及饰件,20050601,2026-08-01,tushare
300893.SZ,300893,松原安全,801880.SI,汽车,801093.SI,汽车零部件,850922.SI,车身附件及饰件,20220729,2026-08-01,tushare
300100.SZ,300100,双林股份,801880.SI,汽车,801093.SI,汽车零部件,850922.SI,车身附件及饰件,20100727,2026-08-01,tushare
002662.SZ,002662,峰璟股份,801880.SI,汽车,801093.SI,汽车零部件,850922.SI,车身附件及饰件,20120229,2026-08-01,tushare
603997.SH,603997,继峰股份,801880.SI,汽车,801093.SI,汽车零部件,850922.SI,车身附件及饰件,20150115,2026-08-01,tushare
603035.SH,603035,常熟汽饰,801880.SI,汽车,801093.SI,汽车零部件,850922.SI,车身附件及饰件,20161219,2026-08-01,tushare
001319.SZ,001319,铭科精技,801880.SI,汽车,801093.SI,汽车零部件,850922.SI,车身附件及饰件,20221202,2026-08-01,tushare
001260.SZ,001260,坤泰股份,801880.SI,汽车,801093.SI,汽车零部件,850922.SI,车身附件及饰件,20230213,2026-08-01,tushare
001278.SZ,001278,一彬科技,801880.SI,汽车,801093.SI,汽车零部件,850922.SI,车身附件及饰件,20230213,2026-08-01,tushare
603306.SH,603306,华懋科技,801880.SI,汽车,801093.SI,汽车零部件,850922.SI,车身附件及饰件,20140110,2026-08-01,tushare
002516.SZ,002516,旷达科技,801880.SI,汽车,801093.SI,汽车零部件,850922.SI,车身附件及饰件,20190724,2026-08-01,tushare
603266.SH,603266,天龙股份,801880.SI,汽车,801093.SI,汽车零部件,850922.SI,车身附件及饰件,20220218,2026-08-01,tushare
603730.SH,603730,岱美股份,801880.SI,汽车,801093.SI,汽车零部件,850922.SI,车身附件及饰件,20170628,2026-08-01,tushare
301398.SZ,301398,星源卓镁,801880.SI,汽车,801093.SI,汽车零部件,850922.SI,车身附件及饰件,20221125,2026-08-01,tushare
605068.SH,605068,明新旭腾,801880.SI,汽车,801093.SI,汽车零部件,850922.SI,车身附件及饰件,20201110,2026-08-01,tushare
605128.SH,605128,上海沿浦,801880.SI,汽车,801093.SI,汽车零部件,850922.SI,车身附件及饰件,20200814,2026-08-01,tushare
605228.SH,605228,神通科技,801880.SI,汽车,801093.SI,汽车零部件,850922.SI,车身附件及饰件,20210104,2026-08-01,tushare
300978.SZ,300978,东箭科技,801880.SI,汽车,801093.SI,汽车零部件,850922.SI,车身附件及饰件,20210406,2026-08-01,tushare
603085.SH,603085,天成自控,801880.SI,汽车,801093.SI,汽车零部件,850922.SI,车身附件及饰件,20150119,2026-08-01,tushare
920533.BJ,920533.BJ,骏创科技,801880.SI,汽车,801093.SI,汽车零部件,850922.SI,车身附件及饰件,20230410,2026-08-01,tushare
601799.SH,601799,星宇股份,801880.SI,汽车,801093.SI,汽车零部件,850922.SI,车身附件及饰件,20220729,2026-08-01,tushare
605151.SH,605151,西上海,801880.SI,汽车,801093.SI,汽车零部件,850922.SI,车身附件及饰件,20220729,2026-08-01,tushare
600626.SH,600626,申达股份,801880.SI,汽车,801093.SI,汽车零部件,850922.SI,车身附件及饰件,20190724,2026-08-01,tushare
301173.SZ,301173,毓恬冠佳,801880.SI,汽车,801093.SI,汽车零部件,850922.SI,车身附件及饰件,20250214,2026-08-01,tushare
603409.SH,603409,汇通控股,801880.SI,汽车,801093.SI,汽车零部件,850922.SI,车身附件及饰件,20250214,2026-08-01,tushare
603418.SH,603418,友升股份,801880.SI,汽车,801093.SI,汽车零部件,850922.SI,车身附件及饰件,20250905,2026-08-01,tushare
301133.SZ,301133,金钟股份,801880.SI,汽车,801093.SI,汽车零部件,850922.SI,车身附件及饰件,20211105,2026-08-01,tushare
002537.SZ,002537,海联金汇,801880.SI,汽车,801093.SI,汽车零部件,850922.SI,车身附件及饰件,20210730,2026-08-01,tushare
920187.BJ,920187.BJ,通领科技,801880.SI,汽车,801093.SI,汽车零部件,850922.SI,车身附件及饰件,20260227,2026-08-01,tushare
920663.BJ,920663.BJ,明阳科技,801880.SI,汽车,801093.SI,汽车零部件,850922.SI,车身附件及饰件,20230317,2026-08-01,tushare
920270.BJ,920270.BJ,天铭科技,801880.SI,汽车,801093.SI,汽车零部件,850922.SI,车身附件及饰件,20220829,2026-08-01,tushare
920906.BJ,920906.BJ,舜宇精工,801880.SI,汽车,801093.SI,汽车零部件,850922.SI,车身附件及饰件,20230224,2026-08-01,tushare
920690.BJ,920690.BJ,捷众科技,801880.SI,汽车,801093.SI,汽车零部件,850922.SI,车身附件及饰件,20240105,2026-08-01,tushare
300446.SZ,300446,航天智造,801880.SI,汽车,801093.SI,汽车零部件,850922.SI,车身附件及饰件,20240730,2026-08-01,tushare
301529.SZ,301529,福赛科技,801880.SI,汽车,801093.SI,汽车零部件,850922.SI,车身附件及饰件,20230908,2026-08-01,tushare
301552.SZ,301552,科力装备,801880.SI,汽车,801093.SI,汽车零部件,850922.SI,车身附件及饰件,20240705,2026-08-01,tushare
920168.BJ,920168.BJ,通宝光电,801880.SI,汽车,801093.SI,汽车零部件,850922.SI,车身附件及饰件,20260210,2026-08-01,tushare
920079.BJ,920079.BJ,乔路铭,801880.SI,汽车,801093.SI,汽车零部件,850922.SI,车身附件及饰件,20260708,2026-08-01,tushare
600698.SH,600698,湖南天雁,801880.SI,汽车,801093.SI,汽车零部件,850923.SI,底盘与发动机系统,19931206,2026-08-01,tushare
000559.SZ,000559,万向钱潮,801880.SI,汽车,801093.SI,汽车零部件,850923.SI,底盘与发动机系统,19940110,2026-08-01,tushare
000570.SZ,000570,苏常柴A,801880.SI,汽车,801093.SI,汽车零部件,850923.SI,底盘与发动机系统,19940701,2026-08-01,tushare
920106.BJ,920106.BJ,林泰新材,801880.SI,汽车,801093.SI,汽车零部件,850923.SI,底盘与发动机系统,20241224,2026-08-01,tushare
001285.SZ,001285,瑞立科密,801880.SI,汽车,801093.SI,汽车零部件,850923.SI,底盘与发动机系统,20250912,2026-08-01,tushare
920378.BJ,920378.BJ,泰德股份,801880.SI,汽车,801093.SI,汽车零部件,850923.SI,底盘与发动机系统,20220608,2026-08-01,tushare
000678.SZ,000678,襄阳轴承,801880.SI,汽车,801093.SI,汽车零部件,850923.SI,底盘与发动机系统,19970106,2026-08-01,tushare
000816.SZ,000816,智慧农业,801880.SI,汽车,801093.SI,汽车零部件,850923.SI,底盘与发动机系统,19970818,2026-08-01,tushare
000581.SZ,000581,威孚高科,801880.SI,汽车,801093.SI,汽车零部件,850923.SI,底盘与发动机系统,19980924,2026-08-01,tushare
000880.SZ,000880,潍柴重机,801880.SI,汽车,801093.SI,汽车零部件,850923.SI,底盘与发动机系统,19980402,2026-08-01,tushare
600148.SH,600148,长春一东,801880.SI,汽车,801093.SI,汽车零部件,850923.SI,底盘与发动机系统,19980520,2026-08-01,tushare
600178.SH,600178,东安动力,801880.SI,汽车,801093.SI,汽车零部件,850923.SI,底盘与发动机系统,19981014,2026-08-01,tushare
600218.SH,600218,全柴动力,801880.SI,汽车,801093.SI,汽车零部件,850923.SI,底盘与发动机系统,19981203,2026-08-01,tushare
920271.BJ,920271.BJ,邦德股份,801880.SI,汽车,801093.SI,汽车零部件,850923.SI,底盘与发动机系统,20220608,2026-08-01,tushare
600960.SH,600960,渤海汽车,801880.SI,汽车,801093.SI,汽车零部件,850923.SI,底盘与发动机系统,20040407,2026-08-01,tushare
301560.SZ,301560,众捷汽车,801880.SI,汽车,801093.SI,汽车零部件,850923.SI,底盘与发动机系统,20250410,2026-08-01,tushare
000338.SZ,000338,潍柴动力,801880.SI,汽车,801093.SI,汽车零部件,850923.SI,底盘与发动机系统,20070430,2026-08-01,tushare
002126.SZ,002126,银轮股份,801880.SI,汽车,801093.SI,汽车零部件,850923.SI,底盘与发动机系统,20070418,2026-08-01,tushare
002406.SZ,002406,远东传动,801880.SI,汽车,801093.SI,汽车零部件,850923.SI,底盘与发动机系统,20100518,2026-08-01,tushare
002448.SZ,002448,中原内配,801880.SI,汽车,801093.SI,汽车零部件,850923.SI,底盘与发动机系统,20100712,2026-08-01,tushare
002363.SZ,002363,隆基机械,801880.SI,汽车,801093.SI,汽车零部件,850923.SI,底盘与发动机系统,20100208,2026-08-01,tushare
002590.SZ,002590,万安科技,801880.SI,汽车,801093.SI,汽车零部件,850923.SI,底盘与发动机系统,20110601,2026-08-01,tushare
002265.SZ,002265,建设工业,801880.SI,汽车,801093.SI,汽车零部件,850923.SI,底盘与发动机系统,20080717,2026-08-01,tushare
002284.SZ,002284,亚太股份,801880.SI,汽车,801093.SI,汽车零部件,850923.SI,底盘与发动机系统,20090810,2026-08-01,tushare
002283.SZ,002283,天润工业,801880.SI,汽车,801093.SI,汽车零部件,850923.SI,底盘与发动机系统,20090804,2026-08-01,tushare
002536.SZ,002536,飞龙股份,801880.SI,汽车,801093.SI,汽车零部件,850923.SI,底盘与发动机系统,20101229,2026-08-01,tushare
002472.SZ,002472,双环传动,801880.SI,汽车,801093.SI,汽车零部件,850923.SI,底盘与发动机系统,20100820,2026-08-01,tushare
002434.SZ,002434,万里扬,801880.SI,汽车,801093.SI,汽车零部件,850923.SI,底盘与发动机系统,20100528,2026-08-01,tushare
300258.SZ,300258,精锻科技,801880.SI,汽车,801093.SI,汽车零部件,850923.SI,底盘与发动机系统,20110817,2026-08-01,tushare
002592.SZ,002592,ST八菱,801880.SI,汽车,801093.SI,汽车零部件,850923.SI,底盘与发动机系统,20110609,2026-08-01,tushare
000030.SZ,000030,富奥股份,801880.SI,汽车,801093.SI,汽车零部件,850923.SI,底盘与发动机系统,20130701,2026-08-01,tushare
002553.SZ,002553,南方精工,801880.SI,汽车,801093.SI,汽车零部件,850923.SI,底盘与发动机系统,20110216,2026-08-01,tushare
300176.SZ,300176,鸿特科技,801880.SI,汽车,801093.SI,汽车零部件,850923.SI,底盘与发动机系统,20110127,2026-08-01,tushare
002703.SZ,002703,浙江世宝,801880.SI,汽车,801093.SI,汽车零部件,850923.SI,底盘与发动机系统,20121026,2026-08-01,tushare
601689.SH,601689,拓普集团,801880.SI,汽车,801093.SI,汽车零部件,850923.SI,底盘与发动机系统,20150109,2026-08-01,tushare
603158.SH,603158,腾龙股份,801880.SI,汽车,801093.SI,汽车零部件,850923.SI,底盘与发动机系统,20150109,2026-08-01,tushare
603319.SH,603319,美湖股份,801880.SI,汽车,801093.SI,汽车零部件,850923.SI,底盘与发动机系统,20161028,2026-08-01,tushare
300507.SZ,300507,苏奥传感,801880.SI,汽车,801093.SI,汽车零部件,850923.SI,底盘与发动机系统,20160418,2026-08-01,tushare
300585.SZ,300585,奥联电子,801880.SI,汽车,801093.SI,汽车零部件,850923.SI,底盘与发动机系统,20161219,2026-08-01,tushare
002715.SZ,002715,登云股份,801880.SI,汽车,801093.SI,汽车零部件,850923.SI,底盘与发动机系统,20140108,2026-08-01,tushare
603166.SH,603166,福达股份,801880.SI,汽车,801093.SI,汽车零部件,850923.SI,底盘与发动机系统,20140124,2026-08-01,tushare
002708.SZ,002708,光洋股份,801880.SI,汽车,801093.SI,汽车零部件,850923.SI,底盘与发动机系统,20140108,2026-08-01,tushare
300375.SZ,300375,鹏翎股份,801880.SI,汽车,801093.SI,汽车零部件,850923.SI,底盘与发动机系统,20140108,2026-08-01,tushare
603009.SH,603009,北特科技,801880.SI,汽车,801093.SI,汽车零部件,850923.SI,底盘与发动机系统,20140120,2026-08-01,tushare
603305.SH,603305,旭升集团,801880.SI,汽车,801093.SI,汽车零部件,850923.SI,底盘与发动机系统,20170628,2026-08-01,tushare
603809.SH,603809,豪能股份,801880.SI,汽车,801093.SI,汽车零部件,850923.SI,底盘与发动机系统,20171030,2026-08-01,tushare
603767.SH,603767,中马传动,801880.SI,汽车,801093.SI,汽车零部件,850923.SI,底盘与发动机系统,20170504,2026-08-01,tushare
300611.SZ,300611,美力科技,801880.SI,汽车,801093.SI,汽车零部件,850923.SI,底盘与发动机系统,20170208,2026-08-01,tushare
603178.SH,603178,圣龙股份,801880.SI,汽车,801093.SI,汽车零部件,850923.SI,底盘与发动机系统,20170224,2026-08-01,tushare
603040.SH,603040,新坐标,801880.SI,汽车,801093.SI,汽车零部件,850923.SI,底盘与发动机系统,20170124,2026-08-01,tushare
603286.SH,603286,日盈电子,801880.SI,汽车,801093.SI,汽车零部件,850923.SI,底盘与发动机系统,20170522,2026-08-01,tushare
603758.SH,603758,秦安股份,801880.SI,汽车,801093.SI,汽车零部件,850923.SI,底盘与发动机系统,20170504,2026-08-01,tushare
603926.SH,603926,铁流股份,801880.SI,汽车,801093.SI,汽车零部件,850923.SI,底盘与发动机系统,20170330,2026-08-01,tushare
600933.SH,600933,爱柯迪,801880.SI,汽车,801093.SI,汽车零部件,850923.SI,底盘与发动机系统,20171108,2026-08-01,tushare
300680.SZ,300680,隆盛科技,801880.SI,汽车,801093.SI,汽车零部件,850923.SI,底盘与发动机系统,20170725,2026-08-01,tushare
603982.SH,603982,泉峰汽车,801880.SI,汽车,801093.SI,汽车零部件,850923.SI,底盘与发动机系统,20190415,2026-08-01,tushare
603949.SH,603949,雪龙集团,801880.SI,汽车,801093.SI,汽车零部件,850923.SI,底盘与发动机系统,20200122,2026-08-01,tushare
603161.SH,603161,科华控股,801880.SI,汽车,801093.SI,汽车零部件,850923.SI,底盘与发动机系统,20171208,2026-08-01,tushare
300733.SZ,300733,西菱动力,801880.SI,汽车,801093.SI,汽车零部件,850923.SI,底盘与发动机系统,20171208,2026-08-01,tushare
603121.SH,603121,华培动力,801880.SI,汽车,801093.SI,汽车零部件,850923.SI,底盘与发动机系统,20181128,2026-08-01,tushare
300694.SZ,300694,蠡湖股份,801880.SI,汽车,801093.SI,汽车零部件,850923.SI,底盘与发动机系统,20181012,2026-08-01,tushare
603596.SH,603596,伯特利,801880.SI,汽车,801093.SI,汽车零部件,850923.SI,底盘与发动机系统,20180403,2026-08-01,tushare
603950.SH,603950,长源东谷,801880.SI,汽车,801093.SI,汽车零部件,850923.SI,底盘与发动机系统,20200416,2026-08-01,tushare
605088.SH,605088,冠盛股份,801880.SI,汽车,801093.SI,汽车零部件,850923.SI,底盘与发动机系统,20200713,2026-08-01,tushare
301020.SZ,301020,密封科技,801880.SI,汽车,801093.SI,汽车零部件,850923.SI,底盘与发动机系统,20210622,2026-08-01,tushare
605133.SH,605133,嵘泰股份,801880.SI,汽车,801093.SI,汽车零部件,850923.SI,底盘与发动机系统,20210129,2026-08-01,tushare
920418.BJ,920418.BJ,苏轴股份,801880.SI,汽车,801093.SI,汽车零部件,850923.SI,底盘与发动机系统,20200727,2026-08-01,tushare
920000.BJ,920000.BJ,安徽凤凰,801880.SI,汽车,801093.SI,汽车零部件,850923.SI,底盘与发动机系统,20201223,2026-08-01,tushare
920242.BJ,920242.BJ,建邦科技,801880.SI,汽车,801093.SI,汽车零部件,850923.SI,底盘与发动机系统,20200727,2026-08-01,tushare
920146.BJ,920146.BJ,华阳变速,801880.SI,汽车,801093.SI,汽车零部件,850923.SI,底盘与发动机系统,20210720,2026-08-01,tushare
920454.BJ,920454.BJ,同心传动,801880.SI,汽车,801093.SI,汽车零部件,850923.SI,底盘与发动机系统,20211115,2026-08-01,tushare
300580.SZ,300580,贝斯特,801880.SI,汽车,801093.SI,汽车零部件,850923.SI,底盘与发动机系统,20161212,2026-08-01,tushare
000903.SZ,000903,ST云动,801880.SI,汽车,801093.SI,汽车零部件,850923.SI,底盘与发动机系统,19990104,2026-08-01,tushare
603701.SH,603701,德宏股份,801880.SI,汽车,801093.SI,汽车零部件,850923.SI,底盘与发动机系统,20160412,2026-08-01,tushare
001282.SZ,001282,三联锻造,801880.SI,汽车,801093.SI,汽车零部件,850923.SI,底盘与发动机系统,20230504,2026-08-01,tushare
001380.SZ,001380,华纬科技,801880.SI,汽车,801093.SI,汽车零部件,850923.SI,底盘与发动机系统,20230504,2026-08-01,tushare
000981.SZ,000981,山子高科,801880.SI,汽车,801093.SI,汽车零部件,850923.SI,底盘与发动机系统,20220729,2026-08-01,tushare
301007.SZ,301007,德迈仕,801880.SI,汽车,801093.SI,汽车零部件,850923.SI,底盘与发动机系统,20210531,2026-08-01,tushare
603788.SH,603788,宁波高发,801880.SI,汽车,801093.SI,汽车零部件,850923.SI,底盘与发动机系统,20140120,2026-08-01,tushare
605255.SH,605255,天普股份,801880.SI,汽车,801093.SI,汽车零部件,850923.SI,底盘与发动机系统,20200810,2026-08-01,tushare
603586.SH,603586,金麒麟,801880.SI,汽车,801093.SI,汽车零部件,850923.SI,底盘与发动机系统,20170320,2026-08-01,tushare
300547.SZ,300547,川环科技,801880.SI,汽车,801093.SI,汽车零部件,850923.SI,底盘与发动机系统,20170629,2026-08-01,tushare
920871.BJ,920871.BJ,派特尔,801880.SI,汽车,801093.SI,汽车零部件,850923.SI,底盘与发动机系统,20220717,2026-08-01,tushare
688280.SH,688280,精进电动-W,801880.SI,汽车,801093.SI,汽车零部件,850923.SI,底盘与发动机系统,20211015,2026-08-01,tushare
920022.BJ,920022.BJ,世昌股份,801880.SI,汽车,801093.SI,汽车零部件,850923.SI,底盘与发动机系统,20250909,2026-08-01,tushare
301667.SZ,301667,纳百川,801880.SI,汽车,801093.SI,汽车零部件,850923.SI,底盘与发动机系统,20251201,2026-08-01,tushare
920086.BJ,920086.BJ,科马材料,801880.SI,汽车,801093.SI,汽车零部件,850923.SI,底盘与发动机系统,20260114,2026-08-01,tushare
301225.SZ,301225,恒勃股份,801880.SI,汽车,801093.SI,汽车零部件,850923.SI,底盘与发动机系统,20230526,2026-08-01,tushare
301170.SZ,301170,锡南科技,801880.SI,汽车,801093.SI,汽车零部件,850923.SI,底盘与发动机系统,20230609,2026-08-01,tushare
301397.SZ,301397,溯联股份,801880.SI,汽车,801093.SI,汽车零部件,850923.SI,底盘与发动机系统,20230609,2026-08-01,tushare
301072.SZ,301072,中捷精工,801880.SI,汽车,801093.SI,汽车零部件,850923.SI,底盘与发动机系统,20210913,2026-08-01,tushare
002806.SZ,002806,华锋股份,801880.SI,汽车,801093.SI,汽车零部件,850923.SI,底盘与发动机系统,20230704,2026-08-01,tushare
600841.SH,600841,动力新科,801880.SI,汽车,801093.SI,汽车零部件,850923.SI,底盘与发动机系统,20230704,2026-08-01,tushare
603037.SH,603037,凯众股份,801880.SI,汽车,801093.SI,汽车零部件,850923.SI,底盘与发动机系统,20161226,2026-08-01,tushare
603013.SH,603013,亚普股份,801880.SI,汽车,801093.SI,汽车零部件,850923.SI,底盘与发动机系统,20180507,2026-08-01,tushare
301119.SZ,301119,正强股份,801880.SI,汽车,801093.SI,汽车零部件,850923.SI,底盘与发动机系统,20211112,2026-08-01,tushare
603089.SH,603089,正裕工业,801880.SI,汽车,801093.SI,汽车零部件,850923.SI,底盘与发动机系统,20170116,2026-08-01,tushare
301192.SZ,301192,泰祥股份,801880.SI,汽车,801093.SI,汽车零部件,850923.SI,底盘与发动机系统,20220805,2026-08-01,tushare
301229.SZ,301229,纽泰格,801880.SI,汽车,801093.SI,汽车零部件,850923.SI,底盘与发动机系统,20241115,2026-08-01,tushare
920837.BJ,920837.BJ,华原股份,801880.SI,汽车,801093.SI,汽车零部件,850923.SI,底盘与发动机系统,20230427,2026-08-01,tushare
920978.BJ,920978.BJ,开特股份,801880.SI,汽车,801093.SI,汽车零部件,850923.SI,底盘与发动机系统,20231030,2026-08-01,tushare
920195.BJ,920195.BJ,三祥科技,801880.SI,汽车,801093.SI,汽车零部件,850923.SI,底盘与发动机系统,20221227,2026-08-01,tushare
920896.BJ,920896.BJ,旺成科技,801880.SI,汽车,801093.SI,汽车零部件,850923.SI,底盘与发动机系统,20230427,2026-08-01,tushare
603107.SH,603107,上海汽配,801880.SI,汽车,801093.SI,汽车零部件,850923.SI,底盘与发动机系统,20231013,2026-08-01,tushare
301550.SZ,301550,斯菱智驱,801880.SI,汽车,801093.SI,汽车零部件,850923.SI,底盘与发动机系统,20240730,2026-08-01,tushare
920055.BJ,920055.BJ,隆源股份,801880.SI,汽车,801093.SI,汽车零部件,850923.SI,底盘与发动机系统,20260327,2026-08-01,tushare
920220.BJ,920220.BJ,朗信电气,801880.SI,汽车,801093.SI,汽车零部件,850923.SI,底盘与发动机系统,20260515,2026-08-01,tushare
000760.SZ,000760,斯太退(退市),801880.SI,汽车,801093.SI,汽车零部件,850923.SI,底盘与发动机系统,20091009,2026-08-01,tushare
833874.BJ,833874.BJ,泰祥股份(退市),801880.SI,汽车,801093.SI,汽车零部件,850923.SI,底盘与发动机系统,20200727,2026-08-01,tushare
300742.SZ,300742,越博退(退市),801880.SI,汽车,801093.SI,汽车零部件,850923.SI,底盘与发动机系统,20180507,2026-08-01,tushare
920136.BJ,920136.BJ,永励精密,801880.SI,汽车,801093.SI,汽车零部件,850923.SI,底盘与发动机系统,20260626,2026-08-01,tushare
600151.SH,600151,航天机电,801880.SI,汽车,801093.SI,汽车零部件,850923.SI,底盘与发动机系统,20260701,2026-08-01,tushare
603007.SH,603007,顺景科技,801880.SI,汽车,801093.SI,汽车零部件,850923.SI,底盘与发动机系统,20260701,2026-08-01,tushare
603960.SH,603960,克来机电,801880.SI,汽车,801093.SI,汽车零部件,850923.SI,底盘与发动机系统,20260701,2026-08-01,tushare
000589.SZ,000589,贵州轮胎,801880.SI,汽车,801093.SI,汽车零部件,850924.SI,轮胎轮毂,19960308,2026-08-01,tushare
000599.SZ,000599,青岛双星,801880.SI,汽车,801093.SI,汽车零部件,850924.SI,轮胎轮毂,19960410,2026-08-01,tushare
600469.SH,600469,风神股份,801880.SI,汽车,801093.SI,汽车零部件,850924.SI,轮胎轮毂,20031016,2026-08-01,tushare
002085.SZ,002085,万丰奥威,801880.SI,汽车,801093.SI,汽车零部件,850924.SI,轮胎轮毂,20061127,2026-08-01,tushare
002355.SZ,002355,兴民智通,801880.SI,汽车,801093.SI,汽车零部件,850924.SI,轮胎轮毂,20100118,2026-08-01,tushare
002488.SZ,002488,金固股份,801880.SI,汽车,801093.SI,汽车零部件,850924.SI,轮胎轮毂,20101012,2026-08-01,tushare
601966.SH,601966,玲珑轮胎,801880.SI,汽车,801093.SI,汽车零部件,850924.SI,轮胎轮毂,20160624,2026-08-01,tushare
601163.SH,601163,三角轮胎,801880.SI,汽车,801093.SI,汽车零部件,850924.SI,轮胎轮毂,20160823,2026-08-01,tushare
601500.SH,601500,通用股份,801880.SI,汽车,801093.SI,汽车零部件,850924.SI,轮胎轮毂,20160907,2026-08-01,tushare
002725.SZ,002725,跃岭股份,801880.SI,汽车,801093.SI,汽车零部件,850924.SI,轮胎轮毂,20140122,2026-08-01,tushare
300652.SZ,300652,雷迪克,801880.SI,汽车,801093.SI,汽车零部件,850924.SI,轮胎轮毂,20170504,2026-08-01,tushare
300695.SZ,300695,兆丰股份,801880.SI,汽车,801093.SI,汽车零部件,850924.SI,轮胎轮毂,20170815,2026-08-01,tushare
603335.SH,603335,迪生力,801880.SI,汽车,801093.SI,汽车零部件,850924.SI,轮胎轮毂,20170605,2026-08-01,tushare
002863.SZ,002863,今飞凯达,801880.SI,汽车,801093.SI,汽车零部件,850924.SI,轮胎轮毂,20170330,2026-08-01,tushare
603049.SH,603049,中策橡胶,801880.SI,汽车,801093.SI,汽车零部件,850924.SI,轮胎轮毂,20250516,2026-08-01,tushare
600182.SH,600182,S佳通,801880.SI,汽车,801093.SI,汽车零部件,850924.SI,轮胎轮毂,19990104,2026-08-01,tushare
002984.SZ,002984,森麒麟,801880.SI,汽车,801093.SI,汽车零部件,850924.SI,轮胎轮毂,20200831,2026-08-01,tushare
300428.SZ,300428,立中集团,801880.SI,汽车,801093.SI,汽车零部件,850924.SI,轮胎轮毂,20190724,2026-08-01,tushare
920020.BJ,920020.BJ,泰凯英,801880.SI,汽车,801093.SI,汽车零部件,850924.SI,轮胎轮毂,20251024,2026-08-01,tushare
001233.SZ,001233,海安集团,801880.SI,汽车,801093.SI,汽车零部件,850924.SI,轮胎轮毂,20251107,2026-08-01,tushare
601058.SH,601058,赛轮轮胎,801880.SI,汽车,801093.SI,汽车零部件,850924.SI,轮胎轮毂,20110124,2026-08-01,tushare
301539.SZ,301539,宏鑫科技,801880.SI,汽车,801093.SI,汽车零部件,850924.SI,轮胎轮毂,20240322,2026-08-01,tushare
002965.SZ,002965,祥鑫科技,801880.SI,汽车,801093.SI,汽车零部件,850925.SI,其他汽车零部件,20220729,2026-08-01,tushare
000887.SZ,000887,中鼎股份,801880.SI,汽车,801093.SI,汽车零部件,850925.SI,其他汽车零部件,19981203,2026-08-01,tushare
600523.SH,600523,贵航股份,801880.SI,汽车,801093.SI,汽车零部件,850925.SI,其他汽车零部件,20011227,2026-08-01,tushare
600480.SH,600480,凌云股份,801880.SI,汽车,801093.SI,汽车零部件,850925.SI,其他汽车零部件,20030812,2026-08-01,tushare
002101.SZ,002101,广东鸿图,801880.SI,汽车,801093.SI,汽车零部件,850925.SI,其他汽车零部件,20061228,2026-08-01,tushare
301181.SZ,301181,标榜股份,801880.SI,汽车,801093.SI,汽车零部件,850925.SI,其他汽车零部件,20220128,2026-08-01,tushare
301233.SZ,301233,盛帮股份,801880.SI,汽车,801093.SI,汽车零部件,850925.SI,其他汽车零部件,20220610,2026-08-01,tushare
002328.SZ,002328,新朋股份,801880.SI,汽车,801093.SI,汽车零部件,850925.SI,其他汽车零部件,20091210,2026-08-01,tushare
301298.SZ,301298,东利机械,801880.SI,汽车,801093.SI,汽车零部件,850925.SI,其他汽车零部件,20220520,2026-08-01,tushare
603211.SH,603211,晋拓股份,801880.SI,汽车,801093.SI,汽车零部件,850925.SI,其他汽车零部件,20220708,2026-08-01,tushare
001311.SZ,001311,多利科技,801880.SI,汽车,801093.SI,汽车零部件,850925.SI,其他汽车零部件,20230213,2026-08-01,tushare
603190.SH,603190,亚通精工,801880.SI,汽车,801093.SI,汽车零部件,850925.SI,其他汽车零部件,20230213,2026-08-01,tushare
300473.SZ,300473,德尔股份,801880.SI,汽车,801093.SI,汽车零部件,850925.SI,其他汽车零部件,20150115,2026-08-01,tushare
603239.SH,603239,浙江仙通,801880.SI,汽车,801093.SI,汽车零部件,850925.SI,其他汽车零部件,20161201,2026-08-01,tushare
603006.SH,603006,联明股份,801880.SI,汽车,801093.SI,汽车零部件,850925.SI,其他汽车零部件,20140120,2026-08-01,tushare
002510.SZ,002510,天汽模,801880.SI,汽车,801093.SI,汽车零部件,850925.SI,其他汽车零部件,20170629,2026-08-01,tushare
603922.SH,603922,ST金鸿顺,801880.SI,汽车,801093.SI,汽车零部件,850925.SI,其他汽车零部件,20170907,2026-08-01,tushare
603197.SH,603197,保隆科技,801880.SI,汽车,801093.SI,汽车零部件,850925.SI,其他汽车零部件,20170504,2026-08-01,tushare
300643.SZ,300643,万通智控,801880.SI,汽车,801093.SI,汽车零部件,850925.SI,其他汽车零部件,20170419,2026-08-01,tushare
002921.SZ,002921,联诚精密,801880.SI,汽车,801093.SI,汽车零部件,850925.SI,其他汽车零部件,20171220,2026-08-01,tushare
603768.SH,603768,常青股份,801880.SI,汽车,801093.SI,汽车零部件,850925.SI,其他汽车零部件,20170214,2026-08-01,tushare
300707.SZ,300707,威唐工业,801880.SI,汽车,801093.SI,汽车零部件,850925.SI,其他汽车零部件,20170925,2026-08-01,tushare
603655.SH,603655,朗博科技,801880.SI,汽车,801093.SI,汽车零部件,850925.SI,其他汽车零部件,20171220,2026-08-01,tushare
603917.SH,603917,合力科技,801880.SI,汽车,801093.SI,汽车零部件,850925.SI,其他汽车零部件,20171121,2026-08-01,tushare
603109.SH,603109,神驰机电,801880.SI,汽车,801093.SI,汽车零部件,850925.SI,其他汽车零部件,20191212,2026-08-01,tushare
300926.SZ,300926,博俊科技,801880.SI,汽车,801093.SI,汽车零部件,850925.SI,其他汽车零部件,20201223,2026-08-01,tushare
300912.SZ,300912,凯龙高科,801880.SI,汽车,801093.SI,汽车零部件,850925.SI,其他汽车零部件,20201125,2026-08-01,tushare
605319.SH,605319,无锡振华,801880.SI,汽车,801093.SI,汽车零部件,850925.SI,其他汽车零部件,20210521,2026-08-01,tushare
300998.SZ,300998,宁波方正,801880.SI,汽车,801093.SI,汽车零部件,850925.SI,其他汽车零部件,20210518,2026-08-01,tushare
301000.SZ,301000,肇民科技,801880.SI,汽车,801093.SI,汽车零部件,850925.SI,其他汽车零部件,20210521,2026-08-01,tushare
301022.SZ,301022,海泰科,801880.SI,汽车,801093.SI,汽车零部件,850925.SI,其他汽车零部件,20210622,2026-08-01,tushare
601279.SH,601279,英利汽车,801880.SI,汽车,801093.SI,汽车零部件,850925.SI,其他汽车零部件,20210329,2026-08-01,tushare
605018.SH,605018,长华集团,801880.SI,汽车,801093.SI,汽车零部件,850925.SI,其他汽车零部件,20200914,2026-08-01,tushare
002997.SZ,002997,瑞鹄模具,801880.SI,汽车,801093.SI,汽车零部件,850925.SI,其他汽车零部件,20200821,2026-08-01,tushare
300816.SZ,300816,艾可蓝,801880.SI,汽车,801093.SI,汽车零部件,850925.SI,其他汽车零部件,20200122,2026-08-01,tushare
603348.SH,603348,文灿股份,801880.SI,汽车,801093.SI,汽车零部件,850925.SI,其他汽车零部件,20180426,2026-08-01,tushare
002190.SZ,002190,成飞集成,801880.SI,汽车,801093.SI,汽车零部件,850925.SI,其他汽车零部件,20220729,2026-08-01,tushare
300969.SZ,300969,恒帅股份,801880.SI,汽车,801093.SI,汽车零部件,850925.SI,其他汽车零部件,20220729,2026-08-01,tushare
300237.SZ,300237,ST美晨,801880.SI,汽车,801093.SI,汽车零部件,850925.SI,其他汽车零部件,20220729,2026-08-01,tushare
603358.SH,603358,华达科技,801880.SI,汽车,801093.SI,汽车零部件,850925.SI,其他汽车零部件,20170116,2026-08-01,tushare
301186.SZ,301186,超达装备,801880.SI,汽车,801093.SI,汽车零部件,850925.SI,其他汽车零部件,20211210,2026-08-01,tushare
002547.SZ,002547,*ST春兴,801880.SI,汽车,801093.SI,汽车零部件,850925.SI,其他汽车零部件,20220729,2026-08-01,tushare
688737.SH,688737,中自科技,801880.SI,汽车,801093.SI,汽车零部件,850925.SI,其他汽车零部件,20211015,2026-08-01,tushare
301613.SZ,301613,新铝时代,801880.SI,汽车,801093.SI,汽车零部件,850925.SI,其他汽车零部件,20240927,2026-08-01,tushare
603352.SH,603352,至信股份,801880.SI,汽车,801093.SI,汽车零部件,850925.SI,其他汽车零部件,20251226,2026-08-01,tushare
301680.SZ,301680,固德电材,801880.SI,汽车,801093.SI,汽车零部件,850925.SI,其他汽车零部件,20260305,2026-08-01,tushare
688021.SH,688021,奥福科技,801880.SI,汽车,801093.SI,汽车零部件,850925.SI,其他汽车零部件,20210730,2026-08-01,tushare
603048.SH,603048,浙江黎明,801880.SI,汽车,801093.SI,汽车零部件,850925.SI,其他汽车零部件,20211029,2026-08-01,tushare
603119.SH,603119,浙江荣泰,801880.SI,汽车,801093.SI,汽车零部件,850925.SI,其他汽车零部件,20230714,2026-08-01,tushare
301005.SZ,301005,超捷股份,801880.SI,汽车,801093.SI,汽车零部件,850925.SI,其他汽车零部件,20210524,2026-08-01,tushare
002976.SZ,002976,瑞玛精密,801880.SI,汽车,801093.SI,汽车零部件,850925.SI,其他汽车零部件,20220701,2026-08-01,tushare
920247.BJ,920247.BJ,华密新材,801880.SI,汽车,801093.SI,汽车零部件,850925.SI,其他汽车零部件,20221227,2026-08-01,tushare
920221.BJ,920221.BJ,易实精密,801880.SI,汽车,801093.SI,汽车零部件,850925.SI,其他汽车零部件,20230530,2026-08-01,tushare
603201.SH,603201,常润股份,801880.SI,汽车,801093.SI,汽车零部件,850925.SI,其他汽车零部件,20240730,2026-08-01,tushare
301535.SZ,301535,浙江华远,801880.SI,汽车,801093.SI,汽车零部件,850925.SI,其他汽车零部件,20250307,2026-08-01,tushare
603210.SH,603210,泰鸿万立,801880.SI,汽车,801093.SI,汽车零部件,850925.SI,其他汽车零部件,20250321,2026-08-01,tushare
002765.SZ,002765,蓝黛科技,801880.SI,汽车,801093.SI,汽车零部件,850925.SI,其他汽车零部件,20250811,2026-08-01,tushare
000980.SZ,000980,众泰汽车,801880.SI,汽车,801093.SI,汽车零部件,850926.SI,汽车电子电气系统,20000616,2026-08-01,tushare
603202.SH,603202,天有为,801880.SI,汽车,801093.SI,汽车零部件,850926.SI,汽车电子电气系统,20250410,2026-08-01,tushare
002239.SZ,002239,奥特佳,801880.SI,汽车,801093.SI,汽车零部件,850926.SI,汽车电子电气系统,20080430,2026-08-01,tushare
002454.SZ,002454,松芝股份,801880.SI,汽车,801093.SI,汽车零部件,850926.SI,汽车电子电气系统,20100712,2026-08-01,tushare
300304.SZ,300304,云意电气,801880.SI,汽车,801093.SI,汽车零部件,850926.SI,汽车电子电气系统,20120313,2026-08-01,tushare
002813.SZ,002813,路畅科技,801880.SI,汽车,801093.SI,汽车零部件,850926.SI,汽车电子电气系统,20161012,2026-08-01,tushare
603179.SH,603179,新泉股份,801880.SI,汽车,801093.SI,汽车零部件,850926.SI,汽车电子电气系统,20170301,2026-08-01,tushare
002906.SZ,002906,华阳集团,801880.SI,汽车,801093.SI,汽车零部件,850926.SI,汽车电子电气系统,20170925,2026-08-01,tushare
300681.SZ,300681,英搏尔,801880.SI,汽车,801093.SI,汽车零部件,850926.SI,汽车电子电气系统,20170725,2026-08-01,tushare
603786.SH,603786,科博达,801880.SI,汽车,801093.SI,汽车零部件,850926.SI,汽车电子电气系统,20190902,2026-08-01,tushare
301631.SZ,301631,壹连科技,801880.SI,汽车,801093.SI,汽车零部件,850926.SI,汽车电子电气系统,20241101,2026-08-01,tushare
300745.SZ,300745,欣锐科技,801880.SI,汽车,801093.SI,汽车零部件,850926.SI,汽车电子电气系统,20220729,2026-08-01,tushare
300863.SZ,300863,卡倍亿,801880.SI,汽车,801093.SI,汽车零部件,850926.SI,汽车电子电气系统,20200804,2026-08-01,tushare
605333.SH,605333,沪光股份,801880.SI,汽车,801093.SI,汽车零部件,850926.SI,汽车电子电气系统,20200713,2026-08-01,tushare
920436.BJ,920436.BJ,大地电气,801880.SI,汽车,801093.SI,汽车零部件,850926.SI,汽车电子电气系统,20211115,2026-08-01,tushare
300928.SZ,300928,华安鑫创,801880.SI,汽车,801093.SI,汽车零部件,850926.SI,汽车电子电气系统,20210104,2026-08-01,tushare
603390.SH,603390,通达电气,801880.SI,汽车,801093.SI,汽车零部件,850926.SI,汽车电子电气系统,20191111,2026-08-01,tushare
605005.SH,605005,合兴股份,801880.SI,汽车,801093.SI,汽车零部件,850926.SI,汽车电子电气系统,20210104,2026-08-01,tushare
000901.SZ,000901,航天科技,801880.SI,汽车,801093.SI,汽车零部件,850926.SI,汽车电子电气系统,20220729,2026-08-01,tushare
002870.SZ,002870,香山股份,801880.SI,汽车,801093.SI,汽车零部件,850926.SI,汽车电子电气系统,20220729,2026-08-01,tushare
688533.SH,688533,上声电子,801880.SI,汽车,801093.SI,汽车零部件,850926.SI,汽车电子电气系统,20210406,2026-08-01,tushare
603023.SH,603023,威帝股份,801880.SI,汽车,801093.SI,汽车零部件,850926.SI,汽车电子电气系统,20150126,2026-08-01,tushare
301221.SZ,301221,光庭信息,801880.SI,汽车,801093.SI,汽车零部件,850926.SI,汽车电子电气系统,20211203,2026-08-01,tushare
600699.SH,600699,均胜电子,801880.SI,汽车,801093.SI,汽车零部件,850926.SI,汽车电子电气系统,20121008,2026-08-01,tushare
301656.SZ,301656,联合动力,801880.SI,汽车,801093.SI,汽车零部件,850926.SI,汽车电子电气系统,20250905,2026-08-01,tushare
301310.SZ,301310,鑫宏业,801880.SI,汽车,801093.SI,汽车零部件,850926.SI,汽车电子电气系统,20230526,2026-08-01,tushare
301488.SZ,301488,豪恩汽电,801880.SI,汽车,801093.SI,汽车零部件,850926.SI,汽车电子电气系统,20230609,2026-08-01,tushare
301499.SZ,301499,维科精密,801880.SI,汽车,801093.SI,汽车零部件,850926.SI,汽车电子电气系统,20230630,2026-08-01,tushare
002766.SZ,002766,索菱股份,801880.SI,汽车,801093.SI,汽车零部件,850926.SI,汽车电子电气系统,20210730,2026-08-01,tushare
002664.SZ,002664,信质集团,801880.SI,汽车,801093.SI,汽车零部件,850926.SI,汽车电子电气系统,20210730,2026-08-01,tushare
688612.SH,688612,威迈斯,801880.SI,汽车,801093.SI,汽车零部件,850926.SI,汽车电子电气系统,20230714,2026-08-01,tushare
688667.SH,688667,菱电电控,801880.SI,汽车,801093.SI,汽车零部件,850926.SI,汽车电子电气系统,20210301,2026-08-01,tushare
603293.SH,603293,埃泰克,801880.SI,汽车,801093.SI,汽车零部件,850926.SI,汽车电子电气系统,20260403,2026-08-01,tushare
001365.SZ,001365,天海电子,801880.SI,汽车,801093.SI,汽车零部件,850926.SI,汽车电子电气系统,20260430,2026-08-01,tushare
002937.SZ,002937,兴瑞科技,801880.SI,汽车,801093.SI,汽车零部件,850926.SI,汽车电子电气系统,20240730,2026-08-01,tushare
600651.SH,600651,飞乐音响,801880.SI,汽车,801093.SI,汽车零部件,850926.SI,汽车电子电气系统,20240730,2026-08-01,tushare
301607.SZ,301607,富特科技,801880.SI,汽车,801093.SI,汽车零部件,850926.SI,汽车电子电气系统,20240816,2026-08-01,tushare
301581.SZ,301581,黄山谷捷,801880.SI,汽车,801093.SI,汽车零部件,850926.SI,汽车电子电气系统,20241220,2026-08-01,tushare
603376.SH,603376,大明电子,801880.SI,汽车,801093.SI,汽车零部件,850926.SI,汽车电子电气系统,20251017,2026-08-01,tushare
600653.SH,600653,申华控股,801880.SI,汽车,801092.SI,汽车服务,850232.SI,汽车经销商,19901219,2026-08-01,tushare
600335.SH,600335,国机汽车,801880.SI,汽车,801092.SI,汽车服务,850232.SI,汽车经销商,20010305,2026-08-01,tushare
600386.SH,600386,北巴传媒,801880.SI,汽车,801092.SI,汽车服务,850232.SI,汽车经销商,20010208,2026-08-01,tushare
920030.BJ,920030.BJ,德众汽车,801880.SI,汽车,801092.SI,汽车服务,850232.SI,汽车经销商,20201127,2026-08-01,tushare
600822.SH,600822,上海物贸,801880.SI,汽车,801092.SI,汽车服务,850232.SI,汽车经销商,20210730,2026-08-01,tushare
000701.SZ,000701,厦门信达,801880.SI,汽车,801092.SI,汽车服务,850232.SI,汽车经销商,20240730,2026-08-01,tushare
000996.SZ,000996,中期退(退市),801880.SI,汽车,801092.SI,汽车服务,850232.SI,汽车经销商,20000718,2026-08-01,tushare
601258.SH,601258,*ST庞大(退市),801880.SI,汽车,801092.SI,汽车服务,850232.SI,汽车经销商,20110415,2026-08-01,tushare
600297.SH,600297,广汇汽车(退市),801880.SI,汽车,801092.SI,汽车服务,850232.SI,汽车经销商,20150701,2026-08-01,tushare
000757.SZ,000757,浩物股份,801880.SI,汽车,801092.SI,汽车服务,850233.SI,汽车综合服务,19970627,2026-08-01,tushare
601965.SH,601965,中国汽研,801880.SI,汽车,801092.SI,汽车服务,850233.SI,汽车综合服务,20120530,2026-08-01,tushare
301215.SZ,301215,中汽股份,801880.SI,汽车,801092.SI,汽车服务,850233.SI,汽车综合服务,20220218,2026-08-01,tushare
300825.SZ,300825,阿尔特,801880.SI,汽车,801092.SI,汽车服务,850233.SI,汽车综合服务,20200316,2026-08-01,tushare
600676.SH,600676,交运股份,801880.SI,汽车,801092.SI,汽车服务,850233.SI,汽车综合服务,20240730,2026-08-01,tushare
002684.SZ,002684,猛狮退(退市),801880.SI,汽车,801092.SI,汽车服务,850233.SI,汽车综合服务,20180713,2026-08-01,tushare
600679.SH,600679,上海凤凰,801880.SI,汽车,801881.SI,摩托车及其他,858811.SI,其他运输设备,19931008,2026-08-01,tushare
600099.SH,600099,林海股份,801880.SI,汽车,801881.SI,摩托车及其他,858811.SI,其他运输设备,19970704,2026-08-01,tushare
002105.SZ,002105,信隆健康,801880.SI,汽车,801881.SI,摩托车及其他,858811.SI,其他运输设备,20070112,2026-08-01,tushare
301322.SZ,301322,绿通科技,801880.SI,汽车,801881.SI,摩托车及其他,858811.SI,其他运输设备,20230224,2026-08-01,tushare
300994.SZ,300994,久祺股份,801880.SI,汽车,801881.SI,摩托车及其他,858811.SI,其他运输设备,20210723,2026-08-01,tushare
603529.SH,603529,爱玛科技,801880.SI,汽车,801881.SI,摩托车及其他,858811.SI,其他运输设备,20210531,2026-08-01,tushare
689009.SH,689009,九号公司-WD,801880.SI,汽车,801881.SI,摩托车及其他,858811.SI,其他运输设备,20201029,2026-08-01,tushare
600818.SH,600818,ST中路,801880.SI,汽车,801881.SI,摩托车及其他,858811.SI,其他运输设备,20220729,2026-08-01,tushare
603468.SH,603468,津富士达,801880.SI,汽车,801881.SI,摩托车及其他,858811.SI,其他运输设备,20260717,2026-08-01,tushare
601777.SH,601777,千里科技,801880.SI,汽车,801881.SI,摩托车及其他,858812.SI,摩托车,20101115,2026-08-01,tushare
301345.SZ,301345,涛涛车业,801880.SI,汽车,801881.SI,摩托车及其他,858812.SI,摩托车,20230224,2026-08-01,tushare
603776.SH,603776,永安行,801880.SI,汽车,801881.SI,摩托车及其他,858812.SI,摩托车,20210730,2026-08-01,tushare
603129.SH,603129,春风动力,801880.SI,汽车,801881.SI,摩托车及其他,858812.SI,摩托车,20210730,2026-08-01,tushare
603766.SH,603766,隆鑫通用,801880.SI,汽车,801881.SI,摩托车及其他,858812.SI,摩托车,20210730,2026-08-01,tushare
003033.SZ,003033,征和工业,801880.SI,汽车,801881.SI,摩托车及其他,858812.SI,摩托车,20210104,2026-08-01,tushare
000913.SZ,000913,钱江摩托,801880.SI,汽车,801881.SI,摩托车及其他,858812.SI,摩托车,20210730,2026-08-01,tushare
603787.SH,603787,新日股份,801880.SI,汽车,801881.SI,摩托车及其他,858812.SI,摩托车,20210730,2026-08-01,tushare
920058.BJ,920058.BJ,华洋赛车,801880.SI,汽车,801881.SI,摩托车及其他,858812.SI,摩托车,20230816,2026-08-01,tushare
002594.SZ,002594,比亚迪,801880.SI,汽车,801095.SI,乘用车,850951.SI,电动乘用车,20110621,2026-08-01,tushare
600733.SH,600733,北汽蓝谷,801880.SI,汽车,801095.SI,乘用车,850951.SI,电动乘用车,20220729,2026-08-01,tushare
601127.SH,601127,赛力斯,801880.SI,汽车,801095.SI,乘用车,850951.SI,电动乘用车,20240730,2026-08-01,tushare
000625.SZ,000625,长安汽车,801880.SI,汽车,801095.SI,乘用车,850952.SI,综合乘用车,19970610,2026-08-01,tushare
600104.SH,600104,上汽集团,801880.SI,汽车,801095.SI,乘用车,850952.SI,综合乘用车,19971125,2026-08-01,tushare
601633.SH,601633,长城汽车,801880.SI,汽车,801095.SI,乘用车,850952.SI,综合乘用车,20110919,2026-08-01,tushare
601238.SH,601238,广汽集团,801880.SI,汽车,801095.SI,乘用车,850952.SI,综合乘用车,20120329,2026-08-01,tushare
000572.SZ,000572,海马汽车,801880.SI,汽车,801095.SI,乘用车,850952.SI,综合乘用车,20050901,2026-08-01,tushare
600991.SH,600991,广汽长丰(退市),801880.SI,汽车,801095.SI,乘用车,850952.SI,综合乘用车,20040614,2026-08-01,tushare
000550.SZ,000550,江铃汽车,801880.SI,汽车,801096.SI,商用车,850912.SI,商用载货车,19931201,2026-08-01,tushare
000800.SZ,000800,一汽解放,801880.SI,汽车,801096.SI,商用车,850912.SI,商用载货车,19970618,2026-08-01,tushare
600166.SH,600166,福田汽车,801880.SI,汽车,801096.SI,商用车,850912.SI,商用载货车,19980602,2026-08-01,tushare
000951.SZ,000951,中国重汽,801880.SI,汽车,801096.SI,商用车,850912.SI,商用载货车,19991125,2026-08-01,tushare
600006.SH,600006,东风股份,801880.SI,汽车,801096.SI,商用车,850912.SI,商用载货车,19990727,2026-08-01,tushare
301039.SZ,301039,中集车辆,801880.SI,汽车,801096.SI,商用车,850912.SI,商用载货车,20210630,2026-08-01,tushare
600418.SH,600418,江淮汽车,801880.SI,汽车,801096.SI,商用车,850912.SI,商用载货车,20170629,2026-08-01,tushare
600375.SH,600375,汉马科技,801880.SI,汽车,801096.SI,商用车,850912.SI,商用载货车,20230704,2026-08-01,tushare
000549.SZ,000549,S湘火炬(退市),801880.SI,汽车,801096.SI,商用车,850912.SI,商用载货车,19931220,2026-08-01,tushare
600686.SH,600686,金龙汽车,801880.SI,汽车,801096.SI,商用车,850913.SI,商用载客车,19931108,2026-08-01,tushare
000957.SZ,000957,中通客车,801880.SI,汽车,801096.SI,商用车,850913.SI,商用载客车,20000113,2026-08-01,tushare
600303.SH,600303,曙光股份,801880.SI,汽车,801096.SI,商用车,850913.SI,商用载客车,20001226,2026-08-01,tushare
600066.SH,600066,宇通客车,801880.SI,汽车,801096.SI,商用车,850913.SI,商用载客车,19970508,2026-08-01,tushare
000868.SZ,000868,安凯客车,801880.SI,汽车,801096.SI,商用车,850913.SI,商用载客车,19970725,2026-08-01,tushare
600213.SH,600213,*ST亚星(退市),801880.SI,汽车,801096.SI,商用车,850913.SI,商用载客车,19990831,2026-08-01,tushare
000651.SZ,000651,格力电器,801110.SI,家用电器,801111.SI,白色家电,851112.SI,空调,19961118,2026-08-01,tushare
000921.SZ,000921,海信家电,801110.SI,家用电器,801111.SI,白色家电,851112.SI,空调,19990713,2026-08-01,tushare
000333.SZ,000333,美的集团,801110.SI,家用电器,801111.SI,白色家电,851112.SI,空调,20130118,2026-08-01,tushare
000527.SZ,000527,美的电器(退市),801110.SI,家用电器,801111.SI,白色家电,851112.SI,空调,19931112,2026-08-01,tushare
600854.SH,600854,春兰股份,801110.SI,家用电器,801111.SI,白色家电,851112.SI,空调,20260701,2026-08-01,tushare
000521.SZ,000521,长虹美菱,801110.SI,家用电器,801111.SI,白色家电,851116.SI,冰洗,19931018,2026-08-01,tushare
600336.SH,600336,澳柯玛,801110.SI,家用电器,801111.SI,白色家电,851116.SI,冰洗,20001229,2026-08-01,tushare
600983.SH,600983,惠而浦,801110.SI,家用电器,801111.SI,白色家电,851116.SI,冰洗,20040709,2026-08-01,tushare
001387.SZ,001387,雪祺电气,801110.SI,家用电器,801111.SI,白色家电,851116.SI,冰洗,20231222,2026-08-01,tushare
002668.SZ,002668,TCL智家,801110.SI,家用电器,801111.SI,白色家电,851116.SI,冰洗,20120130,2026-08-01,tushare
600690.SH,600690,海尔智家,801110.SI,家用电器,801111.SI,白色家电,851116.SI,冰洗,20110110,2026-08-01,tushare
000016.SZ,000016,*ST康佳A,801110.SI,家用电器,801111.SI,白色家电,851116.SI,冰洗,20240730,2026-08-01,tushare
600625.SH,600625,PT水仙(退市),801110.SI,家用电器,801111.SI,白色家电,851116.SI,冰洗,19930106,2026-08-01,tushare
000418.SZ,000418,小天鹅A(退市),801110.SI,家用电器,801111.SI,白色家电,851116.SI,冰洗,19970328,2026-08-01,tushare
600839.SH,600839,四川长虹,801110.SI,家用电器,801112.SI,黑色家电,851121.SI,彩电,19940311,2026-08-01,tushare
600060.SH,600060,海信视像,801110.SI,家用电器,801112.SI,黑色家电,851121.SI,彩电,19970422,2026-08-01,tushare
002429.SZ,002429,兆驰股份,801110.SI,家用电器,801112.SI,黑色家电,851121.SI,彩电,20100609,2026-08-01,tushare
002848.SZ,002848,高斯贝尔,801110.SI,家用电器,801112.SI,黑色家电,851121.SI,彩电,20240730,2026-08-01,tushare
000801.SZ,000801,四川九洲,801110.SI,家用电器,801112.SI,黑色家电,851122.SI,其他黑色家电,19980506,2026-08-01,tushare
000810.SZ,000810,创维数字,801110.SI,家用电器,801112.SI,黑色家电,851122.SI,其他黑色家电,20180420,2026-08-01,tushare
688609.SH,688609,九联科技,801110.SI,家用电器,801112.SI,黑色家电,851122.SI,其他黑色家电,20210305,2026-08-01,tushare
301578.SZ,301578,辰奕智能,801110.SI,家用电器,801112.SI,黑色家电,851122.SI,其他黑色家电,20231222,2026-08-01,tushare
002052.SZ,002052,同洲电子,801110.SI,家用电器,801112.SI,黑色家电,851122.SI,其他黑色家电,20060206,2026-08-01,tushare
688696.SH,688696,极米科技,801110.SI,家用电器,801112.SI,黑色家电,851122.SI,其他黑色家电,20240730,2026-08-01,tushare
002032.SZ,002032,苏泊尔,801110.SI,家用电器,801113.SI,小家电,851131.SI,厨房小家电,20040816,2026-08-01,tushare
002242.SZ,002242,九阳股份,801110.SI,家用电器,801113.SI,小家电,851131.SI,厨房小家电,20080108,2026-08-01,tushare
002705.SZ,002705,新宝股份,801110.SI,家用电器,801113.SI,小家电,851131.SI,厨房小家电,20140108,2026-08-01,tushare
002959.SZ,002959,小熊电器,801110.SI,家用电器,801113.SI,小家电,851131.SI,厨房小家电,20190718,2026-08-01,tushare
001259.SZ,001259,利仁科技,801110.SI,家用电器,801113.SI,小家电,851131.SI,厨房小家电,20220819,2026-08-01,tushare
300824.SZ,300824,北鼎股份,801110.SI,家用电器,801113.SI,小家电,851131.SI,厨房小家电,20200605,2026-08-01,tushare
603215.SH,603215,比依股份,801110.SI,家用电器,801113.SI,小家电,851131.SI,厨房小家电,20220128,2026-08-01,tushare
002005.SZ,002005,德豪润达,801110.SI,家用电器,801113.SI,小家电,851131.SI,厨房小家电,20210730,2026-08-01,tushare
002403.SZ,002403,爱仕达,801110.SI,家用电器,801113.SI,小家电,851131.SI,厨房小家电,20100111,2026-08-01,tushare
920926.BJ,920926.BJ,鸿智科技,801110.SI,家用电器,801113.SI,小家电,851131.SI,厨房小家电,20230816,2026-08-01,tushare
002260.SZ,002260,德奥退(退市),801110.SI,家用电器,801113.SI,小家电,851131.SI,厨房小家电,20080125,2026-08-01,tushare
002473.SZ,002473,圣莱退(退市),801110.SI,家用电器,801113.SI,小家电,851131.SI,厨房小家电,20100201,2026-08-01,tushare
603355.SH,603355,莱克电气,801110.SI,家用电器,801113.SI,小家电,851132.SI,清洁小家电,20150506,2026-08-01,tushare
301187.SZ,301187,欧圣电气,801110.SI,家用电器,801113.SI,小家电,851132.SI,清洁小家电,20220401,2026-08-01,tushare
301332.SZ,301332,德尔玛,801110.SI,家用电器,801113.SI,小家电,851132.SI,清洁小家电,20230504,2026-08-01,tushare
603486.SH,603486,科沃斯,801110.SI,家用电器,801113.SI,小家电,851132.SI,清洁小家电,20210730,2026-08-01,tushare
605555.SH,605555,德昌股份,801110.SI,家用电器,801113.SI,小家电,851132.SI,清洁小家电,20211015,2026-08-01,tushare
603219.SH,603219,富佳股份,801110.SI,家用电器,801113.SI,小家电,851132.SI,清洁小家电,20211105,2026-08-01,tushare
688169.SH,688169,石头科技,801110.SI,家用电器,801113.SI,小家电,851132.SI,清洁小家电,20210730,2026-08-01,tushare
300272.SZ,300272,开能健康,801110.SI,家用电器,801113.SI,小家电,851132.SI,清洁小家电,20240517,2026-08-01,tushare
920081.BJ,920081.BJ,欧伦电气,801110.SI,家用电器,801113.SI,小家电,851132.SI,清洁小家电,20260708,2026-08-01,tushare
603868.SH,603868,飞科电器,801110.SI,家用电器,801113.SI,小家电,851133.SI,个护小家电,20160418,2026-08-01,tushare
688793.SH,688793,倍轻松,801110.SI,家用电器,801113.SI,小家电,851133.SI,个护小家电,20210705,2026-08-01,tushare
920199.BJ,920199.BJ,倍益康,801110.SI,家用电器,801113.SI,小家电,851133.SI,个护小家电,20221206,2026-08-01,tushare
003023.SZ,003023,彩虹集团,801110.SI,家用电器,801113.SI,小家电,851133.SI,个护小家电,20240730,2026-08-01,tushare
002035.SZ,002035,华帝股份,801110.SI,家用电器,801114.SI,厨卫电器,851141.SI,厨房电器,20040827,2026-08-01,tushare
605336.SH,605336,*ST帅电,801110.SI,家用电器,801114.SI,厨卫电器,851141.SI,厨房电器,20200921,2026-08-01,tushare
300894.SZ,300894,火星人,801110.SI,家用电器,801114.SI,厨卫电器,851141.SI,厨房电器,20201223,2026-08-01,tushare
300911.SZ,300911,亿田智能,801110.SI,家用电器,801114.SI,厨卫电器,851141.SI,厨房电器,20201123,2026-08-01,tushare
002677.SZ,002677,浙江美大,801110.SI,家用电器,801114.SI,厨卫电器,851141.SI,厨房电器,20120116,2026-08-01,tushare
002508.SZ,002508,老板电器,801110.SI,家用电器,801114.SI,厨卫电器,851141.SI,厨房电器,20100111,2026-08-01,tushare
002543.SZ,002543,万和电气,801110.SI,家用电器,801114.SI,厨卫电器,851142.SI,卫浴电器,20110119,2026-08-01,tushare
603366.SH,603366,日出东方,801110.SI,家用电器,801114.SI,厨卫电器,851142.SI,卫浴电器,20120110,2026-08-01,tushare
603551.SH,603551,奥普科技,801110.SI,家用电器,801114.SI,厨卫电器,851142.SI,卫浴电器,20191227,2026-08-01,tushare
002723.SZ,002723,小崧股份,801110.SI,家用电器,801115.SI,照明设备Ⅱ,851151.SI,照明设备Ⅲ,20140122,2026-08-01,tushare
605365.SH,605365,立达信,801110.SI,家用电器,801115.SI,照明设备Ⅱ,851151.SI,照明设备Ⅲ,20210730,2026-08-01,tushare
603303.SH,603303,得邦照明,801110.SI,家用电器,801115.SI,照明设备Ⅱ,851151.SI,照明设备Ⅲ,20210730,2026-08-01,tushare
300625.SZ,300625,三雄极光,801110.SI,家用电器,801115.SI,照明设备Ⅱ,851151.SI,照明设备Ⅲ,20210730,2026-08-01,tushare
002076.SZ,002076,星光股份,801110.SI,家用电器,801115.SI,照明设备Ⅱ,851151.SI,照明设备Ⅲ,20210730,2026-08-01,tushare
603515.SH,603515,欧普照明,801110.SI,家用电器,801115.SI,照明设备Ⅱ,851151.SI,照明设备Ⅲ,20210730,2026-08-01,tushare
301362.SZ,301362,民爆光电,801110.SI,家用电器,801115.SI,照明设备Ⅱ,851151.SI,照明设备Ⅲ,20230731,2026-08-01,tushare
000541.SZ,000541,佛山照明,801110.SI,家用电器,801115.SI,照明设备Ⅱ,851151.SI,照明设备Ⅲ,20210730,2026-08-01,tushare
600261.SH,600261,阳光照明,801110.SI,家用电器,801115.SI,照明设备Ⅱ,851151.SI,照明设备Ⅲ,20210730,2026-08-01,tushare
920339.BJ,920339.BJ,恒太照明,801110.SI,家用电器,801115.SI,照明设备Ⅱ,851151.SI,照明设备Ⅲ,20221123,2026-08-01,tushare
001326.SZ,001326,联域股份,801110.SI,家用电器,801115.SI,照明设备Ⅱ,851151.SI,照明设备Ⅲ,20231027,2026-08-01,tushare
920641.BJ,920641.BJ,格利尔,801110.SI,家用电器,801115.SI,照明设备Ⅱ,851151.SI,照明设备Ⅲ,20221206,2026-08-01,tushare
002638.SZ,002638,勤上股份,801110.SI,家用电器,801115.SI,照明设备Ⅱ,851151.SI,照明设备Ⅲ,20240730,2026-08-01,tushare
002724.SZ,002724,海洋王,801110.SI,家用电器,801115.SI,照明设备Ⅱ,851151.SI,照明设备Ⅲ,20240730,2026-08-01,tushare
600619.SH,600619,海立股份,801110.SI,家用电器,801116.SI,家电零部件Ⅱ,851161.SI,家电零部件Ⅲ,19921116,2026-08-01,tushare
000404.SZ,000404,长虹华意,801110.SI,家用电器,801116.SI,家电零部件Ⅱ,851161.SI,家电零部件Ⅲ,19960619,2026-08-01,tushare
002290.SZ,002290,禾盛新材,801110.SI,家用电器,801116.SI,家电零部件Ⅱ,851161.SI,家电零部件Ⅲ,20090120,2026-08-01,tushare
001268.SZ,001268,联合精密,801110.SI,家用电器,801116.SI,家电零部件Ⅱ,851161.SI,家电零部件Ⅲ,20220617,2026-08-01,tushare
300403.SZ,300403,汉宇集团,801110.SI,家用电器,801116.SI,家电零部件Ⅱ,851161.SI,家电零部件Ⅲ,20140124,2026-08-01,tushare
300160.SZ,300160,秀强股份,801110.SI,家用电器,801116.SI,家电零部件Ⅱ,851161.SI,家电零部件Ⅲ,20110104,2026-08-01,tushare
300342.SZ,300342,天银机电,801110.SI,家用电器,801116.SI,家电零部件Ⅱ,851161.SI,家电零部件Ⅲ,20120116,2026-08-01,tushare
603726.SH,603726,朗迪集团,801110.SI,家用电器,801116.SI,家电零部件Ⅱ,851161.SI,家电零部件Ⅲ,20160418,2026-08-01,tushare
002050.SZ,002050,三花智控,801110.SI,家用电器,801116.SI,家电零部件Ⅱ,851161.SI,家电零部件Ⅲ,20111230,2026-08-01,tushare
002418.SZ,002418,康盛股份,801110.SI,家用电器,801116.SI,家电零部件Ⅱ,851161.SI,家电零部件Ⅲ,20110110,2026-08-01,tushare
002011.SZ,002011,盾安环境,801110.SI,家用电器,801116.SI,家电零部件Ⅱ,851161.SI,家电零部件Ⅲ,20110110,2026-08-01,tushare
603311.SH,603311,金海高科,801110.SI,家用电器,801116.SI,家电零部件Ⅱ,851161.SI,家电零部件Ⅲ,20150106,2026-08-01,tushare
603519.SH,603519,立霸股份,801110.SI,家用电器,801116.SI,家电零部件Ⅱ,851161.SI,家电零部件Ⅲ,20150309,2026-08-01,tushare
603578.SH,603578,三星新材,801110.SI,家用电器,801116.SI,家电零部件Ⅱ,851161.SI,家电零部件Ⅲ,20170214,2026-08-01,tushare
603677.SH,603677,奇精机械,801110.SI,家用电器,801116.SI,家电零部件Ⅱ,851161.SI,家电零部件Ⅲ,20170119,2026-08-01,tushare
002860.SZ,002860,星帅尔,801110.SI,家用电器,801116.SI,家电零部件Ⅱ,851161.SI,家电零部件Ⅲ,20170330,2026-08-01,tushare
603112.SH,603112,华翔股份,801110.SI,家用电器,801116.SI,家电零部件Ⅱ,851161.SI,家电零部件Ⅲ,20200831,2026-08-01,tushare
601956.SH,601956,东贝集团,801110.SI,家用电器,801116.SI,家电零部件Ⅱ,851161.SI,家电零部件Ⅲ,20201225,2026-08-01,tushare
920768.BJ,920768.BJ,拾比佰,801110.SI,家用电器,801116.SI,家电零部件Ⅱ,851161.SI,家电零部件Ⅲ,20210628,2026-08-01,tushare
301008.SZ,301008,宏昌科技,801110.SI,家用电器,801116.SI,家电零部件Ⅱ,851161.SI,家电零部件Ⅲ,20210531,2026-08-01,tushare
002676.SZ,002676,顺威股份,801110.SI,家用电器,801116.SI,家电零部件Ⅱ,851161.SI,家电零部件Ⅲ,20120116,2026-08-01,tushare
603657.SH,603657,春光科技,801110.SI,家用电器,801116.SI,家电零部件Ⅱ,851161.SI,家电零部件Ⅲ,20180730,2026-08-01,tushare
301252.SZ,301252,同星科技,801110.SI,家用电器,801116.SI,家电零部件Ⅱ,851161.SI,家电零部件Ⅲ,20230512,2026-08-01,tushare
300217.SZ,300217,东方电热,801110.SI,家用电器,801116.SI,家电零部件Ⅱ,851161.SI,家电零部件Ⅲ,20111010,2026-08-01,tushare
920108.BJ,920108.BJ,宏海科技,801110.SI,家用电器,801116.SI,家电零部件Ⅱ,851161.SI,家电零部件Ⅲ,20250225,2026-08-01,tushare
002420.SZ,002420,毅昌科技,801110.SI,家用电器,801116.SI,家电零部件Ⅱ,851161.SI,家电零部件Ⅲ,20210730,2026-08-01,tushare
920699.BJ,920699.BJ,海达尔,801110.SI,家用电器,801116.SI,家电零部件Ⅱ,851161.SI,家电零部件Ⅲ,20230509,2026-08-01,tushare
920718.BJ,920718.BJ,合肥高科,801110.SI,家用电器,801116.SI,家电零部件Ⅱ,851161.SI,家电零部件Ⅲ,20221227,2026-08-01,tushare
003028.SZ,003028,振邦智能,801110.SI,家用电器,801116.SI,家电零部件Ⅱ,851161.SI,家电零部件Ⅲ,20240730,2026-08-01,tushare
300279.SZ,300279,和晶科技,801110.SI,家用电器,801116.SI,家电零部件Ⅱ,851161.SI,家电零部件Ⅲ,20240730,2026-08-01,tushare
300543.SZ,300543,朗科智能,801110.SI,家用电器,801116.SI,家电零部件Ⅱ,851161.SI,家电零部件Ⅲ,20240730,2026-08-01,tushare
301135.SZ,301135,瑞德智能,801110.SI,家用电器,801116.SI,家电零部件Ⅱ,851161.SI,家电零部件Ⅲ,20240730,2026-08-01,tushare
301280.SZ,301280,珠城科技,801110.SI,家用电器,801116.SI,家电零部件Ⅱ,851161.SI,家电零部件Ⅲ,20240730,2026-08-01,tushare
603075.SH,603075,热威股份,801110.SI,家用电器,801116.SI,家电零部件Ⅱ,851161.SI,家电零部件Ⅲ,20230908,2026-08-01,tushare
920124.BJ,920124.BJ,南特科技,801110.SI,家用电器,801116.SI,家电零部件Ⅱ,851161.SI,家电零部件Ⅲ,20251126,2026-08-01,tushare
300247.SZ,300247,融捷健康,801110.SI,家用电器,801117.SI,其他家电Ⅱ,851171.SI,其他家电Ⅲ,20110118,2026-08-01,tushare
002614.SZ,002614,奥佳华,801110.SI,家用电器,801117.SI,其他家电Ⅱ,851171.SI,其他家电Ⅲ,20170922,2026-08-01,tushare
603579.SH,603579,荣泰健康,801110.SI,家用电器,801117.SI,其他家电Ⅱ,851171.SI,其他家电Ⅲ,20170228,2026-08-01,tushare
000895.SZ,000895,双汇发展,801120.SI,食品饮料,801124.SI,食品加工,851241.SI,肉制品,19981210,2026-08-01,tushare
002330.SZ,002330,得利斯,801120.SI,食品饮料,801124.SI,食品加工,851241.SI,肉制品,20091216,2026-08-01,tushare
002515.SZ,002515,金字火腿,801120.SI,食品饮料,801124.SI,食品加工,851241.SI,肉制品,20101122,2026-08-01,tushare
002840.SZ,002840,华统股份,801120.SI,食品饮料,801124.SI,食品加工,851241.SI,肉制品,20161219,2026-08-01,tushare
002726.SZ,002726,ST龙大,801120.SI,食品饮料,801124.SI,食品加工,851241.SI,肉制品,20140120,2026-08-01,tushare
600073.SH,600073,光明肉业,801120.SI,食品饮料,801124.SI,食品加工,851241.SI,肉制品,20190724,2026-08-01,tushare
000529.SZ,000529,广弘控股,801120.SI,食品饮料,801124.SI,食品加工,851241.SI,肉制品,20230512,2026-08-01,tushare
603237.SH,603237,五芳斋,801120.SI,食品饮料,801124.SI,食品加工,851246.SI,预加工食品,20220819,2026-08-01,tushare
920826.BJ,920826.BJ,盖世食品,801120.SI,食品饮料,801124.SI,食品加工,851246.SI,预加工食品,20210112,2026-08-01,tushare
002661.SZ,002661,克明食品,801120.SI,食品饮料,801124.SI,食品加工,851246.SI,预加工食品,20230331,2026-08-01,tushare
002216.SZ,002216,三全食品,801120.SI,食品饮料,801124.SI,食品加工,851246.SI,预加工食品,20210730,2026-08-01,tushare
002702.SZ,002702,海欣食品,801120.SI,食品饮料,801124.SI,食品加工,851246.SI,预加工食品,20210730,2026-08-01,tushare
001215.SZ,001215,千味央厨,801120.SI,食品饮料,801124.SI,食品加工,851246.SI,预加工食品,20210820,2026-08-01,tushare
605567.SH,605567,春雪食品,801120.SI,食品饮料,801124.SI,食品加工,851246.SI,预加工食品,20210917,2026-08-01,tushare
603536.SH,603536,惠发食品,801120.SI,食品饮料,801124.SI,食品加工,851246.SI,预加工食品,20210730,2026-08-01,tushare
605338.SH,605338,巴比食品,801120.SI,食品饮料,801124.SI,食品加工,851246.SI,预加工食品,20210730,2026-08-01,tushare
605089.SH,605089,味知香,801120.SI,食品饮料,801124.SI,食品加工,851246.SI,预加工食品,20210730,2026-08-01,tushare
603345.SH,603345,安井食品,801120.SI,食品饮料,801124.SI,食品加工,851246.SI,预加工食品,20210730,2026-08-01,tushare
600530.SH,600530,交大昂立,801120.SI,食品饮料,801124.SI,食品加工,851247.SI,保健品,20010702,2026-08-01,tushare
603262.SH,603262,技源集团,801120.SI,食品饮料,801124.SI,食品加工,851247.SI,保健品,20250711,2026-08-01,tushare
603102.SH,603102,百合股份,801120.SI,食品饮料,801124.SI,食品加工,851247.SI,保健品,20220114,2026-08-01,tushare
600381.SH,600381,*ST春天,801120.SI,食品饮料,801124.SI,食品加工,851247.SI,保健品,20210730,2026-08-01,tushare
300791.SZ,300791,仙乐健康,801120.SI,食品饮料,801124.SI,食品加工,851247.SI,保健品,20210730,2026-08-01,tushare
300146.SZ,300146,汤臣倍健,801120.SI,食品饮料,801124.SI,食品加工,851247.SI,保健品,20210730,2026-08-01,tushare
002626.SZ,002626,金达威,801120.SI,食品饮料,801124.SI,食品加工,851247.SI,保健品,20210730,2026-08-01,tushare
920429.BJ,920429.BJ,康比特,801120.SI,食品饮料,801124.SI,食品加工,851247.SI,保健品,20221214,2026-08-01,tushare
000639.SZ,000639,ST西王,801120.SI,食品饮料,801124.SI,食品加工,851247.SI,保健品,20240730,2026-08-01,tushare
000568.SZ,000568,泸州老窖,801120.SI,食品饮料,801125.SI,白酒Ⅱ,851251.SI,白酒Ⅲ,19940509,2026-08-01,tushare
600809.SH,600809,山西汾酒,801120.SI,食品饮料,801125.SI,白酒Ⅱ,851251.SI,白酒Ⅲ,19940106,2026-08-01,tushare
600702.SH,600702,舍得酒业,801120.SI,食品饮料,801125.SI,白酒Ⅱ,851251.SI,白酒Ⅲ,19960524,2026-08-01,tushare
000995.SZ,000995,皇台酒业,801120.SI,食品饮料,801125.SI,白酒Ⅱ,851251.SI,白酒Ⅲ,20000807,2026-08-01,tushare
600779.SH,600779,水井坊,801120.SI,食品饮料,801125.SI,白酒Ⅱ,851251.SI,白酒Ⅲ,19961206,2026-08-01,tushare
000596.SZ,000596,古井贡酒,801120.SI,食品饮料,801125.SI,白酒Ⅱ,851251.SI,白酒Ⅲ,19960927,2026-08-01,tushare
000799.SZ,000799,酒鬼酒,801120.SI,食品饮料,801125.SI,白酒Ⅱ,851251.SI,白酒Ⅲ,19970718,2026-08-01,tushare
000858.SZ,000858,五粮液,801120.SI,食品饮料,801125.SI,白酒Ⅱ,851251.SI,白酒Ⅲ,19980427,2026-08-01,tushare
000860.SZ,000860,顺鑫农业,801120.SI,食品饮料,801125.SI,白酒Ⅱ,851251.SI,白酒Ⅲ,19981104,2026-08-01,tushare
600199.SH,600199,金种子酒,801120.SI,食品饮料,801125.SI,白酒Ⅱ,851251.SI,白酒Ⅲ,19980812,2026-08-01,tushare
600197.SH,600197,伊力特,801120.SI,食品饮料,801125.SI,白酒Ⅱ,851251.SI,白酒Ⅲ,19990916,2026-08-01,tushare
600519.SH,600519,贵州茅台,801120.SI,食品饮料,801125.SI,白酒Ⅱ,851251.SI,白酒Ⅲ,20010731,2026-08-01,tushare
600559.SH,600559,老白干酒,801120.SI,食品饮料,801125.SI,白酒Ⅱ,851251.SI,白酒Ⅲ,20021029,2026-08-01,tushare
002304.SZ,002304,洋河股份,801120.SI,食品饮料,801125.SI,白酒Ⅱ,851251.SI,白酒Ⅲ,20090122,2026-08-01,tushare
603919.SH,603919,金徽酒,801120.SI,食品饮料,801125.SI,白酒Ⅱ,851251.SI,白酒Ⅲ,20160304,2026-08-01,tushare
603369.SH,603369,今世缘,801120.SI,食品饮料,801125.SI,白酒Ⅱ,851251.SI,白酒Ⅲ,20140120,2026-08-01,tushare
603589.SH,603589,口子窖,801120.SI,食品饮料,801125.SI,白酒Ⅱ,851251.SI,白酒Ⅲ,20150119,2026-08-01,tushare
603198.SH,603198,迎驾贡酒,801120.SI,食品饮料,801125.SI,白酒Ⅱ,851251.SI,白酒Ⅲ,20150126,2026-08-01,tushare
002646.SZ,002646,天佑德酒,801120.SI,食品饮料,801125.SI,白酒Ⅱ,851251.SI,白酒Ⅲ,20210730,2026-08-01,tushare
600696.SH,600696,退市岩石(退市),801120.SI,食品饮料,801125.SI,白酒Ⅱ,851251.SI,白酒Ⅲ,20220729,2026-08-01,tushare
600600.SH,600600,青岛啤酒,801120.SI,食品饮料,801126.SI,非白酒,851232.SI,啤酒,19930827,2026-08-01,tushare
600132.SH,600132,重庆啤酒,801120.SI,食品饮料,801126.SI,非白酒,851232.SI,啤酒,19971030,2026-08-01,tushare
000729.SZ,000729,燕京啤酒,801120.SI,食品饮料,801126.SI,非白酒,851232.SI,啤酒,19970716,2026-08-01,tushare
000752.SZ,000752,*ST西发,801120.SI,食品饮料,801126.SI,非白酒,851232.SI,啤酒,19970625,2026-08-01,tushare
000929.SZ,000929,兰州黄河,801120.SI,食品饮料,801126.SI,非白酒,851232.SI,啤酒,19990623,2026-08-01,tushare
600573.SH,600573,惠泉啤酒,801120.SI,食品饮料,801126.SI,非白酒,851232.SI,啤酒,20030226,2026-08-01,tushare
002461.SZ,002461,珠江啤酒,801120.SI,食品饮料,801126.SI,非白酒,851232.SI,啤酒,20100129,2026-08-01,tushare
600238.SH,600238,*ST椰岛,801120.SI,食品饮料,801126.SI,非白酒,851233.SI,其他酒类,20000120,2026-08-01,tushare
002525.SZ,002525,胜景山河(IPO终止),801120.SI,食品饮料,801126.SI,非白酒,851233.SI,其他酒类,20100108,2026-08-01,tushare
002568.SZ,002568,百润股份,801120.SI,食品饮料,801126.SI,非白酒,851233.SI,其他酒类,20151026,2026-08-01,tushare
603779.SH,603779,威龙股份,801120.SI,食品饮料,801126.SI,非白酒,851233.SI,其他酒类,20160426,2026-08-01,tushare
000869.SZ,000869,张裕A,801120.SI,食品饮料,801126.SI,非白酒,851233.SI,其他酒类,20070702,2026-08-01,tushare
600059.SH,600059,古越龙山,801120.SI,食品饮料,801126.SI,非白酒,851233.SI,其他酒类,20110110,2026-08-01,tushare
600084.SH,600084,*ST尼雅,801120.SI,食品饮料,801126.SI,非白酒,851233.SI,其他酒类,20070702,2026-08-01,tushare
600543.SH,600543,*ST莫高,801120.SI,食品饮料,801126.SI,非白酒,851233.SI,其他酒类,20070702,2026-08-01,tushare
600616.SH,600616,金枫酒业,801120.SI,食品饮料,801126.SI,非白酒,851233.SI,其他酒类,20110110,2026-08-01,tushare
601579.SH,601579,会稽山,801120.SI,食品饮料,801126.SI,非白酒,851233.SI,其他酒类,20140207,2026-08-01,tushare
600300.SH,600300,维维股份,801120.SI,食品饮料,801127.SI,饮料乳品,851271.SI,软饮料,20000629,2026-08-01,tushare
000848.SZ,000848,承德露露,801120.SI,食品饮料,801127.SI,饮料乳品,851271.SI,软饮料,19971113,2026-08-01,tushare
603711.SH,603711,香飘飘,801120.SI,食品饮料,801127.SI,饮料乳品,851271.SI,软饮料,20171121,2026-08-01,tushare
603156.SH,603156,养元饮品,801120.SI,食品饮料,801127.SI,饮料乳品,851271.SI,软饮料,20180129,2026-08-01,tushare
300997.SZ,300997,欢乐家,801120.SI,食品饮料,801127.SI,饮料乳品,851271.SI,软饮料,20210518,2026-08-01,tushare
605499.SH,605499,东鹏饮料,801120.SI,食品饮料,801127.SI,饮料乳品,851271.SI,软饮料,20210512,2026-08-01,tushare
605337.SH,605337,李子园,801120.SI,食品饮料,801127.SI,饮料乳品,851271.SI,软饮料,20210125,2026-08-01,tushare
600189.SH,600189,泉阳泉,801120.SI,食品饮料,801127.SI,饮料乳品,851271.SI,软饮料,20190724,2026-08-01,tushare
600887.SH,600887,伊利股份,801120.SI,食品饮料,801127.SI,饮料乳品,851243.SI,乳品,19960312,2026-08-01,tushare
001318.SZ,001318,阳光乳业,801120.SI,食品饮料,801127.SI,饮料乳品,851243.SI,乳品,20220429,2026-08-01,tushare
600597.SH,600597,光明乳业,801120.SI,食品饮料,801127.SI,饮料乳品,851243.SI,乳品,20020828,2026-08-01,tushare
600429.SH,600429,三元股份,801120.SI,食品饮料,801127.SI,饮料乳品,851243.SI,乳品,20030915,2026-08-01,tushare
002329.SZ,002329,皇氏集团,801120.SI,食品饮料,801127.SI,饮料乳品,851243.SI,乳品,20091216,2026-08-01,tushare
300106.SZ,300106,西部牧业,801120.SI,食品饮料,801127.SI,饮料乳品,851243.SI,乳品,20100809,2026-08-01,tushare
002570.SZ,002570,贝因美,801120.SI,食品饮料,801127.SI,饮料乳品,851243.SI,乳品,20110110,2026-08-01,tushare
002946.SZ,002946,新乳业,801120.SI,食品饮料,801127.SI,饮料乳品,851243.SI,乳品,20190124,2026-08-01,tushare
605179.SH,605179,一鸣食品,801120.SI,食品饮料,801127.SI,饮料乳品,851243.SI,乳品,20201214,2026-08-01,tushare
002910.SZ,002910,庄园牧场,801120.SI,食品饮料,801127.SI,饮料乳品,851243.SI,乳品,20171030,2026-08-01,tushare
600419.SH,600419,天润乳业,801120.SI,食品饮料,801127.SI,饮料乳品,851243.SI,乳品,20180713,2026-08-01,tushare
300892.SZ,300892,品渥食品,801120.SI,食品饮料,801127.SI,饮料乳品,851243.SI,乳品,20220729,2026-08-01,tushare
605388.SH,605388,均瑶健康,801120.SI,食品饮料,801127.SI,饮料乳品,851243.SI,乳品,20200804,2026-08-01,tushare
300898.SZ,300898,熊猫乳品,801120.SI,食品饮料,801127.SI,饮料乳品,851243.SI,乳品,20200924,2026-08-01,tushare
600882.SH,600882,妙可蓝多,801120.SI,食品饮料,801127.SI,饮料乳品,851243.SI,乳品,20110110,2026-08-01,tushare
300915.SZ,300915,海融科技,801120.SI,食品饮料,801127.SI,饮料乳品,851243.SI,乳品,20210730,2026-08-01,tushare
605300.SH,605300,佳禾食品,801120.SI,食品饮料,801127.SI,饮料乳品,851243.SI,乳品,20210730,2026-08-01,tushare
002732.SZ,002732,燕塘乳业,801120.SI,食品饮料,801127.SI,饮料乳品,851243.SI,乳品,20140127,2026-08-01,tushare
920786.BJ,920786.BJ,骑士乳业,801120.SI,食品饮料,801127.SI,饮料乳品,851243.SI,乳品,20231030,2026-08-01,tushare
002770.SZ,002770,科迪退(退市),801120.SI,食品饮料,801127.SI,饮料乳品,851243.SI,乳品,20150119,2026-08-01,tushare
002847.SZ,002847,盐津铺子,801120.SI,食品饮料,801128.SI,休闲食品,851281.SI,零食,20210730,2026-08-01,tushare
002582.SZ,002582,好想你,801120.SI,食品饮料,801128.SI,休闲食品,851281.SI,零食,20210730,2026-08-01,tushare
603697.SH,603697,有友食品,801120.SI,食品饮料,801128.SI,休闲食品,851281.SI,零食,20210730,2026-08-01,tushare
003000.SZ,003000,劲仔食品,801120.SI,食品饮料,801128.SI,休闲食品,851281.SI,零食,20210730,2026-08-01,tushare
603719.SH,603719,良品铺子,801120.SI,食品饮料,801128.SI,休闲食品,851281.SI,零食,20210730,2026-08-01,tushare
002557.SZ,002557,洽洽食品,801120.SI,食品饮料,801128.SI,休闲食品,851281.SI,零食,20210730,2026-08-01,tushare
000716.SZ,000716,黑芝麻,801120.SI,食品饮料,801128.SI,休闲食品,851281.SI,零食,20220729,2026-08-01,tushare
002991.SZ,002991,甘源食品,801120.SI,食品饮料,801128.SI,休闲食品,851281.SI,零食,20210730,2026-08-01,tushare
300783.SZ,300783,三只松鼠,801120.SI,食品饮料,801128.SI,休闲食品,851281.SI,零食,20210730,2026-08-01,tushare
603777.SH,603777,来伊份,801120.SI,食品饮料,801128.SI,休闲食品,851281.SI,零食,20210730,2026-08-01,tushare
002820.SZ,002820,桂发祥,801120.SI,食品饮料,801128.SI,休闲食品,851282.SI,烘焙食品,20210730,2026-08-01,tushare
603866.SH,603866,桃李面包,801120.SI,食品饮料,801128.SI,休闲食品,851282.SI,烘焙食品,20210730,2026-08-01,tushare
603043.SH,603043,广州酒家,801120.SI,食品饮料,801128.SI,休闲食品,851282.SI,烘焙食品,20210730,2026-08-01,tushare
001219.SZ,001219,青岛食品,801120.SI,食品饮料,801128.SI,休闲食品,851282.SI,烘焙食品,20210924,2026-08-01,tushare
603886.SH,603886,元祖股份,801120.SI,食品饮料,801128.SI,休闲食品,851282.SI,烘焙食品,20210730,2026-08-01,tushare
002956.SZ,002956,西麦食品,801120.SI,食品饮料,801128.SI,休闲食品,851282.SI,烘焙食品,20210730,2026-08-01,tushare
300973.SZ,300973,立高食品,801120.SI,食品饮料,801128.SI,休闲食品,851282.SI,烘焙食品,20210730,2026-08-01,tushare
605339.SH,605339,南侨食品,801120.SI,食品饮料,801128.SI,休闲食品,851282.SI,烘焙食品,20210730,2026-08-01,tushare
002719.SZ,002719,ST麦趣,801120.SI,食品饮料,801128.SI,休闲食品,851282.SI,烘焙食品,20240730,2026-08-01,tushare
603057.SH,603057,紫燕食品,801120.SI,食品饮料,801128.SI,休闲食品,851283.SI,熟食,20220909,2026-08-01,tushare
603517.SH,603517,ST绝味,801120.SI,食品饮料,801128.SI,休闲食品,851283.SI,熟食,20210730,2026-08-01,tushare
002695.SZ,002695,煌上煌,801120.SI,食品饮料,801128.SI,休闲食品,851283.SI,熟食,20210730,2026-08-01,tushare
600872.SH,600872,中炬高新,801120.SI,食品饮料,801129.SI,调味发酵品Ⅱ,851242.SI,调味发酵品Ⅲ,19950124,2026-08-01,tushare
600305.SH,600305,恒顺醋业,801120.SI,食品饮料,801129.SI,调味发酵品Ⅱ,851242.SI,调味发酵品Ⅲ,20010206,2026-08-01,tushare
600186.SH,600186,莲花控股,801120.SI,食品饮料,801129.SI,调味发酵品Ⅱ,851242.SI,调味发酵品Ⅲ,19980825,2026-08-01,tushare
002495.SZ,002495,佳隆股份,801120.SI,食品饮料,801129.SI,调味发酵品Ⅱ,851242.SI,调味发酵品Ⅲ,20101020,2026-08-01,tushare
002650.SZ,002650,ST加加,801120.SI,食品饮料,801129.SI,调味发酵品Ⅱ,851242.SI,调味发酵品Ⅲ,20110126,2026-08-01,tushare
603027.SH,603027,千禾味业,801120.SI,食品饮料,801129.SI,调味发酵品Ⅱ,851242.SI,调味发酵品Ⅲ,20160304,2026-08-01,tushare
603288.SH,603288,海天味业,801120.SI,食品饮料,801129.SI,调味发酵品Ⅱ,851242.SI,调味发酵品Ⅲ,20140122,2026-08-01,tushare
603317.SH,603317,天味食品,801120.SI,食品饮料,801129.SI,调味发酵品Ⅱ,851242.SI,调味发酵品Ⅲ,20190404,2026-08-01,tushare
603755.SH,603755,日辰股份,801120.SI,食品饮料,801129.SI,调味发酵品Ⅱ,851242.SI,调味发酵品Ⅲ,20190819,2026-08-01,tushare
300908.SZ,300908,仲景食品,801120.SI,食品饮料,801129.SI,调味发酵品Ⅱ,851242.SI,调味发酵品Ⅲ,20201110,2026-08-01,tushare
920726.BJ,920726.BJ,朱老六,801120.SI,食品饮料,801129.SI,调味发酵品Ⅱ,851242.SI,调味发酵品Ⅲ,20210527,2026-08-01,tushare
603696.SH,603696,安记食品,801120.SI,食品饮料,801129.SI,调味发酵品Ⅱ,851242.SI,调味发酵品Ⅲ,20151209,2026-08-01,tushare
002507.SZ,002507,涪陵榨菜,801120.SI,食品饮料,801129.SI,调味发酵品Ⅱ,851242.SI,调味发酵品Ⅲ,20210730,2026-08-01,tushare
600298.SH,600298,安琪酵母,801120.SI,食品饮料,801129.SI,调味发酵品Ⅱ,851242.SI,调味发酵品Ⅲ,20210730,2026-08-01,tushare
603170.SH,603170,宝立食品,801120.SI,食品饮料,801129.SI,调味发酵品Ⅱ,851242.SI,调味发酵品Ⅲ,20220701,2026-08-01,tushare
000726.SZ,000726,鲁泰A,801130.SI,纺织服饰,801131.SI,纺织制造,851312.SI,棉纺,20001225,2026-08-01,tushare
000850.SZ,000850,华茂股份,801130.SI,纺织服饰,801131.SI,纺织制造,851312.SI,棉纺,19981007,2026-08-01,tushare
600493.SH,600493,凤竹纺织,801130.SI,纺织服饰,801131.SI,纺织制造,851312.SI,棉纺,20040420,2026-08-01,tushare
002042.SZ,002042,华孚时尚,801130.SI,纺织服饰,801131.SI,纺织制造,851312.SI,棉纺,20050330,2026-08-01,tushare
002083.SZ,002083,孚日股份,801130.SI,纺织服饰,801131.SI,纺织制造,851312.SI,棉纺,20061121,2026-08-01,tushare
002394.SZ,002394,联发股份,801130.SI,纺织服饰,801131.SI,纺织制造,851312.SI,棉纺,20100106,2026-08-01,tushare
601339.SH,601339,百隆东方,801130.SI,纺织服饰,801131.SI,纺织制造,851312.SI,棉纺,20120131,2026-08-01,tushare
603558.SH,603558,健盛集团,801130.SI,纺织服饰,801131.SI,纺织制造,851312.SI,棉纺,20150115,2026-08-01,tushare
002087.SZ,002087,新纺退(退市),801130.SI,纺织服饰,801131.SI,纺织制造,851312.SI,棉纺,20061129,2026-08-01,tushare
600448.SH,600448,华纺股份,801130.SI,纺织服饰,801131.SI,纺织制造,851314.SI,印染,20010903,2026-08-01,tushare
600987.SH,600987,航民股份,801130.SI,纺织服饰,801131.SI,纺织制造,851314.SI,印染,20040806,2026-08-01,tushare
605055.SH,605055,迎丰股份,801130.SI,纺织服饰,801131.SI,纺织制造,851314.SI,印染,20210129,2026-08-01,tushare
605189.SH,605189,富春染织,801130.SI,纺织服饰,801131.SI,纺织制造,851314.SI,印染,20210730,2026-08-01,tushare
002003.SZ,002003,伟星股份,801130.SI,纺织服饰,801131.SI,纺织制造,851315.SI,辅料,20040622,2026-08-01,tushare
002098.SZ,002098,浔兴股份,801130.SI,纺织服饰,801131.SI,纺织制造,851315.SI,辅料,20061220,2026-08-01,tushare
002674.SZ,002674,兴业科技,801130.SI,纺织服饰,801131.SI,纺织制造,851315.SI,辅料,20120702,2026-08-01,tushare
002720.SZ,002720,宏良股份(IPO终止),801130.SI,纺织服饰,801131.SI,纺织制造,851315.SI,辅料,20140122,2026-08-01,tushare
920527.BJ,920527.BJ,夜光明,801130.SI,纺织服饰,801131.SI,纺织制造,851315.SI,辅料,20230809,2026-08-01,tushare
601599.SH,601599,浙文影业,801130.SI,纺织服饰,801131.SI,纺织制造,851316.SI,其他纺织,20110118,2026-08-01,tushare
002144.SZ,002144,宏达高科,801130.SI,纺织服饰,801131.SI,纺织制造,851316.SI,其他纺织,20110110,2026-08-01,tushare
000955.SZ,000955,欣龙控股,801130.SI,纺织服饰,801131.SI,纺织制造,851316.SI,其他纺织,20110110,2026-08-01,tushare
600156.SH,600156,华升股份,801130.SI,纺织服饰,801131.SI,纺织制造,851316.SI,其他纺织,20170629,2026-08-01,tushare
300819.SZ,300819,聚杰微纤,801130.SI,纺织服饰,801131.SI,纺织制造,851316.SI,其他纺织,20200204,2026-08-01,tushare
603055.SH,603055,台华新材,801130.SI,纺织服饰,801131.SI,纺织制造,851316.SI,其他纺织,20180917,2026-08-01,tushare
605180.SH,605180,华生科技,801130.SI,纺织服饰,801131.SI,纺织制造,851316.SI,其他纺织,20210415,2026-08-01,tushare
603889.SH,603889,新澳股份,801130.SI,纺织服饰,801131.SI,纺织制造,851316.SI,其他纺织,20140120,2026-08-01,tushare
603130.SH,603130,云中马,801130.SI,纺织服饰,801131.SI,纺织制造,851316.SI,其他纺织,20221117,2026-08-01,tushare
301066.SZ,301066,万事利,801130.SI,纺织服饰,801131.SI,纺织制造,851316.SI,其他纺织,20220729,2026-08-01,tushare
001390.SZ,001390,古麒绒材,801130.SI,纺织服饰,801131.SI,纺织制造,851316.SI,其他纺织,20250509,2026-08-01,tushare
300877.SZ,300877,金春股份,801130.SI,纺织服饰,801131.SI,纺织制造,851316.SI,其他纺织,20200810,2026-08-01,tushare
300918.SZ,300918,南山智尚,801130.SI,纺织服饰,801131.SI,纺织制造,851316.SI,其他纺织,20201207,2026-08-01,tushare
001312.SZ,001312,福恩股份,801130.SI,纺织服饰,801131.SI,纺织制造,851316.SI,其他纺织,20260403,2026-08-01,tushare
600527.SH,600527,江南高纤,801130.SI,纺织服饰,801131.SI,纺织制造,851316.SI,其他纺织,20210730,2026-08-01,tushare
603238.SH,603238,诺邦股份,801130.SI,纺织服饰,801131.SI,纺织制造,851316.SI,其他纺织,20250811,2026-08-01,tushare
600220.SH,600220,ST阳光(退市),801130.SI,纺织服饰,801131.SI,纺织制造,851316.SI,其他纺织,19990927,2026-08-01,tushare
300979.SZ,300979,华利集团,801130.SI,纺织服饰,801131.SI,纺织制造,851317.SI,纺织鞋类制造,20210730,2026-08-01,tushare
603001.SH,603001,奥康国际,801130.SI,纺织服饰,801132.SI,服装家纺,851325.SI,鞋帽及其他,20120118,2026-08-01,tushare
603958.SH,603958,哈森股份,801130.SI,纺织服饰,801132.SI,服装家纺,851325.SI,鞋帽及其他,20160624,2026-08-01,tushare
603665.SH,603665,康隆达,801130.SI,纺织服饰,801132.SI,服装家纺,851325.SI,鞋帽及其他,20170224,2026-08-01,tushare
603908.SH,603908,牧高笛,801130.SI,纺织服饰,801132.SI,服装家纺,851325.SI,鞋帽及其他,20170224,2026-08-01,tushare
603557.SH,603557,*ST起步,801130.SI,纺织服饰,801132.SI,服装家纺,851325.SI,鞋帽及其他,20170807,2026-08-01,tushare
300952.SZ,300952,恒辉安防,801130.SI,纺织服饰,801132.SI,服装家纺,851325.SI,鞋帽及其他,20210301,2026-08-01,tushare
603116.SH,603116,红蜻蜓,801130.SI,纺织服饰,801132.SI,服装家纺,851325.SI,鞋帽及其他,20150119,2026-08-01,tushare
603608.SH,603608,天创时尚,801130.SI,纺织服饰,801132.SI,服装家纺,851325.SI,鞋帽及其他,20160218,2026-08-01,tushare
300577.SZ,300577,开润股份,801130.SI,纺织服饰,801132.SI,服装家纺,851325.SI,鞋帽及其他,20210730,2026-08-01,tushare
603307.SH,603307,扬州金泉,801130.SI,纺织服饰,801132.SI,服装家纺,851325.SI,鞋帽及其他,20230120,2026-08-01,tushare
300591.SZ,300591,万里马,801130.SI,纺织服饰,801132.SI,服装家纺,851325.SI,鞋帽及其他,20161226,2026-08-01,tushare
300526.SZ,300526,中潜退(退市),801130.SI,纺织服饰,801132.SI,服装家纺,851325.SI,鞋帽及其他,20160718,2026-08-01,tushare
002397.SZ,002397,梦洁股份,801130.SI,纺织服饰,801132.SI,服装家纺,851326.SI,家纺,20100412,2026-08-01,tushare
002293.SZ,002293,罗莱生活,801130.SI,纺织服饰,801132.SI,服装家纺,851326.SI,家纺,20090826,2026-08-01,tushare
002327.SZ,002327,富安娜,801130.SI,纺织服饰,801132.SI,服装家纺,851326.SI,家纺,20091210,2026-08-01,tushare
603365.SH,603365,水星家纺,801130.SI,纺织服饰,801132.SI,服装家纺,851326.SI,家纺,20171108,2026-08-01,tushare
605003.SH,605003,众望布艺,801130.SI,纺织服饰,801132.SI,服装家纺,851326.SI,家纺,20200731,2026-08-01,tushare
003041.SZ,003041,真爱美家,801130.SI,纺织服饰,801132.SI,服装家纺,851326.SI,家纺,20210322,2026-08-01,tushare
920262.BJ,920262.BJ,太湖雪,801130.SI,纺织服饰,801132.SI,服装家纺,851326.SI,家纺,20221227,2026-08-01,tushare
300005.SZ,300005,探路者,801130.SI,纺织服饰,801132.SI,服装家纺,851328.SI,运动服装,20091022,2026-08-01,tushare
002780.SZ,002780,三夫户外,801130.SI,纺织服饰,801132.SI,服装家纺,851328.SI,运动服装,20151123,2026-08-01,tushare
001234.SZ,001234,泰慕士,801130.SI,纺织服饰,801132.SI,服装家纺,851328.SI,运动服装,20240730,2026-08-01,tushare
002486.SZ,002486,嘉麟杰,801130.SI,纺织服饰,801132.SI,服装家纺,851328.SI,运动服装,20240730,2026-08-01,tushare
603555.SH,603555,ST贵人(退市),801130.SI,纺织服饰,801132.SI,服装家纺,851328.SI,运动服装,20140108,2026-08-01,tushare
600630.SH,600630,龙头股份,801130.SI,纺织服饰,801132.SI,服装家纺,851329.SI,非运动服装,19930209,2026-08-01,tushare
600398.SH,600398,海澜之家,801130.SI,纺织服饰,801132.SI,服装家纺,851329.SI,非运动服装,20001228,2026-08-01,tushare
600107.SH,600107,*ST尔雅,801130.SI,纺织服饰,801132.SI,服装家纺,851329.SI,非运动服装,19971106,2026-08-01,tushare
600400.SH,600400,红豆股份,801130.SI,纺织服饰,801132.SI,服装家纺,851329.SI,非运动服装,20010108,2026-08-01,tushare
301276.SZ,301276,嘉曼服饰,801130.SI,纺织服饰,801132.SI,服装家纺,851329.SI,非运动服装,20220826,2026-08-01,tushare
002029.SZ,002029,七匹狼,801130.SI,纺织服饰,801132.SI,服装家纺,851329.SI,非运动服装,20040805,2026-08-01,tushare
002154.SZ,002154,报喜鸟,801130.SI,纺织服饰,801132.SI,服装家纺,851329.SI,非运动服装,20070815,2026-08-01,tushare
002494.SZ,002494,华斯股份,801130.SI,纺织服饰,801132.SI,服装家纺,851329.SI,非运动服装,20101020,2026-08-01,tushare
601718.SH,601718,ST际华,801130.SI,纺织服饰,801132.SI,服装家纺,851329.SI,非运动服装,20100727,2026-08-01,tushare
002269.SZ,002269,美邦服饰,801130.SI,纺织服饰,801132.SI,服装家纺,851329.SI,非运动服装,20080813,2026-08-01,tushare
002612.SZ,002612,朗姿股份,801130.SI,纺织服饰,801132.SI,服装家纺,851329.SI,非运动服装,20110110,2026-08-01,tushare
601566.SH,601566,九牧王,801130.SI,纺织服饰,801132.SI,服装家纺,851329.SI,非运动服装,20110110,2026-08-01,tushare
002563.SZ,002563,森马服饰,801130.SI,纺织服饰,801132.SI,服装家纺,851329.SI,非运动服装,20110110,2026-08-01,tushare
002569.SZ,002569,*ST步森,801130.SI,纺织服饰,801132.SI,服装家纺,851329.SI,非运动服装,20110110,2026-08-01,tushare
002656.SZ,002656,摩登大道,801130.SI,纺织服饰,801132.SI,服装家纺,851329.SI,非运动服装,20120117,2026-08-01,tushare
002687.SZ,002687,乔治白,801130.SI,纺织服饰,801132.SI,服装家纺,851329.SI,非运动服装,20120104,2026-08-01,tushare
603808.SH,603808,歌力思,801130.SI,纺织服饰,801132.SI,服装家纺,851329.SI,非运动服装,20150113,2026-08-01,tushare
002762.SZ,002762,金发拉比,801130.SI,纺织服饰,801132.SI,服装家纺,851329.SI,非运动服装,20150115,2026-08-01,tushare
603196.SH,603196,璞源材料,801130.SI,纺织服饰,801132.SI,服装家纺,851329.SI,非运动服装,20170511,2026-08-01,tushare
603587.SH,603587,地素时尚,801130.SI,纺织服饰,801132.SI,服装家纺,851329.SI,非运动服装,20170605,2026-08-01,tushare
603839.SH,603839,安正时尚,801130.SI,纺织服饰,801132.SI,服装家纺,851329.SI,非运动服装,20170119,2026-08-01,tushare
002875.SZ,002875,安奈儿,801130.SI,纺织服饰,801132.SI,服装家纺,851329.SI,非运动服装,20170511,2026-08-01,tushare
001209.SZ,001209,洪兴股份,801130.SI,纺织服饰,801132.SI,服装家纺,851329.SI,非运动服装,20210609,2026-08-01,tushare
003016.SZ,003016,欣贺股份,801130.SI,纺织服饰,801132.SI,服装家纺,851329.SI,非运动服装,20201016,2026-08-01,tushare
300840.SZ,300840,酷特智能,801130.SI,纺织服饰,801132.SI,服装家纺,851329.SI,非运动服装,20200602,2026-08-01,tushare
603877.SH,603877,太平鸟,801130.SI,纺织服饰,801132.SI,服装家纺,851329.SI,非运动服装,20161226,2026-08-01,tushare
301088.SZ,301088,戎美股份,801130.SI,纺织服饰,801132.SI,服装家纺,851329.SI,非运动服装,20210930,2026-08-01,tushare
605138.SH,605138,盛泰集团,801130.SI,纺织服饰,801132.SI,服装家纺,851329.SI,非运动服装,20210917,2026-08-01,tushare
300901.SZ,300901,中胤时尚,801130.SI,纺织服饰,801132.SI,服装家纺,851329.SI,非运动服装,20210730,2026-08-01,tushare
603518.SH,603518,锦泓集团,801130.SI,纺织服饰,801132.SI,服装家纺,851329.SI,非运动服装,20140127,2026-08-01,tushare
002832.SZ,002832,比音勒芬,801130.SI,纺织服饰,801132.SI,服装家纺,851329.SI,非运动服装,20161212,2026-08-01,tushare
600177.SH,600177,雅戈尔,801130.SI,纺织服饰,801132.SI,服装家纺,851329.SI,非运动服装,20210730,2026-08-01,tushare
002193.SZ,002193,ST如意,801130.SI,纺织服饰,801132.SI,服装家纺,851329.SI,非运动服装,20240730,2026-08-01,tushare
002404.SZ,002404,嘉欣丝绸,801130.SI,纺织服饰,801132.SI,服装家纺,851329.SI,非运动服装,20240730,2026-08-01,tushare
002634.SZ,002634,*ST棒杰,801130.SI,纺织服饰,801132.SI,服装家纺,851329.SI,非运动服装,20240730,2026-08-01,tushare
002763.SZ,002763,汇洁股份,801130.SI,纺织服饰,801132.SI,服装家纺,851329.SI,非运动服装,20240730,2026-08-01,tushare
600137.SH,600137,浪莎股份,801130.SI,纺织服饰,801132.SI,服装家纺,851329.SI,非运动服装,20240730,2026-08-01,tushare
603511.SH,603511,爱慕股份,801130.SI,纺织服饰,801132.SI,服装家纺,851329.SI,非运动服装,20240730,2026-08-01,tushare
002503.SZ,002503,*ST搜特(退市),801130.SI,纺织服饰,801132.SI,服装家纺,851329.SI,非运动服装,20101103,2026-08-01,tushare
603157.SH,603157,退市拉夏(退市),801130.SI,纺织服饰,801132.SI,服装家纺,851329.SI,非运动服装,20170907,2026-08-01,tushare
600146.SH,600146,退市环球(退市),801130.SI,纺织服饰,801132.SI,服装家纺,851329.SI,非运动服装,20170629,2026-08-01,tushare
002776.SZ,002776,*ST柏龙(退市),801130.SI,纺织服饰,801132.SI,服装家纺,851329.SI,非运动服装,20150119,2026-08-01,tushare
600612.SH,600612,老凤祥,801130.SI,纺织服饰,801133.SI,饰品,851331.SI,钟表珠宝,19920814,2026-08-01,tushare
000026.SZ,000026,飞亚达,801130.SI,纺织服饰,801133.SI,饰品,851331.SI,钟表珠宝,19930603,2026-08-01,tushare
002345.SZ,002345,潮宏基,801130.SI,纺织服饰,801133.SI,饰品,851331.SI,钟表珠宝,20100112,2026-08-01,tushare
002574.SZ,002574,明牌珠宝,801130.SI,纺织服饰,801133.SI,饰品,851331.SI,钟表珠宝,20110110,2026-08-01,tushare
002721.SZ,002721,金一文化,801130.SI,纺织服饰,801133.SI,饰品,851331.SI,钟表珠宝,20140122,2026-08-01,tushare
002731.SZ,002731,*ST萃华,801130.SI,纺织服饰,801133.SI,饰品,851331.SI,钟表珠宝,20140124,2026-08-01,tushare
002867.SZ,002867,周大生,801130.SI,纺织服饰,801133.SI,饰品,851331.SI,钟表珠宝,20170419,2026-08-01,tushare
600916.SH,600916,中国黄金,801130.SI,纺织服饰,801133.SI,饰品,851331.SI,钟表珠宝,20210125,2026-08-01,tushare
300945.SZ,300945,曼卡龙,801130.SI,纺织服饰,801133.SI,饰品,851331.SI,钟表珠宝,20210129,2026-08-01,tushare
000017.SZ,000017,深中华A,801130.SI,纺织服饰,801133.SI,饰品,851331.SI,钟表珠宝,20220729,2026-08-01,tushare
301177.SZ,301177,迪阿股份,801130.SI,纺织服饰,801133.SI,饰品,851331.SI,钟表珠宝,20211203,2026-08-01,tushare
605599.SH,605599,菜百股份,801130.SI,纺织服饰,801133.SI,饰品,851331.SI,钟表珠宝,20210820,2026-08-01,tushare
603900.SH,603900,莱绅通灵,801130.SI,纺织服饰,801133.SI,饰品,851331.SI,钟表珠宝,20210730,2026-08-01,tushare
000587.SZ,000587,*ST金洲(退市),801130.SI,纺织服饰,801133.SI,饰品,851331.SI,钟表珠宝,19960425,2026-08-01,tushare
600086.SH,600086,退市金钰(退市),801130.SI,纺织服饰,801133.SI,饰品,851331.SI,钟表珠宝,19970606,2026-08-01,tushare
002740.SZ,002740,*ST爱迪(退市),801130.SI,纺织服饰,801133.SI,饰品,851331.SI,钟表珠宝,20150115,2026-08-01,tushare
600439.SH,600439,瑞贝卡,801130.SI,纺织服饰,801133.SI,饰品,851333.SI,其他饰品,20030707,2026-08-01,tushare
600735.SH,600735,ST新华锦,801130.SI,纺织服饰,801133.SI,饰品,851333.SI,其他饰品,20190724,2026-08-01,tushare
603284.SH,603284,林平发展,801140.SI,轻工制造,801143.SI,造纸,851412.SI,大宗用纸,20260123,2026-08-01,tushare
000488.SZ,000488,ST晨鸣,801140.SI,轻工制造,801143.SI,造纸,851412.SI,大宗用纸,20001120,2026-08-01,tushare
600308.SH,600308,华泰股份,801140.SI,轻工制造,801143.SI,造纸,851412.SI,大宗用纸,20000928,2026-08-01,tushare
600567.SH,600567,山鹰国际,801140.SI,轻工制造,801143.SI,造纸,851412.SI,大宗用纸,20011218,2026-08-01,tushare
600963.SH,600963,岳阳林纸,801140.SI,轻工制造,801143.SI,造纸,851412.SI,大宗用纸,20040525,2026-08-01,tushare
600966.SH,600966,博汇纸业,801140.SI,轻工制造,801143.SI,造纸,851412.SI,大宗用纸,20040604,2026-08-01,tushare
002067.SZ,002067,景兴纸业,801140.SI,轻工制造,801143.SI,造纸,851412.SI,大宗用纸,20060915,2026-08-01,tushare
002078.SZ,002078,太阳纸业,801140.SI,轻工制造,801143.SI,造纸,851412.SI,大宗用纸,20061026,2026-08-01,tushare
603165.SH,603165,荣晟环保,801140.SI,轻工制造,801143.SI,造纸,851412.SI,大宗用纸,20161228,2026-08-01,tushare
603863.SH,603863,松炀资源,801140.SI,轻工制造,801143.SI,造纸,851412.SI,大宗用纸,20190520,2026-08-01,tushare
605500.SH,605500,森林包装,801140.SI,轻工制造,801143.SI,造纸,851412.SI,大宗用纸,20201207,2026-08-01,tushare
600069.SH,600069,退市银鸽(退市),801140.SI,轻工制造,801143.SI,造纸,851412.SI,大宗用纸,19970430,2026-08-01,tushare
000699.SZ,000699,S*ST佳纸(退市),801140.SI,轻工制造,801143.SI,造纸,851412.SI,大宗用纸,19970310,2026-08-01,tushare
600235.SH,600235,民丰特纸,801140.SI,轻工制造,801143.SI,造纸,851413.SI,特种纸,20000615,2026-08-01,tushare
600793.SH,600793,宜宾纸业,801140.SI,轻工制造,801143.SI,造纸,851413.SI,特种纸,19970220,2026-08-01,tushare
600103.SH,600103,青山纸业,801140.SI,轻工制造,801143.SI,造纸,851413.SI,特种纸,19970703,2026-08-01,tushare
600356.SH,600356,恒丰纸业,801140.SI,轻工制造,801143.SI,造纸,851413.SI,特种纸,20010419,2026-08-01,tushare
002012.SZ,002012,凯恩股份,801140.SI,轻工制造,801143.SI,造纸,851413.SI,特种纸,20040702,2026-08-01,tushare
600433.SH,600433,冠豪高新,801140.SI,轻工制造,801143.SI,造纸,851413.SI,特种纸,20030617,2026-08-01,tushare
002235.SZ,002235,安妮股份,801140.SI,轻工制造,801143.SI,造纸,851413.SI,特种纸,20080102,2026-08-01,tushare
920394.BJ,920394.BJ,民士达,801140.SI,轻工制造,801143.SI,造纸,851413.SI,特种纸,20230412,2026-08-01,tushare
605007.SH,605007,五洲特纸,801140.SI,轻工制造,801143.SI,造纸,851413.SI,特种纸,20201026,2026-08-01,tushare
603733.SH,603733,仙鹤股份,801140.SI,轻工制造,801143.SI,造纸,851413.SI,特种纸,20180403,2026-08-01,tushare
605377.SH,605377,华旺科技,801140.SI,轻工制造,801143.SI,造纸,851413.SI,特种纸,20201214,2026-08-01,tushare
301469.SZ,301469,恒达新材,801140.SI,轻工制造,801143.SI,造纸,851413.SI,特种纸,20230731,2026-08-01,tushare
002521.SZ,002521,齐峰新材,801140.SI,轻工制造,801143.SI,造纸,851413.SI,特种纸,20100104,2026-08-01,tushare
002117.SZ,002117,东港股份,801140.SI,轻工制造,801141.SI,包装印刷,851422.SI,印刷,20070301,2026-08-01,tushare
002599.SZ,002599,盛通股份,801140.SI,轻工制造,801141.SI,包装印刷,851422.SI,印刷,20110106,2026-08-01,tushare
002229.SZ,002229,鸿博股份,801140.SI,轻工制造,801141.SI,包装印刷,851422.SI,印刷,20080102,2026-08-01,tushare
001279.SZ,001279,强邦新材,801140.SI,轻工制造,801141.SI,包装印刷,851422.SI,印刷,20240913,2026-08-01,tushare
600836.SH,600836,*ST易连(退市),801140.SI,轻工制造,801141.SI,包装印刷,851422.SI,印刷,19940224,2026-08-01,tushare
002752.SZ,002752,昇兴股份,801140.SI,轻工制造,801141.SI,包装印刷,851423.SI,金属包装,20150113,2026-08-01,tushare
601968.SH,601968,宝钢包装,801140.SI,轻工制造,801141.SI,包装印刷,851423.SI,金属包装,20150115,2026-08-01,tushare
002787.SZ,002787,华源控股,801140.SI,轻工制造,801141.SI,包装印刷,851423.SI,金属包装,20151231,2026-08-01,tushare
002969.SZ,002969,嘉美包装,801140.SI,轻工制造,801141.SI,包装印刷,851423.SI,金属包装,20191114,2026-08-01,tushare
002374.SZ,002374,中锐股份,801140.SI,轻工制造,801141.SI,包装印刷,851423.SI,金属包装,20210730,2026-08-01,tushare
002846.SZ,002846,英联股份,801140.SI,轻工制造,801141.SI,包装印刷,851423.SI,金属包装,20170116,2026-08-01,tushare
002701.SZ,002701,奥瑞金,801140.SI,轻工制造,801141.SI,包装印刷,851423.SI,金属包装,20120130,2026-08-01,tushare
000659.SZ,000659,珠海中富,801140.SI,轻工制造,801141.SI,包装印刷,851424.SI,塑料包装,19961203,2026-08-01,tushare
600210.SH,600210,紫江企业,801140.SI,轻工制造,801141.SI,包装印刷,851424.SI,塑料包装,19990824,2026-08-01,tushare
002014.SZ,002014,永新股份,801140.SI,轻工制造,801141.SI,包装印刷,851424.SI,塑料包装,20040707,2026-08-01,tushare
920204.BJ,920204.BJ,沪江材料,801140.SI,轻工制造,801141.SI,包装印刷,851424.SI,塑料包装,20211230,2026-08-01,tushare
003018.SZ,003018,金富科技,801140.SI,轻工制造,801141.SI,包装印刷,851424.SI,塑料包装,20201026,2026-08-01,tushare
002735.SZ,002735,王子新材,801140.SI,轻工制造,801141.SI,包装印刷,851424.SI,塑料包装,20140127,2026-08-01,tushare
301198.SZ,301198,喜悦智行,801140.SI,轻工制造,801141.SI,包装印刷,851424.SI,塑料包装,20211119,2026-08-01,tushare
920274.BJ,920274.BJ,宏裕包材,801140.SI,轻工制造,801141.SI,包装印刷,851424.SI,塑料包装,20230816,2026-08-01,tushare
920121.BJ,920121.BJ,江天科技,801140.SI,轻工制造,801141.SI,包装印刷,851425.SI,纸包装,20251229,2026-08-01,tushare
000812.SZ,000812,陕西金叶,801140.SI,轻工制造,801141.SI,包装印刷,851425.SI,纸包装,19980623,2026-08-01,tushare
002191.SZ,002191,劲嘉股份,801140.SI,轻工制造,801141.SI,包装印刷,851425.SI,纸包装,20071204,2026-08-01,tushare
002228.SZ,002228,合兴包装,801140.SI,轻工制造,801141.SI,包装印刷,851425.SI,纸包装,20080102,2026-08-01,tushare
002303.SZ,002303,美盈森,801140.SI,轻工制造,801141.SI,包装印刷,851425.SI,纸包装,20090112,2026-08-01,tushare
601515.SH,601515,衢州东峰,801140.SI,轻工制造,801141.SI,包装印刷,851425.SI,纸包装,20120106,2026-08-01,tushare
002799.SZ,002799,环球印务,801140.SI,轻工制造,801141.SI,包装印刷,851425.SI,纸包装,20160525,2026-08-01,tushare
002831.SZ,002831,裕同科技,801140.SI,轻工制造,801141.SI,包装印刷,851425.SI,纸包装,20161201,2026-08-01,tushare
603499.SH,603499,翔港科技,801140.SI,轻工制造,801141.SI,包装印刷,851425.SI,纸包装,20170925,2026-08-01,tushare
603687.SH,603687,大胜达,801140.SI,轻工制造,801141.SI,包装印刷,851425.SI,纸包装,20190618,2026-08-01,tushare
301296.SZ,301296,新巨丰,801140.SI,轻工制造,801141.SI,包装印刷,851425.SI,纸包装,20220819,2026-08-01,tushare
002836.SZ,002836,新宏泽,801140.SI,轻工制造,801141.SI,包装印刷,851425.SI,纸包装,20161226,2026-08-01,tushare
920075.BJ,920075.BJ,柏星龙,801140.SI,轻工制造,801141.SI,包装印刷,851425.SI,纸包装,20221214,2026-08-01,tushare
002565.SZ,002565,顺灏股份,801140.SI,轻工制造,801141.SI,包装印刷,851425.SI,纸包装,20110110,2026-08-01,tushare
301062.SZ,301062,上海艾录,801140.SI,轻工制造,801141.SI,包装印刷,851425.SI,纸包装,20210827,2026-08-01,tushare
301355.SZ,301355,南王科技,801140.SI,轻工制造,801141.SI,包装印刷,851425.SI,纸包装,20230526,2026-08-01,tushare
300883.SZ,300883,龙利得,801140.SI,轻工制造,801141.SI,包装印刷,851425.SI,纸包装,20200831,2026-08-01,tushare
603429.SH,603429,*ST集友,801140.SI,轻工制造,801141.SI,包装印刷,851425.SI,纸包装,20170116,2026-08-01,tushare
603058.SH,603058,永吉股份,801140.SI,轻工制造,801141.SI,包装印刷,851425.SI,纸包装,20161212,2026-08-01,tushare
301223.SZ,301223,中荣股份,801140.SI,轻工制造,801141.SI,包装印刷,851425.SI,纸包装,20220923,2026-08-01,tushare
603091.SH,603091,众鑫股份,801140.SI,轻工制造,801141.SI,包装印刷,851425.SI,纸包装,20240830,2026-08-01,tushare
920392.BJ,920392.BJ,佳合科技,801140.SI,轻工制造,801141.SI,包装印刷,851425.SI,纸包装,20221227,2026-08-01,tushare
603022.SH,603022,新通联,801140.SI,轻工制造,801141.SI,包装印刷,851426.SI,综合包装,20150106,2026-08-01,tushare
300501.SZ,300501,海顺新材,801140.SI,轻工制造,801141.SI,包装印刷,851426.SI,综合包装,20160204,2026-08-01,tushare
603607.SH,603607,京华激光,801140.SI,轻工制造,801141.SI,包装印刷,851426.SI,综合包装,20171010,2026-08-01,tushare
600076.SH,600076,康欣新材,801140.SI,轻工制造,801141.SI,包装印刷,851426.SI,综合包装,20220729,2026-08-01,tushare
003003.SZ,003003,天元股份,801140.SI,轻工制造,801141.SI,包装印刷,851426.SI,综合包装,20200904,2026-08-01,tushare
920163.BJ,920163.BJ,方大新材,801140.SI,轻工制造,801141.SI,包装印刷,851426.SI,综合包装,20200727,2026-08-01,tushare
000910.SZ,000910,大亚圣象,801140.SI,轻工制造,801142.SI,家居用品,851436.SI,瓷砖地板,19990630,2026-08-01,tushare
603226.SH,603226,菲林格尔,801140.SI,轻工制造,801142.SI,家居用品,851436.SI,瓷砖地板,20170605,2026-08-01,tushare
603221.SH,603221,爱丽家居,801140.SI,轻工制造,801142.SI,家居用品,851436.SI,瓷砖地板,20200310,2026-08-01,tushare
003011.SZ,003011,海象新材,801140.SI,轻工制造,801142.SI,家居用品,851436.SI,瓷砖地板,20200921,2026-08-01,tushare
301356.SZ,301356,天振股份,801140.SI,轻工制造,801142.SI,家居用品,851436.SI,瓷砖地板,20221021,2026-08-01,tushare
002631.SZ,002631,德尔未来,801140.SI,轻工制造,801142.SI,家居用品,851436.SI,瓷砖地板,20250811,2026-08-01,tushare
002918.SZ,002918,蒙娜丽莎,801140.SI,轻工制造,801142.SI,家居用品,851436.SI,瓷砖地板,20210730,2026-08-01,tushare
003012.SZ,003012,东鹏控股,801140.SI,轻工制造,801142.SI,家居用品,851436.SI,瓷砖地板,20210730,2026-08-01,tushare
002798.SZ,002798,帝欧水华,801140.SI,轻工制造,801142.SI,家居用品,851436.SI,瓷砖地板,20210730,2026-08-01,tushare
001386.SZ,001386,马可波罗,801140.SI,轻工制造,801142.SI,家居用品,851436.SI,瓷砖地板,20250926,2026-08-01,tushare
002162.SZ,002162,悦心健康,801140.SI,轻工制造,801142.SI,家居用品,851436.SI,瓷砖地板,20210730,2026-08-01,tushare
301588.SZ,301588,美新科技,801140.SI,轻工制造,801142.SI,家居用品,851436.SI,瓷砖地板,20240301,2026-08-01,tushare
603725.SH,603725,天安新材,801140.SI,轻工制造,801142.SI,家居用品,851436.SI,瓷砖地板,20240730,2026-08-01,tushare
600337.SH,600337,ST美克,801140.SI,轻工制造,801142.SI,家居用品,851437.SI,成品家居,20001127,2026-08-01,tushare
002489.SZ,002489,浙江永强,801140.SI,轻工制造,801142.SI,家居用品,851437.SI,成品家居,20100111,2026-08-01,tushare
603008.SH,603008,ST喜临门,801140.SI,轻工制造,801142.SI,家居用品,851437.SI,成品家居,20120106,2026-08-01,tushare
603818.SH,603818,曲美家居,801140.SI,轻工制造,801142.SI,家居用品,851437.SI,成品家居,20150113,2026-08-01,tushare
603600.SH,603600,永艺股份,801140.SI,轻工制造,801142.SI,家居用品,851437.SI,成品家居,20150115,2026-08-01,tushare
603816.SH,603816,顾家家居,801140.SI,轻工制造,801142.SI,家居用品,851437.SI,成品家居,20161012,2026-08-01,tushare
603313.SH,603313,梦百合,801140.SI,轻工制造,801142.SI,家居用品,851437.SI,成品家居,20161012,2026-08-01,tushare
603389.SH,603389,亚振家居,801140.SI,轻工制造,801142.SI,家居用品,851437.SI,成品家居,20161201,2026-08-01,tushare
603848.SH,603848,好太太,801140.SI,轻工制造,801142.SI,家居用品,851437.SI,成品家居,20171121,2026-08-01,tushare
603610.SH,603610,麒盛科技,801140.SI,轻工制造,801142.SI,家居用品,851437.SI,成品家居,20191021,2026-08-01,tushare
603661.SH,603661,恒林股份,801140.SI,轻工制造,801142.SI,家居用品,851437.SI,成品家居,20171108,2026-08-01,tushare
920132.BJ,920132.BJ,泰鹏智能,801140.SI,轻工制造,801142.SI,家居用品,851437.SI,成品家居,20231120,2026-08-01,tushare
603709.SH,603709,中源家居,801140.SI,轻工制造,801142.SI,家居用品,851437.SI,成品家居,20180208,2026-08-01,tushare
001323.SZ,001323,慕思股份,801140.SI,轻工制造,801142.SI,家居用品,851437.SI,成品家居,20220805,2026-08-01,tushare
301336.SZ,301336,趣睡科技,801140.SI,轻工制造,801142.SI,家居用品,851437.SI,成品家居,20220805,2026-08-01,tushare
301376.SZ,301376,致欧科技,801140.SI,轻工制造,801142.SI,家居用品,851437.SI,成品家居,20230609,2026-08-01,tushare
301061.SZ,301061,匠心家居,801140.SI,轻工制造,801142.SI,家居用品,851437.SI,成品家居,20210903,2026-08-01,tushare
600978.SH,600978,*ST宜生(退市),801140.SI,轻工制造,801142.SI,家居用品,851437.SI,成品家居,20040823,2026-08-01,tushare
603898.SH,603898,好莱客,801140.SI,轻工制造,801142.SI,家居用品,851438.SI,定制家居,20150115,2026-08-01,tushare
603326.SH,603326,我乐家居,801140.SI,轻工制造,801142.SI,家居用品,851438.SI,定制家居,20170511,2026-08-01,tushare
002853.SZ,002853,皮阿诺,801140.SI,轻工制造,801142.SI,家居用品,851438.SI,定制家居,20170224,2026-08-01,tushare
603208.SH,603208,江山欧派,801140.SI,轻工制造,801142.SI,家居用品,851438.SI,定制家居,20170119,2026-08-01,tushare
603833.SH,603833,欧派家居,801140.SI,轻工制造,801142.SI,家居用品,851438.SI,定制家居,20170310,2026-08-01,tushare
603180.SH,603180,金牌家居,801140.SI,轻工制造,801142.SI,家居用品,851438.SI,定制家居,20170504,2026-08-01,tushare
603801.SH,603801,志邦家居,801140.SI,轻工制造,801142.SI,家居用品,851438.SI,定制家居,20170620,2026-08-01,tushare
300616.SZ,300616,尚品宅配,801140.SI,轻工制造,801142.SI,家居用品,851438.SI,定制家居,20170214,2026-08-01,tushare
300749.SZ,300749,顶固集创,801140.SI,轻工制造,801142.SI,家居用品,851438.SI,定制家居,20180918,2026-08-01,tushare
605268.SH,605268,王力安防,801140.SI,轻工制造,801142.SI,家居用品,851438.SI,定制家居,20210205,2026-08-01,tushare
920445.BJ,920445.BJ,龙竹科技,801140.SI,轻工制造,801142.SI,家居用品,851438.SI,定制家居,20200727,2026-08-01,tushare
920765.BJ,920765.BJ,美之高,801140.SI,轻工制造,801142.SI,家居用品,851438.SI,定制家居,20210705,2026-08-01,tushare
603216.SH,603216,梦天家居,801140.SI,轻工制造,801142.SI,家居用品,851438.SI,定制家居,20211126,2026-08-01,tushare
301227.SZ,301227,森鹰窗业,801140.SI,轻工制造,801142.SI,家居用品,851438.SI,定制家居,20220902,2026-08-01,tushare
002572.SZ,002572,索菲亚,801140.SI,轻工制造,801142.SI,家居用品,851438.SI,定制家居,20110131,2026-08-01,tushare
002084.SZ,002084,海鸥住工,801140.SI,轻工制造,801142.SI,家居用品,851439.SI,卫浴制品,20061121,2026-08-01,tushare
002790.SZ,002790,瑞尔特,801140.SI,轻工制造,801142.SI,家居用品,851439.SI,卫浴制品,20160304,2026-08-01,tushare
603992.SH,603992,松霖科技,801140.SI,轻工制造,801142.SI,家居用品,851439.SI,卫浴制品,20190808,2026-08-01,tushare
001322.SZ,001322,箭牌家居,801140.SI,轻工制造,801142.SI,家居用品,851439.SI,卫浴制品,20220909,2026-08-01,tushare
603408.SH,603408,建霖家居,801140.SI,轻工制造,801142.SI,家居用品,851439.SI,卫浴制品,20200713,2026-08-01,tushare
603385.SH,603385,惠达卫浴,801140.SI,轻工制造,801142.SI,家居用品,851439.SI,卫浴制品,20170320,2026-08-01,tushare
301575.SZ,301575,艾芬达,801140.SI,轻工制造,801142.SI,家居用品,851439.SI,卫浴制品,20250822,2026-08-01,tushare
603272.SH,603272,*ST联翔,801140.SI,轻工制造,801142.SI,家居用品,851491.SI,其他家居用品,20220429,2026-08-01,tushare
603021.SH,603021,*ST华鹏,801140.SI,轻工制造,801142.SI,家居用品,851491.SI,其他家居用品,20150113,2026-08-01,tushare
300640.SZ,300640,德艺文创,801140.SI,轻工制造,801142.SI,家居用品,851491.SI,其他家居用品,20170405,2026-08-01,tushare
603195.SH,603195,公牛集团,801140.SI,轻工制造,801142.SI,家居用品,851491.SI,其他家居用品,20200121,2026-08-01,tushare
001221.SZ,001221,悍高集团,801140.SI,轻工制造,801142.SI,家居用品,851491.SI,其他家居用品,20250711,2026-08-01,tushare
300729.SZ,300729,乐歌股份,801140.SI,轻工制造,801142.SI,家居用品,851491.SI,其他家居用品,20171121,2026-08-01,tushare
300993.SZ,300993,玉马科技,801140.SI,轻工制造,801142.SI,家居用品,851491.SI,其他家居用品,20210510,2026-08-01,tushare
301004.SZ,301004,嘉益股份,801140.SI,轻工制造,801142.SI,家居用品,851491.SI,其他家居用品,20210609,2026-08-01,tushare
001211.SZ,001211,双枪科技,801140.SI,轻工制造,801142.SI,家居用品,851491.SI,其他家居用品,20210727,2026-08-01,tushare
605099.SH,605099,共创草坪,801140.SI,轻工制造,801142.SI,家居用品,851491.SI,其他家居用品,20200914,2026-08-01,tushare
603838.SH,603838,*ST四通,801140.SI,轻工制造,801142.SI,家居用品,851491.SI,其他家居用品,20150119,2026-08-01,tushare
002571.SZ,002571,德力股份,801140.SI,轻工制造,801142.SI,家居用品,851491.SI,其他家居用品,20110131,2026-08-01,tushare
301113.SZ,301113,雅艺科技,801140.SI,轻工制造,801142.SI,家居用品,851491.SI,其他家居用品,20211210,2026-08-01,tushare
601996.SH,601996,丰林集团,801140.SI,轻工制造,801142.SI,家居用品,851491.SI,其他家居用品,20220729,2026-08-01,tushare
301193.SZ,301193,家联科技,801140.SI,轻工制造,801142.SI,家居用品,851491.SI,其他家居用品,20211126,2026-08-01,tushare
603615.SH,603615,茶花股份,801140.SI,轻工制造,801142.SI,家居用品,851491.SI,其他家居用品,20210730,2026-08-01,tushare
301055.SZ,301055,张小泉,801140.SI,轻工制造,801142.SI,家居用品,851491.SI,其他家居用品,20210820,2026-08-01,tushare
001216.SZ,001216,华瓷股份,801140.SI,轻工制造,801142.SI,家居用品,851491.SI,其他家居用品,20210903,2026-08-01,tushare
920218.BJ,920218.BJ,新天力,801140.SI,轻工制造,801142.SI,家居用品,851491.SI,其他家居用品,20260527,2026-08-01,tushare
301595.SZ,301595,太力科技,801140.SI,轻工制造,801142.SI,家居用品,851491.SI,其他家居用品,20250425,2026-08-01,tushare
605155.SH,605155,西大门,801140.SI,轻工制造,801142.SI,家居用品,851491.SI,其他家居用品,20210730,2026-08-01,tushare
002615.SZ,002615,哈尔斯,801140.SI,轻工制造,801142.SI,家居用品,851491.SI,其他家居用品,20110104,2026-08-01,tushare
001356.SZ,001356,富岭股份,801140.SI,轻工制造,801142.SI,家居用品,851491.SI,其他家居用品,20250103,2026-08-01,tushare
301501.SZ,301501,恒鑫生活,801140.SI,轻工制造,801142.SI,家居用品,851491.SI,其他家居用品,20250228,2026-08-01,tushare
002301.SZ,002301,齐心集团,801140.SI,轻工制造,801145.SI,文娱用品,851451.SI,文化用品,20090924,2026-08-01,tushare
603899.SH,603899,晨光股份,801140.SI,轻工制造,801145.SI,文娱用品,851451.SI,文化用品,20150115,2026-08-01,tushare
300703.SZ,300703,创源股份,801140.SI,轻工制造,801145.SI,文娱用品,851451.SI,文化用品,20170907,2026-08-01,tushare
301101.SZ,301101,明月镜片,801140.SI,轻工制造,801145.SI,文娱用品,851451.SI,文化用品,20211203,2026-08-01,tushare
002103.SZ,002103,广博股份,801140.SI,轻工制造,801145.SI,文娱用品,851451.SI,文化用品,20220729,2026-08-01,tushare
301011.SZ,301011,华立科技,801140.SI,轻工制造,801145.SI,文娱用品,851452.SI,娱乐用品,20220729,2026-08-01,tushare
301335.SZ,301335,天元宠物,801140.SI,轻工制造,801145.SI,文娱用品,851452.SI,娱乐用品,20221104,2026-08-01,tushare
001368.SZ,001368,通达创智,801140.SI,轻工制造,801145.SI,文娱用品,851452.SI,娱乐用品,20230224,2026-08-01,tushare
002348.SZ,002348,高乐股份,801140.SI,轻工制造,801145.SI,文娱用品,851452.SI,娱乐用品,20100114,2026-08-01,tushare
002575.SZ,002575,群兴玩具,801140.SI,轻工制造,801145.SI,文娱用品,851452.SI,娱乐用品,20110110,2026-08-01,tushare
002862.SZ,002862,实丰文化,801140.SI,轻工制造,801145.SI,文娱用品,851452.SI,娱乐用品,20170330,2026-08-01,tushare
002899.SZ,002899,英派斯,801140.SI,轻工制造,801145.SI,文娱用品,851452.SI,娱乐用品,20170907,2026-08-01,tushare
605299.SH,605299,舒华体育,801140.SI,轻工制造,801145.SI,文娱用品,851452.SI,娱乐用品,20201201,2026-08-01,tushare
300220.SZ,300220,金运激光,801140.SI,轻工制造,801145.SI,文娱用品,851452.SI,娱乐用品,20220729,2026-08-01,tushare
605080.SH,605080,浙江自然,801140.SI,轻工制造,801145.SI,文娱用品,851452.SI,娱乐用品,20210730,2026-08-01,tushare
301287.SZ,301287,康力源,801140.SI,轻工制造,801145.SI,文娱用品,851452.SI,娱乐用品,20230609,2026-08-01,tushare
001222.SZ,001222,源飞宠物,801140.SI,轻工制造,801145.SI,文娱用品,851452.SI,娱乐用品,20220801,2026-08-01,tushare
001238.SZ,001238,浙江正特,801140.SI,轻工制造,801145.SI,文娱用品,851452.SI,娱乐用品,20220902,2026-08-01,tushare
300651.SZ,300651,金陵体育,801140.SI,轻工制造,801145.SI,文娱用品,851452.SI,娱乐用品,20230704,2026-08-01,tushare
002678.SZ,002678,珠江钢琴,801140.SI,轻工制造,801145.SI,文娱用品,851452.SI,娱乐用品,20120130,2026-08-01,tushare
300329.SZ,300329,海伦钢琴,801140.SI,轻工制造,801145.SI,文娱用品,851452.SI,娱乐用品,20120109,2026-08-01,tushare
001300.SZ,001300,三柏硕,801140.SI,轻工制造,801145.SI,文娱用品,851452.SI,娱乐用品,20220923,2026-08-01,tushare
002817.SZ,002817,黄山胶囊,801150.SI,医药生物,801151.SI,化学制药,851511.SI,原料药,20220729,2026-08-01,tushare
000756.SZ,000756,新华制药,801150.SI,医药生物,801151.SI,化学制药,851511.SI,原料药,19970806,2026-08-01,tushare
000739.SZ,000739,普洛药业,801150.SI,医药生物,801151.SI,化学制药,851511.SI,原料药,19970422,2026-08-01,tushare
000952.SZ,000952,广济药业,801150.SI,医药生物,801151.SI,化学制药,851511.SI,原料药,19991112,2026-08-01,tushare
600216.SH,600216,浙江医药,801150.SI,医药生物,801151.SI,化学制药,851511.SI,原料药,19991021,2026-08-01,tushare
002099.SZ,002099,海翔药业,801150.SI,医药生物,801151.SI,化学制药,851511.SI,原料药,20061226,2026-08-01,tushare
688166.SH,688166,博瑞医药,801150.SI,医药生物,801151.SI,化学制药,851511.SI,原料药,20220729,2026-08-01,tushare
301246.SZ,301246,宏源药业,801150.SI,医药生物,801151.SI,化学制药,851511.SI,原料药,20230224,2026-08-01,tushare
300452.SZ,300452,山河药辅,801150.SI,医药生物,801151.SI,化学制药,851511.SI,原料药,20150106,2026-08-01,tushare
603520.SH,603520,司太立,801150.SI,医药生物,801151.SI,化学制药,851511.SI,原料药,20160304,2026-08-01,tushare
301277.SZ,301277,新天地,801150.SI,医药生物,801151.SI,化学制药,851511.SI,原料药,20221028,2026-08-01,tushare
300381.SZ,300381,溢多利,801150.SI,医药生物,801151.SI,化学制药,851511.SI,原料药,20140122,2026-08-01,tushare
002102.SZ,002102,ST能特,801150.SI,医药生物,801151.SI,化学制药,851511.SI,原料药,20140701,2026-08-01,tushare
300497.SZ,300497,富祥股份,801150.SI,医药生物,801151.SI,化学制药,851511.SI,原料药,20151222,2026-08-01,tushare
603229.SH,603229,奥翔药业,801150.SI,医药生物,801151.SI,化学制药,851511.SI,原料药,20170419,2026-08-01,tushare
001367.SZ,001367,海森药业,801150.SI,医药生物,801151.SI,化学制药,851511.SI,原料药,20230327,2026-08-01,tushare
603351.SH,603351,威尔药业,801150.SI,医药生物,801151.SI,化学制药,851511.SI,原料药,20190124,2026-08-01,tushare
300765.SZ,300765,石药创新,801150.SI,医药生物,801151.SI,化学制药,851511.SI,原料药,20190306,2026-08-01,tushare
605507.SH,605507,国邦医药,801150.SI,医药生物,801151.SI,化学制药,851511.SI,原料药,20210723,2026-08-01,tushare
300966.SZ,300966,共同药业,801150.SI,医药生物,801151.SI,化学制药,851511.SI,原料药,20210325,2026-08-01,tushare
605116.SH,605116,奥锐特,801150.SI,医药生物,801151.SI,化学制药,851511.SI,原料药,20200904,2026-08-01,tushare
920946.BJ,920946.BJ,森萱医药,801150.SI,医药生物,801151.SI,化学制药,851511.SI,原料药,20200727,2026-08-01,tushare
002365.SZ,002365,永安药业,801150.SI,医药生物,801151.SI,化学制药,851511.SI,原料药,20100111,2026-08-01,tushare
300583.SZ,300583,赛托生物,801150.SI,医药生物,801151.SI,化学制药,851511.SI,原料药,20161226,2026-08-01,tushare
688356.SH,688356,键凯科技,801150.SI,医药生物,801151.SI,化学制药,851511.SI,原料药,20200810,2026-08-01,tushare
000953.SZ,000953,中哲精化,801150.SI,医药生物,801151.SI,化学制药,851511.SI,原料药,20220729,2026-08-01,tushare
603538.SH,603538,美诺华,801150.SI,医药生物,801151.SI,化学制药,851511.SI,原料药,20170320,2026-08-01,tushare
301258.SZ,301258,富士莱,801150.SI,医药生物,801151.SI,化学制药,851511.SI,原料药,20220311,2026-08-01,tushare
301211.SZ,301211,亨迪药业,801150.SI,医药生物,801151.SI,化学制药,851511.SI,原料药,20211203,2026-08-01,tushare
600488.SH,600488,津药药业,801150.SI,医药生物,801151.SI,化学制药,851511.SI,原料药,20220729,2026-08-01,tushare
301089.SZ,301089,拓新药业,801150.SI,医药生物,801151.SI,化学制药,851511.SI,原料药,20210930,2026-08-01,tushare
002332.SZ,002332,仙琚制药,801150.SI,医药生物,801151.SI,化学制药,851511.SI,原料药,20220729,2026-08-01,tushare
301065.SZ,301065,本立科技,801150.SI,医药生物,801151.SI,化学制药,851511.SI,原料药,20220729,2026-08-01,tushare
301281.SZ,301281,科源制药,801150.SI,医药生物,801151.SI,化学制药,851511.SI,原料药,20230317,2026-08-01,tushare
300702.SZ,300702,天宇股份,801150.SI,医药生物,801151.SI,化学制药,851511.SI,原料药,20210730,2026-08-01,tushare
300636.SZ,300636,同和药业,801150.SI,医药生物,801151.SI,化学制药,851511.SI,原料药,20170320,2026-08-01,tushare
300267.SZ,300267,尔康制药,801150.SI,医药生物,801151.SI,化学制药,851511.SI,原料药,20110117,2026-08-01,tushare
300401.SZ,300401,花园生物,801150.SI,医药生物,801151.SI,化学制药,851511.SI,原料药,20140127,2026-08-01,tushare
688690.SH,688690,纳微科技,801150.SI,医药生物,801151.SI,化学制药,851511.SI,原料药,20210607,2026-08-01,tushare
605177.SH,605177,东亚药业,801150.SI,医药生物,801151.SI,化学制药,851511.SI,原料药,20201123,2026-08-01,tushare
688758.SH,688758,赛分科技,801150.SI,医药生物,801151.SI,化学制药,851511.SI,原料药,20250110,2026-08-01,tushare
920367.BJ,920367.BJ,新赣江,801150.SI,医药生物,801151.SI,化学制药,851511.SI,原料药,20230213,2026-08-01,tushare
920230.BJ,920230.BJ,欧康医药,801150.SI,医药生物,801151.SI,化学制药,851511.SI,原料药,20221206,2026-08-01,tushare
920478.BJ,920478.BJ,峆一药业,801150.SI,医药生物,801151.SI,化学制药,851511.SI,原料药,20230224,2026-08-01,tushare
920656.BJ,920656.BJ,海昇药业,801150.SI,医药生物,801151.SI,化学制药,851511.SI,原料药,20240229,2026-08-01,tushare
301301.SZ,301301,川宁生物,801150.SI,医药生物,801151.SI,化学制药,851511.SI,原料药,20240730,2026-08-01,tushare
688076.SH,688076,ST诺泰,801150.SI,医药生物,801151.SI,化学制药,851511.SI,原料药,20241220,2026-08-01,tushare
600253.SH,600253,天方药业(退市),801150.SI,医药生物,801151.SI,化学制药,851511.SI,原料药,20001227,2026-08-01,tushare
000566.SZ,000566,海南海药,801150.SI,医药生物,801151.SI,化学制药,851512.SI,化学制剂,19940525,2026-08-01,tushare
002742.SZ,002742,冀衡医药,801150.SI,医药生物,801151.SI,化学制药,851512.SI,化学制剂,20220729,2026-08-01,tushare
000513.SZ,000513,丽珠集团,801150.SI,医药生物,801151.SI,化学制药,851512.SI,化学制剂,19931028,2026-08-01,tushare
000153.SZ,000153,丰原药业,801150.SI,医药生物,801151.SI,化学制药,851512.SI,化学制剂,20000918,2026-08-01,tushare
000963.SZ,000963,华东医药,801150.SI,医药生物,801151.SI,化学制药,851512.SI,化学制剂,20000127,2026-08-01,tushare
600062.SH,600062,华润双鹤,801150.SI,医药生物,801151.SI,化学制药,851512.SI,化学制剂,19970522,2026-08-01,tushare
600079.SH,600079,ST人福,801150.SI,医药生物,801151.SI,化学制药,851512.SI,化学制剂,19970606,2026-08-01,tushare
600196.SH,600196,复星医药,801150.SI,医药生物,801151.SI,化学制药,851512.SI,化学制剂,19980807,2026-08-01,tushare
600513.SH,600513,联环药业,801150.SI,医药生物,801151.SI,化学制药,851512.SI,化学制剂,20030319,2026-08-01,tushare
002393.SZ,002393,力生制药,801150.SI,医药生物,801151.SI,化学制药,851512.SI,化学制剂,20100106,2026-08-01,tushare
688197.SH,688197,首药控股-U,801150.SI,医药生物,801151.SI,化学制药,851512.SI,化学制剂,20220304,2026-08-01,tushare
300086.SZ,300086,康芝药业,801150.SI,医药生物,801151.SI,化学制药,851512.SI,化学制剂,20100112,2026-08-01,tushare
300194.SZ,300194,福安药业,801150.SI,医药生物,801151.SI,化学制药,851512.SI,化学制剂,20110114,2026-08-01,tushare
600276.SH,600276,恒瑞医药,801150.SI,医药生物,801151.SI,化学制药,851512.SI,化学制剂,20080102,2026-08-01,tushare
600664.SH,600664,哈药股份,801150.SI,医药生物,801151.SI,化学制药,851512.SI,化学制剂,20081007,2026-08-01,tushare
002262.SZ,002262,恩华药业,801150.SI,医药生物,801151.SI,化学制药,851512.SI,化学制剂,20081007,2026-08-01,tushare
300006.SZ,300006,莱美药业,801150.SI,医药生物,801151.SI,化学制药,851512.SI,化学制剂,20090122,2026-08-01,tushare
300016.SZ,300016,北陆药业,801150.SI,医药生物,801151.SI,化学制药,851512.SI,化学制剂,20090112,2026-08-01,tushare
002422.SZ,002422,科伦药业,801150.SI,医药生物,801151.SI,化学制药,851512.SI,化学制剂,20100120,2026-08-01,tushare
601089.SH,601089,福元医药,801150.SI,医药生物,801151.SI,化学制药,851512.SI,化学制剂,20220617,2026-08-01,tushare
300361.SZ,300361,奥赛康,801150.SI,医药生物,801151.SI,化学制药,851512.SI,化学制剂,20140108,2026-08-01,tushare
000813.SZ,000813,德展健康,801150.SI,医药生物,801151.SI,化学制药,851512.SI,化学制剂,20180809,2026-08-01,tushare
300199.SZ,300199,翰宇药业,801150.SI,医药生物,801151.SI,化学制药,851512.SI,化学制剂,20110128,2026-08-01,tushare
600420.SH,600420,国药现代,801150.SI,医药生物,801151.SI,化学制药,851512.SI,化学制剂,20110110,2026-08-01,tushare
688382.SH,688382,益方生物-U,801150.SI,医药生物,801151.SI,化学制药,851512.SI,化学制剂,20220708,2026-08-01,tushare
600789.SH,600789,鲁抗医药,801150.SI,医药生物,801151.SI,化学制药,851512.SI,化学制剂,20110110,2026-08-01,tushare
000915.SZ,000915,华特达因,801150.SI,医药生物,801151.SI,化学制药,851512.SI,化学制剂,20110110,2026-08-01,tushare
002294.SZ,002294,信立泰,801150.SI,医药生物,801151.SI,化学制药,851512.SI,化学制剂,20110110,2026-08-01,tushare
600380.SH,600380,健康元,801150.SI,医药生物,801151.SI,化学制药,851512.SI,化学制剂,20110110,2026-08-01,tushare
688506.SH,688506,百利天恒,801150.SI,医药生物,801151.SI,化学制药,851512.SI,化学制剂,20221223,2026-08-01,tushare
002653.SZ,002653,海思科,801150.SI,医药生物,801151.SI,化学制药,851512.SI,化学制剂,20120109,2026-08-01,tushare
000908.SZ,000908,石药景峰,801150.SI,医药生物,801151.SI,化学制药,851512.SI,化学制剂,20150701,2026-08-01,tushare
300436.SZ,300436,广生堂,801150.SI,医药生物,801151.SI,化学制药,851512.SI,化学制剂,20150113,2026-08-01,tushare
688062.SH,688062,迈威生物-U,801150.SI,医药生物,801151.SI,化学制药,851512.SI,化学制剂,20211224,2026-08-01,tushare
300558.SZ,300558,贝达药业,801150.SI,医药生物,801151.SI,化学制药,851512.SI,化学制剂,20161028,2026-08-01,tushare
300573.SZ,300573,兴齐眼药,801150.SI,医药生物,801151.SI,化学制药,851512.SI,化学制剂,20161201,2026-08-01,tushare
603168.SH,603168,莎普爱思,801150.SI,医药生物,801151.SI,化学制药,851512.SI,化学制剂,20140120,2026-08-01,tushare
002900.SZ,002900,哈三联,801150.SI,医药生物,801151.SI,化学制药,851512.SI,化学制剂,20170907,2026-08-01,tushare
688176.SH,688176,亚虹医药-U,801150.SI,医药生物,801151.SI,化学制药,851512.SI,化学制剂,20211217,2026-08-01,tushare
300723.SZ,300723,一品红,801150.SI,医药生物,801151.SI,化学制药,851512.SI,化学制剂,20171108,2026-08-01,tushare
603811.SH,603811,诚意药业,801150.SI,医药生物,801151.SI,化学制药,851512.SI,化学制剂,20170224,2026-08-01,tushare
002923.SZ,002923,润都股份,801150.SI,医药生物,801151.SI,化学制药,851512.SI,化学制剂,20171220,2026-08-01,tushare
603367.SH,603367,辰欣药业,801150.SI,医药生物,801151.SI,化学制药,851512.SI,化学制剂,20170921,2026-08-01,tushare
300705.SZ,300705,九典制药,801150.SI,医药生物,801151.SI,化学制药,851512.SI,化学制剂,20170921,2026-08-01,tushare
300584.SZ,300584,海辰药业,801150.SI,医药生物,801151.SI,化学制药,851512.SI,化学制剂,20170105,2026-08-01,tushare
002675.SZ,002675,东诚药业,801150.SI,医药生物,801151.SI,化学制药,851512.SI,化学制剂,20170629,2026-08-01,tushare
300233.SZ,300233,金城医药,801150.SI,医药生物,801151.SI,化学制药,851512.SI,化学制剂,20190724,2026-08-01,tushare
002550.SZ,002550,千红制药,801150.SI,医药生物,801151.SI,化学制药,851512.SI,化学制剂,20190724,2026-08-01,tushare
002755.SZ,002755,奥赛康,801150.SI,医药生物,801151.SI,化学制药,851512.SI,化学制剂,20190724,2026-08-01,tushare
688321.SH,688321,微芯生物,801150.SI,医药生物,801151.SI,化学制药,851512.SI,化学制剂,20190724,2026-08-01,tushare
600521.SH,600521,华海药业,801150.SI,医药生物,801151.SI,化学制药,851512.SI,化学制剂,20190724,2026-08-01,tushare
600613.SH,600613,神奇制药,801150.SI,医药生物,801151.SI,化学制药,851512.SI,化学制剂,20190724,2026-08-01,tushare
000788.SZ,000788,北大医药,801150.SI,医药生物,801151.SI,化学制药,851512.SI,化学制剂,20190724,2026-08-01,tushare
000931.SZ,000931,中关村,801150.SI,医药生物,801151.SI,化学制药,851512.SI,化学制剂,20190724,2026-08-01,tushare
002020.SZ,002020,京新药业,801150.SI,医药生物,801151.SI,化学制药,851512.SI,化学制剂,20190724,2026-08-01,tushare
688658.SH,688658,悦康药业,801150.SI,医药生物,801151.SI,化学制药,851512.SI,化学制剂,20201214,2026-08-01,tushare
003020.SZ,003020,立方制药,801150.SI,医药生物,801151.SI,化学制药,851512.SI,化学制剂,20201110,2026-08-01,tushare
688221.SH,688221,前沿生物-U,801150.SI,医药生物,801151.SI,化学制药,851512.SI,化学制剂,20201016,2026-08-01,tushare
603676.SH,603676,卫信康,801150.SI,医药生物,801151.SI,化学制药,851512.SI,化学制剂,20170712,2026-08-01,tushare
688247.SH,688247,宣泰医药,801150.SI,医药生物,801151.SI,化学制药,851512.SI,化学制剂,20220812,2026-08-01,tushare
600812.SH,600812,华北制药,801150.SI,医药生物,801151.SI,化学制药,851512.SI,化学制剂,20180713,2026-08-01,tushare
600851.SH,600851,海欣股份,801150.SI,医药生物,801151.SI,化学制药,851512.SI,化学制剂,20180619,2026-08-01,tushare
300434.SZ,300434,金石亚药,801150.SI,医药生物,801151.SI,化学制药,851512.SI,化学制剂,20180713,2026-08-01,tushare
002940.SZ,002940,昂利康,801150.SI,医药生物,801151.SI,化学制药,851512.SI,化学制剂,20181012,2026-08-01,tushare
000766.SZ,000766,通化金马,801150.SI,医药生物,801151.SI,化学制药,851512.SI,化学制剂,20190724,2026-08-01,tushare
000597.SZ,000597,东北制药,801150.SI,医药生物,801151.SI,化学制药,851512.SI,化学制剂,20190724,2026-08-01,tushare
301130.SZ,301130,西点药业,801150.SI,医药生物,801151.SI,化学制药,851512.SI,化学制剂,20220128,2026-08-01,tushare
688117.SH,688117,圣诺生物,801150.SI,医药生物,801151.SI,化学制药,851512.SI,化学制剂,20210518,2026-08-01,tushare
688302.SH,688302,海创药业-U,801150.SI,医药生物,801151.SI,化学制药,851512.SI,化学制剂,20220401,2026-08-01,tushare
688799.SH,688799,华纳药厂,801150.SI,医药生物,801151.SI,化学制药,851512.SI,化学制剂,20210630,2026-08-01,tushare
600774.SH,600774,汉商集团,801150.SI,医药生物,801151.SI,化学制药,851512.SI,化学制剂,20220729,2026-08-01,tushare
688566.SH,688566,吉贝尔,801150.SI,医药生物,801151.SI,化学制药,851512.SI,化学制剂,20200427,2026-08-01,tushare
688189.SH,688189,ST南新,801150.SI,医药生物,801151.SI,化学制药,851512.SI,化学制剂,20200310,2026-08-01,tushare
688266.SH,688266,泽璟制药-U,801150.SI,医药生物,801151.SI,化学制药,851512.SI,化学制剂,20200108,2026-08-01,tushare
002793.SZ,002793,罗欣药业,801150.SI,医药生物,801151.SI,化学制药,851512.SI,化学制剂,20200601,2026-08-01,tushare
688505.SH,688505,复旦张江,801150.SI,医药生物,801151.SI,化学制药,851512.SI,化学制剂,20200602,2026-08-01,tushare
688513.SH,688513,苑东生物,801150.SI,医药生物,801151.SI,化学制药,851512.SI,化学制剂,20200814,2026-08-01,tushare
920566.BJ,920566.BJ,梓橦宫,801150.SI,医药生物,801151.SI,化学制药,851512.SI,化学制剂,20210813,2026-08-01,tushare
920735.BJ,920735.BJ,德源药业,801150.SI,医药生物,801151.SI,化学制药,851512.SI,化学制剂,20210219,2026-08-01,tushare
688578.SH,688578,艾力斯,801150.SI,医药生物,801151.SI,化学制药,851512.SI,化学制剂,20201123,2026-08-01,tushare
300110.SZ,300110,华仁药业,801150.SI,医药生物,801151.SI,化学制药,851512.SI,化学制剂,20100111,2026-08-01,tushare
002693.SZ,002693,双成药业,801150.SI,医药生物,801151.SI,化学制药,851512.SI,化学制剂,20220729,2026-08-01,tushare
000919.SZ,000919,金陵药业,801150.SI,医药生物,801151.SI,化学制药,851512.SI,化学制剂,20220729,2026-08-01,tushare
002872.SZ,002872,ST天圣,801150.SI,医药生物,801151.SI,化学制药,851512.SI,化学制剂,20220729,2026-08-01,tushare
002437.SZ,002437,誉衡药业,801150.SI,医药生物,801151.SI,化学制药,851512.SI,化学制剂,20100104,2026-08-01,tushare
300254.SZ,300254,仟源医药,801150.SI,医药生物,801151.SI,化学制药,851512.SI,化学制剂,20110110,2026-08-01,tushare
301263.SZ,301263,泰恩康,801150.SI,医药生物,801151.SI,化学制药,851512.SI,化学制剂,20220311,2026-08-01,tushare
300255.SZ,300255,常山药业,801150.SI,医药生物,801151.SI,化学制药,851512.SI,化学制剂,20170629,2026-08-01,tushare
300204.SZ,300204,舒泰神,801150.SI,医药生物,801151.SI,化学制药,851512.SI,化学制剂,20220729,2026-08-01,tushare
688192.SH,688192,迪哲医药-U,801150.SI,医药生物,801151.SI,化学制药,851512.SI,化学制剂,20211126,2026-08-01,tushare
688553.SH,688553,汇宇制药-W,801150.SI,医药生物,801151.SI,化学制药,851512.SI,化学制剂,20210930,2026-08-01,tushare
688373.SH,688373,盟科药业-U,801150.SI,医药生物,801151.SI,化学制药,851512.SI,化学制剂,20220725,2026-08-01,tushare
300111.SZ,300111,向日葵,801150.SI,医药生物,801151.SI,化学制药,851512.SI,化学制剂,20220729,2026-08-01,tushare
600267.SH,600267,海正药业,801150.SI,医药生物,801151.SI,化学制药,851512.SI,化学制剂,20220729,2026-08-01,tushare
002019.SZ,002019,亿帆医药,801150.SI,医药生物,801151.SI,化学制药,851512.SI,化学制剂,20210730,2026-08-01,tushare
688091.SH,688091,上海谊众,801150.SI,医药生物,801151.SI,化学制药,851512.SI,化学制剂,20210820,2026-08-01,tushare
301075.SZ,301075,多瑞医药,801150.SI,医药生物,801151.SI,化学制药,851512.SI,化学制剂,20210917,2026-08-01,tushare
688428.SH,688428,诺诚健华,801150.SI,医药生物,801151.SI,化学制药,851512.SI,化学制剂,20220902,2026-08-01,tushare
002826.SZ,002826,易明医药,801150.SI,医药生物,801151.SI,化学制药,851512.SI,化学制剂,20210730,2026-08-01,tushare
603707.SH,603707,健友股份,801150.SI,医药生物,801151.SI,化学制药,851512.SI,化学制剂,20210730,2026-08-01,tushare
600624.SH,600624,ST复华,801150.SI,医药生物,801151.SI,化学制药,851512.SI,化学制剂,20210730,2026-08-01,tushare
301507.SZ,301507,民生健康,801150.SI,医药生物,801151.SI,化学制药,851512.SI,化学制剂,20230821,2026-08-01,tushare
002370.SZ,002370,亚太药业,801150.SI,医药生物,801151.SI,化学制药,851512.SI,化学制剂,20100125,2026-08-01,tushare
002898.SZ,002898,*ST赛隆,801150.SI,医药生物,801151.SI,化学制药,851512.SI,化学制剂,20170828,2026-08-01,tushare
603669.SH,603669,灵康药业,801150.SI,医药生物,801151.SI,化学制药,851512.SI,化学制剂,20150126,2026-08-01,tushare
002004.SZ,002004,华邦健康,801150.SI,医药生物,801151.SI,化学制药,851512.SI,化学制剂,20210730,2026-08-01,tushare
688235.SH,688235,百济神州,801150.SI,医药生物,801151.SI,化学制药,851512.SI,化学制剂,20240517,2026-08-01,tushare
920017.BJ,920017.BJ,星昊医药,801150.SI,医药生物,801151.SI,化学制药,851512.SI,化学制剂,20230530,2026-08-01,tushare
002038.SZ,002038,双鹭药业,801150.SI,医药生物,801151.SI,化学制药,851512.SI,化学制剂,20240730,2026-08-01,tushare
002399.SZ,002399,海普瑞,801150.SI,医药生物,801151.SI,化学制药,851512.SI,化学制剂,20240730,2026-08-01,tushare
603207.SH,603207,小方制药,801150.SI,医药生物,801151.SI,化学制药,851512.SI,化学制剂,20240807,2026-08-01,tushare
688759.SH,688759,必贝特-U,801150.SI,医药生物,801151.SI,化学制药,851512.SI,化学制剂,20251017,2026-08-01,tushare
600842.SH,600842,中西药业(退市),801150.SI,医药生物,801151.SI,化学制药,851512.SI,化学制剂,19940311,2026-08-01,tushare
000522.SZ,000522,白云山A(退市),801150.SI,医药生物,801151.SI,化学制药,851512.SI,化学制剂,19931108,2026-08-01,tushare
300630.SZ,300630,普利退(退市),801150.SI,医药生物,801151.SI,化学制药,851512.SI,化学制剂,20170310,2026-08-01,tushare
600200.SH,600200,退市苏吴(退市),801150.SI,医药生物,801151.SI,化学制药,851512.SI,化学制剂,20190724,2026-08-01,tushare
002435.SZ,002435,ST长康(退市),801150.SI,医药生物,801151.SI,化学制药,851512.SI,化学制剂,20180713,2026-08-01,tushare
600781.SH,600781,退市辅仁(退市),801150.SI,医药生物,801151.SI,化学制药,851512.SI,化学制剂,20190724,2026-08-01,tushare
600385.SH,600385,退市金泰(退市),801150.SI,医药生物,801151.SI,化学制药,851512.SI,化学制剂,20210730,2026-08-01,tushare
000423.SZ,000423,东阿阿胶,801150.SI,医药生物,801155.SI,中药Ⅱ,851521.SI,中药Ⅲ,19960729,2026-08-01,tushare
600750.SH,600750,华润江中,801150.SI,医药生物,801155.SI,中药Ⅱ,851521.SI,中药Ⅲ,19960829,2026-08-01,tushare
000538.SZ,000538,云南白药,801150.SI,医药生物,801155.SI,中药Ⅱ,851521.SI,中药Ⅲ,19931215,2026-08-01,tushare
600671.SH,600671,天目药业,801150.SI,医药生物,801155.SI,中药Ⅱ,851521.SI,中药Ⅲ,19930823,2026-08-01,tushare
000989.SZ,000989,九芝堂,801150.SI,医药生物,801155.SI,中药Ⅱ,851521.SI,中药Ⅲ,20000628,2026-08-01,tushare
000999.SZ,000999,华润三九,801150.SI,医药生物,801155.SI,中药Ⅱ,851521.SI,中药Ⅲ,20000309,2026-08-01,tushare
600285.SH,600285,羚锐制药,801150.SI,医药生物,801155.SI,中药Ⅱ,851521.SI,中药Ⅲ,20001018,2026-08-01,tushare
600422.SH,600422,昆药集团,801150.SI,医药生物,801155.SI,中药Ⅱ,851521.SI,中药Ⅲ,20001206,2026-08-01,tushare
000590.SZ,000590,古汉医药,801150.SI,医药生物,801155.SI,中药Ⅱ,851521.SI,中药Ⅲ,19960119,2026-08-01,tushare
600080.SH,600080,ST金花,801150.SI,医药生物,801155.SI,中药Ⅱ,851521.SI,中药Ⅲ,19970612,2026-08-01,tushare
600129.SH,600129,太极集团,801150.SI,医药生物,801155.SI,中药Ⅱ,851521.SI,中药Ⅲ,19971118,2026-08-01,tushare
600085.SH,600085,同仁堂,801150.SI,医药生物,801155.SI,中药Ⅱ,851521.SI,中药Ⅲ,19970625,2026-08-01,tushare
000790.SZ,000790,华神科技,801150.SI,医药生物,801155.SI,中药Ⅱ,851521.SI,中药Ⅲ,19980327,2026-08-01,tushare
600222.SH,600222,太龙药业,801150.SI,医药生物,801155.SI,中药Ⅱ,851521.SI,中药Ⅲ,19991105,2026-08-01,tushare
600329.SH,600329,达仁堂,801150.SI,医药生物,801155.SI,中药Ⅱ,851521.SI,中药Ⅲ,20010606,2026-08-01,tushare
600332.SH,600332,白云山,801150.SI,医药生物,801155.SI,中药Ⅱ,851521.SI,中药Ⅲ,20010206,2026-08-01,tushare
600535.SH,600535,天士力,801150.SI,医药生物,801155.SI,中药Ⅱ,851521.SI,中药Ⅲ,20020823,2026-08-01,tushare
600557.SH,600557,康缘药业,801150.SI,医药生物,801155.SI,中药Ⅱ,851521.SI,中药Ⅲ,20020918,2026-08-01,tushare
600351.SH,600351,亚宝药业,801150.SI,医药生物,801155.SI,中药Ⅱ,851521.SI,中药Ⅲ,20020920,2026-08-01,tushare
600479.SH,600479,千金药业,801150.SI,医药生物,801155.SI,中药Ⅱ,851521.SI,中药Ⅲ,20040310,2026-08-01,tushare
600594.SH,600594,益佰制药,801150.SI,医药生物,801155.SI,中药Ⅱ,851521.SI,中药Ⅲ,20040319,2026-08-01,tushare
600572.SH,600572,康恩贝,801150.SI,医药生物,801155.SI,中药Ⅱ,851521.SI,中药Ⅲ,20040409,2026-08-01,tushare
600976.SH,600976,健民集团,801150.SI,医药生物,801155.SI,中药Ⅱ,851521.SI,中药Ⅲ,20040419,2026-08-01,tushare
600993.SH,600993,马应龙,801150.SI,医药生物,801155.SI,中药Ⅱ,851521.SI,中药Ⅲ,20040513,2026-08-01,tushare
600436.SH,600436,片仔癀,801150.SI,医药生物,801155.SI,中药Ⅱ,851521.SI,中药Ⅲ,20030616,2026-08-01,tushare
002198.SZ,002198,ST嘉应,801150.SI,医药生物,801155.SI,中药Ⅱ,851521.SI,中药Ⅲ,20071217,2026-08-01,tushare
000650.SZ,000650,仁和药业,801150.SI,医药生物,801155.SI,中药Ⅱ,851521.SI,中药Ⅲ,20070702,2026-08-01,tushare
002107.SZ,002107,沃华医药,801150.SI,医药生物,801155.SI,中药Ⅱ,851521.SI,中药Ⅲ,20070124,2026-08-01,tushare
002349.SZ,002349,精华制药,801150.SI,医药生物,801155.SI,中药Ⅱ,851521.SI,中药Ⅲ,20100114,2026-08-01,tushare
600518.SH,600518,康美药业,801150.SI,医药生物,801155.SI,中药Ⅱ,851521.SI,中药Ⅲ,20090115,2026-08-01,tushare
002287.SZ,002287,奇正藏药,801150.SI,医药生物,801155.SI,中药Ⅱ,851521.SI,中药Ⅲ,20090112,2026-08-01,tushare
002317.SZ,002317,众生药业,801150.SI,医药生物,801155.SI,中药Ⅱ,851521.SI,中药Ⅲ,20090123,2026-08-01,tushare
300147.SZ,300147,*ST香雪,801150.SI,医药生物,801155.SI,中药Ⅱ,851521.SI,中药Ⅲ,20100106,2026-08-01,tushare
002424.SZ,002424,ST百灵,801150.SI,医药生物,801155.SI,中药Ⅱ,851521.SI,中药Ⅲ,20100120,2026-08-01,tushare
002412.SZ,002412,汉森制药,801150.SI,医药生物,801155.SI,中药Ⅱ,851521.SI,中药Ⅲ,20100112,2026-08-01,tushare
002603.SZ,002603,以岭药业,801150.SI,医药生物,801155.SI,中药Ⅱ,851521.SI,中药Ⅲ,20110119,2026-08-01,tushare
300181.SZ,300181,佐力药业,801150.SI,医药生物,801155.SI,中药Ⅱ,851521.SI,中药Ⅲ,20110110,2026-08-01,tushare
002644.SZ,002644,佛慈制药,801150.SI,医药生物,801155.SI,中药Ⅱ,851521.SI,中药Ⅲ,20110113,2026-08-01,tushare
600252.SH,600252,中恒集团,801150.SI,医药生物,801155.SI,中药Ⅱ,851521.SI,中药Ⅲ,20110110,2026-08-01,tushare
603567.SH,603567,珍宝岛,801150.SI,医药生物,801155.SI,中药Ⅱ,851521.SI,中药Ⅲ,20150113,2026-08-01,tushare
300519.SZ,300519,新光药业,801150.SI,医药生物,801155.SI,中药Ⅱ,851521.SI,中药Ⅲ,20160624,2026-08-01,tushare
300534.SZ,300534,陇神戎发,801150.SI,医药生物,801155.SI,中药Ⅱ,851521.SI,中药Ⅲ,20160907,2026-08-01,tushare
002390.SZ,002390,信邦制药,801150.SI,医药生物,801155.SI,中药Ⅱ,851521.SI,中药Ⅲ,20131231,2026-08-01,tushare
300026.SZ,300026,红日药业,801150.SI,医药生物,801155.SI,中药Ⅱ,851521.SI,中药Ⅲ,20170629,2026-08-01,tushare
600771.SH,600771,广誉远,801150.SI,医药生物,801155.SI,中药Ⅱ,851521.SI,中药Ⅲ,20170629,2026-08-01,tushare
002873.SZ,002873,新天药业,801150.SI,医药生物,801155.SI,中药Ⅱ,851521.SI,中药Ⅲ,20170511,2026-08-01,tushare
603139.SH,603139,康惠股份,801150.SI,医药生物,801155.SI,中药Ⅱ,851521.SI,中药Ⅲ,20170330,2026-08-01,tushare
603896.SH,603896,寿仙谷,801150.SI,医药生物,801155.SI,中药Ⅱ,851521.SI,中药Ⅲ,20170504,2026-08-01,tushare
002907.SZ,002907,华森制药,801150.SI,医药生物,801155.SI,中药Ⅱ,851521.SI,中药Ⅲ,20171010,2026-08-01,tushare
002864.SZ,002864,盘龙药业,801150.SI,医药生物,801155.SI,中药Ⅱ,851521.SI,中药Ⅲ,20171108,2026-08-01,tushare
600566.SH,600566,济川药业,801150.SI,医药生物,801155.SI,中药Ⅱ,851521.SI,中药Ⅲ,20180713,2026-08-01,tushare
002728.SZ,002728,特一药业,801150.SI,医药生物,801155.SI,中药Ⅱ,851521.SI,中药Ⅲ,20190724,2026-08-01,tushare
605199.SH,605199,ST葫芦娃,801150.SI,医药生物,801155.SI,中药Ⅱ,851521.SI,中药Ⅲ,20200624,2026-08-01,tushare
603439.SH,603439,三力制药,801150.SI,医药生物,801155.SI,中药Ⅱ,851521.SI,中药Ⅲ,20200413,2026-08-01,tushare
920266.BJ,920266.BJ,生物谷,801150.SI,医药生物,801155.SI,中药Ⅱ,851521.SI,中药Ⅲ,20200727,2026-08-01,tushare
920433.BJ,920433.BJ,大唐药业,801150.SI,医药生物,801155.SI,中药Ⅱ,851521.SI,中药Ⅲ,20200727,2026-08-01,tushare
603998.SH,603998,方盛制药,801150.SI,医药生物,801155.SI,中药Ⅱ,851521.SI,中药Ⅲ,20140127,2026-08-01,tushare
002275.SZ,002275,桂林三金,801150.SI,医药生物,801155.SI,中药Ⅱ,851521.SI,中药Ⅲ,20090202,2026-08-01,tushare
000623.SZ,000623,吉林敖东,801150.SI,医药生物,801155.SI,中药Ⅱ,851521.SI,中药Ⅲ,20220729,2026-08-01,tushare
301111.SZ,301111,粤万年青,801150.SI,医药生物,801155.SI,中药Ⅱ,851521.SI,中药Ⅲ,20220729,2026-08-01,tushare
002082.SZ,002082,ST万邦,801150.SI,医药生物,801155.SI,中药Ⅱ,851521.SI,中药Ⅲ,20220729,2026-08-01,tushare
301331.SZ,301331,恩威医药,801150.SI,医药生物,801155.SI,中药Ⅱ,851521.SI,中药Ⅲ,20220902,2026-08-01,tushare
300158.SZ,300158,振东制药,801150.SI,医药生物,801155.SI,中药Ⅱ,851521.SI,中药Ⅲ,20230704,2026-08-01,tushare
002737.SZ,002737,葵花药业,801150.SI,医药生物,801155.SI,中药Ⅱ,851521.SI,中药Ⅲ,20140120,2026-08-01,tushare
603858.SH,603858,步长制药,801150.SI,医药生物,801155.SI,中药Ⅱ,851521.SI,中药Ⅲ,20161107,2026-08-01,tushare
002566.SZ,002566,益盛药业,801150.SI,医药生物,801155.SI,中药Ⅱ,851521.SI,中药Ⅲ,20110110,2026-08-01,tushare
300878.SZ,300878,维康药业,801150.SI,医药生物,801155.SI,中药Ⅱ,851521.SI,中药Ⅲ,20200810,2026-08-01,tushare
300039.SZ,300039,上海凯宝,801150.SI,医药生物,801155.SI,中药Ⅱ,851521.SI,中药Ⅲ,20090202,2026-08-01,tushare
600607.SH,600607,上实医药(退市),801150.SI,医药生物,801155.SI,中药Ⅱ,851521.SI,中药Ⅲ,19920327,2026-08-01,tushare
002118.SZ,002118,*ST紫鑫(退市),801150.SI,医药生物,801155.SI,中药Ⅱ,851521.SI,中药Ⅲ,20070301,2026-08-01,tushare
002433.SZ,002433,太安退(退市),801150.SI,医药生物,801155.SI,中药Ⅱ,851521.SI,中药Ⅲ,20100128,2026-08-01,tushare
002750.SZ,002750,龙津退(退市),801150.SI,医药生物,801155.SI,中药Ⅱ,851521.SI,中药Ⅲ,20150116,2026-08-01,tushare
603963.SH,603963,*ST大药(退市),801150.SI,医药生物,801155.SI,中药Ⅱ,851521.SI,中药Ⅲ,20170907,2026-08-01,tushare
300108.SZ,300108,*ST吉药(退市),801150.SI,医药生物,801155.SI,中药Ⅱ,851521.SI,中药Ⅲ,20170629,2026-08-01,tushare
300391.SZ,300391,长药退(退市),801150.SI,医药生物,801155.SI,中药Ⅱ,851521.SI,中药Ⅲ,20220729,2026-08-01,tushare
000403.SZ,000403,派林生物,801150.SI,医药生物,801152.SI,生物制品,851522.SI,血液制品,19960628,2026-08-01,tushare
600161.SH,600161,天坛生物,801150.SI,医药生物,801152.SI,生物制品,851522.SI,血液制品,19980616,2026-08-01,tushare
002252.SZ,002252,上海莱士,801150.SI,医药生物,801152.SI,生物制品,851522.SI,血液制品,20080102,2026-08-01,tushare
002880.SZ,002880,卫光生物,801150.SI,医药生物,801152.SI,生物制品,851522.SI,血液制品,20170605,2026-08-01,tushare
688765.SH,688765,禾元生物-U,801150.SI,医药生物,801152.SI,生物制品,851522.SI,血液制品,20250926,2026-08-01,tushare
300294.SZ,300294,博雅生物,801150.SI,医药生物,801152.SI,生物制品,851522.SI,血液制品,20120130,2026-08-01,tushare
300318.SZ,300318,博晖创新,801150.SI,医药生物,801152.SI,生物制品,851522.SI,血液制品,20240730,2026-08-01,tushare
300122.SZ,300122,智飞生物,801150.SI,医药生物,801152.SI,生物制品,851523.SI,疫苗,20100125,2026-08-01,tushare
688185.SH,688185,康希诺,801150.SI,医药生物,801152.SI,生物制品,851523.SI,疫苗,20200727,2026-08-01,tushare
300841.SZ,300841,康华生物,801150.SI,医药生物,801152.SI,生物制品,851523.SI,疫苗,20200605,2026-08-01,tushare
301207.SZ,301207,华兰疫苗,801150.SI,医药生物,801152.SI,生物制品,851523.SI,疫苗,20220128,2026-08-01,tushare
688319.SH,688319,欧林生物,801150.SI,医药生物,801152.SI,生物制品,851523.SI,疫苗,20210521,2026-08-01,tushare
688276.SH,688276,百克生物,801150.SI,医药生物,801152.SI,生物制品,851523.SI,疫苗,20210609,2026-08-01,tushare
688670.SH,688670,金迪克,801150.SI,医药生物,801152.SI,生物制品,851523.SI,疫苗,20210723,2026-08-01,tushare
300142.SZ,300142,沃森生物,801150.SI,医药生物,801152.SI,生物制品,851523.SI,疫苗,20100104,2026-08-01,tushare
002007.SZ,002007,华兰生物,801150.SI,医药生物,801152.SI,生物制品,851523.SI,疫苗,20220729,2026-08-01,tushare
300601.SZ,300601,康泰生物,801150.SI,医药生物,801152.SI,生物制品,851523.SI,疫苗,20170116,2026-08-01,tushare
688739.SH,688739,成大生物,801150.SI,医药生物,801152.SI,生物制品,851523.SI,疫苗,20211015,2026-08-01,tushare
600739.SH,600739,辽宁成大,801150.SI,医药生物,801152.SI,生物制品,851523.SI,疫苗,20190724,2026-08-01,tushare
920575.BJ,920575.BJ,*ST康乐,801150.SI,医药生物,801152.SI,生物制品,851523.SI,疫苗,20230317,2026-08-01,tushare
002680.SZ,002680,长生退(退市),801150.SI,医药生物,801152.SI,生物制品,851523.SI,疫苗,20170522,2026-08-01,tushare
600867.SH,600867,通化东宝,801150.SI,医药生物,801152.SI,生物制品,851524.SI,其他生物制品,19940824,2026-08-01,tushare
000518.SZ,000518,四环生物,801150.SI,医药生物,801152.SI,生物制品,851524.SI,其他生物制品,19930908,2026-08-01,tushare
000661.SZ,000661,长春高新,801150.SI,医药生物,801152.SI,生物制品,851524.SI,其他生物制品,19961218,2026-08-01,tushare
688137.SH,688137,近岸蛋白,801150.SI,医药生物,801152.SI,生物制品,851524.SI,其他生物制品,20220916,2026-08-01,tushare
688163.SH,688163,赛伦生物,801150.SI,医药生物,801152.SI,生物制品,851524.SI,其他生物制品,20220225,2026-08-01,tushare
300009.SZ,300009,安科生物,801150.SI,医药生物,801152.SI,生物制品,851524.SI,其他生物制品,20090122,2026-08-01,tushare
300239.SZ,300239,东宝生物,801150.SI,医药生物,801152.SI,生物制品,851524.SI,其他生物制品,20110127,2026-08-01,tushare
920547.BJ,920547.BJ,无锡晶海,801150.SI,医药生物,801152.SI,生物制品,851524.SI,其他生物制品,20231212,2026-08-01,tushare
000534.SZ,000534,万泽股份,801150.SI,医药生物,801152.SI,生物制品,851524.SI,其他生物制品,20200722,2026-08-01,tushare
688331.SH,688331,荣昌生物,801150.SI,医药生物,801152.SI,生物制品,851524.SI,其他生物制品,20220325,2026-08-01,tushare
002581.SZ,002581,*ST未名,801150.SI,医药生物,801152.SI,生物制品,851524.SI,其他生物制品,20170526,2026-08-01,tushare
300357.SZ,300357,我武生物,801150.SI,医药生物,801152.SI,生物制品,851524.SI,其他生物制品,20140108,2026-08-01,tushare
688278.SH,688278,特宝生物,801150.SI,医药生物,801152.SI,生物制品,851524.SI,其他生物制品,20200106,2026-08-01,tushare
688293.SH,688293,奥浦迈,801150.SI,医药生物,801152.SI,生物制品,851524.SI,其他生物制品,20220819,2026-08-01,tushare
688336.SH,688336,三生国健,801150.SI,医药生物,801152.SI,生物制品,851524.SI,其他生物制品,20200707,2026-08-01,tushare
603087.SH,603087,甘李药业,801150.SI,医药生物,801152.SI,生物制品,851524.SI,其他生物制品,20200612,2026-08-01,tushare
688180.SH,688180,君实生物-U,801150.SI,医药生物,801152.SI,生物制品,851524.SI,其他生物制品,20200624,2026-08-01,tushare
688520.SH,688520,神州细胞,801150.SI,医药生物,801152.SI,生物制品,851524.SI,其他生物制品,20200605,2026-08-01,tushare
688488.SH,688488,艾迪药业,801150.SI,医药生物,801152.SI,生物制品,851524.SI,其他生物制品,20200707,2026-08-01,tushare
603590.SH,603590,康辰药业,801150.SI,医药生物,801152.SI,生物制品,851524.SI,其他生物制品,20180809,2026-08-01,tushare
688136.SH,688136,科兴制药,801150.SI,医药生物,801152.SI,生物制品,851524.SI,其他生物制品,20201201,2026-08-01,tushare
688105.SH,688105,诺唯赞,801150.SI,医药生物,801152.SI,生物制品,851524.SI,其他生物制品,20220729,2026-08-01,tushare
301080.SZ,301080,百普赛斯,801150.SI,医药生物,801152.SI,生物制品,851524.SI,其他生物制品,20220729,2026-08-01,tushare
301047.SZ,301047,义翘神州,801150.SI,医药生物,801152.SI,生物制品,851524.SI,其他生物制品,20220729,2026-08-01,tushare
688687.SH,688687,凯因科技,801150.SI,医药生物,801152.SI,生物制品,851524.SI,其他生物制品,20210125,2026-08-01,tushare
688177.SH,688177,百奥泰,801150.SI,医药生物,801152.SI,生物制品,851524.SI,其他生物制品,20200204,2026-08-01,tushare
920047.BJ,920047.BJ,诺思兰德,801150.SI,医药生物,801152.SI,生物制品,851524.SI,其他生物制品,20201124,2026-08-01,tushare
920344.BJ,920344.BJ,三元基因,801150.SI,医药生物,801152.SI,生物制品,851524.SI,其他生物制品,20210108,2026-08-01,tushare
301166.SZ,301166,优宁维,801150.SI,医药生物,801152.SI,生物制品,851524.SI,其他生物制品,20211210,2026-08-01,tushare
300485.SZ,300485,赛升药业,801150.SI,医药生物,801152.SI,生物制品,851524.SI,其他生物制品,20170629,2026-08-01,tushare
688443.SH,688443,智翔金泰-U,801150.SI,医药生物,801152.SI,生物制品,851524.SI,其他生物制品,20230609,2026-08-01,tushare
301393.SZ,301393,昊帆生物,801150.SI,医药生物,801152.SI,生物制品,851524.SI,其他生物制品,20230630,2026-08-01,tushare
600211.SH,600211,西藏药业,801150.SI,医药生物,801152.SI,生物制品,851524.SI,其他生物制品,20230704,2026-08-01,tushare
002773.SZ,002773,康弘药业,801150.SI,医药生物,801152.SI,生物制品,851524.SI,其他生物制品,20240730,2026-08-01,tushare
600670.SH,600670,*ST斯达(退市),801150.SI,医药生物,801152.SI,生物制品,851524.SI,其他生物制品,19930809,2026-08-01,tushare
688806.SH,688806,N泰诺,801150.SI,医药生物,801152.SI,生物制品,851524.SI,其他生物制品,20260710,2026-08-01,tushare
601607.SH,601607,上海医药,801150.SI,医药生物,801154.SI,医药商业,851542.SI,医药流通,19940324,2026-08-01,tushare
600713.SH,600713,南京医药,801150.SI,医药生物,801154.SI,医药商业,851542.SI,医药流通,19960701,2026-08-01,tushare
000028.SZ,000028,国药一致,801150.SI,医药生物,801154.SI,医药商业,851542.SI,医药流通,19930505,2026-08-01,tushare
600272.SH,600272,开开实业,801150.SI,医药生物,801154.SI,医药商业,851542.SI,医药流通,20010228,2026-08-01,tushare
000705.SZ,000705,浙江震元,801150.SI,医药生物,801154.SI,医药商业,851542.SI,医药流通,19970410,2026-08-01,tushare
000078.SZ,000078,ST海王,801150.SI,医药生物,801154.SI,医药商业,851542.SI,医药流通,19981218,2026-08-01,tushare
002462.SZ,002462,嘉事堂,801150.SI,医药生物,801154.SI,医药商业,851542.SI,医药流通,20100105,2026-08-01,tushare
600998.SH,600998,九州通,801150.SI,医药生物,801154.SI,医药商业,851542.SI,医药流通,20100125,2026-08-01,tushare
000411.SZ,000411,英特集团,801150.SI,医药生物,801154.SI,医药商业,851542.SI,医药流通,20110110,2026-08-01,tushare
603122.SH,603122,合富中国,801150.SI,医药生物,801154.SI,医药商业,851542.SI,医药流通,20220107,2026-08-01,tushare
002788.SZ,002788,鹭燕医药,801150.SI,医药生物,801154.SI,医药商业,851542.SI,医药流通,20160125,2026-08-01,tushare
000950.SZ,000950,重药控股,801150.SI,医药生物,801154.SI,医药商业,851542.SI,医药流通,20190724,2026-08-01,tushare
300937.SZ,300937,药易购,801150.SI,医药生物,801154.SI,医药商业,851542.SI,医药流通,20210126,2026-08-01,tushare
603716.SH,603716,塞力医疗,801150.SI,医药生物,801154.SI,医药商业,851542.SI,医药流通,20161031,2026-08-01,tushare
600511.SH,600511,国药股份,801150.SI,医药生物,801154.SI,医药商业,851542.SI,医药流通,20020114,2026-08-01,tushare
603108.SH,603108,润达医疗,801150.SI,医药生物,801154.SI,医药商业,851542.SI,医药流通,20220729,2026-08-01,tushare
002589.SZ,002589,瑞康医药,801150.SI,医药生物,801154.SI,医药商业,851542.SI,医药流通,20110104,2026-08-01,tushare
600056.SH,600056,中国医药,801150.SI,医药生物,801154.SI,医药商业,851542.SI,医药流通,20140701,2026-08-01,tushare
600829.SH,600829,人民同泰,801150.SI,医药生物,801154.SI,医药商业,851542.SI,医药流通,20151102,2026-08-01,tushare
301584.SZ,301584,建发致新,801150.SI,医药生物,801154.SI,医药商业,851542.SI,医药流通,20250905,2026-08-01,tushare
600538.SH,600538,国发股份,801150.SI,医药生物,801154.SI,医药商业,851542.SI,医药流通,20210730,2026-08-01,tushare
301126.SZ,301126,达嘉维康,801150.SI,医药生物,801154.SI,医药商业,851542.SI,医药流通,20211119,2026-08-01,tushare
301015.SZ,301015,百洋医药,801150.SI,医药生物,801154.SI,医药商业,851542.SI,医药流通,20210615,2026-08-01,tushare
603368.SH,603368,柳药集团,801150.SI,医药生物,801154.SI,医药商业,851542.SI,医药流通,20140127,2026-08-01,tushare
600090.SH,600090,退市济堂(退市),801150.SI,医药生物,801154.SI,医药商业,851542.SI,医药流通,20170629,2026-08-01,tushare
600833.SH,600833,第一医药,801150.SI,医药生物,801154.SI,医药商业,851543.SI,线下药店,19940224,2026-08-01,tushare
301408.SZ,301408,华人健康,801150.SI,医药生物,801154.SI,医药商业,851543.SI,线下药店,20230213,2026-08-01,tushare
603939.SH,603939,益丰药房,801150.SI,医药生物,801154.SI,医药商业,851543.SI,线下药店,20150115,2026-08-01,tushare
603883.SH,603883,老百姓,801150.SI,医药生物,801154.SI,医药商业,851543.SI,线下药店,20150113,2026-08-01,tushare
002727.SZ,002727,一心堂,801150.SI,医药生物,801154.SI,医药商业,851543.SI,线下药店,20140120,2026-08-01,tushare
603233.SH,603233,大参林,801150.SI,医药生物,801154.SI,医药商业,851543.SI,线下药店,20170712,2026-08-01,tushare
605266.SH,605266,健之佳,801150.SI,医药生物,801154.SI,医药商业,851543.SI,线下药店,20201029,2026-08-01,tushare
301017.SZ,301017,漱玉平民,801150.SI,医药生物,801154.SI,医药商业,851543.SI,线下药店,20210615,2026-08-01,tushare
600055.SH,600055,万东医疗,801150.SI,医药生物,801153.SI,医疗器械,851532.SI,医疗设备,19970519,2026-08-01,tushare
688114.SH,688114,华大智造,801150.SI,医药生物,801153.SI,医疗器械,851532.SI,医疗设备,20220826,2026-08-01,tushare
301363.SZ,301363,美好医疗,801150.SI,医药生物,801153.SI,医疗器械,851532.SI,医疗设备,20220916,2026-08-01,tushare
600587.SH,600587,新华医疗,801150.SI,医药生物,801153.SI,医疗器械,851532.SI,医疗设备,20020927,2026-08-01,tushare
002223.SZ,002223,鱼跃医疗,801150.SI,医药生物,801153.SI,医疗器械,851532.SI,医疗设备,20080102,2026-08-01,tushare
300246.SZ,300246,宝莱特,801150.SI,医药生物,801153.SI,医疗器械,851532.SI,医疗设备,20110111,2026-08-01,tushare
300206.SZ,300206,理邦仪器,801150.SI,医药生物,801153.SI,医疗器械,851532.SI,医疗设备,20110113,2026-08-01,tushare
300298.SZ,300298,三诺生物,801150.SI,医药生物,801153.SI,医疗器械,851532.SI,医疗设备,20120106,2026-08-01,tushare
688410.SH,688410,山外山,801150.SI,医药生物,801153.SI,医疗器械,851532.SI,医疗设备,20221209,2026-08-01,tushare
300358.SZ,300358,楚天科技,801150.SI,医药生物,801153.SI,医疗器械,851532.SI,医疗设备,20140108,2026-08-01,tushare
688358.SH,688358,祥生医疗,801150.SI,医药生物,801153.SI,医疗器械,851532.SI,医疗设备,20191114,2026-08-01,tushare
688139.SH,688139,海尔生物,801150.SI,医药生物,801153.SI,医疗器械,851532.SI,医疗设备,20191011,2026-08-01,tushare
688301.SH,688301,奕瑞科技,801150.SI,医药生物,801153.SI,医疗器械,851532.SI,医疗设备,20200831,2026-08-01,tushare
688580.SH,688580,伟思医疗,801150.SI,医药生物,801153.SI,医疗器械,851532.SI,医疗设备,20200706,2026-08-01,tushare
688277.SH,688277,天智航-U,801150.SI,医药生物,801153.SI,医疗器械,851532.SI,医疗设备,20200618,2026-08-01,tushare
300753.SZ,300753,爱朋医疗,801150.SI,医药生物,801153.SI,医疗器械,851532.SI,医疗设备,20181128,2026-08-01,tushare
300760.SZ,300760,迈瑞医疗,801150.SI,医药生物,801153.SI,医疗器械,851532.SI,医疗设备,20180919,2026-08-01,tushare
300869.SZ,300869,康泰医学,801150.SI,医药生物,801153.SI,医疗器械,851532.SI,医疗设备,20200804,2026-08-01,tushare
688677.SH,688677,海泰新光,801150.SI,医药生物,801153.SI,医疗器械,851532.SI,医疗设备,20210205,2026-08-01,tushare
688626.SH,688626,翔宇医疗,801150.SI,医药生物,801153.SI,医疗器械,851532.SI,医疗设备,20210319,2026-08-01,tushare
688607.SH,688607,康众医疗,801150.SI,医药生物,801153.SI,医疗器械,851532.SI,医疗设备,20210114,2026-08-01,tushare
920278.BJ,920278.BJ,鹿得医疗,801150.SI,医药生物,801153.SI,医疗器械,851532.SI,医疗设备,20200727,2026-08-01,tushare
920925.BJ,920925.BJ,锦好医疗,801150.SI,医药生物,801153.SI,医疗器械,851532.SI,医疗设备,20211025,2026-08-01,tushare
300562.SZ,300562,乐心医疗,801150.SI,医药生物,801153.SI,医疗器械,851532.SI,医疗设备,20161107,2026-08-01,tushare
301235.SZ,301235,华康洁净,801150.SI,医药生物,801153.SI,医疗器械,851532.SI,医疗设备,20220121,2026-08-01,tushare
688271.SH,688271,联影医疗,801150.SI,医药生物,801153.SI,医疗器械,851532.SI,医疗设备,20220805,2026-08-01,tushare
301367.SZ,301367,瑞迈特,801150.SI,医药生物,801153.SI,医疗器械,851532.SI,医疗设备,20220930,2026-08-01,tushare
301290.SZ,301290,东星医疗,801150.SI,医药生物,801153.SI,医疗器械,851532.SI,医疗设备,20221111,2026-08-01,tushare
300314.SZ,300314,戴维医疗,801150.SI,医药生物,801153.SI,医疗器械,851532.SI,医疗设备,20120130,2026-08-01,tushare
300049.SZ,300049,福瑞医科,801150.SI,医药生物,801153.SI,医疗器械,851532.SI,医疗设备,20180713,2026-08-01,tushare
688273.SH,688273,麦澜德,801150.SI,医药生物,801153.SI,医疗器械,851532.SI,医疗设备,20220725,2026-08-01,tushare
688212.SH,688212,澳华内镜,801150.SI,医药生物,801153.SI,医疗器械,851532.SI,医疗设备,20211029,2026-08-01,tushare
300341.SZ,300341,麦克奥迪,801150.SI,医药生物,801153.SI,医疗器械,851532.SI,医疗设备,20230704,2026-08-01,tushare
688755.SH,688755,汉邦科技,801150.SI,医药生物,801153.SI,医疗器械,851532.SI,医疗设备,20250425,2026-08-01,tushare
301515.SZ,301515,港通医疗,801150.SI,医药生物,801153.SI,医疗器械,851532.SI,医疗设备,20230714,2026-08-01,tushare
300171.SZ,300171,东富龙,801150.SI,医药生物,801153.SI,医疗器械,851532.SI,医疗设备,20210730,2026-08-01,tushare
300030.SZ,300030,阳普医疗,801150.SI,医药生物,801153.SI,医疗器械,851532.SI,医疗设备,20090112,2026-08-01,tushare
300633.SZ,300633,开立医疗,801150.SI,医药生物,801153.SI,医疗器械,851532.SI,医疗设备,20170320,2026-08-01,tushare
301602.SZ,301602,超研股份,801150.SI,医药生物,801153.SI,医疗器械,851532.SI,医疗设备,20250103,2026-08-01,tushare
920504.BJ,920504.BJ,博迅生物,801150.SI,医药生物,801153.SI,医疗器械,851532.SI,医疗设备,20230816,2026-08-01,tushare
920992.BJ,920992.BJ,中科美菱,801150.SI,医药生物,801153.SI,医疗器械,851532.SI,医疗设备,20221026,2026-08-01,tushare
920300.BJ,920300.BJ,辰光医疗,801150.SI,医药生物,801153.SI,医疗器械,851532.SI,医疗设备,20221206,2026-08-01,tushare
688805.SH,688805,健信超导,801150.SI,医药生物,801153.SI,医疗器械,851532.SI,医疗设备,20251212,2026-08-01,tushare
300273.SZ,300273,和佳退(退市),801150.SI,医药生物,801153.SI,医疗器械,851532.SI,医疗设备,20110118,2026-08-01,tushare
600752.SH,600752,*ST哈慈(退市),801150.SI,医药生物,801153.SI,医疗器械,851532.SI,医疗设备,19960925,2026-08-01,tushare
300430.SZ,300430,*ST益通,801150.SI,医药生物,801153.SI,医疗器械,851532.SI,医疗设备,20260701,2026-08-01,tushare
600529.SH,600529,山东药玻,801150.SI,医药生物,801153.SI,医疗器械,851533.SI,医疗耗材,20020603,2026-08-01,tushare
688151.SH,688151,华强科技,801150.SI,医药生物,801153.SI,医疗器械,851533.SI,医疗耗材,20220729,2026-08-01,tushare
300003.SZ,300003,乐普医疗,801150.SI,医药生物,801153.SI,医疗器械,851533.SI,医疗耗材,20090122,2026-08-01,tushare
301234.SZ,301234,五洲医疗,801150.SI,医药生物,801153.SI,医疗器械,851533.SI,医疗耗材,20220624,2026-08-01,tushare
300238.SZ,300238,冠昊生物,801150.SI,医药生物,801153.SI,医疗器械,851533.SI,医疗耗材,20110127,2026-08-01,tushare
300326.SZ,300326,ST凯利,801150.SI,医药生物,801153.SI,医疗器械,851533.SI,医疗耗材,20120105,2026-08-01,tushare
603309.SH,603309,维力医疗,801150.SI,医药生物,801153.SI,医疗器械,851533.SI,医疗耗材,20150115,2026-08-01,tushare
300453.SZ,300453,三鑫医疗,801150.SI,医药生物,801153.SI,医疗器械,851533.SI,医疗耗材,20150106,2026-08-01,tushare
301097.SZ,301097,天益医疗,801150.SI,医药生物,801153.SI,医疗器械,851533.SI,医疗耗材,20220318,2026-08-01,tushare
300529.SZ,300529,健帆生物,801150.SI,医药生物,801153.SI,医疗器械,851533.SI,医疗耗材,20160718,2026-08-01,tushare
002382.SZ,002382,蓝帆医疗,801150.SI,医药生物,801153.SI,医疗器械,851533.SI,医疗耗材,20190121,2026-08-01,tushare
300653.SZ,300653,正海生物,801150.SI,医药生物,801153.SI,医疗器械,851533.SI,医疗耗材,20170504,2026-08-01,tushare
603880.SH,603880,南卫股份,801150.SI,医药生物,801153.SI,医疗器械,851533.SI,医疗耗材,20170726,2026-08-01,tushare
688236.SH,688236,春立医疗,801150.SI,医药生物,801153.SI,医疗器械,851533.SI,医疗耗材,20211217,2026-08-01,tushare
300677.SZ,300677,英科医疗,801150.SI,医药生物,801153.SI,医疗器械,851533.SI,医疗耗材,20170712,2026-08-01,tushare
603976.SH,603976,正川股份,801150.SI,医药生物,801153.SI,医疗器械,851533.SI,医疗耗材,20170807,2026-08-01,tushare
002901.SZ,002901,大博医疗,801150.SI,医药生物,801153.SI,医疗器械,851533.SI,医疗耗材,20170907,2026-08-01,tushare
688108.SH,688108,赛诺医疗,801150.SI,医药生物,801153.SI,医疗器械,851533.SI,医疗耗材,20191021,2026-08-01,tushare
688016.SH,688016,心脉医疗,801150.SI,医药生物,801153.SI,医疗器械,851533.SI,医疗耗材,20190708,2026-08-01,tushare
688198.SH,688198,佰仁医疗,801150.SI,医药生物,801153.SI,医疗器械,851533.SI,医疗耗材,20191129,2026-08-01,tushare
002950.SZ,002950,奥美医疗,801150.SI,医药生物,801153.SI,医疗器械,851533.SI,医疗耗材,20190306,2026-08-01,tushare
688029.SH,688029,南微医学,801150.SI,医药生物,801153.SI,医疗器械,851533.SI,医疗耗材,20190708,2026-08-01,tushare
688013.SH,688013,天臣医疗,801150.SI,医药生物,801153.SI,医疗器械,851533.SI,医疗耗材,20200914,2026-08-01,tushare
688617.SH,688617,惠泰医疗,801150.SI,医药生物,801153.SI,医疗器械,851533.SI,医疗耗材,20201223,2026-08-01,tushare
688050.SH,688050,爱博医疗,801150.SI,医药生物,801153.SI,医疗器械,851533.SI,医疗耗材,20200721,2026-08-01,tushare
688351.SH,688351,微电生理,801150.SI,医药生物,801153.SI,医疗器械,851533.SI,医疗耗材,20220812,2026-08-01,tushare
603301.SH,603301,振德医疗,801150.SI,医药生物,801153.SI,医疗器械,851533.SI,医疗耗材,20180403,2026-08-01,tushare
688366.SH,688366,昊海生科,801150.SI,医药生物,801153.SI,医疗器械,851533.SI,医疗耗材,20191021,2026-08-01,tushare
688026.SH,688026,洁特生物,801150.SI,医药生物,801153.SI,医疗器械,851533.SI,医疗耗材,20220729,2026-08-01,tushare
301033.SZ,301033,迈普医学,801150.SI,医药生物,801153.SI,医疗器械,851533.SI,医疗耗材,20210709,2026-08-01,tushare
301122.SZ,301122,采纳股份,801150.SI,医药生物,801153.SI,医疗器械,851533.SI,医疗耗材,20220114,2026-08-01,tushare
688085.SH,688085,三友医疗,801150.SI,医药生物,801153.SI,医疗器械,851533.SI,医疗耗材,20200325,2026-08-01,tushare
605369.SH,605369,拱东医疗,801150.SI,医药生物,801153.SI,医疗器械,851533.SI,医疗耗材,20200909,2026-08-01,tushare
300595.SZ,300595,欧普康视,801150.SI,医药生物,801153.SI,医疗器械,851533.SI,医疗耗材,20170116,2026-08-01,tushare
300981.SZ,300981,中红医疗,801150.SI,医药生物,801153.SI,医疗器械,851533.SI,医疗耗材,20210406,2026-08-01,tushare
603987.SH,603987,康德莱,801150.SI,医药生物,801153.SI,医疗器械,851533.SI,医疗耗材,20161107,2026-08-01,tushare
688613.SH,688613,奥精医疗,801150.SI,医药生物,801153.SI,医疗器械,851533.SI,医疗耗材,20210510,2026-08-01,tushare
002551.SZ,002551,尚荣医疗,801150.SI,医药生物,801153.SI,医疗器械,851533.SI,医疗耗材,20110117,2026-08-01,tushare
301093.SZ,301093,华兰股份,801150.SI,医药生物,801153.SI,医疗器械,851533.SI,医疗耗材,20211015,2026-08-01,tushare
603205.SH,603205,健尔康,801150.SI,医药生物,801153.SI,医疗器械,851533.SI,医疗耗材,20241018,2026-08-01,tushare
920050.BJ,920050.BJ,爱伦医疗,801150.SI,医药生物,801153.SI,医疗器械,851533.SI,医疗耗材,20260114,2026-08-01,tushare
688712.SH,688712,北芯生命,801150.SI,医药生物,801153.SI,医疗器械,851533.SI,医疗耗材,20260116,2026-08-01,tushare
301087.SZ,301087,可孚医疗,801150.SI,医药生物,801153.SI,医疗器械,851533.SI,医疗耗材,20220729,2026-08-01,tushare
603222.SH,603222,济民健康,801150.SI,医药生物,801153.SI,医疗器械,851533.SI,医疗耗材,20210730,2026-08-01,tushare
688581.SH,688581,安杰思,801150.SI,医药生物,801153.SI,医疗器械,851533.SI,医疗耗材,20230504,2026-08-01,tushare
301370.SZ,301370,国科恒泰,801150.SI,医药生物,801153.SI,医疗器械,851533.SI,医疗耗材,20230630,2026-08-01,tushare
603014.SH,603014,威高血净,801150.SI,医药生物,801153.SI,医疗器械,851533.SI,医疗耗材,20250425,2026-08-01,tushare
688161.SH,688161,威高骨科,801150.SI,医药生物,801153.SI,医疗器械,851533.SI,医疗耗材,20210615,2026-08-01,tushare
688314.SH,688314,康拓医疗,801150.SI,医药生物,801153.SI,医疗器械,851533.SI,医疗耗材,20210510,2026-08-01,tushare
301188.SZ,301188,力诺药包,801150.SI,医药生物,801153.SI,医疗器械,851533.SI,医疗耗材,20241115,2026-08-01,tushare
603718.SH,603718,*ST海利,801150.SI,医药生物,801153.SI,医疗器械,851533.SI,医疗耗材,20260130,2026-08-01,tushare
301580.SZ,301580,爱迪特,801150.SI,医药生物,801153.SI,医疗器械,851533.SI,医疗耗材,20240614,2026-08-01,tushare
688576.SH,688576,西山科技,801150.SI,医药生物,801153.SI,医疗器械,851533.SI,医疗耗材,20240730,2026-08-01,tushare
920069.BJ,920069.BJ,普昂医疗,801150.SI,医药生物,801153.SI,医疗器械,851533.SI,医疗耗材,20260327,2026-08-01,tushare
920180.BJ,920180.BJ,爱得科技,801150.SI,医药生物,801153.SI,医疗器械,851533.SI,医疗耗材,20260210,2026-08-01,tushare
920166.BJ,920166.BJ,海圣医疗,801150.SI,医药生物,801153.SI,医疗器械,851533.SI,医疗耗材,20260210,2026-08-01,tushare
920072.BJ,920072.BJ,科莱瑞迪,801150.SI,医药生物,801153.SI,医疗器械,851533.SI,医疗耗材,20260626,2026-08-01,tushare
002022.SZ,002022,科华生物,801150.SI,医药生物,801153.SI,医疗器械,851534.SI,体外诊断,20040719,2026-08-01,tushare
002030.SZ,002030,达安基因,801150.SI,医药生物,801153.SI,医疗器械,851534.SI,体外诊断,20040806,2026-08-01,tushare
300396.SZ,300396,ST迪瑞,801150.SI,医药生物,801153.SI,医疗器械,851534.SI,体外诊断,20140110,2026-08-01,tushare
300439.SZ,300439,美康生物,801150.SI,医药生物,801153.SI,医疗器械,851534.SI,体外诊断,20150113,2026-08-01,tushare
300463.SZ,300463,迈克生物,801150.SI,医药生物,801153.SI,医疗器械,851534.SI,体外诊断,20150525,2026-08-01,tushare
300482.SZ,300482,万孚生物,801150.SI,医药生物,801153.SI,医疗器械,851534.SI,体外诊断,20150116,2026-08-01,tushare
300406.SZ,300406,九强生物,801150.SI,医药生物,801153.SI,医疗器械,851534.SI,体外诊断,20140124,2026-08-01,tushare
300685.SZ,300685,艾德生物,801150.SI,医药生物,801153.SI,医疗器械,851534.SI,体外诊断,20170726,2026-08-01,tushare
603387.SH,603387,基蛋生物,801150.SI,医药生物,801153.SI,医疗器械,851534.SI,体外诊断,20170628,2026-08-01,tushare
300642.SZ,300642,透景生命,801150.SI,医药生物,801153.SI,医疗器械,851534.SI,体外诊断,20170419,2026-08-01,tushare
300639.SZ,300639,凯普生物,801150.SI,医药生物,801153.SI,医疗器械,851534.SI,体外诊断,20170330,2026-08-01,tushare
688399.SH,688399,硕世生物,801150.SI,医药生物,801153.SI,医疗器械,851534.SI,体外诊断,20191120,2026-08-01,tushare
688389.SH,688389,普门科技,801150.SI,医药生物,801153.SI,医疗器械,851534.SI,体外诊断,20191023,2026-08-01,tushare
688068.SH,688068,热景生物,801150.SI,医药生物,801153.SI,医疗器械,851534.SI,体外诊断,20190911,2026-08-01,tushare
688289.SH,688289,圣湘生物,801150.SI,医药生物,801153.SI,医疗器械,851534.SI,体外诊断,20200811,2026-08-01,tushare
688338.SH,688338,赛科希德,801150.SI,医药生物,801153.SI,医疗器械,851534.SI,体外诊断,20200721,2026-08-01,tushare
300832.SZ,300832,新产业,801150.SI,医药生物,801153.SI,医疗器械,851534.SI,体外诊断,20200427,2026-08-01,tushare
688393.SH,688393,安必平,801150.SI,医药生物,801153.SI,医疗器械,851534.SI,体外诊断,20200804,2026-08-01,tushare
002932.SZ,002932,*ST明德,801150.SI,医药生物,801153.SI,医疗器械,851534.SI,体外诊断,20180706,2026-08-01,tushare
688606.SH,688606,奥泰生物,801150.SI,医药生物,801153.SI,医疗器械,851534.SI,体外诊断,20210312,2026-08-01,tushare
688468.SH,688468,科美诊断,801150.SI,医药生物,801153.SI,医疗器械,851534.SI,体外诊断,20210325,2026-08-01,tushare
688575.SH,688575,亚辉龙,801150.SI,医药生物,801153.SI,医疗器械,851534.SI,体外诊断,20210426,2026-08-01,tushare
688217.SH,688217,睿昂基因,801150.SI,医药生物,801153.SI,医疗器械,851534.SI,体外诊断,20210426,2026-08-01,tushare
688298.SH,688298,东方生物,801150.SI,医药生物,801153.SI,医疗器械,851534.SI,体外诊断,20200108,2026-08-01,tushare
688317.SH,688317,之江生物,801150.SI,医药生物,801153.SI,医疗器械,851534.SI,体外诊断,20210104,2026-08-01,tushare
688067.SH,688067,爱威科技,801150.SI,医药生物,801153.SI,医疗器械,851534.SI,体外诊断,20210531,2026-08-01,tushare
300289.SZ,300289,利德曼,801150.SI,医药生物,801153.SI,医疗器械,851534.SI,体外诊断,20120109,2026-08-01,tushare
688656.SH,688656,浩欧博,801150.SI,医药生物,801153.SI,医疗器械,851534.SI,体外诊断,20210104,2026-08-01,tushare
688193.SH,688193,仁度生物,801150.SI,医药生物,801153.SI,医疗器械,851534.SI,体外诊断,20220311,2026-08-01,tushare
603658.SH,603658,安图生物,801150.SI,医药生物,801153.SI,医疗器械,851534.SI,体外诊断,20180713,2026-08-01,tushare
600645.SH,600645,中源协和,801150.SI,医药生物,801153.SI,医疗器械,851534.SI,体外诊断,20010831,2026-08-01,tushare
688767.SH,688767,博拓生物,801150.SI,医药生物,801153.SI,医疗器械,851534.SI,体外诊断,20210820,2026-08-01,tushare
688253.SH,688253,英诺特,801150.SI,医药生物,801153.SI,医疗器械,851534.SI,体外诊断,20220715,2026-08-01,tushare
603392.SH,603392,万泰生物,801150.SI,医药生物,801153.SI,医疗器械,851534.SI,体外诊断,20260701,2026-08-01,tushare
920009.BJ,920009.BJ,丹娜生物,801150.SI,医药生物,801153.SI,医疗器械,851534.SI,体外诊断,20251024,2026-08-01,tushare
002432.SZ,002432,九安医疗,801150.SI,医药生物,801153.SI,医疗器械,851534.SI,体外诊断,20220729,2026-08-01,tushare
688075.SH,688075,安旭生物,801150.SI,医药生物,801153.SI,医疗器械,851534.SI,体外诊断,20211105,2026-08-01,tushare
300942.SZ,300942,易瑞生物,801150.SI,医药生物,801153.SI,医疗器械,851534.SI,体外诊断,20210730,2026-08-01,tushare
600807.SH,600807,济高发展,801150.SI,医药生物,801153.SI,医疗器械,851534.SI,体外诊断,20240730,2026-08-01,tushare
688426.SH,688426,康为世纪,801150.SI,医药生物,801153.SI,医疗器械,851534.SI,体外诊断,20240730,2026-08-01,tushare
300244.SZ,300244,迪安诊断,801150.SI,医药生物,801156.SI,医疗服务,851562.SI,诊断服务,20110111,2026-08-01,tushare
603882.SH,603882,金域医学,801150.SI,医药生物,801156.SI,医疗服务,851562.SI,诊断服务,20170828,2026-08-01,tushare
300676.SZ,300676,华大基因,801150.SI,医药生物,801156.SI,医疗服务,851562.SI,诊断服务,20220729,2026-08-01,tushare
301060.SZ,301060,兰卫医学,801150.SI,医药生物,801156.SI,医疗服务,851562.SI,诊断服务,20210827,2026-08-01,tushare
000710.SZ,000710,贝瑞基因,801150.SI,医药生物,801156.SI,医疗服务,851562.SI,诊断服务,20220729,2026-08-01,tushare
301257.SZ,301257,普蕊斯,801150.SI,医药生物,801156.SI,医疗服务,851563.SI,医疗研发外包,20220429,2026-08-01,tushare
688073.SH,688073,毕得医药,801150.SI,医药生物,801156.SI,医疗服务,851563.SI,医疗研发外包,20220916,2026-08-01,tushare
688238.SH,688238,和元生物,801150.SI,医药生物,801156.SI,医疗服务,851563.SI,医疗研发外包,20220304,2026-08-01,tushare
300404.SZ,300404,博济医药,801150.SI,医药生物,801156.SI,医疗服务,851563.SI,医疗研发外包,20150113,2026-08-01,tushare
301201.SZ,301201,诚达药业,801150.SI,医药生物,801156.SI,医疗服务,851563.SI,医疗研发外包,20211231,2026-08-01,tushare
603127.SH,603127,昭衍新药,801150.SI,医药生物,801156.SI,医疗服务,851563.SI,医疗研发外包,20170815,2026-08-01,tushare
688202.SH,688202,美迪西,801150.SI,医药生物,801156.SI,医疗服务,851563.SI,医疗研发外包,20191021,2026-08-01,tushare
300759.SZ,300759,康龙化成,801150.SI,医药生物,801156.SI,医疗服务,851563.SI,医疗研发外包,20190124,2026-08-01,tushare
688046.SH,688046,药康生物,801150.SI,医药生物,801156.SI,医疗服务,851563.SI,医疗研发外包,20220401,2026-08-01,tushare
688222.SH,688222,成都先导,801150.SI,医药生物,801156.SI,医疗服务,851563.SI,医疗研发外包,20200330,2026-08-01,tushare
920670.BJ,920670.BJ,数字人,801150.SI,医药生物,801156.SI,医疗服务,851563.SI,医疗研发外包,20201208,2026-08-01,tushare
603259.SH,603259,药明康德,801150.SI,医药生物,801156.SI,医疗服务,851563.SI,医疗研发外包,20180507,2026-08-01,tushare
688621.SH,688621,阳光诺和,801150.SI,医药生物,801156.SI,医疗服务,851563.SI,医疗研发外包,20210607,2026-08-01,tushare
301230.SZ,301230,泓博医药,801150.SI,医药生物,801156.SI,医疗服务,851563.SI,医疗研发外包,20220930,2026-08-01,tushare
688131.SH,688131,皓元医药,801150.SI,医药生物,801156.SI,医疗服务,851563.SI,医疗研发外包,20220729,2026-08-01,tushare
300149.SZ,300149,睿智医药,801150.SI,医药生物,801156.SI,医疗服务,851563.SI,医疗研发外包,20190513,2026-08-01,tushare
688265.SH,688265,南模生物,801150.SI,医药生物,801156.SI,医疗服务,851563.SI,医疗研发外包,20211210,2026-08-01,tushare
301096.SZ,301096,百诚医药,801150.SI,医药生物,801156.SI,医疗服务,851563.SI,医疗研发外包,20211203,2026-08-01,tushare
600721.SH,600721,百花医药,801150.SI,医药生物,801156.SI,医疗服务,851563.SI,医疗研发外包,20110110,2026-08-01,tushare
300363.SZ,300363,博腾股份,801150.SI,医药生物,801156.SI,医疗服务,851563.SI,医疗研发外包,20210730,2026-08-01,tushare
688796.SH,688796,百奥赛图,801150.SI,医药生物,801156.SI,医疗服务,851563.SI,医疗研发外包,20251201,2026-08-01,tushare
301333.SZ,301333,诺思格,801150.SI,医药生物,801156.SI,医疗服务,851563.SI,医疗研发外包,20220725,2026-08-01,tushare
002821.SZ,002821,凯莱英,801150.SI,医药生物,801156.SI,医疗服务,851563.SI,医疗研发外包,20210730,2026-08-01,tushare
300725.SZ,300725,药石科技,801150.SI,医药生物,801156.SI,医疗服务,851563.SI,医疗研发外包,20210730,2026-08-01,tushare
301509.SZ,301509,金凯生科,801150.SI,医药生物,801156.SI,医疗服务,851563.SI,医疗研发外包,20230714,2026-08-01,tushare
603456.SH,603456,九洲药业,801150.SI,医药生物,801156.SI,医疗服务,851563.SI,医疗研发外包,20230704,2026-08-01,tushare
300347.SZ,300347,泰格医药,801150.SI,医药生物,801156.SI,医疗服务,851563.SI,医疗研发外包,20120109,2026-08-01,tushare
300683.SZ,300683,海特生物,801150.SI,医药生物,801156.SI,医疗服务,851563.SI,医疗研发外包,20240730,2026-08-01,tushare
688710.SH,688710,益诺思,801150.SI,医药生物,801156.SI,医疗服务,851563.SI,医疗研发外包,20240816,2026-08-01,tushare
301520.SZ,301520,万邦医药,801150.SI,医药生物,801156.SI,医疗服务,851563.SI,医疗研发外包,20230908,2026-08-01,tushare
301267.SZ,301267,华厦眼科,801150.SI,医药生物,801156.SI,医疗服务,851564.SI,医院,20221104,2026-08-01,tushare
002044.SZ,002044,美年健康,801150.SI,医药生物,801156.SI,医疗服务,851564.SI,医院,20050411,2026-08-01,tushare
301103.SZ,301103,何氏眼科,801150.SI,医药生物,801156.SI,医疗服务,851564.SI,医院,20220304,2026-08-01,tushare
301239.SZ,301239,普瑞眼科,801150.SI,医药生物,801156.SI,医疗服务,851564.SI,医院,20220610,2026-08-01,tushare
300015.SZ,300015,爱尔眼科,801150.SI,医药生物,801156.SI,医疗服务,851564.SI,医院,20090112,2026-08-01,tushare
002219.SZ,002219,新里程,801150.SI,医药生物,801156.SI,医疗服务,851564.SI,医院,20151102,2026-08-01,tushare
000516.SZ,000516,国际医学,801150.SI,医药生物,801156.SI,医疗服务,851564.SI,医院,20190513,2026-08-01,tushare
002173.SZ,002173,创新医疗,801150.SI,医药生物,801156.SI,医疗服务,851564.SI,医院,20180713,2026-08-01,tushare
002524.SZ,002524,光正眼科,801150.SI,医药生物,801156.SI,医疗服务,851564.SI,医院,20190724,2026-08-01,tushare
600763.SH,600763,通策医疗,801150.SI,医药生物,801156.SI,医疗服务,851564.SI,医院,20070702,2026-08-01,tushare
301293.SZ,301293,三博脑科,801150.SI,医药生物,801156.SI,医疗服务,851564.SI,医院,20230414,2026-08-01,tushare
300143.SZ,300143,盈康生命,801150.SI,医药生物,801156.SI,医疗服务,851564.SI,医院,20180713,2026-08-01,tushare
600568.SH,600568,ST中珠,801150.SI,医药生物,801156.SI,医疗服务,851564.SI,医院,20210730,2026-08-01,tushare
002622.SZ,002622,皓宸医疗,801150.SI,医药生物,801156.SI,医疗服务,851564.SI,医院,20230704,2026-08-01,tushare
002172.SZ,002172,澳洋健康,801150.SI,医药生物,801156.SI,医疗服务,851564.SI,医院,20220729,2026-08-01,tushare
000150.SZ,000150,*ST宜康(退市),801150.SI,医药生物,801156.SI,医疗服务,851564.SI,医院,20150701,2026-08-01,tushare
600896.SH,600896,退市海医(退市),801150.SI,医药生物,801156.SI,医疗服务,851564.SI,医院,20170629,2026-08-01,tushare
000504.SZ,000504,南华生物,801150.SI,医药生物,801156.SI,医疗服务,851565.SI,其他医疗服务,19921208,2026-08-01,tushare
688315.SH,688315,诺禾致源,801150.SI,医药生物,801156.SI,医疗服务,851565.SI,其他医疗服务,20210325,2026-08-01,tushare
000531.SZ,000531,穗恒运A,801160.SI,公用事业,801161.SI,电力,851611.SI,火力发电,19940106,2026-08-01,tushare
600863.SH,600863,华能蒙电,801160.SI,公用事业,801161.SI,电力,851611.SI,火力发电,19940520,2026-08-01,tushare
600726.SH,600726,华电能源,801160.SI,公用事业,801161.SI,电力,851611.SI,火力发电,19960701,2026-08-01,tushare
600744.SH,600744,华银电力,801160.SI,公用事业,801161.SI,电力,851611.SI,火力发电,19960905,2026-08-01,tushare
000027.SZ,000027,深圳能源,801160.SI,公用事业,801161.SI,电力,851611.SI,火力发电,19930903,2026-08-01,tushare
000539.SZ,000539,粤电力A,801160.SI,公用事业,801161.SI,电力,851611.SI,火力发电,19931126,2026-08-01,tushare
000543.SZ,000543,皖能电力,801160.SI,公用事业,801161.SI,电力,851611.SI,火力发电,19931220,2026-08-01,tushare
600642.SH,600642,申能股份,801160.SI,公用事业,801161.SI,电力,851611.SI,火力发电,19930416,2026-08-01,tushare
000966.SZ,000966,长源电力,801160.SI,公用事业,801161.SI,电力,851611.SI,火力发电,20000224,2026-08-01,tushare
600011.SH,600011,华能国际,801160.SI,公用事业,801161.SI,电力,851611.SI,火力发电,20011206,2026-08-01,tushare
600098.SH,600098,广州发展,801160.SI,公用事业,801161.SI,电力,851611.SI,火力发电,19970718,2026-08-01,tushare
600795.SH,600795,国电电力,801160.SI,公用事业,801161.SI,电力,851611.SI,火力发电,19970318,2026-08-01,tushare
000767.SZ,000767,晋控电力,801160.SI,公用事业,801161.SI,电力,851611.SI,火力发电,19970609,2026-08-01,tushare
000899.SZ,000899,赣能股份,801160.SI,公用事业,801161.SI,电力,851611.SI,火力发电,19971126,2026-08-01,tushare
001896.SZ,001896,豫能控股,801160.SI,公用事业,801161.SI,电力,851611.SI,火力发电,19980122,2026-08-01,tushare
600021.SH,600021,上海电力,801160.SI,公用事业,801161.SI,电力,851611.SI,火力发电,20031027,2026-08-01,tushare
600027.SH,600027,华电国际,801160.SI,公用事业,801161.SI,电力,851611.SI,火力发电,20050203,2026-08-01,tushare
000600.SZ,000600,建投能源,801160.SI,公用事业,801161.SI,电力,851611.SI,火力发电,20060907,2026-08-01,tushare
601991.SH,601991,大唐发电,801160.SI,公用事业,801161.SI,电力,851611.SI,火力发电,20061219,2026-08-01,tushare
000690.SZ,000690,宝新能源,801160.SI,公用事业,801161.SI,电力,851611.SI,火力发电,20170526,2026-08-01,tushare
600396.SH,600396,华电辽能,801160.SI,公用事业,801161.SI,电力,851611.SI,火力发电,20170526,2026-08-01,tushare
600578.SH,600578,京能电力,801160.SI,公用事业,801161.SI,电力,851611.SI,火力发电,20170629,2026-08-01,tushare
002608.SZ,002608,江苏国信,801160.SI,公用事业,801161.SI,电力,851611.SI,火力发电,20180713,2026-08-01,tushare
001286.SZ,001286,陕西能源,801160.SI,公用事业,801161.SI,电力,851611.SI,火力发电,20230504,2026-08-01,tushare
000037.SZ,000037,深南电A,801160.SI,公用事业,801161.SI,电力,851611.SI,火力发电,20220729,2026-08-01,tushare
600509.SH,600509,天富能源,801160.SI,公用事业,801161.SI,电力,851611.SI,火力发电,20210730,2026-08-01,tushare
600780.SH,600780,通宝能源,801160.SI,公用事业,801161.SI,电力,851611.SI,火力发电,20120702,2026-08-01,tushare
600023.SH,600023,浙能电力,801160.SI,公用事业,801161.SI,电力,851611.SI,火力发电,20130121,2026-08-01,tushare
000602.SZ,000602,金马集团(退市),801160.SI,公用事业,801161.SI,电力,851611.SI,火力发电,20020830,2026-08-01,tushare
600575.SH,600575,淮河能源,801160.SI,公用事业,801161.SI,电力,851611.SI,火力发电,20260701,2026-08-01,tushare
000993.SZ,000993,闽东电力,801160.SI,公用事业,801161.SI,电力,851612.SI,水力发电,20000731,2026-08-01,tushare
600236.SH,600236,桂冠电力,801160.SI,公用事业,801161.SI,电力,851612.SI,水力发电,20000323,2026-08-01,tushare
600900.SH,600900,长江电力,801160.SI,公用事业,801161.SI,电力,851612.SI,水力发电,20031111,2026-08-01,tushare
002039.SZ,002039,黔源电力,801160.SI,公用事业,801161.SI,电力,851612.SI,水力发电,20050302,2026-08-01,tushare
600674.SH,600674,川投能源,801160.SI,公用事业,801161.SI,电力,851612.SI,水力发电,20110110,2026-08-01,tushare
600886.SH,600886,国投电力,801160.SI,公用事业,801161.SI,电力,851612.SI,水力发电,20170629,2026-08-01,tushare
000601.SZ,000601,韶能股份,801160.SI,公用事业,801161.SI,电力,851612.SI,水力发电,20170526,2026-08-01,tushare
600025.SH,600025,华能水电,801160.SI,公用事业,801161.SI,电力,851612.SI,水力发电,20171121,2026-08-01,tushare
000791.SZ,000791,甘肃能源,801160.SI,公用事业,801161.SI,电力,851612.SI,水力发电,20130104,2026-08-01,tushare
000722.SZ,000722,湖南发展,801160.SI,公用事业,801161.SI,电力,851612.SI,水力发电,20130104,2026-08-01,tushare
600868.SH,600868,梅雁吉祥,801160.SI,公用事业,801161.SI,电力,851612.SI,水力发电,20240730,2026-08-01,tushare
600292.SH,600292,电投水电,801160.SI,公用事业,801161.SI,电力,851612.SI,水力发电,20260701,2026-08-01,tushare
600719.SH,600719,大连热电,801160.SI,公用事业,801161.SI,电力,851614.SI,热力服务,19960716,2026-08-01,tushare
000692.SZ,000692,惠天热电,801160.SI,公用事业,801161.SI,电力,851614.SI,热力服务,19970227,2026-08-01,tushare
600167.SH,600167,联美控股,801160.SI,公用事业,801161.SI,电力,851614.SI,热力服务,19990128,2026-08-01,tushare
600982.SH,600982,宁波能源,801160.SI,公用事业,801161.SI,电力,851614.SI,热力服务,20040629,2026-08-01,tushare
002479.SZ,002479,富春环保,801160.SI,公用事业,801161.SI,电力,851614.SI,热力服务,20100120,2026-08-01,tushare
002893.SZ,002893,京能热力,801160.SI,公用事业,801161.SI,电力,851614.SI,热力服务,20170815,2026-08-01,tushare
002015.SZ,002015,协鑫能科,801160.SI,公用事业,801161.SI,电力,851614.SI,热力服务,20200722,2026-08-01,tushare
605162.SH,605162,新中港,801160.SI,公用事业,801161.SI,电力,851614.SI,热力服务,20210622,2026-08-01,tushare
001210.SZ,001210,金房能源,801160.SI,公用事业,801161.SI,电力,851614.SI,热力服务,20210622,2026-08-01,tushare
600226.SH,600226,亨通股份,801160.SI,公用事业,801161.SI,电力,851614.SI,热力服务,20220729,2026-08-01,tushare
605011.SH,605011,杭州热电,801160.SI,公用事业,801161.SI,电力,851614.SI,热力服务,20210615,2026-08-01,tushare
605580.SH,605580,恒盛能源,801160.SI,公用事业,801161.SI,电力,851614.SI,热力服务,20210813,2026-08-01,tushare
600052.SH,600052,东望时代,801160.SI,公用事业,801161.SI,电力,851614.SI,热力服务,20230704,2026-08-01,tushare
300335.SZ,300335,迪森股份,801160.SI,公用事业,801161.SI,电力,851614.SI,热力服务,20120130,2026-08-01,tushare
605028.SH,605028,世茂能源,801160.SI,公用事业,801161.SI,电力,851614.SI,热力服务,20210607,2026-08-01,tushare
600149.SH,600149,廊坊发展,801160.SI,公用事业,801161.SI,电力,851614.SI,热力服务,20210730,2026-08-01,tushare
001376.SZ,001376,百通能源,801160.SI,公用事业,801161.SI,电力,851614.SI,热力服务,20231027,2026-08-01,tushare
600475.SH,600475,华光环能,801160.SI,公用事业,801161.SI,电力,851614.SI,热力服务,20240730,2026-08-01,tushare
603071.SH,603071,物产环能,801160.SI,公用事业,801161.SI,电力,851614.SI,热力服务,20260701,2026-08-01,tushare
000591.SZ,000591,太阳能,801160.SI,公用事业,801161.SI,电力,851616.SI,光伏发电,19960208,2026-08-01,tushare
300125.SZ,300125,*ST聆达,801160.SI,公用事业,801161.SI,电力,851616.SI,光伏发电,20100120,2026-08-01,tushare
002617.SZ,002617,露笑科技,801160.SI,公用事业,801161.SI,电力,851616.SI,光伏发电,20110908,2026-08-01,tushare
601908.SH,601908,京运通,801160.SI,公用事业,801161.SI,电力,851616.SI,光伏发电,20110826,2026-08-01,tushare
002256.SZ,002256,兆新股份,801160.SI,公用事业,801161.SI,电力,851616.SI,光伏发电,20190724,2026-08-01,tushare
603105.SH,603105,芯能科技,801160.SI,公用事业,801161.SI,电力,851616.SI,光伏发电,20180626,2026-08-01,tushare
600821.SH,600821,金开新能,801160.SI,公用事业,801161.SI,电力,851616.SI,光伏发电,20220729,2026-08-01,tushare
600032.SH,600032,浙江新能,801160.SI,公用事业,801161.SI,电力,851616.SI,光伏发电,20210415,2026-08-01,tushare
601778.SH,601778,晶科科技,801160.SI,公用事业,801161.SI,电力,851616.SI,光伏发电,20200427,2026-08-01,tushare
300317.SZ,300317,珈伟新能,801160.SI,公用事业,801161.SI,电力,851616.SI,光伏发电,20170629,2026-08-01,tushare
601222.SH,601222,林洋能源,801160.SI,公用事业,801161.SI,电力,851616.SI,光伏发电,20210730,2026-08-01,tushare
002480.SZ,002480,新筑股份,801160.SI,公用事业,801161.SI,电力,851616.SI,光伏发电,20230704,2026-08-01,tushare
002218.SZ,002218,拓日新能,801160.SI,公用事业,801161.SI,电力,851616.SI,光伏发电,20240730,2026-08-01,tushare
000040.SZ,000040,*ST旭蓝(退市),801160.SI,公用事业,801161.SI,电力,851616.SI,光伏发电,20171116,2026-08-01,tushare
002310.SZ,002310,东方新能,801160.SI,公用事业,801161.SI,电力,851616.SI,光伏发电,20260701,2026-08-01,tushare
600930.SH,600930,华电新能,801160.SI,公用事业,801161.SI,电力,851617.SI,风力发电,20250627,2026-08-01,tushare
000862.SZ,000862,银星能源,801160.SI,公用事业,801161.SI,电力,851617.SI,风力发电,19980915,2026-08-01,tushare
600163.SH,600163,中闽能源,801160.SI,公用事业,801161.SI,电力,851617.SI,风力发电,19980602,2026-08-01,tushare
000537.SZ,000537,绿发电力,801160.SI,公用事业,801161.SI,电力,851617.SI,风力发电,20220826,2026-08-01,tushare
001258.SZ,001258,立新能源,801160.SI,公用事业,801161.SI,电力,851617.SI,风力发电,20220708,2026-08-01,tushare
601016.SH,601016,节能风电,801160.SI,公用事业,801161.SI,电力,851617.SI,风力发电,20140110,2026-08-01,tushare
000155.SZ,000155,川能动力,801160.SI,公用事业,801161.SI,电力,851617.SI,风力发电,20190724,2026-08-01,tushare
601619.SH,601619,嘉泽新能,801160.SI,公用事业,801161.SI,电力,851617.SI,风力发电,20170712,2026-08-01,tushare
001289.SZ,001289,龙源电力,801160.SI,公用事业,801161.SI,电力,851617.SI,风力发电,20220218,2026-08-01,tushare
603693.SH,603693,江苏新能,801160.SI,公用事业,801161.SI,电力,851617.SI,风力发电,20180703,2026-08-01,tushare
600905.SH,600905,三峡能源,801160.SI,公用事业,801161.SI,电力,851617.SI,风力发电,20210510,2026-08-01,tushare
000507.SZ,000507,珠海港,801160.SI,公用事业,801161.SI,电力,851617.SI,风力发电,20230704,2026-08-01,tushare
600956.SH,600956,新天绿能,801160.SI,公用事业,801161.SI,电力,851617.SI,风力发电,20210730,2026-08-01,tushare
002053.SZ,002053,云南能投,801160.SI,公用事业,801161.SI,电力,851617.SI,风力发电,20241206,2026-08-01,tushare
000939.SZ,000939,凯迪退(退市),801160.SI,公用事业,801161.SI,电力,851617.SI,风力发电,20170522,2026-08-01,tushare
000595.SZ,000595,新能股份,801160.SI,公用事业,801161.SI,电力,851617.SI,风力发电,20260701,2026-08-01,tushare
001248.SZ,001248,华润新能源,801160.SI,公用事业,801161.SI,电力,851617.SI,风力发电,20260619,2026-08-01,tushare
003816.SZ,003816,中国广核,801160.SI,公用事业,801161.SI,电力,851618.SI,核力发电,20190808,2026-08-01,tushare
601985.SH,601985,中国核电,801160.SI,公用事业,801161.SI,电力,851618.SI,核力发电,20150610,2026-08-01,tushare
000958.SZ,000958,电投产融,801160.SI,公用事业,801161.SI,电力,851618.SI,核力发电,20260701,2026-08-01,tushare
002616.SZ,002616,长青集团,801160.SI,公用事业,801161.SI,电力,851619.SI,其他能源发电,20110110,2026-08-01,tushare
002060.SZ,002060,广东建工,801160.SI,公用事业,801161.SI,电力,851610.SI,电能综合服务,20220729,2026-08-01,tushare
000875.SZ,000875,电投绿能,801160.SI,公用事业,801161.SI,电力,851610.SI,电能综合服务,20190724,2026-08-01,tushare
003035.SZ,003035,南网能源,801160.SI,公用事业,801161.SI,电力,851610.SI,电能综合服务,20210108,2026-08-01,tushare
600644.SH,600644,乐山电力,801160.SI,公用事业,801161.SI,电力,851610.SI,电能综合服务,20210730,2026-08-01,tushare
600452.SH,600452,涪陵电力,801160.SI,公用事业,801161.SI,电力,851610.SI,电能综合服务,20210730,2026-08-01,tushare
000883.SZ,000883,湖北能源,801160.SI,公用事业,801161.SI,电力,851610.SI,电能综合服务,20210730,2026-08-01,tushare
600969.SH,600969,郴电国际,801160.SI,公用事业,801161.SI,电力,851610.SI,电能综合服务,20210730,2026-08-01,tushare
600505.SH,600505,西昌电力,801160.SI,公用事业,801161.SI,电力,851610.SI,电能综合服务,20210730,2026-08-01,tushare
600101.SH,600101,明星电力,801160.SI,公用事业,801161.SI,电力,851610.SI,电能综合服务,20210730,2026-08-01,tushare
600995.SH,600995,南网储能,801160.SI,公用事业,801161.SI,电力,851610.SI,电能综合服务,20210730,2026-08-01,tushare
600310.SH,600310,广西能源,801160.SI,公用事业,801161.SI,电力,851610.SI,电能综合服务,20210730,2026-08-01,tushare
600483.SH,600483,福能股份,801160.SI,公用事业,801161.SI,电力,851610.SI,电能综合服务,20210730,2026-08-01,tushare
600116.SH,600116,三峡水利,801160.SI,公用事业,801161.SI,电力,851610.SI,电能综合服务,20210730,2026-08-01,tushare
600979.SH,600979,广安爱众,801160.SI,公用事业,801161.SI,电力,851610.SI,电能综合服务,20210730,2026-08-01,tushare
300040.SZ,300040,九洲集团,801160.SI,公用事业,801161.SI,电力,851610.SI,电能综合服务,20240730,2026-08-01,tushare
000631.SZ,000631,顺发恒能,801160.SI,公用事业,801161.SI,电力,851610.SI,电能综合服务,20260701,2026-08-01,tushare
600157.SH,600157,永泰能源,801160.SI,公用事业,801161.SI,电力,851610.SI,电能综合服务,20260701,2026-08-01,tushare
600333.SH,600333,长春燃气,801160.SI,公用事业,801163.SI,燃气Ⅱ,851631.SI,燃气Ⅲ,20001211,2026-08-01,tushare
002259.SZ,002259,升达林业,801160.SI,公用事业,801163.SI,燃气Ⅱ,851631.SI,燃气Ⅲ,20080125,2026-08-01,tushare
002267.SZ,002267,陕天然气,801160.SI,公用事业,801163.SI,燃气Ⅱ,851631.SI,燃气Ⅲ,20080122,2026-08-01,tushare
600917.SH,600917,重庆燃气,801160.SI,公用事业,801163.SI,燃气Ⅱ,851631.SI,燃气Ⅲ,20140110,2026-08-01,tushare
300332.SZ,300332,天壕能源,801160.SI,公用事业,801163.SI,燃气Ⅱ,851631.SI,燃气Ⅲ,20120118,2026-08-01,tushare
002700.SZ,002700,万憬能源,801160.SI,公用事业,801163.SI,燃气Ⅱ,851631.SI,燃气Ⅲ,20120111,2026-08-01,tushare
603393.SH,603393,新天然气,801160.SI,公用事业,801163.SI,燃气Ⅱ,851631.SI,燃气Ⅲ,20160831,2026-08-01,tushare
603689.SH,603689,皖天然气,801160.SI,公用事业,801163.SI,燃气Ⅱ,851631.SI,燃气Ⅲ,20161219,2026-08-01,tushare
002911.SZ,002911,佛燃能源,801160.SI,公用事业,801163.SI,燃气Ⅱ,851631.SI,燃气Ⅲ,20171108,2026-08-01,tushare
603080.SH,603080,新疆火炬,801160.SI,公用事业,801163.SI,燃气Ⅱ,851631.SI,燃气Ⅲ,20171220,2026-08-01,tushare
600681.SH,600681,百川能源,801160.SI,公用事业,801163.SI,燃气Ⅱ,851631.SI,燃气Ⅲ,20170526,2026-08-01,tushare
000407.SZ,000407,胜利股份,801160.SI,公用事业,801163.SI,燃气Ⅱ,851631.SI,燃气Ⅲ,20171215,2026-08-01,tushare
603053.SH,603053,成都燃气,801160.SI,公用事业,801163.SI,燃气Ⅱ,851631.SI,燃气Ⅲ,20191129,2026-08-01,tushare
600903.SH,600903,贵州燃气,801160.SI,公用事业,801163.SI,燃气Ⅱ,851631.SI,燃气Ⅲ,20171030,2026-08-01,tushare
000593.SZ,000593,德龙汇能,801160.SI,公用事业,801163.SI,燃气Ⅱ,851631.SI,燃气Ⅲ,20180619,2026-08-01,tushare
603706.SH,603706,东方环宇,801160.SI,公用事业,801163.SI,燃气Ⅱ,851631.SI,燃气Ⅲ,20180706,2026-08-01,tushare
605368.SH,605368,蓝天燃气,801160.SI,公用事业,801163.SI,燃气Ⅱ,851631.SI,燃气Ⅲ,20210114,2026-08-01,tushare
300435.SZ,300435,中泰股份,801160.SI,公用事业,801163.SI,燃气Ⅱ,851631.SI,燃气Ⅲ,20200224,2026-08-01,tushare
605169.SH,605169,洪通燃气,801160.SI,公用事业,801163.SI,燃气Ⅱ,851631.SI,燃气Ⅲ,20201016,2026-08-01,tushare
920010.BJ,920010.BJ,凯添燃气,801160.SI,公用事业,801163.SI,燃气Ⅱ,851631.SI,燃气Ⅲ,20200727,2026-08-01,tushare
605090.SH,605090,九丰能源,801160.SI,公用事业,801163.SI,燃气Ⅱ,851631.SI,燃气Ⅲ,20210510,2026-08-01,tushare
000669.SZ,000669,ST金鸿,801160.SI,公用事业,801163.SI,燃气Ⅱ,851631.SI,燃气Ⅲ,20130104,2026-08-01,tushare
001331.SZ,001331,胜通能源,801160.SI,公用事业,801163.SI,燃气Ⅱ,851631.SI,燃气Ⅲ,20220805,2026-08-01,tushare
600617.SH,600617,国新能源,801160.SI,公用事业,801163.SI,燃气Ⅱ,851631.SI,燃气Ⅲ,20140102,2026-08-01,tushare
600635.SH,600635,大众公用,801160.SI,公用事业,801163.SI,燃气Ⅱ,851631.SI,燃气Ⅲ,20150119,2026-08-01,tushare
600803.SH,600803,新奥股份,801160.SI,公用事业,801163.SI,燃气Ⅱ,851631.SI,燃气Ⅲ,20200831,2026-08-01,tushare
603318.SH,603318,水发燃气,801160.SI,公用事业,801163.SI,燃气Ⅱ,851631.SI,燃气Ⅲ,20210730,2026-08-01,tushare
300483.SZ,300483,首华燃气,801160.SI,公用事业,801163.SI,燃气Ⅱ,851631.SI,燃气Ⅲ,20210730,2026-08-01,tushare
601139.SH,601139,深圳燃气,801160.SI,公用事业,801163.SI,燃气Ⅱ,851631.SI,燃气Ⅲ,20090105,2026-08-01,tushare
001299.SZ,001299,美能能源,801160.SI,公用事业,801163.SI,燃气Ⅱ,851631.SI,燃气Ⅲ,20220923,2026-08-01,tushare
920014.BJ,920014.BJ,特瑞斯,801160.SI,公用事业,801163.SI,燃气Ⅱ,851631.SI,燃气Ⅲ,20221214,2026-08-01,tushare
000906.SZ,000906,浙商中拓,801170.SI,交通运输,801178.SI,物流,851782.SI,原材料供应链服务,20210615,2026-08-01,tushare
603329.SH,603329,上海雅仕,801170.SI,交通运输,801178.SI,物流,851782.SI,原材料供应链服务,20171220,2026-08-01,tushare
001202.SZ,001202,炬申股份,801170.SI,交通运输,801178.SI,物流,851782.SI,原材料供应链服务,20210415,2026-08-01,tushare
605050.SH,605050,福然德,801170.SI,交通运输,801178.SI,物流,851782.SI,原材料供应链服务,20200904,2026-08-01,tushare
600057.SH,600057,厦门象屿,801170.SI,交通运输,801178.SI,物流,851782.SI,原材料供应链服务,20020830,2026-08-01,tushare
600153.SH,600153,建发股份,801170.SI,交通运输,801178.SI,物流,851782.SI,原材料供应链服务,20111230,2026-08-01,tushare
600180.SH,600180,*ST瑞茂,801170.SI,交通运输,801178.SI,物流,851782.SI,原材料供应链服务,20121231,2026-08-01,tushare
600704.SH,600704,物产中大,801170.SI,交通运输,801178.SI,物流,851782.SI,原材料供应链服务,20190724,2026-08-01,tushare
600755.SH,600755,厦门国贸,801170.SI,交通运输,801178.SI,物流,851782.SI,原材料供应链服务,20210730,2026-08-01,tushare
002485.SZ,002485,ST雪发,801170.SI,交通运输,801178.SI,物流,851782.SI,原材料供应链服务,20250811,2026-08-01,tushare
600753.SH,600753,ST海钦,801170.SI,交通运输,801178.SI,物流,851782.SI,原材料供应链服务,20210730,2026-08-01,tushare
000626.SZ,000626,远大控股,801170.SI,交通运输,801178.SI,物流,851782.SI,原材料供应链服务,20210730,2026-08-01,tushare
600603.SH,600603,广汇物流,801170.SI,交通运输,801178.SI,物流,851782.SI,原材料供应链服务,20250811,2026-08-01,tushare
002711.SZ,002711,欧浦退(退市),801170.SI,交通运输,801178.SI,物流,851782.SI,原材料供应链服务,20140108,2026-08-01,tushare
300013.SZ,300013,新宁物流,801170.SI,交通运输,801178.SI,物流,851783.SI,中间产品及消费品供应链服务,20090112,2026-08-01,tushare
300240.SZ,300240,飞力达,801170.SI,交通运输,801178.SI,物流,851783.SI,中间产品及消费品供应链服务,20110127,2026-08-01,tushare
300350.SZ,300350,华鹏飞,801170.SI,交通运输,801178.SI,物流,851783.SI,中间产品及消费品供应链服务,20120113,2026-08-01,tushare
002769.SZ,002769,普路通,801170.SI,交通运输,801178.SI,物流,851783.SI,中间产品及消费品供应链服务,20150618,2026-08-01,tushare
002889.SZ,002889,东方嘉盛,801170.SI,交通运输,801178.SI,物流,851783.SI,中间产品及消费品供应链服务,20170712,2026-08-01,tushare
300873.SZ,300873,海晨股份,801170.SI,交通运输,801178.SI,物流,851783.SI,中间产品及消费品供应链服务,20200807,2026-08-01,tushare
603648.SH,603648,畅联股份,801170.SI,交通运输,801178.SI,物流,851783.SI,中间产品及消费品供应链服务,20170828,2026-08-01,tushare
001220.SZ,001220,世盟股份,801170.SI,交通运输,801178.SI,物流,851783.SI,中间产品及消费品供应链服务,20260116,2026-08-01,tushare
600233.SH,600233,圆通速递,801170.SI,交通运输,801178.SI,物流,851784.SI,快递,20000424,2026-08-01,tushare
002120.SZ,002120,韵达股份,801170.SI,交通运输,801178.SI,物流,851784.SI,快递,20070306,2026-08-01,tushare
002352.SZ,002352,顺丰控股,801170.SI,交通运输,801178.SI,物流,851784.SI,快递,20170301,2026-08-01,tushare
002468.SZ,002468,申通快递,801170.SI,交通运输,801178.SI,物流,851784.SI,快递,20170703,2026-08-01,tushare
603056.SH,603056,德邦股份(退市),801170.SI,交通运输,801178.SI,物流,851784.SI,快递,20220729,2026-08-01,tushare
001228.SZ,001228,永泰运,801170.SI,交通运输,801178.SI,物流,851785.SI,跨境物流,20220415,2026-08-01,tushare
603128.SH,603128,华贸物流,801170.SI,交通运输,801178.SI,物流,851785.SI,跨境物流,20120117,2026-08-01,tushare
603117.SH,603117,万林物流,801170.SI,交通运输,801178.SI,物流,851785.SI,跨境物流,20150119,2026-08-01,tushare
002800.SZ,002800,天顺股份,801170.SI,交通运输,801178.SI,物流,851785.SI,跨境物流,20260701,2026-08-01,tushare
603535.SH,603535,嘉诚国际,801170.SI,交通运输,801178.SI,物流,851785.SI,跨境物流,20170726,2026-08-01,tushare
603967.SH,603967,中创物流,801170.SI,交通运输,801178.SI,物流,851785.SI,跨境物流,20190326,2026-08-01,tushare
601598.SH,601598,中国外运,801170.SI,交通运输,801178.SI,物流,851785.SI,跨境物流,20190115,2026-08-01,tushare
603871.SH,603871,嘉友国际,801170.SI,交通运输,801178.SI,物流,851785.SI,跨境物流,20180129,2026-08-01,tushare
601156.SH,601156,东航物流,801170.SI,交通运输,801178.SI,物流,851785.SI,跨境物流,20210521,2026-08-01,tushare
603836.SH,603836,海程邦达,801170.SI,交通运输,801178.SI,物流,851785.SI,跨境物流,20210512,2026-08-01,tushare
600119.SH,600119,*ST长投,801170.SI,交通运输,801178.SI,物流,851785.SI,跨境物流,20081231,2026-08-01,tushare
001391.SZ,001391,国货航,801170.SI,交通运输,801178.SI,物流,851785.SI,跨境物流,20250103,2026-08-01,tushare
920351.BJ,920351.BJ,华光源海,801170.SI,交通运输,801178.SI,物流,851785.SI,跨境物流,20221227,2026-08-01,tushare
603066.SH,603066,音飞储存,801170.SI,交通运输,801178.SI,物流,851786.SI,仓储物流,20220729,2026-08-01,tushare
600787.SH,600787,中储股份,801170.SI,交通运输,801178.SI,物流,851786.SI,仓储物流,19970121,2026-08-01,tushare
002492.SZ,002492,恒基达鑫,801170.SI,交通运输,801178.SI,物流,851786.SI,仓储物流,20100120,2026-08-01,tushare
002930.SZ,002930,宏川智慧,801170.SI,交通运输,801178.SI,物流,851786.SI,仓储物流,20180328,2026-08-01,tushare
603713.SH,603713,密尔克卫,801170.SI,交通运输,801178.SI,物流,851786.SI,仓储物流,20180706,2026-08-01,tushare
600794.SH,600794,保税科技,801170.SI,交通运输,801178.SI,物流,851786.SI,仓储物流,20070702,2026-08-01,tushare
603569.SH,603569,长久物流,801170.SI,交通运输,801178.SI,物流,851787.SI,公路货运,20160803,2026-08-01,tushare
002010.SZ,002010,传化智联,801170.SI,交通运输,801178.SI,物流,851787.SI,公路货运,20180420,2026-08-01,tushare
603813.SH,603813,原尚股份,801170.SI,交通运输,801178.SI,物流,851787.SI,公路货运,20170815,2026-08-01,tushare
002682.SZ,002682,龙洲股份,801170.SI,交通运输,801178.SI,物流,851787.SI,公路货运,20120104,2026-08-01,tushare
000548.SZ,000548,湖南投资,801170.SI,交通运输,801179.SI,铁路公路,851731.SI,高速公路,19931220,2026-08-01,tushare
600269.SH,600269,赣粤高速,801170.SI,交通运输,801179.SI,铁路公路,851731.SI,高速公路,20000420,2026-08-01,tushare
600368.SH,600368,五洲交通,801170.SI,交通运输,801179.SI,铁路公路,851731.SI,高速公路,20001221,2026-08-01,tushare
600033.SH,600033,福建高速,801170.SI,交通运输,801179.SI,铁路公路,851731.SI,高速公路,20010209,2026-08-01,tushare
600106.SH,600106,重庆路桥,801170.SI,交通运输,801179.SI,铁路公路,851731.SI,高速公路,19970618,2026-08-01,tushare
000828.SZ,000828,东莞控股,801170.SI,交通运输,801179.SI,铁路公路,851731.SI,高速公路,19970617,2026-08-01,tushare
000429.SZ,000429,粤高速A,801170.SI,交通运输,801179.SI,铁路公路,851731.SI,高速公路,19980220,2026-08-01,tushare
000900.SZ,000900,现代投资,801170.SI,交通运输,801179.SI,铁路公路,851731.SI,高速公路,19990128,2026-08-01,tushare
600377.SH,600377,宁沪高速,801170.SI,交通运输,801179.SI,铁路公路,851731.SI,高速公路,20010116,2026-08-01,tushare
600548.SH,600548,深高速,801170.SI,交通运输,801179.SI,铁路公路,851731.SI,高速公路,20011225,2026-08-01,tushare
600350.SH,600350,山东高速,801170.SI,交通运输,801179.SI,铁路公路,851731.SI,高速公路,20020318,2026-08-01,tushare
600035.SH,600035,楚天高速,801170.SI,交通运输,801179.SI,铁路公路,851731.SI,高速公路,20040308,2026-08-01,tushare
600012.SH,600012,皖通高速,801170.SI,交通运输,801179.SI,铁路公路,851731.SI,高速公路,20030107,2026-08-01,tushare
600020.SH,600020,中原高速,801170.SI,交通运输,801179.SI,铁路公路,851731.SI,高速公路,20030801,2026-08-01,tushare
601107.SH,601107,四川成渝,801170.SI,交通运输,801179.SI,铁路公路,851731.SI,高速公路,20090106,2026-08-01,tushare
601188.SH,601188,龙江交通,801170.SI,交通运输,801179.SI,铁路公路,851731.SI,高速公路,20100118,2026-08-01,tushare
601518.SH,601518,吉林高速,801170.SI,交通运输,801179.SI,铁路公路,851731.SI,高速公路,20100118,2026-08-01,tushare
001965.SZ,001965,招商公路,801170.SI,交通运输,801179.SI,铁路公路,851731.SI,高速公路,20171221,2026-08-01,tushare
000755.SZ,000755,山西高速,801170.SI,交通运输,801179.SI,铁路公路,851731.SI,高速公路,20181119,2026-08-01,tushare
000886.SZ,000886,海南高速,801170.SI,交通运输,801179.SI,铁路公路,851731.SI,高速公路,20250811,2026-08-01,tushare
000916.SZ,000916,华北高速(退市),801170.SI,交通运输,801179.SI,铁路公路,851731.SI,高速公路,19990927,2026-08-01,tushare
600003.SH,600003,ST东北高(退市),801170.SI,交通运输,801179.SI,铁路公路,851731.SI,高速公路,19990810,2026-08-01,tushare
600611.SH,600611,大众交通,801170.SI,交通运输,801179.SI,铁路公路,851721.SI,公交,19920807,2026-08-01,tushare
600834.SH,600834,申通地铁,801170.SI,交通运输,801179.SI,铁路公路,851721.SI,公交,19920619,2026-08-01,tushare
600561.SH,600561,江西长运,801170.SI,交通运输,801179.SI,铁路公路,851721.SI,公交,20020716,2026-08-01,tushare
002357.SZ,002357,富临运业,801170.SI,交通运输,801179.SI,铁路公路,851721.SI,公交,20100125,2026-08-01,tushare
603069.SH,603069,海汽集团,801170.SI,交通运输,801179.SI,铁路公路,851721.SI,公交,20160624,2026-08-01,tushare
600650.SH,600650,锦江在线,801170.SI,交通运输,801179.SI,铁路公路,851721.SI,公交,20040401,2026-08-01,tushare
600270.SH,600270,外运发展(退市),801170.SI,交通运输,801179.SI,铁路公路,851721.SI,公交,20001228,2026-08-01,tushare
600591.SH,600591,*ST上航(退市),801170.SI,交通运输,801179.SI,铁路公路,851721.SI,公交,20021008,2026-08-01,tushare
000557.SZ,000557,西部创业,801170.SI,交通运输,801179.SI,铁路公路,851771.SI,铁路运输,19940617,2026-08-01,tushare
600125.SH,600125,铁龙物流,801170.SI,交通运输,801179.SI,铁路公路,851771.SI,铁路运输,19980511,2026-08-01,tushare
601006.SH,601006,大秦铁路,801170.SI,交通运输,801179.SI,铁路公路,851771.SI,铁路运输,20060801,2026-08-01,tushare
601333.SH,601333,广深铁路,801170.SI,交通运输,801179.SI,铁路公路,851771.SI,铁路运输,20061220,2026-08-01,tushare
601816.SH,601816,京沪高铁,801170.SI,交通运输,801179.SI,铁路公路,851771.SI,铁路运输,20200106,2026-08-01,tushare
001317.SZ,001317,三羊马,801170.SI,交通运输,801179.SI,铁路公路,851771.SI,铁路运输,20211022,2026-08-01,tushare
001213.SZ,001213,中铁特货,801170.SI,交通运输,801179.SI,铁路公路,851771.SI,铁路运输,20210820,2026-08-01,tushare
000594.SZ,000594,国恒退(退市),801170.SI,交通运输,801179.SI,铁路公路,851771.SI,铁路运输,19960320,2026-08-01,tushare
600221.SH,600221,海航控股,801170.SI,交通运输,801991.SI,航空机场,851741.SI,航空运输,20210730,2026-08-01,tushare
601021.SH,601021,春秋航空,801170.SI,交通运输,801991.SI,航空机场,851741.SI,航空运输,20210730,2026-08-01,tushare
600115.SH,600115,中国东航,801170.SI,交通运输,801991.SI,航空机场,851741.SI,航空运输,20210730,2026-08-01,tushare
600029.SH,600029,南方航空,801170.SI,交通运输,801991.SI,航空机场,851741.SI,航空运输,20210730,2026-08-01,tushare
000099.SZ,000099,中信海直,801170.SI,交通运输,801991.SI,航空机场,851741.SI,航空运输,20210730,2026-08-01,tushare
002928.SZ,002928,华夏航空,801170.SI,交通运输,801991.SI,航空机场,851741.SI,航空运输,20210730,2026-08-01,tushare
603885.SH,603885,吉祥航空,801170.SI,交通运输,801991.SI,航空机场,851741.SI,航空运输,20210730,2026-08-01,tushare
601111.SH,601111,中国国航,801170.SI,交通运输,801991.SI,航空机场,851741.SI,航空运输,20210730,2026-08-01,tushare
600897.SH,600897,厦门空港,801170.SI,交通运输,801991.SI,航空机场,851751.SI,机场,19960531,2026-08-01,tushare
600009.SH,600009,上海机场,801170.SI,交通运输,801991.SI,航空机场,851751.SI,机场,19980218,2026-08-01,tushare
600004.SH,600004,白云机场,801170.SI,交通运输,801991.SI,航空机场,851751.SI,机场,20030428,2026-08-01,tushare
000089.SZ,000089,深圳机场,801170.SI,交通运输,801991.SI,航空机场,851751.SI,机场,20210729,2026-08-01,tushare
000520.SZ,000520,凤凰航运,801170.SI,交通运输,801992.SI,航运港口,851761.SI,航运,19931025,2026-08-01,tushare
600798.SH,600798,宁波海运,801170.SI,交通运输,801992.SI,航运港口,851761.SI,航运,19970423,2026-08-01,tushare
600428.SH,600428,中远海特,801170.SI,交通运输,801992.SI,航运港口,851761.SI,航运,20020418,2026-08-01,tushare
600026.SH,600026,中远海能,801170.SI,交通运输,801992.SI,航运港口,851761.SI,航运,20020523,2026-08-01,tushare
601022.SH,601022,宁波远洋,801170.SI,交通运输,801992.SI,航运港口,851761.SI,航运,20221104,2026-08-01,tushare
601872.SH,601872,招商轮船,801170.SI,交通运输,801992.SI,航运港口,851761.SI,航运,20061130,2026-08-01,tushare
601866.SH,601866,中远海发,801170.SI,交通运输,801992.SI,航运港口,851761.SI,航运,20071211,2026-08-01,tushare
601919.SH,601919,中远海控,801170.SI,交通运输,801992.SI,航运港口,851761.SI,航运,20070626,2026-08-01,tushare
603162.SH,603162,海通发展,801170.SI,交通运输,801992.SI,航运港口,851761.SI,航运,20230224,2026-08-01,tushare
601975.SH,601975,招商南油,801170.SI,交通运输,801992.SI,航运港口,851761.SI,航运,20190104,2026-08-01,tushare
603209.SH,603209,兴通股份,801170.SI,交通运输,801992.SI,航运港口,851761.SI,航运,20220218,2026-08-01,tushare
001205.SZ,001205,盛航股份,801170.SI,交通运输,801992.SI,航运港口,851761.SI,航运,20210426,2026-08-01,tushare
603565.SH,603565,中谷物流,801170.SI,交通运输,801992.SI,航运港口,851761.SI,航运,20200821,2026-08-01,tushare
601083.SH,601083,锦江航运,801170.SI,交通运输,801992.SI,航运港口,851761.SI,航运,20231117,2026-08-01,tushare
603167.SH,603167,渤海轮渡,801170.SI,交通运输,801992.SI,航运港口,851761.SI,航运,20120130,2026-08-01,tushare
600179.SH,600179,安通控股,801170.SI,交通运输,801992.SI,航运港口,851761.SI,航运,20211203,2026-08-01,tushare
002320.SZ,002320,海峡股份,801170.SI,交通运输,801992.SI,航运港口,851761.SI,航运,20090202,2026-08-01,tushare
920571.BJ,920571.BJ,国航远洋,801170.SI,交通运输,801992.SI,航运港口,851761.SI,航运,20221214,2026-08-01,tushare
600751.SH,600751,海航科技,801170.SI,交通运输,801992.SI,航运港口,851761.SI,航运,20240730,2026-08-01,tushare
600087.SH,600087,退市长油(退市),801170.SI,交通运输,801992.SI,航运港口,851761.SI,航运,19970612,2026-08-01,tushare
000582.SZ,000582,北部湾港,801170.SI,交通运输,801992.SI,航运港口,851711.SI,港口,19951102,2026-08-01,tushare
600717.SH,600717,天津港,801170.SI,交通运输,801992.SI,航运港口,851711.SI,港口,19960614,2026-08-01,tushare
001872.SZ,001872,招商港口,801170.SI,交通运输,801992.SI,航运港口,851711.SI,港口,19930505,2026-08-01,tushare
600279.SH,600279,重庆港,801170.SI,交通运输,801992.SI,航运港口,851711.SI,港口,20000731,2026-08-01,tushare
600018.SH,600018,上港集团,801170.SI,交通运输,801992.SI,航运港口,851711.SI,港口,20000719,2026-08-01,tushare
000905.SZ,000905,厦门港务,801170.SI,交通运输,801992.SI,航运港口,851711.SI,港口,20050701,2026-08-01,tushare
002040.SZ,002040,南京港,801170.SI,交通运输,801992.SI,航运港口,851711.SI,港口,20050223,2026-08-01,tushare
600017.SH,600017,日照港,801170.SI,交通运输,801992.SI,航运港口,851711.SI,港口,20061017,2026-08-01,tushare
601008.SH,601008,连云港,801170.SI,交通运输,801992.SI,航运港口,851711.SI,港口,20070425,2026-08-01,tushare
601018.SH,601018,宁波港,801170.SI,交通运输,801992.SI,航运港口,851711.SI,港口,20100106,2026-08-01,tushare
601000.SH,601000,唐山港,801170.SI,交通运输,801992.SI,航运港口,851711.SI,港口,20100107,2026-08-01,tushare
601228.SH,601228,广州港,801170.SI,交通运输,801992.SI,航运港口,851711.SI,港口,20170310,2026-08-01,tushare
601326.SH,601326,秦港股份,801170.SI,交通运输,801992.SI,航运港口,851711.SI,港口,20170712,2026-08-01,tushare
601298.SH,601298,青岛港,801170.SI,交通运输,801992.SI,航运港口,851711.SI,港口,20190104,2026-08-01,tushare
601880.SH,601880,辽港股份,801170.SI,交通运输,801992.SI,航运港口,851711.SI,港口,20100125,2026-08-01,tushare
000088.SZ,000088,盐田港,801170.SI,交通运输,801992.SI,航运港口,851711.SI,港口,20211112,2026-08-01,tushare
600190.SH,600190,退市锦港(退市),801170.SI,交通运输,801992.SI,航运港口,851711.SI,港口,19980430,2026-08-01,tushare
000763.SZ,000763,锦州石化(退市),801170.SI,交通运输,801992.SI,航运港口,851711.SI,港口,19970915,2026-08-01,tushare
000866.SZ,000866,扬子石化(退市),801170.SI,交通运输,801992.SI,航运港口,851711.SI,港口,19980512,2026-08-01,tushare
600317.SH,600317,营口港(退市),801170.SI,交通运输,801992.SI,航运港口,851711.SI,港口,20010205,2026-08-01,tushare
000618.SZ,000618,吉林化工(退市),801170.SI,交通运输,801992.SI,航运港口,851711.SI,港口,19961015,2026-08-01,tushare
600065.SH,600065,*ST联谊(退市),801170.SI,交通运输,801992.SI,航运港口,851711.SI,港口,19970523,2026-08-01,tushare
600002.SH,600002,齐鲁石化(退市),801170.SI,交通运输,801992.SI,航运港口,851711.SI,港口,19980408,2026-08-01,tushare
T00018.SH,T00018,上港集箱(退市),801170.SI,交通运输,801992.SI,航运港口,851711.SI,港口,20000719,2026-08-01,tushare
600683.SH,600683,京投发展,801180.SI,房地产,801181.SI,房地产开发,851811.SI,住宅开发,19931025,2026-08-01,tushare
000036.SZ,000036,华联控股,801180.SI,房地产,801181.SI,房地产开发,851811.SI,住宅开发,19940617,2026-08-01,tushare
000042.SZ,000042,中洲控股,801180.SI,房地产,801181.SI,房地产开发,851811.SI,住宅开发,19940921,2026-08-01,tushare
000573.SZ,000573,粤宏远A,801180.SI,房地产,801181.SI,房地产开发,851811.SI,住宅开发,19940815,2026-08-01,tushare
600736.SH,600736,苏州高新,801180.SI,房地产,801181.SI,房地产开发,851811.SI,住宅开发,19960815,2026-08-01,tushare
000609.SZ,000609,*ST中迪,801180.SI,房地产,801181.SI,房地产开发,851811.SI,住宅开发,19961010,2026-08-01,tushare
600716.SH,600716,凤凰股份,801180.SI,房地产,801181.SI,房地产开发,851811.SI,住宅开发,19960702,2026-08-01,tushare
000002.SZ,000002,万科A,801180.SI,房地产,801181.SI,房地产开发,851811.SI,住宅开发,19910129,2026-08-01,tushare
000014.SZ,000014,沙河股份,801180.SI,房地产,801181.SI,房地产开发,851811.SI,住宅开发,19911219,2026-08-01,tushare
000011.SZ,000011,深物业A,801180.SI,房地产,801181.SI,房地产开发,851811.SI,住宅开发,19920330,2026-08-01,tushare
600606.SH,600606,绿地控股,801180.SI,房地产,801181.SI,房地产开发,851811.SI,住宅开发,19920327,2026-08-01,tushare
600657.SH,600657,信达地产,801180.SI,房地产,801181.SI,房地产开发,851811.SI,住宅开发,19921221,2026-08-01,tushare
000029.SZ,000029,深深房A,801180.SI,房地产,801181.SI,房地产开发,851811.SI,住宅开发,19930915,2026-08-01,tushare
000514.SZ,000514,渝开发,801180.SI,房地产,801181.SI,房地产开发,851811.SI,住宅开发,19930712,2026-08-01,tushare
600638.SH,600638,新黄浦,801180.SI,房地产,801181.SI,房地产开发,851811.SI,住宅开发,19930326,2026-08-01,tushare
600649.SH,600649,城投控股,801180.SI,房地产,801181.SI,房地产开发,851811.SI,住宅开发,19930518,2026-08-01,tushare
600665.SH,600665,天地源,801180.SI,房地产,801181.SI,房地产开发,851811.SI,住宅开发,19930709,2026-08-01,tushare
600675.SH,600675,中华企业,801180.SI,房地产,801181.SI,房地产开发,851811.SI,住宅开发,19930924,2026-08-01,tushare
000965.SZ,000965,天保基建,801180.SI,房地产,801181.SI,房地产开发,851811.SI,住宅开发,20000406,2026-08-01,tushare
600322.SH,600322,津投城开,801180.SI,房地产,801181.SI,房地产开发,851811.SI,住宅开发,20010806,2026-08-01,tushare
600748.SH,600748,上实发展,801180.SI,房地产,801181.SI,房地产开发,851811.SI,住宅开发,19960905,2026-08-01,tushare
000718.SZ,000718,苏宁环球,801180.SI,房地产,801181.SI,房地产开发,851811.SI,住宅开发,19970408,2026-08-01,tushare
600064.SH,600064,南京高科,801180.SI,房地产,801181.SI,房地产开发,851811.SI,住宅开发,19970506,2026-08-01,tushare
000797.SZ,000797,中国武夷,801180.SI,房地产,801181.SI,房地产开发,851811.SI,住宅开发,19970715,2026-08-01,tushare
000736.SZ,000736,中交发展,801180.SI,房地产,801181.SI,房地产开发,851811.SI,住宅开发,19970425,2026-08-01,tushare
600159.SH,600159,大龙地产,801180.SI,房地产,801181.SI,房地产开发,851811.SI,住宅开发,19980526,2026-08-01,tushare
600162.SH,600162,香江控股,801180.SI,房地产,801181.SI,房地产开发,851811.SI,住宅开发,19980609,2026-08-01,tushare
600266.SH,600266,城建发展,801180.SI,房地产,801181.SI,房地产开发,851811.SI,住宅开发,19981209,2026-08-01,tushare
000090.SZ,000090,天健集团,801180.SI,房地产,801181.SI,房地产开发,851811.SI,住宅开发,19990721,2026-08-01,tushare
600173.SH,600173,卧龙新能,801180.SI,房地产,801181.SI,房地产开发,851811.SI,住宅开发,19990415,2026-08-01,tushare
600208.SH,600208,衢州发展,801180.SI,房地产,801181.SI,房地产开发,851811.SI,住宅开发,19990623,2026-08-01,tushare
600376.SH,600376,首开股份,801180.SI,房地产,801181.SI,房地产开发,851811.SI,住宅开发,20010209,2026-08-01,tushare
600383.SH,600383,金地集团,801180.SI,房地产,801181.SI,房地产开发,851811.SI,住宅开发,20010208,2026-08-01,tushare
600533.SH,600533,栖霞建设,801180.SI,房地产,801181.SI,房地产开发,851811.SI,住宅开发,20020301,2026-08-01,tushare
600503.SH,600503,华丽家族,801180.SI,房地产,801181.SI,房地产开发,851811.SI,住宅开发,20020709,2026-08-01,tushare
600325.SH,600325,华发股份,801180.SI,房地产,801181.SI,房地产开发,851811.SI,住宅开发,20040225,2026-08-01,tushare
002016.SZ,002016,世荣兆业,801180.SI,房地产,801181.SI,房地产开发,851811.SI,住宅开发,20040708,2026-08-01,tushare
600048.SH,600048,保利发展,801180.SI,房地产,801181.SI,房地产开发,851811.SI,住宅开发,20060711,2026-08-01,tushare
601588.SH,601588,北辰实业,801180.SI,房地产,801181.SI,房地产开发,851811.SI,住宅开发,20061016,2026-08-01,tushare
002146.SZ,002146,荣盛发展,801180.SI,房地产,801181.SI,房地产开发,851811.SI,住宅开发,20070807,2026-08-01,tushare
000656.SZ,000656,金科股份,801180.SI,房地产,801181.SI,房地产开发,851811.SI,住宅开发,20070702,2026-08-01,tushare
002133.SZ,002133,广宇集团,801180.SI,房地产,801181.SI,房地产开发,851811.SI,住宅开发,20070427,2026-08-01,tushare
002208.SZ,002208,合肥城建,801180.SI,房地产,801181.SI,房地产开发,851811.SI,住宅开发,20080102,2026-08-01,tushare
002244.SZ,002244,滨江集团,801180.SI,房地产,801181.SI,房地产开发,851811.SI,住宅开发,20080108,2026-08-01,tushare
000809.SZ,000809,和展能源,801180.SI,房地产,801181.SI,房地产开发,851811.SI,住宅开发,20090109,2026-08-01,tushare
000006.SZ,000006,深振业A,801180.SI,房地产,801181.SI,房地产开发,851811.SI,住宅开发,20150930,2026-08-01,tushare
600094.SH,600094,大名城,801180.SI,房地产,801181.SI,房地产开发,851811.SI,住宅开发,20120702,2026-08-01,tushare
600708.SH,600708,光明地产,801180.SI,房地产,801181.SI,房地产开发,851811.SI,住宅开发,20151103,2026-08-01,tushare
000517.SZ,000517,荣安地产,801180.SI,房地产,801181.SI,房地产开发,851811.SI,住宅开发,20080602,2026-08-01,tushare
600510.SH,600510,黑牡丹,801180.SI,房地产,801181.SI,房地产开发,851811.SI,住宅开发,20190724,2026-08-01,tushare
000863.SZ,000863,三湘印象,801180.SI,房地产,801181.SI,房地产开发,851811.SI,住宅开发,20190724,2026-08-01,tushare
002314.SZ,002314,南山控股,801180.SI,房地产,801181.SI,房地产开发,851811.SI,住宅开发,20180713,2026-08-01,tushare
600692.SH,600692,亚通股份,801180.SI,房地产,801181.SI,房地产开发,851811.SI,住宅开发,20180713,2026-08-01,tushare
600773.SH,600773,西藏城投,801180.SI,房地产,801181.SI,房地产开发,851811.SI,住宅开发,20100104,2026-08-01,tushare
000620.SZ,000620,盈新发展,801180.SI,房地产,801181.SI,房地产开发,851811.SI,住宅开发,20120109,2026-08-01,tushare
000909.SZ,000909,*ST数源,801180.SI,房地产,801181.SI,房地产开发,851811.SI,住宅开发,20090105,2026-08-01,tushare
000838.SZ,000838,*ST发展,801180.SI,房地产,801181.SI,房地产开发,851811.SI,住宅开发,20090105,2026-08-01,tushare
600622.SH,600622,光大嘉宝,801180.SI,房地产,801181.SI,房地产开发,851811.SI,住宅开发,20140102,2026-08-01,tushare
000897.SZ,000897,津滨发展,801180.SI,房地产,801181.SI,房地产开发,851811.SI,住宅开发,19990104,2026-08-01,tushare
000926.SZ,000926,福星股份,801180.SI,房地产,801181.SI,房地产开发,851811.SI,住宅开发,19990618,2026-08-01,tushare
600515.SH,600515,海南机场,801180.SI,房地产,801181.SI,房地产开发,851811.SI,住宅开发,20230704,2026-08-01,tushare
600791.SH,600791,京能置业,801180.SI,房地产,801181.SI,房地产开发,851811.SI,住宅开发,20020508,2026-08-01,tushare
600246.SH,600246,万通发展,801180.SI,房地产,801181.SI,房地产开发,851811.SI,住宅开发,20020902,2026-08-01,tushare
000668.SZ,000668,荣丰控股,801180.SI,房地产,801181.SI,房地产开发,851811.SI,住宅开发,20240730,2026-08-01,tushare
600823.SH,600823,*ST世茂(退市),801180.SI,房地产,801181.SI,房地产开发,851811.SI,住宅开发,19931012,2026-08-01,tushare
000047.SZ,000047,ST中侨(退市),801180.SI,房地产,801181.SI,房地产开发,851811.SI,住宅开发,19941021,2026-08-01,tushare
000667.SZ,000667,ST美置(退市),801180.SI,房地产,801181.SI,房地产开发,851811.SI,住宅开发,19891101,2026-08-01,tushare
000540.SZ,000540,*ST中天(退市),801180.SI,房地产,801181.SI,房地产开发,851811.SI,住宅开发,19931206,2026-08-01,tushare
000979.SZ,000979,中弘退(退市),801180.SI,房地产,801181.SI,房地产开发,851811.SI,住宅开发,20000616,2026-08-01,tushare
600240.SH,600240,退市华业(退市),801180.SI,房地产,801181.SI,房地产开发,851811.SI,住宅开发,20000628,2026-08-01,tushare
600077.SH,600077,*ST宋都(退市),801180.SI,房地产,801181.SI,房地产开发,851811.SI,住宅开发,19970505,2026-08-01,tushare
600393.SH,600393,ST粤泰(退市),801180.SI,房地产,801181.SI,房地产开发,851811.SI,住宅开发,20010319,2026-08-01,tushare
600565.SH,600565,ST迪马(退市),801180.SI,房地产,801181.SI,房地产开发,851811.SI,住宅开发,20020723,2026-08-01,tushare
000671.SZ,000671,ST阳光城(退市),801180.SI,房地产,801181.SI,房地产开发,851811.SI,住宅开发,20070702,2026-08-01,tushare
000961.SZ,000961,ST中南(退市),801180.SI,房地产,801181.SI,房地产开发,851811.SI,住宅开发,20080102,2026-08-01,tushare
600466.SH,600466,*ST蓝光(退市),801180.SI,房地产,801181.SI,房地产开发,851811.SI,住宅开发,20080602,2026-08-01,tushare
000046.SZ,000046,*ST泛海(退市),801180.SI,房地产,801181.SI,房地产开发,851811.SI,住宅开发,20201201,2026-08-01,tushare
000732.SZ,000732,ST泰禾(退市),801180.SI,房地产,801181.SI,房地产开发,851811.SI,住宅开发,20110110,2026-08-01,tushare
000024.SZ,000024,招商地产(退市),801180.SI,房地产,801181.SI,房地产开发,851811.SI,住宅开发,20020508,2026-08-01,tushare
000918.SZ,000918,*ST嘉凯(退市),801180.SI,房地产,801181.SI,房地产开发,851811.SI,住宅开发,20100118,2026-08-01,tushare
600647.SH,600647,退市同达(退市),801180.SI,房地产,801181.SI,房地产开发,851811.SI,住宅开发,20230704,2026-08-01,tushare
600840.SH,600840,新湖创业(退市),801180.SI,房地产,801181.SI,房地产开发,851811.SI,住宅开发,20030512,2026-08-01,tushare
600663.SH,600663,陆家嘴,801180.SI,房地产,801181.SI,房地产开发,851812.SI,商业地产,19930628,2026-08-01,tushare
000069.SZ,000069,华侨城A,801180.SI,房地产,801181.SI,房地产开发,851812.SI,商业地产,20210730,2026-08-01,tushare
000608.SZ,000608,阳光股份,801180.SI,房地产,801181.SI,房地产开发,851812.SI,商业地产,20210730,2026-08-01,tushare
601155.SH,601155,新城控股,801180.SI,房地产,801181.SI,房地产开发,851812.SI,商业地产,20210730,2026-08-01,tushare
002305.SZ,002305,*ST南置,801180.SI,房地产,801181.SI,房地产开发,851812.SI,商业地产,20210730,2026-08-01,tushare
600239.SH,600239,ST云城,801180.SI,房地产,801181.SI,房地产开发,851812.SI,商业地产,20230704,2026-08-01,tushare
000402.SZ,000402,金融街,801180.SI,房地产,801181.SI,房地产开发,851812.SI,商业地产,20210730,2026-08-01,tushare
000031.SZ,000031,大悦城,801180.SI,房地产,801181.SI,房地产开发,851812.SI,商业地产,20210730,2026-08-01,tushare
001979.SZ,001979,招商蛇口,801180.SI,房地产,801181.SI,房地产开发,851812.SI,商业地产,20210730,2026-08-01,tushare
600007.SH,600007,中国国贸,801180.SI,房地产,801181.SI,房地产开发,851812.SI,商业地产,20210730,2026-08-01,tushare
600890.SH,600890,退市中房(退市),801180.SI,房地产,801181.SI,房地产开发,851812.SI,商业地产,20210730,2026-08-01,tushare
600604.SH,600604,市北高新,801180.SI,房地产,801181.SI,房地产开发,851813.SI,产业地产,19920327,2026-08-01,tushare
600639.SH,600639,浦东金桥,801180.SI,房地产,801181.SI,房地产开发,851813.SI,产业地产,19930326,2026-08-01,tushare
600648.SH,600648,外高桥,801180.SI,房地产,801181.SI,房地产开发,851813.SI,产业地产,19930504,2026-08-01,tushare
600658.SH,600658,电子城,801180.SI,房地产,801181.SI,房地产开发,851813.SI,产业地产,19930524,2026-08-01,tushare
600895.SH,600895,张江高科,801180.SI,房地产,801181.SI,房地产开发,851813.SI,产业地产,19960422,2026-08-01,tushare
601512.SH,601512,中新集团,801180.SI,房地产,801181.SI,房地产开发,851813.SI,产业地产,20191205,2026-08-01,tushare
600082.SH,600082,ST海泰,801180.SI,房地产,801181.SI,房地产开发,851813.SI,产业地产,20190724,2026-08-01,tushare
600463.SH,600463,空港股份,801180.SI,房地产,801181.SI,房地产开发,851813.SI,产业地产,20040401,2026-08-01,tushare
600848.SH,600848,上海临港,801180.SI,房地产,801181.SI,房地产开发,851813.SI,产业地产,20210730,2026-08-01,tushare
600340.SH,600340,*ST华幸,801180.SI,房地产,801181.SI,房地产开发,851813.SI,产业地产,20210730,2026-08-01,tushare
002188.SZ,002188,中天服务,801180.SI,房地产,801183.SI,房地产服务,851831.SI,物业管理,20220729,2026-08-01,tushare
600743.SH,600743,华远控股,801180.SI,房地产,801183.SI,房地产服务,851831.SI,物业管理,20260701,2026-08-01,tushare
300917.SZ,300917,特发服务,801180.SI,房地产,801183.SI,房地产服务,851831.SI,物业管理,20210730,2026-08-01,tushare
000056.SZ,000056,*ST皇庭,801180.SI,房地产,801183.SI,房地产服务,851831.SI,物业管理,20210730,2026-08-01,tushare
603506.SH,603506,南都物业,801180.SI,房地产,801183.SI,房地产服务,851831.SI,物业管理,20210730,2026-08-01,tushare
002968.SZ,002968,新大正,801180.SI,房地产,801183.SI,房地产服务,851831.SI,物业管理,20210730,2026-08-01,tushare
001914.SZ,001914,招商积余,801180.SI,房地产,801183.SI,房地产服务,851831.SI,物业管理,20210730,2026-08-01,tushare
600136.SH,600136,ST明诚,801180.SI,房地产,801183.SI,房地产服务,851831.SI,物业管理,20250811,2026-08-01,tushare
000502.SZ,000502,绿景退(退市),801180.SI,房地产,801183.SI,房地产服务,851831.SI,物业管理,20210730,2026-08-01,tushare
002285.SZ,002285,世联行,801180.SI,房地产,801183.SI,房地产服务,851832.SI,房产租赁经纪,20210730,2026-08-01,tushare
000560.SZ,000560,我爱我家,801180.SI,房地产,801183.SI,房地产服务,851832.SI,房产租赁经纪,20210730,2026-08-01,tushare
600724.SH,600724,宁波富达,801180.SI,房地产,801183.SI,房地产服务,851832.SI,房产租赁经纪,20240730,2026-08-01,tushare
600684.SH,600684,珠江股份,801180.SI,房地产,801183.SI,房地产服务,851833.SI,房地产综合服务,20240301,2026-08-01,tushare
600710.SH,600710,苏美达,801200.SI,商贸零售,801202.SI,贸易Ⅱ,852021.SI,贸易Ⅲ,19960701,2026-08-01,tushare
600278.SH,600278,东方创业,801200.SI,商贸零售,801202.SI,贸易Ⅱ,852021.SI,贸易Ⅲ,20000712,2026-08-01,tushare
600287.SH,600287,苏豪时尚,801200.SI,商贸零售,801202.SI,贸易Ⅱ,852021.SI,贸易Ⅲ,20000901,2026-08-01,tushare
600250.SH,600250,南京商旅,801200.SI,商贸零售,801202.SI,贸易Ⅱ,852021.SI,贸易Ⅲ,20010306,2026-08-01,tushare
600058.SH,600058,五矿发展,801200.SI,商贸零售,801202.SI,贸易Ⅱ,852021.SI,贸易Ⅲ,19970528,2026-08-01,tushare
600981.SH,600981,苏豪汇鸿,801200.SI,商贸零售,801202.SI,贸易Ⅱ,852021.SI,贸易Ⅲ,20040628,2026-08-01,tushare
002091.SZ,002091,江苏国泰,801200.SI,商贸零售,801202.SI,贸易Ⅱ,852021.SI,贸易Ⅲ,20070702,2026-08-01,tushare
000151.SZ,000151,中成股份,801200.SI,商贸零售,801202.SI,贸易Ⅱ,852021.SI,贸易Ⅲ,20101008,2026-08-01,tushare
601061.SH,601061,中信金属,801200.SI,商贸零售,801202.SI,贸易Ⅱ,852021.SI,贸易Ⅲ,20230327,2026-08-01,tushare
600608.SH,600608,退市沪科(退市),801200.SI,商贸零售,801202.SI,贸易Ⅱ,852021.SI,贸易Ⅲ,20170519,2026-08-01,tushare
002072.SZ,002072,凯瑞德,801200.SI,商贸零售,801202.SI,贸易Ⅱ,852021.SI,贸易Ⅲ,20230704,2026-08-01,tushare
600128.SH,600128,苏豪弘业,801200.SI,商贸零售,801202.SI,贸易Ⅱ,852021.SI,贸易Ⅲ,20210730,2026-08-01,tushare
002183.SZ,002183,怡亚通,801200.SI,商贸零售,801202.SI,贸易Ⅱ,852021.SI,贸易Ⅲ,20240730,2026-08-01,tushare
000653.SZ,000653,ST九州(退市),801200.SI,商贸零售,801202.SI,贸易Ⅱ,852021.SI,贸易Ⅲ,19961126,2026-08-01,tushare
600870.SH,600870,退市厦华(退市),801200.SI,商贸零售,801202.SI,贸易Ⅱ,852021.SI,贸易Ⅲ,20190724,2026-08-01,tushare
600145.SH,600145,退市新亿(退市),801200.SI,商贸零售,801202.SI,贸易Ⅱ,852021.SI,贸易Ⅲ,20190724,2026-08-01,tushare
600811.SH,600811,*ST东方(退市),801200.SI,商贸零售,801202.SI,贸易Ⅱ,852021.SI,贸易Ⅲ,20220729,2026-08-01,tushare
600693.SH,600693,东百集团,801200.SI,商贸零售,801203.SI,一般零售,852031.SI,百货,19931122,2026-08-01,tushare
000564.SZ,000564,供销大集,801200.SI,商贸零售,801203.SI,一般零售,852031.SI,百货,19940110,2026-08-01,tushare
600814.SH,600814,杭州解百,801200.SI,商贸零售,801203.SI,一般零售,852031.SI,百货,19940114,2026-08-01,tushare
600828.SH,600828,茂业商业,801200.SI,商贸零售,801203.SI,一般零售,852031.SI,百货,19940224,2026-08-01,tushare
600859.SH,600859,王府井,801200.SI,商贸零售,801203.SI,一般零售,852031.SI,百货,19940506,2026-08-01,tushare
600865.SH,600865,百大集团,801200.SI,商贸零售,801203.SI,一般零售,852031.SI,百货,19940809,2026-08-01,tushare
600712.SH,600712,南宁百货,801200.SI,商贸零售,801203.SI,一般零售,852031.SI,百货,19960626,2026-08-01,tushare
600628.SH,600628,新世界,801200.SI,商贸零售,801203.SI,一般零售,852031.SI,百货,19930119,2026-08-01,tushare
600280.SH,600280,中央商场,801200.SI,商贸零售,801203.SI,一般零售,852031.SI,百货,20000926,2026-08-01,tushare
000715.SZ,000715,中兴商业,801200.SI,商贸零售,801203.SI,一般零售,852031.SI,百货,19970508,2026-08-01,tushare
002187.SZ,002187,广百股份,801200.SI,商贸零售,801203.SI,一般零售,852031.SI,百货,20071120,2026-08-01,tushare
002277.SZ,002277,友阿股份,801200.SI,商贸零售,801203.SI,一般零售,852031.SI,百货,20090630,2026-08-01,tushare
002561.SZ,002561,徐家汇,801200.SI,商贸零售,801203.SI,一般零售,852031.SI,百货,20110223,2026-08-01,tushare
603123.SH,603123,翠微股份,801200.SI,商贸零售,801203.SI,一般零售,852031.SI,百货,20120418,2026-08-01,tushare
601086.SH,601086,国芳集团,801200.SI,商贸零售,801203.SI,一般零售,852031.SI,百货,20170921,2026-08-01,tushare
000501.SZ,000501,武商集团,801200.SI,商贸零售,801203.SI,一般零售,852031.SI,百货,20170629,2026-08-01,tushare
002419.SZ,002419,天虹股份,801200.SI,商贸零售,801203.SI,一般零售,852031.SI,百货,20170629,2026-08-01,tushare
600857.SH,600857,宁波中百,801200.SI,商贸零售,801203.SI,一般零售,852031.SI,百货,20180713,2026-08-01,tushare
600327.SH,600327,大东方,801200.SI,商贸零售,801203.SI,一般零售,852031.SI,百货,20230704,2026-08-01,tushare
000679.SZ,000679,大连友谊,801200.SI,商贸零售,801203.SI,一般零售,852031.SI,百货,20220729,2026-08-01,tushare
600306.SH,600306,退市商城(退市),801200.SI,商贸零售,801203.SI,一般零售,852031.SI,百货,20001226,2026-08-01,tushare
600891.SH,600891,退市秋林(退市),801200.SI,商贸零售,801203.SI,一般零售,852031.SI,百货,19960325,2026-08-01,tushare
600723.SH,600723,首商股份(退市),801200.SI,商贸零售,801203.SI,一般零售,852031.SI,百货,19960716,2026-08-01,tushare
600788.SH,600788,*ST达曼(退市),801200.SI,商贸零售,801203.SI,一般零售,852031.SI,百货,19961230,2026-08-01,tushare
600632.SH,600632,华联商厦(退市),801200.SI,商贸零售,801203.SI,一般零售,852031.SI,百货,19930219,2026-08-01,tushare
600631.SH,600631,百联股份(退市),801200.SI,商贸零售,801203.SI,一般零售,852031.SI,百货,19930219,2026-08-01,tushare
000759.SZ,000759,中百集团,801200.SI,商贸零售,801203.SI,一般零售,852032.SI,超市,19970519,2026-08-01,tushare
601116.SH,601116,三江购物,801200.SI,商贸零售,801203.SI,一般零售,852032.SI,超市,20110218,2026-08-01,tushare
002251.SZ,002251,步步高,801200.SI,商贸零售,801203.SI,一般零售,852032.SI,超市,20080619,2026-08-01,tushare
601933.SH,601933,永辉超市,801200.SI,商贸零售,801203.SI,一般零售,852032.SI,超市,20101207,2026-08-01,tushare
002697.SZ,002697,红旗连锁,801200.SI,商贸零售,801203.SI,一般零售,852032.SI,超市,20120828,2026-08-01,tushare
603708.SH,603708,家家悦,801200.SI,商贸零售,801203.SI,一般零售,852032.SI,超市,20161201,2026-08-01,tushare
605188.SH,605188,国光连锁,801200.SI,商贸零售,801203.SI,一般零售,852032.SI,超市,20200624,2026-08-01,tushare
300972.SZ,300972,万辰集团,801200.SI,商贸零售,801203.SI,一般零售,852032.SI,超市,20260305,2026-08-01,tushare
002336.SZ,002336,人乐退(退市),801200.SI,商贸零售,801203.SI,一般零售,852032.SI,超市,20091224,2026-08-01,tushare
600694.SH,600694,大商股份,801200.SI,商贸零售,801203.SI,一般零售,852033.SI,多业态零售,19931122,2026-08-01,tushare
600697.SH,600697,欧亚集团,801200.SI,商贸零售,801203.SI,一般零售,852033.SI,多业态零售,19931206,2026-08-01,tushare
600827.SH,600827,百联股份,801200.SI,商贸零售,801203.SI,一般零售,852033.SI,多业态零售,19940204,2026-08-01,tushare
600838.SH,600838,上海九百,801200.SI,商贸零售,801203.SI,一般零售,852033.SI,多业态零售,19940224,2026-08-01,tushare
000419.SZ,000419,通程控股,801200.SI,商贸零售,801203.SI,一般零售,852033.SI,多业态零售,19960816,2026-08-01,tushare
600778.SH,600778,友好集团,801200.SI,商贸零售,801203.SI,一般零售,852033.SI,多业态零售,19961203,2026-08-01,tushare
600729.SH,600729,重百集团,801200.SI,商贸零售,801203.SI,一般零售,852033.SI,多业态零售,19960702,2026-08-01,tushare
600785.SH,600785,新华百货,801200.SI,商贸零售,801203.SI,一般零售,852033.SI,多业态零售,19970108,2026-08-01,tushare
002356.SZ,002356,鹏飞绿能,801200.SI,商贸零售,801203.SI,一般零售,852033.SI,多业态零售,20170629,2026-08-01,tushare
601366.SH,601366,利群股份,801200.SI,商贸零售,801203.SI,一般零售,852033.SI,多业态零售,20170330,2026-08-01,tushare
600858.SH,600858,银座股份,801200.SI,商贸零售,801203.SI,一般零售,852033.SI,多业态零售,20050901,2026-08-01,tushare
600824.SH,600824,益民集团,801200.SI,商贸零售,801203.SI,一般零售,852033.SI,多业态零售,20190724,2026-08-01,tushare
000417.SZ,000417,合百集团,801200.SI,商贸零售,801203.SI,一般零售,852033.SI,多业态零售,20230704,2026-08-01,tushare
601010.SH,601010,ST文峰,801200.SI,商贸零售,801203.SI,一般零售,852033.SI,多业态零售,20210730,2026-08-01,tushare
603101.SH,603101,汇嘉时代,801200.SI,商贸零售,801203.SI,一般零售,852033.SI,多业态零售,20230704,2026-08-01,tushare
600738.SH,600738,丽尚国潮,801200.SI,商贸零售,801203.SI,一般零售,852034.SI,商业物业经营,20260701,2026-08-01,tushare
000882.SZ,000882,华联股份,801200.SI,商贸零售,801203.SI,一般零售,852034.SI,商业物业经营,20260701,2026-08-01,tushare
600415.SH,600415,小商品城,801200.SI,商贸零售,801203.SI,一般零售,852034.SI,商业物业经营,20020509,2026-08-01,tushare
002344.SZ,002344,海宁皮城,801200.SI,商贸零售,801203.SI,一般零售,852034.SI,商业物业经营,20100106,2026-08-01,tushare
000007.SZ,000007,全新好,801200.SI,商贸零售,801203.SI,一般零售,852034.SI,商业物业经营,20190724,2026-08-01,tushare
000058.SZ,000058,深赛格,801200.SI,商贸零售,801203.SI,一般零售,852034.SI,商业物业经营,20111010,2026-08-01,tushare
000061.SZ,000061,农产品,801200.SI,商贸零售,801203.SI,一般零售,852034.SI,商业物业经营,20131231,2026-08-01,tushare
603682.SH,603682,锦和商管,801200.SI,商贸零售,801203.SI,一般零售,852034.SI,商业物业经营,20200408,2026-08-01,tushare
300947.SZ,300947,德必集团,801200.SI,商贸零售,801203.SI,一般零售,852034.SI,商业物业经营,20210205,2026-08-01,tushare
600790.SH,600790,轻纺城,801200.SI,商贸零售,801203.SI,一般零售,852034.SI,商业物业经营,20070702,2026-08-01,tushare
600113.SH,600113,浙江东日,801200.SI,商贸零售,801203.SI,一般零售,852034.SI,商业物业经营,20180713,2026-08-01,tushare
600605.SH,600605,汇通能源,801200.SI,商贸零售,801203.SI,一般零售,852034.SI,商业物业经营,20210730,2026-08-01,tushare
000785.SZ,000785,居然智家,801200.SI,商贸零售,801203.SI,一般零售,852034.SI,商业物业经营,20210730,2026-08-01,tushare
600655.SH,600655,豫园股份,801200.SI,商贸零售,801203.SI,一般零售,852034.SI,商业物业经营,20210730,2026-08-01,tushare
002818.SZ,002818,富森美,801200.SI,商贸零售,801203.SI,一般零售,852034.SI,商业物业经营,20161107,2026-08-01,tushare
601828.SH,601828,美凯龙,801200.SI,商贸零售,801203.SI,一般零售,852034.SI,商业物业经营,20180108,2026-08-01,tushare
000861.SZ,000861,海印股份(退市),801200.SI,商贸零售,801203.SI,一般零售,852034.SI,商业物业经营,20120702,2026-08-01,tushare
600247.SH,600247,*ST成城(退市),801200.SI,商贸零售,801203.SI,一般零售,852034.SI,商业物业经营,20210730,2026-08-01,tushare
002177.SZ,002177,御银股份,801200.SI,商贸零售,801203.SI,一般零售,852034.SI,商业物业经营,20260701,2026-08-01,tushare
300022.SZ,300022,吉峰科技,801200.SI,商贸零售,801204.SI,专业连锁Ⅱ,852041.SI,专业连锁Ⅲ,20091016,2026-08-01,tushare
002416.SZ,002416,爱施德,801200.SI,商贸零售,801204.SI,专业连锁Ⅱ,852041.SI,专业连锁Ⅲ,20100510,2026-08-01,tushare
000829.SZ,000829,天音控股,801200.SI,商贸零售,801204.SI,专业连锁Ⅱ,852041.SI,专业连锁Ⅲ,20060901,2026-08-01,tushare
300622.SZ,300622,博士眼镜,801200.SI,商贸零售,801204.SI,专业连锁Ⅱ,852041.SI,专业连锁Ⅲ,20170224,2026-08-01,tushare
300755.SZ,300755,华致酒行,801200.SI,商贸零售,801204.SI,专业连锁Ⅱ,852041.SI,专业连锁Ⅲ,20181221,2026-08-01,tushare
603214.SH,603214,爱婴室,801200.SI,商贸零售,801204.SI,专业连锁Ⅱ,852041.SI,专业连锁Ⅲ,20180330,2026-08-01,tushare
301078.SZ,301078,孩子王,801200.SI,商贸零售,801204.SI,专业连锁Ⅱ,852041.SI,专业连锁Ⅲ,20210917,2026-08-01,tushare
600122.SH,600122,*ST宏图(退市),801200.SI,商贸零售,801204.SI,专业连锁Ⅱ,852041.SI,专业连锁Ⅲ,20070702,2026-08-01,tushare
600365.SH,600365,ST通葡,801200.SI,商贸零售,801206.SI,互联网电商,852061.SI,综合电商,20220729,2026-08-01,tushare
002024.SZ,002024,ST易购,801200.SI,商贸零售,801206.SI,互联网电商,852061.SI,综合电商,20210730,2026-08-01,tushare
603613.SH,603613,国联股份,801200.SI,商贸零售,801206.SI,互联网电商,852061.SI,综合电商,20190718,2026-08-01,tushare
002315.SZ,002315,焦点科技,801200.SI,商贸零售,801206.SI,互联网电商,852062.SI,跨境电商,20091123,2026-08-01,tushare
300592.SZ,300592,华凯易佰,801200.SI,商贸零售,801206.SI,互联网电商,852062.SI,跨境电商,20220708,2026-08-01,tushare
002803.SZ,002803,吉宏股份,801200.SI,商贸零售,801206.SI,互联网电商,852062.SI,跨境电商,20160624,2026-08-01,tushare
300464.SZ,300464,星徽股份,801200.SI,商贸零售,801206.SI,互联网电商,852062.SI,跨境电商,20190724,2026-08-01,tushare
301381.SZ,301381,赛维时代,801200.SI,商贸零售,801206.SI,互联网电商,852062.SI,跨境电商,20230630,2026-08-01,tushare
002640.SZ,002640,跨境通,801200.SI,商贸零售,801206.SI,互联网电商,852062.SI,跨境电商,20210730,2026-08-01,tushare
301558.SZ,301558,三态股份,801200.SI,商贸零售,801206.SI,互联网电商,852062.SI,跨境电商,20230915,2026-08-01,tushare
002280.SZ,002280,ST联络(退市),801200.SI,商贸零售,801206.SI,互联网电商,852062.SI,跨境电商,20210730,2026-08-01,tushare
300518.SZ,300518,新迅达,801200.SI,商贸零售,801206.SI,互联网电商,852063.SI,电商服务,20220729,2026-08-01,tushare
301110.SZ,301110,青木科技,801200.SI,商贸零售,801206.SI,互联网电商,852063.SI,电商服务,20210225,2026-08-01,tushare
300792.SZ,300792,壹网壹创,801200.SI,商贸零售,801206.SI,互联网电商,852063.SI,电商服务,20190919,2026-08-01,tushare
003010.SZ,003010,若羽臣,801200.SI,商贸零售,801206.SI,互联网电商,852063.SI,电商服务,20200914,2026-08-01,tushare
301001.SZ,301001,凯淳股份,801200.SI,商贸零售,801206.SI,互联网电商,852063.SI,电商服务,20210521,2026-08-01,tushare
605136.SH,605136,丽人丽妆,801200.SI,商贸零售,801206.SI,互联网电商,852063.SI,电商服务,20200914,2026-08-01,tushare
002127.SZ,002127,南极电商,801200.SI,商贸零售,801206.SI,互联网电商,852063.SI,电商服务,20210730,2026-08-01,tushare
600539.SH,600539,狮头股份,801200.SI,商贸零售,801206.SI,互联网电商,852063.SI,电商服务,20220729,2026-08-01,tushare
002499.SZ,002499,科林退(退市),801200.SI,商贸零售,801206.SI,互联网电商,852063.SI,电商服务,20220729,2026-08-01,tushare
601888.SH,601888,中国中免,801200.SI,商贸零售,801207.SI,旅游零售Ⅱ,852071.SI,旅游零售Ⅲ,20210730,2026-08-01,tushare
600185.SH,600185,珠免集团,801200.SI,商贸零售,801207.SI,旅游零售Ⅱ,852071.SI,旅游零售Ⅲ,20260305,2026-08-01,tushare
002858.SZ,002858,力盛体育,801210.SI,社会服务,801216.SI,体育Ⅱ,852161.SI,体育Ⅲ,20170320,2026-08-01,tushare
600158.SH,600158,中体产业,801210.SI,社会服务,801216.SI,体育Ⅱ,852161.SI,体育Ⅲ,20170526,2026-08-01,tushare
300662.SZ,300662,科锐国际,801210.SI,社会服务,801218.SI,专业服务,852181.SI,人力资源服务,20170522,2026-08-01,tushare
600662.SH,600662,外服控股,801210.SI,社会服务,801218.SI,专业服务,852181.SI,人力资源服务,20220729,2026-08-01,tushare
600861.SH,600861,北京人力,801210.SI,社会服务,801218.SI,专业服务,852181.SI,人力资源服务,20240730,2026-08-01,tushare
300416.SZ,300416,苏试试验,801210.SI,社会服务,801218.SI,专业服务,852182.SI,检测服务,20220729,2026-08-01,tushare
301289.SZ,301289,国缆检测,801210.SI,社会服务,801218.SI,专业服务,852182.SI,检测服务,20220610,2026-08-01,tushare
300215.SZ,300215,电科院,801210.SI,社会服务,801218.SI,专业服务,852182.SI,检测服务,20110503,2026-08-01,tushare
301115.SZ,301115,联检科技,801210.SI,社会服务,801218.SI,专业服务,852182.SI,检测服务,20220812,2026-08-01,tushare
300797.SZ,300797,钢研纳克,801210.SI,社会服务,801218.SI,专业服务,852182.SI,检测服务,20220729,2026-08-01,tushare
301228.SZ,301228,实朴检测,801210.SI,社会服务,801218.SI,专业服务,852182.SI,检测服务,20220114,2026-08-01,tushare
301508.SZ,301508,中机认检,801210.SI,社会服务,801218.SI,专业服务,852182.SI,检测服务,20231117,2026-08-01,tushare
301632.SZ,301632,广东建科,801210.SI,社会服务,801218.SI,专业服务,852182.SI,检测服务,20250801,2026-08-01,tushare
300887.SZ,300887,谱尼测试,801210.SI,社会服务,801218.SI,专业服务,852182.SI,检测服务,20210730,2026-08-01,tushare
688334.SH,688334,西高院,801210.SI,社会服务,801218.SI,专业服务,852182.SI,检测服务,20230609,2026-08-01,tushare
002057.SZ,002057,中钢天源,801210.SI,社会服务,801218.SI,专业服务,852182.SI,检测服务,20230704,2026-08-01,tushare
603183.SH,603183,建研院,801210.SI,社会服务,801218.SI,专业服务,852182.SI,检测服务,20210730,2026-08-01,tushare
603060.SH,603060,国检集团,801210.SI,社会服务,801218.SI,专业服务,852182.SI,检测服务,20210730,2026-08-01,tushare
003008.SZ,003008,开普检测,801210.SI,社会服务,801218.SI,专业服务,852182.SI,检测服务,20210730,2026-08-01,tushare
300012.SZ,300012,华测检测,801210.SI,社会服务,801218.SI,专业服务,852182.SI,检测服务,20210730,2026-08-01,tushare
002967.SZ,002967,广电计量,801210.SI,社会服务,801218.SI,专业服务,852182.SI,检测服务,20210730,2026-08-01,tushare
300938.SZ,300938,信测标准,801210.SI,社会服务,801218.SI,专业服务,852182.SI,检测服务,20210730,2026-08-01,tushare
300572.SZ,300572,安车检测,801210.SI,社会服务,801218.SI,专业服务,852182.SI,检测服务,20210730,2026-08-01,tushare
920160.BJ,920160.BJ,北矿检测,801210.SI,社会服务,801218.SI,专业服务,852182.SI,检测服务,20251106,2026-08-01,tushare
920122.BJ,920122.BJ,中纺标,801210.SI,社会服务,801218.SI,专业服务,852182.SI,检测服务,20220930,2026-08-01,tushare
920753.BJ,920753.BJ,天纺标,801210.SI,社会服务,801218.SI,专业服务,852182.SI,检测服务,20221026,2026-08-01,tushare
688757.SH,688757,胜科纳米,801210.SI,社会服务,801218.SI,专业服务,852182.SI,检测服务,20250307,2026-08-01,tushare
301449.SZ,301449,天溯计量,801210.SI,社会服务,801218.SI,专业服务,852182.SI,检测服务,20251212,2026-08-01,tushare
300860.SZ,300860,锋尚文化,801210.SI,社会服务,801218.SI,专业服务,852183.SI,会展服务,20200731,2026-08-01,tushare
300795.SZ,300795,米奥会展,801210.SI,社会服务,801218.SI,专业服务,852183.SI,会展服务,20191010,2026-08-01,tushare
600826.SH,600826,兰生股份,801210.SI,社会服务,801218.SI,专业服务,852183.SI,会展服务,20210730,2026-08-01,tushare
002751.SZ,002751,易尚退(退市),801210.SI,社会服务,801218.SI,专业服务,852183.SI,会展服务,20150113,2026-08-01,tushare
920039.BJ,920039.BJ,国义招标,801210.SI,社会服务,801218.SI,专业服务,852184.SI,其他专业服务,20210818,2026-08-01,tushare
603373.SH,603373,安邦护卫,801210.SI,社会服务,801218.SI,专业服务,852184.SI,其他专业服务,20231201,2026-08-01,tushare
002243.SZ,002243,力合科创,801210.SI,社会服务,801218.SI,专业服务,852184.SI,其他专业服务,20250811,2026-08-01,tushare
301169.SZ,301169,零点有数,801210.SI,社会服务,801218.SI,专业服务,852184.SI,其他专业服务,20211022,2026-08-01,tushare
300962.SZ,300962,中金辐照,801210.SI,社会服务,801218.SI,专业服务,852184.SI,其他专业服务,20210730,2026-08-01,tushare
600754.SH,600754,锦江酒店,801210.SI,社会服务,801219.SI,酒店餐饮,852121.SI,酒店,19961011,2026-08-01,tushare
000428.SZ,000428,华天酒店,801210.SI,社会服务,801219.SI,酒店餐饮,852121.SI,酒店,19960808,2026-08-01,tushare
601007.SH,601007,金陵饭店,801210.SI,社会服务,801219.SI,酒店餐饮,852121.SI,酒店,20070405,2026-08-01,tushare
600258.SH,600258,首旅酒店,801210.SI,社会服务,801219.SI,酒店餐饮,852121.SI,酒店,20150814,2026-08-01,tushare
301073.SZ,301073,君亭酒店,801210.SI,社会服务,801219.SI,酒店餐饮,852121.SI,酒店,20210910,2026-08-01,tushare
000033.SZ,000033,新都退(退市),801210.SI,社会服务,801219.SI,酒店餐饮,852121.SI,酒店,19940103,2026-08-01,tushare
000613.SZ,000613,东海A退(退市),801210.SI,社会服务,801219.SI,酒店餐饮,852121.SI,酒店,20110110,2026-08-01,tushare
000721.SZ,000721,西安饮食,801210.SI,社会服务,801219.SI,酒店餐饮,852141.SI,餐饮,19970425,2026-08-01,tushare
002186.SZ,002186,全聚德,801210.SI,社会服务,801219.SI,酒店餐饮,852141.SI,餐饮,20071119,2026-08-01,tushare
605108.SH,605108,同庆楼,801210.SI,社会服务,801219.SI,酒店餐饮,852141.SI,餐饮,20200706,2026-08-01,tushare
002306.SZ,002306,ST云网,801210.SI,社会服务,801219.SI,酒店餐饮,852141.SI,餐饮,20230704,2026-08-01,tushare
600593.SH,600593,大连圣亚,801210.SI,社会服务,801993.SI,旅游及景区,852111.SI,人工景区,20020711,2026-08-01,tushare
300144.SZ,300144,宋城演艺,801210.SI,社会服务,801993.SI,旅游及景区,852111.SI,人工景区,20100129,2026-08-01,tushare
600706.SH,600706,曲江文旅,801210.SI,社会服务,801993.SI,旅游及景区,852111.SI,人工景区,20210730,2026-08-01,tushare
002059.SZ,002059,云南旅游,801210.SI,社会服务,801993.SI,旅游及景区,852111.SI,人工景区,20210730,2026-08-01,tushare
600138.SH,600138,中青旅,801210.SI,社会服务,801993.SI,旅游及景区,852111.SI,人工景区,20210730,2026-08-01,tushare
000978.SZ,000978,桂林旅游,801210.SI,社会服务,801993.SI,旅游及景区,852112.SI,自然景区,20000426,2026-08-01,tushare
000430.SZ,000430,张家界,801210.SI,社会服务,801993.SI,旅游及景区,852112.SI,自然景区,19960829,2026-08-01,tushare
000888.SZ,000888,峨眉山A,801210.SI,社会服务,801993.SI,旅游及景区,852112.SI,自然景区,19971021,2026-08-01,tushare
600054.SH,600054,黄山旅游,801210.SI,社会服务,801993.SI,旅游及景区,852112.SI,自然景区,20050701,2026-08-01,tushare
603199.SH,603199,九华旅游,801210.SI,社会服务,801993.SI,旅游及景区,852112.SI,自然景区,20150309,2026-08-01,tushare
600749.SH,600749,西藏旅游,801210.SI,社会服务,801993.SI,旅游及景区,852112.SI,自然景区,20190724,2026-08-01,tushare
300859.SZ,300859,西域旅游,801210.SI,社会服务,801993.SI,旅游及景区,852112.SI,自然景区,20200722,2026-08-01,tushare
603136.SH,603136,天目湖,801210.SI,社会服务,801993.SI,旅游及景区,852112.SI,自然景区,20220729,2026-08-01,tushare
600576.SH,600576,祥源文旅,801210.SI,社会服务,801993.SI,旅游及景区,852112.SI,自然景区,20230704,2026-08-01,tushare
002033.SZ,002033,丽江股份,801210.SI,社会服务,801993.SI,旅游及景区,852112.SI,自然景区,20210730,2026-08-01,tushare
603099.SH,603099,长白山,801210.SI,社会服务,801993.SI,旅游及景区,852112.SI,自然景区,20140207,2026-08-01,tushare
002159.SZ,002159,三特索道,801210.SI,社会服务,801993.SI,旅游及景区,852112.SI,自然景区,20210730,2026-08-01,tushare
000558.SZ,000558,天府文旅,801210.SI,社会服务,801993.SI,旅游及景区,852112.SI,自然景区,20250307,2026-08-01,tushare
002707.SZ,002707,众信旅游,801210.SI,社会服务,801993.SI,旅游及景区,852131.SI,旅游综合,20140108,2026-08-01,tushare
000796.SZ,000796,凯撒旅业,801210.SI,社会服务,801993.SI,旅游及景区,852131.SI,旅游综合,20151102,2026-08-01,tushare
000524.SZ,000524,岭南控股,801210.SI,社会服务,801993.SI,旅游及景区,852131.SI,旅游综合,20180713,2026-08-01,tushare
603402.SH,603402,陕西旅游,801210.SI,社会服务,801993.SI,旅游及景区,852131.SI,旅游综合,20251226,2026-08-01,tushare
002627.SZ,002627,三峡旅游,801210.SI,社会服务,801993.SI,旅游及景区,852131.SI,旅游综合,20250926,2026-08-01,tushare
000610.SZ,000610,*ST西旅,801210.SI,社会服务,801993.SI,旅游及景区,852131.SI,旅游综合,20240730,2026-08-01,tushare
300178.SZ,300178,腾邦退(退市),801210.SI,社会服务,801993.SI,旅游及景区,852131.SI,旅游综合,20110127,2026-08-01,tushare
600555.SH,600555,退市海创(退市),801210.SI,社会服务,801993.SI,旅游及景区,852131.SI,旅游综合,20180713,2026-08-01,tushare
002659.SZ,002659,凯文教育,801210.SI,社会服务,801994.SI,教育,859851.SI,学历教育,20180713,2026-08-01,tushare
002093.SZ,002093,国脉科技,801210.SI,社会服务,801994.SI,教育,859851.SI,学历教育,20240730,2026-08-01,tushare
002607.SZ,002607,中公教育,801210.SI,社会服务,801994.SI,教育,859852.SI,培训教育,20110729,2026-08-01,tushare
300359.SZ,300359,全通教育,801210.SI,社会服务,801994.SI,教育,859852.SI,培训教育,20140108,2026-08-01,tushare
000526.SZ,000526,学大教育,801210.SI,社会服务,801994.SI,教育,859852.SI,培训教育,20170629,2026-08-01,tushare
603377.SH,603377,ST东时,801210.SI,社会服务,801994.SI,教育,859852.SI,培训教育,20160125,2026-08-01,tushare
300192.SZ,300192,科德教育,801210.SI,社会服务,801994.SI,教育,859852.SI,培训教育,20190724,2026-08-01,tushare
300338.SZ,300338,*ST开元,801210.SI,社会服务,801994.SI,教育,859852.SI,培训教育,20180713,2026-08-01,tushare
600661.SH,600661,昂立教育,801210.SI,社会服务,801994.SI,教育,859852.SI,培训教育,20131231,2026-08-01,tushare
600730.SH,600730,*ST高科,801210.SI,社会服务,801994.SI,教育,859852.SI,培训教育,20210730,2026-08-01,tushare
300688.SZ,300688,创业黑马,801210.SI,社会服务,801994.SI,教育,859852.SI,培训教育,20210730,2026-08-01,tushare
003032.SZ,003032,传智教育,801210.SI,社会服务,801994.SI,教育,859852.SI,培训教育,20210104,2026-08-01,tushare
605098.SH,605098,行动教育,801210.SI,社会服务,801994.SI,教育,859852.SI,培训教育,20210730,2026-08-01,tushare
300089.SZ,300089,文化退(退市),801210.SI,社会服务,801994.SI,教育,859852.SI,培训教育,20100107,2026-08-01,tushare
002621.SZ,002621,*ST美吉(退市),801210.SI,社会服务,801994.SI,教育,859852.SI,培训教育,20190724,2026-08-01,tushare
300050.SZ,300050,世纪鼎利,801210.SI,社会服务,801994.SI,教育,859852.SI,培训教育,20260701,2026-08-01,tushare
300492.SZ,300492,华图山鼎,801210.SI,社会服务,801994.SI,教育,859852.SI,培训教育,20260701,2026-08-01,tushare
600880.SH,600880,博瑞传播,801210.SI,社会服务,801994.SI,教育,859853.SI,教育运营及其他,20220729,2026-08-01,tushare
300010.SZ,300010,ST豆神,801210.SI,社会服务,801994.SI,教育,859853.SI,教育运营及其他,20220729,2026-08-01,tushare
300282.SZ,300282,三盛退(退市),801210.SI,社会服务,801994.SI,教育,859853.SI,教育运营及其他,20110119,2026-08-01,tushare
600636.SH,600636,退市国化(退市),801210.SI,社会服务,801994.SI,教育,859853.SI,教育运营及其他,20190724,2026-08-01,tushare
601988.SH,601988,中国银行,801780.SI,银行,801782.SI,国有大型银行Ⅱ,857821.SI,国有大型银行Ⅲ,20060531,2026-08-01,tushare
601398.SH,601398,工商银行,801780.SI,银行,801782.SI,国有大型银行Ⅱ,857821.SI,国有大型银行Ⅲ,20061026,2026-08-01,tushare
601939.SH,601939,建设银行,801780.SI,银行,801782.SI,国有大型银行Ⅱ,857821.SI,国有大型银行Ⅲ,20070924,2026-08-01,tushare
601328.SH,601328,交通银行,801780.SI,银行,801782.SI,国有大型银行Ⅱ,857821.SI,国有大型银行Ⅲ,20070514,2026-08-01,tushare
601288.SH,601288,农业银行,801780.SI,银行,801782.SI,国有大型银行Ⅱ,857821.SI,国有大型银行Ⅲ,20100610,2026-08-01,tushare
601658.SH,601658,邮储银行,801780.SI,银行,801782.SI,国有大型银行Ⅱ,857821.SI,国有大型银行Ⅲ,20191101,2026-08-01,tushare
000001.SZ,000001,平安银行,801780.SI,银行,801783.SI,股份制银行Ⅱ,857831.SI,股份制银行Ⅲ,19910403,2026-08-01,tushare
600016.SH,600016,民生银行,801780.SI,银行,801783.SI,股份制银行Ⅱ,857831.SI,股份制银行Ⅲ,20001219,2026-08-01,tushare
600000.SH,600000,浦发银行,801780.SI,银行,801783.SI,股份制银行Ⅱ,857831.SI,股份制银行Ⅲ,19991110,2026-08-01,tushare
600036.SH,600036,招商银行,801780.SI,银行,801783.SI,股份制银行Ⅱ,857831.SI,股份制银行Ⅲ,20020409,2026-08-01,tushare
600015.SH,600015,华夏银行,801780.SI,银行,801783.SI,股份制银行Ⅱ,857831.SI,股份制银行Ⅲ,20030910,2026-08-01,tushare
601998.SH,601998,中信银行,801780.SI,银行,801783.SI,股份制银行Ⅱ,857831.SI,股份制银行Ⅲ,20070427,2026-08-01,tushare
601166.SH,601166,兴业银行,801780.SI,银行,801783.SI,股份制银行Ⅱ,857831.SI,股份制银行Ⅲ,20070205,2026-08-01,tushare
601818.SH,601818,光大银行,801780.SI,银行,801783.SI,股份制银行Ⅱ,857831.SI,股份制银行Ⅲ,20100805,2026-08-01,tushare
601916.SH,601916,浙商银行,801780.SI,银行,801783.SI,股份制银行Ⅱ,857831.SI,股份制银行Ⅲ,20191126,2026-08-01,tushare
002142.SZ,002142,宁波银行,801780.SI,银行,801784.SI,城商行Ⅱ,857841.SI,城商行Ⅲ,20070718,2026-08-01,tushare
601009.SH,601009,南京银行,801780.SI,银行,801784.SI,城商行Ⅱ,857841.SI,城商行Ⅲ,20070718,2026-08-01,tushare
601169.SH,601169,北京银行,801780.SI,银行,801784.SI,城商行Ⅱ,857841.SI,城商行Ⅲ,20070918,2026-08-01,tushare
601838.SH,601838,成都银行,801780.SI,银行,801784.SI,城商行Ⅱ,857841.SI,城商行Ⅲ,20171220,2026-08-01,tushare
601997.SH,601997,贵阳银行,801780.SI,银行,801784.SI,城商行Ⅱ,857841.SI,城商行Ⅲ,20160804,2026-08-01,tushare
600919.SH,600919,江苏银行,801780.SI,银行,801784.SI,城商行Ⅱ,857841.SI,城商行Ⅲ,20160623,2026-08-01,tushare
600926.SH,600926,杭州银行,801780.SI,银行,801784.SI,城商行Ⅱ,857841.SI,城商行Ⅲ,20161012,2026-08-01,tushare
601229.SH,601229,上海银行,801780.SI,银行,801784.SI,城商行Ⅱ,857841.SI,城商行Ⅲ,20161012,2026-08-01,tushare
600928.SH,600928,西安银行,801780.SI,银行,801784.SI,城商行Ⅱ,857841.SI,城商行Ⅲ,20190118,2026-08-01,tushare
002966.SZ,002966,苏州银行,801780.SI,银行,801784.SI,城商行Ⅱ,857841.SI,城商行Ⅲ,20190618,2026-08-01,tushare
601577.SH,601577,长沙银行,801780.SI,银行,801784.SI,城商行Ⅱ,857841.SI,城商行Ⅲ,20180831,2026-08-01,tushare
002936.SZ,002936,郑州银行,801780.SI,银行,801784.SI,城商行Ⅱ,857841.SI,城商行Ⅲ,20180831,2026-08-01,tushare
002948.SZ,002948,青岛银行,801780.SI,银行,801784.SI,城商行Ⅱ,857841.SI,城商行Ⅲ,20181211,2026-08-01,tushare
601187.SH,601187,厦门银行,801780.SI,银行,801784.SI,城商行Ⅱ,857841.SI,城商行Ⅲ,20200914,2026-08-01,tushare
601665.SH,601665,齐鲁银行,801780.SI,银行,801784.SI,城商行Ⅱ,857841.SI,城商行Ⅲ,20210512,2026-08-01,tushare
001227.SZ,001227,兰州银行,801780.SI,银行,801784.SI,城商行Ⅱ,857841.SI,城商行Ⅲ,20211210,2026-08-01,tushare
601963.SH,601963,重庆银行,801780.SI,银行,801784.SI,城商行Ⅱ,857841.SI,城商行Ⅲ,20210104,2026-08-01,tushare
603323.SH,603323,苏农银行,801780.SI,银行,801785.SI,农商行Ⅱ,857851.SI,农商行Ⅲ,20161028,2026-08-01,tushare
002807.SZ,002807,江阴银行,801780.SI,银行,801785.SI,农商行Ⅱ,857851.SI,农商行Ⅲ,20160804,2026-08-01,tushare
002839.SZ,002839,张家港行,801780.SI,银行,801785.SI,农商行Ⅱ,857851.SI,农商行Ⅲ,20161219,2026-08-01,tushare
600908.SH,600908,无锡银行,801780.SI,银行,801785.SI,农商行Ⅱ,857851.SI,农商行Ⅲ,20160823,2026-08-01,tushare
601128.SH,601128,常熟银行,801780.SI,银行,801785.SI,农商行Ⅱ,857851.SI,农商行Ⅲ,20160823,2026-08-01,tushare
601077.SH,601077,渝农商行,801780.SI,银行,801785.SI,农商行Ⅱ,857851.SI,农商行Ⅲ,20190916,2026-08-01,tushare
601860.SH,601860,紫金银行,801780.SI,银行,801785.SI,农商行Ⅱ,857851.SI,农商行Ⅲ,20181128,2026-08-01,tushare
002958.SZ,002958,青农商行,801780.SI,银行,801785.SI,农商行Ⅱ,857851.SI,农商行Ⅲ,20190218,2026-08-01,tushare
601528.SH,601528,瑞丰银行,801780.SI,银行,801785.SI,农商行Ⅱ,857851.SI,农商行Ⅲ,20210518,2026-08-01,tushare
601825.SH,601825,沪农商行,801780.SI,银行,801785.SI,农商行Ⅱ,857851.SI,农商行Ⅲ,20210709,2026-08-01,tushare
000783.SZ,000783,长江证券,801790.SI,非银金融,801193.SI,证券Ⅱ,851931.SI,证券Ⅲ,19970731,2026-08-01,tushare
600109.SH,600109,国金证券,801790.SI,非银金融,801193.SI,证券Ⅱ,851931.SI,证券Ⅲ,19970807,2026-08-01,tushare
000686.SZ,000686,东北证券,801790.SI,非银金融,801193.SI,证券Ⅱ,851931.SI,证券Ⅲ,19970227,2026-08-01,tushare
000750.SZ,000750,国海证券,801790.SI,非银金融,801193.SI,证券Ⅱ,851931.SI,证券Ⅲ,19970709,2026-08-01,tushare
601099.SH,601099,太平洋,801790.SI,非银金融,801193.SI,证券Ⅱ,851931.SI,证券Ⅲ,20071227,2026-08-01,tushare
600030.SH,600030,中信证券,801790.SI,非银金融,801193.SI,证券Ⅱ,851931.SI,证券Ⅲ,20030106,2026-08-01,tushare
601788.SH,601788,光大证券,801790.SI,非银金融,801193.SI,证券Ⅱ,851931.SI,证券Ⅲ,20090728,2026-08-01,tushare
600999.SH,600999,招商证券,801790.SI,非银金融,801193.SI,证券Ⅱ,851931.SI,证券Ⅲ,20091103,2026-08-01,tushare
601688.SH,601688,华泰证券,801790.SI,非银金融,801193.SI,证券Ⅱ,851931.SI,证券Ⅲ,20100203,2026-08-01,tushare
002500.SZ,002500,山西证券,801790.SI,非银金融,801193.SI,证券Ⅱ,851931.SI,证券Ⅲ,20101101,2026-08-01,tushare
601377.SH,601377,兴业证券,801790.SI,非银金融,801193.SI,证券Ⅱ,851931.SI,证券Ⅲ,20100920,2026-08-01,tushare
300059.SZ,300059,东方财富,801790.SI,非银金融,801193.SI,证券Ⅱ,851931.SI,证券Ⅲ,20100310,2026-08-01,tushare
601555.SH,601555,东吴证券,801790.SI,非银金融,801193.SI,证券Ⅱ,851931.SI,证券Ⅲ,20111202,2026-08-01,tushare
002670.SZ,002670,国盛证券,801790.SI,非银金融,801193.SI,证券Ⅱ,851931.SI,证券Ⅲ,20120106,2026-08-01,tushare
002673.SZ,002673,西部证券,801790.SI,非银金融,801193.SI,证券Ⅱ,851931.SI,证券Ⅲ,20120423,2026-08-01,tushare
000712.SZ,000712,锦龙股份,801790.SI,非银金融,801193.SI,证券Ⅱ,851931.SI,证券Ⅲ,20090601,2026-08-01,tushare
000728.SZ,000728,国元证券,801790.SI,非银金融,801193.SI,证券Ⅱ,851931.SI,证券Ⅲ,20070702,2026-08-01,tushare
601059.SH,601059,信达证券,801790.SI,非银金融,801193.SI,证券Ⅱ,851931.SI,证券Ⅲ,20221223,2026-08-01,tushare
601901.SH,601901,方正证券,801790.SI,非银金融,801193.SI,证券Ⅱ,851931.SI,证券Ⅲ,20110801,2026-08-01,tushare
000776.SZ,000776,广发证券,801790.SI,非银金融,801193.SI,证券Ⅱ,851931.SI,证券Ⅲ,20070702,2026-08-01,tushare
601108.SH,601108,财通证券,801790.SI,非银金融,801193.SI,证券Ⅱ,851931.SI,证券Ⅲ,20171010,2026-08-01,tushare
601878.SH,601878,浙商证券,801790.SI,非银金融,801193.SI,证券Ⅱ,851931.SI,证券Ⅲ,20170522,2026-08-01,tushare
600864.SH,600864,哈投股份,801790.SI,非银金融,801193.SI,证券Ⅱ,851931.SI,证券Ⅲ,20170629,2026-08-01,tushare
600155.SH,600155,华创云信,801790.SI,非银金融,801193.SI,证券Ⅱ,851931.SI,证券Ⅲ,20170629,2026-08-01,tushare
002797.SZ,002797,第一创业,801790.SI,非银金融,801193.SI,证券Ⅱ,851931.SI,证券Ⅲ,20160426,2026-08-01,tushare
601881.SH,601881,中国银河,801790.SI,非银金融,801193.SI,证券Ⅱ,851931.SI,证券Ⅲ,20161228,2026-08-01,tushare
600909.SH,600909,华安证券,801790.SI,非银金融,801193.SI,证券Ⅱ,851931.SI,证券Ⅲ,20161201,2026-08-01,tushare
600621.SH,600621,华鑫股份,801790.SI,非银金融,801193.SI,证券Ⅱ,851931.SI,证券Ⅲ,20190724,2026-08-01,tushare
601236.SH,601236,红塔证券,801790.SI,非银金融,801193.SI,证券Ⅱ,851931.SI,证券Ⅲ,20190529,2026-08-01,tushare
002945.SZ,002945,华林证券,801790.SI,非银金融,801193.SI,证券Ⅱ,851931.SI,证券Ⅲ,20181211,2026-08-01,tushare
002939.SZ,002939,长城证券,801790.SI,非银金融,801193.SI,证券Ⅱ,851931.SI,证券Ⅲ,20180918,2026-08-01,tushare
002926.SZ,002926,华西证券,801790.SI,非银金融,801193.SI,证券Ⅱ,851931.SI,证券Ⅲ,20180129,2026-08-01,tushare
601162.SH,601162,天风证券,801790.SI,非银金融,801193.SI,证券Ⅱ,851931.SI,证券Ⅲ,20180918,2026-08-01,tushare
601136.SH,601136,首创证券,801790.SI,非银金融,801193.SI,证券Ⅱ,851931.SI,证券Ⅲ,20221121,2026-08-01,tushare
601456.SH,601456,国联民生,801790.SI,非银金融,801193.SI,证券Ⅱ,851931.SI,证券Ⅲ,20200721,2026-08-01,tushare
601995.SH,601995,中金公司,801790.SI,非银金融,801193.SI,证券Ⅱ,851931.SI,证券Ⅲ,20201016,2026-08-01,tushare
600906.SH,600906,财达证券,801790.SI,非银金融,801193.SI,证券Ⅱ,851931.SI,证券Ⅲ,20210415,2026-08-01,tushare
600918.SH,600918,中泰证券,801790.SI,非银金融,801193.SI,证券Ⅱ,851931.SI,证券Ⅲ,20200427,2026-08-01,tushare
601696.SH,601696,中银证券,801790.SI,非银金融,801193.SI,证券Ⅱ,851931.SI,证券Ⅲ,20200204,2026-08-01,tushare
600095.SH,600095,湘财股份,801790.SI,非银金融,801193.SI,证券Ⅱ,851931.SI,证券Ⅲ,20200709,2026-08-01,tushare
600958.SH,600958,东方证券,801790.SI,非银金融,801193.SI,证券Ⅱ,851931.SI,证券Ⅲ,20150119,2026-08-01,tushare
601066.SH,601066,中信建投,801790.SI,非银金融,801193.SI,证券Ⅱ,851931.SI,证券Ⅲ,20180620,2026-08-01,tushare
601211.SH,601211,国泰海通,801790.SI,非银金融,801193.SI,证券Ⅱ,851931.SI,证券Ⅲ,20150119,2026-08-01,tushare
002736.SZ,002736,国信证券,801790.SI,非银金融,801193.SI,证券Ⅱ,851931.SI,证券Ⅲ,20140120,2026-08-01,tushare
601990.SH,601990,南京证券,801790.SI,非银金融,801193.SI,证券Ⅱ,851931.SI,证券Ⅲ,20180507,2026-08-01,tushare
601198.SH,601198,东兴证券,801790.SI,非银金融,801193.SI,证券Ⅱ,851931.SI,证券Ⅲ,20150119,2026-08-01,tushare
600369.SH,600369,西南证券,801790.SI,非银金融,801193.SI,证券Ⅱ,851931.SI,证券Ⅲ,20070702,2026-08-01,tushare
601375.SH,601375,中原证券,801790.SI,非银金融,801193.SI,证券Ⅱ,851931.SI,证券Ⅲ,20161212,2026-08-01,tushare
000166.SZ,000166,申万宏源,801790.SI,非银金融,801193.SI,证券Ⅱ,851931.SI,证券Ⅲ,20150119,2026-08-01,tushare
600061.SH,600061,国投资本,801790.SI,非银金融,801193.SI,证券Ⅱ,851931.SI,证券Ⅲ,20250811,2026-08-01,tushare
000562.SZ,000562,宏源证券(退市),801790.SI,非银金融,801193.SI,证券Ⅱ,851931.SI,证券Ⅲ,19940202,2026-08-01,tushare
600837.SH,600837,海通证券(退市),801790.SI,非银金融,801193.SI,证券Ⅱ,851931.SI,证券Ⅲ,20050901,2026-08-01,tushare
601318.SH,601318,中国平安,801790.SI,非银金融,801194.SI,保险Ⅱ,851941.SI,保险Ⅲ,20070228,2026-08-01,tushare
601601.SH,601601,中国太保,801790.SI,非银金融,801194.SI,保险Ⅱ,851941.SI,保险Ⅲ,20071224,2026-08-01,tushare
601628.SH,601628,中国人寿,801790.SI,非银金融,801194.SI,保险Ⅱ,851941.SI,保险Ⅲ,20070108,2026-08-01,tushare
601336.SH,601336,新华保险,801790.SI,非银金融,801194.SI,保险Ⅱ,851941.SI,保险Ⅲ,20111207,2026-08-01,tushare
601319.SH,601319,中国人保,801790.SI,非银金融,801194.SI,保险Ⅱ,851941.SI,保险Ⅲ,20181030,2026-08-01,tushare
600291.SH,600291,退市西水(退市),801790.SI,非银金融,801194.SI,保险Ⅱ,851941.SI,保险Ⅲ,20000731,2026-08-01,tushare
000627.SZ,000627,*ST天茂(退市),801790.SI,非银金融,801194.SI,保险Ⅱ,851941.SI,保险Ⅲ,20170629,2026-08-01,tushare
600830.SH,600830,香溢融通,801790.SI,非银金融,801191.SI,多元金融,851922.SI,金融控股,19940224,2026-08-01,tushare
000617.SZ,000617,中油资本,801790.SI,非银金融,801191.SI,多元金融,851922.SI,金融控股,19961022,2026-08-01,tushare
600643.SH,600643,爱建集团,801790.SI,非银金融,801191.SI,多元金融,851922.SI,金融控股,19930426,2026-08-01,tushare
002423.SZ,002423,中粮资本,801790.SI,非银金融,801191.SI,多元金融,851922.SI,金融控股,20100520,2026-08-01,tushare
600120.SH,600120,浙江东方,801790.SI,非银金融,801191.SI,多元金融,851922.SI,金融控股,20190724,2026-08-01,tushare
600318.SH,600318,新力金融,801790.SI,非银金融,801191.SI,多元金融,851922.SI,金融控股,20170629,2026-08-01,tushare
600390.SH,600390,五矿资本,801790.SI,非银金融,801191.SI,多元金融,851922.SI,金融控股,20170629,2026-08-01,tushare
000987.SZ,000987,越秀资本,801790.SI,非银金融,801191.SI,多元金融,851922.SI,金融控股,20210730,2026-08-01,tushare
600599.SH,600599,退市熊猫(退市),801790.SI,非银金融,801191.SI,多元金融,851922.SI,金融控股,20010731,2026-08-01,tushare
000416.SZ,000416,*ST民控(退市),801790.SI,非银金融,801191.SI,多元金融,851922.SI,金融控股,20180420,2026-08-01,tushare
300023.SZ,300023,宝德退(退市),801790.SI,非银金融,801191.SI,多元金融,851922.SI,金融控股,20170707,2026-08-01,tushare
600705.SH,600705,中航产融(退市),801790.SI,非银金融,801191.SI,多元金融,851922.SI,金融控股,20130701,2026-08-01,tushare
603093.SH,603093,南华期货,801790.SI,非银金融,801191.SI,多元金融,851923.SI,期货,20190822,2026-08-01,tushare
002961.SZ,002961,瑞达期货,801790.SI,非银金融,801191.SI,多元金融,851923.SI,期货,20190822,2026-08-01,tushare
600927.SH,600927,永安期货,801790.SI,非银金融,801191.SI,多元金融,851923.SI,期货,20211112,2026-08-01,tushare
001236.SZ,001236,弘业期货,801790.SI,非银金融,801191.SI,多元金融,851923.SI,期货,20220701,2026-08-01,tushare
000563.SZ,000563,陕国投A,801790.SI,非银金融,801191.SI,多元金融,851924.SI,信托,19940110,2026-08-01,tushare
600816.SH,600816,建元信托,801790.SI,非银金融,801191.SI,多元金融,851924.SI,信托,19940128,2026-08-01,tushare
600517.SH,600517,国网英大,801790.SI,非银金融,801191.SI,多元金融,851924.SI,信托,20220729,2026-08-01,tushare
000666.SZ,000666,经纬纺机(退市),801790.SI,非银金融,801191.SI,多元金融,851924.SI,信托,19961210,2026-08-01,tushare
600901.SH,600901,江苏金租,801790.SI,非银金融,801191.SI,多元金融,851925.SI,租赁,20180212,2026-08-01,tushare
603300.SH,603300,海南华铁,801790.SI,非银金融,801191.SI,多元金融,851925.SI,租赁,20150126,2026-08-01,tushare
000415.SZ,000415,渤海租赁,801790.SI,非银金融,801191.SI,多元金融,851925.SI,租赁,19960624,2026-08-01,tushare
600139.SH,600139,*ST西源(退市),801790.SI,非银金融,801191.SI,多元金融,851925.SI,租赁,20210730,2026-08-01,tushare
002647.SZ,002647,仁东控股,801790.SI,非银金融,801191.SI,多元金融,851926.SI,金融信息服务,20180713,2026-08-01,tushare
300773.SZ,300773,拉卡拉,801790.SI,非银金融,801191.SI,多元金融,851926.SI,金融信息服务,20210730,2026-08-01,tushare
002316.SZ,002316,亚联发展,801790.SI,非银金融,801191.SI,多元金融,851926.SI,金融信息服务,20210730,2026-08-01,tushare
000567.SZ,000567,海德股份,801790.SI,非银金融,801191.SI,多元金融,851927.SI,资产管理,20180713,2026-08-01,tushare
600053.SH,600053,*ST九鼎,801790.SI,非银金融,801191.SI,多元金融,851927.SI,资产管理,20180713,2026-08-01,tushare
000935.SZ,000935,四川双马,801790.SI,非银金融,801191.SI,多元金融,851927.SI,资产管理,20230704,2026-08-01,tushare
000532.SZ,000532,华金资本,801790.SI,非银金融,801191.SI,多元金融,851927.SI,资产管理,20210730,2026-08-01,tushare
600695.SH,600695,退市绿庭(退市),801790.SI,非银金融,801191.SI,多元金融,851927.SI,资产管理,19931122,2026-08-01,tushare
300309.SZ,300309,吉艾退(退市),801790.SI,非银金融,801191.SI,多元金融,851927.SI,资产管理,20180713,2026-08-01,tushare
000616.SZ,000616,*ST海投(退市),801790.SI,非银金融,801191.SI,多元金融,851927.SI,资产管理,20220729,2026-08-01,tushare
600093.SH,600093,退市易见(退市),801790.SI,非银金融,801191.SI,多元金融,851928.SI,其他多元金融,19970626,2026-08-01,tushare
600770.SH,600770,综艺股份,801230.SI,综合,801231.SI,综合Ⅱ,852311.SI,综合Ⅲ,19961120,2026-08-01,tushare
600051.SH,600051,宁波联合,801230.SI,综合,801231.SI,综合Ⅱ,852311.SI,综合Ⅲ,20070702,2026-08-01,tushare
000632.SZ,000632,ST三木,801230.SI,综合,801231.SI,综合Ⅱ,852311.SI,综合Ⅲ,20070702,2026-08-01,tushare
000652.SZ,000652,泰达股份,801230.SI,综合,801231.SI,综合Ⅱ,852311.SI,综合Ⅲ,20060901,2026-08-01,tushare
000753.SZ,000753,漳州发展,801230.SI,综合,801231.SI,综合Ⅱ,852311.SI,综合Ⅲ,20150701,2026-08-01,tushare
000833.SZ,000833,粤桂股份,801230.SI,综合,801231.SI,综合Ⅱ,852311.SI,综合Ⅲ,20190724,2026-08-01,tushare
600620.SH,600620,天宸股份,801230.SI,综合,801231.SI,综合Ⅱ,852311.SI,综合Ⅲ,20180619,2026-08-01,tushare
600881.SH,600881,亚泰集团,801230.SI,综合,801231.SI,综合Ⅱ,852311.SI,综合Ⅲ,20210730,2026-08-01,tushare
600805.SH,600805,悦达投资,801230.SI,综合,801231.SI,综合Ⅱ,852311.SI,综合Ⅲ,20111010,2026-08-01,tushare
600689.SH,600689,上海三毛,801230.SI,综合,801231.SI,综合Ⅱ,852311.SI,综合Ⅲ,20220729,2026-08-01,tushare
000025.SZ,000025,特力A,801230.SI,综合,801231.SI,综合Ⅱ,852311.SI,综合Ⅲ,20230704,2026-08-01,tushare
000421.SZ,000421,南京公用,801230.SI,综合,801231.SI,综合Ⅱ,852311.SI,综合Ⅲ,20230704,2026-08-01,tushare
600673.SH,600673,东阳光,801230.SI,综合,801231.SI,综合Ⅱ,852311.SI,综合Ⅲ,20230704,2026-08-01,tushare
600682.SH,600682,南京新百,801230.SI,综合,801231.SI,综合Ⅱ,852311.SI,综合Ⅲ,20230704,2026-08-01,tushare
000523.SZ,000523,红棉股份,801230.SI,综合,801231.SI,综合Ⅱ,852311.SI,综合Ⅲ,20240730,2026-08-01,tushare
000556.SZ,000556,PT南洋(退市),801230.SI,综合,801231.SI,综合Ⅱ,852311.SI,综合Ⅲ,19940525,2026-08-01,tushare
600878.SH,600878,*ST北科(退市),801230.SI,综合,801231.SI,综合Ⅱ,852311.SI,综合Ⅲ,19951013,2026-08-01,tushare
600700.SH,600700,*ST数码(退市),801230.SI,综合,801231.SI,综合Ⅱ,852311.SI,综合Ⅲ,19960430,2026-08-01,tushare
600701.SH,600701,退市工新(退市),801230.SI,综合,801231.SI,综合Ⅱ,852311.SI,综合Ⅲ,19960528,2026-08-01,tushare
000015.SZ,000015,PT中浩A(退市),801230.SI,综合,801231.SI,综合Ⅱ,852311.SI,综合Ⅲ,19920625,2026-08-01,tushare
600659.SH,600659,*ST花雕(退市),801230.SI,综合,801231.SI,综合Ⅱ,852311.SI,综合Ⅲ,19930528,2026-08-01,tushare
000658.SZ,000658,ST海洋(退市),801230.SI,综合,801231.SI,综合Ⅱ,852311.SI,综合Ⅲ,19961218,2026-08-01,tushare
000412.SZ,000412,ST五环(退市),801230.SI,综合,801231.SI,综合Ⅱ,852311.SI,综合Ⅲ,19960715,2026-08-01,tushare
600766.SH,600766,退市园城(退市),801230.SI,综合,801231.SI,综合Ⅱ,852311.SI,综合Ⅲ,20220729,2026-08-01,tushare
600669.SH,600669,*ST鞍成(退市),801230.SI,综合,801231.SI,综合Ⅱ,852311.SI,综合Ⅲ,20060901,2026-08-01,tushare
600656.SH,600656,退市博元(退市),801230.SI,综合,801231.SI,综合Ⅱ,852311.SI,综合Ⅲ,20111010,2026-08-01,tushare
300208.SZ,300208,中程退(退市),801230.SI,综合,801231.SI,综合Ⅱ,852311.SI,综合Ⅲ,20110418,2026-08-01,tushare
000038.SZ,000038,大通退(退市),801230.SI,综合,801231.SI,综合Ⅱ,852311.SI,综合Ⅲ,20180619,2026-08-01,tushare
600083.SH,600083,*ST博信(退市),801230.SI,综合,801231.SI,综合Ⅱ,852311.SI,综合Ⅲ,20110110,2026-08-01,tushare
000622.SZ,000622,恒立退(退市),801230.SI,综合,801231.SI,综合Ⅱ,852311.SI,综合Ⅲ,20130701,2026-08-01,tushare
600175.SH,600175,退市美都(退市),801230.SI,综合,801231.SI,综合Ⅱ,852311.SI,综合Ⅲ,20171211,2026-08-01,tushare
002018.SZ,002018,华信退(退市),801230.SI,综合,801231.SI,综合Ⅱ,852311.SI,综合Ⅲ,20170629,2026-08-01,tushare
600070.SH,600070,*ST富润(退市),801230.SI,综合,801231.SI,综合Ⅱ,852311.SI,综合Ⅲ,20180713,2026-08-01,tushare
000003.SZ,000003,PT金田A(退市),801230.SI,综合,801231.SI,综合Ⅱ,852311.SI,综合Ⅲ,19910415,2026-08-01,tushare
600747.SH,600747,退市大控(退市),801230.SI,综合,801231.SI,综合Ⅱ,852311.SI,综合Ⅲ,20080602,2026-08-01,tushare
600458.SH,600458,时代新材,801230.SI,综合,801231.SI,综合Ⅱ,852311.SI,综合Ⅲ,20260701,2026-08-01,tushare
600801.SH,600801,华新建材,801710.SI,建筑材料,801711.SI,水泥,857111.SI,水泥制造,19940103,2026-08-01,tushare
600802.SH,600802,福建水泥,801710.SI,建筑材料,801711.SI,水泥,857111.SI,水泥制造,19940103,2026-08-01,tushare
000401.SZ,000401,金隅冀东,801710.SI,建筑材料,801711.SI,水泥,857111.SI,水泥制造,19960614,2026-08-01,tushare
000789.SZ,000789,万年青,801710.SI,建筑材料,801711.SI,水泥,857111.SI,水泥制造,19970923,2026-08-01,tushare
000877.SZ,000877,天山股份,801710.SI,建筑材料,801711.SI,水泥,857111.SI,水泥制造,19990107,2026-08-01,tushare
600585.SH,600585,海螺水泥,801710.SI,建筑材料,801711.SI,水泥,857111.SI,水泥制造,20020207,2026-08-01,tushare
600425.SH,600425,青松建化,801710.SI,建筑材料,801711.SI,水泥,857111.SI,水泥制造,20030721,2026-08-01,tushare
600449.SH,600449,宁夏建材,801710.SI,建筑材料,801711.SI,水泥,857111.SI,水泥制造,20030825,2026-08-01,tushare
002233.SZ,002233,塔牌集团,801710.SI,建筑材料,801711.SI,水泥,857111.SI,水泥制造,20080424,2026-08-01,tushare
000672.SZ,000672,上峰材料,801710.SI,建筑材料,801711.SI,水泥,857111.SI,水泥制造,20130701,2026-08-01,tushare
601992.SH,601992,金隅集团,801710.SI,建筑材料,801711.SI,水泥,857111.SI,水泥制造,20190724,2026-08-01,tushare
600326.SH,600326,西藏天路,801710.SI,建筑材料,801711.SI,水泥,857111.SI,水泥制造,20060901,2026-08-01,tushare
600678.SH,600678,ST金顶,801710.SI,建筑材料,801711.SI,水泥,857111.SI,水泥制造,20210730,2026-08-01,tushare
600668.SH,600668,尖峰集团,801710.SI,建筑材料,801711.SI,水泥,857111.SI,水泥制造,20220729,2026-08-01,tushare
000827.SZ,000827,*ST长兴(退市),801710.SI,建筑材料,801711.SI,水泥,857111.SI,水泥制造,20050701,2026-08-01,tushare
600553.SH,600553,太行水泥(退市),801710.SI,建筑材料,801711.SI,水泥,857111.SI,水泥制造,20020822,2026-08-01,tushare
003037.SZ,003037,三和管桩,801710.SI,建筑材料,801711.SI,水泥,857112.SI,水泥制品,20220729,2026-08-01,tushare
002302.SZ,002302,西部建设,801710.SI,建筑材料,801711.SI,水泥,857112.SI,水泥制品,20210730,2026-08-01,tushare
002205.SZ,002205,国统股份,801710.SI,建筑材料,801711.SI,水泥,857112.SI,水泥制品,20230704,2026-08-01,tushare
605122.SH,605122,四方新材,801710.SI,建筑材料,801711.SI,水泥,857112.SI,水泥制品,20210730,2026-08-01,tushare
603616.SH,603616,韩建河山,801710.SI,建筑材料,801711.SI,水泥,857112.SI,水泥制品,20210730,2026-08-01,tushare
002671.SZ,002671,龙泉股份,801710.SI,建筑材料,801711.SI,水泥,857112.SI,水泥制品,20210730,2026-08-01,tushare
002596.SZ,002596,海南瑞泽,801710.SI,建筑材料,801711.SI,水泥,857112.SI,水泥制品,20210730,2026-08-01,tushare
000023.SZ,000023,*ST深天(退市),801710.SI,建筑材料,801711.SI,水泥,857112.SI,水泥制品,20210730,2026-08-01,tushare
600819.SH,600819,耀皮玻璃,801710.SI,建筑材料,801712.SI,玻璃玻纤,857121.SI,玻璃制造,19940128,2026-08-01,tushare
600876.SH,600876,凯盛新能,801710.SI,建筑材料,801712.SI,玻璃玻纤,857121.SI,玻璃制造,19951031,2026-08-01,tushare
000012.SZ,000012,南玻A,801710.SI,建筑材料,801712.SI,玻璃玻纤,857121.SI,玻璃制造,19920228,2026-08-01,tushare
600586.SH,600586,金晶科技,801710.SI,建筑材料,801712.SI,玻璃玻纤,857121.SI,玻璃制造,20020815,2026-08-01,tushare
601636.SH,601636,旗滨集团,801710.SI,建筑材料,801712.SI,玻璃玻纤,857121.SI,玻璃制造,20110804,2026-08-01,tushare
600293.SH,600293,三峡新材,801710.SI,建筑材料,801712.SI,玻璃玻纤,857121.SI,玻璃制造,20170629,2026-08-01,tushare
002613.SZ,002613,北玻股份,801710.SI,建筑材料,801712.SI,玻璃玻纤,857121.SI,玻璃制造,20210730,2026-08-01,tushare
601112.SH,601112,振石股份,801710.SI,建筑材料,801712.SI,玻璃玻纤,857122.SI,玻纤制造,20260123,2026-08-01,tushare
002201.SZ,002201,九鼎新材,801710.SI,建筑材料,801712.SI,玻璃玻纤,857122.SI,玻纤制造,20071225,2026-08-01,tushare
002080.SZ,002080,中材科技,801710.SI,建筑材料,801712.SI,玻璃玻纤,857122.SI,玻纤制造,20061120,2026-08-01,tushare
300196.SZ,300196,长海股份,801710.SI,建筑材料,801712.SI,玻璃玻纤,857122.SI,玻纤制造,20110321,2026-08-01,tushare
603601.SH,603601,再升科技,801710.SI,建筑材料,801712.SI,玻璃玻纤,857122.SI,玻纤制造,20150115,2026-08-01,tushare
603256.SH,603256,宏和科技,801710.SI,建筑材料,801712.SI,玻璃玻纤,857122.SI,玻纤制造,20190614,2026-08-01,tushare
301526.SZ,301526,国际复材,801710.SI,建筑材料,801712.SI,玻璃玻纤,857122.SI,玻纤制造,20231208,2026-08-01,tushare
605006.SH,605006,山东玻纤,801710.SI,建筑材料,801712.SI,玻璃玻纤,857122.SI,玻纤制造,20200817,2026-08-01,tushare
600176.SH,600176,中国巨石,801710.SI,建筑材料,801712.SI,玻璃玻纤,857122.SI,玻纤制造,19990104,2026-08-01,tushare
002066.SZ,002066,瑞泰科技,801710.SI,建筑材料,801713.SI,装修建材,850615.SI,耐火材料,20060823,2026-08-01,tushare
002088.SZ,002088,鲁阳节能,801710.SI,建筑材料,801713.SI,装修建材,850615.SI,耐火材料,20061129,2026-08-01,tushare
002225.SZ,002225,濮耐股份,801710.SI,建筑材料,801713.SI,装修建材,850615.SI,耐火材料,20080407,2026-08-01,tushare
002392.SZ,002392,北京利尔,801710.SI,建筑材料,801713.SI,装修建材,850615.SI,耐火材料,20100407,2026-08-01,tushare
688119.SH,688119,中钢洛耐,801710.SI,建筑材料,801713.SI,装修建材,850615.SI,耐火材料,20220520,2026-08-01,tushare
300374.SZ,300374,中铁装配,801710.SI,建筑材料,801713.SI,装修建材,850615.SI,耐火材料,20150109,2026-08-01,tushare
920076.BJ,920076.BJ,国亮新材,801710.SI,建筑材料,801713.SI,装修建材,850615.SI,耐火材料,20260114,2026-08-01,tushare
920191.BJ,920191.BJ,瑞尔竞达,801710.SI,建筑材料,801713.SI,装修建材,850615.SI,耐火材料,20260410,2026-08-01,tushare
920792.BJ,920792.BJ,东和新材,801710.SI,建筑材料,801713.SI,装修建材,850615.SI,耐火材料,20230407,2026-08-01,tushare
920580.BJ,920580.BJ,科创新材,801710.SI,建筑材料,801713.SI,装修建材,850615.SI,耐火材料,20220513,2026-08-01,tushare
002372.SZ,002372,伟星新材,801710.SI,建筑材料,801713.SI,装修建材,850616.SI,管材,20100301,2026-08-01,tushare
002457.SZ,002457,青龙管业,801710.SI,建筑材料,801713.SI,装修建材,850616.SI,管材,20100716,2026-08-01,tushare
002641.SZ,002641,公元股份,801710.SI,建筑材料,801713.SI,装修建材,850616.SI,管材,20111130,2026-08-01,tushare
002694.SZ,002694,*ST顾地,801710.SI,建筑材料,801713.SI,装修建材,850616.SI,管材,20120808,2026-08-01,tushare
300198.SZ,300198,*ST纳川,801710.SI,建筑材料,801713.SI,装修建材,850616.SI,管材,20110328,2026-08-01,tushare
603856.SH,603856,东宏股份,801710.SI,建筑材料,801713.SI,装修建材,850616.SI,管材,20171030,2026-08-01,tushare
300599.SZ,300599,雄塑科技,801710.SI,建筑材料,801713.SI,装修建材,850616.SI,管材,20170116,2026-08-01,tushare
000619.SZ,000619,海螺新材,801710.SI,建筑材料,801713.SI,装修建材,850614.SI,其他建材,19960919,2026-08-01,tushare
000786.SZ,000786,北新建材,801710.SI,建筑材料,801713.SI,装修建材,850614.SI,其他建材,19970606,2026-08-01,tushare
002043.SZ,002043,兔宝宝,801710.SI,建筑材料,801713.SI,装修建材,850614.SI,其他建材,20050406,2026-08-01,tushare
002398.SZ,002398,垒知集团,801710.SI,建筑材料,801713.SI,装修建材,850614.SI,其他建材,20100422,2026-08-01,tushare
002652.SZ,002652,扬子新材,801710.SI,建筑材料,801713.SI,装修建材,850614.SI,其他建材,20120111,2026-08-01,tushare
300234.SZ,300234,开尔新材,801710.SI,建筑材料,801713.SI,装修建材,850614.SI,其他建材,20110614,2026-08-01,tushare
002718.SZ,002718,友邦吊顶,801710.SI,建筑材料,801713.SI,装修建材,850614.SI,其他建材,20140122,2026-08-01,tushare
603038.SH,603038,华立股份,801710.SI,建筑材料,801713.SI,装修建材,850614.SI,其他建材,20170105,2026-08-01,tushare
002785.SZ,002785,万里石,801710.SI,建筑材料,801713.SI,装修建材,850614.SI,其他建材,20151223,2026-08-01,tushare
002791.SZ,002791,坚朗五金,801710.SI,建筑材料,801713.SI,装修建材,850614.SI,其他建材,20160329,2026-08-01,tushare
002247.SZ,002247,聚力文化,801710.SI,建筑材料,801713.SI,装修建材,850614.SI,其他建材,20220729,2026-08-01,tushare
001212.SZ,001212,中旗新材,801710.SI,建筑材料,801713.SI,装修建材,850614.SI,其他建材,20210723,2026-08-01,tushare
605318.SH,605318,法狮龙,801710.SI,建筑材料,801713.SI,装修建材,850614.SI,其他建材,20200721,2026-08-01,tushare
002333.SZ,002333,罗普斯金,801710.SI,建筑材料,801713.SI,装修建材,850614.SI,其他建材,20091221,2026-08-01,tushare
301429.SZ,301429,森泰股份,801710.SI,建筑材料,801713.SI,装修建材,850614.SI,其他建材,20230331,2026-08-01,tushare
301010.SZ,301010,晶雪节能,801710.SI,建筑材料,801713.SI,装修建材,850614.SI,其他建材,20210730,2026-08-01,tushare
000055.SZ,000055,方大集团,801710.SI,建筑材料,801713.SI,装修建材,850614.SI,其他建材,20210730,2026-08-01,tushare
600286.SH,600286,S*ST国瓷(退市),801710.SI,建筑材料,801713.SI,装修建材,850614.SI,其他建材,19991209,2026-08-01,tushare
002271.SZ,002271,东方雨虹,801710.SI,建筑材料,801713.SI,装修建材,850617.SI,防水材料,20210730,2026-08-01,tushare
300715.SZ,300715,凯伦股份,801710.SI,建筑材料,801713.SI,装修建材,850617.SI,防水材料,20210730,2026-08-01,tushare
300737.SZ,300737,科顺股份,801710.SI,建筑材料,801713.SI,装修建材,850617.SI,防水材料,20210730,2026-08-01,tushare
603737.SH,603737,三棵树,801710.SI,建筑材料,801713.SI,装修建材,850618.SI,涂料,20210730,2026-08-01,tushare
603378.SH,603378,*ST亚士,801710.SI,建筑材料,801713.SI,装修建材,850618.SI,涂料,20210730,2026-08-01,tushare
600170.SH,600170,上海建工,801720.SI,建筑装饰,801721.SI,房屋建设Ⅱ,850623.SI,房屋建设Ⅲ,19980623,2026-08-01,tushare
600491.SH,600491,ST龙元,801720.SI,建筑装饰,801721.SI,房屋建设Ⅱ,850623.SI,房屋建设Ⅲ,20040520,2026-08-01,tushare
601668.SH,601668,中国建筑,801720.SI,建筑装饰,801721.SI,房屋建设Ⅱ,850623.SI,房屋建设Ⅲ,20090714,2026-08-01,tushare
601789.SH,601789,宁波建工,801720.SI,建筑装饰,801721.SI,房屋建设Ⅱ,850623.SI,房屋建设Ⅲ,20110805,2026-08-01,tushare
000628.SZ,000628,高新发展,801720.SI,建筑装饰,801721.SI,房屋建设Ⅱ,850623.SI,房屋建设Ⅲ,20180713,2026-08-01,tushare
002761.SZ,002761,浙江建投,801720.SI,建筑装饰,801721.SI,房屋建设Ⅱ,850623.SI,房屋建设Ⅲ,20200903,2026-08-01,tushare
600248.SH,600248,陕建股份,801720.SI,建筑装饰,801721.SI,房屋建设Ⅱ,850623.SI,房屋建设Ⅲ,20210730,2026-08-01,tushare
600939.SH,600939,重庆建工,801720.SI,建筑装饰,801721.SI,房屋建设Ⅱ,850623.SI,房屋建设Ⅲ,20170116,2026-08-01,tushare
002047.SZ,002047,宝鹰股份,801720.SI,建筑装饰,801722.SI,装修装饰Ⅱ,857221.SI,装修装饰Ⅲ,20050530,2026-08-01,tushare
002081.SZ,002081,金螳螂,801720.SI,建筑装饰,801722.SI,装修装饰Ⅱ,857221.SI,装修装饰Ⅲ,20061120,2026-08-01,tushare
002482.SZ,002482,广田集团,801720.SI,建筑装饰,801722.SI,装修装饰Ⅱ,857221.SI,装修装饰Ⅲ,20100908,2026-08-01,tushare
002375.SZ,002375,亚厦股份,801720.SI,建筑装饰,801722.SI,装修装饰Ⅱ,857221.SI,装修装饰Ⅲ,20100305,2026-08-01,tushare
002620.SZ,002620,*ST瑞和,801720.SI,建筑装饰,801722.SI,装修装饰Ⅱ,857221.SI,装修装饰Ⅲ,20110920,2026-08-01,tushare
601886.SH,601886,江河集团,801720.SI,建筑装饰,801722.SI,装修装饰Ⅱ,857221.SI,装修装饰Ⅲ,20110809,2026-08-01,tushare
603828.SH,603828,*ST利达,801720.SI,建筑装饰,801722.SI,装修装饰Ⅱ,857221.SI,装修装饰Ⅲ,20150115,2026-08-01,tushare
603030.SH,603030,全筑股份,801720.SI,建筑装饰,801722.SI,装修装饰Ⅱ,857221.SI,装修装饰Ⅲ,20150109,2026-08-01,tushare
002713.SZ,002713,东易日盛,801720.SI,建筑装饰,801722.SI,装修装饰Ⅱ,857221.SI,装修装饰Ⅲ,20140108,2026-08-01,tushare
300621.SZ,300621,维业股份,801720.SI,建筑装饰,801722.SI,装修装饰Ⅱ,857221.SI,装修装饰Ⅲ,20170224,2026-08-01,tushare
002789.SZ,002789,*ST建艺,801720.SI,建筑装饰,801722.SI,装修装饰Ⅱ,857221.SI,装修装饰Ⅲ,20160311,2026-08-01,tushare
002856.SZ,002856,*ST美芝,801720.SI,建筑装饰,801722.SI,装修装饰Ⅱ,857221.SI,装修装饰Ⅲ,20170301,2026-08-01,tushare
002822.SZ,002822,ST中装,801720.SI,建筑装饰,801722.SI,装修装饰Ⅱ,857221.SI,装修装饰Ⅲ,20161129,2026-08-01,tushare
002811.SZ,002811,郑中设计,801720.SI,建筑装饰,801722.SI,装修装饰Ⅱ,857221.SI,装修装饰Ⅲ,20160823,2026-08-01,tushare
300506.SZ,300506,名家汇,801720.SI,建筑装饰,801722.SI,装修装饰Ⅱ,857221.SI,装修装饰Ⅲ,20160324,2026-08-01,tushare
002963.SZ,002963,豪尔赛,801720.SI,建筑装饰,801722.SI,装修装饰Ⅱ,857221.SI,装修装饰Ⅲ,20190919,2026-08-01,tushare
605287.SH,605287,德才股份,801720.SI,建筑装饰,801722.SI,装修装饰Ⅱ,857221.SI,装修装饰Ⅲ,20210622,2026-08-01,tushare
603137.SH,603137,恒尚节能,801720.SI,建筑装饰,801722.SI,装修装饰Ⅱ,857221.SI,装修装饰Ⅲ,20230331,2026-08-01,tushare
600193.SH,600193,退市创兴(退市),801720.SI,建筑装饰,801722.SI,装修装饰Ⅱ,857221.SI,装修装饰Ⅲ,20121231,2026-08-01,tushare
600234.SH,600234,科新发展,801720.SI,建筑装饰,801722.SI,装修装饰Ⅱ,857221.SI,装修装饰Ⅲ,20230704,2026-08-01,tushare
002163.SZ,002163,海南发展,801720.SI,建筑装饰,801722.SI,装修装饰Ⅱ,857221.SI,装修装饰Ⅲ,20220729,2026-08-01,tushare
002989.SZ,002989,中天精装,801720.SI,建筑装饰,801722.SI,装修装饰Ⅱ,857221.SI,装修装饰Ⅲ,20200506,2026-08-01,tushare
002830.SZ,002830,名雕股份,801720.SI,建筑装饰,801722.SI,装修装饰Ⅱ,857221.SI,装修装饰Ⅲ,20161212,2026-08-01,tushare
002325.SZ,002325,*ST洪涛(退市),801720.SI,建筑装饰,801722.SI,装修装饰Ⅱ,857221.SI,装修装饰Ⅲ,20091204,2026-08-01,tushare
002504.SZ,002504,*ST弘高(退市),801720.SI,建筑装饰,801722.SI,装修装饰Ⅱ,857221.SI,装修装饰Ⅲ,20150701,2026-08-01,tushare
002781.SZ,002781,奇信退(退市),801720.SI,建筑装饰,801722.SI,装修装饰Ⅱ,857221.SI,装修装饰Ⅲ,20151105,2026-08-01,tushare
600209.SH,600209,退市罗顿(退市),801720.SI,建筑装饰,801722.SI,装修装饰Ⅱ,857221.SI,装修装饰Ⅲ,20121008,2026-08-01,tushare
600820.SH,600820,隧道股份,801720.SI,建筑装饰,801723.SI,基础建设,857236.SI,基建市政工程,19940128,2026-08-01,tushare
600502.SH,600502,安徽建工,801720.SI,建筑装饰,801723.SI,基础建设,857236.SI,基建市政工程,20220729,2026-08-01,tushare
600512.SH,600512,腾达建设,801720.SI,建筑装饰,801723.SI,基础建设,857236.SI,基建市政工程,20021226,2026-08-01,tushare
601390.SH,601390,中国中铁,801720.SI,建筑装饰,801723.SI,基础建设,857236.SI,基建市政工程,20071203,2026-08-01,tushare
600284.SH,600284,浦东建设,801720.SI,建筑装饰,801723.SI,基础建设,857236.SI,基建市政工程,20040311,2026-08-01,tushare
600039.SH,600039,四川路桥,801720.SI,建筑装饰,801723.SI,基础建设,857236.SI,基建市政工程,20030325,2026-08-01,tushare
002062.SZ,002062,宏润建设,801720.SI,建筑装饰,801723.SI,基础建设,857236.SI,基建市政工程,20060808,2026-08-01,tushare
601669.SH,601669,中国电建,801720.SI,建筑装饰,801723.SI,基础建设,857236.SI,基建市政工程,20110927,2026-08-01,tushare
601186.SH,601186,中国铁建,801720.SI,建筑装饰,801723.SI,基础建设,857236.SI,基建市政工程,20080226,2026-08-01,tushare
002307.SZ,002307,北新路桥,801720.SI,建筑装饰,801723.SI,基础建设,857236.SI,基建市政工程,20091027,2026-08-01,tushare
002628.SZ,002628,成都路桥,801720.SI,建筑装饰,801723.SI,基础建设,857236.SI,基建市政工程,20111025,2026-08-01,tushare
002586.SZ,002586,ST围海,801720.SI,建筑装饰,801723.SI,基础建设,857236.SI,基建市政工程,20110525,2026-08-01,tushare
601800.SH,601800,中国交建,801720.SI,建筑装饰,801723.SI,基础建设,857236.SI,基建市政工程,20120214,2026-08-01,tushare
000498.SZ,000498,山东路桥,801720.SI,建筑装饰,801723.SI,基础建设,857236.SI,基建市政工程,20130701,2026-08-01,tushare
002061.SZ,002061,浙江交科,801720.SI,建筑装饰,801723.SI,基础建设,857236.SI,基建市政工程,20180713,2026-08-01,tushare
603176.SH,603176,汇通集团,801720.SI,建筑装饰,801723.SI,基础建设,857236.SI,基建市政工程,20211217,2026-08-01,tushare
603843.SH,603843,*ST正平,801720.SI,建筑装饰,801723.SI,基础建设,857236.SI,基建市政工程,20160804,2026-08-01,tushare
601611.SH,601611,中国核建,801720.SI,建筑装饰,801723.SI,基础建设,857236.SI,基建市政工程,20160525,2026-08-01,tushare
603815.SH,603815,交建股份,801720.SI,建筑装饰,801723.SI,基础建设,857236.SI,基建市政工程,20190909,2026-08-01,tushare
002941.SZ,002941,新疆交建,801720.SI,建筑装饰,801723.SI,基础建设,857236.SI,基建市政工程,20181030,2026-08-01,tushare
300982.SZ,300982,苏文电能,801720.SI,建筑装饰,801723.SI,基础建设,857236.SI,基建市政工程,20210406,2026-08-01,tushare
601868.SH,601868,中国能建,801720.SI,建筑装饰,801723.SI,基础建设,857236.SI,基建市政工程,20210928,2026-08-01,tushare
600853.SH,600853,龙建股份,801720.SI,建筑装饰,801723.SI,基础建设,857236.SI,基建市政工程,20020830,2026-08-01,tushare
001396.SZ,001396,誉帆科技,801720.SI,建筑装饰,801723.SI,基础建设,857236.SI,基建市政工程,20251212,2026-08-01,tushare
600068.SH,600068,葛洲坝(退市),801720.SI,建筑装饰,801723.SI,基础建设,857236.SI,基建市政工程,19970526,2026-08-01,tushare
600852.SH,600852,*ST中川(退市),801720.SI,建筑装饰,801723.SI,基础建设,857236.SI,基建市政工程,19940404,2026-08-01,tushare
600263.SH,600263,路桥建设(退市),801720.SI,建筑装饰,801723.SI,基础建设,857236.SI,基建市政工程,20000725,2026-08-01,tushare
002431.SZ,002431,ST棕榈,801720.SI,建筑装饰,801723.SI,基础建设,857251.SI,园林工程,20100524,2026-08-01,tushare
300197.SZ,300197,节能铁汉,801720.SI,建筑装饰,801723.SI,基础建设,857251.SI,园林工程,20110321,2026-08-01,tushare
300355.SZ,300355,蒙草生态,801720.SI,建筑装饰,801723.SI,基础建设,857251.SI,园林工程,20120917,2026-08-01,tushare
002663.SZ,002663,普邦股份,801720.SI,建筑装饰,801723.SI,基础建设,857251.SI,园林工程,20120306,2026-08-01,tushare
000010.SZ,000010,*ST美丽,801720.SI,建筑装饰,801723.SI,基础建设,857251.SI,园林工程,20150701,2026-08-01,tushare
603778.SH,603778,国晟科技,801720.SI,建筑装饰,801723.SI,基础建设,857251.SI,园林工程,20151105,2026-08-01,tushare
002717.SZ,002717,*ST岭南,801720.SI,建筑装饰,801723.SI,基础建设,857251.SI,园林工程,20140108,2026-08-01,tushare
002200.SZ,002200,交投生态,801720.SI,建筑装饰,801723.SI,基础建设,857251.SI,园林工程,20130701,2026-08-01,tushare
603955.SH,603955,大千生态,801720.SI,建筑装饰,801723.SI,基础建设,857251.SI,园林工程,20170124,2026-08-01,tushare
300536.SZ,300536,农尚环境,801720.SI,建筑装饰,801723.SI,基础建设,857251.SI,园林工程,20160823,2026-08-01,tushare
603359.SH,603359,*ST东珠,801720.SI,建筑装饰,801723.SI,基础建设,857251.SI,园林工程,20170807,2026-08-01,tushare
300649.SZ,300649,杭州园林,801720.SI,建筑装饰,801723.SI,基础建设,857251.SI,园林工程,20170504,2026-08-01,tushare
300948.SZ,300948,冠中生态,801720.SI,建筑装饰,801723.SI,基础建设,857251.SI,园林工程,20210205,2026-08-01,tushare
300949.SZ,300949,奥雅股份,801720.SI,建筑装饰,801723.SI,基础建设,857251.SI,园林工程,20210219,2026-08-01,tushare
605303.SH,605303,园林股份,801720.SI,建筑装饰,801723.SI,基础建设,857251.SI,园林工程,20210114,2026-08-01,tushare
002775.SZ,002775,文科股份,801720.SI,建筑装饰,801723.SI,基础建设,857251.SI,园林工程,20150119,2026-08-01,tushare
301098.SZ,301098,金埔园林,801720.SI,建筑装饰,801723.SI,基础建设,857251.SI,园林工程,20211029,2026-08-01,tushare
001267.SZ,001267,汇绿生态,801720.SI,建筑装饰,801723.SI,基础建设,857251.SI,园林工程,20211117,2026-08-01,tushare
300495.SZ,300495,*ST美尚(退市),801720.SI,建筑装饰,801723.SI,基础建设,857251.SI,园林工程,20150701,2026-08-01,tushare
603388.SH,603388,*ST元成(退市),801720.SI,建筑装饰,801723.SI,基础建设,857251.SI,园林工程,20170214,2026-08-01,tushare
600496.SH,600496,精工钢构,801720.SI,建筑装饰,801724.SI,专业工程,857241.SI,钢结构,20020605,2026-08-01,tushare
600477.SH,600477,杭萧钢构,801720.SI,建筑装饰,801724.SI,专业工程,857241.SI,钢结构,20031107,2026-08-01,tushare
002135.SZ,002135,东南网架,801720.SI,建筑装饰,801724.SI,专业工程,857241.SI,钢结构,20070528,2026-08-01,tushare
002593.SZ,002593,日上集团,801720.SI,建筑装饰,801724.SI,专业工程,857241.SI,钢结构,20110616,2026-08-01,tushare
002541.SZ,002541,鸿路钢构,801720.SI,建筑装饰,801724.SI,专业工程,857241.SI,钢结构,20110106,2026-08-01,tushare
002743.SZ,002743,富煌钢构,801720.SI,建筑装饰,801724.SI,专业工程,857241.SI,钢结构,20150115,2026-08-01,tushare
603098.SH,603098,森特股份,801720.SI,建筑装饰,801724.SI,专业工程,857241.SI,钢结构,20161201,2026-08-01,tushare
300517.SZ,300517,海波重科,801720.SI,建筑装饰,801724.SI,专业工程,857241.SI,钢结构,20160624,2026-08-01,tushare
601096.SH,601096,宏盛华源,801720.SI,建筑装饰,801724.SI,专业工程,857241.SI,钢结构,20231208,2026-08-01,tushare
920057.BJ,920057.BJ,百甲科技,801720.SI,建筑装饰,801724.SI,专业工程,857241.SI,钢结构,20230317,2026-08-01,tushare
002140.SZ,002140,东华科技,801720.SI,建筑装饰,801724.SI,专业工程,857242.SI,化学工程,20070711,2026-08-01,tushare
601117.SH,601117,中国化学,801720.SI,建筑装饰,801724.SI,专业工程,857242.SI,化学工程,20091221,2026-08-01,tushare
002469.SZ,002469,三维化学,801720.SI,建筑装饰,801724.SI,专业工程,857242.SI,化学工程,20100830,2026-08-01,tushare
603959.SH,603959,ST百利,801720.SI,建筑装饰,801724.SI,专业工程,857242.SI,化学工程,20160509,2026-08-01,tushare
300384.SZ,300384,三联虹普,801720.SI,建筑装饰,801724.SI,专业工程,857242.SI,化学工程,20190724,2026-08-01,tushare
605167.SH,605167,利柏特,801720.SI,建筑装饰,801724.SI,专业工程,857242.SI,化学工程,20210709,2026-08-01,tushare
603637.SH,603637,镇海股份,801720.SI,建筑装饰,801724.SI,专业工程,857242.SI,化学工程,20170116,2026-08-01,tushare
000065.SZ,000065,北方国际,801720.SI,建筑装饰,801724.SI,专业工程,857243.SI,国际工程,19980605,2026-08-01,tushare
600970.SH,600970,中材国际,801720.SI,建筑装饰,801724.SI,专业工程,857243.SI,国际工程,20050323,2026-08-01,tushare
002051.SZ,002051,中工国际,801720.SI,建筑装饰,801724.SI,专业工程,857243.SI,国际工程,20060616,2026-08-01,tushare
000928.SZ,000928,中钢国际,801720.SI,建筑装饰,801724.SI,专业工程,857243.SI,国际工程,20150701,2026-08-01,tushare
000018.SZ,000018,神城A退(退市),801720.SI,建筑装饰,801724.SI,专业工程,857243.SI,国际工程,20180713,2026-08-01,tushare
002116.SZ,002116,中国海诚,801720.SI,建筑装饰,801724.SI,专业工程,857244.SI,其他专业工程,20070214,2026-08-01,tushare
002542.SZ,002542,*ST中岩,801720.SI,建筑装饰,801724.SI,专业工程,857244.SI,其他专业工程,20110119,2026-08-01,tushare
605178.SH,605178,时空科技,801720.SI,建筑装饰,801724.SI,专业工程,857244.SI,其他专业工程,20220729,2026-08-01,tushare
601618.SH,601618,中国中冶,801720.SI,建筑装饰,801724.SI,专业工程,857244.SI,其他专业工程,20090901,2026-08-01,tushare
603929.SH,603929,亚翔集成,801720.SI,建筑装饰,801724.SI,专业工程,857244.SI,其他专业工程,20161213,2026-08-01,tushare
601133.SH,601133,柏诚股份,801720.SI,建筑装饰,801724.SI,专业工程,857244.SI,其他专业工程,20230327,2026-08-01,tushare
300712.SZ,300712,永福股份,801720.SI,建筑装饰,801724.SI,专业工程,857244.SI,其他专业工程,20171030,2026-08-01,tushare
601068.SH,601068,中铝国际,801720.SI,建筑装饰,801724.SI,专业工程,857244.SI,其他专业工程,20180809,2026-08-01,tushare
300986.SZ,300986,志特新材,801720.SI,建筑装饰,801724.SI,专业工程,857244.SI,其他专业工程,20220727,2026-08-01,tushare
003001.SZ,003001,中岩大地,801720.SI,建筑装饰,801724.SI,专业工程,857244.SI,其他专业工程,20200831,2026-08-01,tushare
301046.SZ,301046,能辉科技,801720.SI,建筑装饰,801724.SI,专业工程,857244.SI,其他专业工程,20210806,2026-08-01,tushare
000032.SZ,000032,深桑达A,801720.SI,建筑装饰,801724.SI,专业工程,857244.SI,其他专业工程,20220729,2026-08-01,tushare
002564.SZ,002564,天沃科技,801720.SI,建筑装饰,801724.SI,专业工程,857244.SI,其他专业工程,20220729,2026-08-01,tushare
920019.BJ,920019.BJ,铜冠矿建,801720.SI,建筑装饰,801724.SI,专业工程,857244.SI,其他专业工程,20241011,2026-08-01,tushare
300029.SZ,300029,天龙退(退市),801720.SI,建筑装饰,801724.SI,专业工程,857244.SI,其他专业工程,20220729,2026-08-01,tushare
605598.SH,605598,上海港湾,801720.SI,建筑装饰,801724.SI,专业工程,857244.SI,其他专业工程,20210820,2026-08-01,tushare
603163.SH,603163,圣晖集成,801720.SI,建筑装饰,801724.SI,专业工程,857244.SI,其他专业工程,20220902,2026-08-01,tushare
605289.SH,605289,罗曼股份,801720.SI,建筑装饰,801724.SI,专业工程,857244.SI,其他专业工程,20210730,2026-08-01,tushare
601226.SH,601226,华电科工,801720.SI,建筑装饰,801724.SI,专业工程,857244.SI,其他专业工程,20140127,2026-08-01,tushare
002323.SZ,002323,*ST雅博,801720.SI,建筑装饰,801724.SI,专业工程,857244.SI,其他专业工程,20220701,2026-08-01,tushare
600321.SH,600321,正源股份(退市),801720.SI,建筑装饰,801724.SI,专业工程,857244.SI,其他专业工程,20220729,2026-08-01,tushare
300117.SZ,300117,*ST嘉寓(退市),801720.SI,建筑装饰,801724.SI,专业工程,857244.SI,其他专业工程,20210730,2026-08-01,tushare
000779.SZ,000779,甘咨询,801720.SI,建筑装饰,801726.SI,工程咨询服务Ⅱ,857261.SI,工程咨询服务Ⅲ,19970528,2026-08-01,tushare
301365.SZ,301365,矩阵股份,801720.SI,建筑装饰,801726.SI,工程咨询服务Ⅱ,857261.SI,工程咨询服务Ⅲ,20221104,2026-08-01,tushare
300284.SZ,300284,苏交科,801720.SI,建筑装饰,801726.SI,工程咨询服务Ⅱ,857261.SI,工程咨询服务Ⅲ,20111227,2026-08-01,tushare
603153.SH,603153,上海建科,801720.SI,建筑装饰,801726.SI,工程咨询服务Ⅱ,857261.SI,工程咨询服务Ⅲ,20230224,2026-08-01,tushare
301136.SZ,301136,招标股份,801720.SI,建筑装饰,801726.SI,工程咨询服务Ⅱ,857261.SI,工程咨询服务Ⅲ,20211224,2026-08-01,tushare
603458.SH,603458,勘设股份,801720.SI,建筑装饰,801726.SI,工程咨询服务Ⅱ,857261.SI,工程咨询服务Ⅲ,20170726,2026-08-01,tushare
002883.SZ,002883,*ST中设,801720.SI,建筑装饰,801726.SI,工程咨询服务Ⅱ,857261.SI,工程咨询服务Ⅲ,20170619,2026-08-01,tushare
603357.SH,603357,设计总院,801720.SI,建筑装饰,801726.SI,工程咨询服务Ⅱ,857261.SI,工程咨询服务Ⅲ,20170726,2026-08-01,tushare
603860.SH,603860,中公高科,801720.SI,建筑装饰,801726.SI,工程咨询服务Ⅱ,857261.SI,工程咨询服务Ⅲ,20170726,2026-08-01,tushare
300732.SZ,300732,设研院,801720.SI,建筑装饰,801726.SI,工程咨询服务Ⅱ,857261.SI,工程咨询服务Ⅲ,20171208,2026-08-01,tushare
603909.SH,603909,建发合诚,801720.SI,建筑装饰,801726.SI,工程咨询服务Ⅱ,857261.SI,工程咨询服务Ⅲ,20160624,2026-08-01,tushare
300989.SZ,300989,蕾奥规划,801720.SI,建筑装饰,801726.SI,工程咨询服务Ⅱ,857261.SI,工程咨询服务Ⅲ,20210426,2026-08-01,tushare
301038.SZ,301038,深水规院,801720.SI,建筑装饰,801726.SI,工程咨询服务Ⅱ,857261.SI,工程咨询服务Ⅲ,20210712,2026-08-01,tushare
003013.SZ,003013,地铁设计,801720.SI,建筑装饰,801726.SI,工程咨询服务Ⅱ,857261.SI,工程咨询服务Ⅲ,20200930,2026-08-01,tushare
920427.BJ,920427.BJ,华维设计,801720.SI,建筑装饰,801726.SI,工程咨询服务Ⅱ,857261.SI,工程咨询服务Ⅲ,20210205,2026-08-01,tushare
920149.BJ,920149.BJ,旭杰科技,801720.SI,建筑装饰,801726.SI,工程咨询服务Ⅱ,857261.SI,工程咨询服务Ⅲ,20200727,2026-08-01,tushare
920892.BJ,920892.BJ,广咨国际,801720.SI,建筑装饰,801726.SI,工程咨询服务Ⅱ,857261.SI,工程咨询服务Ⅲ,20211028,2026-08-01,tushare
920873.BJ,920873.BJ,中设咨询,801720.SI,建筑装饰,801726.SI,工程咨询服务Ⅱ,857261.SI,工程咨询服务Ⅲ,20211115,2026-08-01,tushare
301167.SZ,301167,建研设计,801720.SI,建筑装饰,801726.SI,工程咨询服务Ⅱ,857261.SI,工程咨询服务Ⅲ,20211126,2026-08-01,tushare
301091.SZ,301091,深城交,801720.SI,建筑装饰,801726.SI,工程咨询服务Ⅱ,857261.SI,工程咨询服务Ⅲ,20210930,2026-08-01,tushare
300675.SZ,300675,建科院,801720.SI,建筑装饰,801726.SI,工程咨询服务Ⅱ,857261.SI,工程咨询服务Ⅲ,20210730,2026-08-01,tushare
002949.SZ,002949,华阳国际,801720.SI,建筑装饰,801726.SI,工程咨询服务Ⅱ,857261.SI,工程咨询服务Ⅲ,20210730,2026-08-01,tushare
300564.SZ,300564,筑博设计,801720.SI,建筑装饰,801726.SI,工程咨询服务Ⅱ,857261.SI,工程咨询服务Ⅲ,20210730,2026-08-01,tushare
301024.SZ,301024,霍普股份,801720.SI,建筑装饰,801726.SI,工程咨询服务Ⅱ,857261.SI,工程咨询服务Ⅲ,20210730,2026-08-01,tushare
600667.SH,600667,太极实业,801720.SI,建筑装饰,801726.SI,工程咨询服务Ⅱ,857261.SI,工程咨询服务Ⅲ,20220729,2026-08-01,tushare
301058.SZ,301058,中粮科工,801720.SI,建筑装饰,801726.SI,工程咨询服务Ⅱ,857261.SI,工程咨询服务Ⅲ,20210820,2026-08-01,tushare
300844.SZ,300844,山水比德,801720.SI,建筑装饰,801726.SI,工程咨询服务Ⅱ,857261.SI,工程咨询服务Ⅲ,20210806,2026-08-01,tushare
301505.SZ,301505,苏州规划,801720.SI,建筑装饰,801726.SI,工程咨询服务Ⅱ,857261.SI,工程咨询服务Ⅲ,20230630,2026-08-01,tushare
300668.SZ,300668,杰恩股份,801720.SI,建筑装饰,801726.SI,工程咨询服务Ⅱ,857261.SI,工程咨询服务Ⅲ,20210730,2026-08-01,tushare
300500.SZ,300500,启迪设计,801720.SI,建筑装饰,801726.SI,工程咨询服务Ⅱ,857261.SI,工程咨询服务Ⅲ,20210730,2026-08-01,tushare
600846.SH,600846,同济科技,801720.SI,建筑装饰,801726.SI,工程咨询服务Ⅱ,857261.SI,工程咨询服务Ⅲ,20230704,2026-08-01,tushare
300746.SZ,300746,汉嘉数智,801720.SI,建筑装饰,801726.SI,工程咨询服务Ⅱ,857261.SI,工程咨询服务Ⅲ,20210730,2026-08-01,tushare
300635.SZ,300635,中达安,801720.SI,建筑装饰,801726.SI,工程咨询服务Ⅱ,857261.SI,工程咨询服务Ⅲ,20210730,2026-08-01,tushare
600629.SH,600629,华建集团,801720.SI,建筑装饰,801726.SI,工程咨询服务Ⅱ,857261.SI,工程咨询服务Ⅲ,20210730,2026-08-01,tushare
603017.SH,603017,中衡设计,801720.SI,建筑装饰,801726.SI,工程咨询服务Ⅱ,857261.SI,工程咨询服务Ⅲ,20210730,2026-08-01,tushare
300826.SZ,300826,测绘股份,801720.SI,建筑装饰,801726.SI,工程咨询服务Ⅱ,857261.SI,工程咨询服务Ⅲ,20210730,2026-08-01,tushare
300983.SZ,300983,尤安设计,801720.SI,建筑装饰,801726.SI,工程咨询服务Ⅱ,857261.SI,工程咨询服务Ⅲ,20210730,2026-08-01,tushare
300778.SZ,300778,新城市,801720.SI,建筑装饰,801726.SI,工程咨询服务Ⅱ,857261.SI,工程咨询服务Ⅲ,20210730,2026-08-01,tushare
603018.SH,603018,华设集团,801720.SI,建筑装饰,801726.SI,工程咨询服务Ⅱ,857261.SI,工程咨询服务Ⅲ,20140127,2026-08-01,tushare
300977.SZ,300977,深圳瑞捷,801720.SI,建筑装饰,801726.SI,工程咨询服务Ⅱ,857261.SI,工程咨询服务Ⅲ,20210730,2026-08-01,tushare
301027.SZ,301027,华蓝集团,801720.SI,建筑装饰,801726.SI,工程咨询服务Ⅱ,857261.SI,工程咨询服务Ⅲ,20210730,2026-08-01,tushare
920003.BJ,920003.BJ,中诚咨询,801720.SI,建筑装饰,801726.SI,工程咨询服务Ⅱ,857261.SI,工程咨询服务Ⅲ,20251106,2026-08-01,tushare
920208.BJ,920208.BJ,青矩技术,801720.SI,建筑装饰,801726.SI,工程咨询服务Ⅱ,857261.SI,工程咨询服务Ⅲ,20230407,2026-08-01,tushare
301390.SZ,301390,经纬股份,801720.SI,建筑装饰,801726.SI,工程咨询服务Ⅱ,857261.SI,工程咨询服务Ⅲ,20240730,2026-08-01,tushare
603257.SH,603257,中国瑞林,801720.SI,建筑装饰,801726.SI,工程咨询服务Ⅱ,857261.SI,工程咨询服务Ⅲ,20250314,2026-08-01,tushare
600720.SH,600720,中交设计,801720.SI,建筑装饰,801726.SI,工程咨询服务Ⅱ,857261.SI,工程咨询服务Ⅲ,20240119,2026-08-01,tushare
000922.SZ,000922,佳电股份,801730.SI,电力设备,801731.SI,电机Ⅱ,850741.SI,电机Ⅲ,19990618,2026-08-01,tushare
600580.SH,600580,卧龙电驱,801730.SI,电力设备,801731.SI,电机Ⅱ,850741.SI,电机Ⅲ,20020606,2026-08-01,tushare
002196.SZ,002196,方正电机,801730.SI,电力设备,801731.SI,电机Ⅱ,850741.SI,电机Ⅲ,20071211,2026-08-01,tushare
002249.SZ,002249,大洋电机,801730.SI,电力设备,801731.SI,电机Ⅱ,850741.SI,电机Ⅲ,20080528,2026-08-01,tushare
002576.SZ,002576,通达动力,801730.SI,电力设备,801731.SI,电机Ⅱ,850741.SI,电机Ⅲ,20110420,2026-08-01,tushare
603988.SH,603988,中电电机,801730.SI,电力设备,801731.SI,电机Ⅱ,850741.SI,电机Ⅲ,20140124,2026-08-01,tushare
300660.SZ,300660,江苏雷利,801730.SI,电力设备,801731.SI,电机Ⅱ,850741.SI,电机Ⅲ,20170522,2026-08-01,tushare
300626.SZ,300626,华瑞股份,801730.SI,电力设备,801731.SI,电机Ⅱ,850741.SI,电机Ⅲ,20170310,2026-08-01,tushare
603320.SH,603320,迪贝电气,801730.SI,电力设备,801731.SI,电机Ⅱ,850741.SI,电机Ⅲ,20170419,2026-08-01,tushare
002801.SZ,002801,微光股份,801730.SI,电力设备,801731.SI,电机Ⅱ,850741.SI,电机Ⅲ,20160622,2026-08-01,tushare
002823.SZ,002823,凯中精密,801730.SI,电力设备,801731.SI,电机Ⅱ,850741.SI,电机Ⅲ,20161124,2026-08-01,tushare
603728.SH,603728,鸣志电器,801730.SI,电力设备,801731.SI,电机Ⅱ,850741.SI,电机Ⅲ,20170504,2026-08-01,tushare
002892.SZ,002892,科力尔,801730.SI,电力设备,801731.SI,电机Ⅱ,850741.SI,电机Ⅲ,20170807,2026-08-01,tushare
603489.SH,603489,八方股份,801730.SI,电力设备,801731.SI,电机Ⅱ,850741.SI,电机Ⅲ,20190927,2026-08-01,tushare
301023.SZ,301023,奕帆传动,801730.SI,电力设备,801731.SI,电机Ⅱ,850741.SI,电机Ⅲ,20210705,2026-08-01,tushare
300907.SZ,300907,康平科技,801730.SI,电力设备,801731.SI,电机Ⅱ,850741.SI,电机Ⅲ,20201110,2026-08-01,tushare
003021.SZ,003021,兆威机电,801730.SI,电力设备,801731.SI,电机Ⅱ,850741.SI,电机Ⅲ,20201125,2026-08-01,tushare
603819.SH,603819,神力股份,801730.SI,电力设备,801731.SI,电机Ⅱ,850741.SI,电机Ⅲ,20161107,2026-08-01,tushare
301226.SZ,301226,祥明智能,801730.SI,电力设备,801731.SI,电机Ⅱ,850741.SI,电机Ⅲ,20220311,2026-08-01,tushare
920100.BJ,920100.BJ,三协电机,801730.SI,电力设备,801731.SI,电机Ⅱ,850741.SI,电机Ⅲ,20250908,2026-08-01,tushare
301696.SZ,301696,三瑞智能,801730.SI,电力设备,801731.SI,电机Ⅱ,850741.SI,电机Ⅲ,20260323,2026-08-01,tushare
603344.SH,603344,星德胜,801730.SI,电力设备,801731.SI,电机Ⅱ,850741.SI,电机Ⅲ,20240301,2026-08-01,tushare
002176.SZ,002176,江特电机,801730.SI,电力设备,801731.SI,电机Ⅱ,850741.SI,电机Ⅲ,20240730,2026-08-01,tushare
603350.SH,603350,安乃达,801730.SI,电力设备,801731.SI,电机Ⅱ,850741.SI,电机Ⅲ,20240614,2026-08-01,tushare
600416.SH,600416,湘电股份,801730.SI,电力设备,801731.SI,电机Ⅱ,850741.SI,电机Ⅲ,20240730,2026-08-01,tushare
603370.SH,603370,华新精科,801730.SI,电力设备,801731.SI,电机Ⅱ,850741.SI,电机Ⅲ,20250822,2026-08-01,tushare
920011.BJ,920011.BJ,晨光电机,801730.SI,电力设备,801731.SI,电机Ⅱ,850741.SI,电机Ⅲ,20260327,2026-08-01,tushare
301502.SZ,301502,华阳智能,801730.SI,电力设备,801731.SI,电机Ⅱ,850741.SI,电机Ⅲ,20240119,2026-08-01,tushare
600875.SH,600875,东方电气,801730.SI,电力设备,801733.SI,其他电源设备Ⅱ,857331.SI,综合电力设备商,19951010,2026-08-01,tushare
601727.SH,601727,上海电气,801730.SI,电力设备,801733.SI,其他电源设备Ⅱ,857331.SI,综合电力设备商,20081111,2026-08-01,tushare
002630.SZ,002630,*ST华西,801730.SI,电力设备,801733.SI,其他电源设备Ⅱ,857334.SI,火电设备,20111104,2026-08-01,tushare
002534.SZ,002534,西子洁能,801730.SI,电力设备,801733.SI,其他电源设备Ⅱ,857334.SI,火电设备,20210730,2026-08-01,tushare
002255.SZ,002255,海陆重工,801730.SI,电力设备,801733.SI,其他电源设备Ⅱ,857334.SI,火电设备,20210730,2026-08-01,tushare
600786.SH,600786,东方锅炉(退市),801730.SI,电力设备,801733.SI,其他电源设备Ⅱ,857334.SI,火电设备,19961227,2026-08-01,tushare
600405.SH,600405,动力源,801730.SI,电力设备,801733.SI,其他电源设备Ⅱ,857336.SI,其他电源设备Ⅲ,20040324,2026-08-01,tushare
002364.SZ,002364,中恒电气,801730.SI,电力设备,801733.SI,其他电源设备Ⅱ,857336.SI,其他电源设备Ⅲ,20100210,2026-08-01,tushare
002518.SZ,002518,科士达,801730.SI,电力设备,801733.SI,其他电源设备Ⅱ,857336.SI,其他电源设备Ⅲ,20101124,2026-08-01,tushare
300153.SZ,300153,科泰电源,801730.SI,电力设备,801733.SI,其他电源设备Ⅱ,857336.SI,其他电源设备Ⅲ,20101220,2026-08-01,tushare
002335.SZ,002335,科华数据,801730.SI,电力设备,801733.SI,其他电源设备Ⅱ,857336.SI,其他电源设备Ⅲ,20091224,2026-08-01,tushare
920110.BJ,920110.BJ,雷特科技,801730.SI,电力设备,801733.SI,其他电源设备Ⅱ,857336.SI,其他电源设备Ⅲ,20221206,2026-08-01,tushare
300376.SZ,300376,易事特,801730.SI,电力设备,801733.SI,其他电源设备Ⅱ,857336.SI,其他电源设备Ⅲ,20140108,2026-08-01,tushare
300693.SZ,300693,盛弘股份,801730.SI,电力设备,801733.SI,其他电源设备Ⅱ,857336.SI,其他电源设备Ⅲ,20170807,2026-08-01,tushare
300491.SZ,300491,通合科技,801730.SI,电力设备,801733.SI,其他电源设备Ⅱ,857336.SI,其他电源设备Ⅲ,20151231,2026-08-01,tushare
002851.SZ,002851,麦格米特,801730.SI,电力设备,801733.SI,其他电源设备Ⅱ,857336.SI,其他电源设备Ⅲ,20170224,2026-08-01,tushare
300713.SZ,300713,英可瑞,801730.SI,电力设备,801733.SI,其他电源设备Ⅱ,857336.SI,其他电源设备Ⅲ,20171030,2026-08-01,tushare
300820.SZ,300820,英杰电气,801730.SI,电力设备,801733.SI,其他电源设备Ⅱ,857336.SI,其他电源设备Ⅲ,20200204,2026-08-01,tushare
301590.SZ,301590,优优绿能,801730.SI,电力设备,801733.SI,其他电源设备Ⅱ,857336.SI,其他电源设备Ⅲ,20250516,2026-08-01,tushare
300870.SZ,300870,欧陆通,801730.SI,电力设备,801733.SI,其他电源设备Ⅱ,857336.SI,其他电源设备Ⅲ,20200807,2026-08-01,tushare
301516.SZ,301516,中远通,801730.SI,电力设备,801733.SI,其他电源设备Ⅱ,857336.SI,其他电源设备Ⅲ,20231117,2026-08-01,tushare
002227.SZ,002227,*ST特迅,801730.SI,电力设备,801733.SI,其他电源设备Ⅱ,857336.SI,其他电源设备Ⅲ,20220729,2026-08-01,tushare
600482.SH,600482,中国动力,801730.SI,电力设备,801733.SI,其他电源设备Ⅱ,857336.SI,其他电源设备Ⅲ,20220729,2026-08-01,tushare
688551.SH,688551,科威尔,801730.SI,电力设备,801733.SI,其他电源设备Ⅱ,857336.SI,其他电源设备Ⅲ,20210730,2026-08-01,tushare
600212.SH,600212,绿能慧充,801730.SI,电力设备,801733.SI,其他电源设备Ⅱ,857336.SI,其他电源设备Ⅲ,20230704,2026-08-01,tushare
002366.SZ,002366,融发核电,801730.SI,电力设备,801733.SI,其他电源设备Ⅱ,857336.SI,其他电源设备Ⅲ,20210730,2026-08-01,tushare
301157.SZ,301157,华塑科技,801730.SI,电力设备,801733.SI,其他电源设备Ⅱ,857336.SI,其他电源设备Ⅲ,20230309,2026-08-01,tushare
300593.SZ,300593,新雷能,801730.SI,电力设备,801733.SI,其他电源设备Ⅱ,857336.SI,其他电源设备Ⅲ,20161226,2026-08-01,tushare
688411.SH,688411,海博思创,801730.SI,电力设备,801733.SI,其他电源设备Ⅱ,857336.SI,其他电源设备Ⅲ,20250110,2026-08-01,tushare
688719.SH,688719,爱科赛博,801730.SI,电力设备,801733.SI,其他电源设备Ⅱ,857336.SI,其他电源设备Ⅲ,20230908,2026-08-01,tushare
002951.SZ,002951,金时科技,801730.SI,电力设备,801733.SI,其他电源设备Ⅱ,857336.SI,其他电源设备Ⅲ,20250811,2026-08-01,tushare
301669.SZ,301669,高特电子,801730.SI,电力设备,801733.SI,其他电源设备Ⅱ,857336.SI,其他电源设备Ⅲ,20260522,2026-08-01,tushare
300372.SZ,300372,欣泰退(退市),801730.SI,电力设备,801733.SI,其他电源设备Ⅱ,857336.SI,其他电源设备Ⅲ,20140108,2026-08-01,tushare
002665.SZ,002665,ST航高(退市),801730.SI,电力设备,801733.SI,其他电源设备Ⅱ,857336.SI,其他电源设备Ⅲ,20210730,2026-08-01,tushare
600590.SH,600590,泰豪科技,801730.SI,电力设备,801733.SI,其他电源设备Ⅱ,857336.SI,其他电源设备Ⅲ,20260701,2026-08-01,tushare
600438.SH,600438,通威股份,801730.SI,电力设备,801735.SI,光伏设备,857351.SI,硅料硅片,20040301,2026-08-01,tushare
002129.SZ,002129,TCL中环,801730.SI,电力设备,801735.SI,光伏设备,857351.SI,硅料硅片,20170629,2026-08-01,tushare
688303.SH,688303,大全能源,801730.SI,电力设备,801735.SI,光伏设备,857351.SI,硅料硅片,20210709,2026-08-01,tushare
600481.SH,600481,双良节能,801730.SI,电力设备,801735.SI,光伏设备,857351.SI,硅料硅片,20230704,2026-08-01,tushare
603185.SH,603185,弘元绿能,801730.SI,电力设备,801735.SI,光伏设备,857351.SI,硅料硅片,20230704,2026-08-01,tushare
603398.SH,603398,*ST沐邦,801730.SI,电力设备,801735.SI,光伏设备,857351.SI,硅料硅片,20230704,2026-08-01,tushare
300345.SZ,300345,华民股份,801730.SI,电力设备,801735.SI,光伏设备,857351.SI,硅料硅片,20240730,2026-08-01,tushare
002459.SZ,002459,晶澳科技,801730.SI,电力设备,801735.SI,光伏设备,857352.SI,光伏电池组件,20100809,2026-08-01,tushare
300118.SZ,300118,东方日升,801730.SI,电力设备,801735.SI,光伏设备,857352.SI,光伏电池组件,20100818,2026-08-01,tushare
002506.SZ,002506,协鑫集成,801730.SI,电力设备,801735.SI,光伏设备,857352.SI,光伏电池组件,20111010,2026-08-01,tushare
688223.SH,688223,晶科能源,801730.SI,电力设备,801735.SI,光伏设备,857352.SI,光伏电池组件,20220107,2026-08-01,tushare
300393.SZ,300393,中来股份,801730.SI,电力设备,801735.SI,光伏设备,857352.SI,光伏电池组件,20140116,2026-08-01,tushare
301636.SZ,301636,泽润新能,801730.SI,电力设备,801735.SI,光伏设备,857352.SI,光伏电池组件,20250418,2026-08-01,tushare
688599.SH,688599,天合光能,801730.SI,电力设备,801735.SI,光伏设备,857352.SI,光伏电池组件,20200602,2026-08-01,tushare
601012.SH,601012,隆基绿能,801730.SI,电力设备,801735.SI,光伏设备,857352.SI,光伏电池组件,20220729,2026-08-01,tushare
002865.SZ,002865,钧达股份,801730.SI,电力设备,801735.SI,光伏设备,857352.SI,光伏电池组件,20220729,2026-08-01,tushare
600732.SH,600732,爱旭股份,801730.SI,电力设备,801735.SI,光伏设备,857352.SI,光伏电池组件,20201218,2026-08-01,tushare
688472.SH,688472,阿特斯,801730.SI,电力设备,801735.SI,光伏设备,857352.SI,光伏电池组件,20230526,2026-08-01,tushare
688429.SH,688429,时创能源,801730.SI,电力设备,801735.SI,光伏设备,857352.SI,光伏电池组件,20230609,2026-08-01,tushare
002056.SZ,002056,横店东磁,801730.SI,电力设备,801735.SI,光伏设备,857352.SI,光伏电池组件,20230704,2026-08-01,tushare
300080.SZ,300080,易成新能,801730.SI,电力设备,801735.SI,光伏设备,857352.SI,光伏电池组件,20230704,2026-08-01,tushare
600537.SH,600537,*ST亿晶,801730.SI,电力设备,801735.SI,光伏设备,857352.SI,光伏电池组件,20100531,2026-08-01,tushare
920985.BJ,920985.BJ,海泰新能,801730.SI,电力设备,801735.SI,光伏设备,857352.SI,光伏电池组件,20220829,2026-08-01,tushare
920770.BJ,920770.BJ,艾能聚,801730.SI,电力设备,801735.SI,光伏设备,857352.SI,光伏电池组件,20230224,2026-08-01,tushare
300051.SZ,300051,琏升科技,801730.SI,电力设备,801735.SI,光伏设备,857352.SI,光伏电池组件,20240408,2026-08-01,tushare
300093.SZ,300093,金刚光伏,801730.SI,电力设备,801735.SI,光伏设备,857352.SI,光伏电池组件,20240730,2026-08-01,tushare
301168.SZ,301168,通灵股份,801730.SI,电力设备,801735.SI,光伏设备,857352.SI,光伏电池组件,20240730,2026-08-01,tushare
301278.SZ,301278,快可电子,801730.SI,电力设备,801735.SI,光伏设备,857352.SI,光伏电池组件,20240730,2026-08-01,tushare
300716.SZ,300716,*ST泉为,801730.SI,电力设备,801735.SI,光伏设备,857352.SI,光伏电池组件,20250811,2026-08-01,tushare
301030.SZ,301030,*ST仕净,801730.SI,电力设备,801735.SI,光伏设备,857352.SI,光伏电池组件,20260701,2026-08-01,tushare
688348.SH,688348,昱能科技,801730.SI,电力设备,801735.SI,光伏设备,857353.SI,逆变器,20220520,2026-08-01,tushare
300274.SZ,300274,阳光电源,801730.SI,电力设备,801735.SI,光伏设备,857353.SI,逆变器,20111024,2026-08-01,tushare
300763.SZ,300763,锦浪科技,801730.SI,电力设备,801735.SI,光伏设备,857353.SI,逆变器,20190318,2026-08-01,tushare
300827.SZ,300827,上能电气,801730.SI,电力设备,801735.SI,光伏设备,857353.SI,逆变器,20200402,2026-08-01,tushare
688390.SH,688390,固德威,801730.SI,电力设备,801735.SI,光伏设备,857353.SI,逆变器,20200821,2026-08-01,tushare
688032.SH,688032,禾迈股份,801730.SI,电力设备,801735.SI,光伏设备,857353.SI,逆变器,20211203,2026-08-01,tushare
605117.SH,605117,德业股份,801730.SI,电力设备,801735.SI,光伏设备,857353.SI,逆变器,20230704,2026-08-01,tushare
688717.SH,688717,艾罗能源,801730.SI,电力设备,801735.SI,光伏设备,857353.SI,逆变器,20231222,2026-08-01,tushare
301658.SZ,301658,首航新能,801730.SI,电力设备,801735.SI,光伏设备,857353.SI,逆变器,20250314,2026-08-01,tushare
002150.SZ,002150,正泰电源,801730.SI,电力设备,801735.SI,光伏设备,857353.SI,逆变器,20260701,2026-08-01,tushare
920007.BJ,920007.BJ,酉立智能,801730.SI,电力设备,801735.SI,光伏设备,857354.SI,光伏辅材,20250808,2026-08-01,tushare
001269.SZ,001269,欧晶科技,801730.SI,电力设备,801735.SI,光伏设备,857354.SI,光伏辅材,20220826,2026-08-01,tushare
301266.SZ,301266,宇邦新材,801730.SI,电力设备,801735.SI,光伏设备,857354.SI,光伏辅材,20220520,2026-08-01,tushare
688408.SH,688408,中信博,801730.SI,电力设备,801735.SI,光伏设备,857354.SI,光伏辅材,20200811,2026-08-01,tushare
603212.SH,603212,赛伍技术,801730.SI,电力设备,801735.SI,光伏设备,857354.SI,光伏辅材,20200416,2026-08-01,tushare
688680.SH,688680,海优新材,801730.SI,电力设备,801735.SI,光伏设备,857354.SI,光伏辅材,20210108,2026-08-01,tushare
688560.SH,688560,明冠新材,801730.SI,电力设备,801735.SI,光伏设备,857354.SI,光伏辅材,20201214,2026-08-01,tushare
920167.BJ,920167.BJ,同享科技,801730.SI,电力设备,801735.SI,光伏设备,857354.SI,光伏辅材,20200727,2026-08-01,tushare
603628.SH,603628,清源股份,801730.SI,电力设备,801735.SI,光伏设备,857354.SI,光伏辅材,20161226,2026-08-01,tushare
600207.SH,600207,安彩高科,801730.SI,电力设备,801735.SI,光伏设备,857354.SI,光伏辅材,20180713,2026-08-01,tushare
002623.SZ,002623,亚玛顿,801730.SI,电力设备,801735.SI,光伏设备,857354.SI,光伏辅材,20210730,2026-08-01,tushare
601865.SH,601865,福莱特,801730.SI,电力设备,801735.SI,光伏设备,857354.SI,光伏辅材,20210730,2026-08-01,tushare
300842.SZ,300842,帝科股份,801730.SI,电力设备,801735.SI,光伏设备,857354.SI,光伏辅材,20210730,2026-08-01,tushare
003022.SZ,003022,联泓新科,801730.SI,电力设备,801735.SI,光伏设备,857354.SI,光伏辅材,20210730,2026-08-01,tushare
603806.SH,603806,福斯特,801730.SI,电力设备,801735.SI,光伏设备,857354.SI,光伏辅材,20140106,2026-08-01,tushare
688503.SH,688503,聚和材料,801730.SI,电力设备,801735.SI,光伏设备,857354.SI,光伏辅材,20230704,2026-08-01,tushare
000159.SZ,000159,国际实业,801730.SI,电力设备,801735.SI,光伏设备,857354.SI,光伏辅材,20240730,2026-08-01,tushare
002079.SZ,002079,苏州固锝,801730.SI,电力设备,801735.SI,光伏设备,857354.SI,光伏辅材,20260701,2026-08-01,tushare
603381.SH,603381,永臻股份,801730.SI,电力设备,801735.SI,光伏设备,857354.SI,光伏辅材,20240614,2026-08-01,tushare
002610.SZ,002610,ST爱康(退市),801730.SI,电力设备,801735.SI,光伏设备,857354.SI,光伏辅材,20110803,2026-08-01,tushare
600401.SH,600401,退市海润(退市),801730.SI,电力设备,801735.SI,光伏设备,857354.SI,光伏辅材,20140221,2026-08-01,tushare
688726.SH,688726,拉普拉斯,801730.SI,电力设备,801735.SI,光伏设备,857355.SI,光伏加工设备,20241011,2026-08-01,tushare
300316.SZ,300316,晶盛机电,801730.SI,电力设备,801735.SI,光伏设备,857355.SI,光伏加工设备,20120427,2026-08-01,tushare
688147.SH,688147,微导纳米,801730.SI,电力设备,801735.SI,光伏设备,857355.SI,光伏加工设备,20221208,2026-08-01,tushare
603396.SH,603396,金辰股份,801730.SI,电力设备,801735.SI,光伏设备,857355.SI,光伏加工设备,20171010,2026-08-01,tushare
920368.BJ,920368.BJ,连城数控,801730.SI,电力设备,801735.SI,光伏设备,857355.SI,光伏加工设备,20200727,2026-08-01,tushare
000821.SZ,000821,ST京机,801730.SI,电力设备,801735.SI,光伏设备,857355.SI,光伏加工设备,20220729,2026-08-01,tushare
688556.SH,688556,高测股份,801730.SI,电力设备,801735.SI,光伏设备,857355.SI,光伏加工设备,20210730,2026-08-01,tushare
300776.SZ,300776,帝尔激光,801730.SI,电力设备,801735.SI,光伏设备,857355.SI,光伏加工设备,20210730,2026-08-01,tushare
300751.SZ,300751,迈为股份,801730.SI,电力设备,801735.SI,光伏设备,857355.SI,光伏加工设备,20210730,2026-08-01,tushare
688516.SH,688516,奥特维,801730.SI,电力设备,801735.SI,光伏设备,857355.SI,光伏加工设备,20200506,2026-08-01,tushare
300724.SZ,300724,捷佳伟创,801730.SI,电力设备,801735.SI,光伏设备,857355.SI,光伏加工设备,20210730,2026-08-01,tushare
920414.BJ,920414.BJ,欧普泰,801730.SI,电力设备,801735.SI,光伏设备,857355.SI,光伏加工设备,20221206,2026-08-01,tushare
688349.SH,688349,三一重能,801730.SI,电力设备,801736.SI,风电设备,857361.SI,风电整机,20220602,2026-08-01,tushare
002202.SZ,002202,金风科技,801730.SI,电力设备,801736.SI,风电设备,857361.SI,风电整机,20071225,2026-08-01,tushare
601615.SH,601615,明阳智能,801730.SI,电力设备,801736.SI,风电设备,857361.SI,风电整机,20190104,2026-08-01,tushare
300772.SZ,300772,运达股份,801730.SI,电力设备,801736.SI,风电设备,857361.SI,风电整机,20190415,2026-08-01,tushare
688660.SH,688660,电气风电,801730.SI,电力设备,801736.SI,风电设备,857361.SI,风电整机,20210510,2026-08-01,tushare
002531.SZ,002531,天顺风能,801730.SI,电力设备,801736.SI,风电设备,857362.SI,风电零部件,20101222,2026-08-01,tushare
300129.SZ,300129,泰胜风能,801730.SI,电力设备,801736.SI,风电设备,857362.SI,风电零部件,20101008,2026-08-01,tushare
601218.SH,601218,吉鑫科技,801730.SI,电力设备,801736.SI,风电设备,857362.SI,风电零部件,20110426,2026-08-01,tushare
300185.SZ,300185,通裕重工,801730.SI,电力设备,801736.SI,风电设备,857362.SI,风电零部件,20110225,2026-08-01,tushare
300443.SZ,300443,金雷股份,801730.SI,电力设备,801736.SI,风电设备,857362.SI,风电零部件,20150113,2026-08-01,tushare
603063.SH,603063,禾望电气,801730.SI,电力设备,801736.SI,风电设备,857362.SI,风电零部件,20170712,2026-08-01,tushare
603507.SH,603507,振江股份,801730.SI,电力设备,801736.SI,风电设备,857362.SI,风电零部件,20171030,2026-08-01,tushare
300569.SZ,300569,天能重工,801730.SI,电力设备,801736.SI,风电设备,857362.SI,风电零部件,20161125,2026-08-01,tushare
301163.SZ,301163,宏德股份,801730.SI,电力设备,801736.SI,风电设备,857362.SI,风电零部件,20220729,2026-08-01,tushare
301040.SZ,301040,中环海陆,801730.SI,电力设备,801736.SI,风电设备,857362.SI,风电零部件,20210723,2026-08-01,tushare
300850.SZ,300850,新强联,801730.SI,电力设备,801736.SI,风电设备,857362.SI,风电零部件,20200629,2026-08-01,tushare
603218.SH,603218,日月股份,801730.SI,电力设备,801736.SI,风电设备,857362.SI,风电零部件,20161212,2026-08-01,tushare
301557.SZ,301557,常友科技,801730.SI,电力设备,801736.SI,风电设备,857362.SI,风电零部件,20250214,2026-08-01,tushare
603985.SH,603985,恒润股份,801730.SI,电力设备,801736.SI,风电设备,857362.SI,风电零部件,20220729,2026-08-01,tushare
688186.SH,688186,广大特材,801730.SI,电力设备,801736.SI,风电设备,857362.SI,风电零部件,20250509,2026-08-01,tushare
301155.SZ,301155,海力风电,801730.SI,电力设备,801736.SI,风电设备,857362.SI,风电零部件,20211105,2026-08-01,tushare
301232.SZ,301232,飞沃科技,801730.SI,电力设备,801736.SI,风电设备,857362.SI,风电零部件,20230526,2026-08-01,tushare
301456.SZ,301456,盘古智能,801730.SI,电力设备,801736.SI,风电设备,857362.SI,风电零部件,20230630,2026-08-01,tushare
002487.SZ,002487,大金重工,801730.SI,电力设备,801736.SI,风电设备,857362.SI,风电零部件,20210730,2026-08-01,tushare
300690.SZ,300690,双一科技,801730.SI,电力设备,801736.SI,风电设备,857362.SI,风电零部件,20210730,2026-08-01,tushare
300904.SZ,300904,威力传动,801730.SI,电力设备,801736.SI,风电设备,857362.SI,风电零部件,20230731,2026-08-01,tushare
600072.SH,600072,中船科技,801730.SI,电力设备,801736.SI,风电设备,857362.SI,风电零部件,20240730,2026-08-01,tushare
603092.SH,603092,德力佳,801730.SI,电力设备,801736.SI,风电设备,857362.SI,风电零部件,20251017,2026-08-01,tushare
920200.BJ,920200.BJ,振宏股份,801730.SI,电力设备,801736.SI,风电设备,857362.SI,风电零部件,20260422,2026-08-01,tushare
603248.SH,603248,锡华科技,801730.SI,电力设备,801736.SI,风电设备,857362.SI,风电零部件,20251212,2026-08-01,tushare
601558.SH,601558,退市锐电(退市),801730.SI,电力设备,801736.SI,风电设备,857362.SI,风电零部件,20140102,2026-08-01,tushare
300953.SZ,300953,震裕科技,801730.SI,电力设备,801737.SI,电池,857371.SI,锂电池,20220729,2026-08-01,tushare
001283.SZ,001283,豪鹏科技,801730.SI,电力设备,801737.SI,电池,857371.SI,锂电池,20220826,2026-08-01,tushare
002074.SZ,002074,国轩高科,801730.SI,电力设备,801737.SI,电池,857371.SI,锂电池,20061018,2026-08-01,tushare
688388.SH,688388,嘉元科技,801730.SI,电力设备,801737.SI,电池,857371.SI,锂电池,20220729,2026-08-01,tushare
002245.SZ,002245,蔚蓝锂芯,801730.SI,电力设备,801737.SI,电池,857371.SI,锂电池,20080116,2026-08-01,tushare
000049.SZ,000049,德赛电池,801730.SI,电力设备,801737.SI,电池,857371.SI,锂电池,20121231,2026-08-01,tushare
300014.SZ,300014,亿纬锂能,801730.SI,电力设备,801737.SI,电池,857371.SI,锂电池,20200724,2026-08-01,tushare
002850.SZ,002850,科达利,801730.SI,电力设备,801737.SI,电池,857371.SI,锂电池,20170214,2026-08-01,tushare
688567.SH,688567,孚能科技,801730.SI,电力设备,801737.SI,电池,857371.SI,锂电池,20200629,2026-08-01,tushare
300750.SZ,300750,宁德时代,801730.SI,电力设备,801737.SI,电池,857371.SI,锂电池,20180528,2026-08-01,tushare
688063.SH,688063,派能科技,801730.SI,电力设备,801737.SI,电池,857371.SI,锂电池,20201214,2026-08-01,tushare
301150.SZ,301150,中一科技,801730.SI,电力设备,801737.SI,电池,857371.SI,锂电池,20220729,2026-08-01,tushare
920523.BJ,920523.BJ,德瑞锂电,801730.SI,电力设备,801737.SI,电池,857371.SI,锂电池,20210603,2026-08-01,tushare
920239.BJ,920239.BJ,长虹能源,801730.SI,电力设备,801737.SI,电池,857371.SI,锂电池,20210209,2026-08-01,tushare
300207.SZ,300207,欣旺达,801730.SI,电力设备,801737.SI,电池,857371.SI,锂电池,20111010,2026-08-01,tushare
300438.SZ,300438,鹏辉能源,801730.SI,电力设备,801737.SI,电池,857371.SI,锂电池,20210224,2026-08-01,tushare
600478.SH,600478,科力远,801730.SI,电力设备,801737.SI,电池,857371.SI,锂电池,20170629,2026-08-01,tushare
301121.SZ,301121,紫建电子,801730.SI,电力设备,801737.SI,电池,857371.SI,锂电池,20220725,2026-08-01,tushare
600241.SH,600241,时代万恒,801730.SI,电力设备,801737.SI,电池,857371.SI,锂电池,20220729,2026-08-01,tushare
600110.SH,600110,诺德股份,801730.SI,电力设备,801737.SI,电池,857371.SI,锂电池,20220729,2026-08-01,tushare
301210.SZ,301210,金杨精密,801730.SI,电力设备,801737.SI,电池,857371.SI,锂电池,20230609,2026-08-01,tushare
688772.SH,688772,珠海冠宇,801730.SI,电力设备,801737.SI,电池,857371.SI,锂电池,20210917,2026-08-01,tushare
301327.SZ,301327,华宝新能,801730.SI,电力设备,801737.SI,电池,857371.SI,锂电池,20220902,2026-08-01,tushare
301217.SZ,301217,铜冠铜箔,801730.SI,电力设备,801737.SI,电池,857371.SI,锂电池,20230704,2026-08-01,tushare
600152.SH,600152,维科技术,801730.SI,电力设备,801737.SI,电池,857371.SI,锂电池,20210730,2026-08-01,tushare
301511.SZ,301511,德福科技,801730.SI,电力设备,801737.SI,电池,857371.SI,锂电池,20230731,2026-08-01,tushare
688345.SH,688345,博力威,801730.SI,电力设备,801737.SI,电池,857371.SI,锂电池,20210524,2026-08-01,tushare
920252.BJ,920252.BJ,天宏锂电,801730.SI,电力设备,801737.SI,电池,857371.SI,锂电池,20220109,2026-08-01,tushare
920237.BJ,920237.BJ,力佳科技,801730.SI,电力设备,801737.SI,电池,857371.SI,锂电池,20221123,2026-08-01,tushare
920914.BJ,920914.BJ,远航精密,801730.SI,电力设备,801737.SI,电池,857371.SI,锂电池,20221123,2026-08-01,tushare
301587.SZ,301587,中瑞股份,801730.SI,电力设备,801737.SI,电池,857371.SI,锂电池,20240318,2026-08-01,tushare
300116.SZ,300116,*ST保力(退市),801730.SI,电力设备,801737.SI,电池,857371.SI,锂电池,20180713,2026-08-01,tushare
301238.SZ,301238,瑞泰新材,801730.SI,电力设备,801737.SI,电池,857372.SI,电池化学品,20220602,2026-08-01,tushare
688353.SH,688353,华盛锂电,801730.SI,电力设备,801737.SI,电池,857372.SI,电池化学品,20220624,2026-08-01,tushare
002759.SZ,002759,ST天际,801730.SI,电力设备,801737.SI,电池,857372.SI,电池化学品,20150525,2026-08-01,tushare
301349.SZ,301349,信德新材,801730.SI,电力设备,801737.SI,电池,857372.SI,电池化学品,20220819,2026-08-01,tushare
301152.SZ,301152,天力锂能,801730.SI,电力设备,801737.SI,电池,857372.SI,电池化学品,20220812,2026-08-01,tushare
688275.SH,688275,万润新能,801730.SI,电力设备,801737.SI,电池,857372.SI,电池化学品,20220909,2026-08-01,tushare
001301.SZ,001301,尚太科技,801730.SI,电力设备,801737.SI,电池,857372.SI,电池化学品,20221121,2026-08-01,tushare
920185.BJ,920185.BJ,贝特瑞,801730.SI,电力设备,801737.SI,电池,857372.SI,电池化学品,20200727,2026-08-01,tushare
688778.SH,688778,厦钨新能,801730.SI,电力设备,801737.SI,电池,857372.SI,电池化学品,20210806,2026-08-01,tushare
603659.SH,603659,璞泰来,801730.SI,电力设备,801737.SI,电池,857372.SI,电池化学品,20200724,2026-08-01,tushare
688707.SH,688707,振华新材,801730.SI,电力设备,801737.SI,电池,857372.SI,电池化学品,20210827,2026-08-01,tushare
002805.SZ,002805,丰元股份,801730.SI,电力设备,801737.SI,电池,857372.SI,电池化学品,20220729,2026-08-01,tushare
300568.SZ,300568,星源材质,801730.SI,电力设备,801737.SI,电池,857372.SI,电池化学品,20210730,2026-08-01,tushare
300919.SZ,300919,中伟新材,801730.SI,电力设备,801737.SI,电池,857372.SI,电池化学品,20210730,2026-08-01,tushare
603026.SH,603026,石大胜华,801730.SI,电力设备,801737.SI,电池,857372.SI,电池化学品,20210730,2026-08-01,tushare
300073.SZ,300073,当升科技,801730.SI,电力设备,801737.SI,电池,857372.SI,电池化学品,20210730,2026-08-01,tushare
002709.SZ,002709,天赐材料,801730.SI,电力设备,801737.SI,电池,857372.SI,电池化学品,20210730,2026-08-01,tushare
300037.SZ,300037,新宙邦,801730.SI,电力设备,801737.SI,电池,857372.SI,电池化学品,20210730,2026-08-01,tushare
002340.SZ,002340,格林美,801730.SI,电力设备,801737.SI,电池,857372.SI,电池化学品,20210730,2026-08-01,tushare
300035.SZ,300035,中科电气,801730.SI,电力设备,801737.SI,电池,857372.SI,电池化学品,20210730,2026-08-01,tushare
688733.SH,688733,壹石通,801730.SI,电力设备,801737.SI,电池,857372.SI,电池化学品,20210806,2026-08-01,tushare
688148.SH,688148,芳源股份,801730.SI,电力设备,801737.SI,电池,857372.SI,电池化学品,20210806,2026-08-01,tushare
688779.SH,688779,五矿新能,801730.SI,电力设备,801737.SI,电池,857372.SI,电池化学品,20210806,2026-08-01,tushare
301292.SZ,301292,海科新源,801730.SI,电力设备,801737.SI,电池,857372.SI,电池化学品,20230609,2026-08-01,tushare
688184.SH,688184,ST帕瓦,801730.SI,电力设备,801737.SI,电池,857372.SI,电池化学品,20220902,2026-08-01,tushare
300432.SZ,300432,富临精工,801730.SI,电力设备,801737.SI,电池,857372.SI,电池化学品,20230704,2026-08-01,tushare
300477.SZ,300477,ST合纵,801730.SI,电力设备,801737.SI,电池,857372.SI,电池化学品,20230704,2026-08-01,tushare
688116.SH,688116,天奈科技,801730.SI,电力设备,801737.SI,电池,857372.SI,电池化学品,20210730,2026-08-01,tushare
002125.SZ,002125,湘潭电化,801730.SI,电力设备,801737.SI,电池,857372.SI,电池化学品,20220729,2026-08-01,tushare
688005.SH,688005,容百科技,801730.SI,电力设备,801737.SI,电池,857372.SI,电池化学品,20210730,2026-08-01,tushare
600884.SH,600884,杉杉股份,801730.SI,电力设备,801737.SI,电池,857372.SI,电池化学品,20210730,2026-08-01,tushare
000009.SZ,000009,中国宝安,801730.SI,电力设备,801737.SI,电池,857372.SI,电池化学品,20210730,2026-08-01,tushare
002812.SZ,002812,恩捷股份,801730.SI,电力设备,801737.SI,电池,857372.SI,电池化学品,20210730,2026-08-01,tushare
300409.SZ,300409,道氏技术,801730.SI,电力设备,801737.SI,电池,857372.SI,电池化学品,20210730,2026-08-01,tushare
301487.SZ,301487,盟固利,801730.SI,电力设备,801737.SI,电池,857372.SI,电池化学品,20230731,2026-08-01,tushare
301358.SZ,301358,湖南裕能,801730.SI,电力设备,801737.SI,电池,857372.SI,电池化学品,20230120,2026-08-01,tushare
300890.SZ,300890,翔丰华,801730.SI,电力设备,801737.SI,电池,857372.SI,电池化学品,20210730,2026-08-01,tushare
300340.SZ,300340,科恒股份,801730.SI,电力设备,801737.SI,电池,857372.SI,电池化学品,20210730,2026-08-01,tushare
300769.SZ,300769,德方纳米,801730.SI,电力设备,801737.SI,电池,857372.SI,电池化学品,20210730,2026-08-01,tushare
300390.SZ,300390,天华新能,801730.SI,电力设备,801737.SI,电池,857372.SI,电池化学品,20230915,2026-08-01,tushare
603906.SH,603906,龙蟠科技,801730.SI,电力设备,801737.SI,电池,857372.SI,电池化学品,20230915,2026-08-01,tushare
920809.BJ,920809.BJ,安达科技,801730.SI,电力设备,801737.SI,电池,857372.SI,电池化学品,20230407,2026-08-01,tushare
000695.SZ,000695,滨海能源,801730.SI,电力设备,801737.SI,电池,857372.SI,电池化学品,20240730,2026-08-01,tushare
000982.SZ,000982,中银绒业(退市),801730.SI,电力设备,801737.SI,电池,857372.SI,电池化学品,20230704,2026-08-01,tushare
002411.SZ,002411,必康退(退市),801730.SI,电力设备,801737.SI,电池,857372.SI,电池化学品,20230704,2026-08-01,tushare
002058.SZ,002058,威尔泰,801730.SI,电力设备,801737.SI,电池,857372.SI,电池化学品,20260701,2026-08-01,tushare
300410.SZ,300410,正业科技,801730.SI,电力设备,801737.SI,电池,857373.SI,锂电专用设备,20220729,2026-08-01,tushare
688392.SH,688392,骄成超声,801730.SI,电力设备,801737.SI,电池,857373.SI,锂电专用设备,20220909,2026-08-01,tushare
920522.BJ,920522.BJ,纳科诺尔,801730.SI,电力设备,801737.SI,电池,857373.SI,锂电专用设备,20231120,2026-08-01,tushare
301325.SZ,301325,曼恩斯特,801730.SI,电力设备,801737.SI,电池,857373.SI,锂电专用设备,20230504,2026-08-01,tushare
300173.SZ,300173,ST福能,801730.SI,电力设备,801737.SI,电池,857373.SI,锂电专用设备,20220729,2026-08-01,tushare
300648.SZ,300648,星云股份,801730.SI,电力设备,801737.SI,电池,857373.SI,锂电专用设备,20210730,2026-08-01,tushare
301662.SZ,301662,宏工科技,801730.SI,电力设备,801737.SI,电池,857373.SI,锂电专用设备,20250328,2026-08-01,tushare
688638.SH,688638,誉辰智能,801730.SI,电力设备,801737.SI,电池,857373.SI,锂电专用设备,20230630,2026-08-01,tushare
688006.SH,688006,杭可科技,801730.SI,电力设备,801737.SI,电池,857373.SI,锂电专用设备,20210730,2026-08-01,tushare
301599.SZ,301599,理奇智能,801730.SI,电力设备,801737.SI,电池,857373.SI,锂电专用设备,20260417,2026-08-01,tushare
300619.SZ,300619,金银河,801730.SI,电力设备,801737.SI,电池,857373.SI,锂电专用设备,20210730,2026-08-01,tushare
300490.SZ,300490,华自科技,801730.SI,电力设备,801737.SI,电池,857373.SI,锂电专用设备,20230704,2026-08-01,tushare
300457.SZ,300457,赢合科技,801730.SI,电力设备,801737.SI,电池,857373.SI,锂电专用设备,20210730,2026-08-01,tushare
688499.SH,688499,利元亨,801730.SI,电力设备,801737.SI,电池,857373.SI,锂电专用设备,20210730,2026-08-01,tushare
688573.SH,688573,信宇人,801730.SI,电力设备,801737.SI,电池,857373.SI,锂电专用设备,20230731,2026-08-01,tushare
688155.SH,688155,先惠技术,801730.SI,电力设备,801737.SI,电池,857373.SI,锂电专用设备,20210730,2026-08-01,tushare
301513.SZ,301513,尚水智能,801730.SI,电力设备,801737.SI,电池,857373.SI,锂电专用设备,20260403,2026-08-01,tushare
300450.SZ,300450,先导智能,801730.SI,电力设备,801737.SI,电池,857373.SI,锂电专用设备,20210730,2026-08-01,tushare
920119.BJ,920119.BJ,美德乐,801730.SI,电力设备,801737.SI,电池,857373.SI,锂电专用设备,20260126,2026-08-01,tushare
603032.SH,603032,德新科技,801730.SI,电力设备,801737.SI,电池,857373.SI,锂电专用设备,20230915,2026-08-01,tushare
920152.BJ,920152.BJ,昆工科技,801730.SI,电力设备,801737.SI,电池,857373.SI,锂电专用设备,20220829,2026-08-01,tushare
920779.BJ,920779.BJ,武汉蓝电,801730.SI,电力设备,801737.SI,电池,857373.SI,锂电专用设备,20230530,2026-08-01,tushare
920117.BJ,920117.BJ,龙鑫智能,801730.SI,电力设备,801737.SI,电池,857373.SI,锂电专用设备,20260708,2026-08-01,tushare
688339.SH,688339,亿华通-U,801730.SI,电力设备,801737.SI,电池,857374.SI,燃料电池,20200722,2026-08-01,tushare
600847.SH,600847,万里股份,801730.SI,电力设备,801737.SI,电池,857375.SI,蓄电池及其他电池,19940324,2026-08-01,tushare
300068.SZ,300068,ST南都,801730.SI,电力设备,801737.SI,电池,857375.SI,蓄电池及其他电池,20100409,2026-08-01,tushare
002580.SZ,002580,圣阳股份,801730.SI,电力设备,801737.SI,电池,857375.SI,蓄电池及其他电池,20110426,2026-08-01,tushare
601311.SH,601311,骆驼股份,801730.SI,电力设备,801737.SI,电池,857375.SI,蓄电池及其他电池,20110525,2026-08-01,tushare
301222.SZ,301222,浙江恒威,801730.SI,电力设备,801737.SI,电池,857375.SI,蓄电池及其他电池,20220225,2026-08-01,tushare
605378.SH,605378,野马电池,801730.SI,电力设备,801737.SI,电池,857375.SI,蓄电池及其他电池,20210325,2026-08-01,tushare
002733.SZ,002733,雄韬股份,801730.SI,电力设备,801737.SI,电池,857375.SI,蓄电池及其他电池,20140127,2026-08-01,tushare
688819.SH,688819,天能股份,801730.SI,电力设备,801737.SI,电池,857375.SI,蓄电池及其他电池,20210104,2026-08-01,tushare
603031.SH,603031,安孚科技,801730.SI,电力设备,801737.SI,电池,857375.SI,蓄电池及其他电池,20230704,2026-08-01,tushare
920627.BJ,920627.BJ,力王股份,801730.SI,电力设备,801737.SI,电池,857375.SI,蓄电池及其他电池,20230920,2026-08-01,tushare
000533.SZ,000533,顺钠股份,801730.SI,电力设备,801738.SI,电网设备,857381.SI,输变电设备,19940103,2026-08-01,tushare
600312.SH,600312,平高电气,801730.SI,电力设备,801738.SI,电网设备,857381.SI,输变电设备,20010221,2026-08-01,tushare
600089.SH,600089,特变电工,801730.SI,电力设备,801738.SI,电网设备,857381.SI,输变电设备,19970618,2026-08-01,tushare
600192.SH,600192,长城电工,801730.SI,电力设备,801738.SI,电网设备,857381.SI,输变电设备,19981224,2026-08-01,tushare
600550.SH,600550,保变电气,801730.SI,电力设备,801738.SI,电网设备,857381.SI,输变电设备,20010226,2026-08-01,tushare
002112.SZ,002112,三变科技,801730.SI,电力设备,801738.SI,电网设备,857381.SI,输变电设备,20070207,2026-08-01,tushare
002358.SZ,002358,森源电气,801730.SI,电力设备,801738.SI,电网设备,857381.SI,输变电设备,20100125,2026-08-01,tushare
300001.SZ,300001,特锐德,801730.SI,电力设备,801738.SI,电网设备,857381.SI,输变电设备,20091022,2026-08-01,tushare
300062.SZ,300062,中能电气,801730.SI,电力设备,801738.SI,电网设备,857381.SI,输变电设备,20100310,2026-08-01,tushare
601179.SH,601179,中国西电,801730.SI,电力设备,801738.SI,电网设备,857381.SI,输变电设备,20100112,2026-08-01,tushare
002452.SZ,002452,长高电气,801730.SI,电力设备,801738.SI,电网设备,857381.SI,输变电设备,20100712,2026-08-01,tushare
603191.SH,603191,望变电气,801730.SI,电力设备,801738.SI,电网设备,857381.SI,输变电设备,20220318,2026-08-01,tushare
300423.SZ,300423,昇辉科技,801730.SI,电力设备,801738.SI,电网设备,857381.SI,输变电设备,20150115,2026-08-01,tushare
300444.SZ,300444,双杰电气,801730.SI,电力设备,801738.SI,电网设备,857381.SI,输变电设备,20150113,2026-08-01,tushare
301120.SZ,301120,新特电气,801730.SI,电力设备,801738.SI,电网设备,857381.SI,输变电设备,20220325,2026-08-01,tushare
002270.SZ,002270,华明装备,801730.SI,电力设备,801738.SI,电网设备,857381.SI,输变电设备,20170629,2026-08-01,tushare
002028.SZ,002028,思源电气,801730.SI,电力设备,801738.SI,电网设备,857381.SI,输变电设备,20190724,2026-08-01,tushare
688676.SH,688676,金盘科技,801730.SI,电力设备,801738.SI,电网设备,857381.SI,输变电设备,20210219,2026-08-01,tushare
301012.SZ,301012,扬电科技,801730.SI,电力设备,801738.SI,电网设备,857381.SI,输变电设备,20210607,2026-08-01,tushare
603312.SH,603312,西典新能,801730.SI,电力设备,801738.SI,电网设备,857381.SI,输变电设备,20231222,2026-08-01,tushare
920062.BJ,920062.BJ,科润智控,801730.SI,电力设备,801738.SI,电网设备,857381.SI,输变电设备,20220717,2026-08-01,tushare
600379.SH,600379,宝光股份,801730.SI,电力设备,801738.SI,电网设备,857381.SI,输变电设备,20060901,2026-08-01,tushare
600525.SH,600525,ST长园,801730.SI,电力设备,801738.SI,电网设备,857381.SI,输变电设备,20210730,2026-08-01,tushare
301295.SZ,301295,美硕科技,801730.SI,电力设备,801738.SI,电网设备,857381.SI,输变电设备,20230609,2026-08-01,tushare
301002.SZ,301002,崧盛股份,801730.SI,电力设备,801738.SI,电网设备,857381.SI,输变电设备,20210730,2026-08-01,tushare
603097.SH,603097,江苏华辰,801730.SI,电力设备,801738.SI,电网设备,857381.SI,输变电设备,20220422,2026-08-01,tushare
001393.SZ,001393,维通利,801730.SI,电力设备,801738.SI,电网设备,857381.SI,输变电设备,20260430,2026-08-01,tushare
920046.BJ,920046.BJ,亿能电力,801730.SI,电力设备,801738.SI,电网设备,857381.SI,输变电设备,20221026,2026-08-01,tushare
920496.BJ,920496.BJ,许昌智能,801730.SI,电力设备,801738.SI,电网设备,857381.SI,输变电设备,20240229,2026-08-01,tushare
300617.SZ,300617,安靠智电,801730.SI,电力设备,801738.SI,电网设备,857381.SI,输变电设备,20240730,2026-08-01,tushare
000585.SZ,000585,东电退(退市),801730.SI,电力设备,801738.SI,电网设备,857381.SI,输变电设备,19951213,2026-08-01,tushare
600112.SH,600112,*ST天成(退市),801730.SI,电力设备,801738.SI,电网设备,857381.SI,输变电设备,19971127,2026-08-01,tushare
000806.SZ,000806,银河退(退市),801730.SI,电力设备,801738.SI,电网设备,857381.SI,输变电设备,19980416,2026-08-01,tushare
000660.SZ,000660,*ST南华(退市),801730.SI,电力设备,801738.SI,电网设备,857381.SI,输变电设备,20050701,2026-08-01,tushare
600627.SH,600627,上电股份(退市),801730.SI,电力设备,801738.SI,电网设备,857381.SI,输变电设备,19930118,2026-08-01,tushare
920222.BJ,920222.BJ,益坤电气,801730.SI,电力设备,801738.SI,电网设备,857381.SI,输变电设备,20260626,2026-08-01,tushare
001235.SZ,001235,里得电科(IPO终止),801730.SI,电力设备,801738.SI,电网设备,857382.SI,配电设备,20220429,2026-08-01,tushare
600468.SH,600468,百利电气,801730.SI,电力设备,801738.SI,电网设备,857382.SI,配电设备,20010612,2026-08-01,tushare
920111.BJ,920111.BJ,聚星科技,801730.SI,电力设备,801738.SI,电网设备,857382.SI,配电设备,20241029,2026-08-01,tushare
601877.SH,601877,正泰电器,801730.SI,电力设备,801738.SI,电网设备,857382.SI,配电设备,20100104,2026-08-01,tushare
002350.SZ,002350,北京科锐,801730.SI,电力设备,801738.SI,电网设备,857382.SI,配电设备,20100114,2026-08-01,tushare
300141.SZ,300141,和顺电气,801730.SI,电力设备,801738.SI,电网设备,857382.SI,配电设备,20101101,2026-08-01,tushare
002441.SZ,002441,众业达,801730.SI,电力设备,801738.SI,电网设备,857382.SI,配电设备,20100618,2026-08-01,tushare
601616.SH,601616,广电电气,801730.SI,电力设备,801738.SI,电网设备,857382.SI,配电设备,20110125,2026-08-01,tushare
300283.SZ,300283,温州宏丰,801730.SI,电力设备,801738.SI,电网设备,857382.SI,配电设备,20111228,2026-08-01,tushare
603070.SH,603070,万控智造,801730.SI,电力设备,801738.SI,电网设备,857382.SI,配电设备,20220228,2026-08-01,tushare
301361.SZ,301361,众智科技,801730.SI,电力设备,801738.SI,电网设备,857382.SI,配电设备,20221028,2026-08-01,tushare
002706.SZ,002706,良信股份,801730.SI,电力设备,801738.SI,电网设备,857382.SI,配电设备,20140108,2026-08-01,tushare
300670.SZ,300670,大烨智能,801730.SI,电力设备,801738.SI,电网设备,857382.SI,配电设备,20170615,2026-08-01,tushare
603829.SH,603829,洛凯股份,801730.SI,电力设备,801738.SI,电网设备,857382.SI,配电设备,20170925,2026-08-01,tushare
002927.SZ,002927,泰永长征,801730.SI,电力设备,801738.SI,电网设备,857382.SI,配电设备,20180212,2026-08-01,tushare
300932.SZ,300932,三友联众,801730.SI,电力设备,801738.SI,电网设备,857382.SI,配电设备,20210108,2026-08-01,tushare
605066.SH,605066,天正电气,801730.SI,电力设备,801738.SI,电网设备,857382.SI,配电设备,20200727,2026-08-01,tushare
603016.SH,603016,新宏泰,801730.SI,电力设备,801738.SI,电网设备,857382.SI,配电设备,20160701,2026-08-01,tushare
603861.SH,603861,白云电器,801730.SI,电力设备,801738.SI,电网设备,857382.SI,配电设备,20160322,2026-08-01,tushare
301388.SZ,301388,欣灵电气,801730.SI,电力设备,801738.SI,电网设备,857382.SI,配电设备,20221109,2026-08-01,tushare
601567.SH,601567,三星电气,801730.SI,电力设备,801738.SI,电网设备,857382.SI,配电设备,20220729,2026-08-01,tushare
688517.SH,688517,金冠电气,801730.SI,电力设备,801738.SI,电网设备,857382.SI,配电设备,20210607,2026-08-01,tushare
301668.SZ,301668,昊创瑞通,801730.SI,电力设备,801738.SI,电网设备,857382.SI,配电设备,20250905,2026-08-01,tushare
002346.SZ,002346,柘中股份,801730.SI,电力设备,801738.SI,电网设备,857382.SI,配电设备,20220729,2026-08-01,tushare
301291.SZ,301291,明阳电气,801730.SI,电力设备,801738.SI,电网设备,857382.SI,配电设备,20230609,2026-08-01,tushare
002168.SZ,002168,ST惠程,801730.SI,电力设备,801738.SI,电网设备,857382.SI,配电设备,20230704,2026-08-01,tushare
301386.SZ,301386,未来电器,801730.SI,电力设备,801738.SI,电网设备,857382.SI,配电设备,20230310,2026-08-01,tushare
600290.SH,600290,*ST华仪(退市),801730.SI,电力设备,801738.SI,电网设备,857382.SI,配电设备,20001106,2026-08-01,tushare
001388.SZ,001388,信通电子,801730.SI,电力设备,801738.SI,电网设备,857321.SI,电网自动化设备,20250620,2026-08-01,tushare
000682.SZ,000682,东方电子,801730.SI,电力设备,801738.SI,电网设备,857321.SI,电网自动化设备,19970121,2026-08-01,tushare
000400.SZ,000400,许继电气,801730.SI,电力设备,801738.SI,电网设备,857321.SI,电网自动化设备,19970409,2026-08-01,tushare
920299.BJ,920299.BJ,灿能电力,801730.SI,电力设备,801738.SI,电网设备,857321.SI,电网自动化设备,20220608,2026-08-01,tushare
600268.SH,600268,国电南自,801730.SI,电力设备,801738.SI,电网设备,857321.SI,电网自动化设备,19991118,2026-08-01,tushare
600406.SH,600406,国电南瑞,801730.SI,电力设备,801738.SI,电网设备,857321.SI,电网自动化设备,20031015,2026-08-01,tushare
002169.SZ,002169,智光电气,801730.SI,电力设备,801738.SI,电网设备,857321.SI,电网自动化设备,20070918,2026-08-01,tushare
002339.SZ,002339,积成电子,801730.SI,电力设备,801738.SI,电网设备,857321.SI,电网自动化设备,20100104,2026-08-01,tushare
601126.SH,601126,四方股份,801730.SI,电力设备,801738.SI,电网设备,857321.SI,电网自动化设备,20101224,2026-08-01,tushare
300853.SZ,300853,申昊科技,801730.SI,电力设备,801738.SI,电网设备,857321.SI,电网自动化设备,20220729,2026-08-01,tushare
300018.SZ,300018,中元股份,801730.SI,电力设备,801738.SI,电网设备,857321.SI,电网自动化设备,20091012,2026-08-01,tushare
300427.SZ,300427,红相股份,801730.SI,电力设备,801738.SI,电网设备,857321.SI,电网自动化设备,20150115,2026-08-01,tushare
603050.SH,603050,科林电气,801730.SI,电力设备,801738.SI,电网设备,857321.SI,电网自动化设备,20170330,2026-08-01,tushare
688330.SH,688330,宏力达,801730.SI,电力设备,801738.SI,电网设备,857321.SI,电网自动化设备,20200921,2026-08-01,tushare
301609.SZ,301609,山大电力,801730.SI,电力设备,801738.SI,电网设备,857321.SI,电网自动化设备,20250711,2026-08-01,tushare
920375.BJ,920375.BJ,派诺科技,801730.SI,电力设备,801738.SI,电网设备,857321.SI,电网自动化设备,20231214,2026-08-01,tushare
688611.SH,688611,杭州柯林,801730.SI,电力设备,801738.SI,电网设备,857321.SI,电网自动化设备,20210325,2026-08-01,tushare
688191.SH,688191,智洋创新,801730.SI,电力设备,801738.SI,电网设备,857321.SI,电网自动化设备,20210322,2026-08-01,tushare
920508.BJ,920508.BJ,殷图网联,801730.SI,电力设备,801738.SI,电网设备,857321.SI,电网自动化设备,20230410,2026-08-01,tushare
688663.SH,688663,新风光,801730.SI,电力设备,801738.SI,电网设备,857321.SI,电网自动化设备,20220729,2026-08-01,tushare
300407.SZ,300407,凯发电气,801730.SI,电力设备,801738.SI,电网设备,857321.SI,电网自动化设备,20140127,2026-08-01,tushare
688248.SH,688248,南网科技,801730.SI,电力设备,801738.SI,电网设备,857321.SI,电网自动化设备,20211203,2026-08-01,tushare
600885.SH,600885,宏发股份,801730.SI,电力设备,801738.SI,电网设备,857321.SI,电网自动化设备,20020430,2026-08-01,tushare
301179.SZ,301179,泽宇智能,801730.SI,电力设备,801738.SI,电网设备,857321.SI,电网自动化设备,20211126,2026-08-01,tushare
002090.SZ,002090,金智科技,801730.SI,电力设备,801738.SI,电网设备,857321.SI,电网自动化设备,20061207,2026-08-01,tushare
300222.SZ,300222,科大智能,801730.SI,电力设备,801738.SI,电网设备,857321.SI,电网自动化设备,20210730,2026-08-01,tushare
300510.SZ,300510,金冠股份,801730.SI,电力设备,801738.SI,电网设备,857321.SI,电网自动化设备,20160425,2026-08-01,tushare
688681.SH,688681,科汇股份,801730.SI,电力设备,801738.SI,电网设备,857321.SI,电网自动化设备,20210531,2026-08-01,tushare
688450.SH,688450,光格科技,801730.SI,电力设备,801738.SI,电网设备,857321.SI,电网自动化设备,20260701,2026-08-01,tushare
300360.SZ,300360,炬华科技,801730.SI,电力设备,801738.SI,电网设备,857323.SI,电工仪器仪表,20140108,2026-08-01,tushare
002546.SZ,002546,新联电子,801730.SI,电力设备,801738.SI,电网设备,857323.SI,电工仪器仪表,20110125,2026-08-01,tushare
300286.SZ,300286,安科瑞,801730.SI,电力设备,801738.SI,电网设备,857323.SI,电工仪器仪表,20120104,2026-08-01,tushare
300514.SZ,300514,友讯达,801730.SI,电力设备,801738.SI,电网设备,857323.SI,电工仪器仪表,20170419,2026-08-01,tushare
300882.SZ,300882,万胜智能,801730.SI,电力设备,801738.SI,电网设备,857323.SI,电工仪器仪表,20200821,2026-08-01,tushare
688616.SH,688616,西力科技,801730.SI,电力设备,801738.SI,电网设备,857323.SI,电工仪器仪表,20210305,2026-08-01,tushare
300880.SZ,300880,迦南智能,801730.SI,电力设备,801738.SI,电网设备,857323.SI,电工仪器仪表,20200817,2026-08-01,tushare
920556.BJ,920556.BJ,雅达股份,801730.SI,电力设备,801738.SI,电网设备,857323.SI,电工仪器仪表,20230317,2026-08-01,tushare
688597.SH,688597,煜邦电力,801730.SI,电力设备,801738.SI,电网设备,857323.SI,电工仪器仪表,20210531,2026-08-01,tushare
002121.SZ,002121,科陆电子,801730.SI,电力设备,801738.SI,电网设备,857323.SI,电工仪器仪表,20070306,2026-08-01,tushare
603556.SH,603556,海兴电力,801730.SI,电力设备,801738.SI,电网设备,857323.SI,电工仪器仪表,20210730,2026-08-01,tushare
002857.SZ,002857,三晖电气,801730.SI,电力设备,801738.SI,电网设备,857323.SI,电工仪器仪表,20210730,2026-08-01,tushare
002980.SZ,002980,华盛昌,801730.SI,电力设备,801738.SI,电网设备,857323.SI,电工仪器仪表,20210730,2026-08-01,tushare
920029.BJ,920029.BJ,开发科技,801730.SI,电力设备,801738.SI,电网设备,857323.SI,电工仪器仪表,20250324,2026-08-01,tushare
300356.SZ,300356,光一退(退市),801730.SI,电力设备,801738.SI,电网设备,857323.SI,电工仪器仪表,20120924,2026-08-01,tushare
920037.BJ,920037.BJ,广信科技,801730.SI,电力设备,801738.SI,电网设备,857344.SI,线缆部件及其他,20250626,2026-08-01,tushare
600973.SH,600973,宝胜股份,801730.SI,电力设备,801738.SI,电网设备,857344.SI,线缆部件及其他,20040730,2026-08-01,tushare
300265.SZ,300265,通光线缆,801730.SI,电力设备,801738.SI,电网设备,857344.SI,线缆部件及其他,20110905,2026-08-01,tushare
002276.SZ,002276,万马股份,801730.SI,电力设备,801738.SI,电网设备,857344.SI,线缆部件及其他,20090629,2026-08-01,tushare
002300.SZ,002300,太阳电缆,801730.SI,电力设备,801738.SI,电网设备,857344.SI,线缆部件及其他,20090922,2026-08-01,tushare
002533.SZ,002533,金杯电工,801730.SI,电力设备,801738.SI,电网设备,857344.SI,线缆部件及其他,20101222,2026-08-01,tushare
002498.SZ,002498,汉缆股份,801730.SI,电力设备,801738.SI,电网设备,857344.SI,线缆部件及其他,20101027,2026-08-01,tushare
002451.SZ,002451,摩恩电气,801730.SI,电力设备,801738.SI,电网设备,857344.SI,线缆部件及其他,20100712,2026-08-01,tushare
002471.SZ,002471,中超控股,801730.SI,电力设备,801738.SI,电网设备,857344.SI,线缆部件及其他,20100901,2026-08-01,tushare
300069.SZ,300069,金利华电,801730.SI,电力设备,801738.SI,电网设备,857344.SI,线缆部件及其他,20100409,2026-08-01,tushare
002560.SZ,002560,通达股份,801730.SI,电力设备,801738.SI,电网设备,857344.SI,线缆部件及其他,20110223,2026-08-01,tushare
601700.SH,601700,风范股份,801730.SI,电力设备,801738.SI,电网设备,857344.SI,线缆部件及其他,20110106,2026-08-01,tushare
002606.SZ,002606,大连电瓷,801730.SI,电力设备,801738.SI,电网设备,857344.SI,线缆部件及其他,20110728,2026-08-01,tushare
002692.SZ,002692,远程股份,801730.SI,电力设备,801738.SI,电网设备,857344.SI,线缆部件及其他,20120730,2026-08-01,tushare
603333.SH,603333,福华尚纬,801730.SI,电力设备,801738.SI,电网设备,857344.SI,线缆部件及其他,20120424,2026-08-01,tushare
603618.SH,603618,杭电股份,801730.SI,电力设备,801738.SI,电网设备,857344.SI,线缆部件及其他,20150115,2026-08-01,tushare
002879.SZ,002879,长缆科技,801730.SI,电力设备,801738.SI,电网设备,857344.SI,线缆部件及其他,20170605,2026-08-01,tushare
002882.SZ,002882,金龙羽,801730.SI,电力设备,801738.SI,电网设备,857344.SI,线缆部件及其他,20170605,2026-08-01,tushare
002953.SZ,002953,日丰股份,801730.SI,电力设备,801738.SI,电网设备,857344.SI,线缆部件及其他,20190506,2026-08-01,tushare
603530.SH,603530,神马电力,801730.SI,电力设备,801738.SI,电网设备,857344.SI,线缆部件及其他,20190702,2026-08-01,tushare
603897.SH,603897,长城科技,801730.SI,电力设备,801738.SI,电网设备,857344.SI,线缆部件及其他,20180403,2026-08-01,tushare
688226.SH,688226,威腾电气,801730.SI,电力设备,801738.SI,电网设备,857344.SI,线缆部件及其他,20210622,2026-08-01,tushare
300933.SZ,300933,中辰股份,801730.SI,电力设备,801738.SI,电网设备,857344.SI,线缆部件及其他,20210108,2026-08-01,tushare
605196.SH,605196,华通线缆,801730.SI,电力设备,801738.SI,电网设备,857344.SI,线缆部件及其他,20210426,2026-08-01,tushare
605222.SH,605222,起帆电缆,801730.SI,电力设备,801738.SI,电网设备,857344.SI,线缆部件及其他,20200721,2026-08-01,tushare
920682.BJ,920682.BJ,球冠电缆,801730.SI,电力设备,801738.SI,电网设备,857344.SI,线缆部件及其他,20200727,2026-08-01,tushare
301439.SZ,301439,泓淋电力,801730.SI,电力设备,801738.SI,电网设备,857344.SI,线缆部件及其他,20230224,2026-08-01,tushare
603577.SH,603577,汇金通,801730.SI,电力设备,801738.SI,电网设备,857344.SI,线缆部件及其他,20161212,2026-08-01,tushare
600869.SH,600869,远东股份,801730.SI,电力设备,801738.SI,电网设备,857344.SI,线缆部件及其他,20090601,2026-08-01,tushare
920639.BJ,920639.BJ,晨光电缆,801730.SI,电力设备,801738.SI,电网设备,857344.SI,线缆部件及其他,20220717,2026-08-01,tushare
600577.SH,600577,精达股份,801730.SI,电力设备,801738.SI,电网设备,857344.SI,线缆部件及其他,20190724,2026-08-01,tushare
301082.SZ,301082,久盛电气,801730.SI,电力设备,801738.SI,电网设备,857344.SI,线缆部件及其他,20210930,2026-08-01,tushare
002309.SZ,002309,中利集团,801730.SI,电力设备,801738.SI,电网设备,857344.SI,线缆部件及其他,20220729,2026-08-01,tushare
000720.SZ,000720,新能泰山,801730.SI,电力设备,801738.SI,电网设备,857344.SI,线缆部件及其他,20220729,2026-08-01,tushare
001208.SZ,001208,华菱线缆,801730.SI,电力设备,801738.SI,电网设备,857344.SI,线缆部件及其他,20210607,2026-08-01,tushare
603606.SH,603606,东方电缆,801730.SI,电力设备,801738.SI,电网设备,857344.SI,线缆部件及其他,20140127,2026-08-01,tushare
001382.SZ,001382,新亚电缆,801730.SI,电力设备,801738.SI,电网设备,857344.SI,线缆部件及其他,20250228,2026-08-01,tushare
600067.SH,600067,冠城新材,801730.SI,电力设备,801738.SI,电网设备,857344.SI,线缆部件及其他,20240807,2026-08-01,tushare
920118.BJ,920118.BJ,太湖远大,801730.SI,电力设备,801738.SI,电网设备,857344.SI,线缆部件及其他,20240822,2026-08-01,tushare
920018.BJ,920018.BJ,宏远股份,801730.SI,电力设备,801738.SI,电网设备,857344.SI,线缆部件及其他,20250821,2026-08-01,tushare
000410.SZ,000410,沈阳机床,801890.SI,机械设备,801072.SI,通用设备,850711.SI,机床工具,19960718,2026-08-01,tushare
000837.SZ,000837,秦川机床,801890.SI,机械设备,801072.SI,通用设备,850711.SI,机床工具,19980928,2026-08-01,tushare
002248.SZ,002248,华东数控,801890.SI,机械设备,801072.SI,通用设备,850711.SI,机床工具,20080526,2026-08-01,tushare
002520.SZ,002520,日发精机,801890.SI,机械设备,801072.SI,通用设备,850711.SI,机床工具,20101201,2026-08-01,tushare
603088.SH,603088,宁波精达,801890.SI,机械设备,801072.SI,通用设备,850711.SI,机床工具,20140124,2026-08-01,tushare
300161.SZ,300161,华中数控,801890.SI,机械设备,801072.SI,通用设备,850711.SI,机床工具,20110104,2026-08-01,tushare
002559.SZ,002559,亚威股份,801890.SI,机械设备,801072.SI,通用设备,850711.SI,机床工具,20110223,2026-08-01,tushare
601882.SH,601882,海天精工,801890.SI,机械设备,801072.SI,通用设备,850711.SI,机床工具,20161028,2026-08-01,tushare
002903.SZ,002903,宇环数控,801890.SI,机械设备,801072.SI,通用设备,850711.SI,机床工具,20170925,2026-08-01,tushare
300809.SZ,300809,华辰装备,801890.SI,机械设备,801072.SI,通用设备,850711.SI,机床工具,20191120,2026-08-01,tushare
688577.SH,688577,浙海德曼,801890.SI,机械设备,801072.SI,通用设备,850711.SI,机床工具,20200831,2026-08-01,tushare
688558.SH,688558,国盛智科,801890.SI,机械设备,801072.SI,通用设备,850711.SI,机床工具,20200612,2026-08-01,tushare
003025.SZ,003025,思进智能,801890.SI,机械设备,801072.SI,通用设备,850711.SI,机床工具,20201201,2026-08-01,tushare
002943.SZ,002943,宇晶股份,801890.SI,机械设备,801072.SI,通用设备,850711.SI,机床工具,20181128,2026-08-01,tushare
688305.SH,688305,科德数控,801890.SI,机械设备,801072.SI,通用设备,850711.SI,机床工具,20210630,2026-08-01,tushare
920870.BJ,920870.BJ,恒进感应,801890.SI,机械设备,801072.SI,通用设备,850711.SI,机床工具,20230410,2026-08-01,tushare
002122.SZ,002122,ST汇洲,801890.SI,机械设备,801072.SI,通用设备,850711.SI,机床工具,20220729,2026-08-01,tushare
688697.SH,688697,纽威数控,801890.SI,机械设备,801072.SI,通用设备,850711.SI,机床工具,20210903,2026-08-01,tushare
301603.SZ,301603,乔锋智能,801890.SI,机械设备,801072.SI,通用设备,850711.SI,机床工具,20240704,2026-08-01,tushare
600806.SH,600806,退市昆机(退市),801890.SI,机械设备,801072.SI,通用设备,850711.SI,机床工具,19940103,2026-08-01,tushare
600172.SH,600172,黄河旋风,801890.SI,机械设备,801072.SI,通用设备,850713.SI,磨具磨料,19981126,2026-08-01,tushare
002282.SZ,002282,博深股份,801890.SI,机械设备,801072.SI,通用设备,850713.SI,磨具磨料,20090804,2026-08-01,tushare
300179.SZ,300179,四方达,801890.SI,机械设备,801072.SI,通用设备,850713.SI,磨具磨料,20110127,2026-08-01,tushare
002760.SZ,002760,凤形股份,801890.SI,机械设备,801072.SI,通用设备,850713.SI,磨具磨料,20150115,2026-08-01,tushare
300554.SZ,300554,三超新材,801890.SI,机械设备,801072.SI,通用设备,850713.SI,磨具磨料,20170419,2026-08-01,tushare
688028.SH,688028,沃尔德,801890.SI,机械设备,801072.SI,通用设备,850713.SI,磨具磨料,20190711,2026-08-01,tushare
300818.SZ,300818,耐普矿机,801890.SI,机械设备,801072.SI,通用设备,850713.SI,磨具磨料,20200204,2026-08-01,tushare
300861.SZ,300861,美畅股份,801890.SI,机械设备,801072.SI,通用设备,850713.SI,磨具磨料,20200731,2026-08-01,tushare
300700.SZ,300700,岱勒新材,801890.SI,机械设备,801072.SI,通用设备,850713.SI,磨具磨料,20170828,2026-08-01,tushare
002046.SZ,002046,国机精工,801890.SI,机械设备,801072.SI,通用设备,850713.SI,磨具磨料,20220729,2026-08-01,tushare
920725.BJ,920725.BJ,惠丰钻石,801890.SI,机械设备,801072.SI,通用设备,850713.SI,磨具磨料,20220717,2026-08-01,tushare
600783.SH,600783,鲁信创投,801890.SI,机械设备,801072.SI,通用设备,850713.SI,磨具磨料,20220729,2026-08-01,tushare
300606.SZ,300606,金太阳,801890.SI,机械设备,801072.SI,通用设备,850713.SI,磨具磨料,20170116,2026-08-01,tushare
920807.BJ,920807.BJ,奔朗新材,801890.SI,机械设备,801072.SI,通用设备,850713.SI,磨具磨料,20221227,2026-08-01,tushare
300064.SZ,300064,金刚退(退市),801890.SI,机械设备,801072.SI,通用设备,850713.SI,磨具磨料,20100318,2026-08-01,tushare
000530.SZ,000530,冰山冷热,801890.SI,机械设备,801072.SI,通用设备,850715.SI,制冷空调设备,19931208,2026-08-01,tushare
000811.SZ,000811,冰轮环境,801890.SI,机械设备,801072.SI,通用设备,850715.SI,制冷空调设备,19980528,2026-08-01,tushare
002158.SZ,002158,汉钟精机,801890.SI,机械设备,801072.SI,通用设备,850715.SI,制冷空调设备,20070816,2026-08-01,tushare
002639.SZ,002639,雪人集团,801890.SI,机械设备,801072.SI,通用设备,850715.SI,制冷空调设备,20111118,2026-08-01,tushare
603339.SH,603339,四方科技,801890.SI,机械设备,801072.SI,通用设备,850715.SI,制冷空调设备,20160509,2026-08-01,tushare
603187.SH,603187,海容冷链,801890.SI,机械设备,801072.SI,通用设备,850715.SI,制冷空调设备,20181128,2026-08-01,tushare
603277.SH,603277,银都股份,801890.SI,机械设备,801072.SI,通用设备,850715.SI,制冷空调设备,20190724,2026-08-01,tushare
300990.SZ,300990,同飞股份,801890.SI,机械设备,801072.SI,通用设备,850715.SI,制冷空调设备,20210426,2026-08-01,tushare
301399.SZ,301399,英特科技,801890.SI,机械设备,801072.SI,通用设备,850715.SI,制冷空调设备,20230504,2026-08-01,tushare
301018.SZ,301018,申菱环境,801890.SI,机械设备,801072.SI,通用设备,850715.SI,制冷空调设备,20210730,2026-08-01,tushare
002686.SZ,002686,亿利达,801890.SI,机械设备,801072.SI,通用设备,850715.SI,制冷空调设备,20210730,2026-08-01,tushare
600202.SH,600202,哈空调,801890.SI,机械设备,801072.SI,通用设备,850715.SI,制冷空调设备,20220729,2026-08-01,tushare
301272.SZ,301272,英华特,801890.SI,机械设备,801072.SI,通用设备,850715.SI,制冷空调设备,20230630,2026-08-01,tushare
603912.SH,603912,佳力图,801890.SI,机械设备,801072.SI,通用设备,850715.SI,制冷空调设备,20210730,2026-08-01,tushare
301525.SZ,301525,儒竞科技,801890.SI,机械设备,801072.SI,通用设备,850715.SI,制冷空调设备,20230821,2026-08-01,tushare
001237.SZ,001237,惠康科技,801890.SI,机械设备,801072.SI,通用设备,850715.SI,制冷空调设备,20260430,2026-08-01,tushare
603361.SH,603361,浙江国祥,801890.SI,机械设备,801072.SI,通用设备,850715.SI,制冷空调设备,20231027,2026-08-01,tushare
301043.SZ,301043,绿岛风,801890.SI,机械设备,801072.SI,通用设备,850715.SI,制冷空调设备,20240730,2026-08-01,tushare
301070.SZ,301070,开勒股份,801890.SI,机械设备,801072.SI,通用设备,850715.SI,制冷空调设备,20240730,2026-08-01,tushare
603279.SH,603279,景津装备,801890.SI,机械设备,801072.SI,通用设备,850716.SI,其他通用设备,20250410,2026-08-01,tushare
002444.SZ,002444,巨星科技,801890.SI,机械设备,801072.SI,通用设备,850716.SI,其他通用设备,20100712,2026-08-01,tushare
300145.SZ,300145,南方泵业,801890.SI,机械设备,801072.SI,通用设备,850716.SI,其他通用设备,20101129,2026-08-01,tushare
688333.SH,688333,铂力特,801890.SI,机械设备,801072.SI,通用设备,850716.SI,其他通用设备,20220729,2026-08-01,tushare
300154.SZ,300154,瑞凌股份,801890.SI,机械设备,801072.SI,通用设备,850716.SI,其他通用设备,20101220,2026-08-01,tushare
301125.SZ,301125,腾亚精工,801890.SI,机械设备,801072.SI,通用设备,850716.SI,其他通用设备,20220520,2026-08-01,tushare
300091.SZ,300091,*ST金灵,801890.SI,机械设备,801072.SI,通用设备,850716.SI,其他通用设备,20100609,2026-08-01,tushare
300126.SZ,300126,锐奇股份,801890.SI,机械设备,801072.SI,通用设备,850716.SI,其他通用设备,20100920,2026-08-01,tushare
002598.SZ,002598,ST章鼓,801890.SI,机械设备,801072.SI,通用设备,850716.SI,其他通用设备,20110629,2026-08-01,tushare
300257.SZ,300257,开山股份,801890.SI,机械设备,801072.SI,通用设备,850716.SI,其他通用设备,20110809,2026-08-01,tushare
300193.SZ,300193,佳士科技,801890.SI,机械设备,801072.SI,通用设备,850716.SI,其他通用设备,20110314,2026-08-01,tushare
920689.BJ,920689.BJ,克莱特,801890.SI,机械设备,801072.SI,通用设备,850716.SI,其他通用设备,20220321,2026-08-01,tushare
300420.SZ,300420,五洋自控,801890.SI,机械设备,801072.SI,通用设备,850716.SI,其他通用设备,20150115,2026-08-01,tushare
300441.SZ,300441,鲍斯股份,801890.SI,机械设备,801072.SI,通用设备,850716.SI,其他通用设备,20150413,2026-08-01,tushare
300470.SZ,300470,中密控股,801890.SI,机械设备,801072.SI,通用设备,850716.SI,其他通用设备,20150115,2026-08-01,tushare
603090.SH,603090,宏盛股份,801890.SI,机械设备,801072.SI,通用设备,850716.SI,其他通用设备,20160823,2026-08-01,tushare
603131.SH,603131,上海沪工,801890.SI,机械设备,801072.SI,通用设备,850716.SI,其他通用设备,20160525,2026-08-01,tushare
300503.SZ,300503,昊志机电,801890.SI,机械设备,801072.SI,通用设备,850716.SI,其他通用设备,20160304,2026-08-01,tushare
001696.SZ,001696,宗申动力,801890.SI,机械设备,801072.SI,通用设备,850716.SI,其他通用设备,20140701,2026-08-01,tushare
603617.SH,603617,君禾股份,801890.SI,机械设备,801072.SI,通用设备,850716.SI,其他通用设备,20170620,2026-08-01,tushare
603757.SH,603757,大元泵业,801890.SI,机械设备,801072.SI,通用设备,850716.SI,其他通用设备,20170628,2026-08-01,tushare
301107.SZ,301107,瑜欣电子,801890.SI,机械设备,801072.SI,通用设备,850716.SI,其他通用设备,20220513,2026-08-01,tushare
002884.SZ,002884,凌霄泵业,801890.SI,机械设备,801072.SI,通用设备,850716.SI,其他通用设备,20170711,2026-08-01,tushare
600243.SH,600243,*ST海华,801890.SI,机械设备,801072.SI,通用设备,850716.SI,其他通用设备,20170629,2026-08-01,tushare
603269.SH,603269,海鸥股份,801890.SI,机械设备,801072.SI,通用设备,850716.SI,其他通用设备,20170504,2026-08-01,tushare
603331.SH,603331,百达精工,801890.SI,机械设备,801072.SI,通用设备,850716.SI,其他通用设备,20170620,2026-08-01,tushare
920833.BJ,920833.BJ,美心翼申,801890.SI,机械设备,801072.SI,通用设备,850716.SI,其他通用设备,20231120,2026-08-01,tushare
920570.BJ,920570.BJ,坤博精工,801890.SI,机械设备,801072.SI,通用设备,850716.SI,其他通用设备,20231120,2026-08-01,tushare
301311.SZ,301311,昆船智能,801890.SI,机械设备,801072.SI,通用设备,850716.SI,其他通用设备,20221121,2026-08-01,tushare
688360.SH,688360,德马科技,801890.SI,机械设备,801072.SI,通用设备,850716.SI,其他通用设备,20200518,2026-08-01,tushare
300984.SZ,300984,金沃股份,801890.SI,机械设备,801072.SI,通用设备,850716.SI,其他通用设备,20210609,2026-08-01,tushare
301032.SZ,301032,新柴股份,801890.SI,机械设备,801072.SI,通用设备,850716.SI,其他通用设备,20210709,2026-08-01,tushare
301028.SZ,301028,鼎熔岩,801890.SI,机械设备,801072.SI,通用设备,850716.SI,其他通用设备,20210705,2026-08-01,tushare
605060.SH,605060,联德股份,801890.SI,机械设备,801072.SI,通用设备,850716.SI,其他通用设备,20210205,2026-08-01,tushare
688557.SH,688557,兰剑智能,801890.SI,机械设备,801072.SI,通用设备,850716.SI,其他通用设备,20201123,2026-08-01,tushare
688433.SH,688433,华曙高科,801890.SI,机械设备,801072.SI,通用设备,850716.SI,其他通用设备,20230331,2026-08-01,tushare
300992.SZ,300992,泰福泵业,801890.SI,机械设备,801072.SI,通用设备,850716.SI,其他通用设备,20210510,2026-08-01,tushare
300263.SZ,300263,隆华科技,801890.SI,机械设备,801072.SI,通用设备,850716.SI,其他通用设备,20170629,2026-08-01,tushare
600343.SH,600343,航天动力,801890.SI,机械设备,801072.SI,通用设备,850716.SI,其他通用设备,20220729,2026-08-01,tushare
301353.SZ,301353,普莱得,801890.SI,机械设备,801072.SI,通用设备,850716.SI,其他通用设备,20230526,2026-08-01,tushare
301448.SZ,301448,开创电气,801890.SI,机械设备,801072.SI,通用设备,850716.SI,其他通用设备,20230609,2026-08-01,tushare
301468.SZ,301468,博盈特焊,801890.SI,机械设备,801072.SI,通用设备,850716.SI,其他通用设备,20230630,2026-08-01,tushare
002272.SZ,002272,川润股份,801890.SI,机械设备,801072.SI,通用设备,850716.SI,其他通用设备,20230704,2026-08-01,tushare
688448.SH,688448,磁谷科技,801890.SI,机械设备,801072.SI,通用设备,850716.SI,其他通用设备,20220902,2026-08-01,tushare
300157.SZ,300157,新锦动力,801890.SI,机械设备,801072.SI,通用设备,850716.SI,其他通用设备,20230704,2026-08-01,tushare
301273.SZ,301273,瑞晨环保,801890.SI,机械设备,801072.SI,通用设备,850716.SI,其他通用设备,20220923,2026-08-01,tushare
301317.SZ,301317,鑫磊股份,801890.SI,机械设备,801072.SI,通用设备,850716.SI,其他通用设备,20230106,2026-08-01,tushare
920950.BJ,920950.BJ,迅安科技,801890.SI,机械设备,801072.SI,通用设备,850716.SI,其他通用设备,20220109,2026-08-01,tushare
920662.BJ,920662.BJ,方盛股份,801890.SI,机械设备,801072.SI,通用设备,850716.SI,其他通用设备,20221123,2026-08-01,tushare
301616.SZ,301616,浙江华业,801890.SI,机械设备,801072.SI,通用设备,850716.SI,其他通用设备,20250314,2026-08-01,tushare
300090.SZ,300090,盛运退(退市),801890.SI,机械设备,801072.SI,通用设备,850716.SI,其他通用设备,20100625,2026-08-01,tushare
002147.SZ,002147,新光退(退市),801890.SI,机械设备,801072.SI,通用设备,850716.SI,其他通用设备,20210730,2026-08-01,tushare
002175.SZ,002175,*ST东智,801890.SI,机械设备,801072.SI,通用设备,850731.SI,仪器仪表,20220729,2026-08-01,tushare
688583.SH,688583,思看科技,801890.SI,机械设备,801072.SI,通用设备,850731.SI,仪器仪表,20241227,2026-08-01,tushare
300066.SZ,300066,三川智慧,801890.SI,机械设备,801072.SI,通用设备,850731.SI,仪器仪表,20100318,2026-08-01,tushare
300007.SZ,300007,汉威科技,801890.SI,机械设备,801072.SI,通用设备,850731.SI,仪器仪表,20091022,2026-08-01,tushare
300112.SZ,300112,万讯自控,801890.SI,机械设备,801072.SI,通用设备,850731.SI,仪器仪表,20100810,2026-08-01,tushare
300165.SZ,300165,天瑞仪器,801890.SI,机械设备,801072.SI,通用设备,850731.SI,仪器仪表,20110114,2026-08-01,tushare
300259.SZ,300259,新天科技,801890.SI,机械设备,801072.SI,通用设备,850731.SI,仪器仪表,20110818,2026-08-01,tushare
301303.SZ,301303,真兰仪表,801890.SI,机械设备,801072.SI,通用设备,850731.SI,仪器仪表,20230213,2026-08-01,tushare
300306.SZ,300306,远方信息,801890.SI,机械设备,801072.SI,通用设备,850731.SI,仪器仪表,20120321,2026-08-01,tushare
300349.SZ,300349,金卡智能,801890.SI,机械设备,801072.SI,通用设备,850731.SI,仪器仪表,20120809,2026-08-01,tushare
300354.SZ,300354,东华测试,801890.SI,机械设备,801072.SI,通用设备,850731.SI,仪器仪表,20120910,2026-08-01,tushare
688115.SH,688115,思林杰,801890.SI,机械设备,801072.SI,通用设备,850731.SI,仪器仪表,20220228,2026-08-01,tushare
300417.SZ,300417,南华仪器,801890.SI,机械设备,801072.SI,通用设备,850731.SI,仪器仪表,20150115,2026-08-01,tushare
300445.SZ,300445,康斯特,801890.SI,机械设备,801072.SI,通用设备,850731.SI,仪器仪表,20150113,2026-08-01,tushare
688337.SH,688337,普源精电,801890.SI,机械设备,801072.SI,通用设备,850731.SI,仪器仪表,20220318,2026-08-01,tushare
002819.SZ,002819,东方中科,801890.SI,机械设备,801072.SI,通用设备,850731.SI,仪器仪表,20161028,2026-08-01,tushare
300515.SZ,300515,三德科技,801890.SI,机械设备,801072.SI,通用设备,850731.SI,仪器仪表,20160525,2026-08-01,tushare
300553.SZ,300553,集智股份,801890.SI,机械设备,801072.SI,通用设备,850731.SI,仪器仪表,20161017,2026-08-01,tushare
300557.SZ,300557,理工光科,801890.SI,机械设备,801072.SI,通用设备,850731.SI,仪器仪表,20161028,2026-08-01,tushare
300371.SZ,300371,汇中股份,801890.SI,机械设备,801072.SI,通用设备,850731.SI,仪器仪表,20140108,2026-08-01,tushare
300370.SZ,300370,安控科技,801890.SI,机械设备,801072.SI,通用设备,850731.SI,仪器仪表,20140108,2026-08-01,tushare
002849.SZ,002849,威星智能,801890.SI,机械设备,801072.SI,通用设备,850731.SI,仪器仪表,20170124,2026-08-01,tushare
300567.SZ,300567,精测电子,801890.SI,机械设备,801072.SI,通用设备,850731.SI,仪器仪表,20161122,2026-08-01,tushare
603662.SH,603662,柯力传感,801890.SI,机械设备,801072.SI,通用设备,850731.SI,仪器仪表,20190724,2026-08-01,tushare
603700.SH,603700,宁水集团,801890.SI,机械设备,801072.SI,通用设备,850731.SI,仪器仪表,20190104,2026-08-01,tushare
300667.SZ,300667,必创科技,801890.SI,机械设备,801072.SI,通用设备,850731.SI,仪器仪表,20180713,2026-08-01,tushare
300897.SZ,300897,山科智能,801890.SI,机械设备,801072.SI,通用设备,850731.SI,仪器仪表,20200921,2026-08-01,tushare
688768.SH,688768,容知日新,801890.SI,机械设备,801072.SI,通用设备,850731.SI,仪器仪表,20210709,2026-08-01,tushare
688665.SH,688665,四方光电,801890.SI,机械设备,801072.SI,通用设备,850731.SI,仪器仪表,20210125,2026-08-01,tushare
688628.SH,688628,优利德,801890.SI,机械设备,801072.SI,通用设备,850731.SI,仪器仪表,20210114,2026-08-01,tushare
688528.SH,688528,秦川物联,801890.SI,机械设备,801072.SI,通用设备,850731.SI,仪器仪表,20200612,2026-08-01,tushare
300862.SZ,300862,蓝盾光电,801890.SI,机械设备,801072.SI,通用设备,850731.SI,仪器仪表,20200731,2026-08-01,tushare
920509.BJ,920509.BJ,同惠电子,801890.SI,机械设备,801072.SI,通用设备,850731.SI,仪器仪表,20210111,2026-08-01,tushare
605056.SH,605056,咸亨国际,801890.SI,机械设备,801072.SI,通用设备,850731.SI,仪器仪表,20210615,2026-08-01,tushare
300720.SZ,300720,海川智能,801890.SI,机械设备,801072.SI,通用设备,850731.SI,仪器仪表,20171106,2026-08-01,tushare
301413.SZ,301413,安培龙,801890.SI,机械设备,801072.SI,通用设备,850731.SI,仪器仪表,20231201,2026-08-01,tushare
688622.SH,688622,*ST禾信,801890.SI,机械设备,801072.SI,通用设备,850731.SI,仪器仪表,20210827,2026-08-01,tushare
301360.SZ,301360,荣旗科技,801890.SI,机械设备,801072.SI,通用设备,850731.SI,仪器仪表,20230331,2026-08-01,tushare
920961.BJ,920961.BJ,创远信科,801890.SI,机械设备,801072.SI,通用设备,850731.SI,仪器仪表,20230410,2026-08-01,tushare
301197.SZ,301197,工大科雅,801890.SI,机械设备,801072.SI,通用设备,850731.SI,仪器仪表,20220725,2026-08-01,tushare
603100.SH,603100,川仪股份,801890.SI,机械设备,801072.SI,通用设备,850731.SI,仪器仪表,20210730,2026-08-01,tushare
002767.SZ,002767,先锋电子,801890.SI,机械设备,801072.SI,通用设备,850731.SI,仪器仪表,20210730,2026-08-01,tushare
688610.SH,688610,埃科光电,801890.SI,机械设备,801072.SI,通用设备,850731.SI,仪器仪表,20230630,2026-08-01,tushare
688627.SH,688627,精智达,801890.SI,机械设备,801072.SI,通用设备,850731.SI,仪器仪表,20230630,2026-08-01,tushare
688001.SH,688001,华兴源创,801890.SI,机械设备,801072.SI,通用设备,850731.SI,仪器仪表,20210730,2026-08-01,tushare
688600.SH,688600,皖仪科技,801890.SI,机械设备,801072.SI,通用设备,850731.SI,仪器仪表,20250926,2026-08-01,tushare
301528.SZ,301528,多浦乐,801890.SI,机械设备,801072.SI,通用设备,850731.SI,仪器仪表,20230821,2026-08-01,tushare
688056.SH,688056,莱伯泰科,801890.SI,机械设备,801072.SI,通用设备,850731.SI,仪器仪表,20200817,2026-08-01,tushare
688112.SH,688112,鼎阳科技,801890.SI,机械设备,801072.SI,通用设备,850731.SI,仪器仪表,20211119,2026-08-01,tushare
301006.SZ,301006,迈拓股份,801890.SI,机械设备,801072.SI,通用设备,850731.SI,仪器仪表,20210524,2026-08-01,tushare
300906.SZ,300906,日月明,801890.SI,机械设备,801072.SI,通用设备,850731.SI,仪器仪表,20210730,2026-08-01,tushare
688808.SH,688808,联讯仪器,801890.SI,机械设备,801072.SI,通用设备,850731.SI,仪器仪表,20260403,2026-08-01,tushare
301129.SZ,301129,瑞纳智能,801890.SI,机械设备,801072.SI,通用设备,850731.SI,仪器仪表,20211022,2026-08-01,tushare
920407.BJ,920407.BJ,驰诚股份,801890.SI,机械设备,801072.SI,通用设备,850731.SI,仪器仪表,20230213,2026-08-01,tushare
920651.BJ,920651.BJ,天罡股份,801890.SI,机械设备,801072.SI,通用设备,850731.SI,仪器仪表,20230710,2026-08-01,tushare
920879.BJ,920879.BJ,基康技术,801890.SI,机械设备,801072.SI,通用设备,850731.SI,仪器仪表,20221227,2026-08-01,tushare
920685.BJ,920685.BJ,新芝生物,801890.SI,机械设备,801072.SI,通用设备,850731.SI,仪器仪表,20220930,2026-08-01,tushare
920476.BJ,920476.BJ,海能技术,801890.SI,机械设备,801072.SI,通用设备,850731.SI,仪器仪表,20221026,2026-08-01,tushare
300466.SZ,300466,赛摩智能,801890.SI,机械设备,801072.SI,通用设备,850731.SI,仪器仪表,20240730,2026-08-01,tushare
920035.BJ,920035.BJ,精创电气,801890.SI,机械设备,801072.SI,通用设备,850731.SI,仪器仪表,20251126,2026-08-01,tushare
920363.BJ,920363.BJ,莱赛激光,801890.SI,机械设备,801072.SI,通用设备,850731.SI,仪器仪表,20231228,2026-08-01,tushare
000039.SZ,000039,中集集团,801890.SI,机械设备,801072.SI,通用设备,850751.SI,金属制品,19940408,2026-08-01,tushare
000777.SZ,000777,中核科技,801890.SI,机械设备,801072.SI,通用设备,850751.SI,金属制品,19970710,2026-08-01,tushare
600558.SH,600558,大西洋,801890.SI,机械设备,801072.SI,通用设备,850751.SI,金属制品,20010226,2026-08-01,tushare
600592.SH,600592,龙溪股份,801890.SI,机械设备,801072.SI,通用设备,850751.SI,金属制品,20020805,2026-08-01,tushare
301377.SZ,301377,鼎泰高科,801890.SI,机械设备,801072.SI,通用设备,850751.SI,金属制品,20221104,2026-08-01,tushare
600992.SH,600992,贵绳股份,801890.SI,机械设备,801072.SI,通用设备,850751.SI,金属制品,20040511,2026-08-01,tushare
002026.SZ,002026,山东威达,801890.SI,机械设备,801072.SI,通用设备,850751.SI,金属制品,20040726,2026-08-01,tushare
002164.SZ,002164,宁波东力,801890.SI,机械设备,801072.SI,通用设备,850751.SI,金属制品,20070822,2026-08-01,tushare
601002.SH,601002,晋亿实业,801890.SI,机械设备,801072.SI,通用设备,850751.SI,金属制品,20070125,2026-08-01,tushare
002342.SZ,002342,巨力索具,801890.SI,机械设备,801072.SI,通用设备,850751.SI,金属制品,20100106,2026-08-01,tushare
301137.SZ,301137,哈焊华通,801890.SI,机械设备,801072.SI,通用设备,850751.SI,金属制品,20220304,2026-08-01,tushare
002514.SZ,002514,*ST宝馨,801890.SI,机械设备,801072.SI,通用设备,850751.SI,金属制品,20101122,2026-08-01,tushare
002347.SZ,002347,泰尔股份,801890.SI,机械设备,801072.SI,通用设备,850751.SI,金属制品,20100112,2026-08-01,tushare
002438.SZ,002438,江苏神通,801890.SI,机械设备,801072.SI,通用设备,850751.SI,金属制品,20100601,2026-08-01,tushare
601177.SH,601177,杭齿前进,801890.SI,机械设备,801072.SI,通用设备,850751.SI,金属制品,20100917,2026-08-01,tushare
002633.SZ,002633,申科股份,801890.SI,机械设备,801072.SI,通用设备,850751.SI,金属制品,20111111,2026-08-01,tushare
300260.SZ,300260,新莱应材,801890.SI,机械设备,801072.SI,通用设备,850751.SI,金属制品,20110823,2026-08-01,tushare
300228.SZ,300228,富瑞特装,801890.SI,机械设备,801072.SI,通用设备,850751.SI,金属制品,20110530,2026-08-01,tushare
603308.SH,603308,应流股份,801890.SI,机械设备,801072.SI,通用设备,850751.SI,金属制品,20140108,2026-08-01,tushare
301268.SZ,301268,铭利达,801890.SI,机械设备,801072.SI,通用设备,850751.SI,金属制品,20220318,2026-08-01,tushare
301151.SZ,301151,冠龙节能,801890.SI,机械设备,801072.SI,通用设备,850751.SI,金属制品,20220318,2026-08-01,tushare
603969.SH,603969,银龙股份,801890.SI,机械设备,801072.SI,通用设备,850751.SI,金属制品,20150116,2026-08-01,tushare
300421.SZ,300421,力星股份,801890.SI,机械设备,801072.SI,通用设备,850751.SI,金属制品,20150115,2026-08-01,tushare
300488.SZ,300488,恒锋工具,801890.SI,机械设备,801072.SI,通用设备,850751.SI,金属制品,20150618,2026-08-01,tushare
301255.SZ,301255,通力科技,801890.SI,机械设备,801072.SI,通用设备,850751.SI,金属制品,20221209,2026-08-01,tushare
603667.SH,603667,五洲新春,801890.SI,机械设备,801072.SI,通用设备,850751.SI,金属制品,20161017,2026-08-01,tushare
603699.SH,603699,纽威股份,801890.SI,机械设备,801072.SI,通用设备,850751.SI,金属制品,20140108,2026-08-01,tushare
002795.SZ,002795,永和智控,801890.SI,机械设备,801072.SI,通用设备,850751.SI,金属制品,20190724,2026-08-01,tushare
002877.SZ,002877,智能自控,801890.SI,机械设备,801072.SI,通用设备,850751.SI,金属制品,20170522,2026-08-01,tushare
300402.SZ,300402,宝色股份,801890.SI,机械设备,801072.SI,通用设备,850751.SI,金属制品,20170629,2026-08-01,tushare
002871.SZ,002871,伟隆股份,801890.SI,机械设备,801072.SI,通用设备,850751.SI,金属制品,20170504,2026-08-01,tushare
301368.SZ,301368,丰立智能,801890.SI,机械设备,801072.SI,通用设备,850751.SI,金属制品,20221125,2026-08-01,tushare
002843.SZ,002843,泰嘉股份,801890.SI,机械设备,801072.SI,通用设备,850751.SI,金属制品,20170105,2026-08-01,tushare
300780.SZ,300780,德恩精工,801890.SI,机械设备,801072.SI,通用设备,850751.SI,金属制品,20190520,2026-08-01,tushare
603915.SH,603915,国茂股份,801890.SI,机械设备,801072.SI,通用设备,850751.SI,金属制品,20190529,2026-08-01,tushare
688308.SH,688308,欧科亿,801890.SI,机械设备,801072.SI,通用设备,850751.SI,金属制品,20201201,2026-08-01,tushare
688379.SH,688379,华光新材,801890.SI,机械设备,801072.SI,通用设备,850751.SI,金属制品,20200804,2026-08-01,tushare
605100.SH,605100,华丰股份,801890.SI,机械设备,801072.SI,通用设备,850751.SI,金属制品,20200722,2026-08-01,tushare
920082.BJ,920082.BJ,方正阀门,801890.SI,机械设备,801072.SI,通用设备,850751.SI,金属制品,20241224,2026-08-01,tushare
603278.SH,603278,大业股份,801890.SI,机械设备,801072.SI,通用设备,850751.SI,金属制品,20171108,2026-08-01,tushare
001379.SZ,001379,腾达科技,801890.SI,机械设备,801072.SI,通用设备,850751.SI,金属制品,20231229,2026-08-01,tushare
600860.SH,600860,京城股份,801890.SI,机械设备,801072.SI,通用设备,850751.SI,金属制品,20180713,2026-08-01,tushare
920679.BJ,920679.BJ,前进科技,801890.SI,机械设备,801072.SI,通用设备,850751.SI,金属制品,20231120,2026-08-01,tushare
002931.SZ,002931,锋龙股份,801890.SI,机械设备,801072.SI,通用设备,850751.SI,金属制品,20180403,2026-08-01,tushare
300985.SZ,300985,致远新能,801890.SI,机械设备,801072.SI,通用设备,850751.SI,金属制品,20210415,2026-08-01,tushare
002445.SZ,002445,中南文化,801890.SI,机械设备,801072.SI,通用设备,850751.SI,金属制品,20220729,2026-08-01,tushare
300943.SZ,300943,春晖智控,801890.SI,机械设备,801072.SI,通用设备,850751.SI,金属制品,20210129,2026-08-01,tushare
300946.SZ,300946,恒而达,801890.SI,机械设备,801072.SI,通用设备,850751.SI,金属制品,20210129,2026-08-01,tushare
688059.SH,688059,华锐精密,801890.SI,机械设备,801072.SI,通用设备,850751.SI,金属制品,20210125,2026-08-01,tushare
688355.SH,688355,明志科技,801890.SI,机械设备,801072.SI,通用设备,850751.SI,金属制品,20210426,2026-08-01,tushare
300885.SZ,300885,海昌新材,801890.SI,机械设备,801072.SI,通用设备,850751.SI,金属制品,20200901,2026-08-01,tushare
300817.SZ,300817,双飞集团,801890.SI,机械设备,801072.SI,通用设备,850751.SI,金属制品,20200122,2026-08-01,tushare
920260.BJ,920260.BJ,中寰股份,801890.SI,机械设备,801072.SI,通用设备,850751.SI,金属制品,20211115,2026-08-01,tushare
300838.SZ,300838,浙江力诺,801890.SI,机械设备,801072.SI,通用设备,850751.SI,金属制品,20200525,2026-08-01,tushare
603028.SH,603028,赛福天,801890.SI,机械设备,801072.SI,通用设备,850751.SI,金属制品,20160331,2026-08-01,tushare
920510.BJ,920510.BJ,丰光精密,801890.SI,机械设备,801072.SI,通用设备,850751.SI,金属制品,20230410,2026-08-01,tushare
920720.BJ,920720.BJ,吉冈精密,801890.SI,机械设备,801072.SI,通用设备,850751.SI,金属制品,20230410,2026-08-01,tushare
920223.BJ,920223.BJ,荣亿精密,801890.SI,机械设备,801072.SI,通用设备,850751.SI,金属制品,20230410,2026-08-01,tushare
688257.SH,688257,新锐股份,801890.SI,机械设备,801072.SI,通用设备,850751.SI,金属制品,20211015,2026-08-01,tushare
002132.SZ,002132,恒星科技,801890.SI,机械设备,801072.SI,通用设备,850751.SI,金属制品,20070427,2026-08-01,tushare
603400.SH,603400,华之杰,801890.SI,机械设备,801072.SI,通用设备,850751.SI,金属制品,20250530,2026-08-01,tushare
600114.SH,600114,东睦股份,801890.SI,机械设备,801072.SI,通用设备,850751.SI,金属制品,20210730,2026-08-01,tushare
301261.SZ,301261,恒工精密,801890.SI,机械设备,801072.SI,通用设备,850751.SI,金属制品,20230630,2026-08-01,tushare
002131.SZ,002131,利欧股份,801890.SI,机械设备,801072.SI,通用设备,850751.SI,金属制品,20230704,2026-08-01,tushare
301309.SZ,301309,万得凯,801890.SI,机械设备,801072.SI,通用设备,850751.SI,金属制品,20220902,2026-08-01,tushare
603270.SH,603270,金帝股份,801890.SI,机械设备,801072.SI,通用设备,850751.SI,金属制品,20230821,2026-08-01,tushare
002896.SZ,002896,中大力德,801890.SI,机械设备,801072.SI,通用设备,850751.SI,金属制品,20170828,2026-08-01,tushare
920943.BJ,920943.BJ,优机股份,801890.SI,机械设备,801072.SI,通用设备,850751.SI,金属制品,20220622,2026-08-01,tushare
300828.SZ,300828,锐新科技,801890.SI,机械设备,801072.SI,通用设备,850751.SI,金属制品,20210730,2026-08-01,tushare
301559.SZ,301559,中集环科,801890.SI,机械设备,801072.SI,通用设备,850751.SI,金属制品,20221121,2026-08-01,tushare
920693.BJ,920693.BJ,阿为特,801890.SI,机械设备,801072.SI,通用设备,850751.SI,金属制品,20231030,2026-08-01,tushare
920505.BJ,920505.BJ,九菱科技,801890.SI,机械设备,801072.SI,通用设备,850751.SI,金属制品,20221227,2026-08-01,tushare
920169.BJ,920169.BJ,七丰精工,801890.SI,机械设备,801072.SI,通用设备,850751.SI,金属制品,20220422,2026-08-01,tushare
001306.SZ,001306,夏厦精密,801890.SI,机械设备,801072.SI,通用设备,850751.SI,金属制品,20231027,2026-08-01,tushare
301596.SZ,301596,瑞迪智驱,801890.SI,机械设备,801072.SI,通用设备,850751.SI,金属制品,20240509,2026-08-01,tushare
300718.SZ,300718,长盛轴承,801890.SI,机械设备,801072.SI,通用设备,850751.SI,金属制品,20240730,2026-08-01,tushare
920002.BJ,920002.BJ,万达轴承,801890.SI,机械设备,801072.SI,通用设备,850751.SI,金属制品,20240530,2026-08-01,tushare
301548.SZ,301548,崇德科技,801890.SI,机械设备,801072.SI,通用设备,850751.SI,金属制品,20230908,2026-08-01,tushare
600421.SH,600421,退市华嵘(退市),801890.SI,机械设备,801072.SI,通用设备,850751.SI,金属制品,20180713,2026-08-01,tushare
000535.SZ,000535,*ST猴王(退市),801890.SI,机械设备,801072.SI,通用设备,850751.SI,金属制品,19931130,2026-08-01,tushare
301160.SZ,301160,翔楼新材,801890.SI,机械设备,801072.SI,通用设备,850751.SI,金属制品,20260701,2026-08-01,tushare
301307.SZ,301307,美利信,801890.SI,机械设备,801072.SI,通用设备,850751.SI,金属制品,20260701,2026-08-01,tushare
301677.SZ,301677,欣兴工具,801890.SI,机械设备,801072.SI,通用设备,850751.SI,金属制品,20260710,2026-08-01,tushare
301601.SZ,301601,惠通科技,801890.SI,机械设备,801074.SI,专用设备,850725.SI,能源及重型设备,20241227,2026-08-01,tushare
600320.SH,600320,振华重工,801890.SI,机械设备,801074.SI,专用设备,850725.SI,能源及重型设备,20001221,2026-08-01,tushare
000852.SZ,000852,石化机械,801890.SI,机械设备,801074.SI,专用设备,850725.SI,能源及重型设备,19981126,2026-08-01,tushare
600169.SH,600169,ST太重,801890.SI,机械设备,801074.SI,专用设备,850725.SI,能源及重型设备,19980904,2026-08-01,tushare
600560.SH,600560,金自天正,801890.SI,机械设备,801074.SI,专用设备,850725.SI,能源及重型设备,20020909,2026-08-01,tushare
601106.SH,601106,中国一重,801890.SI,机械设备,801074.SI,专用设备,850725.SI,能源及重型设备,20100125,2026-08-01,tushare
002523.SZ,002523,天桥起重,801890.SI,机械设备,801074.SI,专用设备,850725.SI,能源及重型设备,20101201,2026-08-01,tushare
002490.SZ,002490,山东墨龙,801890.SI,机械设备,801074.SI,专用设备,850725.SI,能源及重型设备,20101011,2026-08-01,tushare
300099.SZ,300099,尤洛卡,801890.SI,机械设备,801074.SI,专用设备,850725.SI,能源及重型设备,20100805,2026-08-01,tushare
300084.SZ,300084,海默科技,801890.SI,机械设备,801074.SI,专用设备,850725.SI,能源及重型设备,20100506,2026-08-01,tushare
002204.SZ,002204,大连重工,801890.SI,机械设备,801074.SI,专用设备,850725.SI,能源及重型设备,20080116,2026-08-01,tushare
002278.SZ,002278,神开股份,801890.SI,机械设备,801074.SI,专用设备,850725.SI,能源及重型设备,20090721,2026-08-01,tushare
002353.SZ,002353,杰瑞股份,801890.SI,机械设备,801074.SI,专用设备,850725.SI,能源及重型设备,20100118,2026-08-01,tushare
002526.SZ,002526,山东矿机,801890.SI,机械设备,801074.SI,专用设备,850725.SI,能源及重型设备,20101208,2026-08-01,tushare
002535.SZ,002535,林州重机,801890.SI,机械设备,801074.SI,专用设备,850725.SI,能源及重型设备,20101229,2026-08-01,tushare
002483.SZ,002483,润邦股份,801890.SI,机械设备,801074.SI,专用设备,850725.SI,能源及重型设备,20100917,2026-08-01,tushare
601798.SH,601798,蓝科高新,801890.SI,机械设备,801074.SI,专用设备,850725.SI,能源及重型设备,20110609,2026-08-01,tushare
920703.BJ,920703.BJ,广厦环能,801890.SI,机械设备,801074.SI,专用设备,850725.SI,能源及重型设备,20231205,2026-08-01,tushare
002667.SZ,002667,*ST威领,801890.SI,机械设备,801074.SI,专用设备,850725.SI,能源及重型设备,20120321,2026-08-01,tushare
601608.SH,601608,中信重工,801890.SI,机械设备,801074.SI,专用设备,850725.SI,能源及重型设备,20120626,2026-08-01,tushare
002691.SZ,002691,*ST冀凯,801890.SI,机械设备,801074.SI,专用设备,850725.SI,能源及重型设备,20120723,2026-08-01,tushare
603012.SH,603012,创力集团,801890.SI,机械设备,801074.SI,专用设备,850725.SI,能源及重型设备,20150316,2026-08-01,tushare
603036.SH,603036,如通股份,801890.SI,机械设备,801074.SI,专用设备,850725.SI,能源及重型设备,20161201,2026-08-01,tushare
001225.SZ,001225,和泰机电,801890.SI,机械设备,801074.SI,专用设备,850725.SI,能源及重型设备,20230213,2026-08-01,tushare
301158.SZ,301158,德石股份,801890.SI,机械设备,801074.SI,专用设备,850725.SI,能源及重型设备,20211231,2026-08-01,tushare
001360.SZ,001360,南矿集团,801890.SI,机械设备,801074.SI,专用设备,850725.SI,能源及重型设备,20230327,2026-08-01,tushare
603135.SH,603135,中重科技,801890.SI,机械设备,801074.SI,专用设备,850725.SI,能源及重型设备,20230327,2026-08-01,tushare
001332.SZ,001332,锡装股份,801890.SI,机械设备,801074.SI,专用设备,850725.SI,能源及重型设备,20220909,2026-08-01,tushare
300865.SZ,300865,大宏立,801890.SI,机械设备,801074.SI,专用设备,850725.SI,能源及重型设备,20200804,2026-08-01,tushare
688377.SH,688377,迪威尔,801890.SI,机械设备,801074.SI,专用设备,850725.SI,能源及重型设备,20200618,2026-08-01,tushare
600262.SH,600262,北方股份,801890.SI,机械设备,801074.SI,专用设备,850725.SI,能源及重型设备,20180713,2026-08-01,tushare
688633.SH,688633,星球石墨,801890.SI,机械设备,801074.SI,专用设备,850725.SI,能源及重型设备,20210312,2026-08-01,tushare
601399.SH,601399,国机重装,801890.SI,机械设备,801074.SI,专用设备,850725.SI,能源及重型设备,20210322,2026-08-01,tushare
603800.SH,603800,洪田股份,801890.SI,机械设备,801074.SI,专用设备,850725.SI,能源及重型设备,20151210,2026-08-01,tushare
688121.SH,688121,*ST卓然,801890.SI,机械设备,801074.SI,专用设备,850725.SI,能源及重型设备,20210820,2026-08-01,tushare
603169.SH,603169,兰石重装,801890.SI,机械设备,801074.SI,专用设备,850725.SI,能源及重型设备,20140127,2026-08-01,tushare
600582.SH,600582,天地科技,801890.SI,机械设备,801074.SI,专用设备,850725.SI,能源及重型设备,20020508,2026-08-01,tushare
300480.SZ,300480,光力科技,801890.SI,机械设备,801074.SI,专用设备,850725.SI,能源及重型设备,20150119,2026-08-01,tushare
601717.SH,601717,中创智领,801890.SI,机械设备,801074.SI,专用设备,850725.SI,能源及重型设备,20190724,2026-08-01,tushare
300095.SZ,300095,华伍股份,801890.SI,机械设备,801074.SI,专用设备,850725.SI,能源及重型设备,20220729,2026-08-01,tushare
001288.SZ,001288,运机集团,801890.SI,机械设备,801074.SI,专用设备,850725.SI,能源及重型设备,20211015,2026-08-01,tushare
920158.BJ,920158.BJ,长江能科,801890.SI,机械设备,801074.SI,专用设备,850725.SI,能源及重型设备,20250925,2026-08-01,tushare
300950.SZ,300950,德固特,801890.SI,机械设备,801074.SI,专用设备,850725.SI,能源及重型设备,20210730,2026-08-01,tushare
603173.SH,603173,福斯达,801890.SI,机械设备,801074.SI,专用设备,850725.SI,能源及重型设备,20230704,2026-08-01,tushare
603698.SH,603698,航天工程,801890.SI,机械设备,801074.SI,专用设备,850725.SI,能源及重型设备,20210730,2026-08-01,tushare
603966.SH,603966,法兰泰克,801890.SI,机械设备,801074.SI,专用设备,850725.SI,能源及重型设备,20170116,2026-08-01,tushare
300837.SZ,300837,浙矿股份,801890.SI,机械设备,801074.SI,专用设备,850725.SI,能源及重型设备,20200525,2026-08-01,tushare
002730.SZ,002730,电光科技,801890.SI,机械设备,801074.SI,专用设备,850725.SI,能源及重型设备,20140127,2026-08-01,tushare
001277.SZ,001277,速达股份,801890.SI,机械设备,801074.SI,专用设备,850725.SI,能源及重型设备,20240830,2026-08-01,tushare
920781.BJ,920781.BJ,瑞奇智造,801890.SI,机械设备,801074.SI,专用设备,850725.SI,能源及重型设备,20221227,2026-08-01,tushare
603325.SH,603325,博隆技术,801890.SI,机械设备,801074.SI,专用设备,850725.SI,能源及重型设备,20231222,2026-08-01,tushare
603391.SH,603391,力聚热能,801890.SI,机械设备,801074.SI,专用设备,850725.SI,能源及重型设备,20240712,2026-08-01,tushare
300092.SZ,300092,科新机电,801890.SI,机械设备,801074.SI,专用设备,850725.SI,能源及重型设备,20240730,2026-08-01,tushare
301063.SZ,301063,海锅股份,801890.SI,机械设备,801074.SI,专用设备,850725.SI,能源及重型设备,20240730,2026-08-01,tushare
600980.SH,600980,北矿科技,801890.SI,机械设备,801074.SI,专用设备,850725.SI,能源及重型设备,20240730,2026-08-01,tushare
601369.SH,601369,陕鼓动力,801890.SI,机械设备,801074.SI,专用设备,850725.SI,能源及重型设备,20240730,2026-08-01,tushare
688420.SH,688420,美腾科技,801890.SI,机械设备,801074.SI,专用设备,850725.SI,能源及重型设备,20240730,2026-08-01,tushare
920931.BJ,920931.BJ,无锡鼎邦,801890.SI,机械设备,801074.SI,专用设备,850725.SI,能源及重型设备,20240411,2026-08-01,tushare
601268.SH,601268,*ST二重(退市),801890.SI,机械设备,801074.SI,专用设备,850725.SI,能源及重型设备,20100118,2026-08-01,tushare
920126.BJ,920126.BJ,永大股份,801890.SI,机械设备,801074.SI,专用设备,850725.SI,能源及重型设备,20260605,2026-08-01,tushare
600397.SH,600397,江钨装备,801890.SI,机械设备,801074.SI,专用设备,850725.SI,能源及重型设备,20260701,2026-08-01,tushare
600835.SH,600835,上海机电,801890.SI,机械设备,801074.SI,专用设备,850728.SI,楼宇设备,19930806,2026-08-01,tushare
600894.SH,600894,广日股份,801890.SI,机械设备,801074.SI,专用设备,850728.SI,楼宇设备,19960328,2026-08-01,tushare
002689.SZ,002689,ST远智,801890.SI,机械设备,801074.SI,专用设备,850728.SI,楼宇设备,20120709,2026-08-01,tushare
002774.SZ,002774,快意电梯,801890.SI,机械设备,801074.SI,专用设备,850728.SI,楼宇设备,20170310,2026-08-01,tushare
603488.SH,603488,展鹏科技,801890.SI,机械设备,801074.SI,专用设备,850728.SI,楼宇设备,20170504,2026-08-01,tushare
603321.SH,603321,梅轮电梯,801890.SI,机械设备,801074.SI,专用设备,850728.SI,楼宇设备,20170907,2026-08-01,tushare
300669.SZ,300669,沪宁股份,801890.SI,机械设备,801074.SI,专用设备,850728.SI,楼宇设备,20170615,2026-08-01,tushare
002960.SZ,002960,青鸟智控,801890.SI,机械设备,801074.SI,专用设备,850728.SI,楼宇设备,20190724,2026-08-01,tushare
605286.SH,605286,同力天启,801890.SI,机械设备,801074.SI,专用设备,850728.SI,楼宇设备,20210305,2026-08-01,tushare
300931.SZ,300931,通用电梯,801890.SI,机械设备,801074.SI,专用设备,850728.SI,楼宇设备,20210108,2026-08-01,tushare
301056.SZ,301056,森赫股份,801890.SI,机械设备,801074.SI,专用设备,850728.SI,楼宇设备,20210820,2026-08-01,tushare
002367.SZ,002367,康力电梯,801890.SI,机械设备,801074.SI,专用设备,850728.SI,楼宇设备,20100222,2026-08-01,tushare
603356.SH,603356,华菱精工,801890.SI,机械设备,801074.SI,专用设备,850728.SI,楼宇设备,20180108,2026-08-01,tushare
920395.BJ,920395.BJ,朗鸿科技,801890.SI,机械设备,801074.SI,专用设备,850728.SI,楼宇设备,20220829,2026-08-01,tushare
002527.SZ,002527,新时达,801890.SI,机械设备,801074.SI,专用设备,850728.SI,楼宇设备,20240730,2026-08-01,tushare
002509.SZ,002509,天茂退(退市),801890.SI,机械设备,801074.SI,专用设备,850728.SI,楼宇设备,20101110,2026-08-01,tushare
600843.SH,600843,上工申贝,801890.SI,机械设备,801074.SI,专用设备,850721.SI,纺织服装设备,19940311,2026-08-01,tushare
600232.SH,600232,金鹰股份,801890.SI,机械设备,801074.SI,专用设备,850721.SI,纺织服装设备,20000424,2026-08-01,tushare
600302.SH,600302,ST标准,801890.SI,机械设备,801074.SI,专用设备,850721.SI,纺织服装设备,20001213,2026-08-01,tushare
002021.SZ,002021,中捷资源,801890.SI,机械设备,801074.SI,专用设备,850721.SI,纺织服装设备,20040714,2026-08-01,tushare
600545.SH,600545,卓郎智能,801890.SI,机械设备,801074.SI,专用设备,850721.SI,纺织服装设备,20031128,2026-08-01,tushare
300307.SZ,300307,慈星股份,801890.SI,机械设备,801074.SI,专用设备,850721.SI,纺织服装设备,20120320,2026-08-01,tushare
003036.SZ,003036,泰坦股份,801890.SI,机械设备,801074.SI,专用设备,850721.SI,纺织服装设备,20210128,2026-08-01,tushare
688789.SH,688789,宏华数科,801890.SI,机械设备,801074.SI,专用设备,850721.SI,纺织服装设备,20210630,2026-08-01,tushare
603095.SH,603095,越剑智能,801890.SI,机械设备,801074.SI,专用设备,850721.SI,纺织服装设备,20200402,2026-08-01,tushare
301053.SZ,301053,远信工业,801890.SI,机械设备,801074.SI,专用设备,850721.SI,纺织服装设备,20210820,2026-08-01,tushare
603337.SH,603337,杰克科技,801890.SI,机械设备,801074.SI,专用设备,850721.SI,纺织服装设备,20210730,2026-08-01,tushare
002722.SZ,002722,物产金轮,801890.SI,机械设备,801074.SI,专用设备,850721.SI,纺织服装设备,20240730,2026-08-01,tushare
300879.SZ,300879,大叶股份,801890.SI,机械设备,801074.SI,专用设备,850723.SI,农用机械,20220729,2026-08-01,tushare
601038.SH,601038,一拖股份,801890.SI,机械设备,801074.SI,专用设备,850723.SI,农用机械,20120727,2026-08-01,tushare
603789.SH,603789,ST星农,801890.SI,机械设备,801074.SI,专用设备,850723.SI,农用机械,20150113,2026-08-01,tushare
002890.SZ,002890,弘宇股份,801890.SI,机械设备,801074.SI,专用设备,850723.SI,农用机械,20170726,2026-08-01,tushare
603029.SH,603029,天鹅股份,801890.SI,机械设备,801074.SI,专用设备,850723.SI,农用机械,20220729,2026-08-01,tushare
300159.SZ,300159,新研股份,801890.SI,机械设备,801074.SI,专用设备,850723.SI,农用机械,20220729,2026-08-01,tushare
301533.SZ,301533,威马农机,801890.SI,机械设备,801074.SI,专用设备,850723.SI,农用机械,20230731,2026-08-01,tushare
301260.SZ,301260,格力博,801890.SI,机械设备,801074.SI,专用设备,850723.SI,农用机械,20230120,2026-08-01,tushare
920895.BJ,920895.BJ,花溪科技,801890.SI,机械设备,801074.SI,专用设备,850723.SI,农用机械,20230407,2026-08-01,tushare
920608.BJ,920608.BJ,丰安股份,801890.SI,机械设备,801074.SI,专用设备,850723.SI,农用机械,20221214,2026-08-01,tushare
002209.SZ,002209,达意隆,801890.SI,机械设备,801074.SI,专用设备,850726.SI,印刷包装机械,20080129,2026-08-01,tushare
300195.SZ,300195,长荣股份,801890.SI,机械设备,801074.SI,专用设备,850726.SI,印刷包装机械,20110321,2026-08-01,tushare
301105.SZ,301105,鸿铭股份,801890.SI,机械设备,801074.SI,专用设备,850726.SI,印刷包装机械,20221223,2026-08-01,tushare
603901.SH,603901,永创智能,801890.SI,机械设备,801074.SI,专用设备,850726.SI,印刷包装机械,20150526,2026-08-01,tushare
300509.SZ,300509,新美星,801890.SI,机械设备,801074.SI,专用设备,850726.SI,印刷包装机械,20160418,2026-08-01,tushare
300512.SZ,300512,中亚股份,801890.SI,机械设备,801074.SI,专用设备,850726.SI,印刷包装机械,20160509,2026-08-01,tushare
300521.SZ,300521,爱司凯,801890.SI,机械设备,801074.SI,专用设备,850726.SI,印刷包装机械,20160624,2026-08-01,tushare
002611.SZ,002611,东方精工,801890.SI,机械设备,801074.SI,专用设备,850726.SI,印刷包装机械,20180713,2026-08-01,tushare
001256.SZ,001256,炜冈科技,801890.SI,机械设备,801074.SI,专用设备,850726.SI,印刷包装机械,20221121,2026-08-01,tushare
920553.BJ,920553.BJ,凯腾精工,801890.SI,机械设备,801074.SI,专用设备,850726.SI,印刷包装机械,20230410,2026-08-01,tushare
301138.SZ,301138,华研精机,801890.SI,机械设备,801074.SI,专用设备,850726.SI,印刷包装机械,20220729,2026-08-01,tushare
920810.BJ,920810.BJ,春光智能,801890.SI,机械设备,801074.SI,专用设备,850726.SI,印刷包装机械,20221214,2026-08-01,tushare
000856.SZ,000856,冀东装备,801890.SI,机械设备,801074.SI,专用设备,850727.SI,其他专用设备,19980813,2026-08-01,tushare
600501.SH,600501,航天晨光,801890.SI,机械设备,801074.SI,专用设备,850727.SI,其他专用设备,20010615,2026-08-01,tushare
600579.SH,600579,中化装备,801890.SI,机械设备,801074.SI,专用设备,850727.SI,其他专用设备,20020809,2026-08-01,tushare
600499.SH,600499,科达制造,801890.SI,机械设备,801074.SI,专用设备,850727.SI,其他专用设备,20021010,2026-08-01,tushare
002009.SZ,002009,天奇股份,801890.SI,机械设备,801074.SI,专用设备,850727.SI,其他专用设备,20040624,2026-08-01,tushare
002073.SZ,002073,软控股份,801890.SI,机械设备,801074.SI,专用设备,850727.SI,其他专用设备,20061018,2026-08-01,tushare
688162.SH,688162,巨一科技,801890.SI,机械设备,801074.SI,专用设备,850727.SI,其他专用设备,20220729,2026-08-01,tushare
300004.SZ,300004,南风股份,801890.SI,机械设备,801074.SI,专用设备,850727.SI,其他专用设备,20091022,2026-08-01,tushare
002337.SZ,002337,赛象科技,801890.SI,机械设备,801074.SI,专用设备,850727.SI,其他专用设备,20091231,2026-08-01,tushare
300103.SZ,300103,达刚控股,801890.SI,机械设备,801074.SI,专用设备,850727.SI,其他专用设备,20100812,2026-08-01,tushare
002529.SZ,002529,海源复材,801890.SI,机械设备,801074.SI,专用设备,850727.SI,其他专用设备,20101215,2026-08-01,tushare
300281.SZ,300281,金明精机,801890.SI,机械设备,801074.SI,专用设备,850727.SI,其他专用设备,20111219,2026-08-01,tushare
300293.SZ,300293,蓝英装备,801890.SI,机械设备,801074.SI,专用设备,850727.SI,其他专用设备,20120228,2026-08-01,tushare
002690.SZ,002690,美亚光电,801890.SI,机械设备,801074.SI,专用设备,850727.SI,其他专用设备,20120720,2026-08-01,tushare
300415.SZ,300415,伊之密,801890.SI,机械设备,801074.SI,专用设备,850727.SI,其他专用设备,20150115,2026-08-01,tushare
300472.SZ,300472,*ST新元,801890.SI,机械设备,801074.SI,专用设备,850727.SI,其他专用设备,20150115,2026-08-01,tushare
002816.SZ,002816,*ST和科,801890.SI,机械设备,801074.SI,专用设备,850727.SI,其他专用设备,20161017,2026-08-01,tushare
002837.SZ,002837,英维克,801890.SI,机械设备,801074.SI,专用设备,850727.SI,其他专用设备,20161219,2026-08-01,tushare
603159.SH,603159,上海亚虹,801890.SI,机械设备,801074.SI,专用设备,850727.SI,其他专用设备,20160804,2026-08-01,tushare
300382.SZ,300382,斯莱克,801890.SI,机械设备,801074.SI,专用设备,850727.SI,其他专用设备,20140122,2026-08-01,tushare
603289.SH,603289,泰瑞机器,801890.SI,机械设备,801074.SI,专用设备,850727.SI,其他专用设备,20171030,2026-08-01,tushare
300549.SZ,300549,优德精密,801890.SI,机械设备,801074.SI,专用设备,850727.SI,其他专用设备,20170629,2026-08-01,tushare
301200.SZ,301200,大族数控,801890.SI,机械设备,801074.SI,专用设备,850727.SI,其他专用设备,20220128,2026-08-01,tushare
300540.SZ,300540,蜀道装备,801890.SI,机械设备,801074.SI,专用设备,850727.SI,其他专用设备,20170629,2026-08-01,tushare
002779.SZ,002779,中坚科技,801890.SI,机械设备,801074.SI,专用设备,850727.SI,其他专用设备,20170629,2026-08-01,tushare
002786.SZ,002786,银宝山新,801890.SI,机械设备,801074.SI,专用设备,850727.SI,其他专用设备,20170629,2026-08-01,tushare
603011.SH,603011,合锻智能,801890.SI,机械设备,801074.SI,专用设备,850727.SI,其他专用设备,20170629,2026-08-01,tushare
600444.SH,600444,国机通用,801890.SI,机械设备,801074.SI,专用设备,850727.SI,其他专用设备,20170629,2026-08-01,tushare
300471.SZ,300471,厚普股份,801890.SI,机械设备,801074.SI,专用设备,850727.SI,其他专用设备,20150611,2026-08-01,tushare
002006.SZ,002006,精工科技,801890.SI,机械设备,801074.SI,专用设备,850727.SI,其他专用设备,20170629,2026-08-01,tushare
002031.SZ,002031,巨轮智能,801890.SI,机械设备,801074.SI,专用设备,850727.SI,其他专用设备,20170629,2026-08-01,tushare
300499.SZ,300499,高澜股份,801890.SI,机械设备,801074.SI,专用设备,850727.SI,其他专用设备,20160202,2026-08-01,tushare
300151.SZ,300151,昌红科技,801890.SI,机械设备,801074.SI,专用设备,850727.SI,其他专用设备,20170629,2026-08-01,tushare
600520.SH,600520,三佳科技,801890.SI,机械设备,801074.SI,专用设备,850727.SI,其他专用设备,20170629,2026-08-01,tushare
002595.SZ,002595,豪迈科技,801890.SI,机械设备,801074.SI,专用设备,850727.SI,其他专用设备,20170629,2026-08-01,tushare
603656.SH,603656,泰禾智能,801890.SI,机械设备,801074.SI,专用设备,850727.SI,其他专用设备,20170310,2026-08-01,tushare
603855.SH,603855,华荣股份,801890.SI,机械设备,801074.SI,专用设备,850727.SI,其他专用设备,20170504,2026-08-01,tushare
603076.SH,603076,乐惠国际,801890.SI,机械设备,801074.SI,专用设备,850727.SI,其他专用设备,20171108,2026-08-01,tushare
688128.SH,688128,中国电研,801890.SI,机械设备,801074.SI,专用设备,850727.SI,其他专用设备,20191023,2026-08-01,tushare
688022.SH,688022,ST瀚川,801890.SI,机械设备,801074.SI,专用设备,850727.SI,其他专用设备,20190711,2026-08-01,tushare
603956.SH,603956,威派格,801890.SI,机械设备,801074.SI,专用设备,850727.SI,其他专用设备,20190218,2026-08-01,tushare
300813.SZ,300813,泰林生物,801890.SI,机械设备,801074.SI,专用设备,850727.SI,其他专用设备,20200113,2026-08-01,tushare
001400.SZ,001400,江顺科技,801890.SI,机械设备,801074.SI,专用设备,850727.SI,其他专用设备,20250418,2026-08-01,tushare
603081.SH,603081,大丰实业,801890.SI,机械设备,801074.SI,专用设备,850727.SI,其他专用设备,20220812,2026-08-01,tushare
920284.BJ,920284.BJ,灵鸽科技,801890.SI,机械设备,801074.SI,专用设备,850727.SI,其他专用设备,20231219,2026-08-01,tushare
300823.SZ,300823,建科智能,801890.SI,机械设备,801074.SI,专用设备,850727.SI,其他专用设备,20200310,2026-08-01,tushare
688529.SH,688529,豪森智能,801890.SI,机械设备,801074.SI,专用设备,850727.SI,其他专用设备,20201026,2026-08-01,tushare
688596.SH,688596,正帆科技,801890.SI,机械设备,801074.SI,专用设备,850727.SI,其他专用设备,20200804,2026-08-01,tushare
301013.SZ,301013,利和兴,801890.SI,机械设备,801074.SI,专用设备,850727.SI,其他专用设备,20210609,2026-08-01,tushare
688071.SH,688071,华依科技,801890.SI,机械设备,801074.SI,专用设备,850727.SI,其他专用设备,20210712,2026-08-01,tushare
688328.SH,688328,深科达,801890.SI,机械设备,801074.SI,专用设备,850727.SI,其他专用设备,20210219,2026-08-01,tushare
688092.SH,688092,爱科科技,801890.SI,机械设备,801074.SI,专用设备,850727.SI,其他专用设备,20210305,2026-08-01,tushare
688630.SH,688630,芯碁微装,801890.SI,机械设备,801074.SI,专用设备,850727.SI,其他专用设备,20210319,2026-08-01,tushare
300971.SZ,300971,博亚精工,801890.SI,机械设备,801074.SI,专用设备,850727.SI,其他专用设备,20210329,2026-08-01,tushare
688383.SH,688383,新益昌,801890.SI,机械设备,801074.SI,专用设备,850727.SI,其他专用设备,20210415,2026-08-01,tushare
688113.SH,688113,联测科技,801890.SI,机械设备,801074.SI,专用设备,850727.SI,其他专用设备,20210421,2026-08-01,tushare
300902.SZ,300902,国安达,801890.SI,机械设备,801074.SI,专用设备,850727.SI,其他专用设备,20201016,2026-08-01,tushare
920475.BJ,920475.BJ,三友科技,801890.SI,机械设备,801074.SI,专用设备,850727.SI,其他专用设备,20200727,2026-08-01,tushare
300836.SZ,300836,佰奥智能,801890.SI,机械设备,801074.SI,专用设备,850727.SI,其他专用设备,20200525,2026-08-01,tushare
300412.SZ,300412,迦南科技,801890.SI,机械设备,801074.SI,专用设备,850727.SI,其他专用设备,20140120,2026-08-01,tushare
688312.SH,688312,燕麦科技,801890.SI,机械设备,801074.SI,专用设备,850727.SI,其他专用设备,20200525,2026-08-01,tushare
603895.SH,603895,天永智能,801890.SI,机械设备,801074.SI,专用设备,850727.SI,其他专用设备,20180122,2026-08-01,tushare
688400.SH,688400,凌云光,801890.SI,机械设备,801074.SI,专用设备,850727.SI,其他专用设备,20220708,2026-08-01,tushare
920856.BJ,920856.BJ,浩淼科技,801890.SI,机械设备,801074.SI,专用设备,850727.SI,其他专用设备,20230410,2026-08-01,tushare
300756.SZ,300756,金马游乐,801890.SI,机械设备,801074.SI,专用设备,850727.SI,其他专用设备,20220729,2026-08-01,tushare
301338.SZ,301338,凯格精机,801890.SI,机械设备,801074.SI,专用设备,850727.SI,其他专用设备,20220805,2026-08-01,tushare
300411.SZ,300411,金盾股份,801890.SI,机械设备,801074.SI,专用设备,850727.SI,其他专用设备,20140120,2026-08-01,tushare
002833.SZ,002833,弘亚数控,801890.SI,机械设备,801074.SI,专用设备,850727.SI,其他专用设备,20161212,2026-08-01,tushare
301128.SZ,301128,强瑞技术,801890.SI,机械设备,801074.SI,专用设备,850727.SI,其他专用设备,20211029,2026-08-01,tushare
688211.SH,688211,中科微至,801890.SI,机械设备,801074.SI,专用设备,850727.SI,其他专用设备,20210930,2026-08-01,tushare
301083.SZ,301083,百胜智能,801890.SI,机械设备,801074.SI,专用设备,850727.SI,其他专用设备,20211015,2026-08-01,tushare
920080.BJ,920080.BJ,奥美森,801890.SI,机械设备,801074.SI,专用设备,850727.SI,其他专用设备,20250925,2026-08-01,tushare
688813.SH,688813,泰金新能,801890.SI,机械设备,801074.SI,专用设备,850727.SI,其他专用设备,20260323,2026-08-01,tushare
920177.BJ,920177.BJ,恒道科技,801890.SI,机械设备,801074.SI,专用设备,850727.SI,其他专用设备,20260410,2026-08-01,tushare
688531.SH,688531,日联科技,801890.SI,机械设备,801074.SI,专用设备,850727.SI,其他专用设备,20230317,2026-08-01,tushare
605259.SH,605259,绿田机械,801890.SI,机械设备,801074.SI,专用设备,850727.SI,其他专用设备,20210730,2026-08-01,tushare
002757.SZ,002757,南兴股份,801890.SI,机械设备,801074.SI,专用设备,850727.SI,其他专用设备,20150126,2026-08-01,tushare
688700.SH,688700,东威科技,801890.SI,机械设备,801074.SI,专用设备,850727.SI,其他专用设备,20210531,2026-08-01,tushare
300833.SZ,300833,浩洋股份,801890.SI,机械设备,801074.SI,专用设备,850727.SI,其他专用设备,20200506,2026-08-01,tushare
300988.SZ,300988,津荣天宇,801890.SI,机械设备,801074.SI,专用设备,850727.SI,其他专用设备,20210730,2026-08-01,tushare
301392.SZ,301392,汇成真空,801890.SI,机械设备,801074.SI,专用设备,850727.SI,其他专用设备,20240517,2026-08-01,tushare
301598.SZ,301598,博科测试,801890.SI,机械设备,801074.SI,专用设备,850727.SI,其他专用设备,20241206,2026-08-01,tushare
001395.SZ,001395,亚联机械,801890.SI,机械设备,801074.SI,专用设备,850727.SI,其他专用设备,20250110,2026-08-01,tushare
920091.BJ,920091.BJ,大鹏工业,801890.SI,机械设备,801074.SI,专用设备,850727.SI,其他专用设备,20251106,2026-08-01,tushare
920026.BJ,920026.BJ,卓兆点胶,801890.SI,机械设备,801074.SI,专用设备,850727.SI,其他专用设备,20231030,2026-08-01,tushare
920717.BJ,920717.BJ,瑞星股份,801890.SI,机械设备,801074.SI,专用设备,850727.SI,其他专用设备,20230710,2026-08-01,tushare
688648.SH,688648,中邮科技,801890.SI,机械设备,801074.SI,专用设备,850727.SI,其他专用设备,20231027,2026-08-01,tushare
920455.BJ,920455.BJ,汇隆活塞,801890.SI,机械设备,801074.SI,专用设备,850727.SI,其他专用设备,20230710,2026-08-01,tushare
920855.BJ,920855.BJ,浙江大农,801890.SI,机械设备,801074.SI,专用设备,850727.SI,其他专用设备,20221227,2026-08-01,tushare
920061.BJ,920061.BJ,西磁科技,801890.SI,机械设备,801074.SI,专用设备,850727.SI,其他专用设备,20231221,2026-08-01,tushare
002530.SZ,002530,金财互联,801890.SI,机械设备,801074.SI,专用设备,850727.SI,其他专用设备,20240730,2026-08-01,tushare
920112.BJ,920112.BJ,巴兰仕,801890.SI,机械设备,801074.SI,专用设备,850727.SI,其他专用设备,20250821,2026-08-01,tushare
920156.BJ,920156.BJ,海昌智能,801890.SI,机械设备,801074.SI,专用设备,850727.SI,其他专用设备,20260422,2026-08-01,tushare
300216.SZ,300216,千山退(退市),801890.SI,机械设备,801074.SI,专用设备,850727.SI,其他专用设备,20110104,2026-08-01,tushare
600528.SH,600528,中铁工业,801890.SI,机械设备,801076.SI,轨交设备Ⅱ,850936.SI,轨交设备Ⅲ,20010528,2026-08-01,tushare
600495.SH,600495,晋西车轴,801890.SI,机械设备,801076.SI,轨交设备Ⅱ,850936.SI,轨交设备Ⅲ,20040525,2026-08-01,tushare
601766.SH,601766,中国中车,801890.SI,机械设备,801076.SI,轨交设备Ⅱ,850936.SI,轨交设备Ⅲ,20080728,2026-08-01,tushare
300011.SZ,300011,鼎汉技术,801890.SI,机械设备,801076.SI,轨交设备Ⅱ,850936.SI,轨交设备Ⅲ,20091012,2026-08-01,tushare
688459.SH,688459,哈铁科技,801890.SI,机械设备,801076.SI,轨交设备Ⅱ,850936.SI,轨交设备Ⅲ,20220916,2026-08-01,tushare
920541.BJ,920541.BJ,铁大科技,801890.SI,机械设备,801076.SI,轨交设备Ⅱ,850936.SI,轨交设备Ⅲ,20230224,2026-08-01,tushare
300351.SZ,300351,永贵电器,801890.SI,机械设备,801076.SI,轨交设备Ⅱ,850936.SI,轨交设备Ⅲ,20120912,2026-08-01,tushare
000008.SZ,000008,神州高铁,801890.SI,机械设备,801076.SI,轨交设备Ⅱ,850936.SI,轨交设备Ⅲ,20150701,2026-08-01,tushare
000927.SZ,000927,中国铁物,801890.SI,机械设备,801076.SI,轨交设备Ⅱ,850936.SI,轨交设备Ⅲ,20220325,2026-08-01,tushare
000925.SZ,000925,众合科技,801890.SI,机械设备,801076.SI,轨交设备Ⅱ,850936.SI,轨交设备Ⅲ,20111230,2026-08-01,tushare
603680.SH,603680,今创集团,801890.SI,机械设备,801076.SI,轨交设备Ⅱ,850936.SI,轨交设备Ⅲ,20170504,2026-08-01,tushare
688015.SH,688015,交控科技,801890.SI,机械设备,801076.SI,轨交设备Ⅱ,850936.SI,轨交设备Ⅲ,20190711,2026-08-01,tushare
688033.SH,688033,*ST天宜,801890.SI,机械设备,801076.SI,轨交设备Ⅱ,850936.SI,轨交设备Ⅲ,20190711,2026-08-01,tushare
688009.SH,688009,中国通号,801890.SI,机械设备,801076.SI,轨交设备Ⅱ,850936.SI,轨交设备Ⅲ,20190708,2026-08-01,tushare
002972.SZ,002972,科安达,801890.SI,机械设备,801076.SI,轨交设备Ⅱ,850936.SI,轨交设备Ⅲ,20191212,2026-08-01,tushare
300594.SZ,300594,ST朗进,801890.SI,机械设备,801076.SI,轨交设备Ⅱ,850936.SI,轨交设备Ⅲ,20190606,2026-08-01,tushare
688569.SH,688569,铁科轨道,801890.SI,机械设备,801076.SI,轨交设备Ⅱ,850936.SI,轨交设备Ⅲ,20200814,2026-08-01,tushare
300851.SZ,300851,交大思诺,801890.SI,机械设备,801076.SI,轨交设备Ⅱ,850936.SI,轨交设备Ⅲ,20200629,2026-08-01,tushare
688367.SH,688367,工大高科,801890.SI,机械设备,801076.SI,轨交设备Ⅱ,850936.SI,轨交设备Ⅲ,20210609,2026-08-01,tushare
605298.SH,605298,必得科技,801890.SI,机械设备,801076.SI,轨交设备Ⅱ,850936.SI,轨交设备Ⅲ,20210205,2026-08-01,tushare
300960.SZ,300960,通业科技,801890.SI,机械设备,801076.SI,轨交设备Ⅱ,850936.SI,轨交设备Ⅲ,20210329,2026-08-01,tushare
300923.SZ,300923,研奥股份,801890.SI,机械设备,801076.SI,轨交设备Ⅱ,850936.SI,轨交设备Ⅲ,20201214,2026-08-01,tushare
603500.SH,603500,祥和实业,801890.SI,机械设备,801076.SI,轨交设备Ⅱ,850936.SI,轨交设备Ⅲ,20170828,2026-08-01,tushare
001324.SZ,001324,长青科技,801890.SI,机械设备,801076.SI,轨交设备Ⅱ,850936.SI,轨交设备Ⅲ,20230504,2026-08-01,tushare
688187.SH,688187,时代电气,801890.SI,机械设备,801076.SI,轨交设备Ⅱ,850936.SI,轨交设备Ⅲ,20210820,2026-08-01,tushare
301048.SZ,301048,金鹰重工,801890.SI,机械设备,801076.SI,轨交设备Ⅱ,850936.SI,轨交设备Ⅲ,20210813,2026-08-01,tushare
688285.SH,688285,高铁电气,801890.SI,机械设备,801076.SI,轨交设备Ⅱ,850936.SI,轨交设备Ⅲ,20211015,2026-08-01,tushare
920027.BJ,920027.BJ,交大铁发,801890.SI,机械设备,801076.SI,轨交设备Ⅱ,850936.SI,轨交设备Ⅲ,20250527,2026-08-01,tushare
603111.SH,603111,康尼机电,801890.SI,机械设备,801076.SI,轨交设备Ⅱ,850936.SI,轨交设备Ⅲ,20140207,2026-08-01,tushare
301016.SZ,301016,雷尔伟,801890.SI,机械设备,801076.SI,轨交设备Ⅱ,850936.SI,轨交设备Ⅲ,20210615,2026-08-01,tushare
605001.SH,605001,威奥股份,801890.SI,机械设备,801076.SI,轨交设备Ⅱ,850936.SI,轨交设备Ⅲ,20200506,2026-08-01,tushare
688485.SH,688485,九州一轨,801890.SI,机械设备,801076.SI,轨交设备Ⅱ,850936.SI,轨交设备Ⅲ,20230106,2026-08-01,tushare
601299.SH,601299,中国北车(退市),801890.SI,机械设备,801076.SI,轨交设备Ⅱ,850936.SI,轨交设备Ⅲ,20091210,2026-08-01,tushare
000976.SZ,000976,*ST华铁(退市),801890.SI,机械设备,801076.SI,轨交设备Ⅱ,850936.SI,轨交设备Ⅲ,20170629,2026-08-01,tushare
600815.SH,600815,厦工股份,801890.SI,机械设备,801077.SI,工程机械,850771.SI,工程机械整机,19940128,2026-08-01,tushare
000425.SZ,000425,徐工机械,801890.SI,机械设备,801077.SI,工程机械,850771.SI,工程机械整机,19960828,2026-08-01,tushare
600761.SH,600761,安徽合力,801890.SI,机械设备,801077.SI,工程机械,850771.SI,工程机械整机,19961009,2026-08-01,tushare
000528.SZ,000528,柳工,801890.SI,机械设备,801077.SI,工程机械,850771.SI,工程机械整机,19931118,2026-08-01,tushare
000157.SZ,000157,中联重科,801890.SI,机械设备,801077.SI,工程机械,850771.SI,工程机械整机,20001012,2026-08-01,tushare
000680.SZ,000680,山推股份,801890.SI,机械设备,801077.SI,工程机械,850771.SI,工程机械整机,19970122,2026-08-01,tushare
600984.SH,600984,建设机械,801890.SI,机械设备,801077.SI,工程机械,850771.SI,工程机械整机,20040629,2026-08-01,tushare
600031.SH,600031,三一重工,801890.SI,机械设备,801077.SI,工程机械,850771.SI,工程机械整机,20030626,2026-08-01,tushare
920101.BJ,920101.BJ,志高机械,801890.SI,机械设备,801077.SI,工程机械,850771.SI,工程机械整机,20250805,2026-08-01,tushare
002097.SZ,002097,山河智能,801890.SI,机械设备,801077.SI,工程机械,850771.SI,工程机械整机,20061220,2026-08-01,tushare
920599.BJ,920599.BJ,同力股份,801890.SI,机械设备,801077.SI,工程机械,850771.SI,工程机械整机,20210222,2026-08-01,tushare
688425.SH,688425,铁建重工,801890.SI,机械设备,801077.SI,工程机械,850771.SI,工程机械整机,20210607,2026-08-01,tushare
603280.SH,603280,南方路机,801890.SI,机械设备,801077.SI,工程机械,850771.SI,工程机械整机,20221021,2026-08-01,tushare
920174.BJ,920174.BJ,五新智能,801890.SI,机械设备,801077.SI,工程机械,850771.SI,工程机械整机,20230410,2026-08-01,tushare
300201.SZ,300201,海伦哲,801890.SI,机械设备,801077.SI,工程机械,850771.SI,工程机械整机,20210730,2026-08-01,tushare
603338.SH,603338,浙江鼎力,801890.SI,机械设备,801077.SI,工程机械,850771.SI,工程机械整机,20210730,2026-08-01,tushare
605305.SH,605305,中际联合,801890.SI,机械设备,801077.SI,工程机械,850771.SI,工程机械整机,20210730,2026-08-01,tushare
603298.SH,603298,杭叉集团,801890.SI,机械设备,801077.SI,工程机械,850771.SI,工程机械整机,20161212,2026-08-01,tushare
603194.SH,603194,中力股份,801890.SI,机械设备,801077.SI,工程机械,850771.SI,工程机械整机,20241206,2026-08-01,tushare
603273.SH,603273,天元智能,801890.SI,机械设备,801077.SI,工程机械,850771.SI,工程机械整机,20231013,2026-08-01,tushare
002685.SZ,002685,华东重机,801890.SI,机械设备,801077.SI,工程机械,850771.SI,工程机械整机,20240730,2026-08-01,tushare
603611.SH,603611,诺力股份,801890.SI,机械设备,801077.SI,工程机械,850771.SI,工程机械整机,20240730,2026-08-01,tushare
920706.BJ,920706.BJ,铁拓机械,801890.SI,机械设备,801077.SI,工程机械,850771.SI,工程机械整机,20240312,2026-08-01,tushare
301161.SZ,301161,唯万密封,801890.SI,机械设备,801077.SI,工程机械,850772.SI,工程机械器件,20220826,2026-08-01,tushare
601100.SH,601100,恒立液压,801890.SI,机械设备,801077.SI,工程机械,850772.SI,工程机械器件,20111018,2026-08-01,tushare
001226.SZ,001226,拓山重工,801890.SI,机械设备,801077.SI,工程机械,850772.SI,工程机械器件,20220520,2026-08-01,tushare
301279.SZ,301279,金道科技,801890.SI,机械设备,801077.SI,工程机械,850772.SI,工程机械器件,20220325,2026-08-01,tushare
920245.BJ,920245.BJ,威博液压,801890.SI,机械设备,801077.SI,工程机械,850772.SI,工程机械器件,20211220,2026-08-01,tushare
605389.SH,605389,长龄液压,801890.SI,机械设备,801077.SI,工程机械,850772.SI,工程机械器件,20210305,2026-08-01,tushare
920839.BJ,920839.BJ,万通液压,801890.SI,机械设备,801077.SI,工程机械,850772.SI,工程机械器件,20201109,2026-08-01,tushare
001239.SZ,001239,永达股份,801890.SI,机械设备,801077.SI,工程机械,850772.SI,工程机械器件,20231201,2026-08-01,tushare
603638.SH,603638,艾迪精密,801890.SI,机械设备,801077.SI,工程机械,850772.SI,工程机械器件,20210730,2026-08-01,tushare
301079.SZ,301079,邵阳液压,801890.SI,机械设备,801077.SI,工程机械,850772.SI,工程机械器件,20210924,2026-08-01,tushare
301446.SZ,301446,福事特,801890.SI,机械设备,801077.SI,工程机械,850772.SI,工程机械器件,20230714,2026-08-01,tushare
920942.BJ,920942.BJ,恒立钻具,801890.SI,机械设备,801077.SI,工程机械,850772.SI,工程机械器件,20221206,2026-08-01,tushare
600813.SH,600813,ST鞍一工(退市),801890.SI,机械设备,801077.SI,工程机械,850772.SI,工程机械器件,19940114,2026-08-01,tushare
301112.SZ,301112,信邦智能,801890.SI,机械设备,801078.SI,自动化设备,850781.SI,机器人,20220602,2026-08-01,tushare
688290.SH,688290,景业智能,801890.SI,机械设备,801078.SI,自动化设备,850781.SI,机器人,20220415,2026-08-01,tushare
920579.BJ,920579.BJ,机科股份,801890.SI,机械设备,801078.SI,自动化设备,850781.SI,机器人,20231130,2026-08-01,tushare
688017.SH,688017,绿的谐波,801890.SI,机械设备,801078.SI,自动化设备,850781.SI,机器人,20200814,2026-08-01,tushare
600215.SH,600215,派斯林,801890.SI,机械设备,801078.SI,自动化设备,850781.SI,机器人,20220729,2026-08-01,tushare
002979.SZ,002979,雷赛智能,801890.SI,机械设备,801078.SI,自动化设备,850781.SI,机器人,20200325,2026-08-01,tushare
301199.SZ,301199,迈赫股份,801890.SI,机械设备,801078.SI,自动化设备,850781.SI,机器人,20211126,2026-08-01,tushare
688255.SH,688255,凯尔达,801890.SI,机械设备,801078.SI,自动化设备,850781.SI,机器人,20211015,2026-08-01,tushare
688090.SH,688090,瑞松科技,801890.SI,机械设备,801078.SI,自动化设备,850781.SI,机器人,20210730,2026-08-01,tushare
300276.SZ,300276,三丰智能,801890.SI,机械设备,801078.SI,自动化设备,850781.SI,机器人,20210730,2026-08-01,tushare
688218.SH,688218,江苏北人,801890.SI,机械设备,801078.SI,自动化设备,850781.SI,机器人,20210730,2026-08-01,tushare
603666.SH,603666,亿嘉和,801890.SI,机械设备,801078.SI,自动化设备,850781.SI,机器人,20210730,2026-08-01,tushare
300024.SZ,300024,机器人,801890.SI,机械设备,801078.SI,自动化设备,850781.SI,机器人,20210730,2026-08-01,tushare
688165.SH,688165,埃夫特-U,801890.SI,机械设备,801078.SI,自动化设备,850781.SI,机器人,20210730,2026-08-01,tushare
002747.SZ,002747,埃斯顿,801890.SI,机械设备,801078.SI,自动化设备,850781.SI,机器人,20210730,2026-08-01,tushare
300607.SZ,300607,拓斯达,801890.SI,机械设备,801078.SI,自动化设备,850781.SI,机器人,20210730,2026-08-01,tushare
603416.SH,603416,信捷电气,801890.SI,机械设备,801078.SI,自动化设备,850781.SI,机器人,20161212,2026-08-01,tushare
002698.SZ,002698,博实股份,801890.SI,机械设备,801078.SI,自动化设备,850781.SI,机器人,20210730,2026-08-01,tushare
920593.BJ,920593.BJ,鼎智科技,801890.SI,机械设备,801078.SI,自动化设备,850781.SI,机器人,20230407,2026-08-01,tushare
920578.BJ,920578.BJ,巨能股份,801890.SI,机械设备,801078.SI,自动化设备,850781.SI,机器人,20230427,2026-08-01,tushare
000584.SZ,000584,工智退(退市),801890.SI,机械设备,801078.SI,自动化设备,850781.SI,机器人,20210730,2026-08-01,tushare
002184.SZ,002184,海得控制,801890.SI,机械设备,801078.SI,自动化设备,850782.SI,工控设备,20071115,2026-08-01,tushare
300048.SZ,300048,合康新能,801890.SI,机械设备,801078.SI,自动化设备,850782.SI,工控设备,20100105,2026-08-01,tushare
002334.SZ,002334,英威腾,801890.SI,机械设备,801078.SI,自动化设备,850782.SI,工控设备,20091224,2026-08-01,tushare
300124.SZ,300124,汇川技术,801890.SI,机械设备,801078.SI,自动化设备,850782.SI,工控设备,20100908,2026-08-01,tushare
603015.SH,603015,弘讯科技,801890.SI,机械设备,801078.SI,自动化设备,850782.SI,工控设备,20150115,2026-08-01,tushare
603025.SH,603025,大豪科技,801890.SI,机械设备,801078.SI,自动化设备,850782.SI,工控设备,20150413,2026-08-01,tushare
001266.SZ,001266,宏英智能,801890.SI,机械设备,801078.SI,自动化设备,850782.SI,工控设备,20220211,2026-08-01,tushare
688320.SH,688320,禾川科技,801890.SI,机械设备,801078.SI,自动化设备,850782.SI,工控设备,20220415,2026-08-01,tushare
300484.SZ,300484,蓝海华腾,801890.SI,机械设备,801078.SI,自动化设备,850782.SI,工控设备,20160322,2026-08-01,tushare
301633.SZ,301633,港迪技术,801890.SI,机械设备,801078.SI,自动化设备,850782.SI,工控设备,20241101,2026-08-01,tushare
603583.SH,603583,捷昌驱动,801890.SI,机械设备,801078.SI,自动化设备,850782.SI,工控设备,20180831,2026-08-01,tushare
688698.SH,688698,伟创电气,801890.SI,机械设备,801078.SI,自动化设备,850782.SI,工控设备,20201214,2026-08-01,tushare
688395.SH,688395,正弦电气,801890.SI,机械设备,801078.SI,自动化设备,850782.SI,工控设备,20210415,2026-08-01,tushare
920885.BJ,920885.BJ,星辰科技,801890.SI,机械设备,801078.SI,自动化设备,850782.SI,工控设备,20210708,2026-08-01,tushare
920405.BJ,920405.BJ,海希通讯,801890.SI,机械设备,801078.SI,自动化设备,850782.SI,工控设备,20211105,2026-08-01,tushare
688777.SH,688777,中控技术,801890.SI,机械设备,801078.SI,自动化设备,850782.SI,工控设备,20201124,2026-08-01,tushare
920425.BJ,920425.BJ,乐创技术,801890.SI,机械设备,801078.SI,自动化设备,850782.SI,工控设备,20230410,2026-08-01,tushare
605288.SH,605288,凯迪股份,801890.SI,机械设备,801078.SI,自动化设备,850782.SI,工控设备,20200525,2026-08-01,tushare
300083.SZ,300083,创世纪,801890.SI,机械设备,801078.SI,自动化设备,850782.SI,工控设备,20110110,2026-08-01,tushare
301320.SZ,301320,豪江智能,801890.SI,机械设备,801078.SI,自动化设备,850782.SI,工控设备,20230526,2026-08-01,tushare
688570.SH,688570,天玛智控,801890.SI,机械设备,801078.SI,自动化设备,850782.SI,工控设备,20230526,2026-08-01,tushare
002975.SZ,002975,博杰股份,801890.SI,机械设备,801078.SI,自动化设备,850782.SI,工控设备,20210730,2026-08-01,tushare
920211.BJ,920211.BJ,新睿电子,801890.SI,机械设备,801078.SI,自动化设备,850782.SI,工控设备,20260527,2026-08-01,tushare
603203.SH,603203,快克智能,801890.SI,机械设备,801078.SI,自动化设备,850782.SI,工控设备,20210730,2026-08-01,tushare
603283.SH,603283,赛腾股份,801890.SI,机械设备,801078.SI,自动化设备,850782.SI,工控设备,20210730,2026-08-01,tushare
002957.SZ,002957,科瑞技术,801890.SI,机械设备,801078.SI,自动化设备,850782.SI,工控设备,20210730,2026-08-01,tushare
300278.SZ,300278,华昌达,801890.SI,机械设备,801078.SI,自动化设备,850782.SI,工控设备,20210730,2026-08-01,tushare
301418.SZ,301418,协昌科技,801890.SI,机械设备,801078.SI,自动化设备,850782.SI,工控设备,20230731,2026-08-01,tushare
301510.SZ,301510,固高科技,801890.SI,机械设备,801078.SI,自动化设备,850782.SI,工控设备,20230731,2026-08-01,tushare
603275.SH,603275,众辰科技,801890.SI,机械设备,801078.SI,自动化设备,850782.SI,工控设备,20230821,2026-08-01,tushare
688160.SH,688160,步科股份,801890.SI,机械设备,801078.SI,自动化设备,850782.SI,工控设备,20210730,2026-08-01,tushare
688170.SH,688170,德龙激光,801890.SI,机械设备,801078.SI,自动化设备,850783.SI,激光设备,20220415,2026-08-01,tushare
300227.SZ,300227,光韵达,801890.SI,机械设备,801078.SI,自动化设备,850783.SI,激光设备,20111010,2026-08-01,tushare
301021.SZ,301021,英诺激光,801890.SI,机械设备,801078.SI,自动化设备,850783.SI,激光设备,20210730,2026-08-01,tushare
300747.SZ,300747,锐科激光,801890.SI,机械设备,801078.SI,自动化设备,850783.SI,激光设备,20210730,2026-08-01,tushare
688025.SH,688025,杰普特,801890.SI,机械设备,801078.SI,自动化设备,850783.SI,激光设备,20210730,2026-08-01,tushare
000988.SZ,000988,华工科技,801890.SI,机械设备,801078.SI,自动化设备,850783.SI,激光设备,20210730,2026-08-01,tushare
688518.SH,688518,联赢激光,801890.SI,机械设备,801078.SI,自动化设备,850783.SI,激光设备,20210730,2026-08-01,tushare
688646.SH,688646,ST逸飞,801890.SI,机械设备,801078.SI,自动化设备,850783.SI,激光设备,20230714,2026-08-01,tushare
688559.SH,688559,海目星,801890.SI,机械设备,801078.SI,自动化设备,850783.SI,激光设备,20210730,2026-08-01,tushare
002008.SZ,002008,大族激光,801890.SI,机械设备,801078.SI,自动化设备,850783.SI,激光设备,20210730,2026-08-01,tushare
688455.SH,688455,科捷智能,801890.SI,机械设备,801078.SI,自动化设备,850784.SI,其他自动化设备,20220826,2026-08-01,tushare
688306.SH,688306,均普智能,801890.SI,机械设备,801078.SI,自动化设备,850784.SI,其他自动化设备,20220304,2026-08-01,tushare
001223.SZ,001223,欧克科技,801890.SI,机械设备,801078.SI,自动化设备,850784.SI,其他自动化设备,20221125,2026-08-01,tushare
603082.SH,603082,北自科技,801890.SI,机械设备,801078.SI,自动化设备,850784.SI,其他自动化设备,20240112,2026-08-01,tushare
688125.SH,688125,安达智能,801890.SI,机械设备,801078.SI,自动化设备,850784.SI,其他自动化设备,20220401,2026-08-01,tushare
301029.SZ,301029,怡合达,801890.SI,机械设备,801078.SI,自动化设备,850784.SI,其他自动化设备,20210705,2026-08-01,tushare
920396.BJ,920396.BJ,常辅股份,801890.SI,机械设备,801078.SI,自动化设备,850784.SI,其他自动化设备,20201118,2026-08-01,tushare
301568.SZ,301568,思泰克,801890.SI,机械设备,801078.SI,自动化设备,850784.SI,其他自动化设备,20231117,2026-08-01,tushare
688816.SH,688816,易思维,801890.SI,机械设备,801078.SI,自动化设备,850784.SI,其他自动化设备,20260123,2026-08-01,tushare
300486.SZ,300486,东杰智能,801890.SI,机械设备,801078.SI,自动化设备,850784.SI,其他自动化设备,20210730,2026-08-01,tushare
688215.SH,688215,瑞晟智能,801890.SI,机械设备,801078.SI,自动化设备,850784.SI,其他自动化设备,20210730,2026-08-01,tushare
688623.SH,688623,双元科技,801890.SI,机械设备,801078.SI,自动化设备,850784.SI,其他自动化设备,20230526,2026-08-01,tushare
605186.SH,605186,健麾信息,801890.SI,机械设备,801078.SI,自动化设备,850784.SI,其他自动化设备,20210730,2026-08-01,tushare
688003.SH,688003,天准科技,801890.SI,机械设备,801078.SI,自动化设备,850784.SI,其他自动化设备,20210730,2026-08-01,tushare
688686.SH,688686,奥普特,801890.SI,机械设备,801078.SI,自动化设备,850784.SI,其他自动化设备,20210730,2026-08-01,tushare
300802.SZ,300802,矩子科技,801890.SI,机械设备,801078.SI,自动化设备,850784.SI,其他自动化设备,20210730,2026-08-01,tushare
688097.SH,688097,博众精工,801890.SI,机械设备,801078.SI,自动化设备,850784.SI,其他自动化设备,20210730,2026-08-01,tushare
301512.SZ,301512,智信精密,801890.SI,机械设备,801078.SI,自动化设备,850784.SI,其他自动化设备,20230714,2026-08-01,tushare
300461.SZ,300461,田中精机,801890.SI,机械设备,801078.SI,自动化设备,850784.SI,其他自动化设备,20210730,2026-08-01,tushare
300400.SZ,300400,劲拓股份,801890.SI,机械设备,801078.SI,自动化设备,850784.SI,其他自动化设备,20210730,2026-08-01,tushare
301312.SZ,301312,智立方,801890.SI,机械设备,801078.SI,自动化设备,850784.SI,其他自动化设备,20220701,2026-08-01,tushare
688329.SH,688329,艾隆科技,801890.SI,机械设备,801078.SI,自动化设备,850784.SI,其他自动化设备,20210730,2026-08-01,tushare
688310.SH,688310,迈得医疗,801890.SI,机械设备,801078.SI,自动化设备,850784.SI,其他自动化设备,20210730,2026-08-01,tushare
300097.SZ,300097,智云股份,801890.SI,机械设备,801078.SI,自动化设备,850784.SI,其他自动化设备,20210730,2026-08-01,tushare
300757.SZ,300757,罗博特科,801890.SI,机械设备,801078.SI,自动化设备,850784.SI,其他自动化设备,20210730,2026-08-01,tushare
920125.BJ,920125.BJ,鸿仕达,801890.SI,机械设备,801078.SI,自动化设备,850784.SI,其他自动化设备,20260422,2026-08-01,tushare
920096.BJ,920096.BJ,嘉晨智能,801890.SI,机械设备,801078.SI,自动化设备,850784.SI,其他自动化设备,20260515,2026-08-01,tushare
920178.BJ,920178.BJ,锐翔智能,801890.SI,机械设备,801078.SI,自动化设备,850784.SI,其他自动化设备,20260515,2026-08-01,tushare
600879.SH,600879,航天电子,801740.SI,国防军工,801741.SI,航天装备Ⅱ,857411.SI,航天装备Ⅲ,19951115,2026-08-01,tushare
688282.SH,688282,理工导航,801740.SI,国防军工,801741.SI,航天装备Ⅱ,857411.SI,航天装备Ⅲ,20220304,2026-08-01,tushare
601698.SH,601698,中国卫通,801740.SI,国防军工,801741.SI,航天装备Ⅱ,857411.SI,航天装备Ⅲ,20190614,2026-08-01,tushare
300722.SZ,300722,新余国科,801740.SI,国防军工,801741.SI,航天装备Ⅱ,857411.SI,航天装备Ⅲ,20171108,2026-08-01,tushare
003009.SZ,003009,中天火箭,801740.SI,国防军工,801741.SI,航天装备Ⅱ,857411.SI,航天装备Ⅲ,20200909,2026-08-01,tushare
002829.SZ,002829,星网宇达,801740.SI,国防军工,801741.SI,航天装备Ⅱ,857411.SI,航天装备Ⅲ,20161212,2026-08-01,tushare
600118.SH,600118,中国卫星,801740.SI,国防军工,801741.SI,航天装备Ⅱ,857411.SI,航天装备Ⅲ,20070702,2026-08-01,tushare
688818.SH,688818,电科蓝天,801740.SI,国防军工,801741.SI,航天装备Ⅱ,857411.SI,航天装备Ⅲ,20260123,2026-08-01,tushare
688523.SH,688523,航天环宇,801740.SI,国防军工,801741.SI,航天装备Ⅱ,857411.SI,航天装备Ⅲ,20230526,2026-08-01,tushare
600677.SH,600677,*ST航通(退市),801740.SI,国防军工,801741.SI,航天装备Ⅱ,857411.SI,航天装备Ⅲ,20070702,2026-08-01,tushare
000561.SZ,000561,烽火电子,801740.SI,国防军工,801742.SI,航空装备Ⅱ,857421.SI,航空装备Ⅲ,19940509,2026-08-01,tushare
600765.SH,600765,中航重机,801740.SI,国防军工,801742.SI,航空装备Ⅱ,857421.SI,航空装备Ⅲ,19961106,2026-08-01,tushare
600038.SH,600038,中直股份,801740.SI,国防军工,801742.SI,航空装备Ⅱ,857421.SI,航空装备Ⅲ,20001218,2026-08-01,tushare
600316.SH,600316,洪都航空,801740.SI,国防军工,801742.SI,航空装备Ⅱ,857421.SI,航空装备Ⅲ,20001214,2026-08-01,tushare
000738.SZ,000738,航发控制,801740.SI,国防军工,801742.SI,航空装备Ⅱ,857421.SI,航空装备Ⅲ,19970626,2026-08-01,tushare
000768.SZ,000768,中航西飞,801740.SI,国防军工,801742.SI,航空装备Ⅱ,857421.SI,航空装备Ⅲ,19970626,2026-08-01,tushare
600372.SH,600372,中航机载,801740.SI,国防军工,801742.SI,航空装备Ⅱ,857421.SI,航空装备Ⅲ,20010704,2026-08-01,tushare
600391.SH,600391,航发科技,801740.SI,国防军工,801742.SI,航空装备Ⅱ,857421.SI,航空装备Ⅲ,20011212,2026-08-01,tushare
002023.SZ,002023,海特高新,801740.SI,国防军工,801742.SI,航空装备Ⅱ,857421.SI,航空装备Ⅲ,20040719,2026-08-01,tushare
603261.SH,603261,立航科技,801740.SI,国防军工,801742.SI,航空装备Ⅱ,857421.SI,航空装备Ⅲ,20220304,2026-08-01,tushare
688297.SH,688297,中无人机,801740.SI,国防军工,801742.SI,航空装备Ⅱ,857421.SI,航空装备Ⅲ,20220610,2026-08-01,tushare
002625.SZ,002625,光启技术,801740.SI,国防军工,801742.SI,航空装备Ⅱ,857421.SI,航空装备Ⅲ,20111026,2026-08-01,tushare
688237.SH,688237,超卓航科,801740.SI,国防军工,801742.SI,航空装备Ⅱ,857421.SI,航空装备Ⅲ,20220624,2026-08-01,tushare
002297.SZ,002297,博云新材,801740.SI,国防军工,801742.SI,航空装备Ⅱ,857421.SI,航空装备Ⅲ,20111010,2026-08-01,tushare
300424.SZ,300424,航新科技,801740.SI,国防军工,801742.SI,航空装备Ⅱ,857421.SI,航空装备Ⅲ,20150413,2026-08-01,tushare
600862.SH,600862,中航高科,801740.SI,国防军工,801742.SI,航空装备Ⅱ,857421.SI,航空装备Ⅲ,20151102,2026-08-01,tushare
688281.SH,688281,华秦科技,801740.SI,国防军工,801742.SI,航空装备Ⅱ,857421.SI,航空装备Ⅲ,20220218,2026-08-01,tushare
300696.SZ,300696,爱乐达,801740.SI,国防军工,801742.SI,航空装备Ⅱ,857421.SI,航空装备Ⅲ,20170815,2026-08-01,tushare
300581.SZ,300581,晨曦航空,801740.SI,国防军工,801742.SI,航空装备Ⅱ,857421.SI,航空装备Ⅲ,20170629,2026-08-01,tushare
300719.SZ,300719,安达维尔,801740.SI,国防军工,801742.SI,航空装备Ⅱ,857421.SI,航空装备Ⅲ,20171030,2026-08-01,tushare
002389.SZ,002389,航天彩虹,801740.SI,国防军工,801742.SI,航空装备Ⅱ,857421.SI,航空装备Ⅲ,20190724,2026-08-01,tushare
300775.SZ,300775,三角防务,801740.SI,国防军工,801742.SI,航空装备Ⅱ,857421.SI,航空装备Ⅲ,20190506,2026-08-01,tushare
688586.SH,688586,江航装备,801740.SI,国防军工,801742.SI,航空装备Ⅱ,857421.SI,航空装备Ⅲ,20200721,2026-08-01,tushare
300900.SZ,300900,广联航空,801740.SI,国防军工,801742.SI,航空装备Ⅱ,857421.SI,航空装备Ⅲ,20201016,2026-08-01,tushare
600760.SH,600760,中航沈飞,801740.SI,国防军工,801742.SI,航空装备Ⅱ,857421.SI,航空装备Ⅲ,20180713,2026-08-01,tushare
002933.SZ,002933,新兴装备,801740.SI,国防军工,801742.SI,航空装备Ⅱ,857421.SI,航空装备Ⅲ,20180809,2026-08-01,tushare
000697.SZ,000697,炼石航空,801740.SI,国防军工,801742.SI,航空装备Ⅱ,857421.SI,航空装备Ⅲ,20190724,2026-08-01,tushare
688510.SH,688510,航亚科技,801740.SI,国防军工,801742.SI,航空装备Ⅱ,857421.SI,航空装备Ⅲ,20201201,2026-08-01,tushare
688239.SH,688239,航宇科技,801740.SI,国防军工,801742.SI,航空装备Ⅱ,857421.SI,航空装备Ⅲ,20210622,2026-08-01,tushare
300965.SZ,300965,恒宇信通,801740.SI,国防军工,801742.SI,航空装备Ⅱ,857421.SI,航空装备Ⅲ,20210325,2026-08-01,tushare
688070.SH,688070,纵横股份,801740.SI,国防军工,801742.SI,航空装备Ⅱ,857421.SI,航空装备Ⅲ,20210125,2026-08-01,tushare
688685.SH,688685,迈信林,801740.SI,国防军工,801742.SI,航空装备Ⅱ,857421.SI,航空装备Ⅲ,20210426,2026-08-01,tushare
002985.SZ,002985,北摩高科,801740.SI,国防军工,801742.SI,航空装备Ⅱ,857421.SI,航空装备Ⅲ,20200413,2026-08-01,tushare
920642.BJ,920642.BJ,通易航天,801740.SI,国防军工,801742.SI,航空装备Ⅱ,857421.SI,航空装备Ⅲ,20210816,2026-08-01,tushare
002651.SZ,002651,利君股份,801740.SI,国防军工,801742.SI,航空装备Ⅱ,857421.SI,航空装备Ⅲ,20220729,2026-08-01,tushare
605123.SH,605123,派克新材,801740.SI,国防军工,801742.SI,航空装备Ⅱ,857421.SI,航空装备Ⅲ,20200810,2026-08-01,tushare
600893.SH,600893,航发动力,801740.SI,国防军工,801742.SI,航空装备Ⅱ,857421.SI,航空装备Ⅲ,20070702,2026-08-01,tushare
688122.SH,688122,西部超导,801740.SI,国防军工,801742.SI,航空装备Ⅱ,857421.SI,航空装备Ⅲ,20210730,2026-08-01,tushare
300777.SZ,300777,中简科技,801740.SI,国防军工,801742.SI,航空装备Ⅱ,857421.SI,航空装备Ⅲ,20210730,2026-08-01,tushare
688563.SH,688563,航材股份,801740.SI,国防军工,801742.SI,航空装备Ⅱ,857421.SI,航空装备Ⅲ,20230630,2026-08-01,tushare
002111.SZ,002111,威海广泰,801740.SI,国防军工,801742.SI,航空装备Ⅱ,857421.SI,航空装备Ⅲ,20230704,2026-08-01,tushare
300034.SZ,300034,钢研高纳,801740.SI,国防军工,801742.SI,航空装备Ⅱ,857421.SI,航空装备Ⅲ,20210730,2026-08-01,tushare
300395.SZ,300395,菲利华,801740.SI,国防军工,801742.SI,航空装备Ⅱ,857421.SI,航空装备Ⅲ,20210730,2026-08-01,tushare
300699.SZ,300699,光威复材,801740.SI,国防军工,801742.SI,航空装备Ⅱ,857421.SI,航空装备Ⅲ,20210730,2026-08-01,tushare
688708.SH,688708,佳驰科技,801740.SI,国防军工,801742.SI,航空装备Ⅱ,857421.SI,航空装备Ⅲ,20241115,2026-08-01,tushare
920006.BJ,920006.BJ,晟楠科技,801740.SI,国防军工,801742.SI,航空装备Ⅱ,857421.SI,航空装备Ⅲ,20230530,2026-08-01,tushare
301586.SZ,301586,佳力奇,801740.SI,国防军工,801742.SI,航空装备Ⅱ,857421.SI,航空装备Ⅲ,20240816,2026-08-01,tushare
002013.SZ,002013,中航机电(退市),801740.SI,国防军工,801742.SI,航空装备Ⅱ,857421.SI,航空装备Ⅲ,20040630,2026-08-01,tushare
000687.SZ,000687,华讯退(退市),801740.SI,国防军工,801742.SI,航空装备Ⅱ,857421.SI,航空装备Ⅲ,20080602,2026-08-01,tushare
832317.BJ,832317.BJ,观典防务(退市),801740.SI,国防军工,801742.SI,航空装备Ⅱ,857421.SI,航空装备Ⅲ,20200727,2026-08-01,tushare
688287.SH,688287,退市观典(退市),801740.SI,国防军工,801742.SI,航空装备Ⅱ,857421.SI,航空装备Ⅲ,20220525,2026-08-01,tushare
600435.SH,600435,北方导航,801740.SI,国防军工,801743.SI,地面兵装Ⅱ,857431.SI,地面兵装Ⅲ,20030701,2026-08-01,tushare
600184.SH,600184,光电股份,801740.SI,国防军工,801743.SI,地面兵装Ⅱ,857431.SI,地面兵装Ⅲ,20031104,2026-08-01,tushare
600967.SH,600967,内蒙一机,801740.SI,国防军工,801743.SI,地面兵装Ⅱ,857431.SI,地面兵装Ⅲ,20170629,2026-08-01,tushare
000519.SZ,000519,中兵红箭,801740.SI,国防军工,801743.SI,地面兵装Ⅱ,857431.SI,地面兵装Ⅲ,20170629,2026-08-01,tushare
300527.SZ,300527,ST应急,801740.SI,国防军工,801743.SI,地面兵装Ⅱ,857431.SI,地面兵装Ⅲ,20180713,2026-08-01,tushare
300922.SZ,300922,天秦装备,801740.SI,国防军工,801743.SI,地面兵装Ⅱ,857431.SI,地面兵装Ⅲ,20201214,2026-08-01,tushare
300875.SZ,300875,捷强装备,801740.SI,国防军工,801743.SI,地面兵装Ⅱ,857431.SI,地面兵装Ⅲ,20200807,2026-08-01,tushare
000576.SZ,000576,甘化科工,801740.SI,国防军工,801743.SI,地面兵装Ⅱ,857431.SI,地面兵装Ⅲ,20200622,2026-08-01,tushare
601606.SH,601606,长城军工,801740.SI,国防军工,801743.SI,地面兵装Ⅱ,857431.SI,地面兵装Ⅲ,20180806,2026-08-01,tushare
301357.SZ,301357,北方长龙,801740.SI,国防军工,801743.SI,地面兵装Ⅱ,857431.SI,地面兵装Ⅲ,20230331,2026-08-01,tushare
688543.SH,688543,国科军工,801740.SI,国防军工,801743.SI,地面兵装Ⅱ,857431.SI,地面兵装Ⅲ,20230609,2026-08-01,tushare
002519.SZ,002519,银河电子,801740.SI,国防军工,801743.SI,地面兵装Ⅱ,857431.SI,地面兵装Ⅲ,20230821,2026-08-01,tushare
600685.SH,600685,中船防务,801740.SI,国防军工,801744.SI,航海装备Ⅱ,850935.SI,航海装备Ⅲ,19931028,2026-08-01,tushare
600150.SH,600150,中国船舶,801740.SI,国防军工,801744.SI,航海装备Ⅱ,850935.SI,航海装备Ⅲ,19980520,2026-08-01,tushare
300008.SZ,300008,天海防务,801740.SI,国防军工,801744.SI,航海装备Ⅱ,850935.SI,航海装备Ⅲ,20091022,2026-08-01,tushare
601890.SH,601890,亚星锚链,801740.SI,国防军工,801744.SI,航海装备Ⅱ,850935.SI,航海装备Ⅲ,20101215,2026-08-01,tushare
300065.SZ,300065,海兰信,801740.SI,国防军工,801744.SI,航海装备Ⅱ,850935.SI,航海装备Ⅲ,20100319,2026-08-01,tushare
300589.SZ,300589,江龙船艇,801740.SI,国防军工,801744.SI,航海装备Ⅱ,850935.SI,航海装备Ⅲ,20170105,2026-08-01,tushare
300810.SZ,300810,中科海讯,801740.SI,国防军工,801744.SI,航海装备Ⅱ,850935.SI,航海装备Ⅲ,20191129,2026-08-01,tushare
600764.SH,600764,中国海防,801740.SI,国防军工,801744.SI,航海装备Ⅱ,850935.SI,航海装备Ⅲ,20210730,2026-08-01,tushare
300600.SZ,300600,国瑞科技,801740.SI,国防军工,801744.SI,航海装备Ⅱ,850935.SI,航海装备Ⅲ,20170116,2026-08-01,tushare
603268.SH,603268,松发股份,801740.SI,国防军工,801744.SI,航海装备Ⅱ,850935.SI,航海装备Ⅲ,20260130,2026-08-01,tushare
601989.SH,601989,中国重工(退市),801740.SI,国防军工,801744.SI,航海装备Ⅱ,850935.SI,航海装备Ⅲ,20091130,2026-08-01,tushare
301302.SZ,301302,华如科技,801740.SI,国防军工,801745.SI,军工电子Ⅱ,857451.SI,军工电子Ⅲ,20220602,2026-08-01,tushare
301592.SZ,301592,六九一二,801740.SI,国防军工,801745.SI,军工电子Ⅱ,857451.SI,军工电子Ⅲ,20241011,2026-08-01,tushare
002446.SZ,002446,盛路通信,801740.SI,国防军工,801745.SI,军工电子Ⅱ,857451.SI,军工电子Ⅲ,20100712,2026-08-01,tushare
300045.SZ,300045,华力创通,801740.SI,国防军工,801745.SI,军工电子Ⅱ,857451.SI,军工电子Ⅲ,20091229,2026-08-01,tushare
001270.SZ,001270,铖昌科技,801740.SI,国防军工,801745.SI,军工电子Ⅱ,857451.SI,军工电子Ⅲ,20220520,2026-08-01,tushare
002383.SZ,002383,合众思壮,801740.SI,国防军工,801745.SI,军工电子Ⅱ,857451.SI,军工电子Ⅲ,20100317,2026-08-01,tushare
300252.SZ,300252,金信诺,801740.SI,国防军工,801745.SI,军工电子Ⅱ,857451.SI,军工电子Ⅲ,20110801,2026-08-01,tushare
301306.SZ,301306,西测测试,801740.SI,国防军工,801745.SI,军工电子Ⅱ,857451.SI,军工电子Ⅲ,20220708,2026-08-01,tushare
688053.SH,688053,ST思科瑞,801740.SI,国防军工,801745.SI,军工电子Ⅱ,857451.SI,军工电子Ⅲ,20220708,2026-08-01,tushare
300177.SZ,300177,中海达,801740.SI,国防军工,801745.SI,军工电子Ⅱ,857451.SI,军工电子Ⅲ,20110127,2026-08-01,tushare
688175.SH,688175,高凌信息,801740.SI,国防军工,801745.SI,军工电子Ⅱ,857451.SI,军工电子Ⅲ,20220228,2026-08-01,tushare
300447.SZ,300447,全信股份,801740.SI,国防军工,801745.SI,军工电子Ⅱ,857451.SI,军工电子Ⅲ,20150113,2026-08-01,tushare
688002.SH,688002,睿创微纳,801740.SI,国防军工,801745.SI,军工电子Ⅱ,857451.SI,军工电子Ⅲ,20190626,2026-08-01,tushare
688439.SH,688439,振华风光,801740.SI,国防军工,801745.SI,军工电子Ⅱ,857451.SI,军工电子Ⅲ,20220812,2026-08-01,tushare
688132.SH,688132,邦彦技术,801740.SI,国防军工,801745.SI,军工电子Ⅱ,857451.SI,军工电子Ⅲ,20220909,2026-08-01,tushare
688084.SH,688084,晶品特装,801740.SI,国防军工,801745.SI,军工电子Ⅱ,857451.SI,军工电子Ⅲ,20221121,2026-08-01,tushare
603712.SH,603712,七一二,801740.SI,国防军工,801745.SI,军工电子Ⅱ,857451.SI,军工电子Ⅲ,20180212,2026-08-01,tushare
300397.SZ,300397,天和防务,801740.SI,国防军工,801745.SI,军工电子Ⅱ,857451.SI,军工电子Ⅲ,20220729,2026-08-01,tushare
301050.SZ,301050,雷电微力,801740.SI,国防军工,801745.SI,军工电子Ⅱ,857451.SI,军工电子Ⅲ,20210813,2026-08-01,tushare
688522.SH,688522,纳睿雷达,801740.SI,国防军工,801745.SI,军工电子Ⅱ,857451.SI,军工电子Ⅲ,20230224,2026-08-01,tushare
688552.SH,688552,航天南湖,801740.SI,国防军工,801745.SI,军工电子Ⅱ,857451.SI,军工电子Ⅲ,20230504,2026-08-01,tushare
300629.SZ,300629,新劲刚,801740.SI,国防军工,801745.SI,军工电子Ⅱ,857451.SI,军工电子Ⅲ,20220729,2026-08-01,tushare
688776.SH,688776,国光电气,801740.SI,国防军工,801745.SI,军工电子Ⅱ,857451.SI,军工电子Ⅲ,20210820,2026-08-01,tushare
301213.SZ,301213,观想科技,801740.SI,国防军工,801745.SI,军工电子Ⅱ,857451.SI,军工电子Ⅲ,20211126,2026-08-01,tushare
688272.SH,688272,富吉瑞,801740.SI,国防军工,801745.SI,军工电子Ⅱ,857451.SI,军工电子Ⅲ,20210924,2026-08-01,tushare
002179.SZ,002179,中航光电,801740.SI,国防军工,801745.SI,军工电子Ⅱ,857451.SI,军工电子Ⅲ,20210730,2026-08-01,tushare
688636.SH,688636,智明达,801740.SI,国防军工,801745.SI,军工电子Ⅱ,857451.SI,军工电子Ⅲ,20210730,2026-08-01,tushare
002413.SZ,002413,雷科防务,801740.SI,国防军工,801745.SI,军工电子Ⅱ,857451.SI,军工电子Ⅲ,20210730,2026-08-01,tushare
002977.SZ,002977,*ST天箭,801740.SI,国防军工,801745.SI,军工电子Ⅱ,857451.SI,军工电子Ⅲ,20210730,2026-08-01,tushare
688311.SH,688311,盟升电子,801740.SI,国防军工,801745.SI,军工电子Ⅱ,857451.SI,军工电子Ⅲ,20210730,2026-08-01,tushare
301682.SZ,301682,宏明电子,801740.SI,国防军工,801745.SI,军工电子Ⅱ,857451.SI,军工电子Ⅲ,20260305,2026-08-01,tushare
302132.SZ,302132,中航成飞,801740.SI,国防军工,801745.SI,军工电子Ⅱ,857451.SI,军工电子Ⅲ,20210730,2026-08-01,tushare
002414.SZ,002414,高德红外,801740.SI,国防军工,801745.SI,军工电子Ⅱ,857451.SI,军工电子Ⅲ,20210730,2026-08-01,tushare
688011.SH,688011,新光光电,801740.SI,国防军工,801745.SI,军工电子Ⅱ,857451.SI,军工电子Ⅲ,20210730,2026-08-01,tushare
603267.SH,603267,鸿远电子,801740.SI,国防军工,801745.SI,军工电子Ⅱ,857451.SI,军工电子Ⅲ,20210730,2026-08-01,tushare
688629.SH,688629,华丰科技,801740.SI,国防军工,801745.SI,军工电子Ⅱ,857451.SI,军工电子Ⅲ,20230609,2026-08-01,tushare
000547.SZ,000547,航天发展,801740.SI,国防军工,801745.SI,军工电子Ⅱ,857451.SI,军工电子Ⅲ,20210730,2026-08-01,tushare
600990.SH,600990,四创电子,801740.SI,国防军工,801745.SI,军工电子Ⅱ,857451.SI,军工电子Ⅲ,20210730,2026-08-01,tushare
603678.SH,603678,火炬电子,801740.SI,国防军工,801745.SI,军工电子Ⅱ,857451.SI,军工电子Ⅲ,20210730,2026-08-01,tushare
000733.SZ,000733,振华科技,801740.SI,国防军工,801745.SI,军工电子Ⅱ,857451.SI,军工电子Ⅲ,20210730,2026-08-01,tushare
688682.SH,688682,霍莱沃,801740.SI,国防军工,801745.SI,军工电子Ⅱ,857451.SI,军工电子Ⅲ,20210730,2026-08-01,tushare
300101.SZ,300101,振芯科技,801740.SI,国防军工,801745.SI,军工电子Ⅱ,857451.SI,军工电子Ⅲ,20210730,2026-08-01,tushare
688788.SH,688788,科思科技,801740.SI,国防军工,801745.SI,军工电子Ⅱ,857451.SI,军工电子Ⅲ,20210730,2026-08-01,tushare
688511.SH,688511,天微电子,801740.SI,国防军工,801745.SI,军工电子Ⅱ,857451.SI,军工电子Ⅲ,20210730,2026-08-01,tushare
300123.SZ,300123,ST亚光,801740.SI,国防军工,801745.SI,军工电子Ⅱ,857451.SI,军工电子Ⅲ,20210730,2026-08-01,tushare
600562.SH,600562,国睿科技,801740.SI,国防军工,801745.SI,军工电子Ⅱ,857451.SI,军工电子Ⅲ,20210730,2026-08-01,tushare
002151.SZ,002151,北斗星通,801740.SI,国防军工,801745.SI,军工电子Ⅱ,857451.SI,军工电子Ⅲ,20210730,2026-08-01,tushare
002214.SZ,002214,*ST大立,801740.SI,国防军工,801745.SI,军工电子Ⅱ,857451.SI,军工电子Ⅲ,20210730,2026-08-01,tushare
002465.SZ,002465,海格通信,801740.SI,国防军工,801745.SI,军工电子Ⅱ,857451.SI,军工电子Ⅲ,20210730,2026-08-01,tushare
300474.SZ,300474,景嘉微,801740.SI,国防军工,801745.SI,军工电子Ⅱ,857451.SI,军工电子Ⅲ,20210730,2026-08-01,tushare
002025.SZ,002025,航天电器,801740.SI,国防军工,801745.SI,军工电子Ⅱ,857451.SI,军工电子Ⅲ,20210730,2026-08-01,tushare
688375.SH,688375,国博电子,801740.SI,国防军工,801745.SI,军工电子Ⅱ,857451.SI,军工电子Ⅲ,20220701,2026-08-01,tushare
002338.SZ,002338,奥普光电,801740.SI,国防军工,801745.SI,军工电子Ⅱ,857451.SI,军工电子Ⅲ,20210730,2026-08-01,tushare
002935.SZ,002935,天奥电子,801740.SI,国防军工,801745.SI,军工电子Ⅱ,857451.SI,军工电子Ⅲ,20210730,2026-08-01,tushare
002189.SZ,002189,中光学,801740.SI,国防军工,801745.SI,军工电子Ⅱ,857451.SI,军工电子Ⅲ,20210730,2026-08-01,tushare
688081.SH,688081,兴图新科,801740.SI,国防军工,801745.SI,军工电子Ⅱ,857451.SI,军工电子Ⅲ,20210730,2026-08-01,tushare
300726.SZ,300726,宏达电子,801740.SI,国防军工,801745.SI,军工电子Ⅱ,857451.SI,军工电子Ⅲ,20210730,2026-08-01,tushare
300762.SZ,300762,上海瀚讯,801740.SI,国防军工,801745.SI,军工电子Ⅱ,857451.SI,军工电子Ⅲ,20210730,2026-08-01,tushare
301517.SZ,301517,陕西华达,801740.SI,国防军工,801745.SI,军工电子Ⅱ,857451.SI,军工电子Ⅲ,20231013,2026-08-01,tushare
600855.SH,600855,航天长峰,801740.SI,国防军工,801745.SI,军工电子Ⅱ,857451.SI,军工电子Ⅲ,20240730,2026-08-01,tushare
301571.SZ,301571,国科天成,801740.SI,国防军工,801745.SI,军工电子Ⅱ,857451.SI,军工电子Ⅲ,20240802,2026-08-01,tushare
920008.BJ,920008.BJ,成电光信,801740.SI,国防军工,801745.SI,军工电子Ⅱ,857451.SI,军工电子Ⅲ,20240820,2026-08-01,tushare
002231.SZ,002231,*ST奥维(退市),801740.SI,国防军工,801745.SI,军工电子Ⅱ,857451.SI,军工电子Ⅲ,20211029,2026-08-01,tushare
000638.SZ,000638,*ST万方(退市),801740.SI,国防军工,801745.SI,军工电子Ⅱ,857451.SI,军工电子Ⅲ,20240108,2026-08-01,tushare
301707.SZ,301707,展芯股份,801740.SI,国防军工,801745.SI,军工电子Ⅱ,857451.SI,军工电子Ⅲ,20260717,2026-08-01,tushare
300155.SZ,300155,安居宝,801750.SI,计算机,801101.SI,计算机设备,850702.SI,安防设备,20101227,2026-08-01,tushare
002528.SZ,002528,*ST英飞,801750.SI,计算机,801101.SI,计算机设备,850702.SI,安防设备,20101215,2026-08-01,tushare
002236.SZ,002236,大华股份,801750.SI,计算机,801101.SI,计算机设备,850702.SI,安防设备,20080520,2026-08-01,tushare
002415.SZ,002415,海康威视,801750.SI,计算机,801101.SI,计算机设备,850702.SI,安防设备,20100512,2026-08-01,tushare
300270.SZ,300270,中威电子,801750.SI,计算机,801101.SI,计算机设备,850702.SI,安防设备,20110927,2026-08-01,tushare
300449.SZ,300449,汉邦高科,801750.SI,计算机,801101.SI,计算机设备,850702.SI,安防设备,20150113,2026-08-01,tushare
301117.SZ,301117,佳缘科技,801750.SI,计算机,801101.SI,计算机设备,850702.SI,安防设备,20211224,2026-08-01,tushare
688475.SH,688475,萤石网络,801750.SI,计算机,801101.SI,计算机设备,850702.SI,安防设备,20221209,2026-08-01,tushare
300588.SZ,300588,熙菱信息,801750.SI,计算机,801101.SI,计算机设备,850702.SI,安防设备,20161219,2026-08-01,tushare
300884.SZ,300884,狄耐克,801750.SI,计算机,801101.SI,计算机设备,850702.SI,安防设备,20201029,2026-08-01,tushare
688489.SH,688489,三未信安,801750.SI,计算机,801101.SI,计算机设备,850702.SI,安防设备,20221121,2026-08-01,tushare
301042.SZ,301042,安联锐视,801750.SI,计算机,801101.SI,计算机设备,850702.SI,安防设备,20210727,2026-08-01,tushare
920198.BJ,920198.BJ,微创光电,801750.SI,计算机,801101.SI,计算机设备,850702.SI,安防设备,20200727,2026-08-01,tushare
003004.SZ,003004,声迅股份,801750.SI,计算机,801101.SI,计算机设备,850702.SI,安防设备,20201123,2026-08-01,tushare
300275.SZ,300275,梅安森,801750.SI,计算机,801101.SI,计算机设备,850702.SI,安防设备,20220729,2026-08-01,tushare
301330.SZ,301330,熵基科技,801750.SI,计算机,801101.SI,计算机设备,850702.SI,安防设备,20220805,2026-08-01,tushare
300691.SZ,300691,联合光电,801750.SI,计算机,801101.SI,计算机设备,850702.SI,安防设备,20210730,2026-08-01,tushare
301318.SZ,301318,维海德,801750.SI,计算机,801101.SI,计算机设备,850702.SI,安防设备,20220725,2026-08-01,tushare
300790.SZ,300790,宇瞳光学,801750.SI,计算机,801101.SI,计算机设备,850702.SI,安防设备,20210730,2026-08-01,tushare
688619.SH,688619,罗普特,801750.SI,计算机,801101.SI,计算机设备,850702.SI,安防设备,20210730,2026-08-01,tushare
920036.BJ,920036.BJ,觅睿科技,801750.SI,计算机,801101.SI,计算机设备,850702.SI,安防设备,20260227,2026-08-01,tushare
603508.SH,603508,思维列控,801750.SI,计算机,801101.SI,计算机设备,850702.SI,安防设备,20210730,2026-08-01,tushare
002835.SZ,002835,同为股份,801750.SI,计算机,801101.SI,计算机设备,850702.SI,安防设备,20161212,2026-08-01,tushare
605118.SH,605118,力鼎光电,801750.SI,计算机,801101.SI,计算机设备,850702.SI,安防设备,20210730,2026-08-01,tushare
920976.BJ,920976.BJ,视声智能,801750.SI,计算机,801101.SI,计算机设备,850702.SI,安防设备,20230920,2026-08-01,tushare
301182.SZ,301182,凯旺科技,801750.SI,计算机,801101.SI,计算机设备,850702.SI,安防设备,20240730,2026-08-01,tushare
300367.SZ,300367,网力退(退市),801750.SI,计算机,801101.SI,计算机设备,850702.SI,安防设备,20140108,2026-08-01,tushare
000977.SZ,000977,浪潮信息,801750.SI,计算机,801101.SI,计算机设备,850703.SI,其他计算机设备,20000608,2026-08-01,tushare
000997.SZ,000997,新大陆,801750.SI,计算机,801101.SI,计算机设备,850703.SI,其他计算机设备,20000801,2026-08-01,tushare
000066.SZ,000066,中国长城,801750.SI,计算机,801101.SI,计算机设备,850703.SI,其他计算机设备,19970626,2026-08-01,tushare
600100.SH,600100,同方股份,801750.SI,计算机,801101.SI,计算机设备,850703.SI,其他计算机设备,19970627,2026-08-01,tushare
301339.SZ,301339,通行宝,801750.SI,计算机,801101.SI,计算机设备,850703.SI,其他计算机设备,20220826,2026-08-01,tushare
002152.SZ,002152,广电运通,801750.SI,计算机,801101.SI,计算机设备,850703.SI,其他计算机设备,20070810,2026-08-01,tushare
002197.SZ,002197,证通电子,801750.SI,计算机,801101.SI,计算机设备,850703.SI,其他计算机设备,20071217,2026-08-01,tushare
002376.SZ,002376,新北洋,801750.SI,计算机,801101.SI,计算机设备,850703.SI,其他计算机设备,20100305,2026-08-01,tushare
002268.SZ,002268,电科网安,801750.SI,计算机,801101.SI,计算机设备,850703.SI,其他计算机设备,20080722,2026-08-01,tushare
300130.SZ,300130,新国都,801750.SI,计算机,801101.SI,计算机设备,850703.SI,其他计算机设备,20101008,2026-08-01,tushare
002577.SZ,002577,雷柏科技,801750.SI,计算机,801101.SI,计算机设备,850703.SI,其他计算机设备,20110420,2026-08-01,tushare
300386.SZ,300386,飞天诚信,801750.SI,计算机,801101.SI,计算机设备,850703.SI,其他计算机设备,20140120,2026-08-01,tushare
300368.SZ,300368,汇金股份,801750.SI,计算机,801101.SI,计算机设备,850703.SI,其他计算机设备,20140108,2026-08-01,tushare
300302.SZ,300302,同有科技,801750.SI,计算机,801101.SI,计算机设备,850703.SI,其他计算机设备,20120313,2026-08-01,tushare
300333.SZ,300333,兆日科技,801750.SI,计算机,801101.SI,计算机设备,850703.SI,其他计算机设备,20120619,2026-08-01,tushare
300479.SZ,300479,神思电子,801750.SI,计算机,801101.SI,计算机设备,850703.SI,其他计算机设备,20150115,2026-08-01,tushare
603660.SH,603660,苏州科达,801750.SI,计算机,801101.SI,计算机设备,850703.SI,其他计算机设备,20161201,2026-08-01,tushare
300531.SZ,300531,优博讯,801750.SI,计算机,801101.SI,计算机设备,850703.SI,其他计算机设备,20160804,2026-08-01,tushare
300552.SZ,300552,万集科技,801750.SI,计算机,801101.SI,计算机设备,850703.SI,其他计算机设备,20161017,2026-08-01,tushare
603019.SH,603019,中科曙光,801750.SI,计算机,801101.SI,计算机设备,850703.SI,其他计算机设备,20140124,2026-08-01,tushare
002512.SZ,002512,ST达华,801750.SI,计算机,801101.SI,计算机设备,850703.SI,其他计算机设备,20180619,2026-08-01,tushare
603496.SH,603496,恒为科技,801750.SI,计算机,801101.SI,计算机设备,850703.SI,其他计算机设备,20170522,2026-08-01,tushare
300659.SZ,300659,中孚信息,801750.SI,计算机,801101.SI,计算机设备,850703.SI,其他计算机设备,20170511,2026-08-01,tushare
002912.SZ,002912,中新赛克,801750.SI,计算机,801101.SI,计算机设备,850703.SI,其他计算机设备,20171121,2026-08-01,tushare
300546.SZ,300546,雄帝科技,801750.SI,计算机,801101.SI,计算机设备,850703.SI,其他计算机设备,20160928,2026-08-01,tushare
603106.SH,603106,恒银科技,801750.SI,计算机,801101.SI,计算机设备,850703.SI,其他计算机设备,20170907,2026-08-01,tushare
688188.SH,688188,柏楚电子,801750.SI,计算机,801101.SI,计算机设备,850703.SI,其他计算机设备,20190724,2026-08-01,tushare
688288.SH,688288,鸿泉技术,801750.SI,计算机,801101.SI,计算机设备,850703.SI,其他计算机设备,20191023,2026-08-01,tushare
300789.SZ,300789,唐源电气,801750.SI,计算机,801101.SI,计算机设备,850703.SI,其他计算机设备,20190819,2026-08-01,tushare
300771.SZ,300771,智莱科技,801750.SI,计算机,801101.SI,计算机设备,850703.SI,其他计算机设备,20190404,2026-08-01,tushare
300807.SZ,300807,天迈科技,801750.SI,计算机,801101.SI,计算机设备,850703.SI,其他计算机设备,20191205,2026-08-01,tushare
688060.SH,688060,云涌科技,801750.SI,计算机,801101.SI,计算机设备,850703.SI,其他计算机设备,20200624,2026-08-01,tushare
688208.SH,688208,道通科技,801750.SI,计算机,801101.SI,计算机设备,850703.SI,其他计算机设备,20200122,2026-08-01,tushare
603516.SH,603516,淳中科技,801750.SI,计算机,801101.SI,计算机设备,850703.SI,其他计算机设备,20180129,2026-08-01,tushare
301391.SZ,301391,卡莱特,801750.SI,计算机,801101.SI,计算机设备,850703.SI,其他计算机设备,20221121,2026-08-01,tushare
002970.SZ,002970,锐明技术,801750.SI,计算机,801101.SI,计算机设备,850703.SI,其他计算机设备,20191129,2026-08-01,tushare
300845.SZ,300845,捷安高科,801750.SI,计算机,801101.SI,计算机设备,850703.SI,其他计算机设备,20200618,2026-08-01,tushare
300941.SZ,300941,创识科技,801750.SI,计算机,801101.SI,计算机设备,850703.SI,其他计算机设备,20210129,2026-08-01,tushare
002990.SZ,002990,盛视科技,801750.SI,计算机,801101.SI,计算机设备,850703.SI,其他计算机设备,20200513,2026-08-01,tushare
920090.BJ,920090.BJ,*ST同辉,801750.SI,计算机,801101.SI,计算机设备,850703.SI,其他计算机设备,20230410,2026-08-01,tushare
001229.SZ,001229,魅视科技,801750.SI,计算机,801101.SI,计算机设备,850703.SI,其他计算机设备,20220725,2026-08-01,tushare
001339.SZ,001339,智微智能,801750.SI,计算机,801101.SI,计算机设备,850703.SI,其他计算机设备,20220805,2026-08-01,tushare
300455.SZ,300455,航天智装,801750.SI,计算机,801101.SI,计算机设备,850703.SI,其他计算机设备,20170629,2026-08-01,tushare
300551.SZ,300551,古鳌科技,801750.SI,计算机,801101.SI,计算机设备,850703.SI,其他计算机设备,20210518,2026-08-01,tushare
300645.SZ,300645,正元智慧,801750.SI,计算机,801101.SI,计算机设备,850703.SI,其他计算机设备,20210730,2026-08-01,tushare
301503.SZ,301503,智迪科技,801750.SI,计算机,801101.SI,计算机设备,850703.SI,其他计算机设备,20230630,2026-08-01,tushare
300249.SZ,300249,依米康,801750.SI,计算机,801101.SI,计算机设备,850703.SI,其他计算机设备,20210730,2026-08-01,tushare
002180.SZ,002180,奔图科技,801750.SI,计算机,801101.SI,计算机设备,850703.SI,其他计算机设备,20230317,2026-08-01,tushare
300743.SZ,300743,天地数码,801750.SI,计算机,801101.SI,计算机设备,850703.SI,其他计算机设备,20210730,2026-08-01,tushare
300324.SZ,300324,旋极信息,801750.SI,计算机,801101.SI,计算机设备,850703.SI,其他计算机设备,20210730,2026-08-01,tushare
300248.SZ,300248,新开普,801750.SI,计算机,801101.SI,计算机设备,850703.SI,其他计算机设备,20210730,2026-08-01,tushare
300042.SZ,300042,朗科科技,801750.SI,计算机,801101.SI,计算机设备,850703.SI,其他计算机设备,20091221,2026-08-01,tushare
300462.SZ,300462,ST华铭,801750.SI,计算机,801101.SI,计算机设备,850703.SI,其他计算机设备,20150126,2026-08-01,tushare
300508.SZ,300508,维宏股份,801750.SI,计算机,801101.SI,计算机设备,850703.SI,其他计算机设备,20210730,2026-08-01,tushare
688292.SH,688292,浩瀚深度,801750.SI,计算机,801101.SI,计算机设备,850703.SI,其他计算机设备,20240517,2026-08-01,tushare
301600.SZ,301600,慧翰股份,801750.SI,计算机,801101.SI,计算机设备,850703.SI,其他计算机设备,20240830,2026-08-01,tushare
920808.BJ,920808.BJ,曙光数创,801750.SI,计算机,801101.SI,计算机设备,850703.SI,其他计算机设备,20221123,2026-08-01,tushare
920190.BJ,920190.BJ,雷神科技,801750.SI,计算机,801101.SI,计算机设备,850703.SI,其他计算机设备,20221227,2026-08-01,tushare
301608.SZ,301608,博实结,801750.SI,计算机,801101.SI,计算机设备,850703.SI,其他计算机设备,20240712,2026-08-01,tushare
002869.SZ,002869,金溢科技,801750.SI,计算机,801101.SI,计算机设备,850703.SI,其他计算机设备,20240730,2026-08-01,tushare
300847.SZ,300847,中船汉光,801750.SI,计算机,801101.SI,计算机设备,850703.SI,其他计算机设备,20240730,2026-08-01,tushare
301589.SZ,301589,诺瓦星云,801750.SI,计算机,801101.SI,计算机设备,850703.SI,其他计算机设备,20240126,2026-08-01,tushare
002308.SZ,002308,*ST威创(退市),801750.SI,计算机,801101.SI,计算机设备,850703.SI,其他计算机设备,20091109,2026-08-01,tushare
300202.SZ,300202,聚龙退(退市),801750.SI,计算机,801101.SI,计算机设备,850703.SI,其他计算机设备,20110406,2026-08-01,tushare
688086.SH,688086,退市紫晶(退市),801750.SI,计算机,801101.SI,计算机设备,850703.SI,其他计算机设备,20200204,2026-08-01,tushare
300330.SZ,300330,计通退(退市),801750.SI,计算机,801101.SI,计算机设备,850703.SI,其他计算机设备,20210730,2026-08-01,tushare
600850.SH,600850,电科数字,801750.SI,计算机,801103.SI,IT服务Ⅱ,852226.SI,IT服务Ⅲ,19940324,2026-08-01,tushare
603859.SH,603859,能科科技,801750.SI,计算机,801103.SI,IT服务Ⅱ,852226.SI,IT服务Ⅲ,20220729,2026-08-01,tushare
600718.SH,600718,东软集团,801750.SI,计算机,801103.SI,IT服务Ⅱ,852226.SI,IT服务Ⅲ,19960618,2026-08-01,tushare
000034.SZ,000034,神州数码,801750.SI,计算机,801103.SI,IT服务Ⅱ,852226.SI,IT服务Ⅲ,19931018,2026-08-01,tushare
688327.SH,688327,云从科技-UW,801750.SI,计算机,801103.SI,IT服务Ⅱ,852226.SI,IT服务Ⅲ,20220429,2026-08-01,tushare
600797.SH,600797,浙大网新,801750.SI,计算机,801103.SI,IT服务Ⅱ,852226.SI,IT服务Ⅲ,19970325,2026-08-01,tushare
000938.SZ,000938,紫光股份,801750.SI,计算机,801103.SI,IT服务Ⅱ,852226.SI,IT服务Ⅲ,19991104,2026-08-01,tushare
301316.SZ,301316,慧博云通,801750.SI,计算机,801103.SI,IT服务Ⅱ,852226.SI,IT服务Ⅲ,20220916,2026-08-01,tushare
600571.SH,600571,信雅达,801750.SI,计算机,801103.SI,IT服务Ⅱ,852226.SI,IT服务Ⅲ,20021031,2026-08-01,tushare
600410.SH,600410,华胜天成,801750.SI,计算机,801103.SI,IT服务Ⅱ,852226.SI,IT服务Ⅲ,20040423,2026-08-01,tushare
600271.SH,600271,航天信息,801750.SI,计算机,801103.SI,IT服务Ⅱ,852226.SI,IT服务Ⅲ,20030707,2026-08-01,tushare
600476.SH,600476,*ST湘邮,801750.SI,计算机,801103.SI,IT服务Ⅱ,852226.SI,IT服务Ⅲ,20031205,2026-08-01,tushare
600446.SH,600446,金证股份,801750.SI,计算机,801103.SI,IT服务Ⅱ,852226.SI,IT服务Ⅲ,20031219,2026-08-01,tushare
002065.SZ,002065,东华软件,801750.SI,计算机,801103.SI,IT服务Ⅱ,852226.SI,IT服务Ⅲ,20060808,2026-08-01,tushare
002195.SZ,002195,岩山科技,801750.SI,计算机,801103.SI,IT服务Ⅱ,852226.SI,IT服务Ⅲ,20071211,2026-08-01,tushare
002421.SZ,002421,达实智能,801750.SI,计算机,801103.SI,IT服务Ⅱ,852226.SI,IT服务Ⅲ,20100520,2026-08-01,tushare
300079.SZ,300079,数码视讯,801750.SI,计算机,801103.SI,IT服务Ⅱ,852226.SI,IT服务Ⅲ,20100422,2026-08-01,tushare
002474.SZ,002474,榕基软件,801750.SI,计算机,801103.SI,IT服务Ⅱ,852226.SI,IT服务Ⅲ,20100906,2026-08-01,tushare
002380.SZ,002380,科远智慧,801750.SI,计算机,801103.SI,IT服务Ⅱ,852226.SI,IT服务Ⅲ,20100312,2026-08-01,tushare
300150.SZ,300150,世纪瑞尔,801750.SI,计算机,801103.SI,IT服务Ⅱ,852226.SI,IT服务Ⅲ,20101213,2026-08-01,tushare
300264.SZ,300264,佳创视讯,801750.SI,计算机,801103.SI,IT服务Ⅱ,852226.SI,IT服务Ⅲ,20110906,2026-08-01,tushare
002649.SZ,002649,博彦科技,801750.SI,计算机,801103.SI,IT服务Ⅱ,852226.SI,IT服务Ⅲ,20111226,2026-08-01,tushare
002232.SZ,002232,启明信息,801750.SI,计算机,801103.SI,IT服务Ⅱ,852226.SI,IT服务Ⅲ,20080417,2026-08-01,tushare
002331.SZ,002331,皖通科技,801750.SI,计算机,801103.SI,IT服务Ⅱ,852226.SI,IT服务Ⅲ,20091216,2026-08-01,tushare
300017.SZ,300017,网宿科技,801750.SI,计算机,801103.SI,IT服务Ⅱ,852226.SI,IT服务Ⅲ,20091012,2026-08-01,tushare
300020.SZ,300020,ST银江,801750.SI,计算机,801103.SI,IT服务Ⅱ,852226.SI,IT服务Ⅲ,20091016,2026-08-01,tushare
300044.SZ,300044,*ST赛为,801750.SI,计算机,801103.SI,IT服务Ⅱ,852226.SI,IT服务Ⅲ,20091229,2026-08-01,tushare
002401.SZ,002401,中远海科,801750.SI,计算机,801103.SI,IT服务Ⅱ,852226.SI,IT服务Ⅲ,20100505,2026-08-01,tushare
002373.SZ,002373,千方科技,801750.SI,计算机,801103.SI,IT服务Ⅱ,852226.SI,IT服务Ⅲ,20100301,2026-08-01,tushare
688251.SH,688251,井松智能,801750.SI,计算机,801103.SI,IT服务Ⅱ,852226.SI,IT服务Ⅲ,20220520,2026-08-01,tushare
300096.SZ,300096,ST易联众,801750.SI,计算机,801103.SI,IT服务Ⅱ,852226.SI,IT服务Ⅲ,20100722,2026-08-01,tushare
300245.SZ,300245,ST天玑,801750.SI,计算机,801103.SI,IT服务Ⅱ,852226.SI,IT服务Ⅲ,20110711,2026-08-01,tushare
002642.SZ,002642,荣联科技,801750.SI,计算机,801103.SI,IT服务Ⅱ,852226.SI,IT服务Ⅲ,20111208,2026-08-01,tushare
300250.SZ,300250,初灵信息,801750.SI,计算机,801103.SI,IT服务Ⅱ,852226.SI,IT服务Ⅲ,20110725,2026-08-01,tushare
300231.SZ,300231,银信科技,801750.SI,计算机,801103.SI,IT服务Ⅱ,852226.SI,IT服务Ⅲ,20110607,2026-08-01,tushare
300212.SZ,300212,*ST易录,801750.SI,计算机,801103.SI,IT服务Ⅱ,852226.SI,IT服务Ⅲ,20110425,2026-08-01,tushare
300168.SZ,300168,万达信息,801750.SI,计算机,801103.SI,IT服务Ⅱ,852226.SI,IT服务Ⅲ,20110114,2026-08-01,tushare
300166.SZ,300166,东方国信,801750.SI,计算机,801103.SI,IT服务Ⅱ,852226.SI,IT服务Ⅲ,20110114,2026-08-01,tushare
002609.SZ,002609,捷顺科技,801750.SI,计算机,801103.SI,IT服务Ⅱ,852226.SI,IT服务Ⅲ,20110803,2026-08-01,tushare
300271.SZ,300271,华宇软件,801750.SI,计算机,801103.SI,IT服务Ⅱ,852226.SI,IT服务Ⅲ,20111010,2026-08-01,tushare
300170.SZ,300170,汉得信息,801750.SI,计算机,801103.SI,IT服务Ⅱ,852226.SI,IT服务Ⅲ,20110124,2026-08-01,tushare
300167.SZ,300167,ST迪威迅,801750.SI,计算机,801103.SI,IT服务Ⅱ,852226.SI,IT服务Ⅲ,20110114,2026-08-01,tushare
300277.SZ,300277,汽轮科技,801750.SI,计算机,801103.SI,IT服务Ⅱ,852226.SI,IT服务Ⅲ,20111114,2026-08-01,tushare
000555.SZ,000555,神州信息,801750.SI,计算机,801103.SI,IT服务Ⅱ,852226.SI,IT服务Ⅲ,20090601,2026-08-01,tushare
300300.SZ,300300,海峡创新,801750.SI,计算机,801103.SI,IT服务Ⅱ,852226.SI,IT服务Ⅲ,20120307,2026-08-01,tushare
300339.SZ,300339,润和软件,801750.SI,计算机,801103.SI,IT服务Ⅱ,852226.SI,IT服务Ⅲ,20120710,2026-08-01,tushare
300287.SZ,300287,飞利信,801750.SI,计算机,801103.SI,IT服务Ⅱ,852226.SI,IT服务Ⅲ,20120116,2026-08-01,tushare
300288.SZ,300288,朗玛信息,801750.SI,计算机,801103.SI,IT服务Ⅱ,852226.SI,IT服务Ⅲ,20120116,2026-08-01,tushare
300290.SZ,300290,ST荣科,801750.SI,计算机,801103.SI,IT服务Ⅱ,852226.SI,IT服务Ⅲ,20120208,2026-08-01,tushare
002657.SZ,002657,中科金财,801750.SI,计算机,801103.SI,IT服务Ⅱ,852226.SI,IT服务Ⅲ,20120220,2026-08-01,tushare
301218.SZ,301218,华是科技,801750.SI,计算机,801103.SI,IT服务Ⅱ,852226.SI,IT服务Ⅲ,20220225,2026-08-01,tushare
301236.SZ,301236,软通动力,801750.SI,计算机,801103.SI,IT服务Ⅱ,852226.SI,IT服务Ⅲ,20220225,2026-08-01,tushare
688207.SH,688207,格灵深瞳,801750.SI,计算机,801103.SI,IT服务Ⅱ,852226.SI,IT服务Ⅲ,20220225,2026-08-01,tushare
300419.SZ,300419,ST浩丰,801750.SI,计算机,801103.SI,IT服务Ⅱ,852226.SI,IT服务Ⅲ,20150115,2026-08-01,tushare
300440.SZ,300440,运达科技,801750.SI,计算机,801103.SI,IT服务Ⅱ,852226.SI,IT服务Ⅲ,20150413,2026-08-01,tushare
300448.SZ,300448,浩云科技,801750.SI,计算机,801103.SI,IT服务Ⅱ,852226.SI,IT服务Ⅲ,20150113,2026-08-01,tushare
301396.SZ,301396,宏景科技,801750.SI,计算机,801103.SI,IT服务Ⅱ,852226.SI,IT服务Ⅲ,20221028,2026-08-01,tushare
300523.SZ,300523,辰安科技,801750.SI,计算机,801103.SI,IT服务Ⅱ,852226.SI,IT服务Ⅲ,20160718,2026-08-01,tushare
300532.SZ,300532,今天国际,801750.SI,计算机,801103.SI,IT服务Ⅱ,852226.SI,IT服务Ⅲ,20160804,2026-08-01,tushare
300541.SZ,300541,先进数通,801750.SI,计算机,801103.SI,IT服务Ⅱ,852226.SI,IT服务Ⅲ,20160907,2026-08-01,tushare
688227.SH,688227,品高股份,801750.SI,计算机,801103.SI,IT服务Ⅱ,852226.SI,IT服务Ⅲ,20211217,2026-08-01,tushare
300678.SZ,300678,中科信息,801750.SI,计算机,801103.SI,IT服务Ⅱ,852226.SI,IT服务Ⅲ,20170712,2026-08-01,tushare
300682.SZ,300682,朗新科技,801750.SI,计算机,801103.SI,IT服务Ⅱ,852226.SI,IT服务Ⅲ,20170726,2026-08-01,tushare
000158.SZ,000158,常山北明,801750.SI,计算机,801103.SI,IT服务Ⅱ,852226.SI,IT服务Ⅲ,20170629,2026-08-01,tushare
300609.SZ,300609,汇纳科技,801750.SI,计算机,801103.SI,IT服务Ⅱ,852226.SI,IT服务Ⅲ,20170119,2026-08-01,tushare
300496.SZ,300496,中科创达,801750.SI,计算机,801103.SI,IT服务Ⅱ,852226.SI,IT服务Ⅲ,20151210,2026-08-01,tushare
603138.SH,603138,海量数据,801750.SI,计算机,801103.SI,IT服务Ⅱ,852226.SI,IT服务Ⅲ,20170214,2026-08-01,tushare
300634.SZ,300634,彩讯股份,801750.SI,计算机,801103.SI,IT服务Ⅱ,852226.SI,IT服务Ⅲ,20180323,2026-08-01,tushare
300687.SZ,300687,赛意信息,801750.SI,计算机,801103.SI,IT服务Ⅱ,852226.SI,IT服务Ⅲ,20170726,2026-08-01,tushare
603869.SH,603869,ST智知,801750.SI,计算机,801103.SI,IT服务Ⅱ,852226.SI,IT服务Ⅲ,20190724,2026-08-01,tushare
688088.SH,688088,虹软科技,801750.SI,计算机,801103.SI,IT服务Ⅱ,852226.SI,IT服务Ⅲ,20190708,2026-08-01,tushare
688039.SH,688039,当虹科技,801750.SI,计算机,801103.SI,IT服务Ⅱ,852226.SI,IT服务Ⅲ,20191129,2026-08-01,tushare
688066.SH,688066,*ST航图,801750.SI,计算机,801103.SI,IT服务Ⅱ,852226.SI,IT服务Ⅲ,20190711,2026-08-01,tushare
688258.SH,688258,卓易信息,801750.SI,计算机,801103.SI,IT服务Ⅱ,852226.SI,IT服务Ⅲ,20191120,2026-08-01,tushare
300895.SZ,300895,铜牛信息,801750.SI,计算机,801103.SI,IT服务Ⅱ,852226.SI,IT服务Ⅲ,20200909,2026-08-01,tushare
688229.SH,688229,博睿数据,801750.SI,计算机,801103.SI,IT服务Ⅱ,852226.SI,IT服务Ⅲ,20200731,2026-08-01,tushare
920116.BJ,920116.BJ,星图测控,801750.SI,计算机,801103.SI,IT服务Ⅱ,852226.SI,IT服务Ⅲ,20241224,2026-08-01,tushare
300078.SZ,300078,思创智联,801750.SI,计算机,801103.SI,IT服务Ⅱ,852226.SI,IT服务Ⅲ,20200907,2026-08-01,tushare
688228.SH,688228,开普云,801750.SI,计算机,801103.SI,IT服务Ⅱ,852226.SI,IT服务Ⅲ,20200310,2026-08-01,tushare
688004.SH,688004,博汇科技,801750.SI,计算机,801103.SI,IT服务Ⅱ,852226.SI,IT服务Ⅲ,20200602,2026-08-01,tushare
920130.BJ,920130.BJ,立方控股,801750.SI,计算机,801103.SI,IT服务Ⅱ,852226.SI,IT服务Ⅲ,20231120,2026-08-01,tushare
300674.SZ,300674,宇信科技,801750.SI,计算机,801103.SI,IT服务Ⅱ,852226.SI,IT服务Ⅲ,20181030,2026-08-01,tushare
688568.SH,688568,中科星图,801750.SI,计算机,801103.SI,IT服务Ⅱ,852226.SI,IT服务Ⅲ,20200624,2026-08-01,tushare
301248.SZ,301248,杰创智能,801750.SI,计算机,801103.SI,IT服务Ⅱ,852226.SI,IT服务Ⅲ,20220401,2026-08-01,tushare
688509.SH,688509,正元地信,801750.SI,计算机,801103.SI,IT服务Ⅱ,852226.SI,IT服务Ⅲ,20210723,2026-08-01,tushare
688158.SH,688158,优刻得-W,801750.SI,计算机,801103.SI,IT服务Ⅱ,852226.SI,IT服务Ⅲ,20200106,2026-08-01,tushare
605398.SH,605398,新炬网络,801750.SI,计算机,801103.SI,IT服务Ⅱ,852226.SI,IT服务Ⅲ,20210114,2026-08-01,tushare
300872.SZ,300872,天阳科技,801750.SI,计算机,801103.SI,IT服务Ⅱ,852226.SI,IT服务Ⅲ,20200807,2026-08-01,tushare
688500.SH,688500,慧辰股份,801750.SI,计算机,801103.SI,IT服务Ⅱ,852226.SI,IT服务Ⅲ,20200706,2026-08-01,tushare
688365.SH,688365,光云科技,801750.SI,计算机,801103.SI,IT服务Ⅱ,852226.SI,IT服务Ⅲ,20200416,2026-08-01,tushare
300846.SZ,300846,首都在线,801750.SI,计算机,801103.SI,IT服务Ⅱ,852226.SI,IT服务Ⅲ,20200618,2026-08-01,tushare
920171.BJ,920171.BJ,志晟信息,801750.SI,计算机,801103.SI,IT服务Ⅱ,852226.SI,IT服务Ⅲ,20211115,2026-08-01,tushare
603918.SH,603918,金桥信息,801750.SI,计算机,801103.SI,IT服务Ⅱ,852226.SI,IT服务Ⅲ,20150126,2026-08-01,tushare
600536.SH,600536,中国软件,801750.SI,计算机,801103.SI,IT服务Ⅱ,852226.SI,IT服务Ⅲ,20020508,2026-08-01,tushare
603636.SH,603636,南威软件,801750.SI,计算机,801103.SI,IT服务Ⅱ,852226.SI,IT服务Ⅲ,20140120,2026-08-01,tushare
920305.BJ,920305.BJ,云创退,801750.SI,计算机,801103.SI,IT服务Ⅱ,852226.SI,IT服务Ⅲ,20230410,2026-08-01,tushare
920092.BJ,920092.BJ,汉鑫科技,801750.SI,计算机,801103.SI,IT服务Ⅱ,852226.SI,IT服务Ⅲ,20230410,2026-08-01,tushare
920564.BJ,920564.BJ,天润科技,801750.SI,计算机,801103.SI,IT服务Ⅱ,852226.SI,IT服务Ⅲ,20230410,2026-08-01,tushare
920184.BJ,920184.BJ,国源科技,801750.SI,计算机,801103.SI,IT服务Ⅱ,852226.SI,IT服务Ⅲ,20230410,2026-08-01,tushare
000409.SZ,000409,云鼎科技,801750.SI,计算机,801103.SI,IT服务Ⅱ,852226.SI,IT服务Ⅲ,20220729,2026-08-01,tushare
003005.SZ,003005,竞业达,801750.SI,计算机,801103.SI,IT服务Ⅱ,852226.SI,IT服务Ⅲ,20200907,2026-08-01,tushare
300399.SZ,300399,天利科技,801750.SI,计算机,801103.SI,IT服务Ⅱ,852226.SI,IT服务Ⅲ,20140127,2026-08-01,tushare
600756.SH,600756,浪潮软件,801750.SI,计算机,801103.SI,IT服务Ⅱ,852226.SI,IT服务Ⅲ,20010831,2026-08-01,tushare
600845.SH,600845,宝信软件,801750.SI,计算机,801103.SI,IT服务Ⅱ,852226.SI,IT服务Ⅲ,20020430,2026-08-01,tushare
002777.SZ,002777,久远银海,801750.SI,计算机,801103.SI,IT服务Ⅱ,852226.SI,IT服务Ⅲ,20151231,2026-08-01,tushare
600728.SH,600728,佳都科技,801750.SI,计算机,801103.SI,IT服务Ⅱ,852226.SI,IT服务Ⅲ,20000901,2026-08-01,tushare
301085.SZ,301085,亚康股份,801750.SI,计算机,801103.SI,IT服务Ⅱ,852226.SI,IT服务Ⅲ,20211015,2026-08-01,tushare
301638.SZ,301638,南网数字,801750.SI,计算机,801103.SI,IT服务Ⅱ,852226.SI,IT服务Ⅲ,20251107,2026-08-01,tushare
301556.SZ,301556,托普云农,801750.SI,计算机,801103.SI,IT服务Ⅱ,852226.SI,IT服务Ⅲ,20240920,2026-08-01,tushare
688787.SH,688787,海天瑞声,801750.SI,计算机,801103.SI,IT服务Ⅱ,852226.SI,IT服务Ⅲ,20210806,2026-08-01,tushare
301185.SZ,301185,鸥玛软件,801750.SI,计算机,801103.SI,IT服务Ⅱ,852226.SI,IT服务Ⅲ,20211105,2026-08-01,tushare
301178.SZ,301178,天亿马,801750.SI,计算机,801103.SI,IT服务Ⅱ,852226.SI,IT服务Ⅲ,20211105,2026-08-01,tushare
688562.SH,688562,航天软件,801750.SI,计算机,801103.SI,IT服务Ⅱ,852226.SI,IT服务Ⅲ,20230504,2026-08-01,tushare
688343.SH,688343,云天励飞-U,801750.SI,计算机,801103.SI,IT服务Ⅱ,852226.SI,IT服务Ⅲ,20230317,2026-08-01,tushare
301172.SZ,301172,君逸数码,801750.SI,计算机,801103.SI,IT服务Ⅱ,852226.SI,IT服务Ⅲ,20230714,2026-08-01,tushare
600131.SH,600131,国网信通,801750.SI,计算机,801103.SI,IT服务Ⅱ,852226.SI,IT服务Ⅲ,20210730,2026-08-01,tushare
688316.SH,688316,青云科技-U,801750.SI,计算机,801103.SI,IT服务Ⅱ,852226.SI,IT服务Ⅲ,20210301,2026-08-01,tushare
688051.SH,688051,佳华科技,801750.SI,计算机,801103.SI,IT服务Ⅱ,852226.SI,IT服务Ⅲ,20200309,2026-08-01,tushare
603171.SH,603171,税友股份,801750.SI,计算机,801103.SI,IT服务Ⅱ,852226.SI,IT服务Ⅲ,20210615,2026-08-01,tushare
002771.SZ,002771,真视通,801750.SI,计算机,801103.SI,IT服务Ⅱ,852226.SI,IT服务Ⅲ,20150119,2026-08-01,tushare
002368.SZ,002368,太极股份,801750.SI,计算机,801103.SI,IT服务Ⅱ,852226.SI,IT服务Ⅲ,20100222,2026-08-01,tushare
301208.SZ,301208,中亦科技,801750.SI,计算机,801103.SI,IT服务Ⅱ,852226.SI,IT服务Ⅲ,20220701,2026-08-01,tushare
002908.SZ,002908,德生科技,801750.SI,计算机,801103.SI,IT服务Ⅱ,852226.SI,IT服务Ⅲ,20230522,2026-08-01,tushare
603887.SH,603887,城地香江,801750.SI,计算机,801103.SI,IT服务Ⅱ,852226.SI,IT服务Ⅲ,20210730,2026-08-01,tushare
600589.SH,600589,大位科技,801750.SI,计算机,801103.SI,IT服务Ⅱ,852226.SI,IT服务Ⅲ,20240723,2026-08-01,tushare
920748.BJ,920748.BJ,路桥信息,801750.SI,计算机,801103.SI,IT服务Ⅱ,852226.SI,IT服务Ⅲ,20230816,2026-08-01,tushare
920953.BJ,920953.BJ,国子软件,801750.SI,计算机,801103.SI,IT服务Ⅱ,852226.SI,IT服务Ⅲ,20230816,2026-08-01,tushare
920790.BJ,920790.BJ,联迪信息,801750.SI,计算机,801103.SI,IT服务Ⅱ,852226.SI,IT服务Ⅲ,20220829,2026-08-01,tushare
920493.BJ,920493.BJ,并行科技,801750.SI,计算机,801103.SI,IT服务Ⅱ,852226.SI,IT服务Ⅲ,20231030,2026-08-01,tushare
920227.BJ,920227.BJ,美登科技,801750.SI,计算机,801103.SI,IT服务Ⅱ,852226.SI,IT服务Ⅲ,20221227,2026-08-01,tushare
920806.BJ,920806.BJ,云星宇,801750.SI,计算机,801103.SI,IT服务Ⅱ,852226.SI,IT服务Ⅲ,20240111,2026-08-01,tushare
000815.SZ,000815,美利云,801750.SI,计算机,801103.SI,IT服务Ⅱ,852226.SI,IT服务Ⅲ,20240730,2026-08-01,tushare
002417.SZ,002417,深南退(退市),801750.SI,计算机,801103.SI,IT服务Ⅱ,852226.SI,IT服务Ⅲ,20100528,2026-08-01,tushare
000805.SZ,000805,*ST炎黄(退市),801750.SI,计算机,801103.SI,IT服务Ⅱ,852226.SI,IT服务Ⅲ,19980529,2026-08-01,tushare
000787.SZ,000787,*ST创智(退市),801750.SI,计算机,801103.SI,IT服务Ⅱ,852226.SI,IT服务Ⅲ,19970626,2026-08-01,tushare
300297.SZ,300297,蓝盾退(退市),801750.SI,计算机,801103.SI,IT服务Ⅱ,852226.SI,IT服务Ⅲ,20120305,2026-08-01,tushare
000606.SZ,000606,顺利退(退市),801750.SI,计算机,801103.SI,IT服务Ⅱ,852226.SI,IT服务Ⅲ,20170629,2026-08-01,tushare
603003.SH,603003,退市龙宇(退市),801750.SI,计算机,801103.SI,IT服务Ⅱ,852226.SI,IT服务Ⅲ,20210730,2026-08-01,tushare
600767.SH,600767,退市运盛(退市),801750.SI,计算机,801103.SI,IT服务Ⅱ,852226.SI,IT服务Ⅲ,20220729,2026-08-01,tushare
600225.SH,600225,退市卓朗(退市),801750.SI,计算机,801103.SI,IT服务Ⅱ,852226.SI,IT服务Ⅲ,20220729,2026-08-01,tushare
000583.SZ,000583,S*ST托普(退市),801750.SI,计算机,801103.SI,IT服务Ⅱ,852226.SI,IT服务Ⅲ,19951101,2026-08-01,tushare
600799.SH,600799,*ST龙科(退市),801750.SI,计算机,801103.SI,IT服务Ⅱ,852226.SI,IT服务Ⅲ,19990901,2026-08-01,tushare
000503.SZ,000503,国新健康,801750.SI,计算机,801104.SI,软件开发,851041.SI,垂直应用软件,19921130,2026-08-01,tushare
301153.SZ,301153,中科江南,801750.SI,计算机,801104.SI,软件开发,851041.SI,垂直应用软件,20220429,2026-08-01,tushare
000948.SZ,000948,南天信息,801750.SI,计算机,801104.SI,软件开发,851041.SI,垂直应用软件,19991014,2026-08-01,tushare
600570.SH,600570,恒生电子,801750.SI,计算机,801104.SI,软件开发,851041.SI,垂直应用软件,20031211,2026-08-01,tushare
002063.SZ,002063,远光软件,801750.SI,计算机,801104.SI,软件开发,851041.SI,垂直应用软件,20060823,2026-08-01,tushare
002153.SZ,002153,石基信息,801750.SI,计算机,801104.SI,软件开发,851041.SI,垂直应用软件,20070810,2026-08-01,tushare
300074.SZ,300074,华平股份,801750.SI,计算机,801104.SI,软件开发,851041.SI,垂直应用软件,20100416,2026-08-01,tushare
300209.SZ,300209,行云科技,801750.SI,计算机,801104.SI,软件开发,851041.SI,垂直应用软件,20110418,2026-08-01,tushare
002253.SZ,002253,川大智胜,801750.SI,计算机,801104.SI,软件开发,851041.SI,垂直应用软件,20080602,2026-08-01,tushare
300033.SZ,300033,同花顺,801750.SI,计算机,801104.SI,软件开发,851041.SI,垂直应用软件,20091210,2026-08-01,tushare
300047.SZ,300047,天源迪科,801750.SI,计算机,801104.SI,软件开发,851041.SI,垂直应用软件,20091229,2026-08-01,tushare
002405.SZ,002405,四维图新,801750.SI,计算机,801104.SI,软件开发,851041.SI,垂直应用软件,20100512,2026-08-01,tushare
002362.SZ,002362,汉王科技,801750.SI,计算机,801104.SI,软件开发,851041.SI,垂直应用软件,20100203,2026-08-01,tushare
300085.SZ,300085,银之杰,801750.SI,计算机,801104.SI,软件开发,851041.SI,垂直应用软件,20100512,2026-08-01,tushare
002410.SZ,002410,广联达,801750.SI,计算机,801104.SI,软件开发,851041.SI,垂直应用软件,20100512,2026-08-01,tushare
300226.SZ,300226,上海钢联,801750.SI,计算机,801104.SI,软件开发,851041.SI,垂直应用软件,20110530,2026-08-01,tushare
601519.SH,601519,大智慧,801750.SI,计算机,801104.SI,软件开发,851041.SI,垂直应用软件,20110119,2026-08-01,tushare
300380.SZ,300380,安硕信息,801750.SI,计算机,801104.SI,软件开发,851041.SI,垂直应用软件,20140122,2026-08-01,tushare
300229.SZ,300229,拓尔思,801750.SI,计算机,801104.SI,软件开发,851041.SI,垂直应用软件,20110607,2026-08-01,tushare
300188.SZ,300188,国投智能,801750.SI,计算机,801104.SI,软件开发,851041.SI,垂直应用软件,20110307,2026-08-01,tushare
300235.SZ,300235,方直科技,801750.SI,计算机,801104.SI,软件开发,851041.SI,垂直应用软件,20110620,2026-08-01,tushare
300253.SZ,300253,卫宁健康,801750.SI,计算机,801104.SI,软件开发,851041.SI,垂直应用软件,20110805,2026-08-01,tushare
300348.SZ,300348,长亮科技,801750.SI,计算机,801104.SI,软件开发,851041.SI,垂直应用软件,20120808,2026-08-01,tushare
300352.SZ,300352,ST信源,801750.SI,计算机,801104.SI,软件开发,851041.SI,垂直应用软件,20120904,2026-08-01,tushare
300451.SZ,300451,创业慧康,801750.SI,计算机,801104.SI,软件开发,851041.SI,垂直应用软件,20150106,2026-08-01,tushare
301159.SZ,301159,三维天地,801750.SI,计算机,801104.SI,软件开发,851041.SI,垂直应用软件,20211224,2026-08-01,tushare
603990.SH,603990,麦迪科技,801750.SI,计算机,801104.SI,软件开发,851041.SI,垂直应用软件,20161201,2026-08-01,tushare
603528.SH,603528,多伦科技,801750.SI,计算机,801104.SI,软件开发,851041.SI,垂直应用软件,20160418,2026-08-01,tushare
603189.SH,603189,*ST网达,801750.SI,计算机,801104.SI,软件开发,851041.SI,垂直应用软件,20160907,2026-08-01,tushare
300520.SZ,300520,科大国创,801750.SI,计算机,801104.SI,软件开发,851041.SI,垂直应用软件,20160624,2026-08-01,tushare
300377.SZ,300377,赢时胜,801750.SI,计算机,801104.SI,软件开发,851041.SI,垂直应用软件,20140108,2026-08-01,tushare
300366.SZ,300366,ST创意,801750.SI,计算机,801104.SI,软件开发,851041.SI,垂直应用软件,20140108,2026-08-01,tushare
603383.SH,603383,顶点软件,801750.SI,计算机,801104.SI,软件开发,851041.SI,垂直应用软件,20170504,2026-08-01,tushare
300663.SZ,300663,科蓝软件,801750.SI,计算机,801104.SI,软件开发,851041.SI,垂直应用软件,20170522,2026-08-01,tushare
300469.SZ,300469,信息发展,801750.SI,计算机,801104.SI,软件开发,851041.SI,垂直应用软件,20150611,2026-08-01,tushare
300608.SZ,300608,思特奇,801750.SI,计算机,801104.SI,软件开发,851041.SI,垂直应用软件,20170124,2026-08-01,tushare
603232.SH,603232,格尔软件,801750.SI,计算机,801104.SI,软件开发,851041.SI,垂直应用软件,20170419,2026-08-01,tushare
300525.SZ,300525,博思软件,801750.SI,计算机,801104.SI,软件开发,851041.SI,垂直应用软件,20160718,2026-08-01,tushare
300542.SZ,300542,新晨科技,801750.SI,计算机,801104.SI,软件开发,851041.SI,垂直应用软件,20160907,2026-08-01,tushare
300550.SZ,300550,和仁科技,801750.SI,计算机,801104.SI,软件开发,851041.SI,垂直应用软件,20161017,2026-08-01,tushare
300556.SZ,300556,丝路视觉,801750.SI,计算机,801104.SI,软件开发,851041.SI,垂直应用软件,20161028,2026-08-01,tushare
300559.SZ,300559,佳发教育,801750.SI,计算机,801104.SI,软件开发,851041.SI,垂直应用软件,20161028,2026-08-01,tushare
300730.SZ,300730,科创信息,801750.SI,计算机,801104.SI,软件开发,851041.SI,垂直应用软件,20171121,2026-08-01,tushare
002920.SZ,002920,德赛西威,801750.SI,计算机,801104.SI,软件开发,851041.SI,垂直应用软件,20171208,2026-08-01,tushare
688118.SH,688118,普元信息,801750.SI,计算机,801104.SI,软件开发,851041.SI,垂直应用软件,20191120,2026-08-01,tushare
603927.SH,603927,中科软,801750.SI,计算机,801104.SI,软件开发,851041.SI,垂直应用软件,20190822,2026-08-01,tushare
300925.SZ,300925,法本信息,801750.SI,计算机,801104.SI,软件开发,851041.SI,垂直应用软件,20201214,2026-08-01,tushare
688588.SH,688588,凌志软件,801750.SI,计算机,801104.SI,软件开发,851041.SI,垂直应用软件,20200427,2026-08-01,tushare
688579.SH,688579,地纬智能,801750.SI,计算机,801104.SI,软件开发,851041.SI,垂直应用软件,20200629,2026-08-01,tushare
688590.SH,688590,新致软件,801750.SI,计算机,801104.SI,软件开发,851041.SI,垂直应用软件,20201125,2026-08-01,tushare
003007.SZ,003007,直真科技,801750.SI,计算机,801104.SI,软件开发,851041.SI,垂直应用软件,20200914,2026-08-01,tushare
300803.SZ,300803,指南针,801750.SI,计算机,801104.SI,软件开发,851041.SI,垂直应用软件,20191101,2026-08-01,tushare
300830.SZ,300830,金现代,801750.SI,计算机,801104.SI,软件开发,851041.SI,垂直应用软件,20200416,2026-08-01,tushare
688318.SH,688318,财富趋势,801750.SI,计算机,801104.SI,软件开发,851041.SI,垂直应用软件,20200413,2026-08-01,tushare
301162.SZ,301162,国能日新,801750.SI,计算机,801104.SI,软件开发,851041.SI,垂直应用软件,20220401,2026-08-01,tushare
300996.SZ,300996,普联软件,801750.SI,计算机,801104.SI,软件开发,851041.SI,垂直应用软件,20210518,2026-08-01,tushare
688038.SH,688038,中科通达,801750.SI,计算机,801104.SI,软件开发,851041.SI,垂直应用软件,20210705,2026-08-01,tushare
688296.SH,688296,和达科技,801750.SI,计算机,801104.SI,软件开发,851041.SI,垂直应用软件,20210709,2026-08-01,tushare
688109.SH,688109,品茗科技,801750.SI,计算机,801104.SI,软件开发,851041.SI,垂直应用软件,20210312,2026-08-01,tushare
688171.SH,688171,纬德信息,801750.SI,计算机,801104.SI,软件开发,851041.SI,垂直应用软件,20220114,2026-08-01,tushare
300935.SZ,300935,盈建科,801750.SI,计算机,801104.SI,软件开发,851041.SI,垂直应用软件,20210119,2026-08-01,tushare
002261.SZ,002261,拓维信息,801750.SI,计算机,801104.SI,软件开发,851041.SI,垂直应用软件,20220121,2026-08-01,tushare
003029.SZ,003029,吉大正元,801750.SI,计算机,801104.SI,软件开发,851041.SI,垂直应用软件,20201214,2026-08-01,tushare
002987.SZ,002987,京北方,801750.SI,计算机,801104.SI,软件开发,851041.SI,垂直应用软件,20200416,2026-08-01,tushare
920799.BJ,920799.BJ,艾融软件,801750.SI,计算机,801104.SI,软件开发,851041.SI,垂直应用软件,20200727,2026-08-01,tushare
920415.BJ,920415.BJ,恒拓开源,801750.SI,计算机,801104.SI,软件开发,851041.SI,垂直应用软件,20200727,2026-08-01,tushare
300561.SZ,300561,汇金科技,801750.SI,计算机,801104.SI,软件开发,851041.SI,垂直应用软件,20161107,2026-08-01,tushare
300605.SZ,300605,恒锋信息,801750.SI,计算机,801104.SI,软件开发,851041.SI,垂直应用软件,20170116,2026-08-01,tushare
688291.SH,688291,金橙子,801750.SI,计算机,801104.SI,软件开发,851041.SI,垂直应用软件,20220930,2026-08-01,tushare
688206.SH,688206,概伦电子,801750.SI,计算机,801104.SI,软件开发,851041.SI,垂直应用软件,20221111,2026-08-01,tushare
301378.SZ,301378,通达海,801750.SI,计算机,801104.SI,软件开发,851041.SI,垂直应用软件,20230224,2026-08-01,tushare
688507.SH,688507,索辰科技,801750.SI,计算机,801104.SI,软件开发,851041.SI,垂直应用软件,20230331,2026-08-01,tushare
301337.SZ,301337,亚华电子,801750.SI,计算机,801104.SI,软件开发,851041.SI,垂直应用软件,20230504,2026-08-01,tushare
688479.SH,688479,友车科技,801750.SI,计算机,801104.SI,软件开发,851041.SI,垂直应用软件,20230504,2026-08-01,tushare
300579.SZ,300579,数字认证,801750.SI,计算机,801104.SI,软件开发,851041.SI,垂直应用软件,20161212,2026-08-01,tushare
300468.SZ,300468,四方精创,801750.SI,计算机,801104.SI,软件开发,851041.SI,垂直应用软件,20150126,2026-08-01,tushare
300598.SZ,300598,诚迈科技,801750.SI,计算机,801104.SI,软件开发,851041.SI,垂直应用软件,20170116,2026-08-01,tushare
688326.SH,688326,经纬恒润-W,801750.SI,计算机,801104.SI,软件开发,851041.SI,垂直应用软件,20220330,2026-08-01,tushare
688246.SH,688246,嘉和美康,801750.SI,计算机,801104.SI,软件开发,851041.SI,垂直应用软件,20211203,2026-08-01,tushare
301269.SZ,301269,华大九天,801750.SI,计算机,801104.SI,软件开发,851041.SI,垂直应用软件,20220715,2026-08-01,tushare
600455.SH,600455,博通股份,801750.SI,计算机,801104.SI,软件开发,851041.SI,垂直应用软件,20180713,2026-08-01,tushare
600602.SH,600602,云赛智联,801750.SI,计算机,801104.SI,软件开发,851041.SI,垂直应用软件,20180619,2026-08-01,tushare
600654.SH,600654,中安科,801750.SI,计算机,801104.SI,软件开发,851041.SI,垂直应用软件,20180619,2026-08-01,tushare
301095.SZ,301095,广立微,801750.SI,计算机,801104.SI,软件开发,851041.SI,垂直应用软件,20220725,2026-08-01,tushare
301195.SZ,301195,北路智控,801750.SI,计算机,801104.SI,软件开发,851041.SI,垂直应用软件,20220725,2026-08-01,tushare
002298.SZ,002298,中电鑫龙,801750.SI,计算机,801104.SI,软件开发,851041.SI,垂直应用软件,20210730,2026-08-01,tushare
688232.SH,688232,新点软件,801750.SI,计算机,801104.SI,软件开发,851041.SI,垂直应用软件,20211105,2026-08-01,tushare
688631.SH,688631,莱斯信息,801750.SI,计算机,801104.SI,软件开发,851041.SI,垂直应用软件,20230609,2026-08-01,tushare
920592.BJ,920592.BJ,华信永道,801750.SI,计算机,801104.SI,软件开发,851041.SI,垂直应用软件,20230710,2026-08-01,tushare
688078.SH,688078,龙软科技,801750.SI,计算机,801104.SI,软件开发,851041.SI,垂直应用软件,20230704,2026-08-01,tushare
688083.SH,688083,中望软件,801750.SI,计算机,801104.SI,软件开发,851041.SI,垂直应用软件,20210301,2026-08-01,tushare
300075.SZ,300075,数字政通,801750.SI,计算机,801104.SI,软件开发,851041.SI,垂直应用软件,20100419,2026-08-01,tushare
300465.SZ,300465,高伟达,801750.SI,计算机,801104.SI,软件开发,851041.SI,垂直应用软件,20150126,2026-08-01,tushare
300365.SZ,300365,恒华科技,801750.SI,计算机,801104.SI,软件开发,851041.SI,垂直应用软件,20210730,2026-08-01,tushare
002178.SZ,002178,延华智能,801750.SI,计算机,801104.SI,软件开发,851041.SI,垂直应用软件,20210730,2026-08-01,tushare
002322.SZ,002322,理工能科,801750.SI,计算机,801104.SI,软件开发,851041.SI,垂直应用软件,20210730,2026-08-01,tushare
920207.BJ,920207.BJ,众诚科技,801750.SI,计算机,801104.SI,软件开发,851041.SI,垂直应用软件,20220930,2026-08-01,tushare
920932.BJ,920932.BJ,科达自控,801750.SI,计算机,801104.SI,软件开发,851041.SI,垂直应用软件,20230908,2026-08-01,tushare
688657.SH,688657,浩辰软件,801750.SI,计算机,801104.SI,软件开发,851041.SI,垂直应用软件,20230915,2026-08-01,tushare
688692.SH,688692,达梦数据,801750.SI,计算机,801104.SI,软件开发,851041.SI,垂直应用软件,20240531,2026-08-01,tushare
688615.SH,688615,合合信息,801750.SI,计算机,801104.SI,软件开发,851041.SI,垂直应用软件,20240906,2026-08-01,tushare
300379.SZ,300379,东通退(退市),801750.SI,计算机,801104.SI,软件开发,851041.SI,垂直应用软件,20140122,2026-08-01,tushare
688555.SH,688555,退市泽达(退市),801750.SI,计算机,801104.SI,软件开发,851041.SI,垂直应用软件,20200605,2026-08-01,tushare
920680.BJ,920680.BJ,广道退(退市),801750.SI,计算机,801104.SI,软件开发,851041.SI,垂直应用软件,20211115,2026-08-01,tushare
300344.SZ,300344,立方退(退市),801750.SI,计算机,801104.SI,软件开发,851041.SI,垂直应用软件,20190724,2026-08-01,tushare
000662.SZ,000662,天夏退(退市),801750.SI,计算机,801104.SI,软件开发,851041.SI,垂直应用软件,20210730,2026-08-01,tushare
600588.SH,600588,用友网络,801750.SI,计算机,801104.SI,软件开发,851042.SI,横向通用软件,20010518,2026-08-01,tushare
002230.SZ,002230,科大讯飞,801750.SI,计算机,801104.SI,软件开发,851042.SI,横向通用软件,20080417,2026-08-01,tushare
002279.SZ,002279,久其软件,801750.SI,计算机,801104.SI,软件开发,851042.SI,横向通用软件,20090723,2026-08-01,tushare
300036.SZ,300036,超图软件,801750.SI,计算机,801104.SI,软件开发,851042.SI,横向通用软件,20091210,2026-08-01,tushare
002439.SZ,002439,启明星辰,801750.SI,计算机,801104.SI,软件开发,851042.SI,横向通用软件,20100602,2026-08-01,tushare
300378.SZ,300378,鼎捷数智,801750.SI,计算机,801104.SI,软件开发,851042.SI,横向通用软件,20140108,2026-08-01,tushare
300311.SZ,300311,ST任子行,801750.SI,计算机,801104.SI,软件开发,851042.SI,横向通用软件,20120416,2026-08-01,tushare
300766.SZ,300766,每日互动,801750.SI,计算机,801104.SI,软件开发,851042.SI,横向通用软件,20211224,2026-08-01,tushare
300369.SZ,300369,绿盟科技,801750.SI,计算机,801104.SI,软件开发,851042.SI,横向通用软件,20140108,2026-08-01,tushare
603039.SH,603039,泛微网络,801750.SI,计算机,801104.SI,软件开发,851042.SI,横向通用软件,20170105,2026-08-01,tushare
688030.SH,688030,山石网科,801750.SI,计算机,801104.SI,软件开发,851042.SI,横向通用软件,20190911,2026-08-01,tushare
688023.SH,688023,安恒信息,801750.SI,计算机,801104.SI,软件开发,851042.SI,横向通用软件,20191023,2026-08-01,tushare
688369.SH,688369,致远互联,801750.SI,计算机,801104.SI,软件开发,851042.SI,横向通用软件,20191021,2026-08-01,tushare
688168.SH,688168,安博通,801750.SI,计算机,801104.SI,软件开发,851042.SI,横向通用软件,20190822,2026-08-01,tushare
300768.SZ,300768,迪普科技,801750.SI,计算机,801104.SI,软件开发,851042.SI,横向通用软件,20190326,2026-08-01,tushare
688111.SH,688111,金山办公,801750.SI,计算机,801104.SI,软件开发,851042.SI,横向通用软件,20191101,2026-08-01,tushare
301270.SZ,301270,汉仪股份,801750.SI,计算机,801104.SI,软件开发,851042.SI,横向通用软件,20220812,2026-08-01,tushare
688561.SH,688561,奇安信-U,801750.SI,计算机,801104.SI,软件开发,851042.SI,横向通用软件,20200713,2026-08-01,tushare
688225.SH,688225,亚信安全,801750.SI,计算机,801104.SI,软件开发,851042.SI,横向通用软件,20220114,2026-08-01,tushare
688095.SH,688095,福昕软件,801750.SI,计算机,801104.SI,软件开发,851042.SI,横向通用软件,20200831,2026-08-01,tushare
601360.SH,601360,三六零,801750.SI,计算机,801104.SI,软件开发,851042.SI,横向通用软件,20120116,2026-08-01,tushare
688152.SH,688152,麒麟信安,801750.SI,计算机,801104.SI,软件开发,851042.SI,横向通用软件,20220930,2026-08-01,tushare
300454.SZ,300454,深信服,801750.SI,计算机,801104.SI,软件开发,851042.SI,横向通用软件,20180507,2026-08-01,tushare
300624.SZ,300624,万兴科技,801750.SI,计算机,801104.SI,软件开发,851042.SI,横向通用软件,20180108,2026-08-01,tushare
688058.SH,688058,宝兰德,801750.SI,计算机,801104.SI,软件开发,851042.SI,横向通用软件,20211203,2026-08-01,tushare
301315.SZ,301315,威士顿,801750.SI,计算机,801104.SI,软件开发,851042.SI,横向通用软件,20230609,2026-08-01,tushare
000004.SZ,000004,国华退(退市),801750.SI,计算机,801104.SI,软件开发,851042.SI,横向通用软件,20210730,2026-08-01,tushare
688651.SH,688651,盛邦安全,801750.SI,计算机,801104.SI,软件开发,851042.SI,横向通用软件,20230714,2026-08-01,tushare
688201.SH,688201,ST信安,801750.SI,计算机,801104.SI,软件开发,851042.SI,横向通用软件,20210406,2026-08-01,tushare
688244.SH,688244,永信至诚,801750.SI,计算机,801104.SI,软件开发,851042.SI,横向通用软件,20220923,2026-08-01,tushare
688031.SH,688031,星环科技-U,801750.SI,计算机,801104.SI,软件开发,851042.SI,横向通用软件,20220923,2026-08-01,tushare
688435.SH,688435,英方软件,801750.SI,计算机,801104.SI,软件开发,851042.SI,横向通用软件,20230106,2026-08-01,tushare
002212.SZ,002212,天融信,801750.SI,计算机,801104.SI,软件开发,851042.SI,横向通用软件,20210730,2026-08-01,tushare
688695.SH,688695,中创股份,801750.SI,计算机,801104.SI,软件开发,851042.SI,横向通用软件,20240301,2026-08-01,tushare
600288.SH,600288,大恒科技,801750.SI,计算机,801104.SI,软件开发,851042.SI,横向通用软件,20240730,2026-08-01,tushare
300799.SZ,300799,左江退(退市),801750.SI,计算机,801104.SI,软件开发,851042.SI,横向通用软件,20191018,2026-08-01,tushare
600715.SH,600715,文投控股,801760.SI,传媒,801764.SI,游戏Ⅱ,857641.SI,游戏Ⅲ,19960701,2026-08-01,tushare
600633.SH,600633,浙数文化,801760.SI,传媒,801764.SI,游戏Ⅱ,857641.SI,游戏Ⅲ,19930304,2026-08-01,tushare
002174.SZ,002174,游族网络,801760.SI,传媒,801764.SI,游戏Ⅱ,857641.SI,游戏Ⅲ,20070924,2026-08-01,tushare
300052.SZ,300052,中青宝,801760.SI,传媒,801764.SI,游戏Ⅱ,857641.SI,游戏Ⅲ,20100203,2026-08-01,tushare
002624.SZ,002624,完美世界,801760.SI,传媒,801764.SI,游戏Ⅱ,857641.SI,游戏Ⅲ,20150701,2026-08-01,tushare
300113.SZ,300113,顺网科技,801760.SI,传媒,801764.SI,游戏Ⅱ,857641.SI,游戏Ⅲ,20100809,2026-08-01,tushare
002425.SZ,002425,凯撒文化,801760.SI,传媒,801764.SI,游戏Ⅱ,857641.SI,游戏Ⅲ,20100607,2026-08-01,tushare
300043.SZ,300043,星辉娱乐,801760.SI,传媒,801764.SI,游戏Ⅱ,857641.SI,游戏Ⅲ,20100105,2026-08-01,tushare
002602.SZ,002602,世纪华通,801760.SI,传媒,801764.SI,游戏Ⅱ,857641.SI,游戏Ⅲ,20110713,2026-08-01,tushare
300299.SZ,300299,富春股份,801760.SI,传媒,801764.SI,游戏Ⅱ,857641.SI,游戏Ⅲ,20120308,2026-08-01,tushare
300315.SZ,300315,掌趣科技,801760.SI,传媒,801764.SI,游戏Ⅱ,857641.SI,游戏Ⅲ,20120427,2026-08-01,tushare
002555.SZ,002555,三七互娱,801760.SI,传媒,801764.SI,游戏Ⅱ,857641.SI,游戏Ⅲ,20110221,2026-08-01,tushare
300418.SZ,300418,昆仑万维,801760.SI,传媒,801764.SI,游戏Ⅱ,857641.SI,游戏Ⅲ,20150115,2026-08-01,tushare
300459.SZ,300459,汤姆猫,801760.SI,传媒,801764.SI,游戏Ⅱ,857641.SI,游戏Ⅲ,20150106,2026-08-01,tushare
300467.SZ,300467,迅游科技,801760.SI,传媒,801764.SI,游戏Ⅱ,857641.SI,游戏Ⅲ,20150525,2026-08-01,tushare
002558.SZ,002558,巨人网络,801760.SI,传媒,801764.SI,游戏Ⅱ,857641.SI,游戏Ⅲ,20170522,2026-08-01,tushare
002517.SZ,002517,恺英网络,801760.SI,传媒,801764.SI,游戏Ⅱ,857641.SI,游戏Ⅲ,20111010,2026-08-01,tushare
300494.SZ,300494,盛天网络,801760.SI,传媒,801764.SI,游戏Ⅱ,857641.SI,游戏Ⅲ,20151231,2026-08-01,tushare
603258.SH,603258,电魂网络,801760.SI,传媒,801764.SI,游戏Ⅱ,857641.SI,游戏Ⅲ,20161017,2026-08-01,tushare
300533.SZ,300533,冰川网络,801760.SI,传媒,801764.SI,游戏Ⅱ,857641.SI,游戏Ⅲ,20160804,2026-08-01,tushare
300031.SZ,300031,宝通科技,801760.SI,传媒,801764.SI,游戏Ⅱ,857641.SI,游戏Ⅲ,20170629,2026-08-01,tushare
603444.SH,603444,吉比特,801760.SI,传媒,801764.SI,游戏Ⅱ,857641.SI,游戏Ⅲ,20161226,2026-08-01,tushare
600892.SH,600892,大晟文化,801760.SI,传媒,801764.SI,游戏Ⅱ,857641.SI,游戏Ⅲ,20170519,2026-08-01,tushare
002605.SZ,002605,姚记科技,801760.SI,传媒,801764.SI,游戏Ⅱ,857641.SI,游戏Ⅲ,20210916,2026-08-01,tushare
300002.SZ,300002,神州泰岳,801760.SI,传媒,801764.SI,游戏Ⅱ,857641.SI,游戏Ⅲ,20210730,2026-08-01,tushare
002919.SZ,002919,名臣健康,801760.SI,传媒,801764.SI,游戏Ⅱ,857641.SI,游戏Ⅲ,20230915,2026-08-01,tushare
000835.SZ,000835,长动退(退市),801760.SI,传媒,801764.SI,游戏Ⅱ,857641.SI,游戏Ⅲ,20070702,2026-08-01,tushare
002464.SZ,002464,众应退(退市),801760.SI,传媒,801764.SI,游戏Ⅱ,857641.SI,游戏Ⅲ,20170629,2026-08-01,tushare
002113.SZ,002113,*ST天润(退市),801760.SI,传媒,801764.SI,游戏Ⅱ,857641.SI,游戏Ⅲ,20170629,2026-08-01,tushare
002447.SZ,002447,晨鑫退(退市),801760.SI,传媒,801764.SI,游戏Ⅱ,857641.SI,游戏Ⅲ,20180713,2026-08-01,tushare
600634.SH,600634,退市富控(退市),801760.SI,传媒,801764.SI,游戏Ⅱ,857641.SI,游戏Ⅲ,20180713,2026-08-01,tushare
600652.SH,600652,退市游久(退市),801760.SI,传媒,801764.SI,游戏Ⅱ,857641.SI,游戏Ⅲ,20110110,2026-08-01,tushare
002619.SZ,002619,*ST艾格(退市),801760.SI,传媒,801764.SI,游戏Ⅱ,857641.SI,游戏Ⅲ,20210730,2026-08-01,tushare
600986.SH,600986,浙文互联,801760.SI,传媒,801765.SI,广告营销,857651.SI,营销代理,20040421,2026-08-01,tushare
002400.SZ,002400,省广集团,801760.SI,传媒,801765.SI,广告营销,857651.SI,营销代理,20100426,2026-08-01,tushare
300071.SZ,300071,福石控股,801760.SI,传媒,801765.SI,广告营销,857651.SI,营销代理,20100412,2026-08-01,tushare
300242.SZ,300242,佳云科技,801760.SI,传媒,801765.SI,广告营销,857651.SI,营销代理,20110704,2026-08-01,tushare
300061.SZ,300061,旗天科技,801760.SI,传媒,801765.SI,广告营销,857651.SI,营销代理,20100310,2026-08-01,tushare
300058.SZ,300058,蓝色光标,801760.SI,传媒,801765.SI,广告营销,857651.SI,营销代理,20100203,2026-08-01,tushare
002712.SZ,002712,思美传媒,801760.SI,传媒,801765.SI,广告营销,857651.SI,营销代理,20140108,2026-08-01,tushare
603729.SH,603729,ST龙韵,801760.SI,传媒,801765.SI,广告营销,857651.SI,营销代理,20150109,2026-08-01,tushare
000676.SZ,000676,智度股份,801760.SI,传媒,801765.SI,广告营销,857651.SI,营销代理,20170629,2026-08-01,tushare
603825.SH,603825,ST华扬,801760.SI,传媒,801765.SI,广告营销,857651.SI,营销代理,20170726,2026-08-01,tushare
300612.SZ,300612,宣亚国际,801760.SI,传媒,801765.SI,广告营销,857651.SI,营销代理,20170208,2026-08-01,tushare
300781.SZ,300781,因赛集团,801760.SI,传媒,801765.SI,广告营销,857651.SI,营销代理,20190529,2026-08-01,tushare
605168.SH,605168,三人行,801760.SI,传媒,801765.SI,广告营销,857651.SI,营销代理,20200427,2026-08-01,tushare
002995.SZ,002995,天地在线,801760.SI,传媒,801765.SI,广告营销,857651.SI,营销代理,20200722,2026-08-01,tushare
300805.SZ,300805,电声股份,801760.SI,传媒,801765.SI,广告营销,857651.SI,营销代理,20191111,2026-08-01,tushare
002264.SZ,002264,新华都,801760.SI,传媒,801765.SI,广告营销,857651.SI,营销代理,20231208,2026-08-01,tushare
002878.SZ,002878,元隆雅图,801760.SI,传媒,801765.SI,广告营销,857651.SI,营销代理,20220729,2026-08-01,tushare
301171.SZ,301171,易点天下,801760.SI,传媒,801765.SI,广告营销,857651.SI,营销代理,20220805,2026-08-01,tushare
603598.SH,603598,引力传媒,801760.SI,传媒,801765.SI,广告营销,857651.SI,营销代理,20150126,2026-08-01,tushare
300063.SZ,300063,天龙集团,801760.SI,传媒,801765.SI,广告营销,857651.SI,营销代理,20180619,2026-08-01,tushare
600556.SH,600556,天下秀,801760.SI,传媒,801765.SI,广告营销,857651.SI,营销代理,20200907,2026-08-01,tushare
603602.SH,603602,纵横通信,801760.SI,传媒,801765.SI,广告营销,857651.SI,营销代理,20260305,2026-08-01,tushare
002354.SZ,002354,天娱数科,801760.SI,传媒,801765.SI,广告营销,857651.SI,营销代理,20230704,2026-08-01,tushare
600358.SH,600358,国旅联合,801760.SI,传媒,801765.SI,广告营销,857651.SI,营销代理,20210730,2026-08-01,tushare
002291.SZ,002291,遥望科技,801760.SI,传媒,801765.SI,广告营销,857651.SI,营销代理,20210730,2026-08-01,tushare
002143.SZ,002143,印纪退(退市),801760.SI,传媒,801765.SI,广告营销,857651.SI,营销代理,20070718,2026-08-01,tushare
300392.SZ,300392,腾信退(退市),801760.SI,传媒,801765.SI,广告营销,857651.SI,营销代理,20140110,2026-08-01,tushare
600242.SH,600242,退市中昌(退市),801760.SI,传媒,801765.SI,广告营销,857651.SI,营销代理,20170629,2026-08-01,tushare
300038.SZ,300038,数知退(退市),801760.SI,传媒,801765.SI,广告营销,857651.SI,营销代理,20091228,2026-08-01,tushare
002027.SZ,002027,分众传媒,801760.SI,传媒,801765.SI,广告营销,857652.SI,广告媒体,20040803,2026-08-01,tushare
301102.SZ,301102,兆讯传媒,801760.SI,传媒,801765.SI,广告营销,857652.SI,广告媒体,20220304,2026-08-01,tushare
000607.SZ,000607,华媒控股,801760.SI,传媒,801765.SI,广告营销,857652.SI,广告媒体,20180619,2026-08-01,tushare
300336.SZ,300336,新文退(退市),801760.SI,传媒,801765.SI,广告营销,857652.SI,广告媒体,20120628,2026-08-01,tushare
300280.SZ,300280,紫天退(退市),801760.SI,传媒,801765.SI,广告营销,857652.SI,广告媒体,20190724,2026-08-01,tushare
600088.SH,600088,中视传媒,801760.SI,传媒,801766.SI,影视院线,857661.SI,影视动漫制作,20220729,2026-08-01,tushare
002292.SZ,002292,奥飞娱乐,801760.SI,传媒,801766.SI,影视院线,857661.SI,影视动漫制作,20090820,2026-08-01,tushare
300027.SZ,300027,ST华谊,801760.SI,传媒,801766.SI,影视院线,857661.SI,影视动漫制作,20091016,2026-08-01,tushare
300133.SZ,300133,华策影视,801760.SI,传媒,801766.SI,影视院线,857661.SI,影视动漫制作,20101012,2026-08-01,tushare
300251.SZ,300251,光线传媒,801760.SI,传媒,801766.SI,影视院线,857661.SI,影视动漫制作,20110726,2026-08-01,tushare
300182.SZ,300182,捷成股份,801760.SI,传媒,801766.SI,影视院线,857661.SI,影视动漫制作,20110210,2026-08-01,tushare
300291.SZ,300291,百纳千成,801760.SI,传媒,801766.SI,影视院线,857661.SI,影视动漫制作,20120201,2026-08-01,tushare
600977.SH,600977,中国电影,801760.SI,传媒,801766.SI,影视院线,857661.SI,影视动漫制作,20160804,2026-08-01,tushare
601595.SH,601595,上海电影,801760.SI,传媒,801766.SI,影视院线,857661.SI,影视动漫制作,20160804,2026-08-01,tushare
000892.SZ,000892,欢瑞世纪,801760.SI,传媒,801766.SI,影视院线,857661.SI,影视动漫制作,20171211,2026-08-01,tushare
000802.SZ,000802,北京文化,801760.SI,传媒,801766.SI,影视院线,857661.SI,影视动漫制作,20151102,2026-08-01,tushare
002343.SZ,002343,慈文传媒,801760.SI,传媒,801766.SI,影视院线,857661.SI,影视动漫制作,20110110,2026-08-01,tushare
603721.SH,603721,中广天择,801760.SI,传媒,801766.SI,影视院线,857661.SI,影视动漫制作,20170807,2026-08-01,tushare
001330.SZ,001330,博纳影业,801760.SI,传媒,801766.SI,影视院线,857661.SI,影视动漫制作,20220805,2026-08-01,tushare
300426.SZ,300426,华智数媒,801760.SI,传媒,801766.SI,影视院线,857661.SI,影视动漫制作,20150216,2026-08-01,tushare
000673.SZ,000673,当代退(退市),801760.SI,传媒,801766.SI,影视院线,857661.SI,影视动漫制作,19970124,2026-08-01,tushare
002071.SZ,002071,长城退(退市),801760.SI,传媒,801766.SI,影视院线,857661.SI,影视动漫制作,20060919,2026-08-01,tushare
002699.SZ,002699,*ST美盛(退市),801760.SI,传媒,801766.SI,影视院线,857661.SI,影视动漫制作,20120104,2026-08-01,tushare
002739.SZ,002739,儒意电影,801760.SI,传媒,801766.SI,影视院线,857662.SI,院线,20150115,2026-08-01,tushare
300528.SZ,300528,幸福蓝海,801760.SI,传媒,801766.SI,影视院线,857662.SI,院线,20160804,2026-08-01,tushare
002905.SZ,002905,金逸影视,801760.SI,传媒,801766.SI,影视院线,857662.SI,院线,20170921,2026-08-01,tushare
603103.SH,603103,横店影视,801760.SI,传媒,801766.SI,影视院线,857662.SI,院线,20170921,2026-08-01,tushare
300413.SZ,300413,芒果超媒,801760.SI,传媒,801767.SI,数字媒体,857671.SI,视频媒体,20150115,2026-08-01,tushare
300431.SZ,300431,暴风退(退市),801760.SI,传媒,801767.SI,数字媒体,857671.SI,视频媒体,20150309,2026-08-01,tushare
300104.SZ,300104,乐视退(退市),801760.SI,传媒,801767.SI,数字媒体,857671.SI,视频媒体,20111010,2026-08-01,tushare
000681.SZ,000681,视觉中国,801760.SI,传媒,801767.SI,数字媒体,857673.SI,图片媒体,20131231,2026-08-01,tushare
002095.SZ,002095,生意宝,801760.SI,传媒,801767.SI,数字媒体,857674.SI,门户网站,20061214,2026-08-01,tushare
603000.SH,603000,人民网,801760.SI,传媒,801767.SI,数字媒体,857674.SI,门户网站,20120417,2026-08-01,tushare
300295.SZ,300295,*ST三六五,801760.SI,传媒,801767.SI,数字媒体,857674.SI,门户网站,20120305,2026-08-01,tushare
603888.SH,603888,新华网,801760.SI,传媒,801767.SI,数字媒体,857674.SI,门户网站,20161017,2026-08-01,tushare
300785.SZ,300785,值得买,801760.SI,传媒,801767.SI,数字媒体,857674.SI,门户网站,20190708,2026-08-01,tushare
300987.SZ,300987,川网传媒,801760.SI,传媒,801767.SI,数字媒体,857674.SI,门户网站,20210426,2026-08-01,tushare
301299.SZ,301299,卓创资讯,801760.SI,传媒,801767.SI,数字媒体,857674.SI,门户网站,20220930,2026-08-01,tushare
600228.SH,600228,返利科技,801760.SI,传媒,801767.SI,数字媒体,857674.SI,门户网站,20210819,2026-08-01,tushare
603533.SH,603533,掌阅科技,801760.SI,传媒,801767.SI,数字媒体,857675.SI,文字媒体,20170907,2026-08-01,tushare
301313.SZ,301313,凡拓数创,801760.SI,传媒,801767.SI,数字媒体,857676.SI,其他数字媒体,20220916,2026-08-01,tushare
603466.SH,603466,风语筑,801760.SI,传媒,801767.SI,数字媒体,857676.SI,其他数字媒体,20220114,2026-08-01,tushare
600640.SH,600640,国脉文化,801760.SI,传媒,801767.SI,数字媒体,857676.SI,其他数字媒体,20250926,2026-08-01,tushare
000621.SZ,000621,*ST比特(退市),801760.SI,传媒,801767.SI,数字媒体,857676.SI,其他数字媒体,19961105,2026-08-01,tushare
600646.SH,600646,ST国嘉(退市),801760.SI,传媒,801767.SI,数字媒体,857676.SI,其他数字媒体,19930504,2026-08-01,tushare
601098.SH,601098,中南传媒,801760.SI,传媒,801769.SI,出版,857691.SI,教育出版,20101020,2026-08-01,tushare
601928.SH,601928,凤凰传媒,801760.SI,传媒,801769.SI,出版,857691.SI,教育出版,20111121,2026-08-01,tushare
601811.SH,601811,新华文轩,801760.SI,传媒,801769.SI,出版,857691.SI,教育出版,20160804,2026-08-01,tushare
601900.SH,601900,南方传媒,801760.SI,传媒,801769.SI,出版,857691.SI,教育出版,20160203,2026-08-01,tushare
601019.SH,601019,山东出版,801760.SI,传媒,801769.SI,出版,857691.SI,教育出版,20171108,2026-08-01,tushare
300654.SZ,300654,世纪天鸿,801760.SI,传媒,801769.SI,出版,857691.SI,教育出版,20170907,2026-08-01,tushare
605577.SH,605577,龙版传媒,801760.SI,传媒,801769.SI,出版,857691.SI,教育出版,20210723,2026-08-01,tushare
601921.SH,601921,浙版传媒,801760.SI,传媒,801769.SI,出版,857691.SI,教育出版,20210615,2026-08-01,tushare
600757.SH,600757,长江传媒,801760.SI,传媒,801769.SI,出版,857691.SI,教育出版,20111010,2026-08-01,tushare
300148.SZ,300148,天舟文化,801760.SI,传媒,801769.SI,出版,857691.SI,教育出版,20230704,2026-08-01,tushare
600825.SH,600825,新华传媒,801760.SI,传媒,801769.SI,出版,857692.SI,大众出版,19940204,2026-08-01,tushare
600373.SH,600373,中文传媒,801760.SI,传媒,801769.SI,出版,857692.SI,大众出版,20020304,2026-08-01,tushare
601999.SH,601999,出版传媒,801760.SI,传媒,801769.SI,出版,857692.SI,大众出版,20071220,2026-08-01,tushare
002181.SZ,002181,粤传媒,801760.SI,传媒,801769.SI,出版,857692.SI,大众出版,20071115,2026-08-01,tushare
601801.SH,601801,皖新传媒,801760.SI,传媒,801769.SI,出版,857692.SI,大众出版,20091231,2026-08-01,tushare
000719.SZ,000719,中原传媒,801760.SI,传媒,801769.SI,出版,857692.SI,大众出版,20111010,2026-08-01,tushare
300364.SZ,300364,中文在线,801760.SI,传媒,801769.SI,出版,857692.SI,大众出版,20150115,2026-08-01,tushare
000793.SZ,000793,*ST华闻,801760.SI,传媒,801769.SI,出版,857692.SI,大众出版,20070702,2026-08-01,tushare
601949.SH,601949,中国出版,801760.SI,传媒,801769.SI,出版,857692.SI,大众出版,20170807,2026-08-01,tushare
603096.SH,603096,新经典,801760.SI,传媒,801769.SI,出版,857692.SI,大众出版,20170419,2026-08-01,tushare
601858.SH,601858,中国科传,801760.SI,传媒,801769.SI,出版,857692.SI,大众出版,20170105,2026-08-01,tushare
300788.SZ,300788,中信出版,801760.SI,传媒,801769.SI,出版,857692.SI,大众出版,20190618,2026-08-01,tushare
301231.SZ,301231,荣信文化,801760.SI,传媒,801769.SI,出版,857692.SI,大众出版,20220819,2026-08-01,tushare
301025.SZ,301025,读客文化,801760.SI,传媒,801769.SI,出版,857692.SI,大众出版,20210705,2026-08-01,tushare
603999.SH,603999,读者传媒,801760.SI,传媒,801769.SI,出版,857692.SI,大众出版,20151210,2026-08-01,tushare
600229.SH,600229,城市传媒,801760.SI,传媒,801769.SI,出版,857692.SI,大众出版,20170526,2026-08-01,tushare
600551.SH,600551,时代出版,801760.SI,传媒,801769.SI,出版,857692.SI,大众出版,20090601,2026-08-01,tushare
301052.SZ,301052,果麦文化,801760.SI,传媒,801769.SI,出版,857692.SI,大众出版,20210820,2026-08-01,tushare
603230.SH,603230,内蒙新华,801760.SI,传媒,801769.SI,出版,857692.SI,大众出版,20230704,2026-08-01,tushare
600831.SH,600831,广电网络,801760.SI,传媒,801995.SI,电视广播Ⅱ,859951.SI,电视广播Ⅲ,19940224,2026-08-01,tushare
600037.SH,600037,歌华有线,801760.SI,传媒,801995.SI,电视广播Ⅱ,859951.SI,电视广播Ⅲ,20010208,2026-08-01,tushare
000917.SZ,000917,电广传媒,801760.SI,传媒,801995.SI,电视广播Ⅱ,859951.SI,电视广播Ⅲ,19990325,2026-08-01,tushare
002238.SZ,002238,天威视讯,801760.SI,传媒,801995.SI,电视广播Ⅱ,859951.SI,电视广播Ⅲ,20080430,2026-08-01,tushare
601929.SH,601929,吉视传媒,801760.SI,传媒,801995.SI,电视广播Ⅱ,859951.SI,电视广播Ⅲ,20120209,2026-08-01,tushare
000665.SZ,000665,湖北广电,801760.SI,传媒,801995.SI,电视广播Ⅱ,859951.SI,电视广播Ⅲ,20100601,2026-08-01,tushare
600959.SH,600959,江苏有线,801760.SI,传媒,801995.SI,电视广播Ⅱ,859951.SI,电视广播Ⅲ,20150113,2026-08-01,tushare
000156.SZ,000156,华数传媒,801760.SI,传媒,801995.SI,电视广播Ⅱ,859951.SI,电视广播Ⅲ,20111010,2026-08-01,tushare
600936.SH,600936,北投科技,801760.SI,传媒,801995.SI,电视广播Ⅱ,859951.SI,电视广播Ⅲ,20160804,2026-08-01,tushare
300770.SZ,300770,新媒股份,801760.SI,传媒,801995.SI,电视广播Ⅱ,859951.SI,电视广播Ⅲ,20190404,2026-08-01,tushare
920021.BJ,920021.BJ,流金科技,801760.SI,传媒,801995.SI,电视广播Ⅱ,859951.SI,电视广播Ⅲ,20200727,2026-08-01,tushare
600996.SH,600996,贵广网络,801760.SI,传媒,801995.SI,电视广播Ⅱ,859951.SI,电视广播Ⅲ,20161212,2026-08-01,tushare
600637.SH,600637,东方明珠,801760.SI,传媒,801995.SI,电视广播Ⅱ,859951.SI,电视广播Ⅲ,20111010,2026-08-01,tushare
301262.SZ,301262,海看股份,801760.SI,传媒,801995.SI,电视广播Ⅱ,859951.SI,电视广播Ⅲ,20230609,2026-08-01,tushare
301551.SZ,301551,无线传媒,801760.SI,传媒,801995.SI,电视广播Ⅱ,859951.SI,电视广播Ⅲ,20240906,2026-08-01,tushare
600899.SH,600899,*ST信联(退市),801760.SI,传媒,801995.SI,电视广播Ⅱ,859951.SI,电视广播Ⅲ,19990901,2026-08-01,tushare
600832.SH,600832,东方明珠(退市),801760.SI,传媒,801995.SI,电视广播Ⅱ,859951.SI,电视广播Ⅲ,19940224,2026-08-01,tushare
600941.SH,600941,中国移动,801770.SI,通信,801223.SI,通信服务,852212.SI,电信运营商,20211217,2026-08-01,tushare
600050.SH,600050,中国联通,801770.SI,通信,801223.SI,通信服务,852212.SI,电信运营商,20021008,2026-08-01,tushare
601728.SH,601728,中国电信,801770.SI,通信,801223.SI,通信服务,852212.SI,电信运营商,20210813,2026-08-01,tushare
600804.SH,600804,退市鹏博(退市),801770.SI,通信,801223.SI,通信服务,852212.SI,电信运营商,19940103,2026-08-01,tushare
002359.SZ,002359,北讯退(退市),801770.SI,通信,801223.SI,通信服务,852212.SI,电信运营商,20100125,2026-08-01,tushare
600289.SH,600289,ST信通,801770.SI,通信,801223.SI,通信服务,852213.SI,通信工程及服务,20000720,2026-08-01,tushare
002115.SZ,002115,三维通信,801770.SI,通信,801223.SI,通信服务,852213.SI,通信工程及服务,20070214,2026-08-01,tushare
300025.SZ,300025,华星创业,801770.SI,通信,801223.SI,通信服务,852213.SI,通信工程及服务,20091014,2026-08-01,tushare
300211.SZ,300211,*ST亿通,801770.SI,通信,801223.SI,通信服务,852213.SI,通信工程及服务,20110425,2026-08-01,tushare
301139.SZ,301139,*ST元道,801770.SI,通信,801223.SI,通信服务,852213.SI,通信工程及服务,20220624,2026-08-01,tushare
002544.SZ,002544,普天科技,801770.SI,通信,801223.SI,通信服务,852213.SI,通信工程及服务,20110119,2026-08-01,tushare
300310.SZ,300310,宜通世纪,801770.SI,通信,801223.SI,通信服务,852213.SI,通信工程及服务,20120416,2026-08-01,tushare
300560.SZ,300560,中富通,801770.SI,通信,801223.SI,通信服务,852213.SI,通信工程及服务,20161028,2026-08-01,tushare
603206.SH,603206,嘉环科技,801770.SI,通信,801223.SI,通信服务,852213.SI,通信工程及服务,20220415,2026-08-01,tushare
000889.SZ,000889,中嘉博创,801770.SI,通信,801223.SI,通信服务,852213.SI,通信工程及服务,20070702,2026-08-01,tushare
603322.SH,603322,超讯科技,801770.SI,通信,801223.SI,通信服务,852213.SI,通信工程及服务,20160718,2026-08-01,tushare
603559.SH,603559,中通国脉,801770.SI,通信,801223.SI,通信服务,852213.SI,通信工程及服务,20161201,2026-08-01,tushare
002929.SZ,002929,润建股份,801770.SI,通信,801223.SI,通信服务,852213.SI,通信工程及服务,20180212,2026-08-01,tushare
603220.SH,603220,中贝通信,801770.SI,通信,801223.SI,通信服务,852213.SI,通信工程及服务,20181030,2026-08-01,tushare
920924.BJ,920924.BJ,广脉科技,801770.SI,通信,801223.SI,通信服务,852213.SI,通信工程及服务,20211103,2026-08-01,tushare
300513.SZ,300513,恒实科技,801770.SI,通信,801223.SI,通信服务,852213.SI,通信工程及服务,20190724,2026-08-01,tushare
300603.SZ,300603,立昂技术,801770.SI,通信,801223.SI,通信服务,852213.SI,通信工程及服务,20220729,2026-08-01,tushare
300597.SZ,300597,吉大通信,801770.SI,通信,801223.SI,通信服务,852213.SI,通信工程及服务,20170116,2026-08-01,tushare
600485.SH,600485,*ST信威(退市),801770.SI,通信,801223.SI,通信服务,852213.SI,通信工程及服务,20030804,2026-08-01,tushare
000839.SZ,000839,国安股份,801770.SI,通信,801223.SI,通信服务,852214.SI,通信应用增值服务,20220729,2026-08-01,tushare
002123.SZ,002123,梦网科技,801770.SI,通信,801223.SI,通信服务,852214.SI,通信应用增值服务,20070328,2026-08-01,tushare
002467.SZ,002467,二六三,801770.SI,通信,801223.SI,通信服务,852214.SI,通信应用增值服务,20100818,2026-08-01,tushare
300081.SZ,300081,ST恒信,801770.SI,通信,801223.SI,通信服务,852214.SI,通信应用增值服务,20100507,2026-08-01,tushare
300292.SZ,300292,吴通控股,801770.SI,通信,801223.SI,通信服务,852214.SI,通信应用增值服务,20120221,2026-08-01,tushare
300571.SZ,300571,平治信息,801770.SI,通信,801223.SI,通信服务,852214.SI,通信应用增值服务,20161201,2026-08-01,tushare
300921.SZ,300921,南凌科技,801770.SI,通信,801223.SI,通信服务,852214.SI,通信应用增值服务,20201214,2026-08-01,tushare
300959.SZ,300959,线上线下,801770.SI,通信,801223.SI,通信服务,852214.SI,通信应用增值服务,20210312,2026-08-01,tushare
301380.SZ,301380,挖金客,801770.SI,通信,801223.SI,通信服务,852214.SI,通信应用增值服务,20220930,2026-08-01,tushare
301382.SZ,301382,蜂助手,801770.SI,通信,801223.SI,通信服务,852214.SI,通信应用增值服务,20230504,2026-08-01,tushare
301428.SZ,301428,世纪恒通,801770.SI,通信,801223.SI,通信服务,852214.SI,通信应用增值服务,20230504,2026-08-01,tushare
002148.SZ,002148,北纬科技,801770.SI,通信,801223.SI,通信服务,852214.SI,通信应用增值服务,20220805,2026-08-01,tushare
300383.SZ,300383,光环新网,801770.SI,通信,801223.SI,通信服务,852214.SI,通信应用增值服务,20230704,2026-08-01,tushare
300442.SZ,300442,润泽科技,801770.SI,通信,801223.SI,通信服务,852214.SI,通信应用增值服务,20230704,2026-08-01,tushare
300738.SZ,300738,奥飞数据,801770.SI,通信,801223.SI,通信服务,852214.SI,通信应用增值服务,20230704,2026-08-01,tushare
603881.SH,603881,数据港,801770.SI,通信,801223.SI,通信服务,852214.SI,通信应用增值服务,20230704,2026-08-01,tushare
300578.SZ,300578,会畅科技,801770.SI,通信,801223.SI,通信服务,852214.SI,通信应用增值服务,20170116,2026-08-01,tushare
000971.SZ,000971,*ST高升(退市),801770.SI,通信,801223.SI,通信服务,852214.SI,通信应用增值服务,20170526,2026-08-01,tushare
002796.SZ,002796,世嘉科技,801770.SI,通信,801102.SI,通信设备,851024.SI,通信网络设备及器件,20220729,2026-08-01,tushare
920045.BJ,920045.BJ,蘅东光,801770.SI,通信,801102.SI,通信设备,851024.SI,通信网络设备及器件,20251229,2026-08-01,tushare
000063.SZ,000063,中兴通讯,801770.SI,通信,801102.SI,通信设备,851024.SI,通信网络设备及器件,19971118,2026-08-01,tushare
600498.SH,600498,烽火通信,801770.SI,通信,801102.SI,通信设备,851024.SI,通信网络设备及器件,20010726,2026-08-01,tushare
301165.SZ,301165,锐捷网络,801770.SI,通信,801102.SI,通信设备,851024.SI,通信网络设备及器件,20221104,2026-08-01,tushare
002194.SZ,002194,武汉凡谷,801770.SI,通信,801102.SI,通信设备,851024.SI,通信网络设备及器件,20071206,2026-08-01,tushare
002281.SZ,002281,光迅科技,801770.SI,通信,801102.SI,通信设备,851024.SI,通信网络设备及器件,20090803,2026-08-01,tushare
002396.SZ,002396,星网锐捷,801770.SI,通信,801102.SI,通信设备,851024.SI,通信网络设备及器件,20100412,2026-08-01,tushare
300134.SZ,300134,大富科技,801770.SI,通信,801102.SI,通信设备,851024.SI,通信网络设备及器件,20101012,2026-08-01,tushare
002583.SZ,002583,海能达,801770.SI,通信,801102.SI,通信设备,851024.SI,通信网络设备及器件,20110518,2026-08-01,tushare
300548.SZ,300548,长芯博创,801770.SI,通信,801102.SI,通信设备,851024.SI,通信网络设备及器件,20161012,2026-08-01,tushare
300570.SZ,300570,太辰光,801770.SI,通信,801102.SI,通信设备,851024.SI,通信网络设备及器件,20161201,2026-08-01,tushare
002296.SZ,002296,辉煌科技,801770.SI,通信,801102.SI,通信设备,851024.SI,通信网络设备及器件,20170629,2026-08-01,tushare
300620.SZ,300620,光库科技,801770.SI,通信,801102.SI,通信设备,851024.SI,通信网络设备及器件,20170224,2026-08-01,tushare
002792.SZ,002792,通宇通讯,801770.SI,通信,801102.SI,通信设备,851024.SI,通信网络设备及器件,20160328,2026-08-01,tushare
300710.SZ,300710,万隆光电,801770.SI,通信,801102.SI,通信设备,851024.SI,通信网络设备及器件,20171010,2026-08-01,tushare
002902.SZ,002902,铭普光磁,801770.SI,通信,801102.SI,通信设备,851024.SI,通信网络设备及器件,20170921,2026-08-01,tushare
688313.SH,688313,仕佳光子,801770.SI,通信,801102.SI,通信设备,851024.SI,通信网络设备及器件,20200727,2026-08-01,tushare
300698.SZ,300698,万马科技,801770.SI,通信,801102.SI,通信设备,851024.SI,通信网络设备及器件,20170815,2026-08-01,tushare
688387.SH,688387,信科移动-U,801770.SI,通信,801102.SI,通信设备,851024.SI,通信网络设备及器件,20220909,2026-08-01,tushare
301577.SZ,301577,美信科技,801770.SI,通信,801102.SI,通信设备,851024.SI,通信网络设备及器件,20240112,2026-08-01,tushare
688618.SH,688618,三旺通信,801770.SI,通信,801102.SI,通信设备,851024.SI,通信网络设备及器件,20201214,2026-08-01,tushare
603421.SH,603421,鼎信通讯,801770.SI,通信,801102.SI,通信设备,851024.SI,通信网络设备及器件,20161011,2026-08-01,tushare
002897.SZ,002897,意华股份,801770.SI,通信,801102.SI,通信设备,851024.SI,通信网络设备及器件,20170828,2026-08-01,tushare
300565.SZ,300565,科信技术,801770.SI,通信,801102.SI,通信设备,851024.SI,通信网络设备及器件,20161107,2026-08-01,tushare
300308.SZ,300308,中际旭创,801770.SI,通信,801102.SI,通信设备,851024.SI,通信网络设备及器件,20180713,2026-08-01,tushare
300394.SZ,300394,天孚通信,801770.SI,通信,801102.SI,通信设备,851024.SI,通信网络设备及器件,20180713,2026-08-01,tushare
300502.SZ,300502,新易盛,801770.SI,通信,801102.SI,通信设备,851024.SI,通信网络设备及器件,20180713,2026-08-01,tushare
688205.SH,688205,德科立,801770.SI,通信,801102.SI,通信设备,851024.SI,通信网络设备及器件,20220725,2026-08-01,tushare
688182.SH,688182,灿勤科技,801770.SI,通信,801102.SI,通信设备,851024.SI,通信网络设备及器件,20211105,2026-08-01,tushare
301205.SZ,301205,联特科技,801770.SI,通信,801102.SI,通信设备,851024.SI,通信网络设备及器件,20220902,2026-08-01,tushare
301314.SZ,301314,科瑞思,801770.SI,通信,801102.SI,通信设备,851024.SI,通信网络设备及器件,20230317,2026-08-01,tushare
301419.SZ,301419,阿莱德,801770.SI,通信,801102.SI,通信设备,851024.SI,通信网络设备及器件,20230120,2026-08-01,tushare
688668.SH,688668,鼎通科技,801770.SI,通信,801102.SI,通信设备,851024.SI,通信网络设备及器件,20201207,2026-08-01,tushare
300098.SZ,300098,高新兴,801770.SI,通信,801102.SI,通信设备,851024.SI,通信网络设备及器件,20240730,2026-08-01,tushare
000851.SZ,000851,*ST高鸿(退市),801770.SI,通信,801102.SI,通信设备,851024.SI,通信网络设备及器件,19980609,2026-08-01,tushare
002089.SZ,002089,新海退(退市),801770.SI,通信,801102.SI,通信设备,851024.SI,通信网络设备及器件,20061129,2026-08-01,tushare
300312.SZ,300312,邦讯退(退市),801770.SI,通信,801102.SI,通信设备,851024.SI,通信网络设备及器件,20120425,2026-08-01,tushare
600105.SH,600105,永鼎股份,801770.SI,通信,801102.SI,通信设备,851025.SI,通信线缆及配套,19970929,2026-08-01,tushare
600522.SH,600522,中天科技,801770.SI,通信,801102.SI,通信设备,851025.SI,通信线缆及配套,20021024,2026-08-01,tushare
600487.SH,600487,亨通光电,801770.SI,通信,801102.SI,通信设备,851025.SI,通信线缆及配套,20030821,2026-08-01,tushare
002491.SZ,002491,通鼎互联,801770.SI,通信,801102.SI,通信设备,851025.SI,通信线缆及配套,20101008,2026-08-01,tushare
000070.SZ,000070,特发信息,801770.SI,通信,801102.SI,通信设备,851025.SI,通信线缆及配套,20111010,2026-08-01,tushare
000586.SZ,000586,汇源通信,801770.SI,通信,801102.SI,通信设备,851025.SI,通信线缆及配套,20040701,2026-08-01,tushare
603042.SH,603042,华脉科技,801770.SI,通信,801102.SI,通信设备,851025.SI,通信线缆及配套,20170522,2026-08-01,tushare
601869.SH,601869,长飞光纤,801770.SI,通信,801102.SI,通信设备,851025.SI,通信线缆及配套,20180706,2026-08-01,tushare
688143.SH,688143,长盈通,801770.SI,通信,801102.SI,通信设备,851025.SI,通信线缆及配套,20221121,2026-08-01,tushare
300913.SZ,300913,兆龙互连,801770.SI,通信,801102.SI,通信设备,851025.SI,通信线缆及配套,20201125,2026-08-01,tushare
920640.BJ,920640.BJ,富士达,801770.SI,通信,801102.SI,通信设备,851025.SI,通信线缆及配套,20200727,2026-08-01,tushare
300563.SZ,300563,神宇股份,801770.SI,通信,801102.SI,通信设备,851025.SI,通信线缆及配套,20161107,2026-08-01,tushare
688635.SH,688635,长进光子,801770.SI,通信,801102.SI,通信设备,851025.SI,通信线缆及配套,20260522,2026-08-01,tushare
000836.SZ,000836,ST富通(退市),801770.SI,通信,801102.SI,通信设备,851025.SI,通信线缆及配套,20130701,2026-08-01,tushare
600198.SH,600198,大唐电信,801770.SI,通信,801102.SI,通信设备,851026.SI,通信终端及配件,20220729,2026-08-01,tushare
002313.SZ,002313,日海智能,801770.SI,通信,801102.SI,通信设备,851026.SI,通信终端及配件,20091116,2026-08-01,tushare
002104.SZ,002104,恒宝股份,801770.SI,通信,801102.SI,通信设备,851026.SI,通信终端及配件,20080602,2026-08-01,tushare
300205.SZ,300205,*ST天喻,801770.SI,通信,801102.SI,通信设备,851026.SI,通信终端及配件,20110413,2026-08-01,tushare
300555.SZ,300555,ST路通,801770.SI,通信,801102.SI,通信设备,851026.SI,通信终端及配件,20161017,2026-08-01,tushare
002017.SZ,002017,东信和平,801770.SI,通信,801102.SI,通信设备,851026.SI,通信终端及配件,20050901,2026-08-01,tushare
300628.SZ,300628,亿联网络,801770.SI,通信,801102.SI,通信设备,851026.SI,通信终端及配件,20170310,2026-08-01,tushare
603803.SH,603803,瑞斯康达,801770.SI,通信,801102.SI,通信设备,851026.SI,通信终端及配件,20170330,2026-08-01,tushare
300689.SZ,300689,澄天伟业,801770.SI,通信,801102.SI,通信设备,851026.SI,通信终端及配件,20170807,2026-08-01,tushare
300590.SZ,300590,移为通信,801770.SI,通信,801102.SI,通信设备,851026.SI,通信终端及配件,20170105,2026-08-01,tushare
301191.SZ,301191,菲菱科思,801770.SI,通信,801102.SI,通信设备,851026.SI,通信终端及配件,20220513,2026-08-01,tushare
300615.SZ,300615,欣天科技,801770.SI,通信,801102.SI,通信设备,851026.SI,通信终端及配件,20170208,2026-08-01,tushare
300504.SZ,300504,天邑股份,801770.SI,通信,801102.SI,通信设备,851026.SI,通信终端及配件,20180330,2026-08-01,tushare
300638.SZ,300638,广和通,801770.SI,通信,801102.SI,通信设备,851026.SI,通信终端及配件,20170330,2026-08-01,tushare
603083.SH,603083,剑桥科技,801770.SI,通信,801102.SI,通信设备,851026.SI,通信终端及配件,20171108,2026-08-01,tushare
603236.SH,603236,移远通信,801770.SI,通信,801102.SI,通信设备,851026.SI,通信终端及配件,20190702,2026-08-01,tushare
003031.SZ,003031,中瓷电子,801770.SI,通信,801102.SI,通信设备,851026.SI,通信终端及配件,20201223,2026-08-01,tushare
688159.SH,688159,有方科技,801770.SI,通信,801102.SI,通信设备,851026.SI,通信终端及配件,20200108,2026-08-01,tushare
003040.SZ,003040,楚天龙,801770.SI,通信,801102.SI,通信设备,851026.SI,通信终端及配件,20210305,2026-08-01,tushare
688027.SH,688027,国盾量子,801770.SI,通信,801102.SI,通信设备,851026.SI,通信终端及配件,20200618,2026-08-01,tushare
300627.SZ,300627,华测导航,801770.SI,通信,801102.SI,通信设备,851026.SI,通信终端及配件,20211203,2026-08-01,tushare
688100.SH,688100,威胜信息,801770.SI,通信,801102.SI,通信设备,851026.SI,通信终端及配件,20200525,2026-08-01,tushare
600775.SH,600775,南京熊猫,801770.SI,通信,801102.SI,通信设备,851026.SI,通信终端及配件,20010430,2026-08-01,tushare
600734.SH,600734,*ST实达,801770.SI,通信,801102.SI,通信设备,851026.SI,通信终端及配件,20170629,2026-08-01,tushare
603118.SH,603118,共进股份,801770.SI,通信,801102.SI,通信设备,851026.SI,通信终端及配件,20150216,2026-08-01,tushare
920249.BJ,920249.BJ,利尔达,801770.SI,通信,801102.SI,通信设备,851026.SI,通信终端及配件,20230224,2026-08-01,tushare
002881.SZ,002881,美格智能,801770.SI,通信,801102.SI,通信设备,851026.SI,通信终端及配件,20240730,2026-08-01,tushare
688592.SH,688592,司南导航,801770.SI,通信,801102.SI,通信设备,851026.SI,通信终端及配件,20240322,2026-08-01,tushare
600355.SH,600355,*ST精伦(退市),801770.SI,通信,801102.SI,通信设备,851026.SI,通信终端及配件,20020612,2026-08-01,tushare
600462.SH,600462,退市九有(退市),801770.SI,通信,801102.SI,通信设备,851026.SI,通信终端及配件,20030901,2026-08-01,tushare
000748.SZ,000748,长城信息(退市),801770.SI,通信,801102.SI,通信设备,851026.SI,通信终端及配件,19970704,2026-08-01,tushare
000542.SZ,000542,TCL通讯(退市),801770.SI,通信,801102.SI,通信设备,851026.SI,通信终端及配件,19931201,2026-08-01,tushare
600680.SH,600680,*ST上普(退市),801770.SI,通信,801102.SI,通信设备,851026.SI,通信终端及配件,20111010,2026-08-01,tushare
300028.SZ,300028,金亚退(退市),801770.SI,通信,801102.SI,通信设备,851026.SI,通信终端及配件,20111010,2026-08-01,tushare
600345.SH,600345,长江通信,801770.SI,通信,801102.SI,通信设备,851027.SI,其他通信设备,20001222,2026-08-01,tushare
600776.SH,600776,东方通信,801770.SI,通信,801102.SI,通信设备,851027.SI,其他通信设备,19961126,2026-08-01,tushare
300213.SZ,300213,佳讯飞鸿,801770.SI,通信,801102.SI,通信设备,851027.SI,其他通信设备,20110425,2026-08-01,tushare
300183.SZ,300183,东软载波,801770.SI,通信,801102.SI,通信设备,851027.SI,其他通信设备,20110110,2026-08-01,tushare
300353.SZ,300353,东土科技,801770.SI,通信,801102.SI,通信设备,851027.SI,其他通信设备,20120911,2026-08-01,tushare
300414.SZ,300414,中光防雷,801770.SI,通信,801102.SI,通信设备,851027.SI,其他通信设备,20150106,2026-08-01,tushare
300711.SZ,300711,广哈通信,801770.SI,通信,801102.SI,通信设备,851027.SI,其他通信设备,20171030,2026-08-01,tushare
688418.SH,688418,震有科技,801770.SI,通信,801102.SI,通信设备,851027.SI,其他通信设备,20200707,2026-08-01,tushare
688080.SH,688080,映翰通,801770.SI,通信,801102.SI,通信设备,851027.SI,其他通信设备,20200122,2026-08-01,tushare
688283.SH,688283,坤恒顺维,801770.SI,通信,801102.SI,通信设备,851027.SI,其他通信设备,20220121,2026-08-01,tushare
301202.SZ,301202,朗威股份,801770.SI,通信,801102.SI,通信设备,851027.SI,其他通信设备,20230630,2026-08-01,tushare
920374.BJ,920374.BJ,云里物里,801770.SI,通信,801102.SI,通信设备,851027.SI,其他通信设备,20221206,2026-08-01,tushare
600260.SH,600260,*ST凯乐(退市),801770.SI,通信,801102.SI,通信设备,851027.SI,其他通信设备,20170629,2026-08-01,tushare
000552.SZ,000552,甘肃能化,801950.SI,煤炭,801951.SI,煤炭开采,859511.SI,动力煤,19940106,2026-08-01,tushare
000571.SZ,000571,新大洲A,801950.SI,煤炭,801951.SI,煤炭开采,859511.SI,动力煤,19940525,2026-08-01,tushare
600121.SH,600121,郑州煤电,801950.SI,煤炭,801951.SI,煤炭开采,859511.SI,动力煤,19980107,2026-08-01,tushare
600188.SH,600188,兖矿能源,801950.SI,煤炭,801951.SI,煤炭开采,859511.SI,动力煤,19980701,2026-08-01,tushare
600546.SH,600546,山煤国际,801950.SI,煤炭,801951.SI,煤炭开采,859511.SI,动力煤,20030729,2026-08-01,tushare
600403.SH,600403,大有能源,801950.SI,煤炭,801951.SI,煤炭开采,859511.SI,动力煤,20031009,2026-08-01,tushare
600971.SH,600971,恒源煤电,801950.SI,煤炭,801951.SI,煤炭开采,859511.SI,动力煤,20040816,2026-08-01,tushare
601001.SH,601001,晋控煤业,801950.SI,煤炭,801951.SI,煤炭开采,859511.SI,动力煤,20060621,2026-08-01,tushare
601918.SH,601918,新集能源,801950.SI,煤炭,801951.SI,煤炭开采,859511.SI,动力煤,20071217,2026-08-01,tushare
601088.SH,601088,中国神华,801950.SI,煤炭,801951.SI,煤炭开采,859511.SI,动力煤,20071008,2026-08-01,tushare
002128.SZ,002128,电投能源,801950.SI,煤炭,801951.SI,煤炭开采,859511.SI,动力煤,20070418,2026-08-01,tushare
601101.SH,601101,昊华能源,801950.SI,煤炭,801951.SI,煤炭开采,859511.SI,动力煤,20100115,2026-08-01,tushare
601898.SH,601898,中煤能源,801950.SI,煤炭,801951.SI,煤炭开采,859511.SI,动力煤,20080102,2026-08-01,tushare
600925.SH,600925,苏能股份,801950.SI,煤炭,801951.SI,煤炭开采,859511.SI,动力煤,20230224,2026-08-01,tushare
601225.SH,601225,陕西煤业,801950.SI,煤炭,801951.SI,煤炭开采,859511.SI,动力煤,20140108,2026-08-01,tushare
000780.SZ,000780,ST平能(退市),801950.SI,煤炭,801951.SI,煤炭开采,859511.SI,动力煤,19970606,2026-08-01,tushare
600532.SH,600532,退市未来(退市),801950.SI,煤炭,801951.SI,煤炭开采,859511.SI,动力煤,20110110,2026-08-01,tushare
000611.SZ,000611,天首退(退市),801950.SI,煤炭,801951.SI,煤炭开采,859511.SI,动力煤,20210730,2026-08-01,tushare
000983.SZ,000983,山西焦煤,801950.SI,煤炭,801951.SI,煤炭开采,859512.SI,焦煤,20000726,2026-08-01,tushare
600123.SH,600123,兰花科创,801950.SI,煤炭,801951.SI,煤炭开采,859512.SI,焦煤,19981217,2026-08-01,tushare
000937.SZ,000937,冀中能源,801950.SI,煤炭,801951.SI,煤炭开采,859512.SI,焦煤,19990909,2026-08-01,tushare
600395.SH,600395,盘江股份,801950.SI,煤炭,801951.SI,煤炭开采,859512.SI,焦煤,20010531,2026-08-01,tushare
600508.SH,600508,上海能源,801950.SI,煤炭,801951.SI,煤炭开采,859512.SI,焦煤,20010829,2026-08-01,tushare
600348.SH,600348,华阳股份,801950.SI,煤炭,801951.SI,煤炭开采,859512.SI,焦煤,20030819,2026-08-01,tushare
601666.SH,601666,平煤股份,801950.SI,煤炭,801951.SI,煤炭开采,859512.SI,焦煤,20061121,2026-08-01,tushare
601699.SH,601699,潞安环能,801950.SI,煤炭,801951.SI,煤炭开采,859512.SI,焦煤,20060922,2026-08-01,tushare
600985.SH,600985,淮北矿业,801950.SI,煤炭,801951.SI,煤炭开采,859512.SI,焦煤,20190724,2026-08-01,tushare
600758.SH,600758,辽宁能源,801950.SI,煤炭,801951.SI,煤炭开采,859512.SI,焦煤,20170629,2026-08-01,tushare
600997.SH,600997,开滦股份,801950.SI,煤炭,801951.SI,煤炭开采,859512.SI,焦煤,20230704,2026-08-01,tushare
600725.SH,600725,云维股份,801950.SI,煤炭,801952.SI,焦炭Ⅱ,859521.SI,焦炭Ⅲ,19960702,2026-08-01,tushare
600740.SH,600740,山西焦化,801950.SI,煤炭,801952.SI,焦炭Ⅱ,859521.SI,焦炭Ⅲ,19960808,2026-08-01,tushare
000723.SZ,000723,美锦能源,801950.SI,煤炭,801952.SI,焦炭Ⅱ,859521.SI,焦炭Ⅲ,19970515,2026-08-01,tushare
600408.SH,600408,安泰集团,801950.SI,煤炭,801952.SI,焦炭Ⅱ,859521.SI,焦炭Ⅲ,20030212,2026-08-01,tushare
601015.SH,601015,陕西黑猫,801950.SI,煤炭,801952.SI,焦炭Ⅱ,859521.SI,焦炭Ⅲ,20140124,2026-08-01,tushare
601011.SH,601011,宝泰隆,801950.SI,煤炭,801952.SI,焦炭Ⅱ,859521.SI,焦炭Ⅲ,20110124,2026-08-01,tushare
600792.SH,600792,云煤能源,801950.SI,煤炭,801952.SI,焦炭Ⅱ,859521.SI,焦炭Ⅲ,20111010,2026-08-01,tushare
000968.SZ,000968,蓝焰控股,801960.SI,石油石化,801961.SI,油气开采Ⅱ,859611.SI,油气开采Ⅲ,20000622,2026-08-01,tushare
600938.SH,600938,中国海油,801960.SI,石油石化,801961.SI,油气开采Ⅱ,859611.SI,油气开采Ⅲ,20220401,2026-08-01,tushare
600759.SH,600759,ST洲际,801960.SI,石油石化,801961.SI,油气开采Ⅱ,859611.SI,油气开采Ⅲ,20150701,2026-08-01,tushare
600777.SH,600777,新潮能源,801960.SI,石油石化,801961.SI,油气开采Ⅱ,859611.SI,油气开采Ⅲ,20170629,2026-08-01,tushare
600856.SH,600856,退市中天(退市),801960.SI,石油石化,801961.SI,油气开采Ⅱ,859611.SI,油气开采Ⅲ,20210730,2026-08-01,tushare
000956.SZ,000956,中原油气(退市),801960.SI,石油石化,801961.SI,油气开采Ⅱ,859611.SI,油气开采Ⅲ,19991110,2026-08-01,tushare
000817.SZ,000817,辽河油田(退市),801960.SI,石油石化,801961.SI,油气开采Ⅱ,859611.SI,油气开采Ⅲ,19980528,2026-08-01,tushare
000406.SZ,000406,石油大明(退市),801960.SI,石油石化,801961.SI,油气开采Ⅱ,859611.SI,油气开采Ⅲ,19960628,2026-08-01,tushare
920088.BJ,920088.BJ,科力股份,801960.SI,石油石化,801962.SI,油服工程,859621.SI,油田服务,20241029,2026-08-01,tushare
601808.SH,601808,中海油服,801960.SI,石油石化,801962.SI,油服工程,859621.SI,油田服务,20070927,2026-08-01,tushare
002207.SZ,002207,*ST准油,801960.SI,石油石化,801962.SI,油服工程,859621.SI,油田服务,20080125,2026-08-01,tushare
002629.SZ,002629,仁智股份,801960.SI,石油石化,801962.SI,油服工程,859621.SI,油田服务,20110126,2026-08-01,tushare
002828.SZ,002828,贝肯能源,801960.SI,石油石化,801962.SI,油服工程,859621.SI,油田服务,20161201,2026-08-01,tushare
603619.SH,603619,中曼石油,801960.SI,石油石化,801962.SI,油服工程,859621.SI,油田服务,20170807,2026-08-01,tushare
600968.SH,600968,海油发展,801960.SI,石油石化,801962.SI,油服工程,859621.SI,油田服务,20190614,2026-08-01,tushare
600871.SH,600871,石化油服,801960.SI,石油石化,801962.SI,油服工程,859621.SI,油田服务,20150701,2026-08-01,tushare
600583.SH,600583,海油工程,801960.SI,石油石化,801962.SI,油服工程,859622.SI,油气及炼化工程,20020205,2026-08-01,tushare
002554.SZ,002554,惠博普,801960.SI,石油石化,801962.SI,油服工程,859622.SI,油气及炼化工程,20110110,2026-08-01,tushare
300164.SZ,300164,通源石油,801960.SI,石油石化,801962.SI,油服工程,859622.SI,油气及炼化工程,20110104,2026-08-01,tushare
300191.SZ,300191,潜能恒信,801960.SI,石油石化,801962.SI,油服工程,859622.SI,油气及炼化工程,20110110,2026-08-01,tushare
603727.SH,603727,博迈科,801960.SI,石油石化,801962.SI,油服工程,859622.SI,油气及炼化工程,20161107,2026-08-01,tushare
600339.SH,600339,中油工程,801960.SI,石油石化,801962.SI,油服工程,859622.SI,油气及炼化工程,20170629,2026-08-01,tushare
600688.SH,600688,上海石化,801960.SI,石油石化,801963.SI,炼化及贸易,859631.SI,炼油化工,19931108,2026-08-01,tushare
600028.SH,600028,中国石化,801960.SI,石油石化,801963.SI,炼化及贸易,859631.SI,炼油化工,20010808,2026-08-01,tushare
601857.SH,601857,中国石油,801960.SI,石油石化,801963.SI,炼化及贸易,859631.SI,炼油化工,20071101,2026-08-01,tushare
000059.SZ,000059,华锦股份,801960.SI,石油石化,801963.SI,炼化及贸易,859631.SI,炼油化工,20091231,2026-08-01,tushare
000698.SZ,000698,ST沈化,801960.SI,石油石化,801963.SI,炼化及贸易,859631.SI,炼油化工,20091231,2026-08-01,tushare
002493.SZ,002493,荣盛石化,801960.SI,石油石化,801963.SI,炼化及贸易,859631.SI,炼油化工,20210730,2026-08-01,tushare
600346.SH,600346,恒力石化,801960.SI,石油石化,801963.SI,炼化及贸易,859631.SI,炼油化工,20210730,2026-08-01,tushare
600506.SH,600506,统一股份,801960.SI,石油石化,801963.SI,炼化及贸易,859631.SI,炼油化工,20220729,2026-08-01,tushare
000703.SZ,000703,恒逸石化,801960.SI,石油石化,801963.SI,炼化及贸易,859631.SI,炼油化工,20210730,2026-08-01,tushare
000301.SZ,000301,东方盛虹,801960.SI,石油石化,801963.SI,炼化及贸易,859631.SI,炼油化工,20210730,2026-08-01,tushare
000554.SZ,000554,泰山石油,801960.SI,石油石化,801963.SI,炼化及贸易,859632.SI,油品石化贸易,19931215,2026-08-01,tushare
000096.SZ,000096,广聚能源,801960.SI,石油石化,801963.SI,炼化及贸易,859632.SI,油品石化贸易,20000724,2026-08-01,tushare
600256.SH,600256,广汇能源,801960.SI,石油石化,801963.SI,炼化及贸易,859632.SI,油品石化贸易,20000424,2026-08-01,tushare
001316.SZ,001316,润贝航科,801960.SI,石油石化,801963.SI,炼化及贸易,859632.SI,油品石化贸易,20220617,2026-08-01,tushare
603223.SH,603223,恒通股份,801960.SI,石油石化,801963.SI,炼化及贸易,859632.SI,油品石化贸易,20220729,2026-08-01,tushare
603353.SH,603353,和顺石油,801960.SI,石油石化,801963.SI,炼化及贸易,859632.SI,油品石化贸易,20200309,2026-08-01,tushare
600387.SH,600387,退市海越(退市),801960.SI,石油石化,801963.SI,炼化及贸易,859632.SI,油品石化贸易,20040216,2026-08-01,tushare
600772.SH,600772,S*ST龙昌(退市),801960.SI,石油石化,801963.SI,炼化及贸易,859632.SI,油品石化贸易,19961104,2026-08-01,tushare
000637.SZ,000637,茂化实华,801960.SI,石油石化,801963.SI,炼化及贸易,859633.SI,其他石化,19961114,2026-08-01,tushare
000819.SZ,000819,岳阳兴长,801960.SI,石油石化,801963.SI,炼化及贸易,859633.SI,其他石化,19970625,2026-08-01,tushare
002221.SZ,002221,东华能源,801960.SI,石油石化,801963.SI,炼化及贸易,859633.SI,其他石化,20080102,2026-08-01,tushare
300135.SZ,300135,宝利国际,801960.SI,石油石化,801963.SI,炼化及贸易,859633.SI,其他石化,20100112,2026-08-01,tushare
002986.SZ,002986,宇新股份,801960.SI,石油石化,801963.SI,炼化及贸易,859633.SI,其他石化,20200427,2026-08-01,tushare
300839.SZ,300839,博汇股份,801960.SI,石油石化,801963.SI,炼化及贸易,859633.SI,其他石化,20200525,2026-08-01,tushare
603798.SH,603798,康普顿,801960.SI,石油石化,801963.SI,炼化及贸易,859633.SI,其他石化,20160406,2026-08-01,tushare
600800.SH,600800,渤海化学,801960.SI,石油石化,801963.SI,炼化及贸易,859633.SI,其他石化,20170629,2026-08-01,tushare
000985.SZ,000985,大庆华科,801960.SI,石油石化,801963.SI,炼化及贸易,859633.SI,其他石化,20210730,2026-08-01,tushare
002476.SZ,002476,新叶股份,801960.SI,石油石化,801963.SI,炼化及贸易,859633.SI,其他石化,20210730,2026-08-01,tushare
002408.SZ,002408,齐翔腾达,801960.SI,石油石化,801963.SI,炼化及贸易,859633.SI,其他石化,20210730,2026-08-01,tushare
601233.SH,601233,桐昆股份,801960.SI,石油石化,801963.SI,炼化及贸易,859633.SI,其他石化,20210730,2026-08-01,tushare
002377.SZ,002377,国创高新,801960.SI,石油石化,801963.SI,炼化及贸易,859633.SI,其他石化,20240730,2026-08-01,tushare
300055.SZ,300055,万邦达,801960.SI,石油石化,801963.SI,炼化及贸易,859633.SI,其他石化,20240730,2026-08-01,tushare
603315.SH,603315,福鞍股份,801970.SI,环保,801971.SI,环境治理,859711.SI,大气治理,20220729,2026-08-01,tushare
300056.SZ,300056,中创环保,801970.SI,环保,801971.SI,环境治理,859711.SI,大气治理,20100108,2026-08-01,tushare
300385.SZ,300385,ST雪浪,801970.SI,环保,801971.SI,环境治理,859711.SI,大气治理,20140120,2026-08-01,tushare
920263.BJ,920263.BJ,中航泰达,801970.SI,环保,801971.SI,环境治理,859711.SI,大气治理,20200727,2026-08-01,tushare
003027.SZ,003027,同兴科技,801970.SI,环保,801971.SI,环境治理,859711.SI,大气治理,20201207,2026-08-01,tushare
603177.SH,603177,德创环保,801970.SI,环保,801971.SI,环境治理,859711.SI,大气治理,20170116,2026-08-01,tushare
920802.BJ,920802.BJ,保丽洁,801970.SI,环保,801971.SI,环境治理,859711.SI,大气治理,20230213,2026-08-01,tushare
600874.SH,600874,创业环保,801970.SI,环保,801971.SI,环境治理,859712.SI,水务及水治理,19950630,2026-08-01,tushare
000544.SZ,000544,中原环保,801970.SI,环保,801971.SI,环境治理,859712.SI,水务及水治理,19931208,2026-08-01,tushare
600008.SH,600008,首创环保,801970.SI,环保,801971.SI,环境治理,859712.SI,水务及水治理,20000424,2026-08-01,tushare
600283.SH,600283,钱江水利,801970.SI,环保,801971.SI,环境治理,859712.SI,水务及水治理,20000915,2026-08-01,tushare
000598.SZ,000598,兴蓉环境,801970.SI,环保,801971.SI,环境治理,859712.SI,水务及水治理,19960529,2026-08-01,tushare
000605.SZ,000605,渤海股份,801970.SI,环保,801971.SI,环境治理,859712.SI,水务及水治理,19960801,2026-08-01,tushare
000685.SZ,000685,中山公用,801970.SI,环保,801971.SI,环境治理,859712.SI,水务及水治理,19970123,2026-08-01,tushare
600168.SH,600168,武汉控股,801970.SI,环保,801971.SI,环境治理,859712.SI,水务及水治理,19980427,2026-08-01,tushare
600187.SH,600187,*ST国中,801970.SI,环保,801971.SI,环境治理,859712.SI,水务及水治理,19981111,2026-08-01,tushare
600461.SH,600461,洪城环境,801970.SI,环保,801971.SI,环境治理,859712.SI,水务及水治理,20040531,2026-08-01,tushare
300070.SZ,300070,碧水源,801970.SI,环保,801971.SI,环境治理,859712.SI,水务及水治理,20100412,2026-08-01,tushare
300172.SZ,300172,中电环保,801970.SI,环保,801971.SI,环境治理,859712.SI,水务及水治理,20110124,2026-08-01,tushare
603291.SH,603291,联合水务,801970.SI,环保,801971.SI,环境治理,859712.SI,水务及水治理,20230224,2026-08-01,tushare
601368.SH,601368,绿城水务,801970.SI,环保,801971.SI,环境治理,859712.SI,水务及水治理,20150115,2026-08-01,tushare
603903.SH,603903,中持股份,801970.SI,环保,801971.SI,环境治理,859712.SI,水务及水治理,20170224,2026-08-01,tushare
603817.SH,603817,海峡环保,801970.SI,环保,801971.SI,环境治理,859712.SI,水务及水治理,20170124,2026-08-01,tushare
603797.SH,603797,联泰环保,801970.SI,环保,801971.SI,环境治理,859712.SI,水务及水治理,20170330,2026-08-01,tushare
300664.SZ,300664,鹏鹞环保,801970.SI,环保,801971.SI,环境治理,859712.SI,水务及水治理,20171220,2026-08-01,tushare
300692.SZ,300692,中赋科技,801970.SI,环保,801971.SI,环境治理,859712.SI,水务及水治理,20170807,2026-08-01,tushare
603200.SH,603200,上海洗霸,801970.SI,环保,801971.SI,环境治理,859712.SI,水务及水治理,20170522,2026-08-01,tushare
688101.SH,688101,三达膜,801970.SI,环保,801971.SI,环境治理,859712.SI,水务及水治理,20191101,2026-08-01,tushare
688335.SH,688335,复洁科技,801970.SI,环保,801971.SI,环境治理,859712.SI,水务及水治理,20200731,2026-08-01,tushare
688057.SH,688057,金达莱,801970.SI,环保,801971.SI,环境治理,859712.SI,水务及水治理,20201029,2026-08-01,tushare
300899.SZ,300899,上海凯鑫,801970.SI,环保,801971.SI,环境治理,859712.SI,水务及水治理,20200924,2026-08-01,tushare
688096.SH,688096,京源环保,801970.SI,环保,801971.SI,环境治理,859712.SI,水务及水治理,20200325,2026-08-01,tushare
301148.SZ,301148,嘉戎技术,801970.SI,环保,801971.SI,环境治理,859712.SI,水务及水治理,20220401,2026-08-01,tushare
300774.SZ,300774,倍杰特,801970.SI,环保,801971.SI,环境治理,859712.SI,水务及水治理,20210723,2026-08-01,tushare
603759.SH,603759,海天股份,801970.SI,环保,801971.SI,环境治理,859712.SI,水务及水治理,20210219,2026-08-01,tushare
003039.SZ,003039,顺控发展,801970.SI,环保,801971.SI,环境治理,859712.SI,水务及水治理,20210219,2026-08-01,tushare
300961.SZ,300961,深水海纳,801970.SI,环保,801971.SI,环境治理,859712.SI,水务及水治理,20210329,2026-08-01,tushare
300929.SZ,300929,华骐环保,801970.SI,环保,801971.SI,环境治理,859712.SI,水务及水治理,20210108,2026-08-01,tushare
688565.SH,688565,力源科技,801970.SI,环保,801971.SI,环境治理,859712.SI,水务及水治理,20210426,2026-08-01,tushare
688069.SH,688069,德林海,801970.SI,环保,801971.SI,环境治理,859712.SI,水务及水治理,20200713,2026-08-01,tushare
688466.SH,688466,金科环境,801970.SI,环保,801971.SI,环境治理,859712.SI,水务及水治理,20200416,2026-08-01,tushare
601158.SH,601158,重庆水务,801970.SI,环保,801971.SI,环境治理,859712.SI,水务及水治理,20100111,2026-08-01,tushare
601199.SH,601199,江南水务,801970.SI,环保,801971.SI,环境治理,859712.SI,水务及水治理,20110110,2026-08-01,tushare
300266.SZ,300266,兴源环境,801970.SI,环保,801971.SI,环境治理,859712.SI,水务及水治理,20151012,2026-08-01,tushare
301127.SZ,301127,武汉天源,801970.SI,环保,801971.SI,环境治理,859712.SI,水务及水治理,20211210,2026-08-01,tushare
600796.SH,600796,钱江生化,801970.SI,环保,801971.SI,环境治理,859712.SI,水务及水治理,20220729,2026-08-01,tushare
300437.SZ,300437,清水源,801970.SI,环保,801971.SI,环境治理,859712.SI,水务及水治理,20210730,2026-08-01,tushare
600769.SH,600769,祥龙电业,801970.SI,环保,801971.SI,环境治理,859712.SI,水务及水治理,20210730,2026-08-01,tushare
301203.SZ,301203,国泰环保,801970.SI,环保,801971.SI,环境治理,859712.SI,水务及水治理,20230317,2026-08-01,tushare
002573.SZ,002573,清新环境,801970.SI,环保,801971.SI,环境治理,859712.SI,水务及水治理,20230704,2026-08-01,tushare
605081.SH,605081,退市太和(退市),801970.SI,环保,801971.SI,环境治理,859712.SI,水务及水治理,20210730,2026-08-01,tushare
301519.SZ,301519,舜禹股份,801970.SI,环保,801971.SI,环境治理,859712.SI,水务及水治理,20230714,2026-08-01,tushare
301372.SZ,301372,科净源,801970.SI,环保,801971.SI,环境治理,859712.SI,水务及水治理,20230731,2026-08-01,tushare
300388.SZ,300388,节能国祯,801970.SI,环保,801971.SI,环境治理,859712.SI,水务及水治理,20140207,2026-08-01,tushare
300334.SZ,300334,津膜科技,801970.SI,环保,801971.SI,环境治理,859712.SI,水务及水治理,20120130,2026-08-01,tushare
300422.SZ,300422,博世科,801970.SI,环保,801971.SI,环境治理,859712.SI,水务及水治理,20150216,2026-08-01,tushare
002778.SZ,002778,中晟高科,801970.SI,环保,801971.SI,环境治理,859712.SI,水务及水治理,20240730,2026-08-01,tushare
300425.SZ,300425,中建环能,801970.SI,环保,801971.SI,环境治理,859712.SI,水务及水治理,20240730,2026-08-01,tushare
300262.SZ,300262,*ST巴安(退市),801970.SI,环保,801971.SI,环境治理,859712.SI,水务及水治理,20110105,2026-08-01,tushare
603603.SH,603603,退市博天(退市),801970.SI,环保,801971.SI,环境治理,859712.SI,水务及水治理,20170124,2026-08-01,tushare
300362.SZ,300362,天翔退(退市),801970.SI,环保,801971.SI,环境治理,859712.SI,水务及水治理,20180619,2026-08-01,tushare
000035.SZ,000035,中国天楹,801970.SI,环保,801971.SI,环境治理,859713.SI,固废治理,19940408,2026-08-01,tushare
600323.SH,600323,瀚蓝环境,801970.SI,环保,801971.SI,环境治理,859713.SI,固废治理,20001225,2026-08-01,tushare
688178.SH,688178,万德斯,801970.SI,环保,801971.SI,环境治理,859713.SI,固废治理,20220729,2026-08-01,tushare
301175.SZ,301175,中科环保,801970.SI,环保,801971.SI,环境治理,859713.SI,固废治理,20220617,2026-08-01,tushare
002672.SZ,002672,东江环保,801970.SI,环保,801971.SI,环境治理,859713.SI,固废治理,20120117,2026-08-01,tushare
301109.SZ,301109,军信股份,801970.SI,环保,801971.SI,环境治理,859713.SI,固废治理,20220325,2026-08-01,tushare
002034.SZ,002034,旺能环境,801970.SI,环保,801971.SI,环境治理,859713.SI,固废治理,20190724,2026-08-01,tushare
002266.SZ,002266,浙富控股,801970.SI,环保,801971.SI,环境治理,859713.SI,固废治理,20200902,2026-08-01,tushare
301265.SZ,301265,华新科技,801970.SI,环保,801971.SI,环境治理,859713.SI,固废治理,20221125,2026-08-01,tushare
300779.SZ,300779,惠城环保,801970.SI,环保,801971.SI,环境治理,859713.SI,固废治理,20190506,2026-08-01,tushare
002973.SZ,002973,侨银股份,801970.SI,环保,801971.SI,环境治理,859713.SI,固废治理,20191223,2026-08-01,tushare
300867.SZ,300867,圣元环保,801970.SI,环保,801971.SI,环境治理,859713.SI,固废治理,20200804,2026-08-01,tushare
601330.SH,601330,绿色动力,801970.SI,环保,801971.SI,环境治理,859713.SI,固废治理,20180528,2026-08-01,tushare
601033.SH,601033,永兴股份,801970.SI,环保,801971.SI,环境治理,859713.SI,固废治理,20231229,2026-08-01,tushare
300815.SZ,300815,玉禾田,801970.SI,环保,801971.SI,环境治理,859713.SI,固废治理,20200108,2026-08-01,tushare
601827.SH,601827,三峰环境,801970.SI,环保,801971.SI,环境治理,859713.SI,固废治理,20200518,2026-08-01,tushare
688679.SH,688679,通源环境,801970.SI,环保,801971.SI,环境治理,859713.SI,固废治理,20201214,2026-08-01,tushare
920370.BJ,920370.BJ,新安洁,801970.SI,环保,801971.SI,环境治理,859713.SI,固废治理,20200727,2026-08-01,tushare
601200.SH,601200,上海环境,801970.SI,环保,801971.SI,环境治理,859713.SI,固废治理,20170331,2026-08-01,tushare
688370.SH,688370,丛麟科技,801970.SI,环保,801971.SI,环境治理,859713.SI,固废治理,20220805,2026-08-01,tushare
301305.SZ,301305,朗坤科技,801970.SI,环保,801971.SI,环境治理,859713.SI,固废治理,20230504,2026-08-01,tushare
002210.SZ,002210,飞马国际,801970.SI,环保,801971.SI,环境治理,859713.SI,固废治理,20220729,2026-08-01,tushare
603568.SH,603568,伟明环保,801970.SI,环保,801971.SI,环境治理,859713.SI,固废治理,20150126,2026-08-01,tushare
300614.SZ,300614,百川畅银,801970.SI,环保,801971.SI,环境治理,859713.SI,固废治理,20210510,2026-08-01,tushare
600217.SH,600217,中再资环,801970.SI,环保,801971.SI,环境治理,859713.SI,固废治理,20150701,2026-08-01,tushare
000803.SZ,000803,山高环能,801970.SI,环保,801971.SI,环境治理,859713.SI,固废治理,20250811,2026-08-01,tushare
301049.SZ,301049,超越科技,801970.SI,环保,801971.SI,环境治理,859713.SI,固废治理,20210813,2026-08-01,tushare
300854.SZ,300854,中兰环保,801970.SI,环保,801971.SI,环境治理,859713.SI,固废治理,20210827,2026-08-01,tushare
301068.SZ,301068,大地海洋,801970.SI,环保,801971.SI,环境治理,859713.SI,固废治理,20210903,2026-08-01,tushare
603588.SH,603588,高能环境,801970.SI,环保,801971.SI,环境治理,859713.SI,固废治理,20140120,2026-08-01,tushare
001230.SZ,001230,劲旅环境,801970.SI,环保,801971.SI,环境治理,859713.SI,固废治理,20220701,2026-08-01,tushare
000885.SZ,000885,城发环境,801970.SI,环保,801971.SI,环境治理,859713.SI,固废治理,20240517,2026-08-01,tushare
000546.SZ,000546,金圆股份,801970.SI,环保,801971.SI,环境治理,859713.SI,固废治理,20240730,2026-08-01,tushare
300140.SZ,300140,节能环境,801970.SI,环保,801971.SI,环境治理,859713.SI,固废治理,20240730,2026-08-01,tushare
301500.SZ,301500,飞南资源,801970.SI,环保,801971.SI,环境治理,859713.SI,固废治理,20240730,2026-08-01,tushare
000826.SZ,000826,*ST启环,801970.SI,环保,801971.SI,环境治理,859714.SI,综合环境治理,19980225,2026-08-01,tushare
301259.SZ,301259,艾布鲁,801970.SI,环保,801971.SI,环境治理,859714.SI,综合环境治理,20220408,2026-08-01,tushare
000068.SZ,000068,华控赛格,801970.SI,环保,801971.SI,环境治理,859714.SI,综合环境治理,20170629,2026-08-01,tushare
002887.SZ,002887,绿茵生态,801970.SI,环保,801971.SI,环境治理,859714.SI,综合环境治理,20190724,2026-08-01,tushare
300190.SZ,300190,维尔利,801970.SI,环保,801971.SI,环境治理,859714.SI,综合环境治理,20110107,2026-08-01,tushare
300864.SZ,300864,南大环境,801970.SI,环保,801971.SI,环境治理,859714.SI,综合环境治理,20200807,2026-08-01,tushare
300958.SZ,300958,建工修复,801970.SI,环保,801971.SI,环境治理,859714.SI,综合环境治理,20210312,2026-08-01,tushare
688480.SH,688480,赛恩斯,801970.SI,环保,801971.SI,环境治理,859714.SI,综合环境治理,20221111,2026-08-01,tushare
605069.SH,605069,正和生态,801970.SI,环保,801971.SI,环境治理,859714.SI,综合环境治理,20210806,2026-08-01,tushare
000711.SZ,000711,ST京蓝,801970.SI,环保,801971.SI,环境治理,859714.SI,综合环境治理,20220729,2026-08-01,tushare
300152.SZ,300152,*ST动力,801970.SI,环保,801971.SI,环境治理,859714.SI,综合环境治理,20171211,2026-08-01,tushare
300187.SZ,300187,永清环保,801970.SI,环保,801971.SI,环境治理,859714.SI,综合环境治理,20220729,2026-08-01,tushare
688701.SH,688701,卓锦股份,801970.SI,环保,801971.SI,环境治理,859714.SI,综合环境治理,20210827,2026-08-01,tushare
600133.SH,600133,东湖高新,801970.SI,环保,801971.SI,环境治理,859714.SI,综合环境治理,20250110,2026-08-01,tushare
603686.SH,603686,福龙马,801970.SI,环保,801971.SI,环境治理,859714.SI,综合环境治理,20240730,2026-08-01,tushare
000005.SZ,000005,ST星源(退市),801970.SI,环保,801971.SI,环境治理,859714.SI,综合环境治理,20170629,2026-08-01,tushare
300156.SZ,300156,神雾退(退市),801970.SI,环保,801971.SI,环境治理,859714.SI,综合环境治理,20110107,2026-08-01,tushare
000967.SZ,000967,盈峰环境,801970.SI,环保,801972.SI,环保设备Ⅱ,859721.SI,环保设备Ⅲ,20000328,2026-08-01,tushare
300203.SZ,300203,聚光科技,801970.SI,环保,801972.SI,环保设备Ⅱ,859721.SI,环保设备Ⅲ,20220729,2026-08-01,tushare
600526.SH,600526,菲达环保,801970.SI,环保,801972.SI,环保设备Ⅱ,859721.SI,环保设备Ⅲ,20020722,2026-08-01,tushare
688376.SH,688376,美埃科技,801970.SI,环保,801972.SI,环保设备Ⅱ,859721.SI,环保设备Ⅲ,20221104,2026-08-01,tushare
001336.SZ,001336,楚环科技,801970.SI,环保,801972.SI,环保设备Ⅱ,859721.SI,环保设备Ⅲ,20220708,2026-08-01,tushare
603282.SH,603282,亚光股份,801970.SI,环保,801972.SI,环保设备Ⅱ,859721.SI,环保设备Ⅲ,20230224,2026-08-01,tushare
000551.SZ,000551,创元科技,801970.SI,环保,801972.SI,环保设备Ⅱ,859721.SI,环保设备Ⅲ,20150701,2026-08-01,tushare
002658.SZ,002658,雪迪龙,801970.SI,环保,801972.SI,环保设备Ⅱ,859721.SI,环保设备Ⅲ,20151012,2026-08-01,tushare
300631.SZ,300631,久吾高科,801970.SI,环保,801972.SI,环保设备Ⅱ,859721.SI,环保设备Ⅲ,20170310,2026-08-01,tushare
300800.SZ,300800,力合科技,801970.SI,环保,801972.SI,环保设备Ⅱ,859721.SI,环保设备Ⅲ,20191028,2026-08-01,tushare
300786.SZ,300786,国林科技,801970.SI,环保,801972.SI,环保设备Ⅱ,859721.SI,环保设备Ⅲ,20190718,2026-08-01,tushare
688309.SH,688309,恒誉环保,801970.SI,环保,801972.SI,环保设备Ⅱ,859721.SI,环保设备Ⅲ,20200629,2026-08-01,tushare
301288.SZ,301288,清研环境,801970.SI,环保,801972.SI,环保设备Ⅱ,859721.SI,环保设备Ⅲ,20220401,2026-08-01,tushare
688501.SH,688501,青达环保,801970.SI,环保,801972.SI,环保设备Ⅱ,859721.SI,环保设备Ⅲ,20210705,2026-08-01,tushare
920145.BJ,920145.BJ,恒合股份,801970.SI,环保,801972.SI,环保设备Ⅱ,859721.SI,环保设备Ⅲ,20211115,2026-08-01,tushare
603324.SH,603324,盛剑科技,801970.SI,环保,801972.SI,环保设备Ⅱ,859721.SI,环保设备Ⅲ,20210407,2026-08-01,tushare
000890.SZ,000890,法尔胜,801970.SI,环保,801972.SI,环保设备Ⅱ,859721.SI,环保设备Ⅲ,20220729,2026-08-01,tushare
300137.SZ,300137,先河环保,801970.SI,环保,801972.SI,环保设备Ⅱ,859721.SI,环保设备Ⅲ,20150701,2026-08-01,tushare
301081.SZ,301081,严牌股份,801970.SI,环保,801972.SI,环保设备Ⅱ,859721.SI,环保设备Ⅲ,20211015,2026-08-01,tushare
600388.SH,600388,龙净环保,801970.SI,环保,801972.SI,环保设备Ⅱ,859721.SI,环保设备Ⅲ,20220729,2026-08-01,tushare
300105.SZ,300105,龙源技术,801970.SI,环保,801972.SI,环保设备Ⅱ,859721.SI,环保设备Ⅲ,20250509,2026-08-01,tushare
600817.SH,600817,宇通重工,801970.SI,环保,801972.SI,环保设备Ⅱ,859721.SI,环保设备Ⅲ,20220729,2026-08-01,tushare
300210.SZ,300210,森远股份,801970.SI,环保,801972.SI,环保设备Ⅱ,859721.SI,环保设备Ⅲ,20210730,2026-08-01,tushare
688671.SH,688671,碧兴物联,801970.SI,环保,801972.SI,环保设备Ⅱ,859721.SI,环保设备Ⅲ,20230731,2026-08-01,tushare
002645.SZ,002645,华宏科技,801970.SI,环保,801972.SI,环保设备Ⅱ,859721.SI,环保设备Ⅲ,20210730,2026-08-01,tushare
000820.SZ,000820,*ST节能,801970.SI,环保,801972.SI,环保设备Ⅱ,859721.SI,环保设备Ⅲ,20240730,2026-08-01,tushare
603126.SH,603126,中材节能,801970.SI,环保,801972.SI,环保设备Ⅱ,859721.SI,环保设备Ⅲ,20240730,2026-08-01,tushare
000730.SZ,000730,*ST环保(退市),801970.SI,环保,801972.SI,环保设备Ⅱ,859721.SI,环保设备Ⅲ,19970522,2026-08-01,tushare
002511.SZ,002511,中顺洁柔,801980.SI,美容护理,801981.SI,个护用品,859811.SI,生活用纸,20100115,2026-08-01,tushare
301108.SZ,301108,洁雅股份,801980.SI,美容护理,801981.SI,个护用品,859811.SI,生活用纸,20211119,2026-08-01,tushare
003006.SZ,003006,百亚股份,801980.SI,美容护理,801981.SI,个护用品,859811.SI,生活用纸,20200904,2026-08-01,tushare
301009.SZ,301009,可靠股份,801980.SI,美容护理,801981.SI,个护用品,859811.SI,生活用纸,20210531,2026-08-01,tushare
001206.SZ,001206,依依股份,801980.SI,美容护理,801981.SI,个护用品,859811.SI,生活用纸,20210510,2026-08-01,tushare
605009.SH,605009,豪悦护理,801980.SI,美容护理,801981.SI,个护用品,859811.SI,生活用纸,20200831,2026-08-01,tushare
300658.SZ,300658,延江股份,801980.SI,美容护理,801981.SI,个护用品,859811.SI,生活用纸,20210730,2026-08-01,tushare
300888.SZ,300888,稳健医疗,801980.SI,美容护理,801981.SI,个护用品,859811.SI,生活用纸,20210730,2026-08-01,tushare
600249.SH,600249,两面针,801980.SI,美容护理,801981.SI,个护用品,859812.SI,洗护用品,20040129,2026-08-01,tushare
001328.SZ,001328,登康口腔,801980.SI,美容护理,801981.SI,个护用品,859812.SI,洗护用品,20230327,2026-08-01,tushare
603059.SH,603059,倍加洁,801980.SI,美容护理,801981.SI,个护用品,859812.SI,洗护用品,20180212,2026-08-01,tushare
603193.SH,603193,润本股份,801980.SI,美容护理,801981.SI,个护用品,859812.SI,洗护用品,20231013,2026-08-01,tushare
002094.SZ,002094,青岛金王,801980.SI,美容护理,801982.SI,化妆品,859821.SI,化妆品制造及其他,20180713,2026-08-01,tushare
300849.SZ,300849,锦盛新材,801980.SI,美容护理,801982.SI,化妆品,859821.SI,化妆品制造及其他,20200624,2026-08-01,tushare
300955.SZ,300955,嘉亨家化,801980.SI,美容护理,801982.SI,化妆品,859821.SI,化妆品制造及其他,20210312,2026-08-01,tushare
300856.SZ,300856,科思股份,801980.SI,美容护理,801982.SI,化妆品,859821.SI,化妆品制造及其他,20200706,2026-08-01,tushare
300132.SZ,300132,青松股份,801980.SI,美容护理,801982.SI,化妆品,859821.SI,化妆品制造及其他,20210730,2026-08-01,tushare
920123.BJ,920123.BJ,芭薇股份,801980.SI,美容护理,801982.SI,化妆品,859821.SI,化妆品制造及其他,20240411,2026-08-01,tushare
600315.SH,600315,上海家化,801980.SI,美容护理,801982.SI,化妆品,859822.SI,品牌化妆品,20010315,2026-08-01,tushare
603630.SH,603630,拉芳家化,801980.SI,美容护理,801982.SI,化妆品,859822.SI,品牌化妆品,20170224,2026-08-01,tushare
603605.SH,603605,珀莱雅,801980.SI,美容护理,801982.SI,化妆品,859822.SI,品牌化妆品,20171108,2026-08-01,tushare
603983.SH,603983,丸美生物,801980.SI,美容护理,801982.SI,化妆品,859822.SI,品牌化妆品,20190618,2026-08-01,tushare
300740.SZ,300740,水羊股份,801980.SI,美容护理,801982.SI,化妆品,859822.SI,品牌化妆品,20180129,2026-08-01,tushare
300957.SZ,300957,贝泰妮,801980.SI,美容护理,801982.SI,化妆品,859822.SI,品牌化妆品,20210312,2026-08-01,tushare
301371.SZ,301371,敷尔佳,801980.SI,美容护理,801982.SI,化妆品,859822.SI,品牌化妆品,20230714,2026-08-01,tushare
600223.SH,600223,福瑞达,801980.SI,美容护理,801982.SI,化妆品,859822.SI,品牌化妆品,20240202,2026-08-01,tushare
688363.SH,688363,华熙生物,801980.SI,美容护理,801983.SI,医疗美容,859831.SI,医美耗材,20191021,2026-08-01,tushare
300896.SZ,300896,爱美客,801980.SI,美容护理,801983.SI,医疗美容,859831.SI,医美耗材,20200914,2026-08-01,tushare
920982.BJ,920982.BJ,锦波生物,801980.SI,美容护理,801983.SI,医疗美容,859831.SI,医美耗材,20230717,2026-08-01,tushare
000615.SZ,000615,*ST美谷,801980.SI,美容护理,801983.SI,医疗美容,859832.SI,医美服务,20210730,2026-08-01,tushare
000708.SZ,000708,中信特钢,801040.SI,钢铁,801045.SI,特钢Ⅱ,850412.SI,特钢Ⅲ,19970321,2026-08-01,tushare_incremental
