symbol,board,industry,pred_ret_1d,pred_ret_3d,pred_ret_5d,prob_up,pred_q10,pred_q25,pred_q50,pred_q75,pred_q90,uncertainty_width,pain_prob,rank_score,ATR_pct,adv20,is_limit_up_close,is_one_word_limit,day_change,turnover_rate,amount,close
000708,main,CSI,-0.001496204670826308,0.005773388373428093,0.005185881908169734,0.3980284705391018,-0.021343591656002026,-0.012887375398477485,-0.004115974205631606,0.0025047553972208257,0.023765679614527708,0.04510927127052973,0.19593275084280687,-0.13473618740447713,,,0,0,0.02614896988906512,0.8204,537282470.2,11.84239945
000895,main,CSI,-0.0013568994934237025,0.0017784568190312203,0.0043928902496697874,0.380747691278189,-0.028674596855892156,-0.01423291159058583,-0.003179917153596769,0.009236360622359628,0.02612522012012738,0.05479981697601954,0.14354416142187154,-0.10015067256115057,,,0,0,-0.008807045636509359,0.7712,661595538.08,23.4643092
603043,main,CSI,-0.0007524786136454942,0.006753737323921969,0.005185881908169734,0.44034789974848365,-0.025095927048220362,-0.008187627890381884,0.002314930758929106,0.01987232757705255,0.04708295422130726,0.07217888126952762,0.2183258335707087,0.9715339296852115,,,0,0,0.018160515524311638,2.557,250781906.61,16.29225532
600686,main,CSI,-0.001496204670826308,0.005652812383902491,0.005185881908169734,0.3980284705391018,-0.036577377165756327,-0.019337219101397234,-0.0018205724772414648,0.015271830197932178,0.05129447281656635,0.08787184998232267,0.35354133062262943,0.283644246279556,,,0,0,-0.04326923076923084,0.1404,1434144053.0,13.93
601801,main,CSI,-0.0014066364219033135,0.0012330519540042558,0.0043928902496697874,0.380747691278189,-0.025138008315403543,-0.01350268232984768,-0.003179917153596769,0.008838453977168204,0.021025828732025898,0.04616383704742944,0.12210185376754817,-0.24991125742396694,,,0,0,0.02356406480117812,1.4226,193541382.68,6.48484345
000403,main,CSI,-0.0013485847689062296,0.004336121203437169,0.005185881908169734,0.380747691278189,-0.022983803255229727,-0.008847996254942472,-0.004115974205631606,0.0023874107548759664,0.023765679614527708,0.046749482869757435,0.45464377265178696,-0.42464424155274844,,,1,0,0.0998227997637331,0.0802,1375811945.82,18.62
601998,main,CSI,-0.001376650971239576,0.005289646611421174,0.005185881908169734,0.44034789974848365,-0.027080911501800083,-0.01439595217213424,-0.0013240378831286578,0.013504745910673521,0.03685245496491184,0.06393336646671192,0.21128627337355996,0.4322777335678777,,,0,0,-0.0023923444976077235,0.392,1335513075.27,7.79255406
601825,main,CSI,-0.001496204670826308,0.004336121203437169,0.005185881908169734,0.380747691278189,-0.026972299868451653,-0.014793078543667652,-0.0031736203900174036,0.010761125206691799,0.0300905607270625,0.05706286059551415,0.14554539483944517,-0.17809655150013137,,,0,0,0.02346938775510199,0.749,691919756.54,9.34402824
601003,main,CSI,-0.001496204670826308,0.004336121203437169,0.005185881908169734,0.380747691278189,-0.02119354871517301,-0.011489038873540991,-0.004115974205631606,0.0033851827060177903,0.023367596282537196,0.0445611449977102,0.3198715596429849,-0.4710173945931149,,,0,0,-0.08102766798418959,0.092,1158891798.0,4.65
600908,main,CSI,-0.001496204670826308,0.0006350826599912645,0.004249176129649647,0.37079499291953866,-0.011374244338720474,-0.0035431471003247498,-0.0032999999821186066,-0.0023457213652917207,0.0031724614741939798,0.014546705812914455,0.10676811659142721,-0.7622670198430309,0.02435900027668971,232655550.488,0,0,0.0031249999999998224,1.797,231610389.65,6.15133584
002121,main,CSI,-0.001496204670826308,0.005289646611421174,0.005185881908169734,0.3980284705391018,-0.033732378513139004,-0.019422899409436156,-0.0018205724772414648,0.014019157541469564,0.057230441155562695,0.0909628196687017,0.3385295390820166,0.7296471775477603,,,0,0,-0.06800618238021627,0.1426,1221854542.59,6.03
000498,main,CSI,-0.001376650971239576,0.005289646611421174,0.005185881908169734,0.44034789974848365,-0.019277765491534322,-0.011489038873540991,-0.004115974205631606,0.00194819642003743,0.02831467450907416,0.047592440000608485,0.21128627337355996,-0.10370460595791368,,,0,0,0.028911564625850206,3.4961,311300880.17,5.78984395
002827,main,CSI,-0.0017891271817513607,0.0012330519540042558,0.0043928902496697874,0.380747691278189,-0.03760094597426415,-0.02185727796087587,-0.0042138600094629615,0.010155318114533199,0.04553140194038271,0.08313234791464685,0.458220715093933,-0.05774283885458849,,,0,0,0.043401240035429556,0.1245,1602834721.71,47.12
600305,main,CSI,-0.001496204670826308,0.005652812383902491,0.005185881908169734,0.465380653704064,-0.029182585752552347,-0.01652552731160127,-0.0018205724772414648,0.013633031201651498,0.03890943041281235,0.0680920161653647,0.1847177862591238,0.2455792864351139,,,0,0,0.026731470230862753,4.0025,376447108.68,8.29566075
002901,main,CSI,-0.001496204670826308,-6.175730916213736e-05,0.00401445278608381,0.3819182631857252,-0.008106473421194325,-0.0035431471003247498,-0.0032999999821186066,-0.0022634059452398257,-0.0022634059452398257,0.0058430674759545,0.14718402255873972,-1.020186730853585,0.06132260596546313,542139771.3859999,0,0,0.07078507078507079,2.6519,440607223.24,57.49575104
600055,main,CSI,-0.001496204670826308,0.005652812383902491,0.005185881908169734,0.41412799804803313,-0.026139662853563218,-0.013668903063203867,-0.003837310492730223,0.009272207740408201,0.02505404816604144,0.051193711019604654,0.13787943863500546,-0.2921390406365703,0.057619625250965256,,0,0,0.08123904149620098,3.7463,473724649.88,18.5
603866,main,CSI,-0.0014066364219033135,0.0025172670562475684,0.0043928902496697874,0.380747691278189,-0.02523470359876869,-0.013983651545939288,-0.0033302426501606542,0.007671285107060993,0.025515105040158026,0.05074980863892672,0.12829917865202112,0.11536549853468593,0.03534579801411231,,0,0,0.03146853146853146,3.3967,317097854.07,5.6567017
605296,main,CSI,-0.0015541226848674043,0.0009682183647787466,0.00421365642901296,0.3607734206074395,-0.009383462301266453,-0.0035431471003247498,-0.0032999999821186066,-0.0022634059452398257,-0.0022634059452398257,0.007120056356026628,0.15346357149888593,-1.0043863780445703,0.0856460757982692,333065503.233,0,0,0.029809465273509472,2.4208,431401274.56,33.08150763
000550,main,CSI,-0.0012257744854580932,0.0006350826599912645,0.004249176129649647,0.3819182631857252,-0.035306082045771375,-0.019410462290385844,-0.0030609802071721566,0.013801472372525176,0.03728255427651045,0.07258863632228182,0.33467690229259567,-0.3638362988239159,0.05930045710580048,260092747.35699996,0,0,-0.05739210284664842,3.5194,377038792.44,19.8334171
600012,main,CSI,-0.001496204670826308,0.005221554869373746,0.005185881908169734,0.3980284705391018,-0.02547762912005803,-0.013288439097674945,-0.0028900590328422146,0.011447952803013578,0.022269615530201205,0.04774724465025924,0.19593275084280687,-0.01457250648998878,,,0,0,0.037735849056603765,1.4964,254915426.08,14.85
002690,main,CSI,-0.001496204670826308,0.0006350826599912645,0.004249176129649647,0.3819182631857252,-0.040026034263219865,-0.027548939124103416,-0.0034095622091117554,0.014602034620514334,0.04145084414146749,0.08147687840468736,0.39440373743979595,-0.2934622899112458,0.06245884689300486,312802146.045,0,0,0.03984063745019917,3.6246,332189551.52,20.07472104
600269,main,CSI,-0.0007524786136454942,0.006753737323921969,0.005185881908169734,0.44034789974848365,-0.029182585752552347,-0.014985137116018104,-0.000644271513220955,0.016018147154753467,0.042633134341451065,0.07181572009400342,0.21759206853126806,0.8246516196022109,,,0,0,0.05212355212355213,4.7923,611585899.21,5.232
600928,main,CSI,-0.001496204670826308,0.0017784568190312203,0.005185881908169734,0.380747691278189,-0.027140339701838736,-0.014592966990268892,-0.0031736203900174036,0.016735599870424805,0.04587792852854487,0.07301826823038361,0.1685336496720111,-0.236979529154743,,,0,0,-0.0626506024096386,2.5086,437724936.86,3.77821696
600597,main,CSI,-0.001496204670826308,0.005652812383902491,0.005185881908169734,0.3980284705391018,-0.024422291969287205,-0.012163703579281772,-0.0028900590328422146,0.012409801723675305,0.021901185607846645,0.04632347757713385,0.13631756771488804,-0.3026089579745804,0.0367172067496724,,0,0,0.022274325908558268,2.2127,262955032.06,8.72
600787,main,CSI,-0.001376650971239576,0.0024827601986456387,0.004721234617390126,0.3841765819868744,-0.023939616845220432,-0.010226998541957742,-9.825583212740435e-05,0.01404585801401064,0.028514684156562293,0.05245430100178272,0.12383687313568507,-0.2738888323534709,0.03287981859410431,363823396.61399996,0,0,-0.0373514431239389,2.2952,286298953.0,5.5317087
600006,main,CSI,-0.001376650971239576,0.002125082370388381,0.004721234617390126,0.381528541720326,-0.02178717611035007,-0.009300071087049406,-0.0013240378831286578,0.009295057997049393,0.01859247211683637,0.04037964822718644,0.08593638071989804,-0.7310096212426601,0.033269415148609774,398670058.4745,0,0,-0.005340453938584733,1.539,230028403.16,7.45
600657,main,CSI,-0.0014066364219033135,0.002507753952940943,0.004249176129649647,0.3819182631857252,-0.030791108093074886,-0.012281549376960129,-0.003179917153596769,0.011037563979334319,0.028153936902351028,0.05894504499542591,0.23214006136310825,-0.35158433090934565,0.08245931283905965,291419510.64250004,0,0,-0.012499999999999956,3.3141,369013318.15,3.95
601658,main,CSI,-0.001496204670826308,0.0007441867685132581,0.00401445278608381,0.37079499291953866,-0.024497054022670505,-0.011807506582081713,-0.0031736203900174036,0.007830455004952594,0.02078697405404614,0.045284028076716644,0.09341699193772163,-0.3870847815359946,0.02766599597585513,1436722922.1295,0,0,-0.01899827288428313,0.3664,1401306758.87,5.44404144
002093,main,CSI,-0.0014066364219033135,0.002507753952940943,0.004249176129649647,0.3819182631857252,-0.04188097100666825,-0.022153923903462158,-0.0031736203900174036,0.019498618036622936,0.05970219722385945,0.10158316823052771,0.46259843895849545,0.15043984717123374,0.0797698236722627,2054863584.087,0,0,0.03757668711656437,0.2004,2785296516.87,13.53
002061,main,CSI,-0.001496204670826308,0.0012941229534039922,0.0043928902496697874,0.380747691278189,-0.01268140736970696,-0.004292803133460476,-0.0032999999821186066,-0.0018004764912284274,0.003509875792960658,0.016191283162667616,0.11792653041484032,-0.5646817477480507,0.03984337495146159,,0,0,0.01690821256038655,2.761,305122630.84,4.08381367
002961,main,ALL,-0.0007524786136454942,0.01392481227447627,0.005882475182030391,0.44034789974848365,-0.021343591656002026,-0.012887375398477485,-0.004115974205631606,0.0020074747695768415,0.0186115277519393,0.03995511940794133,0.3388777621775062,-0.43042274919241763,,,0,0,0.036020583190394584,0.125,1714390019.63,30.2
600461,main,CSI,-0.001496204670826308,0.003851787337809941,0.005185881908169734,0.380747691278189,-0.023672780095876585,-0.013433740630984351,-0.0035517639728641377,0.007535580253130674,0.019395938952186675,0.04306871904806326,0.16389922189117612,-0.39082024782642133,0.03941951085196474,,0,0,0.004115226337448652,3.0608,384535318.16,9.26408464
600039,main,CSI,-0.0015541226848674043,0.0024568052289755237,0.0043928902496697874,0.380747691278189,-0.027729528455107177,-0.015031306140625826,-0.0031736203900174036,0.019028964137450036,0.047233353698373864,0.07496288215348104,0.16871392517332753,-0.07452304203785186,,,0,0,0.062176165803108585,1.0852,948050780.94,9.75473025
601018,main,CSI,-0.0018112119207464982,0.0012941229534039922,0.0043928902496697874,0.380747691278189,-0.02372672857018503,-0.01429232272876365,-0.003179917153596769,0.005900974141309626,0.017993537848024453,0.04172026641820949,0.11294330717577743,-0.30930140618550556,0.05297789543355897,,0,0,-0.013513513513513487,1.1182,798618277.0,3.55900185
002839,main,CSI,-0.001496204670826308,0.0023521763405601167,0.004249176129649647,0.37079499291953866,-0.021582164584234592,-0.011135448385572054,-0.002506406293005988,0.0075338560911625,0.01857733347279667,0.04015949805703126,0.09696386691444614,-0.392094826694902,0.030294686651400154,299232648.289,0,0,-0.008510638297872242,1.9101,217874043.96,4.5326189
002233,main,CSI,-0.001496204670826308,0.005652812383902491,0.005185881908169734,0.3980284705391018,-0.023533953055504594,-0.012435414403789804,-0.002998092354605026,0.009696825158115676,0.020289559636500767,0.043823512692005365,0.13998184626081353,-0.2775266699741903,0.03901560624249704,,0,0,-0.004184100418409997,2.4534,275934141.28,9.04150576
000058,main,CSI,-0.001376650971239576,0.0024827601986456387,0.004721234617390126,0.5003052977400398,-0.026388718397985768,-0.012148557329487369,-0.0013240378831286578,0.01574782472942238,0.03511270640553038,0.06150142480351615,0.20045245281494525,-0.3229825433442269,0.07885075818036713,552862788.8575001,0,0,-0.03866809881847477,2.7804,246631246.35,8.92564705
601229,main,CSI,-0.001496204670826308,0.0017391439240253455,0.004249176129649647,0.38999607225773214,-0.03277928083862711,-0.01819703864350491,-0.002938981597811904,0.012664631534499805,0.0315718167409088,0.06435109757953592,0.24958323899957915,0.08747603631121725,0.03950344637127908,980108066.6955,0,0,0.03567787971457692,0.5035,717646732.86,9.9201732
601136,main,CSI,-0.001496204670826308,0.0006967650444805906,0.004249176129649647,0.38999607225773214,-0.026388940269566605,-0.013916674446900286,-0.002938981597811904,0.007539715368042481,0.021615733551426052,0.04800467382099266,0.11312989080361034,-0.6182251711607096,0.023035491332939095,493410879.35200006,0,0,-0.006871081303717608,2.7781,252431769.21,18.69858665
603355,main,CSI,-0.001496204670826308,0.003851787337809941,0.005185881908169734,0.380747691278189,-0.027234212579106746,-0.013343681835188205,-0.0031736203900174036,0.011577405574530955,0.03201731717492324,0.05925152975402999,0.12734580271454016,0.31992611981467683,0.08541697129209926,,0,0,-0.051763183435781346,1.7818,306567571.62,29.31
600416,main,CSI,-0.001496204670826308,0.006876565658873759,0.005185881908169734,0.41412799804803313,-0.030448209032712014,-0.01770750877513375,-0.002938981597811904,0.020852107520503208,0.0548270982352341,0.08527530726794612,0.360925650859656,0.2435155776697458,,,0,0,0.07493188010899177,0.07730000000000001,1564510467.0,15.78
601238,main,CSI,-0.0013568994934237025,0.0012941229534039922,0.0043928902496697874,0.380747691278189,-0.02636501933844918,-0.014881091215863524,-0.003179917153596769,0.00789349530597415,0.02393492557050112,0.0502999449089503,0.15291195387534962,-0.17995788581803443,0.05148531375166889,,0,0,0.04517704517704524,1.4308,890736109.95,8.56
000166,main,CSI,-0.0015541226848674043,0.0012330519540042558,0.0043928902496697874,0.380747691278189,-0.026385758909263517,-0.016218526776514457,-0.0035631277801148834,0.005613826072316589,0.024608838849558057,0.05099459775882158,0.13385768639085127,0.18562303184856288,,,0,0,0.03780718336483946,1.032,1262267651.33,5.49
601089,main,CSI,-0.001496204670826308,0.0007441867685132581,0.00401445278608381,0.39848918244637715,-0.0332045426372307,-0.016894629306989685,-0.0031736203900174036,0.013894694612989849,0.03662190207635861,0.06982644471358931,0.2890255217655488,0.03651269710828458,0.059862012987013005,433454446.58900005,0,0,0.018444846292947625,2.5781,354597363.76,27.41494272
002351,main,CSI,-0.0015541226848674043,0.0009682183647787466,0.00421365642901296,0.36288676597092306,-0.02629028673143927,-0.013841446541662592,-0.003412802283550998,0.008249111776886767,0.022733929528094676,0.049024216259533945,0.13746062240943563,-0.5028943705273056,0.050362828982995766,475010350.142,0,0,0.06114239742558336,8.831,600558652.4,12.95383305
000650,main,CSI,-0.0015541226848674043,0.000859114256256753,0.004249176129649647,0.3607734206074395,-0.029192467313109406,-0.01394941484262153,-0.0034676777172735233,0.009411154747301587,0.028185558636580517,0.05737802594968992,0.1951567711718374,-0.3231255820482936,0.04622513562386979,588276889.931,0,0,0.030995106035889064,6.9482,579446080.99,6.15250736
601077,main,CSI,-0.001496204670826308,0.0007441867685132581,0.004415121751720695,0.3819182631857252,-0.030590110795222766,-0.016450534613950633,-0.0031736203900174036,0.011757252553953292,0.02843915624004834,0.0590292670352711,0.19028179600801304,-0.03797046205204895,0.05307781649245065,694507178.2655001,0,0,-0.03149606299212604,1.478,810317944.41,5.8482933
600675,main,CSI,-0.001496204670826308,0.005289646611421174,0.005185881908169734,0.3980284705391018,-0.025843772469137122,-0.01438765202499715,-0.0018205724772414648,0.011023838228288101,0.028981961037012935,0.054825733506150054,0.22202277737926607,0.022796312203343293,,,0,0,-0.023026315789473673,2.594,465585167.25,2.97
600587,main,CSI,-0.0014066364219033135,0.002507753952940943,0.004249176129649647,0.37079499291953866,-0.024550128340860743,-0.011813538797686728,-0.0033302426501606542,0.008301170421953871,0.023119882666572722,0.04767001100743347,0.10710329536595889,-0.39187465045693903,0.03978283229362092,538145653.119,0,0,0.027346177750155354,3.6689,364532705.0,16.39085046
601059,main,CSI,-0.001496204670826308,0.0005666797180571165,0.004249176129649647,0.35259523864415965,-0.020138657077560827,-0.011380335024894198,-0.0031736203900174036,0.004091092069603623,0.015177601429218413,0.03531625850677924,0.04846863521439982,-0.7148658801083023,0.011600551634623183,476332822.44049996,0,0,0.009747706422018165,4.1347,499401822.39,17.61
600612,main,CSI,-0.001496204670826308,0.0023521763405601167,0.004249176129649647,0.3870945080725454,-0.03430475084900894,-0.01844188843361281,-0.0018205724772414648,0.016365756725115383,0.03828372224972895,0.0725884730987379,0.32363945711245745,0.2577860379655805,0.06746517408317167,468738155.06700003,0,0,-0.07212121212121203,2.989,440189720.75,44.207625
000860,main,CSI,-0.0012109238176059895,0.0027482032090163583,0.004692098088118022,0.44034789974848365,-0.01893019034348367,-0.0037647283405358137,0.002457710813594926,0.01618523454475319,0.03488438240624506,0.05381457274972873,0.22891114766237883,-0.04910611493601625,0.04355284475364525,390934108.825,0,0,0.009427609427609562,3.5909,400906082.81,14.99
002304,main,CSI,-0.001376650971239576,-0.0006426146501823907,0.004692098088118022,0.3870945080725454,-0.028071186457992704,-0.015281725191278638,-0.0013240378831286578,0.014908250511143625,0.03398697020217514,0.06205815666016785,0.31459442793809467,-0.37132534006080065,0.06710689500838683,1019559510.6654999,0,0,-0.011813137640952265,0.9556,795228018.71,53.18406905
600009,main,CSI,-0.0015541226848674043,0.000859114256256753,0.004249176129649647,0.36288676597092306,-0.026564724867429192,-0.013323195897682518,-0.003412802283550998,0.008145790376780343,0.024637965657110128,0.051202690524539324,0.1461663377718947,-0.3793746259047063,0.036687583016534624,874057487.791,0,0,0.02128356254092978,1.4712,934290375.55,30.83895655
601009,main,CSI,-0.001496204670826308,-0.0006970980254509856,0.0028250310257780286,0.3841765819868744,-0.026213361064663532,-0.013881210559387205,-0.002998092354605026,0.010166410541587696,0.026757866064959095,0.05297122712962263,0.20733252127752158,-0.34594643600292646,0.03657288723095913,1143205330.222,0,0,0.03710575139146566,0.9659,1326311644.63,10.97208554
600059,main,CSI,-0.001376650971239576,-0.0006426146501823907,0.0036057739488909095,0.3870945080725454,-0.026589770745760747,-0.01425145000907938,-0.0020098716988931806,0.011853675855764564,0.02965541623163836,0.05624518697739911,0.25283942517160746,-0.33264575358303416,0.058004307250538394,359080974.84300005,0,0,-0.015825914935707175,3.104,282270121.33,9.8345999
601187,main,CSI,-0.001376650971239576,0.0024827601986456387,0.004404566406333221,0.3868158197954125,-0.008555317532380922,-0.0035431471003247498,-0.0032999999821186066,-0.002269071604128395,0.0015868893491769425,0.010142206881557864,0.12783334484470954,-0.9708372398135434,0.05204365266993649,329704741.48899996,0,0,-0.017654476670870167,2.3461,491919307.19,7.67293967
002727,main,CSI,-0.0015541226848674043,0.0009682183647787466,0.00421365642901296,0.3607734206074395,-0.02679551736308929,-0.014688442378666747,-0.0035631277801148834,0.00841096391065434,0.02866804595805707,0.05546356332114636,0.16941604605178395,-0.47172842832855494,0.04481395113048771,377889730.9395,0,0,-0.02016689847009734,5.1909,293821317.16,13.84193146
600757,main,CSI,-0.001496204670826308,0.003851787337809941,0.005185881908169734,0.380747691278189,-0.02647698399245122,-0.013952285057485166,-0.0031736203900174036,0.012459519165420211,0.030983629425414553,0.05746061341786578,0.12320822598454234,-0.06627654065744903,0.04447772659486463,,0,0,0.027056277056277223,2.0989,240637827.89,9.00665532
601949,main,CSI,-0.001496204670826308,0.005652812383902491,0.005185881908169734,0.465380653704064,-0.02665866945975659,-0.014736419589645767,-0.00332556796368681,0.009368621300221782,0.029379412391878842,0.05603808185163543,0.15455213716254637,-0.08427391055362732,0.06003388389652744,,0,0,-0.044560943643512596,2.4972,347948789.0,7.14649635
601900,main,CSI,-0.0014066364219033135,0.002507753952940943,0.004249176129649647,0.3819182631857252,-0.034069145963693544,-0.012878846997277512,-0.003179917153596769,0.011232620078519634,0.03210494437363032,0.06617409033732385,0.2717540078376953,-0.33210048486169275,0.05715247067871565,534122097.075,0,0,-0.036941023979261245,3.3033,437577320.22,14.17055544
603057,main,CSI,-0.0015541226848674043,0.0024568052289755237,0.0043928902496697874,0.380747691278189,-0.027729528455107177,-0.014930760840311875,-0.0031736203900174036,0.01655665263019742,0.04555985613445606,0.07328938458956324,0.16085104088206656,0.00011417883468958431,,,0,0,0.031997514756135326,2.9064,398356305.1,32.95304408
600185,main,CSI,-0.001496204670826308,0.0007441867685132581,0.004415121751720695,0.3819182631857252,-0.03137416033706064,-0.01632969018107147,-0.00325923671254787,0.009721472726106288,0.029804716764949567,0.06117887710201021,0.20010296908310157,-0.367191157332932,0.06448412698412696,524046814.7955,0,0,-0.013698630136986245,2.6065,318645607.86,6.48
601200,main,CSI,-0.001496204670826308,0.005652812383902491,0.005185881908169734,0.3980284705391018,-0.026972299868451653,-0.014506378058499992,-0.0028900590328422146,0.019586180352376432,0.03974942220373863,0.06672172207219028,0.18014012859286238,0.6751111594659955,,,0,0,0.03033838973162184,2.4273,287743963.84,8.83
603299,main,CSI,-0.001496204670826308,0.005652812383902491,0.005185881908169734,0.465380653704064,-0.026972299868451653,-0.014845540747074731,-0.002938981597811904,0.011858578542306389,0.030182599514590697,0.05715489938304235,0.14554539483944517,-0.13007232432591836,,,0,0,0.03451178451178438,2.7783,262265297.09,11.98182825
601022,main,CSI,-0.001376650971239576,0.0024827601986456387,0.004721234617390126,0.3870945080725454,-0.02425162176388547,-0.011492079891775168,-0.001869750011468632,0.008509962626229052,0.02201420115290065,0.04626582291678612,0.14134261878107593,-0.2291502195676607,0.05885832593907126,436964297.83949995,0,0,-0.025227043390514625,2.9588,381025826.91,9.59173278
002946,main,CSI,-0.0014066364219033135,0.0026168580614629364,0.004784186908962823,0.3819182631857252,-0.009383462301266453,-0.0035431471003247498,-0.0032999999821186066,-0.0022268222217067873,-0.0007518747525248902,0.008631587548741562,0.17757680376383414,-0.8863508833980912,0.08720559648653174,342490528.2125,0,0,-0.09205231388329982,2.8577,439678278.66,17.63631205
603055,main,CSI,-0.001496204670826308,0.005221554869373746,0.005185881908169734,0.3980284705391018,-0.026972299868451653,-0.014506378058499992,-0.0028900590328422146,0.019491978315434227,0.03677144823066412,0.06374374809911577,0.20336185300109122,0.1840844291852485,,,0,0,0.036417322834645605,4.2255,395598556.83,10.30805919
601186,main,CSI,-0.001376650971239576,-0.0006426146501823907,0.004692098088118022,0.3868158197954125,-0.021698445817046236,-0.011718369718305066,-0.0020098716988931806,0.010223472828647984,0.024725142160287615,0.046423587977333855,0.13933620908101815,-0.274326853695055,0.021709633649932142,1435486092.4355,0,0,-0.018641810918774926,1.2593,1074380053.0,7.37
000563,main,CSI,-0.001496204670826308,0.0006406140486841156,0.004272014467576234,0.29583274901824763,-0.027093906706595068,-0.014330589516297482,-0.002998092354605026,0.007650471775686306,0.02350490444653249,0.05059881115312756,0.12387722025046383,-0.696612754584784,0.039760942625801605,322182166.2075,0,0,0.0056022408963585235,1.7469,322087301.79,3.52432813
600649,main,CSI,-0.001496204670826308,0.0006350826599912645,0.004249176129649647,0.3819182631857252,-0.031951865513606355,-0.016617122849029987,-0.00325923671254787,0.010710768090867847,0.029795046330794543,0.0617469118444009,0.24787167387008202,-0.2319157595035293,0.05753138075313808,495071965.49399996,0,0,-0.04400000000000004,2.6391,318954461.34,4.72599078
603395,main,CSI,-0.0007524786136454942,0.006753737323921969,0.005185881908169734,0.44034789974848365,-0.029261413542756277,-0.015730014786383167,-0.000644271513220955,0.017778733488950045,0.042771017457543456,0.07203243100029974,0.22773744234786628,0.22548236080639564,,,0,0,0.017510347023240946,12.7694,268640162.28,31.87361212
002267,main,CSI,-0.001496204670826308,0.004000754242923882,0.005185881908169734,0.3980284705391018,-0.02699729214788867,-0.012850664760168048,-0.0018205724772414648,0.011641026466119246,0.03292409551928445,0.059921387667173115,0.7028156896907478,0.12831126301685725,0.06726168062432332,,0,0,0.027812895069532217,3.1559,283711897.3,7.89088044
603323,main,CSI,-0.001376650971239576,0.0024827601986456387,0.004721234617390126,0.3870945080725454,-0.021746688326913496,-0.011515583694217705,-0.001869750011468632,0.012015557040942697,0.028480574158160344,0.05022726248507384,0.1895366096748952,-0.14409213956407396,0.037210296521380304,306592663.114,0,0,-0.05399999999999994,3.3339,323942144.23,4.18802241
002507,main,CSI,-0.0007524786136454942,0.00839258566934164,0.004692098088118022,0.44034789974848365,-0.020287935576002936,-0.006232021080684132,0.0026782620703114587,0.020504337138511134,0.03498059255250333,0.05526852812850627,0.1985141815051707,0.085297517881667,0.030784762514485718,290128391.865,0,0,-0.032786885245901676,2.5561,366930555.56,12.15501126
600997,main,CSI,-0.0012109238176059895,0.005330935213456121,0.005185881908169734,0.3868158197954125,-0.02855066025066285,-0.013306491402595183,-0.000644271513220955,0.01571459759831019,0.041071456324883085,0.06962211657554593,0.2312788340494304,0.3645042566265877,,,0,0,0.009360374414976613,2.8637,299553336.26,6.44621628
001236,main,CSI,-0.0007524786136454942,0.010196378624496471,0.004692098088118022,0.44034789974848365,-0.02183634275652702,-0.005775001134495238,-0.000644271513220955,0.01756298139648755,0.029138267036614547,0.05097460979314157,0.10083357057071139,-0.6283257817286287,0.058184976118106836,336733174.2035,0,0,0.022797927461139844,3.2742,242719367.38,9.87
601618,main,CSI,-0.0012109238176059895,0.0034999878290909573,0.004404566406333221,0.3868158197954125,-0.019971572669653822,-0.006330330370014323,0.002457710813594926,0.012607018052124953,0.029362641587574945,0.04933421425722877,0.10456182750089985,-0.05176651458947793,0.029781293624941862,973308910.3525002,0,0,0.019933554817275656,1.0359,564099946.27,3.07
600803,main,CSI,-0.001496204670826308,0.006876565658873759,0.005185881908169734,0.465380653704064,-0.027422924718389603,-0.01356151763813523,-0.002938981597811904,0.014787837100123708,0.046252088219274894,0.0736750129376645,0.13432859249762286,0.2876778021890801,,,0,0,-0.05334499344118926,1.0938,726482600.54,20.40471365
601860,main,CSI,-0.001376650971239576,0.0024827601986456387,0.004404566406333221,0.42934069508585987,-0.021510954342805318,-0.011795514730160937,-0.00031880708884393785,0.007950923940531502,0.027425022594414195,0.048935976937219516,0.15152787795456454,0.03129282769265468,0.03585499078030912,286320409.7595,0,0,0.040740740740740744,2.6693,263017223.84,2.75657909
600022,main,CSI,-0.0015541226848674043,0.0009682183647787466,0.00421365642901296,0.3607734206074395,-0.028022813018862093,-0.013898422003364084,-0.003412802283550998,0.008152572815931246,0.027735567123546204,0.0557583801424083,0.16527972993572707,-0.5284224771136282,0.05014191106906341,405119041.68399996,0,0,-0.02580645161290329,1.6022,261803771.8,1.51
601319,main,CSI,-0.0015112323570995875,0.0006350826599912645,0.004249176129649647,0.3819182631857252,-0.03211407772592932,-0.016651457877744025,-0.0031736203900174036,0.012757925468654951,0.03710306690862783,0.06921714463455715,0.24932636099003697,0.01579357131930653,0.06384890313635493,1045638653.2714999,0,0,-0.037371134020618535,0.4766,1251018129.83,7.47
600167,main,CSI,-0.001496204670826308,0.0006350826599912645,0.004249176129649647,0.40102239431742354,-0.033776068362185045,-0.01887346117508316,-0.0034014384763002524,0.011417715968407405,0.031104682629324608,0.06488075099150965,0.2852910915023783,-0.29987797399965993,0.0821770568692594,456102209.8740001,0,0,-0.026631158455392878,1.6875,279279581.93,7.12446489
601528,main,CSI,-0.0013568994934237025,0.0012941229534039922,0.0043928902496697874,0.380747691278189,-0.01268140736970696,-0.004292803133460476,-0.0032999999821186066,-0.0031885682006220317,-0.0010553921083769357,0.011626015261330024,0.11294330717577743,-0.5651003975669552,0.05104299165754854,,0,0,-0.03942652329749097,3.2433,300995503.7,5.14519264
000828,main,CSI,-0.001496204670826308,0.005652812383902491,0.005185881908169734,0.3980284705391018,-0.0303860679935555,-0.017555512700168578,-0.0018205724772414648,0.017049262017239542,0.04722571519580407,0.07761178318935957,0.2943496901256509,0.4445448041880791,,,0,0,-0.05981308411214947,2.5915,270108170.34,9.7459268
600017,main,CSI,-0.001496204670826308,0.0006350826599912645,0.004249176129649647,0.37903008236709584,-0.026033235513766677,-0.013424028765753928,-0.00325923671254787,0.008806157125253317,0.023228517060700497,0.049261752574467174,0.13337747241468886,-0.3212171294533201,0.043093993328926765,280764420.059,0,0,-0.025236593059936974,2.4403,231371913.7,3.04335954
000061,main,CSI,-0.001496204670826308,0.0015114606279560804,0.004721234617390126,0.3870945080725454,-0.031325510305343286,-0.01698530255321244,-0.0028900590328422146,0.014220024512525294,0.029880865669549898,0.06120637597489319,0.23648511952032983,0.3904154171887034,0.0909090909090909,314277458.55700004,0,0,-0.037323037323037433,2.2163,296643597.47,7.39795188
601033,main,CSI,-0.0012109238176059895,0.006825505802092626,0.005882475182030391,0.3868158197954125,-0.024047537898093527,-0.007676724572896325,0.003975513586313246,0.024447925094196448,0.06233501537365743,0.08638255327175096,0.24077904253647775,0.8479245324912035,,,0,0,-0.061224489795918324,8.906,322831780.86,14.57510736
601818,main,CSI,-0.0012109238176059895,0.0034999878290909573,0.004404566406333221,0.3868158197954125,-0.01874838916977866,-0.0033188688689811726,0.002094379502212572,0.012833993053255574,0.023000487489414263,0.04174887665919293,0.11960952384994722,-0.5194333498378669,0.029139437472185132,1219877164.1805,0,0,-0.021341463414634054,0.7944,1193985764.4,3.21
002320,main,CSI,-0.0018112119207464982,-0.0012350601332781245,0.003451974317909602,0.3819182631857252,-0.034108512315044484,-0.025366998897951278,-0.0031736203900174036,0.015243924242487831,0.0343303513464623,0.06843886366150678,0.22238151065149173,-0.22439432369182805,0.05640854472630175,656312272.7005,0,0,-0.06448087431693994,1.8234,354351461.86,8.51894624
601107,main,CSI,-0.001376650971239576,0.005289646611421174,0.005185881908169734,0.3868158197954125,-0.025471627015674417,-0.010671285218273955,-0.0009885565780144386,0.019788603408232422,0.04373684975407984,0.06920847676975425,0.23577755122295457,0.5157914078593984,0.057241762940232546,,0,0,-0.09672386895475815,2.4387,310081677.64,5.49757605
003816,main,CSI,-0.001496204670826308,0.0065790898296365155,0.004950718605506788,0.3870945080725454,-0.030567278154913034,-0.01675561984947078,-0.0028900590328422146,0.014924230274829402,0.03694747432750204,0.06751475248241508,0.3228888388274597,-0.294547408635372,0.04122271761709909,1128474678.053,0,0,0.006637168141592875,0.5597,1003406971.22,4.44553655
600812,main,CSI,-0.001496204670826308,-0.0006970980254509856,0.0037046759491575227,0.3870945080725454,-0.03247042636645213,-0.016750555114690334,-0.0018205724772414648,0.010387747304761677,0.02856185625033312,0.06103228261678525,0.24550030928144473,-0.1361878516493019,0.0650960536486802,352487828.16200006,0,0,0.014234875444839812,2.7327,266111951.65,5.6610462
601326,main,CSI,-0.001496204670826308,0.005652812383902491,0.005185881908169734,0.465380653704064,-0.026430874551437528,-0.01276170370549153,-0.002506406293005988,0.01129538072035131,0.03896095427029157,0.0653918288217291,0.15657324961432495,0.23561261055458252,,,0,0,0.038567493112947604,2.037,366814068.25,3.65083407
002073,main,CSI,-0.0007524786136454942,0.010196378624496471,0.004721234617390126,0.5003052977400398,-0.025857428117916064,-0.0076797504714928785,-0.000644271513220955,0.022261512960069695,0.04033426407302263,0.06619169219093869,0.1652316968547331,-0.19092314039898572,0.05672877846790888,333867796.5905,0,0,-0.08970976253298157,6.5192,463297548.67,6.8758293
001965,main,CSI,-0.001376650971239576,0.0065133998863924425,0.005185881908169734,0.44034789974848365,-0.026172095012448694,-0.011489980233581432,-9.825583212740435e-05,0.02916812141239017,0.07053201018732977,0.09670410519977846,0.2294707340264224,0.8808724970029579,,,0,0,-0.08433734939759052,0.8106,503440368.25,9.12
002372,main,CSI,-0.0012109238176059895,0.0027482032090163583,0.004692098088118022,0.4548496788039347,-0.008827492050543208,-0.0035431471003247498,-0.0032999999821186066,-0.0022268222217067873,-0.0007518747525248902,0.008075617298018317,0.23598750224671303,-0.7860161558056288,0.07334656084656083,337328118.69299996,0,0,-0.04424778761061943,1.6215,254474527.44,10.4519376
600651,main,CSI,-0.001496204670826308,0.0024827601986456387,0.004721234617390126,0.3870945080725454,-0.025925804534696298,-0.010113380527610138,-0.0018205724772414648,0.016740402912726878,0.03589453412989589,0.06182033866459219,0.20754270993252394,-0.3972317155859338,0.08863179074446682,485913710.55799997,0,0,-0.028727770177838563,1.1754,209765424.63,7.1
601083,main,CSI,-0.001376650971239576,0.0024827601986456387,0.004404566406333221,0.3868158197954125,-0.008523974135628122,-0.0035431471003247498,-0.0032999999821186066,-0.0022634059452398257,-0.0022634059452398257,0.0062605681903882965,0.13621658121360875,-1.1759298718693456,0.0538190622936386,427817364.018,0,0,-0.0007698229407236967,10.0017,252472065.9,12.28423306
002097,main,CSI,-0.0014066364219033135,0.0009131593849170938,0.00421365642901296,0.41630933110661333,-0.03149297180883054,-0.01798294814137953,-0.0031736203900174036,0.011407346060749722,0.026569563981130837,0.05806253578996137,0.16584082533307745,-0.4544512908313777,0.05059233449477355,502584748.27650005,0,0,0.04485219164118259,2.6781,291166730.69,10.2205415
600682,main,CSI,-0.001496204670826308,0.0007441867685132581,0.00401445278608381,0.40102239431742354,-0.03116232495153962,-0.018670835828697385,-0.0035517639728641377,0.011741450949229789,0.028821645871513583,0.059983970823053206,0.2307088362620946,-0.4524713176525973,0.06546817919630842,392769065.4115,0,0,-0.0013440860215054862,3.2784,286317275.12,7.43
002043,main,CSI,-0.0012109238176059895,0.0027482032090163583,0.004692098088118022,0.5003052977400398,-0.027966273717247376,-0.011227876548925835,-0.0013301053289854787,0.021452426989182545,0.04127952901620796,0.06924580273345533,0.33911282878115007,-0.11560074355289345,0.09342589867827913,270615116.4985,0,0,-0.039024390243902585,2.6901,271606882.95,13.46712094
601068,main,CSI,-0.001376650971239576,-0.0006426146501823907,0.0036057739488909095,0.3870945080725454,-0.02271210323214816,-0.01450519397609878,-0.002090301268185165,0.013401855285246714,0.037870039315281316,0.060582142547429475,0.28640104136436206,0.5763460158749931,0.07915360501567396,377991978.54950005,0,0,0.027375201288244666,1.6551,265837176.25,6.38
600528,main,CSI,-0.001496204670826308,0.0006350826599912645,0.004249176129649647,0.40102239431742354,-0.03026616898611227,-0.017790380222200006,-0.0034014384763002524,0.01026347263203086,0.029680746238063126,0.0599469152241754,0.23639347442159284,-0.340518807282416,0.05449977833125777,623328785.461,0,0,-0.034855769230769384,1.7792,320015211.45,8.03
002911,main,CSI,-0.001496204670826308,-0.0006970980254509856,0.0037046759491575227,0.3870945080725454,-0.03679146616564237,-0.01790478637283366,-0.0028900590328422146,0.016909146857904477,0.042858904587125934,0.0796503707527683,0.32817926857514185,0.17155791301979223,0.0866825483577897,423634752.513,0,0,-0.014946619217081847,1.8967,344265996.78,13.57366304
002101,main,CSI,-0.001496204670826308,0.0015114606279560804,0.004721234617390126,0.3894611390024282,-0.03391719367484749,-0.019186768209644475,-0.0018205724772414648,0.020485092662240145,0.046162238963546515,0.08007943263839401,0.28799927224767535,0.2679738085273215,0.07374591057797163,426706080.028,0,0,-0.07174490699734282,3.8362,269496542.69,10.19303664
000028,main,CSI,-0.001496204670826308,0.005773388373428093,0.005185881908169734,0.3980284705391018,-0.028674596855892156,-0.015581411650379455,-0.0018205724772414648,0.013015475381430129,0.04000445895472726,0.06867905581061942,0.2027662804346415,0.4055078813877196,,,0,0,0.033203125,2.0595,258446011.25,23.39896605
002060,main,CSI,-0.001496204670826308,0.0017391439240253455,0.004249176129649647,0.38999607225773214,-0.02847901111878547,-0.016645916594129756,-0.0018205724772414648,0.011534847254261144,0.02724477236873544,0.05572378348752091,0.2047941548038872,-0.29363003019117323,0.05922011661807581,478882241.6415,0,0,-0.032098765432098775,8.1798,504893781.89,3.7712752
605507,main,CSI,-0.0015541226848674043,0.0012330519540042558,0.0043928902496697874,0.380747691278189,-0.027234212579106746,-0.014652224653818097,-0.0031736203900174036,0.013352299743780063,0.03305724796200719,0.060291460541113936,0.17439104909621206,0.24047868036241862,,,0,0,-0.062258313998453385,2.1336,289890207.98,16.8458445
002332,main,CSI,-0.0012257744854580932,0.0007441867685132581,0.004415121751720695,0.3819182631857252,-0.030991480782359374,-0.017580930971224942,-0.0031736203900174036,0.012963425186021034,0.029083187484073198,0.06007466826643257,0.2322442068228226,0.20977120584045783,0.05764514484593088,503476858.5245,0,0,0.008849557522123908,3.1233,281654361.66,8.903628
000719,main,CSI,-0.001496204670826308,0.004580790045491572,0.005185881908169734,0.380747691278189,-0.027953248170812506,-0.0162617615084573,-0.002938981597811904,0.015340046064744511,0.03811373087883783,0.06606697904965034,0.26469175531544614,-0.49164648006172085,0.04334979232654561,,0,0,0.02081837760229721,2.8417,268638855.4,13.39889454
000030,main,CSI,-0.001496204670826308,0.005652812383902491,0.005185881908169734,0.3980284705391018,-0.027020518650737294,-0.013955528189203254,-0.0028900590328422146,0.013948483315089829,0.03171317135027071,0.058733690001008004,0.16332901585016807,0.4311399366349263,,,0,0,0.030909090909090775,3.9993,380198349.44,5.46555114
002736,main,CSI,-0.001496204670826308,0.0006350826599912645,0.004249176129649647,0.38591509669294466,-0.03170178585169259,-0.017248323755580185,-0.0031736203900174036,0.014326064850415208,0.036187745599511566,0.06788953145120416,0.2769777005354128,0.12328584006396487,0.06180474484871566,1434001187.9285,0,0,-0.05128205128205132,1.0943,1211457386.44,11.07641842
003039,main,CSI,-0.0015541226848674043,0.000859114256256753,0.004249176129649647,0.3607734206074395,-0.009383462301266453,-0.0035431471003247498,-0.0032999999821186066,-0.0022268222217067873,-0.0020287333618237598,0.007354728939442693,0.23140837759472915,-0.8252099669035241,0.07700599925009374,470290410.93500006,0,0,0.05175983436852993,2.9404,278820114.17,14.95222308
003006,main,CSI,-0.0014066364219033135,0.0019105337936355072,0.004249176129649647,0.3819182631857252,-0.03394105081155721,-0.01886704601649462,-0.0031736203900174036,0.016652393061005938,0.05022500180038355,0.08416605261194077,0.30132859787169447,0.2265002610428167,0.13849593197976987,249548984.43150002,0,0,0.06328423349699941,5.651,465637466.18,19.00877241
002882,main,CSI,-0.0012257744854580932,0.0006757838265791102,0.004415121751720695,0.3819182631857252,-0.03268991820355349,-0.016778384686095233,-0.0030061047734496315,0.012314773684206099,0.03173011117144486,0.06442002937499836,0.2058316757469253,-0.5865552168755007,0.07118252054524879,520230710.89849997,0,0,-0.021240728253540064,4.0654,295308789.27,28.89823283
002626,main,CSI,-0.001496204670826308,0.0007441867685132581,0.004415121751720695,0.3819182631857252,-0.033303351359559724,-0.017909730753735816,-0.00325923671254787,0.013224474214421307,0.039423054378123115,0.07272640573768284,0.2850604606373013,-0.13935785896423092,0.07812230091552946,348762801.556,0,0,-0.06816901408450704,2.6217,266946747.07,16.08372756
600782,main,CSI,-0.0007524786136454942,0.010196378624496471,0.004721234617390126,0.5003052977400398,-0.018058808747133552,-0.001843659402019401,0.0061386980995584576,0.022448167702003204,0.037944810772973576,0.05600361952010713,0.20067701244912578,1.0009116635103084,0.059158632778264705,376962614.3115,0,0,-0.06857142857142862,5.3953,548209463.97,3.10700494
000913,main,CSI,-0.001376650971239576,-0.0006426146501823907,0.0036057739488909095,0.3870945080725454,-0.022604685435661923,-0.012933075806248142,-0.001869750011468632,0.01668934904005847,0.03726414000983078,0.059868825445492706,0.29238525837477636,0.6704926803413245,0.0769524085992265,345613013.76,0,0,-0.08005249343832022,4.6957,343200184.52,13.3355436
000885,main,CSI,-0.001496204670826308,0.005221554869373746,0.005185881908169734,0.3980284705391018,-0.0303860679935555,-0.017269266748880307,-0.0018205724772414648,0.015079494578231711,0.04597651319176624,0.07636258118532174,0.25506486874365913,0.3453310996717568,,,0,0,0.05421245421245424,3.8025,349070523.83,13.94670166
601838,main,CSI,-0.0015112323570995875,0.0012285206341404857,0.004415121751720695,0.37947410135046383,-0.029020939554211655,-0.018384377575598947,-0.0033302426501606542,0.012656313039614203,0.03499115245031263,0.06401209200452429,0.283779089959555,-0.379135264466137,0.026313719320327264,742899463.211,0,0,0.03240477544059117,1.3432,1020340421.66,17.28067464
600064,main,CSI,-0.001496204670826308,0.003851787337809941,0.005185881908169734,0.380747691278189,-0.026665696131734085,-0.013997282969014856,-0.0031736203900174036,0.012733513128005249,0.03574379143987982,0.0624094875716139,0.13217429436407663,0.11316861807492601,0.0491702957177924,,0,0,-0.06529209621993126,3.0347,430822991.14,7.8182184
605116,main,CSI,-0.001496204670826308,0.0006350826599912645,0.004249176129649647,0.40102239431742354,-0.03335694127700882,-0.01734692450035424,-0.0031736203900174036,0.013713233529429698,0.04097522576569392,0.07433216704270273,0.2879648270512425,0.3376200495400197,0.07620862830519755,370396224.7355,0,0,-0.09988562714449101,3.4454,334980078.84,23.21417835
600075,main,CSI,-0.0015541226848674043,0.000859114256256753,0.004249176129649647,0.3607734206074395,-0.03133516716581559,-0.016982620313628426,-0.0031736203900174036,0.013379966794339004,0.03591879406637454,0.06725396123219013,0.24006454811143144,0.20375688305741704,0.07462209921226312,383556711.174,0,0,0.053375196232338995,2.8576,323023179.98,6.71
002557,main,CSI,-0.001496204670826308,0.000639192816934767,0.004721234617390126,0.40356588843951274,-0.027369915809351567,-0.015088949198742091,-0.0028900590328422146,0.010220780744784391,0.026175507438431913,0.05354542324778348,0.1579568743339734,-0.397507200555553,0.05616908556211586,364694638.019,0,0,0.011353711790392795,2.6651,312305687.3,22.09142076
002221,main,CSI,-0.001496204670826308,0.002125082370388381,0.004721234617390126,0.3870945080725454,-0.008887034339191066,-0.0035431471003247498,-0.0032999999821186066,-0.0025804870161957095,-0.0025804870161957095,0.006306547322995357,0.10564725431834039,-0.9642424495211228,0.062317784256559754,304334371.66400003,0,0,-0.049696969696969684,2.5541,295271132.0,7.84
000927,main,CSI,-0.001496204670826308,0.0017391439240253455,0.004249176129649647,0.38999607225773214,-0.028677445592357298,-0.01581341773743839,-0.003157052590155066,0.008403563026153735,0.02491902756298231,0.05359647315533961,0.18656886671383444,-0.2975292055203048,0.050273768043802895,719571877.6135,0,0,-0.03691275167785235,1.6234,286127119.62,2.82295209
600963,main,CSI,-0.001376650971239576,-0.0006426146501823907,0.004692098088118022,0.3870945080725454,-0.022604685435661923,-0.013354233259253582,-0.00031880708884393785,0.013749315400569607,0.040090356369865986,0.0626950418055279,0.271807262295971,0.45025179961790995,0.09751552795031056,410986317.24050003,0,0,0.02678571428571419,3.2717,267589286.52,4.6
002004,main,CSI,-0.001376650971239576,-0.0006426146501823907,0.0036057739488909095,0.3870945080725454,-0.0224585434258908,-0.012378798973977043,-0.001869750011468632,0.00997452011283312,0.028724579379607627,0.05118312280549843,0.22703308381842519,0.033800370707037085,0.05627705627705627,480097516.48499995,0,0,-0.04990403071017269,4.2659,395541229.17,4.6844424
002216,main,CSI,-0.001496204670826308,0.006876565658873759,0.005185881908169734,0.3980284705391018,-0.027729528455107177,-0.014851234630060425,-0.0028900590328422146,0.022865332318402348,0.0473014388343288,0.07503096728943598,0.18845195719987828,0.1872397078950121,,,0,0,0.05947136563876643,4.0635,366377633.23,13.78184769
600750,main,CSI,-0.0012109238176059895,0.0027482032090163583,0.004692098088118022,0.5003052977400398,-0.031241628185842432,-0.01729438189608069,-0.0021421851256180928,0.022895099210681797,0.040870947686596173,0.0721125758724386,0.33461418343369786,-0.23478396391695128,0.037625239301639635,317096169.6665,0,0,-0.10003611412062108,2.2591,356566696.41,24.01792092
600273,main,CSI,-0.0007524786136454942,0.009444594004421871,0.004692098088118022,0.5003052977400398,-0.025809000173910808,-0.012316313959027965,-0.000644271513220955,0.017212540369119043,0.033176999802658716,0.058985999976569524,0.27707587236035647,0.2976825257424195,0.07626533079979267,454156291.456,0,0,-0.0024125452352232735,2.7038,291548686.63,8.00561637
002941,main,CSI,-0.0014066364219033135,0.0009131593849170938,0.00421365642901296,0.4010967211219241,-0.026787786653936503,-0.014696675882835042,-0.003179917153596769,0.009734255571349205,0.027262948984282692,0.054050735638219195,0.2135758036559876,-0.5367862796135988,0.04586834733893559,335122632.9975,0,0,-0.045454545454545525,2.9319,306064872.27,13.98063408
600502,main,CSI,-0.001496204670826308,0.006615714042875369,0.004950718605506788,0.3870945080725454,-0.026851872231897455,-0.013134828184633277,-0.0018205724772414648,0.011569366202128346,0.025923491150811797,0.05277536338270925,0.20528946285244212,-0.27532956494430477,0.04691227140206734,409484199.896,0,0,-0.012820512820512775,3.1642,290885697.01,5.19870351
002807,main,CSI,-0.0012109238176059895,0.0034999878290909573,0.004404566406333221,0.3868158197954125,-0.01895341551609643,-0.004153994877008033,0.0017879613244244257,0.012592377838756792,0.02323276950964729,0.04218618502574372,0.12037527134334886,-0.5194333498378669,0.03419562186333246,301970027.8555,0,0,0.026607538802660757,2.8291,321410415.68,4.09211901
002373,main,CSI,-0.0015112323570995875,0.0005666797180571165,0.004249176129649647,0.3819182631857252,-0.031325510305343286,-0.019054796014118525,-0.0031736203900174036,0.013049962110813088,0.028883528068461815,0.060209038373805104,0.16649391769864869,-0.3058744748808127,0.04938956714761375,377957137.9575,0,0,0.029714285714285582,3.0995,381695123.14,8.97886144
000848,main,CSI,-0.001496204670826308,0.0008984282114213097,0.004272014467576234,0.38999607225773214,-0.024674647511276175,-0.01300792293177709,-0.002938981597811904,0.008063214911329077,0.022526953163783305,0.04720160067505948,0.12341361709522713,-0.532480081422616,0.0442825112107624,354589838.283,0,0,0.005636978579481422,4.3437,390466107.15,8.40079356
600248,main,CSI,-0.001496204670826308,0.005221554869373746,0.005185881908169734,0.3980284705391018,-0.027020518650737294,-0.014223177079017277,-0.0028900590328422146,0.012998182360620327,0.03346292051799618,0.06048343916873347,0.19994927389921274,0.27925186780357775,,,0,0,-0.04594594594594592,2.8229,373325092.52,3.50573831
002572,main,CSI,-0.001376650971239576,0.0024827601986456387,0.004721234617390126,0.3870945080725454,-0.022666182815782594,-0.012312930222268047,-9.825583212740435e-05,0.018799702751723615,0.04060411319161075,0.06327029600739334,0.19926945377816277,-0.051686017023168336,0.05683307518169906,345346873.772,0,0,-0.06474258970358815,4.3544,344453458.92,11.13204356
002737,main,CSI,-0.001496204670826308,0.0065133998863924425,0.005185881908169734,0.3980284705391018,-0.0273274260850017,-0.012110376452381203,-0.0028900590328422146,0.01866589904883391,0.04622326274143083,0.07355068882643252,0.24031173152228424,0.8306291843163636,,,0,0,0.05954198473282446,3.8463,315890860.47,13.67898984
603013,main,CSI,-0.0013568994934237025,0.0006350826599912645,0.004249176129649647,0.3819182631857252,-0.04023034840409233,-0.020162900431589227,-0.0031736203900174036,0.017013667817664224,0.04927521416376814,0.08950556256786046,0.372186551500637,0.3241424870476289,0.13862924490035627,346503132.573,0,0,0.01897154268597112,3.7467,387098299.05,20.07492903
600015,main,CSI,-0.0012109238176059895,0.0027482032090163583,0.004692098088118022,0.42934069508585987,-0.017264173950069163,-0.0038286207791152272,0.00488506604228907,0.020416381173730687,0.039694296432938585,0.05695847038300775,0.25716949789638555,0.3320558081082836,0.05327008614969937,842906593.171,0,0,-0.047026279391424675,1.0976,1178400926.2,6.89
600057,main,CSI,-0.001376650971239576,-0.0006426146501823907,0.004692098088118022,0.3870945080725454,-0.0254739791643142,-0.014385685997601967,-0.0020098716988931806,0.01503237752313824,0.033880780115157355,0.05935475927947155,0.27252766809824686,-0.345579617694706,0.07785022722782058,355551843.141,0,0,-0.008230452674897082,2.7559,413968480.4,7.08777144
603027,main,CSI,-0.001496204670826308,0.0007441867685132581,0.00401445278608381,0.38591509669294466,-0.009383462301266453,-0.0035431471003247498,-0.0029634204366040164,-0.0022268222217067873,-2.169262188136136e-05,0.009361769679385092,0.1761471894357948,-0.8788966412993117,0.06713505074160815,405196397.52199996,0,0,-0.09405940594059414,5.6644,653259255.14,8.92530345
605599,main,CSI,-0.001376650971239576,0.0024827601986456387,0.004721234617390126,0.3870945080725454,-0.008827492050543208,-0.0035431471003247498,-0.0029634204366040164,-0.0022268222217067873,-0.0006999846971744125,0.008127507353368795,0.2265361976782416,-0.7107711921845932,0.12015186481054119,486630623.48099995,0,0,-0.08705994291151276,2.1406,325137401.48,18.21551261
601952,main,CSI,-0.001496204670826308,0.0017391439240253455,0.004249176129649647,0.3870618584094374,-0.026178506449398637,-0.014434286531049225,-0.002938981597811904,0.010527775834153978,0.028395434915110714,0.054573941364509354,0.1757813691959161,-0.2609743240949478,0.05981067125645438,387517623.04300004,0,0,-0.013861386138613985,2.4944,336540659.1,9.76316052
002867,main,CSI,-0.0014066364219033135,0.000859114256256753,0.004249176129649647,0.4010967211219241,-0.029031162124658238,-0.014302685729984117,-0.003234792587319294,0.010445915999912285,0.02778666680138331,0.05681782892604155,0.2158302664598837,-0.3924671527967623,0.07512577435751966,405462769.0685,0,0,-0.017345399698340924,2.5553,361762250.44,12.3646882
000928,main,CSI,-0.0012257744854580932,0.0007441867685132581,0.004415121751720695,0.37903008236709584,-0.026522906374114946,-0.014622299136721117,-0.0030609802071721566,0.01046119621778948,0.026804678950008164,0.053327585324123114,0.17676027381193862,-0.4600122020545069,0.0541407867494824,393066795.3305,0,0,0.04229607250755296,4.1318,407754915.78,6.6564714
601311,main,CSI,-0.0015541226848674043,0.0009682183647787466,0.00421365642901296,0.36288676597092306,-0.024842109014763435,-0.014213910896236996,-0.0031736203900174036,0.006650034588048569,0.019390265374741235,0.04423237438950467,0.12118432468780661,-0.5385180241539153,0.0399330811754437,529347994.05350006,0,0,-0.003045685279187915,4.0601,472063034.08,9.38729152
002705,main,CSI,-0.0015541226848674043,0.0009682183647787466,0.00421365642901296,0.3607734206074395,-0.03241691670108053,-0.017484011627407866,-0.0034676777172735233,0.012709263267462877,0.039051763996436686,0.07146868069751722,0.20237243385884837,-0.29248653334184865,0.06915716218828531,663292576.339,0,0,0.0200138026224983,3.4372,412392425.41,14.40863772
600866,main,CSI,-0.001376650971239576,0.0024827601986456387,0.004721234617390126,0.5003052977400398,-0.022604685435661923,-0.01278255210200781,-0.00031880708884393785,0.016394950679802456,0.035708286103711614,0.05831297153937354,0.22180688465720128,0.3106472034051352,0.06268453327276856,370558447.1845,0,0,0.041390728476821126,5.1912,402625410.59,5.82041376
603392,main,CSI,-0.0014066364219033135,0.0016904377780393278,0.0043928902496697874,0.380747691278189,-0.02738848617401827,-0.01440100389150936,-0.0031736203900174036,0.010637172512911,0.03046026249087694,0.057848748664895214,0.16085104088206656,-0.1811332398032276,,,0,0,0.0792241177845292,1.7272,983609697.44,46.18
600710,main,CSI,-0.001496204670826308,0.0007441867685132581,0.00401445278608381,0.40102239431742354,-0.009383462301266453,-0.0035431471003247498,-0.0032999999821186066,-0.0022634059452398257,-0.0022634059452398257,0.007120056356026628,0.18403146795580097,-0.8093352788985423,0.06123258185113854,473429228.91400003,0,0,0.04560530679933672,2.5486,412745294.24,12.14211856
603218,main,CSI,-0.001496204670826308,0.001418901569537355,0.004404566406333221,0.3737460496775438,-0.009383462301266453,-0.0035431471003247498,-0.0032999999821186066,-0.0022634059452398257,-0.0022634059452398257,0.007120056356026628,0.11274023681722489,-0.9127102808278164,0.05220818486124609,329969638.924,0,0,0.04009433962264142,2.5504,346291970.31,12.71437398
002091,main,CSI,-0.0017891271817513607,0.0009682183647787466,0.00421365642901296,0.36288676597092306,-0.02349598786879303,-0.012879105730645659,-0.0042687354431854875,0.005694490571495477,0.019392885215067678,0.042888873083860704,0.11645203190954144,-0.5622430621996942,0.048722290640394066,438626241.7235001,0,0,0.00324324324324321,2.907,431292739.68,8.94417536
001391,main,CSI,-0.001496204670826308,0.005773388373428093,0.005185881908169734,0.3980284705391018,-0.019277765491534322,-0.011489038873540991,-0.004115974205631606,0.0022847295188437957,0.02341070090221073,0.04268846639374505,0.19668337893114704,-0.008365248006668626,,,0,0,0.03383458646616533,5.8054,482879411.98,5.38186
601890,main,CSI,-0.001496204670826308,0.0006757838265791102,0.00401445278608381,0.37079499291953866,-0.02388659659119281,-0.013829832220612555,-0.0031736203900174036,0.007527501963154425,0.02353231361378467,0.04741891020497748,0.08912156899171289,-0.6482539245130865,0.03721547269934366,476673224.02400005,0,0,-0.05102040816326525,5.2929,528228417.23,10.15993473
600320,main,CSI,-0.001496204670826308,0.00353994875553429,0.004404566406333221,0.384479921450355,-0.03189256430112866,-0.01721660635666156,-0.002506406293005988,0.013231157646750594,0.03201840007756393,0.06391096437869259,0.19984259191330525,-0.679335132901989,0.045061383928571425,490677466.9705,0,0,-0.046554934823091365,2.1722,375406448.95,5.057408
600827,main,CSI,-0.001496204670826308,0.0017391439240253455,0.004249176129649647,0.38999607225773214,-0.027864813893338055,-0.014746028139668245,-0.002938981597811904,0.011549126563909893,0.035478676205876115,0.06334349009921417,0.20382260027021865,-0.039377478685136455,0.05320041111685056,332684677.115,0,0,0.045949214026602014,2.5125,347711645.26,8.4812731
601882,main,CSI,-0.001496204670826308,0.005652812383902491,0.005185881908169734,0.3980284705391018,-0.026645023825838304,-0.013513068000055731,-0.0028900590328422146,0.017432826944477342,0.03637498793611267,0.06302001176195098,0.19062325900262334,0.5870620990890142,,,0,0,0.05140388768898485,3.1099,393308852.96,24.34
600618,main,CSI,-0.001496204670826308,0.001418901569537355,0.004721234617390126,0.3894611390024282,-0.03214678191085227,-0.017396814531861152,-0.0028900590328422146,0.014288109003231119,0.030864431915317025,0.0630112138261693,0.1561339139929472,-0.020243964307240958,0.07493218806509946,407484929.17649996,0,0,0.028478437754271724,4.0644,391468671.66,12.34943168
603227,main,CSI,-0.001496204670826308,0.0007441867685132581,0.00401445278608381,0.38591509669294466,-0.028665726708301375,-0.01573757852984527,-0.0034014384763002524,0.009429120219962707,0.02513945755593633,0.05380518426423771,0.1790284131586216,-0.3794321892238515,0.05946994182288297,436262377.5,0,0,0.03150525087514566,3.7013,350811707.69,8.68563592
603530,main,CSI,-0.001496204670826308,-6.175730916213736e-05,0.00401445278608381,0.38591509669294466,-0.033492348001587444,-0.02056432911182904,-0.0034014384763002524,0.011280912238494901,0.03187316494493371,0.06536551294652115,0.30182386065695094,-0.022847004373943998,0.075107452465943,561039136.3219999,0,0,-0.0720820189274447,1.7197,443059355.52,58.4423103
603279,main,CSI,-0.0015541226848674043,0.000859114256256753,0.004249176129649647,0.3607734206074395,-0.009383462301266453,-0.0035431471003247498,-0.0032999999821186066,-0.0022268222217067873,0.0028326794308227094,0.012216141732089163,0.2651881954056677,-0.8328062765505331,0.0947819177114604,450825665.8320001,0,0,-0.05102639296187683,3.5636,334533367.67,15.86170704
601908,main,CSI,-0.001376650971239576,0.002125082370388381,0.004721234617390126,0.3870945080725454,-0.02180673203391452,-0.0118507949468154,-0.00031880708884393785,0.011885187297332452,0.02537479143039494,0.047181523464309455,0.12607290877065563,-0.44333484500348846,0.06161395856052347,666444760.7590001,0,0,-0.0665083135391924,6.0836,584579988.38,3.93
600640,main,CSI,-0.0015112323570995875,0.0006350826599912645,0.004249176129649647,0.3819182631857252,-0.02718669590650058,-0.01618687756067201,-0.003179917153596769,0.010148629016412804,0.027922932571530435,0.05510962847803101,0.20514683852806792,-0.33230373307009275,0.06545842217484009,457598390.796,0,0,-0.023323615160349864,4.2129,458165102.32,13.4
601728,main,CSI,-0.001496204670826308,0.0017391439240253455,0.004249176129649647,0.38999607225773214,-0.033587071720157326,-0.018286655432272963,-0.0034070263481617382,0.012696336877496613,0.034394947553309546,0.06798201927346686,0.2907167219917663,-0.28078579487780975,0.0694564762588808,1925109668.2035,0,0,-0.03149606299212604,0.4197,2018025036.57,6.060579
002226,main,CSI,-0.001496204670826308,0.0007441867685132581,0.00401445278608381,0.40102239431742354,-0.03086195923985463,-0.01697498338848318,-0.0034014384763002524,0.009365295911389765,0.025493043652949188,0.05635500289280382,0.19187109053379972,-0.372986668772374,0.07663690476190474,495038530.37700003,0,0,-0.025380710659898442,2.2375,342207705.8,5.6494656
002516,main,CSI,-0.0013568994934237025,0.0006350826599912645,0.004249176129649647,0.3819182631857252,-0.031815406419488136,-0.01794457345577428,-0.0031736203900174036,0.015022281559856117,0.04175980902253213,0.07357521544202027,0.2681896554938036,-0.09612416237316888,0.06812353326063247,495324800.9610001,0,0,0.03803486529318545,4.4556,424395462.15,6.55
600559,main,CSI,-0.001376650971239576,0.002125082370388381,0.004721234617390126,0.5003052977400398,-0.02333834602054244,-0.01253062295639427,-9.825583212740435e-05,0.011284820438212462,0.033427298623613176,0.056765644644155615,0.16605693622046414,0.21315137079256133,0.06486545613651282,509516340.06500006,0,0,0.02431372549019617,3.2433,379305618.44,12.83976922
603025,main,CSI,-0.0014066364219033135,0.002507753952940943,0.004249176129649647,0.3819182631857252,-0.035546024887380144,-0.02024867453745642,-0.003234792587319294,0.013254479723711153,0.039298087792724104,0.07484411268010424,0.30195938932744987,-0.32103472509982334,0.06701873982820977,539032279.4460001,0,0,-0.022277227722772297,1.7799,307120918.66,15.8
600859,main,CSI,-0.001496204670826308,0.002015978261866387,0.0028250310257780286,0.3870945080725454,-0.03130813466520253,-0.015514270893751186,-0.0028900590328422146,0.01568994756723324,0.03354624250139189,0.06485437716659442,0.17997970035346972,-0.006770880698966374,0.04759775108612318,429504112.641,0,0,0.04878048780487809,3.4414,433026100.92,11.18
601777,main,CSI,-0.001376650971239576,0.0028978703732346466,0.004721234617390126,0.3870945080725454,-0.023050527626359337,-0.012416555318005564,-0.002090301268185165,0.010806193175953663,0.026623724169091405,0.04967425179545074,0.15924828405992705,-0.2602363806847001,0.06380601918780393,935672998.2459999,0,0,0.007414272474513428,1.3235,653416202.3,10.87
601006,main,CSI,-0.001496204670826308,0.0024827601986456387,0.004404566406333221,0.37079499291953866,-0.022620138383658357,-0.012308474390876034,-0.0018205724772414648,0.008586038918962449,0.021484662372846644,0.044104800756505,0.10269648515879141,-0.44781024930483154,0.028598795840175127,1111858621.2224998,0,0,0.005780346820809301,0.9152,949933784.12,5.06806668
600023,main,CSI,-0.001376650971239576,-0.0006426146501823907,0.004692098088118022,0.3870945080725454,-0.0312355865269379,-0.0237429764972994,-0.0024537821307153394,0.015801457127789867,0.0416692360541564,0.07290482258109429,0.31282833503872765,-0.07007284003421743,0.062150681868991746,926924200.8610001,0,0,-0.046268656716418,0.9197,793924889.61,6.39
002099,main,CSI,-0.001496204670826308,0.0031711857867685496,0.004249176129649647,0.384479921450355,-0.031979320407365,-0.016589839805706462,-0.0028900590328422146,0.018745056019199575,0.043311394635860596,0.0752907150432256,0.28601012587998736,0.3503041519095457,0.09308446996889208,625468998.312,0,0,-0.016474464579901205,3.827,380866433.4,5.97
600266,main,CSI,-0.0014066364219033135,0.0026168580614629364,0.004784186908962823,0.3819182631857252,-0.031325510305343286,-0.016551256535871067,-0.0031736203900174036,0.012431433627161457,0.029527831808534414,0.060853342113877704,0.17572699217377374,-0.004866730238458854,0.04731574158325755,466600622.93299997,0,0,-0.04073319755600813,3.3559,330401145.87,4.71
600635,main,CSI,-0.001496204670826308,0.0006757838265791102,0.00401445278608381,0.374906415973019,-0.013835037974857089,-0.0035431471003247498,-0.0032999999821186066,-0.0032147072363893727,0.0026538466030380813,0.01648888457789517,0.1140729790365182,-0.9645462869322519,0.06554460864805693,698431379.5350001,0,0,0.0038461538461538325,4.3085,529856872.22,5.22
600740,main,CSI,-0.001496204670826308,0.0008984282114213097,0.004272014467576234,0.38999607225773214,-0.030757572298710026,-0.015358136163848566,-0.002938981597811904,0.01107283387548195,0.026568852786163204,0.057326425084873234,0.16172210572820914,-0.07066805830558537,0.06058519793459551,457476125.592,0,0,0.01965601965601982,3.4372,363178648.91,4.12744475
600133,main,CSI,-0.001496204670826308,0.002125082370388381,0.004721234617390126,0.3870945080725454,-0.02604642475994379,-0.01559140315924357,-0.0018205724772414648,0.015857043122655158,0.03634201586202929,0.062388440621973074,0.21261774459872218,-0.4250361081778261,0.07116756568644508,420518819.57,0,0,-0.045348837209302384,3.3859,301405621.45,8.02538173
600971,main,CSI,-0.001376650971239576,0.005289646611421174,0.005185881908169734,0.3980284705391018,-0.0303860679935555,-0.01879171547197741,-0.0024537821307153394,0.01360163566211706,0.04527854964708963,0.07566461764064514,0.3113663219159774,0.008946159221632864,0.052736785714285715,,0,0,0.04049079754601226,3.7615,378640526.4,8.48
600508,main,CSI,-0.001376650971239576,-0.0006426146501823907,0.004692098088118022,0.3868158197954125,-0.02449067435267667,-0.011548675790935504,-0.0009885565780144386,0.014370063992280944,0.0354704408299764,0.05996111518265307,0.23700188886175486,-0.02792318930972238,0.06593780369290572,366311363.699,0,0,0.011699931176875511,3.1362,329645477.1,10.3212816
002892,main,CSI,-0.0012109238176059895,0.0034999878290909573,0.004721234617390126,0.5003052977400398,-0.01990729923164143,-0.0050565726520179505,0.005918146842841924,0.017006751659077748,0.028509369260886104,0.048416668492527536,0.15829434470994058,-0.45043916544939905,0.08447519513314967,501458448.684,0,0,0.0009191176470588758,6.0485,331796700.22,10.89
000552,main,CSI,-0.0012109238176059895,0.006825505802092626,0.005882475182030391,0.44034789974848365,-0.011374244338720474,-0.0035431471003247498,-0.0032999999821186066,0.0005668876669408883,0.007905867728241898,0.01928011206696237,0.08262372549514337,-1.3560186474263385,0.04209183673469389,361387431.84499997,0,0,-0.03114186851211087,2.9784,312166730.01,2.8
002096,main,CSI,-0.0007524786136454942,0.010196378624496471,0.004721234617390126,0.5003052977400398,-0.01761512169461891,-0.004698889586286508,0.0061386980995584576,0.025414548535257014,0.038859297293741345,0.05647441898836025,0.22421246090096258,0.8110347805089525,0.08455988455988454,393738271.5295,0,0,-0.09589041095890416,2.8482,358030868.96,9.6223347
002948,main,CSI,-0.0012109238176059895,0.0039721892445602845,0.004964555559955683,0.4794297578692833,-0.013279067724133843,-0.0035431471003247498,-0.0029634204366040164,-0.002363957665208572,0.0010838583968790685,0.014362926121012911,0.23071680082247378,-0.9030946929965855,0.05022886051553845,442779289.64799994,0,0,0.04955752212389375,2.1692,446424674.02,5.74241038
600019,main,CSI,-0.001496204670826308,0.0023521763405601167,0.004249176129649647,0.3870945080725454,-0.03139521087281662,-0.01633110294912197,-0.0028900590328422146,0.014699078853741823,0.038872404821205596,0.0702676156940222,0.25055519914240254,0.0026008986804841195,0.05173232083531088,1583019248.6139998,0,0,0.029059829059828957,1.2713,1626881595.75,5.82888908
603301,main,CSI,-0.0014066364219033135,0.0009682183647787466,0.00421365642901296,0.4010967211219241,-0.033038473796996114,-0.016683602697063076,-0.0031736203900174036,0.012393738347395709,0.029231431746508493,0.0622699055435046,0.22627422057112948,-0.2085602396277198,0.07144526034712954,420346799.863,0,0,0.018199119781134865,2.6565,589081227.62,85.3087032
601633,main,CSI,-0.0017891271817513607,0.0024568052289755237,0.0043928902496697874,0.380747691278189,-0.027422924718389603,-0.014028096254315234,-0.0031736203900174036,0.014362275263434456,0.049916203919417056,0.07733912863780666,0.12734580271454016,0.24056004863768615,0.11548979657987549,,0,0,0.004566210045662267,1.2605,1397530504.5,17.1963264
600221,main,CSI,-0.0016403674882180103,0.0006757838265791102,0.004415121751720695,0.37903008236709584,-0.022286402350140296,-0.011273668062684098,-0.0033141121462703952,0.005518134451310905,0.018867281613576165,0.041153683963716464,0.09374263052480496,-0.7428605081957009,0.04182330827067672,966862665.5225,0,0,-0.006535947712418277,1.5862,1049979245.56,1.52
002985,main,CSI,-0.001496204670826308,0.0006757838265791102,0.004415121751720695,0.3819182631857252,-0.033439559785086045,-0.0196997556281011,-0.0031736203900174036,0.011994140387255298,0.029791140703599756,0.0632307004886858,0.18886595632557968,-0.2557409328893261,0.06823815644509733,515353190.27349997,0,0,0.03767922640880306,4.7606,487173788.23,31.12
600323,main,CSI,-0.001496204670826308,0.0006350826599912645,0.004249176129649647,0.40102239431742354,-0.03838537440961212,-0.02023074306011999,-0.0031736203900174036,0.018347039498299758,0.04790639106074634,0.08629176547035847,0.3551345875956154,0.19275771318077967,0.06047338081308291,330484606.0585,0,0,-0.048105436573311455,1.8099,429481088.62,28.12343274
601816,main,CSI,-0.0015541226848674043,0.0012330519540042558,0.0043928902496697874,0.380747691278189,-0.02570640390569612,-0.014173877220231113,-0.003412802283550998,0.005263657136722059,0.0182459155168293,0.04395231942252542,0.11696558986090407,-0.21126652259924977,0.04042172676691726,,0,0,-0.024640657084188944,0.7244,1698995858.66,4.75
002960,main,CSI,-0.001496204670826308,0.0007441867685132581,0.00401445278608381,0.40102239431742354,-0.02904270218889305,-0.015284647030436046,-0.0031736203900174036,0.010498277440550454,0.02642029052555869,0.055462992714451737,0.18310260240079118,-0.3756118355082541,0.0699032355971897,363863749.093,0,0,0.012168141592920456,3.3366,290361375.41,9.15
600478,main,CSI,-0.0014066364219033135,0.0009131593849170938,0.00421365642901296,0.4010967211219241,-0.03157601032473444,-0.014829719433605337,-0.003179917153596769,0.01513468373268878,0.03346373825273725,0.06503974857747169,0.16602095692571459,-0.4805400734804713,0.0693457485910316,471417109.15199995,0,0,-0.037953795379537913,3.2188,314123212.54,5.83
600850,main,CSI,-0.001376650971239576,0.002125082370388381,0.004404566406333221,0.310735404631472,-0.033603641229180616,-0.024553857009457163,-0.0024537821307153394,0.017313704028472026,0.047315593019055385,0.080919234248236,0.2735819058466976,-0.3587604030956619,0.06456596723196319,630832159.996,0,0,0.056323060573857386,3.1328,413010344.26,16.42726148
601390,main,CSI,-0.001496204670826308,0.0006350826599912645,0.004249176129649647,0.3819182631857252,-0.02911346092076965,-0.016258514111657494,-0.0031736203900174036,0.009759086243200236,0.027536201994231974,0.05664966291500162,0.19580735226935495,-0.35951386153546583,0.031135531135531136,1189400577.746,0,0,0.024070021881837933,1.1524,1094618074.14,4.68
601800,main,CSI,-0.0016403674882180103,0.0017784568190312203,0.0043928902496697874,0.380747691278189,-0.0303860679935555,-0.01885066816476073,-0.00325923671254787,0.012557683853032943,0.03833184875651745,0.06871791675007295,0.28556908246097906,-0.00532761540658257,,,0,0,0.03565640194489483,1.0569,781520691.74,6.30859779
603169,main,CSI,-0.001496204670826308,0.0006967650444805906,0.004249176129649647,0.38999607225773214,-0.028113749023113182,-0.016462594132324572,-0.003157052590155066,0.012356114058751692,0.027773927477817414,0.0558876765009306,0.17259026352874535,-0.5321097000677096,0.06906450523471802,632243873.133,0,0,0.041871921182266236,4.8208,525486727.21,8.46
601169,main,CSI,-0.001496204670826308,0.003587312409402417,0.004950718605506788,0.381528541720326,-0.025783688133513658,-0.012302504907304078,-0.0018205724772414648,0.010776932383534193,0.02738821991102333,0.05317190804453699,0.1874590268005154,-0.30061556486759733,0.030652979754776155,1160143167.3705,0,0,-0.02529182879377434,0.8972,957600912.31,4.73547705
600905,main,CSI,-0.001496204670826308,-0.0006426146501823907,0.0005759530438450991,0.3870945080725454,-0.024978169076531283,-0.014192263851454147,-0.0018205724772414648,0.010835508421578911,0.026189620267505893,0.05116778934403718,0.21813789411189569,-0.2432859905662754,0.03159003159003158,1408536989.2359998,0,0,-0.014527845036319653,0.8192,956742403.31,4.02878311
002967,main,CSI,-0.001376650971239576,0.0024827601986456387,0.004721234617390126,0.3870945080725454,-0.026388718397985768,-0.012439888306689136,-0.0013240378831286578,0.017311545077429165,0.03572726257178224,0.06211598096976801,0.2508360328114869,-0.13840788836607434,0.07233844522348822,488994212.6835,0,0,0.058441558441558294,3.1736,338249817.66,19.56
600835,main,CSI,-0.0014763154601026862,0.0006757838265791102,0.004415121751720695,0.3819182631857252,-0.02863805028983376,-0.014787638130817632,-0.00325923671254787,0.011837016798501722,0.03296319309203168,0.06160124338186544,0.18301723897527594,-0.549620467659842,0.09302251621931051,518285536.3675,0,0,0.00267857142857153,2.389,437804780.35,22.28887726
601456,main,CSI,-0.0013568994934237025,0.0006757838265791102,0.004415121751720695,0.3819182631857252,-0.030007668702860906,-0.014466745849809682,-0.003234792587319294,0.009994015038753301,0.028469256092829964,0.058476924795690874,0.15413844575019656,-0.6010901225469842,0.051892551892551875,662343912.569,0,0,-0.01680672268907568,1.5725,652567613.03,9.36
600717,main,CSI,-0.0015112323570995875,0.0012941229534039922,0.0043928902496697874,0.380747691278189,-0.026665696131734085,-0.013979848975921744,-0.0031736203900174036,0.009941466043666643,0.029308104870290497,0.05597380100202458,0.12474804058796296,-0.11387225270393925,0.06457540846681918,,0,0,0.038004903459154304,3.2681,417107583.36,4.37
600864,main,CSI,-0.001376650971239576,0.002125082370388381,0.004721234617390126,0.3870945080725454,-0.02604642475994379,-0.012836897354182667,-0.0013240378831286578,0.016965574451369595,0.03626909926600471,0.062315524025948504,0.17032448492415228,-0.4032017243938267,0.05462939215183381,746834064.1724999,0,0,0.005415162454873723,2.7163,316685957.18,5.57
600361,main,CSI,-0.001376650971239576,0.0024827601986456387,0.004721234617390126,0.3870945080725454,-0.02622226870867334,-0.011432630199309318,-0.0013240378831286578,0.014688903248930244,0.03229566646348747,0.05851793517216081,0.19005050579840005,-0.2628999878827962,0.0657798833819242,391905795.8405,0,0,-0.0531400966183575,2.8111,418347090.34,3.82254096
603887,main,CSI,-0.001376650971239576,0.002125082370388381,0.004721234617390126,0.3870945080725454,-0.02333834602054244,-0.013964208150484715,-0.001869750011468632,0.01694622387541869,0.03824171830288242,0.06158006432342486,0.19780467051724285,-0.10307516371127942,0.10863787375415283,425935188.867,0,0,0.05392156862745101,5.9987,380461287.37,10.75
603288,main,CSI,-0.001496204670826308,0.0017391439240253455,0.004249176129649647,0.38999607225773214,-0.035117085403743656,-0.017783319878434997,-0.0018205724772414648,0.014546903125309048,0.033869082517376026,0.06898616792111968,0.30559990155733097,-0.22512651915245172,0.05509825968090749,1259913404.9625,0,0,0.024283206553540104,0.8572,1681159914.67,35.01
000029,main,CSI,-0.001496204670826308,0.0017391439240253455,0.004249176129649647,0.38999607225773214,-0.03388100710455619,-0.019024399335831787,-0.002938981597811904,0.016935358092689555,0.04670945904961724,0.08059046615417342,0.3282201104204408,0.40800955960365337,0.11503966450846448,460125714.6795,0,0,-0.08030592734225617,1.7704,385556274.68,24.05
002239,main,CSI,-0.001496204670826308,0.0006757838265791102,0.004272014467576234,0.40102239431742354,-0.030838711395139433,-0.016754811809683953,-0.0031736203900174036,0.011178861186770056,0.029254095746136726,0.060092807141276156,0.15391247176372078,-0.25754234222648686,0.06521809807256233,460421806.3875,0,0,0.04564315352697079,4.7157,323304313.49,2.52
600061,main,CSI,-0.0014066364219033135,-0.0001400487595440017,0.004249176129649647,0.3819182631857252,-0.02848577176836914,-0.015478003460336164,-0.003179917153596769,0.010385006902932606,0.02786420532169066,0.0563499770900598,0.212035791547025,-0.34766077094089864,0.051727770754319426,698642320.175,0,0,0.03669724770642202,1.4378,617122436.5,6.62473122
000065,main,CSI,-0.001496204670826308,0.001418901569537355,0.004721234617390126,0.3870945080725454,-0.03287891484558121,-0.017693969600417674,-0.0018205724772414648,0.016238708663018527,0.03570716527824387,0.06858608012382508,0.21903642333662984,-0.4538095311717554,0.0899647721840659,417444714.53,0,0,-0.08450704225352101,2.8902,303295250.08,10.4
603919,main,CSI,-0.001496204670826308,0.0023521763405601167,0.004249176129649647,0.3894611390024282,-0.03394105081155721,-0.01695457192604802,-0.0028900590328422146,0.017288671981433454,0.04171330974393398,0.07565436055549118,0.3245683129035756,0.3437312737911628,0.11996324979643538,472988825.2160001,0,0,-0.028905289052890693,3.7993,309265151.98,15.79
002194,main,CSI,-0.0007524786136454942,0.004922789939556807,0.004721234617390126,0.5003052977400398,-0.02604642475994379,-0.006377108698504482,-0.000644271513220955,0.0244216555778059,0.04232670727276643,0.06837313203271023,0.18368223726967042,-0.24963153952699604,0.08193058245195889,601181342.949,0,0,-0.08579599618684464,8.5525,428472970.47,9.59
600996,main,CSI,-0.001496204670826308,0.0008058691530025842,0.004272014467576234,0.30802990996916724,-0.031979320407365,-0.01825870197005837,-0.002938981597811904,0.012295555614312137,0.03328916739199265,0.06526848779935765,0.16745540750341883,-0.3170566410775021,0.10137916838205023,436838506.234,0,0,-0.08322324966974903,4.1545,361365249.06,6.94
601916,main,CSI,-0.001496204670826308,0.0006757838265791102,0.00401445278608381,0.377514973789628,-0.024734884063084755,-0.01483412665122827,-0.0031736203900174036,0.007389510770340077,0.02745840344950724,0.052193287512591995,0.1157932540725777,-0.6854498183617566,0.03041827865290602,673915914.5695,0,0,-0.04014598540145997,1.1522,657660351.93,2.63
600058,main,CSI,-0.0012109238176059895,0.0027482032090163583,0.004692098088118022,0.5003052977400398,-0.01761512169461891,-0.006238768492248935,0.005248397353671425,0.020014191680386727,0.039072063468459685,0.05668718516307859,0.31038771260509357,0.7195000471127612,0.08925125231910942,526168056.9545,0,0,0.02393617021276606,2.5206,310288444.21,11.55
601021,main,CSI,-0.001496204670826308,0.0006350826599912645,0.004249176129649647,0.38591509669294466,-0.03388100710455619,-0.01594688130395745,-0.0031736203900174036,0.014184662316454455,0.04007652491636957,0.07395753202092575,0.31544546373460036,0.2135831339083284,0.053469566852629595,680462894.2344999,0,0,-0.03758445945945943,1.3456,601751199.53,45.58
603093,main,CSI,-0.001376650971239576,0.002125082370388381,0.004721234617390126,0.3870945080725454,-0.023445763817028675,-0.012349837548187791,-0.00031880708884393785,0.014643728550484172,0.03422829975325304,0.057674063570281715,0.16206383928727106,-0.010597860072609561,0.08682457438934127,497344582.90349996,0,0,0.06336088154269981,3.0583,352913776.56,19.3
002212,main,CSI,-0.0015541226848674043,0.0008040552763951003,0.004249176129649647,0.30059474971544575,-0.02855225769292338,-0.015299473125257864,-0.003412802283550998,0.012978934774873777,0.03006867949992438,0.058620937192847763,0.1569384906776938,-0.4297234148867819,0.08901098901098907,416680494.404,0,0,-0.021739130434782705,5.4667,377614272.07,5.85
002352,main,CSI,-0.0015541226848674043,0.0009131593849170938,0.00421365642901296,0.3607734206074395,-0.030109655322097466,-0.01480426960744074,-0.003412802283550998,0.009086523049610343,0.027012056351216323,0.057121711673313785,0.13658051887185937,-0.5513923819796257,0.03644264884649514,1442998205.8,0,0,0.0300703774792066,0.8681,1335466736.45,32.2
002006,main,CSI,-0.001496204670826308,0.002125082370388381,0.004721234617390126,0.3870945080725454,-0.026808674351810623,-0.014655394254464056,-0.0018205724772414648,0.01842484335969693,0.04517851225935792,0.07198718661116854,0.19046547623354265,-0.2584627758527322,0.07331893059681341,466386371.9785,0,0,0.07885791978246082,4.0971,331968563.28,15.65980185
601878,main,CSI,-0.0012109238176059895,0.0034999878290909573,0.004404566406333221,0.5003052977400398,-0.02604897127405494,-0.007857685781805616,-0.0013301053289854787,0.020719717150003494,0.03685941000570658,0.06290838127976152,0.1729708885681824,-0.3963359349955677,0.04709973165436392,751847495.7375,0,0,0.03894736842105262,1.6106,717788997.99,9.87
603297,main,CSI,-0.001496204670826308,0.0024827601986456387,0.004404566406333221,0.3870945080725454,-0.03385856138281596,-0.014972478180349916,-0.002506406293005988,0.015272324229258501,0.041592849729235756,0.07545141111205173,0.3396729182181971,-0.05860659851318097,0.07791003905720448,452927328.1365,0,0,-0.05341953045253489,2.5699,403112325.52,139.1
600926,main,CSI,-0.001496204670826308,0.001418901569537355,0.004404566406333221,0.3865299070355294,-0.027887388694414254,-0.014183673260376723,-0.0028900590328422146,0.01083785800449585,0.022956678810296626,0.05084406750471088,0.13382124240204468,-0.42221547886675614,0.044904931593591116,1113780569.3635,0,0,0.01568894952251032,0.9358,1006155265.6,14.89
605198,main,CSI,-0.001376650971239576,-0.002177283881438264,0.004692098088118022,0.5003052977400398,-0.031062446833718525,-0.019084805003658695,-0.0020098716988931806,0.014156869728679994,0.041774918693811613,0.07283736552753015,0.3469209726400475,-0.10972312542348821,0.09341489201027037,614133916.5415,0,0,0.013004895960832208,1.9856,353139210.34,65.88808698
600446,main,CSI,-0.001376650971239576,0.002125082370388381,0.004721234617390126,0.310735404631472,-0.026619677709782897,-0.015324205762462125,-0.0013240378831286578,0.01389996864566936,0.042569129877554485,0.06918880758733738,0.17888544652757984,-0.4890646821421941,0.09255725190839692,410244739.09799993,0,0,-0.053297199638663084,2.9795,301359236.43,10.48
002597,main,CSI,-0.0014066364219033135,0.0026168580614629364,0.004784186908962823,0.3819182631857252,-0.03298560359830779,-0.01731136288680985,-0.003179917153596769,0.013305839938843232,0.03896739441531201,0.07195299801361979,0.24215704259062826,-0.18826220941834076,0.07991613741824441,345149503.15,0,0,0.022671266633809806,2.9144,338890476.4,20.75
002053,main,CSI,-0.001496204670826308,0.0024827601986456387,0.004721234617390126,0.3870945080725454,-0.009328445547189706,-0.0035431471003247498,-0.0032999999821186066,-0.0022268222217067873,-0.00014019858542345626,0.00918824696176625,0.19168600906536826,-0.7734408637741249,0.11504258075801743,387672948.54899997,0,0,-0.09343200740055502,4.1546,388889589.36,9.8
002906,main,CSI,-0.0015112323570995875,0.0006757838265791102,0.004415121751720695,0.3819182631857252,-0.03287891484558121,-0.017886884760412898,-0.003179917153596769,0.013269320778578439,0.03669065672049292,0.06956957156607413,0.223549830130217,-0.4698710944664852,0.0755017263703064,389749693.431,0,0,0.04047151277013761,2.6932,371002838.17,26.48
603809,main,CSI,-0.0013568994934237025,0.0006757838265791102,0.004415121751720695,0.3819182631857252,-0.03228589538624098,-0.0190134162968294,-0.0031736203900174036,0.014073334098892524,0.03147126200132499,0.06375715738756596,0.20087964816118337,-0.28133373034214054,0.08427364707593835,790820577.0815,0,0,0.07793633369923181,4.41,397527631.4,9.82
603583,main,CSI,-0.0014066364219033135,0.002196397809721401,0.004784186908962823,0.30802990996916724,-0.03826861799990012,-0.02047964810237125,-0.0031736203900174036,0.012054878077362193,0.03215891451077345,0.07042753251067357,0.18586132350273818,-0.1801560898386945,0.08798906331040707,389705211.5175,0,0,0.07100591715976323,3.2155,308053826.89,25.34
600480,main,CSI,-0.001376650971239576,0.002125082370388381,0.004721234617390126,0.374906415973019,-0.008827492050543208,-0.0035431471003247498,-0.0032999999821186066,-0.0022268222217067873,-0.0014209243086963314,0.007406567741846877,0.15583496766269248,-0.8189721613661864,0.08222430310559005,441086977.49700004,0,0,-0.0043290043290044045,3.8763,435174014.19,9.2
000420,main,CSI,-0.001496204670826308,0.00043752964999404793,0.004249176129649647,0.40356588843951274,-0.026646887765856726,-0.013355116087005006,-0.0018205724772414648,0.011905855806214963,0.025067199512322842,0.05171408727817957,0.11921874291027933,-0.5669046699061397,0.04779673063255155,409313316.47949994,0,0,-0.03132530120481947,3.0966,308216795.0,4.02
002434,main,CSI,-0.001496204670826308,0.0022379110157457888,0.004721234617390126,0.384479921450355,-0.009383462301266453,-0.0035431471003247498,-0.0032999999821186066,-0.002690631579895338,-0.0011982686706662837,0.00818519363060017,0.18968021269076887,-0.7857320282948514,0.10318053384038801,368485024.734,0,0,-0.028485757121439192,4.2141,368926573.62,6.48
603915,main,CSI,-0.0007524786136454942,0.004922789939556807,0.004721234617390126,0.4629678482679484,-0.026436585670234252,-0.006445391053449248,-0.000644271513220955,0.025666453870443882,0.04498901634624769,0.07142560201648195,0.19983006841246373,-0.2867140933506172,0.08720058135831385,376537024.758,0,0,-0.04865876481597009,3.0353,311540438.46,15.25
600623,main,CSI,-0.001496204670826308,0.000639192816934767,0.004404566406333221,0.40356588843951274,-0.03126546659834226,-0.01655745614703538,-0.0028900590328422146,0.014040776011783246,0.03534391207971437,0.06660937867805664,0.2343600218112988,0.19925988857419413,0.09139009139009137,395166452.16099995,0,0,0.045774647887323994,2.3758,384053772.97,8.91
600029,main,CSI,-0.002054020228858165,0.0006350826599912645,0.004249176129649647,0.3819182631857252,-0.0283912143020584,-0.017478012677702603,-0.0037082561967698054,0.009506936258910855,0.02837163678148929,0.056762851083547686,0.1551066845827561,-0.5191346734863762,0.05092075892857141,954592193.5255,0,0,-0.021032504780114758,0.8647,599175258.6,5.12
000727,main,CSI,-0.001376650971239576,0.002125082370388381,0.004721234617390126,0.48918138742153017,-0.021534792908896094,-0.008874536117776421,-0.0013240378831286578,0.013544661158776592,0.031384650802101614,0.05291944371099771,0.12303323496837609,-0.29153236683308975,0.06595744680851061,645474073.7205,0,0,-0.028925619834710647,2.4346,258109236.86,2.35
002701,main,CSI,-0.001376650971239576,0.002125082370388381,0.004721234617390126,0.3870945080725454,-0.013279067724133843,-0.0035431471003247498,-0.0032999999821186066,-0.002080593770664328,0.009917545980627418,0.02319661370476126,0.12992415161717594,-0.7407681242462305,0.05840110618160304,378637037.956,0,0,0.05228758169934644,2.6318,321170596.48,4.83
603033,main,CSI,-0.0007524786136454942,0.010975317673781404,0.005185881908169734,0.44034789974848365,-0.02677328383343416,-0.014976048063300282,-0.000644271513220955,0.02004605260829391,0.053589689402028545,0.08036297323546271,0.2431399819377114,0.4056481980867091,0.1304212653505363,,0,0,-0.099902056807052,2.7116,262288337.5,9.19
000157,main,CSI,-0.0012109238176059895,0.006825505802092626,0.005882475182030391,0.48039985008798536,-0.009234195278401719,-0.0035431471003247498,-0.0032999999821186066,-0.002700442093521444,0.0035863409910696243,0.012820536269471343,0.18261140868427017,-1.3286229810214678,0.04195804195804196,667294760.74,0,0,-0.03638814016172498,1.0367,530038465.49,6.9585659
002145,main,CSI,-0.0007524786136454942,0.010196378624496471,0.004721234617390126,0.44034789974848365,-0.016363990651133718,-0.0025160722315041724,0.0026782620703114587,0.016400364582885803,0.027973586270543385,0.0443375769216771,0.12112702422366411,-0.4952745932193856,0.06417024084460575,448638816.1769999,0,0,-0.04625550660792954,1.6977,283420266.08,4.33
002928,main,CSI,-0.001376650971239576,0.001965884273373622,0.004692098088118022,0.3870945080725454,-0.02754670276748878,-0.012952061580878664,-0.0013240378831286578,0.01412967352886289,0.035511291674697076,0.06305799444218585,0.19783648676522436,-0.33117426819739176,0.0718621287665294,403573438.717,0,0,-0.025147928994082802,2.9386,247709649.08,6.59
603072,main,CSI,-0.001376650971239576,0.005289646611421174,0.005185881908169734,0.44034789974848365,-0.02952930299890525,-0.014951637560465062,-0.0013240378831286578,0.01550127416094126,0.04403067185157969,0.07355997485048493,0.2386094304763964,0.429505843730918,,,0,0,-0.09944331983805665,5.1225,240492375.28,35.59
601100,main,CSI,-0.0012109238176059895,0.0034999878290909573,0.004404566406333221,0.44034789974848365,-0.016549244243830523,-0.0041302406367744165,0.002094379502212572,0.01840969229818547,0.03584517259967658,0.052394416843507104,0.20943894940649355,-0.00912952706659052,0.07309306701403964,1518975243.0240002,0,0,-0.06348658673337348,0.7486,1112610867.33,108.005436
601881,main,CSI,-0.001376650971239576,0.002015978261866387,0.004692098088118022,0.5003052977400398,-0.024137929746062943,-0.013449483657541233,-0.0009885565780144386,0.012123712038480306,0.020723215269607454,0.0448611450156704,0.1592747698871202,-0.678500253433481,0.04668038557348638,1105010724.801,0,0,0.012279355333844943,0.7392,698383434.29,12.96712857
000301,main,CSI,-0.001376650971239576,0.005289646611421174,0.005185881908169734,0.44034789974848365,-0.029182585752552347,-0.017697313062196244,-0.0013240378831286578,0.014858201138931628,0.041053208814128106,0.07023579456668046,0.21721823922688263,0.4239283491823543,,,0,0,-0.026521060842433664,0.9017,724028131.18,12.48
600094,main,CSI,-0.001496204670826308,0.0006350826599912645,0.004249176129649647,0.40102239431742354,-0.03149297180883054,-0.019473947806258725,-0.0031736203900174036,0.014158032202756429,0.03741868730603653,0.06891165911486707,0.29460335900115425,0.10787798268841323,0.10600210600210597,409777511.5155,0,0,-0.03554502369668233,4.0574,362537215.15,4.07
600201,main,CSI,-0.0012109238176059895,0.0034999878290909573,0.004404566406333221,0.5003052977400398,-0.01761512169461891,-0.003573747961983689,0.00488506604228907,0.0182020254670137,0.030642517122273654,0.04825763881689256,0.15635432721112294,0.3786946871363916,0.06098714754867463,467056358.811,0,0,-0.031026252983293645,2.0517,279870830.6,12.18
000795,main,CSI,-0.001376650971239576,0.002125082370388381,0.004721234617390126,0.44034789974848365,-0.02197419353740178,-0.011987654880264724,-9.825583212740435e-05,0.011856474503175812,0.0278107918773015,0.049784985414703276,0.1266040624520185,-0.1323127916482096,0.07433704020530367,409767242.8535,0,0,-0.04789053591790193,3.2042,300398095.38,8.35
000758,main,CSI,-0.001496204670826308,0.001418901569537355,0.004721234617390126,0.40356588843951274,-0.03385196625113861,-0.017737663693035102,-0.0018205724772414648,0.014304462364567772,0.031150841650026993,0.0650028079011656,0.16715307805135596,-0.5276390924775911,0.07946583250804656,540996209.407,0,0,-0.0269816504354784,2.5168,285737047.06,5.77
603328,main,CSI,-0.001496204670826308,0.0008058691530025842,0.004721234617390126,0.38999607225773214,-0.031348901161994874,-0.01800245020429353,-0.0018205724772414648,0.014922791497239019,0.030577053737760967,0.061925954899755845,0.17566954544966779,-0.5927820639779299,0.0907857189580133,722727308.9115,0,0,0.019178082191780854,2.7458,297636192.86,11.16
002215,main,CSI,-0.001496204670826308,0.0022379110157457888,0.004721234617390126,0.384479921450355,-0.03268991820355349,-0.017847239158058397,-0.0018205724772414648,0.015455976349554174,0.03291621712305145,0.06560613532660495,0.20333651609383457,-0.45571917427874414,0.0790342493506493,354860312.4625,0,0,0.079676674364896,4.0522,295656356.39,9.35
601111,main,CSI,-0.0015541226848674043,0.0008040552763951003,0.004249176129649647,0.3607734206074395,-0.03369625929001425,-0.017946411747049227,-0.003412802283550998,0.009662739092525938,0.02897713660122373,0.06267339589123798,0.14472915823854549,-0.5575602409574073,0.05287882437966758,945267563.6860001,0,0,-0.014950166112956742,1.0146,695833013.34,5.93
000686,main,CSI,-0.001496204670826308,0.001418901569537355,0.004404566406333221,0.37079499291953866,-0.025449510740783072,-0.012366663440593397,-0.0028900590328422146,0.010923763490954199,0.029767550033454066,0.05521706077423714,0.10454883506743605,-0.5466527648516079,0.04741454864154247,486421424.84799993,0,0,-0.04342723004694826,1.9067,367222912.09,8.15
600325,main,CSI,-0.0015541226848674043,0.0009682183647787466,0.00421365642901296,0.3607734206074395,-0.04023034840409233,-0.020143930461314467,-0.0031736203900174036,0.016605729850066194,0.05048505014487992,0.09071539854897225,0.2667002997084751,0.3256272728792852,0.16570271833429726,411045514.368,0,0,0.0786026200873362,4.4994,302341780.18,2.47
000917,main,CSI,-0.001496204670826308,0.001418901569537355,0.004721234617390126,0.30059474971544575,-0.03316546593047766,-0.018707899918315653,-0.0018205724772414648,0.016279609619424013,0.038430398627612786,0.07159586455809044,0.17741431292467522,-0.40028884198552805,0.08647309348739499,435694888.32449996,0,0,0.030303030303030276,3.3906,326164954.41,6.8
600776,main,CSI,-0.0012109238176059895,0.0034999878290909573,0.004721234617390126,0.5003052977400398,-0.025329852935954866,-0.005936956226898608,-0.000644271513220955,0.02302703518252185,0.03916732604997669,0.06449717898593156,0.14712563294988384,-0.38639912202214016,0.06686462113713847,491179828.00200003,0,0,0.039200000000000124,2.7977,347841352.88,12.99
603171,main,CSI,-0.001496204670826308,0.002125082370388381,0.004404566406333221,0.3870945080725454,-0.011807540853322187,-0.0035431471003247498,-0.0032999999821186066,-0.0022268222217067873,-0.0009440051857036704,0.010863535667618517,0.3532252137985328,-0.7413992882519278,0.08970728557326184,414284661.919,0,0,0.020140986908358638,1.8538,308087765.4,40.52
600718,main,CSI,-0.0015541226848674043,0.0009131593849170938,0.00421365642901296,0.3607734206074395,-0.03394105081155721,-0.020761174607078076,-0.0031736203900174036,0.013239031938556193,0.03664118474488799,0.0705822355564452,0.17458497713074708,-0.32371708525218207,0.08803571428571433,575866303.424,0,0,0.09140518417462484,3.7124,348839308.46,8.0
000837,main,CSI,-0.0007524786136454942,0.010196378624496471,0.004721234617390126,0.5003052977400398,-0.01761512169461891,-0.002606844868160261,0.0061386980995584576,0.02281190330432537,0.035723708280789364,0.05333882997540827,0.13322779445376146,0.39510071304483824,0.07835051546391754,418228594.65999997,0,0,-0.09514925373134342,3.9502,399647696.91,9.7
600556,main,CSI,-0.0007524786136454942,0.010196378624496471,0.004692098088118022,0.5003052977400398,-0.025903105885793972,-0.0077192555485306735,-0.000644271513220955,0.023297046179863053,0.043820715227634977,0.06972382111342895,0.18057323967036112,-0.008855302259840738,0.08511247163362953,411674762.513,0,0,-0.06278026905829603,3.5838,276512261.61,4.18
000059,main,CSI,-0.0007524786136454942,0.004171005319482208,0.004692098088118022,0.5003052977400398,-0.018058808747133552,-0.0023038157580967285,0.0061386980995584576,0.02471788547554755,0.04911347054939043,0.06717227929652397,0.2951946814420743,1.1749778602964875,0.12328537972566081,432756025.4755,0,0,0.051724137931034475,4.5259,311076492.24,4.27
600072,main,CSI,-0.0007524786136454942,0.010196378624496471,0.004721234617390126,0.5003052977400398,-0.018058808747133552,-0.004253807115153107,0.0061386980995584576,0.023305225235418718,0.036244105448742035,0.05430291419587559,0.15889580765671343,0.6899251917887141,0.08820477343479764,425906158.8255,0,0,-0.07295173961840629,3.7914,344429381.93,8.26
603305,main,CSI,-0.001376650971239576,0.002125082370388381,0.004404566406333221,0.30802990996916724,-0.023398582681038456,-0.012037465818579415,-0.001869750011468632,0.011259582796350604,0.026738894692209757,0.05013747737324821,0.12059568396231446,-0.44946187304198254,0.06654236852256651,372344912.221,0,0,-0.07953603976801993,2.7674,365252373.15,11.11
600399,main,CSI,-0.0007524786136454942,0.004922789939556807,0.004692098088118022,0.5003052977400398,-0.029550497253048754,-0.007293972088545237,-0.000644271513220955,0.024863278534168306,0.045998842842756384,0.07554934009580513,0.16858329556928703,-0.26708245837183386,0.10048112509252406,336942703.739,0,0,-0.06537530266343827,3.4774,271556169.93,3.86
603730,main,CSI,-0.0012109238176059895,0.0034999878290909573,0.004404566406333221,0.5003052977400398,-0.02833300089123749,-0.008813912707827581,-0.000644271513220955,0.02636958437152359,0.058589681785663886,0.08692268267690137,0.29543848055424954,0.16193483368278266,0.10529610617253035,609715327.6465,1,0,0.10028929604628756,2.1015,504306803.98,11.41
605123,main,CSI,-0.001376650971239576,0.002125082370388381,0.004721234617390126,0.48918138742153017,-0.025857428117916064,-0.012555690985977596,-0.0013240378831286578,0.011480178722690738,0.030978668970062326,0.05683609708797839,0.17130894513187353,-0.3087288738270066,0.08224515210816581,375876606.422,0,0,-0.05384706020973262,3.1704,306332381.4,80.3
601088,main,CSI,-0.001376650971239576,0.0024827601986456387,0.004404566406333221,0.3870945080725454,-0.033692314968676196,-0.01828271996927351,-0.0024537821307153394,0.015123447052220552,0.04506349466788445,0.07875580963656065,0.32094894887652503,-0.10072538646780066,0.05371783904718036,2677676152.169,0,0,0.01805392731535771,0.3088,2215626873.07,43.42
601375,main,CSI,-0.0012109238176059895,0.0034999878290909573,0.004404566406333221,0.4794297578692833,-0.019257255191299463,-0.003820964034841128,0.00488506604228907,0.016540404154138745,0.02738906326250712,0.04664631845380658,0.17417736658990737,-0.3678192906697569,0.05371780700549453,390767918.7485,0,0,0.014634146341463428,1.947,276641704.0,4.16
002675,main,CSI,-0.001496204670826308,0.0007441867685132581,0.004415121751720695,0.3819182631857252,-0.03369675621054735,-0.02006209847312788,-0.00325923671254787,0.014519660382416078,0.0405086314689916,0.07420538767953895,0.27725737311874615,-0.1799033047855053,0.07218710773184835,507313068.992,0,0,0.021439509954058078,2.8435,281936797.25,13.34
601066,main,CSI,-0.0012109238176059895,0.0027482032090163583,0.004692098088118022,0.42934069508585987,-0.028260183100020424,-0.010248035417299071,-0.0013301053289854787,0.021955849688591062,0.04310487687742852,0.07136505997744894,0.30852341800813776,-0.25834387150296456,0.05705042620930473,2296983604.1355,0,0,0.03189910979228494,0.6944,1239149513.45,27.82
600252,main,CSI,-0.001496204670826308,0.007716776203658392,0.004950718605506788,0.3870945080725454,-0.013780021220780345,-0.0035431471003247498,-0.0032999999821186066,-0.001956606231163398,0.004372910563769748,0.018152931784550092,0.2693295473298165,-0.7562857876048723,0.07795172863666018,322395051.69200003,0,0,0.0,3.9272,275619009.04,2.19
601628,main,CSI,-0.0017891271817513607,0.0012330519540042558,0.0043928902496697874,0.380747691278189,-0.02983809203992726,-0.02032081044356933,-0.004364185506026848,0.009758861413454167,0.036130214672209233,0.06596830671213649,0.24841485810744945,-0.06304910070989256,,,0,0,0.04390495867768607,0.4069,3360378628.51,40.42
600233,main,CSI,-0.001376650971239576,0.0024827601986456387,0.004404566406333221,0.5003052977400398,-0.022971727334665445,-0.01259431272508252,-0.0009885565780144386,0.018455161962065442,0.039362049895493655,0.0623337772301591,0.2746220259547458,0.6139045662607309,0.09182030404081634,859432873.0904999,0,0,0.01449275362318847,1.2088,714843789.71,17.5
600515,main,CSI,-0.001496204670826308,0.0006350826599912645,0.004249176129649647,0.3819182631857252,-0.034669470716847256,-0.016990672162950735,-0.00325923671254787,0.012688212949073387,0.03668393380709582,0.07135340452394308,0.25254533316735034,-0.18663386696954695,0.07706093189964153,605307275.983,0,0,0.025735294117646967,1.5611,400437885.38,2.79
600621,main,CSI,-0.0012109238176059895,0.0034999878290909573,0.004404566406333221,0.5003052977400398,-0.026527280910204783,-0.010654219460619034,-0.0021421851256180928,0.020479647912591843,0.035417239071153475,0.06194451998135826,0.15683339423516127,-0.3170578465937256,0.05232676285307866,438068721.893,0,0,0.01078360891444996,2.2589,333216326.32,14.06
600761,main,CSI,-0.001275591646340259,0.0009131593849170938,0.00421365642901296,0.30059474971544575,-0.031687543172718005,-0.01458551445199344,-0.003412802283550998,0.009462311415124065,0.034585751834050146,0.06627329500676815,0.16213131229558347,-0.5314288736390466,0.07092378032425095,409353835.3095,0,0,0.04469273743016755,1.8476,274078506.98,16.83
600037,main,CSI,-0.001496204670826308,0.0006350826599912645,0.004249176129649647,0.3819182631857252,-0.03245335688972824,-0.01775239848797583,-0.0031736203900174036,0.01572397445152072,0.04405700893459178,0.07651036582432003,0.28398797711750473,-0.12850643968564315,0.09436307457983195,357985710.522,0,0,0.0725552050473186,2.9864,282092943.5,6.8
600388,main,CSI,-0.001376650971239576,0.0024827601986456387,0.004404566406333221,0.5003052977400398,-0.02306212047151506,-0.013126648870971857,-0.0009885565780144386,0.017010421991345216,0.03926680974539925,0.06232893021691431,0.2534336846050158,0.5868940648307296,0.07240290921386307,437136620.816,0,0,0.030487804878048808,1.6278,344672671.45,16.9
600918,main,CSI,-0.0012109238176059895,0.0027482032090163583,0.004692098088118022,0.5003052977400398,-0.01835407052504614,-0.004075390915559039,0.00488506604228907,0.01845699012139063,0.03725994680163141,0.05561401732667755,0.2909132130791904,0.2806276346413064,0.06751053640230172,471276045.4735001,0,0,0.012411347517730542,2.0016,517187987.59,5.71
603883,main,CSI,-0.001496204670826308,0.0006967650444805906,0.004249176129649647,0.374906415973019,-0.009383462301266453,-0.0035431471003247498,-0.0032999999821186066,-0.0022268222217067873,-0.0009712410041235166,0.008412221297142936,0.16428184797756318,-0.7509363057250343,0.07462193673965939,353347266.74,0,0,0.03266331658291466,2.9568,273738294.59,12.33
603103,main,CSI,-0.001496204670826308,0.0015114606279560804,0.004721234617390126,0.3737460496775438,-0.03350775956851963,-0.01943464401956813,-0.0018205724772414648,0.01896124448697019,0.04562830670223063,0.07913606627075026,0.2899549071046757,0.3247286295219712,0.14467393383056035,474056982.3845,0,0,0.05211267605633796,2.794,264865832.08,14.94
600789,main,CSI,-0.001496204670826308,0.0008058691530025842,0.004272014467576234,0.38999607225773214,-0.030847382732170237,-0.021471722302975938,-0.003698509883542668,0.012530922027479484,0.029471150200460965,0.0603185329326312,0.2160965798877679,-0.43242626528962974,0.08008691528016831,551983631.9505,0,0,0.017711171662125436,3.8496,288594916.12,7.47
600993,main,CSI,-0.001496204670826308,0.0015114606279560804,0.004404566406333221,0.3894611390024282,-0.0315715041357222,-0.014537352946381421,-0.0028900590328422146,0.01191370015688574,0.02918380178894103,0.06075530592466323,0.19963680988054788,-0.2592284899525171,0.04715219421101773,294167725.57449996,0,0,0.004101722723544032,2.5401,265838031.92,24.48
002243,main,CSI,-0.001376650971239576,0.0024827601986456387,0.004721234617390126,0.3870945080725454,-0.02638929192358401,-0.01623967279645802,-0.002090301268185165,0.01292035094608731,0.03236551544171721,0.05875480736530122,0.24904644146987073,-0.2508681016381655,0.10437625414811817,557252696.797,0,0,0.007132667617689048,3.0539,254268546.24,7.06
600456,main,CSI,-0.001496204670826308,0.001418901569537355,0.004721234617390126,0.3894611390024282,-0.03191927670036398,-0.01626375253873909,-0.0028900590328422146,0.014528132804763037,0.03299787390890908,0.06491715060927306,0.17434965593134996,-0.12074682538079279,0.0651835157588816,420271545.24050003,0,0,0.017487508922198414,1.9126,259586497.09,28.51
002840,main,CSI,-0.0012109238176059895,0.0034999878290909573,0.004721234617390126,0.5003052977400398,-0.018797757577560782,-0.004714409261852895,0.005918146842841924,0.018515642173075778,0.031077555293538808,0.049875312871099586,0.15891729026233264,0.045691332446357945,0.12066232164875818,452726751.3655,0,0,0.045103092783505216,3.8688,247726617.74,8.11
600422,main,CSI,-0.001376650971239576,0.001965884273373622,0.0036057739488909095,0.3870945080725454,-0.02333834602054244,-0.013385406279127128,-0.001869750011468632,0.01804217066666206,0.045279736832454925,0.06861808285299736,0.27418882232890834,0.48587660761978246,0.0874053586889302,289104040.2735,0,0,0.045248868778280604,3.9625,272738009.34,9.24
002544,main,CSI,-0.0012109238176059895,0.0034999878290909573,0.004692098088118022,0.5003052977400398,-0.01761512169461891,-0.005009206637062631,0.005918146842841924,0.018720013881564586,0.042613244794218186,0.060228366488837094,0.1761054701745081,0.003452139591882057,0.0989509044322575,395165841.179,0,0,0.008888888888888946,2.3759,256733763.26,15.89
002847,main,CSI,-0.001376650971239576,0.002015978261866387,0.004692098088118022,0.3870945080725454,-0.023278302313541416,-0.014128172085908651,-0.00031880708884393785,0.01487226251174475,0.0399055748470601,0.06318387716060152,0.1701538898183111,0.010504294277869199,0.08123287552844376,381559002.0125,0,0,0.05334728033472813,3.0335,365239847.31,50.35
600211,main,CSI,-0.0012109238176059895,0.0034999878290909573,0.004404566406333221,0.4794297578692833,-0.01696507765427694,-0.002572723445740083,0.005554815531459571,0.019163458658925287,0.03243581652852469,0.04940089418280163,0.19312749969828882,0.7405890269204164,0.053336473247395405,328669265.71299994,0,0,0.009483404042925025,2.4095,311400915.78,40.45
001979,main,CSI,-0.001496204670826308,0.0020068966398481877,0.004721234617390126,0.3870945080725454,-0.037338432301115825,-0.02012710897826137,-0.0028900590328422146,0.013861620405151742,0.035154326584657315,0.07249275888577314,0.2133001068982364,0.07461794209015091,0.09263557712597593,765594308.464,0,0,0.014992503748125774,1.0706,606130602.6,6.72143202
601595,main,CSI,-0.001496204670826308,0.002125082370388381,0.004721234617390126,0.3870945080725454,-0.03958840823526144,-0.021285566998536013,-0.0028900590328422146,0.013706917146471546,0.03340780237678243,0.07299621061204387,0.18081706747686838,-0.11928262924381657,0.17840665678035922,675552661.6795,0,0,-0.045154185022026394,4.6113,372781510.55,17.34
002182,main,CSI,-0.001376650971239576,0.002125082370388381,0.004404566406333221,0.30802990996916724,-0.024010702178797277,-0.012638137400932415,-9.825583212740435e-05,0.017355205731939504,0.034382154658383866,0.058392856837181144,0.15393361759770394,0.15561364339601544,0.07290463355153379,514033855.8205,0,0,-0.04051724137931023,3.0377,302430258.83,11.13
002779,main,CSI,-0.001376650971239576,0.002125082370388381,0.004721234617390126,0.310735404631472,-0.0265332775760163,-0.01224558929807605,-0.0013240378831286578,0.014587447355917632,0.05221562184081816,0.07874889941683447,0.18282139280203316,-0.2603428216259232,0.1156810515814573,431304068.5875,0,0,-0.08818263205013421,2.8585,302080836.28,61.11
601377,main,CSI,-0.0012109238176059895,0.0034999878290909573,0.004404566406333221,0.3868158197954125,-0.0216671503878758,-0.009030931310891483,-0.0013301053289854787,0.011738467584483062,0.022935462527037997,0.0446026129149138,0.07964135380244645,-0.7227320641899071,0.035014005602240876,940536083.9100001,0,0,-0.008103727714748765,1.321,703339575.51,6.12
600660,main,CSI,-0.0012109238176059895,0.013051528460643464,0.005882475182030391,0.3714346428769652,-0.03060922450903466,-0.013335806587997072,-0.0021421851256180928,0.018810386977320882,0.033532328826196965,0.06414155333523162,0.4745246703178762,-0.543337146982406,0.04259139039134587,1144810229.7255,0,0,0.016603773584905612,1.0181,1100650351.48,53.88
601988,main,CSI,-0.0012109238176059895,0.006825505802092626,0.005882475182030391,0.3868158197954125,-0.02647526802116728,-0.011849573173078979,-0.0021421851256180928,0.013755915602331154,0.031912784696406765,0.058388052717574045,0.10747640629164842,-0.5562712246294983,0.024102523849472667,1900009724.7989998,0,0,0.02758620689655178,0.2231,2778724512.05,5.96
600056,main,CSI,-0.0012109238176059895,0.014602254293909517,0.005882475182030391,0.4021750611511223,-0.028260183100020424,-0.010638180492892318,-0.000644271513220955,0.020582419433450898,0.03923014759377626,0.06749033069379667,0.6653951919647578,-0.0771950998862175,0.04512563953488372,587840720.1835,0,0,-0.03271983640081788,2.0969,300983361.82,9.46
000902,main,CSI,-0.001376650971239576,0.0024827601986456387,0.004721234617390126,0.3870945080725454,-0.026961971347824874,-0.01376038308706567,-0.0020098716988931806,0.015538125360097278,0.0388707914175061,0.06583276276533098,0.23403215668332464,-0.28328062624585576,0.07730935967878276,421554538.29050004,0,0,0.0226928895612708,2.3635,359024901.36,13.52
603039,main,CSI,-0.0012109238176059895,0.014602254293909517,0.005882475182030391,0.48039985008798536,-0.008827492050543208,-0.0035431471003247498,-0.0032999999821186066,-0.0022268222217067873,5.6172657593376674e-05,0.008883664708136585,0.6230044395462041,-0.9223840461646374,0.07281313356079713,418529599.696,0,0,-0.004479669193659497,3.3086,295662486.17,28.89
600572,main,CSI,-0.0012109238176059895,0.0027482032090163583,0.004692098088118022,0.3868158197954125,-0.019589953971232824,-0.004726970689147032,0.0014246300130420727,0.012847589827650052,0.031583539691685085,0.05117349366291791,0.22148210119545605,-0.3162636781746013,0.03739305464121133,507253423.41849995,0,0,0.014018691588784993,3.0778,336401690.59,4.34
000503,main,CSI,-0.001496204670826308,0.0024827601986456387,0.004721234617390126,0.3870945080725454,-0.03683206758411173,-0.020000395978761874,-0.0028900590328422146,0.018176294087723817,0.04463829903971749,0.08147036662382923,0.27125569993441095,-0.0645627186705967,0.12262958280657393,506875110.663,0,0,0.054432348367029704,4.9518,332785692.93,6.78
002003,main,CSI,-0.001376650971239576,0.005289646611421174,0.005185881908169734,0.44034789974848365,-0.025471627015674417,-0.009937201715925143,-9.825583212740435e-05,0.019820269301624848,0.04439572943860467,0.06986735645427908,0.2287966501911391,0.8797083770140732,,,0,0,0.06382978723404253,3.5159,352573930.83,10.0
600882,main,CSI,-0.0012109238176059895,0.014602254293909517,0.005882475182030391,0.4371171697091971,-0.030718375108565836,-0.01898879989808793,-0.0021421851256180928,0.020532105014368012,0.038657998518494954,0.06937637362706078,0.6886708686997352,-0.10609560540786646,0.09761128484929137,363250146.9795,0,0,-0.006478482184174017,4.0229,439162220.07,21.47
601369,main,CSI,-0.0012109238176059895,0.014602254293909517,0.005882475182030391,0.4371171697091971,-0.0303146438497003,-0.01594632249569008,-0.0020033845164305385,0.019060143060471588,0.038566736825453404,0.0688813806751537,0.6754060331447167,-0.0669321773852952,0.08893724586776859,366089267.35,0,0,0.0189473684210526,2.7009,444191643.23,9.68
600028,main,CSI,-0.001496204670826308,0.0023521763405601167,0.004249176129649647,0.3870945080725454,-0.034251616089109205,-0.017569861523559903,-0.0018205724772414648,0.016140844781784375,0.03928963588711959,0.0735412519762288,0.29197144002022396,-0.31252310772237396,0.08323163863140676,4250466658.3765,0,0,0.041749502982107334,0.5656,2770032846.62,5.24
002127,main,CSI,-0.0012109238176059895,0.014602254293909517,0.005882475182030391,0.4021750611511223,-0.013279067724133843,-0.0035431471003247498,-0.0032999999821186066,-0.00012740291247270892,0.012537827814498538,0.02581689553863238,0.558778709725017,-0.9719786633277292,0.08295298778195488,390517165.832,0,0,-0.03492063492063491,6.2807,385600085.62,3.04
600575,main,CSI,-0.001496204670826308,0.0007441867685132581,0.004415121751720695,0.3819182631857252,-0.028517263181400646,-0.015778283189848783,-0.0031736203900174036,0.011112824712465427,0.024319646611288666,0.05283690979268931,0.1819378558039698,-0.5039003357569486,0.07568829895788103,481704460.95250005,0,0,0.04113924050632911,2.4249,306539771.0,3.29
603369,main,CSI,-0.0012109238176059895,0.0034999878290909573,0.004692098088118022,0.42934069508585987,-0.03095138569009016,-0.014403331327519014,-0.0021421851256180928,0.01775574106780208,0.03302953689475378,0.06398092258484395,0.2504435383067646,-0.42344105812973604,0.06469688132691277,595951337.6685001,0,0,0.04174795161919631,1.9721,653131309.4,26.7
002416,main,CSI,-0.0012109238176059895,0.014602254293909517,0.005882475182030391,0.48039985008798536,-0.009723432676373392,-0.0035431471003247498,-0.0032999999821186066,-0.0022268222217067873,0.0025782281977598112,0.012301660874133202,0.6686831943620755,-0.9693795233317389,0.07466456195737965,384873684.264,0,0,-0.005494505494505364,2.8157,311520756.92,9.05
603260,main,CSI,-0.0007524786136454942,0.010196378624496471,0.004721234617390126,0.5003052977400398,-0.01761512169461891,-0.005034186188986851,0.0061386980995584576,0.024838147843573733,0.04353363435208181,0.06114875604670072,0.2437058553855182,1.1729446438233762,0.10014201393511739,1101659300.741,0,0,-0.06451612903225801,1.5559,605521696.97,32.19
600050,main,CSI,-0.001376650971239576,0.002125082370388381,0.004404566406333221,0.3870945080725454,-0.024414397836674945,-0.010091027531106671,-0.0013240378831286578,0.013704103216370889,0.031238773792676134,0.05565317162935108,0.12233051215728041,-0.6355382883302526,0.04606807581168832,1755904754.1425,0,0,0.032863849765258246,1.0385,1402015714.32,4.4
002706,main,CSI,-0.001496204670826308,0.002015978261866387,0.004545053884945366,0.310735404631472,-0.026619677709782897,-0.013842129450271065,-0.0018205724772414648,0.015240237689273066,0.0353180274965858,0.061937705206368696,0.16104188632742125,-0.5293239286097685,0.07611871443948948,392738539.5105,0,0,0.06171428571428561,3.7747,311203747.79,9.29
603613,main,CSI,-0.0015541226848674043,0.0009131593849170938,0.00421365642901296,0.3607734206074395,-0.03938465609596111,-0.02080871830677133,-0.003412802283550998,0.016217926176684546,0.04924827851124477,0.08863293460720588,0.19326480428188328,-0.25364919370005623,0.09208356239692138,425951411.247,0,0,0.03117913832199548,2.6209,345603226.36,18.19
601519,main,CSI,-0.001496204670826308,0.0013097974610153614,0.004249176129649647,0.374906415973019,-0.008125614856777015,-0.0035431471003247498,-0.0032999999821186066,-0.0025406010669683176,-0.0025406010669683176,0.005585013789808697,0.12563116368304889,-0.9536246738791303,0.05839285714285715,376065932.518,0,0,-0.0024937655860348684,2.3456,371858466.12,8.0
601985,main,CSI,-0.001496204670826308,0.0008984282114213097,0.004272014467576234,0.37079499291953866,-0.022334506339154143,-0.012061977865362438,-0.0028592917454174716,0.007196189201537913,0.01940458244011047,0.04173908877926461,0.08556899642898602,-0.5268406148860587,0.028860165949992047,1548080063.818,0,0,-0.011025358324145529,1.008,1721055879.39,8.97
603713,main,CSI,-0.0012109238176059895,0.0027482032090163583,0.004692098088118022,0.5003052977400398,-0.018058808747133552,-0.00271147680752573,0.005918146842841924,0.022296640537102355,0.041806747402649294,0.059865556149782846,0.31532607063727724,1.0656815968299134,0.08107494322482971,515150429.646,0,0,0.053429027113237604,3.0144,313404005.91,66.05
002311,main,CSI,-0.001496204670826308,0.0024827601986456387,0.004404566406333221,0.3870945080725454,-0.02619972175595804,-0.012672225572338143,-0.002506406293005988,0.013784872558996412,0.028678414389649097,0.05487813614560714,0.22831573076045664,-0.3367049970584546,0.06576639099595522,841402737.975,0,0,0.0,1.292,1043199623.37,48.74
002534,main,CSI,-0.001376650971239576,0.002125082370388381,0.004721234617390126,0.3870945080725454,-0.023836915028270955,-0.010313694652788401,-0.0013240378831286578,0.014404504576034115,0.03807544377818537,0.061912358806456326,0.17996987934834077,-0.49492561754175124,0.10618049615055611,417096005.6825,0,0,0.006782215523737811,3.1522,335972496.78,13.36
002895,main,CSI,-0.0015541226848674043,0.0009131593849170938,0.00421365642901296,0.3607734206074395,-0.0337985911819861,-0.020261259849329194,-0.0035631277801148834,0.012726337022622262,0.037476819167625686,0.0712754103496118,0.2695192709141437,-0.38363049981854697,0.06531236347750108,443041425.25299996,0,0,0.05043366527465487,2.401,473714536.16,32.7
002027,main,CSI,-0.0012109238176059895,0.0034999878290909573,0.004404566406333221,0.310735404631472,-0.02337496051090817,-0.010470158308674081,-0.0021421851256180928,0.013204776957827073,0.02829337162284534,0.051668332133753506,0.10382152857565212,-0.6768797375135449,0.03588893653899917,954961993.9875,0,0,-0.007766990291262155,1.6246,1210333805.9,5.11
002838,main,CSI,-0.0012109238176059895,0.0034999878290909573,0.004721234617390126,0.5003052977400398,-0.018058808747133552,-0.0023113465712570535,0.005918146842841924,0.022411361008692683,0.03661375318706382,0.054672561934197374,0.2570581100390426,0.6127143602424148,0.10987457877288724,386292426.13449997,0,0,0.06826849733028229,2.9271,331370142.35,28.01
603108,main,CSI,-0.0007524786136454942,0.010196378624496471,0.004692098088118022,0.5003052977400398,-0.018058808747133552,-0.004390087290054548,0.0061386980995584576,0.020859949400377335,0.03286004691443945,0.050918855661573004,0.18092826035567416,0.5370510800676744,0.10043932737464022,506922998.6870001,0,0,-0.03873598369011222,5.9442,334556389.97,9.43
002920,main,CSI,-0.001376650971239576,0.002015978261866387,0.004692098088118022,0.310735404631472,-0.026940317040636288,-0.012606721643566297,-0.002314981521527785,0.011812292850951256,0.03835230764975747,0.06529262469039376,0.16858743234164467,-0.4269310625098885,0.05420729749370472,851976194.8715,0,0,0.013549160671462834,1.4001,705792928.39,84.53
000538,main,CSI,-0.001376650971239576,-0.0006426146501823907,0.004692098088118022,0.44034789974848365,-0.024107031007163056,-0.010543886652613204,-0.00031880708884393785,0.013796892727259282,0.03615391727752732,0.06026094828469038,0.22229560802722623,0.08121952745065628,0.035076523995535715,933690554.9825001,0,0,-0.016141429669484952,1.1564,1063159451.87,51.2
600585,main,CSI,-0.001496204670826308,0.001477307817526267,0.004249176129649647,0.384479921450355,-0.02908135504228316,-0.0190649935411517,-0.0028900590328422146,0.015050257739261653,0.03851605513954919,0.06759741018183235,0.23940254739165653,-0.2927974699561437,0.0455116151222285,958215852.8949999,0,0,-0.01290684624017957,1.2543,887507678.65,17.59
603556,main,CSI,-0.001496204670826308,0.0006350826599912645,0.004249176129649647,0.40102239431742354,-0.03763264727249909,-0.02208566366417937,-0.0034014384763002524,0.014261994400914371,0.04259561972149824,0.08022826699399732,0.3405360903747184,-0.22915093152661395,0.14663412841715523,445955412.383,0,0,-0.05856039040260275,2.8953,330625272.74,23.15
002183,main,CSI,-0.001496204670826308,0.002015978261866387,0.004545053884945366,0.374906415973019,-0.013279067724133843,-0.0035431471003247498,-0.0032999999821186066,-0.0032218095069722614,0.0008569553662737847,0.014136023090407629,0.10313644981165342,-0.9855676777977518,0.06746031746031744,368060925.43299997,0,0,0.034482758620689724,2.8205,323010844.22,4.5
600600,main,CSI,-0.001496204670826308,0.0008797515020456673,0.004249176129649647,0.38999607225773214,-0.033032211841595466,-0.01807709824061413,-0.0034563139100227775,0.012847605597222325,0.025928338966592322,0.05896055080818779,0.2410850238391743,-0.3701862721088025,0.037599270004267576,635209661.464,0,0,-0.009065679925994385,1.6487,634135065.78,53.56
000999,main,CSI,-0.001376650971239576,0.0024827601986456387,0.004404566406333221,0.3870945080725454,-0.0225446417286609,-0.012335828264012588,-0.00031880708884393785,0.014059067529405384,0.0315807268311344,0.0541253685597953,0.18582730804833364,0.24528105186826393,0.04372117542857144,690154257.381,0,0,-0.021526418786692814,1.4664,618665280.98,25.0
600346,main,CSI,-0.001376650971239576,0.001965884273373622,0.0036057739488909095,0.3870945080725454,-0.0271509679898526,-0.015103614086706128,-0.0020098716988931806,0.016227778950968226,0.04107652144242677,0.06822748943227937,0.24771695152478693,-0.3575224440174105,0.08018292682926831,1210562101.392,0,0,0.04859335038363155,0.9888,1127168247.32,16.4
603997,main,CSI,-0.001376650971239576,0.0012140996532990223,0.004692098088118022,0.5003052977400398,-0.028260183100020424,-0.01653869540755272,-0.0013240378831286578,0.016876285222727508,0.04253009514081435,0.07079027824083478,0.34330676832063406,-0.11800305585436044,0.08445804195804195,420964110.88149995,0,0,-0.04587155963302758,1.7901,262963764.0,11.44
002541,main,CSI,-0.001275591646340259,0.0009682183647787466,0.00421365642901296,0.3607734206074395,-0.009383462301266453,-0.0035431471003247498,-0.0032999999821186066,-0.0022268222217067873,-0.0006999846971744125,0.00868347760409204,0.1903969382668254,-0.9123446432040103,0.0938867689924664,391183405.656,0,0,-0.07856494096276112,3.6489,375100120.54,20.29
603693,main,CSI,-0.001376650971239576,0.0024827601986456387,0.004721234617390126,0.3870945080725454,-0.022772146939149182,-0.01327625685866173,-0.002090301268185165,0.014185406297042484,0.03238530812440863,0.05515745506355781,0.23043930627658582,0.1537787818247294,0.13050630346051464,628037826.83,0,0,0.047154471544715415,2.3753,265371301.07,12.88
600113,main,CSI,-0.0007524786136454942,0.004922789939556807,0.004692098088118022,0.5003052977400398,-0.02967783494775638,-0.006564464822371787,-0.000644271513220955,0.02488087466993889,0.04654433263385331,0.07622216758160968,0.22906395939884916,-0.03510771787172016,0.09394516003122558,456954117.6675,0,0,-0.010476512335248378,2.3352,280062885.68,29.28
601137,main,CSI,-0.001376650971239576,0.002125082370388381,0.004721234617390126,0.310735404631472,-0.026619677709782897,-0.013709488533713505,-0.0013240378831286578,0.013471802696348012,0.037373067121573136,0.06399274483135603,0.16211055156672513,-0.475329587491581,0.0729831932773109,543709487.677,0,0,-0.019042123485285556,1.8139,285268539.73,17.0
600629,main,CSI,-0.001376650971239576,0.002015978261866387,0.004692098088118022,0.310735404631472,-0.02604642475994379,-0.012792002033425603,-0.0013240378831286578,0.0118748196662159,0.03025608840084403,0.05630251316078782,0.13853721184426884,-0.14378921014304727,0.08729226636904759,462386112.9295,0,0,-0.024390243902439046,1.9765,274940492.61,12.0
603358,main,CSI,-0.001275591646340259,0.0009131593849170938,0.00421365642901296,0.374906415973019,-0.009383462301266453,-0.0035431471003247498,-0.0032999999821186066,-0.0022268222217067873,-0.0009712410041235166,0.008412221297142936,0.15014969232428657,-0.868654268962362,0.09717153284671537,409208925.19200003,0,0,-0.030088495575221086,1.9774,301399329.8,32.88
000935,main,CSI,-0.001496204670826308,0.0024827601986456387,0.004721234617390126,0.3870945080725454,-0.031177463049038123,-0.014833867211874907,-0.0018205724772414648,0.017341066788369212,0.038433438206326026,0.06961090125536415,0.26670860530390283,-0.07712313167424471,0.10749953476831463,400498799.3565,0,0,-0.026627218934911157,1.7934,313944936.24,23.03
002051,main,CSI,-0.0012109238176059895,0.0034999878290909573,0.004721234617390126,0.5003052977400398,-0.025064689203382888,-0.006739456248725312,-0.000644271513220955,0.02158611710135861,0.0379533501434586,0.0630180393468415,0.22455379582931362,-0.19420544080655183,0.08680792891319208,745902733.222,0,0,-0.014150943396226578,2.343,241643472.97,8.36
002139,main,CSI,-0.001496204670826308,0.002015978261866387,0.0037046759491575227,0.35245196834995657,-0.030518209321976273,-0.015915820396056598,-0.0018205724772414648,0.018504364741816492,0.03347262469180737,0.06399083401378364,0.16152322318886192,-0.4016457687306012,0.06685011663935647,434933704.7095,0,0,-0.040040040040040026,2.5608,265209958.0,9.59
600475,main,CSI,-0.001496204670826308,0.0006757838265791102,0.00401445278608381,0.40102239431742354,-0.03394105081155721,-0.018841747595896803,-0.0031736203900174036,0.012756111928459395,0.03352606445624718,0.06746711526780438,0.21684275235608638,-0.1680532184718532,0.09595379703641864,473204943.25699997,0,0,0.06288819875776386,2.7431,355674027.6,13.69
002405,main,CSI,-0.001376650971239576,0.002015978261866387,0.004692098088118022,0.310735404631472,-0.02210675567108791,-0.010022549639124865,-0.0020098716988931806,0.01032443374607778,0.027655661892685705,0.049762417563773614,0.10195153539673131,-0.6334631373295563,0.04480203750868258,349494061.027,0,0,-0.015948963317384268,2.2098,319459906.84,6.17
000810,main,CSI,-0.0007524786136454942,0.010196378624496471,0.004721234617390126,0.5003052977400398,-0.026345760488521153,-0.006264265704544261,-0.000644271513220955,0.021758813446870615,0.037322716558357026,0.06366847704687818,0.16516112359676202,-0.03322423214194902,0.09647791103689086,439422792.39400005,0,0,-0.04369918699186992,2.4208,256267374.0,9.41
002635,main,CSI,-0.001376650971239576,0.0024827601986456387,0.004721234617390126,0.5003052977400398,-0.030798359357107383,-0.01702122307460105,-0.0013240378831286578,0.013788419135900353,0.044319644008941214,0.0751180033660486,0.2612610618467166,-0.2468404903647636,0.1190844758956214,924528335.9120001,0,0,-0.048600883652430094,7.4222,387576507.99,12.92
600728,main,CSI,-0.0014066364219033135,0.0009131593849170938,0.00421365642901296,0.3607734206074395,-0.027539386866037033,-0.020252237606311268,-0.0031736203900174036,0.010550369376958255,0.02343045017462568,0.05096983704066271,0.15975717805450165,-0.553199828008145,0.07957359385009605,371225492.215,0,0,0.0022471910112358273,2.5661,242523466.0,4.46
600285,main,CSI,-0.001376650971239576,0.0012140996532990223,0.004692098088118022,0.42934069508585987,-0.022624397743267303,-0.014668393907648684,-0.0020098716988931806,0.009457297843981537,0.0216075667504939,0.044231964493761204,0.2342517620866396,-0.33442977066399104,0.03936695552440423,349717115.255,0,0,0.00044622936189209206,2.3659,297294188.0,22.42
603300,main,CSI,-0.001376650971239576,0.002125082370388381,0.004404566406333221,0.30802990996916724,-0.025945604871069373,-0.014953083757869723,-0.00031880708884393785,0.00924483293120947,0.031809257554509675,0.05775486242557905,0.1620184729269868,-0.506987552314408,0.0686129223473622,429312026.188,0,0,0.004166666666666874,2.7291,261928353.84,4.82
002537,main,CSI,-0.0015541226848674043,0.0008040552763951003,0.004249176129649647,0.3607734206074395,-0.029294371304644153,-0.015299473125257864,-0.003412802283550998,0.011625597131123884,0.028218330161730518,0.057512701466374674,0.16744800227893247,-0.4297234148867819,0.08633093525179857,559829096.8770001,0,0,-0.024561403508772006,4.1483,269285069.16,5.56
601766,main,CSI,-0.0012109238176059895,0.0034999878290909573,0.004404566406333221,0.3868158197954125,-0.014312455863886754,-0.014312455863886754,-0.0032999999821186066,0.003033987407750652,0.020397962899728863,0.034710418763615615,0.17724021010386748,-1.1991311731823389,0.03231576436918673,1403972474.0035,0,0,0.0,0.9427,1368044136.44,5.99
002036,main,CSI,-0.001496204670826308,0.0006967650444805906,0.004249176129649647,0.30059474971544575,-0.028105949660047935,-0.015331082447059352,-0.002861132363068647,0.011216115227321247,0.027282098778529735,0.05538804843857767,0.15823949929956227,-0.6691858552580978,0.07182375024698676,416280960.7605,0,0,0.00277392510402219,11.7112,888461618.3,7.23
600458,main,CSI,-0.001376650971239576,0.0024827601986456387,0.004721234617390126,0.5003052977400398,-0.03078375014560634,-0.013321577625861131,-0.0013240378831286578,0.012926754385713703,0.04165470770612058,0.07243845785172692,0.23478076639886505,-0.3132424649264497,0.08458379335996695,715073045.549,0,0,-0.01892193717672397,2.8775,261158087.17,10.37
601609,main,CSI,-0.0014066364219033135,-0.0001951077394056544,0.004249176129649647,0.30059474971544575,-0.026268902825305456,-0.01252202289768551,-0.003234792587319294,0.008430709578717187,0.022451833044748935,0.04872073587005439,0.11260405886888925,-0.6981460294029235,0.05294030294030294,414282900.153,0,0,-0.0020746887966806016,1.7806,300044283.83,9.62
601668,main,CSI,-0.001376650971239576,0.002125082370388381,0.004404566406333221,0.3868158197954125,-0.023792330904502064,-0.011352727410381376,-0.0009885565780144386,0.007068975304850291,0.025707090895522696,0.04949942180002476,0.0917280585971004,-0.6387526786447149,0.026733532522796363,1494939658.19,0,0,0.015118790496760237,0.7538,1445148160.49,4.7
600872,main,CSI,-0.001376650971239576,0.0024827601986456387,0.004404566406333221,0.3868158197954125,-0.024767630520665492,-0.0132677526541546,-0.0024537821307153394,0.008861381211525018,0.02917640804411927,0.05394403856478476,0.1368119858804771,-0.5016281490145694,0.03745064589020322,408005514.9875,0,0,-0.011023622047244164,2.5336,364985206.2,18.84
603599,main,CSI,-0.0015541226848674043,0.0009682183647787466,0.00421365642901296,0.3607734206074395,-0.03372504061844216,-0.018344148855261665,-0.003412802283550998,0.0171621028877335,0.045947570706162975,0.07967261132460514,0.2599738387225669,-0.0018476585468238894,0.10546180136054417,403694221.473,0,0,0.03960396039603964,2.7025,257980349.99,10.5
000712,main,CSI,-0.001496204670826308,0.0006757838265791102,0.004415121751720695,0.3819182631857252,-0.031325510305343286,-0.01881275894726139,-0.0031736203900174036,0.014738571764241693,0.033586482452966165,0.06491199275830944,0.17067664785816009,0.038011057073494545,0.07726609372466353,445740572.92750007,0,0,0.053827751196172446,3.9367,307748720.63,8.81
600845,main,CSI,-0.001496204670826308,-0.015350574868002084,0.004721234617390126,0.3870945080725454,-0.0546399519858589,-0.026329014055533166,-0.0018205724772414648,0.017207836184948595,0.0407950140834118,0.09543496606927071,0.19624669544593965,-0.38060562412283755,0.06799104644655848,717222254.0455,0,0,-0.03873050026896174,1.2671,484563226.35,17.87
600063,main,CSI,-0.001376650971239576,0.002125082370388381,0.004404566406333221,0.3870945080725454,-0.023882339206107647,-0.015299600778938919,-0.002090301268185165,0.013275526497200442,0.03139981332368294,0.05528215252979059,0.18407388597432842,-0.09051048144317186,0.07489722507708119,857146112.3785,0,0,0.03731343283582067,2.716,308935255.05,5.56
600919,main,CSI,-0.001376650971239576,0.0028978703732346466,0.004404566406333221,0.3846252063485431,-0.030576954380742576,-0.016399792838177055,-0.0024537821307153394,0.013792776766477246,0.03557588843223111,0.06615284281297369,0.21469556734442416,-0.42223893777617283,0.03100700860361474,1339121648.2085001,0,0,0.012280701754385781,0.6142,1296946012.8,11.54
605499,main,CSI,-0.001376650971239576,0.0024827601986456387,0.004404566406333221,0.3870945080725454,-0.027205654195007464,-0.014751282626815384,-0.0024537821307153394,0.0129420345503953,0.029802762774699502,0.05700841696970697,0.21997374804108819,-0.12985705061275302,0.056136381368495,1056849741.1945,0,0,-0.0201070336391439,0.793,685116387.85,128.17
600120,main,CSI,-0.001496204670826308,0.002015978261866387,0.004950718605506788,0.3870945080725454,-0.03439495675058983,-0.017096075858304666,-0.0028900590328422146,0.013163452824535318,0.03159864852498282,0.06599360527557266,0.17739364100385485,-0.3711969853101228,0.052750775489631335,461744350.22599995,0,0,0.016393442622950838,1.4781,247604436.06,4.96
600066,main,CSI,-0.0017891271817513607,0.0031797768198690915,0.00421365642901296,0.3607734206074395,-0.04132930900880863,-0.020646688572537857,-0.0031736203900174036,0.017263492669623844,0.04187875122330563,0.08320806023211426,0.27244289186240866,0.19205523305508335,0.05111870727159729,865477558.1834999,0,0,0.03873466752743693,0.9326,658558722.94,32.18
600116,main,CSI,-0.001496204670826308,0.0015114606279560804,0.004404566406333221,0.3737460496775438,-0.011713227182115673,-0.004385376045307136,-0.0032999999821186066,-0.0024250797427744506,0.004518787148079397,0.01623201433019507,0.15963796181839654,-1.0091026008508592,0.050800965547509326,327050092.539,0,0,0.018779342723004744,2.0198,250072374.12,6.51
601702,main,CSI,-0.001496204670826308,0.0010098368284691414,0.004249176129649647,0.38999607225773214,-0.030399245191799665,-0.017542151640578357,-0.003157052590155066,0.011644113702922461,0.032260790067984005,0.06266003525978367,0.22659562421429627,-0.3844322044591243,0.0793501673766922,437909530.72650003,0,0,0.06417489421720735,2.0114,298714116.08,15.09
000625,main,CSI,-0.0015541226848674043,0.0006803638200525353,0.00421365642901296,0.374906415973019,-0.009772118773215271,-0.0035431471003247498,-0.0032999999821186066,-0.0023775022726916857,-0.0023775022726916857,0.007394616500523586,0.06651010935597826,-1.009657444635198,0.03239775550574939,785043157.0090001,0,0,0.01664355062413314,0.9226,554626481.18,7.33
601698,main,CSI,-0.0012109238176059895,0.0034999878290909573,0.004721234617390126,0.30802990996916724,-0.020462140610340622,-0.0026557256376597417,0.005918146842841924,0.016432909872922768,0.02662605747928759,0.04708819808962821,0.14392143721093562,-0.4512929931565921,0.08674067049701571,1619029690.642,0,0,0.036003236245954806,0.8888,951610850.22,25.61
601225,main,CSI,-0.001496204670826308,0.004263520453444895,0.004272014467576234,0.3929701059376769,-0.033320249878076,-0.01832780930096213,-0.002566206299133297,0.018404477747453258,0.041216823441011956,0.07453707331908796,0.2615809004133461,-0.11435535064095835,0.051603813295615295,1754133194.103,0,0,0.0144636400160707,0.5304,1290949969.25,25.25
600163,main,CSI,-0.001496204670826308,0.0015114606279560804,0.004721234617390126,0.40356588843951274,-0.03419425988918058,-0.018646096145445233,-0.0018205724772414648,0.016294703343495028,0.037346013189690885,0.07154027307887147,0.22696682139543206,-0.4131977253331672,0.09414892857142858,558904500.7495,0,0,0.02083333333333326,2.4608,248319448.12,5.39
600115,main,CSI,-0.0012109238176059895,0.0034999878290909573,0.004721234617390126,0.3868158197954125,-0.016363990651133718,-0.0029853348399506937,0.002457710813594926,0.014145811655172829,0.024990495811882427,0.04135448646301615,0.1070379253656579,-0.5030469815820583,0.04352068696330994,997120317.4994999,0,0,0.019498607242339983,0.9,555734378.56,3.66
601038,main,CSI,-0.001496204670826308,0.0007441867685132581,0.00401445278608381,0.40102239431742354,-0.009383462301266453,-0.0035431471003247498,-0.0032999999821186066,-0.0022268222217067873,-0.0022213204967014774,0.007162141804564976,0.15009611382443483,-1.0170574163749158,0.06446340511955853,341387573.27099997,0,0,0.02342606149341142,2.3612,237348955.01,13.98
600773,main,CSI,-0.0015541226848674043,0.0008040552763951003,0.004249176129649647,0.30059474971544575,-0.03477325142799315,-0.023295315098711012,-0.0035631277801148834,0.013913425724591841,0.03579957797442131,0.07057282940241447,0.15807545621538593,-0.5094762614033869,0.07470323372902166,469517162.1505,0,0,0.03254437869822491,2.9425,292019819.44,10.47
601058,main,CSI,-0.001496204670826308,0.0024827601986456387,0.004404566406333221,0.3870945080725454,-0.03463973681179891,-0.016775543817153713,-0.0028900590328422146,0.01186610299082254,0.029702560612966732,0.06434229742476565,0.2523605184370323,-0.16250754557883135,0.04363920750782067,695033100.0125,0,0,0.025449101796407136,1.1381,507372565.26,13.7
603612,main,CSI,-0.0015541226848674043,0.0008040552763951003,0.004249176129649647,0.30802990996916724,-0.036483687712420936,-0.02134991295510728,-0.0031736203900174036,0.012931471356481379,0.03636161865422193,0.07284530636664287,0.16285187535670378,-0.45386245316637275,0.08393665518155312,360829326.745,0,0,0.03653846153846163,3.0699,244230830.17,16.17
601727,main,CSI,-0.001376650971239576,0.002015978261866387,0.004692098088118022,0.310735404631472,-0.02402132393283591,-0.010060447125548343,-0.0013240378831286578,0.013391784784464983,0.034908339788154816,0.058929663720990726,0.13352541470695076,-0.6439747270505571,0.04579025110782867,1104445142.4190001,0,0,0.03358778625954195,0.9301,785661238.74,6.77
000901,main,CSI,-0.001496204670826308,0.002015978261866387,0.004950718605506788,0.310735404631472,-0.037307453596395514,-0.020935461371767022,-0.002506406293005988,0.014209057410814178,0.03603536039518858,0.0733428139915841,0.17914211270889924,-0.5519696045465254,0.07759506680369989,463875334.84,0,0,0.038863976083707064,2.5727,281162293.01,13.9
603733,main,CSI,-0.001496204670826308,0.0006350826599912645,0.004249176129649647,0.40102239431742354,-0.028804364852984668,-0.018175107369215522,-0.0031736203900174036,0.013298490677795911,0.035095330916487325,0.06389969576947199,0.3016986714542217,-0.35506424919770674,0.09021580335894473,452249642.35999995,0,0,0.0014299332697806921,1.9509,313359710.83,21.01
000923,main,CSI,-0.001376650971239576,-0.0014254992613636644,0.0036057739488909095,0.3870945080725454,-0.0243094248121122,-0.015702920332848744,-0.002090301268185165,0.01988200732825805,0.04754378420010629,0.07185320901221849,0.2691252073524527,0.5898015837798106,0.07399295304695304,374729444.4805,0,0,0.04379562043795637,3.3672,299184987.29,14.3
600016,main,CSI,-0.001496204670826308,0.002125082370388381,0.004404566406333221,0.3870945080725454,-0.027278088900816056,-0.01355013472020204,-0.002998092354605026,0.009402971817058327,0.024801416107954163,0.05207950500877022,0.11124158355157684,-0.6787503197536555,0.025333894172399833,1140477668.218,0,0,-0.0028248587570621764,0.8292,1036492394.6,3.53
600507,main,CSI,-0.001496204670826308,0.0008984282114213097,0.004272014467576234,0.38999607225773214,-0.031325510305343286,-0.016897986905120982,-0.002938981597811904,0.014172979141572294,0.0329113735345612,0.06423688383990449,0.23194181608249453,0.2591345231588443,0.12964363959556421,372327266.4465,0,0,0.03546099290780136,2.4132,241280621.65,4.38
002605,main,CSI,-0.001496204670826308,0.002015978261866387,0.0028250310257780286,0.30802990996916724,-0.030500068659855387,-0.01507883453538438,-0.0028900590328422146,0.0116814861795749,0.028201197637924207,0.058701266297779595,0.13882084093591748,-0.07918427595401799,0.0617433414043584,324919486.972,0,0,-0.030594900849858275,4.5294,260554504.0,17.11
600482,main,CSI,-0.001496204670826308,0.0006757838265791102,0.00401445278608381,0.374906415973019,-0.008125614856777015,-0.0035431471003247498,-0.0032999999821186066,-0.0022634059452398257,-0.0022634059452398257,0.00586220891153719,0.16959846046064736,-0.9155474824872389,0.052714984852015874,957297377.6890001,0,0,0.029905913978494514,1.0992,758230539.82,30.65
000988,main,CSI,-0.001496204670826308,0.0012536464652188864,0.004721234617390126,0.31582421277694656,-0.038691827319114414,-0.02078986739555428,-0.0018205724772414648,0.01632519937664704,0.042773285717383244,0.08146511303649766,0.22088982008895428,-0.3703031796897937,0.10624826693779463,10133434262.3195,0,0,-0.03324099722991691,3.7379,4110523620.72,108.19
600403,main,CSI,-0.001376650971239576,0.002015978261866387,0.004692098088118022,0.5003052977400398,-0.030942918535137916,-0.018023951365739182,-0.0020098716988931806,0.015877991497600125,0.04497460972031673,0.07591752825545464,0.1825717456854645,-0.45046398257073367,0.10053404539385852,767817960.785,0,0,-0.09932659932659949,5.0785,675670624.99,5.35
601969,main,CSI,-0.001376650971239576,0.002125082370388381,0.004721234617390126,0.3870945080725454,-0.026808674351810623,-0.013835024662719993,-0.0013240378831286578,0.016655981535203535,0.036460004423706935,0.06326867877551756,0.19211004411663352,-0.33976077843652275,0.08902231509625126,419813546.90500003,0,0,-0.0483689538807649,1.5498,264818858.64,8.46
002354,main,CSI,-0.001496204670826308,0.001418901569537355,0.004721234617390126,0.30059474971544575,-0.03985387536669953,-0.020924510434223425,-0.0018205724772414648,0.017118752294024542,0.0438024082527866,0.08365628361948613,0.21730656346593696,-0.33570560681835365,0.11076254826254826,3103145296.456,0,0,-0.055821371610845216,9.5324,932059284.78,5.92
605111,main,CSI,-0.001496204670826308,-0.0035160828487050062,0.004404566406333221,0.3187837846841281,-0.04062272855791217,-0.02134820785712938,-0.0034639075319454556,0.018308190918647417,0.050070515550763126,0.0906932441086753,0.28373952917299977,-0.3248007763181243,0.1176706723298457,2135839635.9805,0,0,-0.00791366906474833,4.9531,1144882441.27,55.16
002050,main,CSI,-0.001496204670826308,0.001418901569537355,0.004721234617390126,0.30802990996916724,-0.03450598917332581,-0.01824763615171141,-0.0028900590328422146,0.013459158329876226,0.03430404318523851,0.06881003235856432,0.17953468866942054,-0.12753060570001273,0.06276058031383738,5066018211.599,0,0,-0.05754235009411135,2.0424,2674415524.01,35.05
600596,main,CSI,-0.001496204670826308,0.001418901569537355,0.004721234617390126,0.3894611390024282,-0.03888082396114213,-0.020787861046401453,-0.0018205724772414648,0.01643502310542273,0.0408066054146567,0.07968742937579884,0.18986363531098244,-0.449142350142604,0.0786875725900116,969323572.9800001,0,0,-0.0437317784256559,2.586,348690389.8,9.84
605376,main,CSI,-0.001496204670826308,0.001418901569537355,0.004404566406333221,0.3894611390024282,-0.04062272855791217,-0.019454628011390442,-0.0018205724772414648,0.0159027962805939,0.040641823470780006,0.08126455202869218,0.223993499995468,-0.4213566400756453,0.13850003626604773,2782853799.8765,0,0,-0.058329349088176996,5.1271,1897188265.44,137.87
603567,main,CSI,-0.001496204670826308,0.005652812383902491,0.005185881908169734,0.3980284705391018,-0.02677328383343416,-0.014936047301700124,-0.0018205724772414648,0.012435235961094238,0.042895851153627776,0.06966913498706194,0.19600656221418025,0.42885908486888635,0.20852293650793655,,0,0,-0.10000000000000009,10.8735,632623216.44,5.85
600436,main,CSI,-0.001496204670826308,0.0023521763405601167,0.004249176129649647,0.3894611390024282,-0.03578162977269554,-0.018970553064143116,-0.002506406293005988,0.016160412941808183,0.039577207252963445,0.07535883702565899,0.34623904136897177,-0.06913806539455719,0.10257408158566936,1606626275.1185,0,0,-0.04590716063845368,1.5399,1232019939.95,130.31
600674,main,CSI,-0.001496204670826308,0.0023521763405601167,0.004249176129649647,0.3865299070355294,-0.026097678583059395,-0.01396788370744164,-0.0028592917454174716,0.01008070533704625,0.02728003250374076,0.05337771108680016,0.15219941095525552,-0.37023142331660747,0.03033937455579247,885582684.5565001,0,0,-0.017114914425427896,0.8011,635501918.58,16.08
600941,main,CSI,-0.001496204670826308,0.0015114606279560804,0.004404566406333221,0.30802990996916724,-0.02656672660297983,-0.014608951913339328,-0.0028900590328422146,0.007307578927633151,0.020962564461583868,0.0475292910645637,0.1450692251222778,-0.3420215560059542,0.019907065159995744,1088078213.709,0,0,0.002753362278936633,1.0178,871615894.23,94.69
600150,main,CSI,-0.001496204670826308,0.001418901569537355,0.004404566406333221,0.30059474971544575,-0.03156930312879154,-0.017191969656852202,-0.0028592917454174716,0.012830603552717684,0.028885015740525943,0.060454318869317486,0.18322835050969077,-0.6005384747472492,0.04504440722495892,4326294474.25,0,0,-0.020734597156398027,1.0558,2651994947.73,33.06
601888,main,CSI,-0.001496204670826308,0.001418901569537355,0.004404566406333221,0.30802990996916724,-0.028452327056182856,-0.018256542418109395,-0.0028900590328422146,0.008900002929853571,0.025260541984932907,0.05371286904111576,0.12875896508213394,-0.49134673519967337,0.04102878524436092,2069314147.2900002,0,0,-0.03692976104272261,1.6578,1744791630.22,53.2
603876,main,CSI,-0.001496204670826308,0.0013097974610153614,0.004249176129649647,0.3894611390024282,-0.03530113074974676,-0.024080251008928456,-0.002998092354605026,0.016259455270596492,0.03481686026310882,0.07011799101285557,0.23183554513324606,-0.4885422320264856,0.07191876750700281,685402591.0879999,0,0,-0.03317535545023709,3.3009,636175306.52,20.4
002987,main,CSI,-0.001496204670826308,0.002125082370388381,0.004721234617390126,0.3870945080725454,-0.03232275095424962,-0.014725556786786954,-0.0018205724772414648,0.01644051501955453,0.04163229638228547,0.0739550473365351,0.1789428095531995,-0.2691226768361536,0.08915821612419987,530042021.083,0,0,-0.027803521779425244,2.1756,232545290.14,10.49
603267,main,CSI,-0.001376650971239576,0.002015978261866387,0.004692098088118022,0.4589694537736448,-0.008827492050543208,-0.0035431471003247498,-0.0032999999821186066,-0.0022268222217067873,-0.0009712410041235166,0.00785625104641969,0.15323739150753268,-1.0380988495440882,0.08442857142857144,561384040.78,0,0,-0.03184165232357994,2.8414,299256426.49,45.0
600036,main,CSI,-0.001496204670826308,0.0027209393093258565,0.004404566406333221,0.31582421277694656,-0.026827288578977905,-0.014810164811497443,-0.002998092354605026,0.011317042127604222,0.026829867495821405,0.05365715607479931,0.1507946293986408,-0.5054443453374771,0.019056249180029163,3653441378.379,0,0,0.007453096890259747,0.4765,3846185673.61,39.2
603319,main,CSI,-0.0007524786136454942,0.010196378624496471,0.004692098088118022,0.310735404631472,-0.026808674351810623,-0.008096563311892853,-0.000644271513220955,0.025884919705355596,0.048488488442118886,0.0752971627939295,0.21862153645636823,0.06938638387326504,0.09110569600974719,532903395.35550004,0,0,-0.04089979550102252,3.1325,252118827.05,23.45
002458,main,CSI,-0.001496204670826308,0.0023521763405601167,0.004249176129649647,0.3894611390024282,-0.032634557799336945,-0.018210433168281137,-0.0018205724772414648,0.015914726039401493,0.03929725726443983,0.07193181506377677,0.2938525552382927,-0.23210655139058234,0.06226447413497772,652920765.0105,0,0,-0.09837837837837837,8.7305,721196040.79,8.34
600877,main,CSI,-0.0012109238176059895,0.0034999878290909573,0.004721234617390126,0.5003052977400398,-0.028132116669652967,-0.0066373206949908396,-0.000644271513220955,0.02341939859241651,0.049181193163791985,0.07731330983344495,0.17435547079939814,-0.3085582736975881,0.09551844286915777,610277533.3725,0,0,0.022355975924333693,2.8049,395611871.75,11.89
002158,main,CSI,-0.001496204670826308,0.001418901569537355,0.004721234617390126,0.3894611390024282,-0.035394476714336646,-0.01919596782331266,-0.0018205724772414648,0.01714684312052811,0.04016847865326231,0.07556295536759897,0.21837440320707172,-0.3606774871377243,0.10096540627514076,723807507.9585,0,0,-0.030421216848673938,1.822,243636283.21,24.86
000768,main,CSI,-0.0012109238176059895,0.0034999878290909573,0.004692098088118022,0.5003052977400398,-0.01761512169461891,-0.00289659962691597,0.005918146842841924,0.020097571632372746,0.03494863669469183,0.05256375838931074,0.15452891923182988,0.4356492202984095,0.04892965801505243,958367886.7615,0,0,-0.023088023088023157,1.0058,578606007.25,20.31
600633,main,CSI,-0.001496204670826308,0.001418901569537355,0.004721234617390126,0.30059474971544575,-0.03335446257250538,-0.019083347975159367,-0.0018205724772414648,0.016279609619424013,0.03641205355169614,0.06976651612420151,0.17721912958912042,-0.3999850045743989,0.06531464568599717,451234197.403,0,0,-0.04806786050895384,1.6237,211387702.49,10.1
600547,main,CSI,-0.001496204670826308,0.001418901569537355,0.004404566406333221,0.30059474971544575,-0.03283440684271302,-0.01996660266509606,-0.002998092354605026,0.014829096200104832,0.034914194641739296,0.06774860148445232,0.20575239401756998,-0.459357831424196,0.05392143986121818,2037631938.2224998,0,0,-0.05397520058351568,2.275,2166534872.22,25.94
600489,main,CSI,-0.001496204670826308,0.001418901569537355,0.004404566406333221,0.30059474971544575,-0.03530429513178623,-0.021785904602420525,-0.002998092354605026,0.01520495088113575,0.037513831855064766,0.072818126986851,0.27839463223506156,-0.5645634749806931,0.053504547886570344,2022451065.9099998,0,0,-0.048552338530066796,1.7828,1870763403.5,21.36
600549,main,CSI,-0.001496204670826308,0.0012536464652188864,0.004404566406333221,0.31582421277694656,-0.0402804349198702,-0.020405762467629016,-0.0018205724772414648,0.016501624683606574,0.04703958510301752,0.08732002002288772,0.2155114443042586,-0.16653805787815623,0.09396864759543,4468509520.949,0,0,-0.03739805052715339,2.7576,2103919674.16,48.39
002648,main,CSI,-0.001496204670826308,0.0012536464652188864,0.004404566406333221,0.31582421277694656,-0.031156326065618887,-0.01907638462736501,-0.002998092354605026,0.012826083076497997,0.03233669251118222,0.0634930185768011,0.2300938952876358,-0.5958927786446079,0.046009361853409966,1758251008.2915,0,0,-0.03675589292848591,1.5036,1249841302.84,24.11
002745,main,CSI,-0.001376650971239576,0.0019598272660699117,0.004721234617390126,0.39731570532174065,-0.008670670130661123,-0.0035431471003247498,-0.0024840259485893793,-0.0022634059452398257,-0.0022634059452398257,0.006407264185421297,0.1257659771839145,-1.0487639914015332,0.0828706838185511,1111199209.323,0,0,-0.010318949343339545,4.7438,537051595.69,10.55
002028,main,CSI,-0.001496204670826308,0.0012536464652188864,0.004249176129649647,0.31582421277694656,-0.03546954268568675,-0.01840548763146363,-0.002998092354605026,0.013562165474566765,0.034417473297755664,0.06988701598344241,0.273715627595034,-0.36778107029170776,0.060835869533527674,2150208866.3725,0,0,-0.01166464155528546,2.1068,2080459755.26,162.68
603118,main,CSI,-0.001376650971239576,-0.0007441088639186745,0.004252551660094081,0.39731570532174065,-0.008670670130661123,-0.0035431471003247498,-0.0024840259485893793,-0.0022268222217067873,-0.0009712410041235166,0.007699429126537606,0.24505095043526612,-0.9593625460908999,0.12691366971645981,1968169470.744,0,0,-0.050000000000000155,21.6019,2803980558.25,15.77
600875,main,CSI,-0.001496204670826308,0.0013097974610153614,0.004249176129649647,0.30059474971544575,-0.031696504345686445,-0.016682904656451607,-0.002506406293005988,0.014945268165735208,0.03462725618397621,0.06632376052966266,0.18785604319531476,-0.34369476294478213,0.05224124623031387,1537035121.167,0,0,-0.06024991125322354,2.3644,1390855864.45,25.58
600160,main,CSI,-0.001376650971239576,0.0019598272660699117,0.004692098088118022,0.39731570532174065,-0.008367152215746037,-0.0035431471003247498,-0.002534025945143486,-0.0022634059452398257,-0.0022634059452398257,0.006103746270506211,0.10850670641528805,-1.1601437302826267,0.06074481074481073,2140900532.009,0,0,-0.025716385011021248,1.4022,1515546393.63,39.78
601318,main,CSI,-0.001496204670826308,0.001418901569537355,0.004404566406333221,0.30802990996916724,-0.02985902979428956,-0.014236920226452192,-0.0028900590328422146,0.010211497437163318,0.027259729726258293,0.05711875952054785,0.1397176205660716,-0.6013664431100634,0.023747818268366205,4969198272.578,0,0,-0.0051565377532227785,0.7998,4598516043.27,54.02
000048,main,CSI,-0.001496204670826308,0.002125082370388381,0.004721234617390126,0.31582421277694656,-0.02966363649284769,-0.014947104935177778,-0.0018205724772414648,0.01991685009516915,0.03807635731601536,0.06773999380886304,0.21926509292820223,-0.39711258072069355,0.10262907823883431,541604409.037,0,0,-0.044491525423728806,2.2802,222995829.92,18.04
002389,main,CSI,-0.001496204670826308,0.0013097974610153614,0.004249176129649647,0.30059474971544575,-0.02654638645757771,-0.013571288552237482,-0.002998092354605026,0.00986851886946949,0.024373346992586337,0.05091973345016405,0.11199500801799465,-0.6997939977691122,0.04966703662597116,397464496.189,0,0,0.007266629401900371,3.7823,681776648.09,18.02
002179,main,CSI,-0.001496204670826308,0.001418901569537355,0.004404566406333221,0.30059474971544575,-0.03335446257250538,-0.018727830232936334,-0.0018205724772414648,0.01568821236958482,0.03861688284477374,0.07197134541727912,0.21988627299861233,-0.42978774479745996,0.05944880202305946,1944228898.293,0,0,-0.022580645161290436,0.796,561481878.67,33.33
601012,main,CSI,-0.001496204670826308,0.0013097974610153614,0.004249176129649647,0.30059474971544575,-0.031022059947930534,-0.01831959595358942,-0.002998092354605026,0.011113815517896017,0.027466852227629457,0.05848891217555999,0.16598621125346957,-0.6534751620286786,0.035024154589371984,1613345375.2375,0,0,-0.02968750000000009,1.3786,1309127984.9,12.42
002202,main,CSI,-0.001496204670826308,0.001418901569537355,0.004404566406333221,0.30059474971544575,-0.03390572260421163,-0.020370493088259754,-0.002506406293005988,0.01607747584136115,0.03802254582196196,0.07192826842617359,0.22064631900213735,-0.5234248226890381,0.0744284092751743,3424950002.1285,0,0,-0.040827436037016884,2.6488,1591360694.85,17.62
601901,main,CSI,-0.001376650971239576,0.002125082370388381,0.004404566406333221,0.44034789974848365,-0.02091733459894566,-0.010504457801905077,-0.00031880708884393785,0.00935378244534533,0.02392463402166052,0.04484196862060618,0.10429627741454364,-0.5139083034169432,0.049419767907162876,965313304.5015001,0,0,0.00990099009900991,1.5551,918559008.53,7.14
002536,main,CSI,-0.001376650971239576,0.0014091545528031552,0.004404566406333221,0.39731570532174065,-0.008670670130661123,-0.0035431471003247498,-0.0024840259485893793,-0.0022634059452398257,-0.0022634059452398257,0.006407264185421297,0.19330799972984558,-1.129471652067252,0.12031245368037231,2476759024.8529997,0,0,-0.0381237524950101,7.7687,2085384786.26,48.19
001287,main,CSI,-0.001496204670826308,0.001418901569537355,0.004404566406333221,0.30059474971544575,-0.03055995488679993,-0.01572329606637411,-0.002506406293005988,0.01396058257280582,0.03383703821791875,0.06439699310471868,0.19040051274357114,-0.5212509169762957,0.10388149861834071,1369660692.1845,0,0,-0.006702412868632601,3.2406,551651146.05,22.23
600331,main,CSI,-0.001496204670826308,0.001418901569537355,0.004404566406333221,0.30059474971544575,-0.03510705896547836,-0.023754216767047177,-0.002998092354605026,0.014193236910584404,0.03283634146517266,0.06794340043065103,0.26136530080405457,-0.5721346544534598,0.06585956416464889,655347811.8475001,0,0,-0.07523510971786829,3.3308,817889916.44,11.8
000676,main,CSI,-0.001496204670826308,0.001418901569537355,0.004404566406333221,0.3894611390024282,-0.03755476419087736,-0.019399992920263138,-0.0028900590328422146,0.015792065662168137,0.04991606655631429,0.08747083074719164,0.20891468771106125,0.1355786436332597,0.10322366968425703,765526155.9835,0,0,-0.062318840579710266,12.8527,1090508917.94,6.47
002484,main,CSI,-0.001496204670826308,-0.010034918644717105,0.004252551660094081,0.33240682175215047,-0.044675948356330306,-0.022228506181116707,-0.0034639075319454556,0.021558609126302253,0.05001103559154137,0.09468698394787167,0.35495794124491226,0.46665941083088164,0.13448880102441985,3897024532.1990004,0,0,-0.042607648298705225,4.6738,2494393952.26,63.59
002859,main,CSI,-0.001496204670826308,0.0027209393093258565,0.004404566406333221,0.3894611390024282,-0.04062272855791217,-0.02004162216364699,-0.0018205724772414648,0.017160876411147732,0.03894399640520456,0.07956672496311673,0.2934514003339775,-0.039967760275858855,0.1169465428475196,1800088862.1265004,0,0,-0.02351586910047687,3.2621,831918754.76,59.38
002611,main,CSI,-0.001496204670826308,0.0013097974610153614,0.004249176129649647,0.30059474971544575,-0.03269492347656204,-0.017890267510086346,-0.0018205724772414648,0.015011826133667385,0.03313158030806089,0.06582650378462293,0.16863431986825997,-0.4722672097649993,0.05341966815054635,508014068.08949995,0,0,-0.020804438280166537,1.4824,210870781.58,14.12
000617,main,CSI,-0.001376650971239576,0.002015978261866387,0.004692098088118022,0.4589694537736448,-0.009506369796564005,-0.0035431471003247498,-0.0032999999821186066,-0.003042990754782578,0.0005397271594888734,0.010046096956052878,0.14646144587917853,-0.9740777923189667,0.054283720978874704,977169745.3880001,0,0,-0.04207573632538564,0.9595,845029022.82,6.83
600519,main,CSI,-0.001496204670826308,0.001418901569537355,0.004404566406333221,0.30059474971544575,-0.02983539325913965,-0.015074679518264474,-0.002998092354605026,0.011438011969100163,0.026370650421738247,0.05620604368087789,0.16460241278675244,-0.5092132577671985,0.02465571517760108,6175066842.0845,0,0,0.004179534214131531,0.2856,4622242878.49,1297.41
002466,main,CSI,-0.001496204670826308,0.0013097974610153614,0.004249176129649647,0.30059474971544575,-0.03335446257250538,-0.018431595078147907,-0.0018205724772414648,0.015662342141870948,0.053820090214502576,0.08717455278700795,0.21807892297402282,-0.4290617248868935,0.07841190259148324,3342511856.0035,0,0,-0.05390254420008622,3.726,2460788743.37,43.88
000688,main,CSI,-0.001496204670826308,0.0013097974610153614,0.004249176129649647,0.3894611390024282,-0.03388100710455619,-0.0198719334671215,-0.0028900590328422146,0.01512982191725843,0.03503043180633223,0.06891143891088841,0.19381758569691937,-0.13442233426369374,0.07356576372437945,773758485.2089999,0,0,-0.05129958960328318,2.6727,891353657.5,27.74
002602,main,CSI,-0.001496204670826308,0.001418901569537355,0.004721234617390126,0.30802990996916724,-0.029053417213768626,-0.014403904535220282,-0.0028900590328422146,0.00915602843576941,0.02155504056406952,0.05060845777783815,0.11844471094311987,-0.6858278408826473,0.061562427879067586,2107865769.94,0,0,0.008143322475570258,1.8085,1525531832.12,12.38
601288,main,CSI,-0.0012109238176059895,0.0034999878290909573,0.004404566406333221,0.3868158197954125,-0.018269281148451187,-0.005846000404878837,0.0014246300130420727,0.014758524222324019,0.029519060300233522,0.04778834144868471,0.11213501876151882,-0.5696080888829946,0.039342601244101244,2875752607.1885004,0,0,0.01062215477996964,0.1183,2506649691.11,6.66
002837,main,CSI,-0.001496204670826308,0.001418901569537355,0.004404566406333221,0.30059474971544575,-0.03316546593047766,-0.01833412259831882,-0.0018205724772414648,0.01634621119760786,0.04015135678467026,0.07331682271514792,0.20525936504304357,-0.2683275447540728,0.10609637381357996,3847996938.2809997,0,0,-0.03943708067419405,2.2609,1515554907.76,58.7
601636,main,CSI,-0.001496204670826308,0.001418901569537355,0.004721234617390126,0.3894611390024282,-0.03779475470094303,-0.016774572810212333,-0.0018205724772414648,0.016750925668738065,0.0405061834488834,0.07830093814982643,0.18545488595038237,-0.30865616962170256,0.0795627859684799,1288961577.7029998,0,0,-0.03436426116838487,1.8969,318048596.72,5.62
000791,main,CSI,-0.001496204670826308,0.001418901569537355,0.004404566406333221,0.3894611390024282,-0.03268991820355349,-0.01765135071766611,-0.0018205724772414648,0.013644683154718073,0.028938244636843746,0.06162816284039724,0.16222366608821678,-0.5904553787105657,0.06063789152024447,444537119.71400005,0,0,-0.06499999999999995,2.1801,323014529.19,7.48
600030,main,CSI,-0.001496204670826308,0.0012322234888943642,0.004404566406333221,0.29583274901824763,-0.022325460076662966,-0.012241656449250486,-0.0018205724772414648,0.008969535443749562,0.02602040371260014,0.0483458637892631,0.08935640104308633,-0.45152761797810087,0.02463582928699208,5541172302.651,0,0,-0.023410202655485768,1.0645,3651964574.4,27.95
603662,main,CSI,-0.001496204670826308,0.002015978261866387,0.0037046759491575227,0.35245196834995657,-0.0301504893089202,-0.014808802920075873,-0.0018205724772414648,0.018574288845901912,0.05275487791348839,0.08290536722240859,0.20540363704119172,-0.16264926332595964,0.07010852383004927,481125090.53499997,0,0,-0.04703224481413015,1.9159,253921442.19,46.4
002456,main,CSI,-0.001496204670826308,0.001418901569537355,0.004721234617390126,0.30059474971544575,-0.030177723519480445,-0.014654617907783586,-0.0018205724772414648,0.014715358888592312,0.03417826942254162,0.06435599294202206,0.1669252535354518,-0.29559648870213545,0.07506960805311631,1391074598.0115001,0,0,-0.024853801169590684,2.0735,462045364.86,6.67
002049,main,CSI,-0.001496204670826308,0.001418901569537355,0.004404566406333221,0.30059474971544575,-0.03335446257250538,-0.018240634141404127,-0.0018205724772414648,0.015158246722136452,0.034856995115060546,0.06821145768756592,0.23836785176726208,-0.47894509036566507,0.07741971207087485,4033535611.567,0,0,-0.010736196319018454,2.6532,1459142220.28,64.5
603296,main,CSI,-0.001496204670826308,-0.005057334602638589,0.004252551660094081,0.3187837846841281,-0.04250785349378849,-0.02795015172852326,-0.0034639075319454556,0.021144526753354823,0.06517086405799245,0.10767871755178093,0.43155199557893315,-0.11645832020248872,0.07535677838433252,2704553375.7920003,0,0,-0.00776327632763274,5.3141,3776330655.05,88.19
000506,main,CSI,-0.001496204670826308,0.002125082370388381,0.004404566406333221,0.35245196834995657,-0.02966363649284769,-0.019647919055823117,-0.0028592917454174716,0.01741911077327451,0.03845473740723334,0.06811837390008103,0.20901866509338163,-0.5732678506347624,0.07961556715709539,847269885.6875,0,0,-0.0844106463878328,8.0502,919859311.92,12.04
603881,main,CSI,-0.001496204670826308,0.001418901569537355,0.004404566406333221,0.30059474971544575,-0.031696504345686445,-0.016737705574912977,-0.002506406293005988,0.014945268165735208,0.033283258754564726,0.06497976310025116,0.1838299956951578,-0.33427257727844034,0.07434823640438833,1134823476.669,0,0,-0.07131901840490795,4.563,974455542.03,24.22
600460,main,CSI,-0.001496204670826308,0.0012536464652188864,0.004404566406333221,0.31582421277694656,-0.04046943156189792,-0.020019181745865096,-0.0018205724772414648,0.015537894357233312,0.04104497517798841,0.08151440673988633,0.23704720759086387,-0.4262650211895758,0.11007091836734692,5998294101.289999,0,0,-0.020173805090006214,4.2342,2248869332.74,31.57
000990,main,CSI,-0.001376650971239576,0.002125082370388381,0.004404566406333221,0.3868158197954125,-0.008489302132848119,-0.0035431471003247498,-0.0032999999821186066,-0.0022268222217067873,-0.0014967201425229724,0.006992581990325146,0.08538664787005115,-1.1811041826414042,0.05513643659711079,538103294.375,0,0,-0.04094827586206884,4.3951,488411485.85,8.9
601898,main,CSI,-0.001496204670826308,0.0023521763405601167,0.004249176129649647,0.3894611390024282,-0.03559263313066782,-0.019631919002864956,-0.0018205724772414648,0.01626066968471678,0.04058394167555675,0.07617657480622457,0.3347360948301193,-0.2901759036722755,0.0956212770404431,1342341374.336,0,0,-0.04204625087596359,0.6418,823924808.34,13.67
002422,main,CSI,-0.001496204670826308,-0.005710443304259515,0.004964555559955683,0.39243220374254006,-0.03648628391719162,-0.019003681867094883,-0.0028900590328422146,0.020949565523207002,0.04786616288921014,0.08435244680640176,0.376009386136429,0.2994893526271973,0.09317103047006586,2413306836.6384997,0,0,-0.09152872444011695,4.1766,2623635853.99,46.65
600362,main,CSI,-0.001496204670826308,0.0012536464652188864,0.004404566406333221,0.31582421277694656,-0.031005741499864424,-0.017723754874815322,-0.002998092354605026,0.014494946694061567,0.031618988593443295,0.06262473009330771,0.21651212678707513,-0.3839801086572044,0.0608862796638656,2629947688.995,0,0,-0.05681313803817134,2.8733,2561573992.33,42.5
600011,main,CSI,-0.001496204670826308,0.0016228692450039122,0.004249176129649647,0.3865299070355294,-0.026843213149103005,-0.015644578286821503,-0.0028592917454174716,0.01018489246719503,0.02840958454532428,0.055252797694427286,0.18038806406043095,-0.4908309054952495,0.03818255087648596,1209840260.9085002,0,0,-0.04576043068640645,1.5799,1250088859.92,7.09
002015,main,CSI,-0.001496204670826308,0.0013097974610153614,0.004249176129649647,0.3894611390024282,-0.03422025804989377,-0.021961088632011218,-0.002998092354605026,0.016484989736593198,0.03502156129237017,0.06924181934226395,0.2365507189859085,-0.3685977482045934,0.07344827586206898,1207726236.1915,0,0,-0.09993792675356916,7.1359,1742706816.62,14.5
002532,main,CSI,-0.001496204670826308,0.001418901569537355,0.004404566406333221,0.30059474971544575,-0.03288146135969236,-0.02053905672329595,-0.0029504179215405447,0.014121714276608771,0.030457298726817267,0.06333876008650963,0.2045518897963963,-0.5654588686740183,0.05880000000000002,1606426781.296,0,0,-0.05446293494705001,2.8766,1496557217.17,12.5
603588,main,CSI,-0.001376650971239576,0.002015978261866387,0.004692098088118022,0.4589694537736448,-0.008827492050543208,-0.0035431471003247498,-0.0032999999821186066,-0.0022634059452398257,-0.0022634059452398257,0.0065640861053033826,0.12596466292356545,-1.0589576152183642,0.07044693382607688,993497008.5090001,0,0,-0.029803921568627545,3.8598,724469014.31,12.37
600690,main,CSI,-0.001376650971239576,0.002125082370388381,0.004404566406333221,0.3841765819868744,-0.022966081591766593,-0.010274760186298006,-0.0024537821307153394,0.010094438025426117,0.023739739426167413,0.04670582101793401,0.10384747043889686,-0.7231328841536729,0.033383665966386554,1342379096.5695002,0,0,-0.0045745654162853144,0.6862,932415747.3,21.76
603393,main,CSI,-0.0014763154601026862,0.0006757838265791102,0.004415121751720695,0.3819182631857252,-0.0273579999485112,-0.014883310027187902,-0.0033618877760472742,0.009205517525027553,0.020988943301240563,0.048346943249751764,0.14301613447697722,-0.616447542876362,0.05713151026892089,360993673.4855,0,0,-0.020995334370139895,2.0777,224780398.49,25.18
601857,main,CSI,-0.0012109238176059895,0.0034999878290909573,0.004721234617390126,0.5003052977400398,-0.02111218465068259,-0.0028514620388884987,0.005248397353671425,0.01767391686518064,0.030124987988671154,0.05123717263935375,0.20574918050319954,-0.25788868196976145,0.05748861701852092,3079867069.606,0,0,0.013786764705882248,0.153,2716843490.67,11.03
000568,main,CSI,-0.001376650971239576,0.002125082370388381,0.004404566406333221,0.4589694537736448,-0.011952785147833085,-0.0035431471003247498,-0.0024840259485893793,-0.0022268222217067873,0.005152673492825889,0.017105458640658974,0.10343935896654811,-1.1316739944020358,0.0416128865713253,1575850031.4524999,0,0,-0.024903089392693367,0.6629,818809358.42,83.01
000338,main,CSI,-0.001496204670826308,0.0012536464652188864,0.004404566406333221,0.3187837846841281,-0.0413866046082963,-0.023695733744008653,-0.0034639075319454556,0.014898418896958088,0.043744408279409494,0.0851310128877058,0.21612735845928743,-0.5611373214316112,0.05743767456294607,2971544721.766,0,0,-0.013219006788138477,1.3188,1804518541.96,27.62
002241,main,CSI,-0.001496204670826308,0.001418901569537355,0.004404566406333221,0.30059474971544575,-0.025636788170997536,-0.012772372816461278,-0.0028592917454174716,0.00938982691987917,0.018464384588252385,0.04410117275924992,0.11551964208821354,-0.7070200944912678,0.052933392148213514,2278039897.234,0,0,0.008003557136505357,3.2128,2302309750.18,22.67
600259,main,CSI,-0.001496204670826308,0.001418901569537355,0.004404566406333221,0.30059474971544575,-0.03335446257250538,-0.017167419125715448,-0.0018205724772414648,0.0164138556395754,0.037550965194348855,0.07090542776685424,0.20780026375671679,-0.15395289197341958,0.07534604335335596,1265124849.8535,0,0,-0.039573203673689994,2.517,610616791.33,71.11
601208,main,CSI,-0.001496204670826308,0.0012536464652188864,0.004404566406333221,0.3232288352355802,-0.0378404306878065,-0.020325790969974594,-0.003280098232027778,0.014287864758472732,0.04409243698498707,0.08193286767279356,0.21575746309727958,-0.22001764325468154,0.11833995343103686,3559122812.5690002,0,0,0.005785920925747368,5.4136,2296903107.51,41.72
600111,main,CSI,-0.001496204670826308,0.0013097974610153614,0.004249176129649647,0.30059474971544575,-0.033357009086616526,-0.019603061140333104,-0.002506406293005988,0.017025713103970695,0.03916261755618976,0.07251962664280628,0.21302050200528405,-0.45372218315405805,0.04772885326305773,3340137718.038,0,0,-0.03079215296746962,1.4146,2006828873.53,39.03
002258,main,CSI,-0.0012109238176059895,0.0034999878290909573,0.004404566406333221,0.3868158197954125,-0.02845379306854299,-0.014525929747308798,-0.0021421851256180928,0.01707517907244798,0.03540776731377604,0.06386156038231902,0.20876872328721943,-0.4199966887343177,0.06139272913466462,408432099.7395,0,0,-0.030576789437109175,2.495,281308652.32,13.95
000807,main,CSI,-0.001496204670826308,0.001418901569537355,0.004404566406333221,0.30059474971544575,-0.03268991820355349,-0.018976001229999616,-0.0028592917454174716,0.015085187824605679,0.03521798868482215,0.06790790688837564,0.18819884139390436,-0.484967245877673,0.05461192350956132,2460190159.827,0,0,-0.054707852623744,2.6965,2406491873.86,25.4
002251,main,CSI,-0.001496204670826308,0.0013097974610153614,0.004249176129649647,0.30059474971544575,-0.025707164599046095,-0.012595076079284605,-0.0018205724772414648,0.009298885312552862,0.023927332602251588,0.049634497201297686,0.10021727195498215,-0.6842004976624736,0.05680373039423486,432274117.996,0,0,-0.04532577903682711,3.9635,291994651.22,3.37
600570,main,CSI,-0.001496204670826308,0.0013097974610153614,0.004249176129649647,0.30802990996916724,-0.023697884451909946,-0.015137572068775829,-0.0028900590328422146,0.008625870908334264,0.024292211430704366,0.04799009588261431,0.08773340205452859,-0.5776704184666864,0.04124845318300565,655055554.563,0,0,-0.033937703393770335,1.0961,436333911.87,20.78
601778,main,CSI,-0.001496204670826308,0.0013097974610153614,0.004249176129649647,0.3894611390024282,-0.031893261363511706,-0.01503356907496608,-0.0018205724772414648,0.0159513294208401,0.031799178343645505,0.06369243970715721,0.16204223456023212,-0.46698934035451467,0.06640134059488897,538368537.6425,0,0,-0.06830601092896171,4.3862,568640067.77,3.41
001267,main,CSI,-0.001496204670826308,0.002015978261866387,0.0037046759491575227,0.35245196834995657,-0.02995018757774413,-0.015263134125746895,-0.0018205724772414648,0.018777611443807504,0.0375731851606559,0.06752337273840003,0.19416829595283347,-0.3910284324881186,0.10214285714285712,1070400846.077,0,0,-0.02146464646464641,3.4302,653563943.26,31.0
002048,main,CSI,-0.001376650971239576,0.002015978261866387,0.004692098088118022,0.4589694537736448,-0.008827492050543208,-0.0035431471003247498,-0.0032999999821186066,-0.0022268222217067873,-0.0009712410041235166,0.00785625104641969,0.14840201859083405,-1.055411143917592,0.06767346938775506,425717177.469,0,0,-0.04371584699453557,2.7433,343948532.15,17.5
002046,main,CSI,-0.001496204670826308,0.0012536464652188864,0.004721234617390126,0.31582421277694656,-0.03888082396114213,-0.021184871101115697,-0.0018205724772414648,0.015809477924665326,0.03622883593827632,0.07510965989941845,0.22804060998025613,-0.2316247679840475,0.11025756214435463,1136248479.7254999,0,0,-0.014055394791236075,2.2769,569056176.5,47.7
600276,main,CSI,-0.001496204670826308,0.001418901569537355,0.004404566406333221,0.30059474971544575,-0.024821781908661605,-0.013483587944422394,-0.0018205724772414648,0.008282773956178244,0.02221949927317738,0.047041281181838986,0.12460556590922281,-0.4751295754956524,0.04516904984631832,6514351007.9185,0,0,-0.026588963758878092,1.1049,3790751145.0,53.45
605090,main,CSI,-0.001376650971239576,0.002125082370388381,0.004404566406333221,0.4589694537736448,-0.008827492050543208,-0.0035431471003247498,-0.0032999999821186066,-0.0022268222217067873,-0.0009712410041235166,0.00785625104641969,0.15933629654763243,-1.0126409624959076,0.08100703283427539,1718904713.2099998,0,0,-0.00570570570570561,3.207,754701517.81,33.11
000875,main,CSI,-0.001496204670826308,0.001418901569537355,0.004404566406333221,0.3894611390024282,-0.033132992332095164,-0.01728524465089982,-0.0018205724772414648,0.01639147193793252,0.03914282105474651,0.07227581338684166,0.18855839276170122,-0.4944490204507122,0.060799535573122544,506363837.0120001,0,0,-0.048872180451127956,1.6877,290033502.12,5.06
002077,main,CSI,-0.001496204670826308,0.001418901569537355,0.004721234617390126,0.30059474971544575,-0.031624261731366676,-0.016364186279187468,-0.0018205724772414648,0.014264279276867686,0.03840939099570963,0.0700336527270763,0.20729214120690834,-0.4350927425875819,0.11436897823242541,980899079.7055,0,0,0.013502109704641274,7.0993,493999330.65,12.01
600869,main,CSI,-0.001496204670826308,0.002015978261866387,0.0037046759491575227,0.35245196834995657,-0.0319902017195754,-0.01693026657407516,-0.0018205724772414648,0.019834060285155768,0.04542031477740141,0.0774105164969768,0.20783999198817743,-0.3672205314076633,0.11740614334470989,2004859802.1125,0,0,-0.061499039077514306,3.9219,1301635440.14,14.65
000762,main,CSI,-0.001496204670826308,0.0013097974610153614,0.004249176129649647,0.30059474971544575,-0.03316546593047766,-0.018828060369103932,-0.002506406293005988,0.014924653852670347,0.03449314577852988,0.06765861170900754,0.20083464315808025,-0.543820149034282,0.05364720145483937,487257638.2945,0,0,-0.0275103163686381,3.0748,343639456.3,21.21
000001,main,CSI,-0.001496204670826308,0.002125082370388381,0.004404566406333221,0.374906415973019,-0.008489302132848119,-0.0035431471003247498,-0.0032999999821186066,-0.0022268222217067873,-0.001772088754460522,0.006717213378387597,0.079009871503493,-1.0093536072240692,0.025032175032175013,1548193613.6690001,0,0,0.0018050541516245744,0.5879,1269361121.77,11.1
603236,main,CSI,-0.001496204670826308,0.002125082370388381,0.004404566406333221,0.35245196834995657,-0.025538458593825954,-0.01128883151485605,-0.0018205724772414648,0.01461463989591354,0.023209194807541432,0.048747653401367386,0.1534118827876488,-0.656114722061072,0.06863805043391873,740946276.688,0,0,-0.010123506782749536,2.3389,465529739.42,48.89
603005,main,CSI,-0.001496204670826308,0.001418901569537355,0.004404566406333221,0.30802990996916724,-0.03409462955867892,-0.017587536576417748,-0.0028900590328422146,0.01291270390216745,0.03991143201360957,0.07400606157228848,0.1906169662498216,-0.30765242996637726,0.11501486160133753,3176599232.3494997,0,0,-0.0025940337224383825,6.8923,1389837076.35,30.76
601069,main,CSI,-0.001496204670826308,0.0013097974610153614,0.004249176129649647,0.30059474971544575,-0.03336576766165372,-0.017210356605815963,-0.0018205724772414648,0.015109052168919258,0.03316462080382722,0.06653038846548094,0.19306797475158063,-0.4959341755804688,0.06889114437959909,637495483.8219999,0,0,-0.0647840531561461,2.8375,575469403.88,22.52
600176,main,CSI,-0.001496204670826308,0.0015114606279560804,0.004721234617390126,0.3894611390024282,-0.04081172519993989,-0.020242416580812005,-0.0018205724772414648,0.01879645676793213,0.04725105934178621,0.0880627845417261,0.31364894802515103,-0.016816865314309083,0.13897390772056004,12057244230.343998,0,0,-0.02659019812304475,3.7287,5572799537.4,37.34
601398,main,CSI,-0.001496204670826308,0.0027209393093258565,0.004404566406333221,0.37908630281477307,-0.02470564755902975,-0.011685070513615937,-0.002998092354605026,0.009077156704143156,0.02240482154405966,0.047110469103089414,0.11284485909298875,-0.5186427813249482,0.024055299539170502,3385523740.102,0,0,0.009114583333333481,0.1368,2849308868.47,7.75
601872,main,CSI,-0.001496204670826308,0.001418901569537355,0.004404566406333221,0.3894611390024282,-0.03502498051453034,-0.021555824555680874,-0.002998092354605026,0.011472590441911953,0.03278236774871433,0.06780734826324467,0.246864064772433,-0.5939219196584189,0.05828830755232026,2144828327.2450001,0,0,-0.010712035286704502,1.2797,1641795887.68,15.7
600588,main,CSI,-0.001496204670826308,0.0013097974610153614,0.004249176129649647,0.30802990996916724,-0.02674116970952798,-0.017116660832315236,-0.0028900590328422146,0.010166894286055791,0.027295978675841232,0.054037148385369216,0.12038431208331701,-0.560271278912752,0.05454690237298932,532682522.992,0,0,-0.05079365079365061,1.4633,454298486.69,8.97
601328,main,CSI,-0.0012109238176059895,0.0039721892445602845,0.004404566406333221,0.3868158197954125,-0.024048456324420212,-0.010296873592905128,-0.0021421851256180928,0.016740034852372444,0.030141290267997164,0.054189746592417376,0.12678199904235685,-0.5280084122882862,0.024703782568993502,1546378963.895,0,0,0.012949640287769792,0.8858,1621970084.14,7.04
600267,main,CSI,-0.001496204670826308,0.0015114606279560804,0.004404566406333221,0.3894611390024282,-0.033303351359559724,-0.01791192443690685,-0.0018205724772414648,0.013318329927747632,0.03460976522221752,0.06791311658177725,0.25075724996438004,-0.42952174373382085,0.05629016312407314,599953681.161,0,0,-0.041459369817578806,4.072,562958661.55,11.56
002104,main,CSI,-0.001496204670826308,0.0013097974610153614,0.004249176129649647,0.30059474971544575,-0.03336576766165372,-0.017884372569851283,-0.0018205724772414648,0.015954403841186546,0.03342619634860275,0.06679196401025647,0.1795895439649817,-0.43713035520705606,0.0744401346396966,401936332.5875,0,0,-0.03931983980683851,4.5368,249980951.08,9.04
603456,main,CSI,-0.001496204670826308,0.001418901569537355,0.004404566406333221,0.3894611390024282,-0.03159916671348787,-0.016265249106002553,-0.0018205724772414648,0.01545376208316477,0.0336496263423367,0.06524879305582457,0.20820603841308571,-0.491837494882427,0.06637032495401596,484889456.4485,0,0,-0.05412719891745599,2.8112,354168200.0,13.98
600151,main,CSI,-0.001496204670826308,0.0013097974610153614,0.004249176129649647,0.3894611390024282,-0.030177723519480445,-0.0155974464179162,-0.002506406293005988,0.014068903913056669,0.029238057984804847,0.059415781504285295,0.16538094363919145,-0.5570490147497326,0.07749017038007858,433741617.96599996,0,0,-0.019122609673790758,1.9896,253623457.16,8.72
601126,main,CSI,-0.001376650971239576,0.002015978261866387,0.004692098088118022,0.4589694537736448,-0.008827492050543208,-0.0035431471003247498,-0.0032999999821186066,-0.0022268222217067873,-0.0009712410041235166,0.00785625104641969,0.14983551366591805,-1.0380988495440882,0.09895904670593075,1250347398.581,0,0,-0.0681259772168864,2.8322,990655698.5,41.72
601877,main,CSI,-0.001376650971239576,0.002015978261866387,0.0036057739488909095,0.3870945080725454,-0.02660450854366077,-0.01291672132152759,-0.0013240378831286578,0.01568932775893758,0.03667961825774814,0.06328412680140891,0.18070785322819485,-0.45845789168140716,0.04629715743499853,888527237.464,0,0,-0.03967007069913597,1.0571,563503240.82,24.45
000681,main,CSI,-0.001496204670826308,0.002015978261866387,0.0037046759491575227,0.30802990996916724,-0.029238832708274563,-0.015377995364139542,-0.0028900590328422146,0.011640835414466994,0.02801247877135835,0.057251311479632916,0.12499902763177678,-0.4089917588522694,0.05101382488479266,440635311.49549997,0,0,-0.04674046740467419,3.4365,364705746.76,15.5
600893,main,CSI,-0.001496204670826308,0.0013097974610153614,0.004249176129649647,0.30059474971544575,-0.035379136396234676,-0.021849786839404146,-0.002998092354605026,0.014450840976752474,0.03266277508885802,0.0680419114850927,0.27934090722862814,-0.5913823906731673,0.049339388934764666,1330589099.9369998,0,0,-0.028089887640449396,1.0253,960616739.5,34.6
600372,main,CSI,-0.0012109238176059895,0.014602254293909517,0.005882475182030391,0.5003052977400398,-0.02111218465068259,-0.0017054936759993125,0.008105699104730742,0.0264724144324811,0.04330575262908384,0.06441793727976643,0.689804417856172,-0.1805970314222819,0.056963355489123485,935306210.1595001,0,0,-0.007950530035335635,0.8477,465727299.0,11.23
600522,main,CSI,-0.001496204670826308,0.0012536464652188864,0.004721234617390126,0.31582421277694656,-0.0402804349198702,-0.02196946668803848,-0.0034639075319454556,0.01814312115244142,0.045711820986963185,0.08599225590683338,0.2261908100344995,-0.025435796464910763,0.10807264269785642,11873030879.752499,0,0,-0.048499545316762704,4.9516,5378377370.9,31.39
000422,main,CSI,-0.001496204670826308,0.001418901569537355,0.004404566406333221,0.30059474971544575,-0.03173415141600568,-0.01710843963674823,-0.002506406293005988,0.01357779301412438,0.03398937356655765,0.06572352498256334,0.21219554147148603,-0.5650687671113224,0.04687847145078872,546139385.1625,0,0,-0.05092250922509234,3.3753,472656249.69,12.86
002938,main,CSI,-0.001496204670826308,-0.005057334602638589,0.004252551660094081,0.34749424719373234,-0.03311037212605995,-0.02107277290145611,-0.003280098232027778,0.01512205844354869,0.03941075469375749,0.07252112681981744,0.23841714339782566,0.20993076708017117,0.09395859260097297,4085970045.7339997,0,0,0.008903093254194694,1.0155,2092808031.17,88.39
000603,main,CSI,-0.001496204670826308,0.001418901569537355,0.004404566406333221,0.30802990996916724,-0.033914667288993165,-0.020482476557237873,-0.0028900590328422146,0.013784656034744167,0.0379816904220031,0.07189635771099626,0.34492707950433504,-0.5775388287822709,0.06791474654377881,1038740368.6519998,0,0,-0.001208215867901652,14.7821,2434329417.92,24.8
600887,main,CSI,-0.001496204670826308,0.0012322234888943642,0.004404566406333221,0.31582421277694656,-0.029953573393251266,-0.014416274544649438,-0.002998092354605026,0.012357036899415901,0.027791397871204545,0.05774497126445581,0.15374878245941212,-0.5252218953130844,0.021793110735418408,1637770234.7545,0,0,-0.006977598237238425,0.9075,1546192367.81,27.04
600726,main,CSI,-0.001496204670826308,0.002624320397415474,0.004249176129649647,0.3894611390024282,-0.04084943886431084,-0.02608829743831965,-0.002998092354605026,0.0167570909493825,0.048579261036970675,0.08942869990128152,0.34604045956424245,-0.08280263413106657,0.08439490445859872,1186157381.1974998,0,0,-0.10028653295128942,3.7805,1822524713.45,6.28
002353,main,CSI,-0.0012109238176059895,0.0029402355693489003,0.004404566406333221,0.3486330448055246,-0.028906093010955113,-0.015596493311526603,-0.0034639075319454556,0.025966516656877867,0.059518385832628126,0.08842447884358323,0.3008491501826925,0.11660142321768964,0.10099580658252082,3031061853.8715,0,0,0.01613500111020638,6.2151,6065504567.05,137.29
603698,main,CSI,-0.001496204670826308,0.001418901569537355,0.004721234617390126,0.3894611390024282,-0.0402804349198702,-0.021080849116428785,-0.0018205724772414648,0.019084878234141598,0.04453234667243804,0.08481278159230823,0.2478695320576328,-0.23992500304596376,0.1636876763875824,1148867216.428,0,0,-0.05300668151447652,4.3456,507329668.88,21.26
001301,main,CSI,-0.001496204670826308,0.002125082370388381,0.004404566406333221,0.35245196834995657,-0.029482443668952106,-0.01575078120876619,-0.002998092354605026,0.011856338114860861,0.02417140566277061,0.053653849331722715,0.17366010331223034,-0.6377243112249075,0.06105411644011286,357151013.19200003,0,0,0.009057971014492683,2.7327,395156784.4,55.7
600577,main,CSI,-0.001496204670826308,0.0013097974610153614,0.004249176129649647,0.30059474971544575,-0.0319060950423809,-0.01721759544779405,-0.0018205724772414648,0.015293660735852522,0.03421480570548381,0.06612090074786471,0.17800367646188145,-0.5569531031105386,0.06257545271629784,647590932.918,0,0,-0.03794037940379402,3.0511,475547551.7,7.1
002415,main,CSI,-0.001496204670826308,0.0027209393093258565,0.004404566406333221,0.37079499291953866,-0.028047082751623226,-0.015627977699054215,-0.002998092354605026,0.01138163243305964,0.027369635053802965,0.05541671780542619,0.13974162177662655,-0.4935848220275466,0.037575977136416694,3409981161.4535,0,0,-0.007827788649706457,0.8639,2760348475.21,35.49
002396,main,CSI,-0.001376650971239576,-0.0007441088639186745,0.004252551660094081,0.39731570532174065,-0.008670670130661123,-0.0035431471003247498,-0.0024840259485893793,-0.0022268222217067873,-0.0009712410041235166,0.007699429126537606,0.36381858485129537,-1.0495147594298342,0.11972747786842565,5485680062.558001,0,0,-0.02976716769820209,16.5859,4215453742.88,32.92
600664,main,CSI,-0.001496204670826308,0.0015114606279560804,0.004404566406333221,0.3894611390024282,-0.051572364443522256,-0.031123737448361825,-0.002998092354605026,0.01666875829079121,0.06590025988321987,0.11747262432674213,0.4599139800067703,-0.16725439973997927,0.08835978835978836,1585684590.7955,0,0,-0.09999999999999998,20.8642,2904526948.21,5.4
600938,main,CSI,-0.001496204670826308,0.0012536464652188864,0.004404566406333221,0.3033957482793358,-0.035354889989325976,-0.02089798085291002,-0.0028900590328422146,0.017572859612501657,0.04359823346325879,0.07895312345258476,0.27235748999184234,-0.1010524896108554,0.03742413410484847,2065219949.791,0,0,-0.03273719308881484,3.3806,3316243120.41,31.91
002371,main,CSI,-0.001496204670826308,-0.005057334602638589,0.004252551660094081,0.33240682175215047,-0.0454835410771374,-0.026132606660412797,-0.0034639075319454556,0.02418024061172904,0.05658373735349048,0.10206727843062788,0.43242934821353207,0.15865047022820095,0.0819843366672957,12203886816.567501,0,0,0.02297297297297307,2.1875,12020960458.02,757.0
600550,main,CSI,-0.001496204670826308,0.0013097974610153614,0.004249176129649647,0.30802990996916724,-0.037034515940111985,-0.019001126323552796,-0.0028900590328422146,0.013927886053608023,0.0383251319046431,0.07535964784475509,0.22704930206650936,-0.3268035549643719,0.05424795468848335,537198511.286,0,0,-0.025751072961373467,6.089,1312895767.9,11.35
002324,main,CSI,-0.001496204670826308,0.002125082370388381,0.004721234617390126,0.3870945080725454,-0.03576637553861739,-0.020729707252484603,-0.0028900590328422146,0.016073209052175387,0.03958038637441985,0.07534676191303724,0.20954130556733702,-0.18536781893926466,0.12616491809523805,460016184.0695001,0,0,-0.05281285878300812,4.5507,297845517.47,8.25
000651,main,CSI,-0.001496204670826308,0.0014091545528031552,0.004404566406333221,0.29583274901824763,-0.023171295930830726,-0.011989121674707249,-0.0018205724772414648,0.00951674508201537,0.023462593949567307,0.04663388988039803,0.09020567892819097,-0.5103457388556626,0.017936586399265646,2201754822.898,0,0,-0.002711363076164597,0.7152,1606931657.12,40.46
002475,main,CSI,-0.001496204670826308,0.0015667182492074372,0.004404566406333221,0.31582421277694656,-0.03282671356310492,-0.018230436281525597,-0.002998092354605026,0.011765750437998178,0.027579040090714275,0.06040575365381919,0.217740112593436,-0.4240742001302268,0.06225232697521985,9623958787.565998,0,0,-0.009805523778395053,1.0339,4614732730.86,60.59
600888,main,CSI,-0.001496204670826308,0.001418901569537355,0.004721234617390126,0.3894611390024282,-0.0402804349198702,-0.020621052462074598,-0.0018205724772414648,0.01643502310542273,0.03955461651919705,0.07983505143906724,0.20104318173814775,-0.2850229620872871,0.10107509366346312,1041606004.3214998,0,0,-0.042576419213973815,3.3712,462845880.4,8.77
600027,main,CSI,-0.0012109238176059895,0.0034999878290909573,0.004404566406333221,0.42934069508585987,-0.021929668944347242,-0.005372886213704265,-0.000644271513220955,0.018398877928858613,0.029624144329718903,0.05155381327406615,0.12944665975515646,-0.4915933810518815,0.044275641791044776,1072439321.2385,0,0,-0.034979423868312765,0.9923,435384672.33,4.69
603026,main,CSI,-0.001496204670826308,0.002015978261866387,0.0037046759491575227,0.30802990996916724,-0.032774554107781344,-0.014550256748964112,-0.0028900590328422146,0.011253125658668862,0.028731218425170766,0.06150577253295211,0.15251555914589918,-0.1438084236111251,0.0620206812371894,644521153.4455,0,0,-0.012575612862145813,8.2243,1219939698.33,62.03
002714,main,CSI,-0.001496204670826308,0.001418901569537355,0.004404566406333221,0.30059474971544575,-0.02983539325913965,-0.015507805753592206,-0.0018205724772414648,0.014925562406474253,0.03047098429317659,0.06030637755231624,0.17202867057732513,-0.591371598619882,0.045206086571133085,3152931605.7764997,0,0,-0.025692695214105887,1.2438,1591325672.68,38.68
600406,main,CSI,-0.001496204670826308,0.001418901569537355,0.004404566406333221,0.3865299070355294,-0.028360294675955727,-0.01637356534024358,-0.002998092354605026,0.012667592753870676,0.026408159378101176,0.054768454054056906,0.2033017604082998,-0.6192316650291687,0.03450964861262571,1927471043.727,0,0,-0.03241690603200664,1.1069,2114543680.84,23.58
603283,main,CSI,-0.001496204670826308,0.002015978261866387,0.0037046759491575227,0.35245196834995657,-0.03547654896638088,-0.01769981513009931,-0.002506406293005988,0.016874423918923215,0.036309289182233175,0.07178583814861406,0.18439889978611163,-0.540762682868732,0.11559956858515542,1437291685.054,0,0,0.010869565217391353,6.9305,1071346984.5,43.71
002236,main,CSI,-0.001496204670826308,0.001418901569537355,0.004404566406333221,0.30059474971544575,-0.02340359048922051,-0.012281892984494225,-0.002506406293005988,0.007484433505813118,0.02034073477596573,0.043744325265186235,0.09698073087328687,-0.6894240624795527,0.036996782888444504,694829163.3455,0,0,-0.02434679334916867,1.2828,508285261.7,16.43
000630,main,CSI,-0.001496204670826308,0.0012536464652188864,0.004404566406333221,0.31582421277694656,-0.02804084660248759,-0.01721814436532762,-0.002506406293005988,0.01051901843387857,0.02455135727837432,0.05259220388086191,0.16623782280443472,-0.6179729695794707,0.043261231281197986,1961669732.3595002,0,0,-0.04603174603174609,2.4603,1659884222.18,6.01
000966,main,CSI,-0.001496204670826308,0.001418901569537355,0.004721234617390126,0.3894611390024282,-0.03181161521004984,-0.014737070204571908,-0.002506406293005988,0.013384988240388855,0.02652958266894856,0.0583411978789984,0.15335050831440278,-0.6041247240468911,0.05593803786574871,455407697.9735001,0,0,-0.05034324942791757,2.1654,320525748.7,4.15
600183,main,CSI,-0.001496204670826308,-0.005057334602638589,0.004252551660094081,0.33240682175215047,-0.03744090704446882,-0.019428616359120025,-0.0034639075319454556,0.021802678875229332,0.054924415172619645,0.09236532221708846,0.31626850179431565,0.5669830125452492,0.11040711457694025,10532928425.244501,0,0,-0.05107913669064745,2.5068,7261157012.74,118.71
002558,main,CSI,-0.001496204670826308,0.001418901569537355,0.004721234617390126,0.30059474971544575,-0.03287891484558121,-0.01603073031085324,-0.0018205724772414648,0.017098639037309297,0.035454543107331586,0.06833345795291279,0.19317331892402875,-0.43116726699709523,0.09730591988656505,3671997537.0894995,0,0,-0.04275534441805229,5.8387,2698306797.84,24.18
000002,main,CSI,-0.0012109238176059895,0.0034999878290909573,0.004692098088118022,0.30802990996916724,-0.0196610704858264,-0.006159807407729196,0.002457710813594926,0.011480052383125107,0.030853721119614385,0.050514791605440784,0.07881687191731213,-0.3476676608456187,0.04490460679385762,504296001.722,0,0,-0.03154574132492116,1.1568,349079945.24,3.07
000767,main,CSI,-0.001496204670826308,0.0013097974610153614,0.004249176129649647,0.3894611390024282,-0.03413674062503559,-0.020862353719446777,-0.0028592917454174716,0.014123100299620144,0.03193436429789556,0.06607110492293115,0.1827914910738396,-0.5475305632245737,0.07142857142857147,757188185.8805001,0,0,-0.09429280397022344,9.238,1006183989.0,3.65
000792,main,CSI,-0.001496204670826308,0.001418901569537355,0.004404566406333221,0.30059474971544575,-0.035379136396234676,-0.021525340981789463,-0.002998092354605026,0.01550334477685757,0.03547264173967601,0.07085177813591068,0.30872866415934025,-0.5847066048937258,0.045251396648044694,2574314755.695,0,0,-0.02646845540246545,1.2207,1755982290.6,26.85
002639,main,CSI,-0.001496204670826308,0.002015978261866387,0.004545053884945366,0.374906415973019,-0.008106473421194325,-0.0035431471003247498,-0.0032999999821186066,-0.0022634059452398257,-0.0022634059452398257,0.0058430674759545,0.10509302236712982,-0.9852638403866227,0.05008283420415443,354076170.283,0,0,-0.029437229437229373,3.069,229986443.04,11.21
002222,main,CSI,-0.001376650971239576,0.002015978261866387,0.004692098088118022,0.4589694537736448,-0.008827492050543208,-0.0035431471003247498,-0.0024840259485893793,-0.0022268222217067873,-0.0009712410041235166,0.00785625104641969,0.15518133908420603,-1.022363655866072,0.10302860204628378,1618832667.127,0,0,-0.02286212914485153,3.32,880480346.18,55.99
002230,main,CSI,-0.001496204670826308,0.001418901569537355,0.004721234617390126,0.30802990996916724,-0.02650685798541622,-0.016716154341589837,-0.0028900590328422146,0.009773578254565134,0.02399993950818435,0.05050679749360057,0.09139751431148402,-0.49253009194508757,0.04038648212448559,1903300900.749,0,0,-0.039762904420844625,1.7836,1538075149.2,38.88
601619,main,CSI,-0.001496204670826308,0.0008058691530025842,0.004272014467576234,0.38999607225773214,-0.03209816629494629,-0.017400163438337196,-0.0018205724772414648,0.014402827571234313,0.034679318702059,0.06677748499700528,0.18773206086406982,-0.4910366294236403,0.08839372989060491,428236534.4225,0,0,-0.04310344827586188,2.5853,283860147.64,4.44
600958,main,CSI,-0.0007524786136454942,0.00914437028941624,0.004721234617390126,0.44034789974848365,-0.025460564504915708,-0.011461388049570847,-0.000644271513220955,0.014396225866550823,0.038592722742716454,0.06405328724763217,0.1569802209958091,-0.5568973255582165,0.04401591647855533,1105964206.497,0,0,-0.028508771929824595,0.869,580569772.18,8.86
002698,main,CSI,-0.0012109238176059895,0.0034999878290909573,0.004721234617390126,0.5003052977400398,-0.018058808747133552,-0.004746365635984298,0.005918146842841924,0.02128168405549751,0.033961671126450745,0.0520204798735843,0.16230499414450392,0.42121310525077565,0.09126907649769585,509353624.62950003,0,0,0.020576131687242816,2.3906,251892576.19,12.4
600584,main,CSI,-0.001496204670826308,-0.005057334602638589,0.004252551660094081,0.33240682175215047,-0.04482766237282292,-0.022712144876267226,-0.0034639075319454556,0.022631735714099217,0.05578838292451253,0.10061604529733545,0.38632283516763,-0.05101814159563496,0.12531449250387727,21643534788.4885,0,0,0.0258631357505259,9.6211,14208029488.9,82.9
600426,main,CSI,-0.001376650971239576,0.002125082370388381,0.004404566406333221,0.4589694537736448,-0.008827492050543208,-0.0035431471003247498,-0.0029634204366040164,-0.0022634059452398257,-0.0022634059452398257,0.0065640861053033826,0.12413416798774705,-1.1285045637751345,0.05092177035144652,1140997258.3320003,0,0,-0.03408029878618113,1.5203,882269740.82,20.69
600114,main,CSI,-0.001496204670826308,0.0013097974610153614,0.004249176129649647,0.30059474971544575,-0.03520548007230893,-0.01924412448864917,-0.0018205724772414648,0.017068201545715207,0.04233748958809386,0.07754296966040278,0.20707081487167245,-0.4367044899053075,0.08246879334257981,798118749.856,0,0,-0.03413353338334579,2.0898,334648407.86,25.75
600667,main,CSI,-0.001496204670826308,-0.010034918644717105,0.004252551660094081,0.33240682175215047,-0.03467659257785176,-0.019024685009969667,-0.0034639075319454556,0.02187189637150283,0.05533753592663811,0.09001412850448987,0.31030159050128664,-0.3978879088125754,0.14439182671226872,8049446674.8095,0,0,0.003696857670979492,11.6979,4008228681.73,16.29
600389,main,CSI,-0.001376650971239576,0.002015978261866387,0.004692098088118022,0.3870945080725454,-0.008827492050543208,-0.0035431471003247498,-0.0032999999821186066,-0.0022268222217067873,6.271582272161293e-06,0.00883376363281537,0.2093115138574279,-0.6818863661254227,0.10344891596638654,379071251.561,0,0,-0.033092037228541926,4.3995,360275864.28,18.7
002643,main,CSI,-0.001496204670826308,0.002015978261866387,0.0037046759491575227,0.35245196834995657,-0.03006992623173405,-0.014630696724354046,-0.0018205724772414648,0.018387398927091816,0.0361288212245352,0.06619874745626925,0.17012703392974043,-0.3889099129640976,0.08023178069979939,480787954.16,0,0,-0.021374045801526687,1.9325,225668680.91,12.82
603009,main,CSI,-0.001496204670826308,0.001418901569537355,0.004721234617390126,0.30802990996916724,-0.03531398196018157,-0.018245313538126216,-0.0028900590328422146,0.013520669169289784,0.0321681568617167,0.06748213882189827,0.18091425548346954,0.15249593740971087,0.08143113618876634,500436106.5519999,0,0,-0.05478787878787872,2.0007,267044669.47,38.99
603533,main,CSI,-0.001496204670826308,0.002125082370388381,0.004721234617390126,0.35245196834995657,-0.027636374221190967,-0.011801479634300487,-0.0018205724772414648,0.016358463576468283,0.03509430844668189,0.06273068266787285,0.19051963241982328,-0.5863241420140466,0.07912149234693878,499331343.0400001,0,0,-0.05034446210916799,3.9482,314026514.94,17.92
000600,main,CSI,-0.001496204670826308,0.0013097974610153614,0.004249176129649647,0.3894611390024282,-0.03463682857417217,-0.019034214281623663,-0.0018205724772414648,0.0158212514244471,0.035143477570109424,0.0697803061442816,0.2630354638090879,-0.543503674796159,0.05909318219703284,505229119.1214999,0,0,-0.0755124056094929,4.7182,451988433.36,8.57
601975,main,CSI,-0.001496204670826308,0.0013097974610153614,0.004249176129649647,0.30059474971544575,-0.028660365245279252,-0.014960333852393436,-0.0028592917454174716,0.011865862522657217,0.026667820343561834,0.05532818558884109,0.14295243671594732,-0.6072129619036383,0.051049233252623095,733064330.9685,0,0,-0.027472527472527486,3.6071,605947367.82,3.54
600216,main,CSI,-0.0007524786136454942,0.022753569101373394,0.005882475182030391,0.4371171697091971,-0.01761512169461891,-0.0017977439352451902,0.008326250361447279,0.03110292261482879,0.04863983018371743,0.06625495187833634,0.6752511677353457,0.5446324663369098,0.05309197438889571,389894887.1275,0,0,-0.048281505728314245,2.3126,261658540.85,11.63
600459,main,CSI,-0.001496204670826308,0.001418901569537355,0.004404566406333221,0.30059474971544575,-0.04046943156189792,-0.020091069825307104,-0.0018205724772414648,0.017522802060013897,0.044368162079712975,0.08483759364161089,0.22094021544081716,-0.5447174429937189,0.06559766763848397,911226420.0619999,0,0,-0.04751619870410362,2.4274,329379371.68,17.64
600309,main,CSI,-0.001496204670826308,0.0012536464652188864,0.004404566406333221,0.3030867162284892,-0.02848819075519018,-0.016159297472965295,-0.002998092354605026,0.010713911605753797,0.026517109654503466,0.05500530040969365,0.2352924332598952,-0.5491623199816456,0.039118644067796596,3257668274.63,0,0,-0.023049410517949287,1.0871,2534882954.63,73.75
600409,main,CSI,-0.0012109238176059895,0.0034999878290909573,0.004404566406333221,0.5003052977400398,-0.01761512169461891,-0.0036201516103862566,0.00488506604228907,0.018215174878411688,0.03196640803766607,0.04958152973228498,0.1401444704419545,0.15793893688084304,0.08243073946886445,357824035.14049995,0,0,-0.05167173252279633,3.019,398643889.97,6.24
000555,main,CSI,-0.001496204670826308,0.0005666797180571165,0.004249176129649647,0.30059474971544575,-0.03365231874655017,-0.019866600167205064,-0.0034014384763002524,0.013365412623898822,0.038184641352849574,0.07183696009939974,0.19000933656443791,-0.3908492627749834,0.0804478067973487,488155292.80750006,0,0,-0.04882629107981218,2.7475,276554115.59,10.13
002384,main,CSI,-0.001496204670826308,-0.005057334602638589,0.004252551660094081,0.33240682175215047,-0.03696535931754466,-0.01861782686747492,-0.0034639075319454556,0.02138305589884871,0.045895170176205036,0.0828605294937497,0.3197443115085075,0.11998483135540017,0.12640397056503092,24360115312.711998,0,0,-0.036148076457778844,5.2529,14607684920.36,199.18
000534,main,CSI,-0.001496204670826308,0.001418901569537355,0.004404566406333221,0.3894611390024282,-0.03562511315884861,-0.019842120765417998,-0.002506406293005988,0.017583475087799106,0.0407017872173721,0.07632690037622071,0.22201376755605245,-0.47961573423204185,0.08169392656982727,625937856.154,0,0,-0.049105443471640586,2.5967,329388479.92,24.98
002237,main,CSI,-0.001496204670826308,0.0005466337585160416,0.004404566406333221,0.30059474971544575,-0.03287891484558121,-0.018352095114138062,-0.0018205724772414648,0.01459585098650553,0.03034830862477117,0.06322722347035238,0.19679200059624596,-0.486295966864445,0.05372844581477675,505180313.02549994,0,0,-0.05513595166163143,1.9332,292320036.53,12.51
600886,main,CSI,-0.0012109238176059895,0.0027482032090163583,0.004692098088118022,0.3868158197954125,-0.02044845529885927,-0.006243649148623514,0.0014246300130420727,0.016020263366632367,0.03591413956295262,0.05636259486181189,0.2141207477107233,0.009656083813593489,0.04486033251397725,914283999.3495,0,0,-0.01984126984126977,0.8133,908689334.51,14.82
605117,main,CSI,-0.0012109238176059895,0.0034999878290909573,0.004692098088118022,0.3033957482793358,-0.023336638847734945,-0.007312684645421588,-0.003280098232027778,0.01817297932740213,0.03239832602240823,0.05573496487014318,0.20641213653814194,-0.5682128651977747,0.053928773318258884,1733768470.0605,0,0,-0.0006778895040108202,2.1039,2411017068.65,88.45
600129,main,CSI,-0.001496204670826308,0.001418901569537355,0.004404566406333221,0.3894611390024282,-0.03384131538857789,-0.01876775250654055,-0.0018205724772414648,0.018564475446731427,0.040578902170196794,0.07442021755877468,0.2173359829212244,-0.3556854699537265,0.1047425080011638,653368852.7685,0,0,-0.06476190476190469,5.5311,460954897.98,14.73
600188,main,CSI,-0.001496204670826308,0.002733424505937468,0.004404566406333221,0.3894611390024282,-0.033221208483623185,-0.017906235629803285,-0.002506406293005988,0.017282132092565794,0.04297636094289739,0.07619756942652058,0.24735342164722635,-0.1316384228568941,0.0729799047860401,1363306531.8125,0,0,-0.09619784933613107,1.2325,1519488121.75,19.73
002460,main,CSI,-0.001496204670826308,0.0013097974610153614,0.004249176129649647,0.30059474971544575,-0.03316546593047766,-0.019295602635941607,-0.002506406293005988,0.015383794629209645,0.05170247078286554,0.0848679367133432,0.21144369871165003,-0.3118012963246732,0.060054286530112765,3008061770.252,0,0,-0.04219574135573345,4.2314,2555385405.61,49.03
600531,main,CSI,-0.001496204670826308,0.001418901569537355,0.004404566406333221,0.30059474971544575,-0.03335446257250538,-0.019224764867658135,-0.0018205724772414648,0.0153181370995212,0.038239616233723114,0.07159407880622849,0.20389239377249682,-0.5219585864100376,0.06879120986093555,1046265810.6120001,0,0,-0.052013422818791843,3.0913,428318671.07,11.3
002254,main,CSI,-0.001496204670826308,0.001418901569537355,0.004721234617390126,0.3894611390024282,-0.03761480789787838,-0.018753425577614714,-0.0028900590328422146,0.013684099841773581,0.03265396010169052,0.07026876799956891,0.17874432670359197,-0.26763188414061523,0.07604099935938503,697419965.6275,0,0,-0.016754850088183337,3.2721,316267274.72,11.15
600783,main,CSI,-0.0007524786136454942,0.010196378624496471,0.004721234617390126,0.5003052977400398,-0.018058808747133552,-0.0033361754262206506,0.0061386980995584576,0.02319255541904674,0.03867099076366917,0.056729799510802724,0.19511690834663295,0.9046437656185599,0.13119431374511964,726698853.6875,0,0,-0.027929155313351495,2.2914,247382939.13,14.27
000776,main,CSI,-0.001496204670826308,0.0012627260116941862,0.004404566406333221,0.3033957482793358,-0.03146690274240865,-0.016342645007337606,-0.0028900590328422146,0.013309631144827664,0.031773739603683675,0.06324064234609234,0.20685281674013606,-0.19690036892886295,0.046510862409479894,2395903285.0220003,0,0,-0.049079754601227044,1.5474,2011570220.43,21.7
601600,main,CSI,-0.001496204670826308,0.001418901569537355,0.004404566406333221,0.30059474971544575,-0.03763927294290537,-0.02417889769161515,-0.002998092354605026,0.012925820388191626,0.0304695600651601,0.06810883300806547,0.25512693104055695,-0.5661410763877597,0.04895581113801453,2794810527.7834997,0,0,-0.03476482617586907,2.373,2970812182.08,9.44
002709,main,CSI,-0.001496204670826308,0.001418901569537355,0.004404566406333221,0.30802990996916724,-0.038208574292899096,-0.018558673079750374,-0.0028900590328422146,0.014419740418226377,0.03615794074937814,0.07436651504227723,0.1950727542359771,0.01348645812220478,0.0727279779682712,4243086607.6330004,0,0,-0.016292735042734985,6.1186,3491334124.37,36.83
600999,main,CSI,-0.001496204670826308,0.0015114606279560804,0.004404566406333221,0.3894611390024282,-0.032168967256464474,-0.01563316768911142,-0.0018205724772414648,0.01406081535468224,0.028910995256645595,0.06107996251311007,0.20224944102524553,-0.34211044015853986,0.04182325009574872,2692226190.7105,0,0,-0.02253668763102723,0.9796,1360870544.6,18.65
600961,main,CSI,-0.001496204670826308,0.002015978261866387,0.0037046759491575227,0.35245196834995657,-0.029474639850819963,-0.014195940161285437,-0.002506406293005988,0.017092036901072572,0.03287620470456714,0.0623508445553871,0.18134790113411622,-0.5514476437614741,0.07634920634920639,1232681911.1395001,0,0,-0.055018899622007456,5.1311,881868449.73,22.5
601117,main,CSI,-0.001496204670826308,0.001418901569537355,0.004404566406333221,0.37079499291953866,-0.025851953334349434,-0.012629663825083808,-0.002506406293005988,0.008411855746223378,0.026202236755909637,0.05205419009025907,0.11885450074100219,-0.6765871262030935,0.028779014908473302,761312135.4165,0,0,-0.03196930946291565,1.2392,579873586.95,7.57
603986,main,CSI,-0.001496204670826308,-0.0035160828487050062,0.004252551660094081,0.33240682175215047,-0.04353193351332903,-0.02105222362630136,-0.0034639075319454556,0.019452443157904634,0.04904853707211594,0.09258047058544497,0.3183500390266225,-0.06185653687221223,0.12087527352297595,35942600177.147995,0,0,0.011151429330029217,7.5624,22860531230.35,457.0
000811,main,CSI,-0.001496204670826308,-0.005057334602638589,0.004252551660094081,0.36039426259545626,-0.0458233004963904,-0.027747614597447724,-0.003280098232027778,0.02097051983037993,0.044966663807636725,0.09078996430402712,0.4245824425915233,0.28753469976730534,0.12419488026424441,2591102054.6345,0,0,0.00933488914819125,6.1816,2533427068.01,43.25
600186,main,CSI,-0.001496204670826308,0.0012536464652188864,0.004721234617390126,0.31582421277694656,-0.03574343305213228,-0.017819867496163766,-0.0018205724772414648,0.01572425555930554,0.03909799562832786,0.07484142868046015,0.18299800541824127,-0.4802475050548928,0.09981469002695421,1871121324.3945003,0,0,-0.02640642939150406,5.3819,822572849.12,8.48
302132,main,CSI,-0.001376650971239576,0.002015978261866387,0.0036057739488909095,0.30802990996916724,-0.023843240675310018,-0.014152873086824337,-0.002090301268185165,0.010672727156497617,0.026873362835249087,0.05071660351055911,0.15252299262532582,0.09307305904311304,0.04721057318574762,584065890.449,0,0,-0.03466805338880219,1.9455,658600913.88,55.69
000969,main,CSI,-0.001496204670826308,0.001418901569537355,0.004404566406333221,0.30059474971544575,-0.04046943156189792,-0.019898238553477256,-0.0018205724772414648,0.015879530856590194,0.0413325105389271,0.08180194210082502,0.19665787601151885,-0.4349723316831726,0.07230358294188081,966439761.0754999,0,0,-0.0324391765439801,1.9966,325459050.25,15.51
002832,main,CSI,-0.001376650971239576,-0.0006426146501823907,0.004692098088118022,0.3846252063485431,-0.033422830708885215,-0.020369800357984923,-0.0024537821307153394,0.012806227804870205,0.03468562128104312,0.06810845198992833,0.2951314934987057,-0.33782419548996834,0.05712333494081542,384672517.87450004,0,0,0.009738822487826315,4.634,405808537.93,22.81
600118,main,CSI,-0.001496204670826308,0.001418901569537355,0.004721234617390126,0.30059474971544575,-0.035394476714336646,-0.018734527817893053,-0.0018205724772414648,0.016145692616170992,0.04635390169679669,0.08174837841113333,0.20952567476998527,-0.07398754232575638,0.1194242714730752,4840082635.286,0,0,-0.05371741486317694,2.5391,1770015177.29,57.78
600641,main,CSI,-0.001496204670826308,-0.010034918644717105,0.004252551660094081,0.32306016390267467,-0.044425925759786496,-0.022725166428051235,-0.0034639075319454556,0.020947619441493814,0.05304263981126785,0.09746856557105435,0.31000825158237244,-0.3358137744109438,0.12083411346189847,3599839206.9145,0,0,0.019712662880053466,6.9718,1998959749.54,30.52
002378,main,CSI,-0.001496204670826308,0.0012536464652188864,0.004404566406333221,0.31582421277694656,-0.03888082396114213,-0.020208236399199983,-0.0018205724772414648,0.01743965528102877,0.041659089395674455,0.0805399133568166,0.2117430349563237,-0.4427287981988245,0.07626521460602179,1513875875.809,0,0,-0.036300777873811585,1.8304,492312415.48,22.3
000672,main,CSI,-0.001496204670826308,0.0027209393093258565,0.004721234617390126,0.3894611390024282,-0.03922311759918411,-0.020820031929797214,-0.002506406293005988,0.015656005909601124,0.043654116980929414,0.08287723458011352,0.2631329145984341,-0.36053165614373717,0.09925728956537684,641747111.403,0,0,0.03659347970725224,3.9116,581471054.31,15.58
600929,main,CSI,-0.0013568994934237025,0.0012941229534039922,0.0043928902496697874,0.380747691278189,-0.025825053244123642,-0.014852597833288227,-0.003179917153596769,0.009377503072642748,0.027430319688351325,0.05325537293247497,0.1490953084483758,0.1815477596817933,0.10317937323756318,,0,0,-0.07890222984562612,2.7516,252140777.58,5.37
601211,main,CSI,-0.001496204670826308,0.0012322234888943642,0.004404566406333221,0.29583274901824763,-0.02645843461940468,-0.014172067407717195,-0.002998092354605026,0.008709052525148336,0.02834797891030807,0.05480641352971275,0.12027106210618536,-0.5224187155687163,0.02906198899955405,2635218345.3175,0,0,0.008923884514435487,0.7896,2038294574.46,19.22
002539,main,CSI,-0.001496204670826308,0.0006757838265791102,0.00401445278608381,0.3819182631857252,-0.03316546593047766,-0.023341710388383795,-0.0034563139100227775,0.014096687197934554,0.035925477695520576,0.06909094362599824,0.1904992653660955,-0.506418795237837,0.08266561345315186,373759072.755,0,0,-0.05175438596491222,4.2888,417674935.84,10.81
600746,main,CSI,-0.001496204670826308,0.0015114606279560804,0.004721234617390126,0.3894611390024282,-0.0411330659154146,-0.021027382197488113,-0.0018205724772414648,0.01634387778006294,0.04406032468837358,0.08519339060378818,0.26861813665853995,-0.08219411831781862,0.13882297104888464,374270053.669,0,0,-0.07098765432098775,3.2066,233764605.84,6.02
600490,main,CSI,-0.001376650971239576,0.002125082370388381,0.004404566406333221,0.310735404631472,-0.0265332775760163,-0.013094494195504182,-0.0020098716988931806,0.016085918777507563,0.04083831882306564,0.06737159639908194,0.1627436027213783,-0.6031653173381946,0.08005753653936824,378015212.772,0,0,-0.06625577812018502,2.4329,297973508.7,6.06
000408,main,CSI,-0.001496204670826308,0.0005466337585160416,0.004404566406333221,0.40356588843951274,-0.03363949837961095,-0.018809931542733353,-0.002998092354605026,0.013185553840578998,0.028974917149752977,0.06261441552936392,0.23429483258992004,-0.47018484469450206,0.04828153598698438,1286376201.4810002,0,0,-0.027561036999748323,0.7806,953073149.9,77.27
603259,main,CSI,-0.001496204670826308,-0.005057334602638589,0.004252551660094081,0.30592292578207986,-0.03582160577913447,-0.019807574531273422,-0.0034639075319454556,0.019561427040498687,0.053126651382769355,0.08894825716190383,0.4727785116269149,0.394754020015226,0.05302857142857142,9217971879.949,0,0,-0.01922322479403693,1.7942,5571207583.06,125.0
603690,main,CSI,-0.00016574160205031592,0.001418901569537355,0.004721234617390126,0.30802990996916724,-0.04319740621734972,-0.0198719334671215,-0.0028900590328422146,0.039560667753099514,0.08730151425591512,0.13049892047326483,0.2375858942326217,1.4046893714647968,0.1174055829228243,1329607291.3600001,1,0,0.10019455252918297,4.9809,423157225.47,22.62
600654,main,CSI,-0.0007524786136454942,0.004922789939556807,0.004721234617390126,0.5003052977400398,-0.025809000173910808,-0.0068346212248963775,-0.000644271513220955,0.020123595461127037,0.036638922358016135,0.06244792253192694,0.21681343243770415,0.16384725236280284,0.08294930875576038,593470134.661,0,0,-0.007117437722419906,3.4655,221515074.88,2.79
002081,main,CSI,-0.001496204670826308,0.002015978261866387,0.0037046759491575227,0.3870945080725454,-0.02597427235082537,-0.012107107325963533,-0.0018205724772414648,0.014778461083833447,0.0260246610128229,0.05199893336364827,0.11368820470105048,-0.6802518865162959,0.055533199195171024,351174661.737,0,0,-0.03532608695652184,2.7459,260488539.91,3.55
601678,main,CSI,-0.001496204670826308,0.001281889275787662,0.004252551660094081,0.31582421277694656,-0.039151077115620894,-0.024717666507752326,-0.0034639075319454556,0.018236661610986405,0.04336348723422523,0.08251456434984612,0.32294664135509743,-0.12159826880485838,0.05570117955439056,902992000.404,0,0,0.05144694533762073,25.2271,3463517733.59,6.54
000975,main,CSI,-0.001496204670826308,0.001418901569537355,0.004404566406333221,0.30059474971544575,-0.036320905801027314,-0.024450166584448714,-0.002998092354605026,0.016971667154913793,0.03910663213516298,0.0754275379361903,0.29987883518829217,-0.549162520194197,0.06022280471821759,1440011441.016,0,0,-0.04427882507672065,3.5353,1964245176.21,21.8
600744,main,CSI,-0.001496204670826308,0.0012536464652188864,0.004404566406333221,0.31582421277694656,-0.05159952871089327,-0.032399763463603896,-0.002998092354605026,0.015728088666944647,0.04892894611808826,0.10052847482898153,0.4096560942026423,-0.3538123079933267,0.0690571049136786,908431671.2584999,0,0,-0.04441624365482233,16.9855,2673198895.68,7.53
000425,main,CSI,-0.001496204670826308,0.002125082370388381,0.004404566406333221,0.35245196834995657,-0.026461626945884033,-0.013920761471996123,-0.002998092354605026,0.015026267807256851,0.021551506704790235,0.048013133650674264,0.14708095445736627,-0.6673965958517147,0.0448336815040977,1009854804.776,0,0,-0.027352297592997843,0.8938,716745331.91,8.89
600986,main,CSI,-0.001496204670826308,0.002125082370388381,0.004404566406333221,0.35245196834995657,-0.025719773870442518,-0.01372770191404709,-0.0018205724772414648,0.009853540029617549,0.026118156205376938,0.05183793007581945,0.14758824926897682,-0.6611360738116115,0.06682027649769588,581565913.656,0,0,-0.053779069767441845,3.8611,379981281.66,6.51
000858,main,CSI,-0.001496204670826308,0.001418901569537355,0.004404566406333221,0.30059474971544575,-0.026983764047266982,-0.013357866466992866,-0.002506406293005988,0.00921304658050439,0.023063128644879465,0.05004689269214645,0.13901128493909531,-0.6017827141135674,0.029446060311850725,2992839274.2060003,0,0,-0.016969535008017234,0.8023,2315849376.76,73.57
000725,main,CSI,-0.001496204670826308,-0.010034918644717105,0.004252551660094081,0.3187837846841281,-0.04069382651360662,-0.01838474105140478,-0.0034639075319454556,0.019321262927137293,0.051551829016570044,0.09224565553017666,0.2872113414360812,-0.360444608169847,0.08894645941278063,25208949406.1185,0,0,-0.04455445544554448,4.3929,9139868746.85,5.79
601677,main,CSI,-0.001496204670826308,0.0012536464652188864,0.004404566406333221,0.3033957482793358,-0.029379569499952206,-0.014286003046096203,-0.0028900590328422146,0.009775980517581192,0.023698535875751287,0.053078105375703497,0.11402598818085247,-0.4935426428897134,0.03992533916052078,599818203.8005,0,0,-0.049090909090909074,2.6766,529729090.44,15.69
603019,main,CSI,-0.001496204670826308,0.0012322234888943642,0.004404566406333221,0.31582421277694656,-0.036644669427919475,-0.018288690948550356,-0.002506406293005988,0.013729598347032378,0.03578353128912365,0.07242820071704312,0.24646901117927678,-0.3933086756373814,0.08972893772893774,10484927600.614,0,0,-0.00327131465957875,4.6022,6646060678.2,97.5
601899,main,CSI,-0.001496204670826308,0.0012536464652188864,0.004404566406333221,0.31582421277694656,-0.035389286825264196,-0.02483965186275465,-0.002998092354605026,0.016827795147819458,0.03906412342842192,0.07445341025368613,0.3079419767584307,-0.484967245877673,0.04492904746792401,9585616416.4215,0,0,-0.046884452510586816,1.9466,12602496384.95,31.51
603505,main,CSI,-0.001376650971239576,0.002125082370388381,0.004404566406333221,0.5003052977400398,-0.024389201212209978,-0.011924738762478158,-0.0020098716988931806,0.011302618076935732,0.036123185616047895,0.06051238682825787,0.1615498943964095,-0.5675133038819006,0.078548282878747,781356365.904,0,0,-0.005639097744360999,2.5583,344398790.58,15.87
600509,main,CSI,-0.0012109238176059895,0.0034999878290909573,0.004692098088118022,0.42934069508585987,-0.02604642475994379,-0.007217953112865749,-0.000644271513220955,0.01984355442638346,0.037593415830251865,0.06363984059019566,0.14803416343867118,-0.42563816984473385,0.07750144592249854,429610501.10649997,0,0,-0.06792452830188678,3.1371,328958022.36,7.41
603893,main,CSI,-0.001496204670826308,-0.005057334602638589,0.004252551660094081,0.3033957482793358,-0.03793752734619382,-0.021463187562266287,-0.003280098232027778,0.01986221976966031,0.05049981110536024,0.08843733845155406,0.3414138411945,0.43410213430060945,0.09607754733994589,5376561642.264,0,0,0.036448598130841114,7.7809,7339205142.93,221.8
600338,main,CSI,-0.001496204670826308,0.0013097974610153614,0.004249176129649647,0.30059474971544575,-0.035112376301096336,-0.019581436833692723,-0.002506406293005988,0.014948472933201309,0.037446015558101536,0.07255839185919788,0.2768922080907715,-0.48718772750799355,0.0583421645911654,663068370.9445001,0,0,-0.05148205928237126,4.5531,515092037.41,12.16
601096,main,CSI,-0.0014763154601026862,0.0006350826599912645,0.004249176129649647,0.3819182631857252,-0.031325510305343286,-0.017581030509433767,-0.0031736203900174036,0.015479316844182028,0.0387905628917112,0.07011607319705448,0.2396898012738394,0.15135178494364301,0.09287931905931911,286009033.994,0,0,-0.06864988558352403,3.4834,237777880.58,4.07
002171,main,CSI,-0.001496204670826308,0.001418901569537355,0.004721234617390126,0.30059474971544575,-0.03888082396114213,-0.020787861046401453,-0.0018205724772414648,0.01625551634494668,0.039862085448067505,0.07874290940920964,0.18986363531098244,-0.4625819036935002,0.0730446024563672,950738961.4195,0,0,-0.04017372421281229,2.3584,341017569.31,8.84
002617,main,CSI,-0.001496204670826308,0.002015978261866387,0.0037046759491575227,0.35245196834995657,-0.030299445424415965,-0.013399729889000407,-0.0018205724772414648,0.018061503312350527,0.03612298701120661,0.06642243243562257,0.17012703392974043,-0.5338095569543796,0.06265447355412754,1044995243.709,0,0,-0.036666666666666625,3.8801,426090395.49,5.78
603327,main,CSI,-0.001376650971239576,0.002015978261866387,0.004692098088118022,0.3868158197954125,-0.008489302132848119,-0.0035431471003247498,-0.0032999999821186066,-0.0023091783495667825,-0.0023091783495667825,0.0061801237832813365,0.07886117104721185,-1.1811041826414042,0.07210401891252949,404740781.54700005,0,0,0.005945303210463715,3.5612,316846892.83,8.46
601939,main,CSI,-0.001496204670826308,0.0012322234888943642,0.004404566406333221,0.31582421277694656,-0.024473130569575036,-0.0150696138048083,-0.002998092354605026,0.01043078497287869,0.02630860166160257,0.0507817322311776,0.1384586767161804,-0.5560673802825546,0.030320763018657722,1247812900.9439998,0,0,0.001953125,0.8252,813280420.16,10.26
002493,main,CSI,-0.0012109238176059895,0.0027482032090163583,0.004692098088118022,0.42934069508585987,-0.028071186457992704,-0.009491261911938605,-0.000644271513220955,0.02122067562545059,0.04018239305883298,0.06825357951682567,0.31977489685643307,-0.227969612099392,0.08245696443978799,998922109.195,0,0,-0.055419722901385526,0.6676,740239375.36,11.59
600353,main,CSI,-0.001496204670826308,-0.0035160828487050062,0.004252551660094081,0.32306016390267467,-0.0342054419594416,-0.01835985098849404,-0.0034639075319454556,0.019457828124495487,0.04122175974554093,0.07542720170498253,0.3012047162643141,-0.006267004322630003,0.15906883901596894,1876048358.8415,0,0,-0.004136893569010924,4.3451,968141799.4,26.48
002020,main,CSI,-0.0007524786136454942,0.010196378624496471,0.004721234617390126,0.4629678482679484,-0.026834827423647224,-0.007025192910701698,-0.000644271513220955,0.023766375364826748,0.04106561641927769,0.06790044384292492,0.18868951529497346,-0.23585997509887874,0.07148163871789427,450891140.57650006,0,0,-0.04876325088339217,2.2547,224379593.26,13.46
601669,main,CSI,-0.001376650971239576,0.002015978261866387,0.004692098088118022,0.3868158197954125,-0.024919497571219414,-0.010312611364635077,-0.0020098716988931806,0.008842115672435771,0.025484145094192445,0.05040364266541186,0.10619912172317951,-0.7075289902927101,0.03858086541353384,911726618.2295,0,0,-0.03258655804480659,1.1015,693456635.78,4.75
600809,main,CSI,-0.001496204670826308,0.001418901569537355,0.004404566406333221,0.3894611390024282,-0.03314794701750163,-0.016004809897994306,-0.0028592917454174716,0.013255363691656512,0.025394149427869966,0.058542096445371596,0.1735272469543022,-0.44454609801975187,0.04478505071570767,1557571012.3405,0,0,-0.019677996422182487,0.6379,940314418.78,120.56
603799,main,CSI,-0.001496204670826308,0.0013097974610153614,0.004249176129649647,0.30059474971544575,-0.03314794701750163,-0.017834108201114057,-0.002506406293005988,0.016949101381783682,0.03820550077643832,0.07135344779393996,0.2189837550150022,-0.36672495880024886,0.05649235018352291,2787259868.8265,0,0,-0.05391095066185303,3.4009,2564629401.57,39.31
603993,main,CSI,-0.001496204670826308,0.0012536464652188864,0.004404566406333221,0.31582421277694656,-0.03441791144428761,-0.020455323062237254,-0.002998092354605026,0.014984573172531535,0.034153342524972284,0.0685712539692599,0.22246733262375945,-0.6077645714694048,0.053946578631452545,5227960476.348,0,0,-0.049425861208187816,1.5656,5246957512.66,19.04
002625,main,CSI,-0.001496204670826308,0.0013097974610153614,0.004249176129649647,0.30059474971544575,-0.03554463748501574,-0.018995277742449312,-0.002998092354605026,0.01261747934180268,0.032669792943194914,0.06821443042821065,0.25296172694724856,-0.5410699079465727,0.04818329200839212,1018227303.666,0,0,0.008414675193537446,1.6572,1072743152.51,29.96
601138,main,CSI,-0.001496204670826308,0.0012536464652188864,0.004249176129649647,0.31582421277694656,-0.03314794701750163,-0.01760777538022184,-0.0018205724772414648,0.013416316410337008,0.026788632807783177,0.0599365798252848,0.17891637159493654,-0.35868877217381306,0.06507409602845285,9722766185.5825,0,0,-0.04182569974554706,0.5597,6745295976.09,60.25
601166,main,CSI,-0.001496204670826308,0.001418901569537355,0.004404566406333221,0.3865299070355294,-0.02375338292944814,-0.012781410773529893,-0.002998092354605026,0.008088862924587503,0.020785592850307483,0.04453897577975562,0.09872758780866601,-0.7231328841536729,0.025212376276206063,2139840408.6045003,0,0,0.003833515881708438,0.5186,2010109915.05,18.33
002125,main,CSI,-0.001496204670826308,0.002015978261866387,0.0037046759491575227,0.35245196834995657,-0.02600972828449949,-0.01376024722935327,-0.0018205724772414648,0.012263354263878885,0.032730569828058956,0.058740298112558445,0.18861710668941478,-0.46331678464331255,0.047598415449368686,314602784.82900006,0,0,-0.056418642681929754,3.3327,248074735.02,11.54
000977,main,CSI,-0.001496204670826308,-0.005057334602638589,0.004252551660094081,0.32306016390267467,-0.04435702281483003,-0.028930914513453115,-0.0034639075319454556,0.02302818759492004,0.06313381389990778,0.10749083671473782,0.4781810042100016,0.11409493149842921,0.09964499221327258,11662877074.206,0,0,-0.030127330604820313,6.5477,8310728034.27,85.31
600821,main,CSI,-0.001376650971239576,0.002125082370388381,0.004404566406333221,0.4589694537736448,-0.013279067724133843,-0.0035431471003247498,-0.003048688390860901,-0.003048688390860901,0.002793395770928116,0.01607246349506196,0.14360623931428257,-1.0525856668500517,0.07741862567811933,1021529092.1200001,0,0,-0.09971509971509962,7.9449,1025787003.78,6.32
002001,main,CSI,-0.001496204670826308,0.001418901569537355,0.004404566406333221,0.3865299070355294,-0.02580331183331458,-0.014967106272469874,-0.0028592917454174716,0.012379402636348284,0.030129459539787077,0.05593277137310165,0.18149440222203933,-0.4449705396439501,0.04763505402160864,1124462897.364,0,0,-0.06328715365239301,1.117,1026911308.46,29.75
002176,main,CSI,-0.001496204670826308,0.0013097974610153614,0.004249176129649647,0.30059474971544575,-0.0319060950423809,-0.016311439520139612,-0.002506406293005988,0.015232994899059292,0.03337736652489494,0.06528346156727584,0.18004733271929355,-0.5002559238217931,0.0565321983715766,656771068.9129999,0,0,-0.03379224030037553,3.2015,428148441.71,7.72
000596,main,CSI,-0.001496204670826308,0.0016228692450039122,0.004249176129649647,0.3894611390024282,-0.04116723926231434,-0.024088269863301603,-0.0028592917454174716,0.015629041872351257,0.04192120391114926,0.08308844317346359,0.30352144052718527,0.13883776564475148,0.08846864541982243,745159668.6299999,0,0,-0.03707778633513048,1.7347,629702093.2,87.52
600246,main,CSI,-0.001496204670826308,0.0012536464652188864,0.004721234617390126,0.31582421277694656,-0.03350775956851963,-0.02021279962547871,-0.0018205724772414648,0.018747116243155573,0.041109869266673024,0.07461762883519266,0.24319405640336414,-0.2673795368890461,0.13836644125105663,3268799173.884,0,0,-0.06565307532826548,7.2932,1904693896.92,13.52
002249,main,CSI,-0.001496204670826308,0.002015978261866387,0.0037046759491575227,0.35245196834995657,-0.02531653928698723,-0.012982490623086824,-0.0028592917454174716,0.008976598748512466,0.023770986042126484,0.049087525329113715,0.1077616675606425,-0.7075289902927101,0.03755522827687779,399578747.1625,0,0,-0.027220630372492893,1.8027,230867870.5,6.79
002428,main,CSI,-0.001496204670826308,-0.0035160828487050062,0.004404566406333221,0.33240682175215047,-0.04195314277215014,-0.028309926706490383,-0.0034639075319454556,0.01897279537852735,0.04728784793877641,0.08924099071092656,0.34937267553974877,-0.04229548693983363,0.10889014929742391,6319623168.609,0,0,0.019587359623922662,12.0968,6250070130.4,78.08
600123,main,CSI,-0.001376650971239576,0.0024827601986456387,0.004721234617390126,0.3870945080725454,-0.026957657840840102,-0.01348282929601601,-0.0013240378831286578,0.01560995846162001,0.037064903831512175,0.06402256167235228,0.23242646761320226,-0.299527954522777,0.0547136171161132,366638802.431,0,0,-0.04185351270553073,2.5804,252064370.7,6.41
002600,main,CSI,-0.001496204670826308,0.001418901569537355,0.004404566406333221,0.30802990996916724,-0.040136540701165464,-0.021900134292206077,-0.0028900590328422146,0.016039170245548927,0.03899010937466072,0.07912665007582619,0.3455316347915101,-0.23274964522838557,0.07958170861396667,3815833771.332,0,0,-0.00901639344262295,1.2303,1074380155.56,12.09
600438,main,CSI,-0.0012109238176059895,0.0034999878290909573,0.004692098088118022,0.310735404631472,-0.025976449510242267,-0.00952395708734465,-0.0020033845164305385,0.018489298272039524,0.03709153856010179,0.06306798807034406,0.14417265889454478,-0.4349522535930742,0.04783277763529109,736981097.6105,0,0,-0.039655172413793016,0.9149,466347062.57,11.14
600048,main,CSI,-0.0012109238176059895,0.0034999878290909573,0.004692098088118022,0.30802990996916724,-0.01761512169461891,-0.003426167929261358,0.00488506604228907,0.017608655943474244,0.02985179286838578,0.047466914563004683,0.1331331568610851,-0.01152364789221755,0.04250984357864354,848524700.4760001,0,0,-0.03696498054474695,1.2605,759701636.06,4.95
000035,main,CSI,-0.001376650971239576,0.0020749883818956157,0.004721234617390126,0.3870945080725454,-0.022604685435661923,-0.012655603273474822,-9.825583212740435e-05,0.016370778522430768,0.03584075954314557,0.05844544497880749,0.22996914665738818,0.6266716938002491,0.08924663957486713,384549023.7385,0,0,-0.053830227743271175,3.6383,404835855.3,4.57
000963,main,CSI,-0.001496204670826308,0.0015114606279560804,0.004404566406333221,0.3894611390024282,-0.03228153922941658,-0.015616931766866104,-0.0028900590328422146,0.012606442579017064,0.03043196484239766,0.06271350407181424,0.20011082257343432,-0.19515238930870824,0.050659802059382204,879932435.4365,0,0,-0.059559065482066575,1.7976,920623179.59,28.58
002317,main,CSI,-0.001496204670826308,-0.005057334602638589,0.004252551660094081,0.3033957482793358,-0.03513633926863678,-0.020405605467781657,-0.003280098232027778,0.018732483630368082,0.038958890136022335,0.07409522940465912,0.3286215077846091,0.518402729407592,0.10149389590918825,1924174841.7920003,0,0,-0.01477104874446078,5.255,1095876361.53,26.68
600760,main,CSI,-0.0012109238176059895,0.0034999878290909573,0.004404566406333221,0.5003052977400398,-0.020668497598167947,-0.0029333501829895228,0.005918146842841924,0.017029656935780516,0.02929246830788425,0.0499609659060522,0.13629333776012603,-0.41878199545136713,0.05334374256021116,1277507314.1480002,0,0,-0.0009229349330873715,0.7085,872468101.69,43.3
601101,main,CSI,-0.001496204670826308,0.0015114606279560804,0.004404566406333221,0.3894611390024282,-0.035242363989937346,-0.019005932176520426,-0.002506406293005988,0.01449321661452883,0.0398432245586222,0.07508558854855954,0.29452355914178685,-0.36605931735207997,0.09139227378791803,470509949.706,0,0,-0.05892399658411629,2.502,416053306.05,11.02
601336,main,CSI,-0.001496204670826308,0.001418901569537355,0.004404566406333221,0.30802990996916724,-0.025600877342558708,-0.012413819537965285,-0.0028900590328422146,0.008650864175386467,0.024849008874009784,0.05044988621656849,0.1035628069478427,-0.49941270885197314,0.036642223429295656,2003155291.8420002,0,0,-0.03956177723676202,1.3108,1752829775.05,63.12
600026,main,CSI,-0.001496204670826308,0.0013097974610153614,0.004249176129649647,0.3033957482793358,-0.03380028820173817,-0.019186501910578056,-0.0028900590328422146,0.01640572060424969,0.0351563924265319,0.06895668062827007,0.22068173659583543,-0.097859369742459,0.0545113566835094,1232795083.704,0,0,-0.028732042473454178,2.0209,1224021789.25,15.55
002929,main,CSI,-0.001496204670826308,0.0013097974610153614,0.004249176129649647,0.30059474971544575,-0.03384131538857789,-0.018364017765138248,-0.0018205724772414648,0.01621035057049953,0.03774284078752035,0.07158415617609823,0.21074779690804438,-0.11852788709991836,0.09707599456054966,1252458034.9,0,0,-0.036493531569801174,5.3797,587625636.91,49.9
600428,main,CSI,-0.001496204670826308,-0.00355484316229719,0.004964555559955683,0.39243220374254006,-0.048105716879886025,-0.02903440390564337,-0.0028592917454174716,0.020062935335226312,0.04845467794859511,0.09656039482848114,0.4378209794761151,-0.4428812989379968,0.0654817586529467,834717819.1895001,0,0,-0.03170289855072461,2.5385,675983742.69,10.69
000685,main,CSI,-0.001376650971239576,0.0024827601986456387,0.004404566406333221,0.44034789974848365,-0.024834777744582426,-0.008697896070568615,-0.0013240378831286578,0.014507901928977066,0.030751380722280605,0.05558615846686303,0.15520759086045682,-0.4896182127455163,0.05137155801936161,519693883.8955,0,0,-0.018867924528301994,1.8036,246117326.84,10.92
600301,main,CSI,-0.001496204670826308,0.001418901569537355,0.004404566406333221,0.30059474971544575,-0.04046943156189792,-0.020735053427056994,-0.0018205724772414648,0.015690943384656417,0.04290343877483158,0.0833728703367295,0.24551338518534188,-0.19099214258791836,0.09610389610389612,777260900.9714999,0,0,-0.053311020798469944,3.1578,346186567.79,39.6
600226,main,CSI,-0.001496204670826308,0.001418901569537355,0.004721234617390126,0.3894611390024282,-0.03914847396566709,-0.017141900770914986,-0.0018205724772414648,0.016750925668738065,0.04433254281205835,0.08348101677772543,0.19646154491201984,-0.3469269142135391,0.116005291005291,1543806692.9125,0,0,-0.04593639575971731,3.4196,558496910.71,5.4
601788,main,CSI,-0.0007524786136454942,0.004922789939556807,0.004404566406333221,0.44034789974848365,-0.02521259348689159,-0.010072665883695923,-0.000644271513220955,0.01941191328659489,0.03481013484631023,0.060022728333201825,0.16601878991437508,-0.5555070816027311,0.04219199841159537,807611242.049,0,0,-0.036168787675820435,0.8364,476693555.02,14.39
002993,main,CSI,-0.001496204670826308,0.001418901569537355,0.004721234617390126,0.3894611390024282,-0.04046943156189792,-0.02045587995704407,-0.0018205724772414648,0.01616993452713352,0.038884401303578904,0.07935383286547681,0.22523091035066917,-0.4712523451726078,0.11580288223886838,590813127.6735001,0,0,-0.03518233179250119,2.5643,231964286.3,37.57
601601,main,CSI,-0.001496204670826308,0.001418901569537355,0.004404566406333221,0.30802990996916724,-0.03269094850497581,-0.016405410494230194,-0.0028900590328422146,0.012379024305911172,0.031257306674556805,0.06394825517953262,0.20055242069840062,-0.23511862929528238,0.03311022219986586,2025344948.4150002,0,0,-0.026211520877781225,1.0357,2273385586.62,31.95
600415,main,CSI,-0.001496204670826308,0.001418901569537355,0.004404566406333221,0.30059474971544575,-0.031263608962090066,-0.018170425062990953,-0.002998092354605026,0.012549965707160705,0.0265233711442521,0.057786980106342166,0.14298762343080695,-0.6245931152302135,0.0574690150032616,999785383.7215,0,0,-0.026666666666666727,1.698,1029175027.5,10.95
601020,main,CSI,-0.001496204670826308,0.001418901569537355,0.004404566406333221,0.30059474971544575,-0.03316546593047766,-0.01841957979653118,-0.0018205724772414648,0.018261237896558653,0.03950864320759655,0.0726741091380742,0.217006109507701,-0.4425893382117794,0.06602960623844362,568332140.5445,0,0,-0.06670168067226889,2.5782,384121312.75,17.77
601919,main,CSI,-0.001496204670826308,0.0027209393093258565,0.004404566406333221,0.3869805921349942,-0.031092020646912626,-0.01417942619696767,-0.002998092354605026,0.011023584044247626,0.03072434539808268,0.06181636604499531,0.1707046801319147,-0.5784688269536395,0.02260304718388662,1518414482.3560002,0,0,0.0032743942370661028,0.8079,1556149498.71,15.32
000063,main,CSI,-0.001376650971239576,0.002125082370388381,0.004721234617390126,0.4589694537736448,-0.010670635599493557,-0.0038460190174929043,-0.0032999999821186066,-0.002527050082301654,0.0004211348902795738,0.01109177048977313,0.13395366901733813,-1.055411143917592,0.07510204081632649,11708483201.790998,0,0,-0.025612472160356448,4.4478,6307641471.56,35.0
002897,main,CSI,-0.001496204670826308,0.0012536464652188864,0.004404566406333221,0.31582421277694656,-0.035394476714336646,-0.020387125805776656,-0.0018205724772414648,0.01632519937664704,0.044203632321357,0.07959810903569364,0.21161976320156112,-0.26121920424142414,0.12237635267630181,1397728159.185,0,0,-0.03214695752009189,5.4564,606508016.45,59.01
600989,main,CSI,-0.001496204670826308,0.001418901569537355,0.004404566406333221,0.3894611390024282,-0.037564431678456925,-0.021875145652188933,-0.002998092354605026,0.014257737195025762,0.036523165515162596,0.07408759719361951,0.2867220115791578,-0.5552386113690773,0.051600879872907256,2159674383.8235,0,0,-0.03746397694524495,1.5006,2649287094.07,23.38
603678,main,CSI,-0.001496204670826308,0.0012536464652188864,0.004721234617390126,0.31582421277694656,-0.0402804349198702,-0.02040927252150154,-0.0018205724772414648,0.016453161908376594,0.04385700330792975,0.08413743822779995,0.2500182462787078,0.06838120433086467,0.14528795811518327,2223402458.4365,0,0,-0.06268124024091004,5.187,1056650210.67,42.02
002881,main,CSI,-0.001496204670826308,0.001418901569537355,0.004721234617390126,0.30059474971544575,-0.0319231480580334,-0.016737705574912977,-0.002506406293005988,0.01463465738435039,0.040193875162866724,0.07211702322090013,0.20263944034059664,-0.3715289900253224,0.08498951526075912,522020074.4735001,0,0,-0.05252725470763131,5.8693,419047191.48,38.24
600031,main,CSI,-0.001496204670826308,0.001418901569537355,0.004404566406333221,0.30059474971544575,-0.030384018286415175,-0.015555072445430935,-0.002998092354605026,0.011729709880923572,0.027902776019931862,0.058286794306347034,0.16621344985263437,-0.6649139162876421,0.03918361013424775,1863471595.9759998,0,0,-0.019529293940911407,0.6219,1032501557.85,19.58
605011,main,CSI,-0.001376650971239576,0.0024827601986456387,0.004721234617390126,0.5003052977400398,-0.008827492050543208,-0.0035431471003247498,-0.0032999999821186066,-0.0022268222217067873,-0.0009712410041235166,0.00785625104641969,0.1984282215710857,-1.008851832826532,0.10303411870869346,331468443.14,0,0,-0.08119891008174396,3.5794,248418204.22,16.86
002074,main,CSI,-0.001496204670826308,0.001418901569537355,0.004404566406333221,0.30059474971544575,-0.03093698105120911,-0.015265302253518296,-0.002506406293005988,0.013938542939959518,0.031640209256539126,0.06257719030774823,0.1750617060426281,-0.4833887848011593,0.04575881670657091,896638249.558,0,0,-0.051236749116607694,2.0511,975889973.89,26.85
002594,main,CSI,-0.001496204670826308,0.001418901569537355,0.004404566406333221,0.30059474971544575,-0.0319231480580334,-0.014839390933970182,-0.002506406293005988,0.012851498654601817,0.022676958705179103,0.0546001067632125,0.17744126658803705,-0.5049697922506079,0.0368608429333209,4651506870.6985,0,0,-0.008202914193200295,0.697,2244617938.15,91.89
002916,main,CSI,-0.001496204670826308,0.0012322234888943642,0.004404566406333221,0.32306016390267467,-0.03369675621054735,-0.019109594464409716,-0.0034639075319454556,0.01848838025168078,0.04688697828838129,0.08058373449892864,0.29516974415041053,0.009639153641930933,0.1105671618727116,5765829561.101,0,0,-0.013808634841615652,1.0539,2331824280.03,332.81
600089,main,CSI,-0.001496204670826308,0.0013097974610153614,0.004249176129649647,0.30059474971544575,-0.03472443250766656,-0.02151194305927749,-0.002998092354605026,0.014829096200104832,0.032817999379471934,0.06754243188713849,0.25416719202178106,-0.5913823906731673,0.03909479436698662,2517318715.803,0,0,-0.05294937296795177,3.9733,4150786829.35,20.39
600366,main,CSI,-0.001376650971239576,0.002015978261866387,0.004692098088118022,0.4589694537736448,-0.008827492050543208,-0.0035431471003247498,-0.0032999999821186066,-0.0022268222217067873,-0.0009712410041235166,0.00785625104641969,0.16013948937507672,-0.952526626227848,0.08048195979230459,763768568.661,0,0,-0.03853046594982079,3.4472,411856339.73,10.73
601868,main,CSI,-0.0012109238176059895,0.0034999878290909573,0.004692098088118022,0.3868158197954125,-0.023067129409702018,-0.009420577711528329,-0.0020945106925536116,0.01397289455921236,0.02559326486477303,0.04866039427447505,0.08985930551002214,-0.7075289902927101,0.02605042016806726,1027030032.8539999,0,0,-0.03409090909090917,1.2941,1082149371.17,2.55
600219,main,CSI,-0.001496204670826308,0.001418901569537355,0.004404566406333221,0.30802990996916724,-0.03064555700456547,-0.017398992442065886,-0.0028900590328422146,0.011173097769801249,0.037882721958748214,0.06852827896331368,0.14150385698275614,-0.4557880017720102,0.04292120435618191,890105907.4255002,0,0,-0.06889352818371608,3.5499,1856102475.39,4.46
600452,main,CSI,-0.001496204670826308,0.0013097974610153614,0.004249176129649647,0.3894611390024282,-0.0319231480580334,-0.018066446030923812,-0.002506406293005988,0.014027528176355022,0.031230006343863432,0.06315315440189684,0.2129843284737876,-0.5650687671113224,0.05398798880145281,440869895.50650007,0,0,-0.07086614173228356,3.3414,497022235.5,9.44
603501,main,CSI,-0.001496204670826308,0.001418901569537355,0.004721234617390126,0.30802990996916724,-0.03081761600571105,-0.01738525514503328,-0.0028900590328422146,0.00814516278281435,0.01870540019187353,0.04952301619758458,0.14363258663172027,-0.3780980004056698,0.07209936606221437,4174052244.391,0,0,0.0024829298572315306,1.7285,2037453433.1,96.9
601360,main,CSI,-0.001496204670826308,0.0013097974610153614,0.004249176129649647,0.30059474971544575,-0.026968295528059585,-0.015346782577359866,-0.0018205724772414648,0.011377669582302345,0.02599335191445372,0.052961647442513304,0.1685300075299969,-0.5763606614957889,0.05405863412980852,948474521.5940001,0,0,-0.0474576271186441,1.2881,772393825.51,8.43
601995,main,CSI,-0.001496204670826308,0.001418901569537355,0.004404566406333221,0.37079499291953866,-0.023537659046516873,-0.01315316424110371,-0.002506406293005988,0.009668107781355469,0.026134279908164273,0.049671938954681145,0.10856887716440194,-0.6357925556987049,0.038071167810005184,1442234220.084,0,0,-0.028376534788540186,0.7621,801183269.78,35.61
601689,main,CSI,-0.001496204670826308,0.001418901569537355,0.004721234617390126,0.30059474971544575,-0.03287891484558121,-0.016958422210264085,-0.0018205724772414648,0.016408690964589127,0.047370138271783276,0.0802490531173645,0.20281995865489752,0.028118090675033906,0.0723680090186009,2549343712.4849997,0,0,-0.052937512974880696,1.5515,1241863934.89,45.62
000657,main,CSI,-0.001496204670826308,0.0012536464652188864,0.004721234617390126,0.32306016390267467,-0.04046943156189792,-0.02227076469850018,-0.0034639075319454556,0.0188026627056433,0.05147691177602537,0.09194634333792329,0.2305141611664483,-0.0380317886313727,0.10880922356332193,5817419148.781,0,0,-0.038787878787878816,2.9974,2458575538.64,55.51
603220,main,CSI,-0.001376650971239576,0.002125082370388381,0.004404566406333221,0.4589694537736448,-0.008523974135628122,-0.0035431471003247498,-0.0032999999821186066,-0.0022634059452398257,-0.0022634059452398257,0.0062605681903882965,0.10330332464149582,-1.1601437302826267,0.0698446438404657,385160570.21099997,0,0,-0.04269899841855551,3.2041,256460380.97,18.16
000938,main,CSI,-0.001496204670826308,-0.002901734460676264,0.004252551660094081,0.33240682175215047,-0.05434022494724404,-0.033241372314494116,-0.0034639075319454556,0.03036659431694779,0.08270822850588089,0.13704845345312494,0.536545151836007,-0.24032035921464592,0.09153885921075304,14094847490.839499,0,0,-0.02355712603062421,12.6059,15218589533.99,41.45
002174,main,CSI,-0.001496204670826308,0.001418901569537355,0.004721234617390126,0.30802990996916724,-0.03164529088438109,-0.017455739131358637,-0.0028900590328422146,0.01318960803781142,0.02455676272029218,0.05620205360467327,0.1514231369372763,-0.10527392590616648,0.08736317029236529,569513311.36,0,0,-0.05412844036697251,3.3877,344503629.81,10.31
601688,main,CSI,-0.001376650971239576,0.0024827601986456387,0.004404566406333221,0.30802990996916724,-0.021648318629184402,-0.009229090218390664,-0.0009885565780144386,0.01300292385847903,0.029406043022807592,0.051054361651991995,0.10512048736326382,-0.296059010399241,0.03053221288515405,1945614174.1870003,0,0,-0.021582733812949728,0.8104,1209881811.51,20.4
002463,main,CSI,-0.001496204670826308,0.0012322234888943642,0.004721234617390126,0.32306016390267467,-0.033221208483623185,-0.017988171215252046,-0.0034639075319454556,0.018734482823268186,0.040966460598352114,0.0741876690819753,0.28179476236422557,0.35074650751712305,0.09331797235023043,10057983620.8415,0,0,-0.030412994643165714,2.188,4782409293.11,112.22
001337,main,CSI,-0.001496204670826308,0.0012536464652188864,0.004249176129649647,0.3033957482793358,-0.034715415965767035,-0.01634080624607268,-0.0028900590328422146,0.013952524485347517,0.03336140613131709,0.06807682209708413,0.16883610220256862,-0.1301675853269587,0.06969346443030652,548027850.7335,0,0,-0.07973174366616997,5.2808,832309142.4,37.05
002815,main,CSI,-0.001496204670826308,0.001418901569537355,0.004721234617390126,0.30059474971544575,-0.03335446257250538,-0.018334457360274985,-0.0018205724772414648,0.016339526741620307,0.04024904556569095,0.07360350813819633,0.1855529083724203,-0.39237791096357877,0.11416309012875539,1111693337.4564998,0,0,-0.038778877887788665,4.1895,383873660.88,11.65
002142,main,CSI,-0.0012109238176059895,0.0034999878290909573,0.004404566406333221,0.42934069508585987,-0.01848763575720721,-0.00508719199141385,0.00488506604228907,0.018143298407550846,0.03604207484403132,0.054529710601238526,0.2336143118357687,0.07160883115466435,0.05043714138438883,1588280128.241,0,0,0.005023547880690593,0.5503,1168088236.36,32.01
000333,main,CSI,-0.0012109238176059895,0.0029402355693489003,0.004404566406333221,0.31582421277694656,-0.029214777124245694,-0.014474772898459155,-0.0021421851256180928,0.019534140365243664,0.04062774027717701,0.06984251740142271,0.1936970864573148,-0.4650778997751581,0.023829247675401528,3557370758.1415,0,0,-0.0031850890645275243,0.3457,2014365070.1,84.5
601606,main,CSI,-0.00016574160205031592,0.002125082370388381,0.004404566406333221,0.30802990996916724,-0.04452779337881058,-0.018950870165789925,-0.0028900590328422146,0.050738237920478525,0.09622660204655528,0.14075439542536586,0.4898661230073765,1.3369905827017916,0.057432583017606426,485138810.6045,1,0,0.09986273164035686,4.1784,954656202.54,32.05
002891,main,CSI,-0.001496204670826308,0.001418901569537355,0.004404566406333221,0.3894611390024282,-0.03888082396114213,-0.020675446780677977,-0.0018205724772414648,0.017822861687253545,0.04536965530158971,0.08425047926273185,0.21918573413560238,-0.13745495676406283,0.0813311562547577,494257060.9415,0,0,-0.05536912751677858,2.9544,273075148.35,28.15
603306,main,CSI,-0.001496204670826308,0.002015978261866387,0.0037046759491575227,0.35245196834995657,-0.02995018757774413,-0.01481270290604436,-0.0018205724772414648,0.01689164141172665,0.03298814580341499,0.06293833338115912,0.1696189737709142,-0.540762682868732,0.10150375939849621,1036817057.2805,0,0,-0.0057649667405764715,3.0114,668330730.62,67.26
603929,main,CSI,-0.001376650971239576,0.002015978261866387,0.004692098088118022,0.4589694537736448,-0.008735286346278522,-0.0035431471003247498,-0.0024840259485893793,-0.0022268222217067873,-0.0009276773815264882,0.007807608964752033,0.16541997344833903,-0.8901262536750777,0.1035347432024169,1461502940.404,0,0,0.013161922252831415,2.8817,1026923985.23,165.5
600010,main,CSI,-0.0012109238176059895,0.0034999878290909573,0.004404566406333221,0.310735404631472,-0.023237130063858313,-0.007622911373653465,-0.0013301053289854787,0.011621788162109875,0.029962355432938226,0.05319948549679654,0.07908834302903883,-0.725864719078393,0.04001322751322752,1167945980.5709999,0,0,-0.027027027027027084,1.1375,776618379.98,2.16
002245,main,CSI,-0.001376650971239576,0.0019598272660699117,0.004721234617390126,0.39731570532174065,-0.008670670130661123,-0.0035431471003247498,-0.0024840259485893793,-0.0022268222217067873,-0.0009712410041235166,0.007699429126537606,0.15060733870886336,-1.0324479056065434,0.0858019281332165,2175984165.308,0,0,-0.04230317273795525,3.2112,849623421.66,16.3
002965,main,CSI,-0.001496204670826308,0.002125082370388381,0.004721234617390126,0.30802990996916724,-0.03234881301711,-0.015984707262785825,-0.0028900590328422146,0.014797289201318339,0.03825420282546188,0.07060301584257188,0.18271600838484153,-0.03238234544202126,0.10589361023496474,793769267.5699999,0,0,-0.062121917170776975,5.9607,466974962.92,40.31
001896,main,CSI,-0.0007524786136454942,0.022753569101373394,0.005882475182030391,0.4371171697091971,-0.03055149290645357,-0.011782395834515966,-0.000644271513220955,0.025418446285110172,0.055988463597148014,0.08653995650360158,0.6636807034814863,0.3296052916935264,0.1716290726817043,4311493403.929,0,0,-0.00972897845726206,0.06480000000000001,1396056771.0,14.25
002246,main,ALL,-0.0007524786136454942,0.01392481227447627,0.005882475182030391,0.44034789974848365,-0.021343591656002026,-0.012887375398477485,-0.004115974205631606,0.0020074747695768415,0.0186115277519393,0.03995511940794133,0.2686321545468366,-0.3046966591528426,,,0,0,0.023207839092315607,0.0381,408714917.11,19.84
603127,main,CSI,-0.0012109238176059895,0.006825505802092626,0.005882475182030391,0.3868158197954125,-0.04277299190756164,-0.021132455580893276,-0.0021421851256180928,0.01673481470082002,0.04758361063118906,0.09035660253875069,0.5690507554105665,-0.0830096119567214,0.10847749350914557,,0,0,0.08197083517454717,0.1142,3483794955.0,48.97
002768,main,ALL,-0.0007524786136454942,0.01392481227447627,0.005882475182030391,0.44034789974848365,-0.021343591656002026,-0.012887375398477485,-0.0032999999821186066,0.0020074747695768415,0.0186115277519393,0.03995511940794133,0.2686321545468366,-0.3046966591528426,,,0,0,0.022580645161290214,0.031400000000000004,378069543.92,47.55
002345,main,CSI,-0.0012109238176059895,0.006825505802092626,0.005882475182030391,0.44034789974848365,-0.03669392662579058,-0.016586497256219728,-0.000644271513220955,0.019609966859210563,0.05364124834285279,0.09033517496864338,0.3184482175862983,0.37492623584854606,,,0,0,0.05263157894736836,0.0302,271639784.7,10.4
000973,main,ALL,-0.0015541226848674043,0.0012330519540042558,0.0043928902496697874,0.380747691278189,-0.03423579581205357,-0.018664571230081545,-0.003412802283550998,0.011630279620614036,0.04498952758229154,0.07922532339434511,0.3678738200077822,0.02990564307918851,,,0,0,0.027568922305764465,0.0347,413230980.67,12.3
600619,main,CSI,-0.0012109238176059895,0.014602254293909517,0.005882475182030391,0.4371171697091971,-0.012594670366213617,-0.005542718602811309,-0.0029634204366040164,-0.0009679165964355975,0.006428481947496542,0.01902315231371016,0.7033726221727757,-1.0230697511363975,0.2483622572118147,3065448941.85,0,0,0.03325020781379884,0.0161,157048359.0,12.43
002338,main,CSI,-0.0007524786136454942,0.01392481227447627,0.005882475182030391,0.44034789974848365,-0.034926831678562135,-0.015313679541997466,-0.000644271513220955,0.0173048379441036,0.051011585627096,0.08593841730565813,0.26333556525756835,0.22975989503111832,,,0,0,0.02943495400788443,0.0165,153453019.81,39.17
002290,main,ALL,-0.0007524786136454942,0.01392481227447627,0.005882475182030391,0.44034789974848365,-0.03742020904750489,-0.017889096773053535,-0.000644271513220955,0.014127007384027904,0.05216795399496274,0.08958816304246764,0.3966313780808143,0.15801033375593498,,,0,0,0.0021193924408338116,0.0264,367638115.78,56.74
002170,main,CSI,-0.0007524786136454942,0.01392481227447627,0.005882475182030391,0.44034789974848365,-0.03068007434385334,-0.018279939741712905,-0.000644271513220955,0.017583192612608597,0.0618486227716073,0.09252869711546063,0.34854878155544944,0.35612717662877347,,,0,0,0.02752293577981635,0.018600000000000002,163909343.72,11.2
002045,main,CSI,-0.0007524786136454942,0.01392481227447627,0.005882475182030391,0.44034789974848365,-0.034926831678562135,-0.016224735939421246,-0.000644271513220955,0.020110888211728305,0.05558679009288628,0.09051362177144842,0.28231875997658035,0.2927940207186291,,,0,0,0.0440771349862259,0.0387,162210856.09,7.58
600184,main,CSI,-0.0007524786136454942,0.01392481227447627,0.005882475182030391,0.44034789974848365,-0.03458254413698154,-0.018734726238684395,-0.000644271513220955,0.01768914709716775,0.055026448030884884,0.08960899216786641,0.3282217453105045,0.24348932393821432,,,0,0,0.02197149643705476,0.0273,268417507.0,17.21
600867,main,CSI,-0.0007524786136454942,0.01392481227447627,0.005882475182030391,0.44034789974848365,-0.021343591656002026,-0.012887375398477485,-0.004115974205631606,0.0020074747695768415,0.028759247923861874,0.0501028395798639,0.2635254337638373,-0.17066756390314586,,,0,0,0.033376123234916566,0.0132,207910408.0,8.05
002549,main,ALL,-0.0007524786136454942,0.01392481227447627,0.005882475182030391,0.44034789974848365,-0.034926831678562135,-0.016109655187037608,-0.000644271513220955,0.019112728978532955,0.05123194478093655,0.08615877645949868,0.2720403513307168,0.3788140566361155,0.1422231614539307,,0,0,0.032061068702289974,0.0377,350569521.77,13.52
002149,main,CSI,-0.0007524786136454942,0.022753569101373394,0.005882475182030391,0.4371171697091971,-0.031457092458938546,-0.01113990049658881,-0.000644271513220955,0.024126227481665808,0.04924495545869196,0.0807020479176305,0.7107141871041902,0.3232119179851632,0.19423747792755935,3775567459.9795,0,0,0.03236850295673821,0.0403,642530185.49,33.17
002922,main,ALL,-0.0007524786136454942,0.01392481227447627,0.005882475182030391,0.44034789974848365,-0.021343591656002026,-0.012887375398477485,-0.004115974205631606,0.0020074747695768415,0.0186115277519393,0.03995511940794133,0.2686321545468366,-0.3046966591528426,,,0,0,0.034641068447412326,0.0382,352988679.59,24.79
000962,main,ALL,-0.0012109238176059895,0.006825505802092626,0.005882475182030391,0.44034789974848365,-0.009796465163834605,-0.004292803133460476,-0.0032999999821186066,-0.0022268222217067873,0.008164341741081,0.017960806904915604,0.2736203996371983,-0.513507852795668,0.21048479632816985,,0,0,0.029350971475816445,0.029300000000000003,724823636.02,49.8
603317,main,CSI,-0.0007524786136454942,0.01392481227447627,0.005882475182030391,0.44034789974848365,-0.021343591656002026,-0.012887375398477485,-0.004115974205631606,0.0020074747695768415,0.0186115277519393,0.03995511940794133,0.21049451765065927,-0.09571668671689289,,,0,0,-0.0014716703458425018,0.009300000000000001,133946748.0,13.57
000636,main,CSI,-0.0012109238176059895,0.014602254293909517,0.005882475182030391,0.4371171697091971,-0.04237395142652272,-0.01826358093528379,-0.0013301053289854787,0.024915960762485877,0.0633217917293824,0.10569574315590513,0.6623718445476865,0.4568662869483884,0.1359952208731594,6649238011.8005,1,0,0.09995027349577335,0.1103,5512916987.34,44.24
000833,main,CSI,-0.0012109238176059895,0.006825505802092626,0.005882475182030391,0.44034789974848365,-0.03725358096560986,-0.01734933091336203,-0.000644271513220955,0.01766957843098967,0.05129964968485938,0.08855323065046924,0.3286772486326958,0.16751350020251848,0.16036842871705256,,0,0,-0.008088978766430777,0.0438,384542941.24,19.62
600155,main,CSI,-0.0007524786136454942,0.01392481227447627,0.005882475182030391,0.44034789974848365,-0.019277765491534322,-0.011489038873540991,-0.004115974205631606,0.0032019796050522867,0.028363358127628933,0.047641123619163256,0.21128627337355996,-0.2652443441463966,,,0,0,0.030741410488245968,0.013999999999999999,176285159.0,5.7
603619,main,CSI,-0.0007524786136454942,0.022753569101373394,0.005882475182030391,0.4371171697091971,-0.03472550593635397,-0.012049717727245718,-0.000644271513220955,0.025375769220098748,0.05602348616176285,0.09074899209811682,0.6669763841599179,0.44394384603680564,0.2868330885952031,2286649652.55,0,0,-0.09999999999999998,0.08470000000000001,800930339.0,20.43
002181,main,ALL,-0.0015541226848674043,0.0012330519540042558,0.0043928902496697874,0.380747691278189,-0.03613256387536037,-0.02040850271993307,-0.003412802283550998,0.011630279620614036,0.04519961083243219,0.08133217470779255,0.4219058615107995,-0.09770809282585352,,,0,0,0.04811443433029905,0.0241,215806528.44,8.06
000612,main,CSI,-0.0007524786136454942,0.01392481227447627,0.005882475182030391,0.44034789974848365,-0.025095927048220362,-0.00851616388684322,0.004502483020817926,0.031184474236144295,0.07549567626161552,0.10059160330983588,0.2294707340264224,0.8681877114177688,,,0,0,0.019212295869356355,0.0184,231246731.16,10.61
001359,main,ALL,-0.0007524786136454942,0.01392481227447627,0.005882475182030391,0.44034789974848365,-0.021343591656002026,-0.012887375398477485,-0.0032999999821186066,0.0020074747695768415,0.01862592148908974,0.03996951314509177,0.3388777621775062,-0.3046966591528426,,,0,0,0.04875105587064077,0.050499999999999996,260608576.58,86.91
603496,main,CSI,-0.0007524786136454942,0.022753569101373394,0.005882475182030391,0.4371171697091971,-0.028260183100020424,-0.010842070185989398,-0.000644271513220955,0.02486756261514016,0.04873042251537195,0.07699060561539237,0.6620003875334951,0.3735277733126688,0.12695417789757413,2676449614.65,0,0,0.009139375476009182,0.07980000000000001,669623248.0,26.5
600529,main,CSI,-0.0007524786136454942,0.01392481227447627,0.005882475182030391,0.44034789974848365,-0.021343591656002026,-0.012887375398477485,-0.004115974205631606,0.0020074747695768415,0.0186115277519393,0.03995511940794133,0.2555986281309109,-0.3046966591528426,,,0,0,0.03388918773534155,0.018600000000000002,233642841.0,19.22
002250,main,ALL,-0.0007524786136454942,0.01392481227447627,0.005882475182030391,0.44034789974848365,-0.021343591656002026,-0.012887375398477485,-0.004115974205631606,0.0020074747695768415,0.0186115277519393,0.03995511940794133,0.3388777621775062,-0.21040070092532231,,,0,0,0.05756358768406966,0.0245,341715139.6,15.8
002958,main,CSI,-0.0007524786136454942,0.01392481227447627,0.005882475182030391,0.44034789974848365,-0.019277765491534322,-0.01134236681416345,-0.004115974205631606,0.0032172004302350385,0.024419156594872756,0.043696922086407075,0.21128627337355996,-0.03765935190448209,,,0,0,0.010101010101009944,0.0108,176334940.0,3.0
002563,main,CSI,-0.0007524786136454942,0.01392481227447627,0.005882475182030391,0.44034789974848365,-0.019277765491534322,-0.011489038873540991,-0.004115974205631606,0.0032019796050522867,0.028363358127628933,0.047641123619163256,0.2635254337638373,-0.29790997383159384,,,0,0,0.05786618444846292,0.013600000000000001,173167966.14,5.85
002531,main,CSI,-0.0007524786136454942,0.01392481227447627,0.005882475182030391,0.44034789974848365,-0.019277765491534322,-0.011489038873540991,-0.004115974205631606,0.0032019796050522867,0.028363358127628933,0.047641123619163256,0.2635254337638373,-0.3201554326250237,,,0,0,0.03947368421052633,0.018000000000000002,200206843.0,6.32
002364,main,CSI,-0.0007524786136454942,0.022753569101373394,0.005882475182030391,0.4371171697091971,-0.03209082263051505,-0.013510937483151802,-0.000644271513220955,0.025813659885896113,0.05755686374631627,0.08964768637683132,0.7092869434801338,0.3327427698138674,0.15471428571428572,3388741630.4895,1,0,0.10011001100110017,0.0706,1517906944.41,40.0
603360,main,CSI,-0.0007524786136454942,0.01392481227447627,0.005882475182030391,0.44034789974848365,-0.021343591656002026,-0.012887375398477485,-0.004115974205631606,0.0020074747695768415,0.0186115277519393,0.03995511940794133,0.3388777621775062,-0.18502592765322332,,,0,0,0.050833333333333286,0.0168,147703754.0,12.61
603099,main,CSI,-0.0007524786136454942,0.01392481227447627,0.005882475182030391,0.44034789974848365,-0.025095927048220362,-0.008323005578860886,0.004502483020817926,0.0265550870149935,0.052929934340449805,0.07802586138867017,0.21927741945591914,0.6674581195117795,,,0,0,0.037119732068099376,0.0226,226786790.0,37.16
003010,main,CSI,-0.0007524786136454942,0.01392481227447627,0.005882475182030391,0.44034789974848365,-0.03742020904750489,-0.020058530134441352,-0.000644271513220955,0.016442085195992245,0.05970632661439723,0.09712653566190213,0.5191883185199944,0.15879043491866118,,,0,0,0.06247325631151046,0.057800000000000004,319185241.43,24.83
002896,main,CSI,-0.0007524786136454942,0.022753569101373394,0.005882475182030391,0.4371171697091971,-0.02805557082099155,-0.007608041737067169,-0.000644271513220955,0.024125180020907647,0.04433262947194589,0.07238820029293744,0.6683236940010803,-0.12062748788975608,0.14325887835449144,3015508401.6745,0,0,0.04781949823202547,0.0286,343729253.07,62.23
601858,main,CSI,-0.0007524786136454942,0.01392481227447627,0.005882475182030391,0.44034789974848365,-0.021343591656002026,-0.012887375398477485,-0.004115974205631606,0.0020074747695768415,0.0186115277519393,0.03995511940794133,0.21567713622156107,-0.21040070092532231,,,0,0,0.027437244600116983,0.0111,153129417.0,17.6
002268,main,CSI,-0.0007524786136454942,0.01392481227447627,0.005882475182030391,0.44034789974848365,-0.03458254413698154,-0.01887561372790877,-0.000644271513220955,0.017445077348240676,0.061119795939315685,0.09570234007629722,0.3768682866294752,0.2773346695241908,,,0,0,0.02978406552494417,0.0113,131192537.97,13.83
603516,main,CSI,-0.0012109238176059895,0.014602254293909517,0.005882475182030391,0.4371171697091971,-0.008735286346278522,-0.0035431471003247498,-0.0024840259485893793,-0.0005710346126257692,0.015902417566440587,0.02463770391271911,0.7029545786561456,-0.7190643712382715,0.31738961175078984,2127249914.5,0,0,0.0713002470244779,0.0342,646189601.0,95.41
603663,main,CSI,-0.0007524786136454942,0.01392481227447627,0.005882475182030391,0.44034789974848365,-0.03742020904750489,-0.020058530134441352,-0.000644271513220955,0.017182423808779497,0.058268854380189264,0.09568906342769415,0.4385805889650812,0.20922950794544853,,,0,0,0.04780361757105922,0.0212,492309211.0,40.55
000543,main,CSI,-0.0007524786136454942,0.01392481227447627,0.005882475182030391,0.44034789974848365,-0.021343591656002026,-0.012887375398477485,-0.004115974205631606,0.0020074747695768415,0.02868677712066467,0.050030368776666695,0.21128627337355996,-0.08135832296681542,,,0,0,0.009079118028534339,0.009300000000000001,163653293.27,7.78
688177,dual,CSI,-0.0010018429219253327,-0.004050219200398044,0.0070730539001544026,0.4962401635716881,-0.004287825140603132,-0.004287825140603132,-0.0032999999821186066,-0.0023476054014840452,-0.0023476054014840452,0.0019402197391190867,0.33843139313218945,-0.7652034859299204,,,0,0,0.024112088628217565,1.72,225827616.83,31.43
300294,dual,CSI,-0.000735274863446412,-0.004942224639557356,0.006875206035004011,0.5164511093201035,-0.03310740016573854,-0.0227606009175305,-0.0037244906082957415,0.011080310989496406,0.032261135079763144,0.06536853524550168,0.34475233913793496,-0.35009678940627403,0.03315329283467489,376658604.6335,0,0,0.008483954260420479,2.4045,331354153.45,27.055664
300702,dual,CSI,-0.000959914201108634,0.0046008781569502446,0.01245793983690089,0.4891019321948946,-0.0349010970627168,-0.019476341761875418,-0.0008100569391032114,0.012782144499583363,0.04047723551754364,0.07537833258026044,0.33578597445341746,-0.29605676636118944,0.0658211878969041,,0,0,-0.016459523009741295,7.4993,464458082.89,29.20413552
300284,dual,CSI,0.001316714319428763,0.006773602605997535,0.017509584491641465,0.38717113092253547,-0.03303539127565244,-0.012579450077453974,0.003591422892157233,0.012287459297745032,0.032995163471504524,0.06603055474715697,0.21566751571485268,0.26455290752868915,0.04979869012643507,418622279.49399996,0,0,-0.0023923444976076125,2.6427,272268762.47,8.24237196
301215,dual,CSI,-0.00020135981755756526,0.006738137616336734,0.016061578242785465,0.466547791313488,-0.03220607649589545,-0.014099489779706735,-0.001385304670552637,0.011695401388404377,0.028393418451196698,0.060599494947092145,0.20171568105616144,-0.3682375295347808,0.07605137445403107,,0,0,0.008797653958944274,2.992,274683576.03,6.80931488
301039,dual,CSI,-0.0003411140483581394,0.0036619762048406296,0.08355311169372727,0.44084927911956984,-0.031860623932148543,-0.012814370541452838,-0.002738279297594224,0.01492066243300306,0.04333353703013619,0.07519416096228473,0.36633887225712436,0.2145020441505916,0.07891756553248384,,0,0,-0.05377456049638052,2.5412,343045726.96,8.72186235
300341,dual,CSI,-0.0027247862737430945,0.0024761115224289825,0.008476795926056406,0.34588589993306407,-0.024432318174642236,-0.009977479518201287,-0.0036837558915037523,0.010272234468385119,0.028538118102832053,0.05297043627747429,0.21235616262173673,0.47632103046815216,0.05041568148882612,396265445.4480001,0,0,0.029120879120879017,6.39,621812507.23,18.63588175
301101,dual,CSI,-0.0031132719328247844,-0.0019083636383781938,0.00879770755172083,0.5053097106056844,-0.03911357388752511,-0.02317428914659286,-0.0006341837289274979,0.020592772347501752,0.044247469014924816,0.08336104290244992,0.40435831177987547,-0.25814859207680135,0.06486060796975901,405759927.3,0,0,-0.024311531841652245,0.04650000000000001,413756711.0,45.35
688289,dual,CSI,-0.0006566374953476545,-0.00010821193741339086,-0.0007438065487422514,0.4175847904594804,-0.039776532907077486,-0.01989277124603398,-0.003299999982118611,0.016779571918319008,0.04099034405707907,0.08076687696415655,0.5173260435550742,0.31476988275552753,0.06259981149817245,370349997.0,0,0,-0.06555153707052441,4.8687,591141327.29,20.29496352
301177,dual,CSI,-0.0010312830294577668,0.005467521786551334,0.004465691912207089,0.37011116568498015,-0.03501035267641434,-0.018207407813420572,0.000804062801590187,0.012438573895495922,0.039678292908376385,0.07468864558479073,0.41030037795764,-0.30873511711969565,0.13715386652279304,,0,0,-0.12289519979894448,2.7649,388128105.02,34.1821768
688631,dual,CSI,-0.0014314384604368552,0.00441014516637096,-0.01054414238758221,0.47894519268876595,-0.010417482830211587,-0.003306697842682925,-0.0032999999821186066,-0.00201635842208493,0.002245755496828522,0.012663238327040109,0.14238137767197862,-0.198250613795204,0.0862627603302559,411486380.427,0,0,0.020781032078103223,7.0022,338893819.56,72.93544518
300770,dual,CSI,-0.001570315399683891,0.0034443000409620024,-0.00469659114780178,0.47954729290874487,-0.034716820335364454,-0.01482483276740949,0.000915167147736939,0.014480095582668903,0.038497038648085805,0.07321385898345026,0.3058210821117576,-0.005319214758290682,0.048388944727193864,450029017.93050003,0,0,-0.02979635584137197,3.5876,370608245.79,44.40743738
301262,dual,CSI,0.000297903541184485,0.006285686320386159,0.003840551223513545,0.5229824749711923,-0.03471424430526987,-0.018544347020975478,-0.0003428987211416206,0.013518059996956537,0.04269240215484472,0.07740664646011458,0.37444762055907016,-0.31035679270835304,0.0937186975872112,554230405.8255,0,0,-0.0036258158085569203,9.1587,307033384.82,27.40544676
300360,dual,CSI,-0.00047515000155464647,0.0035945165620348734,-0.012316929335851434,0.4487828648603324,-0.03321260175500924,-0.01593024875318109,-0.002627712837412548,0.01122920981127321,0.033347351506212874,0.0665599532612221,0.3757606483173559,-0.33719300598333385,0.04587850765306124,492935553.3335001,0,0,-0.033441208198489836,3.2456,294159555.52,17.55552512
688586,dual,CSI,0.0032524807198032494,-0.006393160730557026,0.002156071368812093,0.37612246287580753,-0.02420531963292846,-0.00417335550055915,0.00020976615314459708,0.01871790449294183,0.04215768607940345,0.0663630057123319,0.44197549149073523,0.7237283310106133,0.08287966960765912,495230671.33599997,0,0,0.05474705474705477,2.4266,285640818.98,15.18806844
300579,dual,CSI,-0.0009571148763406805,0.012751345627448821,0.023989278535663214,0.46318458492798065,-0.03579763247695853,-0.017530934476082945,0.0037200403998277126,0.01868534110647458,0.038657841732958,0.07445547420991652,0.3339602867594438,-0.045309596950390184,0.08476345083487945,488996536.9545,0,0,0.03913630229419707,4.0187,323726949.92,30.8
301268,dual,CSI,-0.0003772126579723154,0.02212609217498244,0.008660952833279252,0.5107383548911212,-0.04312356451940074,-0.01933412529448783,-0.0030687586037460588,0.015380019131429976,0.06190032948257188,0.10502389400197262,0.5206410084451203,0.020906821887183347,0.1255551443375278,,0,0,0.10128388017118395,3.9239,312572929.2,23.16
301153,dual,CSI,0.0001995399840798536,0.002611014427023076,0.0016785776666655222,0.4370169092261414,-0.0314185548978297,-0.017847617030687074,-0.000312451349579676,0.008291378621127355,0.02711920049822818,0.05853775539605788,0.26153402506822643,-0.3147149030677257,0.09027008108265767,510281962.6585,0,0,-0.014090177133655346,3.2724,265591093.47,24.30079026
300119,dual,CSI,0.0007867736054081351,0.010534740477899832,0.012188850137751412,0.44613650332974664,-0.03338125415933315,-0.013055525656058784,0.001060063138273517,0.013972797402000829,0.03936403635229312,0.07274529051162627,0.31189058225314137,-0.004885317649145052,0.06840193704600485,328582048.8145,0,0,0.07701083856246438,4.1341,257999581.94,18.46516864
301551,dual,CSI,-0.00039843057987528794,0.01759997190005283,0.004668768578525878,0.52886457005102,-0.034405963411583196,-0.030184586783619686,-0.0036867871742307136,0.013757593460576005,0.044865759725585014,0.07927172313716821,0.4884811063741155,0.05379096865647426,0.08150630731275899,520241017.904,0,0,0.04636890555744988,7.5557,353216175.92,29.7864864
301091,dual,CSI,0.0008499833771119876,0.014682273172688354,-0.0009678159127137321,0.4155881315342027,-0.03743788440771597,-0.025819552171444857,-0.0022285477697284364,0.016578803060678562,0.03592134769969417,0.07335923210741013,0.5069635410808575,-0.2007683375899394,0.08317992145311734,415904403.85,0,0,-0.018549747048903775,0.0241,296807512.0,23.28
300134,dual,CSI,-0.00014257273138346406,0.011232661944584754,0.006955910284242977,0.4620863198000992,-0.03202571019380561,-0.018259113136906164,-0.002212388840940529,0.006936826040679369,0.03445598317246125,0.06648169336626686,0.3890927016432071,-0.37235179972188714,0.07142857142857142,341613580.2895,0,0,0.03147482014388503,3.9708,321442499.44,11.47
301556,dual,CSI,-0.0018218231397286303,0.003223982184484585,0.012313859567177716,0.4453014898824219,-0.046604567550705474,-0.021923939818256768,0.0020668244509285255,0.021912730515376837,0.05140419178042954,0.09800875933113501,0.5275255866184473,0.9483894894016446,0.0999332588315639,694374094.15,0,0,0.08832919474991141,0.16699999999999998,439501840.0,92.04
301622,dual,CSI,-0.0016049096614198025,0.006428559627161215,0.040250975021747584,0.5095429674594087,-0.040645719324923855,-0.018420517370544225,-0.0033826509530351144,0.017024048390104705,0.04906606472092529,0.08971178404584915,0.5561453307202641,0.12599959325550744,,,0,0,-0.11142542825711144,8.5478,318406233.27,56.40085506
301327,dual,CSI,-0.0007392764039315403,-0.004794347835267552,-0.006423882859965161,0.48261561124885266,-0.035471952201582446,-0.023366375537741343,-0.0037124093391791855,0.008644008005727753,0.033399436788030694,0.06887138898961315,0.4317117748255637,-0.3623464581404264,0.0541736149712803,515010186.2295,0,0,-0.0385035074045208,2.766,294982117.11,61.68
300926,dual,CSI,0.0003915365568978597,0.006486566572328328,0.016097988453148356,0.4357229997884805,-0.038126344443638376,-0.019076618537937063,0.0012004119935478438,0.018435420235635533,0.048284761474519836,0.0864111059181582,0.41655940455145984,0.028702870525923428,0.1263437378577904,404990227.972,0,0,-0.11298753518295135,5.1789,345108305.1,21.83838524
300529,dual,CSI,-0.0009830758140650976,0.005155039916606378,0.013491974836307935,0.4474058992917359,-0.048166220053981884,-0.021421959943567694,-3.5420440657462684e-05,0.018000107086742143,0.04063915433379935,0.08880537438778124,0.3761347041400706,0.21641248368864013,0.0689027561102444,368087033.0645,0,0,0.05892070484581491,3.1845,317541159.37,18.70140576
300298,dual,CSI,-0.013769569521453792,0.004022838519247063,0.004346914451804784,0.48469964268410143,-0.042776039048337135,-0.018339151225346878,-0.000777032864086041,0.02010700115980432,0.04359967948569534,0.08637571853403248,0.44335598931656794,-0.24984647016810693,0.06678212384894823,389204315.38449997,0,0,0.039336201598033194,4.126,316945435.2,16.91
300783,dual,CSI,0.0026824182706342015,0.013144210706980583,0.0011239827133655424,0.3850199569223115,-0.030676516439325802,-0.0033708061521040616,0.0007106107335421122,0.01863487506447505,0.03059576395817033,0.06127228039749613,0.34677976896897766,0.31358307262275376,0.06918056562726616,403766536.1365,0,0,-0.00905432595573441,5.9314,326038285.53,19.5641291
300633,dual,CSI,-2.294435521983654e-05,0.011566630032942043,0.0131085302331248,0.4711351633882972,-0.03744038755529164,-0.02087038192436734,-0.0019797983058800163,0.016668536777420022,0.042134058328530684,0.07957444588382231,0.5462454439360336,0.11673614531406501,0.10000000000000002,387577641.8765,0,0,-0.052631578947368474,5.2787,342981435.68,24.0756867
301175,dual,CSI,-0.0005587921819885129,0.0020020142185140258,-0.012023294559412152,0.49468910342235295,-0.033039961105913826,-0.01428952371318898,0.003499324153504413,0.01096410367933911,0.04598853429553771,0.07902849540145154,0.3239644013544883,0.4432533959519778,0.048696233563628254,622230757.3905,0,0,0.0174603174603174,9.0343,358880341.66,6.30952966
301207,dual,CSI,-0.002173029646807105,0.0014798895358780323,-0.005532951489831662,0.4537861677246636,-0.05109832697934763,-0.02789423107890841,-0.0007579370573993354,0.014024524595733893,0.04472747409374112,0.09582580107308875,0.5035097395502478,-0.24381104373873888,0.09743677375256322,549573290.0419999,0,0,-0.041284403669724745,3.088,390502998.99,19.9613392
301589,dual,CSI,-0.0009363471662492632,0.0029759591133378615,0.01116293846920655,0.46823940831020233,-0.037049791860296874,-0.02457857009575137,-0.003992726777081372,0.011926964512597657,0.03727400460320076,0.07432379646349763,0.3443003817674939,-0.2939842428330685,,,0,0,0.05688186505267878,6.653,426202539.79,187.6168756
300188,dual,CSI,-0.0015878724555679926,0.0029207032425793977,0.005355752374718275,0.48386496618324853,-0.008665859068873533,-0.003306697842682925,-0.0032999999821186066,-0.00201635842208493,0.007256774808749453,0.015922633877622987,0.24567568193748443,-0.6427908696033194,0.07081174438687389,377700196.401,0,0,-0.04218362282878407,3.6222,356152518.83,11.58
688567,dual,CSI,-0.0009761016619673703,0.0004607826575953358,0.00736298478545731,0.2951382221944813,-0.035721110056060476,-0.01916350181563607,-0.003299999982118611,0.013760635863771922,0.03281393942187302,0.0685350494779335,0.2712609522463664,-0.24818690088937456,0.0685957102387697,381612094.5,0,0,-0.039455782312925125,0.0194,335990955.0,14.12
300098,dual,CSI,0.000681505273510352,0.0022995865418903787,0.015551189232332377,0.4682799244114696,-0.0122037643482378,-0.003306697842682925,-0.0020377352275536393,0.0029787785275549156,0.019241812902753085,0.03144557725099088,0.1096993973775409,-0.4871340458285341,0.04072570413600614,472919588.63199997,0,0,-0.012280701754386003,4.2535,373870537.45,5.63
688443,dual,CSI,0.0006216030446268065,0.0007476831258051041,0.014130157930478202,0.4924907859164706,-0.03511727236566036,-0.009767605664538511,0.0002066202097356449,0.014641873573042802,0.04191140855536286,0.07702868092102322,0.26676130929884195,-0.08602287951473868,0.12124200426439234,368486134.3455,0,0,-0.09183327685530329,11.2714,366678892.37,26.8
300443,dual,CSI,0.002169318697312981,0.01312406211630779,0.0005184330531334658,0.42128903081045177,-0.02099806038870686,-0.004477997427572216,-0.0023000000510364814,0.0009800206657750853,0.011924138565732208,0.03292219895443907,0.19109939820173272,-0.7651663426389529,0.06854591734910526,404666346.923,0,0,-0.06990521327014221,4.8435,281076956.65,23.55
688128,dual,CSI,0.002447776976040489,0.014448381765362478,0.020147778338101746,0.4120282267322984,-0.04268532542615263,-0.01395697168244031,-0.0032999999821186066,0.0149572958810716,0.04259982723553084,0.08528515266168346,0.4505468130357133,-0.016324636718227547,0.12343526265225813,,0,0,0.053267850396675476,2.7191,307580964.31,27.56883132
300525,dual,CSI,-0.0008938844118694574,0.0054173586967813615,0.02129184155130755,0.4525523784121072,-0.03458592371939216,-0.01764096553656853,0.0016383694481128307,0.01701248841296639,0.03467738187112446,0.06926330559051662,0.2859301171614694,-0.27932100588368053,0.09232513344832992,570137893.6299999,0,0,-0.05791106514994837,4.8885,282018791.48,9.11
300036,dual,CSI,-0.001041462033150007,0.0036044064045965885,0.021280398584676674,0.5350082044392049,-0.036985940472713016,-0.016792959690046575,0.00027914537121468205,0.016845236061952464,0.04287735555720228,0.07986329602991529,0.3497512238838212,0.017760847473205034,0.09910860896082568,545013701.2574999,0,0,-0.006525285481239873,6.936,376576777.73,12.15000066
300910,dual,CSI,-0.001278713444598122,0.0007471200002672285,0.012664897357044545,0.3940032506709876,-0.040221759887031076,-0.022101509030765246,-0.0017058284896615515,0.016024378597847576,0.04127220713648524,0.08149396702351631,0.40064382164689777,0.035247693470076356,0.07778792162359821,376079293.217,0,0,-0.0817925415230335,6.2168,493521047.63,29.3
301522,dual,CSI,-0.0009032194695643317,0.0005754457030181949,0.03223293050341088,0.4526068787797816,-0.041948527159897,-0.022082371899823545,-0.0009905397819809732,0.02357285408068842,0.05513018683868031,0.09707871399857732,0.42160834191927316,0.6041329070824445,0.08285327007793969,402555257.65,0,0,0.06304034582132556,0.047400000000000005,377984843.0,29.51
300180,dual,CSI,-0.001151488930701835,-3.978349673910317e-05,0.011273732801810722,0.4093484414379576,-0.03248371834247256,-0.01676930677191235,-0.0005020532315046425,0.017132041840047983,0.03326954570545895,0.06575326404793151,0.20307438001991118,0.6642073225163999,0.09219964136282129,440417574.6795,0,0,0.05518763796909498,4.4716,362074857.33,4.78
688408,dual,CSI,0.0010349248103141276,-0.0023751520603589446,0.025967875883648982,0.4656993372390439,-0.03981126297724563,-0.026727279249281328,-0.003299999982118611,0.011715799302333449,0.03563945675335756,0.07545071973060319,0.5277733834547612,-0.35969258289653916,0.11957379636937653,375930017.734,0,0,-0.07783753184262665,4.424,329365742.37,32.58
301155,dual,CSI,0.004576221884016685,0.01122914612040091,0.024132875210519558,0.5847964958727626,-0.021838040746058572,-0.003472176109154656,0.005372580612486858,0.02026619043281235,0.03869031849085987,0.06052835923691844,0.20390979281108984,0.12702453245581208,0.11889381920052423,468339127.8855001,0,0,0.0016080863772112153,6.776,378980706.12,43.6
688776,dual,CSI,0.004987382425213428,0.010822217952581011,0.01501860257778577,0.39265609131505874,-0.02105702967072136,-0.008388554915668435,0.0035369014063728944,0.020692451603005306,0.041805698186009085,0.06286272785673044,0.28475682006122066,0.7626721725430085,0.14990406708198117,423152878.758,0,0,0.05087994424115694,5.6449,374213802.65,60.31
688016,dual,CSI,-0.00039353333664513126,0.001238952521798082,0.014303311139212514,0.39710986871768295,-0.03399881865062515,-0.017690509685804625,-0.0032999999821186066,0.012691396892903878,0.030806340846566707,0.06480515949719186,0.2665735638745055,0.018328682389708556,0.06309968174919367,310281997.6465,0,0,0.049721189591078074,3.0194,325010973.51,90.36
301565,dual,CSI,-0.0018276631154586491,-0.004358417558804045,-0.024837953953098745,0.5057190756447859,-0.03657477459535976,-0.018913153066287172,0.0019608102144170183,0.019322936608714005,0.038099903599910216,0.07467467819526998,0.3951191911021384,-0.22666907938258113,0.08614267088843358,451296490.69400007,0,0,-0.045624222314392227,9.3777,279209018.05,23.01
688639,dual,CSI,0.00448745576501526,-0.005163415251970896,0.01558708494085425,0.4235078935497765,-0.021323142820425196,-0.00919028113015648,0.0035369014063728944,0.020617666295932015,0.05412535685602291,0.07544849967644811,0.38823373703229075,0.5400447560898572,0.187794949317069,521158861.562,0,0,0.07987012987012987,11.2718,459249316.31,16.63
301263,dual,CSI,-0.0017032869451953183,0.005253980951871723,0.002613620846512336,0.45596356537179583,-0.03884189311208787,-0.025112538784793425,-0.006327475913030253,0.008801153229285241,0.036409976039558554,0.07525186915164642,0.314808014651392,-0.3399196700836171,0.1361479592484138,343427144.14100003,0,0,-0.039381153305203975,4.089,305940421.25,20.49
300482,dual,CSI,-0.0017032869451953183,-0.000959429601454314,-0.00893692192686283,0.440368546105053,-0.00918303676765833,-0.004361161917760922,-0.004361161917760922,-0.0021369016400176574,0.013475395301176118,0.022658432068834448,0.19080773075310198,-0.7704020403811568,0.08639373871161952,463541533.629,0,0,-0.049771167048054954,4.1838,299261294.98,16.61
688252,dual,CSI,0.00048439333690265075,0.00845111158170244,0.003964202709347596,0.3395242258938832,-0.018658877024146328,-0.0033868299033969697,-0.0032999999821186066,0.0011421830856009954,0.009306913164554276,0.027965790188700605,0.17351728805928632,-0.7896097329565938,0.08893074471167779,364122968.077,0,0,0.027083333333333348,3.5491,358278781.32,24.65
300127,dual,CSI,0.0003604579676250332,-0.005473585288395611,0.017091752887049425,0.40592311910302,-0.03090083583353035,-0.010692923294503472,-0.0032999999821186066,0.016272153674423806,0.032189509371376025,0.06309034520490638,0.14398984751575447,-0.2952857255263764,0.06772691008771933,332846777.67149997,0,0,0.037088873337998596,5.8602,403082331.09,29.64
300641,dual,CSI,0.0003604579676250332,-0.004901553976270712,0.001505222806507994,0.48417174366392585,-0.03701852933650052,-0.021987917773938014,0.0035192381740027506,0.015211777710667226,0.05079583538674777,0.0878143647232483,0.22646497339987537,-0.28569703810662583,0.09177541208791208,413372501.45,0,0,0.05919796308084013,0.0401,345858220.0,16.64
300415,dual,CSI,-0.0015396776942194596,0.0029893060195023656,0.0013897637536831756,0.3394915543996009,-0.03376915986973957,-0.018825147024588765,-0.002755569999915006,0.012485296177616349,0.02740067418934633,0.0611698340590859,0.2891602969998411,-0.008633818479045343,0.07266009933035712,418793516.423,0,0,0.10781404549950535,5.1698,512267737.79,22.4
688306,dual,CSI,-0.0008938844118694574,0.004578794094852663,0.010804468874892533,0.4065108361366687,-0.036483530134618476,-0.019905026724085458,-0.0032378817093558655,0.018247551811335697,0.049086487875463373,0.08557001801008185,0.26393300211040505,-0.23325790661379797,0.09578860445912468,377919848.25,0,0,0.0778816199376946,0.030299999999999997,381712053.0,10.38
300809,dual,CSI,-0.008465493151851317,-0.007743561669105804,-0.013321592623531832,0.47992763576751885,-0.03722349471647631,-0.02141028778067459,-0.0045585454982541174,0.01088796344384849,0.034739208181566936,0.07196270289804324,0.3731224908109151,-0.22934219572967685,0.11572085502046595,536796936.7745,0,0,-0.06668867613073615,8.6533,373818139.0,28.17000901
300376,dual,ALL,0.0007615001620180433,0.009307118699416483,0.06005603800060781,0.5228600275536571,-0.04530299422775869,-0.018440713323534162,-0.0004833670563893119,0.023185964063905308,0.04256271831451985,0.08786571254227854,0.3231849059212521,-0.39085428918330967,0.10926712692511949,508258826.2,0,0,0.061143984220907166,0.0281,345959193.0,5.38
301592,dual,CSI,-0.0017048271307408625,0.00621956784624344,0.045520550569979064,0.5270645344655787,-0.040919332286477046,-0.01943052160152924,0.0012020086939376854,0.018155490090493213,0.04991206215111977,0.09083139443759682,0.4264203408158862,-0.2514690914285526,0.0959563507450285,,0,0,0.01759785353535337,0.0791,239017353.0,128.95
300457,dual,CSI,-0.0003313562580923661,0.006428023901873088,-0.009702668008501412,0.28970161010641504,-0.030568410452452777,-0.016408749895195925,-0.0032999999821186066,0.017101480663713836,0.03324746703842672,0.0638158774908795,0.27714451550594676,-0.13373842242079473,0.06882533342842877,458265742.4705,0,0,-0.013786312161496728,2.1074,265328761.36,20.03
300855,dual,CSI,-0.0012928911147140198,0.004575411361346513,-0.014245130216100615,0.4748692349397834,-0.007703536374439198,-0.00338244330079285,-0.00338244330079285,-0.002573616362246336,-0.002573616362246336,0.005129920012192862,0.13738519718056422,-0.7227704853084559,0.07910397250393425,382635553.217,0,0,-0.02067725501947848,3.049,291601474.4,32.68
301000,dual,CSI,-0.0017832701028009533,0.003803106647666914,-0.0005261921466789498,0.44256019432254096,-0.032710522852953484,-0.017499170733834474,-0.0037640061036219793,0.015322454337101183,0.03541453999410592,0.06812506284705941,0.3070489860375471,-0.32707286860256773,0.10999995081053697,504523350.47349995,0,0,-0.11819887429643527,5.1148,331377911.0,28.2
300070,dual,ALL,-0.0011879448383811822,0.005733374348428869,0.021491391055650358,0.4334648186374533,-0.04197120797038862,-0.017038762148138663,-0.003902109136484223,0.01597516770443768,0.05861559495945238,0.100586802929841,0.46886496115402043,-0.3617734622577319,,,0,0,0.06501547987616108,0.0262,306131959.0,3.44
688612,dual,CSI,-0.0010490030116578034,-0.007577623133793468,0.0007691994140620083,0.3845856934397938,-0.029439805734629357,-0.014215665795505062,-0.0032378817093558655,0.018450159754365363,0.04295165047857742,0.07239145621320678,0.5063424966289511,0.11499674417895414,0.10522158675649743,367366238.9525,0,0,0.09382303839732886,3.83,315146345.46,32.76
301050,dual,CSI,-0.0013222065454830591,0.0011534237539585059,0.008247577052574027,0.40285043348449645,-0.023124374487573908,-0.01646214711585366,-0.0031356512068618303,0.01599047185542963,0.03755583157087451,0.06068020605844842,0.28999306009367937,0.1267029627292856,0.0834687053830228,389387027.2335,0,0,0.05279218797680785,5.2904,385627347.55,34.5
300634,dual,CSI,-0.014900527715365153,-0.011845207778298969,-0.026866285319721298,0.3531994230398772,-0.042229735775971826,-0.018065113789281197,-0.0023000000510364814,0.013516953887387329,0.03337433373464914,0.07560406951062096,0.4342368347245498,-0.19010808936166673,0.07948103904665316,583708267.8955,0,0,0.019121447028423555,3.9087,338573393.34,19.72
300872,dual,CSI,0.0046421878298724805,0.004225548165783361,-0.004283002415902164,0.3479715425592626,-0.0211041911152227,-0.004568401079486659,-0.0019502604381248878,0.017291116641792205,0.03075722384377887,0.05186141495900157,0.19430921400874207,0.39141742946370617,0.10133202217057033,449580983.8675,0,0,0.03631647211413758,4.4063,300975862.89,15.98
688165,dual,CSI,0.002931603777148635,0.02554350496502937,0.03942208274244885,0.6026681775778348,-0.004781655227465487,-0.004781655227465487,-0.0032999999821186066,-0.00201635842208493,0.001660137997718455,0.006441793225183942,0.09600505699764054,-0.7800713001608677,0.09400362461586952,490355199.03900003,0,0,-0.091683366733467,3.0785,303263089.63,18.13
301238,dual,CSI,0.004227345470094548,0.03678624959422652,0.04091922515872876,0.6472635458644926,-0.03096869655168963,-0.001398047036428874,0.00718450855023154,0.0216863747690335,0.04052748747694168,0.07149618402863131,0.1149890842465176,0.31314877322434287,0.08869750510521177,550038370.3774999,0,0,-0.07422324510932099,2.3721,286373738.5,16.09
300224,dual,CSI,0.004227345470094548,0.03196357605500301,0.024649912206431836,0.4077359507853239,-0.026616310919749104,0.0002870860414773415,0.0002870860414773415,0.020582646189812624,0.03528868101321425,0.06190499193296335,0.0963440312974213,-0.004138218770606919,0.07732919254658384,532711875.77250004,0,0,-0.06351791530944617,2.5347,276820147.22,11.5
300034,dual,CSI,0.0049014309979396485,0.04310934450838061,0.05556249081899904,0.5970145442029564,-0.015169826538019739,-0.003306697842682925,-0.002380586705662426,0.0029787785275549156,0.013888324428057958,0.029058150966077695,0.3346268761513248,-0.8455373699711256,0.08543680630146798,356502718.348,0,0,-0.043165467625899234,2.7279,338568349.79,15.96
300153,dual,CSI,0.0012633431138013476,0.034614948483179274,0.05739309825215819,0.6131637842069427,-0.031202210976583614,-0.011675585866966872,-0.0026503322893084258,0.02265435690074052,0.051671020135123064,0.08287323111170668,0.17498235616595018,-0.16300121730525133,0.11141162669447337,696643039.95,0,0,-0.08322877457130906,0.0487,353920412.0,21.92
300455,dual,CSI,0.005221576624505862,0.008154890889270586,0.004756749713029868,0.5070689115513549,-0.026152166979242372,-0.011446158685710561,0.004047055941587689,0.01965006461847883,0.033115362467889806,0.05926752944713218,0.2989572017429831,-0.26624266142024317,0.1074975729967889,464048882.75249994,0,0,-0.07405614714424014,2.0143,274630829.36,19.13
300598,dual,CSI,-0.001443910296200462,-0.0009490430293187348,0.006233677366071296,0.5254860373811681,-0.0538484910941791,-0.04710050247282009,0.000842574538675375,0.011680343096436147,0.03194540419022096,0.08579389528440007,0.35035048487979237,-0.3168324235756151,0.1292529115597823,483956011.24000007,0,0,-0.06022080963532961,4.9492,301511608.65,28.09
688686,dual,CSI,-0.0018127009663367094,0.007798815964202244,0.004198822626806533,0.5743749658327435,-0.0418824629347275,-0.02099181686142243,-0.0032378817093558655,0.011981735895852816,0.03942081285270757,0.08130327578743507,0.2872375765177853,-0.2978750372347151,0.08882528798963338,461100385.6085,0,0,-0.011926605504587129,1.5823,269665802.15,140.01
688660,dual,CSI,0.006563391198374748,0.026732313306251233,0.02924357848167395,0.5445133741341377,-0.021027398020018344,-0.005754180435014013,0.009002151869256885,0.039635389204328075,0.05428245931215645,0.0753098573321748,0.4293570908974642,0.3157171358523542,0.14837217576943607,407238016.75,0,0,0.04693611473272474,0.0259,276767921.0,8.03
301078,dual,CSI,-0.001151855342550578,0.0042583661580475425,0.001961879713576721,0.3476248092264546,-0.03224352094690857,-0.015166900920722272,-0.0032999999821186066,0.014187839855031784,0.029822411740526758,0.06206593268743533,0.30056469640329936,0.035990886020240996,0.07460848264166003,447033304.26100004,0,0,0.04221251819505101,3.9855,359188508.83,7.16
688050,dual,CSI,-0.0010328685802598974,-0.007059091266385721,0.011402235280827072,0.5247677220716576,-0.03989921688205812,-0.022997667446281265,-0.0032999999821186066,0.018841341582175528,0.04957722093597983,0.08947643781803795,0.4086215366284755,0.019441244145917996,0.11285026452604388,446954396.6240001,0,0,0.03139754485363544,3.0148,252004272.58,43.69
300130,dual,CSI,0.010493549938603295,0.029970310486825427,0.013770000187582605,0.31489938680863144,-0.017569581464265616,0.0006758582869483206,0.0006758582869483206,0.03497287215647368,0.03980299347809113,0.057372574942356744,0.13455733341184872,-0.1719634092303038,0.07495377225088681,471584345.90549994,0,0,0.028438769587928014,3.6864,286722017.67,17.72
301047,dual,CSI,0.006050925862161504,0.045843059016184524,0.059471999222439016,0.6450573291382578,-0.004049638590036389,-0.003306697842682925,0.0020089965613782935,0.0020089965613782935,0.0020089965613782935,0.006058635151414683,0.41476140600029954,-0.781252141555973,0.10062835345674973,393794386.382,0,0,-0.07258707790481245,3.6452,312074054.16,69.76
688658,dual,CSI,0.0049014309979396485,0.043286410392947734,0.06858701468451656,0.6037116107442027,-0.013462267715950478,-0.003306697842682925,-0.0032999999821186066,-0.00201635842208493,0.014750506920204,0.02821277463615448,0.415335247373807,-0.8891209217664237,0.09642578777419004,358289289.2825,0,0,-0.11517241379310339,5.4736,331598004.44,12.83
688522,dual,CSI,0.0049014309979396485,0.06267378769975752,0.09975925733360388,0.642990298142258,-0.006766066583517064,-0.003306697842682925,-0.0032999999821186066,-0.002011483422420905,0.01921573030710077,0.02598179689061783,0.7201825194256729,-0.34948000517906613,0.12030441810344826,496671026.11800003,0,0,0.05401312468450281,8.3961,299948191.14,20.88
300777,dual,CSI,0.011643044802825152,0.053733179844380474,0.08049792408768121,0.5180970610236711,-0.012578257427073046,0.0027807910335329897,0.0027807910335329897,0.035296751977160895,0.043015994689910034,0.05559425211698308,0.5423980892686181,-0.17440341997428963,0.08148496240601502,437627553.2285,0,0,-0.06557377049180324,3.0487,309233810.74,22.8
301015,dual,CSI,0.006050925862161504,0.030760112289152226,0.03831099295248584,0.5203365058375745,-0.004049638590036389,-0.003306697842682925,0.0019227938059193763,0.0019227938059193763,0.0019227938059193763,0.005972432395955765,0.41962854590596904,-0.6510126744092495,0.06860739662234544,338685322.12299997,0,0,0.019793072424651337,2.5927,310062436.14,22.67
688798,dual,CSI,0.009288012156177815,0.04414670084857652,0.042445244379247224,0.45737857817170197,-0.021998488301186548,-8.122395545007128e-05,0.00020976615314459708,0.027457906007071976,0.04654955581477278,0.06854804411595933,0.5194536228668699,-0.20694696299884197,0.09367173357799986,370804759.196,0,0,-0.06477272727272732,4.1497,333994609.86,57.61
301413,dual,CSI,-0.0054561534050826385,0.008239811784774629,0.010342015359879136,0.5095464896910823,-0.033370499619731334,-0.025437199108284285,-0.0016954845936270353,0.015482287009476315,0.040454086094855096,0.07382458571458643,0.21369435938064885,-0.016430403041870364,0.11547619047619045,443316056.88150007,0,0,-0.04244124868467203,7.1059,301594066.57,54.6
300682,dual,CSI,-0.0015728473889379054,0.003517665845265135,-0.013478312136878529,0.3453300468666966,-0.0350741907904852,-0.02496955088576308,-0.0032999999821186066,0.005981504783833165,0.03442344166071614,0.06949763245120134,0.301951375869415,0.06823823376233426,0.09956076690990738,383494665.596,0,0,0.016983016983016963,3.3781,356068773.55,10.18
688009,dual,CSI,0.0004918775780806353,0.00958648999005679,-0.0063563838646699495,0.4436544505811517,-0.030588800943433306,-0.017917847250660045,-0.003299999982118611,0.011565770563480262,0.03162060598361443,0.06220940692704774,0.19228554398390527,-0.376005663069591,0.04575252663206775,349608831.2485,0,0,0.013565891472868241,0.896,399547153.76,5.23
300428,dual,CSI,-0.0020089367577474835,0.003043344434599104,0.0017047111248109765,0.5051729680484449,-0.035660146985018466,-0.01786571926676359,-0.007144412467038555,0.012386337622777747,0.03224294531068169,0.06790309229570016,0.2683209763533832,-0.3451553678258209,0.06695285562471534,489593255.18250006,0,0,0.0656851642129106,3.5582,393455853.86,18.82
300761,dual,CSI,-0.00346085060245607,0.004522798106576238,0.002856799642713964,0.5430569836305167,-0.033416106342482745,-0.024343302744663103,-0.007193870608844908,0.004740673883247139,0.033210005629200734,0.06662611197168347,0.2818694575459,-0.13913600822107378,0.10256349824067564,330308612.2575,0,0,-0.04094488188976386,2.9231,347240262.28,18.27
301363,dual,CSI,0.002942276938192768,0.01022033135155649,0.013010909943772839,0.6951236581240291,-0.016918816410377874,-0.0025754116039887103,-0.0025754116039887103,0.013894453139572866,0.04101684813820205,0.05793566454857992,0.13769862719136425,-0.3389054049100089,0.09044031925387859,431918410.12250006,0,0,-0.022099447513812098,4.2403,347962854.29,15.93
301225,dual,CSI,-0.0025201525933297273,0.015819460968079777,0.017566975031075814,0.6869766660635904,-0.026797261971485117,-0.0129445272416014,-0.00586078245540669,0.017548674088129226,0.048291251100955127,0.07508851307244024,0.30072496718415914,0.5257146930335745,0.1487681121514882,393800513.35,0,0,-0.06664388243335617,0.1284,311224844.0,54.62
300820,dual,CSI,-0.001072172639835904,-0.008522238714204487,0.0006774815042373382,0.5108458561653931,-0.04265320472971653,-0.0232691926494467,-0.004745260014826761,0.009780358118829323,0.031141104503339245,0.07379430923305577,0.25972558872714374,-0.3674956450063056,0.12002760524499656,504301521.84849995,0,0,-0.006908462867012077,5.3583,315767836.2,51.75
300999,dual,CSI,0.0028800876986912064,-0.0006191612512658197,-0.01722890988527087,0.4046862799163025,-0.021007830068230947,-0.010970758818561802,-0.004767827701183896,0.01863714580059339,0.03616004913794803,0.057167879206178975,0.2711282340096497,-0.34920647366134827,0.04237658366098732,388157268.834,0,0,0.013953488372093092,2.3651,333202374.47,26.16
300493,dual,CSI,0.009993623278405127,0.030138641277711625,-0.0026268358134299693,0.3337207838354857,-0.017358418804360256,0.00035184603719181636,0.00035184603719181636,0.03859727346141858,0.043864875148465966,0.06122329395282622,0.23626080171329408,-0.37222404142492627,0.09548396363223095,450480322.2775,0,0,0.031173092698933536,4.4306,281019314.21,12.57
300348,dual,CSI,-0.01275477509859487,-0.004407990310163844,-0.0247688035499332,0.4433505313048975,-0.0433284102872374,-0.023224537242469052,-0.004733479234967782,0.009338836782929613,0.028606516829340258,0.07193492711657766,0.29224258915102513,-0.3308155701627526,0.09805509438775503,375006761.9405,0,0,-0.023965141612200314,3.6993,241760530.5,8.96
300047,dual,CSI,-0.012940717608949232,-0.006612226031917341,-0.030936438377902515,0.37973545277251064,-0.03995863535347645,-0.02511066075108643,-0.0032999999821186066,0.010184106260627355,0.030235577512897526,0.07019421286637398,0.37205717089014795,-0.4519392893640259,0.09257171093868856,395424778.016,0,0,0.005353319057815886,4.7411,254402477.48,9.39
688029,dual,CSI,0.0013531030611203696,0.0009827934849349325,0.02064779951966668,0.4668689808879119,-0.03548920655138847,-0.01344175461653145,-0.003299999982118611,0.013842888956410015,0.03593306138960007,0.07142226794098855,0.2974164323983022,-0.32707286860256773,0.0901212432127116,385531170.373,0,0,0.014999999999999902,1.7028,244133917.39,77.14
688327,dual,CSI,0.008138517291955959,0.04345831976408256,0.0516716263848535,0.2976820269147202,-0.021713205398423772,0.002327585387474158,0.002327585387474158,0.02697113162719285,0.034305793761304534,0.05601899915972831,0.515940661386428,0.04426964565311513,0.07347915242652087,378627804.87450004,0,0,-0.04391582799634042,3.182,281247607.16,10.45
300327,dual,CSI,0.0044552137922724165,-0.0007114118076222719,-0.0074567382395767275,0.395398626459409,-0.02595437579593987,-0.00448129355841911,-0.0021613544719706074,0.017858391790967616,0.03231970681021773,0.0582740826061576,0.14726230956119377,0.0617859540283328,0.08764090444402059,778610492.2975,0,0,-0.02006105538595726,4.5321,350165849.25,22.47
300772,dual,CSI,-0.0009764579157072727,0.002661318960982299,-0.008092381062769712,0.43328099777990314,-0.0349845444278811,-0.014483839931758091,0.0017872187491653525,0.02199903193584852,0.03540831343644987,0.07039285786433097,0.2599225173005607,-0.1997495852623052,0.09482182336752565,404132599.133,0,0,0.0362976406533575,3.0579,240861951.82,11.42
688726,dual,CSI,0.003996031037699214,0.006939595333990938,0.01617835696140089,0.43659397080150913,-0.023139506842443577,-0.011559078601893523,0.0035369014063728944,0.018160347069077605,0.03400462485510676,0.05714413169755034,0.21890125844864086,0.0361104889460006,0.08175824175824176,425751322.57,0,0,0.019607843137254832,3.2085,272665793.34,39.0
688523,dual,CSI,-0.0013771275992914376,0.0013305375781781396,0.019478573153319138,0.43588241929081917,-0.004049638590036389,-0.003306697842682925,-0.0032999999821186066,-0.002149729814608036,-0.002149729814608036,0.001899908775428353,0.1760458306073052,-0.7173908710808777,0.11817910249601699,516820017.77299994,0,0,0.03610977371208479,1.5709,273797923.36,43.04
301031,dual,CSI,0.0028318988489908904,0.0076529990214595075,0.028608435365054714,0.426269562195771,-0.029550374867834257,-0.005660484885989046,0.002270796483701201,0.023056033839956892,0.041401011480740976,0.07095138634857523,0.2580394770705648,0.07493421785641596,0.08289872856801989,477844421.555,0,0,0.06559877955758964,3.3311,313600689.99,83.82
688303,dual,CSI,0.004978927912090432,0.0085779174555949,0.004216424781948938,0.4274804595678634,-0.02016216360052639,-0.003388528936994118,0.0035369014063728944,0.019440514004734413,0.05223114359252969,0.07239330719305609,0.23007771878002806,0.16792105423005246,0.06831764224314366,589162360.0674999,0,0,0.03745541022592147,0.6437,237355597.97,17.45
688107,dual,CSI,-0.0010995021473464673,0.01538390301572114,0.02245225454451228,0.40935801089554635,-0.04794855168865112,-0.02294677072825127,-0.0032378817093558655,0.021239067867867677,0.03832914789151942,0.08627769958017054,0.318220112448667,-0.1997495852623052,0.1334291561099201,493362002.871,0,0,-0.03202377022119507,2.0074,239617313.63,29.32
300185,dual,CSI,0.00036982270597030995,0.008160435937088565,0.008726360848850905,0.41675659927867903,-0.02344811663541129,-0.00274401554476632,0.0006159190680744627,0.014430879986325723,0.03664590039484913,0.06009401703026042,0.08810285332768542,-0.3059646084954119,0.07246003094378545,500467905.32449996,0,0,0.025925925925925908,2.4006,253046182.69,2.77
688006,dual,CSI,-0.0011046901457661118,0.0047274176642255125,0.024374989190572457,0.4634745589480705,-0.004049638590036389,-0.003306697842682925,-0.0032999999821186066,-0.002149729814608036,-0.002149729814608036,0.001899908775428353,0.17770344931629609,-0.7074988948835703,0.07189542483660132,328757246.204,0,0,0.02341137123745818,1.9763,252014597.63,21.42
688083,dual,CSI,-0.0009972134471249883,0.008665325644767305,0.03201545863673252,0.39723676103289435,-0.022671934588686896,-0.014863970596875364,-0.0032378817093558655,0.019959588413761678,0.038126281797476284,0.06079821638616318,0.22021552060959548,0.14304390047326335,0.09847088869492131,470184942.0335,0,0,-0.038093164997823226,3.4269,257313766.49,44.19
301196,dual,CSI,-0.001113686850956018,0.005487057811582116,0.013697949440611827,0.32825250374755904,-0.039438154752377,-0.01826706835014799,0.0034538214838452635,0.017891619690264204,0.03007974469569902,0.06951789944807601,0.22482200674374203,0.011791519615470876,0.12988396423815865,594213450.467,0,0,-0.039764735967267595,3.8996,319745074.37,75.1
688279,dual,CSI,-0.0006095699403214765,0.0026541676536128516,0.016304801815664384,0.5138859855067721,-0.03656456077527227,-0.015663688437422846,-0.0032999999821186066,0.015053875800806157,0.03144259860393682,0.06800715937920909,0.2448096336570391,0.023805230193541888,0.10435120978672427,591799893.4915,0,0,-0.051608034366654953,2.4276,377682344.72,163.37
688300,dual,CSI,-0.0006095699403214765,0.00225031961083959,-0.009600374486151893,0.5310982403630421,-0.04072293082086537,-0.020881896974050428,-0.0032378817093558655,0.017170744823306126,0.041456340318013214,0.08217927113887859,0.29974897278224033,-0.2362928511885993,0.14185078079814922,1844015444.3604999,0,0,-0.030460040822735124,2.8576,861253939.96,123.5
301316,dual,CSI,-0.0017048271307408625,-0.0014090679771603296,0.018613150292442145,0.34603607625615135,-0.03493122620920783,-0.019147422690091204,-0.0032999999821186066,0.015806973906182534,0.03347270443252099,0.06840393064172881,0.2040289677084445,-0.22769150654078818,0.11077672685583263,769305045.4065,0,0,0.005475504322766556,3.2073,433897476.09,34.89
300776,dual,CSI,-0.0008000405365221564,0.0012617937028566182,-0.004768814845448206,0.34084265096298527,-0.045298667013513386,-0.02090454052228185,-0.0032999999821186066,0.017122902955323663,0.03962716282631117,0.08492582983982455,0.23414790963552423,-0.233038608176207,0.11695007235890019,1954605592.4765,0,0,-0.03017543859649119,4.0707,812992782.85,110.56
688484,dual,CSI,0.0044540501723822085,0.004623771731976388,-0.0019012840421793807,0.33230057232171384,-0.03328831623188129,-0.008676842612589794,0.00020976615314459708,0.022939415948323192,0.04536514550785034,0.07865346173973163,0.2752813796819067,-0.11632929332926256,0.09173669467787111,578816430.717,0,0,0.07014388489208634,3.8282,573592725.71,35.7
300308,dual,CSI,-0.0008000405365221564,-0.009403818093749879,-0.005032258571847514,0.3362344933317355,-0.049017079587352574,-0.022120179958382558,-0.0032999999821186066,0.01973490085749395,0.048060457156672974,0.09707753674402556,0.5180935444231377,-0.21785264605525234,0.08122234856809779,38799026810.929,0,0,-0.02425129601312792,1.954,22937320043.54,1046.51
300760,dual,CSI,0.0012135350546995996,0.001219362134999698,-0.013583109465135943,0.4455698553203828,-0.0348043828645775,-0.019185300744359896,-0.0032999999821186066,0.014549928778205682,0.03071903619973047,0.06552341906430798,0.18992779740703394,-0.24513615621991708,0.034918899927780925,1770681633.0735002,0,0,-0.02931034482758632,0.7399,1326910843.18,146.38
688515,dual,CSI,0.0044540501723822085,0.004925330502861672,0.007081197786570558,0.4976275490499133,-0.04388424536241348,-0.013509712311536635,0.00020976615314459708,0.023543946394765345,0.045313860210248746,0.08919810557266222,0.4590080108600898,-0.1903021408753961,0.14946560289026045,798585065.6485001,0,0,-0.031632653061224536,7.6713,555892525.2,142.35
300416,dual,CSI,-0.0008000405365221564,-0.01168287459340277,-0.003149595495291034,0.5230920060212967,-0.04695809645908816,-0.02226056202855222,-0.0010481806201457367,0.017416244956231494,0.04161949312811761,0.08857758958720577,0.1785649947378967,-0.2713478899764296,0.08108533641230187,516194205.00249994,0,0,-0.023672883787661414,3.5051,241446658.48,13.61
300628,dual,CSI,-0.0008000405365221564,0.0029098123518396944,0.006907426729453885,0.5002236510867085,-0.0407769108628303,-0.016906401261494643,0.0013987244928994672,0.015675107207280554,0.038282244920725454,0.07905915578355575,0.2055006576996873,-0.30200622146712874,0.04575586412489211,513134950.9049999,0,0,-0.023854194585901878,1.6688,444724554.65,36.42
688766,dual,CSI,0.0044540501723822085,0.017341784256255818,0.03077922467494113,0.31122394997079145,-0.030585098399202856,-0.002816771421387504,0.00020976615314459708,0.024514079141160525,0.037866608524168,0.06845170692337085,0.1665964050214559,0.19634223079107516,0.2061481660727118,5969646695.9065,0,0,-0.04359351988217963,7.0563,4194936057.4,389.64
300015,dual,CSI,0.0007864181053845093,0.0017910330934660151,0.0033209894278322166,0.332358946860051,-0.03073671423775791,-0.01773039893377965,-0.0032999999821186066,0.013593243735230348,0.02952618203647755,0.060262896274235464,0.12666829334313667,-0.2998317419511173,0.0356573067375887,942726498.893,0,0,-0.03424657534246567,1.0804,736107147.9,8.46
300113,dual,CSI,6.746901414404104e-05,0.006027872774252241,0.0007017470595395333,0.5148609884303573,-0.011468616346984664,-0.003306697842682925,-0.0020377352275536393,-0.0019017041934116135,0.010060980847330559,0.02152959719431522,0.08323866938204898,-0.7817241218750619,0.05595312639771001,484369378.054,0,0,-0.05670407560543411,4.4623,369915939.43,15.97
688690,dual,CSI,-0.001514356534540183,-0.0007717926748660425,0.011863650276652931,0.462708422021032,-0.04561480468858245,-0.028182792306216602,-0.003299999982118611,0.0163040581667312,0.04152999062595721,0.08714479531453967,0.45022073950926905,-0.28256780738466375,0.0741672414492636,569880123.576,0,0,-0.032692307692307576,2.021,289529640.52,35.21
300638,dual,CSI,-0.0008000405365221564,0.0020127501912985996,0.00691966477663983,0.3545476046249076,-0.03505663723561211,-0.018431797144497705,-0.0023000000510364814,0.014758008592568046,0.032916763449779576,0.06797340068539168,0.20235300674656434,-0.3474306664766794,0.07506663785029899,531606166.233,0,0,-0.008995502248875686,5.4124,579301231.53,19.83
688127,dual,CSI,-0.0006095699403214765,8.962215298321841e-05,0.01264035839192975,0.5305062708610183,-0.03775677694170001,-0.01817494710983423,-0.0032999999821186066,0.016559073717194596,0.03203616037400125,0.06979293731570126,0.1910078367698418,-0.2525436409572502,0.09770823638901813,824189740.7290001,0,0,-0.008237764496850208,1.6953,422466507.57,61.4
300775,dual,CSI,0.0033045553081603517,0.007311185855845456,0.008724246231679509,0.31433591156127616,-0.030100191558291214,-0.00730605147597997,-0.0022030448279692838,0.02459904515474916,0.03930478482627313,0.06940497638456435,0.1700318112091195,-0.230960471177315,0.062288593019071616,397052250.669,0,0,-0.024090462143559366,2.7771,297530464.12,19.85
688111,dual,CSI,0.0003857484218003444,-0.001513250624916981,-0.009393551958285675,0.4006657005623198,-0.033703182046119044,-0.018956718721360264,-0.0032999999821186066,0.01465213742211116,0.03585204085864096,0.06955522290476,0.24493930486647156,-0.11653241334844688,0.058290473462552964,2441448960.629,0,0,-0.04807248626200755,1.7751,1890536304.88,226.93
688008,dual,CSI,-0.0003371324867961507,0.0075296663078189725,0.023110641752126217,0.3044050053068145,-0.06251137305157838,-0.034528698038802624,-0.0032999999821186066,0.01797864530026698,0.056580924384193064,0.11909229743577143,0.6493770844050274,-0.275654867062883,0.11016617551754072,19505772814.56,0,0,0.03618625277161858,5.1933,13789725783.08,233.66
301308,dual,CSI,-0.0017048271307408625,0.012125445173385537,0.004829880177042266,0.45432137552492957,-0.040911448350424304,-0.020329618604840467,-0.0032999999821186066,0.016955408837740174,0.03584317517629174,0.07675462352671605,0.23130594490807022,-0.2711819441107781,0.13853872675255882,11193995860.302,0,0,-0.015538113609152693,5.3762,5637765501.71,370.01
301297,dual,CSI,-0.0017048271307408625,-0.0005051421352081985,-0.00393739018863911,0.5239031222122799,-0.04144796939679156,-0.020862621725618574,-0.0010481806201457367,0.01712063730126065,0.038560228012637573,0.08000819740942913,0.19773797183385117,-0.27496608604524514,0.11893499121502905,1154547900.6895,0,0,0.01051625239005749,3.9419,472434248.22,31.71
300133,dual,CSI,6.746901414404104e-05,0.006027872774252241,-0.00015412193659946835,0.5204402520335185,-0.006868832586361649,-0.003306697842682925,-0.0020044707071189116,-0.0020044707071189116,0.0014270345807427288,0.008295867167104377,0.09166645469114104,-0.7817241218750619,0.06836734693877557,543548701.4979999,0,0,-0.06804733727810652,4.4561,478595911.36,6.3
301165,dual,CSI,0.0019945039945889658,-0.02569446339657462,-0.007889261212662717,0.30340096708513625,-0.06856143964455716,-0.03353206081073312,-0.0032999999821186066,0.022673798230225903,0.07387419662340991,0.14243563626796707,0.7618207855032398,0.28565142952579403,0.10584956709956708,3687634241.675,0,0,0.04100946372239744,3.206,4715166006.33,132.0
301171,dual,CSI,-0.00020890025673731176,0.0048359492499191895,0.018508205349897135,0.35177281862132526,-0.037540711319711616,-0.01802092915616297,-0.0023000000510364814,0.01613084814455739,0.03128269834003278,0.0688234096597444,0.23370174892732204,-0.052888680805391865,0.09050453514739229,1337993258.7695,0,0,-0.0529875986471251,4.8689,623149838.69,25.2
688605,dual,CSI,-0.0010328685802598974,-0.002843053276592138,0.0029992416308655258,0.4889341286192034,-0.039298870584258204,-0.017413356509457287,-0.0032999999821186066,0.021912003773204514,0.06134024676711361,0.10063911735137182,0.34972820422003364,0.12972684040699264,0.16090597255851494,990189074.54,0,0,0.010129833071764738,4.9948,382594103.66,70.8
688503,dual,CSI,0.0012169638783658975,0.007670074741543528,0.0013663149559407397,0.5766841200159105,-0.004049638590036389,-0.003306697842682925,-0.0032999999821186066,-0.00201635842208493,0.0015752545166559584,0.005624893106692347,0.1333190412290544,-0.7522123058364742,0.11781061850027366,1236707621.478,0,0,-0.029162327034667368,3.5907,574815641.6,65.25
300122,dual,CSI,-0.0008000405365221564,0.0022982626524821166,-0.00035425697698792313,0.3483168274392005,-0.031134259182090777,-0.01432716497080356,-0.0032999999821186066,0.01626705599780224,0.029743601094139396,0.06087786027623017,0.14853265677505545,-0.34053374537738473,0.05376280767871861,390705424.2015,0,0,-0.043375394321766514,1.4961,262325143.24,12.13
301219,dual,CSI,-0.0017048271307408625,0.0013348606872256715,0.022160835424935035,0.38241473704465895,-0.04376495707643084,-0.024784444506352456,-0.0032999999821186066,0.019028645361865985,0.039411961394260966,0.08317691847069181,0.28786940320918863,-0.2674401334451528,0.06052067885977919,442146239.1035,0,0,-0.0625,3.1278,377984354.12,43.35
300303,dual,CSI,-0.0008000405365221564,-0.004129023624208122,0.0002817845639615037,0.5243919356956134,-0.03690881173423128,-0.017830521092324157,0.0002920596257481886,0.017276872992268558,0.033595089319339994,0.07050390105357127,0.15074600507436486,-0.2860374195119277,0.07218614718614719,717226346.8584999,0,0,-0.03083700440528636,2.6463,234403430.82,6.6
688208,dual,CSI,0.0012634659041609426,0.0014838373447468853,-0.004568710781015825,0.49213957857549284,-0.004049638590036389,-0.003306697842682925,-0.0032999999821186066,-0.00201635842208493,0.005083643364065109,0.0091332819541015,0.11703521445704014,-0.7800713001608677,0.05530839786895148,404259758.115,0,0,-0.049342105263157854,1.6105,285149910.28,26.01
301293,dual,CSI,-0.001113686850956018,0.002453212776149321,0.011331713608123855,0.3766528836547216,-0.04099569683330438,-0.02344988542736892,-0.0023000000510364814,0.0149205753235416,0.033991964682285075,0.07498766151558946,0.21343147840057095,-0.19029255467436773,0.07013994734654289,512748671.39400005,0,0,-0.04359925788497221,7.9676,892046380.27,51.55
688256,dual,CSI,-0.0006095699403214765,0.0010180774444456862,0.015691176575986676,0.3013555508362719,-0.044252278732408966,-0.02585826396756879,-0.0032999999821186066,0.017149594976219186,0.04735789622315952,0.09161017495556849,0.3575499764389241,-0.26876210980499354,0.09276501457725948,18478197358.249,0,0,-0.019215372297838318,1.3666,10630781334.3,1225.0
688131,dual,CSI,0.0014523084016106152,0.000612301545738022,0.010250860453387542,0.4690141561566737,-0.04385640122858192,-0.020279454063908155,-0.0032378817093558655,0.016901455033055998,0.03695435482274847,0.0808107560513304,0.18174474170112329,-0.21093566639058514,0.09147875388324074,698370653.3875,0,0,-0.02573266619013581,1.7257,253680667.24,68.15
300613,dual,CSI,-0.0008000405365221564,0.00032189992549873294,0.001992898260520975,0.5073305674201557,-0.054913501565148556,-0.028144879314867352,0.0013116899078807565,0.017745537199846943,0.04805237575103707,0.10296587731618562,0.4844511174988203,-0.25867397293592376,0.08586600107668964,953924009.2314999,0,0,0.037866666666666715,7.7409,990319069.74,58.38
301236,dual,CSI,-0.001113686850956018,0.0028840751567426443,0.005710135431965058,0.3416675153863042,-0.034304393954068,-0.01881780723546054,-0.0023000000510364814,0.015346344439938096,0.029414917129852988,0.06371931108392098,0.23718140036138427,-0.1864511041237527,0.07510204081632653,1454543776.0685,0,0,-0.07038512616201853,3.8621,1088892601.11,35.0
300166,dual,CSI,-0.0008000405365221564,0.0020257193102114802,-0.0009973272458596624,0.32809578244883586,-0.040853546438823406,-0.022010979961930986,0.0010391781894969491,0.017551690730794774,0.0368970651406804,0.0777506115795038,0.1485679271247348,-0.2638251660552921,0.08869460024194435,1317572438.0795,0,0,-0.04344624447717227,4.2353,505413906.48,12.99
300124,dual,CSI,-0.0008000405365221564,-0.0003859230830541854,-0.007087616660690591,0.3966343841846461,-0.039408561834133334,-0.01985061165327049,-0.0032999999821186066,0.018172627867888768,0.038962137017439454,0.07837069885157279,0.2458165340709587,-0.22276455153025915,0.042857142857142864,2759222198.0675,0,0,-0.048268120590121866,1.1328,1645039582.34,59.35
300768,dual,CSI,-0.0013182277150068813,0.00041676619844293635,-0.0005776517851375795,0.5356509476653486,-0.04594491959815598,-0.022909641590424693,0.0013987244928994672,0.018043415736743854,0.04267635770662139,0.08862127730477737,0.27910039100798334,-0.27993746020066096,0.08446310881767154,432976842.1,0,0,-0.05111244738424536,3.316,225190626.62,15.78
300573,dual,CSI,-0.0008000405365221564,0.0008143113628697439,-0.0028649326508878303,0.3209816131519888,-0.0355207841581223,-0.012892096340292208,-0.0032999999821186066,0.015148020867836275,0.03446131707467209,0.06998210123279439,0.14575522325525217,-0.23028727545139663,0.046559751681324375,403977174.5445,0,0,-0.04069478908188584,2.3026,248080442.99,38.66
300762,dual,CSI,-0.00015452925177211654,-0.012655652135095697,-0.003109704894833891,0.4144810280777755,-0.0457310482989298,-0.018259795397398873,-0.0023000000510364814,0.018893199587302706,0.03620917271213077,0.08194022101106058,0.2046052317084476,-0.2020817725795658,0.13083528493364557,1725020063.7605,0,0,-0.05246807041767343,3.2077,565678268.78,27.45
688183,dual,CSI,-0.0006095699403214765,0.0007609654741191125,0.009698864859301425,0.2808743575177162,-0.035906601211279573,-0.015931151664320877,-0.0032378817093558655,0.01692991478143234,0.036661218446625975,0.07256781965790554,0.2230088273803576,-0.21093566639058514,0.11941664452513803,2428252619.0835,0,0,-0.0385455990462944,1.4244,1169686491.49,96.78
300618,dual,CSI,0.0044540501723822085,0.01062396913561393,-0.004475163333339353,0.3090632328971579,-0.028477325837428128,-0.001822215552400445,-0.001387522764530149,0.024743311342481224,0.038238486575288916,0.06671581241271704,0.15137185569591763,-0.12052357766574301,0.07084364454443201,360044510.94949996,0,0,-0.05646359583952443,2.473,218272864.48,31.75
688223,dual,CSI,-0.0006095699403214765,9.086950624251488e-05,0.016947560404145075,0.3544462257182805,-0.03162735118573553,-0.015431751780482247,-0.003299999982118611,0.014521362584341663,0.029236482785012664,0.060863833970748196,0.16977618027705152,-0.34805646929852224,0.048324514991181684,516994340.40650004,0,0,-0.05594405594405605,0.9529,405625244.07,4.05
301291,dual,CSI,-0.0017048271307408625,0.0008893070822448593,-0.008792552876617609,0.44322846924144327,-0.03890657668775247,-0.0224877478539652,-0.0031755966043193907,0.01551996392193968,0.037957902996276965,0.07686447968402943,0.42366711938174334,-0.3019194164454752,0.06971240799158779,385439061.771,0,0,-0.07625060709082077,6.6612,426193589.14,38.04
301269,dual,CSI,-0.0017048271307408625,0.0010352843182978243,0.0037743765902326877,0.47891303718445566,-0.037228329536973796,-0.01467914167602631,-0.0023000000510364814,0.018893199587302706,0.03700827207637867,0.07423660161335247,0.1714890055219551,-0.21093566639058514,0.09782863391392642,2247714787.1015005,0,0,-0.01730066623683646,1.2033,608100181.63,91.45
688506,dual,CSI,-2.8166233067654675e-05,-0.0008118234429310116,-0.017440989999376925,0.316503527587624,-0.037524466267912664,-0.019133713169220634,-0.0032999999821186066,0.016619923791028994,0.0387058371411269,0.07623030340903957,0.33877689589438587,-0.035325534521498204,0.07803169499310979,1024675080.3400002,0,0,-0.06268836648583487,0.5475,714549933.81,311.0
688063,dual,CSI,-0.0011565594858531328,0.0009270334627726687,0.0347490035538948,0.297876137679452,-0.03552082405778726,-0.018269382872131014,-0.0032378817093558655,0.019309207359433093,0.03684954853081461,0.07237037258860188,0.28853499965780466,-0.22241333951873204,0.05927536740205535,314606305.5545,0,0,-0.04164705882352948,2.2279,226991512.52,40.73
301389,dual,CSI,0.0044540501723822085,0.008332873438123086,0.00403450327908008,0.42175751320601423,-0.0342688849730335,-0.0053110260078397045,-0.0025528322960279184,0.025984163762586655,0.03936627802257242,0.07363516299560592,0.19685997316485135,-0.08853680908475728,0.13400863995233134,495241393.358,0,0,-0.03248587570621464,1.7585,242382736.46,47.95
301217,dual,CSI,-0.0017048271307408625,0.004424562582730591,0.022964892551578953,0.3380543167101875,-0.048554980753020116,-0.019798820264600864,-0.0032999999821186066,0.01706725220797496,0.047559366272916244,0.09611434702593635,0.272634342382582,-0.26380692625085483,0.1516004248775307,5249548962.306,0,0,-0.03294698433140164,3.552,2685092475.99,90.11
300773,dual,CSI,-0.0008000405365221564,0.0026586291600222893,0.0006285904044103295,0.34450872110789904,-0.030796565309021886,-0.01550039258993116,-0.0032999999821186066,0.014846746221747828,0.033071195666240005,0.0638677609752619,0.13824406091589472,-0.3169967452788322,0.05217259804415767,584045195.5995,0,0,-0.05280748663101609,3.5177,520945300.82,14.17
301205,dual,CSI,-0.0017048271307408625,0.005465407857067712,0.013123569320371972,0.35400871922446986,-0.050907076667686624,-0.028603295406054077,-0.0032999999821186066,0.020201657624027716,0.04415016691440219,0.09505724358208881,0.49812601575568466,-0.08088458739627272,0.12763886485551135,2102687357.061,0,0,0.019853525103679548,9.7287,1866214862.18,231.16
300607,dual,CSI,0.0005951191093853206,0.00828537667810784,0.00610383474907294,0.5467177458145679,-0.004049638590036389,-0.003306697842682925,-0.0012245167454668442,-0.0012245167454668442,0.0015752545166559584,0.005624893106692347,0.10122454853579113,-0.8205894959582722,0.0948372902169464,1033255692.011,0,0,-0.03424420615703905,4.9079,465613028.5,27.92
688012,dual,CSI,0.0034320451363099892,-0.003265690269746333,-0.0031597497995217304,0.3105583380815556,-0.0663809791842028,-0.035322319657696194,-0.0032999999821186066,0.021433859388259056,0.06275209520527497,0.12913307438947777,0.49675578809628923,-0.2692071310452607,0.09717411288839864,13922416618.3465,0,0,0.035447761194029814,2.8066,10162906773.35,388.5
300398,dual,CSI,-0.0008000405365221564,0.0027117992804916178,-0.004056132560178841,0.3316063599114524,-0.045899105456205264,-0.021348819073621246,-0.0032999999821186066,0.01798980248442983,0.039747821231443665,0.08564692668764892,0.17375078348419307,-0.27496608604524514,0.11889451586582045,2954803156.0275,0,0,-0.019264967397747412,5.8788,1115317914.07,33.09
300459,dual,CSI,-0.0008000405365221564,0.002437656204594209,0.013481167528517956,0.3344737231440958,-0.02797161341629158,-0.014173303423650132,-0.0032999999821186066,0.014005280359529488,0.025337946641356777,0.05330956005764836,0.06446918675328506,-0.3106247263149429,0.048949579831932814,369374025.785,0,0,-0.03682719546742208,2.1862,247639854.28,3.4
300624,dual,CSI,0.006809082819029543,0.01152456100128904,0.009682378727571609,0.34194757076693294,-0.022608062183127435,-0.006750850890658924,-0.0019925829921528925,0.024282450739746518,0.03533244449457923,0.057940506677706664,0.13333957532422158,-0.07000187353529248,0.07057554883151998,458610255.708,0,0,-0.048048048048047964,3.6586,281195148.68,44.38
688005,dual,CSI,0.0044540501723822085,0.002953392394814309,0.00024961895330708644,0.2958077319346033,-0.029622331868237473,-0.008728831028385111,0.00020976615314459708,0.021181440341213314,0.036695268554154115,0.06631760042239158,0.27568614216846854,-0.12052357766574301,0.04927455357142855,433195828.31850004,0,0,-0.053254437869822424,1.9285,362340940.61,25.6
300378,dual,CSI,-0.0008814078470870089,0.005776422832508238,0.006395977377336048,0.4710087465344865,-0.022771362169442075,-0.004855127508631443,-0.0023000000510364814,0.0009800206657750853,0.010481368247871973,0.033252730417314046,0.1889047364778066,-0.7091517165977645,0.0943906528912208,375086148.204,0,0,-0.05476020042949181,3.0067,217946340.39,26.41
300353,dual,CSI,-5.969656975651169e-05,0.00214155407692376,0.0019672136448653016,0.30590733587350094,-0.03214338529130885,-0.016453520026876927,-0.0023000000510364814,0.013419559777091679,0.027103153785992762,0.05924653907730161,0.20938642806731672,-0.04679969187256002,0.07857142857142857,378957625.2095,0,0,-0.07376594564614536,3.5631,330789770.81,16.7
300077,dual,CSI,-0.0008000405365221564,0.001167021908515701,0.006035912698430367,0.39607801607295356,-0.03816012735844626,-0.017941959198450257,-0.0032999999821186066,0.0187675094501928,0.03522436779071689,0.07338449514916315,0.14490498243329636,-0.2638251660552921,0.11390520307717761,1749576387.4645,0,0,-0.030864197530864224,6.0435,601195212.98,17.27
688271,dual,CSI,0.0005318804013451202,-0.001801410861659368,0.002917086987354602,0.39218149675212355,-0.03465327335572107,-0.01767852398179985,-0.0032999999821186066,0.014064110562901107,0.03292119910617683,0.0675744724618979,0.22406492379903453,-0.1497368231854831,0.03870760155650124,891031515.4519999,0,0,-0.03583662714097491,0.6891,631811552.08,109.77
301381,dual,CSI,-0.0017048271307408625,0.003909519996803472,0.006780457386673247,0.553399985761421,-0.03902743049135522,-0.018623657514994216,0.002516714391231514,0.018933584387896073,0.049502747100418444,0.08853017759177367,0.45744632682647196,-0.11138713231492434,0.0921274878392217,342799994.008,0,0,0.019178082191780854,3.0538,276607815.71,22.32
300260,dual,CSI,-0.00015452925177211654,0.0038555229785494456,-0.00518493188279776,0.3323675745022919,-0.042894577005317014,-0.021523414771009018,-0.0013924195722583917,0.01798980248442983,0.03933490642588642,0.08222948343120343,0.19568798374511662,-0.27496608604524514,0.13543057169557038,1878905990.7275002,0,0,0.008255563531945453,7.2513,1183865799.84,56.18
300035,dual,CSI,-0.0012323981886160219,0.004765714587012088,0.0020428821928885734,0.36280449529321473,-0.031339608993073066,-0.016869712475043087,-0.0032999999821186066,0.0156380723689629,0.03357250793953981,0.06491211693261287,0.258967780885458,-0.3909778398146386,0.06942488898516193,404148706.023,0,0,0.003041825095057016,5.9923,469579505.84,13.19
300083,dual,CSI,6.746901414404104e-05,0.005468289118766151,-0.002159671659031207,0.5445228038610472,-0.004072368779486707,-0.003306697842682925,-0.0023000000510364814,-0.002050004958811834,-0.002050004958811834,0.002022363820674873,0.14847795297132976,-0.7817241218750619,0.10769530742233198,1220189520.538,0,0,0.015711645101663674,4.3634,708212876.0,10.99
300803,dual,CSI,-0.00020890025673731176,0.003958333922199526,0.008461107208495938,0.41917029819483775,-0.033853422072162166,-0.018422021955256652,-0.0032999999821186066,0.014286892173610401,0.02878261831636252,0.06263604038852469,0.2313488222156983,-0.004133438779832951,0.05064513636714827,1861711342.6794999,0,0,-0.08555885262116714,3.6114,1681124583.58,73.96
688652,dual,CSI,0.0008285067771622235,-0.0061460877241564255,0.013271488549219349,0.4918979705852634,-0.045635514014706786,-0.02708873493207244,-0.003299999982118611,0.017338238940889615,0.04294242452514683,0.08857793853985362,0.39207208238634556,-0.30801179720433147,0.141259198846825,1953251626.6365,0,0,0.02896174863387957,5.5513,1010318311.55,150.64
688502,dual,CSI,0.0012169638783658975,0.022845940994528108,0.020754715082703715,0.6244885835704311,-0.004049638590036389,-0.003306697842682925,-0.0032999999821186066,-0.00201635842208493,0.0015752545166559584,0.005624893106692347,0.11825795128653742,-0.7321509307576533,0.16844772545889863,1119479555.4629998,0,0,-0.02183119757370422,2.2795,436079975.44,358.0
688779,dual,CSI,0.0033788507389991658,0.010182910970379332,0.008705526586700625,0.3214360395698822,-0.02126554311722657,-0.005579966567659488,0.0035369014063728944,0.02119937013682347,0.035459010968041195,0.05672455408526776,0.12827650565580792,-0.2103880473164581,0.09688828367638072,352279702.1185,0,0,-0.048846675712347354,2.3447,326775781.21,7.01
300806,dual,CSI,6.746901414404104e-05,0.007764293229084166,-0.003930566934953883,0.5735864000440789,-0.005273643838885298,-0.003306697842682925,-0.0026592276236088053,-0.0026592276236088053,-0.0026592276236088053,0.0026144162152764924,0.11507159115590801,-0.5320754604886118,0.1462123471518043,1794019144.5755,0,0,-0.02741116751269046,5.5474,1053316438.34,57.48
300014,dual,CSI,-0.0008000405365221564,-0.0015827836679709992,-0.007629438412823738,0.39452227828069203,-0.04128572345705068,-0.02496504740167214,-0.0032999999821186066,0.016538922115079274,0.04200745774477175,0.08329318120182243,0.2808213605009155,-0.26947735518497323,0.04463623848353278,3152199156.5664997,0,0,-0.02440788284216233,2.104,2428946650.54,53.96
300059,dual,CSI,0.001339528448161431,0.0036973277609583656,-0.0011914240880866248,0.31862315901588356,-0.02752199119782853,-0.015269541619107756,-0.0032999999821186066,0.014769250916865916,0.034270545592523974,0.0617925367903525,0.11762728107775863,-0.02959901516164136,0.035235640648011775,8220609058.6485,0,0,-0.04339250493096658,2.3143,6106028443.05,19.4
688396,dual,CSI,-0.0006095699403214765,-0.001460448996532927,0.0015118949369767828,0.28300473009940164,-0.03906457938023913,-0.016328925753738323,-0.003299999982118611,0.01680248744323671,0.03530081711737149,0.07436539649761062,0.1917525222823565,-0.29240943847581696,0.11005203405865656,2917881174.769,0,0,-0.011780104712041828,1.389,1116297026.73,60.4
300433,dual,CSI,-0.0008000405365221564,0.005018719664362486,0.0005387402691069895,0.30577620502492675,-0.05809887051989106,-0.0321355496823803,-0.0032999999821186066,0.018038129628313936,0.04658981128431255,0.1046886818042036,0.5130722959464186,-0.29240943847581696,0.09730516000612464,6212200883.835501,0,0,0.020229633679606396,2.821,5304079146.31,37.32
688146,dual,CSI,6.746901414404104e-05,0.004915663962871628,0.03150539228206706,0.519989578651289,-0.007041918062615324,-0.007041918062615324,-0.0023000000510364814,-0.0010633914969794271,0.012714709813065533,0.019756627875680857,0.43607066461122534,-0.7731102774154697,0.15642354145223852,4402508321.526,0,0,0.14265116279069767,16.5645,5711307237.16,245.67
300007,dual,CSI,0.0033045553081603517,0.012816225785025073,0.004358042283498326,0.3177714581795152,-0.027768796497454406,-1.5260149034676892e-05,-1.5260149034676892e-05,0.026219757196472907,0.037675658846352364,0.06544445534380677,0.1513105500060551,0.2550695488888789,0.08076737451737452,592656901.0905001,0,0,-0.04269081500646832,2.6265,222699315.76,29.6
688147,dual,CSI,0.0044540501723822085,0.003134738791430365,0.026923922234785878,0.2730613134150284,-0.03802816775055312,-0.009410799683897386,0.0037211763220580986,0.022501211980276627,0.053582706063230255,0.09161087381378338,0.31038836610445497,0.8142186735787115,0.11972172101866096,1225111955.8519998,0,0,0.021208448753462728,1.49,807840395.32,117.97
688543,dual,CSI,0.0033045553081603517,0.012673834209877883,0.020306773943481328,0.4588742594392019,-0.0348283090636164,-0.0010976099343069185,0.00020976615314459708,0.026264658455765002,0.04135293187177923,0.07618124093539563,0.1868128416062339,0.49274918153737735,0.08143828351589018,395413421.3485,0,0,0.017862050013740083,4.9573,467520432.45,37.04
300602,dual,CSI,-0.0008000405365221564,0.0016576821628860904,0.005463182988704634,0.3222994575354624,-0.04554030960571569,-0.020110874483256904,0.001022654834275889,0.01720464729710458,0.039340197461070196,0.08488050706678588,0.19655800328593942,-0.2056999686483813,0.12056852135992893,1251338714.063,0,0,-0.032540333606781435,3.3891,486967718.45,35.38
300832,dual,CSI,-0.0008000405365221564,0.00026960306432259715,-0.01115108907981642,0.47229677938055176,-0.03755936160062736,-0.020505715481610953,-0.002976632987708289,0.014554744895935659,0.03574359888348481,0.07330296048411217,0.31317703652613743,-0.34805646929852224,0.047141083254493864,433748152.673,0,0,0.01384809064204795,0.9765,319224297.48,48.32
300408,dual,CSI,-0.0008000405365221564,0.0012644440406816883,0.00705221912497769,0.3321048491182514,-0.05942166642017649,-0.03422181333336934,-0.0032999999821186066,0.01810391150872763,0.0504935930291645,0.109915259449341,0.4850801135856698,-0.24694425844555187,0.12755000850002834,9803102208.474,0,0,-0.04462340123164377,2.7932,5290122132.27,100.84
300409,dual,CSI,-0.0008000405365221564,0.002465122605336572,0.0026484829909844444,0.34657139640764434,-0.036530912376270826,-0.021699154466587888,-0.0032999999821186066,0.017251152697790952,0.03894644405555589,0.07547735643182671,0.2061973420423192,-0.3019194164454752,0.05633863714977517,432965457.50100005,0,0,-0.051120045950603155,4.1176,472795964.46,16.52
301018,dual,CSI,-8.397272227340755e-06,0.0050524392378919515,0.027429675185560762,0.3254537876832504,-0.04642791251306906,-0.021800283949323124,-0.0032999999821186066,0.017383604554805455,0.044035844972990824,0.09046375748605989,0.2559805640230166,-0.2056999686483813,0.14881231180996993,2115788509.2979999,0,0,-0.03752958413163532,3.5509,865205173.27,85.4
688102,dual,CSI,-0.0006095699403214765,-0.008629218435499417,0.019690052639769105,0.49597952450370636,-0.03849204592697185,-0.020349983009314163,-0.0032999999821186066,0.017535445967525216,0.03932862085042246,0.07782066677739431,0.24023391857787982,-0.012314311795622784,0.1423011749932487,1117607712.185,0,0,-0.05737704918032782,1.7131,359504161.81,26.45
688521,dual,CSI,-0.001514356534540183,0.0004966435930741347,-0.0048181458648268475,0.2942937730108158,-0.03928326413799434,-0.018272637228209872,-0.0032999999821186066,0.016698556185182505,0.03608580702625128,0.07536907116424563,0.17794230501976538,-0.2362928511885993,0.11775086950921035,6970671361.07,0,0,-0.0053811659192825045,2.7278,3218567680.24,221.8
300738,dual,CSI,0.00512239696715783,0.005121115300296743,-0.01712524512338069,0.3104154229124997,-0.0320197019361329,-0.005636927174688805,-0.002704628798147314,0.026110498911984515,0.045666513285198926,0.07768621522133182,0.2014401597236857,0.13176852625016794,0.07599587912087913,1634657228.4439998,0,0,-0.08086610693769325,7.543,1590886834.28,20.8
300827,dual,CSI,-0.0008000405365221564,0.0017340855335733958,0.01957659226424167,0.351833192302081,-0.04195270946766527,-0.019610659840805816,-0.0032999999821186066,0.01702395902530711,0.03828125317268748,0.08023396264035275,0.2832168515429813,-0.2674401334451528,0.05320730039831162,430460644.27650005,0,0,-0.055795677799607035,4.2219,455291160.26,24.03
688717,dual,CSI,-0.001514356534540183,0.0009019354939187483,0.026204777956054238,0.495351383630862,-0.038852868061601424,-0.017691341952302996,-0.003299999982118611,0.01861964579800741,0.040795935653330284,0.07964880371493172,0.40514604944951965,-0.262204435702949,0.06705981251273688,381807500.5905,0,0,-0.06346025384101539,8.2426,478228988.67,56.08
300418,dual,CSI,-8.397272227340755e-06,0.0034195519032441473,0.004445613418063627,0.426780462488799,-0.03774868236572857,-0.01741567844111297,-0.0023000000510364814,0.018411535683686454,0.03729556306070016,0.07504424542642874,0.20469430078732337,-0.21093566639058514,0.11467907773796543,4654843622.141001,0,0,-0.06714140386571721,5.0912,2248801394.61,36.68
688126,dual,CSI,-0.0006095699403214765,-0.009539048505062058,-0.0007471329874538785,0.29555900687966724,-0.03478322978081425,-0.01743419283460395,-0.0032999999821186066,0.01676792416787764,0.03555323749644524,0.07033646727725949,0.22033163255696855,-0.4132277815467878,0.13417063184685182,6064311990.3645,0,0,-0.0015467904098994678,3.0031,2207451509.83,25.82
300199,dual,CSI,0.0002725876975429738,0.0012663746411945122,5.7769488056179396e-05,0.37901154786028185,-0.03820980514866148,-0.013738265645158355,-0.0023000000510364814,0.018041498332013864,0.038781702836455566,0.07699150798511704,0.17384718447927322,-0.22666907938258113,0.09315521080226963,1554820129.7254999,0,0,-0.05465779467680598,3.9727,603099364.59,19.89
301029,dual,CSI,0.0033045553081603517,0.01219236365049644,-3.6718970361537037e-06,0.4105812867785969,-0.02811654955152576,0.0006255007989460724,0.0051777367700619106,0.02566820275842811,0.0436589632009453,0.07177551275247106,0.11595825227776532,0.6524237224692588,0.07372007477537237,558839039.0109999,0,0,-0.04973926995587641,2.1651,235520142.13,23.69
688150,dual,CSI,6.746901414404104e-05,0.006392065575548429,0.01074478783122775,0.5072796307109648,-0.004049638590036389,-0.003306697842682925,-0.0032999999821186066,-0.00201635842208493,0.00445178468099505,0.008501423271031438,0.09478463342496961,-0.818936674244078,0.13461468324884204,463924447.33399993,0,0,-0.04300024431956995,1.5049,241501527.77,39.17
300866,dual,CSI,-0.00020890025673731176,0.003980477412962243,0.00871187518436405,0.44194957983848754,-0.035009638284024,-0.021100885100867082,-0.002976632987708289,0.017310911512418967,0.04241716307102339,0.0774268013550474,0.3205460536573289,-0.08326813740675894,0.05478107574204197,544309388.4154999,0,0,-0.023418803418803424,1.1164,400906762.58,114.26
300693,dual,CSI,-0.0008000405365221564,0.00244845034287775,0.015338384781738988,0.3733525482046539,-0.04776741202123125,-0.025888835777480163,-0.0032999999821186066,0.01914075802679884,0.03949671485069531,0.08726412687192656,0.2671779720672129,-0.262204435702949,0.06799550580500185,609408112.4195,0,0,-0.04399888610414926,3.5716,334202119.59,34.33
300319,dual,CSI,-0.0008000405365221564,0.0028602872789594874,-0.010596559998723274,0.3258316325015031,-0.045377664747540965,-0.024157686977240588,-0.00136423499665392,0.017551690730794774,0.03855265112691441,0.08393031587445537,0.18058717660080784,-0.2713478899764296,0.13260492876395844,2462449673.2190003,0,0,-0.035110533159948054,7.8407,1003505443.24,14.84
300723,dual,CSI,0.0012135350546995996,0.0028840751567426443,0.0007859535483018952,0.36662180817938733,-0.03394316316123425,-0.017729868481359115,-0.0023000000510364814,0.015327610375173726,0.0295257620618292,0.06346892522306344,0.2143491756485242,-0.11366394892816381,0.087655623549272,749139359.6470001,0,0,-0.04728398536448075,2.4574,355587934.22,33.85
300033,dual,CSI,0.0012135350546995996,0.0024854182418210607,-0.0031721715705438445,0.4042775712054826,-0.03433750835041756,-0.017951256415524447,-0.0032999999821186066,0.015404240700498251,0.03378751694374941,0.06812502529416697,0.20278425748553713,-0.17703932942886677,0.05064057768460282,4560509673.3685,0,0,-0.05995445388455811,3.4783,3350228433.45,214.65
688047,dual,CSI,-0.0006095699403214765,0.0019086952102152952,0.018068545000485155,0.41949883741881366,-0.043723802018727706,-0.01851051069967349,-0.0032378817093558655,0.01884783397338686,0.03467839560983273,0.07840219762856043,0.2133169750551021,-0.21093566639058514,0.08100849767516438,1219179709.2595,0,0,-0.0347567030784508,1.1756,513322228.27,106.92
300229,dual,CSI,0.0033045553081603517,0.013136422425205843,-0.003494905596109604,0.3471874632601769,-0.026246946490865865,-0.0011775174325757338,-0.0011775174325757338,0.025533432283006734,0.03845047149251131,0.06469741798337718,0.16889127576265453,0.017052802844202054,0.07046899364279716,351625132.9145,0,0,-0.044141252006420606,2.1547,227330313.58,11.91
300726,dual,CSI,-0.0008000405365221564,0.0019317455263659809,-0.0008503481169792216,0.3368555506452184,-0.04520122330957997,-0.02073252525023267,0.0010391781894969491,0.017271761184570668,0.04051569395680072,0.0857169172663807,0.2184088119789553,-0.2056999686483813,0.11022345380578974,1071651168.3919998,0,0,-0.028857715430861686,4.7683,500205437.55,48.46
300896,dual,CSI,-0.0008000405365221564,-0.00011229566784273074,0.008241413632079114,0.421510868120386,-0.04126016570018711,-0.02387389278061014,-0.0023000000510364814,0.015388825934711397,0.039621647825460876,0.080881813525648,0.29024159054658255,-0.3019194164454752,0.058700376702405105,607568078.9275,0,0,-0.06122060363705617,3.6853,759776620.02,98.6
688700,dual,CSI,-0.001113686850956018,0.0009144327941819567,0.02854151628259924,0.5184936453426657,-0.04546964253785772,-0.022751566647267227,-0.0032378817093558655,0.01592168893130878,0.04301354959819335,0.08848319213605108,0.32013532812097206,0.7098747812579159,0.11322946732704711,1092032284.5825,0,0,0.05731332489604046,6.3374,1097278553.23,58.48
300725,dual,CSI,0.0002725876975429738,0.0010459600352864021,-0.002799744486795045,0.446610878455575,-0.03827821290303276,-0.019407031108093147,0.0013879836251292842,0.015608257196986148,0.04322025137065564,0.0814984642736884,0.20784759242191259,-0.23028727545139663,0.07297307604301734,693217925.7825,0,0,-0.03453608247422668,6.8519,532226964.64,37.46
300394,dual,CSI,-0.0008000405365221564,0.0043791475920578315,0.004533652503184602,0.3548415327090735,-0.041685964410289586,-0.020046191228117058,-0.0032999999821186066,0.018580302352650728,0.03843443705640978,0.08012040146669937,0.20738570416999563,-0.20768142337819284,0.10661436788470857,11635355838.7825,0,0,-0.040926021971804505,2.343,5266409035.77,203.41
300498,dual,CSI,0.0006320603349565407,-0.0006739852360737999,-0.007165554741715952,0.37781590229996226,-0.03486996198063044,-0.01590577700566701,-0.0032999999821186066,0.015188897385791059,0.03776682541297319,0.07263678739360363,0.14726544159061142,-0.34837611061549245,0.03735303298304026,937271215.839,0,0,-0.021382751247327136,0.555,457189282.41,13.73
688390,dual,CSI,6.746901414404104e-05,0.0029950710487916987,-0.029561020048852926,0.4989449633541628,-0.007302216960025313,-0.003306697842682925,-0.0032999999821186066,-0.00201635842208493,0.0009899534517296134,0.008292170411754927,0.12382221905351207,-0.5275681220041417,0.08497652582159626,481311594.6610001,0,0,-0.04868244752121487,3.7086,590681912.52,63.9
300316,dual,CSI,-0.0008000405365221564,0.0028378858227481357,0.01101644722063244,0.42523909573639246,-0.04259034318253309,-0.031078834960009672,-0.0032999999821186066,0.017591418106835205,0.03684603188712571,0.0794363750696588,0.351185968543755,-0.33856814750096864,0.07897242465301939,1580320151.7065,0,0,-0.002811860940695299,1.2556,602837163.49,39.01
688001,dual,CSI,-0.0003371324867961507,-0.0024872072484592327,0.00487447049565939,0.5229421219930783,-0.038434665989732934,-0.019931731402749807,-0.003299999982118611,0.017783495996640676,0.03698261282018964,0.07541727880992258,0.2629483525567868,-0.323469162495507,0.12535201191193776,670071975.3825,0,0,-0.010930047694753475,1.9093,450882274.42,49.77
300236,dual,CSI,-0.0008000405365221564,0.003783174802463445,-0.0010429612392700782,0.3234790378513611,-0.04193427952241062,-0.01952846051296209,-0.0032999999821186066,0.020479939703032836,0.0385879618542463,0.08052224137665692,0.25656407925747976,-0.21003065563227158,0.12444448115779212,1861581144.1345,0,0,0.004064096609382117,3.3208,799809772.53,86.47
688362,dual,CSI,0.0005951191093853206,0.005967189814373933,0.025794113386014752,0.5393652229756573,-0.004049638590036389,-0.003306697842682925,-0.0023000000510364814,-0.0021493042543106224,-0.0021493042543106224,0.0019003343357257667,0.1939334212749483,-0.6944976298287691,0.13763354749467635,3500549590.297,0,0,0.01935064935064923,6.7712,2427100081.15,78.49
688382,dual,CSI,0.002092766008794496,-0.0020872051529668336,0.007323915276230977,0.34801102813032836,-0.04338471378281515,-0.02780298851637723,-0.003299999982118611,0.022105491539235127,0.040978247130842055,0.0843629609136572,0.2844354399889272,-0.3471853026364537,0.10913781724365516,652394788.2344999,0,0,-0.04988028731045491,2.9081,409238427.97,23.81
688041,dual,CSI,-2.0885925793602737e-06,0.002853621149381964,0.0036683372027426597,0.32251714955679994,-0.03761465979520977,-0.018804137706651982,-0.0032999999821186066,0.016490687479945913,0.03931363414026115,0.07692829393547092,0.3126165070208216,0.002287415486557867,0.08573564973908618,12157301533.845499,0,0,0.007307692307692237,0.8523,6207368071.0,314.28
688800,dual,CSI,-0.001514356534540183,0.0007075160465222754,0.016015806134463892,0.3534465667354532,-0.039108334164441934,-0.019575001243607722,-0.0032378817093558655,0.01866023945767027,0.03928071207860567,0.0783890462430476,0.20955422095471746,-0.2056999686483813,0.11178812741312738,922783325.3709999,0,0,-0.032363517489375604,2.8462,491434540.82,59.2
301626,dual,CSI,-0.0017048271307408625,0.006354529103213893,0.005288009024061767,0.5557084377322838,-0.039904300382661184,-0.017606997382156146,0.002591217122667567,0.016955408837740174,0.035472107073031486,0.07537640745569267,0.22192964682700417,-0.233038608176207,0.10970540758676355,645405639.0455,0,0,-0.03686573255339409,2.8908,326444947.95,212.4
301631,dual,CSI,-0.0017127910339618491,0.013016238785852279,0.03537517667723002,0.5726427364320587,-0.04182129338398009,-0.014754552575864143,0.0022055260684095317,0.020837020595037833,0.04556835079785173,0.08738964418183182,0.4209170843867974,-0.17821432917402827,0.13918611346518353,408091879.4795,0,0,0.02285714285714291,9.4462,237899677.53,57.28
300969,dual,ALL,0.0049014309979396485,0.036166105602210105,0.07968457497583896,0.6447762032405518,-0.006790301297455107,-0.003306697842682925,0.004945854125134993,0.004945854125134993,0.005620563834502312,0.012410865131957419,0.5913012690073542,-0.5686507278308126,0.11376844880270015,369234536.5,0,0,-0.05794811010140921,0.0381,216646864.0,71.53
300131,dual,CSI,6.746901414404104e-05,0.007648951082817313,0.0014206853292166035,0.5634068298658971,-0.005217191769731427,-0.003306697842682925,-0.0025528322960279184,-0.00201635842208493,0.00014014168480860868,0.005357333454540036,0.13482115037432155,-0.8107584694622312,0.09064039408866995,1162534089.1869998,0,0,-0.030100334448160515,2.8427,435934681.75,14.5
688536,dual,CSI,0.006809082819029543,0.007300857046569874,0.016702713860693302,0.30823401745479845,-0.022769404673957383,-0.00792352238373766,0.0035369014063728944,0.021056828241425428,0.035006815698352706,0.05777622037231009,0.2417943343843523,0.11699257624187004,0.11820361382375302,1406457069.9594998,0,0,-0.04196078431372541,3.3845,1143346878.46,244.3
688333,dual,CSI,0.0009388587645772655,0.00018082938228349482,0.00795882102426932,0.39873031164969,-0.03656456077527227,-0.016405174765422217,-0.0032999999821186066,0.014650763425599787,0.03293611963230136,0.06950068040757362,0.26636808090485314,-0.09147422752182482,0.14425240246263324,1965550710.5785,0,0,-0.09341449916989486,5.6204,1305869403.86,81.91
688352,dual,CSI,0.0044540501723822085,0.0031009605791114726,0.0036240755020725043,0.48181783504102527,-0.031930578502441964,-0.012691282029759334,0.00020976615314459708,0.021752066990072528,0.04591752857155379,0.07784810707399575,0.27198418940099317,-0.141277863548767,0.12304921968787517,595257311.6884999,0,0,-0.006263048016701411,6.422,337154005.56,14.28
688036,dual,CSI,0.0020057308249062556,-0.0031589225118494706,0.005312426734812184,0.37240910366755836,-0.03958215428169193,-0.014259142040583735,-0.0032378817093558655,0.017875997624620985,0.03726174135354599,0.07684389563523791,0.29657150013099703,-0.23028727545139663,0.07844515391213192,1433221579.006,0,0,-0.02945937196503723,0.934,652797899.33,59.96
300750,dual,CSI,-0.0008000405365221564,0.0017047379226639786,-0.009514610754565967,0.3084354273370807,-0.032982856591098474,-0.01787159003181439,-0.0032610563617127665,0.014443316690077302,0.03412295758259482,0.0671058141736933,0.32644558147764563,-0.231464634468511,0.0418060699646037,13457809355.782001,0,0,-0.0077204072644369015,0.5979,9822803975.12,383.01
688141,dual,CSI,6.746901414404104e-05,0.0006869478432131143,0.015212122382129845,0.5545513101266609,-0.007041918062615324,-0.007041918062615324,-0.0023000000510364814,-0.0010633914969794271,0.0056446757563854985,0.012686593819000822,0.20418714688659706,-0.7363154249057959,0.11882201212948063,2699024011.782,0,0,-0.009606147934678289,3.0914,1891989439.3,134.03
688106,dual,CSI,0.0013061764220658393,-0.009543349166057187,0.002803493970275994,0.4812679563768534,-0.04760235739492374,-0.021300448092193114,-0.0032378817093558655,0.01557737849891428,0.04012286540488164,0.08772522279980538,0.2490644626848711,-0.2713478899764296,0.1266729947793071,2272932004.879,0,0,0.012104909213181081,6.5144,1061970092.87,30.1
688072,dual,CSI,0.003159607682784664,-0.025226605225052236,-0.017589534377665594,0.32248871085944375,-0.0641566005685386,-0.03271115628871205,-0.0032999999821186066,0.02434302704664084,0.06682819350783631,0.13098479407637492,0.5979533843329818,-0.332261993691134,0.12622539281199205,8280571229.539,0,0,0.06460296096904439,3.2038,6999718623.14,791.0
300476,dual,CSI,-0.0008000405365221564,0.00244845034287775,0.015615916573585143,0.49013248640072177,-0.04203030659330119,-0.019902172659513467,-0.0032999999821186066,0.018462755353575142,0.03474272437175771,0.0767730309650589,0.22272256488645067,-0.16414071130729113,0.09347109131901096,10413284600.533,0,0,-0.037333110115933654,2.4538,4963822868.29,230.01
301095,dual,CSI,-0.0008000405365221564,-0.004516137291176542,-0.007747987833163205,0.4819060335749128,-0.04390690380178448,-0.019803404249424613,-0.0023000000510364814,0.018961531474399898,0.038251694301585246,0.08215859810336973,0.19892616707539215,-0.2056999686483813,0.1348175182481752,1442313014.302,0,0,-0.015380192611757826,3.1874,381367546.85,68.5
300031,dual,CSI,-0.0008000405365221564,0.0025052651574735615,0.005844170904774164,0.3746135420253849,-0.03554337826320579,-0.01807771344112654,-0.0023000000510364814,0.0187675094501928,0.032524124827103984,0.06806750309030977,0.1392739864315171,-0.27152863696768703,0.07702691971730327,590267280.2225001,0,0,-0.02756756756756762,3.4866,222086788.52,17.99
300456,dual,CSI,-0.0008000405365221564,4.2944522329666716e-05,0.0063991621757709186,0.380490997295632,-0.044911531204969254,-0.020189928148721056,-0.0023000000510364814,0.01923329213276916,0.038308586575861545,0.0832201177808308,0.2022063124140325,-0.2020817725795658,0.10219014435042308,1431041061.7085,0,0,-0.029421711193777456,2.8971,503998325.33,28.7
301127,dual,CSI,0.0006320603349565407,0.0030415673970687024,0.00795787708082617,0.439939954076241,-0.052077418478584,-0.028033893538770734,-0.002941940342444045,0.01992689201044455,0.05041502255812372,0.10249244103670771,0.5940261103692773,-0.2609714174729182,0.0855677960254968,622421152.4365001,0,0,0.08361774744027328,7.2055,862251412.08,19.05
688082,dual,CSI,0.002092766008794496,-0.007230130550260737,0.023375102292707672,0.2946964484268629,-0.060097000340148456,-0.029954260781014794,-0.0032999999821186066,0.019391902621265923,0.05379082602580645,0.1138878263659549,0.46618097757126997,-0.3114269836485778,0.1393094055516136,3445611389.1035004,0,0,0.02683552969365066,1.594,2265817282.2,299.99
688584,dual,CSI,0.0008285067771622235,-0.00047269782254674226,0.007857652793427122,0.4800668611428513,-0.036679726157699814,-0.017506048351442392,-0.003299999982118611,0.01676792416787764,0.03438634955358897,0.07106607571128878,0.3677590236498299,-0.33924212890592004,0.18710406128762958,1174472474.0774999,0,0,0.0020668274199104886,7.0896,728509097.17,29.09
688691,dual,CSI,6.746901414404104e-05,0.005589813185929727,-0.014588234800064066,0.5221536720540004,-0.007302216960025313,-0.003306697842682925,-0.0032999999821186066,-0.00201635842208493,0.0014395384232578712,0.008741755383283183,0.12603951007555111,-0.48980888931690875,0.11337936341677184,607035286.3304999,0,0,-0.029621025119791033,6.559,324995979.79,66.83
300811,dual,CSI,-0.0008000405365221564,2.9222575719888564e-05,0.007215110934359511,0.33027393424723345,-0.04486592512599505,-0.02073252525023267,0.0010391781894969491,0.017271761184570668,0.03934990790492183,0.08421583303091687,0.2042574860821277,-0.2056999686483813,0.10956751746433661,1508589297.875,0,0,-0.023489414309998402,3.1364,664554356.53,63.19
688433,dual,CSI,0.0044540501723822085,0.00970124414469736,-0.0016667389144370594,0.3434786696661936,-0.02724277864583063,-0.0023634808648154886,0.00020976615314459708,0.023693476941705077,0.035562135103013884,0.06280491374884452,0.185372291296212,0.25542173744569496,0.12270329963252793,534910623.76199996,0,0,-0.04102760736196309,0.7185,228036899.81,75.03
300413,dual,CSI,-0.0008000405365221564,0.00373582736350276,0.0033039284079305576,0.3677651819658145,-0.03530520018875969,-0.0168708631819766,-0.0032999999821186066,0.019141080790506602,0.03306356942541372,0.0683687696141734,0.16781135681483492,-0.2614559137791224,0.04970764354207436,342083826.1325,0,0,-0.04073587385019717,1.4671,222507873.81,14.6
688321,dual,CSI,0.0017332933713809296,-0.0021628385720009924,0.0035922608666436144,0.4181240720479874,-0.03669227000209225,-0.021780771778137645,-0.0032378817093558655,0.015265847893693188,0.03926702176347346,0.0759592917655657,0.31996201803979635,-0.23115310898475855,0.07201114488348533,516454532.66400003,0,0,-0.05780153691947876,3.7517,440618456.66,28.2
300182,dual,CSI,6.746901414404104e-05,0.006027872774252241,-0.0003611895573508776,0.49078066455019426,-0.006868832586361649,-0.003306697842682925,-0.0020377352275536393,-0.00201635842208493,0.005475185001372326,0.012344017587733975,0.07572192277859137,-0.7817241218750619,0.05480579328505598,429158577.548,0,0,-0.08245243128964075,5.2219,526563468.8,4.34
300065,dual,CSI,0.0012169638783658975,0.0061665018137453545,-0.00251822007028255,0.5466741551978597,-0.005217191769731427,-0.003306697842682925,-0.001527046859278216,-0.001527046859278216,0.016117244399045383,0.02133443616877681,0.0963043273784001,-0.7858518961316545,0.08862264496067315,1024118895.635,0,0,-0.04289215686274517,6.7342,708715766.93,15.62
301500,dual,CSI,0.008138517291955959,0.032882679545601215,0.015781815332995157,0.4656701612772492,-0.029636826866385864,9.25002079346391e-05,0.010151712781955473,0.030037572315309412,0.05149499168740413,0.08113181855379,0.2701212519355909,0.12029777065209968,0.10700805286619768,478355791.241,0,0,-0.08396605627512277,9.8825,296716287.64,20.51
300661,dual,CSI,-0.0008000405365221564,0.003521534479439382,0.024775330307131742,0.32238799646811134,-0.0504325951280367,-0.02454001216349886,-0.0032999999821186066,0.01723474632555845,0.04905060594421428,0.09948320107225098,0.2952595425005975,-0.26380692625085483,0.09133979256477014,2355709185.769,0,0,-0.03321779318313112,1.8568,1129488240.01,100.41
688981,dual,CSI,0.0011879794145757904,0.002264643471245857,0.0064120661369048895,0.2776978768630903,-0.044799633441028414,-0.021520786270569258,-0.0032999999821186066,0.01674228849506145,0.04599276231381248,0.0907923957548409,0.3295295319733567,-0.30200622146712874,0.09426404667481685,14728794583.947,0,0,-0.009373492315114862,2.3877,6943302044.37,143.73
300747,dual,CSI,-0.0008000405365221564,0.0017660182696762016,-0.0029693920571652035,0.31201644332463135,-0.048797879983693934,-0.0301337470189808,0.0009590520311982792,0.017316759962037437,0.04198658980279806,0.09078446978649199,0.3580296988136505,-0.27733210964245997,0.07973572074204793,1140510199.432,0,0,-0.026971562591615372,3.3017,575454118.56,33.19
300323,dual,CSI,-0.0008000405365221564,-0.00015389009874446882,0.00749003419765786,0.551685732369185,-0.04198541591397514,-0.023723941988656055,-0.0010481806201457367,0.017551690730794774,0.037723089932666855,0.07970850584664199,0.16364924480247306,-0.2713478899764296,0.11936850211782825,1778010220.7535,0,0,-0.031331592689294974,4.3819,584247509.67,11.13
300442,dual,CSI,-0.0008000405365221564,0.00279126031078527,0.009983935732099132,0.42918500334394644,-0.04361248706883518,-0.022790131092582752,0.0013834171416096045,0.019897810545035165,0.03749459730927883,0.08110708437811401,0.20294831443576064,-0.21093566639058514,0.0774360670194004,3323559866.9785,0,0,-0.043824701195219085,1.33,1428553688.66,64.8
300315,dual,CSI,0.0013076301323282184,0.00886914702540656,0.0024628922075332163,0.3055070162049281,-0.023190299629279112,-0.003967809704149546,-0.0020377352275536393,0.020760877097928836,0.028861537149367154,0.05205183677864626,0.05824031614625608,-0.2998317419511173,0.04149834741094378,353575690.2085,0,0,-0.0418719211822659,2.4261,243338140.0,3.89
300672,dual,CSI,-0.0008000405365221564,-0.00011077511940880622,-0.005732167824470534,0.4827872904804131,-0.042024894103010677,-0.022713594475029335,0.0012179301663315493,0.01857538273067558,0.04261884118401385,0.08464373528702453,0.233113159302438,-0.26882039798643725,0.15882086792304365,2491662150.2675,0,0,-0.03263620620753949,4.2325,1316726840.88,145.24
301071,dual,CSI,-0.0008000405365221564,-0.000232777410189009,0.008258295209764285,0.5502695383680953,-0.046701792588767874,-0.02150107754274358,0.0013834171416096045,0.017383604554805455,0.04510623182496549,0.09180802441373337,0.2797689781893921,-0.2056999686483813,0.11619047619047622,1466455213.1924999,0,0,-0.02726970402394413,4.627,510336721.24,58.5
688549,dual,CSI,0.0024515344393696843,0.0023014588300842524,0.00805156647341243,0.26944819745565257,-0.038804671757254286,-0.010803525516071747,-0.0022152792918495837,0.016186256294965593,0.04410419787028381,0.0829088696275381,0.31486893182790876,0.21156870406197203,0.17177951231318447,2416530517.6685,0,0,0.04008810572687227,18.9089,2653530104.11,23.61
688332,dual,CSI,0.0017332933713809296,0.007693455399354375,-0.006160237493034632,0.46488819064213527,-0.03910740298762538,-0.020056080013574645,-0.0032378817093558655,0.018455440362477822,0.03544527870830848,0.07455268169593385,0.17855164125331088,-0.2056999686483813,0.14508106272812155,726630785.4405,0,0,-0.012439854477173884,2.2532,341147161.39,84.15
300502,dual,CSI,-8.397272227340755e-06,-0.0108690216886744,0.007489118083732974,0.3828047826799701,-0.04635571091965625,-0.015199889710336485,-0.0032999999821186066,0.016240408844496727,0.04569688845637334,0.09205259937602958,0.27418956590588767,-0.21785264605525234,0.09033534005173853,28305714063.6575,0,0,-0.0427910717876534,2.6867,16318973785.09,476.02
300251,dual,CSI,-0.0008000405365221564,0.0037288066345596963,-0.008488253757963775,0.3778462973350787,-0.03440317071082247,-0.011978816057157391,-0.0023000000510364814,0.017752350858323808,0.03288947972927346,0.06729265044009593,0.1893098034104941,-0.29593519677944485,0.08241264131551905,1101001834.523,0,0,-0.04875962360992303,1.8163,573257964.44,11.12
688158,dual,CSI,-0.0006095699403214765,-0.00015028451436642712,0.010865713286708862,0.32631561869566716,-0.034111141151274914,-0.014128637828704773,-0.0032378817093558655,0.015988625352645353,0.034121579055216955,0.06823272020649188,0.1707513103353235,-0.22666907938258113,0.090511982039143,897307421.3025,0,0,-0.03621995390187693,3.6923,448420001.95,29.27
300450,dual,CSI,-0.0008000405365221564,0.0020573546884526347,0.017030633854503166,0.34402129799866304,-0.04166701966829931,-0.02626500347041841,-0.0032999999821186066,0.017408978541966377,0.0406084361208372,0.0822754557891365,0.315002032726387,-0.1958079924510741,0.05927099134469533,1719283818.1985002,0,0,-0.03233605318827437,2.2752,1148296747.8,32.02
688432,dual,CSI,0.0012169638783658975,0.005222501688222417,0.008353791215222036,0.5443681308009434,-0.004049638590036389,-0.003306697842682925,-0.0023000000510364814,-0.0021493042543106224,-0.0021493042543106224,0.0019003343357257667,0.19489290788896435,-0.7954936593347781,0.16774656630713122,2476281231.7720003,0,0,-0.0986536107711139,4.3506,2106814502.77,36.82
688559,dual,CSI,-0.001514356534540183,0.002774680804329466,0.015825933777733107,0.3801211809937862,-0.03977360146078588,-0.01991921138121524,-0.0032378817093558655,0.018604298591724827,0.035802536351884656,0.07557613781267053,0.15202608323960765,-0.2056999686483813,0.11206425153793577,892144201.6485001,0,0,-0.021764568219049818,3.4715,361201631.59,41.8
688062,dual,CSI,0.0007358158089196629,0.0015756273253674559,-0.0033049670516926183,0.49159167738029014,-0.008597072374106023,-0.003306697842682925,-0.0032999999821186066,-0.00201635842208493,0.0014594369653450918,0.010056509339451115,0.09436213957107384,-0.7800713001608677,0.08964756697146534,426813691.70500004,0,0,-0.062141779788838614,3.6364,267303395.97,31.09
688668,dual,CSI,-0.002246525368767137,-0.009800935810712534,0.042267932104384856,0.3643867795497158,-0.04554749028675828,-0.01977265061616466,-0.0032999999821186066,0.022370240513912384,0.05096795903763532,0.0965154493243936,0.27581824313552805,0.14395602464001603,0.12976326674293764,1484672886.1,0,0,0.02093441150044928,0.024399999999999998,765827555.0,227.26
301550,dual,CSI,-0.015153565285041309,-0.021246356419938713,0.0018853305416092231,0.5863968570229887,-0.004049638590036389,-0.003306697842682925,-0.0032999999821186066,-0.002149729814608036,-0.002149729814608036,0.001899908775428353,0.18817582217452694,-0.7122497100654118,0.08158149438637244,489295620.145,0,0,0.031158306553024984,0.02,296640829.45,73.8
300913,dual,CSI,-0.0017725530405141826,-0.01851334434368545,0.03159569275460823,0.2956942437600696,-0.038160434834031844,-0.019728588105373205,-0.0032999999821186066,0.009318832579768834,0.03346312250455592,0.07162355733858777,0.1933813702872043,-0.4408453492542787,0.07573402780694757,310133883.109,0,0,0.030606060606060526,0.0182,174519471.18,34.01
300009,dual,CSI,0.00043093047690026244,-0.004424045780096333,0.01888308121338329,0.4681541480996942,-0.025501908474883005,-0.004312528032913446,0.006727135873668544,0.01863750398996545,0.030711450049156135,0.056213358524039136,0.14733177941193204,-0.1430238559637429,0.059479880513090846,399258491.3,0,0,0.03303684879288449,0.0139,138450246.0,8.13
300779,dual,CSI,-0.002246525368767137,-0.03758650106256182,0.0162460885340373,0.3539738946555497,-0.05861328879512778,-0.042557361579786096,-0.0023000000510364814,0.02222638358104106,0.0600441832160921,0.11865747201121987,0.6452133286678517,-0.3349582454839421,0.07853817253590752,838092923.9015,0,0,0.029137529137529095,0.11359999999999999,2001128265.03,79.47
300680,dual,CSI,-0.000737939575386195,-0.00864515437519504,0.019956152117856063,0.5202627944554391,-0.004049638590036389,-0.003306697842682925,-0.0018147268346864172,-0.0018147268346864172,-0.0018147268346864172,0.002234911755349972,0.1544651062342406,-0.8217879553016543,0.10314781650365067,379138874.908,0,0,0.0495951417004048,0.030600000000000002,140901515.08,20.74
300503,dual,ALL,-0.004030099019375478,-0.0058856237050048995,0.008384317871713771,0.6483781458648381,-0.004049638590036389,-0.003306697842682925,-0.0016497185800772851,-0.0016497185800772851,-0.0016497185800772851,0.0023999200099591037,0.11955652019460056,-0.4935761588808581,0.10815951725042637,1474812252.479,0,0,0.009423760234821499,0.0424,670748824.79,65.34
688516,dual,CSI,-0.015153565285041309,-0.0203368531354902,-0.001962928045749467,0.5730874002867768,-0.004049638590036389,-0.003306697842682925,-0.0032999999821186066,-0.00201635842208493,-0.0019596753810965976,0.0020899632089397915,0.14654277073990746,-0.6912789328663819,0.06495183968705019,354316041.2,0,0,0.036134903640256955,0.021400000000000002,257518817.0,38.71
301005,dual,CSI,-0.015153565285041309,-0.018845583399542735,-0.0015610258310872441,0.6254652946347811,-0.004049638590036389,-0.003306697842682925,-0.0032999999821186066,-0.00201635842208493,0.0029502535522161906,0.00699989214225258,0.22369153279463894,-0.6768149660911662,0.1015009014096744,709559661.258,0,0,0.050638977635782734,0.0327,387964401.58,65.77
301571,dual,CSI,0.00026040684763249547,-0.02217279221062971,-0.010670981990055842,0.5434851353062684,-0.05692980881175746,-0.027770909339047113,-0.0032143716625530104,0.01643673618013601,0.05605908962824229,0.11298889843999975,0.5387654090306202,-0.25017154801666674,0.08305955504597268,439143424.15500003,0,0,0.04046892564637883,0.048600000000000004,372402339.1,64.79
301345,dual,CSI,-0.002246525368767137,-0.019477098430184456,0.015700008979354453,0.4814669257263669,-0.03988040337463925,-0.023019255641398496,0.0003181723547755597,0.017127039949204483,0.049746435341447647,0.0896268387160869,0.36681716381163953,0.3044307629925511,0.08771310539582038,569050578.605,0,0,0.008213312572985743,0.041100000000000005,366169665.1,259.01
301600,dual,CSI,-0.0012497032509674558,-0.016065058756439144,0.049747451585988256,0.5647598904673558,-0.05265858189331708,-0.027690144634273807,0.0017180937134689607,0.022026075747853282,0.055345545254934354,0.10800412714825144,0.5367494453625985,-0.15713197009507082,0.12337079372204499,347245241.45949996,0,0,0.059445963619070286,0.062,173757670.19,89.11
688003,dual,CSI,-0.015153565285041309,-0.0205842480456666,0.0007056903805380025,0.637280079179365,-0.004049638590036389,-0.003306697842682925,-0.0032999999821186066,-0.00201635842208493,-0.0019596753810965976,0.0020899632089397915,0.15018988564942587,-0.6728667833656858,0.11219265177516456,481448918.1,0,0,0.026688232915487387,0.0204,296675579.0,76.17
300814,dual,ALL,-0.0015878724555679926,0.00035969832549679356,0.016062615008146926,0.438997461451457,-0.04622258993627954,-0.02518192997600587,-0.0009291044453186867,0.019383315211727883,0.04731660972441341,0.09353919966069295,0.49552362894205826,0.19979609352245375,0.1246469228793974,1171983941.8115,0,0,0.004967635104621282,0.0282,719852313.23,133.52
300861,dual,CSI,-0.004571864774813793,-0.019196606781426127,0.0027364298162256464,0.6634250059131772,-0.04089624435033627,-0.022752181196053645,0.002842136474317427,0.015284044615518825,0.047318486173425364,0.08821473052376164,0.27051311206206097,-0.3158670009352592,0.10567638299792438,689633463.5395,0,0,0.03803278688524592,0.0296,194258249.79,15.83
688025,dual,CSI,-0.002246525368767137,-0.017735595147033628,0.033056682066589266,0.5218286078886123,-0.04481287294277542,-0.02270341666020188,-0.0032999999821186066,0.01961125379195599,0.048718524551902696,0.09353139749467812,0.3602141968783251,0.29631206120224873,0.12667410714285715,1517838061.05,0,0,0.02004536259425005,0.0242,756072248.0,332.8
301489,dual,CSI,-0.002246525368767137,-0.007667943589780168,0.03851829863481697,0.36792204076455565,-0.04464275168996815,-0.022121791019904396,-0.0032999999821186066,0.022500382636804664,0.044730821319674804,0.08937357300964296,0.3739742491773057,0.10266589881337501,0.12925911509017776,1037586778.702,0,0,0.03370575532813813,0.0581,434999652.04,110.1
300684,dual,ALL,-0.0015878724555679926,-0.012497852417567231,0.003104584164731622,0.4240363232423933,-0.05116178114395408,-0.026668244924589874,-0.001980914819782688,0.022938355550566485,0.05398601522225654,0.10514779636621062,0.46830318594665304,-0.23575792634760506,0.1384547873846328,1471856362.724,0,0,0.08750000000000013,0.0929,964988859.48,50.46
300322,dual,ALL,-0.0015878724555679926,-0.0010225644723455922,0.018684923191357623,0.49509622894371924,-0.03593691284450524,-0.019577931293451586,-0.0005506616451978443,0.016332024872999812,0.03994170860922381,0.07587862145372905,0.2316863870815759,-0.2585466166982454,0.08320802005012527,510216177.208,0,0,0.013033175355450455,0.029300000000000003,220647707.16,17.1
300657,dual,CSI,-0.002246525368767137,-0.018771680632208566,0.00729506755000672,0.3116540159251732,-0.04215517928179337,-0.020934094631710757,0.0011986045645589734,0.017147358945121864,0.041111101208622575,0.08326628049041594,0.17980048308711918,-0.09035601865565164,0.08288781770376862,1192627192.771,0,0,0.02515723270440251,0.0369,553323810.42,32.6
300342,dual,ALL,0.005538504358272335,-0.0013924984609770675,0.03393135389351834,0.2980609204779705,-0.028184540188622664,-0.01129222792478665,-0.0025528322960279184,0.01746753624478735,0.04434604393939065,0.07253058412801332,0.2298011327645869,0.022615480402819722,0.0810648785470047,850605637.2095001,0,0,0.025829081632653184,0.027000000000000003,360426716.19,32.17
688698,dual,CSI,0.009993623278405127,0.01780187568017959,0.049724164729058606,0.3068804641685648,-0.0254947694080379,-0.0030999629070327626,0.009002151869256885,0.03509681820161388,0.05269978698166076,0.07819455638969866,0.6901098952269894,0.08413296010226343,0.08620201384518567,413271378.35,0,0,0.07812871052006654,0.0212,200127418.0,45.4
300990,dual,ALL,-0.0015878724555679926,-0.0026608902388610117,0.025688630953045993,0.4585180561563611,-0.045566661043054436,-0.027548975204382594,-0.0007051513174713053,0.016691394922562507,0.027239399290044358,0.07280606033309879,0.28521181806734996,-0.2685126805680939,0.14636534225340625,819151300.378,0,0,-0.0021654889446089953,0.0537,369821498.56,87.55
688486,dual,CSI,-0.0012497032509674558,-0.01855326479057635,0.027684151129181808,0.5169182730581712,-0.043048544587642464,-0.029624100484240048,-0.0032378817093558655,0.015097684520595293,0.027544749315577686,0.07059329390322015,0.4633045109632807,-0.33110083614462815,0.10448791714614494,395632474.95,0,0,-0.0009197516670498285,0.0248,199887344.0,43.45
300601,dual,CSI,0.005401357658137816,0.0222785712836825,0.03872154974258523,0.5191420636386279,-0.004051441496572022,-0.003306697842682925,0.0030654355337924916,0.0030654355337924916,0.0030654355337924916,0.007116877030364514,0.6121964439278276,-0.8082338185662947,0.0796340023612751,400628637.256,0,0,0.03242320819112621,0.0124,133630817.56,12.1
688548,dual,CSI,-0.015153565285041309,-0.021339962654327502,-0.011560982791555551,0.592044851561739,-0.004049638590036389,-0.003332364951054067,-0.0023000000510364814,-0.0010633914969794271,0.0063447262869243655,0.010394364876960754,0.3197576559402437,-0.6971723812320548,0.0974287150757739,1638641013.4,0,0,0.03459037711313395,0.06269999999999999,1695716732.0,39.78
688392,dual,CSI,-0.002246525368767137,-0.007946887667092423,0.029819702193767287,0.5327432899387416,-0.054217968976973153,-0.027404053934457894,-0.0032378817093558655,0.02049707515041654,0.04427390482305892,0.09849187380003208,0.27777709480632556,-0.1897903866520018,0.13949497767857144,1064846622.3,0,0,0.0038559571269851656,0.0352,614388278.0,153.6
