tree
version=v4
num_class=1
num_tree_per_iteration=1
label_index=0
max_feature_idx=22
objective=binary sigmoid:1
feature_names=wr1 gap ret60 cmv ftr amount turn_d0 vr_d0 vr_prev pct_prev intraday amplitude seal_hard close_ret amt_rank_pct ind_boards streak_prev mkt_boards_n mkt_chain_n mkt_max_streak zha_rate promo_yd sw_l2
feature_infos=[0:1.0000000000000007] [-0.10465116279069764:0.10588235294117654] [-0.67999999999999994:3.9748743718592969] [36636.599999999999:129375740.17659999] [0.1547:63.237099999999998] [2935361:15537735137.049999] [0.039300000000000002:47.156700000000001] [0.029999999999999999:22.719999999999999] [0.28000000000000003:16.620000000000001] [-10.416666666666663:9.4972067039106101] [-0.0044800000000000178:0.20930232558139528] [0:0.20930232558139528] [0:1] [0.095008051529790638:0.10588235294117654] [0.0014513788098693759:1] [1:51] [0:13] [5:890] [0:314] [1:14] [0:0.80158730158730163] [0:0.85245901639344257] -1:69:5:116:54:30:90:86:1:0:15:115:72:31:113:45:64:28:37:107:49:89:13:23:108:32:14:99:83:80:52:7:43:20:88:2:44:48:53:105:26:35:75:120:46:17:34:103:106:36:61:42:60:67:58:82:96:125:18:39:114:74:10:51:95:9:50:93:98:33:59:117:22:84:57:55:123:124:68:111:112:128:63:104:47:94:19:79:87:91:119:40:66:85:109:76:3:56:77:8:127:70:126:110:121:29:122:78:92:25:6:81:100:73:118:4:27:101:102:65:11:38:12:62:41:16:21:24:97
tree_sizes=3526 3545 3572 3540 3554 3549 3566 3593 3571 3537 3573 3564 3558 3548 3563 3600 3610 3574 3576 3573 3596 3580 3563 3570 3563 3537 3558 3605

Tree=0
num_leaves=31
num_cat=5
split_feature=0 22 22 15 11 14 3 7 7 4 2 22 13 14 19 8 11 7 22 3 22 6 11 21 6 15 8 17 10 0
split_gain=139.192 107.198 75.46 58.8949 50.3193 36.4079 35.5406 33.7955 27.8067 26.7958 26.1585 21.7515 20.1834 19.5356 18.999 23.7252 18.1499 17.7749 16.0696 15.9251 27.5173 20.0752 15.5946 15.4948 19.4025 15.3995 14.723 12.438 12.1625 12.1349
threshold=0.42561038610902702 0 1 25.500000000000004 1.0000000180025095e-35 0.38133250397401347 552392.71620000002 1.5850000000000002 0.72500000000000009 1.5749500000000001 -0.47077470166023078 2 0.10040160642570285 0.7097008286904819 5.5000000000000009 1.2950000000000002 0.12027108733420587 1.155 3 382491.40300000011 4 4.3822500000000009 0.12310958680385435 0.39791666666666675 4.8280000000000003 4.5000000000000009 1.7450000000000003 41.500000000000007 0.088319137488198349 0.0293357066227555
decision_type=2 9 9 2 2 2 2 2 2 2 2 9 2 2 2 10 2 2 9 2 9 10 2 2 10 2 8 2 2 2
left_child=2 3 8 7 -3 9 11 26 -1 -4 -7 28 17 -5 -10 29 23 -13 -11 25 21 -21 -12 -8 -25 -9 -2 -20 -6 -16
right_child=1 4 5 13 6 10 16 19 14 18 22 12 -14 -15 15 -17 -18 -19 27 20 -22 -23 -24 24 -26 -27 -28 -29 -30 -31
leaf_value=-0.74417945214857828 -0.77420192765188889 -0.74756197127454882 -0.76631570884968114 -0.76347223674707321 -0.85800410069332778 -0.7847728194330692 -0.85286221965299969 -0.77361342636719677 -0.82903448453948836 -0.81766745854379863 -0.85682436289759578 -0.76758757137139888 -0.77265910056183873 -0.67376782952633363 -0.77141763247876227 -0.76915418238254563 -0.78941891968337041 -0.81781663513675806 -0.82729973585651728 -0.72906166258556682 -0.83017563189464738 -0.79997951255999755 -0.82349032151891211 -0.84535727774793212 -0.79716095837323031 -0.82817045913368426 -0.71309205650026641 -0.85252688057308823 -0.82219335793312176 -0.82605044977705899
leaf_weight=14.20220075547695 80.337822183966637 21.621260851621628 15.474039629101751 10.598657280206682 33.279783859848976 13.990227609872816 147.53330934047699 62.32010480761528 132.27124285697937 104.50276078283787 436.24073365330696 19.925475686788559 40.274897664785385 14.20220075547695 12.082469299435614 38.367139354348183 16.957851648330688 151.77277225255966 82.033607348799706 14.414173901081083 91.996345192193985 32.431891277432442 38.155166208744049 52.781313255429268 34.551622733473778 16.321932211518288 11.234576717019079 120.82469299435616 82.457553640007973 64.015889972448349
leaf_count=67 379 102 73 50 157 66 696 294 624 493 2058 94 190 67 57 181 80 716 387 68 434 153 180 249 163 77 53 570 389 302
internal_value=-0.823622 -0.809523 -0.835919 -0.787324 -0.822474 -0.843302 -0.825249 -0.792185 -0.812633 -0.830516 -0.852156 -0.814395 -0.805376 -0.712103 -0.816128 -0.801213 -0.839374 -0.811988 -0.833748 -0.802914 -0.813097 -0.786156 -0.854143 -0.842981 -0.826289 -0.784937 -0.766705 -0.841447 -0.831785 -0.817376
internal_weight=2007.17 935.014 1072.16 333.858 601.156 811.221 579.535 309.057 260.939 322.835 488.386 327.71 211.973 24.8009 246.737 114.465 251.824 171.698 307.361 217.484 138.842 46.8461 474.396 234.866 87.3329 78.642 91.5724 202.858 115.737 76.0984
internal_count=9469 4411 5058 1575 2836 3827 2734 1458 1231 1523 2304 1546 1000 117 1164 540 1188 810 1450 1026 655 221 2238 1108 412 371 432 957 546 359
cat_boundaries=0 4 9 13 17 21
cat_threshold=335675651 947132456 38043648 10362368 134348810 2848234512 679497992 17442944 1 4212352 101343238 1141442561 287309832 3493888005 2097192 84934672 537920513 67108864 2101256 33554432 9310208
is_linear=0
shrinkage=1


Tree=1
num_leaves=31
num_cat=4
split_feature=0 22 22 15 7 14 3 7 11 2 4 19 17 8 19 11 14 8 22 7 13 11 17 18 3 22 16 8 5 2
split_gain=125.421 95.5171 68.6463 49.3103 45.7064 33.6304 29.1956 26.6671 24.7499 23.801 23.7929 20.5955 19.9096 19.1924 17.2726 25.8707 15.6661 14.9224 14.9121 14.4693 14.4587 14.4438 14.1583 14.1348 13.3708 21.3367 14.9199 12.7407 13.0091 13.5114
threshold=0.42561038610902702 0 1 25.500000000000004 0.52500000000000013 0.38133250397401347 552392.71620000002 1.5650000000000002 1.0000000180025095e-35 -0.47077470166023078 1.5749500000000001 5.5000000000000009 151.00000000000003 1.2950000000000002 4.5000000000000009 0.11992945326278673 0.7097008286904819 1.7450000000000003 2 1.7350000000000001 0.10084033613445377 0.12310958680385435 41.500000000000007 16.500000000000004 382491.40300000011 3 2.5000000000000004 0.7350000000000001 81428248.450000018 0.0062926494462995928
decision_type=2 9 9 2 2 2 2 2 2 2 2 2 2 10 2 2 2 8 9 2 2 2 2 2 2 9 2 8 2 2
left_child=2 3 8 7 -3 10 12 17 -1 -7 -4 -10 20 -13 -8 -16 -5 -2 -12 -14 27 -11 -20 -15 -9 -26 -27 -6 -29 -30
right_child=1 4 5 16 6 9 14 24 11 21 18 13 19 23 15 -17 -18 -19 22 -21 -22 -23 -24 -25 25 26 -28 28 29 -31
leaf_value=0.083545251674726331 0.044911024839542589 0.096222995472530687 0.053244597680193628 0.055826980586784258 -0.014429656902574443 0.036349515195293294 -0.038881672244190445 0.036740483350958274 -0.0059734044259851906 -0.031971283770769209 0.008849925442687338 0.0084722253236605306 0.031151016872103528 0.02995068440838506 -0.011684944012573549 0.061026311082054446 0.13473325626171098 0.10695325280462087 -0.0014291488642684343 -0.03463471898957763 0.054808269507897335 0.00012555249933826219 -0.026803271601726672 0.093397903736480881 -0.0080682354225048783 0.016441013625733174 0.066574556877523866 0.046147375577028693 -0.014016140745652975 0.017697569208320614
leaf_weight=11.188561260700224 80.115901365876198 12.378293365240095 15.812688782811163 10.841850191354753 42.385724261403084 14.199251800775526 53.623121708631516 78.50405777990818 132.75575116276741 430.52806931734085 78.611841648817062 78.733331456780434 10.642749935388563 26.182852685451508 186.87275306880474 13.090272203087805 14.984126254916189 11.025589793920515 92.96396067738533 38.941995352506638 19.98768262565136 38.157132267951965 134.53418742120266 13.205503374338148 74.221098393201828 43.255877822637558 22.591205388307571 29.929992705583572 42.984536826610565 153.5850065946579
leaf_count=52 371 57 73 50 199 66 255 365 627 2058 370 370 50 121 887 61 67 50 439 184 93 180 641 61 351 202 105 140 202 722
internal_value=-1.18186e-05 0.013305 -0.0117445 0.0342113 0.0011146 -0.0188465 -0.000855076 0.0296959 0.0103885 -0.027426 -0.00656265 0.00753995 0.00875578 0.0227275 -0.0136825 -0.00692501 0.101608 0.0524164 -0.00965211 -0.0205146 0.01378 -0.0293582 -0.0157425 0.0512223 0.0202218 0.0109636 0.0292057 0.0107302 0.0154384 0.0107626
internal_weight=2006.83 939.962 1066.87 335.54 604.422 804.807 592.044 309.714 262.066 482.884 321.923 250.877 338.458 118.122 253.586 199.963 25.826 91.1415 306.11 49.5847 288.873 468.685 227.498 39.3884 218.572 140.068 65.8471 268.885 226.5 196.57
internal_count=9469 4411 5058 1561 2850 3827 2793 1444 1231 2304 1523 1179 1590 552 1203 948 117 421 1450 234 1356 2238 1080 182 1023 658 307 1263 1064 924
cat_boundaries=0 4 9 13 17
cat_threshold=335675651 947131432 38043648 10362368 134348810 2848234512 679497992 17442944 1 3489693701 2097192 16777216 1049601 268435458 676593696 4194304 1051136
is_linear=0
shrinkage=0.05


Tree=2
num_leaves=31
num_cat=5
split_feature=0 22 22 15 11 3 22 3 7 11 22 1 13 19 8 4 4 3 22 6 7 2 18 4 17 14 4 14 2 21
split_gain=113.066 84.7146 62.5283 43.3308 40.9301 31.0094 29.5732 27.9772 27.6015 21.781 17.8109 21.1143 18.633 16.394 18.9554 15.3669 14.6554 14.1924 22.5896 18.4578 13.9919 13.5799 13.3886 13.332 13.9509 15.2213 13.2867 13.0119 12.8452 12.6655
threshold=0.42561038610902702 0 1 25.500000000000004 1.0000000180025095e-35 470866.16370000009 2 581332.22015000007 1.5850000000000002 1.0000000180025095e-35 3 0.0072849353271107207 0.10040160642570285 5.5000000000000009 1.2950000000000002 8.9540000000000024 2.8066000000000009 382491.40300000011 4 4.3822500000000009 1.0450000000000002 0.2430620407403962 5.5000000000000009 2.1279500000000007 41.500000000000007 0.39956458635703923 17.382000000000001 0.7097008286904819 -0.26836463054896026 0.37581168831168837
decision_type=2 9 9 2 2 2 9 2 2 2 9 2 2 2 10 2 2 2 9 10 2 2 2 2 2 2 2 2 2 2
left_child=2 3 9 8 -3 6 26 10 29 -1 11 -6 20 -11 -15 -9 28 -10 19 -19 -12 -13 -17 -8 25 -25 -4 -5 -7 -2
right_child=1 4 5 27 7 16 23 15 17 13 12 21 -14 14 -16 22 -18 18 -20 -21 -22 -23 -24 24 -26 -27 -28 -29 -30 -31
leaf_value=0.078981508601760508 0.037917042931581012 0.067182815955185896 0.003760355161041222 0.051976133405819684 0.0077693932436197453 0.040132435740113867 0.034147952985591749 -0.028782526388301206 0.034217488425002482 -0.0046770850168127241 0.054471493665791397 -0.052985257807568603 0.045663175001869671 0.006343647517589944 0.04875689295640221 -0.039424369970315357 -0.033922988874409206 0.090506864565460032 -0.0052396063827790593 0.0207394359152695 0.004238377636491859 0.0056931515331711665 0.0050027566126774762 0.0064415426726570418 -0.031054253627972872 -0.028003955446141898 0.05955448247598652 0.12288871017075674 -0.020592429383804615 0.077350987709360108
leaf_weight=11.060422882437704 70.383414253592491 22.170598790049553 151.84605269134045 11.057028174400331 74.896476998925209 12.55996313691139 11.196956172585486 112.01152321696281 84.433791890740395 133.55196444690228 15.229347392916678 32.369828224182129 42.805229440331459 76.309125915169716 40.231998041272163 20.598402947187424 289.90929278731346 13.58117128908634 104.43319147825241 31.394980236887932 154.44112826883793 14.179055869579313 95.959528520703316 70.889988929033279 165.5060166567564 58.570275872945786 11.476909905672072 15.589871019124983 28.400454565882683 28.650929003953934
leaf_count=50 320 100 721 50 351 60 52 536 388 633 70 154 197 358 183 99 1397 61 494 145 726 67 456 335 796 283 55 67 135 130
internal_value=-2.09986e-05 0.0125664 -0.0112172 0.0312436 0.000537717 -0.0180189 -0.00998192 -0.00207954 0.0272014 0.00993755 0.0071462 -0.00800713 0.0154568 0.00728141 0.0209854 -0.0155576 -0.0299676 0.0178317 0.00857188 0.0342022 0.00874722 -0.0351115 -0.00284851 -0.0187905 -0.0214371 -0.00914225 0.00723791 0.0934638 -0.00197196 0.0493254
internal_weight=2005.69 944.185 1061.51 359.524 584.661 800.356 469.486 562.491 332.877 261.154 333.921 121.445 212.476 250.093 116.541 228.569 330.87 233.843 149.409 44.9762 169.67 46.5489 116.558 306.163 294.966 129.46 163.323 26.6469 40.9604 99.0343
internal_count=9469 4411 5058 1655 2756 3834 2242 2656 1538 1224 1565 572 993 1174 541 1091 1592 1088 700 206 796 221 555 1466 1414 618 776 117 195 450
cat_boundaries=0 4 9 13 17 21
cat_threshold=339878147 947132456 38043648 10362368 201457674 2848234512 696275208 17311872 1 3221266469 67108906 1024 2148664321 18080 101343238 1141374977 18874376 67108864 4104 33554432 9310208
is_linear=0
shrinkage=0.05


Tree=3
num_leaves=31
num_cat=4
split_feature=22 0 15 7 22 11 2 14 13 4 19 8 5 4 3 22 7 10 0 20 5 14 11 14 19 21 11 22 3 21
split_gain=103.727 63.5032 58.9676 41.881 34.2434 32.3766 31.295 27.9714 24.6925 20.6436 20.1823 24.5792 17.7623 16.6639 16.2196 16.2134 15.9626 15.7037 15.2002 12.8182 12.5698 14.3417 13.6007 16.4388 14.4248 12.4618 11.4923 14.0266 13.284 11.6303
threshold=0 0.43585213864291272 25.500000000000004 0.57500000000000007 1 0.020519874242084058 0.029605263157894805 0.37531725888324879 0.10040160642570285 20.296850000000003 5.5000000000000009 1.3450000000000004 570322024.9200002 1.5749500000000001 552392.71620000002 2 1.175 0.097375732779677523 0.46978112451789544 0.218349358974359 172672496.09000003 0.44276383993365126 0.095647734335691195 0.67879188712522065 9.5000000000000018 0.39791666666666675 0.10490882583998069 3 768460.71550000017 0.29758481886141469
decision_type=9 2 2 2 9 2 2 2 2 2 2 10 2 2 2 9 2 2 2 2 2 2 2 2 2 2 2 9 2 2
left_child=2 7 5 -3 14 -1 10 13 16 15 -7 25 -11 -2 -5 -9 -6 20 -13 -15 -8 -22 23 -23 -25 -12 27 28 -18 -28
right_child=1 3 -4 4 8 6 17 9 -10 12 11 18 -14 19 -16 -17 26 -19 -20 -21 21 22 -24 24 -26 -27 29 -29 -30 -31
leaf_value=0.068873934622011398 0.046491856776303096 0.084680723702510341 0.087700072835237355 -0.0027081422559224275 0.034168530714611768 -0.012029136103114273 0.050191123656057629 -0.005090617756356274 0.035862670699930217 0.04544428706792554 -0.0098682222597290693 0.063552944586630578 -0.023849738261459696 -0.022021906679359729 -0.030900723371793483 -0.032012741109993241 0.041750083813912986 0.040161704953450318 -0.0048948438162889117 -0.00037455212585338614 -0.035361056778434964 0.067203723016342656 -0.013821655906953971 -0.014476015003429557 0.054908145898385712 0.039071483965541824 -0.00048090045287371746 -0.013267370633324282 -0.0096932730172072379 0.030855595559161432
leaf_weight=26.238316923379898 14.841679513454435 15.816736459732054 29.268804922699928 120.5144881606102 41.27312970161438 146.76074716448784 19.290611729025841 86.38767246901989 78.127272918820381 18.832055941224098 67.891776159405708 31.810648784041405 18.171650111675262 103.84148634970188 88.466277465224266 346.23064061999321 27.408473804593086 103.02356466650963 10.886741206049917 200.27385537326336 17.233866080641747 18.836832597851753 27.075971275568008 22.287979066371918 11.282942563295363 16.090468138456345 66.745624899864197 152.71487963199615 23.146767869591713 53.21750620007515
leaf_count=117 67 70 126 565 190 697 88 415 360 90 318 144 88 498 425 1686 127 476 50 953 80 87 126 104 52 75 313 724 109 249
internal_value=-3.03283e-05 -0.00701321 0.0183173 0.00428887 0.0023375 0.0147554 0.011872 -0.0166679 0.0101256 -0.0244285 0.000591258 0.0152122 0.0114156 -0.00524141 -0.013974 -0.0274944 0.004887 0.025955 0.0461005 -0.00776613 0.0133384 0.00598802 0.0149534 0.0298198 0.0088435 -0.000491683 0.00114809 -0.00609465 0.0151917 0.0134205
internal_weight=2003.99 1456.01 547.979 667.431 651.614 518.71 492.472 788.579 442.634 469.622 273.44 126.68 37.0037 318.957 208.981 432.618 364.506 219.032 42.6974 304.115 116.008 96.7176 79.4837 52.4078 33.5709 83.9822 323.233 203.27 50.5552 119.963
internal_count=9469 6929 2540 3132 3062 2414 2297 3797 2072 2279 1284 587 178 1518 990 2101 1712 1013 194 1451 537 449 369 243 156 393 1522 960 236 562
cat_boundaries=0 5 9 13 17
cat_threshold=201457931 943987760 545276416 26090528 1 1108345984 16998788 3439340545 1478517000 40960 25165828 525592 167813768 2147491844 3145736 37748736 128
is_linear=0
shrinkage=0.05


Tree=4
num_leaves=31
num_cat=4
split_feature=22 2 15 7 22 0 14 7 3 5 17 18 2 2 13 22 15 7 4 6 2 22 14 10 5 15 9 19 7 14
split_gain=94.5098 56.2634 52.0044 42.2866 40.2741 30.5973 28.6134 23.0992 22.2142 21.8625 20.2228 20.0705 18.0685 17.4402 16.15 15.6233 15.5689 15.441 15.6431 13.7985 11.4593 11.2354 11.2118 11.1494 15.0897 11.7589 10.967 10.6052 10.5445 10.5359
threshold=0 -1.0000000180025095e-35 25.500000000000004 0.57500000000000007 1 0.24790047368655196 0.41731770833333343 0.89500000000000013 1017026.7163500001 164689386.12000003 196.00000000000003 25.500000000000004 -0.47077470166023078 -0.43836265903068211 0.10038610038610053 2 7.5000000000000009 1.1950000000000001 9.8753500000000027 12.702300000000003 0.038523373732377027 3 0.69728146114864875 0.099446334797669289 172672496.09000003 4.5000000000000009 1.7403002894038402 6.5000000000000009 2.7350000000000008 0.44276383993365126
decision_type=9 2 2 2 9 2 2 2 2 2 2 2 2 2 2 9 2 2 2 8 2 9 2 2 2 2 2 2 2 2
left_child=2 6 5 -3 19 9 10 -7 14 27 15 -10 -8 -12 17 28 -11 26 -19 -5 -9 -14 -4 24 -22 -25 -6 -1 -2 -26
right_child=1 3 22 4 8 7 12 20 11 16 13 -13 21 -15 -16 -17 -18 18 -20 -21 23 -23 -24 25 29 -27 -28 -29 -30 -31
leaf_value=0.0065232552372590097 0.034960065666115252 0.076571334743984476 0.044704412538023416 -0.024330702755071199 0.021634479202756962 0.066146481234921728 0.033355207883218461 0.0061796821962722395 -0.032272728637934678 -0.023436655622622916 0.021454241976395644 0.012306054388956782 -0.0095799909758138638 -0.040295170781653414 0.036030446023018969 -0.0066192896451595781 0.040596609031601949 -0.012978694586294515 0.012995636091005472 0.020839481920186108 0.054745607792583341 -0.032134341747643319 0.10700874069567379 0.0501978458705164 -0.026974460022439729 -0.00098946930778581331 0.076576669628188543 0.044802244339924191 -0.0070010530943283387 0.016053011480677608
leaf_weight=78.997383236885071 48.929839566349983 19.198498338460922 12.207847982645037 158.79394339025021 34.999794065952301 28.704772427678108 12.703998029232023 108.11947554349899 55.323877617716789 95.663420796394348 14.086545988917349 46.445894151926041 104.54588851332664 60.74224565923214 70.157094284892082 195.32686828076839 10.538319811224936 84.129076793789864 186.3947988897562 18.921695023775101 21.143219947814941 290.77073499560356 17.675254136323929 63.770758077502251 17.525530710816383 13.615111067891119 12.265756353735922 23.469720736145973 21.572642281651497 75.597207427024841
leaf_count=370 230 85 53 761 164 127 59 504 266 456 68 221 506 294 323 928 49 399 880 90 95 1422 73 290 82 62 56 107 102 347
internal_value=-4.96402e-05 -0.00687882 0.0170574 0.0034103 0.00130584 0.0137867 -0.0164071 0.0232981 0.00868655 -0.00118558 -0.00570942 -0.0119278 -0.0253386 -0.0286708 0.0143182 0.000754022 -0.0170827 0.00952488 0.00491799 -0.0184814 0.0191951 -0.0272248 0.0815562 0.0265377 0.0166132 0.0411921 0.0358924 0.0152909 0.0193728 0.00795532
internal_weight=2002.34 1435.31 567.028 686.63 667.432 537.145 748.679 328.476 489.716 208.669 340.658 101.77 408.021 74.8288 387.947 265.829 106.202 317.789 270.524 177.716 299.771 395.317 29.8831 191.652 114.266 77.3859 47.2656 102.467 70.5025 93.1227
internal_count=9469 6854 2615 3245 3160 2489 3609 1507 2309 982 1622 487 1987 362 1822 1260 505 1499 1279 851 1380 1928 126 876 524 352 220 477 332 429
cat_boundaries=0 5 9 13 17
cat_threshold=201457931 943987760 545276416 26091040 1 3256353472 67854724 1476406292 1075855616 3489677316 163848 21039105 1 2156929028 67166340 33555736 33587336
is_linear=0
shrinkage=0.05


Tree=5
num_leaves=31
num_cat=4
split_feature=0 22 7 22 3 21 9 14 22 7 5 22 3 2 13 17 2 13 2 1 11 19 17 10 7 0 21 13 11 8
split_gain=88.0539 82.8266 51.7943 41.0718 36.1174 34.4503 28.4608 24.8147 21.9853 21.4937 21.1015 18.6194 17.5588 16.5061 16.0807 15.0843 14.146 15.4422 12.5385 13.1103 12.051 12.2785 11.283 12.2506 11.2371 10.7164 10.6918 15.0716 10.3909 10.3768
threshold=0.27238626010095318 0 0.60500000000000009 1 552392.71620000002 0.37720057720057726 5.8605774939939579 0.37531725888324879 2 2.3650000000000007 178862995.43500003 3 201707.67325000002 0.11941193262917506 0.10096620612397313 32.500000000000007 -1.0000000180025095e-35 0.10047846889952163 -0.47077470166023078 -0.014827739409735806 0.057599311672402738 9.5000000000000018 151.00000000000003 0.10317965827519972 1.675 0.0013436195880691584 0.29836145756908788 0.10039447885219878 0.11805676834711062 0.7350000000000001
decision_type=2 9 2 9 2 2 2 2 9 2 2 9 2 2 2 2 2 2 2 2 2 2 2 2 2 2 2 2 2 8
left_child=3 5 -3 12 8 10 24 14 13 11 -2 -6 -1 28 15 -5 29 -18 -9 -20 -14 -22 23 -12 -7 -17 -13 -28 -4 -10
right_child=1 2 4 7 9 6 -8 18 16 -11 22 26 20 -15 -16 25 17 -19 19 -21 21 -23 -24 -25 -26 -27 27 -29 -30 -31
leaf_value=0.041432443111935544 0.043955734648393724 0.071537998314974025 -0.032394037940225461 0.0078941849272131989 -0.029349665037739694 0.061128226190467566 0.095516439441177894 0.020301368205469177 -0.033639592345809592 -0.029682832286582146 0.003939276868622321 -0.010603832562731945 0.041880575955286777 0.0085290903849541185 0.04000479735189371 0.021827688363962486 0.015286588303600924 0.051418222718858875 0.018178909424187348 -0.031108380633208726 -0.0078544554505523365 0.044534892192647765 -0.037861907220489315 0.036388494042076468 0.025813186902143848 -0.02317861448508839 0.0086568672915502323 0.070109385699984525 0.020278849628352434 0.0062431543532754348
leaf_weight=32.279960095882416 56.585456028580666 24.508910536766052 69.566198855638504 76.237274795770645 42.342508986592293 34.259011998772621 27.288887500762939 13.293231159448622 19.867940023541451 141.90128234028816 113.52642035484314 59.672503814101219 16.269265219569206 65.357155621051788 16.937870696187019 14.541427865624426 189.53569351136684 35.038180649280548 14.047863021492956 341.10652722418308 134.0287279933691 12.202272608876227 12.123384967446325 39.105375587940216 65.768703505396843 146.26506961882114 73.379566863179207 11.547611519694327 10.819310173392294 91.054444879293442
leaf_count=150 255 106 334 359 206 151 117 61 95 689 524 288 74 306 80 70 880 157 68 1688 638 56 55 177 298 704 349 54 51 429
internal_value=-6.67489e-05 0.00865108 -7.16204e-05 -0.0126894 -0.00223904 0.0287095 0.0502561 -0.0187838 0.00648822 -0.0150108 0.0176128 -0.00387371 0.00737136 -0.0094816 -0.0070611 -0.0104242 0.0133115 0.0209239 -0.0273744 -0.0291589 0.00105889 -0.00348282 0.00856533 0.012253 0.0379084 -0.0191088 0.00525277 0.0170126 -0.0253046 -0.000900472
internal_weight=2000.46 1183.25 834.591 817.209 810.082 348.657 127.317 622.429 481.239 328.843 221.341 186.942 194.78 145.743 253.982 237.044 335.496 224.574 368.448 355.154 162.5 146.231 164.755 152.632 100.028 160.806 144.6 84.9272 80.3855 110.922
internal_count=9469 5521 3944 3948 3838 1577 566 3030 2252 1586 1011 897 918 691 1213 1133 1561 1037 1817 1756 768 694 756 701 449 774 691 403 385 524
cat_boundaries=0 5 9 13 17
cat_threshold=71467011 683937832 42205696 9313792 1 2214731784 2571409424 696275968 2299017345 268452992 34234374 68687873 18940168 3222274176 1114128 83887104 4
is_linear=0
shrinkage=0.05


Tree=6
num_leaves=31
num_cat=5
split_feature=0 22 22 11 15 7 2 3 4 5 17 22 11 17 2 7 19 11 0 14 22 8 10 13 0 3 20 13 22 13
split_gain=79.8859 70.8215 44.381 32.2849 29.2776 27.4231 24.8851 21.8522 19.6997 18.6213 20.4316 18.9025 17.7662 16.8487 16.8307 15.9555 14.7268 14.7328 12.8163 19.549 16.2032 12.6881 12.6594 12.4001 13.2418 11.9334 14.3638 11.6517 11.5183 13.2297
threshold=0.35594647448675043 0 1 0.020519874242084058 25.500000000000004 0.47500000000000003 -0.50227582956872163 581332.22015000007 2.1279500000000007 284542588.22000009 196.00000000000003 2 0.12076938948297081 151.00000000000003 0.18303078807280485 1.6650000000000003 4.5000000000000009 0.12027108733420587 0.16962973656817681 0.091616870010885351 3 2.1450000000000005 0.063045040811107886 0.10062893081761017 0.19364044679320386 408842.89175000007 0.17462962962962966 0.1001743680488414 4 0.10038462107427627
decision_type=2 9 9 2 2 2 2 2 2 2 2 9 2 2 2 2 2 2 2 2 9 8 2 2 2 2 2 2 9 2
left_child=2 4 8 -3 9 -4 -7 13 -1 10 21 22 18 28 -13 -15 -9 -18 19 -8 -20 -2 -11 24 -22 -10 -27 -24 -5 -30
right_child=1 3 5 7 -6 6 12 16 25 11 -12 14 -14 15 -16 -17 17 -19 20 -21 23 -23 27 -25 -26 26 -28 -29 29 -31
leaf_value=0.067291049844481948 0.035663441503700342 0.047569537425231928 0.057463611288560978 -0.0047058818440767368 0.073747272338622424 0.055189590678005163 0.012605061507195063 -0.039119672243324848 0.016008687026964574 0.075728568937148022 -0.017641038453797993 -0.014109663243946829 0.0033276941955989107 0.03054931923582176 0.01927145234754089 -0.037500711336164269 -0.013033092858786972 0.042428211790179124 0.011945336624854922 -0.031322393896968247 0.01129306339525505 0.084013478755989496 0.010064670055803582 0.025226238917747796 -0.030382128703044783 0.046267531323813976 -0.012410127713802177 0.059732079381550389 0.0088602542669671044 0.040225571172252061
leaf_weight=13.215718775987623 134.21274363994598 32.046509221196175 12.088885545730589 116.15876351296902 29.382921144366264 11.267194628715513 27.290185987949371 52.714470863342285 114.76294966042042 15.749808132648466 16.778704971075058 81.165734216570854 74.296685680747032 10.958299130201338 70.611286997795105 40.260993227362633 169.45494912564754 12.884618416428564 48.063114628195763 352.15639238059521 22.148322761058807 15.094942823052405 39.260961294174194 13.568733364343641 136.71022817492485 11.565353959798811 106.19584482908249 16.887335985898972 158.39978066086769 42.677467525005341
leaf_count=59 602 140 55 547 121 52 130 262 536 70 77 377 360 50 323 194 823 59 233 1745 109 66 177 66 674 53 505 75 738 191
internal_value=-7.85351e-05 0.00937668 -0.01065 -0.0013138 0.0250212 -0.0169451 -0.0185045 -0.00393129 0.0076003 0.0219899 0.0346728 0.0125724 -0.019736 0.00366789 0.00133246 -0.0229415 -0.0158433 -0.00911404 -0.0225923 -0.0281631 -0.0130053 0.0405516 0.0317049 -0.0195209 -0.0245717 0.00453459 -0.00664738 0.0250028 0.0079641 0.0147822
internal_weight=1998.03 1054.7 943.33 635.556 419.144 697.59 685.501 603.509 245.74 389.762 166.086 223.675 674.234 368.455 151.777 51.2193 235.054 182.34 599.937 379.447 220.49 149.308 71.8981 172.427 158.859 232.524 117.761 56.1483 317.236 201.077
internal_count=9469 4892 4577 3004 1888 3424 3369 2864 1153 1767 745 1022 3317 1720 700 244 1144 882 2957 1875 1082 668 322 849 783 1094 558 252 1476 929
cat_boundaries=0 4 9 13 17 21
cat_threshold=67272963 954470441 46432512 10362368 2483027976 155491344 696275200 2164926593 1 67240193 2101248 8388608 397312 1081350 612499620 33554432 8 2148549764 34299906 67698689 16777608
is_linear=0
shrinkage=0.05


Tree=7
num_leaves=31
num_cat=5
split_feature=0 22 7 22 11 3 21 22 9 4 21 2 22 3 14 2 3 18 22 20 11 2 5 21 17 0 7 3 2 11
split_gain=72.7226 69.8634 44.7632 36.5442 30.9096 29.3871 26.6635 25.4142 24.7939 23.1164 19.0993 18.3619 17.084 16.941 16.0915 15.6407 14.6808 14.4568 12.2805 13.9782 12.7436 12.6356 12.1765 11.5544 18.7857 10.7586 9.4719 9.4041 10.4437 14.9036
threshold=0.27238626010095318 0 0.60500000000000009 1 0.12435551598586127 552392.71620000002 0.36754385964912284 2 5.8605774939939579 1.5749500000000001 0.34740691489361708 -0.50227582956872163 3 201707.67325000002 0.38133250397401347 0.13154776752307321 1105744.2021000001 20.500000000000004 4 0.23647660818713453 0.12256483238456685 -0.25333663508130921 48024131.445000008 0.40750456204379565 141.50000000000003 0.67342852555122812 2.0150000000000001 194130.36695000003 -0.05286309264237498 0.090909090909090898
decision_type=2 9 2 9 2 2 2 9 2 2 2 2 9 2 2 2 2 2 9 2 2 2 2 2 2 2 2 2 2 2
left_child=3 6 -3 13 5 7 10 -4 -8 -5 16 -11 23 -1 18 17 27 -9 20 -20 -13 -21 -15 -7 -25 -14 -27 -2 29 -29
right_child=1 2 4 9 -6 12 8 15 -10 11 -12 14 25 22 -16 -17 -18 -19 19 21 -22 -23 -24 24 -26 26 -28 28 -30 -31
leaf_value=0.037051548269662234 0.061469981249978448 0.065255874686830848 0.01544107958326818 0.048590887525387955 0.035542544014107356 -0.0082823590372147898 0.033568587197630173 -0.011102835736802454 0.08683481440990222 0.04336310152037872 -0.034817428858129482 -0.034497966734214867 -0.034271979641543868 0.046175116024073495 -0.027335153752128551 0.0067482577786064776 -0.0039055685949219068 -0.051923544963305694 -0.020027459910699194 0.042661085126982995 0.022522384991786694 0.00025361846243015899 -0.0039063613434956691 0.083237760142963288 -0.0049800326200173895 0.0028854768188593554 -0.024851778913743634 0.045999417143357139 0.03165768340708227 -0.025312732288605318
leaf_weight=38.285014554858208 18.470854192972183 25.345055758953094 215.05683961510658 12.788469716906546 50.803148001432419 45.659452185034752 110.13635446131229 107.95857636630535 27.252207815647125 11.445145845413206 17.103930577635765 73.855935513973236 115.44494071602821 13.197348818182943 350.6907385289669 100.44278617203236 47.35338169336319 27.142750188708305 56.658154249191284 24.099757999181747 11.297753691673277 64.780908435583115 151.04649032652378 10.883216977119446 13.545723885297775 53.237112998962402 72.960137873888016 11.094457253813742 95.481892839074135 21.573363587260246
leaf_count=176 82 107 991 57 234 222 487 514 114 52 77 360 571 60 1767 465 216 133 277 115 55 309 720 51 65 256 358 50 429 99
internal_value=-8.02057e-05 0.00779664 -0.000178326 -0.0116492 -0.00222007 -0.00473664 0.0262382 0.00342862 0.0441344 -0.017628 0.0158327 -0.0193538 -0.0165394 0.00676551 -0.0205885 -0.00786083 0.0202989 -0.019304 -0.0103323 -0.00057971 -0.0241023 0.0117523 0.000117794 0.00574701 0.0343214 -0.0223178 -0.0131506 0.0281161 0.0233086 -0.00109411
internal_weight=1995.09 1186.95 838.48 808.146 813.135 762.332 348.466 450.601 137.389 605.617 211.078 592.828 311.731 202.529 581.383 235.544 193.974 135.101 230.693 145.539 85.1537 88.8807 164.244 70.0884 24.4289 241.642 126.197 146.621 128.15 32.6678
internal_count=9469 5521 3967 3948 3860 3626 1554 2103 601 2992 953 2935 1523 956 2883 1112 876 647 1116 701 415 424 780 338 116 1185 614 660 578 149
cat_boundaries=0 5 9 13 17 21
cat_threshold=71467011 683938856 42205696 42866176 1 3288473608 2567215120 696276224 2164799489 2149064736 269551633 3242197304 537954432 268452612 69738498 675807233 134217865 12616832 8396804 2186018848 1544
is_linear=0
shrinkage=0.05


Tree=8
num_leaves=31
num_cat=5
split_feature=22 0 19 21 7 3 22 22 3 21 22 9 18 21 8 11 22 2 4 14 5 7 8 20 9 10 8 13 2 17
split_gain=66.013 43.8125 38.7709 34.8219 30.4292 24.0034 32.5579 23.6457 23.2521 21.7859 17.554 16.2022 15.7009 14.4157 15.3929 14.3823 14.28 13.9615 13.2822 12.1788 11.6188 11.4301 11.2463 10.8525 10.8303 16.4288 15.2511 14.1995 10.7944 11.9287
threshold=0 0.43585213864291272 5.5000000000000009 0.37720057720057726 1.1450000000000002 382491.40300000011 1 2 825388.11975000019 0.34740691489361708 3 6.26061186276028 25.500000000000004 0.4377976190476191 1.3950000000000002 0.054817147951541113 4 0.011592055967581729 18.859150000000003 0.70685901606526202 87947308.085000023 0.8650000000000001 1.3350000000000002 0.25428060311781248 1.402589429127943 0.11309744578789906 0.71500000000000008 0.099917847520679018 -0.45031035055869484 217.50000000000003
decision_type=9 2 2 2 2 2 9 9 2 2 9 2 2 2 8 2 9 2 2 2 2 2 10 2 2 2 10 2 2 2
left_child=2 5 17 7 15 6 18 -4 16 21 -7 13 -10 14 -5 -3 -6 20 28 -14 23 -9 -23 -1 26 -26 -18 -28 -2 -30
right_child=1 4 3 11 8 10 -8 9 12 -11 -12 -13 19 -15 -16 -17 24 -19 -20 -21 -22 22 -24 -25 25 -27 27 -29 29 -31
leaf_value=-0.025248978884562547 0.044041395346639173 0.058097702604942507 -0.0098946536259889983 0.038751405138745643 0.018843216939188737 0.00081080592736450143 -0.019620287923308569 0.077413481124778583 -0.032926711239933529 -0.029955118069426287 -0.027695161367461387 0.089696115152487266 -0.026446515703847297 0.022465009680625699 0.098428945183249641 0.015968222886635401 -0.021422049518122876 0.014977661335558713 0.05772099093535326 0.014272193905457146 -0.018754209640870288 0.016214058317630464 0.053317265066810629 0.034802556001668192 -0.013936694107178755 0.048297608919872372 0.043191213722185706 0.0054080799498601216 0.0086597571556726611 -0.02304901726199483
leaf_weight=11.262928083539007 16.673880696296692 31.479189097881317 71.76748014986515 30.785808056592941 126.70536485314369 73.894304424524307 189.27852486073971 14.023424074053763 77.88281586766243 14.517160519957541 303.5518149882555 18.798216685652733 29.602348372340202 57.526824787259102 16.648852601647377 56.829867109656334 31.509857445955276 86.186198353767395 13.025644659996031 48.368700012564659 106.00799734890461 59.687063440680504 31.046693027019501 22.66081066429615 150.43290628492832 11.408636584877966 37.219945535063744 74.921841040253639 140.61351688206196 37.589048430323601
leaf_count=52 78 135 328 138 576 364 934 61 388 66 1533 77 145 252 71 257 149 390 61 232 511 274 137 105 713 52 175 348 680 187
internal_value=-7.96713e-05 -0.0056405 0.01467 0.0262863 0.00361871 -0.013798 -0.00521783 0.0129017 -0.000491084 0.0253247 -0.0228267 0.0469473 -0.0170479 0.0392912 0.0596973 0.030986 0.00547941 -0.000853324 0.00843261 -0.001187 -0.0106039 0.0354028 0.0289098 0.014865 -0.000658573 -0.00954963 0.00931247 0.0179483 0.00557086 0.00197129
internal_weight=1991.91 1450.99 540.919 314.802 676.361 774.627 397.181 191.042 588.052 119.274 377.446 123.76 155.854 104.961 47.4347 88.3091 432.199 226.118 207.902 77.971 139.932 104.757 90.7338 33.9237 305.493 161.842 143.652 112.142 194.876 178.203
internal_count=9469 7007 2462 1404 3170 3837 1940 866 2778 538 1897 538 765 461 209 392 2013 1058 1006 377 668 472 411 157 1437 765 672 523 945 867
cat_boundaries=0 5 9 13 17 21
cat_threshold=201457931 943985712 545276416 26090592 1 3225461280 69240841 1124140320 2148532361 2 268698656 545259520 25296896 268469248 2172649604 135270409 402654089 2420154372 3145739 39059456 1081345
is_linear=0
shrinkage=0.05


Tree=9
num_leaves=31
num_cat=4
split_feature=2 22 22 14 7 22 20 1 3 20 21 10 5 8 5 19 21 15 21 10 3 13 8 5 6 21 22 17 6 7
split_gain=61.492 54.3625 51.237 25.8477 20.944 22.0015 19.0147 19.0994 17.9349 35.8745 18.1933 17.4253 16.6562 15.4237 15.233 14.2871 16.3675 13.8358 13.7025 13.0602 11.6151 11.6024 11.4838 12.9901 11.431 11.2477 11.1541 12.7463 11.0605 13.7958
threshold=0.038523373732377027 0 1 0.37531725888324879 0.57500000000000007 2 0.29289215686274517 0.089150432900432799 395023.83405000006 0.12850908233073841 0.43019480519480524 0.11519526332042665 81428248.450000018 0.83500000000000008 41841485.500000007 6.5000000000000009 0.16035714285714289 17.500000000000004 0.71870967741935499 0.099516511087908446 861546.92465000006 0.10042017548505557 0.64500000000000013 284542588.22000009 1.8762000000000001 0.23722943722943726 3 68.500000000000014 6.412300000000001 2.4650000000000003
decision_type=2 9 9 2 2 9 2 2 2 2 2 2 2 8 2 2 2 2 2 2 2 2 8 2 10 2 9 2 8 2
left_child=2 12 8 6 -3 17 7 19 10 -10 24 21 -2 -8 -15 20 -17 18 22 -4 -5 28 -6 -24 -1 -11 27 -18 29 -7
right_child=1 4 3 15 5 11 13 -9 9 25 -12 -13 -14 14 -16 16 26 -19 -20 -21 -22 -23 23 -25 -26 -27 -28 -29 -30 -31
leaf_value=0.067696221960718866 0.030940858441256072 0.067349455181340098 -0.029230254088446025 -0.022144838785268559 -0.0047336374930393044 0.0030955938433276601 -0.014571477962910426 0.043343894613451478 0.057707407860278885 -0.025917456690504742 -0.029341191173299298 0.057153180704381239 -0.017685301864288839 0.066700080101984499 0.012174699648254066 0.036584195862339172 -0.01362519138325121 0.069668453881941969 -0.026584221458210384 0.001083086455247566 -0.043088503241389652 0.024792279075974519 0.054050633777399576 0.023564240068751911 0.021828191574343313 0.0012251936293693443 -0.02114427595091041 0.061282724454393117 0.01124616537736196 -0.027976233835962303
leaf_weight=15.216438636183737 19.475647538900375 20.04106767475605 111.97156977653503 224.49441480636597 21.975383296608925 112.83344711363316 46.110454455018044 13.0027489811182 21.937161222100258 67.638735577464104 16.097154557704926 17.620792090892792 183.90863238275051 15.072811529040335 85.300282329320908 17.031964123249054 12.535063832998278 19.708412617444992 11.774712547659872 52.049032539129257 93.885549962520599 70.893998131155968 52.787668287754059 103.35463558137417 126.55334663391113 87.599210157990456 108.2941732853651 10.382894694805143 177.143590092659 52.273434326052666
leaf_count=68 88 84 550 1128 100 530 219 59 97 328 76 79 889 68 404 82 63 81 52 252 484 320 230 465 585 420 536 50 828 254
internal_value=-9.13404e-05 0.00994259 -0.00779436 -0.0146357 0.0167633 0.0154419 -0.00395982 -0.0149867 0.00852202 -0.00214342 0.0210317 0.00826691 -0.0124184 0.009366 0.0203627 -0.0223508 -0.00952918 0.0284366 0.0256547 -0.0196109 -0.0283208 0.00638199 0.029108 0.0338709 0.0267513 -0.0106011 -0.0155149 0.0141412 0.00256847 -0.00674186
internal_weight=1988.96 863.791 1125.17 790.131 660.407 640.366 323.507 177.023 335.042 177.175 157.867 430.765 203.384 146.484 100.373 466.624 148.244 209.601 189.892 164.021 318.38 413.144 178.118 156.142 141.77 155.238 131.212 22.918 342.25 165.107
internal_count=9469 4000 5469 3895 3023 2939 1552 861 1574 845 729 2011 977 691 472 2343 731 928 847 802 1612 1932 795 695 653 748 649 113 1612 784
cat_boundaries=0 4 9 13 17
cat_threshold=3222798888 67854724 1828793348 1073741824 3355582728 541332656 965100816 2164918272 1 67108867 951324696 46137344 9311232 1064961 73728 0 135266304
is_linear=0
shrinkage=0.05


Tree=10
num_leaves=31
num_cat=6
split_feature=0 22 7 22 3 14 21 9 22 11 22 11 21 22 13 17 2 6 3 2 18 7 21 7 11 2 19 4 22 7
split_gain=57.5702 53.3154 35.9535 30.3538 26.5046 21.9695 21.0589 19.0007 18.5999 17.9352 17.0227 18.5515 16.0371 15.7339 15.8249 13.9257 13.323 12.7295 12.3046 12.295 13.4209 11.7031 15.193 11.101 11.0343 10.7671 11.2431 12.5112 9.90755 9.66893
threshold=0.27238626010095318 0 0.60500000000000009 1 552392.71620000002 0.35728236607142866 0.36754385964912284 6.26061186276028 2 0.048078086991415615 3 0.12435551598586127 0.34740691489361708 4 0.10094266968794909 32.500000000000007 -0.47077470166023078 6.412300000000001 194130.36695000003 0.13352694227137843 20.500000000000004 2.1650000000000005 0.40750456204379565 1.675 0.11306579697438905 -0.43836265903068211 9.5000000000000018 18.277950000000004 5 3.3450000000000002
decision_type=2 9 2 9 2 2 2 2 9 2 9 2 2 9 2 2 2 8 2 2 2 2 2 2 2 2 2 2 9 2
left_child=3 6 -3 9 10 13 12 23 17 -1 -4 19 18 -5 15 -15 -7 21 -2 20 -12 22 -6 -8 28 -11 27 -27 -20 -21
right_child=1 2 4 5 8 16 7 -9 -10 25 11 -13 -14 14 -16 -17 -18 -19 24 29 -22 -23 -24 -25 -26 26 -28 -29 -30 -31
leaf_value=0.057269484923755901 0.058897797339198511 0.057694443544586652 0.013955631263390642 -0.027011581443859064 -0.016770480895177808 0.023677397995613594 0.052413274940984633 0.081918393409221441 -0.022580854746882293 0.043473975942812979 -0.010604601194945941 0.0447315473291078 -0.033246689257085286 0.01899889739102054 0.051940605145149726 -0.011170097006793467 -0.025804353709150425 0.019682259908898936 -0.010318867214901887 -0.0022395141826726888 -0.051476146825433312 -0.029248525713493678 0.04630607244191063 0.019776181873563434 0.03801840519709334 -0.0097348292853442174 0.043564287141719962 0.039345419744209027 0.016234022290858827 0.040850990006196561
leaf_weight=16.259046956896782 16.648449659347534 26.144631117582321 259.56718838214874 48.122383534908295 23.807311147451401 14.153826117515562 39.561513096094131 21.680624291300774 187.18848736584187 14.659164905548094 96.386946380138397 17.5923121124506 16.713951408863068 56.50209154188633 15.090461760759352 118.41236709058285 349.88828466832638 57.673799514770508 48.024836868047714 76.924399733543396 25.372515559196472 42.369426026940346 15.937403351068495 76.311542481184006 37.219217464327812 136.77304331958294 12.894478872418402 14.346455320715902 88.00388865172863 15.670294165611265
leaf_count=72 72 108 1187 237 115 64 168 89 937 66 464 80 76 267 70 578 1812 274 216 355 128 212 75 334 164 656 58 68 395 72
internal_value=-9.86469e-05 0.00687231 -2.46629e-05 -0.0104952 -0.00186866 -0.0158925 0.0231274 0.0389575 -0.0129001 0.00665187 0.00546996 -0.0044366 0.0137076 -0.00434797 0.00267297 -0.0014247 -0.0238805 0.00156652 0.0178404 -0.00867886 -0.0191215 -0.0109665 0.00852286 0.0309192 0.0138949 0.00241802 -0.00125146 -0.00507542 0.00729439 0.00505292
internal_weight=1985.9 1188.8 844.635 797.102 818.49 602.169 344.164 137.554 326.976 194.932 491.514 231.946 206.61 238.127 190.005 174.914 364.042 139.788 189.896 214.354 121.759 82.1141 39.7447 115.873 173.248 178.673 164.014 151.119 136.029 92.5947
internal_count=9469 5521 4007 3948 3899 3028 1514 591 1613 920 2286 1099 923 1152 915 845 1876 676 847 1019 592 402 190 502 775 848 782 724 611 427
cat_boundaries=0 5 9 13 17 21 25
cat_threshold=71467011 683937832 42205696 42866176 1 2483036168 2567215120 696276224 2299017345 268452644 69738498 675807529 151005581 3222806560 269552657 3242197304 537954432 8422528 8196 2181824512 1032 2 8650792 33554432 393728
is_linear=0
shrinkage=0.05


Tree=11
num_leaves=31
num_cat=4
split_feature=2 22 22 7 22 9 4 5 14 0 18 2 20 3 19 15 17 14 2 18 3 19 22 10 17 13 19 21 1 13
split_gain=52.7832 47.7253 38.0785 22.2766 27.9662 20.2952 20.2227 19.7885 17.9081 16.3503 15.7551 14.8025 14.5324 12.996 12.9148 12.0684 24.5039 11.2058 10.2579 10.0256 9.94778 23.8574 9.92186 12.2454 10.392 9.65184 9.62922 9.00163 10.5207 10.0216
threshold=-0.016133817015931692 0 1 1.1950000000000001 2 -1.1007942860661311 7.8261000000000012 50283071.500000007 0.41731770833333343 0.53164950838360714 18.500000000000004 -0.47077470166023078 0.43951219512195128 1280319.0556000003 6.5000000000000009 17.500000000000004 138.50000000000003 0.73385416666666681 0.4725841088045814 10.500000000000002 408842.89175000007 9.5000000000000018 3 0.10472972972972966 47.500000000000007 0.10059525918577052 11.500000000000002 0.23466833541927412 0.026790499157862472 0.099828373881803781
decision_type=2 9 9 2 9 2 2 2 2 2 2 2 2 2 2 2 2 2 2 2 2 2 9 2 2 2 2 2 2 2
left_child=2 13 7 9 5 19 -6 -1 12 -3 25 -9 22 -2 -12 16 27 -16 -11 -5 -13 -22 23 -4 -24 -10 -23 29 -29 -7
right_child=1 3 8 4 6 15 -8 11 10 18 14 20 -14 -15 17 -17 -18 -19 -20 -21 21 26 24 -25 -26 -27 -28 28 -30 -31
leaf_value=0.042055139291197696 -0.0080248150422934008 0.010709675149309426 -0.0031466218796433612 -0.037645509681919279 -0.016552167171192813 -0.0221367953772846 0.0081028604666867395 0.057508461621120048 -0.030179746172324523 0.05535530138695758 -0.03985712155642554 0.010533756897120649 0.043207110069091635 -0.040406361867128815 -0.0039138064854988821 0.063886277085855328 -0.014384490498866321 0.054155223517866662 0.015257473392845472 0.015561183524704848 -0.019329095076678696 0.064752136046852066 -0.0036242878940705493 0.045331998362136146 -0.027846739496233921 -0.0009409745390268747 0.0030686793255502664 0.03888544185213548 0.08926279844029282 0.032591447927637011
leaf_weight=34.660126522183418 171.0714617818594 57.536770179867744 99.679643467068672 16.583205312490463 108.52296943962574 11.253521099686621 356.01670080423355 11.419512197375296 274.29660262167454 63.319342643022537 12.358153179287909 109.99134188890457 14.022350192070006 37.838750034570694 20.403902187943459 25.619990155100822 29.169866532087326 14.014229863882063 21.320448875427246 18.994477674365044 114.02044175565243 12.828769043087961 82.176502004265785 14.984171971678732 96.016979143023491 31.462289705872536 12.483707070350645 65.23378112912178 12.321114078164099 32.586139053106308
leaf_count=154 830 267 482 77 521 51 1662 50 1423 271 64 511 65 195 102 105 132 68 92 85 558 57 393 72 478 159 57 289 53 146
internal_value=-0.000107061 0.00775862 -0.00857056 0.0131239 0.00950212 0.0240701 0.00229372 0.0063459 -0.0151198 0.0312749 -0.0230368 0.00184253 -0.0065176 -0.0132554 0.00398763 0.0321626 0.0267645 0.0197305 0.0452548 -0.00923913 -0.000707076 -0.00958075 -0.00889847 0.00293275 -0.0157901 -0.0271711 0.0343308 0.0366522 0.0468889 0.0185429
internal_weight=1982.21 1027.39 954.819 818.478 676.302 211.762 464.54 295.404 659.415 142.177 352.535 260.744 306.88 208.91 46.7763 176.184 150.564 34.4181 84.6398 35.5777 249.324 139.333 292.857 114.664 178.193 305.759 25.3125 121.395 77.5549 43.8397
internal_count=9469 4776 4693 3751 3121 938 2183 1387 3306 630 1816 1233 1490 1025 234 776 671 170 363 162 1183 672 1425 554 871 1582 114 539 342 197
cat_boundaries=0 4 8 12 16
cat_threshold=3222798536 745732 2080386068 1080049924 3355582733 2823035920 696271120 1091176448 339886083 816058410 41943048 9048192 268451842 573449 67176488 537919488
is_linear=0
shrinkage=0.05


Tree=12
num_leaves=31
num_cat=5
split_feature=0 22 7 22 11 2 3 22 21 9 5 20 6 21 7 22 3 22 11 6 19 7 21 21 0 20 7 11 7 20
split_gain=48.7011 45.482 27.1031 27.0556 22.5824 21.76 20.0678 19.5872 19.2337 19.3313 17.4341 21.1519 17.1883 14.9868 14.2936 13.3161 13.2872 13.0397 12.8965 12.2437 12.2121 15.8013 11.1892 17.766 12.483 10.371 10.233 10.1745 8.77809 8.69938
threshold=0.27238626010095318 0 0.60500000000000009 1 0.12435551598586127 -0.50227582956872163 552392.71620000002 2 0.36754385964912284 5.8605774939939579 75021053.230000004 0.20281339031339032 2.0923500000000002 0.34740691489361708 2.5050000000000003 3 1404048.7190000003 4 0.12076938948297081 1.2455500000000002 7.5000000000000009 1.7150000000000001 0.37581168831168837 0.50806451612903236 0.62898858606410057 0.47559523809523813 1.675 0.10308890492037265 0.93500000000000016 0.35505093378607816
decision_type=2 9 2 9 2 2 2 9 2 2 2 2 10 2 2 9 2 9 2 10 2 2 2 2 2 2 2 2 2 2
left_child=3 8 -3 18 6 -5 7 -4 13 26 11 28 -13 16 15 -8 -2 20 19 -1 21 -12 29 -24 -25 -9 -10 -23 -7 -17
right_child=1 2 4 5 -6 10 14 25 9 -11 17 12 -14 -15 -16 22 -18 -19 -20 -21 -22 27 23 24 -26 -27 -28 -29 -30 -31
leaf_value=0.012915304297132685 0.021489499125821251 0.050540299600815068 0.01211217563156834 0.070364949796770007 0.03008177634787286 0.01902367539313024 -0.026573779589065906 -0.01165921967001288 0.046364747894250005 0.071561539038580799 0.034896569686536497 0.053299869437316121 0.0054236523059172648 -0.030397105886034833 -0.028399699830103389 -0.022418648731408981 -0.010748632718587862 -0.013721331604695519 0.0054310207659336992 -0.029364665051628287 0.052037139447323161 0.0029135939053434911 0.049426639249593889 -0.045086430452246723 0.019702874804526982 0.038864158289558332 0.015579661058077364 -0.052662096738070124 -0.027060484531833181 0.011981472702443818
leaf_weight=18.46563296020031 174.31068922579288 25.13062559068203 229.66148541867733 10.061587303876875 50.626299396157265 14.767624378204344 44.109505146741867 196.74536016583443 40.733825281262398 28.785080164670944 20.445825919508934 36.89059516787529 38.117875605821609 19.330821022391319 114.02415959537029 48.59106433391571 39.138383448123932 296.06935086846352 36.665723711252213 235.51989288628101 14.402362346649168 19.272665247321129 26.794307723641396 12.376001313328745 18.619903042912483 10.710191905498503 80.025062367320061 14.380188688635824 34.412354916334152 29.558058008551598
leaf_count=91 770 103 1049 44 228 71 225 942 171 119 97 166 178 89 586 242 177 1486 183 1230 66 96 125 62 89 50 350 71 169 144
internal_value=-0.000107427 0.00628363 -0.00056296 -0.009735 -0.00221282 -0.00237248 -0.00444884 0.00234529 0.0202201 0.0347408 -0.00391839 0.0122614 0.0289701 0.0117603 -0.0145478 -0.00577545 0.0155783 -0.00942992 -0.0215477 -0.0262908 0.00970444 0.000228305 0.00272738 0.0196093 -0.00616611 -0.00863466 0.0259639 -0.0208344 -0.0132225 -0.00940762
internal_weight=1978.74 1189.27 806.947 789.472 781.816 498.82 731.19 437.117 382.324 149.544 488.759 124.188 75.0085 232.78 294.073 180.049 213.449 364.57 290.651 253.986 68.501 54.0987 135.939 57.7902 30.9959 207.456 120.759 33.6529 49.18 78.1491
internal_count=9469 5521 3845 3948 3742 2444 3514 2041 1676 640 2400 584 344 1036 1473 887 947 1816 1504 1321 330 264 662 276 151 992 521 167 240 386
cat_boundaries=0 5 9 13 17 21
cat_threshold=71467011 683938856 42238472 42868224 1 13420161 68755748 2254274593 66564 3222806560 269551633 3242197296 537952385 3222274176 3211280 83887104 4 67108868 151262224 536870912 151009920
is_linear=0
shrinkage=0.05


Tree=13
num_leaves=31
num_cat=4
split_feature=2 22 22 7 22 9 3 14 1 20 18 3 0 19 20 17 21 10 2 14 14 21 17 22 5 1 14 3 9 7
split_gain=45.2469 41.118 33.2236 20.4166 24.1897 22.6811 17.3094 15.9207 15.6239 15.6121 15.4521 14.6265 14.4466 13.2092 13.0656 12.3974 12.3098 12.1558 12.3753 11.2847 12.5959 11.2262 11.1194 10.4372 10.2345 17.2574 9.86725 9.80881 9.51094 9.46802
threshold=-0.016133817015931692 0 1 1.1950000000000001 2 -1.5376171578147355 398009.33550000004 0.41731770833333343 0.066587295826794582 0.17192118226600989 18.500000000000004 382491.40300000011 0.53164950838360714 6.5000000000000009 0.27149877149877155 108.50000000000001 0.38956639566395673 0.0380394643889281 -0.43836265903068211 0.090447288560496122 0.27055180180180188 0.43019480519480524 108.50000000000001 3 637902759.23500001 0.012848775008456938 0.19960937500000003 937491.14725000004 -0.40377143167676927 1.675
decision_type=2 9 9 2 9 2 2 2 2 2 2 2 2 2 2 2 2 2 2 2 2 2 2 9 2 2 2 2 2 2
left_child=2 27 6 12 5 -5 8 14 21 -8 -9 15 -3 -12 17 29 22 -4 -19 -16 28 -1 -7 -13 25 -15 -17 -2 -21 -6
right_child=1 3 7 4 11 16 9 10 -10 -11 13 23 -14 24 19 26 -18 18 -20 20 -22 -23 -24 -25 -26 -27 -28 -29 -30 -31
leaf_value=0.018324471914313346 -0.0060534928684492367 0.010130158944249545 0.032858003049862652 -0.022715010004236105 -0.0053807228568555675 0.029810323709205652 0.036095043735719097 -0.025878883503362211 0.074042674413266507 -0.012686103669566923 -0.039187506829985112 -0.023409340086423088 0.042799893756544395 0.050360718745469157 0.034259341508720773 -0.033808467887469502 0.052468819013377604 0.020849803862087818 -0.027223135202019119 0.0048233574578802393 0.015575868056036071 -0.026718936373824827 -0.022584299165706548 0.00070705793760569683 0.05962008344506086 -0.035885115255859384 0.010880665536985168 -0.030239300813205174 -0.030061503540627234 0.027700600050020348
leaf_weight=124.39594298601151 166.60154196619987 56.322427093982697 11.148075371980665 19.804626613855362 26.52738493680954 65.496718004345894 18.873806744813919 300.65150146186352 11.458891764283178 125.23833930492401 12.546701446175573 43.884895443916321 84.767513945698738 10.309394642710688 25.327442869544029 20.599083259701729 56.065540298819542 15.173485040664671 113.72326608002186 34.405110090970993 58.462820544838905 15.56340406835079 11.978085979819296 271.62892925739288 11.355524778366087 13.26072573661804 30.851250976324081 56.016602888703346 45.216576889157295 117.12815421819687
leaf_count=569 809 260 52 90 121 289 85 1585 49 610 67 210 359 51 117 95 237 73 577 164 282 75 54 1290 54 67 138 294 216 530
internal_value=-0.00011486 0.00715084 -0.00799858 0.0123319 0.00881455 0.025552 0.00590633 -0.0141783 0.0179113 -0.00629743 -0.021693 0.00322454 0.0297583 0.00481689 -0.00602476 0.014049 0.0346237 -0.0172319 -0.0215641 0.00357979 -0.00204745 0.0133157 0.0217098 -0.00336683 0.0206251 0.00183817 -0.00701145 -0.0116174 -0.0149875 0.0215918
internal_weight=1974.78 1027.67 947.111 805.055 663.965 153.345 295.53 651.581 151.418 144.112 348.124 510.62 141.09 47.4723 303.457 195.106 133.54 140.045 128.897 163.412 138.085 139.959 77.4748 315.514 34.9256 23.5701 51.4503 222.618 79.6217 143.656
internal_count=9469 4776 4693 3673 3054 670 1388 3305 693 695 1824 2384 619 239 1481 884 580 702 650 779 662 644 343 1500 172 118 233 1103 380 651
cat_boundaries=0 4 8 12 16
cat_threshold=3222798536 67854596 2080386068 1080049932 3355582729 2823052304 696271120 1091176448 71434241 279187488 41943048 9048192 8421376 16779264 16842752 35328
is_linear=0
shrinkage=0.05


Tree=14
num_leaves=31
num_cat=4
split_feature=22 7 19 22 3 21 0 13 22 21 14 11 22 0 7 3 1 2 7 2 3 2 11 21 20 0 7 5 6 10
split_gain=42.2626 34.7782 31.4968 33.1338 33.1078 30.0055 19.7036 19.1045 18.2382 17.7945 19.399 16.3487 19.9656 13.8048 13.253 13.0285 12.9943 12.0045 13.5027 11.5088 10.8776 10.6449 10.3449 10.0216 9.78537 9.50702 9.42665 9.40768 9.80575 9.30314
threshold=0 0.40500000000000008 6.5000000000000009 1 382491.40300000011 0.39791666666666675 0.49078459420438936 0.10043668122270745 2 0.4377976190476191 0.55571681986776345 0.11950592724830249 3 0.13292855176440052 1.3650000000000004 422091.72820000007 0.044347484052288839 -0.025850674397464631 1.5150000000000003 0.15656027424024435 705027.66220000014 -0.2316631152555961 0.12027108733420587 0.27223320158102771 0.27744310575635883 0.57716348672718365 0.77500000000000013 81428248.450000018 7.4242000000000017 0.094421650722726666
decision_type=9 2 2 9 2 2 2 2 9 2 2 2 9 2 2 2 2 2 2 2 2 2 2 2 2 2 2 2 8 2
left_child=6 -2 4 5 11 15 26 14 -6 20 -11 12 25 -14 -5 -4 -12 18 -10 -9 -7 -15 27 24 -17 -3 -1 -8 -29 -30
right_child=1 2 3 7 8 9 22 19 17 10 16 -13 13 21 -16 23 -18 -19 -20 -21 -22 -23 -24 -25 -26 -27 -28 28 29 -31
leaf_value=0.016501031921130196 0.064764455399716536 -0.017802154576393728 0.024321057631019386 0.015570433423689701 -0.020548798462229043 0.040171926163704158 0.026439054578987715 0.0034662386108879036 0.016964069662307138 0.0050690813861329594 0.02419166593583047 0.030430896771354882 -0.0035380109058918627 0.065322622687552012 -0.01132084274776886 0.055875120964361591 0.075053250548905603 0.012911999936135565 -0.028097454695360985 0.047702268198133932 0.093702383069841466 0.018868449869660922 0.034913273167889315 -0.01254855850211014 0.0028678555194287174 0.014683091939499565 -0.025917192597808204 -0.020300091396628923 -0.01394607219472677 0.02480298656609882
leaf_weight=13.8925753980875 23.047330692410469 118.98530942201614 91.482584550976753 57.560137435793877 274.90821860730648 17.300080344080925 20.142632454633713 29.530768185853958 24.260042726993561 44.397972032427788 24.350135087966919 62.345233157277107 70.497660860419273 14.082948327064512 224.59141382575035 12.246203899383543 25.930586501955986 90.851107209920883 52.820264026522636 29.283956617116928 21.021945223212242 99.185141697525978 17.246130526065826 70.881162211298943 30.122338145971298 27.78076933324337 228.89189410209656 91.552834138274193 30.934583023190498 31.024964928627014
leaf_count=67 95 578 407 265 1382 75 92 138 118 195 107 289 347 66 1086 57 110 426 270 129 89 453 78 329 139 121 1205 456 152 148
internal_value=-0.000120254 0.00378149 0.00287838 0.0108799 -0.00361977 0.0216581 -0.0137231 -0.000419003 -0.0129935 0.0407899 0.0291544 0.00694598 0.00251624 0.0131188 -0.00583491 0.0102873 0.0504218 0.000564844 -0.0139149 0.0254914 0.0695366 0.0246442 -0.00202075 -0.00104911 0.0181891 -0.0109098 -0.0234899 -0.00568877 -0.00990432 0.00545672
internal_weight=1971.15 1537.46 1514.42 678.699 835.717 337.733 433.686 340.966 442.84 133.001 94.6787 392.877 330.532 183.766 282.152 204.732 50.2807 167.931 77.0803 58.8147 38.322 113.268 190.901 113.25 42.3685 146.766 242.784 173.655 153.512 61.9595
internal_count=9469 7271 7176 3126 4050 1508 2198 1618 2196 576 412 1854 1565 866 1351 932 217 814 388 267 164 519 926 525 196 699 1272 848 756 300
cat_boundaries=0 4 8 12 16
cat_threshold=42747536 1794310 1141450757 274808836 269623303 147067960 580911368 144580096 3222446119 71303208 593494304 135401992 268443653 281055232 2147746088 1084936
is_linear=0
shrinkage=0.05


Tree=15
num_leaves=31
num_cat=6
split_feature=11 22 19 3 22 21 2 22 21 9 8 22 20 2 20 14 22 3 13 11 4 13 2 13 11 3 22 3 0 7
split_gain=39.872 40.1952 29.3177 34.7346 28.6902 28.4876 19.4173 18.8753 17.1698 17.5894 15.9185 16.3468 15.8042 14.9993 19.2743 14.573 13.001 12.4278 11.7372 11.6594 11.9457 11.6188 11.6114 10.6908 15.0667 10.2051 10.0908 9.66807 9.58931 9.31433
threshold=1.0000000180025095e-35 0 6.5000000000000009 382491.40300000011 1 0.39791666666666675 0.12935094554599372 2 0.4377976190476191 6.26061186276028 1.9650000000000001 3 0.3136574074074075 0.17806404204150708 0.26794915836482314 0.15019531250000004 4 705027.66220000014 0.10043668122270745 0.11111111111111126 2.7185500000000005 0.10017055167017487 -0.26146638025732366 0.10016353503099541 0.12076938948297081 1086073.0903000003 5 375692.69855000003 0.61280099459711901 0.52500000000000013
decision_type=2 9 2 2 9 2 2 9 2 2 8 9 2 2 2 2 9 2 2 2 2 2 2 2 2 2 9 2 2 2
left_child=28 6 3 10 5 16 -2 25 17 -10 11 -3 23 14 -6 -16 -4 -7 -15 -9 -21 -12 -18 24 -13 -5 -8 -24 29 -1
right_child=1 2 4 7 13 8 26 19 9 -11 21 12 -14 18 15 -17 22 -19 -20 20 -22 -23 27 -25 -26 -27 -28 -29 -30 -31
leaf_value=0.055087256313049698 -0.022565045024529731 -0.011115631588753762 -0.0066748962330144476 0.023099294215343638 -0.025463868321948142 0.035183435459078122 0.015825650118219122 -0.024472481321632246 0.015086283843609142 0.065286531758247598 0.056960558576112624 -0.020579503660890112 0.027288494537612076 0.0057862830700804238 0.049137630506717253 -0.0021048981870501935 0.065393543856031897 0.091451266566586642 0.045048837565052902 0.04716759470549009 -0.010107257880846189 0.003231372419173525 0.035609316161833687 0.020585400276748485 0.036412336788885523 -0.015120473439679675 -0.010343540745598581 0.0036621304182832071 0.058993254913031437 0.007875452463354712
leaf_weight=14.944709047675131 289.76253464818001 118.82038725912571 82.402943879365921 49.415197446942329 94.185788750648499 17.884334430098534 52.93838070333004 257.90369826555252 73.69764256477356 22.862531960010529 25.669055819511414 66.594592273235321 93.28157751262188 97.269546627998352 16.055503040552139 102.15754319727421 12.596101820468901 21.744701340794563 23.666091084480286 10.307077735662459 77.980357751250267 16.548869431018829 36.002623572945595 41.468476355075836 14.041883856058119 27.013257741928101 78.874915942549706 69.200399681925774 27.257948368787766 34.712295845150948
leaf_count=62 1514 568 377 231 461 77 248 1322 323 98 118 324 431 454 73 497 57 91 103 52 385 76 159 197 66 130 389 319 112 155
internal_value=-0.000124447 -0.00156029 0.00237512 -0.00407599 0.0101073 0.0201062 -0.0149724 -0.0139145 0.0383456 0.0269722 0.00696992 0.00331547 0.0112694 -0.00056935 -0.00858967 0.00485478 0.00870307 0.0660579 0.0134696 -0.0185674 -0.00342073 0.0358994 0.0184599 -4.53763e-05 -0.0106551 0.00848104 0.000582335 0.0145951 0.0351645 0.0220843
internal_weight=1967.26 1890.35 1468.77 799.044 669.726 336.391 421.576 422.62 136.189 96.5602 376.425 334.207 215.387 333.334 212.399 118.213 200.202 39.629 120.936 346.191 88.2874 42.2179 117.799 122.105 80.6365 76.4285 131.813 105.203 76.915 49.657
internal_count=9469 9140 6989 3900 3089 1501 2151 2120 589 421 1780 1586 1018 1588 1031 570 912 168 557 1759 437 194 535 587 390 361 637 478 329 217
cat_boundaries=0 4 8 13 17 21 25
cat_threshold=34342544 1794310 1145645121 1885356036 269639687 415502376 580911368 27139584 67108864 698613904 143654920 786432 1 276824102 381685768 2148794648 67592 1179653 272891936 570425344 16908800 263296 1048578 4718593 268435456
is_linear=0
shrinkage=0.05


Tree=16
num_leaves=31
num_cat=5
split_feature=2 22 22 2 20 5 1 0 17 14 20 11 18 3 22 3 17 22 3 6 20 11 17 22 9 11 14 13 15 9
split_gain=37.4156 32.1379 26.7047 27.3548 18.1887 16.3009 16.2252 19.0271 14.5639 13.9762 13.4056 24.5934 20.2932 19.9312 13.4243 12.0255 11.473 11.3719 14.1769 13.4895 12.2735 11.2044 10.5083 12.0269 10.1141 14.3049 9.82338 9.79505 10.0809 9.56059
threshold=-0.016133817015931692 0 1 -0.50227582956872163 0.76567755807357984 50283071.500000007 0.06844112648108848 0.60271141224069136 60.500000000000007 0.58853389071364604 0.12850908233073841 0.099527307664616815 54.000000000000007 382491.40300000011 2 1280319.0556000003 196.00000000000003 3 966008.15615000005 3.6474500000000005 0.26794915836482314 0.12914377289377285 88.000000000000014 4 -1.2995457078682158 0.11333245683232528 0.053636222268297749 0.098862396854644499 13.500000000000002 5.6417490807315742
decision_type=2 9 9 2 2 2 2 2 2 2 2 2 2 2 9 2 2 9 2 10 2 2 2 9 2 2 2 2 2 2
left_child=2 15 9 -4 6 8 17 -8 -5 16 11 29 13 21 -15 -2 -1 24 20 -20 -19 22 23 -12 25 -3 -10 -26 -29 -7
right_child=1 4 3 5 -6 10 7 -9 26 -11 12 -13 -14 14 -16 -17 -18 18 19 -21 -22 -23 -24 -25 27 -27 -28 28 -30 -31
leaf_value=-0.0058235600807969162 -0.0048261075767066881 -0.013159782799880141 0.067063918006623577 0.036987129294212273 -0.051098081883972794 -0.030723310132015447 -0.0031326123172016546 0.054829287623909109 0.03457214157660262 -0.036159598261045693 -0.012521327732805454 0.072859771599023557 0.053209212224484659 -0.0043993221775507812 -0.028774681854351142 -0.035363711059432014 -0.035711514278630695 -0.0011459546489017826 -0.034503127525226225 0.003463356232751195 0.017377540478743618 0.032374015692503817 -0.025457133758178541 0.012467032439126953 -0.02027676488371933 0.050381859507691321 -0.021218975132540813 0.023957068086012799 0.063233273164441939 0.028774844470610478
leaf_weight=141.49959160387516 204.5820027589798 41.597762256860733 14.158159732818602 44.457762941718102 11.448820501565931 16.818267881870273 20.821679651737213 44.24683378636837 11.105658411979674 96.019219949841499 74.176423698663712 14.767210736870764 12.997963577508925 110.34145024418831 149.67764209210873 38.268959671258926 41.533769860863686 150.99603442847729 38.747957110404968 59.049083188176155 219.30890865623951 24.325267791748047 43.323471814393997 103.1552112698555 11.151564449071882 11.253655448555945 27.24770975112915 156.58243122696877 18.240476757287979 11.280306175351141
leaf_count=716 1001 191 61 200 54 83 94 189 51 534 360 67 59 554 783 207 223 697 191 285 997 112 221 484 50 50 132 693 77 53
internal_value=-0.000126409 0.00646872 -0.00735094 -0.00165865 0.0113171 -0.00319603 0.0123893 0.0362817 0.0175114 -0.0199939 -0.00625348 0.0206181 -0.00847718 -0.0100649 -0.0197066 -0.0092571 -0.0126057 0.0101902 0.00524072 -0.0115793 0.00982438 0.000168684 -0.00338167 0.00201154 0.0188811 0.000370143 -0.00506402 0.0251569 0.028055 -0.00683749
internal_weight=1963.18 1026.3 936.885 657.833 783.445 643.674 771.996 65.0685 82.8111 279.053 560.863 42.8658 517.997 504.999 260.019 242.851 183.033 706.928 468.102 97.797 370.305 244.98 220.655 177.332 238.826 52.8514 38.3534 185.974 174.823 28.0986
internal_count=9469 4776 4693 3220 3568 3159 3514 283 383 1473 2776 203 2573 2514 1337 1208 939 3231 2170 476 1694 1177 1065 844 1061 241 183 820 770 136
cat_boundaries=0 4 8 13 17 21
cat_threshold=3222798568 67854596 2080386068 1075855620 12863104 305856770 2219376745 939589637 2215674114 138416261 135266304 17569928 1 335699969 413437984 41943048 144314497 1342210080 8675329 1310720 1574408
is_linear=0
shrinkage=0.05


Tree=17
num_leaves=31
num_cat=5
split_feature=0 22 7 22 11 22 4 15 2 4 14 22 20 11 14 13 13 3 22 9 18 17 2 6 6 21 21 1 7 21
split_gain=34.4814 32.3268 21.9427 21.822 19.6146 18.1882 16.2506 15.2558 13.7851 13.0508 12.2309 12.3333 13.5962 12.4185 11.3428 11.3027 11.0566 9.35173 10.9398 10.57 10.385 10.0811 11.2418 9.6689 16.4658 11.6124 9.49045 8.74909 13.0388 10.5207
threshold=0.27238626010095318 0 0.60500000000000009 1 0.12435551598586127 2 1.5749500000000001 25.500000000000004 -0.50227582956872163 2.1279500000000007 0.39309040016587188 3 0.23252032520325208 0.12256483238456685 0.43509812582823254 0.10036133724156394 0.10030667057482902 966008.15615000005 4 -1.7335694608421823 18.500000000000004 141.50000000000003 0.23408562508303446 5.9261500000000007 7.4242000000000017 0.2833004787383836 0.28464818763326233 0.0078008652260984643 1.6650000000000003 0.46195202646815553
decision_type=2 9 2 9 2 9 2 2 2 2 2 9 2 2 2 2 2 2 9 2 2 2 2 10 10 2 2 2 2 2
left_child=3 7 -3 9 5 -4 -5 16 -8 -1 11 13 -13 -10 -6 17 -2 18 19 -7 -19 22 -22 25 -25 -21 -26 29 -29 -20
right_child=1 2 4 6 14 15 8 -9 10 -11 -12 12 -14 -15 -16 -17 -18 20 27 23 21 -23 -24 24 26 -27 -28 28 -30 -31
leaf_value=0.057194198040671232 0.01130038307365977 0.044342990574481676 -0.014849173677400164 0.041565861721908709 0.065636974796153033 -0.022148784086615969 0.038393565710026049 0.059685904744530963 -0.031457470431526587 0.0026941897549803192 -0.022634525261070088 -0.017525792807361915 0.013574920242417389 0.024150996371297143 0.014201722935841191 0.015776187918144714 0.035483732066879319 -0.032304577497109022 0.008901076935472714 0.037355076502714545 0.050034808442677242 -0.019554943034386998 -0.015701924417583009 0.090228720321881853 -0.0039879811738769734 -0.022904643230988859 0.047718377027158893 0.010963554772827408 -0.024738039375659153 -0.039251338718692685
leaf_weight=11.632620379328726 217.78122013807297 27.41106390953064 223.48862251639366 13.064267575740812 14.503424197435377 14.26057782769203 11.892197042703627 22.126668557524681 73.516126751899719 197.18794947862625 304.91279670596123 56.330326899886131 93.421538323163986 11.627791494131086 41.074384480714798 114.4819660782814 60.364052966237068 47.119291871786118 133.59228467941284 14.261413827538489 15.246783137321474 32.376437649130821 11.341580241918562 11.783023208379744 17.646775975823402 18.194549724459648 17.852015808224678 37.35770358145237 81.079932406544685 12.396055266261099
leaf_count=50 954 112 1125 57 63 66 52 94 380 942 1676 288 446 57 183 516 261 246 625 66 70 161 54 54 81 84 81 171 398 56
internal_value=-0.000133818 0.00522376 0.000301988 -0.00834583 -0.0011014 -0.00309087 -0.0133147 0.0190917 -0.0148556 0.00546832 -0.0160287 -0.00745374 0.0017587 -0.0213551 0.0276241 0.00167534 0.0165487 -0.00176387 0.00209576 0.0158157 -0.0148043 -0.000819712 0.021994 0.0245888 0.0390142 0.00357397 0.0220147 -0.00325637 -0.013477 0.00481239
internal_weight=1959.33 1185.74 885.468 773.586 858.057 802.479 564.765 300.272 551.701 208.821 539.809 234.896 149.752 85.1439 55.5778 578.99 278.145 464.508 358.424 93.9984 106.084 58.9648 26.5884 79.7378 47.2818 32.456 35.4988 264.426 118.438 145.988
internal_count=9469 5521 4212 3948 4100 3854 2956 1309 2899 992 2847 1171 734 437 246 2729 1215 2213 1682 432 531 285 124 366 216 150 162 1250 569 681
cat_boundaries=0 5 9 13 17 21
cat_threshold=71467011 680792096 42205696 42865664 1 2483036168 2567215120 696276224 2299148417 1115686024 745744 83897412 958488836 12616832 8921092 2186018848 1544 2149064704 4197504 4227328 128
is_linear=0
shrinkage=0.05


Tree=18
num_leaves=31
num_cat=5
split_feature=22 11 0 22 3 2 11 22 9 20 9 11 14 4 22 18 6 13 3 17 17 5 17 4 3 13 2 17 2 22
split_gain=33.4776 26.7117 23.7166 24.2065 22.4498 18.9006 17.8925 19.4713 16.6917 16.3404 12.2382 14.6271 13.0077 11.9159 14.6372 11.3993 10.7716 10.7429 10.33 9.5905 12.2206 14.5318 14.6918 11.3614 9.45523 9.44472 8.97951 8.81322 8.67124 8.52688
threshold=0 1.0000000180025095e-35 0.27238626010095318 1 382491.40300000011 0.12935094554599372 0.12076938948297081 2 4.6725816293967339 0.32071428571428579 3.346583933036396 0.11211099751321836 0.5777132720528948 12.725550000000002 3 5.5000000000000009 12.702300000000003 0.099959406971026801 279927.90000000008 217.50000000000003 118.50000000000001 164689386.12000003 64.500000000000014 11.515750000000002 1404048.7190000003 0.10018248235948359 -0.42724018225211541 78.500000000000014 -0.018669715724906662 4
decision_type=9 2 2 9 2 2 2 9 2 2 2 2 2 2 9 2 8 2 2 2 2 2 2 2 2 2 2 2 2 9
left_child=5 27 6 8 10 -1 7 18 17 -10 11 25 -13 14 -6 -15 29 24 -3 20 21 22 -9 -23 -4 -5 -8 -2 -17 -7
right_child=1 2 3 4 13 16 26 19 9 -11 -12 12 -14 15 -16 28 -18 -19 -20 -21 -22 23 -24 -25 -26 -27 -28 -29 -30 -31
leaf_value=-0.02254630598617554 0.025611739101294714 -0.005020420028520628 0.0071032418169040381 0.003676208699054999 -0.025941184075169273 0.018412696369268081 0.044338743883801823 0.025267928927293761 0.062378944974290022 -0.003126527622268044 -0.0068343154183031626 0.058417109586522242 -0.0033892842491295306 -0.024374666003322311 -0.0020139171886382557 -0.021679522885433216 0.036806514284610792 0.024561247815647627 -0.024944042341348824 -0.024786466234317007 0.040852536277882719 -0.024337834782830983 -0.031298555809547227 0.0091685429984701521 -0.043003415733000462 0.027206122849324717 0.0060801589349641664 0.072598358258162243 0.017758037202837969 -0.01264717564624656
leaf_weight=233.33717693388462 49.711397483944893 97.887054279446602 54.074533984065056 125.21083843708038 97.255542635917664 21.486222773790359 20.991772219538689 73.150509178638458 39.465245589613914 12.546974524855612 64.081451207399368 34.505511239171028 11.300900951027868 25.293634295463562 177.47634613513947 16.06870174407959 19.07793977856636 97.552521780133247 193.98697121441364 30.427490800619125 21.623862370848656 64.499927312135696 13.615290895104406 41.628210633993149 11.39987802505493 64.675602108240128 56.931702345609665 12.486687853932379 105.11510336399078 68.229351744055748
leaf_count=1248 212 499 235 570 493 100 95 342 168 56 292 151 50 123 848 79 90 424 1049 151 100 334 66 208 51 288 278 51 484 334
internal_value=-0.000135559 0.00289797 0.00162732 0.00663834 0.00205365 -0.0141093 -0.00600259 -0.00925255 0.0209406 0.046577 0.0125405 0.0178083 0.0431689 -0.0053611 -0.0115018 0.00615625 0.00268912 0.014046 -0.0176572 0.00142503 0.00520933 0.00121364 0.0163915 -0.0111951 -0.00162093 0.0116905 0.0163866 0.0350446 0.0125287 -0.00456592
internal_weight=1955.09 1612.96 1550.77 936.023 720.984 342.131 614.743 536.819 215.039 52.0122 299.774 235.693 45.8064 421.209 274.732 146.477 108.794 163.027 291.874 244.945 214.518 192.894 86.7658 106.128 65.4744 189.886 77.9235 62.1981 121.184 89.7156
internal_count=9469 7697 7434 4312 3378 1772 3122 2749 934 224 1351 1059 201 2027 1341 686 524 710 1548 1201 1050 950 408 542 286 858 373 263 563 434
cat_boundaries=0 4 8 12 16 20
cat_threshold=34358928 35332358 1074276423 1348550660 67272705 679743520 42205696 42341376 282239011 75499560 2255847472 9831432 3498049568 268437520 218170368 17858824 279552 2 524288 2097152
is_linear=0
shrinkage=0.05


Tree=19
num_leaves=31
num_cat=5
split_feature=22 19 3 22 21 22 8 2 22 2 19 18 3 20 14 5 5 20 2 4 8 20 8 9 3 1 18 2 22 13
split_gain=30.4871 25.8985 31.694 22.8332 21.1746 17.1976 17.0238 16.9954 16.8604 16.6469 16.8512 17.8676 16.4055 13.6158 12.6284 12.543 12.251 12.2387 11.5725 13.2578 12.5294 11.4745 11.6218 10.503 14.8162 10.7262 11.2304 10.3944 10.3173 10.0079
threshold=0 6.5000000000000009 382491.40300000011 1 0.39791666666666675 2 1.9650000000000001 0.12935094554599372 3 0.21216108709014928 11.500000000000002 54.000000000000007 788212.37150000001 0.31542898341744779 0.58339380745041136 154617806.50000003 217286327.76000002 0.30917366946778718 0.021778656126482224 2.8066000000000009 1.4650000000000001 0.47221269296741003 1.9650000000000001 -0.36264762355663333 1554038.3545500003 0.0026931100690470449 5.5000000000000009 -0.47077470166023078 4 0.10018248235948359
decision_type=9 2 2 9 2 9 8 2 9 2 2 2 2 2 2 2 2 2 2 2 8 2 10 2 2 2 2 2 9 2
left_child=7 2 6 4 15 -4 8 -1 -2 10 11 21 -6 27 -15 17 -16 -3 19 20 -7 22 -5 -20 25 26 -25 -10 -12 -29
right_child=1 3 5 9 12 18 -8 -9 13 -11 28 -13 -14 14 16 -17 -18 -19 23 -21 -22 -23 -24 24 -26 -27 -28 29 -30 -31
leaf_value=-0.022876419856148293 -0.014617980750121443 0.055345529471824556 0.00784327851162951 0.0010633585059564106 0.020299805085198821 -0.020769641993573118 0.03437929548230282 0.0018010594239562694 0.050196533810397397 0.016632359353648356 0.010646689636332569 0.059319580246005289 0.05920491057242408 0.030143442899343065 -0.049200337707032152 0.0025424177845169986 0.01727849716988664 -0.00069455526355497376 -0.024105031577084338 -0.028994302171007888 0.040473666533895232 0.049372713376169372 -0.043210364610448977 -0.002515127097377817 -0.033866280713019517 -0.0043299068952654301 0.053546132280253969 -0.01217247057744978 -0.027249797651872715 0.014976122429100272
leaf_weight=208.63420996069908 91.879101529717445 25.802302449941635 87.688735574483871 171.32290197908878 57.783752232789993 20.085300862789154 49.306464791297913 104.8248455375433 9.6130756437778455 142.19710275530815 21.091687217354774 13.642223864793776 51.023042261600494 98.205794513225555 10.907793506979944 128.06244550645351 19.004737854003906 15.653082966804503 53.533067867159843 193.92940382659435 14.295098692178724 11.181085869669912 16.226432368159294 14.351456120610235 21.195347294211388 41.752103582024574 23.661739811301231 104.85263121128082 78.97178341448307 50.197146624326706
leaf_count=1125 439 112 413 834 246 102 223 506 42 645 102 64 218 447 53 576 88 67 267 1059 71 52 77 70 106 200 109 521 394 241
internal_value=-0.000138922 0.00261803 -0.00302671 0.00961928 0.0205899 -0.0120158 0.00671897 -0.0141718 0.00317341 0.00239749 -0.0040044 0.00396623 0.0385437 0.0089502 0.0214799 0.0102807 -0.00696343 0.0341854 -0.0163429 -0.0239212 0.00469484 0.000166397 -0.00276712 -0.0062016 0.00329147 0.0131651 0.0323808 -0.000255151 -0.0209211 -0.00338315
internal_weight=1950.88 1637.42 904.459 732.958 278.325 470.492 433.967 313.459 384.66 454.633 312.436 212.373 108.807 292.781 128.118 169.518 29.9125 41.4554 382.804 228.31 34.3804 198.73 187.549 154.494 100.961 79.7653 38.0132 164.663 100.063 155.05
internal_count=9469 7838 4451 3387 1219 2397 2054 1631 1831 2168 1523 1027 464 1392 588 755 141 179 1984 1232 173 963 911 752 485 379 179 804 496 762
cat_boundaries=0 4 8 13 17 21
cat_threshold=34342544 34283782 3221760071 1885356036 268574727 138678312 545259784 26091008 335544576 964956304 412090376 786432 1 276824069 12603392 1311000 100360 2148564992 0 33554432 136
is_linear=0
shrinkage=0.05


Tree=20
num_leaves=31
num_cat=6
split_feature=11 22 2 22 2 3 0 2 18 22 22 20 22 9 11 4 0 10 13 20 21 3 20 9 8 7 18 22 20 19
split_gain=29.1474 28.9449 22.0336 20.2482 16.6209 14.9152 13.9375 13.757 12.4733 14.341 11.8363 12.3521 10.457 10.5547 10.3341 9.81002 9.21144 8.82578 8.7508 10.269 13.3255 11.971 10.6898 11.3706 10.8938 8.70601 9.18745 8.68364 10.3588 10.2415
threshold=1.0000000180025095e-35 0 -0.016133817015931692 1 -0.50227582956872163 395023.83405000006 0.98682892966638847 0.14759694103168888 5.5000000000000009 2 3 0.44082633053221293 4 5.1094890510948856 0.10961160304774385 7.2044000000000006 0.83915776201739722 0.088319137488198349 0.10062893081761017 0.16472868217054268 0.53584229390681015 382491.40300000011 0.27701575532900841 2.7477544801916891 1.1250000000000002 2.1150000000000007 16.500000000000004 5 0.33066666666666672 7.5000000000000009
decision_type=2 9 2 9 2 2 2 2 2 9 9 2 9 2 2 2 2 2 2 2 2 2 2 2 10 2 2 9 2 2
left_child=-1 7 4 6 -3 12 -4 16 17 -10 11 25 -5 14 -14 -11 -2 -7 19 20 -12 22 -21 24 -24 26 -6 28 29 -9
right_child=1 2 3 5 10 8 -8 27 9 15 18 -13 13 -15 -16 -17 -18 -19 -20 21 -22 -23 23 -25 -26 -27 -28 -29 -30 -31
leaf_value=0.029935391794702667 -0.023551124997856599 0.046431776595267205 0.019539701477612872 -0.0010742103715384464 -0.014033013363257199 0.0052773010299033358 0.071444659112064227 -0.037933063863351157 0.016700664480215156 -0.022356325839550092 0.053024095199613409 0.028737978328178718 0.017883368843338559 -0.024206890493479131 0.049802983516550575 0.00061756994200392267 0.01266428933629353 -0.034950542964118175 0.022642253201331137 -0.0087434562938321046 -0.0066516145088753162 -0.014726589251269307 0.013082111586227817 -0.019604020626587275 0.057024739043163103 -0.0261808940758416 0.017578289430522667 -0.012007247696252386 0.043574725920511787 0.022373942442140402
leaf_weight=77.343644663691521 230.94202172756195 15.600707679986952 147.14564570784569 94.083014369010925 126.90042933821678 19.464174017310143 14.179564267396925 11.91395850479603 92.467740774154663 64.97577865421772 18.221782401204109 16.213275030255318 102.3940840959549 11.444665759801863 33.703130066394806 163.11888545751572 19.002994820475578 45.523190677165985 38.202065601944923 84.3562321215868 19.223778083920479 167.57640844583511 51.862239748239517 17.840480536222458 19.372732222080231 121.57967464625835 28.069504767656326 55.68291825056076 21.31373205780983 17.208384871482849
leaf_count=329 1264 66 647 426 664 100 63 59 419 321 83 83 452 50 144 768 98 230 180 406 92 872 240 81 87 650 138 276 100 81
internal_value=-0.000143039 -0.00138737 0.0016615 0.00745734 -0.00461889 0.00312611 0.0226951 -0.0140006 -0.00292814 0.00112115 -0.00574153 -0.0132266 0.012916 0.0205192 0.0257879 -0.00567792 -0.0207977 -0.022902 -0.000160882 -0.00246694 0.0223878 -0.0051962 0.00401243 0.0160925 0.0250325 -0.0161651 -0.0083073 0.000689372 0.0142601 -0.00229767
internal_weight=1946.93 1869.58 1513.52 788.5 725.019 627.175 161.325 356.064 385.55 320.562 709.419 292.763 241.625 147.542 136.097 228.095 249.945 64.9874 416.656 378.454 37.4456 341.008 173.432 89.0755 71.235 276.55 154.97 106.119 50.4361 29.1223
internal_count=9469 9140 7262 3620 3642 2910 710 1878 1838 1508 3576 1535 1072 646 596 1089 1362 330 2041 1861 175 1686 814 408 327 1452 802 516 240 140
cat_boundaries=0 4 8 13 17 21 25
cat_threshold=34342544 1794310 1141448707 1885356292 335675392 413437984 4104 143004161 24609 16777225 33554688 524416 1 348151843 379584640 2188410988 2315322369 1073741857 100663321 264496 32768 1152 1572866 67633153 536870912
is_linear=0
shrinkage=0.05


Tree=21
num_leaves=31
num_cat=4
split_feature=11 22 0 22 3 22 0 9 20 0 11 11 14 13 6 5 6 17 21 2 21 17 5 10 17 7 13 22 21 21
split_gain=26.2103 26.8744 19.5609 18.0675 14.9277 13.7751 13.6214 12.94 12.8323 11.7915 11.2861 9.78997 13.7496 9.62402 10.1425 9.28501 9.1801 9.0864 8.80466 8.5996 9.49434 13.0471 14.4897 9.33437 8.27751 14.9848 13.474 9.90781 9.74445 9.37528
threshold=1.0000000180025095e-35 0 0.27238626010095318 1 398009.33550000004 2 0.49992040267686033 5.1094890510948856 0.32071428571428579 1.0000000180025095e-35 0.1135708461342053 0.11211099751321836 0.53876201923076927 0.10008357746474929 4.6263500000000013 198903985.47500002 16.128950000000003 217.50000000000003 0.43614130434782611 -0.26146638025732366 0.40750456204379565 47.500000000000007 164689386.12000003 0.098567954894707363 93.500000000000014 1.9450000000000001 0.099856834243363349 3 0.40750456204379565 0.32916666666666672
decision_type=2 9 2 9 2 9 2 2 2 2 2 2 2 2 10 2 10 2 2 2 2 2 2 2 2 2 2 9 2 2
left_child=-1 6 5 7 11 15 -2 10 -9 -7 13 17 -13 14 -4 -3 18 -5 19 -11 21 22 -21 -24 27 28 -27 -6 29 -26
right_child=1 2 3 4 24 9 -8 8 -10 16 -12 12 -14 -15 -16 -17 -18 -19 -20 20 -22 -23 23 -25 25 26 -28 -29 -30 -31
leaf_value=0.028323662324468431 -0.022465204148473583 -0.0070576446232429833 0.022497419194241211 0.0089364151243910752 0.0029161057854456825 0.051056204583957959 -0.0029941186184444979 0.059748223294441009 -0.0014427453438171027 0.013749738943919943 0.039102352600354599 0.046335433765692165 -0.0011564502109806139 0.023075277254466099 -0.014557395775571528 -0.026648902941751373 0.042816586774355563 -0.024647574205379191 -0.030755405873181013 0.019914817939789928 0.033381941619004464 -0.028101415523903106 0.00063979310063869881 -0.035870422662641961 0.027624433268624956 -0.031808792147044566 0.0077792403155024798 -0.018068825762678289 0.03866340493334601 -0.031565714386747899
leaf_weight=77.649359524250031 199.59144492447376 164.61231757700443 26.481474742293358 213.65389077365398 92.324312061071396 11.597284853458403 163.32152827084064 32.212711080908775 11.672425791621206 86.18983656167984 33.956037804484367 39.073935568332672 24.985321134328842 56.886816754937172 61.018156319856644 95.601852476596832 11.912026152014731 22.23650336265564 24.379511117935181 55.36307168006897 14.81046588718891 57.095440953969955 43.601188644766808 29.250982731580734 14.073833629488947 37.096347123384476 51.101994812488556 139.44555129110813 38.882400512695312 12.751318588852881
leaf_count=329 1113 858 115 955 444 53 811 141 52 414 143 168 110 244 269 545 55 109 123 259 69 287 228 152 65 187 240 696 176 59
internal_value=-0.000139294 -0.00132424 0.00165508 0.00628276 0.00208168 -0.00538496 -0.0133352 0.0183258 0.0434728 0.00147753 0.0131653 0.0104779 0.027812 0.00706561 -0.00334288 -0.0137279 -0.000258976 0.00577058 -0.00191051 0.000545642 -0.00514121 -0.00822007 0.00063328 -0.0140195 -0.00439429 0.00459468 -0.00887154 -0.0103634 0.0226702 -0.000511565
internal_weight=1942.83 1865.18 1502.27 907.853 685.625 594.414 362.913 222.228 43.8851 334.2 178.342 299.95 64.0593 144.386 87.4996 260.214 322.603 235.89 310.69 286.311 200.121 185.311 128.215 72.8522 385.676 153.906 88.1983 231.77 65.7076 26.8252
internal_count=9469 9140 7216 4173 3209 3043 1924 964 193 1640 771 1342 278 628 384 1403 1587 1064 1532 1409 995 926 639 380 1867 727 427 1140 300 124
cat_boundaries=0 4 8 12 17
cat_threshold=34342544 1794310 3288965123 1885356036 67272705 679743520 8651264 42865664 13680675 645923880 41158700 100992008 1065248 6291601 4194560 1048576 1
is_linear=0
shrinkage=0.05


Tree=22
num_leaves=31
num_cat=4
split_feature=2 22 22 5 11 20 22 9 3 7 22 17 10 6 14 19 3 17 13 15 18 17 14 8 11 6 2 5 7 11
split_gain=24.9087 23.7266 23.2767 15.9836 21.3871 15.886 14.6429 14.5549 13.4909 11.8856 12.513 11.7524 11.5018 11.4359 10.622 10.5636 12.3141 10.2539 9.67955 9.46528 10.7442 9.44707 11.8411 10.3236 9.05416 8.84252 8.63673 9.59567 8.13076 8.00956
threshold=-0.023595006873593501 0 1 50283071.500000007 0.12076938948297081 0.76567755807357984 2 6.5188803456923354 1280319.0556000003 0.89500000000000013 3 60.500000000000007 0.11519526332042665 1.2855000000000003 0.52519531250000007 6.5000000000000009 353538.16200000007 83.500000000000014 0.10045872524882694 6.5000000000000009 10.500000000000002 217.50000000000003 0.58853389071364604 1.405 0.12112006231679069 1.8762000000000001 0.1037349009749219 108336565.40000002 1.6650000000000003 0.10344827586206889
decision_type=2 9 9 2 2 2 9 2 2 2 9 2 2 10 2 2 2 2 2 2 2 2 2 8 2 10 2 2 2 2
left_child=1 21 8 11 6 7 14 9 24 -4 12 -3 26 -13 29 16 -8 -9 -12 20 28 22 23 -1 25 -2 27 -11 -6 -5
right_child=2 3 5 4 19 -7 15 17 -10 10 18 13 -14 -15 -16 -17 -18 -19 -20 -21 -22 -23 -24 -25 -26 -27 -28 -29 -30 -31
leaf_value=-0.017452425486377206 0.029966375746293836 0.033174563273776526 0.028721216780904196 0.029320078438930738 -0.0095440471249007425 -0.049771089242244909 -0.0085275645949116335 0.0013650351588484705 -0.036582728661442097 0.022729248646434538 0.0093845768048297501 0.04338223691563195 0.045352350533742217 -0.014718674933491863 -0.0075238915424462559 -0.0021344160410546515 -0.030988142885090605 0.05668508681697481 0.031667762592941226 0.045130042806161993 -0.022516937120814619 -0.0485469274091632 -0.03653037491565591 0.019894262838665008 0.032315491185662043 -0.0096122675554417957 0.0030937673600523151 -0.021560320648393055 0.042597901387578074 -0.0032352970253705635
leaf_weight=67.24356409907341 15.297674402594565 51.461380675435066 66.929899975657463 49.970824792981148 11.380692631006239 11.203698217868803 115.58566728234291 12.06315630674362 36.252384215593338 14.2614389359951 328.15912057459354 11.016083627939222 12.597109004855154 36.633013963699341 97.811836659908295 117.23901550471783 129.27604892849922 27.408841729164124 57.23493655025959 24.734124764800072 18.906152203679085 30.670989185571671 54.554899677634239 25.529094278812408 16.220472067594528 182.1057802438736 178.72895437479019 85.839727088809013 21.793697580695152 30.378819331526756
leaf_count=353 70 231 287 235 56 54 588 53 205 67 1493 52 55 179 495 582 723 125 248 116 88 178 327 132 74 902 832 422 102 145
internal_value=-0.000140203 -0.00626531 0.00510442 -0.0020033 -0.00502481 0.00922972 -0.00853472 0.0101916 -0.00805796 0.00862132 0.00663367 0.0166069 -0.00133474 -0.00128622 0.00335317 -0.0140874 -0.0203857 0.0397786 0.0123728 0.0196615 0.00756596 -0.0220617 -0.0180454 -0.0071754 -0.00359445 -0.00654514 -0.00349186 -0.0152504 0.0247103 0.0170115
internal_weight=1938.49 894.186 1044.3 716.187 617.077 794.427 540.262 783.223 249.876 743.751 676.821 99.1105 291.427 47.6491 178.161 362.101 244.862 39.472 385.394 76.8147 52.0805 177.999 147.328 92.7727 213.624 197.403 278.83 100.101 33.1744 80.3496
internal_count=9469 4582 4887 3592 3130 3636 2768 3582 1251 3404 3117 462 1376 231 875 1893 1311 178 1741 362 246 990 812 485 1046 972 1321 489 158 380
cat_boundaries=0 4 8 13 17
cat_threshold=549734016 305856518 2154299465 939524101 3222798568 616704 2097228820 1075888384 2149187596 2885964945 1771046928 952832 1 8684548 89260044 2154332193 553979400
is_linear=0
shrinkage=0.05


Tree=23
num_leaves=31
num_cat=5
split_feature=22 19 3 22 22 10 21 2 14 22 20 14 2 6 5 0 22 5 5 1 19 8 13 9 21 13 13 3 7 21
split_gain=23.3495 21.5809 22.7655 20.6178 20.6086 20.4931 17.3724 17.0523 14.977 13.0517 12.2734 12.553 12.2047 12.2545 12.2332 11.8139 15.0007 11.3477 10.2734 10.1138 10.8614 9.94145 9.63669 9.50065 9.49282 9.30687 9.30093 8.71459 9.12768 8.70078
threshold=0 6.5000000000000009 2423191.7345500006 1 2 0.11309744578789906 0.37581168831168837 0.21216108709014928 0.11121961805555557 3 0.26794915836482314 0.52519531250000007 0.12935094554599372 12.702300000000003 87947308.085000023 0.16962973656817681 4 87947308.085000023 119932543.04500002 0.011636369791137803 4.5000000000000009 1.5650000000000002 0.10036133724156394 2.3138950882797165 0.36181818181818187 0.10044742953235099 0.099429102207543876 836710.58770000015 1.675 0.34740691489361708
decision_type=9 2 2 9 9 2 2 2 2 9 2 2 2 10 2 2 9 2 2 2 2 8 2 2 2 2 2 2 2 2
left_child=12 2 3 19 6 8 9 10 -5 -3 26 24 -1 14 -14 21 17 -17 -11 20 -2 23 -18 -10 -12 -9 -6 28 -8 -20
right_child=1 4 -4 5 7 -7 27 25 15 18 11 -13 13 -15 -16 16 22 -19 29 -21 -22 -23 -24 -25 -26 -27 -28 -29 -30 -31
leaf_value=-0.019776156387244739 -0.012112491489012929 -0.0082242495396446583 -0.038389482889609396 0.016264761275488503 -0.044794888183855151 0.03001845650835798 0.043338149813512576 0.009603577047084165 -0.017036952755425203 0.049786674829535908 0.0085318744517231659 -0.013199233368791412 0.041116185354427404 0.042984724790535452 -0.012949405969108966 0.023661749720758907 0.001459978013935148 -0.017630348350612692 0.019556532147254349 0.052922636120645711 0.035371640841751116 0.0028288656787720697 0.027524972318018162 -0.051320649400944288 0.053245133426002303 0.044401311288262399 -0.010820868768897911 0.045294778361658183 0.0092038735999789029 -0.02295704758154728
leaf_weight=208.96197028458118 22.844126716256142 73.869347408413887 43.002873331308365 70.944852322340012 25.388588100671768 42.815671592950821 29.611733719706535 104.24432544410229 199.98963139951229 22.649397656321526 73.242400392889977 65.287606000900269 12.048074513673781 14.954357400536535 79.501369804143906 18.612464234232903 161.4645239263773 156.88883796334267 64.236458942294121 23.479268014431 25.469956770539284 57.455645099282265 45.44095453619957 22.4791229814291 14.166235715150831 23.557318300008774 97.544670313596725 61.767629161477089 57.838225066661835 14.809520065784453
leaf_count=1164 111 335 232 321 133 197 124 474 1073 98 341 330 54 70 394 84 781 763 288 110 117 298 211 124 65 100 479 273 254 71
internal_value=-0.000137931 0.00230614 -0.0028986 -0.00109858 0.00870523 -0.00355972 0.0178251 0.000899131 -0.00556888 0.00771303 -0.00607832 0.00338863 -0.0123631 0.00102047 -0.00583428 -0.00790757 -0.00219428 -0.0125368 0.0182989 0.0228234 0.0129199 -0.0157125 0.0068532 -0.0205011 0.0157785 0.0160177 -0.0178373 0.0309173 0.0207622 0.0115915
internal_weight=1934.57 1619.1 890.888 847.885 728.213 776.092 324.782 403.431 733.276 175.565 275.63 152.696 315.466 106.504 91.5494 662.331 382.407 175.501 101.695 71.7934 48.3141 279.924 206.905 222.469 87.4086 127.802 122.933 149.218 87.45 79.046
internal_count=9469 7787 4422 4190 3365 3852 1443 1922 3655 792 1348 736 1682 518 448 3334 1839 847 457 338 228 1495 992 1197 406 574 612 651 378 359
cat_boundaries=0 4 9 13 17 21
cat_threshold=42731152 34283782 3221235783 1885421572 67108864 536873104 16782336 2147495968 1 269639687 138678328 545800472 160308736 1179655 262184 536870928 135168 3490717700 4211753 8913184 17206024
is_linear=0
shrinkage=0.05


Tree=24
num_leaves=31
num_cat=4
split_feature=7 22 2 2 14 20 22 20 20 22 15 0 0 7 4 8 14 18 7 21 5 20 17 0 1 3 22 8 18 13
split_gain=21.9213 22.7654 20.1105 14.9326 13.6426 14.7365 13.8203 14.7104 13.4565 13.5101 23.3879 12.8664 11.2485 11.1233 13.5274 9.10423 9.04027 9.76127 8.87873 8.92697 8.53818 10.4052 9.63097 9.18289 9.76265 8.40568 8.39298 8.23733 8.2207 7.93472
threshold=0.47500000000000003 0 -0.023595006873593501 -0.50227582956872163 0.39309040016587188 0.29478609625668456 1 0.17192118226600989 0.76567755807357984 2 9.5000000000000018 0.75587916873398575 0.1656090973970791 1.6450000000000002 7.9376500000000005 1.4650000000000001 0.93150658700980404 37.500000000000007 3.6350000000000002 0.43330039525691705 313210947.14000005 0.20468236582694418 75.500000000000014 0.15646189851093542 0.001668057874234852 593012.23810000008 3 0.68500000000000016 18.500000000000004 0.09972954390019996
decision_type=2 9 2 2 2 2 9 2 2 9 2 2 2 2 2 8 2 2 2 2 2 2 2 2 2 2 9 8 2 2
left_child=-1 11 3 -3 5 18 7 -6 9 10 25 29 -11 15 26 -14 17 -16 19 -5 21 -9 -22 24 -23 27 -15 -4 -18 -2
right_child=1 2 8 4 6 -7 -8 20 -10 12 -12 -13 13 14 16 -17 28 -19 -20 -21 22 23 -24 -25 -26 -27 -28 -29 -30 -31
leaf_value=0.03733270524061455 -0.0046883584683603298 0.043755483431159925 -0.013475311440235994 0.0027566782121014244 0.042596547284394021 0.01428164158115513 -0.018223642409605993 -0.020909145975167902 -0.045808309799083013 -0.019835292539100987 0.065122362858911778 0.0037053011227201242 0.010919304456368325 0.012840474479823042 0.013893672134993696 0.040318984076215342 -0.034820113232174078 -0.0080345930032040686 -0.037474803582740995 -0.029063796888638735 -0.027681899880995745 0.0095466324514102731 0.019275848326705099 -0.0017887779808740609 0.066810183078534688 0.0012669284218884958 -0.019303670131950501 0.032817962187506121 0.018738128936583717 -0.027459504865580256
leaf_weight=38.259315252304077 52.294794887304306 15.655875936150549 11.469981193542479 118.35510714352131 18.250924646854401 142.17097571492195 261.22412668168545 26.568992599844933 12.092628434300421 46.242587760090828 25.194789960980415 69.552400514483452 163.78622150421143 20.682514846324921 233.3538004308939 31.377608731389046 23.165319159626961 64.854978680610657 21.671113789081573 27.084920316934586 54.119143113493919 15.818952441215517 13.679323673248289 32.944323867559433 14.057151570916174 74.84571972489357 89.563024774193764 59.234741434454918 10.372827291488646 142.5068547129631
leaf_count=160 289 66 51 576 82 659 1442 137 60 236 114 339 740 99 1076 138 115 299 109 145 287 82 70 159 71 334 450 252 47 785
internal_value=-0.000137631 -0.000895265 0.00134728 -0.00457138 -0.00558567 0.00244887 -0.0112764 0.000100841 0.00656655 0.00730806 0.0195024 -0.0142175 0.00391861 0.00570409 0.00131417 0.0156461 0.00635667 0.00912467 -0.00761795 -0.00316917 -0.00482688 0.00532181 -0.0182075 0.0164158 0.03649 0.0129455 -0.0138596 0.0253081 -0.0182554 -0.0213466
internal_weight=1930.45 1892.19 1627.84 761.601 745.945 309.282 436.663 175.439 866.237 854.144 170.745 264.354 683.399 637.156 441.992 195.164 331.747 298.209 167.111 145.44 157.188 89.3894 67.7985 62.8204 29.8761 145.55 110.246 70.7047 33.5381 194.802
internal_count=9469 9309 7896 3885 3819 1489 2330 888 4011 3951 751 1413 3200 2964 2086 878 1537 1375 830 721 806 449 357 312 153 637 549 303 162 1074
cat_boundaries=0 4 8 12 15
cat_threshold=34342032 598274 3221793795 1348583684 76710148 1010883632 579076352 185338376 71442433 413405216 8388616 8523777 1048578 2147483661 33619968
is_linear=0
shrinkage=0.05


Tree=25
num_leaves=31
num_cat=4
split_feature=11 22 2 22 11 21 18 3 21 22 3 15 22 4 9 0 0 5 17 9 13 20 8 13 2 8 10 7 20 3
split_gain=20.1109 20.9281 15.4426 14.0439 13.94 13.492 17.6233 15.9248 20.0973 15.4931 13.4009 12.7704 12.0424 13.6022 16.4401 11.3363 9.99653 9.62545 9.61452 9.47767 8.9362 9.7415 8.76272 12.9735 9.06318 8.66692 8.41794 9.5592 7.9632 7.94966
threshold=1.0000000180025095e-35 0 -0.023595006873593501 1 0.12435551598586127 0.43330039525691705 54.000000000000007 318889.01475000003 0.43019480519480524 2 395023.83405000006 9.5000000000000018 3 2.8066000000000009 -0.50908104521862885 0.51148924084750336 0.00043605642145651833 33886901.500000007 60.500000000000007 1.7966140973064262 0.10019267822736024 0.2994252873563219 1.2450000000000003 0.10078895770439768 0.8455351056578051 1.385 0.1033085217010563 2.8750000000000004 0.32718776550552259 1253024.7636500003
decision_type=2 9 2 9 2 2 2 2 2 9 2 2 9 2 2 2 2 2 2 2 2 2 10 2 2 10 2 2 2 2
left_child=28 4 5 11 15 6 7 9 12 -3 -5 -4 26 14 -14 -2 -11 -18 19 20 -19 -22 23 24 -12 -20 27 -9 -1 -24
right_child=1 2 3 10 -6 -7 -8 8 -10 16 22 -13 13 -15 -16 -17 17 18 25 -21 21 -23 29 -25 -26 -27 -28 -29 -30 -31
leaf_value=0.040808528082119017 -0.024878170122254809 -0.013638192065808415 0.01327559857771003 0.011217684407143221 0.02151615384234579 -0.025121287391832628 0.042054399630608696 -0.00064987993960197784 0.058552240834026305 0.05905522758557985 -0.016393793844504533 0.052437012674735578 0.048796379149002422 -0.022393860244306115 -0.024723638888924083 -0.0054882525259941466 0.054803606236625113 0.013126700629090902 -0.025019635089287985 -0.0048029712272546618 0.0095779944240151453 0.070468060608542493 0.012087312964658925 0.03306277399646871 0.031724944464723091 0.014682246642709538 -0.025281614180584333 0.040136325371296092 0.0088059659527792537 -0.013977931068119606
leaf_weight=38.784586951136589 161.88847590982914 68.772606819868088 185.11640565097332 238.94515846669674 27.201793298125267 68.831763789057732 22.095868512988091 40.460099205374718 10.23683489859104 11.236236542463301 189.72233399748802 23.455141589045525 15.709671974182131 225.48997764289379 14.736859455704687 141.06427384912968 11.499103769659994 51.239072054624557 34.504265412688255 37.901556253433228 10.372219800949098 17.912166386842728 111.35974635183811 15.864030286669729 10.317899212241171 22.849074646830559 17.619452744722366 22.275057509541512 38.969010949134827 39.674570485949516
leaf_count=163 939 339 821 1058 134 368 99 207 45 49 927 108 78 1253 78 715 51 243 168 177 50 81 523 72 48 109 89 114 166 197
internal_value=-0.000140919 -0.0011888 0.00132122 0.0060174 -0.0123956 -0.004095 -0.00181551 -0.0033973 -0.0104629 0.0057974 0.00197027 0.0168707 -0.0125637 -0.0174755 0.0132109 -0.0158496 0.0126164 0.0104925 0.00757721 0.015773 0.0255796 0.048139 -0.00399782 -0.0104603 -0.0139119 -0.00920275 0.00467377 0.0138319 0.0247693 0.00524034
internal_weight=1926.11 1848.35 1518.2 814.455 330.155 703.742 634.91 612.814 346.528 266.286 605.884 208.572 336.291 255.937 30.4465 302.953 197.514 186.277 174.778 117.425 79.5235 28.2844 366.939 215.904 200.04 57.3533 80.3546 62.7352 77.7536 151.034
internal_count=9469 9140 7352 3754 1788 3598 3230 3131 1864 1267 2825 929 1819 1409 156 1654 928 879 828 551 374 131 1767 1047 975 277 410 321 329 720
cat_boundaries=0 4 8 12 17
cat_threshold=571213456 745728 1141481539 1885389060 335683585 448040960 2097160 143004289 32 282329089 2185234440 66056 2148532224 2151940113 160694272 526344 1
is_linear=0
shrinkage=0.05


Tree=26
num_leaves=31
num_cat=4
split_feature=7 22 0 22 10 7 22 22 9 4 10 0 10 10 10 5 3 2 18 11 18 0 4 5 11 17 3 0 8 9
split_gain=18.7692 19.9876 16.1774 18.1102 16.3629 13.4741 27.7343 17.9029 17.0068 13.6585 13.0288 11.5117 10.802 10.7601 10.7064 17.2122 10.3268 9.63957 9.58293 9.47655 10.4152 8.90865 8.39428 9.94982 7.89596 7.71978 8.81912 7.59937 7.52375 7.51693
threshold=0.47500000000000003 0 0.16962973656817681 1 0.11309744578789906 1.9850000000000001 2 3 -1.5858631988400926 7.1512000000000002 0.079894512508937407 0.81758372672245161 0.09365776574348976 0.10375805345205585 0.10000000000000012 141659129.37000003 398009.33550000004 0.011592055967581729 4.5000000000000009 0.12435551598586127 15.500000000000002 0.3981423646098543 12.009900000000002 284542588.22000009 0.12144303065355701 74.500000000000014 268205.88000000006 0.0013436195880691584 1.2750000000000001 -0.97013077075490106
decision_type=2 9 2 9 2 2 9 9 2 2 2 2 2 2 2 2 2 2 2 2 2 2 2 2 2 2 2 2 10 2
left_child=-1 11 3 22 -5 7 8 -4 -7 -8 -9 -2 -11 18 15 -14 25 -15 -10 20 -18 -20 23 27 -16 -12 -27 -3 -13 -24
right_child=1 2 5 4 -6 6 9 10 13 12 16 28 14 17 24 -17 19 -19 21 -21 -22 -23 29 -25 -26 26 -28 -29 -30 -31
leaf_value=0.034556213942110309 -0.019097645337862165 0.04556905929424418 -0.00080675218011040835 -0.017522883256473509 0.033750446149854389 -0.028239262896267214 -0.02435174580509224 0.033308116598747099 -0.023938517647502305 -0.013368846913044028 0.033978981117645066 -0.014431415828845072 0.071185554590980055 0.0064298252217152851 -0.011436105685212423 0.0083979007417717948 -0.022376672332670055 0.064721324576470049 0.040296567024744587 0.036594725765071646 0.011909486107023458 0.011054411955608724 0.0063054168836334454 -0.023800712319495525 0.022095489562799841 -0.024866769663234575 0.03225000607304182 0.0034792423815709324 0.022738502872101843 0.054716022528957735
leaf_weight=38.199950560927391 210.908885166049 11.851391240954397 213.50362221896648 270.6431764960289 16.509474977850914 20.805628925561905 97.058737605810165 102.31793220341206 15.053079724311827 141.48469918966293 59.727188587188721 24.150890707969666 13.343601390719412 10.529616117477415 88.830349072813988 59.974400013685226 45.609413266181946 21.726040467619896 34.142307922244072 15.547038912773131 43.063299149274826 109.82813748717308 16.99893893301487 31.930906593799591 21.880993992090225 14.46277739107609 12.686633199453352 112.75168004631996 31.204641178250313 15.178526282310484
leaf_count=160 1173 54 976 1487 82 99 501 461 73 695 269 118 62 50 422 290 225 92 169 67 192 507 83 172 96 65 54 550 151 74
internal_value=-0.000141601 -0.000845243 0.0012748 -0.00646232 -0.0140845 0.00451117 -0.000343567 0.0105893 0.01403 -0.00770716 0.0182859 -0.013273 -0.002981 0.0193612 0.00500534 0.019825 0.0111995 0.0456925 0.0140203 0.00058736 -0.00572583 0.0179891 0.00558631 0.00110116 -0.00480892 0.0239302 0.0018233 0.00748254 0.00652176 0.0291413
internal_weight=1921.9 1883.7 1617.44 475.864 287.153 1141.58 634.658 506.918 212.085 422.573 293.414 266.264 325.514 191.279 184.029 73.318 191.096 32.2557 159.024 104.22 88.6727 143.97 188.711 156.534 110.711 86.8766 27.1494 124.603 55.3555 32.1775
internal_count=9469 9309 7867 2502 1569 5365 3056 2309 990 2066 1333 1442 1565 891 870 352 872 142 749 484 417 676 933 776 518 388 119 604 269 157
cat_boundaries=0 4 8 13 17
cat_threshold=34342032 35201282 3221269507 1348583684 1142038568 423908377 679481600 2164930688 68305414 3028327585 44302352 2182483976 1 1141916454 2495628417 704712984 1441801
is_linear=0
shrinkage=0.05


Tree=27
num_leaves=31
num_cat=6
split_feature=22 11 19 3 22 22 21 21 14 2 22 11 11 2 17 22 4 3 22 6 1 14 4 19 3 17 9 2 14 11
split_gain=17.3376 17.9181 15.9256 20.3252 19.4235 16.4514 14.7754 17.9087 16.2721 14.7357 13.1297 11.9756 11.83 11.7706 10.8602 11.9783 9.98925 9.55337 9.30405 10.1013 9.28056 9.29146 10.9064 11.7562 9.1892 9.15259 9.14336 9.63891 9.0657 8.96689
threshold=0 1.0000000180025095e-35 6.5000000000000009 2423191.7345500006 1 2 0.39791666666666675 0.4377976190476191 0.53876201923076927 0.21924417205030969 3 0.11950592724830249 0.11861619248519271 -0.26146638025732366 47.500000000000007 4 19.110850000000003 796637.35845000006 5 2.6804500000000004 -0.017524665054320706 0.36853563516920024 9.0494000000000003 8.5000000000000018 1340276.1133000001 217.50000000000003 -1.7684898887585618 0.072186843158843064 0.46173369777430701 0.058475002856089468
decision_type=9 2 2 2 9 9 2 2 2 2 9 2 2 2 2 9 2 2 9 10 2 2 2 2 2 2 2 2 2 2
left_child=20 -2 3 5 12 -3 10 17 9 -9 13 14 -4 -6 15 26 -15 -8 28 -20 -1 25 -23 -24 -12 -22 -7 -28 -13 -10
right_child=1 2 4 -5 6 11 7 8 29 -11 24 18 -14 16 -16 -17 -18 -19 19 -21 21 22 23 -25 -26 -27 27 -29 -30 -31
leaf_value=0.035077481389676639 0.027788512162469626 0.0134194641900394 -0.0099999086978286023 -0.038397042932242893 0.068607129848496914 -0.031908745878192486 0.028104322913712773 -0.021495671798518422 0.071856276337512501 0.02750553264373011 0.0017418231125692662 0.014258727374138231 0.027940139231694191 0.021671375256536351 -0.017187411944897635 0.0060634346897593984 -0.01798282383696807 0.07279954617570962 -0.019194656602794225 0.028972658368177546 0.0029959143827740535 -0.035377983846852534 -0.021503158164380622 0.018482527186419601 -0.027879489632949273 -0.036138454271099935 -0.014855580198111035 0.01267097950901782 -0.04761804345074238 0.023053802931841547
leaf_weight=10.269319921731947 64.169336691498756 133.53043638169765 199.68386776745319 40.365567862987518 10.992979869246481 44.268755525350571 24.882133319973946 42.139637649059296 11.299187317490576 24.126757025718689 159.70185104012489 10.705902829766275 22.902543857693672 84.28767903149128 207.61843037605286 184.80086497962475 19.568791955709457 23.013503268361092 13.195544272661207 62.150733202695847 101.61048983037472 73.379463255405426 59.458382144570351 26.608650296926498 31.31658536195755 17.516096323728561 98.350781708955765 47.000913217663765 13.240406498312948 56.365219578146935
leaf_count=51 269 637 976 227 48 235 108 200 53 103 739 51 103 384 1092 923 86 98 65 282 510 447 332 136 154 103 519 220 63 255
internal_value=-0.000138986 0.00188115 0.00083124 -0.0037646 0.00636495 -0.00204902 0.0118101 0.0233399 0.0139561 -0.00365495 0.0053422 -0.00520122 -0.00583405 0.0178529 -0.00801549 -0.00292961 0.0141997 0.0495801 0.0107718 0.0181307 -0.0112137 -0.0133227 -0.0212157 -0.00914111 -0.00295952 -0.00275831 -0.011412 -0.00595459 -0.014076 0.0312033
internal_weight=1918.52 1629.68 1565.51 855.228 710.281 814.863 487.694 181.826 133.931 66.2664 305.868 681.332 222.586 114.849 582.04 374.421 103.856 47.8956 99.2926 75.3463 288.842 278.573 159.446 86.067 191.018 119.127 189.62 145.352 23.9463 67.6644
internal_count=9469 7890 7621 4314 3307 4087 2228 817 611 303 1411 3450 1079 518 2989 1897 470 206 461 347 1579 1528 915 468 893 613 974 739 114 308
cat_boundaries=0 4 9 14 18 22 25
cat_threshold=42731152 34283782 3222284358 1885421572 1145078056 2769324161 222401537 40977 1 67272704 537168016 151000064 2147627136 1 268451842 136318992 786696 10224896 269508609 15749120 67698984 1346816 2147483682 4194305 4194305
is_linear=0
shrinkage=0.05


end of trees

feature_importances:
sw_l2=131
ret60=64
cmv=64
vr_d0=55
amplitude=55
promo_yd=48
wr1=42
amt_rank_pct=42
close_ret=36
mkt_boards_n=36
zha_rate=36
amount=31
ftr=27
pct_prev=27
mkt_max_streak=27
vr_prev=26
mkt_chain_n=22
intraday=21
turn_d0=20
ind_boards=16
gap=13
streak_prev=1

parameters:
[boosting: gbdt]
[objective: binary]
[metric: binary_logloss]
[tree_learner: serial]
[device_type: cpu]
[data_sample_strategy: bagging]
[data: ]
[valid: ]
[num_iterations: 400]
[learning_rate: 0.05]
[num_leaves: 31]
[num_threads: 0]
[seed: 42]
[deterministic: 0]
[force_col_wise: 0]
[force_row_wise: 0]
[histogram_pool_size: -1]
[max_depth: -1]
[min_data_in_leaf: 50]
[min_sum_hessian_in_leaf: 0.001]
[bagging_fraction: 1]
[pos_bagging_fraction: 1]
[neg_bagging_fraction: 1]
[bagging_freq: 0]
[bagging_seed: 400]
[bagging_by_query: 0]
[feature_fraction: 1]
[feature_fraction_bynode: 1]
[feature_fraction_seed: 30056]
[extra_trees: 0]
[extra_seed: 12879]
[early_stopping_round: 0]
[early_stopping_min_delta: 0]
[first_metric_only: 0]
[max_delta_step: 0]
[lambda_l1: 0]
[lambda_l2: 0]
[linear_lambda: 0]
[min_gain_to_split: 0]
[drop_rate: 0.1]
[max_drop: 50]
[skip_drop: 0.5]
[xgboost_dart_mode: 0]
[uniform_drop: 0]
[drop_seed: 17869]
[top_rate: 0.2]
[other_rate: 0.1]
[min_data_per_group: 100]
[max_cat_threshold: 32]
[cat_l2: 10]
[cat_smooth: 10]
[max_cat_to_onehot: 4]
[top_k: 20]
[monotone_constraints: ]
[monotone_constraints_method: basic]
[monotone_penalty: 0]
[feature_contri: ]
[forcedsplits_filename: ]
[refit_decay_rate: 0.9]
[cegb_tradeoff: 1]
[cegb_penalty_split: 0]
[cegb_penalty_feature_lazy: ]
[cegb_penalty_feature_coupled: ]
[path_smooth: 0]
[interaction_constraints: ]
[verbosity: -1]
[saved_feature_importance_type: 0]
[use_quantized_grad: 0]
[num_grad_quant_bins: 4]
[quant_train_renew_leaf: 0]
[stochastic_rounding: 1]
[linear_tree: 0]
[max_bin: 255]
[max_bin_by_feature: ]
[min_data_in_bin: 3]
[bin_construct_sample_cnt: 200000]
[data_random_seed: 175]
[is_enable_sparse: 1]
[enable_bundle: 1]
[use_missing: 1]
[zero_as_missing: 0]
[feature_pre_filter: 1]
[pre_partition: 0]
[two_round: 0]
[header: 0]
[label_column: ]
[weight_column: ]
[group_column: ]
[ignore_column: ]
[categorical_feature: 22]
[forcedbins_filename: ]
[precise_float_parser: 0]
[parser_config_file: ]
[objective_seed: 16083]
[num_class: 1]
[is_unbalance: 0]
[scale_pos_weight: 1]
[sigmoid: 1]
[boost_from_average: 1]
[reg_sqrt: 0]
[alpha: 0.9]
[fair_c: 1]
[poisson_max_delta_step: 0.7]
[tweedie_variance_power: 1.5]
[lambdarank_truncation_level: 30]
[lambdarank_norm: 1]
[label_gain: ]
[lambdarank_position_bias_regularization: 0]
[eval_at: ]
[multi_error_top_k: 1]
[auc_mu_weights: ]
[num_machines: 1]
[local_listen_port: 12400]
[time_out: 120]
[machine_list_filename: ]
[machines: ]
[gpu_platform_id: -1]
[gpu_device_id: -1]
[gpu_device_id_list: ]
[gpu_use_dp: 0]
[num_gpu: 1]

end of parameters

pandas_categorical:[["IT\u670d\u52a1\u2161", "\u4e00\u822c\u96f6\u552e", "\u4e13\u4e1a\u5de5\u7a0b", "\u4e13\u4e1a\u670d\u52a1", "\u4e13\u4e1a\u8fde\u9501\u2161", "\u4e13\u7528\u8bbe\u5907", "\u4e2a\u62a4\u7528\u54c1", "\u4e2d\u836f\u2161", "\u4e58\u7528\u8f66", "\u4e92\u8054\u7f51\u7535\u5546", "\u4f11\u95f2\u98df\u54c1", "\u4f53\u80b2\u2161", "\u4fdd\u9669\u2161", "\u5143\u4ef6", "\u5149\u4f0f\u8bbe\u5907", "\u5149\u5b66\u5149\u7535\u5b50", "\u5176\u4ed6\u5bb6\u7535\u2161", "\u5176\u4ed6\u7535\u5b50\u2161", "\u5176\u4ed6\u7535\u6e90\u8bbe\u5907\u2161", "\u517b\u6b96\u4e1a", "\u519b\u5de5\u7535\u5b50\u2161", "\u519c\u4e1a\u7efc\u5408\u2161", "\u519c\u4ea7\u54c1\u52a0\u5de5", "\u519c\u5316\u5236\u54c1", "\u519c\u5546\u884c\u2161", "\u51b6\u94a2\u539f\u6599", "\u51fa\u7248", "\u52a8\u7269\u4fdd\u5065\u2161", "\u5305\u88c5\u5370\u5237", "\u5316\u5986\u54c1", "\u5316\u5b66\u5236\u54c1", "\u5316\u5b66\u5236\u836f", "\u5316\u5b66\u539f\u6599", "\u5316\u5b66\u7ea4\u7ef4", "\u533b\u7597\u5668\u68b0", "\u533b\u7597\u670d\u52a1", "\u533b\u836f\u5546\u4e1a", "\u534a\u5bfc\u4f53", "\u53a8\u536b\u7535\u5668", "\u5546\u7528\u8f66", "\u5730\u9762\u5175\u88c5\u2161", "\u57ce\u5546\u884c\u2161", "\u57fa\u7840\u5efa\u8bbe", "\u5851\u6599", "\u591a\u5143\u91d1\u878d", "\u5bb6\u5c45\u7528\u54c1", "\u5bb6\u7535\u96f6\u90e8\u4ef6\u2161", "\u5c0f\u5bb6\u7535", "\u5c0f\u91d1\u5c5e", "\u5de5\u4e1a\u91d1\u5c5e", "\u5de5\u7a0b\u54a8\u8be2\u670d\u52a1\u2161", "\u5de5\u7a0b\u673a\u68b0", "\u5e7f\u544a\u8425\u9500", "\u5f71\u89c6\u9662\u7ebf", "\u623f\u5730\u4ea7\u5f00\u53d1", "\u623f\u5730\u4ea7\u670d\u52a1", "\u623f\u5c4b\u5efa\u8bbe\u2161", "\u6469\u6258\u8f66\u53ca\u5176\u4ed6", "\u6559\u80b2", "\u6570\u5b57\u5a92\u4f53", "\u6587\u5a31\u7528\u54c1", "\u65c5\u6e38\u53ca\u666f\u533a", "\u65c5\u6e38\u96f6\u552e\u2161", "\u666e\u94a2", "\u670d\u88c5\u5bb6\u7eba", "\u6797\u4e1a\u2161", "\u6a61\u80f6", "\u6c34\u6ce5", "\u6c7d\u8f66\u670d\u52a1", "\u6c7d\u8f66\u96f6\u90e8\u4ef6", "\u6cb9\u670d\u5de5\u7a0b", "\u6cb9\u6c14\u5f00\u91c7\u2161", "\u6d88\u8d39\u7535\u5b50", "\u6e14\u4e1a", "\u6e38\u620f\u2161", "\u70bc\u5316\u53ca\u8d38\u6613", "\u7126\u70ad\u2161", "\u7164\u70ad\u5f00\u91c7", "\u7167\u660e\u8bbe\u5907\u2161", "\u71c3\u6c14\u2161", "\u7269\u6d41", "\u7279\u94a2\u2161", "\u73af\u4fdd\u8bbe\u5907\u2161", "\u73af\u5883\u6cbb\u7406", "\u73bb\u7483\u73bb\u7ea4", "\u751f\u7269\u5236\u54c1", "\u7535\u529b", "\u7535\u5b50\u5316\u5b66\u54c1\u2161", "\u7535\u673a\u2161", "\u7535\u6c60", "\u7535\u7f51\u8bbe\u5907", "\u7535\u89c6\u5e7f\u64ad\u2161", "\u767d\u8272\u5bb6\u7535", "\u767d\u9152\u2161", "\u79cd\u690d\u4e1a", "\u7eba\u7ec7\u5236\u9020", "\u7efc\u5408\u2161", "\u80a1\u4efd\u5236\u94f6\u884c\u2161", "\u80fd\u6e90\u91d1\u5c5e", "\u81ea\u52a8\u5316\u8bbe\u5907", "\u822a\u5929\u88c5\u5907\u2161", "\u822a\u6d77\u88c5\u5907\u2161", "\u822a\u7a7a\u673a\u573a", "\u822a\u7a7a\u88c5\u5907\u2161", "\u822a\u8fd0\u6e2f\u53e3", "\u88c5\u4fee\u5efa\u6750", "\u88c5\u4fee\u88c5\u9970\u2161", "\u8ba1\u7b97\u673a\u8bbe\u5907", "\u8bc1\u5238\u2161", "\u8c03\u5473\u53d1\u9175\u54c1\u2161", "\u8d35\u91d1\u5c5e", "\u8d38\u6613\u2161", "\u8f68\u4ea4\u8bbe\u5907\u2161", "\u8f6f\u4ef6\u5f00\u53d1", "\u901a\u4fe1\u670d\u52a1", "\u901a\u4fe1\u8bbe\u5907", "\u901a\u7528\u8bbe\u5907", "\u9020\u7eb8", "\u9152\u5e97\u9910\u996e", "\u91d1\u5c5e\u65b0\u6750\u6599", "\u94c1\u8def\u516c\u8def", "\u975e\u767d\u9152", "\u975e\u91d1\u5c5e\u6750\u6599\u2161", "\u98ce\u7535\u8bbe\u5907", "\u98df\u54c1\u52a0\u5de5", "\u996e\u6599\u4e73\u54c1", "\u9970\u54c1", "\u9972\u6599", "\u9ed1\u8272\u5bb6\u7535"]]
