tree
version=v4
num_class=1
num_tree_per_iteration=1
label_index=0
max_feature_idx=22
objective=binary sigmoid:1
feature_names=wr1 gap ret60 cmv ftr amount turn_d0 vr_d0 vr_prev pct_prev intraday amplitude seal_hard close_ret amt_rank_pct ind_boards streak_prev mkt_boards_n mkt_chain_n mkt_max_streak zha_rate promo_yd sw_l2
feature_infos=[0:1.0000000000000007] [-0.10465116279069764:0.10588235294117654] [-0.67999999999999994:5.0384615384615392] [36636.599999999999:193496882.99250001] [0.11749999999999999:147.02070000000001] [2925612:31598894525.549999] [0.039300000000000002:55.946300000000001] [0.029999999999999999:22.719999999999999] [0.23000000000000001:16.620000000000001] [-10.416666666666663:9.4972067039106101] [-0.0044800000000000178:0.20930232558139528] [0:0.20930232558139528] [0:1] [0.095008051529790638:0.10588235294117654] [0.0014513788098693759:1] [1:51] [0:14] [5:890] [0:314] [1:18] [0:0.80158730158730163] [0:0.85245901639344257] -1:69:116:5:90:30:86:54:1:0:115:31:15:72:49:13:45:113:64:32:37:28:23:89:43:83:107:99:14:2:80:48:7:88:20:46:108:52:42:75:105:17:35:95:18:44:53:114:103:106:34:51:104:125:60:84:67:96:61:79:120:36:22:33:117:26:82:74:10:9:50:98:77:124:63:93:123:94:112:59:119:39:19:111:87:91:110:47:57:55:58:40:127:70:85:126:68:76:128:66:25:56:78:3:109:122:6:100:121:8:29:81:92:73:27:101:38:118:102:65:4:11:62:16:12:71:41:21:24
tree_sizes=3515 3544 3533 3549 3510 3555 3533 3512 3545 3528 3500 3482 3524 3553 3522 3540 3533 3548 3530 3542 3565 3525 3539 3596 3595 3526 3603 3558 3591 3566 3574 3598 3564 3591 3540 3577 3558 3565 3596 3568 3603 3498 3582 3538 3509 3550 3554 3531 3603 3528

Tree=0
num_leaves=31
num_cat=5
split_feature=22 7 7 4 13 22 0 22 2 17 8 4 2 14 22 22 11 1 2 4 15 8 3 0 3 7 21 2 15 10
split_gain=23.7052 14.9493 10.3356 7.74424 6.34525 5.26032 4.84945 5.08815 6.45236 5.97645 4.31479 3.94807 3.90324 4.69141 3.5921 3.46437 3.43225 4.37677 3.69074 3.81814 3.38786 4.8445 4.6006 3.29807 3.14235 5.23245 3.00351 2.85507 2.75855 2.68569
threshold=0 0.58500000000000008 0.9850000000000001 13.253050000000002 0.10046838664385062 1 0.62634989633990801 2 -0.34583762226585762 89.500000000000014 0.89500000000000013 2.3116000000000008 0.25331801646563284 0.57719393282773568 3 4 0.1201246183372101 -0.00095238181621931639 -0.1441579616426242 7.4962500000000007 6.5000000000000009 0.85500000000000009 289615.18495000008 0.15417785223963329 245689.74705000003 1.885 0.11602982292637466 -0.19945946872277251 2.5000000000000004 0.073464129343083953
decision_type=9 2 2 2 2 9 2 9 2 2 10 2 2 2 9 9 2 2 2 2 2 8 2 2 2 2 2 2 2 2
left_child=1 -1 5 14 6 11 7 10 9 -9 -3 -2 13 16 28 -5 17 18 -10 -20 21 -6 -23 -17 25 -12 -8 -15 -4 -24
right_child=2 4 3 15 20 -7 26 8 12 -11 24 -13 -14 27 -16 23 -18 -19 19 -21 -22 22 29 -25 -26 -27 -28 -29 -30 -31
leaf_value=-0.88845183718724974 -0.87743055549029614 -1.0338057031650498 -0.97812887616497779 -0.98252751434790531 -1.0115532370521523 -1.0091499876320935 -0.89861253003187413 -0.82273252843347722 -0.84779501906104149 -0.99493433184399416 -0.81311455272122035 -0.96071209244887923 -0.9446051340368804 -0.96493460519838903 -1.0251447774045654 -1.0529911798909122 -1.0449447022558855 -0.98129088985887314 -1.0405449127054145 -0.89326755848655859 -0.87399096301681267 -0.81768309835502295 -1.0232061154936727 -1.0025405594691343 -0.99961155916381206 -1.0621064428457465 -0.97034493931813737 -1.0316400799385232 -1.0388667087536148 -0.92490945137796432
leaf_weight=4.5261307592189288 1.6066530326231561 12.168157348619824 10.74488878173686 14.78416080248209 2.5096287997464923 10.576383861469333 1.5857374463796912 1.2425547181528203 1.2611642365970257 0.84753348720664679 0.57899500036341933 12.45442238795774 5.3535155621584556 2.0076900795401826 84.681652596448771 4.1040972809760232 1.5362548169338044 10.586576915351609 0.80097262382717704 0.9766639571400475 1.5476318295554987 0.81770698330141289 0.91231719517222165 15.375402979834119 14.380009917334347 0.33197284158092089 18.29894591049262 7.9799485204340623 2.2631408488174278 2.915819200603714
leaf_count=224 124 706 799 1832 241 704 84 46 48 99 84 730 291 110 6837 326 81 814 34 75 142 120 87 2072 853 66 1982 632 215 311
internal_value=-0.997943 -0.979108 -1.00961 -1.0159 -0.981612 -0.980623 -0.986026 -0.993113 -0.982336 -0.892561 -1.00794 -0.970624 -0.983372 -0.991624 -1.02308 -0.995449 -0.974096 -0.966108 -0.913215 -0.959628 -0.941069 -0.955577 -0.92534 -1.008 -0.993907 -0.903852 -0.964625 -1.01823 -0.992715 -0.948335
internal_weight=249.757 93.1659 156.591 131.953 88.6398 24.6375 79.9367 60.052 32.5929 2.09009 27.4591 14.0611 30.5028 25.1493 97.6897 34.2637 15.1616 13.6254 3.0388 1.77764 8.7031 7.15547 4.64584 19.4795 15.291 0.910968 19.8847 9.98764 13.008 3.82814
internal_count=20769 7130 13639 12081 6906 1558 6005 3939 2230 145 1709 854 2085 1794 7851 4230 1052 971 157 109 901 759 518 2398 1003 150 2066 742 1014 398
cat_boundaries=0 4 8 12 16 20
cat_threshold=2147622918 205848877 72352065 1619536909 1347682464 3286016 2190213152 1048976 8196 205586433 67109120 1610614784 771751936 8390672 939835396 90194448 76580001 293737600 167852036 2367016960
is_linear=0
shrinkage=1


Tree=1
num_leaves=31
num_cat=5
split_feature=22 7 7 4 17 22 8 22 2 7 2 20 2 9 0 22 3 7 0 2 3 8 11 22 8 10 11 20 20 13
split_gain=21.4767 13.3258 9.16059 6.64331 5.31419 5.31395 4.9887 4.17992 4.17788 3.69841 3.60664 3.45397 5.28541 3.61728 3.41742 3.26604 3.2438 3.22577 3.1457 3.01995 3.00818 3.473 2.99616 2.72619 3.08204 2.63254 2.60184 2.53631 2.49282 2.89192
threshold=0 0.58500000000000008 0.9850000000000001 13.253050000000002 30.500000000000004 1 1.2250000000000003 2 -0.45339264834843612 0.39500000000000007 -0.18562601820925942 0.20881425253890681 -0.22316887670978378 2.5291232966990433 0.62634989633990801 3 194236.14945000003 1.2550000000000001 0.15417785223963329 0.21783957760740638 1074597.4972000003 1.0350000000000004 0.11252588956756822 4 1.155 0.070000000000000048 0.098081023454157798 0.1813852813852814 0.32373653686826848 0.10006768961683733
decision_type=9 2 2 2 2 9 8 9 2 2 2 2 2 2 2 9 2 2 2 2 2 8 2 9 8 2 2 2 2 2
left_child=1 -1 5 7 10 9 8 -4 -6 -2 -3 12 -8 27 16 -5 -10 -15 -17 -19 22 -22 26 -18 -25 -20 -11 -14 29 -12
right_child=2 4 3 15 6 -7 11 -9 14 20 28 -13 13 17 -16 18 23 19 25 -21 21 -23 -24 24 -26 -27 -28 -29 -30 -31
leaf_value=0.10247158267000911 0.12149250869763915 0.17547463693763926 0.0060631530898251212 0.014495052616544081 0.11626943969526514 -0.011150148090187008 0.15185664096209006 -0.026372390399380021 0.080460376233925768 0.033102217523171794 -0.068174724041786275 0.018693631457961993 0.034885752347576952 0.10121046847182075 0.028099695951227022 -0.053878791889978073 -0.010833391272368391 -0.049675222048376613 0.053811848184584767 0.068163571876207404 0.10506653543396836 0.012674319484653885 0.098585832893901673 0.022763801356016272 -0.045421521077149911 -0.012085965153143084 -0.02804667046382215 0.11884998308118033 0.1020004282714627 0.13742956374285423
leaf_weight=4.6341340802575237 1.437704981375872 0.78097991452876447 13.730050266415729 14.760478703358165 0.84569886276586359 11.3681356868414 1.2879498339902964 83.1602707474851 1.1780507960947719 4.1468460070643101 0.64617495513417711 15.190649335302195 1.7945252318905338 0.70425184448481593 12.162062775985943 4.1563753114749771 30.491315309682562 2.0565469946090364 1.698909613459654 0.73910909253027046 2.715081009280893 1.626409312250473 1.0321529291177851 15.558420683404451 1.8548624105794704 14.043104676025505 2.9966612286011696 1.8030993861945033 0.98798554481853529 0.2325849713335586
leaf_count=221 73 161 1097 1825 23 741 206 6776 174 367 199 1439 141 26 1092 336 1394 251 288 63 82 58 87 957 67 1847 159 73 410 136
internal_value=-6.5553e-05 0.017899 -0.0111406 -0.0171519 0.0154879 0.0156881 0.0133317 -0.0238721 0.00589665 0.0265302 0.0852537 0.0329126 0.0586709 0.041761 0.00437257 0.00163482 -0.00150672 0.00557116 -0.010109 -0.0185213 0.036818 0.0704546 0.0189562 -0.00352242 0.00984625 -0.00497414 0.0074506 0.0769679 0.0475085 -0.0137566
internal_weight=249.821 92.9484 156.872 131.549 88.3143 25.323 85.6665 96.8903 62.0904 13.9549 2.64773 23.5761 8.38548 7.09753 61.2447 34.6589 49.0826 3.49991 19.8984 2.79566 12.5172 4.34149 8.17566 47.9046 17.4133 15.742 7.14351 3.59762 1.86675 0.87876
internal_count=20769 7033 13736 12169 6812 1567 5906 7873 3707 826 906 2199 760 554 3684 4296 2592 340 2471 314 753 140 613 2418 1024 2135 526 214 745 335
cat_boundaries=0 4 8 12 16 20
cat_threshold=2147491846 205848877 72352069 1619536909 273973408 3286016 2190221344 1048976 771883008 9439248 939835392 90194448 76580001 293737600 167852032 2367016960 8196 4259877 71303428 8390657
is_linear=0
shrinkage=0.05


Tree=2
num_leaves=31
num_cat=3
split_feature=22 7 7 0 22 22 6 4 20 1 3 18 2 21 8 8 5 4 13 0 13 11 4 7 8 4 1 3 1 15
split_gain=20.1435 11.1339 8.92147 6.58972 4.75816 4.58629 4.02972 3.91107 3.90567 4.18494 3.89083 3.66258 3.46551 5.1574 4.48634 3.32876 3.32859 3.21154 3.14224 3.04407 2.89418 3.6922 3.61017 2.84743 2.98716 4.70173 2.74854 4.17861 2.64591 2.78137
threshold=0 0.65500000000000014 0.9850000000000001 0.49906311654416585 1 2 11.664900000000001 9.7416000000000018 0.2184659090909091 0.021446477389706401 194236.14945000003 10.500000000000002 -0.34583762226585762 0.19308213716108455 0.65500000000000014 3.7850000000000006 73199655.500000015 21.022900000000003 0.10046838664385062 0.045655835532195654 0.10088107436733419 0.108189542104365 6.2138000000000009 1.0950000000000004 0.99500000000000011 8.1524500000000018 0.012893503375584927 815889.70880000014 -0.0073885126792049829 4.5000000000000009
decision_type=9 2 2 2 9 9 8 2 2 2 2 2 2 2 8 8 2 2 2 2 2 2 2 2 10 2 2 2 2 2
left_child=1 -1 4 6 8 7 20 15 9 26 19 -8 13 -12 -14 -5 -10 18 23 -3 -4 -22 -23 24 -16 -26 27 -2 -13 -30
right_child=2 10 3 5 -6 -7 11 -9 16 -11 12 28 14 -15 17 -17 -18 -19 -20 -21 21 22 -24 -25 25 -27 -28 -29 29 -31
leaf_value=0.092292350742134446 0.0059177744264691245 -0.069824075210576972 -0.026741617012615002 -0.017903668369013363 -0.011577458852689614 -0.012802006277494905 -0.023140065971515945 0.042331408065632625 -0.058425528790304528 0.099507415940143604 0.097886353939917556 -0.042942771220442558 -0.026536855357777653 -0.029092196475886452 0.0074654171540948612 0.1478650393859314 0.027325565516147683 0.050277409096629533 0.045889461477747501 0.13067811927633241 -0.021461324081403166 -0.012460316180743124 0.15012259894239488 0.0026060207458155132 0.0088485604144222848 0.10077014549634965 -0.035484700389418561 0.12294192496098957 0.088088924760409568 -0.032182687700679009
leaf_weight=5.0984966170428967 1.8945094587827518 0.22546838481257125 92.325724523872026 5.2939903532074508 10.196427812323629 16.935279009360485 3.6121424473363666 11.716667582820419 1.3254649319246832 3.9532627944522858 2.7340180158689829 0.67677667007581055 6.7969242643986396 1.1302541347657351 6.7127737740913513 0.32121779476997847 7.7402021975552842 6.2321477805484156 6.351658846300281 1.1801726195421052 2.2044951279422373 0.58598948574923759 0.81817147295807047 42.478405512365214 2.6568237045057401 2.9200599139928087 1.2119820406135202 1.2769941698612823 2.6045515743085734 0.58949696076558655
leaf_count=280 106 95 5995 854 660 3021 381 1524 184 134 117 80 626 87 222 15 460 596 612 364 201 52 77 3306 129 93 52 30 338 78
internal_value=-0.00013382 0.0184812 -0.0101562 -0.0159716 0.0151753 0.00303125 -0.0222682 0.0164167 0.023817 0.0622041 0.0160698 0.0130714 0.0145842 0.0607466 0.0121785 -0.00842087 0.0147881 0.0160855 0.0125991 0.0985171 -0.0250247 0.0189026 0.0822729 0.00873825 0.0299339 0.0569788 0.0285619 0.0530371 0.0468628 0.0658915
internal_weight=249.801 84.5172 165.283 137.685 27.5988 34.2672 103.417 17.3319 17.4024 8.33675 79.4187 7.48297 78.0131 3.86427 74.1488 5.61521 9.06567 67.3519 61.1197 1.40564 95.9344 3.60866 1.40416 54.7681 12.2897 5.57688 4.38349 3.1715 3.87083 3.19405
internal_count=20769 6527 14242 12616 1626 5414 7202 2393 966 322 6247 877 5788 204 5584 869 644 4958 4362 459 6325 330 129 3750 444 222 188 136 496 416
cat_boundaries=0 4 8 12
cat_threshold=2281709574 205848877 139460933 1619536909 1347715232 3286016 2257322016 1048976 1083310208 268498944 2250336256 2352403088
is_linear=0
shrinkage=0.05


Tree=3
num_leaves=31
num_cat=4
split_feature=22 7 0 7 6 13 13 11 7 22 4 8 9 2 21 8 3 2 15 22 18 8 22 17 11 11 0 5 2 1
split_gain=17.8666 8.92392 7.31679 7.21021 4.45308 4.12138 4.11805 3.89426 3.32368 3.9448 5.18288 3.75771 3.39252 3.11545 4.15739 4.03425 3.29321 4.66787 3.24717 3.07585 3.00946 2.9889 5.56527 4.20061 3.69151 3.26233 3.66957 3.40389 3.16793 3.84563
threshold=0 0.55500000000000016 0.81186761578130306 0.58500000000000008 11.664900000000001 0.10046838664385062 0.10016181272141235 0.090909090909090981 0.9850000000000001 1 3.7155000000000005 0.68500000000000016 -5.2021176346199125 0.32155716403020079 0.11602982292637466 1.0350000000000004 1720198.3867000004 -0.45339264834843612 19.500000000000004 2 10.500000000000002 0.93500000000000016 3 35.500000000000007 0.10875197396049265 0.11136428534344021 0.070309462311057044 240407946.14500001 -0.21891876271696395 0.083333333333333384
decision_type=9 2 2 2 8 2 2 2 2 9 2 10 2 2 2 10 2 2 2 9 2 8 9 2 2 2 2 2 2 2
left_child=3 6 4 -1 8 13 7 -2 9 10 -3 -12 -11 16 -15 -16 17 -5 -19 -4 -6 23 24 -10 28 -26 -27 -28 -23 -30
right_child=1 2 19 5 20 -7 -8 -9 21 12 11 -13 -14 14 15 -17 -18 18 -20 -21 -22 22 -24 -25 25 26 27 -29 29 -31
leaf_value=0.08094009283683222 0.099932270225707387 -0.047075586872657366 -0.01144413321645643 0.1235600622382671 -0.014621851006474826 0.047343366714452113 -0.013685430059015216 -0.01745622351947565 0.049107276009551497 0.040750923634744439 0.13940130109373991 0.043817397129361377 -0.034781045736937362 0.11595190050141464 -0.0034097529468872581 0.054169148539616165 -0.013777632890782652 0.013788939554847149 -0.052583269519086664 0.02297077794387125 0.036003257339972831 -0.050710500907397753 -0.021714081391515788 -0.03486311577981669 0.12849688927117625 -0.028811748205075895 0.13873109774369871 0.027050097831708992 0.004854751545721331 0.15437411113750588
leaf_weight=4.412634711503471 3.3921068729279389 1.1329214372752856 5.7407711374481636 0.94017328355521002 5.4553591155027004 9.0065995798587135 1.8556214628890755 0.89236283100944991 1.5387879557625996 1.724524401113771 1.4438506008530962 3.5721450985241532 10.776429817023049 1.366715963757797 6.3926539824448536 5.8041999526721852 14.796164830028266 44.154112134474317 1.9230330784803289 11.176423148879808 6.3556634970747865 2.5220269365682944 43.922150604768362 46.367842206496476 1.0306264794737803 1.6941315841780236 0.99865938386781072 2.1535494767145167 6.689829196981683 0.45958751519253827
leaf_count=205 204 72 718 62 622 881 121 42 726 116 64 147 611 38 374 397 759 3810 85 1853 972 155 3682 2879 86 98 76 137 729 48
internal_value=-0.000191886 -0.00996276 -0.0129275 0.0167484 -0.0167363 0.0153764 0.0485349 0.0754828 -0.0194875 -4.06035e-06 0.0188535 0.0713312 -0.0135345 0.0115568 0.0332571 0.0239907 0.00679513 0.0132693 0.0110189 0.0181058 0.0126202 -0.0228715 -0.0153844 -0.0321659 0.0100183 0.0477151 0.030536 0.062432 -0.00252986 0.0144663
internal_weight=249.692 160.895 154.755 88.7963 137.838 84.3837 6.14009 4.28447 126.027 18.6499 6.14892 5.016 12.501 75.3771 13.5636 12.1969 61.8135 47.0173 46.0771 16.9172 11.811 107.377 59.4706 47.9066 15.5484 5.87697 4.84634 3.15221 9.67144 7.14942
internal_count=20769 14158 13791 6611 11220 6406 367 246 9626 1010 283 211 727 5525 809 771 4716 3957 3895 2571 1594 8616 5011 3605 1329 397 311 213 932 777
cat_boundaries=0 4 8 12 16
cat_threshold=2281840642 71631149 206569541 1619536909 4456608 2229248 2156134432 262144 369935872 280497280 1401167880 352452864 647512196 411604048 319744 52691712
is_linear=0
shrinkage=0.05


Tree=4
num_leaves=31
num_cat=2
split_feature=22 7 7 0 13 9 6 4 2 21 8 13 11 1 22 13 3 4 7 4 7 11 8 21 7 7 19 21 1 17
split_gain=16.4935 8.10898 7.52226 7.37942 5.35942 4.25151 4.20899 3.96944 3.9438 4.38479 3.5023 3.45099 3.89175 3.22525 2.92842 4.12209 4.25006 2.85648 4.22014 2.73226 2.6724 3.3722 3.05548 3.63281 2.51462 2.51342 4.17205 3.11289 3.05209 2.95298
threshold=0 0.62500000000000011 0.65500000000000014 0.77832330264176108 0.1001049135265988 -1.6344321561503836 11.664900000000001 1.9940500000000003 -0.34583762226585762 0.18684093684093686 0.65500000000000014 0.10088107436733419 0.108189542104365 -0.0084897651920427513 1 0.099490722214811936 823632.68890000007 10.201500000000001 1.2550000000000001 21.022900000000003 0.9850000000000001 0.098251805791462657 1.1450000000000002 0.19308213716108455 0.68500000000000016 1.2150000000000001 3.5000000000000004 0.17445652173913045 -0.0024780954260836814 34.500000000000007
decision_type=9 2 2 2 2 2 8 2 2 2 8 2 2 2 9 2 2 2 2 2 2 2 8 2 2 2 2 2 2 2
left_child=2 4 -1 6 5 -2 11 -7 9 -4 -10 14 -13 -8 15 16 -3 24 -19 25 21 -17 -22 -24 -5 26 -12 -28 -29 -27
right_child=1 3 8 17 -6 7 13 -9 10 -11 19 12 -14 -15 -16 20 -18 18 -20 -21 22 -23 23 -25 -26 29 27 28 -30 -31
leaf_value=0.08235708483320997 0.10138210394787879 0.13695133597037618 0.11789458193860403 0.12922590129942083 -0.017789869398832446 0.10552550456347885 -0.044675292307034709 -0.02013323887423743 -0.021573552577442541 0.010666732513771735 0.072199886104096875 -0.010808141896582314 0.085446387081355449 0.024087015253002324 -0.022372631223716591 0.088604550164790824 -0.050032014570535188 0.087762055847266041 0.016130114802849069 0.048634363705259198 -0.030148801595530045 -0.0098811466539703071 0.056943565349985181 -0.029489297584450694 -0.016390675133450328 0.065543214262445762 -0.013600428909311832 -0.030405602661587323 0.056893338526753205 0.0039622688997454974
leaf_weight=4.5214940981625622 3.3143627014435992 1.0662374839855626 1.9482491306534648 0.31041291508880675 3.1063651686888107 0.91043476857469441 2.0579812920367635 2.0292603197969399 6.5553639413759504 1.8670658215867062 4.3360543056037306 2.888049675804985 1.6501395874468654 9.9510570435355756 106.08524820118853 1.6318765298556486 0.42504531280194147 2.5382085474732596 10.826157613461055 6.0980155909846934 8.9765214507533067 1.8596827381242631 2.7575919031190503 2.1742028036506085 6.6036635347754569 2.0475428759146217 5.2684360128918382 1.2619709291702026 4.8450904856124177 39.543639453964218
leaf_count=249 110 143 147 21 193 68 251 132 611 117 97 313 177 1328 7778 76 40 232 1733 574 679 58 125 291 1095 666 165 74 328 2898
internal_value=-0.000218087 -0.00883798 0.0175179 -0.0119719 0.035893 0.0625571 -0.0160139 0.0187838 0.0159185 0.0654215 0.0132187 -0.0186396 0.0241911 0.0123033 -0.0201948 0.00253547 0.0836574 0.016237 0.0297347 0.0168161 -0.00296003 0.0361489 -0.012778 0.0188393 -0.0098531 0.01343 0.0304675 0.0145602 0.0388538 0.00699391
internal_weight=249.455 171.162 78.2929 161.802 9.36042 6.25406 141.524 2.9397 73.7714 3.81531 69.9561 129.515 4.53819 12.009 124.976 18.8912 1.49128 20.2784 13.3644 63.4007 17.3999 3.49156 13.9083 4.93179 6.91408 57.3027 15.7116 11.3755 6.10706 41.5912
internal_count=20769 14843 5926 14340 503 310 11259 200 5677 264 5413 9680 490 1579 9190 1412 183 3081 1965 4802 1229 134 1095 416 1116 4228 664 567 402 3564
cat_boundaries=0 4 8
cat_threshold=2281709570 205848877 139460677 1619536909 637927552 9470032 2961473536 90505472
is_linear=0
shrinkage=0.05


Tree=5
num_leaves=31
num_cat=4
split_feature=22 1 7 4 22 7 22 8 17 8 13 22 6 11 8 14 10 9 0 20 18 8 7 4 8 0 0 14 3 2
split_gain=14.5468 6.99422 5.91171 5.49999 5.34441 4.36571 4.26877 3.59794 3.58547 3.49491 3.40365 3.09646 3.07189 3.01758 3.54225 5.13586 2.96256 2.95768 4.41482 2.89621 2.97633 2.86732 3.43644 3.43078 2.8376 4.6836 3.59196 2.78954 3.20013 2.75095
threshold=0 0.099727395231088659 0.58500000000000008 11.688250000000002 1 0.9850000000000001 2 3.3250000000000006 32.500000000000007 1.2250000000000003 0.1000368461088459 3 2.8244500000000001 0.11252588956756822 1.4350000000000003 0.32794023174474768 0.10007895806525623 -0.46488472433408029 0.22705211874945316 0.36700680272108849 15.500000000000002 0.82500000000000007 2.5550000000000002 14.280650000000001 1.2950000000000002 0.266324670369468 0.59947328866180749 0.84237242853326222 289615.18495000008 -0.34583762226585762
decision_type=9 2 2 2 9 2 9 8 2 8 2 9 8 2 10 2 2 2 2 2 2 8 2 2 10 2 2 2 2 2
left_child=2 3 -1 5 -5 6 16 11 -4 29 12 -7 -11 -13 -15 -16 -2 -3 -19 20 -14 -6 23 27 -12 -26 -27 28 -23 -10
right_child=1 17 8 4 21 7 -8 -9 9 10 24 13 19 14 15 -17 -18 18 -20 -21 -22 22 -24 -25 25 26 -28 -29 -30 -31
leaf_value=0.072629875293963392 0.053826665021360354 0.082430412607853429 0.068193142354632932 -0.015902867707113379 -0.0079547363257272703 0.0040847223326344016 -0.014090787429914745 0.094349961989975958 0.04112021252016973 0.074269551165234732 0.10532946590041842 -0.035728027926352067 0.034237217826468942 -0.020699476690262768 0.13532811622705818 -0.01785014727088655 -0.018414942784842712 -0.0346438562587182 0.066535406802718161 -0.05150486641860233 -0.029721021994143827 0.14834506313418971 -0.0025647927743778862 0.02051431099263128 -0.01149599715264165 0.12174195991973374 0.033370152961657372 0.12749889646746779 0.031024320338957658 0.0021763310850721959
leaf_weight=4.5052801733373817 7.1379849383367695 2.5529952317015017 2.9265841414274112 17.54872568579755 8.9241545891790377 13.721527505311043 11.432278892257274 0.64395758322726138 4.9537880125334643 1.6715982922445967 1.9220386283112683 55.449541873234125 5.8351806112747493 11.818197190571963 0.95948159452561244 1.2735574931952411 1.7713372758968118 2.2180296214701718 2.0978299756502778 2.0828772129724493 2.6428128025511342 0.68418739795291728 7.5455692340948977 10.12589012298349 3.0028071673325769 1.8924764537722465 2.93027390419536 1.4903677719925523 3.8630272702328341 53.595297051567911
leaf_count=201 342 174 971 2163 1056 1135 646 87 109 226 94 4749 388 626 113 165 105 106 337 128 386 91 1163 926 245 161 369 93 234 3180
internal_value=-0.000265642 -0.0090363 0.0151217 -0.0117931 0.0018063 -0.0183419 0.00243821 -0.0233821 0.0138292 0.0118535 0.0288538 -0.0242931 0.0112899 -0.0266491 -0.00978696 0.0479668 0.0185937 0.0397713 0.0145368 0.00132138 0.0142998 0.0124022 0.0252957 0.0383018 0.0508951 0.0375254 0.0680478 0.0681339 0.0486767 0.00547134
internal_weight=249.22 161.259 87.961 154.39 50.1819 104.208 20.3416 83.8663 83.4557 80.5292 21.9801 83.2223 12.2325 69.5008 14.0512 2.23304 8.90932 6.86885 4.31586 10.5609 8.47799 32.6332 23.709 16.1635 9.7476 7.82556 4.82275 6.03758 4.54721 58.5491
internal_count=20769 14311 6458 13694 5726 7968 1093 6875 6257 5286 1997 6788 1128 5653 904 278 447 617 443 902 774 3563 2507 1344 869 775 530 418 325 3289
cat_boundaries=0 4 9 13 17
cat_threshold=2281709570 71631149 206569541 1619536909 806257160 2721603600 1611154464 438439936 1 272924704 3286016 2181832736 2359296 637665284 2156953616 537186432 90329360
is_linear=0
shrinkage=0.05


Tree=6
num_leaves=31
num_cat=4
split_feature=22 7 0 13 7 6 13 22 1 8 14 16 9 21 9 8 4 9 14 2 3 7 22 9 9 22 2 8 11 8
split_gain=14.6693 8.54952 7.45023 4.76589 4.13392 3.27284 3.51272 3.10872 3.00459 2.78237 2.92342 2.75166 3.50588 2.73745 2.73488 3.13222 2.68828 2.8914 2.86414 2.85065 2.60931 2.42047 3.00606 5.5771 2.36883 5.1767 3.1905 3.21774 3.56843 5.24686
threshold=0 0.62500000000000011 0.62634989633990801 0.10004077065895546 1.135 12.235150000000003 0.10080972987149218 1 0.01838495299109744 1.2250000000000003 0.95861872146118732 5.5000000000000009 6.1151454139592563 0.15524256651017218 -0.76957686666261893 1.1250000000000002 21.318400000000004 2.0567586476196613 0.57719393282773568 -0.34583762226585762 4831276.447900001 0.9850000000000001 2 -6.8785954107055005 -2.5135277428412643 3 -0.41893116896806148 1.2950000000000002 0.10638297872340428 1.405
decision_type=9 2 2 2 2 8 2 9 2 8 2 2 2 2 2 8 2 2 2 2 2 2 9 2 2 9 2 8 2 10
left_child=4 3 5 14 9 6 21 -4 -8 10 -1 12 13 -9 -2 -16 18 -18 19 -6 -15 22 -3 -24 -23 26 -26 -28 29 -29
right_child=1 2 7 -5 16 -7 8 11 -10 -11 -12 -13 -14 20 15 -17 17 -19 -20 -21 -22 24 23 -25 25 -27 27 28 -30 -31
leaf_value=0.037954776757959711 0.090380919349046629 0.015729458455671693 -0.0096283663926351286 -0.0036491530145812859 0.081588821335572478 0.013091947263446894 0.046148305449088392 0.062645503671581393 -0.033720774719813322 0.082225017743746423 -0.037640660212661693 0.10099088927824401 -0.048248293412896347 0.024555373440501901 -0.037805240331610625 0.086679083391432474 0.016955221944117711 0.091645901538235777 -0.0050583728740654851 0.015320652481508826 -0.038198449243239355 -0.036539411791663139 0.067767214260244041 -0.036771210161669239 0.10355906154650588 -0.025942214395906001 -0.0088829786669257626 0.10336474207897106 0.079962806820353907 -0.035006343141155805
leaf_weight=14.159712739792335 3.8132685942609612 5.2396093427814492 11.5030317998265 4.3642611889694081 1.7338923492039864 8.7155495621931021 3.7004630339600189 4.1170504795153304 1.7270955817590161 3.2141910484670992 1.4058889785968478 1.1159369382788131 1.7073028116694491 13.088701366727703 1.1143632336532916 0.92456571314060898 3.3508327136957936 2.1126912472830242 20.9483143662084 25.335796567400095 1.8964891858114459 25.491949091584274 1.4490047938552688 10.676058613470628 0.77684099981641708 49.318250663852631 20.002079846360854 0.92711861591935418 2.4079191566740974 2.6243388636455904
leaf_count=644 128 236 1675 242 94 1086 379 272 129 257 38 145 244 2329 70 75 354 226 1813 2230 146 1524 68 503 22 3940 1415 66 151 268
internal_value=-0.000318439 -0.00804586 -0.0112257 0.0358963 0.0172972 -0.0165273 -0.0186034 0.00987647 0.0207333 0.0398725 0.031127 0.0168265 0.0203991 0.0265346 0.0653871 0.018643 0.0126043 0.0458374 0.008823 0.0195653 0.0166134 -0.0203989 -0.0031481 -0.0133051 -0.0233487 -0.0189276 0.0027023 0.00072526 0.0329744 0.00111584
internal_weight=248.963 176.701 166.485 10.2165 72.2613 133.056 124.341 33.4285 5.42756 18.7798 15.5656 21.9255 20.8095 19.1022 5.8522 2.03893 53.4815 5.46352 48.018 27.0697 14.9852 118.913 17.3647 12.1251 101.548 76.0565 26.7383 25.9615 5.95938 3.55146
internal_count=20769 15113 14598 515 5656 9787 8701 4811 508 939 682 3136 2991 2747 273 145 4717 580 4137 2324 2475 8193 807 571 7386 5862 1922 1900 485 334
cat_boundaries=0 4 9 13 17
cat_threshold=2348941314 71631212 139460677 1640508429 35440256 278531216 1392902176 268501280 1 262304 131073 2147747872 1048576 572268716 278037520 872448256 369479936
is_linear=0
shrinkage=0.05


Tree=7
num_leaves=31
num_cat=3
split_feature=22 7 0 7 13 22 9 6 22 2 21 0 21 4 2 9 9 8 9 16 9 9 1 10 10 9 1 21 19 13
split_gain=13.1786 6.88756 6.62751 4.72886 4.36037 3.66172 3.85188 3.06802 2.85311 2.64946 3.76083 3.59505 4.6579 2.60478 3.27128 3.86953 2.6377 2.71904 2.56923 2.52245 2.93103 2.46956 3.30402 2.35602 2.34537 2.11966 2.09951 2.08725 2.75264 2.55659
threshold=0 0.62500000000000011 0.62634989633990801 1.135 0.10004077065895546 1 6.1151454139592563 11.811100000000001 2 -0.19247576748220088 0.20112359550561801 0.322497267942286 0.23223304473304476 21.318400000000004 -0.28209439348842857 -1.711665835394077 2.0567586476196613 2.0450000000000004 -0.2196355005837036 5.5000000000000009 6.233158407865159 -1.4219443468534596 0.099572495971684508 0.099645177264486726 0.095792468960340355 -3.8953600809270901 0.00080929903728077523 0.14017543859649126 3.5000000000000004 0.10022831169237346
decision_type=9 2 2 2 2 9 2 8 9 2 2 2 2 2 2 2 2 10 2 2 2 2 2 2 2 2 2 2 2 2
left_child=3 4 5 9 21 6 7 -3 -4 10 -1 12 -11 14 15 -5 -15 -18 -14 20 -10 25 -23 -17 -13 -2 -9 29 -29 -16
right_child=1 2 8 13 -6 -7 -8 26 19 11 -12 24 18 16 27 23 17 -19 -20 -21 -22 22 -24 -25 -26 -27 -28 28 -30 -31
leaf_value=0.10359704867712188 0.049278275008106484 -0.0049578631666379967 -0.0094479550439627823 0.09868044668089701 -0.0067264885691698667 -0.019270817708161986 0.1156448701291069 0.0095761111231697175 0.02458152549768795 -0.013956349792683688 -0.0032456833830479962 0.0731826854229886 0.13207558690991347 0.014991901967490695 0.011189314167079354 -0.01749757889175858 0.11674070687020677 -0.015632092753832441 0.01029693666110033 0.09561086982768803 -0.046792084545088271 -0.037734007568351796 0.07966812259999427 0.06163685885195256 0.015474089971419226 0.12783594980886007 0.10106573583171929 -0.031114209100434366 0.0038142682187164816 0.081990513764825482
leaf_weight=3.0167960526722224 1.7894791799413101 24.837010313879894 11.276906332517092 1.9828471521757647 4.2548961593678314 102.35725323288017 0.74440547611316432 1.3212413601404898 19.084012316358603 6.3034348611495599 1.1329436511421702 5.1964876009219614 0.97786180990713945 3.2868004634278796 6.5728541088270145 2.4301539700376078 1.6691762390109519 0.50539340929901744 0.77746335170034775 1.1397703266704926 1.555672809613468 1.2006077654012428 1.1965231307995479 1.5344594178931741 2.6628498281157817 1.6508138531143854 1.1935170045947101 7.0418748988103976 28.347300166852925 1.5818880602965775
leaf_count=121 57 1688 1649 160 236 7693 63 137 2742 158 91 326 81 351 293 102 139 84 34 145 227 78 85 47 160 52 124 369 3190 87
internal_value=-0.000355311 -0.0078654 -0.0107927 0.0159463 0.0317683 -0.01586 0.00252582 0.000370635 0.00920465 0.0388451 0.0744273 0.029569 0.0061032 0.0104859 0.00686974 0.0416523 0.0432558 0.0859758 0.0781378 0.0159001 0.0192019 0.0598272 0.020867 0.0131305 0.0536302 0.0869739 0.0529975 0.00211895 -0.00313594 0.0249236
internal_weight=248.623 173.602 163.51 75.0206 10.0923 130.453 28.0962 27.3518 33.0564 20.0678 4.14974 15.9181 8.05876 54.9527 49.4914 5.94746 5.46137 2.17457 1.75533 21.7795 20.6397 5.83742 2.39713 3.96461 7.85934 3.44029 2.51476 43.5439 35.3892 8.15474
internal_count=20769 14976 14468 5793 508 9705 2012 1949 4763 971 212 759 273 4822 4248 309 574 223 115 3114 2969 272 163 149 486 109 261 3939 3559 380
cat_boundaries=0 4 8 13
cat_threshold=2348810242 71631213 139460677 1640508429 571113600 414320656 277121026 69271808 35440256 278531216 1392902176 268435744 1
is_linear=0
shrinkage=0.05


Tree=8
num_leaves=31
num_cat=3
split_feature=22 7 0 13 7 22 9 6 22 3 2 8 2 3 21 17 3 8 13 0 11 11 8 2 14 4 2 18 2 6
split_gain=12.1044 6.32958 5.48168 4.30365 3.98315 3.53025 3.26522 2.67303 2.5955 2.47629 2.54299 3.85796 2.33621 3.75545 4.48381 2.97869 2.66956 2.36333 2.31689 2.26855 2.21229 2.18241 2.1672 2.15927 3.17049 3.10436 2.29736 3.71078 3.20254 3.21818
threshold=0 0.62500000000000011 0.62634989633990801 0.10004077065895546 0.65500000000000014 1 6.1151454139592563 11.811100000000001 2 194236.14945000003 0.32155716403020079 1.0050000000000001 -0.21043128039801792 378333.36685000005 0.19017480409885476 60.500000000000007 276265.65065000003 0.65500000000000014 0.1009091660467807 0.045655835532195654 0.092269831289845047 0.070686193048054277 1.0850000000000002 -0.41893116896806148 0.62527213352685063 5.9052500000000014 0.049638871506049183 16.500000000000004 0.094081299636467067 7.2038000000000011
decision_type=9 2 2 2 2 9 2 8 9 2 2 10 2 2 2 2 2 8 2 2 2 2 8 2 2 2 2 2 2 10
left_child=4 3 5 20 -1 6 7 21 -4 19 12 -12 13 16 15 -15 -11 -14 23 -6 -2 -3 -5 24 25 -7 -25 -28 -29 -30
right_child=1 2 8 22 9 18 -8 -9 -10 10 11 -13 17 14 -16 -17 -18 -19 -20 -21 -22 -23 -24 26 -26 -27 27 28 29 -31
leaf_value=0.064487551269454782 0.075447709364560883 0.029381369847816863 -0.0093412656894655052 -0.033833578159974613 -0.068972745519707251 -0.021213022082555863 0.1046465194834188 0.049696358090259067 0.014475237643072068 0.0077177279760659431 0.0033424881607153501 0.063762094271073572 -0.030790671021296304 0.08486493586381548 -0.023516393664694917 0.010176786198801767 0.097550060175319947 0.0072978624531368679 0.020161471120752325 0.10603129502882269 0.0068513519542689879 -0.010650202119527838 0.042728202164524158 -0.027020618832803569 -0.034202045459209934 0.11642259269884631 -0.019417766814961671 0.10289604737420482 -0.040657394515783207 0.055472968698098535
leaf_weight=4.2352841134394899 4.4285364171725927 4.0710085048509113 11.421259020181003 2.8175696985387759 0.21830832483568841 0.65790437071138486 0.77994495906155847 2.5456446181605079 21.677240709270244 1.2109210010869937 4.936947055972011 5.6837983912458441 4.5458148573483319 2.3443756511681197 4.92135762926155 3.1003456042803919 2.6086043652632327 39.125352031821983 3.4501089254287356 1.2202550203454761 1.6000590108197057 20.799961419455073 1.3755529998547613 74.564263284519825 1.5255748296489242 1.0858735375901742 16.684800488905939 1.1642027179077548 1.7523058544163634 1.7303168729099523
leaf_count=243 205 266 1697 140 85 55 61 260 3088 102 333 393 436 56 259 65 109 3305 328 313 65 1440 95 5207 75 80 1469 101 227 211
internal_value=-0.000405495 -0.00755541 -0.0103698 0.030184 0.0153356 -0.0149693 0.00278077 0.000897167 0.00780803 0.0145516 0.0131878 0.0356766 0.00905948 0.0266883 0.0110721 0.0423358 0.0690701 0.00333315 -0.0183312 0.0794737 0.0572414 -0.00409763 -0.0087175 -0.021519 0.0184398 0.0644945 -0.0228813 -0.0084123 0.0311037 0.00710431
internal_weight=248.283 174.132 163.91 10.2217 74.1514 130.812 28.1966 27.4166 33.0985 69.9161 68.4775 10.6207 57.8568 14.1856 10.3661 5.44472 3.81953 43.6712 102.615 1.43856 6.0286 24.871 4.19312 99.1652 3.26935 1.74378 95.8959 21.3316 4.64683 3.48262
internal_count=20769 15070 14565 505 5699 9780 2027 1966 4785 5456 5058 726 4332 591 380 121 211 3741 7753 398 270 1706 235 7425 210 135 7215 2008 539 438
cat_boundaries=0 4 8 13
cat_threshold=2281701382 205848940 139460677 1640508429 638222464 280102928 277121026 69271808 102549120 10095760 1392906272 268501280 1
is_linear=0
shrinkage=0.05


Tree=9
num_leaves=31
num_cat=2
split_feature=22 7 22 0 7 13 0 4 17 5 18 0 5 0 9 11 0 11 11 17 18 21 1 8 7 21 6 5 20 13
split_gain=11.1216 7.4392 6.40047 4.44774 3.64029 3.54529 3.54315 3.07685 4.21144 3.78882 3.9277 3.84573 3.06438 2.93287 2.91925 3.69273 2.95219 2.86903 2.56073 4.09096 2.99222 2.7255 3.6836 2.65841 2.72978 2.4923 2.65651 2.45961 2.45065 3.10478
threshold=0 0.58500000000000008 1 0.61028506258204518 1.5450000000000002 0.10020188434445333 0.029805789926059461 12.992100000000002 27.500000000000004 124204360.88000001 6.5000000000000009 0.092552333247690521 514933539.66000003 0.01735965823870304 -5.2021176346199125 0.10728075836086039 0.01735965823870304 0.11884304027952074 0.11454903012425137 88.500000000000014 8.5000000000000018 0.17595459236326114 0.045356206463223699 0.74500000000000011 1.0350000000000004 0.20662287903667217 12.990550000000001 62958863.500000007 0.16736694677871153 0.10115274732575909
decision_type=9 2 9 2 2 2 2 2 2 2 2 2 2 2 2 2 2 2 2 2 2 2 2 10 2 2 10 2 2 2
left_child=3 -2 4 14 18 12 -7 8 -4 10 -10 27 -6 -9 15 16 -1 28 20 -20 -3 -22 23 -23 -25 -8 -27 -12 -13 -30
right_child=1 2 7 -5 5 6 25 13 9 -11 11 17 -14 -15 -16 -17 -18 -19 19 -21 21 22 -24 24 -26 26 -28 -29 29 -31
leaf_value=0.11285363024850684 0.049164128242978514 0.0040959321656655672 0.10882788451571186 0.0084919899893735207 0.016474078989596738 -0.055914409311566965 0.072954276216267891 -0.049091382406904777 0.085939853185431625 -0.013756420146530016 -0.06646401619356139 0.10199135759242438 -0.024298634465908547 0.013682240881298664 -0.028969103709708691 -0.054380488967801524 -0.0003575497933635827 0.12914236981920071 0.027154694880618946 -0.068051154873976921 0.086589879827491667 -0.0052853112076874931 -0.026948438631998924 0.10161190371469314 0.040219308591904493 -0.019840706227394103 0.11197595633897371 -0.0018151343128284389 -0.0085238342194086381 0.15519455011775291
leaf_weight=1.1297188501117998 9.5683355785392887 3.9801124874596345 0.76732867889037848 11.550624192932899 8.834823065507285 0.91035993341627275 4.0870380383799727 1.9776537493682997 1.6517760299165924 72.183863247410272 1.8078360862411935 0.81965815629905492 9.6330176447622673 31.466682917104393 48.554855278466327 1.1554378058378842 1.1745299567114953 0.76238143366413158 5.2890349734510798 1.4343280583154863 4.2849775890593937 1.6500149441358027 1.7495932981975517 3.0178495601294912 4.5264320255973587 1.8165699012710521 0.48406987650582767 7.9019495288060426 3.2423085951616035 0.31798605392032175
leaf_count=66 436 265 552 2089 1063 59 216 93 205 4544 195 79 789 3361 3864 168 144 50 155 85 154 129 111 98 246 401 61 332 722 37
internal_value=-0.000385797 0.00591602 0.00388476 -0.0169138 0.0169062 0.00686579 0.0363696 -0.00274505 -0.00780575 -0.00881487 0.0127982 0.00466381 -0.00479339 0.00997027 -0.0258072 0.0185681 0.0551472 0.0396253 0.0334016 0.00684396 0.0426971 0.0527856 0.0395499 0.0522039 0.0647775 0.0495218 0.00789439 -0.0138519 0.0240438 0.0060986
internal_weight=247.731 184.166 174.598 63.5652 51.6982 25.7659 7.29804 122.899 89.4551 88.6878 16.5039 14.8521 18.4678 33.4443 52.0145 3.45969 2.30425 5.14233 25.9323 6.72336 19.209 15.2289 10.9439 9.1943 7.54428 6.38768 2.30064 9.70979 4.37995 3.56029
internal_count=20769 14438 14002 6331 3832 2589 737 10170 6716 6164 1620 1415 1852 3454 4242 378 210 888 1243 240 1003 738 584 473 344 678 462 527 838 759
cat_boundaries=0 5 9
cat_threshold=281036361 570970242 1091249192 2551316992 1 2348941312 67436904 139722820 1632183308
is_linear=0
shrinkage=0.05


Tree=10
num_leaves=31
num_cat=2
split_feature=22 7 22 4 0 5 0 2 21 21 21 19 8 15 8 9 6 7 7 13 14 13 7 14 9 0 9 13 4 10
split_gain=10.6083 6.96499 6.17136 3.50127 3.32666 2.72267 4.29619 3.79323 3.06953 3.29814 3.00673 2.70755 2.67478 2.61175 2.44286 3.52066 2.40679 2.56125 2.36593 4.03227 2.3928 2.30886 2.17611 3.79341 2.51163 2.10627 3.49434 2.09048 2.39071 2.26927
threshold=0 0.65500000000000014 1 18.056450000000002 0.61028506258204518 424134730.07500011 0.29384634073571458 0.037725228215326874 0.19264507422402163 0.10565476190476192 0.14424410540915397 3.5000000000000004 5.495000000000001 8.5000000000000018 1.175 1.4349965455066285 9.6151000000000018 1.6450000000000002 1.5450000000000002 0.10017006851910239 0.86391694725028068 0.1001049135265988 2.4750000000000005 0.43766891891891896 2.1678939692318826 0.44515765410089631 5.5170867134273225 0.10084033613445377 5.5186500000000009 0.074729185405341972
decision_type=9 2 9 2 2 2 2 2 2 2 2 2 8 2 8 2 10 2 2 2 2 2 2 2 2 2 2 2 2 2
left_child=4 14 5 12 27 7 16 8 9 -3 -8 -11 -4 25 15 21 -7 -18 20 -20 -12 -2 23 24 -10 26 -5 29 -29 -1
right_child=1 2 3 13 -6 6 10 -9 22 11 18 -13 -14 -15 -16 -17 17 -19 19 -21 -22 -23 -24 -25 -26 -27 -28 28 -30 -31
leaf_value=-0.0065825670323521992 0.061460555441384679 -0.0063564668678063006 -0.0079473822263017701 -0.011785396408136944 0.0049693077091372273 -0.028759252910911994 0.061447200028563513 -0.0071708377682120758 -0.017864241221555596 0.024047446112287874 0.060411829276274302 0.078767514227616006 0.089555657184970064 -0.053987167539253846 0.079799592010241061 -0.028390224800995418 0.051842227644853835 -0.030075881086826586 -0.028553731812074785 0.05854650573700973 0.0053103930976522934 0.0058183628247560487 -0.026157430319457744 0.11283450509476547 0.084926660869094506 0.039150586116414178 0.12498729018778872 -0.048900391940754948 0.066404137899882268 -0.03549607043409303
leaf_weight=8.498946632547506 5.6915068488201772 1.9586326720577805 105.5204443941422 5.2788431328943863 9.7216854084539417 8.9915435725646429 3.9876278057397156 5.5008847853321958 2.5355253883568589 3.1059841693531771 3.7754239964551015 8.3055079480457916 0.70810292984943046 1.1677011316608048 3.0020487125263751 2.15192196142499 2.3171212825695018 1.6222008346479695 5.5771252854625857 1.7443764027227073 4.1206721345993813 2.7725624041222829 2.3846642754944014 1.115525813000289 0.77619576214601682 8.790569012052762 0.51230954728771383 0.71496482998648403 1.2109568836284266 33.6734043921469
leaf_count=760 190 67 8406 585 1851 384 143 901 291 89 204 390 40 92 208 106 73 127 647 248 145 120 446 196 69 1035 16 73 111 2756
internal_value=-0.000378522 0.00523007 0.0028892 -0.00372989 -0.0181363 0.0149181 0.00779859 0.0296351 0.0396671 0.0535855 0.0227996 0.0638738 -0.00729744 0.0179647 0.0399767 0.0287153 -0.0144812 0.0181086 0.0126723 -0.00780176 0.0316565 0.0432339 0.0123486 0.0330892 0.00622772 0.0237266 0.000314087 -0.0273427 0.0235993 -0.0296692
internal_weight=247.235 193.415 179.797 121.978 53.82 57.819 32.1361 25.6829 20.182 13.3701 19.2052 11.4115 106.229 15.7494 13.618 10.616 12.9309 3.93932 15.2176 7.3215 7.8961 8.46407 6.81191 4.42725 3.31172 14.5817 5.79115 44.0983 1.92592 42.1724
internal_count=20769 15218 14594 10174 5551 4420 1971 2449 1548 546 1387 479 8446 1728 624 416 584 200 1244 895 349 310 1002 556 360 1636 601 3700 184 3516
cat_boundaries=0 5 9
cat_threshold=281036361 570970242 1091249208 402784768 1 2348941314 201654632 139460676 1707680781
is_linear=0
shrinkage=0.05


Tree=11
num_leaves=31
num_cat=2
split_feature=22 7 22 4 16 0 8 8 9 4 11 2 2 5 7 15 21 3 2 20 3 5 10 13 6 0 8 8 5 8
split_gain=9.65128 6.22945 5.49311 3.37319 3.32061 3.07801 2.58276 2.43215 2.63408 3.66502 4.15736 2.64089 2.63511 2.3379 2.42331 2.88004 2.29972 2.851 2.81392 2.5622 2.35471 3.1076 2.57942 2.25797 2.23693 2.23417 2.19775 2.17049 2.94584 2.15602
threshold=0 0.65500000000000014 1 22.466400000000004 5.5000000000000009 0.61028506258204518 3.3250000000000006 2.2550000000000003 2.1678939692318826 5.0437500000000011 0.11973106934042524 -0.18884610257853343 0.32155716403020079 3084259100.4900002 1.1450000000000002 5.5000000000000009 0.19308213716108455 523162.21910000005 -0.05240668470518272 0.29008882655446477 780991.8502000001 404335306.4550001 0.10331928437767787 0.10022831169237346 6.2517500000000004 0.72088099258307492 3.6650000000000005 0.81500000000000006 660781947.68000019 1.175
decision_type=9 2 9 2 2 2 8 10 2 2 2 2 2 2 2 2 2 2 2 2 2 2 2 2 10 2 10 8 2 8
left_child=5 29 7 4 6 -1 -4 8 13 -10 11 -11 -13 14 15 27 17 18 19 -16 -19 -22 24 -20 -23 -14 -9 -3 -29 -2
right_child=1 2 3 -5 -6 -7 -8 26 9 10 -12 12 25 -15 16 -17 -18 20 23 -21 21 22 -24 -25 -26 -27 -28 28 -30 -31
leaf_value=-0.026385034438077909 0.027117699268870879 -0.0037033680339212888 -0.0075219088859054461 0.030562214027047487 0.08611323692683287 0.0047099483035210488 0.065273325636293664 -0.049297883127272332 0.11901418171292338 0.070807228251076534 0.090897368449785243 -0.011103028121319629 0.1271248725802786 -0.019729910093250237 0.1026395882051484 0.1070593144867686 -0.0080057358356230256 -0.022972563899933299 -0.054642580663749121 0.028234987690113168 0.082937927702664449 -0.051524667139812165 0.056357804981194748 0.066593877535295887 0.026565316783044482 0.014438803739980677 0.072935746783399452 0.019977670485349524 0.10686533816171975 0.074848585984225807
leaf_weight=43.439029392402674 10.674676975310202 3.1908187777242727 111.62541220464554 6.7036890234561204 0.97141521867000236 9.7435938896073662 1.2319260197101005 2.301446211609004 1.2546444548068709 1.795688176499836 2.2478639369686979 6.5037598624888187 0.69655695018126085 5.008036679098395 2.4705501698535812 1.3415967281855499 11.270990125860299 4.3429038769184398 1.0104011045332502 2.176296025939223 1.6906837348092407 2.1291759269439514 1.7020975807382681 0.61954218677486483 1.6109084871376707 1.1935877245633433 0.43766961737826182 2.7468073292781554 1.5127607507142782 3.0395560303776969
leaf_count=3700 416 159 8933 896 160 1851 148 245 142 67 111 568 33 146 107 54 1800 151 110 96 74 78 51 50 65 104 65 138 43 208
internal_value=-0.000370034 0.00495803 0.0027365 -0.00360595 -0.00593499 -0.0174138 -0.00672729 0.0139006 0.0184766 0.0375666 0.0293504 0.015773 0.0039996 0.0123729 0.0166243 0.0396213 0.00965795 0.0208725 0.0479657 0.0677931 0.00605361 0.0237264 0.00533163 -0.00856055 -0.0178902 0.0559659 -0.0297668 0.0274777 0.0508353 0.0376965
internal_weight=246.684 193.501 179.787 120.532 113.829 53.1826 112.857 59.2548 56.5157 13.6921 12.4375 10.1896 8.3939 42.8236 37.8155 8.79198 29.0235 17.7526 6.27679 4.64685 11.4758 7.13287 5.44218 1.62994 3.74008 1.89014 2.73912 7.45039 4.25957 13.7142
internal_count=20769 15218 14594 10137 9241 5551 9081 4457 4147 1025 883 772 705 3122 2976 394 2582 782 363 203 419 268 194 160 143 137 310 340 181 624
cat_boundaries=0 5 9
cat_threshold=281036361 570970242 1091249208 402784768 1 2348941314 67436904 139493444 1707680781
is_linear=0
shrinkage=0.05


Tree=12
num_leaves=31
num_cat=2
split_feature=22 7 22 2 7 15 0 0 1 4 5 7 1 3 0 2 9 0 5 18 9 14 21 7 10 10 9 20 18 3
split_gain=8.6867 5.52522 4.77111 3.152 3.14238 3.90912 3.64485 3.23447 2.84827 2.86412 3.65473 4.33719 4.21031 2.82254 2.71647 2.48367 2.47386 2.42236 2.40452 2.25133 2.78523 2.69399 2.20236 3.68917 2.14327 3.8434 2.18746 2.08265 2.0392 2.2899
threshold=0 0.75500000000000012 1 -0.47634589083675244 1.8650000000000004 19.500000000000004 0.021400317277347265 0.072819009698607967 0.1001478216787647 15.273150000000003 124204360.88000001 1.5450000000000002 1.0000000180025095e-35 523162.21910000005 0.0086968492034631764 -0.030478718090524267 1.7805049838825917 0.61028506258204518 1258337203.3850002 19.500000000000004 7.1820302681990471 0.79329085457271376 0.20722186076772939 1.6250000000000002 0.092908668435381245 0.090097206389952014 -2.6896799851443771 0.12066779374471683 15.500000000000002 616831.55570000014
decision_type=9 2 9 2 2 2 2 2 2 2 2 2 2 2 2 2 2 2 2 2 2 2 2 2 2 2 2 2 2 2
left_child=17 18 4 -4 13 6 -6 -8 9 10 11 24 16 15 -14 22 -13 -1 -2 20 -11 -21 -3 -24 25 26 -5 -12 29 -9
right_child=1 2 3 8 5 -7 7 28 -10 19 27 12 14 -15 -16 -17 -18 -19 -20 21 -22 -23 23 -25 -26 -27 -28 -29 -30 -31
leaf_value=-0.025364539211670586 0.02484653927019392 0.083777018754486413 0.10085990860654333 0.077838692457658329 -0.055915552830335315 -0.066419386772557057 0.060195136576156383 0.038228018927409922 0.07254983437392673 -0.00081914245183472558 -0.045888654784334945 0.060586085098482539 0.086175220016446064 0.014801844679498561 -0.025933483687331435 0.010870635749698565 0.17037566202982021 0.0029852704678190343 0.091276151170924871 0.013109041291916977 0.088654306325034737 0.11216514625290402 -0.041532648631426659 0.10545797152562697 -0.038710317644109378 0.11062520587043008 -0.046205944623141683 -0.012596683605719078 -0.022226873522748894 -0.003660783901690964
leaf_weight=41.699531705386619 18.506940067803985 4.3919564068361296 0.70053925556560059 0.4589634948214899 2.1903730690747372 2.0505667342586085 2.9738525900281898 5.7554062205715599 1.1553304613084368 18.170418022560533 5.0491016558302837 2.8403215389126406 0.70189362353264106 30.400603812270354 2.3475793540236154 3.2681981753690206 0.62621193094189198 9.1967003634055313 1.4704439846216235 1.8122535621732816 0.91351417098390086 1.1048619746006805 1.0581777713662885 0.71548986084145827 3.876700454036424 0.80902043707260407 1.5751473568617893 67.4816582197586 5.2888085614251841 7.5325797439304409
leaf_count=3606 893 216 64 110 131 89 208 808 109 1924 95 255 48 1260 489 422 78 1791 35 322 42 153 165 45 378 56 188 5266 778 745
internal_value=-0.000360473 0.00458767 0.00198268 -0.00445335 0.0116387 -0.000185056 0.00553576 0.0117816 -0.00553953 -0.00637669 -0.0105051 0.0136564 0.0427225 0.022216 -0.000129555 0.0461083 0.080419 -0.0169179 0.0297361 0.00971712 0.00346379 0.0506267 0.0647867 0.0177627 -0.0145281 0.0184452 -0.0182173 -0.0149142 0.00403132 0.0144825
internal_weight=246.123 195.227 175.25 109.624 65.626 25.7916 23.741 21.5506 108.923 107.768 85.7666 13.2358 6.51601 39.8344 3.04947 9.43382 3.46653 50.8962 19.9774 22.001 19.0839 2.91712 6.16562 1.77367 6.71983 2.84313 2.03411 72.5308 18.5768 13.288
internal_count=20769 15372 14444 9577 4867 2759 2670 2539 9513 9404 6963 1602 870 2108 537 848 333 5397 928 2441 1966 475 426 210 732 354 298 5361 2331 1553
cat_boundaries=0 5 9
cat_threshold=281036361 570970242 1091249208 402784256 1 2348941440 201654568 206864448 1623796749
is_linear=0
shrinkage=0.05


Tree=13
num_leaves=31
num_cat=4
split_feature=22 7 22 9 8 13 22 4 2 0 15 9 6 18 2 10 8 3 1 2 22 11 3 7 4 7 17 4 2 5
split_gain=7.79807 5.00863 4.46572 3.19395 3.10355 4.25068 3.75039 3.29008 3.22958 3.1643 3.11141 3.83295 3.02017 2.93769 4.21284 2.5825 2.56983 3.46541 2.53928 3.72419 2.52595 3.01984 3.04647 2.92704 2.47803 2.43263 3.31436 2.25745 2.09996 2.09834
threshold=0 0.58500000000000008 1 -2.4683830100816868 0.89500000000000013 0.10054496317415053 2 18.374250000000004 -0.29481535311860219 0.91376669119815235 4.5000000000000009 -1.9809998395764803 12.39315 8.5000000000000018 -0.26640438781495296 0.11171015837275873 0.97500000000000009 416368.31575000001 0.027434333023250494 -0.33731075784674835 3 0.09884020029442063 484360.87070000003 1.1650000000000003 6.971350000000001 2.8350000000000004 110.50000000000001 11.916300000000001 0.077227049693412667 137098669.86000004
decision_type=9 2 9 2 8 2 9 2 2 2 2 2 8 2 2 2 10 2 2 2 9 2 2 2 2 2 2 2 2 2
left_child=12 -2 -3 20 5 7 10 9 -7 13 11 -6 18 14 -5 -8 17 -13 -1 -20 21 -4 23 -23 -18 29 -27 -17 -14 -26
right_child=1 2 3 4 6 8 15 -9 -10 -11 -12 16 28 -15 -16 27 24 -19 19 -21 -22 22 -24 -25 25 26 -28 -29 -30 -31
leaf_value=-0.027270043259628746 0.039399913727778492 0.012584948768382481 0.046702665190409297 0.077653303362327911 0.1034324103139356 0.15983199678568605 -0.020524941644660843 0.042028472197606789 0.022695528151500728 0.057168553589455343 -0.0059550077067666192 0.12710460810700114 0.055116147402035964 -0.032126924112408327 -0.016270427474181642 0.10170396952967709 -0.012788554793798158 0.029971506548205459 0.13295284415619818 -0.0062143968957893963 -0.022861191330955502 0.12325752699296977 -0.031180960218625327 -0.0082857880457589111 0.12955105797663188 -0.02271242252147132 0.14330859176441255 -0.011310619375218892 -0.011129313469585313 0.032147830679928276
leaf_weight=40.50715540590496 9.9200448348041714 62.60544622378665 4.0140757340397553 1.5616873447779225 1.5827914711716449 0.53543275188394579 15.935500294563214 2.3127531427919967 2.1662817203051778 1.2757916920331016 8.9855796182777095 1.2868385885332703 2.2435842024277965 21.944418971782426 5.0693101025983855 0.85268494478792323 5.4944635607127053 3.2058372398489396 0.50613363302100722 9.5765122849665527 17.891498524842586 0.72985922000154335 4.4035958939541615 1.0054962565758243 0.57953382010009846 3.5502009726321684 0.32842638904912735 0.91712005156807663 2.5628119442541788 12.044832092756293
leaf_count=3898 449 4794 182 66 92 15 1728 370 284 117 853 99 357 1506 592 37 467 192 37 1089 1128 49 193 97 68 593 28 71 482 836
internal_value=-0.000353133 0.00457039 0.00290737 -0.00305149 0.00129698 -0.0103636 0.00872079 -0.0154235 0.0498736 -0.0198746 0.0154767 0.0278496 -0.0153177 -0.0233143 0.00584985 -0.00904978 0.0233335 0.0577934 -0.0216813 0.000771589 -0.0180372 0.00653941 -0.0090698 0.047039 0.0162956 0.0259787 -0.00865444 0.0431394 0.0197935 0.0366192
internal_weight=245.596 190.2 180.279 117.674 89.6295 34.8657 54.7638 32.164 2.70171 29.8512 37.0585 28.0729 55.3962 28.5754 6.631 17.7053 26.4901 4.49268 50.5898 10.0826 28.0445 10.153 6.13895 1.73536 21.9975 16.503 3.87863 1.7698 4.8064 12.6244
internal_count=20769 14906 14457 9663 8014 2950 5064 2651 299 2281 3228 2375 5863 2164 658 1836 2283 291 5024 1126 1649 521 339 146 1992 1525 621 108 839 904
cat_boundaries=0 5 9 13 17
cat_threshold=281036361 570970242 1091241016 2551185472 1 2348941314 67436904 139722821 1707680781 1646010404 138544133 109093122 2382336 34644096 140511237 8407040 2097280
is_linear=0
shrinkage=0.05


Tree=14
num_leaves=31
num_cat=2
split_feature=22 7 22 4 5 7 5 13 4 2 18 11 4 18 7 2 0 21 11 2 6 11 9 2 16 17 9 9 3 3
split_gain=7.31892 4.68887 4.19182 3.69047 3.3629 3.12 3.11662 3.83432 2.84259 2.75229 2.6559 2.95408 2.52207 3.29826 4.44281 2.51135 2.41712 2.29908 2.2729 2.91133 2.76696 2.35294 2.35759 2.24318 2.22303 2.17462 1.99327 3.16961 2.44758 3.79309
threshold=0 0.9850000000000001 1 12.992100000000002 126022047.79000001 1.6150000000000004 510061927.22000009 0.099903938520653171 9.6010500000000025 0.039873745346155183 6.5000000000000009 0.11618528108512177 2.5607500000000005 11.500000000000002 0.31500000000000006 -0.4359122999964522 0.29384634073571458 0.11602982292637466 0.098696974262320852 -0.09580133450837218 1.7956000000000003 0.11154985192497538 -2.0246284119559528 -0.33731075784674835 2.5000000000000004 92.500000000000014 1.5826916426998963 0.080582060913803058 763597.31295000005 647085.64625000011
decision_type=9 2 9 2 2 2 2 2 2 2 2 2 2 2 2 2 2 2 2 2 10 2 2 2 2 2 2 2 2 2
left_child=18 8 6 4 5 -4 9 -8 12 24 -7 -12 13 -2 -15 -6 17 -5 19 23 -21 -20 -23 -1 26 -24 27 28 29 -3
right_child=1 2 3 16 15 10 7 -9 -10 -11 11 -13 -14 14 -16 -17 -18 -19 21 20 -22 22 25 -25 -26 -27 -28 -29 -30 -31
leaf_value=0.039868262713434417 0.06893237248498077 0.037477302780668569 -0.016442100869811089 0.048169486316339015 0.052157836609587706 0.14733479946024342 -0.034783192585008539 0.010112536552379446 0.044894287321630977 -0.0039779335140387416 0.0081018264979161436 0.093547600091158756 0.004455776845764879 0.072923517622456621 -0.051716744872319434 -0.018879955480248393 0.01878050724493821 -0.023614451576529999 -0.037415814989119105 0.086328360503839352 0.0031144423375584545 -0.046670017025558869 -0.0092488412479739841 -0.035399246430607448 -0.024234335972802327 0.050825335210062245 0.065538127242279878 -0.032349547818063484 0.085498449416855124 -0.068977890350989571
leaf_weight=1.124232655934853 3.9508505707341142 8.6845276096155075 5.4126794019618512 1.312838117399467 1.2722263355748555 0.48516345735451682 5.9300740220321968 24.015190606448655 8.925937398869662 6.342799121239735 4.8768062181750622 1.2762526418693481 22.257548860997936 1.2075730605353103 1.7526224284387124 56.348424522178505 19.719371806835717 7.4176359553352214 19.561558466345897 1.1012538279225754 10.755018987269038 3.0532040456128362 6.5639463874589037 8.2841054526262656 1.5265558765001532 1.955122542195795 4.9990705534427056 1.8429707409311209 2.2172944799500476 0.92597518948370883
leaf_count=102 172 614 588 45 33 207 488 1330 413 998 578 68 1066 68 115 4270 2373 781 1973 149 1540 334 733 616 207 118 338 250 153 49
internal_value=-0.000367596 0.0042699 0.000619969 -0.00552802 -0.0122878 0.0117325 0.0104317 0.00122182 0.020204 0.0247543 0.0347055 0.0258248 0.0126484 0.0390335 -0.000871379 -0.0173115 0.00908318 -0.01282 -0.0153146 -0.00563681 0.0108437 -0.0268436 -0.0089725 -0.0264053 0.0337779 0.00453816 0.0385213 0.0286419 0.0381454 0.0272203
internal_weight=245.099 192.7 154.606 98.1214 69.6716 12.0509 56.4845 29.9453 38.0945 26.5392 6.63822 6.15306 29.1686 6.91105 2.9602 57.6207 28.4498 8.73047 52.3984 21.2646 11.8563 31.1338 11.5723 9.40834 20.1964 8.51907 18.6698 13.6708 11.8278 9.6105
internal_count=20769 15204 13370 8943 5744 1441 4427 1818 1834 2609 853 646 1421 355 183 4303 3199 826 5565 2407 1689 3158 1185 718 1611 851 1404 1066 816 663
cat_boundaries=0 5 9
cat_threshold=281069129 570970242 1091241016 402653760 1 2281840642 470092072 138461252 1162372109
is_linear=0
shrinkage=0.05


Tree=15
num_leaves=31
num_cat=3
split_feature=22 7 22 4 17 0 20 4 13 13 4 6 0 15 7 15 9 22 20 10 2 8 8 9 11 9 4 2 9 7
split_gain=7.12558 4.29004 3.77942 2.79202 2.77842 2.63446 2.42774 2.30604 2.27364 2.259 3.42569 3.16626 2.36675 2.3196 2.20913 2.30413 2.27219 2.18918 2.17503 2.16242 3.20653 2.16183 2.84082 2.38443 3.47006 3.14453 2.64963 2.33307 2.27085 2.3114
threshold=0 0.9850000000000001 1 13.253050000000002 34.500000000000007 0.75648487390880448 0.31542898341744779 9.6010500000000025 0.1009091660467807 0.099509601548753226 8.7829000000000015 2.0959000000000008 0.13227222724382959 2.5000000000000004 0.39500000000000007 6.5000000000000009 0.40629771779951979 2 0.21806526806526808 0.074729185405341972 -0.33731075784674835 3.6650000000000005 2.2550000000000003 1.467441286646787 0.11973106934042524 4.8796644863462699 4.9876000000000014 -0.25644304332450674 0.080582060913803058 1.5250000000000001
decision_type=9 2 9 2 2 2 2 2 2 2 2 10 2 2 2 2 2 9 2 2 2 8 8 2 2 2 2 2 2 2
left_child=5 7 21 4 6 19 -4 14 9 10 11 -6 13 -13 16 17 -2 18 -16 20 -1 22 23 27 25 26 -25 28 29 -3
right_child=1 2 3 -5 8 -7 -8 -9 -10 -11 -12 12 -14 -15 15 -17 -18 -19 -20 -21 -22 -23 -24 24 -26 -27 -28 -29 -30 -31
leaf_value=0.11687130719009016 0.084342126393266922 0.084081240744176444 -0.06622317100813295 0.0075146232791662481 -0.060681990258758672 0.011869862005650891 0.08052304257700009 0.041124912158326782 0.025436067202482149 -0.017436493806511095 -0.045192571925164605 0.05061856181000618 -0.0051144823051567125 0.16082088452764659 0.061385640294719414 0.054734622004536784 0.0054473672433501454 -0.00801690856872205 0.0090135790001562421 -0.029251699676252452 -0.0091345817824554209 0.10306412520925826 -0.046100813757488132 0.10439415258541861 0.072278919225646887 -0.022852540846103012 0.022066483256895711 -0.00047242947011892975 -0.030916601364459909 0.014593224103922824
leaf_weight=0.53720651035751998 2.0154423419009535 2.3554488430921863 0.35274735874419505 28.136991903017901 0.56621523272246976 6.0460944525586546 1.4021675558956017 9.1178855532917975 3.7025827444166017 60.64811018518914 1.4628631708426523 1.0946469432877282 0.76564598816119644 0.84694535354756784 3.7333985915737884 2.3256235966316572 1.6678361097252858 15.719722238320278 4.2270691138747623 33.424054275703618 8.3919381296519102 0.63613437885886881 2.1432953100364491 1.0749059919596415 3.4495061638225755 3.7774965826448428 10.764102238952693 30.594252367364309 1.0990826492277106 2.4327179445810287
leaf_count=40 107 147 405 3123 104 1219 519 419 297 3977 234 62 205 70 99 147 88 796 204 3233 863 69 254 127 142 268 892 2501 47 111
internal_value=-0.0003594 0.00403633 0.000569067 -0.00527712 -0.0111027 -0.0157505 0.0510263 0.0191311 -0.0126808 -0.0148393 0.0184174 0.0468438 0.0693327 0.0986901 0.0123766 0.00724367 0.0486176 0.0025796 0.0148815 -0.0234122 -0.00155366 0.00972695 0.0103838 0.0125633 0.0268929 0.0168677 0.0295413 0.00507426 0.0338987 0.0487766
internal_weight=244.512 196.113 157.306 98.9789 70.8419 48.3993 1.75491 38.807 69.087 65.3844 4.73632 3.27345 2.70724 1.94159 29.6891 26.0058 3.68328 23.6802 7.96047 42.3532 8.92914 58.3269 57.6908 55.5475 19.066 15.6165 11.839 36.4815 5.88725 4.78817
internal_count=20769 15414 13554 8996 5873 5355 924 1860 4949 4652 675 441 337 132 1441 1246 195 1099 303 4136 903 4558 4489 4235 1429 1287 1019 2806 305 258
cat_boundaries=0 5 9 13
cat_threshold=281036361 570970258 1093338168 402653760 1 2281709570 470092072 138461252 1170762765 262144 7472161 2215903297 2099200
is_linear=0
shrinkage=0.05


Tree=16
num_leaves=31
num_cat=3
split_feature=22 7 22 9 22 20 6 2 5 13 7 11 6 4 7 9 5 9 8 6 18 3 2 4 1 9 2 10 2 6
split_gain=6.26933 4.64606 3.76811 3.44042 3.2351 2.78337 2.51095 2.46264 2.39359 2.95103 2.36849 2.49683 2.27957 2.2516 2.64743 2.68181 2.2042 2.46153 2.1691 2.12943 2.1284 2.21423 2.10087 2.08391 2.03171 2.27911 1.99528 1.92857 1.9608 1.87102
threshold=0 0.9850000000000001 1 0.48926958302458751 2 0.53308073447974358 10.105650000000002 -0.12423978230429848 520998912.71500009 0.099903938520653171 1.635 0.11560422008779168 11.421250000000002 9.6010500000000025 0.39500000000000007 0.40629771779951979 124204360.88000001 1.0559334150996527 0.89500000000000013 10.538150000000002 14.500000000000002 556798.18925000017 0.05591764730737548 6.6591000000000014 0.099727395231088659 -0.2196355005837036 -0.4359122999964522 0.10679901290636527 0.077227049693412667 1.9207500000000002
decision_type=9 2 9 2 9 2 10 2 2 2 2 2 8 2 2 2 2 2 10 10 2 2 2 2 2 2 2 2 2 8
left_child=12 13 8 5 6 26 16 -6 -3 -10 -11 -12 24 14 15 -2 17 -5 -18 -8 -16 -22 -23 -19 -1 -26 -4 28 -14 -20
right_child=1 2 3 4 7 -7 19 -9 9 10 11 -13 27 -15 20 -17 18 23 29 -21 21 22 -24 -25 25 -27 -28 -29 -30 -31
leaf_value=-0.023619587141626569 0.090468189555248602 0.022571303421669828 0.053610922982172231 0.11647431040229728 -0.044669540491971568 0.088879572772300214 0.11743806843650938 -0.0029611963087247586 -0.032014838749749579 0.024257717667097431 -0.023994199399210613 0.038640279979979819 0.065803607343502879 0.041418070308089791 0.016875293518154821 0.0051713273547479739 -0.027699748085169382 -0.017816582876693264 0.084979977507094837 0.0325675687843942 -0.048032883461466114 -0.019999672327256593 0.045336064575027125 0.089561199131036592 0.093251652096509111 -0.019656799003530411 -0.016137118098913366 -0.056112361017636461 -0.0038191018809372855 0.0074038811904691268
leaf_weight=42.01505195322104 2.0575868849541155 26.243607053007537 1.0440593454493399 0.924648245256669 5.6146315764962642 0.65346358116740688 0.84601980538147259 9.5739784361073301 5.3244511955177414 11.958245081556145 6.9598113383497928 2.0626713564436443 1.8966667501614285 8.9877229901308038 17.832457279092477 1.6689897321696632 4.5656341036248049 1.3523656319784367 0.82034920938060629 5.8468515904629044 3.0090353481774041 3.0944002376883191 2.0425064388546161 0.67856434373163654 0.80388166106525449 1.0065895776865676 57.282524349592528 0.80312289978353835 2.1663496198777921 14.795323577991809
leaf_count=4310 105 2525 89 95 304 55 59 1379 457 402 648 118 298 416 751 88 404 165 92 656 302 78 110 135 80 132 4586 156 369 1405
internal_value=-0.000366715 0.0037823 0.000141428 -0.00528549 0.00461555 -0.0137389 0.0122255 -0.0110825 0.00998705 0.00122886 0.00966539 -0.00967504 -0.0147505 0.0194905 0.0128559 0.052267 0.00852169 0.0488487 0.00261575 0.0432957 0.00720243 -0.0139727 0.00597874 0.01806 -0.0213848 0.0304766 -0.0148886 0.014687 0.0286816 0.0114792
internal_weight=243.932 195.24 156.547 103.998 45.0184 58.98 29.8298 15.1886 52.5488 26.3052 20.9807 9.02248 48.6917 38.6927 29.705 3.72658 23.1369 2.95558 20.1813 6.69287 25.9784 8.14594 5.13691 2.03093 43.8255 1.81047 58.3266 4.86614 4.06302 15.6157
internal_count=20769 15424 13574 9424 4694 4730 3011 1683 4150 1625 1168 766 5345 1850 1434 193 2296 395 1901 715 1241 490 188 300 4522 212 4675 823 667 1497
cat_boundaries=0 5 9 13
cat_threshold=276842057 570972306 1093338168 402653248 1 2281840642 470089992 138461252 1707631629 1611169956 21135396 2785288449 2562560
is_linear=0
shrinkage=0.05


Tree=17
num_leaves=31
num_cat=4
split_feature=22 7 22 2 4 13 2 11 19 9 14 2 13 2 13 7 5 0 10 2 15 14 22 8 6 6 2 22 21 2
split_gain=5.86058 3.99118 3.47289 2.5162 3.42279 3.32705 2.63492 3.36988 3.02716 2.48081 2.24199 2.75597 2.23318 2.66185 2.15212 2.14948 2.3801 2.14541 2.20105 2.75128 3.27374 2.03083 2.18469 2.71234 3.38296 2.82555 2.70846 2.01935 2.01468 2.0388
threshold=0 0.65500000000000014 1 0.068608123497406096 10.201500000000001 0.10054496317415053 -0.30128940476819394 0.11506562732848045 6.5000000000000009 -5.7545768818774929 0.26209992193598758 -0.45339264834843612 0.09962523057331997 -0.062067989489735957 0.10038610038610053 1.135 3276883485.6350007 0.61028506258204518 0.074729185405341972 -0.33731075784674835 3.5000000000000004 0.24544852697782193 2 0.76500000000000012 5.1906500000000007 2.3767 -0.18220429787487344 3 0.28669275929549903 0.031030367870957146
decision_type=9 2 9 2 2 2 2 2 2 2 2 2 2 2 2 2 2 2 2 2 2 2 9 8 8 10 2 9 2 2
left_child=17 -2 15 5 27 10 -7 8 -8 -6 12 -12 13 -4 -11 16 -3 18 19 -1 -21 22 23 -14 25 -25 -27 -5 29 -19
right_child=1 2 3 4 9 6 7 -9 -10 14 11 -13 21 -15 -16 -17 -18 28 -20 20 -22 -23 -24 24 -26 26 -28 -29 -30 -31
leaf_value=0.10746688097242588 0.029246696268064622 0.038824719963004052 0.082738116559029434 0.0081944995385367404 -0.0406951499393155 0.078388524299337736 -0.026269031970474206 0.089196656722746182 0.069507341225988131 0.025518226090810787 0.07133333122993854 -0.019055851416134389 -0.029613986888379119 -0.033835064199198045 -0.032779459292584121 0.0072759699414197245 -0.019186439266786863 0.056567972981689967 -0.029585750155146914 -0.026074711150209814 0.051295466158081296 0.061418472077200852 -0.016021783753863678 0.0042789850764121716 -0.022646348689074919 0.13964944691906134 0.043653297016694022 -0.018638195458108808 0.067512656736596052 -0.015110606104579051
leaf_weight=0.55287337329446007 14.230501129809026 11.485137437314604 1.6370558654537037 7.5227793179250924 1.7148830616162865 1.6398250303786168 4.4249383534736619 1.0559226228288592 1.0140772585702391 22.960837864585475 0.85749377933859605 50.937528395562943 2.0037304586584641 0.6986996347282951 1.7003128775823757 46.436681956575541 2.089849905241862 1.159767252704041 29.000882737355717 5.8633882881833213 1.7829657760292716 1.1171501422207644 9.5699292755049239 1.4933757882615601 1.6982441185948571 1.3840153442697838 1.566358418294769 7.7782867985199129 1.0965542355962785 6.8602995218942269
leaf_count=40 647 553 157 651 81 99 372 73 151 2307 69 3904 111 88 362 3908 38 186 2675 472 219 74 595 124 113 49 128 987 716 820
internal_value=-0.000357268 0.00356064 0.00175571 -0.00318403 0.00654154 -0.0085747 0.0217554 0.00745684 -0.00841201 0.0174551 -0.0119562 -0.0175594 0.0017536 0.0478673 0.0214988 0.0106223 0.029894 -0.0146324 -0.0231189 -0.000245452 -0.00803365 -0.0039657 -0.00808883 0.00938217 0.0373795 0.0603193 0.0886849 -0.0122714 0.00394595 -0.0047453
internal_weight=243.334 197.018 182.787 122.775 41.6771 81.0983 8.13476 6.49494 5.43902 26.376 72.9636 51.795 21.1686 2.33576 24.6612 60.0117 13.575 46.3167 37.2001 8.19923 7.64635 18.8328 17.7157 8.14572 6.14199 4.44375 2.95037 15.3011 9.11662 8.02007
internal_count=20769 15641 14994 10495 4388 6107 695 596 523 2750 5412 3973 1439 245 2669 4499 591 5128 3406 731 691 1194 1120 525 414 301 177 1638 1722 1006
cat_boundaries=0 5 9 13 17
cat_threshold=276842057 587747458 1099637816 402653248 1 2348941314 67436904 139462724 1707680781 1074045060 174100 1 1310720 37756928 268566528 67387393 3431296
is_linear=0
shrinkage=0.05


Tree=18
num_leaves=31
num_cat=3
split_feature=22 0 22 14 2 9 1 4 18 19 22 2 21 9 21 6 7 7 7 10 3 17 2 17 11 7 6 8 8 17
split_gain=5.21586 3.46723 3.35346 2.70198 2.95241 3.43245 2.54186 3.31282 2.46002 3.1982 3.21574 3.84857 2.57345 2.46784 2.27711 2.22479 2.31923 2.18916 3.47601 2.4944 2.18491 2.85786 2.06604 3.41115 2.71335 2.02583 1.91989 1.79619 3.38817 2.477
threshold=0 0.62634989633990801 1 0.58339380745041136 0.066492944140833524 2.3296000095420548 0.07975037811704179 9.1365500000000015 15.500000000000002 6.5000000000000009 2 -0.30865458543058349 0.20238941829042814 -0.42900050795427463 0.20766968880176431 11.811100000000001 0.55500000000000016 2.0650000000000004 1.5250000000000001 0.10747810405493521 475746.05615000002 72.500000000000014 -0.28209439348842857 76.500000000000014 0.11037631721437795 1.0750000000000004 9.7050000000000018 1.1950000000000001 1.425 82.500000000000014
decision_type=9 2 9 2 2 2 2 2 2 2 9 2 2 2 2 8 2 2 2 2 2 2 2 2 2 2 10 10 8 2
left_child=14 2 22 8 27 -6 7 -3 9 10 11 -4 -11 20 -1 16 -16 18 -15 -19 -13 -22 23 -2 -25 -24 -7 -5 29 -29
right_child=1 6 3 4 5 26 -8 -9 -10 12 -12 13 -14 17 15 -17 -18 19 -20 -21 21 -23 25 24 -26 -27 -28 28 -30 -31
leaf_value=-0.022856332963278218 0.096007097296924582 -0.011824711118472121 0.077372330448673032 -0.030830158397969196 -0.0075139707467029859 0.017164823571047032 0.060613647623211399 0.020868167000028682 -0.014119716565403865 0.062438505852473604 -0.0092370240272887424 -0.033575421054115227 -0.0034537237341970245 0.017685610418736338 0.097900714080532858 0.053532218745399235 -0.012093168403261932 -0.022933483642632271 0.11806104996403817 0.085930254957907959 0.059026555912140045 -0.018204616713359035 0.030139801453794621 -0.013431431994675006 0.082454959675245659 0.0020343841496525497 0.099612791958718194 -0.0056539327126904071 -0.031043342777168317 0.075146670857987596
leaf_weight=35.675960095974816 1.9074557734768109 10.351038475360289 2.6790523315563659 21.944941900172584 13.188437499752917 1.6357832135138601 2.9607948520523015 30.821964228096014 17.747763800975179 4.3526683316153898 22.00410651765975 3.7854499798974572 2.2466160970825797 1.9307430530908267 0.50385978993174951 1.7997119202316234 9.8052704588079447 2.1653423687843945 1.558931398664299 0.69509688540503578 2.2100933857185225 2.6152471488446736 8.5117725784914864 2.6259336430498483 1.0260757532732894 25.984759654278967 1.2423379096446181 2.0707450738381659 5.0512881695280436 1.7501548237657969
leaf_count=1873 124 1455 89 1310 869 91 411 3314 1363 185 1424 261 443 114 80 566 2745 240 71 23 119 64 317 115 83 2151 81 155 534 99
internal_value=-0.000403245 0.00336674 -6.53582e-05 -0.00456452 -0.0140951 0.00328217 0.0158669 0.0126491 0.00170487 0.00777819 0.00241335 0.014157 0.0400066 0.0122996 -0.0136425 0.00223754 -0.00671721 0.0359468 0.062526 0.00352079 -0.0051393 0.0171687 0.0108253 0.0418141 0.013509 0.00896919 0.0527534 -0.0231548 -0.00417016 0.0313566
internal_weight=242.849 195.065 150.931 110.875 46.8837 16.0666 44.1338 41.173 63.9911 46.2433 39.6441 17.64 6.59928 14.9609 47.7848 12.1088 10.3091 6.35011 3.48967 2.86044 8.61079 4.82534 40.056 5.55947 3.65201 34.4965 2.87812 30.8171 8.87219 3.8209
internal_count=20769 15505 10325 7535 3139 1041 5180 4769 4396 3033 2405 981 628 892 5264 3391 2825 448 185 263 444 183 2790 322 198 2468 172 2098 788 254
cat_boundaries=0 5 9 13
cat_threshold=272680521 587747458 1099629624 402653248 1 2348810370 72615268 403963968 625026316 8658976 139289 37781504 35801089
is_linear=0
shrinkage=0.05


Tree=19
num_leaves=31
num_cat=3
split_feature=22 7 22 4 13 2 13 2 14 3 8 5 7 21 22 4 7 0 18 20 1 18 0 1 5 7 4 6 13 6
split_gain=4.93287 2.82816 2.95792 2.60131 2.86862 2.46182 2.39182 2.21848 2.81184 2.21743 2.37192 2.80669 3.38858 2.15368 2.14484 2.82437 2.80667 2.69244 2.48295 2.38295 2.33764 2.30586 2.13016 2.09026 2.20533 2.06952 2.11682 2.04222 2.03128 2.02849
threshold=0 0.9850000000000001 1 22.466400000000004 0.099490722214811936 -0.085030950212839115 0.1009091660467807 -0.41893116896806148 0.62527213352685063 730259.94195000001 1.1150000000000004 91598976.385000005 1.8650000000000004 0.12922201138519926 2 10.059750000000001 0.55500000000000016 0.095520242879944137 9.5000000000000018 0.16287683031869082 0.09572712590407996 14.500000000000002 0.002372310941781133 0.022857830762242574 114446336.78000002 1.0550000000000004 9.018950000000002 4.4388000000000014 0.099838481563647288 4.5598500000000008
decision_type=9 2 9 2 2 2 2 2 2 2 8 2 2 2 9 2 2 2 2 2 2 2 2 2 2 2 2 8 2 10
left_child=5 14 -3 4 23 7 -6 8 -1 10 22 -12 -13 -7 18 16 17 -16 -2 -17 -19 -18 -9 24 -4 26 28 -27 -15 -21
right_child=1 2 3 -5 6 13 -8 9 -10 -11 11 12 -14 25 15 19 21 20 -20 29 -22 -23 -24 -25 -26 27 -28 -29 -30 -31
leaf_value=0.086775498949149321 -0.053680966007932034 0.0093432920811997566 0.1146464511331365 0.026198229188914603 -0.010665265566547398 -0.043354326822023614 0.027779617923532358 0.039210324168772591 -0.044893863163707193 -0.051736050023224171 -0.06109417025650761 0.11290551337770399 0.0013632749722356438 -0.035897951037342384 0.078269902299410873 0.11905444021186712 0.01748082274619445 -0.034587633519477461 0.002397226592890633 0.102454301467227 0.047583057890735664 -0.024226301791726274 -0.042744609470532331 0.077365454488965812 -0.0013804787535054085 -0.0348209795025868 -0.025160780880273799 0.0039211237741327062 0.077852030777086551 0.024453392517154959
leaf_weight=0.91164050130716379 2.7997228156210934 50.280416843923753 0.45302855449793256 6.3887624718656459 88.852256216303616 3.1803277979628062 4.2386785431367136 0.88428989158585825 0.73027943446214749 8.610343931894759 1.0295581883253753 0.95492295515387615 2.3727275314397218 0.47622991374823076 3.1004840617711329 1.1663823221128655 11.722824447556222 1.4420593694236745 6.6917161765659046 1.0411112637921744 2.1649475531277602 4.6200909183544345 7.6694241488719896 1.5087552305486864 4.266290016059358 4.6614234983439742 1.0722055534380031 12.585442095164678 2.2314863295076108 4.1801483844385956
leaf_count=80 122 4022 145 906 7206 203 434 33 43 556 180 94 208 69 63 25 488 80 307 51 158 320 588 307 505 813 157 2173 206 227
internal_value=-0.000410878 0.00324905 0.000406966 -0.00431895 -0.00671684 -0.0133403 -0.00891477 -0.027809 0.0282127 -0.032083 -0.0189764 0.0110508 0.0333721 -0.00500657 0.0154717 0.0186763 0.0168678 0.0441017 -0.00688765 0.0544408 0.0147317 0.00569035 -0.034272 0.0261355 0.00975747 0.000793572 0.0343003 -0.00654996 0.0578458 0.0400067
internal_weight=242.288 194.918 155.988 105.708 99.319 47.3703 93.0909 23.1632 1.64192 21.5213 12.9109 4.35721 3.32765 24.2071 38.9295 29.438 23.0504 6.70749 9.49144 6.38764 3.60701 16.3429 8.55371 6.22807 4.71932 21.0268 3.77992 17.2469 2.70772 5.22126
internal_count=20769 15366 13525 9503 8597 5403 7640 1782 123 1659 1103 482 302 3621 1841 1412 1109 301 429 303 238 808 621 957 650 3418 432 2986 275 278
cat_boundaries=0 5 9 13
cat_threshold=281036361 587747458 1126892600 402653248 1 2315386882 470092040 138461252 1162437645 3254919170 268437504 32768 999424
is_linear=0
shrinkage=0.05


Tree=20
num_leaves=31
num_cat=4
split_feature=22 7 0 22 22 3 2 2 21 11 21 6 10 7 13 14 14 5 18 6 7 6 6 20 2 1 0 22 6 8
split_gain=4.4593 2.96831 2.91025 3.23804 3.11649 3.13389 3.80667 3.50739 3.1082 2.89701 2.41298 2.26061 2.29382 2.16769 2.06589 2.46726 2.02738 1.90522 3.5634 2.51001 3.3508 3.12208 2.73122 3.09982 2.56733 2.46529 2.12771 2.96466 1.88007 1.83434
threshold=0 0.58500000000000008 0.80190570976642739 1 2 2141983.0931000006 -0.16831770787698239 0.0052662393689142393 0.19308213716108455 0.092875913580164324 0.11173533083645444 12.39315 0.099212316404575493 1.0350000000000004 0.099833955283034306 0.24544852697782193 0.73707127033840047 124204360.88000001 6.5000000000000009 2.7048000000000005 1.4950000000000003 4.1961500000000012 3.7052500000000004 0.32972878185644144 -0.26640438781495296 0.00019831456414298734 0.266324670369468 3 2.8628500000000003 1.0650000000000002
decision_type=9 2 2 9 9 2 2 2 2 2 2 8 2 2 2 2 2 2 2 10 2 10 10 2 2 2 2 9 10 8
left_child=11 -2 4 -4 5 6 8 -7 9 -3 -5 -1 -13 -9 -8 -16 -10 18 -6 20 -20 22 23 28 -22 -26 -19 -28 -21 -29
right_child=1 2 3 10 17 7 14 13 16 -11 -12 12 -14 -15 15 -17 -18 26 19 21 24 -23 -24 -25 25 -27 27 29 -30 -31
leaf_value=-0.018347909466898703 0.029904315074117688 0.089749704003845021 -0.010897045511374832 0.10448523360758716 0.076582010778616857 -0.048407841972105757 -0.02043349367517109 0.058446355832307409 -0.01838581033425787 0.033629562101105175 0.029325704935285104 0.04709647008659841 -0.028755021593132063 -0.0065475762877486412 -0.019060527434437285 0.022547172823038204 0.07999288888809869 -0.015467514801566107 -0.049476711564181652 0.11258177430089188 -0.065402376677659135 -0.020597050080457716 0.11372291218136331 -0.062557557850477535 0.13257909276919838 0.014214883242894872 -0.01124079623430964 0.0021047004249521019 0.019823903545352673 0.033735895130111652
leaf_weight=44.610018553476991 9.9672332731310842 3.0955506531466339 6.8930171096057862 1.1373055001387857 1.7827924341086774 4.3793055823058591 6.3347204592583806 1.6575251621563891 3.3443206680403246 8.9434911762781351 17.495605573499908 2.7464011708598823 1.5644929164129662 5.676092142708697 4.7039397662716409 14.688604370766731 0.62091883866104058 51.529312802528416 4.0045263977503875 0.84439633757799093 0.64882799255542556 2.6126077587144323 1.1739284944194421 0.77381358741251904 0.6159643423781066 1.5391517611357839 18.373501303842602 9.1399244753543218 1.5472782789727828 9.1938425939313557
leaf_count=4670 466 77 843 65 372 179 736 28 372 277 2073 379 344 201 363 1374 75 2719 338 40 27 358 111 71 67 139 1748 1113 184 960
internal_value=-0.00037961 0.00316901 0.00188427 0.0175437 -0.000658095 0.00829981 0.0162673 -0.0130011 0.0354137 0.0480595 0.0220691 -0.0124598 0.0195687 0.00814218 0.00435672 0.0124546 -0.00298064 -0.00553741 0.0100704 0.00145319 -0.0201253 0.0225861 0.0485852 0.0244287 0.0217936 0.0480451 -0.00891435 0.000284918 0.0525727 0.0116257
internal_weight=241.638 192.717 182.75 25.5259 157.224 53.4445 41.7315 11.7129 16.0043 12.039 18.6329 48.9209 4.31089 7.33362 25.7273 19.3925 3.96524 103.78 15.5433 13.7605 6.80847 6.95202 4.33942 3.16549 2.80394 2.15512 88.2366 36.7073 2.39167 18.3338
internal_count=20769 15376 14910 2981 11929 3682 3274 408 801 354 2138 5393 723 229 2473 1737 447 8247 1707 1335 571 764 406 295 233 206 6540 3821 224 2073
cat_boundaries=0 5 9 13 17
cat_threshold=272647753 587749506 1133184056 402653248 1 101490690 284558341 268705792 83886340 2349334530 67503465 408166466 625550340 1082139060 3153936 2113792 44220952
is_linear=0
shrinkage=0.05


Tree=21
num_leaves=31
num_cat=2
split_feature=22 0 22 2 9 9 7 11 10 4 2 9 8 21 17 14 9 18 2 1 9 7 3 6 13 0 3 21 18 9
split_gain=4.07596 2.56569 2.60531 2.7944 2.62905 2.59137 4.7657 2.63853 2.46988 2.3737 2.31124 4.0228 2.31494 2.08773 2.05326 2.35242 2.23657 2.50601 2.43354 2.02622 2.0243 2.33931 3.2497 2.72073 2.44425 1.93773 2.70962 1.87092 2.54805 1.77799
threshold=0 0.62634989633990801 1 -0.40662764941202961 6.1151454139592563 -5.2021176346199125 0.8650000000000001 0.080674128909596826 1.0000000180025095e-35 6.9129500000000013 -0.26182473186673388 0.80848934236194003 1.2750000000000001 0.14907407407407411 70.500000000000014 0.62527213352685063 2.402499902499911 14.500000000000002 -0.042931565663370246 -0.0099789334855787653 -3.6421354926024603 0.9850000000000001 852547.52945000015 10.948650000000002 0.099451277342044633 0.015947142662960666 484360.87070000003 0.14907407407407411 9.5000000000000018 0.61960638061574491
decision_type=9 2 9 2 2 2 2 2 2 2 2 2 10 2 2 2 2 2 2 2 2 2 2 8 2 2 2 2 2 2
left_child=10 2 4 27 14 6 7 -5 -3 -10 11 -1 -13 -8 15 16 18 -18 19 -2 -16 22 -22 24 -23 26 -15 28 -4 -12
right_child=1 8 3 5 -6 -7 13 -9 9 -11 29 12 -14 25 20 -17 17 -19 -20 -21 21 23 -24 -25 -26 -27 -28 -29 -30 -31
leaf_value=0.063825142210963984 -0.058436872017663281 0.061133487964819669 0.0028878556848970695 0.015345753095469788 0.07294793081803623 -0.018290342291379071 -0.05873045269262761 0.11860218563412959 -0.02800302216999347 0.0092629382555035316 -0.00070218513219663648 -0.053550892756604712 0.036683245396196155 -0.0053718991515873185 -0.033942595585996785 -0.011917692091804084 0.094955324507521768 -0.015063872958164082 -0.014450518510338829 0.038102580057188709 -0.0099144035934347757 0.037591234711650649 0.067501678422218256 0.049252305410861744 -0.022194483531247092 -0.014040378160314781 0.16564613381058296 0.0080617929503523141 0.16526569314083178 0.017942385457830494
leaf_weight=5.0250447161493801 0.58640486582825513 2.0076688524678152 0.47398757666215274 1.1860160760738474 1.2828312126682977 76.285509519965331 1.7851476742456709 1.2933649133282186 4.9516763727732984 31.180518838624842 27.944727565828423 1.4913531273399772 1.3580220885400249 0.53259751204399242 5.9918533911475178 7.0091953335143478 1.9089985843893296 0.71012841714514241 4.640712428159449 7.4325690935230213 2.8088351726514729 1.9193149253849302 2.6199962673915707 1.7775250444306028 15.64532599636186 2.7595345057100857 0.40984545525004279 3.955600093961877 0.49277080613956059 23.573704026728912
leaf_count=277 26 309 9 45 99 6430 82 68 814 4276 1945 66 68 66 320 885 137 77 621 660 101 106 45 104 681 224 52 137 132 1907
internal_value=-0.000415116 -0.00414345 -0.00743499 -0.0119744 0.0018742 -0.0154566 0.0116785 0.0692093 0.00715517 0.00415589 0.0100014 0.0369142 -0.010545 -0.014317 0.00050884 0.0120653 0.0230675 0.0651256 0.0143662 0.0310429 -0.00786391 -0.00155573 0.0274472 -0.00969609 -0.0156616 0.00709981 0.0689997 0.0233011 0.0856542 0.00782916
internal_weight=241.041 181.648 143.508 89.1744 54.3337 84.252 7.96651 2.47938 38.1399 36.1322 59.3929 7.87442 2.84938 5.48713 53.0509 22.288 15.2788 2.61913 12.6597 8.01897 30.7629 24.771 5.42883 19.3422 17.5646 3.70198 0.942443 4.92236 0.966758 51.5184
internal_count=20769 16506 11107 7245 3862 6967 537 113 5399 5090 4263 411 134 424 3763 2406 1521 214 1307 686 1357 1037 146 891 787 342 118 278 141 3852
cat_boundaries=0 4 8
cat_threshold=2281701380 68485484 139722817 1619012621 605978786 417467392 2952824834 122224912
is_linear=0
shrinkage=0.05


Tree=22
num_leaves=31
num_cat=3
split_feature=22 7 22 0 6 0 4 9 8 0 4 21 5 8 6 6 5 0 9 0 10 6 0 4 2 22 0 1 18 6
split_gain=4.2249 3.13605 2.55628 2.62438 2.96299 3.55616 2.17122 2.15616 2.65929 2.15954 2.00641 2.53256 2.27921 2.98731 2.68424 2.66709 2.48379 1.97908 1.95679 1.80615 1.89681 1.705 2.77153 2.60865 2.04568 2.0369 2.27494 2.36486 2.50555 1.99336
threshold=0 0.65500000000000014 1 0.0062154454948409573 2.3767 0.20172122816590082 6.7060500000000003 -1.8013748345501899 1.1650000000000003 0.65335470368215798 4.0076000000000009 0.11857892763404575 110887413.81500001 0.74500000000000011 4.3705000000000007 3.7761500000000003 71153535.500000015 0.0062154454948409573 7.7318089213085264 0.12582859960527149 0.098486968170795872 3.4404500000000007 0.0015915129145487189 4.7881000000000009 -0.16160349463824916 2 0.46012213969016691 -0.0072133500294468958 17.500000000000004 3.7761500000000003
decision_type=9 2 9 2 8 2 2 2 8 2 2 2 2 8 8 8 2 2 2 2 2 8 2 2 2 9 2 2 2 10
left_child=-1 7 3 -3 5 -5 -7 17 9 -9 11 -4 13 19 15 16 -15 -2 21 -12 -21 22 -14 -23 -24 29 -27 28 -28 -25
right_child=1 2 10 4 -6 6 -8 8 -10 -11 12 -13 18 14 -16 -17 -18 -19 -20 20 -22 23 24 25 -26 26 27 -29 -30 -31
leaf_value=-0.013794779855686019 0.0086788955000051803 -0.033612846941591425 0.047947234403639565 0.082525992891313515 0.0083730369802740012 -0.011461377201247038 0.07913894415827967 -0.029886675030146304 0.050068971404750022 0.043480134862049435 -0.063942132944899976 -0.036631475583089712 0.059951635697772877 -0.030623654927858623 -0.034451742235584525 0.12838007326224676 0.056179010674421839 0.06620338448171452 0.057074997884392513 0.12531562833479756 -0.049474090824100092 0.075138513538371435 -0.045348780046266718 0.059746855219564937 -0.010355877067886553 -0.017644120921006375 0.020918298696920676 -0.0042362560098233755 0.12893397208267138 0.0052577295931373058
leaf_weight=37.860659905484326 2.2886019761474472 3.2612823234014447 1.0027568796205253 3.1406265019632817 51.341103762446366 2.7922264652649251 0.86648826605342311 4.1214110239125699 2.5221028339975931 1.325605514457038 1.3437905233343883 7.5411873331054622 1.0901209376714742 1.0593647034338438 1.0594999178322551 0.95658559056747083 3.711136996035961 4.3129043523712483 1.3137402394798829 0.31491937373191081 0.30606371483538908 1.1012081077361262 6.2744247912285092 1.7663441740503731 12.491383076353639 31.826992785047864 2.9603314092628739 16.10640221023904 0.65580417258638579 33.727066675473488
leaf_count=4609 32 179 50 223 3753 240 78 192 190 73 62 817 29 262 328 125 311 182 149 94 68 68 192 116 1010 2248 207 1909 94 2879
internal_value=-0.00040244 0.00265058 0.00104957 0.00862743 0.0124807 0.0434974 0.00999537 0.0251281 0.00762209 -0.0120319 -0.00306482 -0.0267049 -0.00161366 0.0229391 0.0386573 0.0521824 0.0369031 0.0462609 -0.00357929 -0.0313536 0.0391671 -0.0043171 -0.0175536 -0.00133537 -0.0220559 -0.00230287 -0.00785237 0.00396753 0.0405075 0.00621763
internal_weight=240.442 202.581 188.011 61.4017 58.1404 6.79934 3.65871 14.5706 7.96912 5.44702 126.609 8.54394 118.065 8.75136 6.78659 5.72709 4.7705 6.60151 109.314 1.96477 0.620983 108 19.8559 88.1441 18.7658 87.0429 51.5495 19.7225 3.61614 35.4934
internal_count=20769 16160 15491 4473 4294 541 318 669 455 265 11018 867 10151 1250 1026 698 573 214 8901 224 162 8752 1231 7521 1202 7453 4458 2210 301 2995
cat_boundaries=0 5 9 13
cat_threshold=18265 587747458 1101726776 402653248 1 2348941312 67436872 206587974 1707680781 9961506 268566564 2416226433 2149637008
is_linear=0
shrinkage=0.05


Tree=23
num_leaves=31
num_cat=5
split_feature=22 7 22 22 6 17 5 15 8 4 4 18 6 6 14 2 9 22 17 22 4 7 21 6 10 9 9 21 1 6
split_gain=4.61844 3.27513 2.71782 2.57647 3.5815 2.63953 2.55876 2.35432 2.44228 2.24621 2.52554 2.17402 2.091 2.51269 2.04774 2.0438 2.24932 3.19611 2.2821 2.19269 2.35281 2.09313 2.49895 2.01448 2.00433 1.97079 2.71708 2.9092 2.12232 2.31237
threshold=0 0.9850000000000001 1 2 3.4404500000000007 35.500000000000007 87850716.580000013 6.5000000000000009 1.5650000000000002 9.073850000000002 9.3102000000000018 14.500000000000002 1.7956000000000003 2.4086000000000003 0.17754216472899956 -0.47634589083675244 0.18399265759648789 3 52.500000000000007 4 23.350650000000005 1.2750000000000001 0.15047169811320757 6.0613500000000009 0.10038033941231007 6.233158407865159 1.467441286646787 0.19308213716108455 0.067773031770643213 2.0614500000000002
decision_type=9 2 9 9 8 2 2 2 8 2 2 2 10 10 2 2 2 9 2 9 2 2 2 8 2 2 2 2 2 10
left_child=9 2 7 25 5 -5 23 8 -2 -1 -11 12 -4 -14 -7 -8 17 -17 -19 20 -18 -20 -23 -6 -21 26 -3 -28 29 -29
right_child=1 3 11 4 6 14 15 -9 -10 10 -12 -13 13 -15 -16 16 19 18 21 24 -22 22 -24 -25 -26 -27 27 28 -30 -31
leaf_value=-0.034026929541341878 -0.018912408003320259 0.0030204326349846191 0.072833974417051153 0.075416438710618261 0.1302040944485974 -0.0046475174517291128 0.081356758735451479 0.041670969674249707 0.050982497431375146 0.097938504705918805 -0.01083927374910113 0.010477741077171632 -0.01719782204011118 0.042611440689736629 -0.032596437932797075 -0.016945687490760194 -0.017572524966951775 -0.023372493832444829 -0.014792717461625624 0.007775245695777146 0.043878366580141603 0.10308785325268344 0.025603189106910659 -0.04933599994113598 0.037679834292665366 -0.035741120506716399 0.045187998627944481 0.12218311337479658 0.11362912419934426 -0.0086390287713069714
leaf_weight=16.33607239918565 14.203644058077948 37.745379915138159 4.0687405913321397 0.70310294865898271 0.64146379377049001 10.177184619199723 0.74948386096934783 2.2768608649689659 1.3703951428000785 0.55751547528278322 12.438037721724426 8.4104655317889279 2.1795022745688604 9.0389101306859896 18.407017859857248 25.751370671243826 14.680168688185185 3.1741691115433488 2.6017155665995224 14.957881119467084 1.7425436732000026 1.2069627162466057 7.5473355670640672 0.20654149821809398 8.9593053992096028 2.3990827532109043 9.6648132086070238 0.3550681898902458 0.41761607643532261 6.9376467284883745
leaf_count=1603 601 2742 198 424 251 657 39 122 96 50 1856 515 90 444 1490 2042 1751 669 136 1712 279 59 582 93 697 164 416 65 63 863
internal_value=-0.000418333 0.00242876 0.0151212 -0.000547495 -0.00484286 -0.0202913 7.10098e-05 -0.00372986 -0.0127622 -0.0161723 -0.00617265 0.0217269 0.0421282 0.0309918 -0.0226454 -0.000829448 -0.00159348 -0.00995114 0.00835641 0.00675209 -0.00686938 0.0245837 0.0362861 0.086475 0.0133822 0.00734449 0.0105522 0.0269141 0.00400789 -0.00226955
internal_weight=239.906 210.574 41.5485 169.026 111.506 29.2873 82.2189 17.8509 15.574 29.3316 12.9956 23.6976 15.2872 11.2184 28.5842 81.3709 80.6215 40.2816 14.5302 40.3399 16.4227 11.356 8.7543 0.848005 23.9172 57.5196 55.1205 17.3751 7.71033 7.29271
internal_count=20769 17260 2066 15194 10881 2571 8310 819 697 3509 1906 1247 732 534 2147 7966 7927 3488 1446 4439 2030 777 641 344 2409 4313 4149 1407 991 928
cat_boundaries=0 5 9 13 17 21
cat_threshold=18265 2735231122 1101726744 402653248 1 3263340546 268437504 100696320 4146440 2315264000 470092040 205570116 1170760717 1346666660 6430752 2717911296 37095424 80871424 15737861 4256 538022320
is_linear=0
shrinkage=0.05


Tree=24
num_leaves=31
num_cat=4
split_feature=22 7 9 8 4 2 22 4 5 6 15 11 8 8 5 6 22 2 4 4 3 14 11 10 22 3 7 15 13 8
split_gain=3.95542 2.74792 2.53967 2.39676 2.35705 2.83535 2.32078 2.36482 1.97782 2.71392 3.31883 2.76497 2.33158 2.75426 2.06482 1.98464 2.54939 3.0809 3.18976 2.4214 2.41055 2.30227 2.58763 2.78467 2.22004 1.93623 2.19568 2.68289 2.46752 2.24167
threshold=0 0.65500000000000014 -0.80290505674442392 1.5750000000000004 9.073850000000002 -0.28209439348842857 1 3.3899500000000002 124204360.88000001 4.1961500000000012 6.5000000000000009 0.11842105263157884 0.74500000000000011 0.80500000000000016 65113160.000000007 4.2951500000000005 2 0.066492944140833524 8.9111000000000011 5.9494000000000007 833388.28135000018 0.78618080033174376 0.067898581838777575 0.056000000000000043 3 194236.14945000003 1.8450000000000004 6.5000000000000009 0.10022831169237346 0.66500000000000015
decision_type=9 2 2 8 2 2 9 2 2 10 2 2 8 10 2 8 9 2 2 2 2 2 2 2 9 2 2 2 2 8
left_child=4 2 -2 -4 -1 -6 25 -8 9 10 11 12 -9 -14 -15 21 19 -18 -19 -17 -20 24 23 -23 -10 -3 27 -27 29 -28
right_child=1 6 3 -5 5 -7 7 8 15 -11 -12 -13 13 14 -16 16 17 18 20 -21 -22 22 -24 -25 -26 26 28 -29 -30 -31
leaf_value=-0.038441072186038587 0.040654805856779948 0.072875662320085174 -0.014100151681827395 0.064107130579512547 0.11297038747307775 -0.01196415450699255 -0.034391202287982932 -0.035883319194407633 0.0083775563687216743 -0.024914426448124142 0.13741671293616953 0.08338308455276959 0.098930723868641185 -0.062407376261318627 0.021535057930335541 0.085297608271287795 -0.019035347932250035 -0.040502142931098911 -0.0069627084324921434 0.0090417917836985735 0.028147174534602016 -0.05095014734630729 -0.051784547981186535 0.11533167371475916 -0.013472944406854717 0.011450851802336917 0.048707445360372303 0.054068076582087982 0.023359785931044624 -0.023019631127517936
leaf_weight=12.526754308562888 8.5129683444282147 1.2276828126705215 5.5826681317525404 1.1881461390936321 0.47583590988096958 9.9560436992386183 5.6999813516247277 2.1308933441076983 11.896924328249964 3.3290291408563908 0.63340907207008079 1.498565227838754 1.0382704072963234 0.8291613422288292 6.2898017185044068 1.0698384768990923 27.41001188504778 3.2146637855572662 8.529559942093913 38.651926026520925 11.453166531879218 0.48753332921904646 5.8697191050601276 0.52068395169851556 22.387710655776466 24.123077904095542 1.2020035330976533 4.3604829920953554 5.6532901419102179 11.616850647497643
leaf_count=1264 299 248 315 119 62 1440 668 230 593 673 268 101 75 251 506 55 2135 289 1260 3938 657 97 447 24 1546 1228 138 167 518 1158
internal_value=-0.000441257 0.00194905 0.0224778 -0.000376296 -0.0165936 -0.00626544 0.000485942 -0.00262007 -0.00156809 0.0151763 0.0259221 0.0199304 0.0106879 0.0228536 0.0117581 -0.00357362 0.000573047 -0.00641794 0.00572412 0.00886407 0.0131606 -0.0126733 -0.0390741 0.0349245 -0.00737692 0.0090172 0.00926795 0.017975 -0.00415812 -0.0162939
internal_weight=239.367 216.408 15.2838 6.77081 22.9586 10.4319 201.124 152.941 147.241 15.7491 12.4201 11.7867 10.2881 8.15723 7.11896 131.492 90.3292 50.6074 23.1974 39.7218 19.9827 41.1626 6.87794 1.00822 34.2846 48.1834 46.9557 28.4836 18.4721 12.8189
internal_count=20769 18003 733 434 2766 1502 17270 13813 13145 2104 1431 1163 1062 832 757 11041 8334 4341 2206 3993 1917 2707 568 121 2139 3457 3209 1395 1814 1296
cat_boundaries=0 5 9 13 17
cat_threshold=17992 587747458 1099629592 402653248 1 2348941312 67436872 139462720 1682514956 9961635 402784288 2149884067 2174916993 307527680 1059840 872440064 2147752449
is_linear=0
shrinkage=0.05


Tree=25
num_leaves=31
num_cat=2
split_feature=22 7 8 22 6 7 11 4 6 15 0 14 5 7 9 8 17 2 11 2 2 11 20 7 15 15 8 6 0 2
split_gain=3.3761 2.5107 1.98925 2.13894 2.36112 3.1341 4.96804 2.39493 2.11245 3.2584 2.6639 2.13219 1.92539 2.34897 1.8618 2.09092 2.04779 1.7853 1.7318 2.50793 2.18416 1.79703 1.99226 1.69448 3.07868 2.99055 2.03026 2.15839 1.98331 2.4366
threshold=0 0.65500000000000014 3.7150000000000003 1 2.4086000000000003 1.8250000000000004 0.10638297872340428 7.1526500000000004 1.9949500000000002 6.5000000000000009 0.0032121978866069324 0.064690496948561479 110887413.81500001 1.4450000000000001 -0.80290505674442392 1.1650000000000003 72.500000000000014 -0.47634589083675244 0.098696974262320852 -0.23386161835258421 -0.22316887670978378 0.097443245320275512 0.19890109890109894 1.885 6.5000000000000009 19.500000000000004 0.76500000000000012 11.317350000000003 0.021400317277347265 -0.21043128039801792
decision_type=9 2 8 9 8 2 2 2 8 2 2 2 2 2 2 8 2 2 2 2 2 2 2 2 2 2 10 10 2 2
left_child=18 14 3 8 5 7 -7 -5 9 11 -10 -3 -13 -14 -2 16 -16 -6 19 -1 -21 22 -22 24 26 28 27 -12 -25 -30
right_child=1 2 -4 4 17 6 -8 -9 10 -11 23 12 13 -15 15 -17 -18 -19 -20 20 21 -23 -24 25 -26 -27 -28 -29 29 -31
leaf_value=-0.049180554785271995 0.038115329580906139 0.07105414086367462 0.051890521093720471 -0.045226538447542243 0.074191854681330965 -0.023660507737671463 0.093881428397260602 0.028156466291936501 -0.055034549625447328 0.12290252993871037 -0.025977685427028885 -0.065846661927687566 0.085894148450156679 -0.022045416265386922 0.015320177484014092 0.039266415072321578 -0.055552735897995101 -0.0019609029405115641 -0.024888570716811852 0.13102146139633469 0.032796545359448599 0.075589330663084764 -0.017088134115864434 -0.050211732401708897 0.045094851246262724 -0.064591378508958366 0.014284466611308397 0.048002817638514217 0.041939856366086187 -0.0023065018097563027
leaf_weight=2.3044691504448087 8.1848804520257925 1.3867531501352477 1.8852380121672343 9.5935467784807198 0.77549368159762266 2.7601069078019256 1.3331645279673408 1.2575863386324204 1.7879538986186094 0.93144825093281713 6.6710677122993358 0.88462553880427242 0.85407387914841626 1.2297795046833995 2.0712489356196064 2.3999797687302618 2.0066330561000996 101.70230407607815 22.310686344013547 0.35091700815723825 2.8734802834866251 0.81124450680378934 6.5953965620241846 1.7080676408900846 6.3910809242260163 1.8487181052041695 23.967772914193723 1.1568795457381496 3.8141698502642063 16.889288430113705
leaf_count=200 281 68 242 768 73 397 125 69 116 63 378 144 48 124 125 189 89 9233 2430 30 362 107 1135 83 224 62 1190 79 159 2176
internal_value=-0.000438758 0.00222506 0.000786773 0.000271416 -0.00377103 -0.0226586 0.0146225 -0.0367219 0.0066806 0.0380222 0.00514114 0.0198689 -0.00404271 0.022194 0.022265 0.00223786 -0.0195548 -0.00138462 -0.0128139 -0.00189392 0.00835631 0.00416908 -0.00194984 0.00686406 0.0134289 -0.00346929 0.00706389 -0.0150442 0.00157265 0.00584494
internal_weight=238.738 203.492 188.829 186.944 117.422 14.9444 4.09327 10.8511 69.5217 5.28668 64.235 4.35523 2.96848 2.08385 14.6627 6.47786 4.07788 102.478 35.2462 12.9355 10.631 10.2801 9.46888 62.447 38.1868 24.2602 31.7957 7.82795 22.4115 20.7035
internal_count=20769 16505 15821 15579 10665 1359 522 837 4914 447 4467 384 316 172 684 403 214 9306 4264 1834 1634 1604 1497 4351 1871 2480 1647 457 2418 2335
cat_boundaries=0 5 9
cat_threshold=4212568 2735231106 1099564088 402653760 1 3422683136 67436872 72403014 1707680780
is_linear=0
shrinkage=0.05


Tree=26
num_leaves=31
num_cat=5
split_feature=22 7 22 13 22 17 4 13 4 18 9 7 20 0 5 22 2 22 17 14 3 8 17 5 4 4 6 4 21 3
split_gain=3.50983 2.69935 2.41304 2.28647 2.89614 3.19595 2.49317 2.28737 2.0243 2.00529 1.96882 2.26242 2.2439 1.92223 1.90381 2.47166 1.87768 1.82564 2.29121 2.46016 2.18906 2.02949 2.02137 1.93372 2.27325 2.20365 1.81073 2.37893 1.8045 1.79749
threshold=0 0.9850000000000001 1 0.10048900047824007 2 54.500000000000007 4.4574000000000007 0.099429102207543876 9.073850000000002 14.500000000000002 -2.2506010134247183 1.2650000000000003 0.24478940512375166 0.82273950565364951 173150537.50000003 3 -1.0000000180025095e-35 4 84.500000000000014 0.93120351588911443 926180.42720000015 1.8150000000000002 105.50000000000001 223018687.22000003 8.102800000000002 6.7060500000000003 1.7956000000000003 11.688250000000002 0.19264507422402163 599365.58515000006
decision_type=9 2 9 2 9 2 2 2 2 2 2 2 2 2 2 9 2 9 2 2 2 10 2 2 2 2 10 2 2 2
left_child=8 2 29 4 5 -3 -7 -8 -1 26 -9 12 16 14 -6 -16 -12 18 19 20 23 -19 -20 24 25 28 -4 -28 -5 -2
right_child=1 3 9 17 13 6 7 10 -10 -11 11 -13 -14 -15 15 -17 -18 21 22 -21 -22 -23 -24 -25 -26 -27 27 -29 -30 -31
leaf_value=-0.033563760193107799 -0.031601055138024664 0.0080176778266179121 0.066489934993980593 -0.065485138985377528 0.016711890402759912 -0.051302306934574771 0.025081485451347082 -0.037537546394443157 -0.005344348971075448 0.0080778557678006877 0.11174551515114313 -0.017075775423692551 -0.012421937908309423 0.020530224950505174 0.013072420585010847 -0.0075304137423037086 0.017841655180847342 -0.027726989145554604 0.10776282990841715 0.12495748840996829 -0.029829754743188643 0.06201892392159402 0.027312792210865511 0.065846928676173186 -0.069690898727860426 0.1256796297589679 0.016200834501709307 0.071259285096324149 0.066355951095068255 0.0039289576076412024
leaf_weight=14.040978984571909 5.0452857703874541 15.671796556488685 4.1453334408053477 0.55871289496636067 14.524559657985852 5.0303670722745428 3.4283332957417079 9.3434161479884725 11.609660901841776 8.5766156874686867 0.9282569073022845 25.275450721278219 2.3704006636846771 14.070692530875389 9.7145422686564995 52.190829436783524 1.2481530190343679 6.1427738048075566 1.9058861789924324 0.55566280144773816 1.8991060591177698 0.70192023737537557 1.3226403344679054 2.3410617372254734 0.75655507186856841 0.47494011854314511 9.1475626732809712 2.4975288873379062 0.48467937332074484 12.089517107164367
leaf_count=1352 455 2653 204 40 1726 307 401 459 1584 541 36 1917 118 1516 758 3869 80 839 74 30 116 162 136 271 84 29 430 122 100 360
internal_value=-0.000424979 0.00194266 0.0134726 -0.00074299 -0.00267368 -0.00998967 -0.018013 -0.0140815 -0.0149595 0.0195267 -0.0175096 -0.0112347 0.0212353 0.00319402 0.000420345 -0.00340206 0.0578924 0.016577 0.0202463 0.0239686 0.0153554 -0.0075269 0.0748046 0.0339456 0.00111622 0.036398 0.0381113 0.0280092 -0.00424196 -0.00412522
internal_weight=238.093 212.443 41.5018 170.941 153.797 63.2962 47.6244 42.594 25.6506 24.367 39.1657 29.8223 4.54681 90.5006 76.4299 61.9054 2.17641 17.1439 10.2992 7.07072 6.51506 6.84469 3.22853 4.61595 2.27489 1.51833 15.7904 11.6451 1.04339 17.1348
internal_count=20769 17833 2112 15721 13840 5971 3318 3011 2936 1297 2610 2151 234 7869 6353 4627 116 1881 880 670 640 1001 210 524 253 169 756 552 140 815
cat_boundaries=0 5 9 13 17 21
cat_threshold=18264 587749506 1101661208 402653248 1 3263340547 268435456 100696320 2049288 274501794 2356282369 2249252896 570556960 637534208 268697860 402915392 2164337924 2483593218 473957376 72409120 1611301376
is_linear=0
shrinkage=0.05


Tree=27
num_leaves=31
num_cat=3
split_feature=22 2 13 4 0 22 22 7 2 5 3 7 4 21 13 0 4 15 11 20 17 18 7 8 19 18 0 10 11 13
split_gain=3.43673 2.31345 2.52726 2.23716 2.18204 4.05508 2.5968 3.449 2.58647 2.88467 1.95234 1.87668 1.83563 1.77683 1.73985 1.9327 2.17252 1.7998 2.3461 1.7355 2.03258 3.02667 2.09915 1.73375 2.10175 2.85171 1.83374 1.721 2.12937 1.68021
threshold=0 -0.45339264834843612 0.1001049135265988 8.7829000000000015 0.80190570976642739 1 2 0.80500000000000016 -0.28209439348842857 235430118.50000003 282978.42130000005 0.45500000000000007 22.724100000000004 0.1082709215239336 0.10019474215153103 0.25127285126227478 3.8075500000000004 3.5000000000000004 0.10045812008862588 0.41845265237878104 89.500000000000014 10.500000000000002 1.7450000000000003 0.60500000000000009 7.5000000000000009 8.5000000000000018 0.10427511499136526 0.036080090027370622 0.10743801652892568 0.09956941702123713
decision_type=9 2 2 2 2 9 9 2 2 2 2 2 2 2 2 2 2 2 2 2 2 2 2 8 2 2 2 2 2 2
left_child=3 2 -2 11 6 -6 7 -3 9 10 -9 -1 14 -7 29 16 -16 18 -18 20 -5 -22 -23 -8 -25 26 -26 -15 -29 -10
right_child=1 4 -4 19 5 13 23 8 12 -11 -12 -13 -14 27 15 -17 17 -19 -20 -21 21 22 -24 24 25 -27 -28 28 -30 -31
leaf_value=0.058711521790736937 0.012889494490673295 0.04691833200932656 0.11522811212406395 -0.018317170197946177 -0.010903245025360431 0.091410097086388906 -0.026138209214688509 0.039887507140782159 0.021850360002689393 0.078293790450339018 -0.073993595976650547 -0.035890489748172931 0.044440244665065402 0.074084937736970974 0.081954570605918431 0.047564390692827405 0.054010031334167465 -0.058480140064677603 -0.027947601522648337 0.07169192828088429 -0.044379574599910994 0.013001413154223275 0.13678281175383888 -0.0045730348944391479 0.11419553045537148 0.0052467568593494709 -0.0067024535402568563 0.0077017432732398305 0.043531839315510662 -0.012856842086418688
leaf_weight=0.54380827856173652 1.7366818033971463 5.6038287267417948 0.92436206566742374 9.5775557064936923 10.066857604151556 1.1861115412375998 8.7002349783646178 0.86553115729292718 4.0970926531136653 2.3867488076577672 0.66589635963778449 14.568800319118287 2.3199024872202463 1.8500049879102132 0.70619459145004082 3.3718108296156899 1.5374587429999098 1.4589673103757261 2.0209984224939603 0.71644037303283958 0.76225717712873242 0.63489421634790211 0.74373880043026475 113.85315553951111 1.1915505830364157 4.6292413309070639 0.42570088863797639 9.5344513932798325 7.3379863199288016 23.421607203511627
leaf_count=52 118 257 80 1371 1095 68 948 98 405 88 71 1428 253 259 57 429 127 68 139 147 23 103 166 7369 64 1716 128 1343 748 1551
internal_value=-0.000399894 0.00201879 0.0484387 -0.0143516 0.00152013 0.0139966 -0.000589739 0.00831434 0.00520629 0.0439285 -0.00963035 -0.0324864 0.00130944 0.0213433 -0.00142337 0.0175351 -0.000155252 -0.0117121 0.00746282 -0.00385321 -0.00847187 0.0355724 0.0797785 -0.00425474 -0.00302373 0.025215 0.0823722 0.0283043 0.0232846 -0.0076895
internal_weight=237.44 209.892 2.66104 27.5475 207.231 29.9754 177.256 48.456 42.8522 3.91818 1.53143 15.1126 38.934 19.9086 36.6141 9.09543 5.72362 5.01742 3.55846 12.4349 11.7184 2.14089 1.37863 128.8 120.1 6.24649 1.61725 18.7224 16.8724 27.5187
internal_count=20769 17479 198 3290 17281 3513 13768 3543 3286 257 169 1480 3029 2418 2776 820 391 334 266 1810 1663 292 269 10225 9277 1908 192 2350 2091 1956
cat_boundaries=0 5 9 13
cat_threshold=272910168 587747474 1092813848 2550136896 1 101228546 284560429 310648832 84017412 201367552 72615277 403972160 625485060
is_linear=0
shrinkage=0.05


Tree=28
num_leaves=31
num_cat=5
split_feature=22 4 17 7 22 4 22 8 13 13 4 11 14 19 22 22 15 14 9 2 2 14 17 18 7 6 18 9 10 14
split_gain=3.311 3.41484 2.31241 2.05418 3.7367 3.00188 2.74412 2.25752 1.9994 2.2217 1.94389 1.91585 1.79217 1.7794 2.39668 2.00858 2.41359 2.49732 2.02981 3.88825 2.29145 2.33213 1.74713 1.90066 2.12785 1.71623 1.66116 1.7342 1.65637 1.8389
threshold=0 9.073850000000002 90.500000000000014 1.0950000000000004 1 9.6612500000000008 2 0.76500000000000012 0.1001540832049307 0.099818921661690943 8.7829000000000015 0.12362606183896292 0.50036284470246739 5.5000000000000009 3 4 1.5000000000000002 0.22749774977497753 -2.2506010134247183 -0.33731075784674835 -0.30865458543058349 0.93120351588911443 69.500000000000014 10.500000000000002 1.6250000000000002 4.7037000000000004 20.500000000000004 3.6934154322875727 0.066771162683112409 0.18227964928472545
decision_type=9 2 2 2 9 2 9 8 2 2 2 2 2 2 9 9 2 2 2 2 2 2 2 2 2 8 2 2 2 2
left_child=1 -1 -3 4 7 26 28 -2 9 -9 -11 -7 -4 14 -8 -15 17 -17 -18 -20 -21 22 -22 -24 -25 -19 27 -6 -5 -30
right_child=3 2 12 6 5 11 13 8 -10 10 -12 -13 -14 15 -16 16 18 25 19 20 21 -23 23 24 -26 -27 -28 -29 29 -31
leaf_value=-0.036384498957419999 -0.038103524457908412 -0.010039669808297465 0.093968009033045377 0.01103418711056053 0.02097455264890849 0.055867870357887719 0.0085364538932122553 -0.04306720298728281 -0.032615313590224411 0.040410000136322094 -0.0089277328840197696 -0.0011595776419259006 -0.0022401259843509535 -0.0076812652229941896 -0.0087009739063573805 0.0027366595429731654 -0.020387319835864653 0.1129085102377797 0.10580677363181959 -0.06632991968233222 -0.018259121696006523 0.086165187189596662 0.11349529092340356 0.073102686010656601 -0.0083714580257318785 0.04932013031379167 -0.027403304178144551 -0.030751225417359786 0.0080900410591632846 -0.015722885263609841
leaf_weight=14.384428614778203 5.6171234688050076 8.9019848019485632 1.0607107713431094 9.0699881808418379 21.484805517799977 8.0950080021724471 33.04832239749355 1.5951215683248836 3.555626987345561 5.1525895769279071 3.2592565676896612 1.8003017332318041 0.89037826564640443 7.5209028587267568 28.001032496308497 1.637266294577336 2.8105605427384335 1.7828114663584242 1.3758408937950477 0.77988628364892321 2.8304728459022623 1.2531577390201958 0.61826938745798532 1.1986440870812205 2.4179934714420597 2.62123280201439 2.307866453937776 1.7525981936295938 9.6624126625514375 50.371418464462934
leaf_count=1463 282 1357 103 1161 1031 416 2061 126 227 215 120 67 166 1501 2039 136 241 184 43 14 523 125 14 139 539 478 224 119 762 4893
internal_value=-0.000409613 -0.014617 0.000765252 0.00188631 0.0103273 0.0172458 -0.000930163 -0.00752506 -0.000408988 0.0110344 0.0212936 0.0454926 0.0500635 0.00477749 0.000603348 0.0160489 0.0192814 0.0554606 0.0173426 0.0274666 0.0156202 0.0233033 0.0121537 0.0324807 0.0186311 0.0750615 0.0130551 0.0170733 -0.0077586 -0.0118902
internal_weight=236.858 25.2375 10.8531 211.621 54.6203 35.4406 157 19.1797 13.5626 10.007 8.41185 9.89531 1.95109 87.8964 61.0494 26.847 19.3261 6.04131 13.2848 10.4743 9.09842 8.31854 7.06538 4.23491 3.61664 4.40404 25.5453 23.2374 69.1038 60.0338
internal_count=20769 3089 1626 17680 2827 1857 14853 970 688 461 335 483 269 8037 4100 3937 2436 798 1638 1397 1354 1340 1215 692 678 662 1374 1150 6816 5655
cat_boundaries=0 5 9 13 17 21
cat_threshold=18264 2735231106 1093346328 2550136928 1 2459049991 268445696 8421376 1075725064 1346670753 141788209 2190477604 580911104 2323644420 268445960 4456513 88700805 176160772 10252 266305 84497301
is_linear=0
shrinkage=0.05


Tree=29
num_leaves=31
num_cat=3
split_feature=22 4 7 22 4 22 17 4 2 1 7 9 8 10 1 1 3 2 8 18 9 13 2 21 11 20 13 13 6 9
split_gain=3.04083 2.24264 2.01852 3.37849 3.03198 2.57387 2.77934 2.24834 2.94968 2.17819 2.05586 2.26172 2.04167 1.96697 3.72694 2.38745 1.98191 2.00795 1.91869 2.82168 2.14874 2.12377 2.35461 2.11183 2.02919 1.7261 1.69704 2.01507 1.81345 1.61859
threshold=0 8.2144000000000013 1.0950000000000004 1 9.6612500000000008 2 54.500000000000007 4.7125500000000011 -0.1382733645205094 0.0014316399604837884 0.55500000000000016 2.9952398803289819 0.76500000000000012 0.088695791582380237 0.0066110735855053901 0.0032529143078848803 268065.13065000006 -0.23016283277332636 1.1850000000000003 22.500000000000004 3.629947293933911 0.099756690997566802 0.079350614522878296 0.25128865979381448 0.10650004550120461 0.43785112359550565 0.1001540832049307 0.099818921661690943 4.8241500000000004 -5.5724071048783346
decision_type=9 2 2 9 2 9 2 2 2 2 2 2 8 2 2 2 2 2 8 2 2 2 2 2 2 2 2 2 8 2
left_child=1 -1 3 12 10 6 7 8 -4 -6 11 -5 -2 16 15 -15 -12 -18 -8 20 21 24 -23 -21 -20 -3 27 -14 -29 -19
right_child=2 25 5 4 9 -7 18 -9 -10 -11 13 -13 26 14 -16 -17 17 29 19 23 -22 22 -24 -25 -26 -27 -28 28 -30 -31
leaf_value=-0.040325230798450282 -0.035536558900687527 -0.011871695122751541 0.16149411767219321 0.053595320793241807 0.017825450167373129 0.003894690176455877 -0.022791482056575166 0.0033790713462881743 -0.0009814888468678742 0.064841232109183231 0.067297367341157099 -0.02304659360610932 -0.041563700639551567 0.016354886381874819 0.079250598258549312 -0.059838078034046394 -0.066930204922607858 0.047255851756414627 -0.013829495786212016 0.10869660036752569 -0.032546266811903167 -0.023955926605095934 0.034826622780222499 -0.031545317270971381 0.1064004941034499 0.076220297090321409 -0.029809381886256776 0.039522908060835721 -0.007492136128686786 -0.016380949637964885
leaf_weight=9.6173725855442402 5.7849815209878512 10.004933219701211 0.53657080312437699 4.6987814115683788 4.3531379661838496 98.025139938497915 31.468043123683344 14.613796794209902 0.58270498344824406 5.6750389386886013 0.74534370364861757 1.2106065077339279 1.5708045670280899 6.3654650868316462 2.1041734065751143 1.2261665464613569 1.6800403140053957 1.1812479147736201 0.56011782240386565 0.94026712341815144 5.4675540152566091 4.931575241706355 2.6026466642288142 0.37569390325825225 0.9397444819356906 0.58880016459866702 3.5432210638608117 4.965013327540075 3.4946459505750918 6.4840964788495716
leaf_count=1000 286 1446 120 222 224 8894 2014 2612 134 270 138 66 128 342 96 78 70 28 85 49 293 411 177 466 93 86 230 207 130 374
internal_value=-0.000413434 -0.0152831 0.00160976 0.00994646 0.0164971 -0.00114173 -0.00827997 0.00861003 0.0769079 0.0444321 0.0120153 0.0378943 -0.00703161 0.00428632 0.0203688 0.00404854 -0.0111667 -0.0174247 -0.0156507 -0.00144472 -0.00780632 0.00716664 -0.00364989 0.0686589 0.0615011 -0.00697554 -6.33784e-05 0.0104443 0.0201012 -0.00657437
internal_weight=236.338 20.2111 216.127 55.0828 35.7241 161.044 63.0187 15.7331 1.11928 10.0282 25.6959 5.90939 19.3587 19.7865 9.69581 7.59163 10.0907 9.34538 47.2856 15.8176 14.5016 9.03408 7.53422 1.31596 1.49986 10.5937 13.5737 10.0305 8.45966 7.66534
internal_count=20769 2532 18237 2889 1908 15348 6454 2866 254 494 1414 288 981 1126 516 420 610 472 3588 1574 1059 766 588 515 178 1532 695 465 337 402
cat_boundaries=0 5 9 13
cat_threshold=280408 587747458 1090651160 2550136928 1 2459049991 268445696 8421376 1075790600 272666785 7570465 2193172772 578813952
is_linear=0
shrinkage=0.05


Tree=30
num_leaves=31
num_cat=4
split_feature=22 4 6 8 22 22 8 2 17 7 22 0 1 10 17 18 2 13 6 3 8 11 13 8 21 20 4 10 18 3
split_gain=2.93194 2.54317 2.16236 1.83601 5.22813 3.07289 2.73927 2.58531 3.64969 2.74784 2.47467 3.75365 2.25053 4.29511 2.39209 2.12418 2.09816 3.63475 2.51639 2.91353 3.41254 2.07595 2.02264 2.02223 1.94265 2.4882 2.40707 1.85271 1.82256 1.69744
threshold=0 6.0484000000000009 1.4281500000000003 1.4150000000000003 1 2 2.0350000000000006 -0.20308429761305832 39.500000000000007 1.6450000000000002 3 0.62634989633990801 0.0024945434293243145 0.10247471335319654 104.50000000000001 5.5000000000000009 -0.079875316250370518 0.10080972987149218 5.2768000000000006 254019.32995000001 0.70500000000000007 0.10429447852760744 0.1000368461088459 1.3650000000000004 0.19308213716108455 0.22845894263217101 19.064350000000001 0.10454791687186053 11.500000000000002 634421.48695000017
decision_type=9 2 10 8 9 9 10 2 2 2 9 2 2 2 2 2 2 2 10 2 10 2 2 8 2 2 2 2 2 2
left_child=1 -1 -3 5 6 16 24 8 -7 12 11 23 13 -10 -14 29 17 18 19 20 -2 -11 -23 -9 27 -26 -27 -5 -22 -6
right_child=3 2 -4 4 15 7 -8 10 9 21 -12 -13 14 -15 -16 -17 -18 -19 -20 -21 28 22 -24 -25 25 26 -28 -29 -30 -31
leaf_value=-0.046784284833210871 -0.06071608338581444 0.097412535710791948 -0.013033571119447524 0.05380554218064653 0.13805173002776724 0.090054072353916145 0.0060290281926170799 -0.016807300958187294 0.097558653408240326 -0.02661634662583558 0.012091188520841723 0.015570668105607297 0.029840130130926373 0.0084890882192005853 -0.027797164231614685 -0.014157560025942754 -0.0014292034653552446 0.05748549547844635 -0.043184019630525552 -0.017680258833779935 0.1380510507746209 -0.012582295663995685 0.047143814816543575 0.068763707203416333 0.055345802792423349 -0.042699570139775281 0.083656795253788038 0.11318318779708772 3.0362818059916213e-05 0.00093245962356801088
leaf_weight=6.5656686826268382 0.47751014318773854 0.45581276770940604 15.974472865384312 5.4296153455227643 0.41792761580811344 1.6950727080386254 4.6203477048648116 34.65168389697147 2.778467195887063 5.3937920313203431 20.988055157180483 13.89388945325585 6.2235924155757356 2.639090109402332 2.5327488742077549 20.097020917034527 45.689268921341409 1.5103685597165384 9.5597476504722447 18.812647410203098 0.82534207878143184 2.8902920282647528 2.7818655612290968 0.70446360192057156 3.3810141312695592 1.6398108298157583 0.48939428179170352 1.733024832149624 0.33678620250839231 0.49071695801449522
leaf_count=735 41 17 2171 265 163 239 639 2570 103 188 2110 1359 155 92 133 2469 4161 124 691 903 90 74 57 53 363 418 83 68 84 151
internal_value=-0.000392077 -0.0142736 -0.00996955 0.00170003 0.0116929 -0.000397145 0.024702 0.00531573 0.0190327 0.014263 0.000812377 -0.00536072 0.0288401 0.0541696 0.0131687 -0.00730097 -0.00732653 -0.0181985 -0.0220073 -0.0121089 0.0518145 -0.00440828 0.0167099 -0.0151023 0.0510019 0.0286825 -0.0136568 0.0681722 0.0980525 0.0639999
internal_weight=235.68 22.996 16.4303 212.684 38.2989 174.385 17.2932 97.173 26.9349 25.2398 70.2381 49.25 14.1739 5.41756 8.75634 21.0057 77.2117 31.5224 30.012 20.4523 1.63964 11.0659 5.67216 35.3561 12.6729 5.51022 2.12921 7.16264 1.16213 0.908645
internal_count=20769 2923 2188 17846 4619 13227 1836 7133 1041 802 6092 3982 483 195 288 2783 6094 1933 1809 1118 215 319 131 2623 1197 864 501 333 174 314
cat_boundaries=0 5 9 13 17
cat_threshold=12605272 2734706834 1092748312 2550136928 1 1880006788 71403524 717750277 1844737 1913561221 4230144 579383333 1835521 2147483682 466981 71368960 1176653976
is_linear=0
shrinkage=0.05


Tree=31
num_leaves=31
num_cat=5
split_feature=22 7 22 22 18 4 3 11 4 18 0 13 4 7 9 10 2 10 4 14 22 4 18 14 15 22 7 4 17 2
split_gain=2.70879 1.94336 3.05213 2.50654 2.22194 2.15194 2.65552 2.51689 2.38265 1.95825 2.0869 2.18023 1.89761 1.82235 1.7977 3.77585 3.32663 1.76823 2.45232 1.68052 2.79104 2.72337 2.44565 1.71157 1.65523 1.64575 4.04119 3.13429 1.84503 1.61214
threshold=0 1.0950000000000004 1 2 20.500000000000004 9.6612500000000008 5295759.4477000004 0.12362606183896292 2.4379000000000004 20.500000000000004 0.014432972215088645 0.10005920663114266 22.466400000000004 1.155 -1.7586217841088101 0.019332747510251828 -0.14148951020684034 0.093274955620372288 6.9129500000000013 0.653950103950104 3 6.0484000000000009 19.500000000000004 0.63349834983498365 10.500000000000002 4 1.5550000000000004 13.832250000000002 34.500000000000007 -0.4359122999964522
decision_type=9 2 9 9 2 2 2 2 2 2 2 2 2 2 2 2 2 2 2 2 9 2 2 2 2 9 2 2 2 2
left_child=-1 2 5 4 24 6 8 -7 -2 10 -10 17 13 -5 15 -4 -16 18 -12 20 23 -21 25 -15 -3 26 27 -23 -27 -22
right_child=1 3 14 12 -6 7 -8 -9 9 -11 11 -13 -14 19 16 -17 -18 -19 -20 21 29 22 -24 -25 -26 28 -28 -29 -30 -31
leaf_value=-0.016530483531536737 0.060088336285827063 0.013606143352552029 0.082713787951288822 -0.039949135256630949 -0.021856013783094295 0.056018490445948893 -0.052843591327380583 -0.01319183227723536 -0.039574597549799001 -0.041144144779908562 0.052487740711870304 0.046758572088862443 0.018800998066773877 -0.017420128090867928 -0.049401581624137485 -0.0020084275928255431 -3.6589283257729716e-05 -0.023391797040808956 -0.030471522130733286 -0.049460776568861595 0.087273970410228635 0.099833726808576634 0.030877594986553882 0.059881353229286907 -0.034548852044321801 0.052387491651667506 -0.011026276801418676 -0.016912856595430622 -0.029052669071539555 0.0074665105021145184
leaf_weight=13.431320678256538 3.0007870949520976 45.535743009499967 1.5045617705644954 4.1766817317065081 5.4994571343247562 7.3947570244348508 1.3711814232792665 1.5973467195391746 1.4481860363302974 1.5889319025488919 2.8635693302558121 5.7249858949932673 7.2864156722038862 26.978054911050474 5.2543857589230205 10.443771489933701 9.7370789503793755 3.0619334008429178 1.2930719455927713 4.9289497919371064 0.64386597579750215 1.9072574311716315 3.3532145602467827 0.73559901192311272 1.8572828724912245 0.72176866135188689 4.9880423339367539 0.82296071440300966 19.073562386928081 36.765846775857213
leaf_count=1875 191 3632 56 297 826 334 42 53 60 146 158 284 1150 2769 250 536 673 129 66 497 50 120 574 83 114 386 614 53 1303 3448
internal_value=-0.000355063 0.00131238 0.00939598 -0.00136109 0.00691979 0.017418 0.0143537 0.0437241 0.0192079 0.0115315 0.0173472 0.0237159 -0.00539422 -0.00758497 -0.00423551 0.00865999 -0.0173386 0.005441 0.0266803 -0.00624553 -0.00146195 -0.0149483 -0.00943721 -0.0112933 0.011719 -0.0143506 0.00685679 0.0646432 -0.0173291 0.00697548
internal_weight=234.991 221.559 56.2845 165.275 52.8925 29.3448 20.3526 8.9921 18.9815 15.9807 14.3917 12.9436 112.382 105.096 26.9398 11.9483 14.9915 7.21857 4.15664 100.919 65.1234 35.7958 30.8668 27.7137 47.393 27.5136 7.71826 2.73022 19.7953 37.4097
internal_count=20769 18894 2978 15916 4572 1463 1076 387 1034 843 697 637 11344 10194 1515 592 923 353 224 9897 6350 3547 3050 2852 3746 2476 787 173 1689 3498
cat_boundaries=0 5 9 13 17 21
cat_threshold=1880 2734702722 1090651160 402653248 1 1078247584 141755493 39332193 545260548 2315788294 344205576 675315776 1095269389 72384640 142148613 2182961444 33554432 76546177 134217732 101976100 33536
is_linear=0
shrinkage=0.05


Tree=32
num_leaves=31
num_cat=4
split_feature=22 1 7 8 9 15 15 2 7 13 4 22 4 7 2 4 6 17 15 8 14 22 2 22 4 7 20 2 4 2
split_gain=2.51763 1.72979 2.0928 1.86266 2.43256 1.62322 2.17103 3.30549 2.60855 2.46852 2.32018 2.21449 2.14674 1.99642 1.8928 2.23557 1.72705 1.69747 1.56792 1.52849 1.55885 2.43612 1.96236 1.91899 2.67333 1.94302 1.74444 1.71506 1.70547 1.90505
threshold=0 0.099999999999999992 2.4950000000000006 1.175 -0.76957686666261893 11.500000000000002 6.5000000000000009 -0.22316887670978378 0.8650000000000001 0.1001771480574908 9.199250000000001 1 21.022900000000003 1.4950000000000003 -0.35253703873178566 8.6583500000000004 1.2682500000000003 94.500000000000014 5.5000000000000009 0.59500000000000008 0.653950103950104 2 -0.09580133450837218 3 15.273150000000003 3.4750000000000005 0.1404052936311001 1.0821692228760533 4.7125500000000011 -0.3736542036362287
decision_type=9 2 2 8 2 2 2 2 2 2 2 9 2 2 2 2 8 2 2 8 2 9 2 9 2 2 2 2 2 2
left_child=-1 5 3 4 -3 6 11 -8 -9 10 13 18 16 -10 15 -7 -13 -14 -2 -18 23 28 -23 24 -21 -26 -24 -28 -22 -30
right_child=1 2 -4 -5 -6 14 7 8 9 -11 -12 12 17 -15 -16 -17 19 -19 -20 20 21 22 26 -25 25 -27 27 -29 29 -31
leaf_value=-0.013544509226455854 0.011998052622409543 0.037819458854812936 0.10901282566332576 0.051556397934965109 -0.03883220320900381 0.10365339780749903 0.062290661993823271 0.059193604683969503 0.051381237341814594 0.038413413767923663 -0.028213305788794919 -0.038086344641910116 0.01238036982746421 -0.021390533214751314 -0.034146267112379385 -0.031990422062252992 -0.028223441821741725 0.089452334568716929 -0.029581473456115406 0.0064330292591941998 -0.063983798299916947 -0.041960308239724416 0.04018634667591553 -0.0059973414250001382 0.078359274918386276 -0.015612615906700204 -0.02037900047313233 0.0580386588655913 -0.063996983924052883 0.03148196448281404
leaf_weight=21.667149033043593 44.853907735597723 1.9242995971878682 0.68062899030110191 2.4469468878814666 2.2398017676876369 0.59404538794706219 3.3873303303558826 2.1602419858336814 2.1896532935154469 3.2559111956669531 7.0618406165328764 3.9623392374225466 9.5224703296961728 1.6546612686786799 5.9788969835611274 0.6216126482618165 6.4286923039455379 0.77235982995580421 2.387979471060361 31.729548968610935 0.57486494361403728 8.3083888586677279 1.4337913022422935 39.534575262429904 2.2853037251009876 0.72445035975637484 16.965268662470397 0.72714090769264217 0.56010676251867053 7.767434666212238
leaf_count=2751 3240 97 89 210 160 113 263 81 121 301 505 344 1329 198 851 59 778 86 102 2494 53 595 54 3254 192 119 1589 20 17 704
internal_value=-0.000380067 0.00152571 0.0255295 0.0169346 -0.00341021 0.000748019 0.00159468 0.0173426 0.00801469 0.000208007 -0.0111978 -0.000143803 -0.00349048 0.020059 -0.0225821 0.0342935 -0.00562119 0.0181626 0.00816744 -0.00452209 -0.00314458 -0.0116308 -0.015882 0.00100716 0.00831218 0.0557402 -0.0128574 -0.0171561 0.00909445 0.0250601
internal_weight=234.402 212.734 7.29168 6.61105 4.1641 205.443 198.248 19.7096 16.3223 14.1621 10.9062 178.539 131.297 3.84431 7.19456 1.21566 121.002 10.2948 47.2419 117.04 110.611 36.337 27.4346 74.2739 34.7393 3.00975 19.1262 17.6924 8.90241 8.32754
internal_count=20769 18018 556 467 257 17462 16439 1469 1206 1125 824 14970 11628 319 1023 172 10213 1415 3342 9869 9091 3032 2258 6059 2805 311 1663 1609 774 721
cat_boundaries=0 5 9 13 17
cat_threshold=4462424 2734702738 1090651160 402784864 1 134217728 67436908 739278917 1692754972 101744641 136848384 2181300226 6144 1887584419 281186305 11034624 2164294017
is_linear=0
shrinkage=0.05


Tree=33
num_leaves=31
num_cat=4
split_feature=22 4 0 22 22 7 2 21 15 13 21 4 17 7 21 8 11 4 20 5 13 13 19 10 22 0 13 7 4 5
split_gain=2.4356 3.26618 1.67993 3.04677 1.89422 2.91813 2.14975 2.58467 1.54272 1.49515 1.4418 1.39845 1.38718 1.68626 1.61705 1.61211 4.67084 3.61191 2.38593 1.71267 1.69487 1.65109 3.05762 2.11525 2.40441 2.64524 2.49589 2.3499 2.12703 1.84819
threshold=0 9.9314000000000018 0.77832330264176108 1 2 0.71500000000000008 -0.28209439348842857 0.20112359550561801 9.5000000000000018 0.097704014393600783 0.1082709215239336 23.037750000000006 36.500000000000007 4.245000000000001 0.077677224736048281 1.4550000000000003 0.1137608429367797 13.832250000000002 0.32529069767441871 131457906.50000001 0.10009040911401247 0.10080972987149218 5.5000000000000009 0.1062002189353257 3 0.014432972215088645 0.10001661423892995 1.5350000000000004 19.887950000000004 270896773.89000005
decision_type=9 2 2 9 9 2 2 2 2 2 2 2 2 2 2 8 2 2 2 2 2 2 2 2 9 2 2 2 2 2
left_child=1 -1 4 -4 5 -2 7 -7 11 -6 -5 -8 13 -11 -14 21 18 20 -17 -20 -18 23 -23 24 25 26 -16 -27 29 -26
right_child=2 -3 3 10 9 6 8 -9 -10 12 -12 -13 14 -15 15 16 17 -19 19 -21 -22 22 -24 -25 28 27 -28 -29 -30 -31
leaf_value=-0.04191038029707058 0.057810339223344144 0.0036279653207733583 -0.0092191301116521084 0.078268219221031554 -0.055860686600587642 0.060942529165342291 0.0010453832502277675 -0.029956575735270993 -0.059063427218287889 0.029491571872607342 0.02260721428854387 0.04509965321362383 -0.049318648407598357 -0.056176716243728386 0.067445228538938876 0.007833041045285689 0.11142921909133266 0.0010554982997451653 0.026834518663642306 -0.05221637582572717 0.040041077656129707 -0.0011209597127581159 0.083875903597720458 -0.025332274814290026 -0.0047299920574695323 0.01399210150338342 0.0040518588175925485 -0.012910116387542324 0.026313126566071973 -0.023336201402674128
leaf_weight=9.8657871201408884 2.9572634669318196 6.5528737728273034 10.874706874995359 1.2298122290331743 1.3475047239143112 3.2903074401734491 29.550900921295455 1.0258605569762407 1.009485703996005 5.4328244300575355 21.557525723162705 1.9183478054430896 1.9390599645653583 0.64232768119575201 3.1601152125986109 9.9078991175776441 1.9367088494050215 2.4434421116682188 0.85317969415751704 3.4795010769067858 1.4568585480802765 4.0279873073101262 1.4350333377835225 13.702379923559887 26.523487420008365 16.41316031753081 3.0524209658540258 16.059996119603568 3.4686955385528782 26.865000683840336
leaf_count=1100 140 992 1258 80 228 146 2218 139 148 1820 2724 184 50 413 88 1148 170 165 60 214 103 176 227 749 1760 877 71 1459 371 1491
internal_value=-0.000409392 -0.0147511 0.00129159 0.0116203 -0.000528813 0.00801038 0.00618492 0.0393378 0.00177917 -0.00321629 0.0177999 0.00373091 -0.00294475 0.0204338 -0.00398354 -0.00333134 0.00973901 0.0474077 -0.00570084 -0.0366499 0.0807823 -0.00561906 0.0212061 -0.00696051 -0.0043257 0.00509022 0.036298 0.000687281 -0.0098884 -0.0140926
internal_weight=233.98 16.4187 217.562 33.662 183.9 39.7522 36.7949 4.31617 32.4787 144.148 22.7873 31.4692 142.8 6.07515 136.725 134.786 20.0776 5.83701 14.2406 4.33268 3.39357 114.708 5.46302 109.245 95.5429 38.6857 6.21254 32.4732 56.8572 53.3885
internal_count=20769 2092 18677 4062 14615 2975 2835 285 2550 11640 2804 2402 11412 2233 9179 9129 1860 438 1422 274 273 7269 403 6866 6117 2495 159 2336 3622 3251
cat_boundaries=0 5 9 13 17
cat_threshold=1054552 587219074 1090659352 402653280 1 369926274 16649517 277086208 84017412 201859074 72614253 403963968 624960516 46153760 279654416 2189428736 3954840
is_linear=0
shrinkage=0.05


Tree=34
num_leaves=31
num_cat=3
split_feature=22 4 20 3 11 9 8 13 22 2 22 15 3 5 2 16 13 3 2 8 21 9 13 8 8 8 2 2 3 11
split_gain=2.20974 2.69953 2.36488 1.6336 1.62159 2.27172 3.22864 1.50742 1.97312 2.13621 1.67504 2.0641 1.67537 1.8428 1.8769 1.62359 1.5857 1.66816 2.23616 1.53655 1.5051 1.46153 3.31249 1.61247 2.48595 2.30042 1.87548 2.56858 1.79765 1.77003
threshold=0 11.759800000000002 0.43785112359550565 542152.9593000001 0.0078456276069104602 -0.46488472433408029 1.175 0.10059171597633133 1 -0.47634589083675244 2 5.5000000000000009 1172632.0233000002 223018687.22000003 -0.28209439348842857 1.5000000000000002 0.10046838664385062 4831276.447900001 0.64144312968949058 0.94500000000000006 0.18684093684093686 -4.4784174110558945 0.099882697584051786 2.2650000000000001 1.2250000000000003 0.96500000000000008 0.31553373885832764 -0.15268340980216569 3164844.2911000005 0.093366093366093458
decision_type=9 2 2 2 2 2 8 2 9 2 9 2 2 2 2 2 2 2 2 10 2 2 2 10 8 10 2 2 2 2
left_child=1 -1 3 -3 5 -2 20 8 9 -6 12 -12 13 14 -9 -15 17 21 -19 -16 -7 22 -11 24 25 28 27 -26 -23 -29
right_child=4 2 -4 -5 7 6 -8 10 -10 16 11 -13 -14 15 19 -17 -18 18 -20 -21 -22 23 -24 -25 26 -27 -28 29 -30 -31
leaf_value=-0.036219198381956912 0.052454405673521998 -0.039353913132435275 0.12029015343294824 0.018565699246664371 0.090755195464631178 -0.05378898852568436 0.045467132670308323 0.084063208044288837 -0.0040458236011507104 -0.040536467800977187 -0.028739421345318646 0.043829130518644642 -0.0084725711707932232 0.095311775605054994 -0.048082368252015763 0.013264106645077173 0.049594727087296973 -0.033902910118303937 0.03614403565044156 0.037232625859357778 0.018026187265718429 0.004887772604081627 0.05534706745801049 -0.041898472367401733 0.053617327898431405 -0.020226715733817624 0.074853793863240106 0.042958391030970877 0.060525530088476109 -0.018558381134801027
leaf_weight=11.314122446110114 3.6487429946653691 1.942036660324084 0.42002349468911848 3.2626520833149044 0.75942049622380992 2.2217164472027648 2.4560531880295713 0.95669892288015024 134.80815185519856 1.1694993142819985 5.9599478492615381 1.1726876659813283 1.2667264014721693 2.8957705581662343 0.93954854444520108 0.76151695958264998 2.0411799549249769 5.2377583960044367 1.4561183675832579 1.2041483359002993 1.086308391110691 18.333366063261977 3.9198485055961783 1.7599329902572538 3.2999454751991584 9.8713561310393967 1.7493577663418083 1.6159116625392318 1.5766540559603459 4.2309703375855108
leaf_count=1389 198 376 46 384 33 98 257 63 12298 106 840 126 79 197 99 86 153 220 33 158 148 1310 163 222 165 660 121 266 60 415
internal_value=-0.000416213 -0.0139248 0.00616411 -0.00304597 0.00122791 0.0215813 0.00203811 0.000361657 -0.000837748 0.0063437 0.0155415 -0.00699761 0.0197205 0.0541876 0.0258293 0.0782279 0.00633185 0.00470319 -0.0186656 -0.000159591 -0.0302059 0.00799455 0.0333136 0.00495814 0.00698541 -0.000491178 0.0274204 0.0183486 0.00929367 -0.0015569
internal_weight=233.338 16.9388 5.62471 5.20469 216.399 9.41282 5.76408 206.987 191.829 57.0213 15.157 7.13264 8.02441 6.75768 3.1004 3.65729 56.2619 54.2207 6.69388 2.1437 3.30802 47.5268 5.08935 42.4375 40.6776 29.7814 10.8962 9.14683 19.91 5.84688
internal_count=20769 2195 806 760 18574 701 503 17873 16225 3927 1648 966 682 603 320 283 3894 3741 253 257 246 3488 269 3219 2997 2030 967 846 1370 681
cat_boundaries=0 5 9 13
cat_threshold=4199768 2734702722 1124205592 402653280 1 2382364672 67567916 542376005 1162179596 2148171778 407897153 68214816 539659776
is_linear=0
shrinkage=0.05


Tree=35
num_leaves=31
num_cat=4
split_feature=22 0 7 22 8 4 13 22 15 13 2 18 8 18 9 11 11 1 9 7 7 20 3 4 22 21 2 7 11 10
split_gain=2.17801 2.71769 1.5641 2.73362 2.61478 2.52173 2.23632 2.07759 1.83773 1.61642 1.89764 1.48836 1.85817 1.45254 1.49604 1.44058 1.54237 1.45447 1.83491 1.77151 1.43538 1.58691 1.78318 2.24571 1.4401 1.83719 3.45181 1.70699 1.9656 1.70139
threshold=0 0.56980824217102366 1.0950000000000004 1 0.74500000000000011 9.6612500000000008 0.1001540832049307 2 17.500000000000004 0.099818921661690943 0.057858672778945415 20.500000000000004 1.0350000000000004 20.500000000000004 3.6934154322875727 0.12362606183896292 0.10664470768798444 0.0020820328755720712 -3.9968012805105695 0.80500000000000016 1.155 0.1404052936311001 3280349.9937000005 8.9681500000000014 3 0.11602982292637466 -0.25131675937711867 2.7150000000000003 0.10678371190050841 0.10777692734831086
decision_type=9 2 2 9 8 2 2 9 2 2 2 2 10 2 2 2 2 2 2 2 2 2 2 2 9 2 2 2 2 2
left_child=1 -1 3 4 -2 13 9 8 11 -6 -11 -4 -13 14 -5 16 17 -7 -19 -20 -9 -22 24 -24 -23 26 -26 28 -28 -27
right_child=2 -3 7 5 6 15 -8 20 -10 10 -12 12 -14 -15 -16 -17 -18 18 19 -21 21 22 23 -25 25 29 27 -29 -30 -31
leaf_value=-0.034334664282755153 -0.045406419503956783 0.015352842626829569 0.012082384174784383 0.016415069341121608 -0.038696381342168872 -0.013461595366139832 -0.038316017495813336 -0.032565642220588283 -0.044525211203751872 0.046089241700733773 -0.0018165014482916823 -0.049459579131819142 0.011084401073113604 -0.028245176520107315 -0.030839555336379866 -0.0015292343754317746 0.080152398093797469 -0.0080696148718528895 0.005233998066265684 0.081306290132354908 -0.027469052622336738 -0.00743927298427665 -0.045467633560189687 -0.00028407927035269684 0.11503929580260858 0.0058029139247213713 0.068135992314035013 -0.041977912806780281 -0.0089438851042317209 -0.0219144408515526
leaf_weight=12.212328918500956 4.3164544068467334 3.5525285144588343 45.568874233164777 23.074764263288671 1.3923213631431952 1.3117710732221874 2.9768761405409512 4.6649229760294721 1.642566221369633 3.722386312281655 4.6488801318913247 2.3184963984010656 2.7952026684833982 2.3368027897693073 1.8060111014539604 1.9108863311947022 2.4459822352252019 1.2279531539652726 1.0295262264401692 2.981858637476563 6.8589871651901566 31.471879340117411 5.1883367748189908 5.8515059450895848 1.0358323820280189 43.643816752468112 1.7226874593282553 1.0519570753140568 1.5909190024558126 6.3409474911925079
leaf_count=1418 241 854 3677 1147 113 73 202 318 135 137 177 266 474 248 128 71 132 58 59 139 724 3682 335 272 32 4812 77 112 59 597
internal_value=-0.000409614 -0.0141575 0.00118737 0.00851086 -0.00742203 0.0139316 -0.000378524 -0.00123774 0.00631778 0.0111885 0.0194854 0.00921208 -0.0163656 0.00944514 0.012985 0.0378983 0.0462723 0.0336225 0.0454109 0.0617823 -0.00497361 -0.00421968 -0.00259077 -0.0215188 -0.000184982 0.00447271 0.0329823 0.0135124 0.0311286 0.00228676
internal_weight=232.694 15.7649 216.929 55.1825 17.0569 38.1256 12.7405 161.747 52.3251 9.76359 8.37127 50.6826 5.1137 27.2176 24.8808 10.908 8.99709 6.55111 5.23934 4.01138 109.422 104.757 97.8979 11.0398 86.858 55.3862 5.4014 4.36556 3.31361 49.9848
internal_count=20769 2272 18497 2925 870 2055 629 15572 4552 427 314 4417 740 1523 1275 532 461 329 256 198 11020 10702 9978 607 9371 5689 280 248 136 5409
cat_boundaries=0 5 9 13 17
cat_threshold=5464 2734706818 1091179544 402653280 1 2190614535 268445696 8421376 1075462920 2315788294 343943432 675315776 1095269897 340050560 137364517 2149845284 2717908992
is_linear=0
shrinkage=0.05


Tree=36
num_leaves=31
num_cat=4
split_feature=0 22 22 15 11 5 2 17 8 22 7 20 7 9 22 2 0 20 13 6 8 0 7 9 0 2 3 6 7 3
split_gain=1.93123 2.90297 2.74228 2.80716 2.54223 3.59801 2.72827 2.00861 2.28006 3.43417 2.67881 2.78622 2.71822 2.63386 2.54049 3.13468 2.48649 2.05661 2.41215 1.92739 2.85733 1.85615 1.86804 2.41248 1.81997 2.34875 2.00579 1.77724 1.74292 1.85052
threshold=0.62634989633990801 0 1 2.5000000000000004 0.098556671132605744 414218790.30500007 -0.32973409883607008 37.500000000000007 0.85500000000000009 2 1.2850000000000004 0.20245629897528636 1.5050000000000001 1.0826417866129037 3 -0.29481535311860219 0.16855475192461952 0.2828166858017605 0.09970781202644842 2.3492000000000002 1.0250000000000001 0.17196097054950779 1.5250000000000001 0.78314379004795776 0.67904247563158582 -0.056988950182003 1172632.0233000002 11.421250000000002 1.4750000000000003 988295.38195000018
decision_type=2 9 9 2 2 2 2 2 8 9 2 2 2 2 9 2 2 2 2 10 8 2 2 2 2 2 2 8 2 2
left_child=2 -2 3 27 5 -5 -6 -4 14 10 11 16 -12 -13 15 -9 -10 21 -19 20 -14 -17 23 -23 26 -26 -3 -1 -7 -30
right_child=1 24 7 4 6 28 -8 8 9 -11 12 13 19 -15 -16 17 -18 18 -20 -21 -22 22 -24 -25 25 -27 -28 -29 29 -31
leaf_value=0.013635769281390549 -0.0095244871844270603 0.010563760496346381 0.019260791374281563 -0.012702348041867581 0.053097736833661584 0.090826287928110205 -0.030224593910233178 0.061585898945746211 0.11963484841851871 -0.010426325490665043 -0.040431213781558159 0.04068019661114574 0.1470077656913297 -0.032564127657781536 -0.021682127063630551 -0.036701391377545689 0.016438058842884403 0.1122598193079427 0.0077026067353423086 0.0045567413521414284 0.014979301306690894 0.083501656610625488 -0.031052443026878648 -0.020303708895218417 0.11981125285411745 0.01069717121998087 0.073794252074502562 0.055945947545852394 0.078423393925912591 -0.023083616035930607
leaf_weight=26.872302319053926 13.646822551485576 2.3415668212070306 6.8966033086081486 5.1663388172232221 1.0863556987842731 1.6277286807246727 10.270246636148995 2.290711826159181 1.5414173676779319 47.728161568729377 3.1258521390812346 3.7806247624358207 0.60972871710896703 1.8174368330150512 31.45475177780034 4.5703939627441539 0.93946377764132183 0.72850227984434868 2.2718240811724399 16.386988583425143 1.2497146628938935 1.3138585450019498 1.6068308668301368 0.97511352908145443 0.50043554711356719 34.065370386368642 2.7009071030701364 2.7345322330426916 0.77744227223712403 1.062786955289212
leaf_count=1898 2116 421 2165 475 118 57 739 60 144 3249 201 153 32 112 2033 184 41 60 247 1085 122 85 162 39 123 4050 149 273 72 104
internal_value=-0.000411952 0.00794636 -0.00290026 0.00646555 -0.00670697 0.013742 -0.0222541 -0.00649121 -0.00847267 -0.00324938 0.00889979 0.0364483 0.00265035 0.0169011 -0.0173891 0.00474092 0.0805561 -0.00248065 0.0330899 0.0100308 0.0582727 -0.0150865 0.0102713 0.0392801 0.0130706 0.0122769 0.044432 0.0175436 0.0531371 0.0198001
internal_weight=232.141 53.2551 178.886 49.5977 19.9909 8.6343 11.3566 129.288 122.391 77.1794 29.4512 8.07894 21.3723 5.59806 45.212 13.7572 2.48088 11.4665 3.00033 18.2464 1.85944 8.4662 3.8958 2.28897 39.6083 34.5658 5.04247 29.6068 3.46796 1.84023
internal_count=20769 6859 13910 3736 1565 708 857 10174 8009 5139 1890 450 1440 265 2870 837 185 777 307 1239 154 470 286 124 4743 4173 570 2171 233 176
cat_boundaries=0 4 8 12 16
cat_threshold=68977282 81661076 285476896 285802788 201883776 72748356 403966048 625026316 4069671429 145268744 647174 1110179840 4457506 2415919137 2206203905 2424459408
is_linear=0
shrinkage=0.05


Tree=37
num_leaves=31
num_cat=4
split_feature=22 0 8 7 22 22 4 3 0 2 6 11 11 20 7 13 8 18 7 1 15 15 0 11 1 10 3 4 22 7
split_gain=1.82509 1.87336 1.7314 1.66759 2.48225 1.96779 1.77535 2.28537 1.91375 2.33761 2.04403 1.83408 1.79539 1.76056 1.75601 1.74462 1.93645 1.82954 1.99603 1.67202 1.66896 1.58094 1.58051 1.57782 1.5271 1.8658 1.48072 2.56536 1.59801 1.6567
threshold=0 0.57459860660410456 3.7150000000000003 1.0950000000000004 1 2 9.6612500000000008 5295759.4477000004 0.014432972215088645 -0.056988950182003 1.4743000000000002 0.12362606183896292 0.11037631721437795 0.1404052936311001 1.155 0.1001540832049307 0.81500000000000006 14.500000000000002 0.94500000000000006 0.019148915722148944 2.5000000000000004 17.500000000000004 0.44515765410089631 0.10089153242899536 0.032497307308818953 0.019332747510251828 3280349.9937000005 8.9681500000000014 3 1.2550000000000001
decision_type=9 2 8 2 9 9 2 2 2 2 8 2 2 2 2 2 10 2 2 2 2 2 2 2 2 2 2 2 9 2
left_child=1 -1 3 4 6 21 7 8 -2 12 -11 -8 -10 20 -15 16 17 18 19 -6 -7 -5 -17 24 -12 -26 28 -28 -16 -30
right_child=2 -3 -4 5 15 13 11 -9 9 10 23 -13 -14 14 26 22 -18 -19 -20 -21 -22 -23 -24 -25 25 -27 27 -29 29 -31
leaf_value=-0.036478447343512216 -0.027628445574814611 0.007668529106579643 0.04641263308961692 0.0088426841557498886 -0.0077771644329317369 -0.059526830255573482 0.051168057102117893 -0.049984246787882165 0.035458306931661437 0.072934246621946835 0.045911331674287278 -0.014567647368896156 0.10626818449567066 -0.036051808255059284 -0.0074020488424723814 -0.039435634249946394 0.014461715092169675 -0.046457706974107511 -0.045262288113422422 0.055712103513656033 -0.010519604398981575 -0.042574049149488126 0.01323660288398118 -0.03605886734285655 0.041234233695406651 -0.050520706496155893 -0.046523240128961571 0.0018982015345744209 0.033895075034714887 0.002718900915838489
leaf_weight=9.3597473076280462 1.9712992708134702 3.2331025333568837 2.0724091104541449 45.532276663381786 2.4486362658785676 2.8468149116390284 7.1062270600287274 1.3184781863337764 5.2049644305299312 1.0098161447476961 2.0522349448162345 1.2473496451062684 1.0811160082675995 4.1719910509737295 39.931029568455038 5.4216853489772481 13.47688315610238 3.1169098233493173 1.6807024963604176 1.7988054321647977 4.4573652736615941 1.5457759011915175 1.9316267011239885 2.382538628120713 0.93018948805104207 1.3701458245772498 5.0479573778819979 5.9707342116280415 4.6817976024205228 47.440841706441745
leaf_count=1141 63 684 333 3913 115 188 304 39 250 72 130 44 50 316 4697 352 684 146 95 79 616 121 220 119 83 77 332 279 302 4925
internal_value=-0.000488483 -0.0140149 0.000887182 0.000493605 0.00796711 -0.00207497 0.0161353 0.0132889 0.0185022 0.0249834 0.00659713 0.0413525 0.0476366 -0.005397 -0.00425045 -0.00333655 0.00245066 -0.0154455 0.000860193 0.0191107 -0.0296202 0.005901 -0.0255993 -0.003349 0.0145559 -0.0134176 -0.00296325 -0.020285 -0.000889862 0.00463079
internal_weight=231.841 12.5928 219.249 217.176 55.5496 161.627 25.6744 17.3208 16.0023 14.031 7.74493 8.35358 6.28608 114.549 107.244 29.8752 22.5219 9.04505 5.92814 4.24744 7.30418 47.0781 7.35331 6.73511 4.35257 2.30034 103.072 11.0187 92.0537 52.1226
internal_count=20769 1825 18944 18611 2922 15689 1231 883 844 781 481 348 300 11655 10851 1691 1119 435 289 194 804 4034 572 409 290 160 10535 611 9924 5227
cat_boundaries=0 5 9 13 17
cat_threshold=1368 570441858 1090651160 402653792 1 4505760 137561189 2186815840 545260548 2852659204 343945480 541098176 1095269645 340050464 2284848181 2150435108 572784768
is_linear=0
shrinkage=0.05


Tree=38
num_leaves=31
num_cat=4
split_feature=22 4 20 8 7 9 13 0 4 22 17 8 22 22 2 4 2 20 18 19 0 8 9 8 14 0 9 1 0 9
split_gain=1.76883 2.00272 1.70626 1.44517 1.40653 1.71952 1.75583 1.56098 1.4372 1.95944 1.99544 1.93475 2.87666 2.68088 2.14508 1.85155 2.09933 2.16179 2.04175 3.25036 2.68342 1.83341 2.35713 1.99406 1.89633 1.76858 1.84292 2.04805 1.69053 1.80241
threshold=0 11.376150000000001 0.43785112359550565 5.495000000000001 0.65500000000000014 -0.80290505674442392 0.10002367427559612 0.73120595892721074 20.835400000000003 1 34.500000000000007 0.90500000000000014 2 3 -0.30128940476819394 5.9052500000000014 0.10643289938749968 0.16287683031869082 12.500000000000002 6.5000000000000009 0.24760279904747912 2.6450000000000005 2.9570452275709429 1.5250000000000001 0.29561459667093476 0.0050134784854173079 4.8796644863462699 0.020891268232990038 0.0010794052073113418 -8.8370741197684328
decision_type=9 2 2 8 2 2 2 2 2 9 2 10 9 9 2 2 2 2 2 2 2 8 2 8 2 2 2 2 2 2
left_child=1 -1 -3 4 5 6 -2 -7 9 21 -11 13 25 14 -12 -16 17 -17 19 -19 -20 22 23 -6 -25 -13 -27 -28 -14 -30
right_child=3 2 -4 -5 8 7 -8 -9 -10 10 11 12 28 -15 15 16 -18 18 20 -21 -22 -23 -24 24 -26 26 27 -29 29 -31
leaf_value=-0.038888548382664458 0.053643138915541205 -0.0067410098755200185 0.10633721903913924 0.059278126594855762 0.00061487368365726962 -0.020807463722825905 0.007484440799915117 0.031224051275441228 0.012994874685363606 0.025388242513618976 0.06819935741365539 -0.025282363078898997 0.0435657518177981 -0.01778573986934346 -0.027337037519999819 -0.055141174924617266 -0.022373995262755228 -0.010133353285061614 0.10216989795276528 0.094985057197265479 -0.0055288653009946641 -0.061962171208141882 0.033786712090795951 -0.021802240840348597 0.070566744425792194 0.01688773683465903 -0.040692304343940187 0.032614888594886288 0.051687449552226386 -0.015801691354708561
leaf_weight=8.3262054516266399 4.1486897570497074 4.3145234315085395 0.36155578318908244 1.0559140826445048 34.137853474471257 4.3696007542526578 4.0925921553547937 2.1510829048427382 18.110982279859797 5.2162226152755116 1.4135885650456277 3.3455940039904197 1.3222416398269476 39.364034930836546 3.6004617741051268 0.70906903905631491 2.8459153464191331 3.1656603860660724 1.9290063277182983 0.95790429784625519 0.82604182113004743 0.92191284764612547 8.0472912533751337 0.77077182937350075 1.9908846939115532 31.964722781918198 3.0220271968932471 1.3914623639584958 1.0170010968291752 36.311454256641198
leaf_count=1109 163 740 47 153 2565 248 143 142 2123 1972 48 170 71 2641 192 37 337 203 93 59 141 126 644 111 250 2656 229 208 78 3070
internal_value=-0.000486617 -0.0136696 0.00200223 0.000884857 0.000641656 0.0155416 0.0307209 -0.00364299 -0.000445163 -0.00176611 -0.00461507 -0.00613665 -0.00109698 -0.0133428 0.00576217 0.00357899 0.0142476 0.0279833 0.036552 0.0142857 0.0698787 0.00643373 0.00926802 0.00392082 0.0447868 0.00759468 0.012706 -0.0175804 -0.0095294 -0.013963
internal_weight=231.202 13.0023 4.67608 218.2 217.144 14.762 8.24128 6.52068 202.382 184.271 138.402 133.186 78.3745 54.8117 15.4476 14.0341 10.4336 7.58768 6.87861 4.12356 2.75505 45.8687 44.9468 36.8995 2.76166 39.7238 36.3782 4.41349 38.6507 37.3285
internal_count=20769 1896 787 18873 18720 696 306 390 18024 15901 12205 10233 6482 3751 1110 1062 870 533 496 262 234 3696 3570 2926 361 3263 3093 437 3219 3148
cat_boundaries=0 5 9 13 17
cat_threshold=1880 587219074 1099039768 402653280 1 1208123522 201654600 536905796 1690383885 3063431205 4854785 235692288 19660800 2151677953 2416969760 2551185440 2164408720
is_linear=0
shrinkage=0.05


Tree=39
num_leaves=31
num_cat=4
split_feature=0 22 22 15 7 16 17 8 22 22 15 0 20 4 17 7 7 13 4 14 4 2 2 10 19 13 4 4 11 9
split_gain=1.62289 2.67552 2.33004 2.95236 2.9283 1.81383 1.74338 2.01783 2.85964 2.28845 2.24542 2.72525 2.90697 2.48917 2.24491 2.08603 2.07156 2.01118 1.9589 1.92545 2.69595 2.17975 1.8981 1.86456 1.79533 1.94374 1.86382 1.62865 1.60161 1.55124
threshold=0.62634989633990801 0 1 2.5000000000000004 0.80500000000000016 3.5000000000000004 37.500000000000007 0.85500000000000009 2 3 7.5000000000000009 0.0010794052073113418 0.33213429256594729 3.3899500000000002 58.500000000000007 1.3150000000000002 0.65500000000000014 0.09964569721390594 5.6352000000000011 0.18227964928472545 4.5844500000000012 -0.41893116896806148 -0.26182473186673388 0.084829833565218005 6.5000000000000009 0.099780299519892882 7.4962500000000007 24.00055 0.03722504447620912 -1.2300258419574548
decision_type=2 9 9 2 2 2 2 8 9 9 2 2 2 2 2 2 2 2 2 2 2 2 2 2 2 2 2 2 2 2
left_child=2 5 3 -1 -5 -2 22 9 10 17 11 -9 13 -13 -15 18 29 -8 -16 23 -21 -22 -4 28 25 -17 -26 -23 -10 -11
right_child=1 -3 6 4 -6 -7 7 8 19 16 -12 12 -14 14 15 24 -18 -19 -20 20 21 27 -24 -25 26 -27 -28 -29 -30 -31
leaf_value=0.017946579790690094 0.017110953533241987 -0.0040586706158564434 0.081428330382679798 0.055189220971468 -0.015454826245926099 0.055625447950092381 0.063895720331140493 0.069153829741316578 0.011542518004184266 0.036759954309448693 0.070012226108561573 -0.050369639465834538 -0.026093669279348787 -0.015506939546277769 0.01204541960214325 0.066381181543711143 -0.028545010103647152 0.0034728876713302007 0.083887679416338373 -0.058258687199259356 0.048926673386126912 -0.01671232150658895 0.0072573446277377236 0.026355132768718044 -0.0071321188989963355 -0.0052928245550387786 0.087792686987020183 0.029456583320972979 -0.058129891908218871 -0.029219695631169346
leaf_weight=27.482622637429763 19.930580983505319 29.72643104127004 1.0046021513592007 1.6234685775523328 15.211967784161322 3.6107646190256721 1.6374008098240427 1.7024380440157134 1.7985828421692587 2.2650892762396073 1.5339851183724693 1.4295203800732625 6.1778671364426136 3.9080346987244807 1.5000943919155805 1.0926982958526403 32.028934087867512 8.6655828950664056 2.5820028049465691 3.4020832013778479 1.4224137103593282 34.563615847936319 6.1006308822137703 5.9468483472754201 0.79526612251606765 7.0419406215365825 1.4784706595440864 2.0218922244367823 1.5235750015089733 1.4683149420825348
leaf_count=2010 2016 4445 225 105 1355 398 81 50 82 76 185 131 335 408 78 61 2203 518 122 383 92 2165 1987 360 73 290 149 165 159 62
internal_value=-0.000507778 0.00714588 -0.00280581 0.00640153 -0.00864251 0.0161556 -0.00590877 -0.00771172 -0.00290769 -0.0160465 0.00829145 0.00786688 0.00385482 0.0131859 0.0181241 0.0271942 -0.0190966 0.00663535 0.057487 -0.00919201 -0.0156167 -0.0117998 0.0177443 0.00959379 0.0153136 0.0043349 0.0545916 -0.0141608 -0.0204099 0.0108107
internal_weight=230.678 53.2678 177.41 44.3181 16.8354 23.5413 133.092 125.987 79.9213 46.0653 29.2423 27.7083 26.0059 19.828 18.3985 14.4905 35.7623 10.303 4.0821 50.679 41.41 38.0079 7.10523 9.26901 10.4084 8.13464 2.27374 36.5855 3.32216 3.7334
internal_count=20769 6859 13910 3470 1460 2414 10440 8228 5288 2940 1882 1697 1647 1312 1181 773 2341 599 200 3406 2805 2422 2212 601 573 351 222 2330 241 138
cat_boundaries=0 4 8 12 16
cat_threshold=1082138624 134311944 71917892 1748270601 201359488 72617284 403966048 625026316 2996453893 145268744 614662 1110181888 786466 2415919136 2155872257 2424328336
is_linear=0
shrinkage=0.05


Tree=40
num_leaves=31
num_cat=5
split_feature=0 22 22 8 14 22 20 6 9 17 13 0 8 17 22 9 22 18 2 11 4 15 20 14 3 6 4 7 7 17
split_gain=1.45569 2.5244 2.18614 2.77455 1.92431 3.02471 2.18072 1.94234 2.83614 1.8413 1.73432 1.797 2.04734 1.79814 1.71855 1.62151 1.82756 3.41974 1.66443 1.85689 2.03698 1.67529 1.61041 1.60838 1.70227 1.605 1.75963 2.64242 1.80741 1.66941
threshold=0.62634989633990801 0 1 0.83500000000000008 0.58339380745041136 2 0.15430402930402934 9.3513000000000019 3.9449468882680754 131.00000000000003 0.1009091660467807 0.29384634073571458 1.0150000000000003 88.500000000000014 3 -0.19235394235393996 4 12.500000000000002 0.94856860251519026 0.1022430255689372 9.3709000000000007 2.5000000000000004 0.21483516483516488 0.79985486211901324 1202134.02615 6.1072500000000014 9.2579000000000011 2.6550000000000007 0.9850000000000001 65.500000000000014
decision_type=2 9 9 10 2 9 2 8 2 2 2 2 10 2 9 2 9 2 2 2 2 2 2 2 2 10 2 2 2 2
left_child=2 -2 3 25 5 6 -4 15 -9 -8 11 13 -13 -7 -5 16 17 23 19 -18 21 -21 -23 24 -6 26 27 28 -1 -30
right_child=1 -3 4 14 7 10 9 8 -10 -11 -12 12 -14 -15 -16 -17 18 -19 -20 20 -22 22 -24 -25 -26 -27 -28 -29 29 -31
leaf_value=0.041740822271403341 -0.0095472049790367979 0.011480829911583222 -0.029375499464424165 0.0092717572702291761 -0.035306872350433345 -0.034455568099634189 0.013702408393951399 -0.0069052758374967549 0.059961912190061008 -0.043563848391009047 0.037894055723543207 -0.019603356475783668 0.035972383914674069 -0.0060329865900856615 -0.0087941967779421194 -0.031802565192492832 -0.051990930203671029 0.06732098673355956 0.039294103115042965 -0.020425947006885024 -0.044816386902597261 0.094508161106817867 -0.0014744321943087927 -0.057442463350836526 0.047248136150842869 0.046573803277559868 -0.030334171764273044 0.10348038426974551 0.037934941963398514 -0.023659999708597008
leaf_weight=3.3976200015482334 12.945802134920099 40.394734848552773 3.5277206012451492 13.420186103909286 1.0409100373007056 14.774884360187103 38.715092372013132 12.625247510517573 1.8135678280412992 1.4564821208622323 1.4936126132495378 3.6542493642760965 3.0321837312666631 8.9266904865895622 20.521899960226371 16.421542451600089 5.8153036727823206 2.6073761285499586 0.89257328159146787 1.9666302750177496 2.8762932156549255 0.88005198915658389 0.86807330941729077 1.1202107591940516 1.5606316062594769 5.1612409434344846 1.9453780743093592 0.89790948574260276 1.5742940867349231 3.6517223017817741
leaf_count=146 2028 4831 207 855 81 1179 2643 1300 103 252 138 539 442 421 1711 1434 558 108 14 128 243 60 74 93 53 529 172 104 201 122
internal_value=-0.000499128 0.00673981 -0.0026851 0.00558285 -0.00597085 -0.00139561 0.00676753 -0.0140026 0.00149349 0.0116261 -0.0111957 -0.0172928 0.0055993 -0.0237508 -0.00151049 -0.0202091 -0.0105097 0.00907392 -0.0152133 -0.0313973 -0.0132275 0.0112314 0.0468457 -0.00735192 0.0142168 0.0234195 0.0129978 0.0218511 0.0133517 -0.00510503
internal_weight=229.98 53.3405 176.64 50.5703 126.069 75.5809 43.6993 50.4884 14.4388 40.1716 31.8816 30.388 6.68643 23.7016 33.9421 36.0496 19.6281 6.32913 13.2989 12.4064 6.59105 3.71476 1.74813 3.72175 2.60154 16.6282 11.4669 9.52155 8.62364 5.22602
internal_count=20769 6859 13910 3840 10070 5821 3102 4249 1403 2895 2719 2581 981 1600 2566 2846 1412 335 1077 1063 505 262 134 227 134 1274 745 573 469 323
cat_boundaries=0 4 8 12 16 20
cat_threshold=68977282 349965460 319029280 285802788 201883776 72747332 403966049 625026316 2160477731 276833433 71303168 312393745 201326592 71434564 134479936 66816 1082130432 136380449 2157969408 1331328
is_linear=0
shrinkage=0.05


Tree=41
num_leaves=31
num_cat=2
split_feature=1 7 22 6 11 3 8 9 6 2 11 4 7 21 15 0 22 2 2 8 11 2 6 5 4 17 0 13 5 0
split_gain=1.34905 1.64216 1.59143 2.4907 2.65111 1.44071 1.36738 2.25161 1.27384 1.24059 2.27403 1.64497 2.14407 1.81394 1.89832 1.17619 1.53343 2.42917 1.60572 1.68266 1.79784 1.58076 2.1987 1.7837 1.91281 1.80402 1.56012 1.42644 1.3195 1.29859
threshold=0.099911174290084573 2.4950000000000006 0 1.9949500000000002 0.052163511545662511 194236.14945000003 1.175 -0.49030535085189392 2.0959000000000008 -0.41893116896806148 0.11230426990693367 3.7155000000000005 0.55500000000000016 0.16035714285714289 2.5000000000000004 0.51529495227586997 1 -0.34583762226585762 -0.11253451562264492 0.83500000000000008 0.10833333333333341 0.25737452074981587 6.1072500000000014 514933539.66000003 14.379000000000001 38.500000000000007 0.19376358101358818 0.10019102214178334 274086449.4550001 0.13609157607632391
decision_type=2 2 9 8 2 2 8 2 8 2 2 2 2 2 2 2 9 2 2 10 2 2 10 2 2 2 2 2 2 2
left_child=2 6 3 4 -1 -5 7 -2 -7 10 -4 12 -11 14 -14 16 17 -10 -18 20 29 23 -23 24 25 -19 -26 -17 -29 -20
right_child=1 -3 9 5 -6 8 -8 -9 15 11 -12 -13 13 -15 -16 27 18 21 19 -21 -22 22 -24 -25 26 -27 -28 28 -30 -31
leaf_value=-0.033498774352553197 0.032034450532554923 0.083484079453701954 0.00094971439693552855 0.052501174889199975 0.050555298862785217 -0.059453743767293801 0.039458533701461976 -0.036043233558634459 0.030416159049989483 0.02259004343812325 0.08581153830628574 -0.0035319263760303339 -0.038258821698116979 -0.053458153345378658 0.056234196301987595 0.0058554677510144768 0.037556467753608422 0.050286610063467879 -0.04795877863014833 -0.023011158552470708 0.073305152690230926 -0.040388917967748933 0.042939024448205326 -0.042044980393648221 -0.0049099740895535973 -0.023370252972965539 0.093236170947952002 -0.030288238096591182 0.055053495241957712 0.034954578773446099
leaf_weight=1.144117436889444 2.2692856717748242 0.88513892048848664 3.0387787840341494 1.4044565530314219 5.2098067937838692 0.85155780695904937 2.7937259307835518 2.6132248198182264 3.1525323128940199 1.8672733158348345 1.0664793738171736 142.33365253341293 1.2868476215346336 5.1994370798848024 0.90551313723582882 13.86482154729754 5.1096513169828697 0.89806911191374084 0.88521386192668527 3.590861497332682 1.260708465740606 1.1979332812322803 2.3340513859234804 7.0018415042397057 0.88947387641462572 11.1802169774405 0.74323370757866769 0.53630257822014415 2.9133006402828556 1.0122450667859579
leaf_count=82 149 111 169 364 377 62 293 198 64 111 147 14082 99 706 89 1201 265 172 32 238 40 47 113 352 36 525 91 143 332 79
internal_value=-0.000477279 0.0189967 -0.0012321 0.0049248 0.0354201 0.00246813 0.0115607 -0.00440219 0.0012444 -0.00387689 0.0229954 -0.00486036 -0.0252815 -0.0373745 0.000769732 0.00215809 -0.00263003 -0.00796475 0.00890337 0.000402335 0.0270237 -0.0162405 0.0146769 -0.0215126 -0.0110273 -0.0178936 0.0397677 0.0130139 0.0417856 -0.00372666
internal_weight=229.44 8.56138 220.878 65.1804 6.35392 58.8265 7.67624 4.88251 57.422 155.698 4.10526 151.593 9.25907 7.3918 2.19236 56.5705 39.256 27.3974 11.8587 6.74903 3.15817 24.2448 3.53198 20.7128 13.711 12.0783 1.63271 17.3144 3.4496 1.89746
internal_count=20769 751 20018 4615 459 4156 640 347 3792 15403 316 15087 1005 894 188 3730 2054 1400 654 389 151 1336 160 1176 824 697 127 1676 475 111
cat_boundaries=0 4 8
cat_threshold=134217728 339804524 743440455 1690657820 0 4259840 742391877 1678000136
is_linear=0
shrinkage=0.05


Tree=42
num_leaves=31
num_cat=4
split_feature=0 22 22 15 7 8 6 22 0 11 19 0 9 20 22 8 9 4 1 5 2 20 0 18 11 2 11 14 11 7
split_gain=1.27961 2.42723 1.92337 2.34726 2.5212 1.8572 2.07864 1.87227 2.1714 1.92392 1.8072 1.60651 2.21557 1.60348 3.10477 3.03289 2.37968 2.22528 2.17349 2.36721 2.81572 2.61304 2.1203 2.09815 2.44012 1.85844 2.26145 1.97186 1.60324 2.23652
threshold=0.62634989633990801 0 1 2.5000000000000004 0.80500000000000016 0.72500000000000009 8.7451000000000025 2 0.24760279904747912 0.11091626176271611 3.5000000000000004 0.038333697379392843 -8.8370741197684328 0.24357284113381678 3 1.7050000000000003 5.1428356847642478 11.986950000000002 -0.0039087952030043551 173150537.50000003 0.12093652833472669 0.14449845338046843 0.55363910953016282 15.500000000000002 0.10650004550120461 -0.0031990601353716337 0.10758441906720002 0.068198311122839431 0.097443245320275512 1.3650000000000004
decision_type=2 9 9 2 2 8 8 9 2 2 2 2 2 2 9 10 2 2 2 2 2 2 2 2 2 2 2 2 2 2
left_child=2 -2 3 -1 -5 6 -4 8 -7 -10 -8 12 -9 15 22 18 -17 -16 -13 25 -21 -22 23 -15 -25 26 27 -20 -14 -30
right_child=1 -3 5 4 -6 7 10 11 9 -11 -12 13 28 14 17 16 -18 -19 19 20 21 -23 -24 24 -26 -27 -28 -29 29 -31
leaf_value=0.016159051436084641 0.015277689205429707 -0.0038861718648763228 -0.02483698386368581 0.054326992117165657 -0.013562586645833895 -0.026955119104981953 0.065683773899774089 -0.057639875118032008 -0.011929364631310044 0.040420575823224968 -0.0056725907270706068 -0.030090938703879067 -0.0015834493061400699 0.049621435425514802 -0.037287412398728466 0.080980405646383813 -0.018462118432101111 -0.0048113075151877526 0.10733400340135224 -0.014624073983608397 0.10319859871879289 0.012035739674979999 -0.049893174747222942 -0.059201281875059776 0.048251696187562525 -0.037711873722146259 0.13350552365736484 0.0082999251476708075 0.059264615563614398 0.01411739608460664
leaf_weight=27.456295139693708 22.485634137868608 30.898758657706558 20.612264603810292 1.5009229697191724 15.389290977084384 17.495275757099424 1.1699454199762289 1.0513283507846249 5.7052116379862579 2.5348674017648349 3.6731324902637468 4.7620629992516461 7.5998964871341483 5.445790790166269 13.094440760512724 2.1732780379014609 0.8318928092882486 8.8326707791857739 0.68588478999120761 11.232190283483368 1.000631940645589 3.665494807466068 0.85471576512117042 1.1305244576451516 0.99189212521469006 0.61283975303574578 0.74898920880133335 1.8812188675907746 3.861320232390951 9.4729310383553038
leaf_count=2026 2283 4576 1672 103 1391 1196 87 140 829 189 551 228 336 555 1389 195 60 843 51 589 28 219 93 124 64 89 51 193 190 429
internal_value=-0.000458769 0.00631956 -0.00252102 0.00582355 -0.00752968 -0.00537728 -0.0179112 -0.00286669 -0.012234 0.00417487 0.011565 0.00149312 0.0131878 -0.00268642 -0.0106174 0.00603655 0.0534527 -0.0166239 0.00024161 0.00752681 -0.00106172 0.0315852 0.0113183 0.0331862 -0.00898411 0.0422801 0.0570632 0.0347601 0.0167448 0.0271911
internal_weight=228.852 53.3844 175.467 44.3465 16.8902 131.121 25.4553 105.665 25.7354 8.24008 4.84308 79.93 21.9855 57.9445 30.35 27.5945 3.00517 21.9271 24.5893 19.8272 15.8983 4.66613 8.42292 7.56821 2.12242 3.92893 3.31609 2.5671 20.9341 13.3343
internal_count=20769 6859 13910 3520 1494 10390 2310 8080 2214 1018 638 5866 1095 4771 3068 1703 255 2232 1448 1220 836 247 836 743 188 384 295 244 955 619
cat_boundaries=0 4 8 13 17
cat_threshold=1082138624 134303752 74015044 1756659201 201621636 72615236 940836960 625026060 4727880 855719978 3238008200 2550565376 1 2953854978 10651648 10485764 257
is_linear=0
shrinkage=0.05


Tree=43
num_leaves=31
num_cat=3
split_feature=13 22 1 21 0 21 7 5 21 1 8 7 21 14 21 19 17 7 9 7 20 3 2 22 4 0 22 17 3 14
split_gain=1.242 1.47894 1.63298 1.45477 2.4048 1.76455 1.66883 1.63422 1.58033 2.05613 1.49439 1.4355 1.29858 1.27214 1.4824 1.41624 1.24728 1.3967 1.50426 1.73765 1.50623 1.21998 2.47683 1.61575 1.57493 3.06944 2.15106 2.93436 2.44039 2.32516
threshold=0.10080972987149218 0 0.099911174290084573 0.19098277608915909 0.021400317277347265 0.19433516915814322 1.8050000000000004 95545479.860000014 0.16475270781678195 0.0066110735855053901 1.1250000000000002 2.5350000000000006 0.1526806526806527 0.56011611030478969 0.29128787878787882 6.5000000000000009 107.50000000000001 1.2550000000000001 -2.1101933760161669 1.155 0.1937129690585912 5295759.4477000004 -0.024254034598862158 1 10.123600000000001 0.002372310941781133 2 91.500000000000014 1014854.8845 0.60043541364296094
decision_type=2 9 2 2 2 2 2 2 2 2 10 2 2 2 2 2 2 2 2 2 2 2 2 9 2 2 9 2 2 2
left_child=1 3 21 6 -5 -6 -1 -7 9 12 -11 -4 -8 14 15 -2 17 18 -9 20 -20 23 -23 -3 25 -25 -26 -28 29 -29
right_child=13 2 11 4 5 7 8 16 -10 10 -12 -13 -14 -15 -16 -17 -18 -19 19 -21 -22 22 -24 24 26 -27 27 28 -30 -31
leaf_value=-0.031028271027355 0.010735838165716717 0.0078855972565488458 0.017946966618778565 -0.041391931731054751 0.040017126624955851 0.069184792166403816 -0.033578523964238632 -0.028587362056178012 -0.031472414322225549 0.0039011211498398988 0.076198212998411036 0.094127523020600873 0.041543462888651551 -0.0098553695840142772 0.099284685287823193 0.073379156589651579 -0.041375371409378275 -0.0096885457771844971 -0.050188360442702452 0.10565398643315155 0.050818935475239302 -0.061565175063005566 -0.0044550304222984024 0.028604175728045508 -0.0073971922158559454 -0.011685631872708987 0.0067144658422798268 0.053822515954422827 0.085049320786734897 -0.030407910786285765
leaf_weight=12.899156608353225 5.6697985892833298 50.50786119600248 4.9923891011057426 3.1480685637640873 3.1423357001105527 0.78105499587932925 2.4341131781673426 0.87167672000202889 3.2315714748207043 1.3386018845198608 1.5336980271808469 0.70580297541218318 0.75331327286487226 3.2431578943592427 0.65881795531714704 1.0730007903692351 2.0302229805498646 8.663151619280212 0.54592583851923793 0.85377774339183066 1.1393983181269076 2.3020320952069193 10.830310997249061 5.1977451661716136 19.392295679506447 52.224974861607983 22.283279997072921 1.9963848086001683 2.4141259487387288 1.3896322904481619
leaf_count=626 383 3846 442 187 71 262 183 105 242 100 65 80 48 436 252 128 421 1697 20 51 147 128 452 215 2302 4805 2609 205 92 169
internal_value=-0.000418829 -0.00123459 0.0010004 -0.0084878 -0.00107033 0.00597085 -0.019391 -0.00121647 -0.00323496 0.0118237 0.042505 0.027383 -0.0158243 0.0162572 0.0276989 0.0207044 -0.00511513 0.000982003 0.0280845 0.04754 0.0180997 0.000167771 -0.0144661 0.00140439 -0.00225321 -0.00803871 0.00426985 0.011032 0.0466393 0.0192541
internal_weight=228.248 217.603 174.237 43.3661 21.1756 18.0275 22.1905 14.8852 9.2913 6.05973 2.8723 5.69819 3.18743 10.6448 7.40162 6.7428 14.1042 12.0739 3.41078 2.5391 1.68532 168.539 13.1323 155.406 104.898 57.4227 47.4757 28.0834 5.80014 3.38602
internal_count=20769 19570 15345 4225 2961 2774 1264 2703 638 396 165 522 231 1199 763 511 2441 2020 323 218 167 14823 580 14243 10397 5020 5377 3075 466 374
cat_boundaries=0 5 9 13
cat_threshold=2147647560 2859483266 1157653512 402784768 1 134488064 67305836 2823815233 566555797 575144070 794640 823328 103809280
is_linear=0
shrinkage=0.05


Tree=44
num_leaves=31
num_cat=2
split_feature=22 17 7 9 13 0 14 20 14 18 21 0 18 4 9 22 5 8 20 5 15 8 2 13 4 20 19 0 8 3
split_gain=1.20985 1.71527 1.40589 1.89923 1.9545 1.3287 1.50524 1.38104 1.22847 1.34335 1.22739 1.1924 1.16398 1.41544 1.39883 1.29498 1.9171 1.59925 2.09608 2.96439 1.94657 1.82866 1.64287 1.80097 1.54126 2.10725 1.49394 1.68175 1.89631 1.45079
threshold=0 61.500000000000007 0.65500000000000014 -1.8013748345501899 0.1000878928769109 0.65335470368215798 0.23570261437908499 0.30816714150047492 0.51696611781192148 7.5000000000000009 0.17274535809018571 0.22705211874945316 29.500000000000004 22.466400000000004 1.9556487413093684 1 44652829.750000007 0.90500000000000014 0.20881425253890681 2676214291.8850007 4.5000000000000009 0.9850000000000001 -0.28209439348842857 0.10001661423892995 6.6591000000000014 0.16736694677871153 5.5000000000000009 0.35696397376461625 1.135 306323.33025000006
decision_type=9 2 2 2 2 2 2 2 2 2 2 2 2 2 2 9 2 8 2 2 2 10 2 2 2 2 2 2 10 2
left_child=1 8 3 4 -2 6 7 -5 9 -1 -11 -10 13 15 -15 17 -17 22 19 20 21 -19 23 -4 25 -22 27 28 -23 -20
right_child=2 -3 12 5 -6 -7 -8 -9 11 10 -12 -13 -14 14 -16 16 -18 18 29 -21 24 26 -24 -25 -26 -27 -28 -29 -30 -31
leaf_value=-0.026905005177387139 0.063584977663592432 -0.021811758905115195 -0.02429475812786179 0.041342075618970513 0.0056848444427170337 0.02897015538395057 -0.042117474342316691 -0.035938693957222552 -0.043034761362815109 0.060705809462999832 0.0018944857050274188 0.0074371072363595067 -0.039895777095461785 0.00083835720436980198 0.035113308659450344 0.080906724264863936 0.0024195964904097887 0.061580806137463709 -0.036837126317825535 0.076654185588341625 -0.054522589251397913 -0.047902658004456158 -0.020555662399943012 0.036787109826164226 -0.04598523254623646 0.15691939730533214 -0.025736515337209227 0.060850589669373893 0.026901920565103078 -0.0035063245901375915
leaf_weight=1.0569600465584068 3.2951470779465453 16.733077301626366 2.086363859856827 1.5622068977942887 2.6135801118509221 2.6325488325829838 2.5216149192358728 0.91770320880368661 1.9649108661230625 2.2038278319824944 1.4849213842755871 2.893380972804998 1.8096442464635618 6.2931323166043835 5.648888864344201 0.78389483542325322 103.6928443082364 1.8943743207276558 3.8367223936602697 1.7324261353203372 0.23170807999485932 1.259800819905591 24.441376805343872 2.8623709102976704 2.3686645412895757 0.23976836061729045 2.4351532271705594 1.809814767331545 2.5869074190955104 21.900775793389265
leaf_count=241 131 1516 92 98 93 190 125 74 285 106 419 568 1805 872 551 201 7644 70 604 42 16 52 2193 72 197 137 177 99 118 1981
internal_value=-0.000402847 -0.00880253 0.00107867 0.0166911 0.0379743 0.000218117 -0.0149155 0.0127439 0.00469801 0.0227913 0.0370311 -0.012976 1.08939e-05 0.000398938 0.0170513 -0.000742883 0.00274569 -0.00556809 0.000101699 0.015264 0.00697209 0.01736 -0.0152364 0.0110353 -0.0295523 0.0530058 0.00700731 0.0211036 0.00240335 -0.00847499
internal_weight=227.795 26.3371 201.457 13.5428 5.90873 7.63407 5.00153 2.47991 9.604 4.74571 3.68875 4.85829 187.915 186.105 11.942 174.163 104.477 69.6862 40.2961 14.5586 12.8262 9.98605 29.3901 4.94873 2.84014 0.471476 8.09168 5.65652 3.84671 25.7375
internal_count=20769 3135 17634 711 224 487 297 172 1619 766 525 853 16923 15118 1423 13695 7845 5850 3493 908 866 516 2357 164 350 153 446 269 170 2585
cat_boundaries=0 5 9
cat_threshold=394586 2734705794 1101137432 402653280 1 339763744 274739220 2249797889 34769040
is_linear=0
shrinkage=0.05


Tree=45
num_leaves=31
num_cat=2
split_feature=22 13 7 9 13 4 11 5 4 22 17 8 2 18 11 7 21 5 21 3 20 21 1 0 17 11 2 16 1 9
split_gain=1.20391 1.25499 1.21768 1.91005 1.25946 1.9034 2.01174 1.93325 1.49655 1.56318 1.86261 3.59196 1.70501 1.50758 2.15433 2.44152 2.00706 1.89102 1.50349 1.48122 1.47936 2.30679 1.95624 1.93288 2.17059 3.41408 1.8822 1.87171 1.56262 1.36186
threshold=0 0.097704014393600783 0.39500000000000007 0.40629771779951979 0.099429102207543876 3.8673000000000006 0.080674128909596826 112635757.13500002 20.835400000000003 1 37.500000000000007 0.78500000000000014 -0.26182473186673388 9.5000000000000018 0.12143534833288151 1.1150000000000004 0.13284313725490199 89722345.900000021 0.10565476190476192 3164844.2911000005 0.27750275027502758 0.19264507422402163 -0.0029013566788725904 0.029805789926059461 101.50000000000001 0.10140321470463991 -0.12981769492223713 1.5000000000000002 0.0098752283233328759 1.4349965455066285
decision_type=9 2 2 2 2 2 2 2 2 9 2 8 2 2 2 2 2 2 2 2 2 2 2 2 2 2 2 2 2 2
left_child=-1 -2 3 -3 5 -4 -7 -8 9 13 11 -11 -13 17 16 -16 -15 -6 -14 29 21 26 -23 -24 28 -26 -18 -22 -25 -9
right_child=1 2 4 -5 8 6 7 19 -10 10 -12 12 18 14 15 -17 20 -19 -20 -21 27 22 23 24 25 -27 -28 -29 -30 -31
leaf_value=-0.0092763023139017017 -0.0377956628939842 0.062699071825588273 -0.043152466040898473 -0.0087543446109374246 0.054126199893245013 0.077817962678306679 0.10547903864284297 -0.022438670333967511 0.014485265014821556 0.080310548262159387 -0.0055912437833304978 0.064826479777559662 0.033969822836526692 0.060807471513838585 -0.0045800864033957644 0.093943950396284434 0.077676491735152536 -0.013158126427914245 -0.031399613004527559 0.083508258440592717 -0.028728824163390496 -0.04826027357030499 -0.059992557089305149 -0.025124569746231718 -0.012168033644332936 0.096514315627786618 0.018264569682842319 0.031838879496455801 0.025642376948682766 0.029459096466078728
leaf_weight=22.834275283713936 2.0573173789025239 2.0211634176247908 1.0795855134625947 1.7408178716865164 1.1530582423526414 1.5946734594664489 0.54052804723082193 3.15294878570176 16.402320380016732 1.8657822043002656 125.06904405897154 0.83660385469852361 1.2216779830566578 1.794052092858698 1.0084528054012474 1.6702768096324119 2.0730258677915572 11.067238662347156 3.1415071485647559 0.56576515522303328 5.1435345719583543 1.7239992329570064 0.9109978336471628 3.1541692976139171 1.2354881270948683 1.740636415324843 3.7348092771578711 1.6961819600233523 2.9180487724682962 2.1100499316839887
leaf_count=2758 375 119 174 102 179 226 160 417 1929 606 8927 120 132 34 21 113 100 849 1286 27 554 135 34 276 150 73 121 267 246 259
internal_value=-0.000387673 0.00100958 0.00145398 0.0296347 0.000920176 0.0191496 0.0275952 0.0150209 5.04907e-05 -0.00131683 -0.00388616 0.0207958 -0.000559223 0.00635655 0.0141492 0.0568529 0.0097706 -0.00680945 -0.0130964 0.00663232 0.00600737 0.0137171 0.000914778 0.00942716 0.0164164 0.0513967 0.0394708 -0.0137086 -0.000728142 -0.00163173
internal_weight=227.258 204.424 202.366 3.76198 198.604 9.04355 7.96397 6.36929 189.561 173.159 132.135 7.06557 5.19979 41.024 28.8037 2.67873 26.1249 12.2203 4.36319 5.82876 24.3309 17.4912 11.6833 9.95934 9.04834 2.97612 5.80784 6.83972 6.07222 5.263
internal_count=20769 18011 17636 221 17415 1263 1089 863 16152 14223 11071 2144 1538 3152 2124 134 1990 1028 1418 703 1956 1135 914 779 745 223 221 821 522 676
cat_boundaries=0 5 9
cat_threshold=132952 2734705794 1101137432 404750432 1 1073741826 202211593 671107140 1694770701
is_linear=0
shrinkage=0.05


Tree=46
num_leaves=31
num_cat=3
split_feature=22 21 17 1 15 14 13 14 2 0 9 15 0 22 22 9 9 13 21 3 14 8 17 17 5 19 6 10 17 1
split_gain=1.15935 1.75486 1.86618 1.72458 1.41409 1.8786 1.28774 1.42589 1.64336 1.81754 1.35643 1.12903 1.12499 2.27213 1.53614 2.35729 1.57187 1.62704 1.33877 1.29359 2.61559 1.74013 1.58196 1.74828 1.40392 1.28478 1.26042 1.19474 1.69546 1.21737
threshold=0 0.28187071144817627 61.500000000000007 0.0031436658246661868 3.5000000000000004 0.5675283411132469 0.10080972987149218 0.56011611030478969 -0.14148951020684034 0.10091606170487132 3.337637859495624 4.5000000000000009 0.77832330264176108 1 2 1.8908731456987684 2.9952398803289819 0.09985959942716173 0.1082709215239336 2141983.0931000006 0.78618080033174376 0.66500000000000015 88.500000000000014 84.500000000000014 87850716.580000013 4.5000000000000009 3.9617500000000008 0.10662305149300831 56.500000000000007 0.07975037811704179
decision_type=9 2 2 2 2 2 2 2 2 2 2 2 2 9 9 2 2 2 2 2 2 10 2 2 2 2 10 2 2 2
left_child=1 2 -1 -3 -4 -6 12 8 -8 -10 -11 -9 14 -14 15 19 25 -18 -15 20 21 -2 23 24 -23 -17 -19 29 -29 -20
right_child=6 3 4 -5 5 -7 7 11 9 10 -12 -13 13 18 -16 16 17 26 27 -21 -22 22 -24 -25 -26 -27 -28 28 -30 -31
leaf_value=0.00043876830513448124 0.04645065125781403 -0.018889930341289468 -0.035499420624936801 0.066964260294386985 -0.038368315070919035 0.081245876937670075 0.054264290347484527 -0.027127711497920343 -0.065103174840047684 0.047980357258280648 -0.053250813547660251 0.044233762239819965 -0.0085782696718695369 0.074182364608414028 -0.0036790044328045991 0.096183749795756501 -0.040546319941115405 -0.010010769018048433 0.008255024148426951 -0.016675825007799253 0.061191345374267403 0.0699084507086008 -0.032777558671090494 0.086247629863083805 -0.0072602263355811773 0.017295501061955633 0.065750621418853003 -0.0055413609194059858 0.069224417496769455 0.052398706768172654
leaf_weight=8.6728063270998259 1.8964498606102029 1.0695324738938148 11.198547422499812 1.2909338015976954 0.68066046407011416 0.63400475533831013 3.6724913676737998 2.2421025386403532 0.71991019417415314 1.6214268381395629 0.41575772568495484 0.7362838545636804 10.56872265295255 1.1303296369325817 135.10650448370922 1.5940024315736701 0.89107366821674849 0.85519367401308022 15.172227028614961 5.940927791442177 2.2047056062815917 0.65279480648997701 3.5645636870333419 0.6477245088899507 6.0678652321432835 0.7632357732339442 1.5332309415687602 1.1210496307079716 2.3431568381020043 1.7410141491458819
leaf_count=1175 190 509 629 649 52 54 198 290 55 303 58 80 1056 73 11091 59 109 67 1985 234 230 96 188 16 542 114 124 166 161 216
internal_value=-0.00039285 -0.00900539 -0.0173861 0.0280635 -0.0297404 0.0193163 0.000999146 0.0191135 0.0323619 0.00318769 0.0273206 -0.00948651 0.000171322 0.00872514 -0.00152531 0.00784384 0.0394976 0.0171124 0.0144826 0.00307695 0.0108825 0.00223706 -0.00543231 0.00779635 0.000235364 0.070641 0.0386237 0.0182783 0.0450295 0.0127991
internal_weight=226.749 23.5465 21.186 2.36047 12.5132 1.31467 203.203 9.40797 6.42959 2.75709 2.03718 2.97839 193.795 32.0765 161.718 26.6118 5.63674 3.2795 21.5078 20.975 15.0341 12.8294 10.9329 7.36838 6.72066 2.35724 2.38842 20.3774 3.46421 16.9132
internal_count=20769 3068 1910 1158 735 106 17701 984 614 416 361 370 16717 3657 13060 1969 473 300 2601 1496 1262 1032 842 654 638 173 191 2528 327 2201
cat_boundaries=0 5 9 13
cat_threshold=4326746 587744402 1101141528 402653280 1 369926784 284461357 302260224 84017540 201597440 67502412 939786304 88352004
is_linear=0
shrinkage=0.05


Tree=47
num_leaves=31
num_cat=3
split_feature=22 7 20 7 21 7 8 8 7 22 14 22 9 13 2 9 4 4 18 13 7 15 9 4 11 7 13 21 3 4
split_gain=1.20296 1.67593 1.89436 1.44648 1.41414 1.28422 1.25143 1.20196 1.26761 2.0013 1.71402 1.61224 1.7895 1.65475 2.7919 1.57915 1.55668 1.84019 1.84757 1.84429 1.60474 1.65171 1.54978 1.95054 1.91144 1.53586 1.38127 1.34254 1.49854 1.42258
threshold=0 2.0650000000000004 0.43785112359550565 2.2950000000000004 0.27735042735042742 1.3750000000000002 1.2950000000000002 5.495000000000001 1.0950000000000004 1 0.92345252403846168 2 6.233158407865159 0.099509601548753226 -0.23386161835258421 6.7585081517022703 7.3806000000000003 5.6880000000000006 12.500000000000002 0.1001049135265988 0.65500000000000014 1.5000000000000002 4.3665880200792548 6.6591000000000014 0.10509676644751557 0.31500000000000006 0.098597694368655189 0.19604037267080748 528111.19360000012 8.6583500000000004
decision_type=9 2 2 2 2 2 8 8 2 9 2 9 2 2 2 2 2 2 2 2 2 2 2 2 2 2 2 2 2 2
left_child=1 4 3 6 -1 -6 -3 8 9 10 -2 13 22 14 -10 16 17 18 19 20 -11 -22 26 -24 -25 -20 -13 29 -29 -18
right_child=7 2 -4 -5 5 -7 -8 -9 11 15 -12 12 -14 -15 -16 -17 27 -19 25 -21 21 -23 23 24 -26 -27 -28 28 -30 -31
leaf_value=-0.039154790208216078 0.037858984339922519 0.099136671490047706 0.1191409676281299 -0.01955204245214668 0.11112052309350562 -0.026397638970711169 -0.015733356959238456 0.054471589256458952 0.087536754049572355 0.050876828988992519 -0.016430417123544556 -0.054033992770364053 -0.032096743376359954 -0.01113163053504812 -0.0017959555329264644 0.054181032365655135 0.035893092341554321 -0.034771196351386764 0.042779113785525444 -0.020242034845757012 -0.050401483440098274 0.026194243193195813 -0.035431585798053604 0.0012284977031094574 0.055881743531289975 -0.029455988307089783 0.0026576893317623576 -0.0081884863947541096 0.046443948599738952 -0.011804940732845992
leaf_weight=7.7569644783800253 12.01505219500592 0.54904194263353545 0.33203935479053814 3.5097390243128963 0.30984599524352052 0.37552252435302336 0.41731632590327195 1.037775000737297 1.1458530001967302 3.356751367345522 1.6540140500161857 1.088067656583674 3.5870540169401144 55.505722849180614 3.694932620374586 1.2509445517947586 1.9687661856237051 6.0531267872863728 0.82804255217069922 3.0711795254188843 1.0393386102709672 2.180275649714261 1.1423029852295545 2.5752391633289307 4.2236967807323893 6.6099993709096978 85.732784264740985 1.8612617000036014 3.8546227905988175 7.5883287536629282
leaf_count=642 696 103 60 826 158 196 63 152 118 109 42 280 370 5579 574 68 74 323 36 186 59 101 122 301 230 434 8099 283 232 253
internal_value=-0.000404302 -0.0111999 0.00391031 -0.00463756 -0.033072 0.0357725 0.0495307 0.000757195 0.00053 0.00719895 0.0180701 -0.00171118 0.00233175 -0.0074517 0.0193498 -0.000881335 -0.00290398 -0.0110817 -0.00268886 0.0117481 0.0266876 0.00146802 0.00388105 0.0250235 0.0351807 -0.0214144 0.00194721 0.00948527 0.028654 -0.00197912
internal_weight=226.316 13.2505 4.80814 4.4761 8.44233 0.685369 0.966358 213.065 212.027 53.3317 13.6691 158.696 98.3491 60.3465 4.84079 39.6626 38.4117 23.1387 17.0856 9.64755 6.57637 3.21961 94.7621 7.94124 6.79894 7.43804 86.8209 15.273 5.71588 9.55709
internal_count=20769 2048 1052 992 996 354 166 18721 18569 2896 738 15673 9402 6271 692 2158 2090 1248 925 455 269 160 9032 653 531 470 8379 842 515 327
cat_boundaries=0 5 9 13
cat_threshold=1368 2735227010 1099040280 402653280 1 4456448 3343397 35129440 545259520 4506272 7537701 37234980 648282240
is_linear=0
shrinkage=0.05


Tree=48
num_leaves=31
num_cat=4
split_feature=13 22 17 2 7 20 5 6 13 14 14 6 7 11 20 13 22 11 9 0 13 4 4 22 2 0 9 3 8 22
split_gain=1.02145 1.09532 1.882 1.58684 1.23162 1.53501 1.48005 1.22546 1.2404 1.81015 1.42888 1.28937 1.31455 1.25847 1.04733 1.01722 1.30413 1.13384 1.44051 1.80752 1.24382 1.60974 2.0834 1.57948 1.90904 1.78708 1.76742 1.40595 1.3632 2.25303
threshold=0.097704014393600783 0 88.500000000000014 -0.085030950212839115 1.8450000000000004 0.43573907009021517 110887413.81500001 1.4281500000000003 0.099999999999999992 0.80969659271546079 0.77756076388888895 8.0463500000000021 1.4350000000000003 0.098393341973130141 0.2363351254480287 0.10059970149790511 1 0.0078456276069104602 -0.30745102166884747 0.65335470368215798 0.099509601548753226 3.8673000000000006 5.4196000000000009 2 -0.47634589083675244 0.99751674178949112 4.9666922683051622 326047.60645000002 0.91500000000000015 3
decision_type=2 9 2 2 2 2 2 10 2 2 2 10 2 2 2 2 9 2 2 2 2 2 2 9 2 2 2 2 8 9
left_child=-1 2 3 4 -2 6 -6 -5 9 -9 13 14 -13 -10 -12 17 -17 18 -3 -20 21 -19 -23 25 -25 26 27 -22 29 -26
right_child=1 15 -4 7 5 -7 -8 8 10 -11 11 12 -14 -15 -16 16 -18 20 19 -21 23 22 -24 24 28 -27 -28 -29 -30 -31
leaf_value=-0.035928724037519788 -0.054248371564576937 0.047339634742295002 -0.036623668938453813 0.088778179732754398 0.061000235683081654 0.086860613872743631 -0.03578989009312613 0.007002406421111264 0.031177260346463523 -0.060517867992402989 0.057360174441985136 0.13143586566146223 0.031876306847022959 -0.02464023787368701 -0.033342715849069886 -0.0094379921197731611 0.014905505185647218 -0.047039137851212352 -0.021028909255021218 0.047949824786187853 -0.02469167463813432 0.078519065077074124 0.012557123485544662 0.065124838919035768 -0.011899217675615362 0.075580821394723052 -0.039090407185442995 -0.0034195552871194206 0.0065625852288362296 0.0089481028208519744
leaf_weight=2.0038537627152939 2.266260322606839 2.8551134559965732 5.9036416348099001 0.4373685978169054 0.47758749950167079 0.39055615756794271 2.2829493527327571 2.7243142163225595 1.7298030615238458 1.5616100185681956 0.60878006097505755 0.64600666379241978 0.68113398191442798 2.4261427006790441 0.66690991250907672 3.0408061428094726 12.394991382003992 0.92719600036133343 2.9009015560052154 1.4119713940517398 9.1054249758803589 1.3937568944713081 8.483373296364773 1.2105604557320493 24.848257042328861 0.63443507202455762 4.4725946980573701 52.869513652949735 61.295087495085284 13.044704928711104
leaf_count=438 180 176 608 49 79 35 295 475 252 196 33 25 94 340 85 380 1258 144 261 149 1455 167 1175 64 1985 60 434 4038 4838 1001
internal_value=-0.000389365 -7.10002e-05 -0.00856475 -0.00383072 -0.0261365 -0.00591846 -0.0190447 0.00669336 0.00344281 -0.0175991 0.0167861 0.0458361 0.0803385 -0.00140767 0.00994218 0.00125691 0.013652 0.000293002 0.0197909 0.00155372 -0.000490916 0.0159518 0.021865 -0.00155165 0.00246952 -0.00690827 -0.00873552 -0.00654488 0.0019538 -0.0055013
internal_weight=225.696 223.692 22.8031 16.8994 5.41735 3.15109 2.76054 11.4821 11.0447 4.28592 6.75878 2.60283 1.32714 4.15595 1.27569 200.889 15.4358 185.453 7.16799 4.31287 178.285 10.8043 9.87713 167.481 100.399 67.082 66.4475 61.9749 99.188 37.893
internal_count=20769 20331 2746 2138 589 409 374 1549 1500 671 829 237 119 592 118 17585 1638 15947 586 410 15361 1486 1342 13875 7888 5987 5927 5493 7824 2986
cat_boundaries=0 5 9 13 17
cat_threshold=46409048 2734702722 1092748824 402653280 1 1073758240 139264 2147488065 2148864264 269123745 405810177 68743200 585761024 3222290438 4919304 46465284 1378944
is_linear=0
shrinkage=0.05


Tree=49
num_leaves=31
num_cat=2
split_feature=8 13 22 20 13 13 4 7 15 7 22 17 20 13 5 18 5 6 4 11 3 11 18 11 9 0 11 5 9 3
split_gain=1.00445 0.952825 1.16515 1.76871 1.36368 1.18008 1.66763 1.70432 1.5621 1.24356 1.86427 2.86876 1.7801 1.99864 1.36574 1.86504 1.44105 1.27364 1.57688 1.4078 1.72929 1.67257 1.25754 1.25553 1.24863 1.39076 1.68916 1.98011 1.27541 1.21559
threshold=5.495000000000001 0.10080972987149218 0 0.11451990632318503 0.097704014393600783 0.099429102207543876 3.8673000000000006 1.885 3.5000000000000004 0.9850000000000001 1 61.500000000000007 0.14711765775595567 0.10035971688469671 368349903.57500005 23.500000000000004 395351160.53500003 11.811100000000001 10.659650000000001 0.019887607648518432 322675.09730000008 0.10774455123770198 11.500000000000002 0.098696974262320852 -5.9884222399150753 0.034174659576885945 0.091959154351395844 2272794435.1850004 1.2914257489031635 416368.31575000001
decision_type=8 2 9 2 2 2 2 2 2 2 9 2 2 2 2 2 2 10 2 2 2 2 2 2 2 2 2 2 2 2
left_child=1 2 3 -1 -4 6 -6 29 -9 12 11 -11 -7 17 15 -13 -16 18 19 22 -21 23 -14 -22 -18 -26 27 -27 -28 -8
right_child=-2 -3 4 -5 5 9 7 8 -10 10 -12 14 13 -15 16 -17 24 -19 -20 20 21 -23 -24 -25 25 26 28 -29 -30 -31
leaf_value=-0.061724798129519802 0.047839706425285546 0.014099989426669922 -0.04586327081450723 -0.0076162831638889664 -0.04723035823108044 0.036668241072458412 0.10610973057222975 0.02735347859271399 -0.044904572075746454 0.007649043651655231 0.003076459541035349 -0.03133291655785006 0.053067415340432023 -0.036501398371720888 0.051835166426080104 0.047664551004638039 -0.061972730569060601 -0.043602429871694354 0.038694512752554117 -0.047535991384253767 0.0056981407969491377 0.041136932086088755 -0.00095996270271377245 -0.033928264441315879 0.029722133826222841 0.035221169046553882 -0.041417122089902884 -0.038100873272952418 -0.0053948282002968147 0.036161259918395972
leaf_weight=1.5677283585337694 1.0753079229764342 10.505843688819594 1.5547602410227899 41.235016494849262 0.8026438549691538 4.9547214655696754 0.8918547914094862 2.5398922585141368 1.0601593014485216 16.0493518739652 77.935037173983147 16.688772515362135 2.4994526059499398 2.729351042118906 0.94559071462458888 0.78215636964000523 1.1466502792031885 1.1140654046107261 4.2399480122958257 1.8599863103739824 7.5555268774563356 2.4569515385901743 1.8925826224053706 2.7180233016593931 2.1258550135755767 2.9721740044803928 5.392602010376093 1.3340988975783146 4.514212094319987 2.0460450809179207
leaf_count=27 167 1176 336 4252 151 79 187 386 209 2791 7003 938 133 225 62 303 27 78 210 249 336 88 140 109 47 249 338 66 246 161
internal_value=-0.000369311 -0.000600623 -0.00132365 -0.00778038 0.000708435 0.00117811 0.020786 0.0291362 0.0060746 0.000289125 -0.0018866 -0.0083222 0.0091146 0.00407059 -0.0177799 -0.0277963 -0.00828528 0.00862075 0.0111261 0.00496838 -0.00250233 0.0040773 0.0297863 -0.00478562 -0.0115365 -0.00799693 -0.0136386 0.0125057 -0.0250029 0.0573954
internal_weight=225.186 224.111 213.605 42.8027 170.802 169.248 7.3406 6.53795 3.60005 161.907 129.887 51.9515 32.0206 27.0659 35.9021 17.4709 18.4312 24.3365 23.2225 18.9825 14.5905 12.7305 4.39204 10.2736 17.4856 16.3389 14.2131 4.30627 9.90681 2.9379
internal_count=20769 20602 19426 4279 15147 14811 1094 943 595 13717 12070 5067 1647 1568 2276 1241 1035 1343 1265 1055 782 533 273 445 973 946 899 315 584 348
cat_boundaries=0 5 9
cat_threshold=2147655744 2860009602 1092645896 134349312 1 408160160 67249189 2224685088 851706240
is_linear=0
shrinkage=0.05


end of trees

feature_importances:
sw_l2=169
vr_d0=137
ret60=117
ftr=114
vr_prev=99
wr1=94
pct_prev=93
close_ret=84
amplitude=67
turn_d0=64
cmv=56
promo_yd=53
mkt_boards_n=49
amount=46
mkt_chain_n=43
amt_rank_pct=42
zha_rate=42
gap=40
ind_boards=39
intraday=31
mkt_max_streak=14
streak_prev=7

parameters:
[boosting: gbdt]
[objective: binary]
[metric: binary_logloss]
[tree_learner: serial]
[device_type: cpu]
[data_sample_strategy: bagging]
[data: ]
[valid: ]
[num_iterations: 50]
[learning_rate: 0.05]
[num_leaves: 31]
[num_threads: 0]
[seed: 42]
[deterministic: 0]
[force_col_wise: 0]
[force_row_wise: 0]
[histogram_pool_size: -1]
[max_depth: -1]
[min_data_in_leaf: 50]
[min_sum_hessian_in_leaf: 0.001]
[bagging_fraction: 1]
[pos_bagging_fraction: 1]
[neg_bagging_fraction: 1]
[bagging_freq: 0]
[bagging_seed: 400]
[bagging_by_query: 0]
[feature_fraction: 1]
[feature_fraction_bynode: 1]
[feature_fraction_seed: 30056]
[extra_trees: 0]
[extra_seed: 12879]
[early_stopping_round: 0]
[early_stopping_min_delta: 0]
[first_metric_only: 0]
[max_delta_step: 0]
[lambda_l1: 0]
[lambda_l2: 0]
[linear_lambda: 0]
[min_gain_to_split: 0]
[drop_rate: 0.1]
[max_drop: 50]
[skip_drop: 0.5]
[xgboost_dart_mode: 0]
[uniform_drop: 0]
[drop_seed: 17869]
[top_rate: 0.2]
[other_rate: 0.1]
[min_data_per_group: 100]
[max_cat_threshold: 32]
[cat_l2: 10]
[cat_smooth: 10]
[max_cat_to_onehot: 4]
[top_k: 20]
[monotone_constraints: ]
[monotone_constraints_method: basic]
[monotone_penalty: 0]
[feature_contri: ]
[forcedsplits_filename: ]
[refit_decay_rate: 0.9]
[cegb_tradeoff: 1]
[cegb_penalty_split: 0]
[cegb_penalty_feature_lazy: ]
[cegb_penalty_feature_coupled: ]
[path_smooth: 0]
[interaction_constraints: ]
[verbosity: -1]
[saved_feature_importance_type: 0]
[use_quantized_grad: 0]
[num_grad_quant_bins: 4]
[quant_train_renew_leaf: 0]
[stochastic_rounding: 1]
[linear_tree: 0]
[max_bin: 255]
[max_bin_by_feature: ]
[min_data_in_bin: 3]
[bin_construct_sample_cnt: 200000]
[data_random_seed: 175]
[is_enable_sparse: 1]
[enable_bundle: 1]
[use_missing: 1]
[zero_as_missing: 0]
[feature_pre_filter: 1]
[pre_partition: 0]
[two_round: 0]
[header: 0]
[label_column: ]
[weight_column: ]
[group_column: ]
[ignore_column: ]
[categorical_feature: 22]
[forcedbins_filename: ]
[precise_float_parser: 0]
[parser_config_file: ]
[objective_seed: 16083]
[num_class: 1]
[is_unbalance: 0]
[scale_pos_weight: 1]
[sigmoid: 1]
[boost_from_average: 1]
[reg_sqrt: 0]
[alpha: 0.9]
[fair_c: 1]
[poisson_max_delta_step: 0.7]
[tweedie_variance_power: 1.5]
[lambdarank_truncation_level: 30]
[lambdarank_norm: 1]
[label_gain: ]
[lambdarank_position_bias_regularization: 0]
[eval_at: ]
[multi_error_top_k: 1]
[auc_mu_weights: ]
[num_machines: 1]
[local_listen_port: 12400]
[time_out: 120]
[machine_list_filename: ]
[machines: ]
[gpu_platform_id: -1]
[gpu_device_id: -1]
[gpu_device_id_list: ]
[gpu_use_dp: 0]
[num_gpu: 1]

end of parameters

pandas_categorical:[["IT\u670d\u52a1\u2161", "\u4e00\u822c\u96f6\u552e", "\u4e13\u4e1a\u5de5\u7a0b", "\u4e13\u4e1a\u670d\u52a1", "\u4e13\u4e1a\u8fde\u9501\u2161", "\u4e13\u7528\u8bbe\u5907", "\u4e2a\u62a4\u7528\u54c1", "\u4e2d\u836f\u2161", "\u4e58\u7528\u8f66", "\u4e92\u8054\u7f51\u7535\u5546", "\u4f11\u95f2\u98df\u54c1", "\u4f53\u80b2\u2161", "\u4fdd\u9669\u2161", "\u5143\u4ef6", "\u5149\u4f0f\u8bbe\u5907", "\u5149\u5b66\u5149\u7535\u5b50", "\u5176\u4ed6\u5bb6\u7535\u2161", "\u5176\u4ed6\u7535\u5b50\u2161", "\u5176\u4ed6\u7535\u6e90\u8bbe\u5907\u2161", "\u517b\u6b96\u4e1a", "\u519b\u5de5\u7535\u5b50\u2161", "\u519c\u4e1a\u7efc\u5408\u2161", "\u519c\u4ea7\u54c1\u52a0\u5de5", "\u519c\u5316\u5236\u54c1", "\u519c\u5546\u884c\u2161", "\u51b6\u94a2\u539f\u6599", "\u51fa\u7248", "\u52a8\u7269\u4fdd\u5065\u2161", "\u5305\u88c5\u5370\u5237", "\u5316\u5986\u54c1", "\u5316\u5b66\u5236\u54c1", "\u5316\u5b66\u5236\u836f", "\u5316\u5b66\u539f\u6599", "\u5316\u5b66\u7ea4\u7ef4", "\u533b\u7597\u5668\u68b0", "\u533b\u7597\u670d\u52a1", "\u533b\u836f\u5546\u4e1a", "\u534a\u5bfc\u4f53", "\u53a8\u536b\u7535\u5668", "\u5546\u7528\u8f66", "\u5730\u9762\u5175\u88c5\u2161", "\u57ce\u5546\u884c\u2161", "\u57fa\u7840\u5efa\u8bbe", "\u5851\u6599", "\u591a\u5143\u91d1\u878d", "\u5bb6\u5c45\u7528\u54c1", "\u5bb6\u7535\u96f6\u90e8\u4ef6\u2161", "\u5c0f\u5bb6\u7535", "\u5c0f\u91d1\u5c5e", "\u5de5\u4e1a\u91d1\u5c5e", "\u5de5\u7a0b\u54a8\u8be2\u670d\u52a1\u2161", "\u5de5\u7a0b\u673a\u68b0", "\u5e7f\u544a\u8425\u9500", "\u5f71\u89c6\u9662\u7ebf", "\u623f\u5730\u4ea7\u5f00\u53d1", "\u623f\u5730\u4ea7\u670d\u52a1", "\u623f\u5c4b\u5efa\u8bbe\u2161", "\u6469\u6258\u8f66\u53ca\u5176\u4ed6", "\u6559\u80b2", "\u6570\u5b57\u5a92\u4f53", "\u6587\u5a31\u7528\u54c1", "\u65c5\u6e38\u53ca\u666f\u533a", "\u65c5\u6e38\u96f6\u552e\u2161", "\u666e\u94a2", "\u670d\u88c5\u5bb6\u7eba", "\u6797\u4e1a\u2161", "\u6a61\u80f6", "\u6c34\u6ce5", "\u6c7d\u8f66\u670d\u52a1", "\u6c7d\u8f66\u96f6\u90e8\u4ef6", "\u6cb9\u670d\u5de5\u7a0b", "\u6cb9\u6c14\u5f00\u91c7\u2161", "\u6d88\u8d39\u7535\u5b50", "\u6e14\u4e1a", "\u6e38\u620f\u2161", "\u70bc\u5316\u53ca\u8d38\u6613", "\u7126\u70ad\u2161", "\u7164\u70ad\u5f00\u91c7", "\u7167\u660e\u8bbe\u5907\u2161", "\u71c3\u6c14\u2161", "\u7269\u6d41", "\u7279\u94a2\u2161", "\u73af\u4fdd\u8bbe\u5907\u2161", "\u73af\u5883\u6cbb\u7406", "\u73bb\u7483\u73bb\u7ea4", "\u751f\u7269\u5236\u54c1", "\u7535\u529b", "\u7535\u5b50\u5316\u5b66\u54c1\u2161", "\u7535\u673a\u2161", "\u7535\u6c60", "\u7535\u7f51\u8bbe\u5907", "\u7535\u89c6\u5e7f\u64ad\u2161", "\u767d\u8272\u5bb6\u7535", "\u767d\u9152\u2161", "\u79cd\u690d\u4e1a", "\u7eba\u7ec7\u5236\u9020", "\u7efc\u5408\u2161", "\u80a1\u4efd\u5236\u94f6\u884c\u2161", "\u80fd\u6e90\u91d1\u5c5e", "\u81ea\u52a8\u5316\u8bbe\u5907", "\u822a\u5929\u88c5\u5907\u2161", "\u822a\u6d77\u88c5\u5907\u2161", "\u822a\u7a7a\u673a\u573a", "\u822a\u7a7a\u88c5\u5907\u2161", "\u822a\u8fd0\u6e2f\u53e3", "\u88c5\u4fee\u5efa\u6750", "\u88c5\u4fee\u88c5\u9970\u2161", "\u8ba1\u7b97\u673a\u8bbe\u5907", "\u8bc1\u5238\u2161", "\u8c03\u5473\u53d1\u9175\u54c1\u2161", "\u8d35\u91d1\u5c5e", "\u8d38\u6613\u2161", "\u8f68\u4ea4\u8bbe\u5907\u2161", "\u8f6f\u4ef6\u5f00\u53d1", "\u901a\u4fe1\u670d\u52a1", "\u901a\u4fe1\u8bbe\u5907", "\u901a\u7528\u8bbe\u5907", "\u9020\u7eb8", "\u9152\u5e97\u9910\u996e", "\u91d1\u5c5e\u65b0\u6750\u6599", "\u94c1\u8def\u516c\u8def", "\u975e\u767d\u9152", "\u975e\u91d1\u5c5e\u6750\u6599\u2161", "\u98ce\u7535\u8bbe\u5907", "\u98df\u54c1\u52a0\u5de5", "\u996e\u6599\u4e73\u54c1", "\u9970\u54c1", "\u9972\u6599", "\u9ed1\u8272\u5bb6\u7535"]]
