tree
version=v4
num_class=1
num_tree_per_iteration=1
label_index=0
max_feature_idx=22
objective=binary sigmoid:1
feature_names=wr1 gap ret60 cmv ftr amount turn_d0 vr_d0 vr_prev pct_prev intraday amplitude seal_hard close_ret amt_rank_pct ind_boards streak_prev mkt_boards_n mkt_chain_n mkt_max_streak zha_rate promo_yd sw_l2
feature_infos=[0:1.0000000000000007] [-0.10465116279069764:0.10588235294117654] [-0.67999999999999994:3.9748743718592969] [36636.599999999999:129375740.17659999] [0.1547:63.237099999999998] [2935361:15537735137.049999] [0.039300000000000002:47.156700000000001] [0.029999999999999999:22.719999999999999] [0.28000000000000003:16.620000000000001] [-10.416666666666663:9.4972067039106101] [-0.0044800000000000178:0.20930232558139528] [0:0.20930232558139528] [0:1] [0.095008051529790638:0.10588235294117654] [0.0014513788098693759:1] [1:51] [0:13] [5:890] [0:314] [1:14] [0:0.80158730158730163] [0:0.85245901639344257] -1:69:5:116:54:30:90:86:1:0:15:115:72:31:113:45:64:28:37:107:49:89:13:23:108:32:14:99:83:80:52:7:43:20:88:2:44:48:53:105:26:35:75:120:46:17:34:103:106:36:61:42:60:67:58:82:96:125:18:39:114:74:10:51:95:9:50:93:98:33:59:117:22:84:57:55:123:124:68:111:112:128:63:104:47:94:19:79:87:91:119:40:66:85:109:76:3:56:77:8:127:70:126:110:121:29:122:78:92:25:6:81:100:73:118:4:27:101:102:65:11:38:12:62:41:16:21:24:97
tree_sizes=3405 3485 3494 3512 3532 3536 3564 3558 3583 3553 3552 3520 3559 3541 3556 3559 3583 3580 3542 3578 3532 3530 3587 3602 3575 3583 3592 3557 3565 3530 3552

Tree=0
num_leaves=31
num_cat=3
split_feature=11 22 15 19 21 0 7 14 3 21 17 22 14 5 22 0 3 19 2 13 13 5 2 11 5 9 9 5 11 11
split_gain=193.845 138.868 195.496 62.1529 52.0078 43.0603 42.1533 41.8133 32.2338 30.9384 32.138 29.5129 27.5487 23.2849 20.7579 19.1386 18.7915 25.5096 23.7224 22.9381 17.0238 15.8611 31.6346 22.3993 15.8556 13.795 13.6417 13.4761 13.4036 12.1565
threshold=1.0000000180025095e-35 0 25.500000000000004 5.5000000000000009 0.37720057720057726 0.27238626010095318 0.52500000000000013 0.69728146114864875 296716.33985000005 0.43330039525691705 121.50000000000001 1 0.37531725888324879 49104853.000000007 2 0.60854789315500601 563558.36765000003 10.500000000000002 0.043782959416926788 0.10013562456276105 0.10094266968794909 290347037.19000006 0.04928439991821721 0.11097866292850968 447840195.31500006 3.8617743984911694 0.22197585612219187 261392171.69000003 0.11992945326278673 0.10434728145134493
decision_type=2 9 2 2 2 2 2 2 2 2 2 9 2 2 9 2 2 2 2 2 2 2 2 2 2 2 2 2 2 2
left_child=6 2 3 21 8 12 13 -4 26 10 27 16 20 -1 -10 -8 18 -18 -7 -20 -3 22 23 -2 -19 -11 -5 -6 -13 -24
right_child=1 5 7 4 9 11 15 -9 14 25 -12 28 -14 -15 -16 -17 17 24 19 -21 -22 -23 29 -25 -26 -27 -28 -29 -30 -31
leaf_value=-1.2292734509351462 -1.4607260177976014 -1.4497002164139676 -1.3457324087615692 -1.3589817249780536 -1.3242322934705373 -1.4382076146097305 -1.3972610588760723 -1.1976582079468889 -1.4107199023148944 -1.423482754175434 -1.2573875595946924 -1.4528780827977761 -1.4714931030035776 -1.3428111974448529 -1.4538414066394107 -1.3111944661201402 -1.461853804391394 -1.4433599474182093 -1.4168864892111044 -1.3611208419412799 -1.3858179196076206 -1.4612869672771061 -1.4098078511704155 -1.3959403438977205 -1.3688216630088947 -1.3655187467467942 -1.4143118278914617 -1.4031719921347408 -1.4208953002475442 -1.3242322934705373
leaf_weight=10.247354507446291 54.186768531799316 155.41821002960205 8.2289361953735369 22.357864379882812 10.092091560363775 62.260441780090332 23.910493850708008 11.334195137023924 35.089426040649414 23.599967956542969 9.7815656661987287 320.61798572540283 258.20228099822998 8.0736732482910138 63.502545356750488 8.8499879837036115 62.88149356842041 13.81840229034424 52.013087272644043 28.568382263183594 11.178932189941404 78.407788276672363 8.539462089538576 17.699975967407227 14.749979972839354 18.165764808654785 22.202601432800293 11.644721031188963 36.48679256439209 8.0736732482910138
leaf_count=66 349 1001 53 144 65 401 154 73 226 152 63 2065 1663 52 409 57 405 89 335 184 72 505 55 114 95 117 143 75 235 52
internal_value=-1.43574 -1.43918 -1.41464 -1.42199 -1.40431 -1.44899 -1.34004 -1.25994 -1.42184 -1.37005 -1.33265 -1.4404 -1.46127 -1.27931 -1.43779 -1.37401 -1.42674 -1.44405 -1.41503 -1.39712 -1.44541 -1.44491 -1.4304 -1.44477 -1.40488 -1.39827 -1.38655 -1.36652 -1.44923 -1.36822
internal_weight=1470.18 1419.1 402.907 383.344 216.437 1016.2 51.0815 19.5631 143.152 73.2841 31.5184 591.397 424.799 18.321 98.592 32.7605 234.292 91.4499 142.842 80.5815 166.597 166.908 88.4999 71.8867 28.5684 41.7657 44.5605 21.7368 357.105 16.6131
internal_count=9469 9140 2595 2469 1394 6545 329 126 922 472 203 3809 2736 118 635 211 1509 589 920 519 1073 1075 570 463 184 269 287 140 2300 107
cat_boundaries=0 4 8 12
cat_threshold=4325451 541364280 578818816 143269536 3288639008 8389760 8159240 655654920 1 536875024 256 528384
is_linear=0
shrinkage=1


Tree=1
num_leaves=31
num_cat=3
split_feature=11 22 15 19 0 21 7 3 14 22 3 14 6 21 20 7 22 13 5 3 2 17 11 20 7 8 3 0 0 4
split_gain=164.896 125.316 156.405 51.58 36.2489 34.1344 31.2946 27.9375 27.7923 27.1477 24.4453 21.2193 21.4196 17.2897 17.1651 16.6621 15.9771 17.046 15.9023 15.793 24.267 22.3608 16.5694 16.1587 16.6023 15.737 15.127 21.5343 15.0062 14.862
threshold=1.0000000180025095e-35 0 25.500000000000004 5.5000000000000009 0.16962973656817681 0.37720057720057726 0.52500000000000013 290937.37015000003 0.69728146114864875 1 2526068.9236000008 0.13994288045695638 4.2479000000000005 0.43330039525691705 0.18811557569946835 1.5950000000000004 2 0.10040160642570285 49104853.000000007 606155.68010000011 0.0039931031183819696 92.500000000000014 0.060509554140127389 0.3943381180223286 3.0350000000000006 0.97500000000000009 408842.89175000007 0.31955752295163908 0.60854789315500601 2.6418000000000004
decision_type=2 9 2 2 2 2 2 2 2 9 2 2 10 2 2 2 9 2 2 2 2 2 2 2 2 10 2 2 2 2
left_child=6 2 3 26 -3 7 18 -5 -4 -6 13 12 14 25 -11 -15 -9 -18 -1 20 -13 -21 -23 -22 -25 -7 27 -2 -8 -28
right_child=1 4 8 5 9 10 28 16 -10 11 -12 19 -14 15 -16 -17 17 -19 -20 21 23 22 -24 24 -26 -27 29 -29 -30 -31
leaf_value=0.1733434825829322 -0.010158265537813394 -0.027382846324443644 0.080882261345411169 0.046669391200475925 -0.021191477418290569 0.023698587595356171 0.035683836257551338 0.023627922220340217 0.19639066546635833 -0.0053016049301814402 0.13511494153047396 -0.014755967739421425 -0.020851255877292058 0.078213258256528292 0.076258913285595448 0.0072576333210270325 -0.02671833147604329 0.034691325505406122 0.083360466822320428 -0.028769411255525307 0.0088104504007911529 0.07639326245973721 -0.00098919315604134367 0.020810351470067379 0.095108294015056952 0.10175163477317971 0.04515100073061315 0.046576628654386443 0.1096333005425626 -0.02609857300118933
leaf_weight=11.556139647960665 49.384711414575577 311.15023277699947 8.6866053789854067 45.814882412552834 208.82007624208927 9.8384814858436602 24.477930694818497 36.275727465748787 13.002624183893202 8.8376411050558072 8.3282977044582349 96.797681480646133 13.38273350894451 11.037972301244734 23.887716084718704 33.036798760294914 58.58019132912159 14.001160740852354 8.5373187065124494 107.9342864304781 117.92073741555214 7.9490216672420493 53.31790916621685 19.902513980865482 12.084116414189337 18.7933519333601 7.9361838698387137 25.290129780769348 9.5316111445426923 94.118464887142181
leaf_count=66 320 2035 53 287 1358 61 154 230 73 57 51 628 86 70 154 208 381 91 52 704 756 51 343 127 77 114 51 161 57 613
internal_value=-3.03146e-05 -0.00330333 0.0188242 0.0123755 -0.0131435 0.0276864 0.0856386 0.013914 0.150129 -0.00673489 0.053974 0.000252374 0.0324401 0.0446795 0.0542331 0.0250276 0.000128179 -0.0130713 0.135111 -0.00330994 0.004759 -0.0150749 0.00905072 0.0173601 0.0488791 0.074931 -0.00804487 0.00905614 0.0564091 -0.0205579
internal_weight=1470.21 1416.11 434.126 412.436 981.985 235.707 54.103 154.672 21.6892 670.834 81.0349 462.014 46.1081 72.7066 32.7254 44.0748 108.857 72.5814 20.0935 415.906 246.705 169.201 61.2669 149.907 31.9866 28.6318 176.729 74.6748 34.0095 102.055
internal_count=9469 9140 2764 2638 6376 1493 329 989 126 4341 504 2983 297 453 211 278 702 472 118 2686 1588 1098 394 960 204 175 1145 481 211 664
cat_boundaries=0 4 8 12
cat_threshold=4358219 541364280 41947904 143269600 43516032 2250989571 201402437 6373632 1 536875024 256 528384
is_linear=0
shrinkage=0.05


Tree=2
num_leaves=31
num_cat=3
split_feature=11 22 15 0 0 11 21 5 22 7 5 3 14 7 2 0 14 3 9 2 13 17 21 0 5 22 19 4 15 2
split_gain=141.796 113.167 127.7 44.8566 32.8191 29.0789 28.2743 40.7659 25.3812 24.2879 21.9193 21.3581 20.2652 17.2563 15.3406 14.8659 14.6319 12.9958 24.3795 22.3137 16.748 19.6438 12.4306 12.057 11.7302 11.46 15.7528 14.4162 11.2429 11.1874
threshold=1.0000000180025095e-35 0 25.500000000000004 0.26137027642596428 0.16962973656817681 0.12076938948297081 0.37720057720057726 203489438.25500003 1 0.52500000000000013 69609352.725000009 2526068.9236000008 0.69728146114864875 1.5950000000000004 -0.047191972031933586 0.022867935682754751 0.33357522980164495 593012.23810000008 3.9701709991565197 0.013776222755341851 0.10040160642570285 104.50000000000001 0.40892501658925023 0.60854789315500601 49104853.000000007 2 5.5000000000000009 2.8066000000000009 12.500000000000002 -0.3618709832372623
decision_type=2 9 2 2 2 2 2 2 9 2 2 2 2 2 2 2 2 2 2 2 2 2 2 2 2 9 2 2 2 2
left_child=9 2 3 5 16 25 7 14 -6 24 -10 13 -4 -8 -5 -7 -3 19 28 -12 -21 -22 -15 -11 -1 26 -2 -27 -19 -29
right_child=1 4 12 6 8 15 11 -9 10 23 17 -13 -14 22 -16 -17 -18 18 -20 20 21 -23 -24 -25 -26 27 -28 29 -30 -31
leaf_value=0.15021139446024176 -0.01786412024984364 -0.011924612180072987 0.07326430024230178 0.01597709678093925 -0.020751118626112012 0.095079545652537401 0.082685386190102961 -0.0026129144206599184 0.039514373811371295 0.033165362440240424 -0.014734171281791018 0.12207919220007463 0.16865791063738034 0.068700155700713875 0.073676941486610151 0.010141859590672373 -0.034537577078143221 -0.027615832289738552 0.019657772983242189 0.0079214292792991574 0.07297987220123453 -0.018422571246851854 0.011951893972020795 0.097822502337610695 0.07540796013556883 0.035330118025213492 0.034086209946651951 0.0092492485641607249 0.03446671638775637 -0.041916241993327996
leaf_weight=12.637587279081346 35.531742513179779 112.98758420348167 9.0989572554826754 18.519858866930008 202.73147654533386 9.1887379884719866 18.136599197983742 114.77442833781242 32.902151629328728 25.005683928728104 95.957628682255745 9.1171739399433118 14.34426201879978 12.82841497659683 30.475481554865837 11.724655270576475 194.99101173877716 124.06752969324589 42.304445371031761 129.81115823984146 22.512236520648006 7.9555826783180228 38.94824193418026 10.13148111104965 8.9542540311813337 8.1996576488018018 24.761058300733566 12.591896966099737 7.7479544878005973 70.492756709456444
leaf_count=66 234 744 53 117 1335 57 109 742 208 154 627 53 73 76 191 74 1304 818 273 825 141 50 244 57 52 52 153 80 49 458
internal_value=-5.38035e-05 -0.00316627 0.017694 0.0116882 -0.0126152 -0.00780792 0.0255387 0.0136859 -0.0065032 0.0774549 0.000176118 0.0501006 0.131633 0.040714 0.0518668 0.047461 -0.0262416 -0.00282733 -0.0133676 0.0043351 0.0157517 0.0491134 0.0260121 0.0518087 0.11919 -0.0154335 0.00297708 -0.0251631 -0.0239667 -0.0341619
internal_weight=1469.43 1412.7 438.734 415.291 973.969 172.491 242.8 163.77 665.99 56.729 463.259 79.0304 23.4432 69.9133 48.9953 20.9134 307.979 430.357 174.12 256.237 160.279 30.4678 51.7767 35.1372 21.5918 151.577 60.2928 91.2843 131.815 83.0847
internal_count=9469 9140 2766 2640 6374 1108 1532 1050 4326 329 2991 482 126 429 308 131 2048 2783 1140 1643 1016 191 320 211 118 977 387 590 867 538
cat_boundaries=0 4 8 12
cat_threshold=4358219 541364280 41947904 160045792 42467456 2248892423 218179653 6373632 4194312 541364240 4096 151523840
is_linear=0
shrinkage=0.05


Tree=3
num_leaves=31
num_cat=3
split_feature=11 22 20 5 0 3 11 0 21 21 22 5 6 6 22 13 21 14 13 2 3 13 20 1 17 21 4 9 8 16
split_gain=122.981 102.058 125.26 45.7785 33.0542 32.4241 31.5302 29.3557 28.8939 39.5988 24.0598 20.9481 20.3768 19.7813 16.111 15.2031 14.9349 14.9061 14.7923 14.5262 17.6428 15.9308 12.9142 11.199 10.8615 10.6802 12.8442 10.5806 10.5208 10.5134
threshold=1.0000000180025095e-35 0 0.13225667527993112 579530342.83500016 0.16962973656817681 408842.89175000007 0.12660186692404093 0.25717428143537263 0.39791666666666675 0.40892501658925023 1 69609352.725000009 1.7799000000000003 4.4865000000000013 2 0.09988551709314332 0.27681992337164757 0.33357522980164495 0.10004284509808216 0.011592055967581729 593012.23810000008 0.10033557424861773 0.3943381180223286 0.0018301730692578124 108.50000000000001 0.26201372997711675 3.8574500000000005 4.454185876602935 0.80500000000000016 1.5000000000000002
decision_type=2 9 2 2 2 2 2 2 2 2 9 2 8 10 9 2 2 2 2 2 2 2 2 2 2 2 2 2 10 2
left_child=12 2 3 18 17 6 7 -4 14 -10 -6 28 16 23 15 -7 -1 -3 -2 -13 21 22 -21 -9 -23 -16 -27 -22 -12 -30
right_child=1 4 5 -5 10 8 -8 13 9 -11 11 19 -14 -15 25 -17 -18 -19 -20 20 27 24 -24 -25 -26 26 -28 -29 29 -31
leaf_value=0.06985930873718578 0.017758125377128064 -0.011770400110379563 -0.0074355395216334809 0.13363796948060183 -0.019963188772807627 -0.030375566946834055 0.092333215383688008 0.040080637882206643 0.12114449470161376 0.0050407770288385017 -0.0065884898540593236 -0.015563038856983989 0.031577785589230259 0.023676181540336304 -0.035341723969197401 0.035257570965884236 0.1360442148674936 -0.034701696447344478 0.087236257609400569 -0.0021191819598423522 -0.018530342588667464 0.059169067301358118 0.037145228689511159 0.11909668603279133 -0.0032281365753607234 0.044973538458892515 -0.017023909567486326 0.018649988335147385 0.083468025204561105 0.019119837472704512
leaf_weight=24.662250027060509 19.630922570824623 113.90871804952621 68.705684289336205 26.463641449809074 201.02737905085087 12.630720019340513 15.111343115568159 8.2290941178798693 9.6212354302406293 31.027243718504906 9.8114461451768857 142.8069591075182 21.329391211271286 61.741568028926849 76.651457950472832 29.268932774662971 13.025334954261778 187.55053509771824 12.563855633139609 99.088475346565247 92.258984357118607 27.744202643632889 26.553498566150665 9.8538545519113523 9.3161658793687803 9.7592754364013654 58.020109802484512 24.141910687088966 14.004315525293352 11.60991497337818
leaf_count=137 117 755 442 138 1341 81 92 50 53 194 61 944 123 379 507 187 69 1282 74 630 613 167 165 59 59 61 377 154 86 72
internal_value=-8.03195e-05 -0.00304191 0.0164241 0.0849184 -0.0121977 0.0065589 0.0235246 0.0165241 -0.00567263 0.0325218 -0.00604607 0.000497007 0.0706313 0.0371464 -0.0140048 0.0124911 0.0927337 -0.0260369 0.0448716 -0.00259292 0.00404341 0.0146763 0.00617906 0.0831385 0.0434838 -0.0210956 -0.00809715 -0.010819 0.0374375 0.0543015
internal_weight=1468.12 1409.1 449.279 58.6584 959.823 390.621 163.642 148.53 226.979 40.6485 658.363 457.336 59.017 79.8245 186.33 41.8997 37.6876 301.459 32.1948 421.91 279.103 162.702 125.642 18.0829 37.0604 144.431 67.7794 116.401 35.4257 25.6142
internal_count=9469 9140 2811 329 6329 2482 1022 930 1460 247 4292 2951 329 488 1213 268 206 2037 191 2732 1788 1021 795 109 226 945 438 767 219 158
cat_boundaries=0 4 8 12
cat_threshold=172107 541364280 578818816 143268512 42467456 2250989575 201402437 6373632 0 536875024 4096 8916992
is_linear=0
shrinkage=0.05


Tree=4
num_leaves=31
num_cat=4
split_feature=11 22 15 19 0 21 11 22 22 7 6 17 5 10 5 5 2 11 20 5 14 2 14 1 14 19 22 20 14 9
split_gain=107.188 93.2826 92.9603 41.7195 31.939 28.8993 32.5072 23.5859 22.8665 19.317 18.6464 17.9721 16.0001 15.2395 15.0696 15.0562 28.4956 20.6391 15.5326 14.5984 14.4356 13.5546 13.285 12.9912 12.7407 12.2081 11.8666 12.0002 11.7787 11.5308
threshold=1.0000000180025095e-35 0 25.500000000000004 5.5000000000000009 0.16962973656817681 0.37581168831168837 0.12814748653952598 1 2 1.1950000000000001 8.9362000000000013 93.500000000000014 43205592.065000005 0.11111111111111113 222276962.08500004 290347037.19000006 0.059560359185827257 0.11097866292850968 0.33066666666666672 69609352.725000009 0.13536417773705914 -0.028077753779697619 0.40019531250000007 0.02750276636104965 0.69728146114864875 9.5000000000000018 3 0.43494855625622308 0.35322840073529421 4.0342071365491732
decision_type=2 9 2 2 2 2 2 9 9 2 10 2 2 2 2 2 2 2 2 2 2 2 2 2 2 2 9 2 2 2
left_child=11 2 3 15 13 6 8 -6 14 10 25 12 -1 20 21 16 17 -2 -18 -11 23 -5 -10 -3 -4 -9 -21 -28 -19 -7
right_child=1 4 24 5 7 29 -8 9 22 19 -12 -13 -14 -15 -16 -17 18 28 -20 26 -22 -23 -24 -25 -26 -27 27 -29 -30 -31
leaf_value=0.089353883239789253 -0.023001761586586324 -0.014783142026503621 0.063008054724094306 0.03094805733780865 -0.019337375595819065 0.034677627961667866 0.088398711486721987 -0.0018534043575168411 0.012809354340525117 0.037548264732970113 0.084988713794599602 0.12738213945327942 0.031620170986522297 0.017054880822231836 0.0070659801731907824 -0.023841523948828013 0.018374338899725822 0.079498142510628172 0.11048069096309342 -0.013263248322619436 -0.032443215667835618 0.10608054227259905 -0.031123589427909527 0.058339285208991315 0.13549776862713428 0.0512487116327352 0.00048198900829325892 0.048003958525414669 0.0015947440272782642 0.073711555936524564
leaf_weight=19.050945520401001 57.183277770876884 25.808072850108147 9.6964316964149493 17.547023341059688 202.41977208852768 58.055330947041512 12.47526468336582 36.474358186125755 26.446998938918114 20.828050047159195 11.221369639039038 9.6376131772994977 32.427224636077881 19.893592774868011 36.008965313434601 80.186439231038094 9.7798550128936785 8.7747203111648577 8.6043650209903699 204.54150335490704 246.0172708183527 9.1246648877859098 49.255016684532166 7.9438843578100196 16.169555887579918 15.390431523323057 161.96401724219322 14.471262857317923 10.853665232658384 28.06631925702095
leaf_count=100 378 172 53 107 1366 339 74 233 164 126 72 48 181 136 227 536 59 54 51 1328 1697 54 324 53 73 97 1050 91 67 159
internal_value=-0.00010406 -0.00292334 0.0160098 0.0106076 -0.0115499 0.0242892 0.0110966 -0.0055799 0.00412776 0.000808839 0.0265483 0.064718 0.0529862 -0.0252297 0.0242903 -0.00787928 0.00556622 -0.00781696 0.0614829 -0.0032123 -0.0282364 0.0566517 -0.0139346 0.002427 0.108323 0.0139042 -0.00544068 0.00414483 0.0364209 0.0473985
internal_weight=1466.32 1405.2 438.228 412.362 966.974 236.98 150.858 667.311 138.383 464.891 63.0862 61.1158 51.4782 299.663 62.6807 175.382 95.1959 76.8117 18.3842 401.805 279.769 26.6717 75.702 33.752 25.866 51.8648 380.977 176.435 19.6284 86.1217
internal_count=9469 9140 2719 2593 6421 1448 950 4363 876 2997 402 329 281 2058 388 1145 609 499 110 2595 1922 161 488 225 126 330 2469 1141 121 498
cat_boundaries=0 4 8 12 16
cat_threshold=139339 549752888 42996480 143269600 42467472 2248892423 1291921477 6373632 1 541102096 256 528896 1879064608 154144128 2152202272 1946189824
is_linear=0
shrinkage=0.05


Tree=5
num_leaves=31
num_cat=3
split_feature=11 22 15 19 0 21 22 7 5 8 7 10 5 0 11 14 21 8 13 15 14 22 0 2 1 3 13 14 9 20
split_gain=93.9367 84.33 78.8584 37.2727 28.9699 24.8146 21.5431 19.2689 18.5545 17.2437 15.9444 15.5401 14.2205 17.4906 14.6864 13.6933 13.4781 16.9701 13.1639 13.4673 17.7244 14.9903 12.934 15.0963 12.4858 12.0869 11.8817 10.7473 10.7411 10.1612
threshold=1.0000000180025095e-35 0 25.500000000000004 5.5000000000000009 0.16962973656817681 0.37720057720057726 1 1.0350000000000004 222276962.08500004 1.1450000000000002 0.52500000000000013 0.11111111111111113 316377283.8300001 0.49604309660748619 0.11137044093630923 0.13536417773705914 0.43330039525691705 0.97500000000000009 0.10041208868963726 12.500000000000002 0.43766891891891896 2 0.26137027642596428 -0.41719765567007311 0.02750276636104965 541775.44960000005 0.099999999999999992 0.69728146114864875 4.454185876602935 0.27859833465503575
decision_type=2 9 2 2 2 2 9 2 2 10 2 2 2 2 2 2 2 10 2 2 2 9 2 2 2 2 2 2 2 2
left_child=10 2 3 12 11 8 -6 9 22 -8 -1 15 13 14 -2 24 17 -7 19 21 -21 -9 23 -5 -3 29 -24 -4 -18 -20
right_child=1 4 27 5 6 16 7 18 -10 -11 -12 -13 -14 -15 -16 -17 28 -19 25 20 -22 -23 26 -25 -26 -27 -28 -29 -30 -31
leaf_value=0.091075352484127958 -0.017756193159839555 -0.014535019066501937 0.05793058487276273 0.064783668546616435 -0.019346351164652435 0.014334541204692606 0.011902443308346585 0.0033724897009315535 -0.0060991306564324348 0.080441177742555367 0.0394922916890285 0.017837172382955093 -0.024379096059076278 0.050316570827502176 0.034956923765326449 -0.031010511937785007 0.010441660765396885 0.091009221335748985 0.0032347735103056214 -0.019722053114025001 0.056591057216036966 -0.017497432533718559 0.016581210915293399 -0.0085282794971233179 0.054817098507128063 -0.011824062370244012 0.077441858581341366 0.12333688008903372 0.059793061162164166 0.05041479818588665
leaf_weight=24.563897982239723 56.209736675024033 26.810575395822525 10.010426536202433 9.3108615130186063 181.98094652593136 10.160043165087698 31.597971171140671 144.99590690433979 76.114815250039101 12.933073028922079 38.399615079164505 20.903328314423561 72.374177560210228 17.453181251883507 17.274219527840614 246.87838132679462 30.938380926847458 24.907596826553345 18.986228078603745 12.98369260132313 18.379774823784828 203.06225608289242 13.668443858623503 28.564737737178802 8.5626013129949552 24.169953003525734 19.404067113995552 16.856305375695229 17.129654258489609 28.607692658901215
leaf_count=118 375 180 53 55 1246 59 199 938 492 81 211 141 491 102 104 1737 183 131 119 83 113 1328 81 178 55 160 113 73 95 175
internal_value=-0.000128267 -0.00281286 0.0157139 0.0104291 -0.0108032 0.0233903 -0.00516611 0.000421324 0.0110475 0.031808 0.0596163 -0.0237611 -0.00784055 0.00532199 -0.00536467 -0.0268418 0.0452242 0.0687945 -0.00266714 -0.00638144 0.0249993 -0.00920915 0.0294428 0.00949381 0.00225269 0.0169707 0.0522889 0.0989668 0.0280287 0.0315937
internal_weight=1464.19 1401.23 420.377 393.51 980.852 230.199 677.697 495.717 147.063 44.531 62.9635 303.155 163.311 90.9371 73.484 282.252 83.1357 35.0676 451.186 379.422 31.3635 348.058 70.9481 37.8756 35.3732 71.7639 33.0725 26.8667 48.068 47.5939
internal_count=9469 9140 2585 2459 6555 1387 4442 3196 919 280 329 2113 1072 581 479 1972 468 190 2916 2462 196 2266 427 233 235 454 194 126 278 294
cat_boundaries=0 4 8 13
cat_threshold=131147 541364280 42996480 143563488 42467456 2248892419 201402437 6373632 2218803232 9439616 2150400016 2735742988 1
is_linear=0
shrinkage=0.05


Tree=6
num_leaves=31
num_cat=5
split_feature=11 22 20 3 15 0 14 19 19 11 5 22 20 0 7 20 19 13 4 17 3 22 5 17 22 11 19 1 21 22
split_gain=82.6898 77.8057 73.9749 35.2901 32.9215 31.031 25.6696 24.1316 30.7501 22.4813 20.8845 20.5911 17.3389 17.2363 17.3558 15.1385 20.2454 13.1538 12.1196 12.0062 14.5325 11.8357 15.2301 17.2173 11.6909 12.5365 11.5699 11.0594 16.9073 10.4375
threshold=1.0000000180025095e-35 0 0.13225667527993112 408842.89175000007 14.500000000000002 0.42561038610902702 0.37531725888324879 10.500000000000002 11.500000000000002 0.12660186692404093 360292695.44500005 1 0.26568627450980398 0.30085099696716416 1.0350000000000004 0.32718776550552259 5.5000000000000009 0.10041208868963726 3.0817000000000005 116.00000000000001 575208.67440000002 2 78405727.500000015 47.500000000000007 3 0.10620355755759313 5.5000000000000009 0.031145756000989792 0.22023238460718478 4
decision_type=2 9 2 2 2 2 2 2 2 2 2 9 2 2 2 2 2 2 2 2 2 9 2 2 9 2 2 2 2 9
left_child=15 2 4 9 -2 6 12 24 -9 13 -6 -7 -3 21 -15 16 -1 29 -17 20 -19 -4 23 -23 25 26 -5 -14 -29 -13
right_child=1 5 3 7 10 11 -8 8 -10 -11 -12 17 27 14 -16 18 -18 19 -20 -21 -22 22 -24 -25 -26 -27 -28 28 -30 -31
leaf_value=0.03695402278103984 0.018194531954798667 -0.021987793626670415 -0.017890139908632415 -0.0015343145500395633 0.031890871924511073 -0.01938071555267841 -0.030003500871876278 0.080627181388707281 -0.0087128988387076747 0.073883614518315571 0.11177610239856402 0.011703653107954964 0.00085591135717533174 0.090218226082262737 0.023428602970607108 0.055546889556786154 0.11612485822097798 0.059167751542724273 -0.0072990155374548938 -0.013876023284847406 -0.0063109859464740492 0.099155166535068409 -0.0037518967295550737 0.0052410334552714256 -0.020919080445576645 -0.02300366008893593 0.054561109670950125 -0.0054665808916875211 0.09651543161000456 -0.0078201594741918578
leaf_weight=15.116193950176237 26.197824507951736 90.82521989941597 38.029374405741692 20.141292810440063 11.266467317938803 110.83382788300514 281.13935828208923 16.583498075604439 22.975191503763199 18.715973049402237 29.878935217857361 106.7514524012804 82.812156707048416 11.274150013923643 70.865505367517471 19.512348681688309 17.335081920027733 29.673261091113091 12.641431882977484 13.455701708793638 11.861003398895262 9.9240695089101809 30.036023035645485 9.6023034155368787 142.56423401832581 22.881691545248032 16.909145429730415 8.0591660737991351 8.1985379457473737 155.50785061717033
leaf_count=78 147 615 246 136 63 759 1979 91 142 107 140 685 554 64 419 98 85 177 68 86 80 64 195 61 958 146 101 54 53 1018
internal_value=-0.000148768 -0.00270634 0.0130139 0.00565231 0.0620063 -0.0114283 -0.0204106 -0.00697894 0.0287396 0.0218768 0.0899019 -0.00181178 -0.00620836 0.0161421 0.0325959 0.0551539 0.0792461 0.00478612 0.0308387 0.027171 0.0404689 0.000712447 0.0154738 0.0529719 -0.0139567 0.00522386 0.0240666 0.0082579 0.0459616 0.000274998
internal_weight=1461.57 1396.96 497.846 430.502 67.3432 899.118 471.034 242.055 39.5587 188.447 41.1454 428.083 189.895 169.731 82.1397 64.6051 32.4513 317.249 32.1538 54.99 41.5343 87.5918 49.5624 19.5264 202.496 59.9321 37.0504 99.0699 16.2577 262.259
internal_count=9469 9140 3080 2730 350 6060 3255 1574 233 1156 203 2805 1276 1049 483 329 163 2046 166 343 257 566 320 125 1341 383 237 661 107 1703
cat_boundaries=0 4 9 13 17 21
cat_threshold=1078108171 541364272 578819840 143268576 42467456 2315929606 2348884053 2097408 1 172034 4198432 33554432 2560 0 541069328 4096 528384 2484076544 11534472 7079944 554967044
is_linear=0
shrinkage=0.05


Tree=7
num_leaves=31
num_cat=5
split_feature=22 20 11 11 9 0 14 22 0 5 21 11 21 0 9 5 15 20 19 5 7 19 22 14 6 7 3 11 22 22
split_gain=73.7087 61.3523 45.318 35.5919 31.2607 29.8954 21.5624 18.1745 16.594 18.8711 18.1915 16.1132 15.122 14.9036 14.5602 13.7872 13.3391 13.0273 12.9321 12.5891 12.5069 11.7963 11.7815 11.5306 10.9124 10.081 10.0832 14.5893 9.94279 9.91119
threshold=0 0.13225667527993112 1.0000000180025095e-35 0.01390371241267192 5.8605774939939579 0.36111122394089912 0.37531725888324879 1 0.26137027642596428 176895740.93000004 0.37345041322314054 0.12310958680385435 0.42640692640692646 0.033353599586461988 0.44142027399395328 60604774.400000006 2.5000000000000004 0.32718776550552259 4.5000000000000009 447840195.31500006 1.4150000000000003 5.5000000000000009 2 0.39309040016587188 9.7174500000000013 2.1850000000000005 155228.49220000001 0.10463915165417005 3 4
decision_type=9 2 2 2 2 2 2 9 2 2 2 2 2 2 2 2 2 2 2 2 2 2 9 2 8 2 2 2 9 9
left_child=1 4 17 21 19 6 22 18 13 14 29 -8 16 -5 -10 -9 -12 -2 -7 -1 -20 -3 25 -15 28 26 -4 -28 -17 -11
right_child=2 3 5 8 -6 7 11 15 9 10 12 -13 -14 23 -16 24 -18 -19 20 -21 -22 -23 -24 -25 -26 -27 27 -29 -30 -31
leaf_value=0.014459099561006229 0.070388690626233333 0.030688455452609998 -0.018931659092289423 0.016718347563609095 0.11448198755740231 -0.015436389231632035 -0.031707438461014571 0.036892836363139635 0.068519778412549179 0.0092164752306363312 0.023855260416688045 0.0094562558262141199 0.0053067207590671364 0.0064024689877988962 0.017073186590819637 2.000859686926231e-05 0.10469416880658954 0.015895724517772918 0.054648498539436298 0.072443169233968499 0.013241700622814137 0.10224782726914042 -0.01371836634036535 -0.02900159732321346 0.0048129135610555243 -0.014071290160547792 0.014748820091759516 0.087851680477970262 -0.021623186391979358 -0.018440552663408712
leaf_weight=23.031883969902992 21.045839950442314 10.567806184291841 8.1885252147912961 46.414514273405075 20.397334918379784 30.002969279885292 253.44376294314861 16.564654484391212 24.666737601161003 58.821602776646614 10.089905291795732 26.234309628605843 22.497137859463692 34.28253285586834 31.083445489406586 85.521726474165916 10.324828520417212 22.903122454881668 22.72756464779377 15.770601019263266 92.291658639907837 12.656234696507452 126.41674493253231 69.865830481052399 93.392312452197075 20.163425013422966 17.033834859728817 11.38796381652355 168.16030551493168 52.982329547405243
leaf_count=129 102 55 54 293 92 194 1821 104 140 375 58 180 136 221 178 571 53 117 135 78 569 62 857 473 617 136 113 76 1128 352
internal_value=-0.000176085 0.0166125 -0.00759635 0.00968731 0.0643688 -0.0099177 -0.0191122 -0.00155091 0.00582778 0.0148943 0.00590694 -0.0278462 0.0335812 -0.006846 0.0398358 -0.00746677 0.0647398 0.0419908 0.0129078 0.0380257 0.0214236 0.0696856 -0.00577804 -0.0173476 -0.00979903 0.0121744 0.0299549 0.0440395 -0.0151784 -0.00471483
internal_weight=1458.93 443.453 1015.48 384.253 59.1998 971.53 462.869 508.661 361.029 210.466 154.716 279.678 42.9119 150.563 55.7502 363.639 20.4147 43.949 145.022 38.8025 115.019 23.224 183.19 104.148 347.074 56.7737 36.6103 28.4218 253.682 111.804
internal_count=9469 2695 6774 2396 299 6555 3237 3318 2279 1292 974 2001 247 987 318 2420 111 219 898 207 704 117 1236 694 2316 379 243 189 1699 727
cat_boundaries=0 4 8 12 17 21
cat_threshold=2147614987 549752880 704647680 17473185 71607360 136 16515328 546570240 1077936160 35667976 68222976 537919488 1589792 134235143 1140852744 136314892 1 259 541069312 0 528896
is_linear=0
shrinkage=0.05


Tree=8
num_leaves=31
num_cat=5
split_feature=22 15 11 7 19 0 14 22 13 11 22 13 5 13 21 21 22 11 20 18 3 20 15 22 6 20 8 0 3 3
split_gain=66.1166 50.3589 39.6124 32.6477 28.0238 26.7946 22.8128 18.7246 17.4599 16.255 16.5557 18.9242 14.7365 14.1805 12.7524 13.3767 11.9649 10.9489 10.8338 12.5349 10.5621 10.8399 14.321 12.7848 10.6426 10.3809 9.89983 16.8139 15.6549 10.727
threshold=0 25.500000000000004 1.0000000180025095e-35 0.47500000000000003 5.5000000000000009 0.27238626010095318 0.35728236607142866 1 0.10094266968794909 0.034435949446091456 2 0.10025062656641594 60604774.400000006 0.10015197603490368 0.39791666666666675 0.43330039525691705 3 0.071893947311422443 0.26568627450980398 9.5000000000000018 1034116.5228500001 0.29610733182161758 12.500000000000002 4 3.6849500000000002 0.32718776550552259 1.5550000000000004 0.35594647448675043 570393.78960000013 1763019.0481500004
decision_type=9 2 2 2 2 2 2 9 2 2 9 2 2 2 2 2 9 2 2 2 2 2 2 9 10 2 10 2 2 2
left_child=1 3 25 -1 -5 6 8 12 18 -6 11 -11 -7 -14 26 -16 -8 -15 -4 -20 21 22 -9 -23 -25 -2 27 -12 -28 -29
right_child=2 -3 5 4 9 7 16 20 -10 10 14 -13 13 17 15 -17 -18 -19 19 -21 -22 23 -24 24 -26 -27 28 29 -30 -31
leaf_value=0.094017042953478208 0.063737233276241242 0.079581567794082944 -0.023693642930219218 -0.0062790859184892649 0.077467366359116691 0.064872450075466173 0.0037383874100157012 -0.020172829414000351 0.055571843494160472 -0.018169893608121903 -0.016014052961920294 0.034237407327462631 -0.003252515945897021 0.073420133864220874 0.088371013160445905 0.031281733063246012 -0.033455106795529294 0.016389773473503396 0.01858255446946953 -0.025745286737860945 -0.026926987428709061 0.016785311828505855 0.048157726576940757 0.027306134884574968 -0.023249347836827149 0.015096781929037906 0.080671048623733366 0.039563887861420101 -0.0034466366466586623 -0.024291659168087544
leaf_weight=11.598548904061316 21.442552998661995 28.731664061546326 70.083311051130295 176.15594166517258 11.633977666497229 11.181523129343985 29.894332334399223 123.37563127279282 11.042282670736311 58.129829481244087 36.142771631479263 24.479636549949646 137.82010486721992 9.8656179457902891 14.715979889035223 33.892152950167656 199.71039235591888 57.270523861050606 48.208755701780319 23.832021817564964 73.661765336990356 75.818815767765045 8.17616258561611 12.968083590269087 52.774464458227158 22.458357557654381 13.725037947297098 40.219371110200882 9.2648962587118131 7.862679958343505
leaf_count=56 101 126 483 1161 61 64 216 835 71 367 224 149 878 60 72 188 1477 355 324 159 506 505 53 87 357 114 79 233 58 50
internal_value=-0.000195747 0.0151325 -0.00749958 0.0112487 0.00899638 -0.00973074 -0.0199371 -0.00279058 -0.00499202 0.019757 0.0169411 -0.00235498 0.00857927 0.00592675 0.0256744 0.0485654 -0.0299068 0.0247704 -0.00969751 0.00391833 -0.00984079 -0.00559277 -0.015926 0.00400979 -0.0115241 0.0388543 0.0176909 0.009753 0.0467718 0.0291218
internal_weight=1456.14 466.552 989.585 437.821 426.222 945.684 382.771 562.913 153.166 250.066 238.432 82.6095 216.138 204.956 155.823 48.6081 229.605 67.1361 142.124 72.0408 346.775 273.113 131.552 141.561 65.7425 43.9009 107.215 84.2248 22.9899 48.0821
internal_count=9469 2824 6645 2698 2642 6430 2730 3700 1037 1481 1420 516 1357 1293 904 260 1693 415 966 483 2343 1837 888 949 444 215 644 507 137 283
cat_boundaries=0 4 8 12 16 20
cat_threshold=2147614987 566530096 167776512 151689889 1413785184 1416 11829768 647234572 2147483914 8421408 134221824 16908289 67117188 134283264 536871956 8 8388608 271656962 71305248 268500992
is_linear=0
shrinkage=0.05


Tree=9
num_leaves=31
num_cat=4
split_feature=22 20 11 4 0 9 14 22 5 2 22 0 13 21 8 21 5 11 7 20 21 5 14 22 6 15 6 3 17 20
split_gain=60.3911 48.5279 35.6844 28.9229 28.3699 23.3667 21.5942 20.7995 17.753 23.8124 15.429 15.1045 14.3385 13.7339 12.7654 11.5265 10.8808 10.9793 10.8591 10.7167 10.4182 10.1755 8.70874 8.67624 9.2886 8.33106 12.7807 9.51198 9.89341 12.5114
threshold=0 0.13225667527993112 1.0000000180025095e-35 1.9940500000000003 0.29232717909345279 5.8605774939939579 0.35728236607142866 1 254333708.80000004 0.027495670632925687 2 1.0000000180025095e-35 0.10094266968794909 0.37720057720057726 2.0350000000000006 0.25760368663594474 60604774.400000006 0.12814748653952598 1.2950000000000002 0.2994252873563219 0.41987179487179493 447840195.31500006 0.56773440106773443 3 1.4841000000000002 11.500000000000002 4.4865000000000013 1125070.0891000002 135.50000000000003 0.48994875837603474
decision_type=9 2 2 2 2 2 2 9 2 2 9 2 2 2 8 2 2 2 2 2 2 2 2 9 8 2 10 2 2 2
left_child=1 5 15 -3 6 21 12 -6 9 14 13 -8 20 -10 -5 -2 19 25 -12 -9 23 -1 -19 -4 -25 27 -27 28 29 -18
right_child=2 3 4 8 7 -7 11 16 10 -11 18 -13 -14 -15 -16 -17 17 22 -20 -21 -22 -23 -24 24 -26 26 -28 -29 -30 -31
leaf_value=0.012421243046802526 0.013356821562473109 0.073752100975639431 0.011800752952122625 -0.00052031913327925774 0.014423192506512481 0.098265740444612462 0.038260012681646763 -0.0061161005830391441 -0.00019048712905339615 0.043330175786001242 0.019262301949209616 -0.031113076191554668 0.04821627008372615 0.045891867491655858 0.055219934974542431 0.063899693484948658 -0.0077032187031697771 0.066985510252112204 -0.025598599496905811 0.064539021606050698 -0.04591306276277602 0.063414817876742746 -0.0024834533663444353 0.019419665926586394 -0.02280172697530013 -0.023513171044653072 0.046093916697519492 -0.030908021851240225 -0.032414625900158305 0.057784846459203856
leaf_weight=23.347630009055138 25.002083376049995 16.323069110512733 46.276176854968071 113.27324332296848 137.53909201920033 21.606036260724068 8.1207128018140775 11.415452733635904 62.602099224925041 57.9526377171278 15.944245621562002 232.17556084692478 11.710287168622015 21.798101663589478 11.295901298522947 20.55338017642498 244.41433474421501 8.143500819802286 87.619336470961571 10.128507092595099 17.139848619699478 16.838055998086929 10.115099653601645 16.092360809445381 68.372389078140259 11.709444031119348 15.097133979201315 62.593198731541634 40.356477633118629 7.5175589919090262
leaf_count=128 124 81 311 708 842 94 59 71 414 322 104 1737 73 124 68 96 1641 53 579 61 120 81 66 108 471 76 93 439 276 49
internal_value=-0.000203327 0.0148568 -0.00700736 0.00861511 -0.00913121 0.0563331 -0.0192997 -0.00185743 0.00574527 0.0168523 -0.00504022 -0.0287686 -0.00504236 0.0104706 0.00453419 0.0361604 -0.00733816 -0.00937678 -0.017046 0.0271011 -0.00925977 0.0337879 0.0285003 -0.0044546 -0.0131954 -0.0111887 0.0156887 -0.0132189 -0.00943081 -0.00574908
internal_weight=1453.07 448.6 1004.47 386.809 958.917 61.7917 399.887 559.03 370.486 182.522 187.964 240.296 159.591 84.4002 124.569 45.5555 421.491 399.947 103.564 21.544 147.881 40.1857 18.2586 130.741 84.4647 381.688 26.8066 354.882 292.288 251.932
internal_count=9469 2703 6766 2400 6546 303 2879 3667 2319 1098 1221 1796 1083 538 776 220 2825 2693 683 132 1010 209 119 890 579 2574 169 2405 1966 1690
cat_boundaries=0 4 8 12 16
cat_threshold=2147614987 683970608 704647168 151689889 71337472 136 11797256 580125704 2147614979 537137168 0 150999041 1073741856 8193 72417280 1049600
is_linear=0
shrinkage=0.05


Tree=10
num_leaves=31
num_cat=4
split_feature=0 22 22 5 15 4 19 11 14 14 22 5 2 20 4 7 6 0 19 2 21 5 13 17 4 21 22 9 3 21
split_gain=56.3007 47.1238 39.3959 29.9294 27.0056 23.7374 19.2339 17.2205 17.0047 15.609 15.1033 14.9753 14.0324 20.6399 11.9331 10.3411 10.1983 10.1883 10.0914 13.8458 12.8826 9.70419 9.28751 9.2659 16.3994 10.4024 16.0212 13.7613 12.0788 11.4337
threshold=0.42561038610902702 0 1 60604774.400000006 25.500000000000004 2.7185500000000005 4.5000000000000009 0.12310958680385435 0.15019531250000004 0.35322840073529421 2 133272343.35000001 -0.26534536891679744 0.20497374111831945 14.013150000000001 0.81500000000000006 1.2855000000000003 0.65327120940347039 5.5000000000000009 0.056697580807971167 0.39791666666666675 172672496.09000003 0.098294118475337658 33.500000000000007 11.515750000000002 0.37581168831168837 3 4.0342071365491732 1067461.8558000003 0.4377976190476191
decision_type=2 9 9 2 2 2 2 2 2 2 9 2 2 2 2 2 10 2 2 2 2 2 2 2 2 2 9 2 2 2
left_child=2 4 8 17 6 12 21 9 16 -7 -5 -8 13 -4 -9 -14 -1 -3 19 -10 -20 -2 -12 24 -13 26 28 29 -25 -27
right_child=1 3 5 10 -6 7 11 14 18 -11 22 23 15 -15 -16 -17 -18 -19 20 -21 -22 -23 -24 25 -26 27 -28 -29 -30 -31
leaf_value=0.08344445309333641 0.03049095184620575 0.01605121307113995 -0.013805768331187308 -0.017466393308500271 0.07265164436746975 -0.010399941637995227 0.05814010155002737 -0.0053542074927453052 -0.016221629317980903 -0.030234050192153434 -0.040563375042132518 0.0017124904101461999 0.032767407897713131 0.089837812876099099 0.054553629595511278 -0.024769859841235944 0.023679072177404975 0.077787682032995298 0.0054357951340852379 0.049635605224658846 0.05500881754471252 -0.018828778067676924 0.0049519471113774992 0.046546504871456069 0.0899565365005255 0.044357394086100094 -0.013748192316255568 0.056037689086002762 -0.021061417538982052 -0.0064303555384555766
leaf_weight=10.394053965806959 13.317506939172743 12.313320443034174 8.079959914088251 138.91893164813519 27.39522896707058 150.46551094949245 33.024459585547447 36.602819845080376 73.742903977632523 291.11175182461739 11.769242122769354 9.1600613445043582 11.934207081794737 11.846075534820555 10.754769563674925 22.593551188707352 22.784818083047867 14.614450126886366 61.881155043840408 8.949471712112425 16.626823157072067 39.723257020115852 234.98303747177124 30.736197158694267 12.381699949502943 18.176973849534988 46.667518645524979 31.864101633429527 8.4152167588472349 28.390201717615128
leaf_count=56 73 71 53 951 117 1006 174 250 509 2145 77 56 60 70 72 149 137 74 401 60 90 264 1519 183 76 96 296 166 53 165
internal_value=-0.000196198 0.00983528 -0.00987529 -0.00137337 0.024516 -0.0166095 0.0205672 -0.0204027 0.00932495 -0.0234757 -0.00496499 0.027115 0.0143992 0.0478106 0.00825069 -0.00488262 0.042402 0.0495573 0.00309539 -0.00909416 0.0159346 -0.00644555 0.00267271 0.0216003 0.0524331 0.0175565 0.00552734 0.0307188 0.0255013 0.0133941
internal_weight=1449.62 711.851 737.768 412.599 299.252 543.389 271.857 488.935 194.379 441.577 385.671 218.816 54.4538 19.926 47.3576 34.5278 33.1789 26.9278 161.2 82.6924 78.508 53.0408 246.752 185.792 21.5418 164.25 85.8189 78.4313 39.1514 46.5672
internal_count=9469 4411 5058 2692 1719 3805 1602 3473 1253 3151 2547 1265 332 123 322 209 193 145 1060 569 491 337 1596 1091 132 959 532 427 236 261
cat_boundaries=0 4 9 14 18
cat_threshold=2147918083 818155560 40927488 1612356224 1208090635 2839845904 679498768 2298485761 1 1116209288 2315922690 2885689429 136331528 1 2147516416 541069312 256 1574912
is_linear=0
shrinkage=0.05


Tree=11
num_leaves=31
num_cat=3
split_feature=22 15 14 0 11 6 11 22 9 2 6 13 5 0 21 2 20 9 20 3 3 17 21 3 22 19 10 15 10 4
split_gain=51.292 34.1979 33.9497 31.2862 21.4203 20.3431 19.1494 16.7047 19.9509 15.3961 14.7229 14.1834 13.7099 13.557 17.7007 12.4216 12.0311 11.3733 11.2258 12.1076 11.0699 16.0275 10.9843 10.9064 10.9001 14.4261 10.4549 10.2564 10.2472 9.34384
threshold=0 25.500000000000004 0.14327182251710555 0.44178226863938225 0.048078086991415615 3.2161000000000004 0.12435551598586127 1 -2.1993137536466363 0.043782959416926788 2.3110500000000003 0.10042644117112211 254333708.80000004 0.61280099459711901 0.40892501658925023 -0.40285817983849004 0.3176274944567628 7.2107849047504233 0.44353369763205835 531115.04690000007 552392.71620000002 74.500000000000014 0.26201372997711675 415510.84025000007 2 10.500000000000002 0.053326492599198923 6.5000000000000009 0.096494973556863969 2.8767500000000004
decision_type=9 2 2 2 2 10 2 9 2 2 8 2 2 2 2 2 2 2 2 2 2 2 2 2 9 2 2 2 2 2
left_child=1 4 5 6 10 13 18 8 -5 15 -1 17 -11 14 -2 -6 27 -9 29 -20 26 -22 23 -17 25 28 -10 -8 -14 -4
right_child=2 -3 3 7 9 -7 16 11 20 12 -12 -13 24 -15 -16 22 -18 -19 19 -21 21 -23 -24 -25 -26 -27 -28 -29 -30 -31
leaf_value=0.074583734755274328 0.0282955995605223 0.066338403050331715 0.0018344180307142723 -0.039257162540290998 0.042231735063195802 -0.010893054848635382 -0.028937886980482636 -0.016867450335190513 -0.016265261968024896 0.039823484090946985 0.009909626041379585 0.017549642694040881 -0.024710735060948109 0.059216091553829842 -0.033987730930666753 -0.00087429146039735861 0.056895833223586503 0.041712464618133237 0.045458807137565067 -0.031279960797629347 -0.021747991083142428 0.024439330798789356 0.0060638749046248337 -0.035900116333078616 -0.0043387520114145581 0.078849914145083855 0.037514668709177315 0.029649796971659894 0.041762404273647635 -0.026735245959031324
leaf_weight=20.931572020053864 65.788435027003288 29.732550501823425 31.101917169988155 17.166991367936134 14.496156752109526 50.504081845283508 17.141680806875232 194.2127003967762 10.386632472276686 51.445270821452141 15.18265852332115 42.014024093747139 10.606397539377214 25.779149875044823 13.800265237689016 44.288152799010277 11.365715831518171 8.6549468338489515 12.159898467361929 8.9036808237433416 33.854254394769669 42.190553098917007 94.009289234876633 44.613585084676743 69.988343551754951 12.11232754588127 69.543817594647408 13.239580422639845 12.78768143057823 358.49751687794924
leaf_count=100 393 126 210 109 86 327 118 1322 61 278 88 275 68 139 90 277 75 56 84 68 226 254 582 314 448 64 417 92 78 2644
internal_value=-0.000209587 0.0143066 -0.00623154 -0.0101405 0.0107109 0.0151976 -0.0192525 -0.000279006 0.011253 0.00697224 0.0473943 -0.00854327 0.0186612 0.0277032 0.017496 -0.00232056 0.013011 -0.0143683 -0.0225323 0.0130209 0.0175337 0.00387728 -0.00585144 -0.0184513 0.00834126 0.0269634 0.0305262 -0.00340648 0.0116248 -0.0244545
internal_weight=1446.5 420.194 1026.31 870.434 390.461 155.872 452.41 418.024 173.142 354.347 36.1142 244.882 156.94 105.368 79.5887 197.407 41.747 202.868 410.663 21.0636 155.975 76.0448 182.911 88.9017 105.495 35.5064 79.9305 30.3813 23.3941 389.599
internal_count=9469 2509 6960 6011 2383 949 3291 2720 1067 2195 188 1653 936 622 483 1259 285 1378 3006 152 958 480 1173 591 658 210 478 210 146 2854
cat_boundaries=0 4 8 12
cat_threshold=131339 700747824 167777280 151689825 2220140036 1114248 1090291968 9766020 131074 537137152 0 16781313
is_linear=0
shrinkage=0.05


Tree=12
num_leaves=31
num_cat=4
split_feature=22 20 14 0 5 8 7 5 17 11 22 2 22 19 11 0 8 14 20 22 13 15 7 4 13 9 6 11 18 14
split_gain=46.6096 34.4008 31.4969 30.069 22.5404 25.5654 20.0263 17.9678 15.4279 14.8404 14.7388 14.2243 13.6176 16.2421 13.1074 13.0693 10.9722 10.3887 16.9081 13.0974 10.3805 9.32754 8.97499 8.87414 8.7621 8.09195 9.04718 11.8853 9.09532 15.4388
threshold=0 0.13225667527993112 0.14327182251710555 0.42561038610902702 254333708.80000004 2.3150000000000004 0.97500000000000009 331378922.80000001 135.50000000000003 0.12310958680385435 1 0.0081826364454626894 2 10.500000000000002 0.062193757843618712 0.051145443336935444 0.83500000000000008 0.72783389450056124 0.46841755319148942 3 0.1003294901858607 15.500000000000002 1.8150000000000002 16.307650000000002 0.10087337909992368 -2.0001695202576717 4.211850000000001 0.050292806518920208 31.000000000000004 0.72243923611111127
decision_type=9 2 2 2 2 8 2 2 2 2 9 2 9 2 2 2 8 2 2 9 2 2 2 2 2 2 8 2 2 2
left_child=1 7 6 9 5 11 16 -1 -8 17 -5 14 13 20 -3 -16 -2 18 19 -4 23 -9 -14 -6 25 -12 27 -27 29 -28
right_child=2 4 3 10 12 -7 8 21 -10 -11 24 -13 22 -15 15 -17 -18 -19 -20 -21 -22 -23 -24 -25 -26 26 28 -29 -30 -31
leaf_value=0.0085748039491641039 0.0035464601479863727 0.044541278551866369 0.0036087048152687786 -0.012211595824873869 -0.026090476996016396 0.084234995247863959 0.013876989834388169 0.031008395039713511 -0.028726154849682273 0.0086589893679110616 -0.019536902807704162 0.035138769968281212 0.0026130122874118596 0.072927903503965094 0.022043011453584286 -0.016245247270366189 0.055861195664361755 -0.03575241959681065 0.050459744221006408 -0.024444388751979247 0.05250342436577117 0.082659738491075399 -0.025102872413362089 0.02219823716449441 0.044322624702164526 0.040712128726485254 0.021563342932726399 -0.020131201846150026 0.030039785408419697 -0.01598534234903292
leaf_weight=19.179126411676407 14.029198601841925 17.457825794816017 55.133794620633125 157.19802530109882 23.770462438464165 14.391249895095823 79.019929140806198 12.511855676770208 29.066943854093552 42.92612598836422 30.477787509560585 57.534379586577415 47.296199232339859 10.469854488968847 34.736352726817131 62.189683884382248 35.096245944499969 104.99897123873234 8.9085268974304181 217.70615900307894 9.0811657905578596 28.999204605817795 76.378423236310482 15.863849923014639 14.710936054587362 9.7203610241413099 63.733346611261368 46.059707716107368 56.580620765686035 47.988294050097466
leaf_count=98 79 94 403 1081 160 75 492 67 196 293 198 305 306 56 210 394 183 817 61 1609 57 122 515 100 88 55 395 298 345 317
internal_value=-0.000212574 0.013402 -0.00606026 -0.00989747 0.00797874 0.0202187 0.0144508 0.0485992 0.00242006 -0.0192328 -0.000491959 0.0148599 -0.00449212 0.0140536 0.00465976 -0.0025235 0.0409212 -0.0223286 -0.017326 -0.0195393 0.00428527 0.0670915 -0.0134186 -0.00676266 0.00655975 0.00463514 0.00792282 -0.00952851 0.0137067 0.00543489
internal_weight=1443.21 429.86 1013.35 856.143 369.169 186.309 157.212 60.6902 108.087 429.674 426.469 171.918 182.86 59.1853 114.384 96.926 49.1254 386.747 281.748 272.84 48.7155 41.5111 123.675 39.6343 269.271 254.56 224.082 55.7801 168.302 111.722
internal_count=9469 2559 6910 5960 2272 1078 950 287 688 3183 2777 1003 1194 373 698 604 262 2890 2073 2012 317 189 821 260 1696 1608 1410 353 1057 712
cat_boundaries=0 4 9 13 17
cat_threshold=131339 683970608 706745344 151689825 1384120448 2164942083 2214600813 270532864 1 131330 537137152 1024 150999041 16388 2147552256 2232746240 327808
is_linear=0
shrinkage=0.05


Tree=13
num_leaves=31
num_cat=3
split_feature=0 22 22 11 14 5 9 21 14 20 3 11 13 11 1 20 22 7 20 20 11 5 20 8 1 6 3 2 21 3
split_gain=42.8537 37.5136 33.6195 31.3672 19.721 17.0895 16.1256 26.6896 15.7793 19.3731 15.3491 13.4784 12.9412 12.9161 13.0121 12.8237 12.6556 21.6211 12.1199 12.1071 11.0478 10.1303 9.88913 10.5377 10.155 9.87934 9.29898 9.16111 8.65198 8.46017
threshold=0.42561038610902702 0 1 0.053225265940782578 0.35728236607142866 48024131.445000008 4.0909090909090908 0.40750456204379565 0.15407151442307696 0.27806414662084772 926721.99100000015 0.12310958680385435 0.10062893081761017 0.12076938948297081 0.0082713042526406672 0.17962057033766857 2 3.0550000000000002 0.43785112359550565 0.29610733182161758 0.063954771097628219 64631320.500000007 0.26568627450980398 1.8550000000000002 0.085419386657253363 11.619750000000002 265879.16255000007 -0.056206919854034303 0.3429276315789474 1034116.5228500001
decision_type=2 9 9 2 2 2 2 2 2 2 2 2 2 2 2 2 9 2 2 2 2 2 2 8 2 8 2 2 2 2
left_child=2 6 5 8 12 26 10 28 -3 -10 15 -6 22 14 27 -2 -5 21 -19 -15 -9 -18 24 -24 -4 -17 -1 -7 -8 -22
right_child=1 3 4 16 11 13 7 20 9 -11 -12 -13 -14 19 -16 25 17 18 -20 -21 29 -23 23 -25 -26 -27 -28 -29 -30 -31
leaf_value=0.021836453664976534 -0.012649639868548024 0.072220902473661544 -0.026622039642817282 -0.013624042389522806 -0.027261818496588333 -0.024533590052674647 0.024223082564955228 0.10121239233381303 0.068767985892417893 -0.014496171833182626 -0.0096539676684129286 0.0074751547262938665 0.029410751244742146 0.085801070136484026 0.0154242817673555 0.041527430758088596 0.048062211138857086 0.020797287517138011 0.085914399942219014 0.0093577146508409311 0.026476412961597796 -0.0071058093598544095 -0.0030943647325682266 0.052816297876356638 0.034572917695019051 0.0026277017193621975 0.085176866853727995 0.0086820992881659238 -0.036184880782685551 0.079499483625286194
leaf_weight=13.777649596333505 18.208203822374344 19.920864775776863 76.328421354293823 183.14698596298695 277.46718662232161 62.561115495860577 20.294670999050144 16.217138037085533 10.821597054600717 19.709249183535576 41.539961859583855 31.049924835562706 25.62259915471077 8.577938839793207 66.405397929251194 75.41498638689518 8.7144668549299222 50.39714977145195 8.326351732015608 13.07451882958412 16.869501501321796 184.39296631515026 90.345732018351555 9.2944347411394101 7.4401785731315604 20.83036082983017 10.000297293066977 31.067415945231915 8.3729051053524 13.578164920210837
leaf_count=82 100 92 537 1259 2148 425 123 71 65 117 251 209 159 50 432 420 48 322 50 81 84 1177 584 56 38 124 51 206 48 60
internal_value=-0.000224231 0.0084395 -0.00881299 0.000278109 -0.0154337 0.00821542 0.024495 0.0445506 0.0376038 0.0150166 0.01638 -0.0237658 -0.00387442 0.00339861 -0.00150507 0.0258288 -0.00404478 0.0033306 0.0300302 0.0396419 0.0678772 -0.00461621 -0.00852443 0.00212098 -0.0211868 0.0331084 0.0484755 -0.0135121 0.0065798 0.0501221
internal_weight=1439.77 716.756 723.013 485.43 517.548 205.464 231.326 75.3324 50.4517 30.5308 155.994 308.517 209.031 181.686 160.034 114.454 434.978 251.831 58.7235 21.6525 46.6648 193.107 183.409 99.6402 83.7686 96.2453 23.7779 93.6285 28.6676 30.4477
internal_count=9469 4411 5058 3130 3731 1327 1281 386 274 182 895 2357 1374 1194 1063 644 2856 1597 372 131 215 1225 1215 640 575 544 133 631 171 144
cat_boundaries=0 4 9 13
cat_threshold=2147614977 549720104 36733184 538614400 1208123403 2839844880 679498768 151002113 1 1384644736 2315930630 2886279293 136315136
is_linear=0
shrinkage=0.05


Tree=14
num_leaves=31
num_cat=4
split_feature=22 20 14 0 8 5 7 22 17 19 14 8 22 0 4 2 13 11 20 14 22 15 20 20 7 3 8 13 9 15
split_gain=39.3266 29.4346 26.0228 24.5147 20.4232 18.2483 17.8477 16.7675 13.6919 13.2748 12.5863 12.3508 12.1388 12.1292 11.3745 16.6536 11.3378 11.2559 10.9699 9.94429 12.2829 9.72123 9.52094 12.5971 9.41496 9.33601 9.30727 8.8018 8.63822 8.3904
threshold=0 0.13225667527993112 0.14327182251710555 0.42561038610902702 3.4550000000000005 579530342.83500016 0.97500000000000009 1 135.50000000000003 5.5000000000000009 0.21895410014513791 0.83500000000000008 2 0.25717428143537263 2.5639500000000006 -0.41055458436313214 0.10030667057482902 0.12310958680385435 0.44353369763205835 0.7097008286904819 3 2.5000000000000004 0.26568627450980398 0.31851119894598162 0.93500000000000016 531115.04690000007 1.0750000000000004 0.10071432215929389 -0.28964655150716107 1.5000000000000002
decision_type=9 2 2 2 8 2 2 9 2 2 2 8 9 2 2 2 2 2 2 2 9 2 2 2 2 2 8 2 2 2
left_child=1 5 6 17 7 -1 11 9 29 16 -11 -2 -5 14 -9 -16 -3 18 19 20 22 -12 -4 -24 -15 -20 -13 -22 -25 -8
right_child=2 4 3 12 -6 -7 8 13 -10 10 21 26 -14 24 15 -17 -18 -19 25 -21 27 -23 23 28 -26 -27 -28 -29 -30 -31
leaf_value=0.017591593159217017 -0.0027310967619884881 -0.011038717380904409 -0.018871280229224421 -0.011272551324111535 0.07087056372161947 0.070002594982356087 -0.005287109321200383 0.03309231960867564 -0.028835745069624781 0.083287150557322831 0.011467453652804908 0.089022769821011732 0.0058663323254684527 0.042054466685379689 0.04540533906445926 -0.027451000555125567 0.04643579902443612 0.0060525609973596742 0.045045519784133917 -0.036979052046835707 -0.027311952519634076 0.054269106551597161 0.060760712568915576 -0.04577047495696155 0.0019838794858312728 -0.02640862060757453 0.034903712377117257 0.011424883783267491 0.028795237024028555 0.02726609888920177
leaf_weight=34.785733804106712 13.738672211766241 40.1106166690588 21.950980104506016 161.74530833959579 12.022494420409201 31.781837612390518 37.659434154629707 10.794553130865095 28.012417130172253 11.215197741985319 40.228292293846607 11.960029065608976 249.69023486971855 16.382047191262245 8.604751802980898 88.668388672173023 10.915712371468542 42.300325110554695 11.189718663692476 95.278528280556202 180.06008137762547 19.793164655566216 13.215683206915857 7.2012479081749907 139.38097909092903 7.7288777008652678 23.661486327648163 15.964548632502554 8.4318735152482969 41.725108548998833
leaf_count=174 77 267 165 1127 63 142 232 59 194 56 245 60 1565 85 51 613 68 287 75 776 1374 110 97 54 838 62 120 115 62 256
internal_value=-0.000228179 0.0115904 -0.00593929 -0.00958982 0.00669413 0.0426146 0.0126558 0.00469575 0.00121803 0.0191563 0.0346669 0.0375417 -0.00100278 -0.00263179 -0.0156024 -0.0210062 0.00125641 -0.0183496 -0.0212088 -0.0232584 -0.017962 0.0255821 0.00496621 0.0248256 0.00619822 0.0158541 0.0530743 -0.0229846 -0.00555275 0.0118231
internal_weight=1436.2 464.684 971.515 814.757 398.116 66.5676 156.757 386.094 107.397 122.263 71.2367 49.3602 411.436 263.831 108.068 97.2731 51.0263 403.322 361.022 342.103 246.824 60.0215 50.7998 28.8488 155.763 18.9186 35.6215 196.025 15.6331 79.3845
internal_count=9469 2771 6698 5759 2455 316 939 2392 682 746 411 257 2692 1646 723 664 335 3067 2780 2643 1867 355 378 213 923 137 180 1489 116 488
cat_boundaries=0 4 8 13 17
cat_threshold=164107 700747824 704648192 151689952 131336 671387664 134222848 134256640 1384644736 2148164871 2214600813 270532865 1 68173828 2214661120 2216755456 327680
is_linear=0
shrinkage=0.05


Tree=15
num_leaves=31
num_cat=4
split_feature=11 22 17 19 14 13 22 0 10 2 0 17 21 8 22 0 5 21 4 20 22 14 9 13 15 11 20 8 4 11
split_gain=36.0548 38.2289 34.198 27.9296 19.6708 17.1851 15.0579 15.4692 14.4785 14.3254 15.8778 23.7774 13.1086 12.4517 11.8139 11.0628 12.8929 12.5055 12.2604 11.0028 18.8639 10.6203 10.2554 10.1754 9.96662 10.7854 10.8247 10.2368 8.56427 8.16862
threshold=0.056288751225838256 0 93.500000000000014 5.5000000000000009 0.52519531250000007 0.10062893081761017 1 0.67342852555122812 0.091081146185277642 -0.41719765567007311 0.35594647448675043 33.500000000000007 0.21583850931677021 2.1850000000000005 2 0.21210443784210259 176895740.93000004 0.19821428571428576 3.5735000000000006 0.29478609625668456 3 0.18227964928472545 0.3172087641184374 0.10020090533534355 25.500000000000004 0.1272640939307606 0.46966911764705888 1.9750000000000003 18.109250000000003 0.073125040174840936
decision_type=2 9 2 2 2 2 9 2 2 2 2 2 2 8 9 2 2 2 2 2 9 2 2 2 2 2 2 8 2 2
left_child=2 3 4 15 13 6 24 19 -7 -5 -11 -12 -10 -1 22 18 17 -17 -2 -8 28 -22 -9 -6 25 26 27 -3 -21 -16
right_child=1 5 -4 9 23 8 7 14 12 10 11 -13 -14 -15 29 16 -18 -19 -20 20 21 -23 -24 -25 -26 -27 -28 -29 -30 -31
leaf_value=0.012725319908676798 0.02272557776248257 -0.012187356786088554 0.063440801523642981 0.06876394319402207 -0.044719433656264088 -0.01966305181026547 -0.032026608976817271 0.058030291284721647 -0.0062661494813106774 -0.0022249753500098442 0.096985118564174855 0.020000686080391045 0.042207862129336506 0.063164550146432394 0.025861661590003183 0.075463658838413453 -0.0071496507593119931 0.0057357017976252464 -0.029530379802169666 0.0043645605130754692 0.015719779489955284 -0.0343223865455713 0.0045593183249341366 0.019778624557301571 0.052640889731279318 0.032510866673462084 0.043271309943126827 0.02297990040454348 0.062658376249818931 -0.020121111185423077
leaf_weight=79.953755103051662 13.542156100273131 217.19745222479105 38.046778716146946 13.702431239187716 21.228996038436893 25.923961602151394 176.66511892527342 12.054009631276129 21.651168562471867 79.74729859828949 10.675737977027891 165.81072619557381 39.194587603211403 14.446684926748274 10.925728052854536 10.880827620625498 64.106090843677521 15.720820933580397 65.591782629489899 45.655532732605934 12.146697565913199 83.394762150943279 35.016238749027252 8.589155510067938 8.0186202973127347 18.885060533881187 10.398213267326353 22.872343473136425 7.3093788102269164 83.254825949668884
leaf_count=437 89 1503 192 80 151 175 1348 78 148 508 59 897 256 66 75 60 429 95 483 333 78 636 224 59 45 120 67 152 52 574
internal_value=-0.000228695 -0.00306361 0.0219653 0.00876045 0.00926181 -0.00931767 -0.0118864 -0.0172233 0.0116274 0.0189545 0.0162909 0.0246575 0.024959 0.0204443 -0.00377679 -0.0069256 0.00499341 0.0342564 -0.0205878 -0.023594 -0.0135624 -0.025311 0.0150542 -0.0261407 -0.0022112 -0.00392624 -0.00667356 -0.00883684 0.0104385 -0.0133674
internal_weight=1432.61 1270.34 162.265 439.778 124.219 830.564 743.794 466.422 86.7697 269.936 256.234 176.486 60.8458 94.4004 141.251 169.842 90.7077 26.6016 79.1339 325.171 148.506 95.5415 47.0702 29.8182 277.372 269.353 250.468 240.07 52.9649 94.1806
internal_count=9469 8564 905 2700 713 5864 5285 3398 579 1544 1464 956 404 503 951 1156 584 155 572 2447 1099 714 302 210 1887 1842 1722 1655 385 649
cat_boundaries=0 4 9 13 17
cat_threshold=4366401 549752848 580129024 35528288 1275068730 16785576 203507204 2306875544 1 2147501188 271646720 20973576 805339136 276824068 202377218 34848 65537
is_linear=0
shrinkage=0.05


Tree=16
num_leaves=31
num_cat=5
split_feature=22 1 6 2 20 4 14 22 20 20 9 3 7 9 9 22 8 11 20 22 10 0 11 21 21 22 21 20 5 14
split_gain=32.7783 25.1186 23.5829 21.5083 17.6156 16.7679 16.5093 20.4564 17.2314 17.0962 15.8914 15.5578 15.3935 15.5515 13.249 13.0386 13.0297 11.6175 12.5803 12.4056 16.346 12.8903 11.5551 11.043 10.824 10.7271 10.2632 10.1073 13.7486 10.0886
threshold=0 0.028749700527072378 0.51300000000000012 0.013776222755341851 0.32071428571428579 2.8066000000000009 0.37531725888324879 1 0.29289215686274517 0.16472868217054268 4.454185876602935 408842.89175000007 0.74500000000000011 0.99552040593843272 -2.1993137536466363 2 0.68500000000000016 0.11377351293838962 0.22653958944281527 3 0.096732146662529758 0.25717428143537263 0.056288751225838256 0.39791666666666675 0.35948717948717951 4 0.43614130434782611 0.17773807396819727 287449930.70000005 0.84680573663624525
decision_type=9 2 10 2 2 2 2 9 2 2 2 2 2 2 2 9 10 2 2 9 2 2 2 2 2 9 2 2 2 2
left_child=1 11 -2 6 10 -5 8 9 -4 -8 12 17 -3 -14 -11 22 -10 18 -1 21 -21 -20 -7 25 -18 -13 -25 28 -24 -29
right_child=2 4 3 5 -6 15 7 -9 16 14 -12 23 13 -15 -16 -17 24 -19 19 20 -22 -23 27 26 -26 -27 -28 29 -30 -31
leaf_value=-0.019654850763406895 0.0640671494929798 0.077436565539489632 -0.016952139061949308 0.057828242250492212 0.0012064809584102904 0.043714426170839482 0.072658484580330293 -0.028612110044414548 -0.027093649972207631 0.03837052899610905 0.061027638383143734 0.010123671269149273 0.040594008478055804 -0.017050513877342795 -0.022533752679125982 -0.0093313839525474597 0.013510706508245327 0.037007172481618548 -0.052379047203366808 0.066477991751515517 0.0071715415312717957 0.011058723137674586 -0.052856883065863891 0.041588167608285258 0.070901702421329094 -0.019259812788109874 -0.0068522186098324807 0.014875537631563907 0.012974867762889067 -0.018010157554582136
leaf_weight=33.107939869165421 11.900200232863424 10.090133979916571 114.65456043183804 12.71014268696308 44.405900284647942 20.721021488308907 8.5630016103386861 211.76810771226883 17.848812125623226 12.629762344062327 45.307854056358337 37.222897738218307 21.612872436642647 25.510667309165001 30.478140376508236 203.64518699795008 71.364331811666489 42.356999441981316 11.524390004575251 23.417963609099388 23.058531165122986 26.241316497325897 16.580372169613842 20.444453313946724 9.2844196110963804 116.5226452127099 23.508053787052631 139.6860271692276 15.203322425484656 27.995452918112278
leaf_count=202 62 48 801 61 260 120 49 1687 116 93 215 245 130 142 226 1395 452 237 80 135 141 144 109 105 58 807 142 911 99 197
internal_value=-0.000229174 0.00991236 -0.00580282 -0.00677693 0.0275125 0.00124108 -0.0141212 -0.0224919 -0.00377555 0.00681032 0.0389066 0.0029544 0.0213887 0.00938773 -0.00469 -0.000455892 0.0115625 0.0145609 0.00645906 0.0167221 0.0304931 -0.00656205 0.00782143 -0.00642175 0.0201177 -0.0127401 0.0156798 0.00448488 -0.0213671 0.00938507
internal_weight=1429.37 504.333 925.033 913.133 146.927 436.542 476.591 263.439 213.152 51.6709 102.522 357.405 57.2137 47.1235 43.1079 423.831 98.4976 159.707 117.35 84.2422 46.4765 37.7657 220.186 197.698 80.6488 153.746 43.9525 199.465 31.7837 167.681
internal_count=9469 3033 6436 6374 795 2892 3482 2055 1427 368 535 2238 320 272 319 2831 626 939 702 500 276 224 1436 1299 510 1052 247 1316 208 1108
cat_boundaries=0 4 8 13 17 21
cat_threshold=3221389579 675582128 167777280 151657056 8196 352846080 547619088 268698632 335808160 310510592 75300968 546342021 1 2147516419 4128 33554432 512 2147483904 4112 134221824 524800
is_linear=0
shrinkage=0.05


Tree=17
num_leaves=31
num_cat=6
split_feature=22 15 14 21 19 22 3 13 20 18 22 11 1 22 7 14 20 21 22 7 22 14 4 21 13 15 2 14 10 6
split_gain=31.19 29.1458 29.5869 20.6694 36.1683 21.0201 15.8283 18.8568 14.6343 30.1404 13.6488 16.9894 13.4883 12.8368 13.4048 12.4852 12.4837 11.2915 10.9116 10.7083 10.6506 10.6486 10.5978 10.0544 9.9137 12.1779 9.71692 9.71508 9.50067 9.46456
threshold=0 22.500000000000004 0.11121961805555557 0.37161172161172168 6.5000000000000009 1 408842.89175000007 0.10065826057441642 0.29289215686274517 54.000000000000007 2 0.11770485767762111 0.099730409254737765 3 1.5850000000000002 0.37531725888324879 0.27149877149877155 0.4377976190476191 4 3.1550000000000007 5 0.8546920821114371 10.659950000000002 0.42365967365967372 0.099950458185088312 6.5000000000000009 -0.089267603593161368 0.75018142235123386 0.016798805699672775 7.9594000000000014
decision_type=9 2 2 2 2 9 2 2 2 2 9 2 2 9 2 2 2 2 9 2 9 2 2 2 2 2 2 2 2 8
left_child=16 2 12 5 -5 27 7 10 13 17 -7 -12 23 24 -15 -9 28 19 -8 -10 21 22 -18 -2 -6 -26 -24 -4 -1 -28
right_child=1 -3 3 4 8 6 18 15 9 -11 11 -13 -14 14 -16 -17 20 -19 -20 -21 -22 -23 26 -25 25 -27 29 -29 -30 -31
leaf_value=0.023583417406691464 0.027009258296222069 0.047713434591073384 -0.013674805523723667 -0.020546264216451955 0.015957857440597044 -0.01324550565071321 0.010862137811246711 0.088196407253693793 0.021969512710448572 0.12631861195283484 0.0051084338656077113 0.047911847334832044 0.060977119013389147 0.03825860233693118 -0.0056415771425939402 0.019142957438849195 -0.003197127736728032 -0.0058627121628067784 -0.012721703224784329 0.089792493385764852 -0.019422136485889963 -0.034109956786602919 -0.018718436974165115 -0.014957721465225032 0.022237348480058382 0.096855130950826915 0.077566643664129353 -0.040752374318152228 -0.028310053142154082 0.022265087879353693
leaf_weight=9.4418623074889165 66.092516101896763 36.710135504603386 121.77039822936058 66.326899327337742 18.401243612170219 65.990416273474693 55.902087673544884 11.613261312246324 15.08963216096163 9.374998211860655 116.27655240148306 28.955538354814053 23.230809926986694 21.806592725217342 85.831234194338322 15.001342251896856 63.581487894058228 15.98707655072212 219.31274332851171 9.4735934734344465 70.426532551646233 15.829913288354872 8.6271004229783994 18.202497012913227 9.4374710842967051 13.000099450349806 11.552200540900229 45.504774443805218 133.91768096387386 23.4260248914361
leaf_count=54 372 179 858 471 100 425 361 65 85 43 750 168 101 124 527 93 438 96 1549 51 508 122 67 114 53 65 80 352 1036 162
internal_value=-0.000244684 0.00388317 0.00239142 -0.00043619 0.0114178 -0.0050488 0.000162087 0.00961242 0.0221035 0.0455216 0.00461491 0.0127635 0.0272436 0.0142292 0.0029758 0.0492744 -0.013315 0.0268418 -0.00799888 0.0481276 -0.00542344 0.0038561 0.00982289 0.017947 0.0346711 0.0654701 0.0288075 -0.019854 -0.0248923 0.0405294
internal_weight=1426.09 1089.29 1052.58 945.056 264.729 680.327 513.052 237.837 198.402 49.9253 211.223 145.232 107.526 148.477 107.638 26.6146 336.803 40.5503 275.215 24.5632 193.443 123.017 107.187 84.295 40.8388 22.4376 43.6053 167.275 143.36 34.9782
internal_count=9469 7002 6823 6236 1615 4621 3411 1501 1144 275 1343 918 587 869 651 158 2467 232 1910 136 1377 869 747 486 218 118 309 1210 1090 242
cat_boundaries=0 4 8 12 16 20 24
cat_threshold=42467472 2218402054 336210021 339755268 269509632 302006313 3773054984 539066497 2151677986 12588032 1048592 1048576 2148704258 0 570425344 2568 256 5120 1052672 9965568 8388608 2217738242 67110945 268435460
is_linear=0
shrinkage=0.05


Tree=18
num_leaves=31
num_cat=3
split_feature=0 22 4 22 7 9 20 11 13 0 14 22 13 3 19 20 6 4 11 2 7 6 11 7 3 20 6 17 20 4
split_gain=30.0094 29.7604 27.2881 25.5287 19.6063 15.3975 21.3053 18.0431 14.9013 12.9173 12.8962 12.8222 11.9049 11.2774 10.2894 13.0034 10.2298 11.26 9.87648 9.66313 10.2762 9.24413 10.3723 9.64327 9.06038 13.3233 18.2861 10.7453 12.8661 11.9041
threshold=0.2692023029191602 0 2.2269000000000001 1 1.0950000000000004 4.0909090909090908 0.40824915824915831 0.11097866292850968 0.10062893081761017 0.019691934544818126 0.043360752056404238 2 0.098449239558966131 926721.99100000015 5.5000000000000009 0.30212080335731423 8.5519000000000016 4.4009000000000009 0.051799014000962207 -0.45031035055869484 1.2950000000000002 5.6171000000000006 0.11616366754465866 4.8350000000000009 557067.51305000007 0.13225667527993112 4.4865000000000013 123.50000000000001 0.46966911764705888 16.146050000000006
decision_type=2 9 2 9 2 2 2 2 2 2 2 9 2 2 2 2 10 2 2 2 2 8 2 2 2 2 10 2 2 2
left_child=2 5 -1 9 10 13 7 -7 19 14 -3 -6 -13 21 15 -4 17 -12 -11 20 -5 -2 23 -23 27 26 -26 28 29 -14
right_child=1 4 3 8 11 6 -8 -9 -10 18 16 12 24 -15 -16 -17 -18 -19 -20 -21 -22 22 -24 -25 25 -27 -28 -29 -30 -31
leaf_value=0.031008347345198303 0.030987026292853298 0.071446621368227992 -0.041372770168678415 -0.025552130041338179 -0.015697064276672428 0.055341374923809118 -0.029028626770038451 -0.014947832061486716 0.0086382777859070302 0.048005560826531873 0.030867814919234376 -0.041919329201712104 0.02118395653209898 -0.0083201398014389975 0.058804212947451154 0.044930854793801461 0.064233559595309714 -0.011688884911229422 -0.007571058446173444 -0.025899878129755929 0.052922247260920298 -0.0068400220615156982 0.040723619614398548 0.045887411508650056 -0.014197207139754418 -0.015937977778977958 0.076386250121278892 -0.016955457822345834 0.067020608446985153 -0.010144500667892476
leaf_weight=38.315772235393524 73.207751341164112 10.954277068376539 8.1503860577940959 8.4483232647180575 176.00883113592863 64.804468162357807 11.006534144282339 10.627334281802176 39.828835375607014 8.7194047048687917 26.926495738327503 15.421163111925123 97.172033101320267 55.973762035369873 17.791508063673973 9.3961923122405988 8.6560297384858114 36.766920037567616 96.071296647191048 297.70298692584038 8.2411223948001844 70.196384645998478 19.047955572605133 9.8936069384217245 12.286604054272177 94.750588774681091 10.193729363381861 30.618152253329754 11.226884111762045 44.075544469058514
leaf_count=213 389 49 63 61 1257 316 65 61 278 52 135 106 617 344 113 65 55 236 691 2318 57 414 106 58 79 667 60 196 63 285
internal_value=-0.000255004 0.00536392 -0.00964138 -0.012792 -0.00151685 0.0174294 0.0359564 0.0454386 -0.0196204 0.00547802 0.020888 -0.00534311 0.000897326 0.0111788 0.0320105 0.00484282 0.0132331 0.00630203 -0.00294665 -0.0238244 0.0131979 0.0175115 0.00756067 -0.000326543 0.00312578 -0.00772755 0.026878 0.010075 0.0155029 0.0114081
internal_weight=1422.48 889.815 532.666 494.35 575.057 314.758 86.4383 75.4318 354.221 140.129 83.3037 491.754 315.745 228.319 35.3381 17.5466 72.3494 63.6934 104.791 314.392 16.6894 172.346 99.1379 80.09 300.324 117.231 22.4803 183.093 152.474 141.248
internal_count=9469 5558 3911 3698 3805 1753 442 377 2714 984 475 3330 2073 1311 241 128 426 371 743 2436 118 967 578 472 1967 806 139 1161 965 902
cat_boundaries=0 4 8 12
cat_threshold=2147648515 541331624 45383936 34217600 1073897484 990154768 1744901136 2300155904 1653080200 2318024708 134816869 140591360
is_linear=0
shrinkage=0.05


Tree=19
num_leaves=31
num_cat=5
split_feature=0 22 22 11 21 9 5 14 13 10 22 11 11 22 7 3 20 17 11 6 20 9 22 18 6 17 5 6 7 8
split_gain=27.7919 28.2491 24.2253 22.156 19.1272 17.7362 17.449 15.1627 14.3018 13.4629 13.455 11.1431 11.0738 10.9126 10.773 10.6411 10.0238 9.56202 9.39301 9.35105 9.05429 18.6904 14.7569 11.061 8.45816 8.47054 8.39464 9.65386 8.13124 8.59461
threshold=0.42561038610902702 0 1 0.020519874242084058 0.37581168831168837 4.0342071365491732 176895740.93000004 0.35728236607142866 0.098772778530787045 0.089638644302342377 2 0.12435551598586127 0.12310958680385435 3 1.7650000000000003 598871.7949000001 0.29289215686274517 120.50000000000001 0.095097882831883709 1.8468500000000001 0.36523199023199027 4.454185876602935 4 28.500000000000004 4.4518500000000012 151.00000000000003 48024131.445000008 7.7654000000000005 2.3850000000000002 0.94500000000000006
decision_type=2 9 9 2 2 2 2 2 2 2 9 2 2 9 2 2 2 2 2 10 2 2 9 2 8 2 2 10 2 10
left_child=2 4 9 19 6 14 -2 13 -5 18 -10 -11 -9 -4 -6 20 -15 -17 26 -3 22 23 28 -22 25 -19 -1 -28 29 -12
right_child=1 3 7 8 5 -7 -8 12 10 11 15 -13 -14 16 -16 17 -18 24 -20 -21 21 -23 -24 -25 -26 -27 27 -29 -30 -31
leaf_value=0.050571398042333585 0.049002410214300463 0.064072138572880855 -0.01644833869492239 -0.032132469427097757 0.051424270321490287 0.069079960082942274 -0.0033718837907366129 -0.024330774927891916 -0.014949109112334692 -0.0079163723898327751 -0.027792287707468628 0.03663826288062285 0.0069698143527702526 -0.0060122302288378475 -0.0090643292249558329 -0.0146088065372978 0.022330298244101751 0.031751176473838426 0.062920275508381723 0.012351204298001257 0.025916085663731065 -0.041205403127314029 0.016827412729557425 0.079927476130957409 0.033206494948114888 -0.029938560047230795 -0.0028056006764778348 0.059205852493984149 -0.029959052722823887 0.018423363127002376
leaf_weight=13.794110722839831 21.667595401406288 18.634499579668045 79.437306754291058 34.919750161468983 13.172715276479723 38.137420654296875 59.77222978323698 256.24545178562403 96.185025222599506 114.36982421576977 15.428327873349188 15.996010430157183 31.759722098708153 70.205892346799374 16.683612883090973 97.950181186199188 56.142196595668793 8.5598846971988678 12.888289108872412 16.457081690430641 52.319262132048607 9.0145173966884595 104.02090307325125 11.576366156339644 24.513393834233284 15.901538766920567 42.025241874158382 7.3780747130513182 34.756738677620888 28.91003093123436
leaf_count=69 105 80 539 236 64 167 374 2129 700 780 96 91 213 489 89 678 347 48 79 82 309 55 625 65 143 98 273 49 222 175
internal_value=-0.000258127 0.00664985 -0.00734702 0.00130802 0.02522 0.0464852 0.0105626 -0.0132055 -0.00119778 0.00696744 0.000966424 -0.00244948 -0.0208791 -0.00310769 0.0176235 0.00501209 0.00609893 -0.00558934 0.0240182 0.0398163 0.0112917 0.026193 0.00535851 0.0357017 0.0124497 -0.00835122 0.0160846 0.00645542 -0.0105219 0.0023418
internal_weight=1418.82 718.581 700.242 569.148 149.434 67.9937 81.4398 493.791 534.056 206.452 499.136 130.366 288.005 205.785 29.8563 402.951 126.348 146.925 76.0857 35.0916 256.026 72.9101 183.116 63.8956 48.9748 24.4614 63.1974 49.4033 79.0951 44.3384
internal_count=9469 4411 5058 3612 799 320 479 3717 3450 1341 3214 871 2342 1375 153 2514 836 967 470 162 1547 429 1118 374 289 146 391 322 493 271
cat_boundaries=0 4 9 13 17 21
cat_threshold=131329 536875048 36732928 537565824 1208123403 2302974096 679498772 151002113 1 41959552 2315913218 2885754965 136314888 8388740 269099044 2181924896 66056 4195360 7364608 4194336 286262272
is_linear=0
shrinkage=0.05


Tree=20
num_leaves=31
num_cat=3
split_feature=22 4 0 0 22 15 21 2 2 22 6 13 14 13 0 11 6 11 17 6 4 1 2 11 7 4 18 17 6 0
split_gain=26.1358 23.8952 30.374 21.8201 20.6266 17.578 15.8198 16.093 19.2899 14.5084 12.4358 10.8592 10.4577 10.5084 9.32128 9.16367 9.16135 8.78622 8.42404 11.0906 7.7709 7.59686 6.95945 7.0126 8.22537 7.95253 9.34874 10.0234 6.65977 10.8744
threshold=0 2.8066000000000009 0.2692023029191602 1.0000000180025095e-35 1 25.500000000000004 0.25760368663594474 -0.26534536891679744 0.031837689786059394 2 2.3110500000000003 0.10062893081761017 0.98663285785558796 0.098294118475337658 0.080213055502331751 0.11770485767762111 4.1429000000000009 0.14804266567205329 39.500000000000007 4.2843000000000009 5.0942000000000007 0.019680889326641585 -0.091899269857277185 0.12144303065355701 1.1450000000000002 9.3493000000000013 27.500000000000004 129.50000000000003 4.8280000000000003 0.47925711927389597
decision_type=9 2 2 2 9 2 2 2 2 9 8 2 2 2 2 2 8 2 2 10 2 2 2 2 2 2 2 2 10 2
left_child=22 6 3 -3 5 10 21 -8 -9 18 -4 17 13 -6 -13 -15 -16 -11 19 -5 -20 -2 -1 24 -24 -26 -27 -28 -17 -30
right_child=1 2 4 9 12 -7 7 8 -10 11 -12 14 -14 15 16 28 -18 -19 20 -21 -22 -23 23 -25 25 26 27 -29 29 -31
leaf_value=-0.027186607160206912 -0.025480219439444021 0.047091515142968894 0.060234955750092981 -0.0058477202906939097 -0.035023538473166513 0.062885501348426159 0.097710928408053455 0.00052404054232494692 0.076584327035518998 -0.021377056256601974 0.011950441758420118 -0.015804193890929821 -0.032371903277649182 0.0014404856980305011 0.073739943544671324 0.060404186730172005 -0.0021065247070430645 0.035130737693201138 0.036522839954269852 0.070857495277617394 -0.021621714752831683 0.019997862146269352 0.015461016643143267 0.030307083579997077 -0.031976108015817371 -0.019181487081461366 0.056993617244040631 -0.012415153933833878 0.059390626039622543 0.0013721675080706932
leaf_weight=85.43245542794466 13.455115817487238 15.771555528044699 14.38200969994068 7.9233342781662968 17.835996828973293 21.687382891774178 11.98057324439287 21.119483701884747 13.771676018834112 283.66516070812941 183.20292431861162 16.58643564581871 22.39252083003521 392.12220029532909 8.3828025981783831 9.9002655595540983 7.5826383978128442 7.0499681532382956 8.3656369447708148 11.628566786646841 18.353179380297661 28.918943271040916 22.416348688304424 10.406092569231985 52.635863944888115 42.141083650290966 10.252001002430918 10.558480292558668 10.576028771698473 34.169845536351204
leaf_count=676 89 105 80 54 118 94 68 122 62 2208 1047 120 159 2486 53 59 54 45 52 79 126 142 143 72 405 322 75 79 66 209
internal_value=-0.000258986 0.00279847 0.000788413 -0.0105037 0.00694888 0.0192761 0.0276974 0.0477131 0.0305453 -0.0129618 0.015465 -0.0164319 0.0009825 0.00261123 0.0104461 0.00411369 0.0377174 -0.0200067 0.0121972 0.039773 -0.00341671 0.00555712 -0.0151691 -0.00927329 -0.0122578 -0.0176335 -0.00564109 0.0217781 0.0232957 0.0150853
internal_weight=1414.67 1180.82 1091.58 385.309 706.269 219.272 89.2458 46.8717 34.8912 369.538 197.585 323.267 486.997 464.604 32.5519 446.768 15.9654 290.715 46.2707 19.5519 26.7188 42.3741 233.842 148.41 138.004 115.587 62.9516 20.8105 54.6461 44.7459
internal_count=9469 7697 7214 2896 4318 1221 483 252 184 2791 1127 2480 3097 2938 227 2820 107 2253 311 133 178 231 1772 1096 1024 881 476 154 334 275
cat_boundaries=0 4 8 12
cat_threshold=42467472 2218410246 336209989 339755268 2147648515 536907936 45350912 33692288 12 168071184 1610617856 2298548224
is_linear=0
shrinkage=0.05


Tree=21
num_leaves=31
num_cat=3
split_feature=22 4 0 0 22 22 19 11 21 13 3 21 6 0 13 14 20 5 20 6 13 13 20 0 9 9 10 19 7 11
split_gain=24.0499 21.9053 26.3034 19.2573 17.795 17.4486 18.1674 17.4505 13.2829 11.7656 11.1417 13.9365 10.6912 10.0485 9.6764 10.4422 9.08467 11.7488 11.4694 8.6432 8.54147 8.48288 8.10825 7.9803 7.8817 8.6577 7.5864 7.44404 7.2191 7.09184
threshold=0 2.2269000000000001 0.2692023029191602 1.0000000180025095e-35 1 2 10.500000000000002 0.070825702075702088 0.25760368663594474 0.10062893081761017 1086073.0903000003 0.40750456204379565 4.3119000000000005 0.12705443664743157 0.10036133724156394 0.13536417773705914 0.26568627450980398 269835388.39000005 0.17462962962962966 1.6484000000000003 0.10062893081761017 0.098772778530787045 0.2994252873563219 0.75169521653093363 0.86178332305020267 -0.61633428300095205 0.10086008966178568 11.500000000000002 0.52500000000000013 0.10649585071967745
decision_type=9 2 2 2 9 9 2 2 2 2 2 2 10 2 2 2 2 2 2 10 2 2 2 2 2 2 2 2 2 2
left_child=23 8 3 -3 16 6 14 -8 28 -6 19 -12 -13 26 15 -4 18 24 -5 -7 -16 -21 27 -1 25 29 -11 -9 -2 -18
right_child=1 2 5 4 9 10 7 22 -10 13 11 12 -14 -15 20 -17 17 -19 -20 21 -22 -23 -24 -25 -26 -27 -28 -29 -30 -31
leaf_value=-0.020668929480925743 0.039223743208022063 0.043702994692373258 0.050911408847983564 0.047028424267969868 -0.021600107572310692 0.042305136563416473 0.066346579063304559 0.066121318136193694 0.057424043103914191 -0.033967355509802025 -0.03176797242351722 -0.013871264284497659 0.042826395390092455 0.047657219319650349 0.059257890306646133 -0.0019005464981558052 0.0052060915451610252 -0.010311449691745703 -0.020699688295639049 -0.030828521253074188 0.0056881177229632859 0.0048640930512481566 -0.021145467035724133 0.0011770614324920323 0.0065045496377141056 0.09833195365446934 0.030636783429935796 0.017846793502803427 -0.013291864980805685 0.070068736639463447
leaf_weight=173.24977094680071 11.13492998480797 16.623796075582504 10.144815281033514 7.4581849798560134 252.99952088296413 14.679042883217333 31.1861532330513 10.255703896284102 28.196488007903099 12.70837020874024 51.283996775746346 20.275370739400387 14.094350412487982 11.656500846147535 15.619185313582422 120.95790932327509 9.5896376669406909 20.997966840863228 38.616359166800976 17.46657582372427 14.211359187960623 354.61763493716717 9.9837685823440534 55.098626643419266 14.217991836369036 7.4357721060514477 7.0734518319368354 36.078679226338863 15.872229121625422 7.5178483575582495
leaf_count=1358 49 107 50 48 1984 79 144 47 142 90 377 125 84 73 85 735 65 162 286 117 77 2229 56 389 92 49 51 183 86 50
internal_value=-0.000255106 0.00264554 0.00116255 -0.00900115 -0.0112461 0.00689957 0.0173078 0.036341 0.0334206 -0.0174035 0.00103769 -0.0152571 0.00937934 0.0108325 0.00803436 0.00218608 0.00634726 0.0198099 -0.00973639 0.0046732 0.0337371 0.00318859 0.0197254 -0.0147517 0.0361275 0.0532881 -0.0108666 0.0285319 0.00836008 0.0337098
internal_weight=1411.3 1182.95 1127.75 406.895 390.272 720.855 248.438 87.5043 55.2036 284.438 472.417 85.6537 34.3697 31.4383 160.933 131.103 105.834 59.7592 46.0745 386.763 29.8305 372.084 56.3182 228.348 38.7612 24.5433 19.7818 46.3344 27.0072 17.1075
internal_count=9469 7722 7445 3057 2950 4388 1377 430 277 2198 3011 586 209 214 947 785 752 418 334 2425 162 2346 286 1747 256 164 141 230 135 115
cat_boundaries=0 4 8 12
cat_threshold=42467472 2251948294 336209989 339755268 1073766412 134516752 1744901120 2299631616 164867 537138344 45383680 571087488
is_linear=0
shrinkage=0.05


Tree=22
num_leaves=31
num_cat=5
split_feature=22 14 19 21 20 22 22 3 21 21 22 14 6 21 17 13 22 18 6 14 20 5 7 7 2 4 10 13 11 10
split_gain=23.129 19.8234 24.7161 26.3867 26.3456 28.6107 21.5837 23.6895 20.0747 15.1619 12.6475 12.3106 11.4354 11.9496 11.3593 9.84706 11.1597 10.3156 9.96286 11.5972 9.82676 9.7991 9.96867 9.71319 9.05612 9.64074 8.14614 7.90874 13.0042 10.1202
threshold=0 0.11121961805555557 9.5000000000000018 0.37720057720057726 0.2312382739212008 1 2 415510.84025000007 0.43938660209846653 0.32916666666666672 3 0.78951187838973358 1.2855000000000003 0.41987179487179493 15.500000000000002 0.10062893081761017 4 7.5000000000000009 2.5550500000000005 0.88239562878852562 0.36425061425061428 465230841.4600001 2.0050000000000003 0.60500000000000009 0.12935094554599372 21.631350000000001 0.10361563556277907 0.10008653086121801 0.094260842792578237 0.10578689976380458
decision_type=9 2 2 2 2 9 9 2 2 2 9 2 10 2 2 2 9 2 10 2 2 2 2 2 2 2 2 2 2 2
left_child=23 12 6 9 5 -5 11 15 -6 26 -9 14 -2 -14 -3 16 -8 -17 -18 20 -20 -7 -23 -1 -25 -26 -4 28 -16 -29
right_child=1 2 3 4 8 21 7 10 -10 -11 -12 -13 13 -15 27 17 18 -19 19 -21 -22 22 -24 24 25 -27 -28 29 -30 -31
leaf_value=0.034528131368875892 0.045185646579143993 0.045334475253628152 -0.0061443917599874366 0.046577529816230076 0.10200032098062528 -0.011034601824075362 -0.0037720920132900092 0.0055337750846225055 0.027195209265705057 -0.046360068705822745 -0.015976838622778444 -0.036646281496950449 0.021928839548138915 -0.021535804314000762 0.0046256731221362866 0.00041808847828388054 0.065542171725498574 0.062301297442894227 0.0021224697238455981 0.07401733577775442 0.037514465148649728 0.050464144199217791 -0.001755850962902975 -0.025605036814409777 -0.010340854552608178 0.047382601456475902 0.036418774139000298 -0.0090727077275964858 -0.032050706661085206 0.035257341690853782
leaf_weight=9.0667167305946332 35.907115682959557 8.7890408039093 56.91852530837059 37.893578514456749 16.97414343059063 72.906782113015652 94.610688351094723 107.05580914020538 19.016266249120235 20.716723218560219 170.08670176565647 55.718750923871994 67.161929368972778 20.683123111724854 34.048544131219387 10.421683892607691 11.064808741211889 19.032957352697849 75.945624306797981 7.9324326366186133 26.441228449344635 15.899545878171919 21.493792369961739 135.62714815139771 52.76892115175724 8.3825078904628736 14.008119165897368 82.442635960876942 83.289279036223888 15.257182717323301
leaf_count=46 174 61 367 176 80 433 612 721 108 133 1237 450 376 128 252 62 71 111 508 51 163 86 122 1094 390 62 88 580 628 99
internal_value=-0.000250681 0.00243895 0.000283386 0.0131945 0.0241031 0.0147839 -0.0041563 0.00193685 0.0624755 -0.00872949 -0.00804444 -0.015077 0.0214125 0.0116951 -0.0103812 0.0132858 0.00958759 0.0404057 0.0187654 0.0157747 0.0112624 -0.000331506 0.0204479 -0.0153266 -0.0184026 -0.00242825 0.0022619 -0.0126584 -0.0214081 -0.00214996
internal_weight=1407.56 1201.72 1077.96 275.827 184.184 148.194 802.137 522.592 35.9904 91.6434 277.143 279.545 123.752 87.8451 223.827 245.449 215.995 29.4546 121.384 110.319 102.387 110.3 37.3933 205.845 196.779 61.1514 70.9266 215.038 117.338 97.6998
internal_count=9469 7877 7199 1593 1005 817 5606 3536 188 588 1958 2070 678 504 1620 1578 1405 173 793 722 671 641 208 1592 1546 452 455 1559 880 679
cat_boundaries=0 4 8 12 17 21
cat_threshold=42467472 2251948294 269101125 341917956 1187841 32 570425344 4608 273957952 276849705 2730836024 537133704 2147483904 155193488 135270400 135795776 1 3221225987 4200448 1074823168 26248193
is_linear=0
shrinkage=0.05


Tree=23
num_leaves=31
num_cat=5
split_feature=0 22 22 11 19 14 11 10 11 20 22 20 13 22 2 20 5 15 5 2 21 17 9 8 17 22 20 5 7 7
split_gain=21.2408 20.0119 19.3445 15.9513 13.6617 12.3331 12.2742 11.5002 10.2124 10.7376 9.92645 10.8115 9.70338 10.1922 9.47349 10.7635 9.81772 10.308 9.31932 9.31788 10.0927 9.77616 10.0258 9.03631 8.45957 8.36025 11.1083 9.22818 8.32539 7.6397
threshold=0.42561038610902702 0 1 0.025455609053683045 4.5000000000000009 0.35728236607142866 0.12310958680385435 0.089638644302342377 0.063954771097628219 0.30104166666666671 2 0.218349358974359 0.098772778530787045 3 0.043782959416926788 0.33944353518821607 60604774.400000006 7.5000000000000009 60604774.400000006 -0.25333663508130921 0.33687943262411352 45.500000000000007 -0.43895777334604918 1.4450000000000001 41.500000000000007 4 0.43190249072602022 598832173.90500009 3.1550000000000007 0.93500000000000016
decision_type=2 9 9 2 2 2 2 2 2 2 9 2 2 9 2 2 2 2 2 2 2 2 2 8 2 9 2 2 2 2
left_child=2 4 7 -3 -2 10 25 -1 9 -6 23 29 -5 -14 16 -16 -9 28 -15 -13 21 22 -21 -4 -10 26 27 -7 -18 -12
right_child=1 3 5 12 8 6 -8 14 24 -11 11 19 13 18 15 -17 17 -19 -20 20 -22 -23 -24 -25 -26 -27 -28 -29 -30 -31
leaf_value=0.023199297590406256 -0.0090526221498423327 0.033605536814406506 -0.030852121137501999 -0.029892689419483212 0.065599144286699509 -0.0050660316759286337 0.010126133143311495 0.028626227907427294 0.045121192816076079 0.0046324698713755543 0.019064297429144242 0.043003264913851778 -0.014042070044224154 0.04819964536525656 0.0004536770455646163 0.074645353120237207 -0.034487926324457879 0.023854695674833389 0.0022004042434156982 0.038212612326932682 0.041348588681430508 -0.032535237792627944 -0.012140431753292708 0.012698464611936432 0.013240566860085248 -0.028501628431878919 0.049803149741309838 -0.050524448760387121 0.00098955405938404815 -0.027178790586865377
leaf_weight=70.585891634225845 37.85887984931469 32.718009755015373 48.422415785491467 30.266599006950855 25.171652585268021 64.921952128410339 32.8340038433671 15.341993771493433 24.748105615377426 10.12785631418228 12.183724842965601 22.338349662721157 96.662969961762428 11.407473534345625 12.807149939239027 7.906589873135089 48.236641652882099 14.465051628649233 316.7315166592598 18.17369470000267 16.082503020763397 19.295870885252953 21.677228778600693 15.796437725424765 130.70426159352064 166.31353386491537 7.7672001942992202 13.482730090618132 25.16242628544569 33.459339484572411
leaf_count=434 237 154 337 217 116 532 218 90 137 53 78 136 718 58 87 50 345 87 2017 119 104 128 135 107 704 1469 60 117 172 253
internal_value=-0.000236382 0.00578793 -0.00651615 -0.000112978 0.0176132 -0.0116507 -0.0186318 0.0067436 0.023829 0.0481071 -0.00260978 0.00490826 -0.00253972 -0.000590853 -0.00208553 0.0287732 -0.00827896 -0.014723 0.00368716 0.0146474 0.00622745 -0.00332228 0.0108227 -0.0174261 0.018316 -0.0223716 -0.00648082 -0.0128832 -0.0223257 -0.0148349
internal_weight=1403.65 716.397 687.255 487.787 228.611 492.749 285.319 194.506 190.752 35.2995 207.43 143.211 455.069 424.802 123.92 20.7137 103.206 87.8641 328.139 97.5676 75.2293 59.1468 39.8509 64.2189 155.452 252.485 86.1719 78.4047 73.3991 45.6431
internal_count=9469 4411 5058 3164 1247 3793 2396 1265 1010 169 1397 953 3010 2793 831 137 694 604 2075 622 486 382 254 444 841 2178 709 649 517 331
cat_boundaries=0 4 9 13 17 21
cat_threshold=2147877121 545525800 37257472 538876544 1208123403 2302974096 679498772 151000065 1 8388740 268574757 2181925120 66056 41959552 2315913218 2885754973 136314888 2214593060 343933958 53281025 819848
is_linear=0
shrinkage=0.05


Tree=24
num_leaves=31
num_cat=5
split_feature=22 14 19 21 20 22 22 3 21 21 22 14 6 13 22 21 21 9 17 11 10 7 17 18 8 0 8 7 8 2
split_gain=19.8762 17.9682 23.2689 25.0948 22.791 24.0509 18.9403 20.6574 17.2126 13.2642 11.8245 10.741 10.5799 9.41991 9.81792 9.57152 10.4435 9.71511 9.37942 8.91263 11.0479 8.90063 8.7993 8.16229 8.15451 7.67122 7.54581 7.51498 10.5414 7.43885
threshold=0 0.11121961805555557 9.5000000000000018 0.37720057720057726 0.2312382739212008 1 2 415510.84025000007 0.43938660209846653 0.32916666666666672 3 0.78951187838973358 3.6849500000000002 0.10062893081761017 4 0.14160401002506268 0.2994252873563219 0.99552040593843272 15.500000000000002 0.057599311672402738 0.10227272727272728 1.5250000000000001 77.500000000000014 7.5000000000000009 1.9550000000000003 0.75587916873398575 1.1850000000000003 1.5050000000000001 1.2850000000000004 0.20226572708605564
decision_type=9 2 2 2 2 9 9 2 2 2 9 2 10 2 9 2 2 2 2 2 2 2 2 2 8 2 10 2 8 2
left_child=29 12 6 9 5 -5 11 13 -6 -4 27 18 24 14 15 -8 -17 -18 -3 -7 25 -13 -14 -15 26 -21 -2 28 -9 -1
right_child=1 2 3 4 8 19 7 10 -10 -11 -12 21 22 23 -16 16 17 -19 -20 20 -22 -23 -24 -25 -26 -27 -28 -29 -30 -31
leaf_value=-0.018799095982655122 0.033172816679859572 0.039460471729143784 0.0014567622432543402 0.043808418746815292 0.095211642821516132 0.042337414938016779 0.055547357071653286 0.0060408112101384623 0.026263703547586545 -0.045040803464641746 -0.016717952478044053 -0.00067489144044824369 0.021729423982231055 0.0032870454902901563 -0.00074337663075228072 -0.00084434183208876462 0.01768893487746084 0.086373342502284942 -0.011952515052423354 -0.025505184423750462 0.036416745680354946 -0.046269507401966753 -0.037585152554163906 0.059566437746722913 0.066240160490005931 0.0050634710822631459 0.0013670741300397485 -0.0032600511150720005 0.066793758248699472 0.0022185037486840429
leaf_weight=178.00509472936392 56.255015037953854 9.2537402436137182 70.028390236198902 37.910271242260933 17.253425069153309 11.40618886053562 18.453755103051662 23.511733688414097 19.04276916384697 19.639127373695374 142.52746316045523 14.475302167236803 12.347410440444948 9.908372215926649 121.17940499633551 39.850727126002312 14.744510799646379 7.9105339348316184 214.45029697567225 44.447066016495228 14.156534589827059 41.080381400883198 12.667361408472059 18.417915485799313 12.283599868416784 38.130225136876106 27.895121216773987 87.922720894217491 10.254055604338644 55.141076013445854
leaf_count=1430 296 63 447 176 79 58 112 154 106 129 1041 117 70 58 787 247 96 48 1576 274 79 348 79 102 55 214 156 611 61 400
internal_value=-0.000248056 0.00244316 0.000350353 0.0129297 0.0235794 0.0147672 -0.00407088 0.0018982 0.0590382 -0.00872721 -0.00760606 -0.0142039 0.0206683 0.0128767 0.0090926 0.0212785 0.0145655 0.0416717 -0.00982577 0.000489962 -0.00439375 -0.0343896 -0.0083072 0.0398802 0.0281845 -0.01139 0.0226295 0.0041029 0.0244904 -0.0132595
internal_weight=1400.55 1167.4 1045.95 272.014 182.346 146.05 773.941 494.681 36.2962 89.6675 264.216 279.26 121.449 230.465 202.139 80.9595 62.5058 22.655 223.704 108.14 96.7338 55.5557 25.0148 28.3263 96.4337 82.5773 84.1501 121.689 33.7658 233.146
internal_count=9469 7639 6983 1562 986 801 5421 3317 185 576 1867 2104 656 1450 1290 503 391 144 1639 625 567 465 149 160 507 488 452 826 215 1830
cat_boundaries=0 4 8 12 17 21
cat_threshold=42467472 2251948294 336209989 341917956 1187841 32 570425344 4608 273958464 276849705 2730836024 537133704 2214592768 692129936 135270400 135795776 1 67280932 537165840 256 2147616768
is_linear=0
shrinkage=0.05


Tree=25
num_leaves=31
num_cat=4
split_feature=22 13 20 5 14 22 22 13 19 22 18 17 2 21 8 0 1 20 14 21 11 5 11 1 4 14 4 4 2 18
split_gain=18.9921 17.981 20.8799 30.0646 23.2125 31.1402 19.9416 14.3581 12.2594 14.5036 16.4641 12.4013 11.2511 11.2411 11.375 10.0045 9.94878 9.80561 9.92541 9.7389 9.28738 8.91991 9.75587 10.1199 8.71899 8.65106 8.11279 8.06192 7.72627 8.41904
threshold=0 0.098772778530787045 0.13225667527993112 338581197.5850001 0.58853389071364604 1 2 0.099280749660975012 5.5000000000000009 3 15.500000000000002 34.500000000000007 -0.40285817983849004 0.35805860805860812 0.83500000000000008 0.21210443784210259 -0.012831678742386719 0.46841755319148942 0.077524038461538478 0.31698564593301443 0.070825702075702088 39391352.905000009 0.13024937365686221 -0.00077551408254195031 21.631350000000001 0.72243923611111127 6.1130500000000003 3.0185000000000004 -0.05286309264237498 6.5000000000000009
decision_type=9 2 2 2 2 9 9 2 2 9 2 2 2 2 8 2 2 2 2 2 2 2 2 2 2 2 2 2 2 2
left_child=-1 -2 3 20 6 12 16 -8 9 15 19 -10 -6 21 -15 -9 -4 18 -18 -11 -3 -13 23 -23 27 -26 -5 -7 -14 -30
right_child=1 2 4 26 5 24 7 8 11 10 -12 13 28 14 -16 -17 17 -19 -20 -21 -22 22 -24 -25 25 -27 -28 -29 29 -31
leaf_value=-0.014572362663588712 -0.022946855548151748 0.027078018691208239 0.04364749555798754 0.017532147459495523 0.060866199307724578 0.027398372975955022 0.059754360857473002 -0.032710925778111778 0.049687043066920046 0.03266483506779308 -0.049786311408155967 0.04614645393113212 -0.0092453446449493291 -0.0044669254907915056 0.04480170436216082 0.0023171219998485179 0.020250325194362893 0.038037091512483689 -0.013936593276511236 -0.012471135133095973 -0.020266165181166737 -0.035763909338592505 0.052892554620671987 0.0049671702904484109 0.045783550178004083 -0.012110405773974023 0.059038955913496241 -0.02658209438791161 -0.010496072269749874 0.019831395790601586
leaf_weight=188.5055727660656 67.522216565907001 15.218634076416491 10.126647427678106 16.040913388133049 9.3971138745546323 7.1826565265655509 16.811384469270706 36.820147782564163 31.409790135920048 65.580883830785751 8.2382629588246328 12.277240402996538 64.178903304040432 15.618200749158857 46.879004523158073 45.667641811072826 24.218243360519409 11.370951898396013 172.11834955215454 14.614191509783266 32.436499945819378 19.449642010033131 8.2776916772127134 70.624087102711201 8.7540432065725309 24.545629352331161 44.242797955870628 186.86904355883598 30.578157886862755 90.944505766034126
leaf_count=1511 470 86 62 85 59 51 105 261 189 423 58 63 481 90 252 268 131 66 1179 98 199 123 48 427 57 175 227 1439 218 568
internal_value=-0.000234342 0.00210624 0.00360797 0.0245325 0.0014206 -0.00758865 0.00765884 0.0141857 0.0125232 0.00263968 0.0157445 0.0207824 0.00712446 0.0155383 0.0324894 -0.0118784 -0.00453749 -0.00710517 -0.00971962 0.0244396 -0.00514683 0.00596216 0.000945944 -0.0038279 -0.019663 0.00310915 0.0479944 -0.0245841 0.0047886 0.0122002
internal_weight=1396.52 1208.01 1140.49 107.939 1032.55 422.45 610.102 392.268 375.457 170.921 88.4333 204.536 195.099 173.126 62.4972 82.4878 217.834 207.708 196.337 80.1951 47.6551 110.629 98.3514 90.0737 227.351 33.2997 60.2837 194.052 185.702 121.523
internal_count=9469 7958 7488 597 6891 3048 3843 2405 2300 1108 579 1192 1326 1003 342 529 1438 1376 1310 521 285 661 598 550 1722 232 312 1490 1267 786
cat_boundaries=0 4 9 13 17
cat_threshold=42467472 2184855814 268576839 341917956 2416084769 738465808 134219024 152580745 1 939951653 67117096 2158265392 2197815817 2218786818 4200448 17301760 538610688
is_linear=0
shrinkage=0.05


Tree=26
num_leaves=31
num_cat=5
split_feature=0 22 22 4 21 7 14 13 3 20 4 2 1 11 20 22 7 10 1 22 7 14 20 9 22 18 9 0 1 15
split_gain=18.2111 19.3404 16.3429 15.0466 15.8074 14.1324 12.6082 10.0062 10.4278 10.7596 10.9946 9.82619 9.30734 10.1565 8.79255 8.56271 8.56181 8.24005 8.05109 7.95363 7.86906 9.9128 8.55454 14.8829 13.8341 11.4658 9.05389 8.60269 7.49255 11.2465
threshold=0.42561038610902702 0 1 8.396250000000002 0.27887914601601221 0.52500000000000013 0.35728236607142866 0.098772778530787045 1160555.1246500004 0.16770833333333338 6.7329000000000017 -0.42724018225211541 0.0087064811305430662 0.095097882831883709 0.29289215686274517 2 0.84500000000000008 0.11906523471328373 0.0051331455955733194 3 1.1650000000000003 0.47838824728260876 0.36939571150097467 4.4064999211174696 4 6.5000000000000009 0.3172087641184374 0.49078459420438936 -0.0054982843841164799 2.5000000000000004
decision_type=2 9 9 2 2 2 2 2 2 2 2 2 2 2 2 9 2 2 2 9 2 2 2 2 9 2 2 2 2 2
left_child=2 3 12 4 -2 -3 14 -7 15 10 -10 -8 18 -14 16 20 -4 19 -1 -13 21 -9 24 25 -22 -24 -27 -26 -5 -30
right_child=1 5 6 28 -6 7 11 8 9 -11 -12 17 13 -15 -16 -17 -18 -19 -20 -21 22 -23 23 -25 27 26 -28 -29 29 -31
leaf_value=0.0032581617373215535 -0.0011235236361695059 0.046886280994547218 0.019262974315315626 0.039512199855191388 0.057442180747993281 -0.027148679206489765 0.018067317701398699 0.013418858274112766 -0.018566930818650851 -0.026011876859362421 0.047587865183145235 -0.0086639521119056141 0.011999266143103388 0.060160321948778954 0.0090714110931190608 -0.0043974976497133588 -0.017577841622487787 0.037854934431868409 -0.036232849595693908 -0.02881620822101141 -0.012581217354080996 0.068422339375750874 -0.0098407768318160352 -0.03338136167232373 0.064743980346949517 0.079922789071191158 0.029237051915088581 0.011176908765043576 -0.015866448915749478 0.022179013167749617
leaf_weight=92.297651223838329 15.758507214486597 16.183039888739586 19.014746837317944 17.019447237253189 42.853161424398422 33.150335520505905 18.026303611695766 24.745776027441025 13.23201046139002 61.000091686844826 11.954850964248179 115.63518387079239 59.049791410565376 13.438072256743906 101.08832512795925 166.88849717378616 92.434116899967194 6.0038255155086508 15.00427659600973 147.53495558351278 84.732325576245785 12.244566939771174 11.675528451800345 9.898486986756323 8.4342493861913663 13.4110786691308 25.683876603841782 67.313168227672577 39.413107663393021 38.301313154399395
leaf_count=620 89 72 113 99 208 238 134 126 82 451 68 935 364 82 638 1141 680 41 102 1349 529 70 69 61 50 78 150 392 236 202
internal_value=-0.000237362 0.00533943 -0.00609619 0.0204504 0.041696 0.000826037 -0.0106262 -0.000528082 0.00119816 -0.01466 0.0128332 -0.0176709 0.00671304 0.0209275 -0.00160677 0.00441387 -0.0112923 -0.0200643 -0.00226396 -0.0213856 0.00989742 0.0316261 0.00671052 0.0227044 0.000664084 0.0336391 0.0466242 0.0151424 0.00946457 0.00288414
internal_weight=1393.42 713.893 679.527 153.346 58.6117 560.548 499.737 544.365 511.215 86.187 25.1869 287.2 179.79 72.4879 212.537 425.028 111.449 269.174 107.302 263.17 258.139 36.9903 221.149 60.669 160.48 50.7705 39.095 75.7474 94.7339 77.7144
internal_count=9469 4411 5058 834 297 3577 3890 3505 3267 601 150 2459 1168 446 1431 2666 793 2325 722 2284 1525 196 1329 358 971 297 228 442 537 438
cat_boundaries=0 4 9 13 17 21
cat_threshold=393472 612372520 37257216 537827968 1208090635 2302974096 679498772 150999049 1 3288376359 275055749 1094721312 9438208 2223014564 880804870 53281025 269257344 1073775620 6292480 20971552 1049600
is_linear=0
shrinkage=0.05


Tree=27
num_leaves=31
num_cat=4
split_feature=0 4 22 22 2 18 2 1 11 11 17 15 5 7 22 20 16 20 7 20 8 22 17 3 20 0 15 17 2 3
split_gain=16.9645 17.8188 18.7356 15.878 13.7858 13.2131 13.1602 12.7187 10.9488 10.0963 9.22657 9.19882 9.0673 8.73405 12.134 8.78801 23.0804 9.47513 8.4527 7.76775 8.51067 7.78995 7.28473 7.16821 6.83649 6.68617 8.17766 9.94663 9.0277 8.77016
threshold=0.2692023029191602 2.7185500000000005 0 1 -0.43836265903068211 6.5000000000000009 -0.26534536891679744 0.019680889326641585 0.053225265940782578 0.12814748653952598 30.500000000000004 25.500000000000004 239451403.00000003 1.1650000000000003 2 0.46966911764705888 1.5000000000000002 0.41136180499597103 0.8650000000000001 0.37965697410268068 0.85500000000000009 3 36.500000000000007 1067461.8558000003 0.31612258494337114 0.88106906578583621 3.5000000000000004 23.500000000000004 0.26658206429780035 547733.90810000012
decision_type=2 2 9 9 2 2 2 2 2 2 2 2 2 2 9 2 2 2 2 2 8 9 2 2 2 2 2 2 2 2
left_child=1 5 4 11 -3 6 -1 -7 -6 13 -11 18 -4 23 -15 17 -17 19 -2 21 -21 -16 -10 -5 -12 26 27 -23 -29 -30
right_child=3 2 12 9 8 7 -8 -9 22 10 24 -13 -14 14 15 16 -18 -19 -20 20 -22 25 -24 -25 -26 -27 -28 28 29 -31
leaf_value=0.086238671529389979 0.037362956689801601 0.056878765895966292 -0.012525720502626833 0.01712950528967298 0.052152466230196586 -0.035247260044720577 0.01558140329570133 0.023892285542892341 0.0095243860791426986 -0.011738715356817427 0.019337205547700326 0.040786268870488279 -0.031208298136275292 -0.018262493521556383 -0.012346437881112133 0.084925423387978177 -0.028541454525677717 -0.031844741410546044 0.0077262820880220438 -0.012454581370140416 0.048011786950684358 0.054034553891419257 -0.015598666661144317 -0.023235147160856645 0.084762608289767047 -0.014761273142519463 0.030969460072051758 -0.013404665018827769 0.065518055500237343 -0.010705624273831834
leaf_weight=10.794825725257398 26.356863260269165 11.63236842304468 213.13651961833239 77.235624089837074 9.3125689849257451 16.478391073644161 16.918630614876747 20.28002467751503 52.859369821846485 8.611393868923189 7.8847022652626029 26.968986451625824 93.406734712421894 123.82522492110729 99.662000194191933 9.9152186438441294 8.1783897504210454 24.792759962379932 275.95196343958378 8.984169043600561 16.519936107099056 8.2467336282134038 63.53684276342392 12.825282938778399 8.0892243534326536 32.020779676735401 35.607659958302975 55.149685077369213 8.1320320367813093 7.0411945283412924
leaf_count=60 126 72 1659 433 57 115 103 104 407 53 50 123 855 921 691 58 52 168 1590 60 105 59 479 84 50 208 232 393 51 51
internal_value=-0.00025292 -0.00752782 -0.0110954 0.0039401 0.00447717 0.0170348 0.0431035 -0.00261932 -1.56198e-05 -0.00131797 0.0299791 0.0124288 -0.0176429 -0.00279983 -0.00571523 -0.000184188 0.0336379 -0.00225676 0.0103102 0.000446504 0.0267117 -0.00227809 -0.00418946 0.0113813 0.0524687 0.00508228 0.0110925 0.00208427 -0.00400792 0.0301462
internal_weight=1390.36 508.356 443.884 882 137.341 64.4719 27.7135 36.7584 125.709 552.722 24.5853 329.278 306.543 528.137 438.076 314.251 18.0936 296.157 302.309 271.364 25.5041 245.86 116.396 90.0609 15.9739 146.198 114.177 78.5696 70.3229 15.1732
internal_count=9469 3911 3529 5558 1015 382 163 219 943 3719 153 1839 2514 3566 3049 2128 110 2018 1716 1850 165 1685 886 517 100 994 786 554 495 102
cat_boundaries=0 4 8 12 16
cat_threshold=67264524 453283856 3976205584 2300122112 165123 616829088 49578240 1107959456 1384644744 152780800 151598081 671105280 67108868 2133008 67108896 271589384
is_linear=0
shrinkage=0.05


Tree=28
num_leaves=31
num_cat=5
split_feature=13 22 17 22 3 22 20 11 5 0 5 11 2 22 9 17 17 20 20 15 6 22 15 5 5 5 4 17 17 7
split_gain=16.9282 16.6402 16.4708 32.5006 23.98 20.2527 15.532 15.2751 14.2213 12.2882 12.286 14.0555 12.006 17.0085 13.9573 12.8517 10.9972 11.2547 14.6086 11.4677 12.1179 10.5855 10.4757 10.3717 9.97625 10.5543 8.76761 8.46314 8.35445 8.32474
threshold=0.098294118475337658 0 94.500000000000014 1 1203004.6404000001 2 0.46966911764705888 0.058475002856089468 78405727.500000015 0.51148924084750336 2518686229.9700007 0.11900080117711408 -1.0000000180025095e-35 3 -1.9579366416715869 40.500000000000007 108.50000000000001 0.33066666666666672 0.29836145756908788 12.500000000000002 4.7007500000000011 4 6.5000000000000009 172672496.09000003 164689386.12000003 402040237.3300001 2.3930000000000002 129.50000000000003 23.500000000000004 1.655
decision_type=2 9 2 9 2 9 2 2 2 2 2 2 2 9 2 2 2 2 2 2 10 9 2 2 2 2 2 2 2 2
left_child=-1 -2 4 26 5 9 8 -5 -7 -3 11 16 13 -10 -14 24 -9 18 19 -18 -21 29 -13 -8 -15 -26 -4 -28 -25 -6
right_child=1 2 3 7 21 6 23 10 12 -11 -12 22 14 15 -16 -17 17 -19 -20 20 -22 -23 -24 28 25 -27 27 -29 -30 -31
leaf_value=-0.025634466383183507 -0.015187770027772227 -0.020939659473908325 0.043342280629491581 0.058287596977119896 0.051872347506351627 0.022425057623812882 0.082643089205774789 0.060244499234723276 -0.021254990684089745 0.0035286851706746443 0.076101655309994423 0.021295985121695834 -0.016384813690271827 0.053168968533835341 0.016469681426664495 -0.012731181575141862 -0.0039807583832572593 -0.039201875930895358 0.056668968100699005 -0.0020574547052894573 0.054258247160515374 -0.029239441989741644 0.080611479297375527 -0.01595543934287276 -0.013146984939743762 0.047375583034299916 0.0082288570260849528 -0.02297181218920576 0.049094060623484509 -0.0089098275927114792
leaf_weight=62.753718890249729 133.17231795191765 124.72404608875513 7.0493438541889182 27.0786527171731 8.2234804034233111 99.9692597463727 10.48536027222872 10.337082147598265 95.963472306728363 87.177382797002792 8.8301440849900228 17.012567736208442 40.566186293959618 19.624280266463757 159.13972814381123 39.712518066167831 93.815052270889282 12.161863900721071 15.556561090052126 17.642043493688107 20.831514336168766 84.830293282866478 13.23413275182247 8.6088025644421595 20.777501605451111 11.025913462042807 30.212681896984577 77.448837585747242 11.569332987070082 17.884398497641087
leaf_count=472 1083 924 42 130 52 565 55 62 747 532 48 101 272 128 1008 282 601 80 90 95 100 693 71 59 153 79 196 556 68 125
internal_value=-0.000259566 0.000942526 0.00284896 0.0119659 -0.000927735 0.00236651 0.00764076 0.0220185 0.00561423 -0.0103832 0.0183802 0.0158393 0.00126954 -0.00783116 0.00979596 0.00778141 0.0102621 0.00703303 0.0108364 0.00544664 0.0284347 -0.0225852 0.0472489 0.0423034 0.0251343 0.00783556 -0.00982264 -0.0142161 0.0213413 0.00740072
internal_weight=1387.42 1324.66 1191.49 351.21 840.282 729.344 517.442 236.5 486.779 211.901 209.421 200.591 386.81 187.104 199.706 91.1402 170.344 160.007 147.845 132.289 38.4736 110.938 30.2467 30.6635 51.4277 31.8034 114.711 107.662 20.1781 26.1079
internal_count=9469 8997 7914 2172 5742 4872 3416 1378 3234 1456 1248 1200 2669 1389 1280 642 1028 966 886 796 195 870 172 182 360 232 794 752 127 177
cat_boundaries=0 4 8 13 17 22
cat_threshold=42467472 2148139270 2416060485 2487238660 3225699108 68193297 1167655968 16786433 269492738 461463592 27787272 548733832 1 1145078816 3414144 104857632 134145 262146 4096 16777216 135794688 1
is_linear=0
shrinkage=0.05


Tree=29
num_leaves=31
num_cat=3
split_feature=6 0 22 22 13 7 20 15 7 14 22 1 13 14 17 18 6 4 6 7 15 9 20 11 19 20 4 5 19 17
split_gain=15.8723 16.908 17.7825 16.2978 16.022 20.075 13.8323 17.5855 13.6565 13.5404 12.8679 11.8711 11.7247 10.7713 19.6737 10.9493 10.6752 10.8223 10.0572 9.3207 10.0132 9.2081 11.8574 8.78515 8.73344 10.0277 9.22658 8.48952 10.3116 9.33342
threshold=0.51300000000000012 0.16962973656817681 0 1 0.1002407706205737 1.4550000000000003 0.76567755807357984 25.500000000000004 1.1650000000000003 0.83278937325484603 2 -0.011323807779202442 0.10036133724156394 0.83365885416666685 45.500000000000007 6.5000000000000009 4.3119000000000005 10.974250000000001 4.2479000000000005 3.4350000000000005 6.5000000000000009 4.454185876602935 0.41949515438359258 0.11833059156856703 10.500000000000002 0.2312382739212008 2.7185500000000005 458141072.60500008 9.5000000000000018 141.50000000000003
decision_type=8 2 9 9 2 2 2 2 2 2 9 2 2 2 2 2 10 2 8 2 2 2 2 2 2 2 2 2 2 2
left_child=-1 2 4 -3 19 -6 7 8 9 24 12 -4 21 14 15 -12 -14 -18 -13 20 -2 22 -10 -17 26 -26 -5 29 -29 -16
right_child=1 3 11 6 5 -7 -8 -9 10 -11 13 18 16 -15 27 23 17 -19 -20 -21 -22 -23 -24 -25 25 -27 -28 28 -30 -31
leaf_value=0.048645051639587267 -0.0233194442621945 -0.010094310663598317 0.019071212534940946 0.039498510838264916 0.088022409420883005 0.0067423512122069028 -0.057820596995914519 0.050370523410970473 -0.0043246138954510637 0.065159421182119273 0.0025295199887809729 -0.012131813501938048 0.078867233626499125 -0.018094242088656096 -0.0069373144283535141 0.022126205301825158 -0.021437342359714801 0.052190602054026508 -0.032802873752626131 0.034172990163120823 0.030684627652364835 0.031477255098456856 0.049101303413277807 0.070869144975395634 0.0062863318198882251 0.074310106210489904 -5.4395657274563158e-07 -0.016779865236384622 0.031742909447276896 -0.034690724306388712
leaf_weight=16.381623946130276 46.86849307268858 195.4670042693615 21.222451440989971 18.320033550262451 12.276338011026381 19.929012581706047 8.4599173516035062 22.156414531171322 101.25447537004948 14.657376646995543 78.345784723758698 157.15398525446653 11.892937161028383 88.236127108335495 137.66530615836382 59.636552311480045 9.0549953952431697 11.119584709405897 94.062462858855724 12.528862982988356 10.507843859493731 32.178244479000568 11.572370380163191 10.939887590706347 10.113214351236822 11.668829306960104 76.609451845288277 18.917836874723434 25.992726482450962 38.840228714048862
leaf_count=76 359 1390 146 82 72 135 54 114 636 94 534 1244 64 644 902 398 51 63 841 95 67 176 68 64 55 56 444 130 154 261
internal_value=-0.000279366 -0.00086538 -0.00991792 0.0025488 0.00778332 0.0377254 0.00570218 0.0064554 0.00518684 0.0198626 0.00215381 -0.0162419 0.0131895 -0.00234399 0.00134534 0.0153974 0.0412937 0.019144 -0.0198716 -0.00489762 -0.0134292 0.00788396 0.00115515 0.0296817 0.0141739 0.0427273 0.00762221 -0.0081059 0.0113035 -0.0130445
internal_weight=1384.03 1367.65 374.549 993.099 102.111 32.2054 797.632 789.172 767.016 131.369 635.647 272.439 177.073 458.574 370.338 148.922 32.0675 20.1746 251.216 69.9052 57.3763 145.005 112.827 70.5764 116.712 21.782 94.9295 221.416 44.9106 176.506
internal_count=9469 9393 2959 6434 728 207 5044 4990 4876 731 4145 2231 1058 3087 2443 996 178 114 2085 521 426 880 704 462 637 111 526 1447 284 1163
cat_boundaries=0 4 8 13
cat_threshold=68313225 180686992 1744835584 2292259976 42475656 2454396931 14932 3227607304 2152857858 537171968 45383688 33953924 1
is_linear=0
shrinkage=0.05


Tree=30
num_leaves=31
num_cat=4
split_feature=13 19 22 22 21 14 3 10 5 2 22 3 2 15 6 8 7 5 20 11 22 6 3 7 8 5 11 4 11 10
split_gain=15.2104 14.729 24.0384 21.9105 19.3922 14.8899 14.2229 14.0104 13.2812 12.9773 16.5041 12.7213 12.3237 11.6929 11.4787 10.9284 10.747 10.7451 9.60876 9.41129 9.28399 11.5774 10.8214 9.34481 8.88851 8.75875 8.14441 8.10244 7.71734 7.68423
threshold=0.098557599697958867 9.5000000000000018 0 1 0.40750456204379565 0.55003628447024688 2526068.9236000008 0.10154715360970847 284542588.22000009 1.0000000180025095e-35 2 408842.89175000007 -0.39628776070969152 3.5000000000000004 2.8210500000000005 1.7750000000000001 1.155 609180988.47500002 0.44174208144796384 0.020519874242084058 3 3.6849500000000002 1067461.8558000003 2.0450000000000004 1.0150000000000003 338581197.5850001 0.070825702075702088 7.9376500000000005 0.087970300009514335 0.11519526332042665
decision_type=2 2 9 9 2 2 2 2 2 2 9 2 2 2 10 10 2 2 2 2 9 10 2 2 10 2 2 2 2 2
left_child=-1 3 4 5 16 15 9 19 26 10 11 -5 14 -13 -12 -2 -3 -9 -14 -4 23 22 27 -11 -20 -15 -6 28 -22 -23
right_child=1 2 7 6 8 -7 -8 17 -10 20 12 13 18 25 -16 -17 -18 -19 24 -21 21 29 -24 -25 -26 -27 -28 -29 -30 -31
leaf_value=-0.022873651208305267 -0.014560030550499174 0.043877807303287664 0.039037427064204294 0.023292798030496661 0.049418978720975344 -0.040663839733820283 -0.029150567864197369 0.042726077582821161 0.057101802884179043 -0.017617206507824442 0.068449303726347596 -0.019188150524748451 -0.016613474747508326 0.045807542944841108 0.0012284684595260057 0.040815587765506471 -0.0056645982663381597 -0.023283381656820434 0.056472454069123747 -0.012961912818700539 0.057826286321887181 0.0062615862261288019 -0.0063639562719182922 0.010902737400885385 -0.013462998744082817 -0.022603415257294635 -0.010007015221285344 0.080513261070838935 0.012181565341918912 0.047853132939268891
leaf_weight=70.663425855338573 64.97619554400444 14.213572509586809 9.3149118125438672 84.636781387031078 9.3167912662029284 58.05972758680582 37.43472308665514 25.109343647956848 53.712352782487869 56.302544541656971 8.461377337574957 48.461443491280079 245.77464543282986 15.222662486135961 25.459535293281078 10.325476966798304 47.622629873454571 8.1714086756110174 8.9727359563112277 132.13412094861269 17.01046197116375 182.1983193680644 13.356835067272185 58.632257543504238 9.2035034820437414 6.7549191862344733 15.126644261181353 11.796796999871729 20.325141817331314 11.826114542782305
leaf_count=538 476 80 41 520 50 505 299 146 272 362 57 362 1894 102 184 69 307 53 60 849 84 1212 90 390 65 54 88 67 123 70
internal_value=-0.000277557 0.000941391 0.0103695 -0.00204018 0.0248681 -0.0201278 0.000980901 -0.00252539 0.0431974 0.00236103 -0.00331991 0.00960874 -0.0100364 -0.00546937 0.0179963 -0.00696684 0.00572314 0.0265188 -0.0140191 -0.00953758 0.00928841 0.0142687 0.0335424 -0.0028226 0.0210608 0.0247811 0.0126436 0.0443911 0.0329777 0.00879666
internal_weight=1380.58 1309.91 314.722 995.192 139.992 133.361 861.831 174.73 78.1558 824.396 452.948 155.076 297.872 70.439 33.9209 75.3017 61.8362 33.2808 263.951 141.449 371.448 256.514 62.4892 114.935 18.1762 21.9776 24.4434 49.1324 37.3356 194.024
internal_count=9469 8931 1886 7045 797 1050 5995 1089 410 5696 3298 1038 2260 518 241 545 387 199 2019 890 2398 1646 364 752 125 156 138 274 207 1282
cat_boundaries=0 4 8 12 16
cat_threshold=1350739588 266280 575143976 562961036 10224832 540970 2686984220 604258436 3221250061 759535760 1224738048 528384 3489686022 201598980 1225067520 285737224
is_linear=0
shrinkage=0.05


end of trees

feature_importances:
sw_l2=125
zha_rate=73
amplitude=72
wr1=57
amt_rank_pct=57
amount=55
promo_yd=54
vr_d0=47
close_ret=45
cmv=41
ret60=38
turn_d0=36
mkt_boards_n=35
ftr=33
ind_boards=31
mkt_max_streak=31
pct_prev=30
vr_prev=24
gap=16
intraday=16
mkt_chain_n=12
streak_prev=2

parameters:
[boosting: gbdt]
[objective: binary]
[metric: binary_logloss]
[tree_learner: serial]
[device_type: cpu]
[data_sample_strategy: bagging]
[data: ]
[valid: ]
[num_iterations: 400]
[learning_rate: 0.05]
[num_leaves: 31]
[num_threads: 0]
[seed: 42]
[deterministic: 0]
[force_col_wise: 0]
[force_row_wise: 0]
[histogram_pool_size: -1]
[max_depth: -1]
[min_data_in_leaf: 50]
[min_sum_hessian_in_leaf: 0.001]
[bagging_fraction: 1]
[pos_bagging_fraction: 1]
[neg_bagging_fraction: 1]
[bagging_freq: 0]
[bagging_seed: 400]
[bagging_by_query: 0]
[feature_fraction: 1]
[feature_fraction_bynode: 1]
[feature_fraction_seed: 30056]
[extra_trees: 0]
[extra_seed: 12879]
[early_stopping_round: 0]
[early_stopping_min_delta: 0]
[first_metric_only: 0]
[max_delta_step: 0]
[lambda_l1: 0]
[lambda_l2: 0]
[linear_lambda: 0]
[min_gain_to_split: 0]
[drop_rate: 0.1]
[max_drop: 50]
[skip_drop: 0.5]
[xgboost_dart_mode: 0]
[uniform_drop: 0]
[drop_seed: 17869]
[top_rate: 0.2]
[other_rate: 0.1]
[min_data_per_group: 100]
[max_cat_threshold: 32]
[cat_l2: 10]
[cat_smooth: 10]
[max_cat_to_onehot: 4]
[top_k: 20]
[monotone_constraints: ]
[monotone_constraints_method: basic]
[monotone_penalty: 0]
[feature_contri: ]
[forcedsplits_filename: ]
[refit_decay_rate: 0.9]
[cegb_tradeoff: 1]
[cegb_penalty_split: 0]
[cegb_penalty_feature_lazy: ]
[cegb_penalty_feature_coupled: ]
[path_smooth: 0]
[interaction_constraints: ]
[verbosity: -1]
[saved_feature_importance_type: 0]
[use_quantized_grad: 0]
[num_grad_quant_bins: 4]
[quant_train_renew_leaf: 0]
[stochastic_rounding: 1]
[linear_tree: 0]
[max_bin: 255]
[max_bin_by_feature: ]
[min_data_in_bin: 3]
[bin_construct_sample_cnt: 200000]
[data_random_seed: 175]
[is_enable_sparse: 1]
[enable_bundle: 1]
[use_missing: 1]
[zero_as_missing: 0]
[feature_pre_filter: 1]
[pre_partition: 0]
[two_round: 0]
[header: 0]
[label_column: ]
[weight_column: ]
[group_column: ]
[ignore_column: ]
[categorical_feature: 22]
[forcedbins_filename: ]
[precise_float_parser: 0]
[parser_config_file: ]
[objective_seed: 16083]
[num_class: 1]
[is_unbalance: 0]
[scale_pos_weight: 1]
[sigmoid: 1]
[boost_from_average: 1]
[reg_sqrt: 0]
[alpha: 0.9]
[fair_c: 1]
[poisson_max_delta_step: 0.7]
[tweedie_variance_power: 1.5]
[lambdarank_truncation_level: 30]
[lambdarank_norm: 1]
[label_gain: ]
[lambdarank_position_bias_regularization: 0]
[eval_at: ]
[multi_error_top_k: 1]
[auc_mu_weights: ]
[num_machines: 1]
[local_listen_port: 12400]
[time_out: 120]
[machine_list_filename: ]
[machines: ]
[gpu_platform_id: -1]
[gpu_device_id: -1]
[gpu_device_id_list: ]
[gpu_use_dp: 0]
[num_gpu: 1]

end of parameters

pandas_categorical:[["IT\u670d\u52a1\u2161", "\u4e00\u822c\u96f6\u552e", "\u4e13\u4e1a\u5de5\u7a0b", "\u4e13\u4e1a\u670d\u52a1", "\u4e13\u4e1a\u8fde\u9501\u2161", "\u4e13\u7528\u8bbe\u5907", "\u4e2a\u62a4\u7528\u54c1", "\u4e2d\u836f\u2161", "\u4e58\u7528\u8f66", "\u4e92\u8054\u7f51\u7535\u5546", "\u4f11\u95f2\u98df\u54c1", "\u4f53\u80b2\u2161", "\u4fdd\u9669\u2161", "\u5143\u4ef6", "\u5149\u4f0f\u8bbe\u5907", "\u5149\u5b66\u5149\u7535\u5b50", "\u5176\u4ed6\u5bb6\u7535\u2161", "\u5176\u4ed6\u7535\u5b50\u2161", "\u5176\u4ed6\u7535\u6e90\u8bbe\u5907\u2161", "\u517b\u6b96\u4e1a", "\u519b\u5de5\u7535\u5b50\u2161", "\u519c\u4e1a\u7efc\u5408\u2161", "\u519c\u4ea7\u54c1\u52a0\u5de5", "\u519c\u5316\u5236\u54c1", "\u519c\u5546\u884c\u2161", "\u51b6\u94a2\u539f\u6599", "\u51fa\u7248", "\u52a8\u7269\u4fdd\u5065\u2161", "\u5305\u88c5\u5370\u5237", "\u5316\u5986\u54c1", "\u5316\u5b66\u5236\u54c1", "\u5316\u5b66\u5236\u836f", "\u5316\u5b66\u539f\u6599", "\u5316\u5b66\u7ea4\u7ef4", "\u533b\u7597\u5668\u68b0", "\u533b\u7597\u670d\u52a1", "\u533b\u836f\u5546\u4e1a", "\u534a\u5bfc\u4f53", "\u53a8\u536b\u7535\u5668", "\u5546\u7528\u8f66", "\u5730\u9762\u5175\u88c5\u2161", "\u57ce\u5546\u884c\u2161", "\u57fa\u7840\u5efa\u8bbe", "\u5851\u6599", "\u591a\u5143\u91d1\u878d", "\u5bb6\u5c45\u7528\u54c1", "\u5bb6\u7535\u96f6\u90e8\u4ef6\u2161", "\u5c0f\u5bb6\u7535", "\u5c0f\u91d1\u5c5e", "\u5de5\u4e1a\u91d1\u5c5e", "\u5de5\u7a0b\u54a8\u8be2\u670d\u52a1\u2161", "\u5de5\u7a0b\u673a\u68b0", "\u5e7f\u544a\u8425\u9500", "\u5f71\u89c6\u9662\u7ebf", "\u623f\u5730\u4ea7\u5f00\u53d1", "\u623f\u5730\u4ea7\u670d\u52a1", "\u623f\u5c4b\u5efa\u8bbe\u2161", "\u6469\u6258\u8f66\u53ca\u5176\u4ed6", "\u6559\u80b2", "\u6570\u5b57\u5a92\u4f53", "\u6587\u5a31\u7528\u54c1", "\u65c5\u6e38\u53ca\u666f\u533a", "\u65c5\u6e38\u96f6\u552e\u2161", "\u666e\u94a2", "\u670d\u88c5\u5bb6\u7eba", "\u6797\u4e1a\u2161", "\u6a61\u80f6", "\u6c34\u6ce5", "\u6c7d\u8f66\u670d\u52a1", "\u6c7d\u8f66\u96f6\u90e8\u4ef6", "\u6cb9\u670d\u5de5\u7a0b", "\u6cb9\u6c14\u5f00\u91c7\u2161", "\u6d88\u8d39\u7535\u5b50", "\u6e14\u4e1a", "\u6e38\u620f\u2161", "\u70bc\u5316\u53ca\u8d38\u6613", "\u7126\u70ad\u2161", "\u7164\u70ad\u5f00\u91c7", "\u7167\u660e\u8bbe\u5907\u2161", "\u71c3\u6c14\u2161", "\u7269\u6d41", "\u7279\u94a2\u2161", "\u73af\u4fdd\u8bbe\u5907\u2161", "\u73af\u5883\u6cbb\u7406", "\u73bb\u7483\u73bb\u7ea4", "\u751f\u7269\u5236\u54c1", "\u7535\u529b", "\u7535\u5b50\u5316\u5b66\u54c1\u2161", "\u7535\u673a\u2161", "\u7535\u6c60", "\u7535\u7f51\u8bbe\u5907", "\u7535\u89c6\u5e7f\u64ad\u2161", "\u767d\u8272\u5bb6\u7535", "\u767d\u9152\u2161", "\u79cd\u690d\u4e1a", "\u7eba\u7ec7\u5236\u9020", "\u7efc\u5408\u2161", "\u80a1\u4efd\u5236\u94f6\u884c\u2161", "\u80fd\u6e90\u91d1\u5c5e", "\u81ea\u52a8\u5316\u8bbe\u5907", "\u822a\u5929\u88c5\u5907\u2161", "\u822a\u6d77\u88c5\u5907\u2161", "\u822a\u7a7a\u673a\u573a", "\u822a\u7a7a\u88c5\u5907\u2161", "\u822a\u8fd0\u6e2f\u53e3", "\u88c5\u4fee\u5efa\u6750", "\u88c5\u4fee\u88c5\u9970\u2161", "\u8ba1\u7b97\u673a\u8bbe\u5907", "\u8bc1\u5238\u2161", "\u8c03\u5473\u53d1\u9175\u54c1\u2161", "\u8d35\u91d1\u5c5e", "\u8d38\u6613\u2161", "\u8f68\u4ea4\u8bbe\u5907\u2161", "\u8f6f\u4ef6\u5f00\u53d1", "\u901a\u4fe1\u670d\u52a1", "\u901a\u4fe1\u8bbe\u5907", "\u901a\u7528\u8bbe\u5907", "\u9020\u7eb8", "\u9152\u5e97\u9910\u996e", "\u91d1\u5c5e\u65b0\u6750\u6599", "\u94c1\u8def\u516c\u8def", "\u975e\u767d\u9152", "\u975e\u91d1\u5c5e\u6750\u6599\u2161", "\u98ce\u7535\u8bbe\u5907", "\u98df\u54c1\u52a0\u5de5", "\u996e\u6599\u4e73\u54c1", "\u9970\u54c1", "\u9972\u6599", "\u9ed1\u8272\u5bb6\u7535"]]
