tree
version=v4
num_class=1
num_tree_per_iteration=1
label_index=0
max_feature_idx=22
objective=binary sigmoid:1
feature_names=wr1 gap ret60 cmv ftr amount turn_d0 vr_d0 vr_prev pct_prev intraday amplitude seal_hard close_ret amt_rank_pct ind_boards streak_prev mkt_boards_n mkt_chain_n mkt_max_streak zha_rate promo_yd sw_l2
feature_infos=[0:1.0000000000000007] [-0.10465116279069764:0.10588235294117654] [-0.67999999999999994:5.0384615384615392] [36636.599999999999:193496882.99250001] [0.11749999999999999:147.02070000000001] [2925612:31598894525.549999] [0.039300000000000002:55.946300000000001] [0.029999999999999999:22.719999999999999] [0.23000000000000001:16.620000000000001] [-10.416666666666663:9.4972067039106101] [-0.0044800000000000178:0.20930232558139528] [0:0.20930232558139528] [0:1] [0.095008051529790638:0.10588235294117654] [0.0014513788098693759:1] [1:51] [0:14] [5:890] [0:314] [1:18] [0:0.80158730158730163] [0:0.85245901639344257] -1:69:116:5:90:30:86:54:1:0:115:31:15:72:49:13:45:113:64:32:37:28:23:89:43:83:107:99:14:2:80:48:7:88:20:46:108:52:42:75:105:17:35:95:18:44:53:114:103:106:34:51:104:125:60:84:67:96:61:79:120:36:22:33:117:26:82:74:10:9:50:98:77:124:63:93:123:94:112:59:119:39:19:111:87:91:110:47:57:55:58:40:127:70:85:126:68:76:128:66:25:56:78:3:109:122:6:100:121:8:29:81:92:73:27:101:38:118:102:65:4:11:62:16:12:71:41:21:24
tree_sizes=3376 3508 3502 3499 3488 3463 3512 3497 3500 3513 3553 3562 3517 3524 3565 3533 3518 3538 3552 3545 3553 3557 3548 3554 3528 3593 3553 3547 3545 3562 3578 3578 3533 3547 3520 3562 3544 3558 3594 3604 3576 3542 3573 3546 3565 3539 3575 3553 3547 3510

Tree=0
num_leaves=31
num_cat=1
split_feature=11 22 13 15 0 9 4 8 8 9 7 13 4 4 11 8 7 8 5 1 20 5 7 5 2 3 9 4 6 5
split_gain=23.1156 18.8556 9.78941 11.8865 8.99936 9.31416 6.575 5.90764 5.88856 8.09868 5.33593 4.75982 4.38383 4.31697 4.25721 4.9735 4.19196 6.24237 3.6412 6.67184 5.18969 5.55627 5.71175 7.06076 5.45217 4.36995 4.07592 5.26176 3.74944 3.59874
threshold=0.0078456276069104602 0 0.10046838664385062 4.5000000000000009 0.54705418034786968 -0.46488472433408029 3.6367500000000006 1.0950000000000004 1.175 3.629947293933911 1.0150000000000003 0.10080972987149218 9.018950000000002 10.123600000000001 0.1201246183372101 1.4550000000000003 1.9350000000000003 0.83500000000000008 510061927.22000009 0.001749280652955987 0.14711765775595567 95545479.860000014 0.92500000000000016 80651334.680000022 -0.21444087143222187 442163.12925000006 1.117754614756117 12.902750000000001 2.9584000000000006 409630532.62500006
decision_type=2 9 2 2 2 2 2 8 8 2 2 2 2 2 2 10 2 10 2 2 2 2 2 2 2 2 2 2 8 2
left_child=4 2 18 7 5 6 -1 -4 -7 -10 13 12 -12 -3 15 -9 -5 -18 19 20 -2 22 -22 -24 25 -23 -26 28 -28 -13
right_child=1 10 3 16 -6 8 -8 14 9 -11 11 29 -14 -15 -16 -17 17 -19 -20 -21 21 24 23 -25 26 -27 27 -29 -30 -31
leaf_value=-1.5645545517243589 -1.8344261646891542 -1.7810672075787473 -1.7836116564328839 -1.4863712999252194 -1.5558810151957128 -1.8161796906159529 -1.7607832379565538 -1.6005141080672931 -1.5203219665885634 -1.8255888173088892 -1.8123905689489801 -1.7003656469254429 -1.7895469214788198 -1.7221093837125541 -1.5192120059437129 -1.8210098447184235 -1.483906970270549 -1.7673287384412284 -1.7785283920550916 -1.7736372614268572 -1.4325372626329069 -1.7337258642105069 -1.7976788566976714 -1.5082071070164216 -1.7797702532157611 -1.6160288414990176 -1.6312384684852543 -1.6008525241310547 -1.7895896268943983 -1.8149338886290178
leaf_weight=1.3472349073384178 0.94442590886965661 13.333018187390516 2.3796827522775668 0.75140180488933317 1.1751182968119946 1.9663180019299198 0.62488695256774907 0.51626979761261516 0.47393535760495087 0.40118348223791145 38.403419685651123 2.1307883609891785 46.35005104732533 4.0472991140193164 0.41096324608946577 0.50678579758631059 0.33009007731845941 0.47219010138117312 15.685346993070928 12.42402608192762 0.32748075051870162 1.4559705885021732 0.50784842804084462 0.35998096154703774 4.2478739115399913 1.7207017143790393 0.50584070864300668 0.88034020192939255 1.4323244858991018 1.0104755499345612
leaf_count=97 66 1097 395 87 302 183 71 118 90 37 4672 445 7351 416 58 115 19 100 1741 1835 38 78 98 51 584 72 54 161 163 175
internal_value=-1.77628 -1.78009 -1.75574 -1.68781 -1.67993 -1.71022 -1.62673 -1.7353 -1.76816 -1.66027 -1.79123 -1.79766 -1.7999 -1.76734 -1.65514 -1.70974 -1.57124 -1.65072 -1.75967 -1.74775 -1.72178 -1.71248 -1.61046 -1.6776 -1.72438 -1.66997 -1.74884 -1.70222 -1.74826 -1.73722
internal_weight=157.123 151.135 45.8595 5.36738 5.98868 4.81356 1.97212 3.8137 2.84144 0.875119 105.275 87.8947 84.7535 17.3803 1.43402 1.02306 1.55368 0.80228 40.4922 24.8068 12.3828 11.4384 1.19531 0.867829 10.2431 3.17667 7.06638 2.81851 1.93817 3.14126
internal_count=20769 19989 5833 892 780 478 168 686 310 127 14156 12643 12023 1513 291 233 206 119 4941 3200 1365 1299 187 149 1112 150 962 378 217 620
cat_boundaries=0 4
cat_threshold=2684354566 139462924 2219868164 1698913672
is_linear=0
shrinkage=1


Tree=1
num_leaves=31
num_cat=2
split_feature=11 22 13 15 0 9 8 7 3 0 13 18 4 8 8 2 21 0 4 15 1 5 20 2 11 17 11 16 22 5
split_gain=19.3572 16.9945 8.36727 8.04889 6.18529 7.15303 5.22287 4.83036 6.14846 6.46997 4.55136 4.53219 4.30368 3.86576 3.98358 3.83057 9.75979 4.63468 3.72945 3.46993 3.61968 4.99287 5.27114 6.14745 4.44064 3.93715 4.01492 3.71664 3.41386 3.40001
threshold=0.0078456276069104602 0 0.10046838664385062 4.5000000000000009 0.54705418034786968 -0.46488472433408029 1.7250000000000003 0.8650000000000001 806817.99005000014 0.10091606170487132 0.10088107436733419 7.5000000000000009 10.708050000000002 1.0950000000000004 1.4350000000000003 -0.41893116896806148 0.14424410540915397 0.39195479700165975 8.2144000000000013 18.500000000000004 0.0019928261435916421 510061927.22000009 0.14711765775595567 -0.28209439348842857 0.12932385518926406 131.00000000000003 0.099687250888852996 2.5000000000000004 1 382099096.45500004
decision_type=2 9 2 2 2 2 8 2 2 2 2 2 2 8 10 2 2 2 2 2 2 2 2 2 2 2 2 2 9 2
left_child=4 2 19 11 5 -1 -7 8 18 -10 15 -4 -11 -13 -15 16 -9 -17 -3 20 21 22 -2 -24 25 26 -25 -23 -19 -12
right_child=1 7 3 -5 -6 6 -8 10 9 12 29 13 -14 14 -16 17 -18 28 -20 -21 -22 27 23 24 -26 -27 -28 -29 -30 -31
leaf_value=0.1275115930061822 -0.057762293056432081 -0.042123011110846383 0.20288749850549859 0.16814575714324587 0.17940471220980803 -0.021926555667593467 0.16284635797572966 0.22372934490424856 0.13658239037599471 -0.01475051545533846 0.082528579713341751 -0.018606279298912051 0.10335011229352838 0.18595427116908725 0.014344387250629271 -0.031019187911788062 -0.027134018980978888 0.012701203351336433 0.065463244046747915 -0.045276434167544628 0.0041923832860578181 -0.018944839278564923 0.17730356917317122 0.18945961041929349 0.16395200888949946 0.18469865069855873 0.026865478820082007 0.084404566060234942 -0.014799715559947536 -0.03484347345246646
leaf_weight=2.1886006308451726 0.97325663974325749 4.349991327339394 0.38692111104822347 1.7899139970184732 1.3656349259485621 2.4071243752058247 0.45469001548270416 0.56261703709671351 1.6328811285824469 2.7941601214298477 1.864958765361741 2.1878149398724109 1.0655674051320714 0.59416597817306616 0.78486772976981456 57.983507153434289 1.2471248038836646 9.4746056935860121 0.98856756975951032 2.2087757850867993 19.463627978310456 5.1284852951465103 1.0737034015512552 0.39763387263168226 0.80675514456339747 0.45720564306293532 8.4042513554131357 1.0476091204228906 22.176885812286688 0.92206604533048864
leaf_count=168 56 441 163 205 302 235 75 142 43 167 389 308 50 93 116 5893 88 2100 187 199 2648 603 130 62 70 42 977 109 4544 164
internal_value=-6.06614e-05 -0.00368031 0.019484 0.0801762 0.0849959 0.0594677 0.00743048 -0.014255 0.0160107 0.0531503 -0.0192466 0.0403515 0.0178539 0.0227201 0.0882837 -0.021165 0.050855 -0.0226191 -0.0222007 0.0156363 0.0192001 0.0351718 0.0538263 0.0635758 0.0514447 0.0416418 0.0342108 -0.00141438 -0.00723055 0.0436969
internal_weight=157.184 150.768 45.705 5.74368 6.41605 5.05042 2.86181 105.063 10.8312 5.49261 94.2318 3.95377 3.85973 3.56685 1.37903 91.4447 1.80974 89.635 5.33856 39.9613 37.7525 18.2889 12.1128 11.1395 10.0658 9.25909 8.80189 6.17609 31.6515 2.78702
internal_count=20769 19989 5781 885 780 478 310 14208 888 260 13320 680 217 517 209 12767 230 12537 628 4896 4697 2049 1337 1281 1151 1081 1039 712 6644 553
cat_boundaries=0 4 8
cat_threshold=2684354566 206571788 2218819588 1698913672 12714144 268480512 178325833 9175552
is_linear=0
shrinkage=0.05


Tree=2
num_leaves=31
num_cat=2
split_feature=11 22 13 15 8 9 7 4 22 14 14 4 5 2 4 8 15 20 2 10 9 11 7 11 6 4 2 9 0 8
split_gain=16.4981 15.3351 6.78154 6.26031 5.13329 6.08194 4.67305 3.73008 4.13167 5.94571 3.6275 5.13827 3.52159 4.94678 3.41989 3.28133 3.10696 3.29159 4.03646 4.99168 4.35116 7.06549 4.43801 3.88493 4.59735 3.64762 3.07046 3.06673 4.18718 3.03974
threshold=0.0078456276069104602 0 0.10046838664385062 4.5000000000000009 1.1650000000000003 -0.55201180947737616 1.0150000000000003 9.018950000000002 1 0.55003628447024688 0.47512376237623766 13.336600000000002 39726767.860000007 -0.20685054404085471 10.123600000000001 1.0950000000000004 18.500000000000004 0.1404052936311001 -0.21444087143222187 0.098803588043037474 1.8908731456987684 0.13068535129694073 0.92500000000000016 0.095819780030306417 3.8431000000000002 22.466400000000004 -0.41893116896806148 1.9556487413093684 0.015947142662960666 1.9150000000000003
decision_type=2 9 2 2 8 2 2 2 9 2 2 2 2 2 2 8 2 2 2 2 2 2 2 2 10 2 2 2 2 10
left_child=4 2 16 15 5 -1 14 -8 9 10 -9 -12 -6 -14 -3 -4 17 -2 19 23 -20 22 -22 24 -19 -24 -10 28 -21 -27
right_child=1 6 3 -5 12 -7 7 8 26 -11 11 -13 13 -15 -16 -17 -18 18 20 27 21 -23 25 -25 -26 29 -28 -29 -30 -31
leaf_value=0.10962836125714487 -0.033628810755760373 -0.0043605617458436349 0.00057645647265441619 0.14327815788723136 0.25697646565782456 -0.011036243922217118 -0.031674992157618632 0.039294031883798201 0.089988704908079198 -0.013810064982608457 0.23575740706770146 0.015399139083275799 -0.026821828249855479 0.14969329162166478 0.047004434202602148 0.089821150323045634 -0.04445578980308984 -0.0034516098541682253 -0.00090349188611559906 0.041267591020739541 0.1321366274937722 0.20871625260348903 0.0032032197521513605 -0.036553705473261193 0.13239551282114764 0.18390349316835963 -0.02333187496023631 0.024571097581782227 0.16637085848795446 -0.020192850516263544
leaf_weight=1.8749225727141547 2.9240457247676011 13.239334529813243 2.5936047682182055 1.9894503682609181 0.46305456019651847 2.3572085140475272 38.408698520480733 4.6483429313650788 0.60828834633338047 5.6537266589111042 0.6154608096667642 0.46397538886258616 0.53332348069695057 1.5518575039838178 4.2907809573511093 1.7084177013329762 2.1388568877953267 1.4074282704401233 19.315018581465047 1.0649989031418345 0.93196034075963385 0.59054276752594681 6.2996264553802206 2.0058523920696274 1.1171383119862239 0.54368044665876158 34.532739763718538 1.1984223214317351 1.7980762655277827 0.27456549176511658
leaf_count=170 269 1096 406 212 90 271 4945 700 72 1082 67 81 19 230 415 300 199 99 2805 74 71 61 867 153 83 94 5618 54 100 66
internal_value=-0.000113656 -0.00355395 0.0178305 0.0699346 0.0761791 0.0424207 -0.0139319 -0.0201428 -0.0106219 0.0120112 0.0584688 0.141041 0.132245 0.104546 0.00821186 0.0360173 0.0142374 0.0174179 0.021502 0.051475 0.01229 0.0417831 0.0295367 0.0153904 0.0566617 0.0161031 -0.0166362 0.0917258 0.119835 0.115418
internal_weight=157.143 150.363 47.9017 6.29147 6.78037 4.23213 102.461 84.9312 46.5225 11.3815 5.72778 1.07944 2.54824 2.08518 17.5301 4.30202 41.6102 39.4714 36.5473 8.59192 27.9554 8.64038 8.04983 4.53042 2.52457 7.11787 35.141 4.0615 2.86308 0.818246
internal_count=20769 19989 5913 918 780 441 14076 12565 7620 1930 848 148 339 249 1511 706 4995 4796 4527 563 3964 1159 1098 335 182 1027 5690 228 174 160
cat_boundaries=0 4 8
cat_threshold=2684354566 2286946572 2219868164 1698913672 9044609 25178272 144779273 2156134928
is_linear=0
shrinkage=0.05


Tree=3
num_leaves=31
num_cat=2
split_feature=11 22 13 15 7 3 9 0 3 13 0 2 21 8 8 15 21 4 22 18 13 5 14 14 15 5 9 1 2 9
split_gain=14.1894 13.727 5.19064 4.9963 4.52206 5.59829 4.89398 4.1056 5.25216 4.10513 4.12987 4.07295 7.08885 3.84899 3.647 3.3111 3.28617 3.27207 3.13909 3.62508 3.77773 3.07171 5.54436 3.41066 2.95493 2.79772 2.76711 2.76167 2.70854 4.34957
threshold=0.0078456276069104602 0 0.10046838664385062 4.5000000000000009 0.8650000000000001 806817.99005000014 -5.2021176346199125 0.54705418034786968 259375.93145000003 0.10080972987149218 0.44515765410089631 -0.41893116896806148 0.14424410540915397 1.0950000000000004 0.51500000000000012 1.5000000000000002 0.19264507422402163 8.2144000000000013 1 8.5000000000000018 0.10035971688469671 409630532.62500006 0.45972972972972981 0.57163591125855284 18.500000000000004 256883721.75000003 -0.46488472433408029 0.024446190067341726 -0.21444087143222187 1.8908731456987684
decision_type=2 9 2 2 2 2 2 2 2 2 2 2 2 8 10 2 2 2 9 2 2 2 2 2 2 2 2 2 2 2
left_child=7 2 24 13 5 17 -7 8 -1 10 11 12 -6 -4 16 -8 -12 -3 19 -16 -21 22 25 -24 28 -11 -10 -15 -2 -30
right_child=1 4 3 -5 9 6 15 -9 26 21 14 -13 -14 27 18 -17 -18 -19 -20 20 -22 -23 23 -25 -26 -27 -28 -29 29 -31
leaf_value=0.17814897797202289 0.040846545589544453 -0.041208493092970436 -0.012005021115761608 0.12510254755202341 0.17551343844153267 0.132514753401027 -0.04312389108712366 0.13899826915297603 0.072002662013084681 -0.010469625944737078 0.24912989940584773 -0.029495196261312508 -0.026546183140495762 0.12518986341267643 -0.029605156657222159 0.05170837539674205 -0.0093202266763693746 0.057322914321852138 -0.016022648675232596 0.025848549608637458 0.1525862582696369 -0.037278493107752442 0.28413115799285327 0.040604457352137108 -0.043645668879931508 0.14403110005826944 -0.0043113657306307149 -0.01807327808822019 -0.002764665120568624 0.040286762532897376
leaf_weight=0.6818422996673793 9.4600271626641028 4.2129589645496903 2.2730161001703446 2.1600946729240746 0.67143509949558833 1.3636314170107153 1.2938029337098056 1.6145587386631914 2.1508401353488789 1.4012206457044341 0.26776666071966815 59.395845016622452 1.227832376673305 1.264638574531517 2.8946515940629487 3.1896909403719249 0.22747873222228066 1.0532290328647631 15.637444211402846 8.5410140003156307 0.63144443299415165 1.0047021903838596 0.39486935343558105 0.2261012641246225 2.0713529450122214 0.37048197531817084 2.653011246179553 0.45829516824807104 19.894997430370847 8.320640095203208
leaf_count=99 552 449 384 204 138 39 60 302 136 276 34 6493 86 221 467 165 111 193 3584 1728 201 181 51 96 199 54 243 60 2760 1203
internal_value=-0.000150782 -0.00342203 0.0173371 0.0638369 -0.013001 0.0158914 0.0495699 0.0689156 0.0482888 -0.0178572 -0.0199051 -0.0271904 0.0448866 0.0307185 -0.00406972 0.0243426 0.130417 -0.0215024 -0.0064738 0.0104874 0.0345733 0.0360903 0.0668984 0.195461 0.014497 0.0218381 0.0298569 0.0870823 0.0176936 0.00993097
internal_weight=157.009 149.909 45.9031 6.15604 104.006 11.1133 5.84713 7.10025 5.48569 92.8923 89.4949 61.2951 1.89927 3.99595 28.1998 4.48349 0.495245 5.26619 27.7046 12.0671 9.17246 3.39738 2.39267 0.620971 39.747 1.7717 4.80385 1.72293 37.6757 28.2156
internal_count=20769 19989 5583 869 14406 906 264 780 478 13500 12842 6717 224 665 6125 225 145 642 5980 2396 1929 658 477 147 4714 330 379 281 4515 3963
cat_boundaries=0 4 8
cat_threshold=2684354566 139462924 2218819588 1698913544 1086464160 2158592 176752968 9175713
is_linear=0
shrinkage=0.05


Tree=4
num_leaves=31
num_cat=1
split_feature=7 22 5 8 4 17 13 2 10 9 10 2 11 0 1 9 0 20 14 8 4 7 15 14 5 21 1 0 8 6
split_gain=12.7069 12.5355 6.08706 6.01154 5.79383 6.5396 4.90512 4.05191 3.80084 3.6971 4.42595 3.43759 6.67963 3.69191 3.01672 2.96597 4.37472 2.92898 3.33503 3.97344 5.93363 4.16581 3.54744 6.17344 5.44284 6.12306 3.31787 5.47978 3.0163 3.88889
threshold=0.65500000000000014 0 440047092.64500004 5.495000000000001 14.493550000000001 30.500000000000004 0.10088107436733419 -0.15529593816311507 0.006632000919153975 -2.819570135746607 0.088437340254020697 -0.41893116896806148 0.11037631721437795 0.39195479700165975 0.099999999999999992 -0.52185555261756711 0.30264906867944735 0.32779310344827589 0.73375527426160347 0.88500000000000012 3.6367500000000006 2.4350000000000005 3.5000000000000004 0.46673177083333339 285310297.92000002 0.18642984922054692 -0.0031729252659485336 0.086785599653532455 1.3750000000000002 2.9868000000000001
decision_type=2 9 2 8 2 2 2 2 2 2 2 2 2 2 2 2 2 2 2 8 2 2 2 2 2 2 2 2 10 8
left_child=8 2 4 6 5 -2 11 -6 15 10 -10 12 -3 -13 -15 -1 -17 18 19 -7 -21 22 23 28 25 -24 27 -19 -22 -30
right_child=1 3 -4 -5 7 17 -8 -9 9 -11 -12 13 -14 14 -16 16 -18 26 -20 20 21 -23 24 -25 -26 -27 -28 -29 29 -31
leaf_value=0.12494728846782224 0.18665106708377166 -0.010782110628647881 -0.0015432395400374055 0.14512764626925964 0.21533970444409278 -0.0010431458986022663 0.044726496624575396 0.070089881813351435 0.012769061507404318 -0.014246698870328298 0.14960738551558492 -0.02721313240295406 0.18458640086684738 -0.0078398405337688267 0.13522118718278106 -0.028018194136928284 0.10357970184090573 0.15649611621947834 0.13442786061562229 0.18812208237701764 -0.020629298595600865 -0.012999793752748815 -0.040322226682874766 0.18641613670610702 -0.037054510151041074 0.20761105160318732 -0.027265838124961028 -0.03143174497978482 0.18503962932781753 -0.0055690257196388399
leaf_weight=2.3942735856379045 0.61654813472035996 1.5619309583884864 22.092104391364913 0.58111013806313749 0.6098250166658733 6.9945564866449343 3.1969396031413302 2.257803371676359 1.4273548544185533 2.8834116229129521 1.0083981586188029 58.754196890511381 0.60773460369455268 32.049763311286682 0.37278179958401736 1.0974275294540006 1.4875607949461338 0.72902703303111571 0.76529229152572398 0.70459816118411467 2.5003011574591825 2.8128226715569369 0.31018879947669153 0.57226923380439831 0.45849352354525752 1.2628540693028751 4.8982035300264775 0.82899122288756644 0.48213903316695872 0.60136559682966617
leaf_count=123 436 119 2488 70 66 634 572 554 86 260 72 6114 132 6608 121 81 205 21 107 168 208 409 94 86 41 149 550 89 36 70
internal_value=-0.000231506 -0.00400234 0.0149629 -0.0137885 0.0337287 0.0258695 -0.0161732 0.100978 0.0534549 0.0240659 0.0694199 -0.0182589 0.0439416 -0.0197391 -0.00619498 0.0848502 0.0477113 0.0217254 0.0323631 0.0276857 0.048391 0.0374522 0.0603872 0.0339182 0.114537 0.158721 -0.00705062 0.0565034 0.00956702 0.0792482
internal_weight=156.92 146.622 49.4974 97.1245 27.4053 24.5377 96.5433 2.86763 10.2984 5.31916 2.43575 93.3464 2.16967 91.1767 32.4225 4.97926 2.58499 23.9211 17.4649 16.6996 9.70503 9.00043 6.18761 4.15608 2.03154 1.57304 6.45622 1.55802 3.58381 1.0835
internal_count=20769 19942 6206 13736 3718 3098 13666 620 827 418 158 13094 251 12843 6729 409 286 2662 2002 1895 1261 1093 684 400 284 243 660 110 314 106
cat_boundaries=0 4
cat_threshold=2692743174 139460876 2227210244 1699437832
is_linear=0
shrinkage=0.05


Tree=5
num_leaves=31
num_cat=1
split_feature=22 7 3 7 8 3 17 2 13 5 1 11 6 11 0 2 1 0 5 16 4 14 8 6 2 14 11 4 21 14
split_gain=11.192 7.26052 5.30563 5.24715 5.23971 4.71763 4.50074 7.75111 4.43948 4.38515 3.76347 3.32433 3.54622 3.26265 2.84229 3.00765 3.15561 2.60783 2.57192 3.80605 3.19577 2.89858 3.0254 5.10725 4.37813 4.24559 3.23494 2.99554 4.019 2.70734
threshold=0 0.8650000000000001 1222842.5423000001 0.58500000000000008 5.495000000000001 1643199.4508000002 30.500000000000004 -0.18562601820925942 0.10088107436733419 97694925.400000021 0.019835881762265698 0.108189542104365 4.0303500000000012 0.11478026189385594 0.43033462977418596 -0.45339264834843612 0.0067918121536342255 0.54705418034786968 440047092.64500004 4.5000000000000009 14.379000000000001 0.73375527426160347 0.88500000000000012 2.8244500000000001 -0.33731075784674835 0.35012690355329951 0.12303370345204107 7.3806000000000003 0.15047169811320757 0.33357522980164495
decision_type=9 2 2 2 8 2 2 2 2 2 2 2 10 2 2 2 2 2 2 2 2 2 8 8 2 2 2 2 2 2
left_child=3 2 13 9 8 -4 7 -5 14 -1 -7 -10 -13 -2 15 16 -3 -12 20 -20 21 22 27 26 25 -25 29 -8 -29 -24
right_child=1 4 5 6 -6 10 18 -9 11 -11 17 12 -14 -15 -16 -17 -18 -19 19 -21 -22 -23 23 24 -26 -27 -28 28 -30 -31
leaf_value=0.15571592935734394 -0.0088979828246830896 -0.016835116310436882 0.13151423776237858 0.23165746737378387 0.12723444323687072 -0.039016410982815879 -0.033743872739298471 0.0096626091402573552 -0.0033410163048072012 0.034243762009850881 0.018604589935088376 -0.018703951266681763 0.16350451907673175 0.11883220638138188 -0.0062382089560770147 -0.027370560494220333 0.16013551707423368 0.1268864180937338 -0.0043468974225300211 0.13033334780362285 0.067585017159465952 0.10764638257188026 0.069170634280915008 0.0060970630678473152 -0.005560261900569869 0.20126955281135062 0.19230835853121808 0.12533480362339536 0.00028018088723666569 -0.034961001672439804
leaf_weight=1.2280448049540589 8.2006234038931289 0.58853030186924715 1.68365541005405 0.64642571525573078 0.63218134707469076 1.270851585388016 5.357296260245052 1.0037742929194724 1.5945972117061153 1.8809437695713951 1.2010481212187687 0.3904094405188514 0.84501650505455927 0.53240467132694469 27.797670695852794 55.096798809043335 0.44038373648521656 1.0353958022406287 20.14951307442659 0.53859555863709729 3.4186390883643503 0.83942191523578813 4.3137676445523541 0.58313399633311991 9.0728253454263061 0.53361524228955659 0.46220778044721544 0.77197455869873 3.8300270023834742 0.72978910268307107
leaf_count=115 864 92 77 130 68 44 468 701 329 96 47 59 138 75 6002 6240 38 59 1918 103 628 140 405 49 1098 62 49 56 470 149
internal_value=-0.00025896 -0.00987331 0.0226847 0.0161937 -0.0161909 0.0627175 0.015364 0.0966237 -0.0172361 0.082225 0.029692 0.044358 0.105924 -0.00111098 -0.0193131 -0.0257888 0.0589098 0.0687353 0.012714 -0.000840623 0.0220886 0.016218 0.0132264 0.026904 0.00593829 0.0993562 0.0657054 -0.00832865 0.0212578 0.0541031
internal_weight=156.67 101.31 13.924 55.36 87.3856 5.19095 52.251 1.6502 86.7534 3.10899 3.5073 2.83002 1.23543 8.73303 83.9234 56.1257 1.02891 2.23644 50.6008 20.6881 29.9127 26.4941 25.6546 15.6953 10.1896 1.11675 5.50576 9.9593 4.602 5.04356
internal_count=20769 14132 1166 6637 12966 227 6426 831 12898 211 150 526 197 939 12372 6370 130 106 5595 2021 3574 2946 2806 1812 1209 111 603 994 526 554
cat_boundaries=0 4
cat_threshold=2692775938 141566221 2218819589 566320152
is_linear=0
shrinkage=0.05


Tree=6
num_leaves=31
num_cat=2
split_feature=22 7 13 8 17 13 11 3 3 13 0 20 1 21 19 22 2 2 7 1 1 2 0 5 18 5 1 20 20 21
split_gain=10.2112 6.64781 5.30293 4.05452 3.95334 3.76838 3.49516 3.47746 3.37779 3.299 3.81058 3.21017 3.19046 2.91913 2.8732 2.83022 3.73148 2.96962 2.80236 2.72655 2.62414 3.10482 2.6837 2.57814 6.09112 3.35876 2.53711 2.93749 3.38432 3.25608
threshold=0 0.62500000000000011 0.10046838664385062 5.495000000000001 45.500000000000007 0.10004077065895546 0.03722504447620912 361951.09935000009 1104760.7632000002 0.10088107436733419 0.43033462977418596 0.12066779374471683 0.099572495971684508 0.17595459236326114 6.5000000000000009 1 1.0821692228760533 0.13410863195853065 0.58500000000000008 -0.01052205757111224 0.008835223280962869 -0.29481535311860219 0.25902617575720932 46499445.125000007 9.5000000000000018 39726767.860000007 0.067773031770643213 0.25744284954811275 0.33858560794044673 0.15047169811320757
decision_type=9 2 2 8 2 2 2 2 2 2 2 2 2 2 2 9 2 2 2 2 2 2 2 2 2 2 2 2 2 2
left_child=2 5 7 9 -4 8 -6 26 12 10 23 -9 -2 -7 -11 16 17 19 -13 -12 21 -8 -23 24 25 -3 27 29 -29 -1
right_child=1 3 4 -5 6 13 20 11 -10 14 15 18 -14 -15 -16 -17 -18 -19 -20 -21 -22 22 -24 -25 -26 -27 -28 28 -30 -31
leaf_value=0.13195827261499182 -0.016666134667449168 0.058278400799841125 0.13792969698922883 0.10615176084063503 0.12350311465962455 0.066010249907520205 0.15610013305441428 -0.054087690252404536 0.12964485138841644 0.013132172811890778 0.15629695141140121 0.066342873393748461 0.13430921066594748 -0.04200959410884969 0.13492016738491128 -0.012414975793149013 0.18296244168779896 -0.0055525742302975573 0.0061741837412679565 0.031497798291548189 -0.019906409350496757 -0.0092161623562081411 0.090073717591723362 -0.024488495666724258 -0.053044026810013481 0.34159302904522687 0.1401166125853687 0.1030286368864004 0.0040372209007258006 -0.018945374848379864
leaf_weight=0.40876326731765233 1.1868505597612675 0.20722084368615057 1.2559937187572163 0.70369651254061594 1.0757587198610279 0.98320977950981392 0.58915729223440383 2.0958732749400957 1.5797373638682684 2.8954896389909375 0.47354641193341152 2.049684955391796 0.4962408131019912 1.7188150640752011 0.58154517517834836 15.968406861853092 0.34044161555144903 7.6155872835529905 34.643340543977573 5.7740449707561412 2.0456069929178398 1.7229376499475968 1.1248851916598139 60.975961173879469 0.53797820033927479 0.21126589931476758 0.61991505179690864 2.2636442938523733 1.3958014119090902 2.8485139111993405
leaf_count=121 126 89 310 77 58 50 33 66 69 378 61 111 80 166 211 3776 26 1298 3720 1246 232 120 215 6533 166 53 101 427 378 472
internal_value=-0.000277935 -0.0093404 0.0156688 -0.0134271 0.0566636 0.0409682 0.0411003 0.012136 0.0771338 -0.0143075 -0.0161123 0.0060975 0.0278473 -0.00270345 0.0335016 -0.00154155 0.0113985 0.0154075 0.00953523 0.0409572 0.0249318 0.0516184 0.0300032 -0.0232108 0.0582425 0.201305 0.0432141 0.0345292 0.0652709 -8.12616e-06
internal_weight=156.39 102.25 54.1399 96.2852 7.81434 5.96485 6.55835 46.3255 3.26283 95.5815 92.1045 38.7889 1.68309 2.70202 3.47703 30.172 14.2036 13.8632 36.693 6.24759 5.48259 3.43698 2.84782 61.9324 0.956465 0.418487 7.53664 6.91672 3.65945 3.25728
internal_count=20769 14405 6364 13914 968 491 658 5396 275 13837 13248 3897 206 216 589 6407 2631 2605 3831 1307 600 368 335 6841 308 142 1499 1398 805 593
cat_boundaries=0 4 8
cat_threshold=2685435906 141558045 2219868165 566254616 1086464164 335736832 134285640 1074537120
is_linear=0
shrinkage=0.05


Tree=7
num_leaves=31
num_cat=2
split_feature=22 7 5 17 1 4 5 13 7 8 0 22 4 8 3 0 6 4 0 8 16 21 2 9 9 13 13 13 2 8
split_gain=9.44596 6.74309 5.95154 4.68178 3.58572 3.44664 3.88219 3.30483 3.20436 6.00927 3.15509 2.97181 3.01214 3.43841 2.91242 3.40001 2.82685 4.46326 2.78352 2.70129 2.64142 2.43366 2.4076 2.93961 3.11586 2.83204 2.5908 2.98163 2.34271 2.65126
threshold=0 0.62500000000000011 440047092.64500004 34.500000000000007 0.099999999999999992 14.493550000000001 97694925.400000021 0.10088107436733419 0.80500000000000016 0.90500000000000014 0.44515765410089631 1 8.0384500000000028 0.56500000000000006 862985.37045000016 0.06536283975022654 2.3107000000000006 6.0484000000000009 0.35696397376461625 1.2850000000000004 4.5000000000000009 0.15849282296650721 1.0821692228760533 6.1151454139592563 0.59200803752401676 0.10018744158919558 0.10025062656641594 0.10035971688469671 -0.19608675388661403 0.90500000000000014
decision_type=9 2 2 2 2 2 2 2 2 10 2 9 2 10 2 2 8 2 2 8 2 2 2 2 2 2 2 2 2 8
left_child=2 14 3 -1 7 6 8 10 -5 -10 -3 12 13 -12 19 -16 17 28 -17 -2 -4 -7 23 24 -14 -26 -27 -28 -8 -30
right_child=1 4 20 5 -6 21 16 -9 9 -11 11 -13 22 -15 15 18 -18 -19 -20 -21 -22 -23 -24 -25 25 26 27 -29 29 -31
leaf_value=0.12899322272647223 -0.032358205137023914 -0.022387565268684122 -0.0042104974385824131 0.11194677975143362 0.058472013247212851 0.14552734522341837 -0.042051090920657883 0.033479316290135161 -0.052405677351997498 0.091262894006350001 0.14532165136949077 -0.013550513058483947 0.0063404525665102466 -0.036905274072239862 0.13779083502442918 -0.034903165483724352 0.0043720319168043765 0.12782451853110918 0.075551305979539032 0.086952885901052157 0.10458000772643911 0.047314395686709206 0.15518474425016041 -0.055746515094782505 0.041511035753761388 0.24488383204223396 -0.026014319839311892 0.16112984311076667 -0.020721046341981159 0.093544358111966278
leaf_weight=1.210960572024194 1.8104375468451004 62.649937460251344 21.651593236206306 1.9919184094727658 1.7271365686111426 0.97002903818474751 1.0903558540840661 3.4990789910990818 1.2687870469195845 1.7071651085842701 0.28199493879247883 15.45114413664299 4.6101496207579817 3.1559858269133869 1.2126869519433969 0.89411370633857279 16.822903456102004 1.2833702985601574 1.5753519010455361 0.64286072089137025 0.57270948099620866 1.8034336258284893 0.3812735428609394 0.96751798594053262 3.6155899103145259 0.34809305691404524 0.36313447422577383 0.51421761379901199 0.84238896749955561 1.2775184781193472
leaf_count=712 253 7046 2167 142 308 59 68 573 151 354 32 3772 790 558 18 38 1632 98 100 96 97 395 26 136 706 60 75 110 64 133
internal_value=-0.00033204 -0.00887757 0.0153221 0.032667 -0.0129309 0.0286527 0.023059 -0.0142177 0.0628636 0.0300103 -0.0160252 -0.00259919 0.011045 -0.0219584 0.0411096 0.0692284 0.0137825 0.0490127 0.0355593 -0.001094 -0.00140702 0.0816647 0.0317779 0.0272618 0.0357594 0.0637753 0.129464 0.0836712 0.017506 0.0481386
internal_weight=156.194 103.701 52.4931 30.2688 97.5653 29.0579 26.2844 95.8381 4.96787 2.97595 92.339 29.6891 14.238 3.43798 6.13545 3.68215 21.3165 4.49363 2.46947 2.4533 22.2243 2.77346 10.8 10.4187 9.45118 4.84104 1.22545 0.877352 3.21026 2.11991
internal_count=20769 14697 6072 3808 14192 3096 2642 13884 647 505 13311 6265 2493 590 505 156 1995 363 138 349 2264 454 1903 1877 1741 951 245 185 265 197
cat_boundaries=0 4 8
cat_threshold=2693791746 139462941 2219835396 633429016 1078075556 69398528 136390984 1074528900
is_linear=0
shrinkage=0.05


Tree=8
num_leaves=31
num_cat=2
split_feature=22 7 3 1 13 20 3 13 0 14 14 2 21 21 3 9 17 20 13 15 18 8 11 11 6 9 2 20 11 22
split_gain=8.55841 7.27206 4.57004 4.2415 3.86449 3.39902 3.27316 2.8639 3.5442 2.9894 3.32291 2.88218 4.56668 2.7692 2.70587 3.07487 2.70809 2.69401 2.63993 2.61038 2.89772 2.74012 3.46666 3.39628 3.15722 2.73785 2.67093 3.00056 2.60022 2.49698
threshold=0 0.8650000000000001 528111.19360000012 0.10031670804182648 0.10046838664385062 0.58534798534798549 361951.09935000009 0.10088107436733419 0.44515765410089631 0.55003628447024688 0.45972972972972981 -0.41893116896806148 0.14424410540915397 0.12179421155628799 2549100.2343000006 -5.2021176346199125 76.500000000000014 0.12066779374471683 0.099999261349367 2.5000000000000004 8.5000000000000018 1.0550000000000004 0.11091626176271611 0.10975998879325105 5.3563000000000001 3.5732353649723052 0.47450962969544846 0.15692901979719945 0.10862068965517244 1
decision_type=9 2 2 2 2 2 2 2 2 2 2 2 2 2 2 2 2 2 2 2 2 10 2 2 8 2 2 2 2 9
left_child=4 2 -2 5 6 7 -1 8 11 10 -9 12 -3 -6 15 -4 18 -8 -17 21 28 23 26 25 -24 -19 27 -23 -21 -10
right_child=1 3 14 -5 13 -7 17 9 29 -11 -12 -13 -14 -15 -16 16 -18 19 -20 20 -22 22 24 -25 -26 -27 -28 -29 -30 -31
leaf_value=0.03852753519080715 -0.020782249303975996 0.13051945861603395 0.11896048161205675 0.11304962889767245 0.12000609979381581 0.13861040078341577 -0.053394679554594829 0.02019401650191063 0.011696392772401192 -0.053187339722427042 0.15328831765903742 -0.028989622137061029 -0.026718944871192342 0.03599241679039325 -0.0099543920043280928 0.012739611085383684 0.010341101840083904 0.012458872739428285 0.11223267620560547 0.012414767246717992 -0.014755112773785484 0.1249848522733267 0.14895858464149139 -0.043903663321170211 0.038640482127905454 0.13693251172696586 0.118601228484077 -0.00064261142144968566 0.11736144142292722 -0.012223245185717267
leaf_weight=8.6930304978026935 4.1765544405890003 0.74263460665664993 1.5090185936314169 0.63494179044052046 1.1410057754833127 0.35090491603690921 1.8985048908082038 1.5751615689246277 9.0390354048499244 0.79180762374213021 0.66777732491773623 50.693035528607552 1.2209504907098816 6.9869628221130498 2.0301876899262581 1.0533728920620418 3.5365440460634545 8.1648419730921447 1.8164122555600242 2.5597274951435369 15.708760432416708 0.52120548955699586 1.1923729733899153 2.8324761716859106 1.422046946271905 0.46703877844481034 0.63143899542299653 5.3971806346882616 0.76709428220209464 17.72466992956895
leaf_count=1660 643 137 46 88 56 76 62 261 1800 201 52 6107 77 947 84 84 162 1018 135 246 1427 33 90 280 182 27 56 690 101 3941
internal_value=-0.000386052 -0.00913538 0.0231098 -0.0156876 0.013489 -0.0166747 0.0106261 -0.0173356 -0.0191571 0.0303344 0.0598194 -0.0266874 0.0327492 0.0477863 0.0415419 0.0547501 0.0396252 0.00479034 0.0757131 0.00757533 -0.00577754 0.019897 0.040279 0.00360434 0.0889539 0.0191937 0.02085 0.0104208 0.0366132 -0.0043416
internal_weight=155.947 97.563 14.1221 83.4409 58.3837 82.806 50.2557 82.4551 79.4203 3.03475 2.24294 52.6566 1.96359 8.12797 9.94554 7.91535 6.40633 41.5627 2.86979 39.6642 19.0356 20.6286 9.16425 11.4644 2.61442 8.63188 6.54983 5.91839 3.32682 26.7637
internal_count=20769 13894 1154 12740 6875 12652 5872 12576 12062 514 313 6321 214 1003 511 427 381 4212 219 4150 1774 2376 1051 1325 272 1045 779 723 347 5741
cat_boundaries=0 4 8
cat_threshold=2693824518 139462940 2218819589 566385688 4325536 69267456 178325832 1074537088
is_linear=0
shrinkage=0.05


Tree=9
num_leaves=31
num_cat=2
split_feature=22 7 13 5 11 7 0 13 4 13 1 7 2 21 14 2 22 8 8 11 21 20 1 4 4 3 5 2 21 2
split_gain=7.95847 5.47766 4.29337 4.26331 3.00873 3.82296 3.4084 3.44532 2.8506 3.1309 2.86214 2.81629 2.75644 3.48486 3.13337 2.74268 3.45852 3.1349 4.38417 3.98229 3.19475 3.01457 3.462 2.69287 6.62897 2.41318 2.28528 3.22724 4.47581 2.83303
threshold=0 0.62500000000000011 0.10004077065895546 549788877.80500019 0.097443245320275512 1.5450000000000002 0.71086924952462671 0.10019102214178334 18.835250000000002 0.10088107436733419 0.10031670804182648 0.31500000000000006 -0.41893116896806148 0.18953130345535413 0.61921498255076146 -0.09831196581196576 1 1.3350000000000002 1.4450000000000001 0.11506562732848045 0.1393876950250221 0.32630878438331862 -0.0076299492792117887 13.336600000000002 13.538350000000001 1104760.7632000002 262620494.38500002 -0.19945946872277251 0.18469785575048733 -0.4359122999964522
decision_type=9 2 2 2 2 2 2 2 2 2 2 2 2 2 2 2 9 8 10 2 2 2 2 2 2 2 2 2 2 2
left_child=3 2 25 11 5 -5 -6 -8 9 10 12 -1 13 14 -3 -14 17 21 20 -20 -19 -17 -23 -24 -25 -2 29 28 -28 -13
right_child=1 8 -4 4 6 -7 7 -9 -10 -11 -12 26 15 -15 -16 16 -18 18 19 -21 -22 22 23 24 -26 -27 27 -29 -30 -31
leaf_value=0.12571302640539786 0.029645395148450066 0.14534596355526838 -0.01241595792930744 0.054038571812871278 -0.03403814997723982 -0.017114122733115758 -0.0040328345036706355 0.11319575368248057 0.013620240067709491 0.029126145240488528 0.090096385957648628 0.1215246558204902 -0.031736274486819559 -0.046887065724943909 -0.00081291497506416383 -0.014811723857953821 -0.018854019353973756 0.23405952026407917 -0.015184841335103949 0.12225556375463367 0.05596504237746102 0.18942696231926046 -0.0059823212483090431 0.3523764715287252 -0.028276715960051664 0.11284930676421837 0.11887093880596762 0.023405534517972535 0.01558880388667171 0.010525601734939707
leaf_weight=0.68081798086533396 1.6974810959355005 0.82958330134144309 2.6115075708795672 4.1224726977341239 9.2727787694415493 3.4825888427183145 2.581655949365778 0.82770954988359324 9.1263595130674826 3.6953509960176083 0.60786863672208724 0.589865377225954 31.456275920855269 0.83537288009026145 0.65717741158641729 8.437993055997703 28.828614929786308 0.48507505910196724 2.0658297544033997 0.7075547008080959 0.52364842048380211 0.36672939948410066 1.7004121004563484 0.1949408219406904 0.27674085142130878 1.7908120419345719 2.4711014735595347 10.266119931803617 1.8226811967122953 22.58003739790545
leaf_count=51 195 108 216 229 789 646 305 119 2020 545 76 78 3248 57 63 1361 4636 16 541 86 91 39 418 8 108 63 60 1595 100 2902
internal_value=-0.000394964 -0.00888399 0.0360651 0.0129291 -0.0034098 0.0214556 -0.0183208 0.0244274 -0.0128822 -0.0158438 -0.017975 0.0249248 -0.0188242 0.0348275 0.0807409 -0.0204843 -0.012364 0.00780154 0.0523453 0.0198794 0.141607 -0.000438922 0.0473303 0.0233392 0.129043 0.0723604 0.0231062 0.0386294 0.0750284 0.0133514
internal_weight=155.593 96.8953 6.0998 58.6978 20.2872 7.60506 12.6821 3.40937 90.7955 81.6692 77.9738 38.4106 77.3659 2.32213 1.48676 75.0438 43.5875 14.7589 3.78211 2.77338 1.00872 10.9768 2.53882 2.17209 0.471682 3.48829 37.7298 14.5599 4.29378 23.1699
internal_count=20769 13895 474 6874 2088 875 1213 424 13421 11401 10856 4786 10780 228 171 10552 7304 2668 734 627 107 1934 573 534 116 258 4735 1755 160 2980
cat_boundaries=0 4 8
cat_threshold=2684387362 142082364 2219837444 566320152 1087636621 830775296 1210089752 2147885953
is_linear=0
shrinkage=0.05


Tree=10
num_leaves=31
num_cat=4
split_feature=22 7 5 22 2 0 10 4 20 17 17 10 7 11 2 13 22 17 10 8 4 2 5 8 22 8 4 7 6 20
split_gain=7.24045 6.17108 3.71079 3.29113 5.33959 3.73416 3.16087 4.60295 3.33573 3.85853 3.07058 3.01058 2.92233 2.86693 4.28562 2.64471 2.94168 2.71649 3.81328 2.97145 2.69685 2.54142 2.53257 2.39791 2.34532 3.52597 2.82806 2.57597 2.46795 4.16283
threshold=0 1.0150000000000003 440047092.64500004 1 -0.059899321773355767 0.63676663066182659 0.093274955620372288 6.971350000000001 0.20245629897528636 72.500000000000014 35.500000000000007 1.0000000180025095e-35 0.31500000000000006 0.12501407974769099 -0.21444087143222187 0.10035971688469671 2 71.500000000000014 0.10051319675677715 1.0150000000000003 12.902750000000001 -0.18562601820925942 418513333.55500007 1.5950000000000004 3 1.0950000000000004 14.719500000000002 2.4350000000000005 4.5176500000000006 0.32814141414141423
decision_type=9 2 2 9 2 2 2 2 2 2 2 2 2 2 2 2 9 2 2 8 2 2 2 10 9 10 2 2 8 2
left_child=2 3 10 4 6 -5 8 -8 -2 -10 21 -6 -12 22 -15 20 17 23 19 -19 -3 -1 24 -17 -14 26 28 -27 29 -26
right_child=1 15 -4 5 11 -7 7 -9 9 -11 12 -13 13 14 -16 16 -18 18 -20 -21 -22 -23 -24 -25 25 27 -28 -29 -30 -31
leaf_value=0.16876084099173602 0.17577815295488583 -0.026942728160220225 -0.00099040943094768426 -0.030592812473445953 0.10616154452031544 0.037120218970785816 -0.058004806433524084 0.11843417965068255 0.14758858364222305 0.0067582704743257629 0.11167611537686442 -0.004600959391325047 -0.0070086336641172397 0.18022321464729044 0.029737033271858705 -0.012572742054900811 -0.013195740780529101 -0.033048111775204336 0.17024491721349547 0.098957423401815389 -0.0048256173117582554 0.036892756098618334 0.086672659826024789 0.093453234628569581 0.042603073970131244 0.076898480958615317 0.11578400530563322 -0.0012426058547496286 -0.030920549873304528 -0.037756481305666278
leaf_weight=0.65308539884047434 1.3184314967944817 44.252721477258717 23.817031694238956 8.6834498948835179 0.72237288224196117 2.6596786244028712 0.77363955426619646 0.70786973913618567 0.9164010046241059 1.0364739173535324 0.87448826101410659 4.069920367498959 11.364791110750906 0.66176340430342895 1.6595709844403348 1.9488831689998209 5.767984223234647 0.72543437316983284 0.91784870020774167 1.0338742527491149 20.017505851804074 0.82936864680905731 1.184815972816408 0.7341580326950562 6.0238642358446253 4.6676258839304827 0.6267035287662005 1.3625665958182933 3.1537688396522876 2.2002159354186688
leaf_count=159 63 6329 2475 677 108 279 84 33 83 44 52 413 1379 84 122 426 1204 81 86 113 3885 679 85 102 402 480 111 278 319 134
internal_value=-0.000463075 -0.00860172 0.0121932 0.014554 0.0240945 -0.00782094 0.0868891 0.0262983 0.114329 0.0728439 0.0245555 0.012095 0.0214646 0.0190672 0.0726375 -0.0161576 0.00634702 0.0181444 0.0876282 0.0445262 -0.0200542 0.0949864 0.0150012 0.016439 0.0121128 0.0180436 0.0123794 0.0592419 0.00668373 0.0211042
internal_weight=155.366 96.2866 59.0797 20.8882 9.54511 11.3431 4.75282 1.48151 3.27131 1.95287 35.2626 4.79229 33.7802 32.9057 2.32133 75.3984 11.1282 5.3602 2.67716 1.75931 64.2702 1.48245 30.5844 2.68304 29.3995 18.0347 12.0046 6.03019 11.3778 8.22408
internal_count=20769 14010 6759 1784 828 956 307 117 190 127 4284 521 3446 3394 206 12226 2012 808 280 194 10214 838 3188 528 3103 1724 966 758 855 536
cat_boundaries=0 4 8 12 16
cat_threshold=2684387330 139995436 2219835397 96623640 1343488160 69403649 10272 537985152 269099168 2147483793 168421408 1074266625 32768 10276 2148532225 92293128
is_linear=0
shrinkage=0.05


Tree=11
num_leaves=31
num_cat=4
split_feature=22 7 8 9 22 2 2 18 2 13 22 1 11 21 6 7 13 13 15 21 3 14 13 10 3 22 7 11 14 2
split_gain=6.64929 5.83006 3.04224 2.99879 2.97847 4.65741 3.90402 4.01045 3.18411 2.92235 2.45905 2.57549 2.85244 2.45512 4.04331 2.42502 2.66772 2.37207 2.65537 2.53054 2.40685 2.33207 2.28274 2.88038 2.28117 2.63898 3.4454 2.31383 2.63432 3.13868
threshold=0 1.0150000000000003 1.2250000000000003 6.1151454139592563 1 -0.059899321773355767 -0.23016283277332636 9.5000000000000018 0.084445235130166565 0.10035971688469671 2 0.056530740319618807 0.086614173228346497 0.13284313725490199 5.7384000000000013 0.65500000000000014 0.10004077065895546 0.10048900047824007 4.5000000000000009 0.27887914601601221 404946.31200000009 0.17754216472899956 0.099903938520653171 0.080142475888046197 4831276.447900001 3 2.0850000000000004 0.12430631263203931 0.30583900226757377 -0.05240668470518272
decision_type=9 2 8 2 9 2 2 2 2 2 9 2 2 2 10 2 2 2 2 2 2 2 2 2 2 9 2 2 2 2
left_child=2 4 3 17 5 6 7 -2 -6 24 11 12 -11 14 -4 16 -10 20 19 -19 -1 -8 23 -7 25 26 -3 28 29 -28
right_child=1 9 13 -5 8 22 21 -9 15 10 -12 -13 -14 -15 -16 -17 -18 18 -20 -21 -22 -23 -24 -25 -26 -27 27 -29 -30 -31
leaf_value=0.023623274411993762 0.10566852027716403 -0.0092228699324159811 0.11542352851229046 0.10893289653178891 -0.042359928327532458 0.1441357412862572 0.058692112046706206 -0.018566216579511515 0.12258997106108352 -0.055626122547997162 -0.011741189013663901 0.13586033555155655 0.050535835676627443 0.021840261989651083 0.0050990558088594758 -0.011531380412911726 -0.016209334619608627 -0.0041147886374787107 0.088634499780214274 0.13715921701041559 -0.0066955744761110743 0.1538191150724334 -0.0059029718937089184 -0.022278061710492278 -0.052061779499483166 -0.020935851287678716 0.23379212164219557 0.14961849799386345 0.013087527393574964 0.031103552686458036
leaf_weight=8.5029010265803304 1.1025597183065659 10.333292398372317 1.9866860627212362 0.7007866262342749 5.4888105604126896 0.62951274654341716 1.0436748054069229 1.5812183201973082 0.87632613037849416 0.74403899893306391 5.6461169571959129 0.7195602065075376 4.2294411299980794 13.492459673331231 1.4270212259419564 2.884533899422614 0.57223980228175719 2.9390251505621943 1.6624685959043004 0.35529712392066404 28.439401488852397 1.683592624859642 4.4277825859019302 0.44300821719703265 5.0835835731592232 43.080992489858303 0.32187786074425162 0.44961223686161123 3.7269889318507481 0.46972768692812294
leaf_count=1244 56 1251 86 49 450 66 65 126 79 90 1178 67 639 2358 92 285 54 322 95 162 2446 77 416 88 454 7266 67 61 938 142
internal_value=-0.000531542 -0.00838041 0.0115392 0.00635631 0.0142036 0.0220981 0.0752854 0.0324724 -0.00845605 -0.0157602 0.00762014 0.0172121 0.0346539 0.0314244 0.0693049 0.0149755 0.0677589 0.00464065 0.037119 0.0111218 0.000282826 0.117416 0.00995015 0.075398 -0.0199374 -0.0171402 0.00437158 0.0414456 0.0306821 0.11352
internal_weight=155.045 95.5385 59.506 42.5999 20.7333 10.9113 5.41105 2.68378 9.82191 74.8052 11.3392 5.69304 4.97348 16.9062 3.41371 4.3331 1.44857 41.8991 4.95679 3.29432 36.9423 2.72727 5.5003 1.07252 63.4661 58.3825 15.3015 4.96821 4.51859 0.791606
internal_count=20769 13915 6854 4318 1762 894 324 182 868 12153 1974 796 729 2536 178 418 133 4269 579 484 3690 142 570 154 10179 9725 2459 1208 1147 209
cat_boundaries=0 4 8 12 16
cat_threshold=2692775942 139528460 2219835397 29973528 1343488160 69346337 10272 537919616 269099168 2147483793 168421472 1073873408 140041 294522912 10518784 67412736
is_linear=0
shrinkage=0.05


Tree=12
num_leaves=31
num_cat=2
split_feature=22 7 5 13 8 1 13 4 7 14 2 11 8 17 22 0 1 17 18 8 19 3 15 7 7 13 4 2 17 0
split_gain=6.24525 4.53531 3.9065 3.17972 2.95149 2.69429 2.65925 2.83731 3.27031 3.08828 3.51527 4.40884 3.20233 2.49897 2.44544 2.34086 2.65193 2.84987 2.72171 2.2996 2.21025 3.33808 2.95264 3.60987 2.75885 2.78419 3.56911 3.33338 2.98166 2.97293
threshold=0 0.62500000000000011 510061927.22000009 0.10004077065895546 0.6150000000000001 0.10031670804182648 0.10088107436733419 12.218450000000002 0.8650000000000001 0.65730872900684234 -0.41893116896806148 0.11037631721437795 5.495000000000001 50.500000000000007 1 0.17196097054950779 0.036447533689566332 65.500000000000014 13.500000000000002 1.0850000000000002 6.5000000000000009 294628.88625000004 5.5000000000000009 1.2950000000000002 0.31500000000000006 0.09962523057331997 15.051400000000003 -0.064342968759304994 59.500000000000007 0.067983357463341873
decision_type=9 2 2 2 8 2 2 2 2 2 2 2 8 2 9 2 2 2 2 8 2 2 2 2 2 2 2 2 2 2
left_child=2 3 4 -2 13 6 7 9 -9 10 11 -3 -12 -1 15 -10 -17 -18 -19 -5 22 -22 24 -24 -6 27 -27 29 -28 -26
right_child=1 5 -4 19 20 -7 -8 8 14 -11 12 -13 -14 -15 -16 16 17 18 -20 -21 21 -23 23 -25 25 26 28 -29 -30 -31
leaf_value=0.078367856924659474 0.061512582804864817 -0.039732071384882578 -0.0035221604401711043 -0.049282548445081883 0.10596647797096502 0.070858604547060985 0.026115634731768384 0.077179298584490366 -0.026164811048990835 -0.03999358968848462 -0.018010980001779191 0.15688990781563558 0.12674358700877614 -0.051683732251177464 -0.015331726946324087 0.018245442903739559 0.013085252022681064 0.29401999432899395 0.058568934217425685 0.045607925995444422 0.13742291602465195 0.036471645043130441 0.10957065750649023 0.025843621065782287 0.023963952751412082 -0.0033816550364172771 -0.0086255068358839018 -0.034704617843021555 0.11952865592889772 0.13240902391207829
leaf_weight=0.44687137929847809 3.6954086184875541 0.50310076043661556 23.204119064807706 1.55599924859893 0.78028163579153087 0.96474182778631146 4.104417943620617 1.2584294528479336 2.6856601024474047 16.019931160087339 38.842791656844071 0.65796143214356562 0.3858646631186734 2.1300045084432782 11.776131441455547 9.325597949873579 0.43313010052172352 0.27411216653672454 0.22225919480888479 1.0827847587196968 1.0243456766632295 4.0821795043665503 1.9037138726848173 3.9762469726604195 1.2023019266155266 18.288490226825328 0.7523896675531877 0.82573312875815474 1.143939570503562 1.3322995951098588
leaf_count=201 241 55 2456 124 31 114 561 98 351 2237 5179 75 22 213 2525 1672 117 25 95 86 445 978 168 311 85 1713 233 161 78 119
internal_value=-0.000634743 -0.00838403 0.010857 0.0315769 0.0225287 -0.012237 -0.0131639 -0.0151208 -0.00144682 -0.0214174 -0.0140494 0.0716915 -0.0165871 -0.0291307 -0.00544997 0.00868147 0.0262727 0.106809 0.188593 -0.0103457 0.0262985 0.056722 0.0211551 0.0529513 0.0134693 0.0104039 0.00338861 0.0525435 0.0686821 0.0809675
internal_weight=154.881 93.7883 61.0929 6.33419 37.8888 87.4541 86.4894 82.385 25.9753 56.4096 40.3897 1.16106 39.2287 2.57688 24.7169 12.9408 10.2551 0.929501 0.496371 2.63878 35.3119 5.10653 30.2054 5.87996 24.3254 23.5452 20.1848 3.36033 1.89633 2.5346
internal_count=20769 13577 7192 451 4736 13126 13012 12451 4883 7568 5331 130 5201 414 4785 2260 1909 237 120 210 4322 1423 2899 479 2420 2389 2024 365 311 204
cat_boundaries=0 4 8
cat_threshold=2692743202 139526460 2219835397 1103715352 1410376833 824342528 1116023048 67371776
is_linear=0
shrinkage=0.05


Tree=13
num_leaves=31
num_cat=2
split_feature=22 7 13 8 4 22 20 21 7 17 6 17 4 2 11 13 20 17 7 5 18 10 13 15 15 0 4 19 2 2
split_gain=5.91245 4.51781 2.87196 2.90806 2.69222 3.67949 2.64527 2.6205 2.53197 2.44658 6.53207 2.3499 2.41925 2.29015 2.14589 2.13062 2.03306 2.15769 3.93837 2.00445 4.18694 1.94068 1.94037 2.25534 1.92747 2.18167 3.05806 1.78077 2.28396 2.49539
threshold=0 0.62500000000000011 0.10054496317415053 4.7950000000000008 9.3709000000000007 1 0.14711765775595567 0.16152751423149908 0.31500000000000006 109.50000000000001 7.2550500000000007 35.500000000000007 6.6102000000000007 -0.067226890756302435 0.095238095238095358 0.10004077065895546 0.32779310344827589 128.50000000000003 1.0650000000000002 46499445.125000007 7.5000000000000009 0.077920466488795956 0.10014124321962727 5.5000000000000009 2.5000000000000004 0.23969648492669432 6.2138000000000009 4.5000000000000009 0.44048092367881181 -0.19247576748220088
decision_type=9 2 2 8 2 9 2 2 2 2 8 2 2 2 2 2 2 2 2 2 2 2 2 2 2 2 2 2 2 2
left_child=6 15 3 4 11 9 -1 -4 -8 -6 -11 12 -3 21 -14 -2 17 -10 -19 20 -13 -9 27 24 25 26 -24 -18 29 -29
right_child=1 2 7 -5 5 -7 8 13 16 10 -12 19 14 -15 -16 -17 22 18 -20 -21 -22 -23 23 -25 -26 -27 -28 28 -30 -31
leaf_value=-0.023658610647314254 0.049746496430034516 -0.033363863716793979 -0.03129705015922403 0.079952241230358531 0.0073891317358017565 -0.015588100079314694 0.1079586856734861 -0.01778427126090314 0.022755608136658698 0.19810409410620916 0.0028143907654672143 0.14677331300952293 0.19257635586033831 -0.0077587025453641299 -0.0056710263153231869 -0.0040573408174369354 -0.038957065429084066 -0.057606390822283443 0.23577345407442798 -0.026247934779086452 -0.051005163074275217 0.066216249665681612 0.18445899395368878 0.07557504803975594 -0.047213738743247413 -0.03259759881821328 0.012489203735242482 0.072164473766068868 0.15095972673633409 -0.026468156578235924
leaf_weight=3.9511428507856712 4.7951621741507315 0.47107353679043018 2.2562927217573385 0.83051400643505147 19.833547228942042 23.598027622179707 0.7870748313608108 0.83743328742390577 29.022883894080561 0.63296383968758951 1.3235123680913148 0.50973842439997585 0.36731841349228844 2.5433255904165861 0.21722300324202592 2.9856676315942963 3.8874467492510885 0.18055100858668893 0.31218087073091283 42.509718274734311 0.56331991626728239 3.8427487359949666 0.41973145742082374 1.5225408627447476 1.2328442733712703 0.74094946245644866 0.67303185341246774 0.85980062506220711 0.26526581867142329 2.5229813199957078
leaf_count=460 290 539 254 89 2732 4347 45 93 3029 116 216 73 114 780 288 235 327 78 240 4612 207 309 55 83 122 260 90 86 65 535
internal_value=-0.000675778 -0.00695865 -0.0104485 -0.0131809 -0.0140401 -0.0054653 0.0127271 0.0157399 0.0191153 0.0086716 0.065995 -0.0227589 0.0509543 0.0304321 0.118905 0.0291008 0.017436 0.0245171 0.128271 -0.0245443 0.0429462 0.0511859 0.00019827 0.0258296 0.00113108 0.0336343 0.078543 -0.0154112 0.00967993 -0.00139873
internal_weight=154.496 108.118 100.337 90.857 90.0264 45.3881 46.3784 9.4798 42.4273 21.79 1.95648 44.6384 1.05561 7.22351 0.584541 7.78083 41.6402 29.5156 0.492732 43.5828 1.07306 4.68018 12.1246 4.5891 3.06656 1.83371 1.09276 7.53549 3.64805 3.38278
internal_count=20769 15294 14769 13333 13244 7411 5475 1436 5015 3064 332 5833 941 1182 402 525 4970 3347 318 4892 280 402 1623 610 527 405 145 1013 686 621
cat_boundaries=0 4 8
cat_threshold=2692743174 140050716 2152728580 12803096 1075340961 16955424 42041353 3842245248
is_linear=0
shrinkage=0.05


Tree=14
num_leaves=31
num_cat=4
split_feature=22 7 9 17 2 0 22 2 20 0 8 22 6 5 22 0 7 17 7 1 3 21 8 8 11 4 13 2 6 4
split_gain=5.50582 4.57942 3.36653 3.09059 3.54207 3.27271 2.81835 3.42149 3.14823 2.93019 2.62989 2.2259 2.66691 2.22218 2.36137 2.87598 2.51701 2.14655 2.08369 2.03104 2.02125 1.99665 1.98249 2.65219 1.97235 1.85943 1.85197 2.18224 1.95742 1.84085
threshold=0 1.0150000000000003 8.0778816535614926 48.500000000000007 -0.27149391263629669 0.0099314617387497705 1 -0.059899321773355767 0.28669275929549903 0.69506388411412057 5.495000000000001 2 12.235150000000003 440047092.64500004 3 0.0062154454948409573 0.90500000000000014 50.500000000000007 4.0550000000000006 0.0066110735855053901 843116.85540000012 0.11173533083645444 0.88500000000000012 1.0850000000000002 0.10833333333333341 3.7155000000000005 0.10004747217699995 0.44048092367881181 4.2268000000000008 8.9681500000000014
decision_type=9 2 2 2 2 2 9 2 2 2 8 9 8 2 9 2 2 2 2 2 2 2 10 10 2 2 2 2 10 2
left_child=2 6 13 4 5 -3 7 8 19 -8 29 12 21 -1 17 -16 -17 20 26 -2 -15 -6 -9 -24 -22 -21 27 28 -18 -5
right_child=1 3 -4 10 11 -7 9 22 -10 -11 -12 -13 -14 14 15 16 18 -19 -20 25 24 -23 23 -25 -26 -27 -28 -29 -30 -31
leaf_value=0.019773043797578622 0.027157094587509846 -0.058750926232310929 0.15093190766458947 -0.02855678400629811 -0.048272565994112157 0.16230202915879929 -0.03147047065745278 -0.020241773318067601 -0.012955660075527203 0.040795561372106617 0.07115419808386847 -0.012409504141661247 0.14578380309141381 -0.037752893175748745 0.14180918918124427 0.11144073773413964 0.062120238951753275 -0.027210128036636222 0.10386818882020446 0.067252513961620602 0.0064564504843478525 0.054884435568171921 0.088058748117288865 0.00024246149370874901 0.094235189669262517 0.14076264810150893 -0.032020727652595532 0.11222705055681599 -0.022282452038970214 -0.01160247824019474
leaf_weight=33.108029893772901 1.3234573036829145 0.22367807037454568 0.43603549777828376 29.644147525033446 0.57357482069259536 0.66594240910046665 7.8820669168532493 2.9828434038879532 1.1271560070156565 1.7063807695947302 0.81188866465890797 5.3891046589718803 0.67245332806365343 1.2307623403427634 0.55346704055699802 0.72890388929419447 1.0838220792322211 11.576401556622157 0.57753608767260534 1.9359736153408849 1.7034424736434206 2.5746851207916954 1.4198240099743844 2.1797999334324487 1.0250339271941973 1.5481862238986321 2.1845214918517186 0.61368412343941248 1.8758265194931274 34.811029074924875
leaf_count=4072 71 70 77 3347 92 190 633 322 144 200 37 2612 252 204 22 40 69 912 162 73 245 1091 111 172 109 73 325 66 292 4684
internal_value=-0.000714093 -0.00763767 0.0106563 -0.0142907 0.0114488 0.106722 0.0115899 0.0193027 0.0622541 -0.00910943 -0.0182736 0.00224585 0.0153143 0.0114632 -0.000419487 0.0138585 0.0234515 -0.0099417 0.0133281 0.0798872 0.0154392 0.0360905 0.00990182 0.0348804 0.0394332 0.0999167 0.00424659 0.0264183 0.00862578 -0.0194001
internal_weight=154.17 97.4722 56.6975 75.3665 10.0994 0.88962 22.1057 12.5172 5.93477 9.58845 65.2671 9.20982 3.82071 56.2614 23.1534 7.61776 7.06429 15.5356 6.33539 4.80762 3.95924 3.14826 6.58247 3.59962 2.72848 3.48416 5.75785 3.57333 2.95965 64.4552
internal_count=20769 14174 6595 12375 4307 260 1799 966 361 833 8068 4047 1435 6518 2446 976 954 1470 914 217 558 1183 605 283 354 146 752 427 361 8031
cat_boundaries=0 4 8 12 16
cat_threshold=2684387334 142344476 2218788869 97016856 1343488160 67314721 33562912 537985152 302129193 276834432 169668616 134415105 2147516416 138674200 71303172 67633176
is_linear=0
shrinkage=0.05


Tree=15
num_leaves=31
num_cat=3
split_feature=22 5 7 5 8 1 22 2 10 4 14 22 8 8 5 0 2 2 21 10 1 20 17 14 3 18 6 2 18 2
split_gain=5.08723 4.414 3.94986 2.89645 3.23391 2.99237 2.68841 3.10139 2.61055 2.44033 2.31732 2.43372 3.07293 4.6332 2.32976 2.86878 2.31676 2.18327 2.03981 2.00884 2.26833 1.99997 2.05679 1.96651 1.9291 3.18436 1.90146 3.51641 2.40247 2.34003
threshold=0 440047092.64500004 1.0150000000000003 336730270.26500005 1.2450000000000003 -0.0076299492792117887 1 -0.059899321773355767 1.0000000180025095e-35 18.374250000000004 0.653950103950104 2 1.1250000000000002 1.1950000000000001 162663138.50000003 0.043001149864958489 -0.10411334155547157 0.05591764730737548 0.19017480409885476 0.10020949976080167 -0.0051858292844721423 0.2828166858017605 90.500000000000014 0.64290897781463829 117518.762 9.5000000000000018 1.9949500000000002 -0.3233759427155653 17.500000000000004 -0.23016283277332636
decision_type=9 2 2 2 8 2 9 2 2 2 2 9 8 10 2 2 2 2 2 2 2 2 2 2 2 2 8 2 2 2
left_child=1 3 6 5 -5 -1 7 16 -9 10 11 12 19 -14 15 -15 21 -8 -6 -4 -21 22 -2 24 25 -13 27 -7 -29 -28
right_child=2 -3 9 4 18 26 17 8 -10 -11 -12 23 13 14 -16 -17 -18 -19 -20 20 -22 -23 -24 -25 -26 -27 29 28 -30 -31
leaf_value=-0.026823435344155558 0.099441486504596777 -0.0045611530271150516 -0.026139609301267349 0.028769020134703616 0.13720899461244951 -0.060079059903887205 -0.040031297820825901 0.079971344909671629 -0.0075591458123169869 0.0099208717735151455 -0.031570116561700438 0.29593251852750269 0.15121043484058685 0.28481475322813793 -0.00033588333426784505 0.046472676816543212 0.13208135334091212 0.0071189777193627242 0.023305487333224177 -0.021037742622430175 0.081030859920423345 -0.017590604074734312 0.025190492249121805 0.083951182992780857 -0.022683340166058288 -0.032337952607312412 0.039554020631523155 0.080843637650390543 -0.002543278427823288 0.0029965160781092568
leaf_weight=3.5583109574154461 1.925898462173038 25.614587863722967 4.0432164259208543 4.1380221191651207 1.4503793111119518 0.66681677791638083 5.2478013172944618 1.0494054154897847 4.5244406701174071 9.1676341438374731 20.338545477178002 0.12622552314963797 0.89318681509205156 0.16561813850398754 2.4836842093826981 0.53114832149880442 0.96386449026638121 4.6136049236127832 0.53917437930098788 1.021579738169905 1.1651614922699733 0.95525283532174388 1.8084528792115859 0.44868176931230408 31.308100422106133 0.17812523673615033 6.4821763127976757 3.8621569495254304 1.112615507212922 13.480537681752553
leaf_count=304 68 2719 585 408 52 62 424 114 442 2112 3376 70 70 55 337 135 43 448 174 75 120 108 110 73 4925 118 406 410 114 2312
internal_value=-0.000742229 0.00965336 -0.00775714 0.0227061 0.0539557 0.01614 0.0104352 0.0187163 0.00892049 -0.0141745 -0.0176974 -0.0110374 0.0085361 0.0505885 0.0223302 0.103125 0.06148 -0.00892344 0.106341 -0.00525939 0.0333475 0.0469691 0.0634836 -0.0152376 -0.0214655 0.103808 0.0221107 0.0477418 0.062194 0.0148673
internal_weight=153.864 60.9048 92.9596 35.2902 6.12758 29.1626 21.0887 11.2273 5.57385 71.8709 62.7033 42.3647 10.3036 4.07364 3.18045 0.696766 5.65347 9.86141 1.98955 6.22996 2.18674 4.6896 3.73435 32.0611 31.6125 0.304351 25.6043 5.64159 4.97477 19.9627
internal_count=20769 6961 13808 4242 634 3608 1757 885 556 12051 9939 6563 1377 597 527 190 329 872 226 780 195 286 178 5186 5113 188 3304 586 524 2718
cat_boundaries=0 4 8 12
cat_threshold=2692775938 139731260 2219835396 97147928 1343488160 69403649 10528 537985152 156168 2156533889 144752640 1074012928
is_linear=0
shrinkage=0.05


Tree=16
num_leaves=31
num_cat=2
split_feature=22 5 2 18 11 5 11 11 2 1 22 13 7 15 4 18 5 13 3 0 9 9 0 11 9 7 9 18 1 2
split_gain=4.71088 3.53533 3.40736 3.09553 3.31434 3.16252 2.87329 3.04928 2.85562 4.33789 3.48866 3.44248 2.79507 2.74023 2.85789 2.75269 2.66328 2.5848 2.38989 2.38078 2.3623 2.59771 2.32085 3.90599 2.93896 2.6135 2.45039 2.45766 2.24818 2.20705
threshold=0 434122458.73500007 -0.40662764941202961 15.500000000000002 0.12932385518926406 399906393.34000009 0.11403508771929821 0.072870787791098388 -0.16831770787698239 0.09983765164153692 1 0.10088107436733419 0.31500000000000006 5.5000000000000009 3.6367500000000006 13.500000000000002 256883721.75000003 0.099305147620925252 461360.86470000009 0.014432972215088645 -8.8370741197684328 -3.7234885371449304 0.14698371125319853 0.10714285714285729 0.11468025645240411 0.92500000000000016 -2.0632994298042822 8.5000000000000018 0.10000958037938303 -0.087929985324122148
decision_type=9 2 2 2 2 2 2 2 2 2 9 2 2 2 2 2 2 2 2 2 2 2 2 2 2 2 2 2 2 2
left_child=1 3 6 4 13 12 7 -2 11 10 20 -4 -5 14 -1 16 17 -16 -17 -18 -10 -22 23 25 -25 -23 27 -24 -3 -12
right_child=2 28 8 5 -6 -7 -8 -9 9 -11 29 -13 -14 -15 15 18 19 -19 -20 -21 21 22 26 24 -26 -27 -28 -29 -30 -31
leaf_value=0.078415358034899768 0.086581312434576965 -0.0039239657282269481 -0.028601440054115967 0.099280101353332151 0.11554024781837813 0.10182354277714756 0.12831347500958348 -0.011680787128958051 0.13002340607980076 0.046719253136310604 -0.040853723072159481 0.034457115318615388 -0.015774845145106377 0.076819908347415561 0.097868768707083942 0.10912024533966513 0.13188858393486264 -0.026107671762589702 0.012175242424873743 0.019250397811997763 -0.046206864022425881 0.13410356324355327 0.14400631718609089 0.043874971410563554 0.18221361881607712 -0.010080295856305307 -0.0014805110643282948 0.017267269784965126 0.094739799680913006 -0.0112539336151953
leaf_weight=1.9621157771668389 1.1279154375868352 24.641545348244346 25.230600323239333 0.56526855515653185 1.2098021261566874 0.7077424145510357 0.69721820767827569 2.6316067159721825 0.42829409067445823 3.9531756709089398 7.5938600313288651 2.3674073198586134 7.9771471500333746 2.6740982779181754 0.45186341629484683 1.2738371825782544 0.53175894239021904 6.042891692667979 1.2690550429627974 3.9827422107349193 1.7786565015892453 0.36980696343587371 0.60519904275116587 0.76648837301328121 0.76921647759387213 2.0934714167259507 11.131569303343399 1.0395287756006721 0.5912249046918977 36.892890467501154
leaf_count=287 28 2657 2389 22 80 49 160 180 26 491 1033 144 1143 216 72 142 30 913 92 547 234 23 73 67 51 293 2419 179 35 6694
internal_value=-0.000727497 0.0101508 -0.0069422 0.0240546 0.0354042 0.000253671 0.0350883 0.0177994 -0.00964417 -0.00409855 -0.00726375 -0.0231922 -0.00816143 0.030074 0.0220167 0.0138511 0.00302108 -0.0174822 0.0607389 0.0325179 0.009123 0.0112492 0.0173412 0.0505831 0.113167 0.0115657 0.00693643 0.0639026 -0.00161219 -0.0133138
internal_weight=153.358 53.8811 99.4769 28.6483 19.3982 9.25016 4.45674 3.75952 95.0202 67.4222 63.469 27.598 8.54242 18.1884 15.5143 13.5521 11.0093 6.49476 2.54289 4.5145 18.9822 18.5539 16.7753 3.99898 1.5357 2.46328 12.7763 1.64473 25.2328 44.4868
internal_count=20769 6285 14484 3593 2379 1214 368 208 14116 11583 11092 2533 1165 2299 2083 1796 1562 985 234 577 3365 3339 3105 434 118 316 2671 252 2692 7727
cat_boundaries=0 4 8
cat_threshold=2692775938 140312876 2152728580 80370712 1049101 346045584 142966857 2198143872
is_linear=0
shrinkage=0.05


Tree=17
num_leaves=31
num_cat=2
split_feature=22 11 10 8 13 22 2 9 3 14 9 10 13 4 13 14 17 2 0 13 13 2 1 21 2 8 9 11 15 17
split_gain=4.92231 3.18968 2.77782 3.87802 2.76363 3.35603 2.95652 2.00676 1.91636 2.09412 3.4397 1.87595 2.12103 1.85595 1.83436 1.7822 2.47724 2.08041 1.87365 2.48225 3.02139 1.95327 2.41393 1.83934 1.83831 1.70263 2.14105 1.68747 2.09055 2.52711
threshold=0 0.0078456276069104602 0.075869556803171076 0.54500000000000015 0.10057637366287954 1 -0.45339264834843612 -2.0246284119559528 5770044.9246000005 0.97676106254430095 5.1428356847642478 0.11345092126560384 0.10002884827596072 19.451450000000005 0.099137931034482776 0.22243923611111113 38.500000000000007 0.46042829719192374 0.080727260858648356 0.09962523057331997 0.099999261349367 0.013275818007173259 0.0096805431183489849 0.16247642991829042 -0.050182678845256339 1.3250000000000004 -0.46488472433408029 0.12501407974769099 4.5000000000000009 73.500000000000014
decision_type=9 2 2 10 2 9 2 2 2 2 2 2 2 2 2 2 2 2 2 2 2 2 2 2 2 8 2 2 2 2
left_child=2 25 3 -1 5 6 -3 -7 9 -8 -11 -4 -13 14 -5 16 -9 -17 -18 24 -21 22 -22 -19 -20 26 -2 28 29 -6
right_child=1 4 11 13 27 7 8 15 -10 10 -12 12 -14 -15 -16 17 18 23 19 20 21 -23 -24 -25 -26 -27 -28 -29 -30 -31
leaf_value=0.14978724444099226 0.052521470319921285 0.10347215238883056 -0.031987720954257649 0.12121337788404583 0.03177510476637907 -0.023858358607824353 0.010080179579232849 0.13530097905954641 -0.035162127020076067 0.022713158434428071 0.2466286524144107 -0.043329921544038238 0.081865472994365862 0.10172979459700758 -0.014742951910354888 -0.011631065222801608 -0.021822768752840695 0.083028662276542931 0.27258946624609798 -0.036173166674486383 0.049332325252548742 0.010199488191491185 0.20003218118512622 0.0025813420115440196 0.042698707170373967 0.07355295568080393 -0.012979789966388343 0.099081605597589495 0.062778100342909246 -0.027404565409880441
leaf_weight=0.4443459855133679 2.5653270922388032 0.84765849920076064 23.048997250675235 0.2585739603755427 4.5848132480206196 16.101125485683241 41.972965505219399 0.43600433861323651 2.3077952745830421 0.55889345682216784 0.24744693698603726 0.59358467139555304 0.7866463872396281 0.40045678225520465 6.1247094076950823 31.197551046869066 2.5044143197803095 1.1063891360600373 0.17882095065624526 1.4228732060780092 0.76243905468243178 1.154887626994707 0.40788852007194265 1.9858139022024159 0.16927778675903926 2.1888908004875134 2.4287257426719568 0.74875951701342636 2.3169271954379553 2.9741119014506694
leaf_count=48 147 58 3754 76 816 1739 4877 189 176 137 28 108 100 100 977 5010 143 57 35 207 101 256 59 338 81 222 235 84 296 315
internal_value=-0.000713555 0.00412605 -0.0156098 0.00668809 0.00243013 -6.5942e-05 0.00899939 -0.00756657 0.00921926 0.0116135 0.0914276 -0.0285971 0.0280237 -0.00268514 -0.00923563 -0.00305007 0.019871 -0.00775371 0.0122462 0.0330761 0.0212143 0.0563316 0.101855 0.0313654 0.160795 0.0367829 0.0206667 0.0267134 0.0212266 0.00849045
internal_weight=152.827 121.17 31.6573 7.22809 113.987 103.362 45.9348 57.4275 45.0871 42.7793 0.80634 24.4292 1.38023 6.78374 6.38328 41.3264 7.03661 34.2898 6.6006 4.09619 3.74809 2.32522 1.17033 3.0922 0.348099 7.18294 4.99405 10.6246 9.87585 7.55893
internal_count=20769 15606 5163 1201 15002 13491 5276 8215 5218 5042 165 3962 208 1153 1053 6476 1071 5405 882 739 623 416 160 395 116 604 382 1511 1427 1131
cat_boundaries=0 5 9
cat_threshold=373580864 570475522 1661604896 2552528900 1 2692743174 15608108 2160066565 96556296
is_linear=0
shrinkage=0.05


Tree=18
num_leaves=31
num_cat=3
split_feature=22 5 22 22 1 0 17 2 8 8 0 13 5 4 10 1 13 9 14 2 6 21 8 0 19 7 4 10 8 11
split_gain=4.64609 3.13405 3.89183 3.70342 4.0852 3.23006 2.75015 2.80289 2.93088 3.61207 3.04555 2.65479 2.56613 2.5387 2.53706 4.53558 3.33648 3.34727 2.60163 2.50425 2.49391 2.40563 2.37801 3.09734 2.40581 2.3287 2.28858 2.25836 3.49719 2.25545
threshold=0 510061927.22000009 1 2 0.09983765164153692 0.43033462977418596 35.500000000000007 -0.4359122999964522 1.0950000000000004 1.1650000000000003 0.012735388289639398 0.10018066862078191 114446336.78000002 9.1365500000000015 0.089913613011873589 0.0090527005906352338 0.099472967905898005 -0.73693616895224012 0.80039062500000013 0.83517027918069586 4.3705000000000007 0.21627687219466105 1.3450000000000004 0.00050640210310108039 3.5000000000000004 1.0750000000000004 2.7986500000000007 0.075869556803171076 0.6150000000000001 0.1201246183372101
decision_type=9 2 9 9 2 2 2 2 8 10 2 2 2 2 2 2 2 2 2 2 10 2 10 2 2 2 2 2 10 2
left_child=27 2 26 4 21 -5 -4 -8 10 13 -9 19 29 20 16 18 17 -12 -16 -7 -10 -3 -14 -24 -25 -23 -2 28 -1 -11
right_child=1 3 6 5 -6 11 7 8 9 12 14 -13 22 -15 15 -17 -18 -19 -20 -21 -22 25 23 24 -26 -27 -28 -29 -30 -31
leaf_value=0.11734963435563497 0.043018503501198596 0.0010330929196963568 0.069177745839771126 -0.033575136382630107 0.15337420997687948 -0.018757727537009956 0.081746397964081063 -0.031851400110061615 0.06781641980820495 0.045456429292165909 0.18903725004987917 0.039665072254578888 -0.020618715111485324 0.0024707695630192972 0.013301886261400339 0.15492565045101528 -0.0193237852228152 -0.0036298454897267887 0.10881762330354408 0.058776457132832 0.17455314532011645 0.14240089859771796 0.17656292303611015 -0.036034429099713605 0.031672275703224374 0.031307243509175089 -0.017509849599549637 -0.029587849572590565 -0.0078488548391684228 0.17818669268545373
leaf_weight=0.61890187975524469 1.7097577226866629 10.794916757378624 2.517293690921881 16.179826698418061 0.54101483147653162 11.738511271901627 1.5616095880223273 4.8367975006192117 1.7583561897038782 2.3218165946139488 0.40203399803337447 3.0991482484790955 4.2482540273209102 0.87794207607032593 17.781685375235931 0.61708016730528825 8.7640304319119462 0.51319420173240615 0.74268884527742685 1.1428245423226062 0.79454983032115922 0.54160162369051157 0.323960049854917 1.6111883347233353 7.0656967375992394 3.6553511021982139 18.029704819044586 21.539098343891972 5.6476895307997381 0.37123592622117474
leaf_count=81 185 692 1385 1374 29 1589 151 188 190 453 45 518 476 116 1859 64 1011 108 53 60 40 65 15 85 1201 1015 2890 3708 1046 77
internal_value=-0.000696937 0.00373726 0.0102858 -0.00603095 0.0111892 -0.0135988 0.0153868 0.015725 0.0137808 0.0292743 0.00486289 -0.00188284 0.0192587 0.0758138 0.0110244 0.0215736 -0.00983729 0.0810034 0.0171314 -0.0118789 0.101036 0.0135217 0.0102146 0.0247674 0.0191 0.0456435 -0.00814225 -0.0161086 0.00451601 0.0637532
internal_weight=152.348 124.542 76.8489 47.6932 15.5329 32.1603 57.1094 54.5921 53.0305 19.373 33.6575 15.9805 15.9422 3.43085 28.8207 19.1415 9.67926 0.915228 18.5244 12.8813 2.55291 14.9919 13.2491 9.00085 8.67689 4.19695 19.7395 27.8057 6.26659 2.69305
internal_count=20769 15934 10592 5342 1801 3541 7517 6132 5981 2653 3328 2167 2307 346 3140 1976 1164 153 1912 1649 230 1772 1777 1301 1286 1080 3075 4835 1127 530
cat_boundaries=0 5 9 13
cat_threshold=373572672 570475522 1661604960 405045252 1 135823516 287322180 2416249496 2156927040 1605638 24123652 2157250569 9525256
is_linear=0
shrinkage=0.05


Tree=19
num_leaves=31
num_cat=3
split_feature=22 11 3 22 2 17 4 20 2 10 4 4 13 21 10 6 6 0 21 7 7 4 4 14 0 0 18 2 17 22
split_gain=4.24119 3.11786 3.24819 2.26403 2.8748 3.23612 2.85225 2.6613 2.55064 2.40328 2.33862 3.02519 2.49853 2.40773 2.91937 2.21621 2.14079 2.11105 2.72075 1.99578 2.77253 1.9841 2.87676 1.85507 2.43837 2.4208 3.43234 2.27809 2.0122 1.80804
threshold=0 0.0078456276069104602 4831276.447900001 1 -0.18562601820925942 37.500000000000007 20.835400000000003 0.48777579010137156 0.83517027918069586 0.11345092126560384 12.902750000000001 13.538350000000001 0.10054496317415053 0.18871224165341816 0.092411517013770358 9.8876000000000008 7.7347500000000009 0.77832330264176108 0.17445652173913045 1.5450000000000002 1.3050000000000004 11.0997 9.9314000000000018 0.23145604395604399 0.083673118987047032 0.22351026170411339 7.5000000000000009 -0.10974857899010552 38.500000000000007 2
decision_type=9 2 2 9 2 2 2 2 2 2 2 2 2 2 2 8 8 2 2 2 2 2 2 2 2 2 2 2 2 9
left_child=-1 -2 3 4 5 -3 8 10 -6 19 12 15 23 -14 -15 16 -12 -4 -19 20 -8 22 -7 24 -5 26 -26 -28 -27 -13
right_child=1 2 17 7 6 21 9 -9 -10 -11 11 29 13 14 -16 -17 -18 18 -20 -21 -22 -23 -24 -25 25 28 27 -29 -30 -31
leaf_value=-0.015534079863421266 0.035223853530774535 0.11801329422404537 -0.044983380409809454 -0.023827043337863899 -0.0018417682858837511 0.024704107839069126 0.0046659784028009604 0.098269351679729985 0.090180325266328215 0.13283912486651234 0.082808699906693095 -0.0096164231658798071 -0.0095106412930030179 -0.031496657462878018 0.094058747787842623 0.16331044817868273 -0.040993289754161839 0.081247352354485394 -0.023003870046998349 -0.00017947304590417432 0.16624029894642067 -0.014919601957620519 0.10087790962121335 -0.022637829140656856 0.16034917438362301 0.15522072124009087 -0.038730846319596307 0.077792357627340492 -0.011441843397611784 0.01301667649794503
leaf_weight=27.285334734810597 7.4293594904047486 1.0287239449234622 5.8082382938778476 4.9401403029773032 29.588434612048449 8.8192083143281845 0.54094177527345244 0.64101773800389494 0.77268115592820308 0.66362092443048926 0.99854434726379815 8.2409221607642618 2.7510209855552352 0.63807841627095774 1.6871036247516071 0.4728667205559417 0.53696057646233453 0.86755026167566063 2.2463222233153601 2.0923969900495933 0.52143307961719643 2.4200631468288796 1.4421372640579182 25.578902574076569 0.65493768745084358 0.19151624957598334 0.75991596163044062 0.93623328938126316 3.3321001881363088 7.9656279794186657
leaf_count=4770 607 180 370 373 4057 539 53 184 49 79 125 1254 201 173 266 63 75 49 233 462 63 138 42 3576 67 115 75 94 715 1722
internal_value=-0.000685708 0.00353034 0.00182159 0.00421232 0.0110697 0.0327238 0.00562244 -0.00263034 0.000500166 0.046351 -0.00415471 0.0107791 -0.0107141 0.0221476 0.0596037 0.0686628 0.0395156 -0.0271754 0.00604137 0.0281579 0.0839696 0.025805 0.0354096 -0.0152977 0.00206303 0.0238344 0.0631275 0.0255871 -0.00238337 0.00360597
internal_weight=151.852 124.567 117.138 108.216 47.8896 13.7101 34.1795 60.3259 30.3611 3.81839 59.6849 18.2149 41.4699 5.0762 2.32518 2.00837 1.5355 8.92211 3.11387 3.15477 1.06237 12.6814 10.2613 36.3937 10.8148 5.8747 2.35109 1.69615 3.52362 16.2066
internal_count=20769 15999 15392 14740 5662 899 4763 9078 4106 657 8894 3239 5655 640 439 263 200 652 282 578 116 719 581 5015 1439 1066 236 169 830 2976
cat_boundaries=0 5 9 13
cat_threshold=373572680 33604610 1661604960 405045252 1 2684362758 139069740 2152734980 558060824 1074397312 2417295377 134250624 2182619649
is_linear=0
shrinkage=0.05


Tree=20
num_leaves=31
num_cat=3
split_feature=22 7 3 9 22 22 11 2 9 0 21 0 0 17 6 11 6 3 2 10 6 19 21 1 5 10 3 6 6 15
split_gain=4.18406 3.08097 2.43246 2.21412 3.63623 3.48374 2.88839 2.43256 2.1457 2.10842 2.22772 2.02713 2.08533 2.06208 1.98069 3.54459 2.81891 1.91988 3.06317 2.08455 2.32654 2.02581 2.89316 1.9638 1.92409 1.81358 1.78822 2.06107 1.74943 1.74161
threshold=0 0.65500000000000014 4831276.447900001 -2.6896799851443771 1 2 0.09895962188685474 -0.11811023622047238 -1.9809998395764803 0.77832330264176108 0.17445652173913045 0.39195479700165975 0.52581694615766883 36.500000000000007 12.541400000000001 0.099362362443757832 14.478900000000001 378333.36685000005 -0.4359122999964522 0.11063889992654931 7.9759500000000001 3.5000000000000004 0.14160401002506268 -0.0076299492792117887 341294886.02500004 0.037728043019303811 547075.58345000015 8.3020000000000014 14.271750000000003 3.5000000000000004
decision_type=9 2 2 2 9 9 2 2 2 2 2 2 2 2 8 2 10 2 2 2 8 2 2 2 2 2 2 8 10 2
left_child=14 8 3 4 6 11 7 -3 -2 -4 -11 13 -13 -5 -1 16 -16 21 -19 -20 24 22 -7 -23 -21 -10 27 -8 -22 -15
right_child=1 2 9 5 -6 17 26 -9 25 10 -12 12 -14 29 15 -17 -18 18 19 20 28 23 -24 -25 -26 -27 -28 -29 -30 -31
leaf_value=-0.026094257482242162 0.054454637715306654 0.11072428852193419 -0.042263704125868905 0.06384312474676701 -0.019947608907992166 0.096674179480051289 0.069674532505383635 0.025456590665082643 0.028244434322945124 0.075614968073904873 -0.018309886836630356 0.046005826937429557 -0.0059852216261998105 -0.035400420826769058 0.18162969178416885 -0.033086092997214524 -0.0037797239334389876 0.12171383435361119 0.0050386229935829542 0.014350497111436163 -0.042367494743350442 -0.012744618701640009 -0.041049003216335422 0.049637284447194584 0.10824157722528685 -0.031269182460896994 -0.020066365837361058 -0.057867386191445103 0.061370129344311519 0.00023872583584981776
leaf_weight=23.640103021245654 4.7361193309068028 1.4361417612865497 5.6439182385708033 0.6908866166646338 12.867953207232761 0.48657210082765745 1.4308043798189511 2.0030759873429691 4.0116607510467883 0.89576766727873325 2.1383053397814251 2.6254586506777802 7.2671594009248395 11.08372150612268 0.48748862575347018 1.0851674078914255 0.35377206050078058 0.60472636809572478 41.012396050144204 0.85094724454876258 1.0434660214396272 1.4645032240815954 1.7629833526274792 9.1055999636976903 1.5209038116314628 1.8799994940775944 3.3112841533110924 0.40682086950806362 0.66568111737603164 4.9628623089746773
leaf_count=4107 205 96 366 443 1601 59 157 163 298 47 233 461 1939 1095 71 366 106 23 5287 62 111 197 216 1982 89 166 205 76 73 469
internal_value=-0.000710462 0.00336953 0.00126236 0.00333457 -0.0110202 0.00695177 0.01182 0.0610625 0.029397 -0.0241936 0.00942011 -0.0073651 0.00781298 -0.0207364 -0.0159017 0.0266303 0.10366 0.0125765 0.00992885 0.00842976 0.0425093 0.0318248 -0.0112599 0.0409942 0.0745563 0.00925394 0.00188458 0.0414388 -0.00196361 -0.024378
internal_weight=151.476 125.91 115.282 106.604 21.4561 85.1479 8.58813 3.43922 10.6278 8.67799 3.03407 26.6301 9.89262 16.7375 25.5665 1.92643 0.841261 58.5178 45.6981 45.0934 4.081 12.8197 2.24956 10.5701 2.37185 5.89166 5.14891 1.83763 1.70915 16.0466
internal_count=20769 16119 15450 14804 2298 12506 697 259 669 646 280 4407 2400 2007 4650 543 177 8099 5645 5622 335 2454 275 2179 151 464 438 233 184 1564
cat_boundaries=0 5 9 13
cat_threshold=239354952 570475650 1661604896 405045252 1 2155872385 6422821 12607493 8916992 2424308609 274866273 268780254 2190483488
is_linear=0
shrinkage=0.05


Tree=21
num_leaves=31
num_cat=3
split_feature=22 2 5 22 0 22 17 11 5 8 8 0 1 2 19 20 0 4 2 8 4 4 6 13 20 6 2 10 10 11
split_gain=3.77761 2.80942 2.48791 3.5519 4.13306 2.95654 2.51038 2.39091 2.20038 2.18362 3.2462 2.46611 2.18655 2.82423 3.06911 2.15951 3.1125 4.16695 2.25912 2.1956 2.06284 2.00714 2.05693 1.98776 2.66406 1.96361 1.93059 1.88924 3.99563 2.68525
threshold=0 -0.4359122999964522 510061927.22000009 1 0.43033462977418596 2 30.500000000000004 0.12585476329631798 170936795.15000004 1.0950000000000004 1.1650000000000003 0.012735388289639398 0.0092572188759936242 -0.33731075784674835 4.5000000000000009 0.12066779374471683 0.29807906360607994 10.523650000000002 -0.11544800333680015 0.71500000000000008 2.7986500000000007 10.319700000000003 3.6675500000000008 0.10019102214178334 0.31438415159345395 10.427600000000002 0.17702404575466282 0.089913613011873589 0.090739874579912061 0.067198467114563218
decision_type=9 2 2 9 2 9 2 2 2 8 10 2 2 2 2 2 2 2 2 10 2 2 10 2 2 10 2 2 2 2
left_child=-1 8 5 15 -5 7 -7 20 -2 11 21 -8 -12 -14 -15 -4 17 18 -17 -18 -3 22 -11 -6 -25 -21 -19 29 -29 -13
right_child=1 2 3 4 23 6 9 -9 -10 10 12 27 13 14 -16 16 19 26 -20 25 -22 -23 -24 24 -26 -27 -28 28 -30 -31
leaf_value=-0.015266733204819345 -0.011267968838572565 0.037869067008978671 -0.048253186321299442 -0.035275546549448145 -0.0088216417818958309 0.072119618542441311 -0.029668879891718687 0.059925681683509119 0.086089168547181127 0.051369148421250649 0.00084296004758930903 0.020168477851779824 0.14897856268448159 -0.0044939950548982298 0.066519675427712421 0.14144458854788222 0.082584634188286932 -0.041288207378642798 0.046743386890398253 -0.020412896217964365 -0.018605116563197664 -0.0048847301481262937 0.13751795765592131 0.0033147475418040286 0.097373999332646219 0.034506430754806042 0.060129341125773228 0.16040088578192099 0.016013856391311362 -0.033538748212024537
leaf_weight=25.240842123812826 0.86077040704000696 1.7648713304549115 1.076949005651598 16.611271099905725 13.429688893241311 1.8725715262204108 4.3606423791544549 1.1578436776214918 1.781571207911625 1.5930891604519137 9.0598051629025189 4.4809182295268233 0.53313150761334771 3.2278913079825022 2.8781043875693868 1.4598767417018907 0.86107912985709401 1.0739264044429147 1.1074876889128606 4.815270741140246 19.296644484529235 0.71641565249905159 1.2261913639878086 2.3233274981198302 1.1136447261685303 2.4586072811452624 0.8334041363495216 0.49183864419082368 18.567730704523676 4.8424397752275326
leaf_count=4643 185 199 38 1568 1779 941 184 174 66 172 1293 486 63 241 734 62 118 137 65 604 3101 97 80 354 210 345 61 56 2009 704
internal_value=-0.000760207 0.00311408 0.00226768 -0.00675468 -0.0135311 0.00786167 0.0128555 -0.00691503 0.0543741 0.0131937 0.0265649 0.00533909 0.0168169 0.038615 0.0289788 0.0113871 0.0255112 0.0590053 0.100593 0.00708744 -0.0138728 0.0698475 0.0888379 -0.000138179 0.0337917 -0.00184989 0.00302598 0.0107176 0.0197398 -0.00772641
internal_weight=151.118 125.877 123.235 47.1645 33.4779 76.0701 53.8508 22.2194 2.64234 51.9782 19.2346 32.7436 15.6989 6.63913 6.106 13.6866 12.6097 4.47469 2.56736 8.13496 21.0615 3.5357 2.81928 16.8667 3.43697 7.27388 1.90733 28.3829 19.0596 9.32336
internal_count=20769 16126 15875 5341 3911 10534 7060 3474 251 6119 2680 3439 2331 1038 975 1430 1392 325 127 1067 3300 349 252 2343 564 949 198 3255 2065 1190
cat_boundaries=0 5 9 13
cat_threshold=239354952 570442882 1661604960 405045252 1 1605636 19994884 2157250569 8476680 1605781 287619140 2416249496 2156927040
is_linear=0
shrinkage=0.05


Tree=22
num_leaves=31
num_cat=3
split_feature=22 7 3 0 0 9 22 22 15 17 13 1 11 2 2 19 3 21 10 10 8 20 3 10 5 18 4 13 18 13
split_gain=3.44519 2.35824 2.4906 2.47434 3.10881 2.46685 2.85957 2.84081 2.3529 2.79722 3.37388 2.29882 2.24066 2.23525 2.19026 2.75248 2.46478 1.93171 1.92013 1.9137 3.00984 1.91205 2.37284 1.83034 1.82197 3.57891 1.95559 2.94437 2.02155 1.81982
threshold=0 0.8650000000000001 4831276.447900001 0.61551553590494323 0.10427511499136526 -2.6896799851443771 1 2 4.5000000000000009 51.500000000000007 0.10054496317415053 0.0036370250338966241 0.09884020029442063 0.05591764730737548 -0.03275913111053546 5.5000000000000009 1643199.4508000002 0.16035714285714289 0.10344827586206902 0.075869556803171076 0.54500000000000015 0.32814141414141423 450486.09410000005 0.12856592983613771 124204360.88000001 7.5000000000000009 8.1524500000000018 0.099999999999999992 15.500000000000002 0.099922540666150264
decision_type=9 2 2 2 2 2 9 9 2 2 2 2 2 2 2 2 2 2 2 2 10 2 2 2 2 2 2 2 2 2
left_child=19 3 5 4 11 6 12 8 14 -10 -11 -2 13 -3 15 16 18 -13 21 20 -1 22 -7 24 25 -9 -27 -28 -29 -14
right_child=1 2 -4 -5 -6 7 -8 23 9 10 -12 17 29 -15 -16 -17 -18 -19 -20 -21 -22 -23 -24 -25 -26 26 27 28 -30 -31
leaf_value=0.15090873335625257 0.071169927974290101 0.087655067316449981 -0.026703765909305739 0.051936530111399086 -0.016977430311964248 0.059628274795862315 -0.020884043414962111 0.11222968766685444 0.048917279048570989 -0.02997001589843111 0.056594901918091682 0.051543128240015147 0.048343947418921368 -0.012817727006788805 0.009864797614297021 0.073957630282234121 0.088776325702603076 -0.0051514368944277356 0.054538866370293641 -0.027334983505062672 -0.003724271357472388 -0.029674803679317952 -0.014357991936603871 0.12042436691130565 -0.0091335207193227342 -0.012547181968556087 -0.036071173228757074 0.04120793241841568 0.25327147418040757 -0.020480335365631954
leaf_weight=0.33334224107622645 2.3343430128057197 2.0044213393232337 7.942534036941054 4.4267985821509361 6.4545453503775994 2.2423876891489325 10.691599674915858 0.91507987102346788 2.1166200293709272 6.784682397514926 1.3494887733938865 2.2473695455806393 1.436597338287825 0.76477639968820188 11.87138365299208 4.0281659101113556 1.3506250013656274 4.5327324492482433 2.469270299615026 20.119725425520283 5.6230398276901674 2.7070495481023329 2.0972351196964638 0.29220280195909154 36.324580687419427 3.5367106886521675 0.34483605660358296 0.20451842576568424 0.24945266998884108 2.8979989953936531
leaf_count=45 81 147 627 412 586 203 1396 305 193 654 69 74 165 86 2455 573 80 193 125 3709 1085 224 188 29 5966 594 110 53 67 275
internal_value=-0.000793227 0.00297936 0.000211454 0.0189516 0.00957286 0.00242262 -0.0143931 0.00621605 0.0142383 -0.00228505 -0.0156086 0.0283749 0.0102898 0.0599072 0.0258858 0.0386549 0.0255684 0.0136409 0.0165972 -0.0144309 0.00492959 0.00330177 0.0238725 -0.00345287 -0.00515403 0.0223768 0.00341196 0.0740709 0.157735 0.00232981
internal_weight=150.694 124.618 104.622 19.9958 15.569 96.6797 17.7954 78.8843 37.0169 10.2508 8.13417 9.11445 7.10379 2.7692 26.7661 14.8947 10.8666 6.7801 9.51594 26.0761 5.95638 7.04667 4.33962 41.8674 41.5752 5.2506 4.33552 0.798807 0.453971 4.3346
internal_count=20769 15930 14584 1346 934 13957 2069 11888 4764 916 723 348 673 233 3848 1393 820 267 740 4839 1130 615 391 7124 7095 1129 824 230 120 440
cat_boundaries=0 5 9 13
cat_threshold=507790400 570442882 1930040352 405045252 1 2155905153 4202789 4210693 8916992 537010214 134742284 2228259072 625168152
is_linear=0
shrinkage=0.05


Tree=23
num_leaves=31
num_cat=3
split_feature=22 2 1 5 22 22 19 10 20 5 6 6 0 9 0 8 20 2 5 13 2 6 11 7 20 13 10 15 2 5
split_gain=3.19415 2.49264 2.18791 2.18665 3.36275 3.31363 2.95663 2.25821 3.85115 2.60745 2.25476 2.44752 2.77401 2.21273 2.18777 2.07469 2.13808 2.01381 1.97995 1.91315 1.77781 1.76177 2.60501 1.64793 2.9845 2.28302 1.60403 2.20211 1.78243 2.54227
threshold=0 -0.4359122999964522 0.09983765164153692 510061927.22000009 1 2 6.5000000000000009 0.10118656529628932 0.26705426356589151 373131497.55000007 3.1609500000000006 4.5926500000000017 0.39195479700165975 -8.8370741197684328 0.39195479700165975 0.8650000000000001 0.30060240963855428 -0.16489996255282727 170936795.15000004 0.1006116265150382 0.83517027918069586 12.541400000000001 0.099362362443757832 1.2950000000000002 0.25722639933166253 0.10019821625019655 0.036080090027370622 1.5000000000000002 -0.29481535311860219 175560512.01500002
decision_type=9 2 2 2 9 9 2 2 2 2 10 8 2 2 2 10 2 2 2 2 2 8 2 2 2 2 2 2 2 2
left_child=21 18 3 5 10 15 7 -7 19 -10 -5 12 -12 -8 -6 26 23 -4 -2 -9 -16 -1 -23 24 25 -17 -3 28 -28 -30
right_child=1 2 17 4 14 6 13 8 9 -11 11 -13 -14 -15 20 16 -18 -19 -20 -21 -22 22 -24 -25 -26 -27 27 -29 29 -31
leaf_value=-0.024170261873345672 -0.01180844826028569 0.07609924439715858 -0.013441240696980812 -0.039359248071234781 -0.033282550910328702 -0.021701558896975268 0.22691792850521808 -0.037255770396527124 0.021819255193206009 0.11670185937705786 0.1345929268127237 0.016293242401326177 0.0038033192599511915 0.021389412996157223 -0.011852477347905671 0.1161368791459057 0.0050990622403335045 0.046072150805873943 0.080231187190870218 0.058921560400232643 0.047182978116126768 0.081350851516357403 -0.031475549639028072 0.027990117058270814 -0.0077702568823315027 0.024844980620201747 0.10610109793354611 -0.015006671894300742 0.066713062164385925 -0.033880309129238777
leaf_weight=22.545118906589458 0.86109364248960618 0.69687121877151881 1.9886309385244798 1.5037800342137106 14.856294920986583 21.422719344655512 0.13408463807354554 3.8490949705693556 3.4323758486656715 0.91765512674150063 0.99879132290802342 9.9824359449651752 0.68241504219612636 5.6115319305223172 15.878984478825275 2.2583977074266417 7.0725663583157319 4.9837262631173891 1.8178524237699631 0.59729960801352877 1.3866242735651031 1.011389998538305 1.0352774879465618 10.836512440993053 1.0724641461806212 0.98288047037922854 0.66952264073980705 8.6785024608776364 1.2056231937401372 1.3111714436437791
leaf_count=4106 186 92 114 152 1396 2803 16 351 470 119 57 1108 137 1873 2286 187 1178 549 66 42 88 187 372 1275 80 86 38 852 209 294
internal_value=-0.000841796 0.0027174 0.00189449 0.000259929 -0.00831877 0.00575148 -0.0052361 -0.0129431 0.00838713 0.0418351 0.0103803 0.0256928 0.0815044 0.0261858 -0.0146536 0.0144601 0.0277979 0.029098 0.0506469 -0.0243359 -0.00711126 -0.0143164 0.0242792 0.0383944 0.0645309 0.0884537 0.00237555 -0.00195455 0.0335952 0.0143071
internal_weight=150.282 125.69 123.011 116.039 45.2893 70.7493 35.9648 30.2191 8.79643 4.35003 13.1674 11.6636 1.68121 5.74562 32.1219 34.7845 22.2228 6.97236 2.67895 4.44639 17.2656 24.5918 2.04667 15.1503 4.31374 3.24128 12.5617 11.8648 3.18632 2.51679
internal_count=20769 16104 15852 15189 5224 9965 5674 3785 982 589 1454 1302 194 1889 3770 4291 2806 663 252 393 2374 4665 559 1628 353 273 1485 1393 541 503
cat_boundaries=0 5 9 13
cat_threshold=239354944 570475650 1661604960 405045252 1 1048708 23148804 2157250569 8476808 3766616578 207225145 205520900 608847632
is_linear=0
shrinkage=0.05


Tree=24
num_leaves=31
num_cat=2
split_feature=22 7 13 22 6 20 9 21 2 18 21 2 0 20 11 3 5 6 6 19 8 17 8 6 11 11 15 5 14 6
split_gain=2.84691 2.24815 2.05152 2.41667 2.2864 1.86823 1.8346 1.7435 3.25019 3.0039 1.92841 1.92817 2.1284 3.15884 1.86866 3.11202 2.05048 1.80095 1.79183 2.27901 1.73396 2.11789 1.65903 1.61683 2.23452 1.5748 1.48047 1.61505 1.81882 1.46406
threshold=0 0.65500000000000014 0.10049525592651477 1 1.9547500000000002 0.1404052936311001 -0.61960821836575797 0.15849282296650721 -0.30865458543058349 10.500000000000002 0.1526806526806527 0.20035875614166235 0.67353979308318312 0.25744284954811275 0.12362606183896292 382096.54415000003 1558931863.1750002 2.0286000000000004 9.7938500000000008 5.5000000000000009 1.6050000000000002 72.500000000000014 1.0050000000000001 12.541400000000001 0.099362362443757832 0.064397122024240666 6.5000000000000009 496046881.93000001 0.74488944513975819 14.478900000000001
decision_type=9 2 2 9 8 2 2 2 2 2 2 2 2 2 2 2 2 8 10 2 8 2 10 8 2 2 2 2 2 10
left_child=23 6 3 5 -5 25 -2 8 -6 -9 11 12 18 -14 17 -16 -17 -11 19 -10 21 -8 -21 -1 29 -3 27 28 -4 -25
right_child=1 2 26 4 7 -7 20 9 10 14 -12 -13 13 -15 15 16 -18 -19 -20 22 -22 -23 -24 24 -26 -27 -28 -29 -30 -31
leaf_value=-0.023496798675041754 0.042156133178102552 0.059703239936795043 0.018102350125974234 -0.045179505913083208 0.072978124571100186 0.01141399222410471 0.024904618823507568 -0.029490812829600921 -0.025737678077628046 0.12281028517513021 0.083481922000140041 -0.033221126267858649 0.16515009588898771 -0.0027532315709966372 0.13296544081466508 -0.03929923351491961 0.068320379974081399 -0.0071493801192349009 0.045766985530027962 -0.0054087551888943076 0.056563516068365384 -0.052524686474867514 0.10123489955640591 0.12046624736180489 -0.030652155533902742 -0.048590461564549367 0.062539054377040673 -0.021517173742689383 0.12509887392556468 0.00072587427971012176
leaf_weight=21.747883465985069 6.2343577136068973 0.3954096584674639 8.1170504075844683 3.9940761674991228 1.71057149830884 38.271865779846863 1.6621674378396973 14.875123419317111 5.6612540555194411 0.26965248742261039 0.66249573967113029 3.9847776239558934 0.50740161573340248 0.6253798788672853 0.66006224503791999 1.0474663311117636 0.76646665554710569 23.38508806874794 1.7007471185680954 0.78373903174542625 1.0631632171340042 1.8843264640674986 0.68207437382532987 0.64535040109372876 1.0097124223795217 2.2233118837287691 1.7269586206922714 2.6237233156664095 0.41761731570794403 0.42234618525817069
leaf_count=4039 282 67 1130 706 230 4688 157 2229 382 31 106 255 25 92 83 130 51 4004 121 77 108 129 62 74 365 291 228 423 91 113
internal_value=-0.000820307 0.00250894 0.000657567 -0.00171268 -0.00739603 0.00692486 0.024472 -0.00605362 0.00776905 -0.0115547 0.000133109 -0.0038265 0.00793294 0.0724549 -0.0013436 0.0400026 0.0061748 -0.0056679 -0.000346494 -0.0113507 0.000554974 -0.0162352 0.0442148 -0.0137148 0.0226723 -0.0322388 0.0194584 0.0127909 0.0233379 0.0731008
internal_weight=149.762 125.936 115.092 102.207 61.3164 40.8906 10.844 57.3223 16.3184 41.0039 14.6079 13.9454 9.9606 1.13278 26.1287 2.474 1.81393 23.6547 8.82781 7.12707 4.60966 3.54649 1.46581 23.8253 2.07741 2.61872 12.8853 11.1584 8.53467 1.0677
internal_count=20769 16178 15502 13630 8584 5046 676 7878 1350 6528 1120 1014 759 117 4299 264 181 4035 642 521 394 286 139 4591 552 358 1872 1644 1221 187
cat_boundaries=0 5 9
cat_threshold=239354944 570442882 1661604960 405045252 1 545259686 15728924 2160068613 97082624
is_linear=0
shrinkage=0.05


Tree=25
num_leaves=31
num_cat=4
split_feature=7 22 22 0 0 22 18 2 21 15 9 13 2 18 15 21 7 7 11 9 13 3 22 0 13 11 3 6 11 8
split_gain=2.68038 3.89189 3.88082 2.36775 2.13078 2.12263 2.58629 2.05892 2.65482 2.15272 1.9901 1.96626 2.01689 1.8578 1.80987 1.95851 3.16455 1.93742 2.18839 1.78321 3.6813 1.72255 2.40723 4.69157 2.20047 1.97373 1.6927 2.79658 2.2079 1.93844
threshold=1.0050000000000001 0 1 0.69972894891222681 0.36678764133779829 2 9.5000000000000018 -0.40662764941202961 0.14017543859649126 5.5000000000000009 -2.6896799851443771 0.099999999999999992 0.32855887776695075 10.500000000000002 18.500000000000004 0.28989813242784385 1.2550000000000001 1.8250000000000004 0.12932385518926406 2.1678939692318826 0.09961685823754797 547075.58345000015 3 0.0015915129145487189 0.10080972987149218 0.062500000000000028 343245.04010000004 2.3492000000000002 0.098393341973130141 0.71500000000000008
decision_type=2 9 9 2 2 9 2 2 2 2 2 2 2 2 2 2 2 2 2 2 2 2 9 2 2 2 2 8 2 10
left_child=1 -1 14 -3 7 6 -6 8 -4 -10 -8 -12 -13 -5 15 17 -17 19 26 -2 -21 22 23 -9 -25 -23 29 28 -28 -19
right_child=2 3 4 13 5 -7 10 21 9 -11 11 12 -14 -15 -16 16 -18 18 -20 20 -22 25 -24 24 -26 -27 27 -29 -30 -31
leaf_value=0.022198151748166334 -0.015112366778999478 -0.021973766324467944 0.10570521445168016 0.071348450292839302 -0.01924379633881558 -0.0097725387574818488 -0.04501484626038766 0.16067836184174569 -0.037757634321078176 0.068831975985256338 0.011122353165321959 0.078369467981186075 -0.012829272662421509 -0.0051014447770358837 -0.057834232571423241 0.11893131509948457 0.017557034847200635 0.11132555532412597 0.082111380571190759 0.11231297637010458 0.0002347341495644494 0.0094064462110700874 -0.017010383075443298 0.00040113107543440307 0.080511069706336619 -0.035151578051297379 -0.0070545156621031075 -0.0024306360525291047 0.10964818869471227 0.024521125396670548
leaf_weight=16.156965853969815 12.671150635897709 12.716219006548828 0.71731521837986578 1.3250208502675627 2.8433487881509789 17.372979821132986 0.69062355137239606 0.56982206845048544 1.5378340779381789 0.68455459108395178 2.8501308775332594 3.8555941792418054 0.71934611503776569 1.9853630482625346 0.99321265836260764 1.0352482737545106 3.0027173791324486 0.81360014757968402 1.2350137498517373 0.89028324168532336 4.1379762874759649 2.8104517822962753 11.330353289321948 6.1377329463308463 0.99635092844205519 21.480903299895282 0.65266431115661028 12.885323830570965 1.0692493846975422 3.0698048250440166
leaf_count=1186 1035 1032 14 97 599 4701 119 43 130 125 705 684 141 237 220 136 1433 87 90 45 286 319 1733 1090 81 2369 84 1432 97 419
internal_value=-0.000797251 0.011982 -0.00431087 -0.00749284 -0.0104146 -0.00101215 0.0113949 -0.0184236 0.0220696 -0.00492521 0.0361699 0.0437211 0.0640297 0.0254985 0.0071764 0.0104645 0.0435472 0.00689501 0.0176712 -0.00511483 0.0200789 -0.0211711 -0.00990845 0.00984175 0.0115893 -0.0299963 0.0133671 0.00556693 0.0654139 0.0427073
internal_weight=149.237 32.1836 117.054 16.0266 74.5973 28.332 10.959 46.2653 2.9397 2.22239 8.11569 7.42507 4.57494 3.31038 42.4562 41.463 4.03797 37.4251 19.7257 17.6994 5.02826 43.3256 19.0343 7.70391 7.13408 24.2914 18.4906 14.6072 1.72191 3.8834
internal_count=20769 2552 18217 1366 12853 6949 2248 5904 269 255 1649 1530 825 334 5364 5144 1569 3575 2209 1366 331 5635 2947 1214 1171 2688 2119 1613 181 506
cat_boundaries=0 4 8 12 16
cat_threshold=1343488034 208872485 2151688224 546373784 2684518402 13109532 13664261 1095393040 1082138752 268496896 2317945160 8659080 276850185 402788513 67125280 2217738240
is_linear=0
shrinkage=0.05


Tree=26
num_leaves=31
num_cat=3
split_feature=7 22 22 2 11 8 0 20 22 18 2 15 21 9 3 11 21 8 2 15 8 7 17 20 1 2 16 2 14 2
split_gain=2.57058 3.64847 3.63574 2.12021 1.89815 1.97549 1.895 2.14998 1.85423 2.54423 1.80269 1.69647 1.76145 2.0388 2.2328 1.91224 1.68314 1.64779 2.12612 1.78014 2.72508 2.71335 1.72304 1.69716 2.00451 1.57661 2.10313 1.85166 2.19203 1.50134
threshold=1.0050000000000001 0 1 0.053788127112932911 0.092875913580164324 0.95500000000000007 0.45501800617480898 0.48777579010137156 2 9.5000000000000018 -0.39490177065283499 18.500000000000004 0.28989813242784385 -1.2300258419574548 1446613.8207500002 0.10650004550120461 0.30267794221282601 1.0950000000000004 -0.3233759427155653 1.5000000000000002 1.1650000000000003 1.4950000000000003 30.500000000000004 0.2828166858017605 -0.002256063887453807 -0.059899321773355767 3.5000000000000004 -0.23016283277332636 0.12563497822931788 -0.40662764941202961
decision_type=2 9 9 2 2 10 2 2 9 2 2 2 2 2 2 2 2 8 2 2 10 2 2 2 2 2 2 2 2 2
left_child=1 25 11 10 5 -5 7 29 9 -8 -3 12 17 14 15 16 -14 22 -19 20 -20 -22 -2 -23 -25 27 -27 -1 -29 -4
right_child=2 3 6 4 -6 -7 8 -9 -10 -11 -12 -13 13 -15 -16 -17 -18 18 19 -21 21 23 -24 24 -26 26 -28 28 -30 -31
leaf_value=0.02430721625292322 0.055852840132248276 0.035311973447313391 0.016540629631157572 -0.0081819818833289721 -0.021639848146252368 0.062767030536917887 -0.022608105974068621 0.085987458562136132 -0.010395502577372335 0.030298019914530711 -0.037843313498624298 -0.057305377015648418 0.2106810941719541 0.016069646625822245 -0.050374927271310321 -2.6019916093845228e-05 0.067182800310444254 -0.061160019782418897 0.12537756333922184 0.010493029618242179 -0.048835213969120897 0.079429662952492902 -0.0057167692441095416 0.086680932164557245 -0.035294890526089411 0.012952877839818975 0.10728859900057526 0.02569439478014441 0.10091687712907736 -0.020319674069248915
leaf_weight=3.6439288110834411 1.204178347040499 0.95026817138239028 2.937064361586855 1.7929676096392975 3.0915306842718877 2.1668037124808777 2.9708288183915625 0.50086064526264706 12.079479114438838 9.6657490537380308 7.3988467922581105 0.95327135107481709 0.537617496775461 2.6125502938685576 0.22940085257508247 0.25327808835000098 0.32964297789656172 0.78332174831154944 0.91020208811966696 9.555567878778275 0.86836445978099153 2.0350739231672965 20.166114457713874 0.52736958675410506 0.93221182179550488 8.3646979688906207 0.63572052609272667 1.5357587338177463 2.6219052539228471 46.478703087712013
leaf_count=225 351 82 263 196 305 179 606 110 3594 1852 565 220 22 1199 57 132 195 143 81 867 66 135 1641 64 208 761 43 77 119 6411
internal_value=-0.000791656 0.0117126 -0.00424711 -0.00755923 0.00771965 0.0306416 -0.0101217 -0.0170842 -0.000155326 0.00997007 -0.029517 0.00696948 0.0101681 0.0418505 0.0917445 0.12084 0.156138 0.00677345 0.0191215 0.0233623 0.0466826 0.0302655 -0.00224743 0.0499207 0.00877688 0.0212365 0.019616 0.0503267 0.0731312 -0.0181289
internal_weight=148.733 32.2024 116.531 15.4004 7.0513 3.95977 74.6327 49.9166 24.7161 12.6366 8.34911 41.8982 40.9449 3.96249 1.34994 1.12054 0.86726 36.9824 15.6121 14.8288 5.27322 4.36302 21.3703 3.49466 1.45958 16.802 9.00042 7.80159 4.15766 49.4158
internal_count=20769 2552 18217 1327 680 375 12836 6784 6052 2458 647 5381 5161 1605 406 349 217 3556 1564 1421 554 473 1992 407 272 1225 804 421 196 6674
cat_boundaries=0 4 8 12
cat_threshold=1075052706 208872485 2151688224 546898072 2684518406 12587292 13664261 1162501904 1082138752 124928 2317954376 1319049
is_linear=0
shrinkage=0.05


Tree=27
num_leaves=31
num_cat=3
split_feature=7 22 22 0 11 20 0 22 15 4 2 6 6 0 9 14 2 15 9 13 7 9 8 6 5 5 21 5 3 8
split_gain=2.33315 3.22034 3.20442 2.34491 2.73414 2.07366 2.04252 1.9936 2.67796 1.85694 3.37432 3.06389 1.99647 2.22375 1.99255 1.89646 2.14116 1.89191 1.73857 1.62519 1.6074 2.0399 1.59165 1.92397 1.57819 3.17963 2.68848 1.7863 1.78134 1.44304
threshold=1.0050000000000001 0 1 0.39195479700165975 0.15894224009997657 0.48777579010137156 0.65335470368215798 2 7.5000000000000009 10.444550000000001 0.086772545289654737 3.7761500000000003 4.2268000000000008 0.098029382770428136 -2.3025942882057944 0.57719393282773568 0.28625542676933163 4.5000000000000009 -3.2987115536467488 0.10002367427559612 3.0750000000000006 0.11468025645240411 0.88500000000000012 2.8244500000000001 114446336.78000002 188519293.16500005 0.18684093684093686 215476798.17500004 747171.7965500002 0.63500000000000012
decision_type=2 9 9 2 2 2 2 9 2 2 2 10 8 2 2 2 2 2 2 2 2 2 10 10 2 2 2 2 2 8
left_child=1 -1 9 5 7 -4 -3 8 18 10 11 20 13 -13 -11 -16 -17 19 -5 -18 22 -22 -2 -24 -14 -26 28 -28 -27 -20
right_child=2 6 3 4 -6 -7 -8 -9 -10 14 -12 12 24 -15 15 16 17 -19 29 -21 21 -23 23 -25 25 26 27 -29 -30 -31
leaf_value=0.020183217610566032 -0.034904090696733045 -0.021239034605126623 -0.017979178250298062 -0.049262145682798394 0.17833861114970595 0.086301098781290081 0.021284252902987914 -0.0096832226228434279 0.13806877219165894 -0.037288568138055839 -0.032137786153250705 0.036750204873532685 -0.054690217533796472 0.13575628401327516 0.026712470018705681 -0.024452340154579394 0.060247293529919803 0.12721307753209787 -0.048771424692465627 -0.046975830865078047 0.16452384886030413 -0.026854793069148904 0.038703902016843747 -0.02717341132647328 0.12079936876592146 0.016358536064849556 0.08131676893108121 -0.051040439125448839 0.087232002913999601 0.024307431557678907
leaf_weight=16.507062377231364 2.3652824232374128 12.044314610008881 49.155088992509647 0.99168723455955543 0.21537149418831703 0.48140017773242405 3.6887970558983616 16.279381128967422 0.45257779082604166 3.3504407116597035 2.692559531700307 1.0852803309320411 0.46378970399725084 1.187983262735379 6.0660554729708087 6.1849122051266843 0.73374532046399543 0.44093740269572368 0.72061809273841149 0.68176828015230484 0.33763798329233896 0.23695988455807537 3.1016467262367087 1.7245651522164562 1.0391237695818416 1.879886843375026 0.31239758727795663 1.385450491256847 1.6779205572185771 10.792445519260919
leaf_count=1186 204 984 6450 149 19 110 382 4326 223 345 569 62 98 109 831 928 105 61 205 100 70 104 323 162 132 65 27 246 63 2131
internal_value=-0.000803923 0.0110949 -0.00410994 -0.00917578 0.000840865 -0.0169678 -0.00688981 -0.000466667 0.0104901 0.00725377 0.0198255 0.0281548 0.047956 0.0884897 -0.00262672 0.0056053 -0.010317 0.0367758 0.0142617 0.00860432 0.00512632 0.0856007 -0.00130356 0.0151638 0.0343224 0.0408807 0.0250796 -0.0266872 0.0497836 0.0197333
internal_weight=148.277 32.2402 116.037 79.0886 29.4521 49.6365 15.7331 29.2367 12.9573 36.9483 19.4905 16.7979 9.03183 2.27326 17.4579 14.1074 8.04136 1.85645 12.5048 1.41551 7.76609 0.574598 7.19149 4.82621 6.75857 6.29478 5.25566 1.69785 3.55781 11.5131
internal_count=20769 2552 18217 13613 7053 6560 1366 7034 2708 4604 2234 1665 802 171 2370 2025 1194 266 2485 205 863 174 689 485 631 533 401 273 128 2336
cat_boundaries=0 4 8 12
cat_threshold=1343488034 208872485 2151688224 546373784 2685042694 8913180 13664261 1161977616 1082130592 272691200 2317945160 9183368
is_linear=0
shrinkage=0.05


Tree=28
num_leaves=31
num_cat=3
split_feature=11 22 4 22 3 22 9 20 17 4 1 1 5 14 13 1 5 9 20 1 11 9 9 11 0 5 3 8 9 5
split_gain=2.3021 2.56636 2.3684 2.92306 2.37419 2.46479 1.93932 2.19335 1.77773 2.84089 1.89365 2.13139 1.86888 1.86122 1.73931 1.6769 1.60349 1.48243 1.62988 1.46732 2.00817 2.4799 1.45679 2.54557 1.74356 1.58232 2.55606 1.4748 1.40728 2.09959
threshold=0.0078456276069104602 0 11.688250000000002 1 3033727.0440000002 2 4.7853625156256694 0.15430402930402934 110.50000000000001 13.431850000000003 0.045356206463223699 0.054925593661760426 3899911295.6250005 0.44499449944994501 0.10029586057789087 -0.0097890690060347101 3084259100.4900002 1.0559334150996527 0.22540322580645164 0.047476471803135752 0.067898581838777575 1.4084507042253616 -5.5724071048783346 0.10728075836086039 0.019451442280883389 87850716.580000013 251315.96625000003 1.0050000000000001 2.9161739387161272 1394447089.5300004
decision_type=2 9 2 9 2 9 2 2 2 2 2 2 2 2 2 2 2 2 2 2 2 2 2 2 2 2 2 10 2 2
left_child=-1 16 4 8 5 15 -5 -8 10 -10 12 -12 17 -11 -9 -3 19 -4 -19 20 21 -2 23 24 -17 26 27 -24 29 -20
right_child=1 2 3 6 -6 -7 7 14 9 13 11 -13 -14 -15 -16 22 -18 18 28 -21 -22 -23 25 -25 -26 -27 -28 -29 -30 -31
leaf_value=0.024220360516052367 0.1276910362328802 0.055504766795224092 0.0044959736106279019 -0.022509993790852542 -0.04170393602367585 -0.016731420171438478 0.1335790828814569 -0.023106133303830278 0.16806557554541757 0.15591111932171456 0.16516418249401427 0.030055440314685829 -0.053555341783075722 -0.055956659457026561 0.088176949288328837 0.15630753430293984 -0.024669017246084387 -0.0069755596674079788 0.062331811166693146 -0.018020203602519297 0.010292179643858061 -0.019047525706633778 0.064890690464564957 -0.055391662451363836 0.029696656530430673 -0.0066176386973521052 -0.011385502235938774 0.21208319389864402 0.030103446436948445 0.19996919226213983
leaf_weight=8.6901291264566947 0.79632398866502885 1.6143368796321649 6.1849259787331867 13.955045836910967 6.8396371684890189 28.381872334221942 0.39986532559520016 1.4099115679564134 0.54056852149073964 0.14432245532270827 0.45440294247897017 0.81624798939142806 0.93887813039418766 0.36790982551599427 0.46756360352270565 0.5178376962453608 3.7215544110749681 1.1809053545176054 1.0654613828152224 4.4502741655315878 43.672469430171859 0.45099827143152282 0.58726716781819621 0.41726869912734077 0.57257613821514042 15.908678594001403 0.99594557427853303 0.23961088295244792 1.6111880698089249 0.37445709679252548
leaf_count=780 77 175 1062 3111 746 4543 49 235 52 44 48 129 74 133 62 40 262 154 310 612 4885 68 117 66 76 2231 203 101 293 31
internal_value=-0.000746148 -0.00230615 -0.00720216 0.00332204 -0.0141004 -0.0102658 -0.00960887 0.027253 0.0148413 0.088113 0.020486 0.0783723 0.0140089 0.00373751 0.00460764 0.00443204 0.00587362 0.0200984 0.0429008 0.00936566 0.0120788 0.0746343 0.00245024 0.049634 0.0898242 -0.00156172 0.0425638 0.107544 0.0622051 0.098125
internal_weight=147.768 139.078 85.9867 29.9117 56.075 49.2354 16.2324 2.27734 13.6793 1.0528 12.6265 1.27065 11.3558 0.512232 1.87748 20.8535 53.0916 10.4169 4.23201 49.3701 44.9198 1.24732 19.2392 1.50768 1.09041 17.7315 1.82282 0.826878 3.05111 1.43992
internal_count=20769 19989 14085 5787 8298 7552 3457 346 2330 229 2101 177 1924 177 297 3009 5904 1850 788 5642 5030 145 2834 182 116 2652 421 218 634 341
cat_boundaries=0 4 8 12
cat_threshold=2684354566 139725100 2362441732 97082640 1150297249 553734272 1124411401 1074004620 974856 2494201873 311584 2685534209
is_linear=0
shrinkage=0.05


Tree=29
num_leaves=31
num_cat=3
split_feature=22 13 1 3 22 22 2 1 2 7 20 20 3 2 21 0 5 4 5 5 2 21 5 11 2 1 17 4 1 14
split_gain=2.12393 2.01866 2.09044 2.02287 1.9175 1.86184 2.65103 2.54309 1.85574 2.28483 2.65736 1.91956 2.38636 1.6578 1.65182 1.62164 2.29597 1.7614 1.64981 1.99592 1.73838 2.26507 3.01307 1.72142 1.88188 1.56683 1.95099 1.56922 1.52025 1.48909
threshold=0 0.10062893081761017 0.036447533689566332 4831276.447900001 1 2 -0.23016283277332636 -0.021639099751172338 -0.026303434642945541 1.2050000000000003 0.27066256830601099 0.32373653686826848 532054.1181000002 -0.45339264834843612 0.16152751423149908 0.77832330264176108 2174757189.8750005 22.208900000000003 105122996.69000001 103502634.50000001 -0.21891876271696395 0.20722186076772939 253708228.44000003 0.11331727176141268 0.47450962969544846 0.09983765164153692 88.500000000000014 2.5607500000000005 -0.0041811866994557736 0.83365885416666685
decision_type=9 2 2 2 9 9 2 2 2 2 2 2 2 2 2 2 2 2 2 2 2 2 2 2 2 2 2 2 2 2
left_child=13 2 3 5 -4 6 -2 -8 9 -9 -11 12 -12 -1 -3 16 17 18 19 25 21 22 -20 24 29 26 27 -15 -13 -22
right_child=1 14 4 -5 -6 -7 7 8 -10 10 11 28 -14 15 -16 -17 -18 -19 20 -21 23 -23 -24 -25 -26 -27 -28 -29 -30 -31
leaf_value=0.068729916510903905 -0.034501732313638338 -0.024024691444774721 0.014950541977196209 -0.049703408391093253 -0.0098366766868451527 -0.014129317674642781 0.11717463530910135 0.074536294928893715 -0.0033881422936844884 -0.01908200827573682 0.018217635715991953 0.13202853272618656 0.21283100653832074 0.079235760026462987 0.032284428337810929 0.025998377114542021 -0.036900757762330982 0.054796344052386182 -0.010428480603063912 0.1173664931731935 -0.00010266541535637697 -0.028601280635771553 0.051778308555072039 -0.032812304947420094 0.070905382639759748 0.071895490039768584 0.039889539006179767 -0.040533647688227363 -0.013750753849770495 -0.051025304240545383
leaf_weight=1.0759958275620238 3.4680731311310202 1.6945205045663687 9.3562509834152667 3.371137322744409 6.1598774446812667 42.969150445260745 0.57073217779311036 2.0426182315969195 10.276554993503279 2.8017994867619898 0.27807127753498395 0.22955773734606277 0.36333745862856404 0.31382552039920542 5.6282095419303317 8.6485503944794413 3.4368391314814408 1.7423385574174037 3.1122492575067238 0.55854661777659931 17.949277257088372 2.197616910519236 5.1972856845755331 5.3581242026253681 0.87188626844377282 1.1032231910927803 2.1865480546512117 2.1275156003791409 0.80945407422088789 1.5604206275902317
leaf_count=77 420 189 1202 371 1096 7095 50 92 1801 330 95 33 96 62 902 1554 268 370 111 33 2259 226 110 460 105 99 280 451 198 334
internal_value=-0.000781759 -0.00531692 -0.00813561 -0.0119561 0.0084059 -0.00996182 0.00365628 0.0133786 0.00985273 0.030707 0.0107333 0.0604449 0.12846 0.00617608 0.0192542 0.00607767 0.00246701 0.00552266 0.00350436 0.0271433 -0.000597533 0.0165407 0.0284794 -0.00759351 -0.000963727 0.0183503 0.00558584 -0.0251377 0.0184575 -0.00417555
internal_weight=147.46 90.0193 82.6966 67.1805 15.5161 63.8093 20.8402 17.3721 16.8014 6.52484 4.48222 1.68042 0.641409 57.4402 7.32273 56.3642 47.7157 44.2789 42.5365 6.28966 36.2469 10.5072 8.30953 25.7397 20.3816 5.73111 4.62789 2.44134 1.03901 19.5097
internal_count=20769 13970 12879 10581 2298 10210 3115 2695 2645 844 752 422 191 6799 1091 6722 5168 4900 4530 925 3605 447 221 3158 2698 892 793 513 231 2593
cat_boundaries=0 4 8 12
cat_threshold=2692743714 139927820 2152728580 97016856 1344053249 2101281 109576416 34938881 1073548 629671968 327953 1611006944
is_linear=0
shrinkage=0.05


Tree=30
num_leaves=31
num_cat=4
split_feature=22 2 3 13 22 8 2 6 18 11 17 7 7 8 13 17 5 3 17 10 22 2 2 5 7 17 22 7 17 5
split_gain=1.99931 2.05106 1.86281 1.65667 1.63897 1.64718 1.54996 1.52019 2.15446 1.47123 1.43434 1.33109 1.23173 2.00445 2.27811 2.09521 1.31497 1.24655 1.17238 1.26424 1.20446 1.16905 1.602 3.93775 2.05901 1.80942 1.73953 3.22767 1.91337 1.75439
threshold=0 -0.45339264834843612 593679.47850000008 0.10057637366287954 1 0.58500000000000008 -0.085030950212839115 1.7956000000000003 13.500000000000002 0.13935677000817173 70.500000000000014 0.55500000000000016 0.8650000000000001 0.8650000000000001 0.10020876826722337 111.50000000000001 95545479.860000014 2903083.8732500006 46.500000000000007 0.10640621650875483 2 0.20035875614166235 0.12093652833472669 1432357460.7150004 1.925 87.500000000000014 3 1.3650000000000004 35.500000000000007 282558634.11000007
decision_type=9 2 2 2 9 10 2 10 2 2 2 2 2 10 2 2 2 2 2 2 9 2 2 2 2 2 9 2 2 2
left_child=6 2 10 4 5 -3 -1 8 -8 11 -2 -7 13 16 15 -15 -6 21 19 -5 -20 22 26 24 -24 -26 27 -14 -28 -29
right_child=1 3 -4 18 12 9 7 -9 -10 -11 -12 -13 17 14 -16 -17 -18 -19 20 -21 -22 -23 23 -25 25 -27 28 29 -30 -31
leaf_value=-0.030034467475569083 0.086297201215954092 -0.035156935124922385 0.092676187020992867 0.077225838001407657 0.048071239331273836 0.049481688939971284 0.09925062589787724 -0.010133037850725675 -0.033981071423508556 -0.039764043979115773 -0.05806941865470161 0.0088675666981878551 0.060298540220112828 0.026708753431028028 -0.037551581284215568 0.10905254522370487 -0.026937222759771201 -0.028276797283597662 0.016335459014723847 -0.061008851368226272 -0.0071702894103123811 -0.024779614716755938 -0.023125903844098138 0.16390829581259175 0.02532291245810029 0.16438458352924926 0.062412879275677895 -0.023738880697566866 -0.021074574076748492 0.019869729955913899
leaf_weight=10.945776901388369 0.2639603961041378 2.1971684294603753 1.1781486232456897 1.3363146754209072 0.68852839202468441 2.1201707326516788 0.77651298931628676 12.502285869749963 0.49805562878658804 1.4853177956904051 0.49413158442132499 41.621694210090496 2.8226407644823466 3.8077897267416958 1.0619108910550066 0.96912585798190765 3.8598684744403329 7.5929183150486983 5.0583888833733681 0.1887635722340234 5.298080163198021 7.1426100151243537 1.9892426455901242 0.46815340982596598 1.0106206335880612 0.30436793309672783 0.71147699985621926 4.3812928536276825 19.373292291114023 4.8698260084535718
leaf_count=1559 24 380 28 454 95 117 109 3077 83 114 132 5048 244 229 85 62 239 691 317 69 746 1478 319 50 293 83 661 622 2602 759
internal_value=-0.000788917 0.00211123 0.0533361 0.00146258 -0.000478814 0.00588052 -0.0113843 -0.00482993 0.0471885 0.00917436 -0.00780234 0.0108361 -0.00548354 0.00930324 0.0286891 0.0434144 -0.0155826 -0.00959729 0.0191874 0.0601161 0.0131603 -0.0063045 -0.00263188 0.0281934 0.00896494 0.0575102 -0.00624787 0.00738235 -0.0120951 -0.000783133
internal_weight=147.018 122.296 1.93624 120.36 108.478 47.4244 24.7226 13.7769 1.27457 45.2272 0.758092 43.7419 61.0537 10.3872 5.83883 4.77692 4.5484 50.6664 11.8815 1.52508 10.3565 43.0735 35.9309 3.77238 3.30423 1.31499 32.1585 12.0738 20.0848 9.25112
internal_count=20769 15941 184 15757 14171 5659 4828 3269 192 5279 156 5165 8512 710 376 291 334 7802 1586 523 1063 7111 5633 745 695 376 4888 1625 3263 1381
cat_boundaries=0 5 9 13 17
cat_threshold=239354944 33571970 1663702368 405045248 1 1619001890 14754076 2151677957 96558360 2415951872 2281701377 72378368 537528832 2148139141 84410400 9472016 1073881092
is_linear=0
shrinkage=0.05


Tree=31
num_leaves=31
num_cat=4
split_feature=22 2 15 2 1 5 3 22 20 14 0 4 4 5 22 22 11 6 13 19 4 7 9 11 13 17 1 14 14 4
split_gain=2.1854 2.41306 1.96884 1.86716 1.68122 1.94757 1.67852 1.97906 1.64611 1.52241 1.95424 1.4938 2.77738 1.94697 1.98332 1.89899 1.8376 2.79713 2.10331 1.79405 2.6114 1.65982 1.71826 1.55357 1.54851 1.55743 1.79156 1.52824 1.92151 1.39161
threshold=0 -0.4359122999964522 16.500000000000004 0.18974244066918713 0.09983765164153692 680515663.94500005 4831276.447900001 1 0.48557453158680158 0.17754216472899956 0.28337107600695827 12.902750000000001 13.538350000000001 632826732.10000014 2 3 0.11702744015187004 2.7048000000000005 0.10039447885219878 3.5000000000000004 13.253050000000002 2.1450000000000005 0.67786167068726322 0.095467324729089961 0.1009091660467807 89.500000000000014 0.011072081098603139 0.79985486211901324 0.87509071117561688 2.5607500000000005
decision_type=9 2 2 2 2 2 2 9 2 2 2 2 2 2 9 9 2 8 2 2 2 2 2 2 2 2 2 2 2 2
left_child=3 -2 4 -1 6 9 7 -3 11 -6 -11 13 19 14 24 21 -16 -18 -19 -13 -21 22 -14 -23 25 29 -27 -24 -29 -9
right_child=1 2 -4 -5 5 -7 -8 8 -10 10 -12 12 15 -15 16 -17 17 18 -20 20 -22 23 27 -25 -26 26 -28 28 -30 -31
leaf_value=-0.030104919870100246 0.047446726505748459 0.0090137938035175849 -0.042414949655698683 0.014672210276716478 0.041981528824796492 0.089982145800407545 -0.022334638718643392 0.093282312556813643 0.080779100298649292 -0.039824467424405291 0.03686187007718613 0.11939979562635057 -0.019319368362347426 -0.032241356572328857 -0.022413174695110668 -0.010403333579988664 0.10872823766429891 -0.036995132749613642 0.069185611654515478 -0.042814355474476762 0.092442141651493989 0.11965179106612048 0.0036245876684720918 0.036581460505544054 0.071546607443008642 0.050049694134902102 -0.02081391304843001 0.1809271766469934 0.029976025199372109 -0.0075564595286117158
leaf_weight=13.501218637066669 2.8544227685133867 44.248672098616581 2.5632977300748498 2.8132462167842212 2.8272652344632681 1.0009625988902824 7.5862532642655642 0.35606681279328611 0.56587233140741844 1.9793062875033487 1.431693867462158 0.79620892808759736 2.3546017792944172 8.0012993629666251 19.60286573055571 10.256444113388081 0.68130679451196785 1.6341818594400517 0.65266073202903374 0.70421047863179331 0.72348766132451203 0.75992529669381559 1.0353233759229281 2.1701060329386621 1.0457896584537127 3.4792318860633022 1.199384675899182 0.36476859248518412 0.49951601024852721 8.7467917813909697
leaf_count=2455 278 4839 528 728 288 75 617 60 195 139 197 41 355 888 3263 2168 74 206 45 146 111 197 156 546 122 256 223 43 83 1447
internal_value=-0.000732956 0.00184015 0.000961849 -0.0138774 0.00185346 0.0252391 0.000412229 0.00198272 -0.00358492 0.0148508 -0.00763703 -0.00486963 0.00664181 -0.00985575 -0.00506638 -6.81864e-05 -0.0116848 0.019802 -0.00669134 0.059264 0.025727 0.012194 0.00922222 0.0581264 0.00769772 0.00843818 0.0318835 0.0446001 0.0936845 -0.00361206
internal_weight=146.436 130.122 127.267 16.3145 124.704 7.23923 117.465 109.879 65.63 6.23827 3.411 65.0642 19.6646 45.3996 37.3983 17.4407 22.571 2.96815 2.28684 2.22391 1.4277 7.18424 4.25421 2.93003 14.8273 13.7815 4.67862 1.89961 0.864285 9.10286
internal_count=20769 17586 17308 3183 16780 699 16081 15464 10625 624 336 10430 3846 6584 5696 3548 3588 325 251 298 257 1380 637 743 2108 1986 479 282 126 1507
cat_boundaries=0 5 9 13 17
cat_threshold=239354944 33571970 1932137536 405045248 1 2684363268 138412332 2219876612 625038616 131074 2493155345 134496256 2182742529 9469985 553791488 8456201 8915076
is_linear=0
shrinkage=0.05


Tree=32
num_leaves=31
num_cat=2
split_feature=22 2 15 2 13 7 22 15 8 20 2 14 4 20 4 6 3 21 7 5 20 4 7 0 8 14 15 14 9 5
split_gain=1.9689 2.31208 1.83992 1.81346 1.59197 1.68367 2.45544 1.67662 1.75719 1.56783 1.54382 1.53702 1.87724 2.44742 1.61246 1.5138 1.45903 1.60319 1.4466 1.46624 1.36271 1.33712 2.4704 1.59971 1.73615 1.67974 1.57219 1.50678 1.30883 1.27916
threshold=0 -0.4359122999964522 16.500000000000004 0.053788127112932911 0.10057637366287954 0.8650000000000001 1 3.5000000000000004 0.85500000000000009 0.1404052936311001 0.060167780562517266 0.20728920990566041 7.9873500000000011 0.20881425253890681 8.3259000000000025 5.0225000000000017 420003.15070000006 0.16580756013745707 2.6550000000000007 142593447.70000002 0.11451990632318503 6.6102000000000007 0.9850000000000001 0.038333697379392843 0.81500000000000006 0.46173369777430701 3.5000000000000004 0.39956458635703923 6.7585081517022703 46499445.125000007
decision_type=9 2 2 2 2 2 9 2 10 2 2 2 2 2 2 10 2 2 2 2 2 2 2 2 10 2 2 2 2 2
left_child=3 -2 4 28 5 7 9 29 15 -7 -5 12 18 -14 -15 -9 17 -16 20 -20 -8 23 -23 24 -11 26 -25 -26 -1 -3
right_child=1 2 -4 10 -6 6 11 8 -10 21 -12 -13 13 14 16 -17 -18 -19 19 -21 -22 22 -24 25 27 -27 -28 -29 -30 -31
leaf_value=-0.033720916435487566 0.046755588564546369 0.063183047845329895 -0.041559323660437998 0.12634961730312877 0.019112955399636023 -0.034231076705667572 0.071654647289277826 -0.025358740595841468 0.056653298696692667 -0.044499895818878976 -0.0034150726151684421 -0.013727999002379872 -0.017021415973749194 0.19706874123383075 0.15975835479404665 0.058671428958934208 -0.020022510630140964 0.043689290278705238 0.13465603369630608 -0.0076941905960593278 -0.02648278984768479 0.090119693123893327 0.013216237994972622 -0.017961053490659667 0.018730992229456008 -0.054878794438006917 0.056734757586586783 0.107824655857722 0.06849468763455091 -0.0025863345270369775
leaf_weight=11.581124983535677 2.8252582914297895 0.80030058899508105 2.4872151062716048 0.23704303898903489 12.074024452123352 2.0535838905519332 0.38477857410906846 1.6381947162803592 3.7605571884635083 0.69160796427011773 6.9315069694239604 46.360584687163488 1.1934895171552997 0.23302999146741887 0.45497358293253121 0.79658132672541615 0.45497431549874523 0.85957303226931714 0.33175575896548526 0.39781005744512754 4.3837815251998578 1.0889829015955594 25.437114697453787 3.0386888805944214 1.5393100776171453 2.2339473285015288 0.91705524299461405 0.68608484647514689 0.32187956516304517 9.6982976839146584
leaf_count=2019 271 139 528 44 1597 276 4 117 224 39 1565 7360 141 31 55 47 68 257 97 26 654 87 3455 386 106 281 100 71 52 672
internal_value=-0.000717473 0.0018822 0.00101156 -0.0124589 0.00188296 -1.80365e-05 -0.00264929 0.0145996 0.0352268 0.00651996 0.000875867 -0.00855604 0.00918165 0.0396548 0.0734329 0.00213326 0.0571512 0.0838616 -0.00853227 0.0570368 -0.018564 0.0106983 0.0163734 -0.00583223 0.0246942 -0.0202184 -0.000644416 0.0461984 -0.0309568 0.00242722
internal_weight=145.893 126.822 123.996 19.0716 121.509 109.435 92.7411 16.6939 6.19533 37.6864 7.16855 55.0548 8.69417 3.19604 2.00255 2.43478 1.76952 1.31455 5.49813 0.729566 4.76856 35.6328 26.5261 9.10669 2.917 6.18969 3.95574 2.22539 11.903 10.4986
internal_count=20769 17089 16818 3680 16290 14693 13494 1199 388 4801 1609 8693 1333 552 411 164 380 312 781 123 658 4525 3542 983 216 767 486 177 2071 811
cat_boundaries=0 5 9
cat_threshold=239354944 570442882 1932137792 405045248 1 545259683 281026844 2160101381 96558352
is_linear=0
shrinkage=0.05


Tree=33
num_leaves=31
num_cat=3
split_feature=22 2 2 15 11 8 8 11 6 1 2 22 4 4 14 7 22 9 2 15 9 20 4 6 10 13 4 2 7 7
split_gain=1.80428 1.89831 1.87491 1.71176 1.58406 2.41002 2.4165 1.69384 1.54133 1.53546 1.65687 1.49024 2.64975 2.44371 2.09112 2.27254 2.05112 2.6975 1.86701 3.04193 2.93209 2.18409 2.09407 2.9081 2.00685 1.7005 1.6319 1.76124 1.57518 1.53943
threshold=0 -0.4359122999964522 -0.085030950212839115 16.500000000000004 0.095467324729089961 1.2750000000000001 1.4850000000000001 0.082835217420301394 12.663450000000001 0.09983765164153692 -0.16489996255282727 1 12.902750000000001 13.538350000000001 0.65730872900684234 0.68500000000000016 2 1.0000000180025095e-35 -0.18562601820925942 7.5000000000000009 2.9570452275709429 0.3273531777956557 8.5463500000000021 3.5039500000000001 0.079824225475398899 0.10080972987149218 4.0076000000000009 -0.1209332248418936 1.7650000000000003 2.0950000000000002
decision_type=9 2 2 2 2 8 10 2 8 2 2 9 2 2 2 2 9 2 2 2 2 2 2 10 2 2 2 2 2 2
left_child=2 -2 -1 9 5 8 7 -7 -4 11 -11 18 14 -14 25 -16 -15 29 19 20 21 22 23 24 -3 -13 -27 -28 -26 -18
right_child=1 3 4 -5 -6 6 -8 -9 -10 10 -12 12 13 16 15 -17 17 -19 -20 -21 -22 -23 -24 -25 28 26 27 -29 -30 -31
leaf_value=-0.036984616658355889 0.041802952411685898 -0.039903958400109921 -0.025138173145039133 -0.040708230259726787 -0.021528783569693774 0.054493779718695623 0.0003491942416216972 0.19066787947147146 0.07918499053813273 -0.01505010911992255 0.04003965967222127 -0.0083629215266791384 0.059830366201737296 -0.010348806756782167 0.06629988386454963 -0.034190887749221334 -0.028845210777252342 0.050369594147480372 0.0018962664911856321 0.097210315334714664 -0.044133742745094531 -0.0076512354795460384 -0.013879062353302005 0.10069902439409549 0.085808850780737828 -0.059608094908457476 0.072050160890797951 -0.026596589403455908 -0.0034435361166407943 0.03540001818626444
leaf_weight=7.8939235271004788 2.9150682419106593 0.84841549489278945 2.5043852269713427 2.414126498691302 6.1498269942488371 0.47657418029794463 0.7893836379894239 0.43846015879937639 0.41235500321484497 1.8849505405366 4.9465270943810884 32.209984332825776 2.2331179703567861 8.0324154772216847 0.59169941307364027 11.439954606590659 2.4018595761036345 5.4919727919280561 35.297266774071161 1.2859093728000051 1.7160920864604055 3.0956114424017684 1.276724822225489 2.2282377240974967 1.2789475066802256 0.41544144522924797 1.8277391987889762 0.60134111072371577 0.80581027796790738 1.5241241001027388
leaf_count=1184 273 52 573 528 1480 69 255 45 59 109 565 4549 291 1736 28 1750 354 993 4563 42 109 178 128 93 88 53 96 173 50 303
internal_value=-0.00069658 0.0017805 -0.012029 0.000982237 -0.0049072 0.0172128 0.064448 0.119745 -0.0103895 0.00181105 0.0248392 0.000438337 -0.00419509 0.0105822 -0.0112634 -0.0292489 0.00427993 0.0134566 0.00643734 0.0243589 0.0160317 0.0268616 0.0434562 0.0576386 0.0249269 -0.0050903 0.0319673 0.0476293 0.0513106 -0.00390428
internal_weight=145.428 126.763 18.6649 123.848 10.771 4.62116 1.70442 0.915034 2.91674 121.434 6.83148 114.603 66.7697 19.6835 47.0862 12.0317 17.4504 9.41796 47.833 12.5357 11.2498 9.53375 6.43814 5.16141 2.93317 35.0545 2.84452 2.42908 2.08476 3.92598
internal_count=20769 17104 3665 16831 2481 1001 369 114 632 16303 674 15629 10326 3677 6649 1778 3386 1650 5303 740 698 589 411 283 190 4871 322 269 138 657
cat_boundaries=0 5 9 13
cat_threshold=239354952 570442882 1932137728 405045248 1 2684355076 407963948 2354348036 88691984 1342832770 2150400017 32 2182226433
is_linear=0
shrinkage=0.05


Tree=34
num_leaves=31
num_cat=2
split_feature=22 2 15 0 6 2 7 22 14 9 4 8 20 8 13 4 20 7 9 13 0 7 7 1 8 4 10 5 0 0
split_gain=1.65671 1.66933 1.57341 1.45824 1.34978 1.68008 1.24634 1.89262 1.80629 1.75004 3.13148 1.94425 2.16006 1.73257 2.35845 1.90178 1.71992 1.83914 1.98557 1.60148 1.58789 1.47692 3.77952 1.46399 2.51951 1.45567 1.43656 1.40686 1.40546 1.96282
threshold=0 -0.4359122999964522 16.500000000000004 0.79225687486807062 12.541400000000001 0.18974244066918713 0.8650000000000001 1 0.20728920990566041 4.3665880200792548 12.373800000000001 1.4350000000000003 0.30684210526315797 0.95500000000000007 0.099878197320340992 9.9951500000000006 0.1404052936311001 2.1450000000000005 -1.6344321561503836 0.1007490741779823 0.077829416370603144 1.2850000000000004 1.3050000000000004 0.0092572188759936242 1.1950000000000001 7.9873500000000011 0.092411517013770358 156841550.20000002 0.62634989633990801 0.11263830291909237
decision_type=9 2 2 2 10 2 2 9 2 2 2 10 2 8 2 2 2 2 2 2 2 2 2 2 10 2 2 2 2 2
left_child=3 -2 6 4 -1 -6 28 8 13 21 -11 -12 -13 15 27 -8 17 -9 -19 -18 26 -10 -23 -16 -25 -22 -21 -15 29 -3
right_child=1 2 -4 -5 5 -7 7 16 9 10 11 12 -14 14 23 -17 19 18 -20 20 25 22 -24 24 -26 -27 -28 -29 -30 -31
leaf_value=-0.032534781003175722 0.038684999994533252 0.020741399182670286 -0.039861179873189691 0.016982536258849611 -0.021599326678679795 0.11445921983867915 -0.035682843376398037 -0.047638699842092909 -0.04088861092577864 -0.04278608132761054 0.089490852720197911 -0.041507502531110178 0.086155234073901507 0.051693207472071394 -0.01938758870542262 0.056823914759429522 0.0048277577345946432 0.11696033492190386 -0.021535678429578153 -0.060281073204258788 0.092333675420368827 0.11123688444046738 -0.017584369215450257 0.1196137411129668 -0.020040944351304983 0.023009124615371211 0.042249004201166625 0.16444800815429172 0.036744913376113297 -0.015305234391882368
leaf_weight=11.509873564544048 2.9636822500504669 8.9776777101372023 2.3439530142555887 2.1327292383218284 0.61256789965256864 0.36037213280420843 2.6108196751346955 2.9111055708154927 6.7257601121201551 1.56400995337919 1.3229420510251659 0.90297693526393608 0.52340189264175052 0.79315084976816741 1.854635108243347 0.70577931399822791 57.674343229937584 0.4005162581852344 0.731346674140255 0.678166556637392 1.4560006059649526 0.58667637251913518 19.311331708431634 0.64735677700342342 0.64448070501416055 1.5778274824806855 0.68845090187390667 0.42481401513147432 4.7186517500479175 6.5186246657493347
leaf_count=2257 281 354 528 605 132 73 360 255 770 286 94 153 99 146 258 131 7916 11 275 45 164 53 3904 60 91 302 58 42 440 626
internal_value=-0.000712797 0.00147563 0.000725241 -0.0126032 -0.0277545 0.0287961 0.0014866 -0.000707253 -0.00830706 -0.0158463 0.0136987 0.0458312 0.00533764 0.0112438 0.0319446 -0.0159972 0.00433275 -0.0266108 0.0274719 0.00704611 0.0361209 -0.0206329 -0.0137862 0.00907679 0.0499419 0.0562795 -0.00863024 0.091021 0.0128532 0.00557814
internal_weight=144.874 130.258 127.295 14.6155 12.4828 0.97294 124.951 104.736 38.6181 30.9371 4.31333 2.74932 1.42638 7.68104 4.36444 3.3166 66.1178 4.04297 1.13186 62.0748 4.40045 26.6238 19.898 3.14647 1.29184 3.03383 1.36662 1.21796 20.215 15.4963
internal_count=20769 17702 17421 3067 2462 205 16893 15473 6447 5359 632 346 252 1088 597 491 9026 541 286 8485 569 4727 3957 409 151 466 103 188 1420 980
cat_boundaries=0 5 9
cat_threshold=239354952 33571970 1663702080 404783104 1 1343234576 24551457 268706608 2182348941
is_linear=0
shrinkage=0.05


Tree=35
num_leaves=31
num_cat=3
split_feature=22 2 15 1 2 22 4 14 7 2 15 9 20 9 13 4 22 9 13 20 13 8 13 7 7 9 13 13 3 9
split_gain=1.53854 1.86257 1.46516 1.35704 1.56877 1.40564 2.12207 2.0881 1.78258 1.66986 2.66127 2.66049 2.18855 1.91414 1.94146 1.60982 1.90216 2.7337 1.45833 1.55398 1.43945 1.41205 1.72435 2.60237 1.62861 1.38794 1.42535 1.41701 2.04071 1.98656
threshold=0 -0.4359122999964522 16.500000000000004 0.09983765164153692 -0.16489996255282727 1 12.902750000000001 0.65730872900684234 0.75500000000000012 -0.18562601820925942 7.5000000000000009 2.9570452275709429 0.3273531777956557 -2.3025942882057944 0.10007059676067277 13.538350000000001 2 -2.6315789473684235 0.10088107436733419 0.27066256830601099 0.10005060740409889 0.90500000000000014 0.10011398217426194 0.94500000000000006 0.78500000000000014 -2.2048265367607232 0.099381821495445291 0.10002884827596072 322675.09730000008 -0.33743892566095995
decision_type=9 2 2 2 2 9 2 2 2 2 2 2 2 2 2 2 9 2 2 2 2 8 2 2 2 2 2 2 2 2
left_child=-1 -2 3 5 -5 9 7 18 -9 10 11 12 13 14 -3 -8 17 -17 -7 -20 -14 -11 23 24 -23 -19 -27 28 -28 -29
right_child=1 2 -4 4 -6 6 15 8 -10 21 -12 -13 20 -15 -16 16 -18 25 19 -21 -22 22 -24 -25 -26 26 27 29 -30 -31
leaf_value=-0.011648116105924707 0.041767850597857342 -0.061176498052636225 -0.039017797311606567 -0.015951550064976176 0.036872317576133455 -0.0074826967888391716 0.047892114942740927 0.037175253659740538 -0.034959786890069906 -0.011432902253899594 0.090498305350079494 -0.04332123146480877 -0.049009007853776175 0.053756862218414525 0.049652749312056182 -0.033062579713247595 -0.0094514338451088514 0.14514067431529654 0.052721827635508478 -0.042352014235442353 0.020952853357444581 -0.00060030073630572907 0.028503274940433004 -0.0098643633893934022 0.0896235491701875 0.14255501497469511 0.093493880080270986 -0.037175235349596145 -0.0059433382787748117 0.075404414530864994
leaf_weight=16.526175867249965 2.8269989827669368 0.83289329888416996 2.2766131222560935 1.9246214910216535 5.2111763727018277 33.425596872152148 2.3150097330144517 0.93149753877260266 10.628912554248748 13.022826656312807 1.2983946540127806 1.6732254316381574 1.3662168763243445 5.5116604193121583 0.75184320183620912 1.4987669022617351 9.2953562165400676 0.30720704531597665 1.9690596963782945 0.54980439410978466 1.5918579728115529 0.87203402885330605 7.6461387412279285 12.023922902600889 1.1728886661487008 0.3030384144785464 0.62132814488922639 0.46575516467515887 3.0427950682481466 2.4695550173367522
leaf_count=3422 271 102 528 111 579 4773 302 47 1702 1748 42 113 93 262 66 183 2049 34 139 149 86 78 1029 1636 49 43 180 111 438 404
internal_value=-0.000693187 0.00151579 0.000726709 0.001464 0.022625 0.000157626 -0.0042519 -0.010663 -0.0291474 0.00604389 0.0225763 0.0150565 0.0247715 0.0398325 -0.00859601 0.00864438 0.00359773 0.0132102 -0.00471801 0.0319696 -0.0113597 0.00158438 0.00939106 -0.000996058 0.0511486 0.0411523 0.0365241 0.0316553 0.0109183 0.057541
internal_weight=144.353 127.827 125 122.723 7.1358 115.588 67.8237 47.5049 11.5604 47.7639 13.0261 11.7277 10.0545 7.0964 1.58474 20.3188 18.0038 8.70845 35.9445 2.51886 2.95807 34.7378 21.715 14.0688 2.04492 7.20968 6.90247 6.59943 3.66412 2.93531
internal_count=20769 17347 17076 16548 690 15858 10554 6810 1749 5304 764 722 609 430 168 3744 3442 1393 5061 288 179 4540 2792 1763 127 1210 1176 1133 618 515
cat_boundaries=0 5 9 13
cat_threshold=239354944 838878338 1931613504 404783104 1 2684355076 139526444 2354348036 80696592 9478177 16914432 8464393 16779404
is_linear=0
shrinkage=0.05


Tree=36
num_leaves=31
num_cat=3
split_feature=22 4 2 1 5 8 17 17 20 1 9 3 13 11 2 15 22 4 3 3 19 2 4 22 9 11 7 2 15 9
split_gain=1.41514 1.77429 1.46554 1.44713 1.41244 1.64692 2.13144 1.38461 1.67365 1.40193 1.3627 1.32179 1.31285 4.40945 1.39515 1.28676 1.29565 1.77438 2.02617 1.78173 1.80145 1.89701 1.54523 1.72998 2.36593 1.69282 1.53738 1.52137 2.36116 2.47692
threshold=0 8.7829000000000015 -0.4359122999964522 0.09983765164153692 680515663.94500005 1.135 92.500000000000014 87.500000000000014 0.17962057033766857 -0.013246940519425097 -0.83445732960056296 683646.10410000011 0.099553403738311688 0.11279421325509868 -1.0000000180025095e-35 16.500000000000004 1 12.902750000000001 2471714.2021500007 2256560.5991000007 5.5000000000000009 0.83517027918069586 13.538350000000001 2 0.65161744278444689 0.070686193048054277 0.78500000000000014 -0.18562601820925942 7.5000000000000009 2.9570452275709429
decision_type=9 2 2 2 2 8 2 2 2 2 2 2 2 2 2 2 9 2 2 2 2 2 2 9 2 2 2 2 2 2
left_child=1 12 -2 15 5 10 -7 9 11 -3 -5 -9 13 -1 -14 16 27 18 19 20 21 -18 -19 24 25 -24 -20 28 29 -4
right_child=2 7 3 4 -6 6 -8 8 -10 -11 -12 -13 14 -15 -16 -17 17 22 26 -21 -22 -23 23 -25 -26 -27 -28 -29 -30 -31
leaf_value=-0.042922421691403305 0.036390948452325066 0.075434845161878553 0.024304651631445032 0.024773001112846277 0.07605085029277632 0.068422388829853215 -0.034394633813356078 0.14962402957521731 -0.0066899828441582881 -0.021146782330150587 -0.037124007860557869 0.030849377321484295 -0.053529099192720191 0.32107843948080195 -0.0080210619368351454 -0.038495013771681567 -0.016227169842410318 0.045949011703107716 0.041805293183558939 0.061816540208102323 0.0087458380940641598 0.087864749610930298 0.081233720110877108 -0.009330267328072574 0.050203179740638808 -0.014808703324440876 -0.044488461326370979 0.0016128662706746931 0.085613278953272531 -0.042373432594617191
leaf_weight=0.32733017154652611 2.9366262386723596 0.4045899020183662 9.4493927588187088 1.6328820117959282 1.0447183817859409 2.0228450400554725 0.671349978728358 0.41283960773432715 1.1877140107077364 5.2674217663551115 1.952413960479503 0.54143818278441813 5.375484718669032 0.11155330265694374 2.4525739586501523 2.2082793326165975 27.6506193316668 2.316141225057275 0.56763831353250083 0.94336989122287107 11.73521913320266 0.44474016313407005 0.5286153142625557 9.3651420670062642 4.6927510728976429 3.4739430303822019 5.6884109420476925 35.512288097369513 1.3037003407976033 1.63357354301361
leaf_count=163 272 82 583 125 78 222 60 80 210 1373 213 53 767 43 527 520 3148 306 19 93 2935 18 48 2164 737 625 689 4464 42 110
internal_value=-0.000745402 -0.0113489 0.00137006 0.000655998 0.0222193 0.0132633 0.042802 -0.00132338 0.0329263 -0.0142575 -0.00893372 0.0822337 -0.0345532 0.0495976 -0.0392712 -0.000687964 3.60997e-05 -0.00420083 -0.0101638 -0.0060986 -0.00770714 -0.0145794 0.00750029 0.00256947 0.0121468 -0.00212444 -0.0366587 0.00568809 0.0219638 0.0144766
internal_weight=143.856 16.0809 127.775 124.838 7.32421 6.27949 2.6942 7.814 2.14199 5.67201 3.5853 0.954278 8.26694 0.438883 7.82806 117.514 115.306 67.4066 47.03 40.7739 39.8306 28.0954 20.3766 18.0605 8.69531 4.00256 6.25605 47.899 12.3867 11.083
internal_count=20769 3298 17471 17199 698 620 282 1798 343 1455 338 133 1500 206 1294 16501 15981 10782 6902 6194 6101 3166 3880 3574 1410 673 708 5199 735 693
cat_boundaries=0 5 9 13
cat_threshold=239354944 302007426 1931613185 405045248 1 2684355076 139528492 2354348036 113857808 9478177 553791488 8464456 16779404
is_linear=0
shrinkage=0.05


Tree=37
num_leaves=31
num_cat=3
split_feature=22 3 8 2 19 5 2 18 14 0 2 0 14 1 8 9 8 8 3 21 14 11 13 13 7 8 19 22 22 4
split_gain=1.32413 2.38587 1.69353 1.85223 1.43446 1.5671 1.87303 1.67163 1.82566 1.49816 1.89328 1.77815 1.40032 1.36598 2.02585 1.3299 1.47921 1.31954 1.27006 1.46665 2.34029 1.92467 1.44252 1.41855 1.44098 1.23173 1.34706 2.88196 2.24022 2.80036
threshold=0 4831276.447900001 0.62500000000000011 -0.45339264834843612 2.5000000000000004 424134730.07500011 0.32155716403020079 13.500000000000002 0.65097822074566281 0.043001149864958489 -0.22316887670978378 0.74656399275275886 0.71059310713331569 0.053501738721090882 1.6050000000000002 3.629947293933911 1.1950000000000001 1.3550000000000002 561973.5316000001 0.20766968880176431 0.1926005466614604 0.099791374390118343 0.10042017548505557 0.09962523057331997 0.92500000000000016 5.495000000000001 4.5000000000000009 1 2 6.1060000000000008
decision_type=9 2 8 2 2 2 2 2 2 2 2 2 2 2 10 2 8 8 2 2 2 2 2 2 2 8 2 9 9 2
left_child=2 25 -1 -4 -5 7 9 8 -6 10 -7 12 -11 14 -13 17 -17 -8 19 -9 21 -21 -22 -20 -25 26 28 -28 29 -2
right_child=1 -3 3 4 5 6 15 18 -10 11 -12 13 -14 -15 -16 16 -18 -19 23 20 22 -23 -24 24 -26 -27 27 -29 -30 -31
leaf_value=-0.029157187794399533 -0.028963263752339364 -0.041522630650494025 0.067930625272052958 -0.05261397426974488 0.022889468085683987 0.051540076033453612 -0.0044851350873316908 -0.039263499320802774 0.10653053305140397 -0.0060521775586171167 -0.027919193459069687 -0.022619503404364184 -0.041131750436280388 0.095900964538629258 0.06471972419619311 0.1099005780811607 0.015794038528790924 0.070676034019494696 0.085869376730010716 -0.019825717481648811 -0.046164822042558867 0.10346264143643139 0.058956352833176774 0.046530918451892493 -0.014050483460613279 0.061376666574804263 -0.013051782844329549 0.01017603462160661 -0.015203999359370746 0.022559448182643292
leaf_weight=3.2951519016869453 3.4370097743361709 4.2315026532794482 1.2498292273514042 1.0119130273059216 14.689797150725823 1.9897732681783185 3.5407846461626411 2.9533932290177045 0.68273051912370952 5.0789300247319584 1.2028457001502264 2.2759515926340441 6.467380749924672 0.44968541416719165 0.93739705688647479 0.79610386475954409 0.87820163553161745 0.6992732472143216 0.70860728846793097 0.49363128206073292 1.6318950682331776 0.88247211417285598 0.40792680597337483 1.5977778167062977 2.5450907684457249 0.73573640185710942 10.941887268773494 28.625803009219911 27.583207956838308 11.334248391925302
leaf_count=551 298 499 64 131 1568 50 348 234 215 428 85 327 753 93 200 43 99 69 90 158 378 106 91 67 296 103 2508 6758 3187 972
internal_value=-0.000756101 -0.00439765 0.00477975 0.00778184 0.00633396 0.00750565 -0.00166829 0.0158941 0.0266042 -0.00953541 0.0216031 -0.0160718 -0.0257011 0.0142812 0.00285907 0.0228095 0.0605401 0.0079105 0.00122126 -0.0134599 0.00884973 0.059237 -0.0251425 0.0204956 0.00931391 -0.00302914 -0.00360756 0.00302592 -0.00980458 0.00630357
internal_weight=143.356 86.8894 56.4665 53.1714 51.9216 50.9096 24.3163 26.5933 15.3725 18.402 3.19262 15.2093 11.5463 3.66303 3.21335 5.91436 1.67431 4.24006 11.2208 6.36932 3.41593 1.3761 2.03982 4.85148 4.14287 82.6579 81.9222 39.5677 42.3545 14.7713
internal_count=20769 14325 6444 5893 5829 5698 2495 3203 1783 1936 135 1801 1181 620 527 559 142 417 1420 967 733 264 469 453 363 13826 13723 9266 4457 1270
cat_boundaries=0 4 8 12
cat_threshold=545292802 139919637 206571524 113794072 2185905216 285231138 850146304 2550399488 2152350720 268441640 42836224 2298479360
is_linear=0
shrinkage=0.05


Tree=38
num_leaves=31
num_cat=4
split_feature=7 22 22 15 9 17 22 11 3 14 22 2 2 19 7 9 11 6 20 0 7 11 20 14 8 18 18 18 5 9
split_gain=1.28944 2.62301 2.04234 1.82186 1.8843 1.67691 2.98211 2.63633 2.08428 1.51427 2.20116 2.30778 1.89135 1.85785 1.65858 1.91679 1.9272 1.77244 1.55026 1.4767 1.47058 2.48277 2.08115 1.46588 1.44953 1.45258 1.82681 1.42412 1.82829 1.7104
threshold=1.0050000000000001 0 1 2.5000000000000004 -1.3464775964776019 50.500000000000007 2 0.10374736216720866 806817.99005000014 0.64116499442586405 3 -0.32973409883607008 -0.082357667856214387 6.5000000000000009 1.8250000000000004 0.76384499440852471 0.12585476329631798 4.9517000000000015 0.20881425253890681 0.075074188600861028 1.2150000000000001 0.10714285714285729 0.16736694677871153 0.39956458635703923 1.0450000000000002 16.500000000000004 14.500000000000002 8.5000000000000018 450719512.41000003 2.3296000095420548
decision_type=2 9 9 2 2 2 9 2 2 2 9 2 2 2 2 2 2 10 2 2 2 2 2 2 8 2 2 2 2 2
left_child=1 -1 3 24 -5 6 7 27 -9 10 11 23 -11 -14 20 17 -17 -16 -19 -6 21 22 -13 -7 25 26 -2 28 -4 -30
right_child=2 -3 5 4 19 9 -8 8 -10 12 -12 14 13 -15 15 16 -18 18 -20 -21 -22 -23 -24 -25 -26 -27 -28 -29 29 -31
leaf_value=0.016888710663393893 0.0038099157930571305 -0.0069889479279492718 0.079721742733259118 -0.033643751335543169 0.046577597630907776 0.01314797813238117 -0.012920755224157235 0.029421806099831801 0.093381965942326103 -0.042310944180541585 -0.014303031916875777 0.15758799794856174 -0.020611138833612035 0.024197760733548096 0.060056274087002086 -0.01985659842655273 0.11486024847156576 -0.042991092754367327 0.038754044864891563 -0.0035914044051451447 -0.024314829049712369 -0.034316982912126974 0.022128681689081674 0.10161331649847866 0.030828328769176856 -0.036865734413840605 0.073268448719951154 -0.026155659398735411 -0.050845706714360797 0.094954702384485681
leaf_weight=15.873096908901266 7.2929956232591824 15.787729034280369 1.0486408718968632 4.287478737169276 1.8396528641952707 0.85917913813682645 6.9247646253543875 2.8353019963800037 2.3126745226440768 7.7706711791162801 18.899450382351091 0.43948411852034241 11.745204301408078 2.8805877033686036 3.2890728214767346 3.5006551958891809 0.28725833861437866 1.0247195811431313 1.3363858610643715 7.2363955985263253 6.5507651060127046 1.0500638419075583 0.79913366130551822 1.0291875180057557 10.134365998294724 1.783677887452767 1.0878346637702518 1.9748375979975277 0.78513757173186938 0.27043438572928125
leaf_count=1133 1090 1419 443 390 120 102 3021 795 282 855 2556 19 1341 1118 309 756 26 119 252 1163 649 75 146 77 1323 261 140 557 178 54
internal_value=-0.000794146 0.00810889 -0.00332728 0.00617487 -0.00632685 -0.00730316 0.00609254 0.0164917 0.0581552 -0.0120117 -0.0060693 0.00584271 -0.0223769 -0.0117859 0.00330323 0.0178796 -0.00964028 0.0363291 0.00327666 0.00657751 -0.0122603 0.0222426 0.0701921 0.0613629 0.0174472 0.00410576 0.0128257 0.00434033 0.0329613 -0.0134921
internal_weight=142.937 31.6608 111.276 33.6624 13.3635 77.6136 16.1518 9.22703 5.14798 61.4618 39.0654 20.1659 22.3965 14.6258 18.2775 9.43809 3.78791 5.65018 2.36111 9.07605 8.83945 2.28868 1.23862 1.88837 20.2989 10.1645 8.38083 4.07905 2.10421 1.05557
internal_count=20769 2552 18217 4487 1673 13730 5330 2309 1077 8400 5086 2530 3314 2459 2351 1462 782 680 371 1283 889 240 165 179 2814 1491 1230 1232 675 232
cat_boundaries=0 4 8 12 16
cat_threshold=1079246882 208872481 2151688224 546373784 537559042 8919324 210796549 1095261968 268443821 272769152 55324672 135462921 3229639168 2422636577 2179192 2226561152
is_linear=0
shrinkage=0.05


Tree=39
num_leaves=31
num_cat=4
split_feature=7 22 22 21 21 1 15 3 9 0 14 22 2 14 15 14 15 21 1 22 11 14 1 14 2 13 2 2 21 17
split_gain=1.22822 2.46489 1.92304 1.77159 2.15735 1.81684 1.70437 1.88153 1.9119 1.58129 2.12604 2.70055 2.52196 4.34031 2.45536 2.41971 1.65635 2.43625 2.7714 2.27075 2.15044 1.72434 1.6315 1.54057 1.59269 1.52924 1.42852 2.48223 3.43193 1.46689
threshold=1.0050000000000001 0 1 0.13284313725490199 0.10102040816326532 0.00043399780254282932 2.5000000000000004 311910.05855000007 -0.40020020020020691 0.38640418733600346 0.653950103950104 2 -0.18562601820925942 0.39956458635703923 6.5000000000000009 0.43766891891891896 6.5000000000000009 0.14160401002506268 0.050947538856023218 3 0.10743801652892568 0.66731770833333337 -0.0017309360670549332 0.17754216472899956 -0.27149391263629669 0.10078129768662637 -0.064342968759304994 -0.024254034598862158 0.16152751423149908 34.500000000000007
decision_type=2 9 9 2 2 2 2 2 2 2 2 9 2 2 2 2 2 2 2 9 2 2 2 2 2 2 2 2 2 2
left_child=1 -1 3 4 -2 -6 25 8 -8 10 11 12 13 14 23 -15 19 -18 -19 20 -11 22 -22 24 -4 -5 29 28 -28 -12
right_child=2 -3 9 6 5 -7 7 -9 -10 16 26 -13 -14 15 -16 -17 17 18 -20 -21 21 -23 -24 -25 -26 -27 27 -29 -30 -31
leaf_value=0.015869292345309247 -0.0011217877452299424 -0.0072888770767390622 0.052544881480140096 0.00771045167215714 0.014846315059632645 0.091767781411387153 -0.047748409486136741 -0.018502973142958755 0.10479670737945138 -0.00055664870173411925 0.028825822057392925 -0.01822098988775726 -0.0080639767962955768 0.14443938977465146 0.069317311920635852 0.047353751003482387 0.14302533383407814 0.0046605167076236428 0.17073343465488344 -0.012969317969350264 0.042320435136131235 0.0094500904633942531 0.12374270372297316 -0.046888965598959755 -0.03472594589094874 0.061949095371873167 0.2002958350077837 -0.028241693082009273 -0.0038057030770672754 -0.053927656315213728
leaf_weight=17.015426991052308 2.608574880901787 14.684574076442674 1.1419504050848917 16.648270514981704 1.300462768070638 1.8736165421885997 0.30390608855557844 10.735549109117025 0.63373051149625226 6.6142234758282274 0.58499073723962158 13.122831496128326 10.712901681513889 0.80199776884928997 0.9832776248586369 3.212778781623598 0.42882354422390889 3.3724944686005114 0.27143082719695133 14.125542433803824 1.8835613667466264 2.1607994412164935 0.91366648952018881 2.253227889611285 0.9642323338019646 1.4095997832980049 0.30083019712724723 4.4956357151797324 0.65310545312867418 6.3308657066250511
leaf_count=1179 161 1373 63 2545 82 139 141 1319 198 1599 317 1853 1590 63 107 242 22 819 158 3587 281 353 202 222 79 177 26 816 133 923
internal_value=-0.000830435 0.00784836 -0.00331249 0.00565258 0.0325661 0.060252 0.00231917 -0.0125705 0.0553539 -0.00731796 -0.0141454 -0.00755293 0.00567386 0.0274651 -0.00205395 0.0667477 0.000672186 0.0302971 0.0170311 -0.00402296 0.00971204 0.0429995 0.0689156 -0.0181519 0.0125914 0.0119443 -0.0318421 -0.0126973 0.0605591 -0.0469278
internal_weight=142.543 31.7 110.843 35.5137 5.78265 3.17408 29.7311 11.6732 0.937637 75.3292 45.5586 33.1932 20.0704 9.35746 5.34269 4.01478 29.7705 4.07275 3.64393 25.6978 11.5723 4.95803 2.79723 4.35941 2.10618 18.0579 12.3654 5.44957 0.953936 6.91586
internal_count=20769 2552 18217 4762 382 221 4380 1658 339 13455 6434 4219 2366 776 471 305 7021 999 977 6022 2435 836 483 364 142 2722 2215 975 159 1240
cat_boundaries=0 4 8 12 16
cat_threshold=1079255074 208872481 2151688224 546373784 537559042 8919324 210796549 1095393040 3498074669 2148925601 20996192 2217771016 8396928 272818177 2183730440 143925417
is_linear=0
shrinkage=0.05


Tree=40
num_leaves=31
num_cat=3
split_feature=11 22 4 22 2 17 19 20 10 8 3 22 19 9 15 2 20 13 0 0 20 8 8 3 10 9 11 21 11 11
split_gain=1.19175 1.36902 1.75935 1.89877 1.68015 1.67864 1.65236 1.56097 1.46943 1.9378 1.63123 1.41165 1.56171 1.72364 1.67337 2.10519 1.72255 1.48155 1.3265 1.44365 1.76783 2.01574 1.66209 1.56382 1.4515 1.32554 1.28919 1.28189 1.40731 1.83865
threshold=0.0078456276069104602 0 12.902750000000001 1 -0.45339264834843612 109.50000000000001 2.5000000000000004 0.14711765775595567 0.11171015837275873 1.5250000000000001 3033727.0440000002 2 6.5000000000000009 -8.1601825020038188 3.5000000000000004 0.54000842459983178 0.12764775588801661 0.099688957257018887 0.011292943672787758 0.17196097054950779 0.16287683031869082 1.4450000000000001 1.1250000000000002 300099.56200000003 0.093274955620372288 7.405579320682965 0.049730941487616108 0.14907407407407411 0.11174108482276805 0.11354659669856206
decision_type=2 9 2 9 2 2 2 2 2 8 2 9 2 2 2 2 2 2 2 2 2 10 10 2 2 2 2 2 2 2
left_child=-1 4 8 5 -2 -4 -6 -8 10 -10 11 18 14 -14 15 -13 -16 -18 -3 20 -20 22 -22 24 -21 -5 -15 -28 -29 -30
right_child=1 2 3 25 6 -7 7 -9 9 -11 -12 12 13 26 16 -17 17 -19 19 23 21 -23 -24 -25 -26 -27 27 28 29 -31
leaf_value=0.017214809538149956 0.071036371817036065 -0.040348848098193342 0.018060834726064418 -0.016268578954000374 -0.05835754165505639 0.084187295922555389 -0.024461751930730802 0.0077952094268792784 -0.0053178045675141249 0.08313960089503776 -0.039800200282347209 -0.03225451251467893 0.16926760864173401 0.082481926023013769 0.055497632106926598 0.063062644314531596 0.050720119288279832 -0.019760677311207477 -0.055557772814421306 0.10384741537540952 0.027310084117021002 -0.058343994558356073 0.08713199164888219 -0.016622899661067791 -0.018576018008848904 0.077857425336085084 0.071598989754727768 -0.0261854971343084 0.20428797685971195 0.006409931801610977
leaf_weight=8.5480042007486059 0.94450319137840111 1.3375622141719166 11.552209888723963 12.867728814166789 1.0493607650830714 1.046680603396793 4.0977324074890964 44.258937641616193 1.8496739443850168 0.93062883077060821 5.1335132324415857 20.356363588255427 0.15957806334313307 0.45871098675308886 1.0869046783941607 0.59624824393567877 0.83975881083604864 6.6509661784169261 0.5886205741842242 0.57049133236630911 4.3363075407273044 0.53122342271143441 1.5857104901551577 5.2159099270330707 0.42063958992374495 0.38523331849564435 0.48637512239876901 3.6164873601730925 0.15478590058297204 0.48594589497990626
leaf_count=780 60 138 1887 2900 125 210 464 5052 208 127 715 2874 11 120 28 65 208 1009 34 103 382 96 111 1012 123 57 46 1602 49 173
internal_value=-0.000884503 -0.00204258 -0.00561433 0.00454178 0.00415284 0.0131316 0.00371477 0.00506176 -0.0111673 0.0242908 -0.0129725 -0.010189 -0.0135389 0.00740542 -0.0219266 -0.0295421 -0.00332426 -0.0118593 0.00421584 0.011897 0.0273926 0.0349588 0.0433283 -0.00568279 0.0518905 -0.00771284 0.00244038 -0.00529973 -0.0140852 0.0542127
internal_weight=142.143 133.595 83.2443 25.8519 50.3505 12.5989 49.406 48.3567 57.3924 2.7803 54.6121 49.4786 34.8921 5.36188 29.5302 20.9526 8.57763 7.49072 14.5865 13.2489 7.04186 6.45324 5.92202 6.20704 0.991131 13.253 5.20231 4.74359 4.25722 0.640732
internal_count=20769 19989 14288 5054 5701 2097 5641 5516 9234 335 8899 8184 6185 2001 4184 2939 1245 1217 1999 1861 623 589 493 1238 226 2957 1990 1870 1824 222
cat_boundaries=0 4 8 12
cat_threshold=545259526 148310316 2354061316 71652624 1141908641 553668736 578881545 26216588 2149474824 2217246737 311296 2684486145
is_linear=0
shrinkage=0.05


Tree=41
num_leaves=31
num_cat=3
split_feature=22 3 7 15 4 6 4 20 20 15 11 8 22 0 1 2 5 0 22 4 11 0 0 17 0 0 2 18 7 0
split_gain=1.16022 2.22331 1.37168 1.43539 2.0784 1.40814 2.10342 1.41256 1.37413 1.8285 1.58445 1.32607 2.8494 3.54452 2.19378 2.3934 2.18481 2.10706 2.04216 2.03566 1.96192 1.87239 2.0973 1.76451 2.06242 1.70642 1.58292 1.67832 2.18903 1.8438
threshold=0 4831276.447900001 0.94500000000000006 3.5000000000000004 3.2946500000000003 2.9276500000000003 7.0218000000000016 0.24165739710789771 0.19890109890109894 1.5000000000000002 0.10000000000000016 0.81500000000000006 1 0.034174659576885945 0.062431862315628146 -0.22692880036630028 251004919.37000003 0.21292709175114929 2 4.3267500000000014 0.10580528142918434 0.080727260858648356 0.15736028634564439 64.500000000000014 0.040855088283678613 0.025409841094997592 -0.087929985324122148 15.500000000000002 1.3450000000000004 0.015947142662960666
decision_type=9 2 2 2 2 10 2 2 2 2 2 8 9 2 2 2 2 2 9 2 2 2 2 2 2 2 2 2 2 2
left_child=2 11 3 8 -5 -6 -7 -8 -1 10 -10 18 13 25 15 -15 20 -14 19 -2 -17 -22 -23 -21 -25 26 27 28 -13 -30
right_child=1 -3 -4 4 5 6 7 -9 9 -11 -12 12 17 14 -16 16 -18 -19 -20 23 21 22 -24 24 -26 -27 -28 -29 29 -31
leaf_value=0.04469832060163334 -0.052842346980719102 -0.041043271854985366 0.00091816654502790301 -0.018749299621014886 0.086413974833657731 -0.036763896795667585 0.010435656909326544 0.11936217336189621 0.051567894262440364 -0.031825250786420116 -0.044032059221892149 0.069525030111967909 -0.031295015376778111 -0.045526139220372533 0.046913759661827072 -0.0060093895738096738 -0.0045935859018403427 0.0001686747640799577 -0.018534170328317209 -0.0011234231062184684 -0.023792381022243059 0.13549036936862022 0.042374230554829639 -0.014213204642669137 0.070042989566369271 0.10932505530249735 -0.033649274929698415 0.11314344376965464 -0.048272346219215077 0.071417835352917888
leaf_weight=1.6638341606968703 0.90771887439599286 4.1044879492860806 51.294310441951559 1.1777082567852373 2.0030982099730754 0.78296331220694515 0.55689998805905794 0.63930323312239068 1.6864681551999114 3.1605106140772037 0.58332509666951171 1.7902805468936835 10.697630326254346 2.6294529542709517 2.7116814028043512 2.0095651382082371 14.909345444612066 10.587147478711907 13.410580582459589 3.1501267781669569 0.59038468593490767 0.924701848511987 1.7474996721332585 0.96516247119052456 2.934671522802546 0.94370741588642193 0.70109224858429797 0.78980672135182306 1.0621164619450274 0.46160341146268624
leaf_count=81 101 494 7302 101 95 64 41 63 164 231 57 78 1337 341 397 717 2155 2777 2363 556 46 53 357 38 325 59 62 138 139 37
internal_value=-0.000855848 -0.00463126 0.00389561 0.0195379 0.0396029 0.0568599 0.0269484 0.0686507 0.0049434 -0.00723743 0.0269992 -0.00323605 0.001034 0.00938522 0.0043974 -0.000656788 0.00518925 -0.010644 -0.0137384 0.00781449 0.0328546 0.0567925 0.0745966 0.0267088 0.0491906 0.0478562 0.0357833 0.0476452 0.0320354 -0.0120128
internal_weight=141.577 78.0288 63.5484 12.2541 5.15997 3.98226 1.97917 1.1962 7.09414 5.4303 2.26979 73.9243 52.556 31.2712 25.5226 22.8109 20.1815 21.2848 21.3683 7.95768 5.27215 3.26259 2.6722 7.04996 3.89983 5.74861 4.8049 4.10381 3.314 1.52372
internal_count=20769 12570 8199 897 364 263 168 104 533 452 221 12076 8693 4579 4066 3669 3328 4114 3383 1020 1173 456 410 919 363 513 454 392 254 176
cat_boundaries=0 4 8 13
cat_threshold=545292834 141754628 2354055204 113777688 1343643653 8928305 581888 1091584900 2148017281 2231664680 8716297 2684813312 1
is_linear=0
shrinkage=0.05


Tree=42
num_leaves=31
num_cat=3
split_feature=5 22 3 11 20 2 2 15 8 22 0 2 5 0 22 11 11 2 0 9 0 4 21 7 13 14 10 8 2 9
split_gain=1.10909 1.10861 1.80203 1.61062 1.40813 1.37914 1.2998 1.49384 1.2788 2.3016 3.13848 2.59788 2.2543 2.04496 2.18941 2.33615 2.208 2.86709 1.97216 1.81915 1.63555 1.54824 1.49415 1.53305 1.48914 1.38516 1.35537 1.34449 1.29163 1.29149
threshold=18070915.500000004 0 4831276.447900001 0.0078456276069104602 0.19890109890109894 -0.4359122999964522 -0.36147631156558274 16.500000000000004 0.81500000000000006 1 0.034174659576885945 -0.22692880036630028 245530061.05000004 0.040855088283678613 2 0.11211188676294481 0.10374736216720866 -0.25131675937711867 0.20172122816590082 3.337637859495624 0.22705211874945316 9.018950000000002 0.20354676710608918 1.4450000000000001 0.10009040911401247 0.47838824728260876 0.022919082974656845 0.54500000000000015 -0.18884610257853343 0.59200803752401676
decision_type=2 9 2 2 2 2 2 2 8 9 2 2 2 2 9 2 2 2 2 2 2 2 2 2 2 2 2 10 2 2
left_child=-1 3 8 4 -2 -5 -7 -8 13 10 22 -12 25 -3 15 16 17 -15 -11 20 -20 -18 23 -10 -22 28 -14 -19 -13 -28
right_child=1 2 -4 5 -6 6 7 -9 9 18 11 12 26 14 -16 -17 21 27 19 -21 24 -23 -24 -25 -26 -27 29 -29 -30 -31
leaf_value=0.077612888729925916 0.087193803382891899 -0.04057277729363748 -0.040355001194201656 0.052779865559576492 0.017022046901517342 -0.043145454333142493 0.004167741156864066 -0.046823592594348151 0.081970891038037647 -0.027745903658361701 -0.037550717486004775 -0.05616246171642636 0.059739661227536149 0.10595789161285613 -0.014092494928753894 -0.036261451614767307 0.027315023018528742 0.069390362504704567 0.11404057051587002 -0.031132626679597736 -0.011635324160357613 0.11587878139401948 -0.0045406913367843785 0.024836670726342609 0.030235482318278713 0.095093544989264922 -0.022125222396229591 -0.013784159795002941 0.030215818994218015 0.0071888871262398742
leaf_weight=0.44846002984166844 1.019075165552038 5.3328911553780669 3.4616299604284242 1.3312538848377489 2.3953719866740926 1.5986022239420226 48.452626068319518 1.4802004344845148 2.5879568996900444 11.89024391868451 3.4224108426242124 0.46431091382066458 0.85845451878061396 0.74940443836220527 10.214138400443204 1.3427104428194523 0.83980330577730233 0.57305698682486061 0.38023946404838227 3.2483414053258697 4.5157050981877642 1.1966209158983216 1.2957780278393505 2.1491001356327217 4.0084734332938474 0.76984879101781434 6.3565077600614854 3.1933248110643149 6.3736137158121755 9.188733918195199
leaf_count=82 42 383 453 102 197 151 6477 212 150 1443 377 69 126 46 2071 180 89 122 85 808 1306 188 253 130 964 198 918 570 1174 1403
internal_value=-0.000892676 -0.00114292 -0.00449459 0.00397651 0.0379655 0.00253337 0.00123531 0.00265616 -0.00351636 0.000495852 0.00799536 0.00320415 0.00901303 -0.0133595 -0.00534547 0.0105095 0.0361336 0.0166422 -0.00937097 0.000896073 0.0125802 0.0793559 0.0430361 0.0560503 0.00805432 0.0315092 -0.00142033 -0.00112911 0.0243505 -0.00479776
internal_weight=141.139 140.69 84.4133 56.2771 3.41445 52.8627 51.5314 49.9328 80.9517 57.5097 33.4667 27.4339 24.0115 23.442 18.1091 7.89492 6.55221 4.51579 24.043 12.1528 8.90442 2.03642 6.03284 4.73706 8.52418 7.60777 16.4037 3.76638 6.83792 15.5452
internal_count=20769 20687 13506 7181 239 6942 6840 6689 13053 9404 4798 4265 3888 3649 3266 1195 1015 738 4606 3163 2355 277 533 280 2270 1441 2447 692 1243 2321
cat_boundaries=0 4 8 12
cat_threshold=545300994 137560324 2354055204 113777688 1343635461 13122609 581888 1091584900 2416706721 2499807256 8716297 2684813440
is_linear=0
shrinkage=0.05


Tree=43
num_leaves=31
num_cat=2
split_feature=17 2 6 22 8 22 11 13 6 1 10 0 11 4 19 17 7 0 3 14 14 7 14 20 17 9 3 20 3 18
split_gain=1.02911 1.64554 1.38311 1.28597 1.98495 2.61034 1.98422 1.9379 1.83063 2.28704 2.15355 4.28904 1.73869 1.60372 2.32578 1.55533 1.50061 1.38809 1.28648 1.27555 1.53242 1.57455 1.39243 1.48597 1.34269 1.21614 1.32161 1.43879 1.34113 1.2405
threshold=35.500000000000007 -0.23787279968382327 2.1294500000000007 0 0.89500000000000013 1 0.0078456276069104602 0.1009091660467807 4.1961500000000012 -0.0013306725784060778 0.087619047619047596 0.050501506799703937 0.08426966292134834 9.5395000000000021 3.5000000000000004 92.500000000000014 0.68500000000000016 0.34780830926937517 190771.73420000004 0.83365885416666685 0.90019531250000007 1.7150000000000001 0.88239562878852562 0.31438415159345395 89.500000000000014 -9.8793294869228152 1791630.2762500003 0.22540322580645164 292423.96455000009 7.5000000000000009
decision_type=2 2 10 9 8 9 2 2 8 2 2 2 2 2 2 2 2 2 2 2 2 2 2 2 2 2 2 2 2 2
left_child=1 -1 -3 6 7 8 -2 13 9 17 12 -12 -11 16 -15 -13 -5 -6 -18 -10 22 24 23 -21 -22 -7 27 -27 -29 -30
right_child=3 2 -4 4 5 25 -8 -9 19 10 11 15 -14 14 -16 -17 18 -19 -20 20 21 -23 -24 -25 -26 26 -28 28 29 -31
leaf_value=0.067539940468216875 0.048982234109160493 0.070147740419669327 -0.0061001865550480202 0.0012519305431897664 -0.044505088674465676 0.08173637035999283 0.0028983521342641123 0.035347430852582663 -0.0063721255150760731 0.032761526048574449 0.16235840112242614 0.010004525167218174 -0.035853101807411546 0.039934897911781418 -0.014629272092993013 0.077345978484695932 0.030202126827742315 0.036983281535399405 -0.03703096287089324 -0.023201576007993434 0.056674240101744003 -0.054015507399405027 0.11011248459312678 0.09074315794846588 -0.03004360937961216 -0.029064333549792029 -0.042223329472917438 -0.03833072328080131 -0.043080185628916384 0.012586480117035823
leaf_weight=1.3657082830221474 2.4622368036335862 0.69828888045818871 4.0115437407909553 3.7827534436399288 1.5443413818245511 0.32487463416231577 45.478734012939348 1.79505325862761 12.853399005506967 3.7589656835124554 0.88406058114284736 1.9857314984095107 1.2238736355012703 2.420814454855079 10.105131464748409 1.5090121385816244 0.74706522260976171 0.78989459740586543 14.947302245330187 0.69386754777438031 1.2534092918669446 0.90552955268132951 0.77284583730632039 0.48691913990228386 0.69326837902860905 6.6683127130442434 3.8988286653697584 1.9587936879259462 1.1190297245091887 9.4725410356319895
leaf_count=369 217 333 2771 208 175 57 5533 165 1912 462 89 284 165 186 1848 94 96 106 1595 100 94 200 55 47 50 1048 559 423 171 1357
internal_value=-0.000912039 0.0192167 0.00520448 -0.00182104 -0.00514946 0.000312598 0.00435649 -0.0152056 0.00895553 0.0273488 0.0383893 0.0639711 0.0159086 -0.0180411 -0.00408398 0.0390822 -0.027017 -0.0169298 -0.0338306 0.00184478 0.0238212 0.000454068 0.057936 0.0237856 0.0257915 -0.0100454 -0.0156806 -0.0102959 -0.000323818 0.00670514
internal_weight=140.612 6.07554 4.70983 134.537 86.5956 52.7975 47.941 33.7981 29.3551 11.6959 9.36164 4.3788 4.98284 32.0031 12.5259 3.49474 19.4771 2.33424 15.6944 17.6592 4.80584 2.85221 1.95363 1.18079 1.94668 23.4424 23.1175 19.2187 12.5504 10.5916
internal_count=20769 3473 3104 17296 11546 7448 5750 4098 3833 1375 1094 467 627 3933 2034 378 1899 281 1691 2458 546 344 202 147 144 3615 3558 2999 1951 1528
cat_boundaries=0 4 8
cat_threshold=545260194 135598380 2151680036 130554905 1415208964 15336449 237551936 1076896260
is_linear=0
shrinkage=0.05


Tree=44
num_leaves=31
num_cat=3
split_feature=5 22 3 2 8 0 22 7 22 0 0 2 0 21 3 0 5 8 11 14 9 13 0 11 14 8 2 7 11 7
split_gain=1.00156 0.96379 2.39591 1.77379 1.40127 2.40602 2.02458 2.06348 2.00971 2.54418 2.1482 1.87811 1.78303 1.77758 1.78254 1.68325 1.67692 1.47334 1.66114 1.46893 1.45247 1.73769 1.85056 1.58436 1.46386 1.37126 1.36116 1.5534 1.33141 1.30898
threshold=18070915.500000004 0 4831276.447900001 -0.4359122999964522 0.81500000000000006 0.040855088283678613 1 1.7950000000000002 2 0.034174659576885945 0.20172122816590082 -0.22692880036630028 0.26274648409673512 0.18871224165341816 1242411.5000000002 0.06536283975022654 245530061.05000004 1.1650000000000003 0.10580528142918434 0.23570261437908499 -0.15968086774598708 0.099806980734087905 0.18697323942318886 0.13475317636253345 0.52387863708618443 0.95500000000000007 -0.35253703873178566 1.0050000000000001 0.034767609044120615 2.7150000000000003
decision_type=2 9 2 2 8 2 9 2 9 2 2 2 2 2 2 2 2 10 2 2 2 2 2 2 2 8 2 2 2 2
left_child=-1 3 4 -2 5 -3 7 13 9 -6 -10 -11 -9 -7 -15 -13 17 18 25 -20 24 -22 -23 28 -18 -17 -5 -28 -24 -12
right_child=1 2 -4 26 8 6 -8 12 10 11 29 15 -14 14 -16 16 20 -19 19 -21 21 22 23 -25 -26 -27 27 -29 -30 -31
leaf_value=0.074869209624775487 0.058638329181199517 -0.043140973602047022 -0.04218850288448521 -0.037506479913561326 0.039395830396045495 -0.028851306385018472 -0.013548590107412915 0.078257324990046173 -0.027226505123688939 -0.032013441693531985 -0.0063335760011062727 -0.050250532966027578 0.0041017380061752927 0.0015501108518520346 0.089709236222799027 -0.04283820231237833 0.019743469259670771 0.0065254051776040198 0.040359755337580377 0.12323459854561142 -0.03951704956955332 0.084013714799986455 0.089179009333166775 0.093330814642616486 -0.03644632410274979 0.046884002171935016 0.022600086392816621 0.00029832423793601593 0.0029892632749082305 0.032510289910929434
leaf_weight=0.43499810204224232 1.4745004895375178 5.1862192189848164 4.0445599229290101 1.9919330405164775 6.1301683700608995 2.5179782930277668 9.8206841229327075 2.2044613856212369 11.549631125369119 3.2261659053097516 8.9095718852390409 1.1673849391180962 1.2820193518321472 1.7800979369787771 0.84583077905112691 0.63038832092170571 1.6868823324556927 3.3578763794765116 1.0734045501719296 1.0653564003295981 1.4240205231791243 1.000692821255188 0.4727193783662188 0.57135161340060925 3.7047459277625556 1.3125058793896116 9.6981633687427031 40.063776180388132 8.59043880070851 2.8666734149713973
leaf_count=82 98 388 518 181 531 176 2045 280 1445 381 2006 142 361 383 70 220 214 708 108 109 336 99 43 28 509 259 761 5919 1266 1103
internal_value=-0.000881848 -0.00111781 -0.00413791 0.00384136 -0.00277202 -0.0130521 -0.00459471 0.00986372 0.00136474 0.0078798 -0.00833254 0.0039732 0.0509895 0.00116472 0.0299468 0.00842864 0.0111808 0.0310575 0.0512395 0.0816412 0.00270702 0.0123523 0.0192975 0.0125757 -0.0188662 0.0177729 0.0030224 0.00464474 0.00748478 0.00312213
internal_weight=140.085 139.65 86.4218 53.2284 82.3773 23.6373 18.4511 8.63039 58.74 35.4141 23.3259 29.2839 3.48648 5.14391 2.62593 26.0578 24.8904 7.43953 4.08166 2.13876 17.4509 12.0592 10.6352 9.63451 5.39163 1.94289 51.7539 49.7619 9.06316 11.7762
internal_count=20769 20687 13728 6959 13210 3703 3315 1270 9507 4953 4554 4422 641 629 453 4041 3899 1404 696 217 2495 1772 1436 1337 723 479 6861 6680 1309 3109
cat_boundaries=0 4 8 12
cat_threshold=545292802 137822468 2354055204 650648593 2416452769 2231371784 42270729 2147942536 1079402501 13122609 581888 1091584780
is_linear=0
shrinkage=0.05


Tree=45
num_leaves=31
num_cat=3
split_feature=22 8 8 1 7 19 22 1 22 20 7 0 7 5 3 7 0 4 3 4 11 0 16 7 9 4 3 0 2 9
split_gain=0.930897 1.56805 2.0714 1.40096 0.981591 1.49436 2.44886 2.39751 2.38937 2.28325 1.61828 1.47742 1.42605 1.41661 1.60662 1.54643 1.50669 1.41532 1.30656 1.7294 1.65956 1.89522 1.24298 1.40094 1.53003 1.31367 1.23602 1.15766 1.27312 2.00293
threshold=0 1.3950000000000002 1.4750000000000003 -0.012617610305445391 0.8650000000000001 5.5000000000000009 1 -0.018599227781642576 2 0.22271825396825398 0.96500000000000008 0.86736294883920773 1.6250000000000002 230559901.50000003 268065.13065000006 1.5650000000000002 0.038333697379392843 7.8206500000000014 668562.30210000009 6.8624500000000008 0.094090057799735158 0.26274648409673512 3.5000000000000004 2.7550000000000003 2.402499902499911 8.3259000000000025 2396615.9984500003 0.76737073581487025 -0.26640438781495296 4.6935242641209198
decision_type=9 8 10 2 2 2 9 2 9 2 2 2 2 2 2 2 2 2 2 2 2 2 2 2 2 2 2 2 2 2
left_child=1 -1 -3 -4 -2 8 7 -7 10 -8 -6 22 13 14 -9 18 -16 -14 -15 -20 -21 -22 23 27 25 -25 -10 28 -12 -30
right_child=4 2 3 -5 5 6 9 12 26 -11 11 -13 17 15 16 -17 -18 -19 19 20 21 -23 -24 24 -26 -27 -28 -29 29 -31
leaf_value=-0.022373134588544757 0.011196508369251663 0.073734686549789361 0.093088794029211733 -0.01944859187671355 0.066106643957715649 0.13490320936523761 -0.030420137738218889 -0.039999890787074485 -0.0094716270199361637 0.0095331584114847524 0.031400369890088105 -0.026981270667595304 -0.021536436194762518 -0.026528742286906361 0.0041346746473351478 0.12234178633911785 0.11052868729334686 0.022925024354144272 -0.030086204778195947 -0.015120783928935566 0.16131115062598267 0.039472056818401435 -0.046257896575520402 0.085757828561664348 0.10724233551127052 0.010302605013684227 -0.033537437700430058 0.058649560921172031 -0.0096812663139556384 0.06813621416753271
leaf_weight=13.694873375410351 19.933451067038973 1.0432610298392067 0.3079273826825929 2.7139124561642838 1.1926902497677385 0.49808328759439824 7.749976387856174 0.27736516648891063 39.986277860534855 6.6394445081452389 3.2240037115471365 2.9091706198459724 2.4949931256820772 1.284576537901444 0.42040768628243119 0.36453634490002418 1.5960889870294037 6.3335367146907444 0.72227320849873455 0.50983794458073806 0.55503332066649569 0.7510873734175334 0.90818971870749621 0.726854629266103 0.69117327110549798 2.7946937324553538 6.1568876256143374 1.013477784869308 11.230382930849551 0.89262175423931545
leaf_count=2596 1444 135 71 762 60 79 1339 234 5160 2686 167 325 558 206 72 69 281 1821 86 81 30 129 95 164 91 409 568 92 923 36
internal_value=-0.000900696 -0.00913509 0.0129904 -0.00798096 0.000969514 -0.000935482 0.00839525 0.0165056 -0.00486377 -0.00707112 0.00664246 0.00645805 0.0234348 0.041245 0.072828 0.0239436 0.0883472 0.01036 0.0145606 0.0353555 0.061384 0.0912473 0.0109867 0.0135137 0.0392262 0.0258767 -0.0104237 0.00689286 0.00347497 -0.00395153
internal_weight=139.617 17.76 4.0651 3.02184 121.857 101.924 30.1972 15.8078 71.7264 14.3894 25.5833 24.3906 15.3097 6.48121 2.29386 4.18734 2.0165 8.82853 3.82281 2.53823 1.81596 1.30612 21.4814 20.5732 4.21272 3.52155 46.1432 16.3605 15.347 12.123
internal_count=20769 3564 968 833 17205 15761 7671 3646 8090 4025 2362 2302 3567 1188 587 601 353 2379 532 326 240 159 1977 1882 664 573 5728 1218 1126 959
cat_boundaries=0 5 9 13
cat_threshold=172360768 2197832834 1931613441 405053440 1 2752520743 411709696 2215692324 1611270152 8945800 604047677 138512392 79779600
is_linear=0
shrinkage=0.05


Tree=46
num_leaves=31
num_cat=3
split_feature=20 8 22 3 20 17 13 13 5 7 17 11 8 3 3 2 0 15 4 3 8 8 22 4 17 22 6 9 14 6
split_gain=0.920702 1.25497 0.98351 1.59737 1.40107 2.0912 1.3558 2.69419 1.47133 1.58912 1.73558 1.67842 1.49668 1.48202 1.47745 1.46125 1.27979 1.33618 1.40427 1.23985 1.21919 1.19486 2.3575 3.25505 2.37181 2.35629 2.38904 1.65512 1.60721 1.37038
threshold=0.48557453158680158 0.8650000000000001 0 6389729.6204500003 0.32779310344827589 47.500000000000007 0.10111124830225961 0.10050251256281419 175560512.01500002 1.5450000000000002 90.500000000000014 0.12303370345204107 1.0850000000000002 552350.21330000006 343245.04010000004 -0.26640438781495296 0.012735388289639398 5.5000000000000009 11.538950000000002 230661.98310000004 0.66500000000000015 0.90500000000000014 1 6.8149000000000006 128.50000000000003 2 4.1300500000000007 -3.6421354926024603 0.27812939521800289 15.199650000000002
decision_type=2 10 9 2 2 2 2 2 2 2 2 2 10 2 2 2 2 2 2 2 8 8 9 2 2 9 8 2 2 10
left_child=2 -2 4 21 6 16 7 8 12 15 11 -11 19 14 -14 -10 -6 18 -18 -1 -21 22 23 -4 27 26 -23 -25 -29 -28
right_child=1 -3 3 -5 5 -7 -8 -9 9 10 -12 -13 13 -15 -16 -17 17 -19 -20 20 -22 25 -24 24 -26 -27 29 28 -30 -31
leaf_value=-0.05803211802734401 0.083236153146030653 -0.010944599434984501 -0.022195905802595513 -0.046612779404159248 -0.057855242604086171 -0.024035082149083335 -0.057118625034141661 0.047319170764177049 0.057058442230840091 -0.0069212078182411298 -0.039024494368487997 0.059836875401257386 0.063312582677060442 0.11885298975468724 -0.026092113150500276 0.0066571198714680709 -0.027549957708574532 0.077283101463483994 0.052263972952460824 0.071127043416897545 0.0049266574726728523 0.031063585784580114 -0.017203509592850323 -0.034373622495854912 0.13835050849078237 -0.009456934219345757 0.0052570466024501675 -0.013664672907349063 0.048594270533019727 -0.045042713330035788
leaf_weight=0.61259665155140552 0.75606942714929448 0.6646609061538733 4.1894453186514458 2.2398880652215913 0.45550053131270063 8.6245089061413847 0.76940943095865932 4.3037041662212081 1.6230151265622872 10.089813820554012 4.0194300981488587 1.0384259726835185 1.3900581013555751 0.67485732967463707 0.69220333948548773 12.619875169064503 1.1912509004007255 1.0759176006631603 1.0255500273621789 0.86447375045004538 3.5579244851185976 10.633811508147369 20.027473249897273 0.99814963991803285 0.49652440445106538 21.057081175983196 15.866595033451175 1.3239754427040535 4.7756157700069402 1.4804356412019704
leaf_count=139 141 289 412 292 36 926 110 433 69 1728 504 103 343 83 128 992 495 118 426 83 367 1464 3346 82 35 3781 2541 203 763 337
internal_value=-0.000869164 0.0391755 -0.00128228 -0.00442872 0.00364659 -0.0104838 0.00864703 0.00986672 0.00553179 0.000410505 -0.0108633 -0.000691712 0.0248484 0.0544612 0.0335919 0.0124005 0.0206972 0.0315638 0.00937405 0.00863275 0.0178673 -0.00380781 -0.0113547 0.00713247 0.0327037 0.0010879 0.00913758 0.0253131 0.0350804 0.000964349
internal_weight=139.138 1.42073 137.718 83.089 54.6285 12.3727 42.2558 41.4864 37.1827 29.3906 15.1477 11.1282 7.79211 2.75712 2.08226 14.2429 3.74822 3.29272 2.2168 5.03499 4.4224 80.8491 31.8112 11.7837 7.59427 49.0379 27.9808 7.09774 6.09959 17.347
internal_count=20769 430 20339 13256 7083 2001 5082 4972 4539 3396 2335 1831 1143 554 471 1061 1075 1039 921 589 450 12964 4841 1495 1083 8123 4342 1048 966 2878
cat_boundaries=0 4 9 13
cat_threshold=545268226 137822476 71313444 113908761 2147484833 2231404576 2157248520 2835431808 1 1348386852 13112369 170443010 1076888068
is_linear=0
shrinkage=0.05


Tree=47
num_leaves=31
num_cat=3
split_feature=5 4 22 14 8 6 14 20 4 5 14 3 2 22 6 22 2 14 7 9 7 13 10 9 3 20 10 5 14 18
split_gain=0.916693 0.880402 1.43844 2.07591 1.64428 2.58802 1.95763 1.66911 1.39735 1.37569 1.4147 1.3501 1.9309 1.82034 1.33707 1.21251 1.18149 1.85935 1.75002 2.34567 1.60536 1.55422 1.40964 1.31046 1.39001 1.24947 1.70446 1.38511 1.90849 1.41281
threshold=18070915.500000004 20.835400000000003 0 0.65730872900684234 1.2650000000000003 8.6707000000000019 0.12023222060957911 0.24165739710789771 13.905250000000001 391044398.53500003 0.46673177083333339 1172632.0233000002 -0.39490177065283499 1 1.9207500000000002 2 -0.23787279968382327 0.21066856330014228 1.4650000000000001 -0.15968086774598708 2.5150000000000001 0.099337748344370827 0.090097206389952014 1.4349965455066285 668562.30210000009 0.39036004645760752 0.073464129343083953 274086449.4550001 0.4816696231790572 9.5000000000000018
decision_type=2 2 9 2 10 8 2 2 2 2 2 2 2 9 8 9 2 2 2 2 2 2 2 2 2 2 2 2 2 2
left_child=-1 2 4 11 16 6 -6 8 -8 10 14 13 -13 -4 -9 -3 18 -18 19 22 -20 23 -2 24 -19 27 -27 -23 -29 -30
right_child=1 15 3 -5 5 -7 7 9 -10 -11 -12 12 -14 -15 -16 -17 17 21 20 -21 -22 25 -24 -25 -26 26 -28 28 29 -31
leaf_value=0.072874626136418749 0.030627587986026716 0.015396016734727383 0.0060986641740515121 -0.020156939430972812 -0.050223186314248318 -0.025436928494922961 0.074442398005573188 0.10886288752839253 -0.020033673717222991 -0.010982070155453778 0.12141295413273399 0.10555570932881425 0.0096415002968896161 -0.010922936214271367 0.0018805514476636781 -0.0076359192702300351 0.022120321103313172 0.087024183943506972 -0.023824273684492841 -0.014370429307462988 0.043396166504247657 -0.046724419883095017 0.10087253565148183 0.12808825447458563 -0.054141377635080125 0.088577915789028752 -0.0063938184916782206 0.026067970588791511 -0.050023773478210035 -0.010574876850633108
leaf_weight=0.41940623511192043 1.4667105459885905 6.2723929102033971 19.50676382670374 21.165417967525961 0.63641647552989944 2.284059180809046 3.5464888038093485 0.37218784935228666 0.43993333263080092 2.014184580358453 0.48672486186615049 0.55672859434468946 9.128777762104141 30.452760248949978 1.3565805536017308 4.8477987921552543 5.0188148974324553 0.31471917589381948 3.3058540821951183 1.3890242023591328 1.2145065580769836 3.653680142200435 1.3920325885759437 0.34175576297862165 0.39106231250766044 0.64625118748874344 1.7564429446462879 2.650797198893236 3.0744742606341147 8.6698595984582685
leaf_count=82 45 1079 2629 4048 120 390 441 52 46 316 132 13 851 5406 213 1270 614 56 136 86 72 630 59 45 55 78 266 251 396 892
internal_value=-0.00093401 -0.00115775 -0.00233691 -0.00596583 0.00433209 0.0220154 0.0342587 0.0408027 0.0640162 0.0189242 0.0461131 -0.00193025 0.0151547 -0.00524247 0.0249129 0.0123337 -2.12296e-05 -0.00528222 0.0158898 0.0389331 -0.00576384 -0.0116792 0.0648326 0.0477219 0.00880659 -0.0147217 0.0191507 -0.0192309 -0.0122527 -0.020902
internal_weight=138.773 138.353 127.233 80.8104 46.4226 11.1366 8.85252 8.2161 3.98642 4.22968 2.21549 59.645 9.68551 49.9595 1.72877 11.1202 35.286 26.5179 8.76813 4.24777 4.52036 21.499 2.85874 1.04754 0.705781 20.4515 2.40269 18.0488 14.3951 11.7443
internal_count=20769 20687 18338 12947 5391 1710 1320 1200 487 713 397 8899 864 8035 265 2349 3681 3283 398 190 208 2669 104 156 111 2513 344 2169 1539 1288
cat_boundaries=0 4 8 12
cat_threshold=1610646019 137691444 206604292 113791505 8806400 2227211401 27803648 2703623432 2492473350 541263872 2193956897 1576328
is_linear=0
shrinkage=0.05


Tree=48
num_leaves=31
num_cat=2
split_feature=22 6 6 7 5 20 11 9 7 5 13 2 20 11 7 0 3 22 17 18 3 4 7 14 21 3 20 8 9 2
split_gain=0.870738 1.07236 1.1141 1.39906 1.17506 1.29842 1.55688 1.21857 1.06861 1.05793 2.03098 1.59999 1.2674 1.03263 1.00885 1.00819 0.997519 0.979783 1.3045 1.24057 1.23493 1.16536 1.57508 1.6161 1.58411 1.76103 1.54082 1.49024 1.66629 1.40707
threshold=0 0.82435000000000003 1.4743000000000002 0.31500000000000006 46499445.125000007 0.14449845338046843 0.098556671132605744 -8.8370741197684328 2.9950000000000006 276839827.7100001 0.09962523057331997 -0.20685054404085471 0.42766151046405826 0.12054219109168333 1.2150000000000001 0.062438177926884379 1446613.8207500002 1 65.500000000000014 10.500000000000002 450486.09410000005 19.064350000000001 1.0150000000000003 0.653950103950104 0.16152751423149908 1043396.6092000002 0.24264069264069268 0.8650000000000001 -1.6740199394252195 -0.18562601820925942
decision_type=9 8 8 2 2 2 2 2 2 2 2 2 2 2 2 2 2 9 2 2 2 2 2 2 2 2 2 10 2 2
left_child=9 -2 3 -3 -4 6 8 15 14 10 11 -1 16 -8 -6 -7 -12 18 -9 -20 -21 22 24 29 25 -19 27 -23 -29 -24
right_child=1 2 4 -5 5 7 13 17 -10 -11 12 -13 -14 -15 -16 -17 -18 21 19 20 -22 26 23 -25 -26 -27 -28 28 -30 -31
leaf_value=-0.0554168972671715 0.033910096107152447 0.055822612658401827 0.060228895240953054 -0.031270953309524369 0.024413005324759998 -0.022040924253451753 -0.049087450984650088 0.0060526940047170791 0.094733493602807264 -0.028257190784271392 -0.027364694597511591 0.11255943800526408 0.061352455724069055 -0.0070295821000968262 -0.031149448970965173 0.075488788253650504 0.047578758206814842 -0.04131497038529109 -0.031378349648311328 -0.025020261285968133 0.0034975705148200809 -0.016124751813926221 0.020909517809114139 -0.013851840200262656 0.032763247961279336 0.029064601515190525 0.008367162736645754 0.16208655521565285 0.051914316856668655 -0.0017398816883780225
leaf_weight=0.18438121777023753 2.408225116650601 0.51222028079884552 0.837615628699523 4.6210323607307942 1.9022480325999662 0.36123474310082204 3.6360369295585215 16.022889468464882 0.33107693553351314 8.0009774606403621 4.3750717540182684 0.61329810073058766 0.53446453414869655 2.4380442684692127 1.431947399037014 0.99442312198414129 0.49416183167157957 1.8484521326299925 6.3236385280641256 5.5588068420577796 11.972196799510582 0.55682585640528914 10.458811959383924 15.336251980430058 7.8158183098543077 1.7120535294343708 5.026328366126144 0.44152281536334248 1.5411252201683603 19.912360444560409
leaf_count=71 274 33 346 669 64 177 352 3835 116 1744 967 149 83 77 548 82 28 136 343 925 1149 107 686 2582 648 59 1031 42 215 3231
internal_value=-0.000888106 0.000805599 0.000216198 -0.0225803 0.00122101 0.000793534 -0.016677 0.00240051 0.0090578 -0.00953175 -0.000742662 0.0737322 -0.0117364 -0.0322061 0.000550423 0.0495006 -0.0197589 0.00178965 -0.00398281 -0.0123932 -0.00554499 0.00516708 0.00352239 -0.000621163 0.0201702 -0.00747326 0.0244057 0.0561505 0.076449 0.00605981
internal_weight=138.204 124.001 121.593 5.13325 116.46 115.622 9.73935 105.883 3.66527 14.2024 6.20138 0.797679 5.4037 6.07408 3.3342 1.35566 4.86923 104.527 39.8775 23.8546 17.531 64.6496 57.0837 45.7074 11.3763 3.56051 7.5658 2.53947 1.98265 30.3712
internal_count=20769 17727 17453 702 16751 16405 1157 15248 728 3042 1298 220 1078 429 612 259 995 14989 6252 2417 2074 8737 7342 6499 843 195 1395 364 257 3917
cat_boundaries=0 5 9
cat_threshold=172360776 2197832834 1898059008 404791552 1 1410367872 606085152 76057149 3230663368
is_linear=0
shrinkage=0.05


Tree=49
num_leaves=31
num_cat=1
split_feature=5 17 2 4 22 0 0 2 5 8 9 13 10 10 0 11 7 15 9 20 18 21 17 14 17 2 7 0 6 4
split_gain=0.842108 0.837407 1.42422 1.09557 1.42799 1.86666 1.73464 1.99595 1.71155 1.50945 1.49237 1.44868 1.40302 1.9848 1.84132 1.54876 1.49004 2.41032 2.03503 1.6049 1.75446 1.76961 1.95257 1.30132 1.29467 2.88211 1.26577 1.2078 1.14155 2.86412
threshold=18070915.500000004 35.500000000000007 -0.23787279968382327 20.835400000000003 0 0.80190570976642739 0.83323583395685441 0.3023781560125029 632826732.10000014 0.87500000000000011 6.9458034355294531 0.1009091660467807 0.092908668435381245 0.089913613011873589 1.0000000180025095e-35 0.089532548921520697 2.3350000000000004 2.5000000000000004 3.1810150979762257 0.16561181434599156 8.5000000000000018 0.17521929824561405 101.50000000000001 0.96664247701983563 128.50000000000003 -0.018176669253844088 0.75500000000000012 0.014432972215088645 7.9759500000000001 9.2579000000000011
decision_type=2 2 2 2 9 2 2 2 2 8 2 2 2 2 2 2 2 2 2 2 2 2 2 2 2 2 2 2 10 2
left_child=-1 2 -2 4 12 8 7 -7 9 11 24 27 13 14 -3 23 18 19 -14 -18 -21 -22 -23 -16 26 -26 -10 -6 29 -8
right_child=1 3 -4 -5 5 6 28 -9 10 -11 -12 -13 16 -15 15 -17 17 -19 -20 20 21 22 -24 -25 25 -27 -28 -29 -30 -31
leaf_value=0.071257903483773297 0.062259239572148212 0.10213182499207758 0.0040663019798869221 0.013719314681977714 -0.049810669902402557 0.016393712485637316 -0.014160765585048371 0.13652646085766781 0.020730462646753101 0.00066257455416180431 0.063050032668320488 0.030121519194829346 -0.021883455404974446 0.057716605780291169 0.011982368187457217 -0.018930777462377216 -0.058076939362930208 -0.029054324728261183 0.025846203113381372 -0.024812675176944621 0.1375956846321805 0.0067927861171714309 0.12054079458216992 0.084493088811765274 0.13188295324532232 -0.05764263178128029 -0.034084035636103398 -0.014741225136251916 -0.021863520119234703 0.048941042584813466
leaf_weight=0.40363882232546089 1.3561711497505298 0.51531748250947629 4.6788945346013184 10.336428008198949 2.842478925134631 0.90400315427864331 3.9076442600012466 0.55989850125979501 1.1376307583924585 34.234250825624798 0.47607595582792228 1.581068969033139 10.897449963478243 2.4658722574488356 9.2998085008784273 4.3576216812520689 0.34257453943973759 1.6796963248131076 2.8088573560305283 0.54615308023161935 0.76058215666506646 1.104413218731622 0.57302542208708462 0.66286197556581861 0.39291521117280581 0.4098113014733834 14.187871080009641 18.016786697667584 2.9862282714474304 3.3312215112833847
leaf_count=82 365 17 3084 1908 135 182 796 57 44 4373 36 130 1254 245 1358 478 38 361 210 73 35 304 33 67 49 67 1626 2274 530 558
internal_value=-0.000856205 -0.00106813 0.0171431 -0.00190507 -0.00323998 -0.00637039 0.0114355 0.0623409 -0.01008 -0.0059439 -0.0241975 -0.0160225 0.00462906 0.0161778 0.00927351 0.00593199 -0.00357496 0.0197701 -0.0121021 0.0444219 0.0561885 0.074334 0.0456499 0.0168068 -0.0267729 0.0351256 -0.0300151 -0.0195201 0.00414752 0.0148778
internal_weight=137.757 137.354 6.03507 131.319 120.982 84.9679 11.689 1.4639 73.2789 56.6746 16.6043 22.4403 36.0142 17.3015 14.8356 14.3203 18.7128 5.00644 13.7063 3.32675 2.98417 2.43802 1.67744 9.96267 16.1282 0.802727 15.3255 20.8593 10.2251 7.23887
internal_count=20769 20687 3449 17238 15330 10857 2123 239 8734 6912 1822 2539 4473 2165 1920 1903 2308 844 1464 483 445 372 337 1425 1786 116 1670 2409 1884 1354
cat_boundaries=0 4
cat_threshold=1610646147 137695532 34852 113332753
is_linear=0
shrinkage=0.05


end of trees

feature_importances:
ret60=139
sw_l2=134
vr_d0=99
wr1=97
vr_prev=95
ftr=86
close_ret=85
amplitude=83
amount=78
pct_prev=76
cmv=69
zha_rate=62
amt_rank_pct=59
gap=54
turn_d0=52
mkt_boards_n=52
ind_boards=47
promo_yd=45
intraday=36
mkt_chain_n=29
mkt_max_streak=18
streak_prev=5

parameters:
[boosting: gbdt]
[objective: binary]
[metric: binary_logloss]
[tree_learner: serial]
[device_type: cpu]
[data_sample_strategy: bagging]
[data: ]
[valid: ]
[num_iterations: 50]
[learning_rate: 0.05]
[num_leaves: 31]
[num_threads: 0]
[seed: 42]
[deterministic: 0]
[force_col_wise: 0]
[force_row_wise: 0]
[histogram_pool_size: -1]
[max_depth: -1]
[min_data_in_leaf: 50]
[min_sum_hessian_in_leaf: 0.001]
[bagging_fraction: 1]
[pos_bagging_fraction: 1]
[neg_bagging_fraction: 1]
[bagging_freq: 0]
[bagging_seed: 400]
[bagging_by_query: 0]
[feature_fraction: 1]
[feature_fraction_bynode: 1]
[feature_fraction_seed: 30056]
[extra_trees: 0]
[extra_seed: 12879]
[early_stopping_round: 0]
[early_stopping_min_delta: 0]
[first_metric_only: 0]
[max_delta_step: 0]
[lambda_l1: 0]
[lambda_l2: 0]
[linear_lambda: 0]
[min_gain_to_split: 0]
[drop_rate: 0.1]
[max_drop: 50]
[skip_drop: 0.5]
[xgboost_dart_mode: 0]
[uniform_drop: 0]
[drop_seed: 17869]
[top_rate: 0.2]
[other_rate: 0.1]
[min_data_per_group: 100]
[max_cat_threshold: 32]
[cat_l2: 10]
[cat_smooth: 10]
[max_cat_to_onehot: 4]
[top_k: 20]
[monotone_constraints: ]
[monotone_constraints_method: basic]
[monotone_penalty: 0]
[feature_contri: ]
[forcedsplits_filename: ]
[refit_decay_rate: 0.9]
[cegb_tradeoff: 1]
[cegb_penalty_split: 0]
[cegb_penalty_feature_lazy: ]
[cegb_penalty_feature_coupled: ]
[path_smooth: 0]
[interaction_constraints: ]
[verbosity: -1]
[saved_feature_importance_type: 0]
[use_quantized_grad: 0]
[num_grad_quant_bins: 4]
[quant_train_renew_leaf: 0]
[stochastic_rounding: 1]
[linear_tree: 0]
[max_bin: 255]
[max_bin_by_feature: ]
[min_data_in_bin: 3]
[bin_construct_sample_cnt: 200000]
[data_random_seed: 175]
[is_enable_sparse: 1]
[enable_bundle: 1]
[use_missing: 1]
[zero_as_missing: 0]
[feature_pre_filter: 1]
[pre_partition: 0]
[two_round: 0]
[header: 0]
[label_column: ]
[weight_column: ]
[group_column: ]
[ignore_column: ]
[categorical_feature: 22]
[forcedbins_filename: ]
[precise_float_parser: 0]
[parser_config_file: ]
[objective_seed: 16083]
[num_class: 1]
[is_unbalance: 0]
[scale_pos_weight: 1]
[sigmoid: 1]
[boost_from_average: 1]
[reg_sqrt: 0]
[alpha: 0.9]
[fair_c: 1]
[poisson_max_delta_step: 0.7]
[tweedie_variance_power: 1.5]
[lambdarank_truncation_level: 30]
[lambdarank_norm: 1]
[label_gain: ]
[lambdarank_position_bias_regularization: 0]
[eval_at: ]
[multi_error_top_k: 1]
[auc_mu_weights: ]
[num_machines: 1]
[local_listen_port: 12400]
[time_out: 120]
[machine_list_filename: ]
[machines: ]
[gpu_platform_id: -1]
[gpu_device_id: -1]
[gpu_device_id_list: ]
[gpu_use_dp: 0]
[num_gpu: 1]

end of parameters

pandas_categorical:[["IT\u670d\u52a1\u2161", "\u4e00\u822c\u96f6\u552e", "\u4e13\u4e1a\u5de5\u7a0b", "\u4e13\u4e1a\u670d\u52a1", "\u4e13\u4e1a\u8fde\u9501\u2161", "\u4e13\u7528\u8bbe\u5907", "\u4e2a\u62a4\u7528\u54c1", "\u4e2d\u836f\u2161", "\u4e58\u7528\u8f66", "\u4e92\u8054\u7f51\u7535\u5546", "\u4f11\u95f2\u98df\u54c1", "\u4f53\u80b2\u2161", "\u4fdd\u9669\u2161", "\u5143\u4ef6", "\u5149\u4f0f\u8bbe\u5907", "\u5149\u5b66\u5149\u7535\u5b50", "\u5176\u4ed6\u5bb6\u7535\u2161", "\u5176\u4ed6\u7535\u5b50\u2161", "\u5176\u4ed6\u7535\u6e90\u8bbe\u5907\u2161", "\u517b\u6b96\u4e1a", "\u519b\u5de5\u7535\u5b50\u2161", "\u519c\u4e1a\u7efc\u5408\u2161", "\u519c\u4ea7\u54c1\u52a0\u5de5", "\u519c\u5316\u5236\u54c1", "\u519c\u5546\u884c\u2161", "\u51b6\u94a2\u539f\u6599", "\u51fa\u7248", "\u52a8\u7269\u4fdd\u5065\u2161", "\u5305\u88c5\u5370\u5237", "\u5316\u5986\u54c1", "\u5316\u5b66\u5236\u54c1", "\u5316\u5b66\u5236\u836f", "\u5316\u5b66\u539f\u6599", "\u5316\u5b66\u7ea4\u7ef4", "\u533b\u7597\u5668\u68b0", "\u533b\u7597\u670d\u52a1", "\u533b\u836f\u5546\u4e1a", "\u534a\u5bfc\u4f53", "\u53a8\u536b\u7535\u5668", "\u5546\u7528\u8f66", "\u5730\u9762\u5175\u88c5\u2161", "\u57ce\u5546\u884c\u2161", "\u57fa\u7840\u5efa\u8bbe", "\u5851\u6599", "\u591a\u5143\u91d1\u878d", "\u5bb6\u5c45\u7528\u54c1", "\u5bb6\u7535\u96f6\u90e8\u4ef6\u2161", "\u5c0f\u5bb6\u7535", "\u5c0f\u91d1\u5c5e", "\u5de5\u4e1a\u91d1\u5c5e", "\u5de5\u7a0b\u54a8\u8be2\u670d\u52a1\u2161", "\u5de5\u7a0b\u673a\u68b0", "\u5e7f\u544a\u8425\u9500", "\u5f71\u89c6\u9662\u7ebf", "\u623f\u5730\u4ea7\u5f00\u53d1", "\u623f\u5730\u4ea7\u670d\u52a1", "\u623f\u5c4b\u5efa\u8bbe\u2161", "\u6469\u6258\u8f66\u53ca\u5176\u4ed6", "\u6559\u80b2", "\u6570\u5b57\u5a92\u4f53", "\u6587\u5a31\u7528\u54c1", "\u65c5\u6e38\u53ca\u666f\u533a", "\u65c5\u6e38\u96f6\u552e\u2161", "\u666e\u94a2", "\u670d\u88c5\u5bb6\u7eba", "\u6797\u4e1a\u2161", "\u6a61\u80f6", "\u6c34\u6ce5", "\u6c7d\u8f66\u670d\u52a1", "\u6c7d\u8f66\u96f6\u90e8\u4ef6", "\u6cb9\u670d\u5de5\u7a0b", "\u6cb9\u6c14\u5f00\u91c7\u2161", "\u6d88\u8d39\u7535\u5b50", "\u6e14\u4e1a", "\u6e38\u620f\u2161", "\u70bc\u5316\u53ca\u8d38\u6613", "\u7126\u70ad\u2161", "\u7164\u70ad\u5f00\u91c7", "\u7167\u660e\u8bbe\u5907\u2161", "\u71c3\u6c14\u2161", "\u7269\u6d41", "\u7279\u94a2\u2161", "\u73af\u4fdd\u8bbe\u5907\u2161", "\u73af\u5883\u6cbb\u7406", "\u73bb\u7483\u73bb\u7ea4", "\u751f\u7269\u5236\u54c1", "\u7535\u529b", "\u7535\u5b50\u5316\u5b66\u54c1\u2161", "\u7535\u673a\u2161", "\u7535\u6c60", "\u7535\u7f51\u8bbe\u5907", "\u7535\u89c6\u5e7f\u64ad\u2161", "\u767d\u8272\u5bb6\u7535", "\u767d\u9152\u2161", "\u79cd\u690d\u4e1a", "\u7eba\u7ec7\u5236\u9020", "\u7efc\u5408\u2161", "\u80a1\u4efd\u5236\u94f6\u884c\u2161", "\u80fd\u6e90\u91d1\u5c5e", "\u81ea\u52a8\u5316\u8bbe\u5907", "\u822a\u5929\u88c5\u5907\u2161", "\u822a\u6d77\u88c5\u5907\u2161", "\u822a\u7a7a\u673a\u573a", "\u822a\u7a7a\u88c5\u5907\u2161", "\u822a\u8fd0\u6e2f\u53e3", "\u88c5\u4fee\u5efa\u6750", "\u88c5\u4fee\u88c5\u9970\u2161", "\u8ba1\u7b97\u673a\u8bbe\u5907", "\u8bc1\u5238\u2161", "\u8c03\u5473\u53d1\u9175\u54c1\u2161", "\u8d35\u91d1\u5c5e", "\u8d38\u6613\u2161", "\u8f68\u4ea4\u8bbe\u5907\u2161", "\u8f6f\u4ef6\u5f00\u53d1", "\u901a\u4fe1\u670d\u52a1", "\u901a\u4fe1\u8bbe\u5907", "\u901a\u7528\u8bbe\u5907", "\u9020\u7eb8", "\u9152\u5e97\u9910\u996e", "\u91d1\u5c5e\u65b0\u6750\u6599", "\u94c1\u8def\u516c\u8def", "\u975e\u767d\u9152", "\u975e\u91d1\u5c5e\u6750\u6599\u2161", "\u98ce\u7535\u8bbe\u5907", "\u98df\u54c1\u52a0\u5de5", "\u996e\u6599\u4e73\u54c1", "\u9970\u54c1", "\u9972\u6599", "\u9ed1\u8272\u5bb6\u7535"]]
