tree
version=v4
num_class=1
num_tree_per_iteration=1
label_index=0
max_feature_idx=22
objective=binary sigmoid:1
feature_names=wr1 gap ret60 cmv ftr amount turn_d0 vr_d0 vr_prev pct_prev intraday amplitude seal_hard close_ret amt_rank_pct ind_boards streak_prev mkt_boards_n mkt_chain_n mkt_max_streak zha_rate promo_yd sw_l2
feature_infos=[0:1.0000000000000007] [-0.10465116279069764:0.10588235294117654] [-0.67999999999999994:5.0384615384615392] [36636.599999999999:193496882.99250001] [0.11749999999999999:147.02070000000001] [2925612:31598894525.549999] [0.039300000000000002:55.946300000000001] [0.029999999999999999:22.719999999999999] [0.23000000000000001:16.620000000000001] [-10.416666666666663:9.4972067039106101] [-0.0044800000000000178:0.20930232558139528] [0:0.20930232558139528] [0:1] [0.095008051529790638:0.10588235294117654] [0.0014513788098693759:1] [1:51] [0:14] [5:890] [0:314] [1:18] [0:0.80158730158730163] [0:0.85245901639344257] -1:69:116:5:90:30:86:54:1:0:115:31:15:72:49:13:45:113:64:32:37:28:23:89:43:83:107:99:14:2:80:48:7:88:20:46:108:52:42:75:105:17:35:95:18:44:53:114:103:106:34:51:104:125:60:84:67:96:61:79:120:36:22:33:117:26:82:74:10:9:50:98:77:124:63:93:123:94:112:59:119:39:19:111:87:91:110:47:57:55:58:40:127:70:85:126:68:76:128:66:25:56:78:3:109:122:6:100:121:8:29:81:92:73:27:101:38:118:102:65:4:11:62:16:12:71:41:21:24
tree_sizes=3468 3541 3542 3543 3544 3561 3559 3567 3560 3573 3550 3573 3571 3574 3551 3564 3581 3561 3580 3554 3575 3585 3560 3574 3594 3578 3556 3558 3571 3567 3587 3581 3581 3573 3514 3580 3582 3572 3584 3586 3531 3573 3568 3568 3598 3542 3583 3575 3540 3599

Tree=0
num_leaves=31
num_cat=1
split_feature=7 22 13 5 8 15 2 10 7 5 1 2 9 13 8 3 2 21 0 15 0 16 0 21 6 18 10 20 3 11
split_gain=1.98571 1.65562 1.38737 1.21306 0.866269 0.766032 0.914913 1.26298 0.987065 1.65708 0.770819 0.666645 0.610516 0.608519 0.557316 0.543154 0.942698 0.54169 1.05651 0.53938 0.504716 0.841256 0.502738 0.479443 0.730987 0.451224 0.44365 0.432312 0.479899 0.460636
threshold=0.58500000000000008 0 0.10053192994369477 503277086.50000006 3.7150000000000003 11.500000000000002 -0.20308429761305832 0.098486968170795872 1.6250000000000002 325968308.36500007 0.030088003247382814 -0.50647559149445931 -2.8720626631853703 0.10004077065895546 1.175 137206.02205000003 -0.27710843373493971 0.2994252873563219 0.18293125452165812 2.5000000000000004 0.25902617575720932 1.0000000180025095e-35 0.90416200288241788 0.18684093684093686 2.5291500000000005 13.500000000000002 0.12856592983613771 0.43869027731373206 2628961.3848500005 0.10543304625642448
decision_type=2 9 2 2 8 2 2 2 2 2 2 2 2 2 8 2 2 2 2 2 2 2 2 2 8 2 2 2 2 2
left_child=13 2 5 20 11 6 7 10 19 -10 -2 -3 -7 23 -15 16 -13 22 -19 -9 21 -4 27 -1 -25 -24 -17 29 -29 -8
right_child=1 4 3 -5 -6 12 17 8 9 -11 -12 15 -14 14 -16 26 -18 18 -20 -21 -22 -23 25 24 -26 -27 -28 28 -30 -31
leaf_value=-1.2901651017241453 -1.3901100507458926 -1.2150096142110947 -1.1734750731339092 -1.4036441617647506 -1.1644916883850458 -1.2711762389463899 -1.3370222595882804 -1.1202648359045062 -1.3791752419790269 -1.1869224831796856 -1.2696559347784286 -1.1149314522866431 -1.4101198723315087 -1.3581734201249929 -1.2011293224621751 -1.3889270841685066 -1.422434398565416 -1.1153412823083448 -1.4046888992864097 -1.2479039716373126 -1.1248862229529237 -1.3424429607574395 -1.1425530667441894 -1.1151028816094686 -1.3519947664418466 -1.3395958025326833 -1.2336863364939301 -1.3735648928511015 -1.129624358794997 -1.3942398219435894
leaf_weight=0.16980887384628507 0.37767096542448242 0.056876681686836572 0.17656286938655127 0.098407922594708541 0.044510214486383926 0.095508170276880022 0.64048883206391838 0.16341520954797306 0.26591690681644753 0.19374562320963074 0.20485804371475891 0.049195310763025531 0.45908742301690103 0.26386190787597846 0.071883942251524169 8.5553625942252456 0.050517373849713547 0.069295894864895013 0.057915366372923993 0.16771611902293948 0.12597233810109992 0.12640141549451298 0.050851388884178728 0.13418619688762792 0.04300039982710982 0.067782530508335714 0.046271254421294539 0.039628735569537055 0.041041879735069231 0.78028382745054481
leaf_count=100 263 60 115 163 221 55 1451 51 99 56 87 150 241 192 107 13718 370 211 969 69 245 83 232 142 82 118 79 180 15 845
internal_value=-1.35968 -1.36404 -1.34828 -1.24532 -1.37131 -1.33204 -1.32242 -1.29188 -1.25073 -1.29814 -1.34775 -1.38563 -1.38619 -1.27656 -1.32455 -1.38675 -1.27072 -1.34642 -1.24707 -1.18491 -1.209 -1.24397 -1.35422 -1.23013 -1.17259 -1.25514 -1.38809 -1.36205 -1.24946 -1.36845
internal_weight=13.688 13.0053 4.20255 0.527345 8.80273 3.67521 3.12061 1.37332 0.790794 0.459663 0.582529 8.75822 0.554596 0.682741 0.335746 8.70135 0.0997127 1.74729 0.127211 0.331131 0.428937 0.302964 1.62008 0.346995 0.177187 0.118634 8.60163 1.50144 0.0806706 1.42077
internal_count=20769 20146 5548 606 14598 4942 4646 625 275 155 350 14377 296 623 299 14317 520 4021 1180 120 443 198 2841 324 224 350 13797 2491 195 2296
cat_boundaries=0 4
cat_threshold=2214723718 2351694121 2755690564 541206664
is_linear=0
shrinkage=1


Tree=1
num_leaves=31
num_cat=1
split_feature=7 22 13 5 8 15 2 10 7 5 10 2 9 3 2 13 3 8 21 0 0 10 20 4 11 1 11 1 6 6
split_gain=1.7062 1.53588 1.18428 0.985851 0.721747 0.677309 0.778138 1.08077 0.761935 1.32115 0.641793 0.572901 0.547656 0.481084 0.729847 0.473409 0.458839 0.447897 0.444794 0.805077 0.424909 0.386711 0.376067 0.402094 0.362321 0.380151 0.368994 0.513161 0.362283 0.350639
threshold=0.58500000000000008 0 0.10053192994369477 503277086.50000006 3.7150000000000003 11.500000000000002 -0.20308429761305832 0.098486968170795872 1.6250000000000002 298374419.61500007 0.044029754733973532 -0.50647559149445931 -2.8720626631853703 137206.02205000003 -0.27710843373493971 0.10004077065895546 509244.21825000009 1.175 0.2994252873563219 0.18293125452165812 0.90416200288241788 0.12856592983613771 0.41403940886699514 9.8064000000000018 0.10361842105263165 -0.020143417429798912 0.059482250654973527 0.034055589817226679 1.4281500000000003 2.5291500000000005
decision_type=2 9 2 2 8 2 2 2 2 2 2 2 2 2 2 2 2 8 2 2 2 2 2 2 2 2 2 2 8 8
left_child=15 2 5 -4 11 6 7 10 16 -10 -2 -3 -7 14 -13 29 -9 -17 20 -20 22 -15 24 -24 26 -26 -8 28 -28 -1
right_child=1 4 3 -5 -6 12 18 8 9 -11 -12 13 -14 21 -16 17 -18 -19 19 -21 -22 -23 23 -25 25 -27 27 -29 -30 -31
leaf_value=0.13778634796270942 0.10269780399932066 0.12632265618386596 0.13279102448219401 -0.042935566780806143 0.16577274126230224 0.079782917873207113 -0.058446245528677623 0.21295646011115502 -0.019708986655643333 0.14753394659520486 -0.018972750398826826 0.20246795679311039 -0.049429326640943183 -0.028683679795414398 -0.061971931498590815 0.0014285120575524982 0.10130824586059249 0.13737937788916366 0.20217213790967198 -0.044171266176416313 0.09326521438639028 0.11117367565566233 -0.062538901544764172 0.12957554288773268 0.095188630412780084 -0.041177052686257598 0.16071211790494611 0.17941911495636539 0.0037236434660383312 0.015351266533788622
leaf_weight=0.30090431787478367 0.14253024328700298 0.061740834498780539 0.47394490722112281 0.095976062836146459 0.049636361892873349 0.10051006711968896 0.11715960106971762 0.16787668504386183 0.26007185426170021 0.21629372720374157 0.45240104996786384 0.05627995208074632 0.44541185483610163 8.3838227340729663 0.048646032470283318 0.26409677890630062 0.20366290808574794 0.078618507100251589 0.079258789966833249 0.057031158482615724 0.12594673155076419 0.049719138923870143 0.037567290873239553 0.099040906716258051 0.054861090236089094 0.74701398562318122 0.041122889969045472 0.058410994576943986 0.3455624000714092 0.072583200538872683
leaf_count=216 46 59 451 164 221 55 228 67 94 62 310 150 241 13663 370 192 55 107 215 980 350 79 105 208 43 906 25 126 873 108
internal_value=-7.49335e-05 -0.00422297 0.0108762 0.103198 -0.0112893 0.0258415 0.0346084 0.0618381 0.0980865 0.0562276 0.0101764 -0.025438 -0.02564 -0.0265353 0.0798677 0.0750522 0.151755 0.0326155 0.0123233 0.0990886 0.00505373 -0.0278592 -0.00234925 0.076744 -0.0102699 -0.0318475 0.0205035 0.0412849 0.0204189 0.113992
internal_weight=13.6877 12.9715 4.32166 0.569921 8.64985 3.75173 3.20581 1.44284 0.847905 0.476366 0.594931 8.60021 0.545922 8.53847 0.104926 0.716203 0.37154 0.342715 1.76298 0.13629 1.62669 8.43354 1.50074 0.136608 1.36413 0.801875 0.562256 0.445096 0.386685 0.373488
internal_count=20769 20146 5604 615 14542 4989 4693 634 278 156 356 14321 296 14262 520 623 122 299 4059 1195 2864 13742 2514 313 2201 949 1252 1024 898 324
cat_boundaries=0 4
cat_threshold=2348941446 2351694185 2755690564 541206664
is_linear=0
shrinkage=0.05


Tree=2
num_leaves=31
num_cat=1
split_feature=7 22 5 13 2 7 5 3 8 19 2 13 6 13 6 10 17 20 20 15 13 21 8 11 0 8 4 0 9 6
split_gain=1.48118 1.38429 1.06587 1.32798 0.94069 1.36567 0.793078 0.685953 0.614264 0.518793 0.50772 1.09287 0.506818 0.472123 0.526914 0.425768 0.440854 0.415538 0.603747 0.548087 0.383407 0.419922 0.403495 0.375118 0.345336 0.335208 0.423266 0.331347 0.520218 0.329771
threshold=0.58500000000000008 0 510061927.22000009 0.10046838664385062 -0.20308429761305832 1.4150000000000003 336730270.26500005 375169.01555000007 3.4250000000000003 5.5000000000000009 -0.45339264834843612 0.10014749294622595 6.9030500000000012 0.10004077065895546 15.453200000000001 0.10007895806525623 85.500000000000014 0.44174208144796384 0.26752374713396659 8.5000000000000018 0.10006466230929524 0.18684093684093686 1.0850000000000002 0.11478026189385594 0.80190570976642739 0.76500000000000012 17.909000000000002 0.25902617575720932 0.16522101125359126 1.4281500000000003
decision_type=2 9 2 2 2 2 2 2 8 2 2 2 10 2 8 2 2 2 2 2 2 2 8 2 2 8 2 2 2 8
left_child=20 2 3 4 5 15 7 9 10 -7 11 -3 29 17 -15 16 -2 18 19 23 21 -1 -22 -4 -12 -14 -27 28 -5 -6
right_child=1 8 13 27 12 6 -8 -9 -10 -11 24 -13 25 14 -16 -17 -18 -19 -20 -21 22 -23 -24 -25 -26 26 -28 -29 -30 -31
leaf_value=0.047860628749363171 0.15643182127266669 -0.023468418511439187 0.12411434534319057 0.13999316511208709 0.089801899737230517 0.10029889644398891 0.12553739577137213 -0.042829348734881548 0.14321800694161366 -0.0093996062383697454 -0.028591740484379791 0.20511930737525486 0.14655826432558772 -0.051223405888611698 0.15482599557981974 0.19402358915133003 0.022624986392926382 0.15963515900831737 -0.037531732542551377 -0.058920951207141872 -0.0089417733431753736 0.14812090567626271 0.11193393785610682 0.0087571910194680289 0.025980909476508947 -0.018615477599636741 0.16798048159125134 0.17812667924939296 0.019777029175866795 -0.02881809252834849
leaf_weight=0.20039500897237128 0.13021531910683065 0.17162497772435456 0.20420710803730036 0.23704629934394122 0.0634903801869596 0.23590414788349134 0.1739680660878693 0.36466602373087664 0.054953456918318433 0.19844178801434365 7.9508060090465689 0.075198263395578252 0.078993819187926376 0.518535216059265 0.033001474296514899 0.18164093653364558 0.11674761955099169 0.050905277565501228 0.33500132735823601 0.085005475123613061 0.22709314320099819 0.21809804039542452 0.099197334178011159 0.10760817240869958 0.30085839602338893 0.13747367028813334 0.039016658512530944 0.17080313824164201 0.14506185988108966 0.75939769071885022
leaf_count=107 43 102 375 140 113 81 56 131 288 73 11268 63 203 728 136 69 120 52 536 99 167 236 113 83 2780 391 199 297 89 1631
internal_value=-0.000128527 -0.00408072 0.0102678 0.0501632 0.0345409 0.0615522 0.0287948 0.0077311 -0.0107928 0.0501804 -0.0244884 0.0461741 -0.000566354 -0.00346242 -0.0388943 0.135915 0.0931769 0.0215041 0.0118958 0.0536231 0.0684344 0.100111 0.0278063 0.0843043 -0.026602 0.0609513 0.0226352 0.120233 0.0943548 -0.0196659
internal_weight=13.6654 12.9206 4.36713 3.03287 2.47996 1.40158 0.97298 0.799012 8.55344 0.434346 8.49849 0.246823 1.07837 1.33426 0.551537 0.428604 0.246963 0.782727 0.731822 0.396821 0.744784 0.418493 0.32629 0.311815 8.25166 0.255484 0.17649 0.552911 0.382108 0.822888
internal_count=20769 20146 5645 3636 3110 573 341 285 14501 154 14213 165 2537 2009 864 232 163 1145 1093 557 623 343 280 458 14048 793 590 526 229 1744
cat_boundaries=0 4
cat_threshold=2348941446 2351169897 2772467780 541206664
is_linear=0
shrinkage=0.05


Tree=3
num_leaves=31
num_cat=1
split_feature=7 22 5 13 8 2 4 21 4 15 15 15 2 15 16 0 15 19 14 11 13 6 13 14 0 5 8 8 13 1
split_gain=1.2947 1.23454 0.643824 0.879546 0.533131 0.538501 0.771244 0.523944 0.676286 0.518883 0.516013 0.913511 0.574954 0.551617 0.506047 0.554168 0.496624 0.620807 0.736682 0.464869 0.429307 0.512918 0.38192 0.441075 0.355532 0.447417 0.336871 0.453013 0.462058 0.524023
threshold=0.58500000000000008 0 510061927.22000009 0.10046838664385062 3.4250000000000003 -0.41893116896806148 10.264150000000003 0.19017480409885476 5.8562500000000002 13.500000000000002 6.5000000000000009 4.5000000000000009 -0.18562601820925942 3.5000000000000004 2.5000000000000004 0.027739501974190794 2.5000000000000004 5.5000000000000009 0.22243923611111113 0.059482250654973527 0.10004077065895546 18.425450000000005 0.099429102207543876 0.061476442428823386 0.067983357463341873 230559901.50000003 1.3450000000000004 0.70500000000000007 0.10007059676067277 0.07975037811704179
decision_type=2 9 2 2 8 2 2 2 2 2 2 2 2 2 2 2 2 2 2 2 2 8 2 2 2 2 8 10 2 2
left_child=26 2 3 9 5 6 7 8 -3 10 11 13 -12 16 15 -5 17 22 -19 -20 -4 -22 -2 -24 -15 -26 27 -1 29 -29
right_child=1 4 20 14 -6 -7 -8 -9 -10 -11 12 -13 -14 24 -16 -17 -18 18 19 -21 21 -23 23 -25 25 -27 -28 28 -30 -31
leaf_value=0.12976653939723756 0.12462322518956895 0.19953354252537742 0.022831180286057913 0.008934279315951343 0.12814884998793158 -0.027126887255977145 0.15842214150758682 -0.061718723348047948 -0.012359099595769871 -0.039505790154623466 0.15744992696088278 -0.050635155618702701 0.0049024470228607019 0.00011525323442122893 -0.0611934647900403 0.13566947778482982 -0.028738914595199186 -0.053912368217962331 -0.061895547026712884 0.142021433321636 -0.050490128974340721 0.15772003946584429 0.11647660197300734 -0.00076737761991494085 0.18583406709492215 0.031102328299315141 0.13256392511680237 -0.00083760371124816249 -0.032550423841081103 0.13284696963689469
leaf_weight=0.1312071515883465 0.081223750937031491 0.057234687979868568 0.77299842366718241 0.10757346214426444 0.057944762952213291 7.7426991881923932 0.091920023726398514 0.18667249256411989 0.11008383845910459 0.24663162119190651 0.17043467553402147 0.31255693499838022 0.096877777510258722 0.060907008435944765 0.04656873570472797 0.43525812115830798 0.29095248756257586 0.069941628296274594 0.030661466200039122 0.31591477283902586 0.45744047556997985 0.031623878546427286 0.089388369284733926 0.78191153903674526 0.14770016470651481 0.068333689917635887 0.14135972945640907 0.1477435191570132 0.20362889577952636 0.1454899982793825
leaf_count=124 110 55 1138 78 274 13738 74 58 94 142 75 266 172 29 97 459 412 227 54 580 813 83 41 879 99 99 177 83 152 87
internal_value=-0.000174191 -0.00394324 0.0094967 0.041533 -0.010386 -0.0240498 0.0293796 -0.00412859 0.0601231 0.029706 0.0364884 0.0286839 0.102165 0.0414834 0.0969844 0.110554 0.0305847 0.0431924 0.0941091 0.123981 -0.000364517 -0.0370268 0.0209276 0.0112609 0.10681 0.136891 0.0628277 0.0471321 0.0253107 0.065491
internal_weight=13.6309 12.8615 4.6149 3.35284 8.24655 8.18861 0.445911 0.353991 0.167319 2.76344 2.5168 2.24949 0.267312 1.93693 0.5894 0.542832 1.65999 1.36904 0.416518 0.346576 1.26206 0.489064 0.952524 0.8713 0.276941 0.216034 0.769429 0.62807 0.496862 0.293234
internal_count=20769 20146 5853 3819 14293 14019 281 207 149 3185 3043 2796 247 2530 634 537 2303 1891 861 634 2034 896 1030 920 227 198 623 446 322 170
cat_boundaries=0 4
cat_threshold=2214723718 2355888488 2755690564 541206664
is_linear=0
shrinkage=0.05


Tree=4
num_leaves=31
num_cat=1
split_feature=22 7 7 2 1 1 4 17 11 8 10 13 15 20 4 2 13 0 2 13 18 2 13 5 4 3 2 2 7 4
split_gain=1.17583 0.863102 0.762936 1.01035 0.645155 0.641395 0.663689 0.548604 0.542137 0.582464 0.501357 0.501516 0.525424 0.470301 0.470204 0.399534 0.879942 0.394015 0.384405 0.41998 0.367215 0.412959 0.417949 0.486809 0.363219 0.35062 0.340696 0.345981 0.330212 0.383015
threshold=0 0.8650000000000001 1.4850000000000001 -0.20308429761305832 0.1001478216787647 0.020119390769011817 9.9314000000000018 32.500000000000007 0.11136428534344021 1.2150000000000001 0.12450613987177443 0.10059970149790511 4.5000000000000009 0.1356236786469345 13.832250000000002 -0.45339264834843612 0.10014749294622595 0.28337107600695827 -0.15529593816311507 0.10004077065895546 6.5000000000000009 -0.47634589083675244 0.09956941702123713 121970876.24000002 8.2758500000000019 351360.49530000001 -0.01392031003996602 0.070235581878136291 0.58500000000000008 8.102800000000002
decision_type=9 2 2 2 2 2 2 2 2 10 2 2 2 2 2 2 2 2 2 2 2 2 2 2 2 2 2 2 2 2
left_child=2 5 3 -1 15 6 -2 14 9 25 11 12 20 -7 -4 16 -3 24 -15 -20 -9 -22 23 -23 -13 -5 -10 -28 -27 -30
right_child=1 4 7 8 -6 13 -8 10 26 -11 -12 17 -14 18 -16 -17 -18 -19 19 -21 21 22 -24 -25 -26 28 27 -29 29 -31
leaf_value=0.089220749217421166 -0.031079326960792821 -0.058877333198311267 0.17525404960149499 0.113735512359168 0.16312467178847737 0.13709693760090857 0.12979973674815759 -0.047741707702226188 -0.061467456403440257 0.13760569771566131 0.16786383035967145 0.06969410225501789 -0.042437844446348516 -0.0019379780222332091 0.016090714586442047 -0.02949070357918869 0.15967131317779015 0.14917882453379058 0.12871058005854299 -0.013112073510516055 0.23212929530125215 0.19465587994145778 0.0068223540116352406 0.0055871262591090688 -0.045380246320666791 0.093783016511363379 0.10762330507925255 -0.011028912916084517 -0.038699733121792805 0.048227433750733927
leaf_weight=0.98696129559303747 0.68766225395420333 0.096841338207014016 0.091860613029042235 0.10619053972010772 0.044681690465937396 0.12726036992004586 0.070697802601608739 0.22845403282434418 0.22990264775691288 0.15077586519451724 0.046890581206230908 0.18979223881555163 0.69137471673245454 0.35211993793236185 0.09376851982227831 6.6808801968035549 0.087827594019473265 0.086856113596962548 0.15455217307847663 0.078824234559253525 0.022792574950035172 0.067869403906184955 1.0719749698337526 0.068313821273335684 0.1073639099831365 0.11090727084708751 0.080894304273660511 0.255452044152578 0.29451573577960138 0.2224191081519899
leaf_count=441 409 84 550 202 136 25 140 190 63 308 36 83 823 136 298 12637 56 245 257 213 5 38 2030 279 77 98 36 256 279 339
internal_value=-0.000211538 -0.00859487 0.0102011 0.0501925 -0.0262529 0.0159253 -0.0160814 0.0118314 0.0236467 0.0480957 0.00586182 0.00286498 -0.00653259 0.04998 0.0948544 -0.0274854 0.0450633 0.055499 0.0310447 0.0808092 0.0104771 0.021282 0.0173042 0.099813 0.0281172 0.0297097 -0.0145568 0.017508 0.0154979 -0.00129799
internal_weight=13.5867 8.38135 5.20533 2.43802 6.91023 1.47112 0.75836 2.76731 1.45106 0.884809 2.58168 2.53479 2.15078 0.712757 0.185629 6.86555 0.184669 0.384012 0.585496 0.233376 1.4594 1.23095 1.20816 0.136183 0.297156 0.734033 0.566249 0.336346 0.627842 0.516935
internal_count=20769 14093 6676 2022 12913 1180 549 4654 1581 1226 3806 3770 3365 631 848 12777 140 405 606 470 2542 2352 2347 317 160 918 355 292 716 618
cat_boundaries=0 4
cat_threshold=2214723714 2354381101 2755690820 541206664
is_linear=0
shrinkage=0.05


Tree=5
num_leaves=31
num_cat=1
split_feature=22 7 13 7 10 8 9 2 13 0 1 13 8 17 7 13 19 4 2 15 13 3 9 1 4 6 18 5 1 10
split_gain=1.06515 0.794023 0.698094 0.61477 0.526481 0.522091 0.487646 0.561477 0.475183 0.528742 0.673658 0.469032 0.404919 0.385395 0.441552 0.680286 0.508507 0.726854 0.413126 0.394002 0.459886 0.412768 0.377517 0.503502 0.375248 0.375082 0.370476 0.365222 0.834781 0.352033
threshold=0 0.62500000000000011 0.10004077065895546 1.1150000000000004 0.091180048747120476 1.1650000000000003 -5.0271136281822661 -0.14719936649194917 0.10080972987149218 0.10991938042429683 0.011072081098603139 0.10015873055865589 3.4250000000000003 31.500000000000004 2.4350000000000005 0.10034722640849737 6.5000000000000009 6.0484000000000009 -0.18220429787487344 2.5000000000000004 0.10006466230929524 343245.04010000004 -0.76957686666261893 0.030088003247382814 6.7060500000000003 1.8393000000000002 6.5000000000000009 46499445.125000007 0.0078086267032675414 0.1028571428571429
decision_type=9 2 2 2 2 8 2 2 2 2 2 2 8 2 2 2 2 2 2 2 2 2 2 2 2 10 2 2 2 2
left_child=3 2 -2 4 5 -1 -6 -8 12 10 -10 -9 27 18 15 16 22 -18 -5 20 21 -16 -15 -24 -17 -19 -7 28 -3 -23
right_child=1 8 -4 13 6 26 7 11 9 -11 -12 -13 -14 14 19 24 17 25 -20 -21 -22 29 23 -25 -26 -27 -28 -29 -30 -31
leaf_value=0.00076406886718005619 0.075541084187693772 -0.061051022510901255 -0.033531578577125708 0.15750717116392143 -0.032934598876233685 0.17850027056502096 0.1511368957558567 0.095526136364025863 0.15857656346590984 -0.036674615057645507 -0.057442142528509654 -0.011962027986555539 0.10811626638773647 -0.026513720695899842 0.16845079887208914 0.012579067958188073 -0.046120874453189679 -0.062000797312121096 0.018977573541292449 -0.054379697086544554 -0.05147953311233279 -0.031491450015720221 0.0065408257103256734 0.11404014265855232 0.099896496948878977 0.13235391963325172 0.036010915534944857 -0.028716660587765282 0.15691777804732177 0.1412595997331689
leaf_weight=0.59382948719133133 0.39713155576763709 0.09093368534772614 0.23262862756965758 0.097222679708237836 0.084151230712758651 0.079404531039390824 0.27205988490976413 0.31258052008325299 0.12285520743058007 0.13529092086485195 0.051103243217279465 0.15028410421427069 0.055965695665103676 0.81632429916153837 0.065655399086168909 0.18381586563996888 0.10478984667668101 0.027938159533585 0.12055365889457603 0.41472597262650757 0.14408957240766171 0.10420746873638326 1.0223895929775149 0.12191431055938751 0.37216069609133051 0.22272260265481272 0.10721008733488546 6.9076054207924944 0.084973145090806251 0.041130190692635432
leaf_count=421 259 169 214 161 67 32 97 211 112 526 69 83 234 646 157 171 174 13 748 969 523 369 781 156 332 705 210 11900 181 79
internal_value=-0.000242371 -0.00833843 0.0352505 0.00953901 0.0530765 0.0236893 0.0810776 0.0941324 -0.0232181 0.0374608 0.0951174 0.0606266 -0.0258465 0.0162109 0.0123473 0.0213608 0.0094382 0.0644619 0.0808218 -0.0212809 0.0173774 0.0644007 -0.000537275 0.0179938 0.0710278 0.110692 0.0966401 -0.0269049 0.0442405 0.0173967
internal_weight=13.5376 8.07849 0.62976 5.45916 1.59952 0.780444 0.819076 0.734925 7.44873 0.309249 0.173958 0.462865 7.13948 3.85964 3.64186 2.87206 2.31608 0.355451 0.217776 0.769809 0.355083 0.210993 1.96063 1.1443 0.555977 0.250661 0.186615 7.08351 0.175907 0.145338
internal_count=20769 13664 473 7105 1121 663 458 391 13191 707 181 294 12484 5984 5075 2978 2475 892 909 2097 1128 605 1583 937 503 718 242 12250 350 448
cat_boundaries=0 4
cat_threshold=2214723746 2354381101 2755690820 541075592
is_linear=0
shrinkage=0.05


Tree=6
num_leaves=31
num_cat=1
split_feature=22 7 13 7 2 1 18 17 14 0 7 3 4 7 13 9 1 5 4 11 3 0 7 15 1 13 1 0 13 20
split_gain=0.961572 0.750174 0.586791 0.553051 0.655225 0.665145 0.555299 0.455432 0.43542 0.395642 0.59983 0.508408 0.518894 0.475759 0.381738 0.544443 0.706893 0.675591 0.493429 0.37216 0.370048 0.364479 0.348124 0.326296 0.542421 0.519911 0.57651 0.383089 0.598578 0.349659
threshold=0 0.62500000000000011 0.10004077065895546 1.2550000000000001 -0.20308429761305832 0.0090527005906352338 8.5000000000000018 37.500000000000007 0.68198311122839439 0.062438177926884379 1.1250000000000002 337499.51010000007 10.708050000000002 0.58500000000000008 0.10033039687651236 0.76384499440852471 -0.014670859538784052 118143920.74500002 3.4702500000000005 0.12430631263203931 137206.02205000003 0.76737073581487025 1.7050000000000003 4.5000000000000009 0.030088003247382814 0.10036776059382692 0.0035211267605635981 0.043001149864958489 0.09956941702123713 0.36882591093117417
decision_type=9 2 2 2 2 2 2 2 2 2 2 2 2 2 2 2 2 2 2 2 2 2 2 2 2 2 2 2 2 2
left_child=3 2 -2 4 5 -1 -7 8 -5 -6 11 -11 13 -13 20 16 -16 18 -18 -14 -3 -22 -10 27 25 -25 -27 -9 29 -29
right_child=1 14 -4 7 9 6 -8 23 22 10 -12 12 19 -15 15 -17 17 -19 -20 -21 21 -23 -24 24 -26 26 -28 28 -30 -31
leaf_value=0.12311396821055282 0.069528431607241689 0.079681661503300555 -0.03020906750337728 0.11572152215355846 -0.027821706495280159 0.097177740646607572 -0.030955793507204829 -0.015240849324498561 0.13105532865372821 0.14686366388187008 -0.041819127188915728 0.10106051437510642 0.14776717617389831 -0.01688602649250643 0.23167320048476545 -0.038014044115094653 -0.020749455591119292 -0.01343696132777682 0.16527108419713146 0.0018101811897140128 -0.03167710853509114 0.027951044294310667 -0.062896939342405728 -0.045592524226540684 0.11222903298295127 0.10470689745285205 -0.064149833782543228 0.15092049240615335 0.020558362552797992 -0.041978371114688495
leaf_weight=0.43153598825414718 0.40952584272790049 0.079278214622073295 0.23045973008484177 0.19691648927464198 0.28925645841631897 0.16020081668355216 0.17907020729899933 0.61506053446505204 0.032422809266767133 0.13212535258056657 0.18880285369000471 0.11174749658678274 0.14917884427445294 0.36397840746157906 0.042488699406810104 0.43624879811587858 0.052230969673655758 0.41704254480490816 0.11228613851538216 0.061752258132059201 5.8066724344447564 0.26811044215344715 0.080771240149421719 0.74866808754788206 0.076789776966287859 0.13679227306832342 0.080176208358711309 0.14368121283164301 1.4200869707642829 0.02808411128281077
leaf_count=168 251 427 214 728 131 58 109 296 83 174 243 122 159 342 39 1080 75 990 244 30 7859 2343 419 741 344 92 77 276 2601 54
internal_value=-0.000268703 -0.00803647 0.0336128 0.00895005 0.045422 0.0819308 0.0295477 0.0129084 0.0708018 0.0237221 0.0385193 0.0570445 0.0397617 0.0108195 -0.0228707 0.00483828 0.0347947 0.0204108 0.106213 0.105037 -0.0276448 -0.0290454 -0.0073421 0.00738314 -0.015671 -0.0258419 0.0423094 0.0182726 0.0312216 0.119381
internal_weight=13.4814 7.85434 0.639986 5.6271 2.06765 0.770807 0.339271 3.55945 0.310111 1.29684 1.00759 0.818782 0.686657 0.475726 7.21436 1.0603 0.624048 0.58156 0.164517 0.210931 6.15406 6.07478 0.113194 3.24934 1.04243 0.965637 0.216968 2.20691 1.59185 0.171765
internal_count=20769 13522 465 7247 1536 335 167 5711 1230 1201 1070 827 653 464 13057 2428 1348 1309 319 189 10629 10202 502 4481 1254 910 169 3227 2931 330
cat_boundaries=0 4
cat_threshold=2214723746 2355429677 608207172 541206664
is_linear=0
shrinkage=0.05


Tree=7
num_leaves=31
num_cat=1
split_feature=22 7 13 7 9 17 14 7 13 14 2 13 2 2 13 21 9 16 0 8 7 13 1 13 3 5 1 21 7 6
split_gain=0.872942 0.656155 0.537249 0.527443 0.521921 0.519289 0.615888 0.517304 0.580842 0.471429 0.460818 0.433882 0.812239 0.414274 0.634559 0.392911 0.390607 0.408516 0.375386 0.370046 0.368722 0.36206 0.374293 0.371412 0.425538 0.552103 0.37393 0.400379 0.350255 0.429998
threshold=0 0.62500000000000011 0.10004077065895546 2.4350000000000005 -6.5192726992069732 84.500000000000014 0.93120351588911443 1.2050000000000003 0.10036776059382692 0.88239562878852562 0.54000842459983178 0.10014749294622595 -0.45339264834843612 -0.16831770787698239 0.099977213163392378 0.19264507422402163 -3.0024602174398058 1.5000000000000002 0.76737073581487025 1.1050000000000002 0.78500000000000014 0.10015107647935308 -0.021639099751172338 0.10080972987149218 497704.69545000006 429174703.68500006 0.091252980320985069 0.16247642991829042 1.4650000000000001 4.2268000000000008
decision_type=9 2 2 2 2 2 2 2 2 2 2 2 2 2 2 2 2 2 2 8 2 2 2 2 2 2 2 2 2 8
left_child=3 2 -2 4 -1 6 9 20 19 13 -8 18 -13 28 -15 -5 -16 -18 -3 -9 -7 -14 -23 26 -25 -26 -24 -28 -6 -30
right_child=1 11 -4 15 5 7 10 8 -10 -11 -12 12 21 14 16 -17 17 -19 -20 -21 -22 22 23 24 25 -27 27 -29 29 -31
leaf_value=-0.029894385398689979 0.064295069694206355 -0.032861160390910547 -0.031515545550061946 0.01578788078948248 0.10094162836076725 -0.0019650056701038892 -0.041769722095405352 -0.040723267191868286 0.090100328824352705 0.15958379475342654 0.11664931840795366 0.14075933839580532 0.1031561057541026 -0.038087420210566235 0.1283386131725972 -0.05195361528516057 -0.010929977166882137 0.096013247369910862 0.033261059287776652 0.026997756648641066 0.071259283742657872 0.15475905997010361 -0.031077083372143235 -0.026439491332220195 0.14784586869172006 -0.053830719816576257 -0.06037724117740987 0.14471806498352544 0.079916909418007581 -0.0025592040672531916
leaf_weight=0.3297026928209269 0.42045634869020082 4.7675362281176143 0.22440575738796648 0.53700175793305172 0.57931695294717156 0.25805649912045459 0.26400427907984536 0.66981341713328935 0.13597125475422589 0.11301914702172133 0.055566143407283941 0.093634248944000187 0.068806300224889205 0.25802981267406511 0.14259517894115414 0.3559328610117124 0.22725309662870927 0.14710106612480614 0.22476561446922705 0.28864936446488398 0.51506466708257015 0.032562459069622185 1.6237608201317264 0.15317306955618476 0.11695538119308477 0.047806241099678654 0.038067057012793531 0.063472491575576467 0.40515467428669472 0.25909652071108957
leaf_count=249 259 6846 214 682 198 128 230 297 132 162 62 59 43 811 173 1946 801 324 2002 423 268 52 3335 394 162 138 35 125 115 104
internal_value=-0.000292961 -0.00765405 0.0309539 0.00855066 0.0307423 0.0353715 0.0505055 0.0155085 -0.00660894 0.0602099 -0.0142242 -0.0216831 -0.00339079 0.0546459 0.0259524 -0.0112146 0.0579172 0.031093 -0.0298842 -0.0203285 0.0468181 -0.00968444 -0.0134248 -0.0161051 0.0335544 0.0893286 -0.0252562 0.0678281 0.0725274 0.0477464
internal_weight=13.4167 7.8754 0.644862 5.54133 4.64839 4.31869 2.45114 1.86756 1.09443 2.13157 0.31957 7.23054 2.23824 2.01855 0.774979 0.892935 0.516949 0.374354 4.9923 0.958463 0.773121 2.1446 2.0758 2.04324 0.317935 0.164762 1.7253 0.10154 1.24357 0.664251
internal_count=20769 13664 473 7105 4477 4228 2980 1248 852 2688 292 13191 4343 2526 2109 2628 1298 1125 8848 720 396 4284 4241 4189 694 300 3495 160 417 219
cat_boundaries=0 4
cat_threshold=2214723746 2354381101 2755690820 541075592
is_linear=0
shrinkage=0.05


Tree=8
num_leaves=31
num_cat=1
split_feature=22 7 2 7 4 20 11 17 20 11 15 18 4 3 4 10 8 2 6 6 17 6 9 9 21 9 11 7 4 10
split_gain=0.779307 0.69512 0.657503 0.603975 0.498959 0.721785 0.485724 0.483488 0.453195 0.442321 0.383881 0.413208 0.418355 0.40874 0.385862 0.374646 0.359134 0.339566 0.336434 0.61062 0.5531 0.627451 0.41887 0.665785 0.648014 0.318559 0.336115 0.321702 0.311469 0.309642
threshold=0 1.4850000000000001 -0.20308429761305832 0.62500000000000011 3.3899500000000002 0.19890109890109894 0.10073792578829513 32.500000000000007 0.29610733182161758 0.11136428534344021 1.5000000000000002 9.5000000000000018 6.7060500000000003 561973.5316000001 14.493550000000001 0.075869556803171076 3.4250000000000003 -0.01392031003996602 3.6310500000000006 3.9034500000000003 90.500000000000014 3.8431000000000002 -2.6315789473684235 -1.5514915653683901 0.12414383561643837 -4.3370029407127637 0.096895590022775757 0.58500000000000008 13.832250000000002 0.099971230764608704
decision_type=9 2 2 2 2 2 2 2 2 2 2 2 2 2 2 2 8 2 8 10 2 10 2 2 2 2 2 2 2 2
left_child=1 2 6 4 5 -2 8 28 -1 25 11 -9 -13 14 15 -12 18 -11 -5 20 21 -20 -21 24 -24 26 -4 -27 -3 -19
right_child=3 7 9 16 -6 -7 -8 10 -10 17 13 12 -14 -15 -16 -17 -18 29 19 22 -22 -23 23 -25 -26 27 -28 -29 -30 -31
leaf_value=0.062389648889342876 0.13406113667620254 0.12633547812463242 0.035025564510540674 -0.035317773417006912 -0.024988247401409699 -0.0004476188365675135 0.099085359576835022 -0.016462907875408321 -0.051405642434783051 -0.060507586131551244 0.092843086722127696 -0.020615009934938082 0.095060182825419781 -0.031871735963401086 0.10250913439092138 -0.010470556984104441 0.096340707059204445 -0.047961039785290906 -0.045219329552197908 -0.043084217231124738 0.12328891406407175 0.14765053651470658 0.17717935508760532 -0.017855652269972013 0.018464027029534986 0.098703986710930461 0.1666152006153481 0.013165192818525781 0.0085657215323426527 0.054453345374037045
leaf_weight=0.31144708236393426 0.19186674736063447 0.12987731644048944 0.10201254201990274 2.8394819435488068 0.25867330913775805 0.20769985226783677 0.63539709472325046 0.25857681869310017 0.12167552841817408 0.23796991055748373 0.099405602942627902 0.1061748886223039 0.29627324211882289 1.0914916574668447 0.10675733118979136 0.74835696719269817 0.064665473007062491 0.11421940668779501 0.18094908850206462 1.2298841318067859 0.14699796743292426 0.054981882157047662 0.083891019617282347 2.2151384367314439 0.27554581917626336 0.1303239065981403 0.092555352208234395 0.70198666156240808 0.098888408851751486 0.2085773452668806
leaf_count=167 39 598 95 3436 226 209 266 285 66 68 205 153 743 1727 492 682 253 65 246 1381 90 72 45 6543 736 148 85 1063 331 254
internal_value=-0.000313503 0.00803218 0.0409293 -0.00729137 0.0291157 0.0641418 0.0712526 0.00562794 0.0304216 0.020521 -0.000270649 0.0328551 0.0645425 -0.0109729 0.0129248 0.00164363 -0.0209525 -0.0151923 -0.0220319 -0.0130227 0.04716 -0.000272504 -0.0190802 -0.00761341 0.0555075 0.0400237 0.0976224 0.0265589 0.0754272 0.0182147
internal_weight=13.3417 5.59197 2.65616 7.74978 0.65824 0.399567 1.06852 2.9358 0.433123 1.58765 2.70704 0.661025 0.402448 2.04601 0.95452 0.847763 7.09154 0.560767 7.02687 4.18739 0.382929 0.235931 3.80446 2.57458 0.359437 1.02688 0.194568 0.832311 0.228766 0.322797
internal_count=20769 7493 2277 13276 474 248 499 5216 233 1778 4287 1181 896 3106 1379 887 12802 387 12549 9113 408 318 8705 7324 781 1391 180 1211 929 319
cat_boundaries=0 4
cat_threshold=2214723714 2355429677 608207204 541075592
is_linear=0
shrinkage=0.05


Tree=9
num_leaves=31
num_cat=1
split_feature=22 7 7 17 13 13 2 5 9 10 18 21 3 15 6 11 0 21 3 7 13 20 16 8 2 5 8 3 11 5
split_gain=0.722861 0.564714 0.448541 0.431133 0.429435 0.389179 0.659087 0.386303 0.374497 0.544726 0.36852 0.394359 0.445111 0.393801 0.390665 0.353985 0.382469 0.350194 0.345417 0.337902 0.461155 0.348881 0.322298 0.313133 0.408009 0.313065 0.312792 0.301539 0.300731 0.450069
threshold=0 0.62500000000000011 2.4350000000000005 76.500000000000014 0.10004077065895546 0.10014749294622595 -0.45339264834843612 460711844.55500007 0.76384499440852471 0.11764705882352951 17.500000000000004 0.15122927387078333 420003.15070000006 1.5000000000000002 10.300000000000002 0.12430631263203931 0.0062154454948409573 0.19264507422402163 1172632.0233000002 1.2050000000000003 0.10034722640849737 0.32972878185644144 2.5000000000000004 1.1050000000000002 -0.28209439348842857 336730270.26500005 0.7350000000000001 331806.55390000006 0.10022866185756396 121970876.24000002
decision_type=9 2 2 2 2 2 2 2 2 2 2 2 2 2 10 2 2 2 2 2 2 2 2 8 2 2 10 2 2 2
left_child=2 4 3 7 -2 10 -7 15 9 28 11 12 13 -3 -12 16 -1 -4 -9 21 23 27 25 -21 -25 -18 -20 -5 -8 -30
right_child=1 5 17 19 -6 6 8 18 -10 -11 14 -13 -14 -15 -16 -17 22 -19 26 20 -22 -23 -24 24 -26 -27 -28 -29 29 -31
leaf_value=-0.020761918334372853 0.057112596469593359 0.13040027508995919 0.013708275170403437 0.10381053179823259 -0.028442886562415844 0.123288186987069 0.032228773362265949 -0.042193904682894218 -0.034006389303226407 0.17143557863856507 -0.0067994238616433059 -0.044270969594799814 -0.025681615513951823 0.0019866638047212558 0.11869498243812299 -0.056469970778752654 0.065770628532319145 -0.050938858713295267 -0.050366760733133301 -0.032717606361379666 0.059472750316140459 -0.047163236222183394 -0.061908875372670924 0.13056185364177195 -0.00094367951216059443 0.13328460374628384 0.054199462479869592 0.031748655505812955 0.039786308336307204 -0.047519818398629052
leaf_weight=0.12036861174025859 0.43284967338255836 0.092106206399913931 0.54321419574008556 0.17794622623614031 0.22184052850682984 0.098827648442239346 0.48421789516824398 0.19814343005296553 0.8645131993490377 0.049550529201096816 0.59045236172367943 2.8552645536704873 1.0537149801490142 0.16970410606446731 0.069292686273651927 0.063401677486753072 1.0028227540629604 0.34097656890287242 0.086676239852169823 0.80039817623977882 0.25809882739891121 0.11483357885773637 0.043037925896898144 0.069729048618811351 0.38270032122572861 0.20718097513712441 0.40893492291903427 0.78809579756022663 0.21777133670332149 0.45820840943063401
leaf_count=53 257 189 681 159 219 59 1031 476 1935 44 1704 5398 778 335 461 69 1124 1941 101 437 193 76 161 126 445 226 480 332 275 1004
internal_value=-0.000331384 -0.00706303 0.00770992 0.027581 0.0281223 -0.0204369 -0.00286407 0.0442439 -0.00887456 0.0090852 -0.0283423 -0.033835 -0.0111843 0.0471632 0.00638119 0.059038 0.0643703 -0.011222 0.0136042 0.0138835 -0.00138621 0.0352286 0.0725482 -0.0139239 0.0193241 0.0773306 0.0359121 0.0450225 0.00215143 -0.0193936
internal_weight=13.2649 7.65831 5.60656 4.72237 0.65469 7.00362 2.17309 2.13057 2.07426 1.20975 4.83053 4.17079 1.31553 0.26181 0.659745 1.43681 1.37341 0.884191 0.693755 2.5918 1.51093 1.08088 1.25304 1.25283 0.452429 1.21 0.495611 0.966042 1.1602 0.67598
internal_count=20769 13689 7080 4458 476 13213 4348 2690 4289 2354 8865 6700 1302 524 2165 1633 1564 2622 1057 1768 1201 567 1511 1008 571 1350 581 491 2310 1279
cat_boundaries=0 4
cat_threshold=2214723746 2355429677 2755690820 541075592
is_linear=0
shrinkage=0.05


Tree=10
num_leaves=31
num_cat=1
split_feature=22 2 8 1 7 7 7 3 2 13 3 21 0 8 2 11 3 14 4 15 21 18 0 4 2 9 3 2 10 7
split_gain=0.650692 0.813561 0.635321 0.471577 0.466963 0.598399 0.442107 0.389288 0.477559 0.385487 0.4517 0.41991 0.530952 0.402242 0.377309 0.375698 0.365567 0.476353 0.358081 0.517521 0.356154 0.343125 0.313895 0.33544 0.313052 0.357518 0.292383 0.335515 0.285811 0.285329
threshold=0 -0.40662764941202961 0.79500000000000015 0.043591316407083365 1.8150000000000002 1.4550000000000003 2.4350000000000005 382096.54415000003 -0.30128940476819394 0.10062893081761017 871720.06475000002 0.19163509180996796 0.73695493136443579 0.87500000000000011 -0.18220429787487344 0.075952825620806533 343245.04010000004 0.45972972972972981 10.264150000000003 5.5000000000000009 0.15047169811320757 22.500000000000004 0.63140963017440421 2.1775000000000007 -0.20308429761305832 -2.1530212451558115 475746.05615000002 -0.25644304332450674 0.10959561602418748 0.68500000000000016
decision_type=9 2 10 2 2 2 2 2 2 2 2 2 2 8 2 2 2 2 2 2 2 2 2 2 2 2 2 2 2 2
left_child=2 15 4 21 5 24 9 8 -5 11 -11 12 -4 -13 -9 -2 -6 -18 19 -17 -10 22 23 -3 -1 -26 27 -15 -8 -16
right_child=1 3 6 7 16 -7 28 14 20 10 -12 13 -14 26 29 18 17 -19 -20 -21 -22 -23 -24 -25 25 -27 -28 -29 -30 -31
leaf_value=0.089744016525538706 0.096288106563719 0.071939422498239133 -0.011546953818956516 0.1768765037261035 0.16006657549436135 -0.04508990684897992 -0.041114349365494435 -0.04048149683645641 0.10271118360819226 0.10052745741809435 -0.052513025729816531 -0.059694402034035504 0.084184799979909158 0.0063019364811283968 0.065862292981787002 -0.043018729416924563 -0.046159683076537728 0.10584589608398892 0.088953842587584667 0.082993588181041855 -0.022828694512967245 0.065216714743991225 0.012370396502257788 -0.031179601311029467 0.067000375975569917 -0.013998553513385206 0.027705008361999562 0.11911540630139375 0.044148814523733725 -0.01809872562442497
leaf_weight=0.32663747770083273 0.19073422907125748 0.079992738227049887 1.4895066119784881 0.066498849040508123 0.14487896247386095 0.19882993290866713 0.54409459643191516 0.42650175724603112 0.091710626962081765 0.25588796324074203 0.059408132363342525 0.093475394395738348 0.16043912484776246 0.091939281662820699 0.21765505584189976 0.2945585866692968 0.073933871450379191 0.17016751482437495 0.12376534717682663 0.11263409629464149 0.14713130962284865 0.1038464429682423 0.48041151102370516 5.5871038607649766 0.28186758214707208 0.26366855561019531 0.56874451058452591 0.2327635856373286 0.11995630611043495 0.18910238814585062
leaf_count=83 28 94 778 26 219 264 1977 151 61 233 71 221 226 73 213 145 196 432 70 84 481 1423 2850 6816 176 379 1176 547 145 1131
internal_value=-0.00034584 -0.00652686 0.00753845 -0.0195215 0.0502278 0.0331864 0.0111496 0.010074 0.0583708 0.0194412 0.0716915 0.0131935 -0.00223809 0.0389921 -0.0076239 0.0360974 0.097149 0.0598062 0.0144753 -0.0081623 0.0253762 -0.024912 -0.0264345 -0.029724 0.0510311 0.027852 0.0493171 0.0871724 -0.0257121 0.0268286
internal_weight=13.1878 8.11165 5.0762 7.38995 1.45998 1.071 3.61622 1.1386 0.305341 2.95216 0.315296 2.63687 1.64995 0.986923 0.833259 0.721692 0.38898 0.244101 0.530958 0.407193 0.238842 6.25135 6.14751 5.6671 0.872174 0.545536 0.893447 0.324703 0.664051 0.406757
internal_count=20769 13573 7196 13246 1749 902 5447 2063 568 3325 304 3021 1004 2017 1495 327 847 628 299 229 542 11183 9760 6910 638 555 1796 620 2122 1344
cat_boundaries=0 4
cat_threshold=2214723714 2353856812 541098341 541206664
is_linear=0
shrinkage=0.05


Tree=11
num_leaves=31
num_cat=1
split_feature=22 2 19 7 9 1 15 7 2 21 13 7 0 15 11 13 16 13 2 11 17 2 6 0 18 17 13 18 7 13
split_gain=0.610071 0.66593 0.44186 0.418833 0.5129 0.4585 0.43061 0.31728 0.321289 0.366169 0.460961 0.384625 0.335874 0.313406 0.372544 0.326127 0.301053 0.294854 0.790316 0.306751 0.329037 0.418276 0.27608 0.275999 0.274505 0.260715 0.384745 0.322798 0.450392 0.443432
threshold=0 -0.41893116896806148 5.5000000000000009 0.8650000000000001 -5.2021176346199125 0.1001478216787647 2.5000000000000004 1.4850000000000001 -0.20308429761305832 0.26726190476190481 0.10009363304089082 0.58500000000000008 0.17196097054950779 11.500000000000002 0.13068535129694073 0.10042826748835333 1.5000000000000002 0.10034722640849737 -0.31583538537984068 0.10887096774193554 72.500000000000014 -0.16489996255282727 4.6655500000000005 0.49906311654416585 7.5000000000000009 32.500000000000007 0.09956941702123713 7.5000000000000009 2.6150000000000007 0.10001661423892995
decision_type=9 2 2 2 2 2 2 2 2 2 2 2 2 2 2 2 2 2 2 2 2 2 10 2 2 2 2 2 2 2
left_child=7 2 -2 4 6 17 -3 8 -1 11 -11 -10 -13 14 25 -15 -6 23 -19 -20 -21 -22 -14 -5 -18 -9 -27 -28 29 -29
right_child=1 3 -4 5 16 -7 -8 13 9 10 -12 12 22 15 -16 -17 24 18 19 20 21 -23 -24 -25 -26 26 27 28 -30 -31
leaf_value=0.052323578232459783 0.068947476256658022 0.0073609996424381504 -0.030478691237083713 -0.035408053202009432 -0.02118585402531388 0.1235635560121584 0.13639116644519791 0.063146285626834817 0.077665460055418412 0.10847627725866776 -0.059429406453933444 -0.031748841660901986 -0.021387209715501787 -0.058856122936192051 0.094669470521138277 0.056506317108188465 -0.059338013302773884 0.1099843945110881 -0.044807269578525002 -0.050563937151069493 0.16999101779850895 -0.016226718581893038 0.047835584854282139 0.0013001541656930875 0.096667787854005829 0.072697746675323041 -0.048964385591343633 -0.016067782514825452 -0.041139608861688437 0.043505393393280467
leaf_weight=1.1256377791171961 0.36829180379586945 0.13431998997460148 0.16041557712077426 4.3066014560908563 0.83765993436557939 0.051364034635510758 0.12468214308134895 0.2093784099996715 0.16819801321582417 0.19510136105081227 0.051710498222116541 0.54690985904222456 0.22939403980611872 0.29367854281329975 0.13676699484599408 0.077411505170754347 0.038021507011107472 0.13935898981063288 0.43839527258420408 0.077071836671153443 0.063550225140003677 0.057384470310480648 0.38710120899211353 0.5811612662016542 0.1091307097697392 0.19031088451117817 0.30602167767948651 0.50716559801941219 0.38014449231798475 0.81326242691487505
leaf_count=484 88 82 191 5598 685 129 79 835 117 386 243 242 289 311 158 62 26 89 1392 434 26 128 430 4483 212 469 360 694 1238 809
internal_value=-0.000357188 -0.00655802 0.0387805 -0.0194269 0.00686681 -0.0251496 0.0694754 0.00704317 0.0319146 0.01736 0.0732977 0.00699198 -0.00322557 0.00813374 0.0143974 -0.0347909 -0.00959903 -0.0264983 0.00213825 -0.0214779 0.0301745 0.0816292 0.0220782 -0.0310434 0.0563587 0.00983498 0.00475409 -0.00168987 0.00681728 0.0206238
internal_weight=13.1056 7.48741 0.528707 6.9587 1.24381 5.71489 0.259002 5.61819 2.70405 1.57841 0.246812 1.3316 1.16341 2.91414 2.54305 0.37109 0.984812 5.66352 0.775761 0.636402 0.198007 0.120935 0.616495 4.88776 0.147152 2.40628 2.19691 2.00659 1.70057 1.32043
internal_count=20769 13642 279 13363 1084 12279 161 7127 2191 1707 629 1078 961 4936 4563 373 923 12150 2069 1980 588 154 719 10081 238 4405 3570 3101 2741 1503
cat_boundaries=0 4
cat_threshold=2214723746 2354381100 2755690820 541206664
is_linear=0
shrinkage=0.05


Tree=12
num_leaves=31
num_cat=1
split_feature=22 7 6 19 4 17 20 13 15 13 0 0 10 18 9 11 11 4 11 2 0 2 11 2 21 7 13 16 14 2
split_gain=0.558941 0.593838 0.530737 0.389502 0.349896 0.34124 0.40374 0.364556 0.626564 0.367003 0.340223 0.381856 0.334192 0.330515 0.369365 0.323001 0.385946 0.395047 0.383521 0.321435 0.306562 0.291041 0.290131 0.273001 0.42814 0.270811 0.269627 0.341911 0.294998 0.26959
threshold=0 0.9850000000000001 3.2906000000000004 7.5000000000000009 4.2598000000000011 29.500000000000004 0.32832051861902617 0.10046838664385062 4.5000000000000009 0.10029586057789087 0.20973315556426067 0.086785599653532455 0.11063889992654931 19.500000000000004 2.1678939692318826 0.09895962188685474 0.11252588956756822 5.4689500000000004 0.09564161924977431 0.020833333333333374 0.58463000697739365 -0.0052424729631309055 0.10361842105263165 -0.41893116896806148 0.14160401002506268 1.2450000000000003 0.10018066862078191 2.5000000000000004 0.64718688636557686 -0.45339264834843612
decision_type=9 2 8 2 2 2 2 2 2 2 2 2 2 2 2 2 2 2 2 2 2 2 2 2 2 2 2 2 2 2
left_child=5 3 -3 15 -4 -1 7 8 9 10 11 22 -8 23 -15 18 -17 -18 29 -13 -10 -5 25 24 -6 -7 27 -12 -28 -2
right_child=1 2 4 21 13 6 12 -9 20 -11 26 19 -14 14 -16 16 17 -19 -20 -21 -22 -23 -24 -25 -26 -27 28 -29 -30 -31
leaf_value=0.12008869955301948 0.088175450095612382 -0.0433103091315684 0.10440625325914921 0.17603116585259077 0.1161222430279796 0.0099944417498546885 -0.021127785853713884 0.060211499309927398 -0.023679345286498205 -0.040019115603304622 -0.017216089594494843 0.094602230089933306 0.059778776112366198 -0.0057063751670044793 0.095449840729682073 -0.041437320496278351 0.097989340500151817 -0.021090207752191011 0.10175378966803628 0.00053971532871331695 0.071732923652239614 -0.058465462572496643 0.0036166560763718335 -0.021861692374805518 -0.024352229226987855 0.1016313336342571 0.14141061716635747 0.083417957738493226 -0.049243891812531165 0.0028229117928309311
leaf_weight=0.084623985013748348 0.10370794869959399 1.9415111577722604 0.064197969672565303 0.057167312069437586 0.094463916728271952 0.13557800266026793 0.86969254717740097 0.65166841149793509 0.87741199141505266 0.15996136935783223 0.53636531812743593 0.57347602606242554 0.1495876484036206 0.25515904885082863 0.13962289683839069 0.57312399311770246 0.12161403710903324 0.16299982691797782 0.13596909491888709 0.10791488158662854 0.093122976022567694 0.017216844033224439 0.47195311411104207 3.2569729324254335 0.12738766701693569 0.19890961004068419 0.071215378601826806 0.10016664215369142 0.02837243645607912 0.85717670651254652
leaf_count=763 14 2743 51 111 110 72 1305 583 569 242 1145 225 88 994 1012 274 44 123 92 111 375 229 169 7815 44 187 113 267 83 816
internal_value=-0.000369511 -0.00612358 -0.0219157 0.00945634 -0.0113673 0.00693927 0.0188423 0.0259909 0.0193429 0.0331309 0.0383924 0.0521482 -0.00925409 -0.013286 0.0300696 0.0051827 -0.0178021 0.0297919 0.0231568 0.0797051 -0.0145245 0.121755 0.0288643 -0.0182061 0.0354615 0.0644881 0.0105893 -0.00138 0.0870934 0.012035
internal_weight=13.0183 7.90829 5.87932 2.02898 3.9378 5.11002 5.0254 4.00612 3.35445 2.38391 2.22395 1.48783 1.01928 3.87361 0.394782 1.95459 0.857738 0.284614 1.09685 0.681391 0.970535 0.0743842 0.806441 3.47882 0.221852 0.334488 0.73612 0.636532 0.0995878 0.960885
internal_count=20769 14472 12769 1703 10026 6297 5534 4141 3558 2614 2372 764 1393 9975 2006 1363 441 167 922 336 944 340 428 7969 154 259 1608 1412 196 830
cat_boundaries=0 4
cat_threshold=2348941314 2356937004 2755690820 541206664
is_linear=0
shrinkage=0.05


Tree=13
num_leaves=31
num_cat=1
split_feature=22 2 8 16 1 7 13 11 14 5 20 13 0 17 4 3 0 21 16 18 0 0 10 8 10 10 3 0 2 0
split_gain=0.514456 0.599226 0.501168 0.389422 0.385221 0.368236 0.407838 0.462843 0.365869 0.361212 0.331379 0.315535 0.344906 0.358015 0.451632 0.347658 0.326457 0.399992 0.30749 0.299473 0.26972 0.387045 0.322629 0.287552 0.485981 0.264652 0.264247 0.440195 0.401813 0.25213
threshold=0 -0.41893116896806148 0.81500000000000006 1.5000000000000002 0.043591316407083365 2.4350000000000005 0.10028469765311866 0.085659225296208133 0.653950103950104 168238677.61000004 0.32832051861902617 0.10054496317415053 0.63140963017440421 105.50000000000001 2.4379000000000004 165301.41890000002 0.10991938042429683 0.15524256651017218 2.5000000000000004 13.500000000000002 0.10427511499136526 0.29807906360607994 0.075869556803171076 0.69500000000000006 0.096605744125326451 0.10959561602418748 343245.04010000004 0.095520242879944137 -0.18220429787487344 0.10091606170487132
decision_type=9 2 10 2 2 2 2 2 2 2 2 2 2 2 2 2 2 2 2 2 2 2 2 10 2 2 2 2 2 2
left_child=2 8 3 20 11 6 10 -8 9 -2 18 12 13 14 -3 19 17 -13 -4 -16 22 -22 -1 -24 -25 -7 27 -6 -28 -30
right_child=1 4 5 -5 26 25 7 -9 -10 -11 -12 16 -14 -15 15 -17 -18 -19 -20 -21 21 -23 23 24 -26 -27 28 -29 29 -31
leaf_value=0.082303214007640124 -0.0045528606081777926 0.077971013835221051 0.0088569156891121093 -0.053280239568254777 0.11707584735355279 -0.038688655699689614 -0.042433894141098133 0.065463027110049532 -0.028260469330307115 0.088701834196597232 -0.031758495776274868 -0.062123493297871292 0.01491232845429224 0.0037985628766524374 0.14218203039419283 -0.040089376642693117 -0.044095831605289203 0.073419314017449222 0.080941105401664826 -0.058624449879621114 0.094606772580780069 0.015021952355180347 -0.02960433649137716 -0.019313086985549711 0.099069400563337059 0.047276643860209078 -0.038955367461155521 -0.018835260604061925 0.084174868085574728 0.0018892692596159336
leaf_weight=0.20658548002226129 0.1593637189363552 0.085522618298062514 1.6962965855605054 0.10111740032872263 0.1318663628831015 0.56293640186372507 0.11828332912973294 0.62235432059694251 0.17810411134312887 0.29803217120993547 0.47231278896906359 0.069293299516386353 0.45708896910662566 0.65966859691912283 0.048887991396742637 4.1126780683554083 0.15412026217193447 0.25375432758097161 0.1620771908204276 0.029936478343499516 0.50044903925495232 0.21989882996329946 0.26151205675097772 0.17350900410315215 0.17326364259557678 0.10646173668780257 0.40876113835839423 0.10867540262426578 0.14487415884367549 0.26045671247122903
leaf_count=104 146 62 1688 241 84 2079 196 544 89 25 652 59 3189 898 232 5241 850 176 371 78 457 933 167 78 76 148 158 369 136 1243
internal_value=-0.000376533 -0.00599774 0.00653279 0.0417619 -0.018194 0.0085862 0.01591 0.0482314 0.0325368 0.0562105 0.00563899 -0.0231919 -0.0266396 -0.0304869 -0.035775 -0.0380958 0.0157799 0.0443456 0.0151437 0.0659184 0.0480219 0.0703121 0.0283173 0.00998256 0.0398363 -0.0250167 0.00962878 0.055672 -0.00397572 0.0313
internal_weight=12.9381 7.56108 5.37706 1.63634 6.92558 3.74072 3.07132 0.740638 0.6355 0.457396 2.33069 5.87095 5.39378 4.93669 4.27703 4.1915 0.477168 0.323048 1.85837 0.0788245 1.53522 0.720348 0.81487 0.608285 0.346773 0.669398 1.05463 0.240542 0.814092 0.405331
internal_count=20769 13035 7734 2056 12775 5678 3451 740 260 171 2711 10785 9700 6511 5613 5551 1085 235 2059 310 1815 1390 425 321 154 2227 1990 453 1537 1379
cat_boundaries=0 4
cat_threshold=2348941474 2353856812 2688581925 541075592
is_linear=0
shrinkage=0.05


Tree=14
num_leaves=31
num_cat=1
split_feature=22 7 8 5 14 13 2 0 9 10 13 4 5 4 6 14 13 14 2 17 3 7 4 2 11 20 15 0 7 9
split_gain=0.468422 0.653999 0.419626 0.314784 0.332786 0.314023 0.40982 0.311183 0.294623 0.360558 0.333963 0.46321 0.571691 0.295909 0.269522 0.361038 0.357032 0.315287 0.303892 0.310483 0.299896 0.399471 0.337957 0.297674 0.286888 0.311045 0.267352 0.25979 0.333098 0.24592
threshold=0 0.9850000000000001 0.7350000000000001 510061927.22000009 0.73375527426160347 0.10034168609244211 -0.31583538537984068 0.63140963017440421 0.61960638061574491 0.019332747510251828 0.099657820942880462 8.0384500000000028 311282506.66000003 2.4379000000000004 8.7451000000000025 0.63654119318181823 0.10084033613445377 0.63349834983498365 -0.4359122999964522 30.500000000000004 622509.4920000002 2.0150000000000001 12.992100000000002 -0.05240668470518272 0.10875197396049265 0.21620196813495787 19.500000000000004 0.13227222724382959 1.2550000000000001 0.61960638061574491
decision_type=9 2 8 2 2 2 2 2 2 2 2 2 2 2 10 2 2 2 2 2 2 2 2 2 2 2 2 2 2 2
left_child=3 8 -3 4 14 7 -7 -4 9 -2 -11 13 -13 -12 15 16 17 18 -1 -20 21 23 -22 24 27 -26 -16 28 -21 -5
right_child=1 2 5 29 -6 6 -8 -9 -10 10 11 12 -14 -15 26 -17 -18 -19 19 20 22 -23 -24 -25 25 -27 -28 -29 -30 -31
leaf_value=0.077381544021024679 0.074579954368625898 -0.049748063193414294 -0.025755329704849811 -0.020193466363172263 0.062958660235522976 0.096731830962242152 -0.0027547623323641158 0.023414277546185035 -0.018330085234601789 0.099122593164015629 0.047392911727270087 0.18144528321182474 0.015392881964900554 -0.030604538178650904 0.085258087602014629 -0.04846536739514129 0.080971026531409113 0.14064861622855726 0.081619562123381173 0.059381078389885135 -0.031874002949169096 -0.023826496862589988 0.11191472426236566 -0.030816265427890888 0.11950486561580115 0.032455573557731238 -0.057731888398142278 0.085003727976953422 -0.028025328663464796 0.022871615217627164
leaf_weight=0.16946544786494699 0.27572084335414704 1.1100151268263232 3.3622825064995969 0.81025147322805768 0.50927174786831653 0.12748217316568922 0.55060504713017011 0.35583703734020744 0.60846421056012623 0.09835297467678028 0.14950097794185491 0.071204447571254686 0.19053239605718295 0.65160000226059389 0.2462525947681852 0.20667090395415488 0.22131985974941537 0.048957535584902678 0.13604140398021902 0.16820820592858848 0.67042083611786951 0.45902142829889214 0.043517588286959397 0.16628732772938626 0.19414881500986622 0.21767615348984629 0.037693596770629972 0.12009467593660123 0.30966394229812888 0.56104034748117271
leaf_count=68 214 2227 4973 1159 387 109 1714 2948 630 93 37 108 148 376 695 281 218 16 391 117 756 804 98 606 56 57 13 143 90 1237
internal_value=-0.0003839 -0.00572691 -0.0222787 0.00624896 0.0252538 -0.0153428 0.015949 -0.0210496 0.0108317 0.0231804 0.0109757 0.0028188 0.0605668 -0.0160487 0.0196317 0.0154023 0.0199152 0.0149169 0.0125981 0.00818028 0.00392714 0.0157322 -0.0231095 0.0311719 0.0413798 0.0734937 0.0662763 0.0192627 0.00274122 -0.00257413
internal_weight=12.8476 7.5516 5.50622 5.296 3.92471 4.39621 0.678087 3.71812 2.04538 1.43691 1.16119 1.06284 0.261737 0.801101 3.41544 3.13149 2.92482 2.7035 2.65455 2.48508 2.34904 1.6351 0.713938 1.17608 1.00979 0.411825 0.283946 0.597967 0.477872 1.37129
internal_count=20769 13577 11971 7192 4796 9744 1823 7921 1606 976 762 669 256 413 4409 3701 3420 3202 3186 3118 2727 1873 854 1069 463 113 708 350 207 2396
cat_boundaries=0 4
cat_threshold=2348941318 2350645548 608207141 541206664
is_linear=0
shrinkage=0.05


Tree=15
num_leaves=31
num_cat=1
split_feature=22 1 2 20 5 7 17 20 13 1 10 8 2 11 2 17 2 13 5 7 2 4 11 20 3 4 6 7 20 4
split_gain=0.443428 0.490467 0.465142 0.404487 0.316892 0.443124 0.309547 0.372047 0.286654 0.350126 0.462173 0.40294 0.307014 0.444955 0.360645 0.309951 0.266339 0.264832 0.276047 0.253005 0.281042 0.233196 0.22787 0.227311 0.496574 0.249474 0.338294 0.297889 0.393025 0.288882
threshold=0 0.043591316407083365 -0.30128940476819394 0.18322386425834705 85935771.000000015 1.7450000000000003 29.500000000000004 0.32832051861902617 0.10034722640849737 -0.0011788529113974098 0.10489510489510494 1.6150000000000004 -0.41893116896806148 0.11230426990693367 -0.19608675388661403 97.500000000000014 0.020833333333333374 0.099780299519892882 1046573022.6700002 1.7950000000000002 -0.050182678845256339 10.201500000000001 0.10045812008862588 0.1404052936311001 528111.19360000012 6.0484000000000009 2.3767 2.0350000000000006 0.21975609756097564 6.7567000000000013
decision_type=9 2 2 2 2 2 2 2 2 2 2 8 2 2 2 2 2 2 2 2 2 2 2 2 2 2 10 2 2 2
left_child=4 8 -3 -4 5 -1 -6 23 12 10 -10 -12 13 22 -14 -16 -9 19 -19 20 -17 -20 -2 24 -8 -25 -27 29 -29 -28
right_child=1 2 3 -5 6 -7 7 16 9 -11 11 -13 14 -15 15 17 -18 18 21 -21 -22 -23 -24 25 -26 26 27 28 -30 -31
leaf_value=0.073146376862769397 0.036171259957779485 0.074919269920809953 0.061898105679602813 -0.018550239089632287 0.10764895592342812 -0.04528430742536782 0.063826599326045494 -0.031356524060259017 0.12314093471911725 -0.017339934325804284 -0.030863826143397791 0.11403392835019728 -0.040568106417375072 0.11936837153109912 -0.022530872979736709 0.16432020134046108 0.034467115945053327 -0.024676922087481779 -0.023801418816191907 -0.04095424770625454 0.0085108370876830469 0.1024083158567925 -0.057722791092659292 -0.0023334592903679267 -0.043635428693547834 0.093687298673202482 0.09359454655474124 -0.035671600339379217 0.042683053237066185 0.030124219350669335
leaf_weight=0.47826370142538066 0.13183576487106691 0.27031752938183362 0.20291905711169678 0.67931664386378676 0.086616397752841467 0.094607591941645142 0.15403082684175606 0.68938274909835873 0.12598071806269867 0.55993647995193319 0.18887360919845489 0.064318538402888287 2.1926381851803485 0.089742933633242317 2.4432067138009028 0.077427003950060747 0.19776314918173488 0.37940999855304375 0.059029396052759295 0.038326181629982747 0.046217612952234532 0.096320085221913945 0.12673521717092595 0.64953270524939544 0.3558720029419814 0.20732985309769647 0.21044817290686624 0.36522245866763225 0.28487157716801603 1.2102571124954684
leaf_count=389 61 79 467 1699 655 174 117 547 203 1523 304 100 1536 99 7350 47 711 614 69 241 107 77 54 562 275 124 81 390 924 1190
internal_value=-0.000388046 -0.00549556 0.0175357 -4.66779e-05 0.00618785 0.053588 0.0140595 0.012185 -0.0178068 0.00778318 0.0448833 0.00594463 -0.0220371 0.0234433 -0.0250078 -0.0141419 -0.0166831 0.0152755 -0.00168987 0.0712879 0.10608 0.0544514 -0.00984969 0.0196352 -0.0111734 0.025001 0.0327945 0.0266979 -0.00133655 0.039526
internal_weight=12.7567 7.77255 1.15255 0.882236 4.9842 0.572871 4.41133 4.32471 6.62 0.939109 0.379173 0.253192 5.68089 0.348314 5.33258 3.13994 0.887146 0.69673 0.534759 0.161971 0.123645 0.155349 0.258571 3.43756 0.509903 2.92766 2.27813 2.0708 0.650094 1.42071
internal_count=20769 14630 2245 2166 6139 563 5576 4921 12385 2130 607 404 10255 214 10041 8505 1258 1155 760 395 154 146 115 3663 392 3271 2709 2585 1314 1271
cat_boundaries=0 4
cat_threshold=2348941318 2355429740 2755690820 541075592
is_linear=0
shrinkage=0.05


Tree=16
num_leaves=31
num_cat=1
split_feature=7 22 2 10 5 5 1 17 0 17 5 1 6 11 7 13 8 18 0 2 11 11 10 8 20 1 4 11 11 19
split_gain=0.422979 0.455059 0.500621 0.34798 0.428697 0.420372 0.333011 0.297348 0.51181 0.329681 0.330906 0.339267 0.294276 0.301498 0.309467 0.315975 0.261191 0.243824 0.235454 0.213499 0.309135 0.252053 0.239977 0.226162 0.201475 0.486467 0.256585 0.311523 0.806895 0.354094
threshold=0.58500000000000008 0 -0.20308429761305832 0.098161119430623403 409630532.62500006 336730270.26500005 0.0076335877862595556 35.500000000000007 0.06536283975022654 41.500000000000007 46499445.125000007 0.0078086267032675414 9.9790500000000026 0.10022866185756396 1.405 0.099688957257018887 5.495000000000001 19.500000000000004 0.54140815878810866 -0.072463768115941948 0.099222868334095507 0.095041322314049617 0.086053412462907999 0.6150000000000001 0.12764775588801661 0.031866854349164926 6.0484000000000009 0.10106572272279861 0.10317821067821072 6.5000000000000009
decision_type=2 9 2 2 2 2 2 2 2 2 2 2 8 2 2 2 8 2 2 2 2 2 2 10 2 2 2 2 2 2
left_child=-1 2 3 4 5 6 -2 8 -3 -9 11 -11 16 14 -14 -16 24 -15 -19 20 21 -4 -21 -24 25 -12 -26 -28 -29 -30
right_child=1 7 19 -5 -6 -7 -8 9 -10 10 12 -13 13 17 15 -17 -18 18 -20 22 -22 -23 23 -25 26 -27 27 28 29 -31
leaf_value=0.033296654949785058 -0.060460822064253676 0.11785468655331471 -0.0024946522196302176 0.053717178171510616 -0.056257316466253808 0.13249818724953341 0.035472432798207922 -0.058773581899670982 -0.04571796632352837 -0.057711512144971944 -0.054035918272062305 0.10338021142503676 0.141206441549384 -0.024758930455948402 0.1991103886521243 -0.0027782972000767671 0.088988547572989074 -0.059636030571719324 0.18843964446395201 -0.016318309653302884 -0.035286372930671231 0.10431401660704463 -0.054481516232196152 0.036210463424692835 -0.030287176234578484 0.06856756161271102 -0.027562186150457604 0.096873113859245547 -0.013517119993004834 0.070200744233655896
leaf_weight=0.86788788068883249 0.1159813177619442 0.10836948583287143 0.18657293280633286 1.2345199771429283 0.18124925680125703 0.08785544380377075 0.41110796812870831 0.44466973962150458 0.085593063336957154 0.045940705667964446 0.8280674573673964 0.11326530596690469 0.077733801502258337 0.35998622937190028 0.022078974495357867 0.15858128603425639 0.054971288454852885 0.014654287712668107 0.027540573474316404 0.41780804479038702 0.62676838524321543 0.078465380867700218 0.074570762427770165 0.87945507334939554 2.0435839904522202 0.089668400871454557 1.170334263308735 0.21327848425059981 1.5061273357273488 0.13786705290751711
leaf_count=623 109 414 390 389 106 21 271 1006 1895 144 225 144 173 960 130 603 27 98 237 1322 584 108 281 2388 1970 403 2840 327 1695 886
internal_value=-0.000391904 -0.00287039 0.00572938 0.0370952 0.0113223 0.0312408 0.0143632 -0.00661391 0.0456723 -0.0170514 -0.0143484 0.0568954 -0.0160401 0.0156455 0.057788 0.0218951 -0.0195033 -0.0114303 0.102283 0.00290154 -0.0161434 0.0291264 0.0152823 0.0291216 -0.0204991 -0.0420568 -0.0165978 -0.00735768 0.00537391 -0.00649645
internal_weight=12.6646 11.7967 4.29435 2.03071 0.796194 0.614945 0.527089 7.50231 0.193963 7.30835 6.86368 0.159206 6.70447 0.660575 0.258394 0.18066 6.0439 0.402181 0.0421949 2.26364 0.891807 0.265038 1.37183 0.954026 5.98893 0.917736 5.07119 3.02761 1.85727 1.64399
internal_count=20769 20146 5969 896 507 401 380 14177 2309 11868 10862 288 10574 2201 906 733 8373 1295 335 5073 1082 498 3991 2669 8346 628 7718 5748 2908 2581
cat_boundaries=0 4
cat_threshold=2348941478 2351169896 557875205 541730952
is_linear=0
shrinkage=0.05


Tree=17
num_leaves=31
num_cat=1
split_feature=22 2 8 5 0 7 14 5 8 5 16 17 8 20 4 7 11 11 20 2 11 5 6 2 10 7 6 14 6 7
split_gain=0.386884 0.408598 0.311203 0.397548 0.382554 0.321443 0.278015 0.355875 0.256822 0.250813 0.250266 0.287623 0.259775 0.414766 0.228693 0.206538 0.205906 0.287841 0.291753 0.24727 0.442269 0.313238 0.250783 0.219812 0.191864 0.187621 0.187444 0.186223 0.179743 0.356775
threshold=0 -0.41893116896806148 0.79500000000000015 95545479.860000014 0.71086924952462671 1.6650000000000003 0.653950103950104 168238677.61000004 3.4250000000000003 18070915.500000004 1.5000000000000002 38.500000000000007 0.76500000000000012 0.26873949579831941 2.9985000000000004 1.1950000000000001 0.053858325268951561 0.090191522415755399 0.27066256830601099 -0.21043128039801792 0.10073792578829513 170936795.15000004 1.8393000000000002 -0.1382733645205094 0.099510603588907107 0.55500000000000016 2.5625500000000003 0.064690496948561479 3.4075000000000002 0.9850000000000001
decision_type=9 2 10 2 2 2 2 2 8 2 2 2 8 2 2 2 2 2 2 2 2 2 8 2 2 2 10 2 10 2
left_child=2 6 10 5 16 24 7 14 9 -3 11 -1 13 28 -2 -6 -5 18 23 20 -19 -22 -21 -18 27 -15 -20 -4 29 -13
right_child=1 8 3 4 15 -7 -8 -9 -10 -11 -12 12 -14 25 -16 -17 17 19 26 22 21 -23 -24 -25 -26 -27 -28 -29 -30 -31
leaf_value=0.11207514688459504 0.070762032869377794 0.11116986805951815 0.065169922809112699 -0.04962615266018592 0.10012989998139797 -0.030440218913115658 -0.027214594401790672 0.07835624268323288 0.083172722404050575 -0.016665145475398439 -0.049546096499877401 0.060867171056176374 0.084819761593354331 0.082775555649356999 -0.06064885697921997 0.019194198603413124 0.014104582728290986 -0.045348778593498049 0.11141894306463172 0.068987603845907533 -0.028221786715099319 0.051259062195566356 -0.025621269921937362 0.11277910599815344 0.10529101065128842 -0.056751703688192823 -0.059665241927568946 -0.061521193200124537 0.06628765320581867 -0.054886574634770757
leaf_weight=0.13995652734299469 0.050069909542790517 0.038579196196160015 0.10845167394276331 0.21134293660010728 0.14358125862796262 0.090144163835149282 0.17111022176737045 0.30592045350997193 0.065923934939268736 7.0729187902742465 0.074824976836203372 0.15995011970727363 0.21557118077461412 0.027821947246319201 0.097729324852641505 0.17477079947386059 0.091766635340163133 0.23531132605678351 0.019891870831512906 0.074604616690768039 0.15928614005453012 0.55898053128812586 1.1459545503550455 0.14660696269757686 0.21444202728828721 0.17979866816744344 0.082040775814412312 0.039595293069633469 0.36466959185030434 0.11402082063812352
leaf_count=408 18 37 87 242 238 210 90 26 305 13226 190 40 141 17 142 1307 80 115 41 78 108 180 1736 252 109 432 242 209 374 89
internal_value=-0.00039954 -0.00512123 0.00583109 0.010333 0.00383211 0.054054 0.0270953 0.0475771 -0.015061 -0.0159717 0.0391761 0.0447001 0.0358196 0.0233376 -0.0161308 0.0556973 -0.00222537 0.00175874 0.0445184 -0.0049342 0.0141429 0.033633 -0.0198385 0.0747924 0.0750662 -0.0380545 -0.0262786 0.0312863 0.043296 0.0126929
internal_weight=12.5756 7.80225 4.77339 3.49677 3.04414 0.452633 0.62483 0.45372 7.17742 7.1115 1.27661 1.20179 1.06183 0.846261 0.147799 0.318352 2.72579 2.51444 0.340306 2.17414 0.953578 0.718267 1.22056 0.238374 0.362489 0.207621 0.101933 0.148047 0.638641 0.273971
internal_count=20769 13844 6925 5234 4619 615 276 186 13568 13263 1691 1501 1093 952 160 1545 3074 2832 615 2217 403 288 1814 332 405 449 283 296 503 129
cat_boundaries=0 4
cat_threshold=2348941318 2356478316 2688581924 541075592
is_linear=0
shrinkage=0.05


Tree=18
num_leaves=31
num_cat=1
split_feature=7 22 2 10 7 14 5 1 17 0 17 6 13 21 0 11 18 9 11 3 3 9 9 6 8 3 10 8 15 13
split_gain=0.360798 0.39574 0.332984 0.389426 0.482796 0.341697 0.272132 0.366195 0.280939 0.427912 0.288784 0.287601 0.281219 0.298984 0.417949 0.280031 0.251906 0.24671 0.305578 0.268874 0.258967 0.255489 0.325238 0.2533 0.313398 0.482625 0.231113 0.229274 0.220035 0.25854
threshold=0.58500000000000008 0 -0.25131675937711867 0.096330275229357859 1.3250000000000004 0.28162881497986475 46499445.125000007 0.0078086267032675414 35.500000000000007 0.06536283975022654 41.500000000000007 9.9790500000000026 0.10080972987149218 0.17595459236326114 0.10991938042429683 0.10022866185756396 19.500000000000004 -6.5192726992069732 0.18025270758122749 493037.73400000005 556798.18925000017 1.4975310918515896 -3.4722222222222263 8.5943500000000022 0.66500000000000015 457247.78895000002 0.09734696570888117 5.495000000000001 4.5000000000000009 0.10038610038610053
decision_type=2 9 2 2 2 2 2 2 2 2 2 10 2 2 2 2 2 2 2 2 2 2 2 10 10 2 2 8 2 2
left_child=-1 2 3 4 -2 -5 7 -3 9 -8 -10 12 27 -14 -15 28 -17 -4 19 23 -21 22 26 24 -19 -26 -22 -12 29 -13
right_child=1 6 17 5 -6 -7 8 -9 10 -11 11 15 13 14 -16 16 -18 18 -20 20 21 -23 -24 -25 25 -27 -28 -29 -30 -31
leaf_value=0.030581821216526153 0.057388400031213718 -0.057149853056320157 -0.050715771428547399 0.0098179811140341761 -0.037453710114910554 0.077693739474221937 0.10615140460749295 0.10081731218150014 -0.058105947422407482 -0.044391405374879109 -0.022648384935238866 0.10723008887204731 -0.036480640144118941 0.096468417324050898 -0.051232278362203947 -0.023646634746009604 0.10829867350901319 0.069487924661749689 0.14390125772436874 -0.053857929781127904 -0.0059159511094597356 0.031935491145581335 -0.032053161164201482 0.070288711892911637 -0.028465230267044939 0.11454045591927692 0.080444303454924149 0.079329161405911341 -0.035724231712763205 -0.038910992006031118
leaf_weight=0.87413481136686755 0.23862381301708002 0.054806574686469073 0.16921059766556501 0.26287764488698873 0.30658421973740557 0.62926057754850773 0.11278644265976585 0.11097287177185769 0.4189182645450974 0.081178331636034204 5.4539621737379047 0.16602567441830238 0.13544045699414947 0.1761226029631637 0.065786288395241227 0.35212973063914532 0.040314961766871105 0.18232554403022189 0.042902642325012397 0.21427186051016378 0.18572451000207396 0.55157256009878541 0.6196858443449037 0.28404906547797792 0.40521038302929624 0.069052895904993805 0.1329116117408739 0.05567975688702187 0.050840315646184742 0.037010084460951803
leaf_count=623 144 191 111 84 171 226 391 226 956 1837 7830 594 109 76 348 957 337 185 9 334 113 1081 1464 803 1057 107 85 24 209 87
internal_value=-0.000395585 -0.00272868 0.00532303 0.037348 0.00405629 0.0576935 -0.00622451 0.0485935 -0.0162064 0.0431461 -0.0178623 -0.0152819 -0.0187579 0.0229997 0.0563017 0.0163789 -0.0100922 0.00784299 0.0115297 0.00938242 -0.0024617 0.00492994 -0.0109447 0.0308406 0.0137748 -0.00764355 0.0301072 -0.0216178 0.0572981 0.080591
internal_weight=12.4804 11.6062 4.29426 1.43735 0.545208 0.892138 7.31197 0.165779 7.1462 0.193965 6.95223 6.53331 5.88699 0.377349 0.241909 0.646321 0.392445 2.85692 2.68771 2.6448 1.70417 1.48989 0.938322 0.940638 0.656589 0.474263 0.318636 5.50964 0.253876 0.203036
internal_count=20769 20146 5974 625 315 310 14172 417 13755 2228 11527 10571 8387 533 424 2184 1294 5349 5238 5229 3077 2743 1662 2152 1349 1164 198 7854 890 681
cat_boundaries=0 4
cat_threshold=2348941478 202113384 826310725 541730952
is_linear=0
shrinkage=0.05


Tree=19
num_leaves=31
num_cat=1
split_feature=22 2 14 5 13 7 19 6 18 0 0 7 18 2 11 20 20 3 3 7 13 21 3 4 20 15 7 3 18 7
split_gain=0.334114 0.42477 0.293511 0.336819 0.242387 0.385331 0.327173 0.472976 0.255076 0.259184 0.254583 0.252188 0.344468 0.317881 0.225698 0.254709 0.316099 0.219944 0.217132 0.213306 0.388206 0.212577 0.366698 0.201643 0.198465 0.281435 0.267504 0.249143 0.293244 0.340723
threshold=0 -0.41893116896806148 0.653950103950104 168238677.61000004 0.10034722640849737 0.9850000000000001 6.5000000000000009 3.2906000000000004 24.500000000000004 0.050501506799703937 0.63140963017440421 1.155 5.5000000000000009 -0.30128940476819394 0.14150617993676351 0.32832051861902617 0.41048534798534803 509244.21825000009 561973.5316000001 1.1150000000000004 0.09964569721390594 0.19098277608915909 328943.36635000008 2.9985000000000004 0.16287683031869082 2.5000000000000004 2.2550000000000003 568111.23565000016 15.500000000000002 3.0550000000000002
decision_type=9 2 2 2 2 2 2 10 2 2 2 2 2 2 2 2 2 2 2 2 2 2 2 2 2 2 2 2 2 2
left_child=14 2 3 23 5 6 21 -8 10 -10 -7 12 -6 -13 15 19 -17 -15 -19 20 -1 -3 -23 -2 26 -26 -21 28 29 -27
right_child=1 4 -4 -5 11 8 7 -9 9 -11 -12 13 -14 17 -16 16 -18 18 -20 24 -22 22 -24 -25 25 27 -28 -29 -30 -31
leaf_value=-0.061178938103670394 0.064903635386772615 -0.019371392776862915 -0.027640352950470799 0.075369144618561645 0.062485077510943288 -0.030940505528173196 0.11107717680341507 -0.059685116916373675 0.24060880572742055 0.016955789631018025 0.013145728010817821 0.071580519920529925 -0.053926525370332712 -0.030746011307934626 -0.028118989067047052 -0.026548579178185969 0.032988710635094287 0.13120338465335954 0.013709352706969852 -0.047932670198914479 0.053842944299437173 0.14218838498786732 0.0049378938562064769 -0.059931736945176818 0.04094831984623945 0.077413433726790548 0.066536810042143901 -0.021546902613440097 -0.040104703715440705 -0.045164357530350904
leaf_weight=0.07931174305578359 0.049674586392939521 0.86983965062868074 0.17493622256166647 0.33588324837319122 0.08135674860257891 4.0462697576991715 0.14431148276519978 0.056397801901699962 0.016357690328812 0.06225111746208252 0.35629982577595321 0.22708405190712544 0.29029375369772892 0.27692305468664641 0.25614473193840037 0.56235947393461749 0.36936799645237173 0.045190691629154178 0.30277592976868217 0.21735615890385421 0.97702696793689714 0.05707217715210533 0.33038557893850229 0.092741020978920688 1.0845325623172453 0.27850899901858367 0.066699374441467757 0.48186806201707005 0.11327064746126148 0.0711806514880019
leaf_count=100 18 396 94 29 38 6175 195 189 20 1308 2622 99 389 1008 131 1189 632 104 846 282 652 162 370 142 1755 279 274 855 281 135
internal_value=-0.00039659 -0.00474645 0.0277785 0.0480477 -0.0143392 -0.0185141 0.00381343 0.0630943 -0.0257786 0.0634957 -0.0273726 0.00592469 -0.0284433 0.0209168 0.00547175 0.0201926 -0.002946 0.00250565 0.0289684 0.0265904 0.0452069 -0.00564989 0.0251548 -0.0163891 0.0180898 0.0235689 -0.021054 0.00361977 0.0298143 0.0524623
internal_weight=12.3737 7.81604 0.653235 0.478299 7.16281 5.93919 1.45801 0.200709 4.48118 0.0786088 4.40257 1.22362 0.371651 0.851974 4.55763 4.30148 0.931727 0.62489 0.347967 3.36976 1.05634 1.2573 0.387458 0.142416 2.31342 2.02936 0.284056 0.944828 0.46296 0.34969
internal_count=20769 14204 283 189 13921 11437 1312 384 10125 1328 8797 2484 427 2057 6565 6434 1821 1958 950 4613 752 928 532 160 3861 3305 556 1550 695 414
cat_boundaries=0 4
cat_threshold=2348941316 209518956 2957017380 541075592
is_linear=0
shrinkage=0.05


Tree=20
num_leaves=31
num_cat=1
split_feature=22 7 13 2 8 20 10 0 14 11 0 2 8 10 9 15 14 15 6 19 13 3 15 6 8 0 2 6 18 8
split_gain=0.316742 0.287235 0.304596 0.242681 0.233455 0.233699 0.281865 0.229955 0.325067 0.228074 0.244196 0.350922 0.258963 0.288263 0.367901 0.225637 0.406531 0.251689 0.298591 0.263938 0.277627 0.29153 0.303416 0.238968 0.335879 0.224213 0.220337 0.217855 0.20933 0.217486
threshold=0 0.58500000000000008 0.10034722640849737 -0.41893116896806148 0.70500000000000007 0.1813852813852814 0.011647659021212219 0.63140963017440421 0.92345252403846168 0.08696387846685795 0.25902617575720932 -0.28910324611774246 0.72500000000000009 0.10099944506104329 1.1748244054100467 4.5000000000000009 0.89992743105950668 3.5000000000000004 4.1961500000000012 7.5000000000000009 0.099337748344370827 2628961.3848500005 1.5000000000000002 2.4086000000000003 0.71500000000000008 0.06536283975022654 -0.026303434642945541 10.833600000000002 8.5000000000000018 1.4750000000000003
decision_type=9 2 2 2 10 2 2 2 2 2 2 2 10 2 2 2 2 2 8 2 2 2 2 10 8 2 2 8 2 10
left_child=3 4 7 -1 -2 -6 28 8 15 -4 11 -11 -13 -14 -15 16 17 19 23 20 25 -22 -23 24 -19 -3 -21 -20 -7 -30
right_child=1 2 9 -5 5 6 -8 -9 -10 10 -12 12 13 14 -16 -17 -18 18 27 26 21 22 -24 -25 -26 -27 -28 -29 29 -31
leaf_value=0.015364327234261893 0.093852293389023608 0.00057427444697001064 -0.016426775164711256 -0.039885570975327835 0.087395967235727526 0.10203295164066062 -0.036570524413036827 0.027494169571838912 -0.039427554031142231 0.057195567640711591 0.070050872214206042 -0.058891891020305787 -0.023456998572911062 0.089574760660219466 -0.033457718350912234 -0.015532760563797541 0.078349034793538469 0.078058647912407353 -0.032848956747068996 0.10609855948329272 -0.01083365927364106 -0.013215529650290887 0.11328196882336841 0.089712505163174694 -0.04100719978312084 0.11891053169296449 -0.015478408621044985 0.089016152316247488 -0.037074181718527999 0.077387377171191554
leaf_weight=0.21975780068959627 0.14751357014971722 0.079746925128251683 0.28865933659547871 2.0793799524615437 0.1147712227391034 0.093251871255122326 0.20300019495023064 0.72708656417910322 0.53690946540243967 0.41560071399351306 0.32955694093608578 0.15089530922195804 0.25197287087564563 0.19027566882541949 0.089268450734682731 1.5371883659466217 0.189096788624047 0.11861562110196867 0.21875353732767325 0.10092424172213252 3.2961614393781828 0.090749268003964378 0.099246463169063548 0.23566937236702989 0.11830818925383434 0.080368093112925448 0.059084359550735682 0.0440597163809405 0.10298647365239466 0.069511469214084382
leaf_count=87 145 111 685 4333 41 40 131 4306 792 179 1255 156 338 147 64 1843 178 16 266 435 3932 67 59 143 97 252 443 82 107 39
internal_value=-0.00039766 0.00373779 0.00509841 -0.00646881 0.037655 0.0234484 0.00779117 0.000766918 -0.00208883 0.0241079 0.0323041 0.0209749 -0.00108418 0.0153272 0.0502861 0.00110958 0.00651722 0.00352645 0.0303046 -0.00164732 -0.00440547 -0.00736225 0.0528619 0.0540634 0.018603 0.0599719 0.0612054 -0.0124187 0.0416781 0.00905037
internal_weight=12.2784 9.97923 9.2482 2.29914 0.731035 0.583521 0.46875 7.53197 6.80488 1.71623 1.42757 1.09801 0.682412 0.531517 0.279544 6.26797 4.73078 4.54169 0.735406 3.80628 3.64627 3.48616 0.189996 0.472593 0.236924 0.160115 0.160009 0.262813 0.26575 0.172498
internal_count=20769 16349 15846 4420 503 358 317 13022 8716 2824 2139 884 705 549 211 7924 6081 5903 604 5299 4421 4058 126 256 113 363 878 348 186 146
cat_boundaries=0 4
cat_threshold=276841993 805461120 1082666120 404849156
is_linear=0
shrinkage=0.05


Tree=21
num_leaves=31
num_cat=1
split_feature=22 13 7 2 18 2 0 3 18 17 0 8 21 2 15 10 11 1 3 14 17 7 2 20 17 21 15 20 3 5
split_gain=0.297963 0.267806 0.320587 0.244186 0.229403 0.215312 0.210597 0.277779 0.312767 0.32449 0.305863 0.395621 0.287399 0.267632 0.259559 0.23693 0.228629 0.28147 0.260944 0.341533 0.253591 0.227606 0.229578 0.195699 0.196332 0.192556 0.314366 0.186959 0.266431 0.388287
threshold=0 0.10057637366287954 0.58500000000000008 -0.41893116896806148 22.500000000000004 -0.03275913111053546 0.63140963017440421 487868.08395000006 15.500000000000002 81.500000000000014 0.029805789926059461 1.5950000000000004 0.18469785575048733 0.079350614522878296 21.500000000000004 0.10043854322518651 0.050557017664728414 0.04453892139978189 730259.94195000001 0.88239562878852562 34.500000000000007 2.6750000000000003 -0.25644304332450674 0.16736694677871153 54.500000000000007 0.18394199785177232 5.5000000000000009 0.1356236786469345 4831276.447900001 1228340205.2250001
decision_type=9 2 2 2 2 2 2 2 2 2 2 10 2 2 2 2 2 2 2 2 2 2 2 2 2 2 2 2 2 2
left_child=3 2 23 -1 -5 -3 7 8 10 -10 12 13 -4 14 -12 -11 -9 20 -19 -20 21 -18 -23 -2 -25 26 -8 -22 29 -29
right_child=1 5 6 4 -6 -7 25 16 9 15 11 -13 -14 -15 -16 -17 17 18 19 -21 27 22 -24 24 -26 -27 -28 28 -30 -31
leaf_value=0.014522243648908995 0.087611580288307442 0.039774734560405423 0.029816717146241224 -0.043070779750463035 0.096364699508533241 -0.039549404484630346 0.036401634290524752 -0.053822531725425976 -0.059059786405059017 -0.017322823583689542 0.050537089857639217 -0.036505039699695721 -0.046083016866685145 -0.042765779658343051 -0.05717482256614205 0.055099147173916285 0.1041763614599069 0.12793084335442709 -0.06007004029886135 0.088806017588528102 -0.03324362113144845 0.090873096422280558 -0.059890591897665671 0.094856659293386977 0.0094304542793547802 0.0013938569912468725 0.1848474031660895 -0.0079020833691439019 -0.051302918475863768 0.049083155216773762
leaf_weight=0.22084679402241469 0.1535385879951443 0.88208572144704878 0.22230070200252616 1.9287549782936222 0.029956153177306377 0.09473263848114033 0.3491599841825912 0.25919558533466425 0.27815159432337661 0.31670708256069069 1.3126639852859676 0.18857188522223411 0.28413909552060401 0.090635660109712579 0.058419629931450001 0.17552016893195471 0.092232563447010987 0.071392335766021831 0.079236304866214136 0.074974544126735154 0.77407526524016335 0.040593072773439515 0.066809669887356718 0.080056675711149772 0.42073032677115146 0.37631610794905379 0.039722221166263227 2.5912886318676511 0.29341742280307981 0.33790999633114216
leaf_count=89 24 717 101 3683 643 890 876 434 604 554 1756 365 295 497 14 215 363 90 160 55 243 32 318 149 261 3721 74 2792 196 558
internal_value=-0.000395668 0.00360708 0.00452162 -0.00632035 -0.0409383 0.0320818 0.00188773 -0.000626994 0.0114549 -0.015892 0.0212231 0.0316539 -0.012767 0.0404469 0.0459477 0.00850166 -0.00818178 -0.00550651 0.0488989 0.0123108 -0.00843145 0.0465649 -0.00290917 0.0382277 0.0230868 0.0268912 0.0515646 -0.0111785 -0.00587847 -0.00132831
internal_weight=12.1841 10.0046 9.02776 2.17956 1.95871 0.976818 8.37343 7.60824 2.92711 0.770379 2.15673 1.65029 0.50644 1.46172 1.37108 0.492227 4.68113 4.42193 0.225603 0.154211 4.19633 0.199635 0.107403 0.654326 0.500787 0.765198 0.388882 3.99669 3.22262 2.9292
internal_count=20769 16354 14747 4415 4326 1607 14313 9642 4401 1373 3028 2632 396 2267 1770 769 5241 4807 305 215 4502 713 350 434 410 4671 950 3789 3546 3350
cat_boundaries=0 4
cat_threshold=276842313 805461120 1082657928 404849156
is_linear=0
shrinkage=0.05


Tree=22
num_leaves=31
num_cat=1
split_feature=22 7 3 13 8 2 9 19 9 2 9 6 11 11 6 4 13 13 3 7 9 8 18 13 3 19 18 7 21 2
split_gain=0.283121 0.453685 0.387695 0.343909 0.304697 0.296951 0.289971 0.280369 0.247857 0.364458 0.274828 0.236789 0.234666 0.502337 0.279392 0.337903 0.221698 0.221203 0.215792 0.325533 0.333768 0.220143 0.211545 0.203768 0.188693 0.188523 0.213804 0.185489 0.181535 0.335035
threshold=0 0.9850000000000001 4831276.447900001 0.10034168609244211 1.9750000000000003 -0.30128940476819394 0.61960638061574491 6.5000000000000009 -5.9884222399150753 -0.31583538537984068 -4.1019709784498142 12.39315 0.11111111111111126 0.09895962188685474 2.9868000000000001 3.1980500000000007 0.099977213163392378 0.10005652911249298 509244.21825000009 1.9150000000000003 -0.46488472433408029 1.6150000000000004 24.500000000000004 0.10039447885219878 279653.97620000009 4.5000000000000009 19.500000000000004 0.58500000000000008 0.1393876950250221 -0.41893116896806148
decision_type=9 2 2 2 10 2 2 2 2 2 2 8 2 2 10 2 2 2 2 2 2 8 2 2 2 2 2 2 2 2
left_child=2 6 4 11 8 -5 12 -8 9 -1 16 22 13 14 15 24 -10 -14 -7 21 -21 -20 28 -22 -2 -13 -27 -26 29 -3
right_child=1 3 -4 5 -6 18 7 -9 10 -11 -12 25 17 -15 -16 -17 -18 -19 19 20 23 -23 -24 -25 27 26 -28 -29 -30 -31
leaf_value=0.068235436630520702 0.085383984458067372 0.10503761544739908 -0.025619106600324255 0.04775467442175968 -0.043989606970933577 -0.035717528646456151 -0.029958445634141684 0.071965336895858573 0.0021836147495038422 -0.044645292026685039 0.028015281778693654 -0.025710267508279289 0.09281421423370198 -0.041729260488643782 -0.012873989708042639 0.089109853668241923 0.11767741610350579 0.00027239366964390625 -0.043321096340538906 -0.033292929228778967 0.21153896164818098 0.075902145973428037 0.052864015204871544 0.071358068095392246 0.028280969463335272 0.039092285414155575 0.22081886649568389 -0.0545186696395666 -0.031459287632706577 -0.014734476534881883
leaf_weight=0.10028254347813911 0.079482418904718244 0.06263982229575038 0.43797107957868231 0.33303308882313887 0.15586058748007259 0.38293412606082383 0.57123814139465112 0.076507931157327125 0.056587393311683304 0.2492003050930626 2.7301469140676304 0.10372578133409244 0.19582178596106731 0.31768393986019539 0.25856286128119044 0.28806629536612188 0.15637571432342831 0.096343456963970453 0.21191523509998639 0.060909255698628068 0.034999830099420856 0.047374792649623132 0.085789961177147656 0.099968724899260161 0.18837578050774609 0.12292183086816794 0.018639534149026415 0.10553345558646762 3.6031140944130886 0.86007121926832131
leaf_count=69 65 9 310 179 513 1232 460 283 78 131 3956 473 77 208 332 172 133 78 353 199 80 66 1242 454 106 874 266 62 7369 940
internal_value=-0.000398058 -0.00425501 0.00523186 -0.0165068 0.0243217 0.00781415 0.0101204 -0.0179198 0.0275553 -0.0122547 0.0322826 -0.0223712 0.0219926 0.0124784 0.0311963 0.0484233 0.086989 0.0622979 -0.00805684 0.0152142 0.0638641 -0.0215379 -0.0249174 0.10771 0.0170342 0.0254984 0.0630204 -0.00144975 -0.0263918 -0.00660354
internal_weight=12.0921 8.20565 3.88642 6.02804 3.44845 1.17114 2.17762 0.647746 3.29259 0.349483 2.94311 4.8569 1.52987 1.2377 0.920021 0.661458 0.212963 0.292165 0.838102 0.455168 0.195878 0.25929 4.61162 0.134969 0.373392 0.245287 0.141561 0.293909 4.52583 0.922711
internal_count=20769 15579 5190 13736 4880 2563 1843 743 4367 200 4167 11173 1100 945 737 405 211 155 2384 1152 733 419 9560 534 233 1613 1140 168 8318 949
cat_boundaries=0 4
cat_threshold=2348949510 203227500 810582340 541089928
is_linear=0
shrinkage=0.05


Tree=23
num_leaves=31
num_cat=1
split_feature=22 7 6 18 9 13 4 18 18 7 14 2 2 13 19 7 13 10 11 11 10 20 13 13 17 17 17 20 8 9
split_gain=0.258754 0.463344 0.383136 0.311947 0.292455 0.270277 0.248512 0.377928 0.326751 0.320367 0.288065 0.239371 0.249058 0.3571 0.269166 0.243653 0.232029 0.216173 0.261424 0.350408 0.227637 0.243498 0.22219 0.224231 0.213511 0.219034 0.212036 0.225335 0.216593 0.397923
threshold=0 0.9850000000000001 3.2906000000000004 15.500000000000002 -6.5192726992069732 0.099966825006365792 5.1692500000000008 15.500000000000002 19.500000000000004 1.8450000000000004 0.74488944513975819 -0.41893116896806148 0.066492944140833524 0.10057637366287954 4.5000000000000009 1.8650000000000004 0.10013736289654575 0.10826919661358124 0.11111111111111126 0.10000000000000016 0.088137259257613856 0.16051822573561705 0.1000878928769109 0.099833955283034306 35.500000000000007 27.500000000000004 90.500000000000014 0.33213429256594729 1.1450000000000002 4.5302773549222755
decision_type=9 2 8 2 2 2 2 2 2 2 2 2 2 2 2 2 2 2 2 2 2 2 2 2 2 2 2 2 8 2
left_child=4 3 24 17 5 -1 7 -4 9 -8 -10 -11 13 15 -15 -13 -14 18 19 20 21 -2 23 -23 25 -3 27 -6 -28 -30
right_child=1 2 6 -5 26 -7 8 -9 10 11 -12 12 16 14 -16 -17 -18 -19 -20 -21 -22 22 -24 -25 -26 -27 28 -29 29 -31
leaf_value=0.02437948704707384 0.08149571449721367 -0.057248916426871521 0.086756328453791443 -0.020936473895753503 0.037374512264723013 -0.06029863873264401 -0.03108928540784809 -0.043775997694726308 -0.00019951170377858595 0.068328312998727866 0.089950081247567149 0.1691354536405551 0.10716009439365962 -0.034692668271656353 0.090745102301866803 -0.031285125336707027 -0.036752162662061182 -0.054217590798402097 0.080750762974023699 -0.030308017206593277 0.091706433874482601 -0.026435454481971724 -0.02468922727557675 0.066298801148772304 -0.039256872530003054 0.14630863330200342 -0.0079787693257303022 0.0064489702064986429 0.06352800417849655 -0.053556529329004801
leaf_weight=0.15820820503386376 0.1423336897601124 0.02267966202701753 0.15721967319679642 0.55789906158786884 1.8353876163531131 0.23303836348514642 1.7463128761423887 0.085665731029873182 0.25174527289371984 0.12252656051108934 0.13674979699716183 0.015451431718659814 0.086539030197599384 0.06467169818613544 0.12626202396022873 0.81651945248248403 0.041410847912756357 0.08482964255351011 0.20037344436641857 0.2751929895453078 0.14469528639343887 0.094345243967954573 0.26900530152072705 0.21091132674859858 1.7623319257202368 0.03166829481597401 1.0621181019140538 0.8673966528314504 0.30117470999677237 0.095602046071012359
leaf_count=95 34 249 181 619 2911 111 2834 104 1483 39 620 29 1129 154 255 3047 619 95 73 152 174 133 262 232 2420 222 480 1399 386 228
internal_value=-0.000398587 -0.00425952 -0.0174832 0.0107481 0.00477802 -0.0260574 -0.00814702 0.0407176 -0.0116294 -0.0171824 0.031533 0.00188956 -0.0051839 -0.0134103 0.0482577 -0.0275629 0.060583 0.0231817 0.0280931 0.018809 0.0345025 0.0229518 0.0084414 0.0376375 -0.0362467 0.0613631 0.0191579 0.0274497 0.00379638 0.0353169
internal_weight=12.0003 7.44734 5.46775 1.97959 4.55293 0.391247 3.65107 0.242885 3.40819 3.01969 0.388495 1.27338 1.15085 1.0229 0.190934 0.831971 0.12795 1.42169 1.33686 1.13648 0.861291 0.716596 0.574262 0.305257 1.81668 0.054348 4.16168 2.70278 1.45889 0.396777
internal_count=20769 15159 13385 1774 5610 206 10494 285 10209 8106 2103 5272 5233 3485 409 3076 1748 1155 1060 987 835 661 627 365 2891 471 5404 4310 1094 614
cat_boundaries=0 4
cat_threshold=2348949508 138215788 877691140 541091976
is_linear=0
shrinkage=0.05


Tree=24
num_leaves=31
num_cat=1
split_feature=22 7 9 18 11 9 2 3 7 18 1 13 11 20 1 0 21 13 20 0 1 2 1 4 9 13 10 11 10 8
split_gain=0.249653 0.323152 0.258189 0.313696 0.258813 0.231544 0.231013 0.210313 0.228588 0.213623 0.310118 0.240785 0.206139 0.194112 0.257524 0.199664 0.193779 0.233154 0.200115 0.244962 0.355772 0.35816 0.280059 0.204094 0.194073 0.189571 0.189036 0.188181 0.26339 0.186109
threshold=0 0.62500000000000011 -5.9884222399150753 13.500000000000002 0.18025270758122749 -7.6923076923076925 -0.3233759427155653 378333.36685000005 0.58500000000000008 7.5000000000000009 0.0024945434293243145 0.10035971688469671 0.053858325268951561 0.1404052936311001 0.022429909676640273 0.17574463218047146 0.11602982292637466 0.099999999999999992 0.32779310344827589 0.01735965823870304 -0.0079330116775050401 0.12940282504526149 -0.020143417429798912 11.376150000000001 -4.773385940825869 0.099999999999999992 0.098161119430623403 0.089900434945150806 0.093274955620372288 0.71500000000000008
decision_type=9 2 2 2 2 2 2 2 2 2 2 2 2 2 2 2 2 2 2 2 2 2 2 2 2 2 2 2 2 10
left_child=1 -1 3 6 7 -5 -2 9 29 10 11 -4 -10 14 -14 -16 17 -15 24 -20 22 -22 -21 -23 25 -18 -25 -19 -29 -9
right_child=2 -3 4 5 -6 -7 -8 8 12 -11 -12 -13 13 16 15 -17 18 27 19 20 21 23 -24 26 -26 -27 -28 28 -30 -31
leaf_value=0.01855041737200187 0.032550564946043956 -0.037273639593122736 -0.05859566085985566 0.10036287407226568 0.13043211394857576 -0.068857261906919362 -0.04803548406829012 0.08537355765737864 -0.035954868469879976 0.014439679226359451 0.086319497492130193 0.066910608128485205 -0.035756974594861525 -0.0055538268190044055 0.1090601932243799 -0.055090749013164381 -0.015471042524960269 -0.019951854873656569 0.036671953397547578 -0.064712162674730886 -0.054402291327957777 -0.04289648946791514 0.055146547627308001 0.14833627458130991 0.0075036199899954914 0.092190477776408902 -0.021112215475046697 0.14770186882016684 0.030576929321836366 0.017200085251922886
leaf_weight=0.29692530059757682 0.10673017328408296 2.042637806135176 0.085509054795995104 0.080317455103443347 0.043861284255822919 0.027013857722654855 0.53328270094899488 0.14241864509889629 0.34482135219271803 1.7660272467260856 0.26966155152998528 0.069095035785916387 0.52885064831841544 0.16390771950221134 0.059011259283579462 0.027000821448860693 0.058970282330187695 0.045163072613165128 0.20770839839747535 0.063875418981712312 0.65792622124954525 0.046110863157217533 0.2056259073204986 0.048843819584302346 3.2958474333933729 0.1333396344638807 0.024824509594922307 0.10357677656181169 0.089455973754546253 0.33698830374110217
leaf_count=155 111 4570 383 148 16 108 364 91 904 3588 580 104 307 188 25 398 87 55 93 30 1210 351 200 247 5784 103 177 40 135 217
internal_value=-0.000399499 -0.00572374 0.00336671 -0.021331 0.00927761 0.0577724 -0.0345967 0.008672 0.00420735 0.0220932 0.0539515 -0.00250491 0.00159664 0.00384464 -0.0227072 0.0575301 0.00701766 0.0403438 0.00419237 -0.0129302 -0.0227686 -0.0399245 0.0267384 0.0395997 0.0103525 0.0591769 0.0912361 0.0719269 0.0934234 0.0374526
internal_weight=11.9053 2.33956 9.56577 0.747344 8.81842 0.107331 0.640013 8.77456 6.58427 2.19029 0.424266 0.154604 6.10486 5.76004 0.614863 0.0860121 5.14518 0.402104 4.74307 1.25492 1.04721 0.777705 0.269501 0.119779 3.48816 0.19231 0.0736683 0.238196 0.193033 0.479407
internal_count=20769 4725 16044 731 15313 256 475 15297 10642 4655 1067 487 10334 9430 730 423 8700 418 8282 2308 2215 1985 230 775 5974 190 424 230 175 308
cat_boundaries=0 4
cat_threshold=268453705 805469312 1116212360 404849156
is_linear=0
shrinkage=0.05


Tree=25
num_leaves=31
num_cat=1
split_feature=22 2 13 3 0 14 4 9 6 14 4 11 3 7 11 11 0 18 2 10 4 8 11 0 15 9 4 17 10 3
split_gain=0.229118 0.236994 0.192728 0.215172 0.211388 0.28718 0.254444 0.234137 0.405019 0.21977 0.222114 0.214022 0.189823 0.211976 0.214991 0.20158 0.243836 0.258146 0.240723 0.233829 0.281679 0.252685 0.241588 0.249019 0.232122 0.193922 0.185974 0.315566 0.200681 0.25239
threshold=0 -0.45339264834843612 0.10057637366287954 1242411.5000000002 0.63140963017440421 0.92345252403846168 34.21070000000001 4.8796644863462699 9.7050000000000018 0.90019531250000007 11.023850000000001 0.14150617993676351 378333.36685000005 0.58500000000000008 0.050557017664728414 0.0078456276069104602 0.029805789926059461 10.500000000000002 0.0229802543093135 0.098379351004832541 11.454250000000002 0.65500000000000014 0.10484994598067152 0.098029382770428136 7.5000000000000009 3.5124707485411304 13.832250000000002 35.500000000000007 0.056984203642287755 723462.06450000021
decision_type=9 2 2 2 2 2 2 2 8 2 2 2 2 2 2 2 2 2 2 2 2 10 2 2 2 2 2 2 2 2
left_child=1 -1 4 -4 5 7 -7 9 -9 11 -11 12 15 -14 -15 -2 24 18 25 21 22 -19 -21 -24 -17 -18 27 -16 29 -29
right_child=2 -3 3 -5 -6 6 -8 8 -10 10 -12 -13 13 14 26 16 17 19 -20 20 -22 -23 23 -25 -26 -27 -28 28 -30 -31
leaf_value=0.02145549231029267 0.079579603262661169 -0.036675966010094957 0.035142804935520779 -0.043873028948403572 0.027918067352656329 -0.043294252694979385 0.10324094719562811 -0.054424237182758572 0.082720952812224802 0.090796370396859061 -0.013650537814229556 -0.037480385278240151 0.036602029795876241 -0.05223920778202297 0.086464424642930582 -0.02903681532537571 0.071165783045832307 0.046803878970259838 -0.058918299304733301 0.079168837915181117 0.089944820743368403 -0.054644839064407619 0.039939613697189701 -0.059233725697826672 0.082886702794740585 -0.058358983198358749 -0.031018775622822282 0.10488593891525727 -0.0013849508158495045 -0.026953234798097067
leaf_weight=0.19263287726789702 0.13104226610498182 1.9518726890469493 0.88728597311160129 0.095424162703334758 0.84206283933450787 0.48740142714249013 0.031541434851706684 0.34175262491003472 0.063899360267484939 0.14777968384213908 0.07764457919971518 0.28875111392810371 0.38109324258850286 0.20538387322777429 0.11237636321502931 0.40388289487957213 0.46031186147788034 0.085180310580563662 0.044097588893404427 0.084104660819020571 0.1381876132501329 0.21967593760470036 0.10783924834107406 0.15324560204246013 0.05232660771407277 0.030833171817978566 0.4243059856589867 0.099132942137128366 3.2259907211931487 0.05727476008056237
leaf_count=57 116 4456 1407 200 4798 778 48 418 57 75 116 177 146 428 561 341 796 124 330 106 264 626 53 168 116 25 1169 83 2632 98
internal_value=-0.000398638 -0.00555426 0.00318804 0.0274701 0.00410998 0.00155775 -0.0343878 0.00410047 -0.0328208 0.00626154 0.0548209 0.00462896 0.006524 0.000923498 -0.00237314 0.0197302 0.0153233 0.0261894 0.052987 0.00799267 0.0296197 -0.0262989 0.00547009 -0.0182709 -0.0161993 0.0630345 0.000240153 0.00403535 0.00129673 0.0566079
internal_weight=11.8243 2.14451 9.67983 0.98271 8.69712 7.85506 0.518943 7.33611 0.405652 6.93046 0.225424 6.70504 6.41629 4.50556 4.12446 1.91073 1.77969 1.32348 0.535243 0.788233 0.483377 0.304856 0.34519 0.261085 0.45621 0.491145 3.91908 3.49477 3.3824 0.156408
internal_count=20769 4513 16256 1607 14649 9851 826 9025 475 8550 191 8359 8182 5117 4971 3065 2949 2492 1151 1341 591 750 327 221 457 821 4543 3374 2813 181
cat_boundaries=0 4
cat_threshold=272648009 805461120 1116212360 404849156
is_linear=0
shrinkage=0.05


Tree=26
num_leaves=31
num_cat=1
split_feature=22 7 20 13 1 3 9 19 8 21 8 3 7 4 9 1 21 4 2 8 14 11 11 20 8 3 8 1 5 18
split_gain=0.213042 0.336668 0.314895 0.254045 0.247833 0.247884 0.242122 0.229932 0.229798 0.226121 0.285193 0.21562 0.204342 0.257193 0.25433 0.245357 0.224545 0.21848 0.274653 0.251878 0.200062 0.342178 0.449064 0.265641 0.272446 0.228552 0.199538 0.265038 0.197914 0.188499
threshold=0 0.9850000000000001 0.1404052936311001 0.10057637366287954 0.022429909676640273 959228.74340000015 0.61960638061574491 6.5000000000000009 1.9750000000000003 0.19204425711275028 1.7650000000000003 4831276.447900001 2.4350000000000005 13.336600000000002 -6.5192726992069732 -0.014670859538784052 0.19264507422402163 9.9951500000000006 -0.12981769492223713 1.425 0.65730872900684234 0.11304347826086962 0.09895962188685474 0.1356236786469345 1.0350000000000004 1188086.1906000001 0.93500000000000016 -0.010892772156863182 308093481.91000003 19.500000000000004
decision_type=9 2 2 2 2 2 2 2 10 2 10 2 2 2 2 2 2 2 2 8 2 2 2 2 10 2 10 2 2 2
left_child=2 6 4 29 -1 -6 20 -8 11 10 -5 12 13 14 -4 -15 26 18 -16 -20 21 22 23 -2 25 -25 -14 -28 -11 -3
right_child=1 3 8 9 5 -7 7 -9 -10 28 -12 -13 16 15 17 -17 -18 -19 19 -21 -22 -23 -24 24 -26 -27 27 -29 -30 -31
leaf_value=-0.0527156472021039 0.088987493678877663 -0.021567725477219683 -0.050237079511806643 -0.028140083670904065 0.088833080887329205 -0.025060939932360513 -0.028906855108560683 0.063727646355705922 -0.039838778700094869 0.088494011261030972 0.084567306080850363 -0.014690531650117356 0.079576977511202296 0.075983003501602045 0.051017932819210278 -0.017860050316787141 -0.052098106125207211 0.075854472444014345 -0.0151802992848279 0.075729598643358487 -0.023225189391975674 0.088541658030121317 -0.043040620667545902 0.024247737765439224 -0.029045765204501056 0.11675512532218635 0.088229596607493799 -0.039462924419232305 -0.033194955214380505 0.0083361493162465213
leaf_weight=0.27368880838929266 0.17268823909397046 4.6295199553065727 0.071501226007731788 0.28579708865194708 0.079776745413795508 0.11908823058913312 0.55006320342943948 0.076276448924622708 0.1448948809620404 0.14939826117748298 0.069843795340161108 0.31576650236842363 0.10258016201237047 0.086384987723715667 0.9943531743300541 0.35958874100912669 0.14937112748214321 0.45953478357582489 0.35865911723803734 0.096743274618988351 0.2329081880900955 0.19275217925766019 0.24661019583871213 0.37532645710889251 0.2019205820310529 0.081216707398976296 0.055302380359267128 0.15323487578358261 0.043038487410807597 0.5946724047909403
leaf_count=153 14 9965 96 353 109 110 465 292 492 529 61 258 174 65 468 720 996 397 719 119 192 90 194 396 169 54 16 204 443 2456
internal_value=-0.000396691 -0.00375074 0.00452196 -0.0147662 -0.0218501 0.0206288 0.00849333 -0.0176257 0.0217511 0.0176186 -0.00600564 0.0245373 0.0288275 0.0346218 0.0423454 0.000317323 -0.00170845 0.0458125 0.03629 0.00413212 0.0193748 0.0271841 0.0162106 0.033791 0.0193152 0.0407043 0.0224842 -0.00559991 0.0612783 -0.0181638
internal_weight=11.7225 7.90203 3.82047 5.77227 0.472554 0.198865 2.12976 0.62634 3.34792 0.548078 0.355641 3.20302 2.88725 2.42677 1.98079 0.445974 0.460489 1.90929 1.44976 0.455402 1.50342 1.27051 1.07776 0.831152 0.658464 0.456543 0.311117 0.208537 0.192437 5.22419
internal_count=20769 15673 5096 13807 372 219 1866 757 4724 1386 414 4232 3974 2584 1799 785 1390 1703 1306 838 1109 917 827 633 619 450 394 220 972 12421
cat_boundaries=0 4
cat_threshold=2348949510 135070060 2958065988 541089928
is_linear=0
shrinkage=0.05


Tree=27
num_leaves=31
num_cat=1
split_feature=22 20 5 7 6 1 18 14 13 14 2 4 8 3 9 14 4 19 13 7 10 15 0 8 21 8 5 4 5 8
split_gain=0.200419 0.335792 0.300239 0.283605 0.270403 0.257379 0.25457 0.296362 0.232287 0.2915 0.235209 0.230965 0.271868 0.223887 0.214259 0.252495 0.314876 0.233411 0.199394 0.245721 0.191354 0.239171 0.277695 0.245045 0.178758 0.209212 0.17386 0.168765 0.17913 0.150339
threshold=0 0.13437099432338404 106824039.48 0.9850000000000001 3.2906000000000004 0.022429909676640273 19.500000000000004 0.74488944513975819 0.10057637366287954 0.67506345177664995 -0.45339264834843612 15.051400000000003 1.0550000000000004 937060.13690000016 0.80848934236194003 0.65730872900684234 8.0384500000000028 6.5000000000000009 0.10008451898825811 0.82500000000000007 0.098958333333333398 3.5000000000000004 0.0015915129145487189 0.97500000000000009 0.18684093684093686 1.1650000000000003 44652829.750000007 6.2679500000000008 87850716.580000013 1.0350000000000004
decision_type=9 2 2 2 8 2 2 2 2 2 2 2 8 2 2 2 2 2 2 2 2 2 2 10 2 8 2 2 2 10
left_child=1 5 27 14 20 -1 8 -8 10 24 -6 12 -9 -7 15 16 18 -16 29 -20 -5 22 -22 -23 25 -10 -12 28 -3 -2
right_child=3 2 -4 4 6 13 7 11 9 -11 26 -13 -14 -15 17 -17 -18 -19 19 -21 21 23 -24 -25 -26 -27 -28 -29 -30 -31
leaf_value=-0.05339179660918042 0.050374592387628259 0.053394381265573436 0.01445993671592985 -0.048510052891925171 0.040208148933184057 0.085873043275241978 -0.0016335915371406249 -0.059073360429454672 -0.051402297643195372 -0.051863987888379953 0.094931174108841804 0.18083598713329874 0.10450920694077322 -0.023520847319255273 -0.034274623059557245 -0.034712883640583857 0.099658583840198975 0.060385611942183386 -0.034254863967871606 0.041797370399986489 0.081162723995336125 0.053290824113739546 -0.044562795697931978 -0.033548537337643035 0.087803109829388076 0.072257411093917798 -0.021150884605758681 0.10096847940111101 -0.044865994072452134 -0.00062213134748147084
leaf_weight=0.29513221235216436 0.46554832422595077 0.27920681065880193 3.1002997118112541 0.81174255715578247 0.17333546037235725 0.078543169569565849 0.28082378910445926 0.039618842037435945 0.070264817317671729 0.09273753056544648 0.032634634525153916 0.044401409261633995 0.070768868055608267 0.11562495251490547 0.43848520747896957 0.20181353334124619 0.12862116861737449 0.076480114437152191 0.30645323910891037 0.16254033907833071 0.047770981786308564 0.20159085764727866 0.54481419148198584 0.1360704906387489 0.15004138155588065 0.066644728189598518 2.779993122248698 0.14946743186843481 0.055622224623825045 0.20957828367905268
leaf_count=141 280 353 4589 1904 91 116 1496 107 117 269 33 295 228 117 415 183 214 266 222 87 31 85 656 187 330 56 7491 213 90 107
internal_value=-0.000389167 0.00430596 0.0201792 -0.00371411 -0.0144569 -0.0239781 -0.0069812 0.0289849 -0.0116363 0.0252 -0.0163203 0.0845341 0.0457984 0.0207302 0.00754942 0.0172461 0.025485 -0.0202162 0.0171465 -0.00789724 -0.03077 -0.0152898 -0.0344275 0.0182964 0.0501058 0.00879268 -0.019804 0.0567917 0.0370712 0.0345438
internal_weight=11.6067 4.0739 3.5846 7.53277 5.54325 0.4893 3.80126 0.435613 3.36565 0.379688 2.98596 0.154789 0.110388 0.194168 1.98952 1.47455 1.27274 0.514965 1.14412 0.468994 1.74199 0.930247 0.592585 0.337661 0.286951 0.13691 2.81263 0.484296 0.334829 0.675127
internal_count=20769 5619 5245 15150 13376 374 10513 2126 8387 772 7615 630 335 233 1774 1093 910 681 696 309 2863 959 687 272 503 173 7524 656 443 387
cat_boundaries=0 4
cat_threshold=2348818436 141885820 2958065924 541221000
is_linear=0
shrinkage=0.05


Tree=28
num_leaves=31
num_cat=1
split_feature=7 22 7 4 3 7 9 13 7 15 21 2 18 14 14 2 20 3 10 21 8 21 3 6 0 9 4 5 14 7
split_gain=0.191785 0.201559 0.214791 0.312389 0.261917 0.311172 0.207594 0.193815 0.203558 0.191364 0.199123 0.184939 0.216539 0.240879 0.22244 0.183281 0.246913 0.223998 0.216039 0.239449 0.232764 0.186564 0.186065 0.182568 0.533779 0.212378 0.249848 0.238837 0.420411 0.170015
threshold=0.39500000000000007 0 0.9850000000000001 6.0484000000000009 254019.32995000001 1.8650000000000004 -2.0246284119559528 0.10016181272141235 0.71500000000000008 1.5000000000000002 0.15122927387078333 -0.40662764941202961 19.500000000000004 0.74488944513975819 0.26209992193598758 -0.20308429761305832 0.13437099432338404 259375.93145000003 0.098161119430623403 0.19204425711275028 0.95500000000000007 0.32200460829493094 535945.86345000018 2.4861500000000003 0.10427511499136526 -1.711665835394077 8.1524500000000018 1917774515.8850002 0.90425293677431073 4.2950000000000008
decision_type=2 9 2 2 2 2 2 2 2 2 2 2 2 2 2 2 2 2 2 2 10 2 2 10 2 2 2 2 2 2
left_child=-1 15 7 4 5 -4 29 9 -9 10 -3 -8 23 14 -14 17 -17 -2 19 20 -19 -18 -21 24 -13 26 -25 -27 -29 -5
right_child=1 2 3 6 -6 -7 11 8 -10 -11 -12 12 13 -15 -16 16 21 18 -20 22 -22 -23 -24 25 -26 27 -28 28 -30 -31
leaf_value=0.041734478255615437 -0.026097651378971742 0.030595659771619484 -0.0056795872492957627 -0.029133867908377409 -0.040995994071915676 0.17624186300917566 0.039255052713085478 -0.060989447803710795 0.0039250614379997967 0.028799235056805136 -0.040387513229882301 -0.053805865135730303 0.10444890544308286 0.083486676018597938 -0.028847849622432104 -0.038648647406442228 0.0069035285851633032 0.064097794936686353 0.048966271767221653 0.019817705281931421 -0.0089942254382968222 0.072709194548053663 -0.058944401820178731 -0.055874959698226569 0.089425602608373123 -0.02721402071886804 0.10823538960636699 0.11893308373086753 -0.019437044201259759 0.092542713311994818
leaf_weight=0.26403372622719246 0.18671606776555938 0.162613296564878 0.13629403537042514 1.0569997683796846 1.387253664588469 0.028404429463318032 0.27036909083228255 0.19627710082125793 0.3139086775340878 0.86407567050716227 0.2517579575160076 0.11307704701037685 0.039012449692619633 0.13877588964673937 0.15827237877989719 0.2906709476871977 1.8686239283468571 0.27520638277477716 0.85548280698515167 0.14028538917952715 0.18026943381205895 0.11429389408368607 0.16108717915125514 0.034761099341088036 0.15313799026441638 1.5185937143164361 0.069686426579293054 0.081292647473423268 0.1690474123537232 0.029510115415358418
leaf_count=255 253 69 234 1924 2200 149 61 181 349 672 286 54 361 569 988 315 3607 62 225 93 86 922 109 52 209 5689 202 125 404 64
internal_value=-0.00038745 -0.00137641 -0.00417954 -0.0149929 -0.0339185 0.0256952 -0.00732914 0.00500571 -0.0210486 0.0154031 -0.0125313 -9.33925e-06 -0.00429744 0.0330147 -0.00248884 0.00400045 0.0043879 0.0257473 0.0317512 0.0122927 0.0351692 0.0106965 -0.0222816 -0.010158 0.0285868 -0.0156637 0.053618 -0.0197545 0.0254957 -0.0258291
internal_weight=11.5098 11.2458 7.17312 5.38449 1.55195 0.164698 3.83254 1.78863 0.510186 1.27845 0.414371 2.74603 2.47566 0.336061 0.197285 4.07264 2.27359 1.79905 1.61233 0.756848 0.455476 1.98292 0.301373 2.1396 0.266215 1.87338 0.104448 1.76893 0.25034 1.08651
internal_count=20769 20514 14842 13285 2583 383 10702 1557 530 1027 355 8714 8653 1918 1349 5672 4844 828 575 350 148 4529 202 6735 263 6472 254 6218 529 1988
cat_boundaries=0 4
cat_threshold=2348818468 138150252 810582021 541223304
is_linear=0
shrinkage=0.05


Tree=29
num_leaves=31
num_cat=1
split_feature=0 22 9 14 0 15 7 18 21 17 5 4 6 15 13 17 21 8 9 8 15 3 18 5 2 2 4 2 7 13
split_gain=0.188324 0.206095 0.279219 0.29122 0.266204 0.283874 0.291101 0.272958 0.261567 0.229078 0.239819 0.214149 0.211887 0.206444 0.200697 0.187787 0.223196 0.185726 0.269854 0.220908 0.213767 0.180112 0.171428 0.209724 0.167769 0.241435 0.158717 0.158113 0.201266 0.156761
threshold=0.63140963017440421 0 7.1820302681990471 0.53372036768263198 0.29807906360607994 2.5000000000000004 1.3650000000000004 16.500000000000004 0.10565476190476192 60.500000000000007 503277086.50000006 3.7155000000000005 10.833600000000002 2.5000000000000004 0.10036776059382692 84.500000000000014 0.22023238460718478 1.3750000000000002 1.0071217950111235 1.6650000000000003 1.5000000000000002 262600.70430000004 17.500000000000004 399906393.34000009 -0.24182788291201526 0.068608123497406096 4.0714500000000013 -0.34583762226585762 0.94500000000000006 0.10056181548464484
decision_type=2 9 2 2 2 2 2 2 2 2 2 2 10 2 2 2 2 8 2 10 2 2 2 2 2 2 2 2 2 2
left_child=1 4 3 12 5 7 9 8 -1 -7 11 -11 17 -14 -6 16 -10 18 -3 20 -19 -9 29 -24 -25 -26 -21 -13 -29 -5
right_child=-2 2 -4 22 14 6 -8 21 15 10 -12 27 13 -15 -16 -17 -18 19 -20 26 -22 -23 23 24 25 -27 -28 28 -30 -31
leaf_value=-0.018554518949134503 0.020235967504111885 -0.0027424306124896637 0.089751541447302699 -0.036359271997073367 -0.032775388072256412 0.077358034251722302 -0.010705674547742192 0.064270023602625931 0.068517426177908791 -0.028103135597386666 -0.045702995022277045 0.084314412028917943 -0.020040446839603238 0.10645036170772706 0.0441459847266562 0.019317549193917094 -0.043752319921966605 0.086427381750901103 -0.038148949863580806 0.077799259109646413 -0.0023383728768574183 -0.034757493147180331 -0.049599219914262541 0.10888040868837044 -0.040565593577055276 0.063167413962808103 -0.04394823304167475 0.061382503048537235 -0.020516272446322745 0.014611584570210685
leaf_weight=0.15946987274674151 1.0091209624637478 2.0987669923864916 0.065498433477580664 1.9803428918283612 0.4827026647378696 0.1782067779066685 1.2437849641485252 0.058617301877185751 0.80597257800402944 0.13265670841432942 0.13622877975718373 0.15912637859582895 0.053087851646443321 0.082207723319879286 0.10287006755289341 0.36074644006045176 0.046842023282550049 0.16576725401164638 0.72372057428003644 0.032896825285496423 0.1147939323511783 0.21191923449112646 0.12928357939536128 0.051578817585715808 0.11764146317762601 0.10721323231387404 0.14372967375074497 0.15878982144586892 0.14219137020280623 0.1632837588665611
leaf_count=81 6778 2572 104 3148 1559 120 989 38 511 111 51 94 214 78 326 131 508 185 968 117 273 199 180 28 263 230 452 54 91 316
internal_value=-0.000387404 -0.0023866 -0.00486046 -0.0140487 0.00369037 0.0169579 0.00500346 0.0326029 0.0416477 0.0265409 0.0141184 0.0278665 -0.00450273 0.0568174 -0.0192623 0.0495587 0.0623509 -0.00703235 -0.0118211 0.0225314 0.0501081 -0.0133011 -0.026836 0.00296696 0.0275513 0.00889546 -0.0212727 0.0440035 0.0226914 -0.0324767
internal_weight=11.4191 10.4099 6.02981 5.96431 4.38012 3.79455 2.15098 1.64357 1.37303 0.9072 0.728993 0.592764 3.41497 0.135296 0.585573 1.21356 0.852815 3.27968 2.82249 0.457188 0.280561 0.270537 2.54934 0.405717 0.276434 0.224855 0.176626 0.460108 0.300981 2.14363
internal_count=20769 13991 9128 9024 4863 2978 1510 1468 1231 521 401 350 4859 292 1885 1150 1019 4567 3540 1027 458 237 4165 701 521 493 569 239 145 3464
cat_boundaries=0 4
cat_threshold=2348941346 138150269 877690912 557867272
is_linear=0
shrinkage=0.05


Tree=30
num_leaves=31
num_cat=1
split_feature=22 0 2 9 18 11 9 2 13 5 0 14 9 6 2 19 13 8 21 15 7 11 10 6 8 6 6 14 10 11
split_gain=0.17249 0.256595 0.263467 0.19979 0.333106 0.218746 0.177579 0.170991 0.146665 0.165557 0.143105 0.254273 0.165172 0.304842 0.160726 0.186029 0.146777 0.164854 0.145625 0.215738 0.160537 0.154141 0.135466 0.134025 0.139555 0.132755 0.202323 0.132169 0.192147 0.391658
threshold=0 0.002372310941781133 -0.50647559149445931 -6.5192726992069732 13.500000000000002 0.18025270758122749 -5.2021176346199125 -0.3233759427155653 0.10080972987149218 444467596.29000002 0.63140963017440421 0.92345252403846168 4.8796644863462699 9.7050000000000018 0.27688380270866758 7.5000000000000009 0.099828373881803781 0.6150000000000001 0.18394199785177232 5.5000000000000009 0.92500000000000016 0.12199760632675073 0.11647346213635353 13.398700000000003 1.1450000000000002 3.7761500000000003 1.7226000000000001 0.029557367501456031 0.056984203642287755 0.053858325268951561
decision_type=9 2 2 2 2 2 2 2 2 2 2 2 2 8 2 2 2 8 2 2 2 2 2 8 8 10 8 2 2 2
left_child=1 6 -3 4 7 8 -1 -2 10 25 11 12 14 -14 15 27 -17 -18 19 22 -20 -22 -12 -13 -25 26 -10 -5 29 -29
right_child=3 2 -4 5 -6 -7 -8 -9 9 -11 18 23 13 -15 -16 16 17 -19 20 -21 21 -23 -24 24 -26 -27 -28 28 -30 -31
leaf_value=0.061260322536394886 0.024909226791014503 0.069741699171605998 -0.039176158269320131 -0.043401847294674979 0.063461273974474319 0.11914977775762847 -0.027049349140196906 -0.052484830882380366 0.055361890490343124 -0.044199787270004454 0.044510088841289062 -0.044933855586013864 -0.044190935980795765 0.074465945339493536 -0.030397658285549342 -0.058154121888013534 -0.062584842598140261 0.096839514755796427 0.060984578735180067 0.14463698423076957 -0.028908236642779944 0.065017886554983639 -0.037146276946399659 0.10413862348704805 -0.054340136594630967 0.064938606203271937 -0.027104253203304049 0.0059217583342734935 0.0052213154202101417 0.084135873452771265
leaf_weight=0.12363918311269809 0.086542504956374444 0.057386836735531577 1.7089555496025226 0.12476258245014804 0.094704873425451086 0.043784599241425748 0.10550281608775999 0.4069929151513258 0.15700976429490512 0.066592833866939927 0.34004396266963938 0.37664074487181232 0.34334663119169473 0.064259434568713303 0.27008521592561496 0.022930240235448318 0.018449705500105558 0.13390155951824484 0.093053379230561006 0.047867648232757076 0.26830150722568891 0.052174557023702495 0.059710366960962824 0.03296227523584818 0.024009767978235598 0.26477089358736161 0.14132014130910173 0.46154243713771281 5.0922936392266056 0.2450323036324068
leaf_count=62 103 15 4374 74 211 17 72 301 87 233 882 597 439 59 702 395 106 830 349 82 3318 299 44 149 64 378 220 657 5403 247
internal_value=-0.000382552 -0.00485413 -0.0356375 0.00278765 -0.0224316 0.00767184 0.0206003 -0.0389136 0.00711087 0.030352 0.0052977 0.00299684 0.00537199 -0.0254846 0.00734677 0.00901825 0.0597827 0.0775333 0.0245622 0.0443249 0.00317021 -0.0136168 0.0323133 -0.0341225 0.0373508 0.0391685 0.0162973 0.00751612 0.00861161 0.0330455
internal_weight=11.3286 1.99548 1.76634 9.33309 0.58824 8.74485 0.229142 0.493535 8.70106 0.629694 8.07137 7.21022 6.7766 0.407606 6.369 6.09891 0.175282 0.152351 0.861151 0.447622 0.413529 0.320476 0.399754 0.433613 0.056972 0.563101 0.29833 5.92363 5.79887 0.706575
internal_count=20769 4523 4389 16246 615 15631 134 404 15614 918 14696 9722 8912 498 8414 7712 1331 936 4974 1008 3966 3617 926 810 213 685 307 6381 6307 904
cat_boundaries=0 5
cat_threshold=268453705 805469312 1082657928 404849156 1
is_linear=0
shrinkage=0.05


Tree=31
num_leaves=31
num_cat=1
split_feature=8 8 22 8 2 5 11 3 7 19 2 10 17 3 4 18 8 2 8 2 9 6 9 6 8 11 0 4 21 11
split_gain=0.168056 0.172316 0.176746 0.311222 0.222866 0.322478 0.279178 0.248551 0.239451 0.232031 0.261461 0.429576 0.22514 0.221699 0.203203 0.205627 0.181474 0.279559 0.262746 0.197794 0.178128 0.210508 0.290469 0.203421 0.203699 0.18987 0.176612 0.216366 0.170851 0.191193
threshold=3.7150000000000003 2.1450000000000005 0 0.87500000000000011 -0.19608675388661403 105122996.69000001 0.1201246183372101 221347.41970000003 0.82500000000000007 4.5000000000000009 -0.3233759427155653 0.05990904858964112 87.500000000000014 143791.74005000002 6.7567000000000013 14.500000000000002 0.95500000000000007 0.0072398249338260232 1.0350000000000004 0.52205008654751495 0.61960638061574491 7.4896000000000003 3.2867911041798652 2.7351000000000005 1.0650000000000002 0.11973106934042524 0.10991938042429683 11.837800000000003 0.14160401002506268 0.11506562732848045
decision_type=8 10 9 10 2 2 2 2 2 2 2 2 2 2 2 2 10 2 10 2 2 10 2 8 10 2 2 2 2 2
left_child=1 2 16 13 6 7 9 -6 26 10 11 -5 -8 -4 15 -9 17 -1 -18 20 23 22 -22 24 -20 -24 -7 -28 29 -15
right_child=-2 -3 3 4 5 8 12 14 -10 -11 -12 -13 -14 28 -16 -17 18 -19 19 -21 21 -23 25 -25 -26 -27 27 -29 -30 -31
leaf_value=0.030970852122470735 0.072101454371301138 -0.043037808035734877 0.058194193400307549 0.10132809019047571 -0.059248697577105158 0.10680212039713846 -0.0015310749458726323 0.076526576080640618 -0.0041875374941350791 -0.045091148319014701 -0.029336669449280112 -0.01272369636335012 0.088399254429892826 0.036499741880284688 0.1420669419640806 -0.058751594802349122 -0.041691316592308736 -0.012694657839637389 -0.064217427678959133 0.071048240326232748 0.036565035606992639 0.057020114812962722 -0.039980061552688281 -0.028719851930703928 0.046513089912111415 0.063423310531812327 -0.026359760626701558 0.11053899413591646 -0.029665805112171408 -0.042599478355304782
leaf_weight=1.8834259736819592 0.079411179952706301 0.23738992848405693 0.083190309320356426 0.12724820480387308 0.03726825943594142 0.087808940802892171 0.19136369684628599 0.12704576914561727 1.3998815863284642 0.61341688380846737 0.46455581896730214 0.23509700311262396 0.10937207863732298 0.21668845862966618 0.08471755580405671 0.036065110030859715 0.29154244405275243 0.45513059936637423 0.051815998360959181 0.12117922446316853 0.3752630206305555 0.26964752779873669 0.3219503607808456 0.57220284407193633 0.20928785390042731 0.051495118607875479 0.093791279297509467 0.041691990964368181 2.2596442897077562 0.11799581552269783
leaf_count=1257 369 1306 185 19 281 18 68 210 5639 744 329 135 172 442 84 149 504 1521 22 164 599 536 414 918 280 25 182 41 4061 95
internal_value=-0.000378363 -0.000893776 2.15734e-05 -0.00356697 0.000294055 0.0120965 -0.0126419 0.0611405 0.00348231 -0.0217908 -0.00450599 0.027329 0.0311749 -0.0221513 0.0792446 0.0466155 0.0040042 0.0224727 0.00261421 0.00916158 0.00511151 0.0191399 0.00549733 -0.0120321 0.0245386 -0.0257216 0.0515668 0.0157678 -0.0247277 0.00861263
internal_weight=11.2466 11.1672 10.9298 6.32684 3.64932 1.90827 1.74105 0.285097 1.62317 1.44032 0.826901 0.362345 0.300736 2.67752 0.247828 0.163111 4.60294 2.33856 2.26438 1.97284 1.85166 1.01836 0.748709 0.833307 0.261104 0.373445 0.223292 0.135483 2.59433 0.334684
internal_count=20769 20400 19094 12854 8071 6604 1467 724 5880 1227 483 154 240 4783 443 359 6240 2778 3462 2958 2794 1574 1038 1220 302 439 241 223 4598 537
cat_boundaries=0 4
cat_threshold=2348810242 201654636 3025174821 549480712
is_linear=0
shrinkage=0.05


Tree=32
num_leaves=31
num_cat=1
split_feature=7 17 0 8 19 8 22 3 7 4 8 19 6 11 3 8 0 18 14 8 3 5 16 14 11 6 18 5 4 6
split_gain=0.158758 0.16526 0.180607 0.216703 0.147235 0.145692 0.144598 0.247335 0.195399 0.281344 0.197753 0.223206 0.205845 0.293384 0.189462 0.185323 0.166581 0.165071 0.228778 0.162048 0.166209 0.155027 0.192801 0.198412 0.18524 0.149464 0.148822 0.232539 0.148326 0.180116
threshold=0.39500000000000007 34.500000000000007 0.067983357463341873 0.77500000000000013 3.5000000000000004 3.7150000000000003 0 4831276.447900001 0.94500000000000006 6.5497500000000004 0.7350000000000001 5.5000000000000009 3.0909500000000008 0.10073792578829513 124935.83150000001 0.55500000000000016 0.63140963017440421 19.500000000000004 0.74488944513975819 2.1250000000000004 4196361.0248000016 368349903.57500005 1.5000000000000002 0.54291294642857146 0.11842105263157884 4.3705000000000007 22.500000000000004 124204360.88000001 1.8418000000000003 3.0264000000000002
decision_type=2 2 2 8 2 8 9 2 2 2 10 2 10 2 2 8 2 2 2 8 2 2 2 2 2 10 2 2 2 10
left_child=4 2 -2 -4 -1 6 7 15 28 14 -11 17 13 -13 -10 -3 21 -12 25 20 -17 22 23 24 -14 -19 -16 -28 -8 -30
right_child=1 5 3 -5 -6 -7 8 -9 9 10 11 12 16 -15 26 19 -18 18 -20 -21 -22 -23 -24 -25 -26 -27 27 -29 29 -31
leaf_value=-0.0056626876455916032 0.068944038357851831 -0.034469240063239918 0.080671459429364364 -0.025088865113719695 0.070644712549422145 0.0698825513084535 -0.048685105293594343 -0.032735663867364789 0.088675529837723782 -0.033267681884076312 -0.016095244691696826 -0.057744710792250159 -0.021756882496176966 0.10162947734921504 -0.035944492751313395 0.019467417842727628 0.085478478697558757 0.048805874147962641 0.073159359134062116 -0.049161545588232998 0.10514318290561686 -0.037068409681543561 -0.051562907449318962 0.103203465305255 0.084437438662734121 -0.043968090847218644 0.18544142490084525 -0.057852305264205497 0.021848295239441554 -0.013295502632770462
leaf_weight=0.10966992271540749 0.17132038281744572 0.1700459084318551 0.06544256744828976 0.18637238158547165 0.14923512745538209 0.069000743427800937 0.12241822564831117 0.27977709601551115 0.032194182323025289 0.59901334324696076 1.7953422408474904 0.036406285769931906 0.13564341993111043 0.13961004782464956 1.7081376753832898 2.8557071146167705 0.061296112463612884 0.066054881792111497 0.13261074537714354 0.084279372615168824 0.057752809884705214 0.19615590466255728 0.077080749743796861 0.081798472679505713 0.058895028881672029 0.12665694297641408 0.019432692516519589 0.01985755803575039 0.95900921594631761 0.5881905080870985
leaf_count=41 597 182 736 2001 214 216 77 231 56 1675 2928 137 476 131 2170 3311 1851 45 88 270 22 842 296 222 102 144 110 308 531 759
internal_value=-0.000374655 -0.00129418 0.0293405 0.00239651 0.0383216 -0.00253197 -0.00301226 0.00316059 -0.00435484 -0.0153253 -0.00710777 -0.00171831 0.0210242 0.0686654 -0.0315171 0.0163082 0.0072969 -0.0101571 0.0226136 0.0191885 0.0211657 -0.001423 0.0183611 0.0378656 0.0103926 -0.0121684 -0.0337315 0.0624791 0.00429588 0.00848787
internal_weight=11.1544 10.8955 0.423135 0.251815 0.258905 10.4724 10.4034 3.44756 6.9558 5.28619 3.50656 2.90755 0.786886 0.176016 1.77962 3.16779 0.61087 2.12066 0.325323 2.99774 2.91346 0.549574 0.353418 0.276337 0.194538 0.192712 1.74743 0.0392903 1.66962 1.5472
internal_count=20769 20514 3334 2737 255 17180 16964 4016 12948 11581 8937 7262 4057 268 2644 3785 3789 3205 277 3603 3333 1938 1096 800 578 189 2588 418 1367 1290
cat_boundaries=0 4
cat_threshold=2348941444 135004524 2958065669 549615880
is_linear=0
shrinkage=0.05


Tree=33
num_leaves=31
num_cat=1
split_feature=0 21 3 22 2 20 7 15 21 0 17 9 2 6 5 10 7 13 18 5 6 11 1 6 7 18 3 4 7 7
split_gain=0.152929 0.22009 0.176671 0.185378 0.310472 0.261833 0.286922 0.178642 0.290969 0.175598 0.173614 0.242155 0.203243 0.251801 0.258521 0.23652 0.208092 0.236705 0.338565 0.229307 0.200935 0.168837 0.210241 0.1577 0.156256 0.156041 0.171546 0.206878 0.222479 0.193019
threshold=0.76737073581487025 0.16247642991829042 4831276.447900001 0 -0.27710843373493971 0.12066779374471683 2.4350000000000005 1.5000000000000002 0.18871224165341816 0.086785599653532455 87.500000000000014 -5.2021176346199125 -0.45339264834843612 2.7048000000000005 118143920.74500002 0.094722581454177571 0.90500000000000014 0.10057637366287954 16.500000000000004 1713877431.0150001 5.9867000000000017 0.11211188676294481 -0.020143417429798912 2.8950500000000003 1.5450000000000002 15.500000000000002 523162.21910000005 2.5607500000000005 1.6150000000000004 1.6250000000000002
decision_type=2 2 2 9 2 2 2 2 2 2 2 2 2 8 2 2 2 2 2 2 8 2 2 10 2 2 2 2 2 2
left_child=2 -2 3 4 7 -6 21 -1 -9 -8 25 -12 -13 -14 15 -15 -16 18 -18 20 -20 -7 -23 -24 -17 26 27 -5 -29 -30
right_child=1 -3 -4 10 5 6 9 8 -10 -11 11 12 13 14 16 24 17 -19 19 -21 -22 22 23 -25 -26 -27 -28 28 29 -31
leaf_value=0.075338201573586602 0.056515167446312235 -0.0016176812141432554 -0.028063517086092893 0.065974556018136218 -0.055423671908229388 0.03103913518293587 0.018376656941410194 0.050730882773787914 -0.023806566715377741 -0.04461665506466473 0.049800584803074636 0.046962544776925332 -0.034217377700865213 0.090742377804144125 0.040234270855939086 -0.039330383967664494 -0.046167700278208011 0.042135769636863267 -0.031361631470945665 0.14223534018912221 0.039865186299858441 0.065862108116018045 0.037999369096140961 -0.027542324530975854 0.047794593864095097 -0.038609869216268002 -0.022343245053921084 -0.033351013119927213 0.10783033325279714 0.0058079284019370084
leaf_weight=0.27933993990351791 0.28087341201950333 0.3873602197996836 0.6057500036443394 0.11618778038845023 0.1535241040401164 1.2838902042586444 0.17077153124859179 0.41071638253322862 0.19219981288416688 0.31412755902513279 0.2227050810912895 0.1789102405309676 0.67615032934556862 0.13941610870341314 0.19551683442139167 0.097952955641641526 0.65579683744419481 0.15698076522176063 0.21957615645121431 0.030849873016044582 0.18033986914934597 0.10036533360421107 0.11787565117082383 0.41452326489964247 0.10842869174237024 0.66793820424725048 1.6247758255972056 0.40901352025283899 0.050045289302418472 0.62964438924260158
leaf_count=122 572 4100 469 133 53 1712 270 165 132 1288 491 68 555 131 64 80 369 99 347 29 350 44 58 296 37 1851 3219 1123 12 2530
internal_value=-0.000369496 0.0228168 -0.00185882 -0.000238671 0.00427486 0.00788133 0.0119282 0.042284 0.0269696 -0.0224317 -0.00365405 -0.000267982 -0.0044918 -0.00823242 0.00161135 0.0404304 -0.00771663 -0.0152557 -0.0235474 0.0108898 0.000757699 0.020621 -0.000517509 -0.0130311 0.0064433 -0.0168727 -0.0117417 0.00255438 -0.0042139 0.0133198
internal_weight=11.0715 0.668234 10.4033 9.79756 3.43733 2.55508 2.40155 0.882256 0.602916 0.484899 6.36023 2.86262 2.63992 2.46101 1.78486 0.345798 1.43906 1.24354 1.08656 0.430766 0.399916 1.91665 0.632764 0.532399 0.206382 3.49761 2.82967 1.20489 1.0887 0.67969
internal_count=20769 4672 16097 15628 4140 3721 3668 419 297 1558 11488 2620 2129 2061 1506 248 1258 1194 1095 726 697 2110 398 354 117 8868 7017 3798 3665 2542
cat_boundaries=0 4
cat_threshold=2349211776 6160749 810590208 553803800
is_linear=0
shrinkage=0.05


Tree=34
num_leaves=31
num_cat=0
split_feature=7 17 0 8 19 8 8 4 20 9 2 0 4 6 5 9 9 7 2 14 6 7 4 15 18 18 11 13 6 7
split_gain=0.140642 0.147968 0.154018 0.202276 0.132344 0.131103 0.129732 0.144861 0.2277 0.157696 0.22994 0.218551 0.224022 0.255057 0.243971 0.208456 0.23696 0.1725 0.193403 0.170527 0.165258 0.163539 0.168626 0.160322 0.158192 0.17307 0.319059 0.194961 0.154014 0.286383
threshold=0.39500000000000007 34.500000000000007 0.067983357463341873 0.77500000000000013 3.5000000000000004 3.7150000000000003 2.1450000000000005 9.7416000000000018 0.11451990632318503 0.76384499440852471 0.089359404096834197 0.067983357463341873 4.647050000000001 5.6922500000000005 69284696.515000015 1.5826916426998963 1.6137662953566336 1.2250000000000003 -0.30865458543058349 0.63349834983498365 6.5974000000000013 1.0750000000000004 4.8540500000000009 19.500000000000004 14.500000000000002 10.500000000000002 0.11211188676294481 0.10054496317415053 4.4388000000000014 2.3950000000000005
decision_type=2 2 2 8 2 8 10 2 2 2 2 2 2 10 2 2 2 2 2 2 8 2 2 2 2 2 2 2 10 2
left_child=4 2 -2 -4 -1 6 7 9 -9 10 11 17 14 23 -13 -11 -17 18 21 -20 -12 22 -3 24 25 26 27 -14 29 -10
right_child=1 5 3 -5 -6 -7 -8 8 28 15 20 12 13 -15 -16 16 -18 -19 19 -21 -22 -23 -24 -25 -26 -27 -28 -29 -30 -31
leaf_value=-0.0053321103736733658 0.064438731098993271 0.03850005833690396 0.078669291239964634 -0.02436147261690182 0.067404013748219527 0.066508874877777388 -0.041207001798312361 -0.027256968681454725 0.060707073710652149 -0.042455951536307157 -0.04604297922800013 0.05975785632951517 -0.037435064538225753 -0.033485337556287201 -0.041865377342175429 0.07936811276457191 -0.011930764877728175 -0.016266145136687157 -0.02091978418274212 0.040296883510549796 0.052629708817605883 0.080642674731486966 -0.030173358376344318 -0.056184649223345297 -0.0055526495283907355 0.084779103499958042 0.082773013374837501 0.070711550411434052 0.0071186819237146178 -0.049291071076589178
leaf_weight=0.1092734009293741 0.17080877715925114 0.27253586647566402 0.064564980453758802 0.18170142458844885 0.14622222273086816 0.068519283112716489 0.21617741223424403 0.42774205608293359 0.32567400641648359 0.58867252401782244 0.38741014345154878 0.07857020000361975 0.15243720385302545 0.12991355986530129 0.2378382953716785 0.074233962331670011 1.6672553089881748 1.5147093430188372 0.55590347695482956 0.14303084191385251 0.047653034287461704 0.12882292037829762 0.13301925535779446 0.03983801649883445 0.1234396677216365 0.29579862258933554 0.18070970729576921 0.057353078485547299 2.3814993817004551 0.072310168273781783
leaf_count=41 597 105 736 2001 214 216 1054 38 467 875 1097 149 320 250 292 36 2422 1020 225 59 105 87 51 10 369 345 56 45 7182 305
internal_value=-0.000367012 -0.00124096 0.0279553 0.00265065 0.0362954 -0.00242307 -0.00288466 -0.00205757 0.00670382 -0.00618433 -0.000696035 0.00301985 0.0199464 0.031762 -0.0166304 -0.0167338 -0.00803899 -0.00496231 0.00892065 -0.00839232 -0.0352352 0.031565 0.0159757 0.0417393 0.0465571 0.0559297 0.0340766 -0.00786963 0.0119301 0.0407214
internal_weight=10.9736 10.7181 0.417075 0.246266 0.255496 10.3011 10.2325 10.0164 3.20723 6.80915 4.47898 4.04392 1.2959 0.97949 0.316408 2.33016 1.74149 2.74802 1.23331 0.698934 0.435063 0.534378 0.405555 0.849576 0.809738 0.686299 0.3905 0.20979 2.77948 0.397984
internal_count=20769 20514 3334 2737 255 17180 16964 15910 7992 7918 4585 3383 1836 1395 441 3333 2458 1547 527 284 1202 243 156 1145 1135 766 421 365 7954 772
is_linear=0
shrinkage=0.05


Tree=35
num_leaves=31
num_cat=1
split_feature=0 16 13 5 6 6 9 1 2 8 17 1 22 10 3 10 19 0 8 7 13 5 2 0 11 9 7 4 18 17
split_gain=0.137425 0.169852 0.171762 0.167088 0.159617 0.18893 0.160198 0.158239 0.398573 0.197466 0.239044 0.173076 0.179995 0.192934 0.190979 0.197832 0.157511 0.154218 0.271482 0.210528 0.268052 0.208494 0.185954 0.179432 0.262913 0.169669 0.16862 0.158838 0.153306 0.152535
threshold=0.63140963017440421 2.5000000000000004 0.10062893081761017 496046881.93000001 3.7761500000000003 1.9547500000000002 3.5732353649723052 0.030088003247382814 -0.3233759427155653 0.66500000000000015 65.500000000000014 0.026278381843696689 0 0.10090285968464575 137206.02205000003 0.10051319675677715 7.5000000000000009 0.06536283975022654 0.85500000000000009 1.9550000000000003 0.10026887777417638 87850716.580000013 0.062149143538838943 0.12212229268929116 0.10714285714285729 0.45454545454545198 3.4750000000000005 10.201500000000001 22.500000000000004 34.500000000000007
decision_type=2 2 2 2 10 8 2 2 2 10 2 2 9 2 2 2 2 2 10 2 2 2 2 2 2 2 2 2 2 2
left_child=1 2 7 4 5 -4 -7 11 -9 10 -10 12 17 14 -14 16 28 18 -1 22 26 -20 23 24 -19 -23 -21 -24 29 -16
right_child=-2 -3 3 -5 -6 6 -8 8 9 -11 -12 -13 13 -15 15 -17 -18 19 21 20 -22 25 27 -25 -26 -27 -28 -29 -30 -31
leaf_value=-0.031420122994364565 0.017161982790896046 -0.031738507279455035 0.043648993141234667 -0.038781106000116965 0.051759145078377672 -0.045783315131839385 0.065896699480081852 0.052362832382697871 -0.055654165757935137 -0.012924669732864772 0.066271712702949209 -0.054967112800979892 0.064161362347701784 -0.035595171993609502 0.056950389622691791 0.070135700755583716 0.048060954853513159 -0.057271416047326565 0.09303145032557622 -0.040344101816947482 0.057768777388623842 -0.0036009435873163111 -0.033256987769097843 0.067241453181123387 0.055011321879696831 0.066303436564280754 0.040968068087402609 0.03860134324267047 0.067823030455342964 -0.022566315439952203
leaf_weight=0.37616747133941542 1.0148631338671013 0.4626047427554657 0.18325587393722889 0.10523125396310851 0.37555369098646607 0.17610117685353285 0.039271043555430651 0.43064960871401647 0.052048396138552028 1.0136583603114488 0.1765915560386028 0.17751447621769756 0.079714563457725318 1.2764910409324759 0.061846593252881887 0.067532197891326251 0.091107547309184578 0.08146098548127112 0.089359411147767354 0.28509833389327849 0.14683888244206467 0.42870124555947681 0.13845867280076682 0.56792794295451665 0.14481619486859887 0.10884046246999829 0.082124794966283943 0.17297716987580483 0.050013681623510275 2.4282733122180109
leaf_count=238 6778 1325 159 208 482 260 23 114 237 1685 115 231 182 1973 631 92 602 95 142 665 200 313 178 416 62 73 357 326 129 2478
internal_value=-0.000358499 -0.00215997 -0.000705489 0.0203336 0.0283688 0.0063324 -0.0254195 -0.002875 0.010912 -0.00345721 0.0385161 -0.00623955 -0.00494422 -0.00562719 -0.0121121 -0.014365 -0.0165337 0.00365006 0.00216015 0.0271081 0.000671438 0.0223097 0.0393997 0.0522402 0.0145889 0.0105532 -0.0221597 0.00665445 -0.0188505 -0.0205914
internal_weight=10.8851 9.87023 9.40763 0.879413 0.774182 0.398628 0.215372 8.52821 1.67295 1.2423 0.22864 6.85526 6.67775 4.05498 2.77849 2.69877 2.63124 2.62277 1.00307 1.6197 0.514062 0.626901 1.10564 0.794205 0.226277 0.537542 0.367223 0.311436 2.54013 2.49012
internal_count=20769 13991 12666 1132 924 442 283 11534 2151 2037 352 9383 9152 6087 4114 3932 3840 3065 766 2299 1222 528 1077 573 157 386 1022 504 3238 3109
cat_boundaries=0 4
cat_threshold=201719974 72091965 2705326401 17311104
is_linear=0
shrinkage=0.05


Tree=36
num_leaves=31
num_cat=1
split_feature=0 21 3 22 7 2 11 10 2 8 8 9 15 8 7 10 13 9 4 11 11 5 7 2 4 8 0 14 14 3
split_gain=0.125403 0.190442 0.161926 0.164792 0.25446 0.248933 0.246253 0.384619 0.217819 0.197658 0.261537 0.173495 0.156754 0.161556 0.304597 0.161057 0.14813 0.14243 0.324391 0.222083 0.249034 0.190153 0.190161 0.204942 0.172284 0.142744 0.141089 0.135118 0.31158 0.134837
threshold=0.76737073581487025 0.16247642991829042 4831276.447900001 0 1.4650000000000001 -0.27149391263629669 0.11136428534344021 0.11228020306593661 -0.47634589083675244 0.60500000000000009 0.62500000000000011 7.1820302681990471 1.5000000000000002 0.78500000000000014 1.8450000000000004 0.12450613987177443 0.099803181760369078 0.76384499440852471 11.688250000000002 0.13690021810250824 0.12501407974769099 1986112558.1150002 1.5350000000000004 0.12351940318042022 12.286400000000002 0.83500000000000008 0.33806360005715813 0.57091022185361817 0.56281748911465901 137206.02205000003
decision_type=2 2 2 9 2 2 2 2 2 8 10 2 2 10 2 2 2 2 2 2 2 2 2 2 2 10 2 2 2 2
left_child=2 -2 3 4 5 -1 -7 -8 -6 26 -11 17 -10 14 -14 -15 -4 19 27 20 29 22 -20 24 -24 -22 -5 28 -19 -12
right_child=1 -3 16 9 8 6 7 -9 12 10 11 -13 13 15 -16 -17 -18 18 21 -21 25 -23 23 -25 -26 -27 -28 -29 -30 -31
leaf_value=0.059357475635634573 0.051441112299840823 -0.0022826825222030198 0.046788336172599795 -0.051213613732392874 0.08812244091474665 0.031199496323083761 -0.05006799996849607 0.073473541585702712 0.023549266257702331 0.051306767160223282 0.05258524473459484 0.068108896094572519 -0.03831701688914442 -0.024290426215210485 0.064179685047384014 0.075998566349845434 -0.035793581298311568 -0.027106160364204213 -0.0438645134264583 -0.053588110959530921 -0.010675427657697464 0.13531222913360358 0.075452535753696037 0.13481987620907362 -0.020241685818237168 0.078884878172476955 0.061792594453121609 -0.053721021260022428 0.11008376829657225 -0.0062250406471417363
leaf_weight=0.49110874556852047 0.28646801824090534 0.38889282013009602 0.06056039822895154 0.3772638219114684 0.07126390002733396 0.86714579858975938 0.25222478466179121 0.083976088482370148 0.47250911425941922 0.18683742618394106 0.10083270872373651 0.07223419363632988 0.12320493870314805 0.93576472693607859 0.17607293533118898 0.041821779720043084 0.52541829779869265 0.99382637251533767 0.11590354328892394 0.21052263864248688 0.063686154726251332 0.032459683619330104 0.072410948441367362 0.041693453157885391 0.13420826649521048 0.14760568202229823 0.029802176410365422 0.46957806653494572 0.043185512641292445 2.9171105663130601
leaf_count=308 572 4100 67 583 19 914 154 63 1198 233 220 138 131 1660 375 14 402 1588 182 212 52 83 76 261 747 169 417 722 16 5093
internal_value=-0.00035467 0.0205054 -0.00174811 -0.000178571 0.004009 0.0293588 0.0171157 -0.0192099 0.00243592 -0.00349068 -0.00685517 -0.00886187 -0.00105468 -0.0101595 0.0219845 -0.02 -0.0272588 -0.00990247 -0.0208772 -0.00383002 -0.000586157 0.0193514 0.00901674 0.0336998 0.0132949 0.0518902 -0.0429402 -0.0314691 -0.021393 -0.00426013
internal_weight=10.7856 0.675361 10.1102 9.52425 3.51509 1.69446 1.20335 0.336201 1.82064 6.00916 5.6021 5.41526 1.74937 1.27686 0.299278 0.977587 0.585979 5.34302 1.90327 3.43976 3.22924 0.396676 0.364216 0.248313 0.206619 0.211292 0.407066 1.50659 1.03701 3.01794
internal_count=20769 4672 16097 15628 4836 1439 1131 217 3397 10792 9792 9559 3378 2180 506 1674 469 9421 3675 5746 5534 1349 1266 1084 823 221 1000 2326 1604 5313
cat_boundaries=0 4
cat_threshold=2349211778 3015021 810590240 553803792
is_linear=0
shrinkage=0.05


Tree=37
num_leaves=31
num_cat=1
split_feature=7 22 19 9 8 11 11 18 9 15 13 16 2 17 7 20 8 8 9 21 19 4 6 7 10 9 20 7 10 13
split_gain=0.121419 0.130528 0.152743 0.151492 0.186593 0.175361 0.142154 0.125415 0.165977 0.138684 0.194805 0.218451 0.19037 0.16151 0.138952 0.143013 0.14067 0.138435 0.124228 0.119884 0.118469 0.113146 0.161141 0.190463 0.15256 0.162176 0.137955 0.23137 0.119946 0.129781
threshold=0.39500000000000007 0 2.5000000000000004 -5.5724071048783346 1.3050000000000004 0.10403561867837685 0.18025270758122749 5.5000000000000009 -5.2021176346199125 1.5000000000000002 0.10013736289654575 1.5000000000000002 -0.35253703873178566 37.500000000000007 2.6150000000000007 0.16380022014309303 0.55500000000000016 0.42500000000000004 -2.9411764705882297 0.077677224736048281 3.5000000000000004 13.431850000000003 5.0635500000000011 1.3250000000000004 0.099911970125636282 2.0567586476196613 0.26352339181286555 1.8250000000000004 0.068900768678755844 0.10018744158919558
decision_type=2 9 2 2 10 2 2 2 2 2 2 2 2 2 2 2 10 10 2 2 2 2 10 2 2 2 2 2 2 2
left_child=20 3 -3 4 -2 -6 7 -5 -9 10 11 12 -10 -11 16 -16 -15 -14 -12 -4 -1 22 23 -18 -24 -26 -25 -28 -23 -30
right_child=1 2 19 6 5 -7 -8 8 9 13 18 -13 17 14 15 -17 21 -19 -20 -21 -22 28 24 26 25 -27 27 -29 29 -31
leaf_value=-0.0053936736175761932 -0.034090984464086517 -0.058509819979995381 -0.058173754295267777 -0.036163959676200563 -0.040321224345573455 0.11798722494323806 0.10489526703841467 0.12499870409342313 0.095929705511145047 0.050770693222208431 -0.030488183551884429 0.056012058980746661 0.074308189790450729 -0.055232977776972718 0.05936839390690956 -0.048341489955349405 0.024794743734493238 -0.026667619984898111 0.075216944704511152 -0.006614780761859851 0.06401079760099472 0.063368100114597356 0.072478176045305751 -0.050411573341143094 -0.02756857444765981 0.059430974808365788 -0.04971119812723232 0.04825458047745361 -0.037265543076476622 0.061044330209993017
leaf_weight=0.10821170843702421 0.32321267716981744 0.15044234511428722 0.11480360578797633 0.12165077405512992 0.029204773033592868 0.04362112582035016 0.043268406805102688 0.034265636515338982 0.041561564635072934 0.20106076223542668 0.031044364824522219 0.21652542654268314 0.037644629557868348 0.083078707879375435 0.036330623569674786 0.20310224417778508 0.60954996057809219 0.34519988699300042 0.26555713943048531 6.2825785450270324 0.14238897860886912 0.043734624734996508 0.2180348487956397 0.19051821252645013 0.11450013001364996 0.10065684589830722 0.10548802300580359 0.14059982244620603 0.27114244652117725 0.038314183092446996
leaf_count=41 136 325 88 635 74 88 9 32 11 309 54 344 14 106 136 755 409 672 508 14399 214 76 322 242 107 34 102 121 318 88
internal_value=-0.000351661 -0.00117749 -0.00344691 0.00322198 -0.0178 0.0545021 0.0148302 0.0137004 0.0155232 0.0143843 0.0306491 0.0151446 -0.00570531 0.00791226 0.00391368 -0.031998 0.00840228 -0.0167388 0.0641531 -0.00754003 0.0340413 0.0112872 0.0173578 0.00673892 0.0430024 0.0131324 -0.018469 0.00626057 -0.0141397 -0.0250937
internal_weight=10.6873 10.4367 6.54782 3.88887 0.396039 0.0728259 3.49283 3.44956 3.32791 3.29364 0.937533 0.640932 0.424406 2.35611 2.15505 0.239433 1.91562 0.382845 0.296602 6.39738 0.250601 1.83254 1.47935 1.04616 0.433192 0.215157 0.436606 0.246088 0.353191 0.309457
internal_count=20769 20514 14812 5702 298 162 5404 5395 4760 4728 1603 1041 697 3125 2816 891 1925 686 562 14487 255 1819 1337 874 463 141 465 223 482 406
cat_boundaries=0 4
cat_threshold=3422560292 134513004 810582020 566651264
is_linear=0
shrinkage=0.05


Tree=38
num_leaves=31
num_cat=1
split_feature=22 9 7 2 9 20 3 11 2 13 9 2 0 0 2 2 11 3 21 0 0 4 14 9 2 5 4 7 3 3
split_gain=0.122663 0.201964 0.186241 0.168051 0.146458 0.160807 0.164787 0.151284 0.141161 0.133124 0.197742 0.176315 0.191251 0.230766 0.193619 0.179551 0.201618 0.1734 0.162322 0.151711 0.151536 0.159372 0.145265 0.145017 0.140467 0.137811 0.195056 0.19405 0.196577 0.259317
threshold=0 -5.5724071048783346 1.1150000000000004 -0.50647559149445931 -5.9884222399150753 0.22271825396825398 1446613.8207500002 0.18025270758122749 -0.3233759427155653 0.099962595815432112 -5.2021176346199125 0.61190282301845833 0.19764243248200508 0.062438177926884379 -0.26182473186673388 -0.064342968759304994 0.098393341973130141 361951.09935000009 0.18871224165341816 0.13609157607632391 0.072819009698607967 7.3806000000000003 0.25054426705370109 7.1820302681990471 -0.33731075784674835 89722345.900000021 9.7416000000000018 1.7150000000000001 471865.35725000006 487868.08395000006
decision_type=9 2 2 2 2 2 2 2 2 2 2 2 2 2 2 2 2 2 2 2 2 2 2 2 2 2 2 2 2 2
left_child=1 2 -1 -3 5 8 -7 9 -2 11 -11 12 13 14 18 19 -17 22 -6 20 -15 -22 -16 -14 -20 -12 27 28 -27 -30
right_child=4 3 -4 -5 7 6 -8 -9 -10 10 25 -13 23 15 17 16 -18 -19 24 -21 21 -23 -24 -25 -26 26 -28 -29 29 -31
leaf_value=0.050409814521735888 0.032695854023861937 0.042234555064417423 -0.052814504775711424 -0.039271488436208951 0.042045441320228583 -0.012493770732208372 0.086726281085712356 0.10036207731745331 -0.045237544397032106 0.06724437268267848 0.028039944214844625 0.07987944297804371 -0.028833733402118103 0.069508783938310198 -0.040333974041156934 0.051574655562257779 -0.058126728106141091 -0.052138411534266606 -0.04991126029281278 0.062853636833975324 -0.032119581229725233 0.03701985969232182 0.075384902074941196 0.097087738216567923 0.020905162503692423 -0.054038141753871539 0.019055906063196196 0.014639547236330522 0.085329571107357782 -0.010395601678649188
leaf_weight=0.13809668975110856 0.068180074241749045 0.066238299245014676 0.063924159573521377 1.3977256924896262 0.21251301793100158 0.12278312609026146 0.063483560355050345 0.042980271158328587 0.39316511943738741 0.15078503526552722 0.82145039308010925 0.063108325388052555 0.77669306497684665 0.099925664307399908 0.052187925245307853 0.063142903328463243 0.12440066822526467 0.36572664244568648 0.14574387338612524 0.27541946950201174 0.18296606530447376 0.1530869930079983 0.056460553638223276 0.023557833810896711 0.13478103368687647 0.2443376908433329 1.7234318928169496 1.0609172461013996 0.074365932569510407 1.4545521015013134
leaf_count=98 193 16 148 4079 132 260 45 16 248 145 1007 155 3924 61 68 158 219 381 39 201 189 146 54 107 85 408 4945 1978 24 1240
internal_value=-0.000343324 -0.00415806 0.0177472 -0.0355837 0.00236743 -0.0178887 0.0213225 0.0067989 -0.0337201 0.00631202 0.0107719 -0.00272277 -0.00467765 0.00409051 -0.0128575 0.0223294 -0.021192 -0.0356618 0.00908361 0.0338029 0.0154507 -0.000623516 0.0198008 -0.0251268 -0.0158868 0.00918887 0.0057912 -0.00227493 -0.0123947 -0.00573957
internal_weight=10.6161 1.66598 0.202021 1.46396 8.95015 0.647612 0.186267 8.30253 0.461345 8.25955 5.52984 2.72971 2.66661 1.86635 0.967413 0.898942 0.187544 0.474375 0.493038 0.711398 0.435979 0.336053 0.108648 0.800251 0.280525 5.37906 4.5576 2.83417 1.77326 1.52892
internal_count=20769 4341 246 4095 16428 746 305 15682 441 15666 9747 5919 5764 1733 759 974 377 503 256 597 396 335 122 4031 124 9602 8595 3650 1672 1264
cat_boundaries=0 5
cat_threshold=268453705 839021696 1082657928 404849156 1
is_linear=0
shrinkage=0.05


Tree=39
num_leaves=31
num_cat=1
split_feature=22 7 9 18 14 11 14 9 13 9 15 21 7 2 10 2 2 4 21 13 13 14 7 8 11 2 10 14 5 11
split_gain=0.111066 0.22751 0.134416 0.15538 0.142525 0.137976 0.135926 0.133382 0.131686 0.166447 0.146993 0.141073 0.164048 0.146291 0.216158 0.364473 0.136614 0.15776 0.155239 0.1725 0.235316 0.151912 0.251703 0.150207 0.13966 0.189477 0.134932 0.131698 0.184455 0.179991
threshold=0 0.62500000000000011 -5.9884222399150753 13.500000000000002 0.32794023174474768 0.18025270758122749 0.43509812582823254 -9.8793294869228152 0.099999999999999992 -5.2021176346199125 11.500000000000002 0.19604037267080748 0.94500000000000006 -0.30865458543058349 0.073464129343083953 -0.3233759427155653 -0.45339264834843612 9.7416000000000018 0.18469785575048733 0.10025062656641594 0.10038610038610053 0.58339380745041136 0.75500000000000012 1.2150000000000001 0.11743116932092657 -0.087929985324122148 0.1203127796098883 0.44208407871198574 89722345.900000021 0.11884304027952074
decision_type=9 2 2 2 2 2 2 2 2 2 2 2 2 2 2 2 2 2 2 2 2 2 2 8 2 2 2 2 2 2
left_child=1 -1 3 4 -2 8 -5 -3 10 -10 11 13 -13 14 -4 -16 -11 21 19 24 -21 27 -23 -20 25 -19 -24 28 -18 -29
right_child=2 7 5 6 -6 -7 -8 -9 9 16 -12 12 -14 -15 15 -17 17 18 23 20 -22 22 26 -25 -26 -27 -28 29 -30 -31
leaf_value=0.01707890218595812 0.01405627547526622 0.084632619929353947 0.073720990712735357 -0.071546677724750082 -0.044668105393863927 0.096338322502476356 0.06447119966557173 -0.036892017350129598 0.064381487290422132 0.062475792158250547 -0.055813139448200155 0.05789574094727741 0.0052895978351450998 -0.011224326869721085 -0.039715368920803192 0.073458839522286545 0.022322942452850502 0.015198619656111564 -0.020686305350718137 -0.041980339904173769 0.045841409537453227 0.055512053775252847 -0.027741491739153787 0.028254731019438109 0.014140957536268454 0.091358845157141599 0.070016670076160401 0.042584229067115557 -0.011773927547055411 -0.061904232532775175
leaf_weight=0.2458732510719549 0.14167981996083345 0.022944338320374347 0.13335853557509814 0.023183697155290867 0.38164013646796024 0.042547299391265336 0.088416972889631046 1.4186741661940689 0.14346992015016269 0.1195402429445761 0.12046869307804708 0.20185042778647411 0.55753228016969547 1.994453651440977 0.21367880027924871 0.1066439549520449 0.68819100505854147 0.11673216591425034 0.32744618086320648 0.14172920151450683 0.16516432128487515 0.11381132593865517 0.82917059402037563 0.30079523853183204 0.16996370465227806 0.27185653063406862 0.036867341509461471 0.43038022784120133 0.9362713164840849 0.045579825571761656
leaf_count=150 136 42 22 119 348 16 138 4221 136 63 386 356 4063 1911 136 24 814 106 2061 145 253 49 1172 1302 127 448 8 499 1480 38
internal_value=-0.000341884 -0.00395266 0.00226068 -0.0173471 -0.0287695 0.00653191 0.0362151 -0.0349579 0.00606393 0.011331 -0.00159129 0.000445184 0.0192728 -0.00539491 0.0202321 -0.00203667 0.00970933 0.00833028 0.0216651 0.0353987 0.00528367 0.00186395 -0.0143932 0.00274614 0.0519452 0.0684803 -0.0235799 0.00944795 0.00267095 0.032578
internal_weight=10.5299 1.68749 8.84242 0.634921 0.52332 8.2075 0.111601 1.44162 8.16496 4.83697 3.32799 3.20752 0.759383 2.44813 0.453681 0.320323 4.6935 4.57396 1.49369 0.865446 0.306894 3.08027 0.979849 0.628241 0.558552 0.388589 0.866038 2.10042 1.62446 0.47596
internal_count=20769 4413 16356 741 484 15615 257 4263 15599 8701 6898 6512 4419 2093 182 160 8565 8502 4442 1079 398 4060 1229 3363 681 554 1180 2831 2294 537
cat_boundaries=0 5
cat_threshold=272647753 839021696 1082657928 404849156 1
is_linear=0
shrinkage=0.05


Tree=40
num_leaves=31
num_cat=0
split_feature=7 17 0 8 4 8 7 6 8 3 17 8 8 0 4 10 2 9 20 14 8 6 14 17 3 13 7 2 3 18
split_gain=0.106454 0.112877 0.129676 0.166138 0.123392 0.119837 0.103446 0.124125 0.130213 0.12056 0.11695 0.112825 0.12142 0.156129 0.19818 0.231985 0.254504 0.145277 0.144185 0.283029 0.198747 0.170761 0.115512 0.174597 0.16957 0.152598 0.152106 0.167135 0.157907 0.133552
threshold=0.39500000000000007 34.500000000000007 0.067983357463341873 0.77500000000000013 1.8418000000000003 1.1850000000000003 0.58500000000000008 1.1410500000000001 3.7150000000000003 780991.8502000001 71.500000000000014 2.1450000000000005 0.75500000000000012 0.15417785223963329 4.9876000000000014 0.1062002189353257 -0.01392031003996602 -5.5724071048783346 0.1404052936311001 0.064690496948561479 1.3550000000000002 16.315950000000004 0.65730872900684234 105.50000000000001 833388.28135000018 0.099867065103197997 2.0350000000000006 -0.41893116896806148 730259.94195000001 11.500000000000002
decision_type=2 2 2 8 2 10 2 8 8 2 2 10 8 2 2 2 2 2 2 2 10 10 2 2 2 2 2 2 2 2
left_child=-1 2 -2 -4 -3 -5 9 -8 11 10 -6 12 13 17 -15 16 -16 -9 19 -14 -21 22 24 -24 26 -25 28 -28 29 -20
right_child=1 4 3 5 6 -7 7 8 -10 -11 -12 -13 18 14 15 -17 -18 -19 21 20 -22 -23 23 25 -26 -27 27 -29 -30 -31
leaf_value=0.032312606359608226 0.058365660715666061 -0.05108736767861153 0.073048067274902831 -0.054893470724619087 0.054764081101011768 0.03097975225620522 -0.039649353714309457 0.037796018881344137 0.071635363188980866 0.045071928792553173 -0.032046014901665129 -0.03940457105940582 0.07605375191404512 -0.054883467641353725 0.066908956295892816 -0.043582374665557706 -0.010790196473238492 -0.025164383411927133 0.029964138358599658 -0.041301176433085063 0.020062776065321655 0.072108283442731708 -0.011916729451768297 -0.060692910040659742 0.032938406891863496 0.038003994069295055 0.077400141406105946 -0.018517369195022365 -0.042058473606407625 0.0034631841011517938
leaf_weight=0.24382199615406541 0.16797157749646507 0.12731655775541817 0.059487975498126663 0.1116293907255306 0.053959502733817749 0.063873824365220017 0.22149661507125434 0.098224184959570082 0.060024454490711032 0.24901263160934442 0.13807190131739733 0.1998103539161854 0.07312553767235197 0.10431073295713544 0.26984814198799273 0.11341848909859409 0.1729288001774088 1.3632188794864875 0.85038360017600934 0.56846524811504751 0.1718386217614255 0.092424066899749913 1.7979888076365507 0.044599951971162788 0.61842264685583037 0.32130204251943834 0.048041494456062872 0.83115469986744039 0.1286739175041568 1.0781617369077512
leaf_count=255 597 147 736 985 102 1016 283 36 207 98 81 1033 56 193 497 232 1514 911 982 501 420 629 3006 214 1153 435 9 2494 165 1782
internal_value=-0.000337501 -0.00111803 0.024817 0.000836424 -0.00218486 -0.0236402 -0.00154093 -0.00267158 -0.00176217 0.0221154 -0.00765298 -0.00225462 -0.00140595 -0.011815 0.00835926 0.02022 0.0365632 -0.0209328 0.0019282 -0.017788 -0.0270574 0.00468802 0.0035984 -0.00550965 0.00914262 0.0259738 0.00413112 -0.0132762 0.0115705 0.0151487
internal_weight=10.443 10.1992 0.402963 0.234991 9.79622 0.175503 9.66891 9.22786 9.00637 0.441044 0.192031 8.94634 8.74653 2.12195 0.660506 0.556195 0.442777 1.46144 6.62458 0.813429 0.740304 5.81115 5.71873 2.16389 3.55484 0.365902 2.93642 0.879196 2.05722 1.92855
internal_count=20769 20514 3334 2737 17180 2001 17033 16752 16469 281 183 16262 15229 3383 2436 2243 2011 947 11846 977 921 10869 10240 3655 6585 649 5432 2503 2929 2764
is_linear=0
shrinkage=0.05


Tree=41
num_leaves=31
num_cat=1
split_feature=22 7 9 4 18 9 17 6 6 9 6 11 0 5 5 0 2 7 0 13 4 13 6 19 9 18 8 3 17 20
split_gain=0.10247 0.204245 0.169333 0.163448 0.222888 0.161474 0.149883 0.147809 0.27837 0.145201 0.166636 0.264107 0.181629 0.158924 0.234427 0.185778 0.239812 0.272865 0.211113 0.182723 0.161317 0.121544 0.121153 0.119879 0.132765 0.117707 0.117112 0.145844 0.237718 0.203266
threshold=0 0.9850000000000001 -6.5192726992069732 6.0484000000000009 25.500000000000004 0.80848934236194003 34.500000000000007 3.8092500000000005 3.8689500000000003 -2.3025942882057944 2.4861500000000003 0.10106572272279861 0.0050134784854173079 1986112558.1150002 2174757189.8750005 0.080727260858648356 -0.4359122999964522 2.2350000000000008 0.22351026170411339 0.099538809483296423 7.0870500000000005 0.099966825006365792 1.7598500000000004 6.5000000000000009 3.5124707485411304 19.500000000000004 0.55500000000000016 532054.1181000002 57.500000000000007 0.1356236786469345
decision_type=9 2 2 2 2 2 2 10 10 2 10 2 2 2 2 2 2 2 2 2 2 2 8 2 2 2 8 2 2 2
left_child=2 5 21 4 6 -2 -3 -8 -9 -5 11 -11 -12 15 -15 16 -14 25 -17 -16 -19 -1 -13 24 -7 -18 -4 28 -28 -29
right_child=1 3 26 9 -6 23 7 8 -10 10 12 22 13 14 19 18 17 20 -20 -21 -22 -23 -24 -25 -26 -27 27 29 -30 -31
leaf_value=0.013776406044925305 0.015998876911396075 0.061360444966047582 -0.029926781547619841 -0.024259792144595043 0.11641967371212375 -0.044342274137389233 -0.041946248775240828 0.070095906135113281 -0.03592257496960527 -0.05092634145499525 0.13145764099624127 0.0056448921975292251 0.073648167187177677 0.15761407648400605 0.11232780720900165 -0.043046669524980957 -0.054539320960869012 -0.043151054888732089 -0.0036977502824481114 -0.0088434984091635607 0.049630441637001338 -0.053615593863172266 0.093879048850104049 0.051097302323382547 0.014393179955499916 0.009267556711340599 -0.014356512936425009 -0.039748493800040002 0.043768059016010309 0.01408217128844956
leaf_weight=0.11364971594062573 1.3837134397160848 0.043546414665611377 0.14002483951091457 0.86864958197071018 0.02656241404796067 0.30519682555370753 1.0006579546971577 0.092556729718332481 0.18702594003719822 0.062368636775989639 0.024228582649486685 0.055160310504351266 0.12191447638936215 0.03228989754206002 0.037934332156768197 0.62059773764841009 0.22610260507159735 0.05811378035171133 0.75624742080617768 0.17300708665780209 0.24168309867307636 0.16266503488094325 0.13201360051155742 0.05714139987135719 0.14050285023517689 0.10623944413463243 0.22154862860189761 0.19286794346219194 0.85385895438584358 1.932448788957146
leaf_count=92 1117 493 244 1746 302 263 1583 23 256 190 53 46 18 81 45 1235 186 59 6256 486 353 111 123 270 147 41 1067 231 944 2708
internal_value=-0.000331019 -0.00273523 0.00311313 -0.012199 -0.0269856 0.00718071 -0.0298631 -0.032966 -0.00082482 -0.00652098 -0.000701722 0.0381838 -0.00474765 -0.00613766 0.0321523 -0.0105083 0.00944103 -0.00294197 -0.0214338 0.0129472 0.0316453 -0.0258969 0.0678764 -0.0170851 -0.0258264 -0.0341422 0.0148312 0.0167893 0.0317936 0.00919715
internal_weight=10.3705 6.75345 3.61706 4.8669 1.35035 1.88655 1.32379 1.28024 0.279583 3.51655 2.6479 0.249543 2.39836 2.37413 0.243231 2.1309 0.754053 0.632139 1.37685 0.210941 0.299797 0.276315 0.187174 0.502841 0.4457 0.332342 3.34075 3.20072 1.07541 2.12532
internal_count=20769 15372 5397 13575 2657 1797 2355 1862 279 10918 9172 359 8813 8760 612 8148 657 639 7491 531 412 203 169 680 410 227 5194 4950 2011 2939
cat_boundaries=0 4
cat_threshold=2348818436 134578540 810582277 562194824
is_linear=0
shrinkage=0.05


Tree=42
num_leaves=31
num_cat=1
split_feature=0 21 3 22 2 20 7 10 11 13 9 10 7 19 8 19 0 7 15 6 10 9 9 13 1 4 6 9 16 17
split_gain=0.0964485 0.161721 0.140742 0.130627 0.24235 0.250842 0.255097 0.197342 0.206835 0.176475 0.135711 0.158581 0.129443 0.120856 0.129107 0.119659 0.165408 0.126029 0.118452 0.138807 0.113648 0.113227 0.121859 0.109095 0.10649 0.106777 0.159613 0.13242 0.129839 0.10344
threshold=0.76737073581487025 0.16247642991829042 4831276.447900001 0 -0.28209439348842857 0.12066779374471683 2.4350000000000005 0.099584276671259589 0.13068535129694073 0.10019821625019655 -0.46488472433408029 0.099645177264486726 1.5250000000000001 4.5000000000000009 0.42500000000000004 7.5000000000000009 0.13983847114192335 1.3150000000000002 1.5000000000000002 5.6075000000000008 0.08789276456360709 1.117754614756117 -1.2300258419574548 0.099803181760369078 0.00057323019899580008 5.2853000000000003 2.2799 -0.83445732960056296 1.5000000000000002 94.500000000000014
decision_type=2 2 2 9 2 2 2 2 2 2 2 2 2 2 8 2 2 2 2 8 2 2 2 2 2 2 10 2 2 2
left_child=2 -2 3 4 10 -6 7 9 13 24 -1 12 -12 21 -15 29 17 -17 19 -8 -11 22 -9 -4 -7 -26 -27 -28 -29 -5
right_child=1 -3 23 15 5 6 18 8 -10 20 11 -13 -14 14 -16 16 -18 -19 -20 -21 -22 -23 -24 -25 25 26 27 28 -30 -31
leaf_value=0.060114841147581269 0.046361046505934513 -0.0031795678482410953 0.037116552321349354 -0.014530341313352095 -0.05445682729988132 0.093727311925489498 0.074561161345841287 0.014120588055282933 0.079021463629881217 0.040105240418522398 0.033687493027621716 0.057039941213138746 -0.039411027396791858 0.064667322267603231 -0.049989742450535474 0.088112855118435307 -0.050495979618470681 -0.054604644012809116 -0.03792670587790542 -0.052581977489500435 0.10351517596103497 0.039036565338909757 -0.054242202303059088 -0.034158411431523455 -0.016533818675213294 0.1170765239404946 -0.0093781490180975882 0.067332996172402404 -0.020554074937102384 -0.00063366044891086841
leaf_weight=0.39121709383311576 0.2873686887992023 0.38601967348411392 0.060364612512387061 3.665813781727477 0.15419730485155003 0.047122285926049501 0.056846004782206451 0.16637587700935177 0.075792656235854627 0.16393128181577346 0.10998592709056565 0.16344449374020881 0.13477402783443343 0.027774997704266259 0.21159155216522749 0.09747685418171026 0.041863207909921318 0.018386619898652368 0.32368525486765742 0.034491960303610923 0.12419658071907211 0.1727920737856819 0.10718034177302724 0.48532344686288126 0.18340512156519384 0.045804090343603276 0.21223004338016621 0.17012237908005645 0.055809936514196301 2.1097321165262231
leaf_count=245 572 4100 67 7751 53 45 292 94 53 250 70 53 45 11 441 78 1952 246 931 361 151 82 83 402 265 37 298 238 118 1385
internal_value=-0.000330938 0.0179619 -0.00161252 -0.00012814 0.00365266 0.00717219 0.0115331 0.0198306 0.000641899 0.0344048 0.0390712 0.0189033 -0.0065633 -0.00802146 -0.0366855 -0.00308357 0.0346869 0.0654647 -0.0237371 0.0265481 0.0674379 0.0073504 -0.0126642 -0.0262739 0.0210838 0.0159545 0.0282664 0.0189825 0.0456231 -0.00945406
internal_weight=10.2851 0.673388 9.61173 9.06604 3.13277 2.33335 2.17915 1.76413 0.761507 1.00262 0.799422 0.408204 0.24476 0.685715 0.239367 5.93327 0.157727 0.115863 0.415023 0.091338 0.288128 0.446348 0.273556 0.545688 0.714494 0.667372 0.483966 0.438162 0.225932 5.77555
internal_count=20769 4672 16097 15628 4216 3803 3750 2166 764 1402 413 168 115 711 452 11412 2276 324 1584 653 401 259 177 469 1001 956 691 654 356 9136
cat_boundaries=0 4
cat_threshold=2886082562 6193517 810557440 562192400
is_linear=0
shrinkage=0.05


Tree=43
num_leaves=31
num_cat=1
split_feature=17 0 8 8 2 7 4 19 22 18 2 9 20 4 6 6 6 18 9 11 8 7 11 15 7 2 3 3 1 6
split_gain=0.0930577 0.109297 0.155989 0.109319 0.101538 0.097935 0.115968 0.0984778 0.0951139 0.274709 0.261793 0.179829 0.157989 0.153487 0.185759 0.147951 0.160024 0.173888 0.129988 0.148236 0.173733 0.186766 0.162666 0.139181 0.159452 0.144107 0.161934 0.154626 0.128574 0.127616
threshold=34.500000000000007 0.067983357463341873 0.77500000000000013 1.1850000000000003 -0.062067989489735957 0.39500000000000007 1.8418000000000003 3.5000000000000004 0 7.5000000000000009 -0.27710843373493971 -1.2683252466703652 0.21280737704918035 8.0384500000000028 2.0286000000000004 1.9949500000000002 1.9547500000000002 10.500000000000002 -7.6923076923076925 0.11195511488140743 1.425 1.0950000000000004 0.12840229551392268 2.5000000000000004 2.4350000000000005 -0.27710843373493971 385251.61380000005 789068.8716500001 0.042558356607599331 4.2658500000000013
decision_type=2 2 8 10 2 2 2 2 9 2 2 2 2 2 8 8 10 2 2 2 8 2 2 2 2 2 2 2 2 8
left_child=1 4 -3 -4 -1 7 -7 -2 9 10 -8 -12 15 -14 -15 16 17 -10 -11 23 21 -21 -23 29 25 -25 -27 -28 -16 -20
right_child=5 2 3 -5 -6 6 8 -9 12 18 11 -13 13 14 28 -17 -18 -19 19 20 -22 22 -24 24 -26 26 27 -29 -30 -31
leaf_value=0.067511529179283936 -0.0056217210188630566 0.071552880097329657 -0.054096812885008665 0.029146955236847572 -0.061412513057456521 -0.050390804169885874 0.039920475349934398 0.058712410092642643 0.039981917347691791 0.099176683450096226 -0.054338493620483624 0.014032158575444971 -0.025972164462537747 0.10266167696195466 -0.01104106494961968 -0.0047425574679179827 0.09266836772412039 -0.02323111937386238 0.055010524246647423 0.035664071148247566 0.050658733095649479 -0.039582858139653981 0.033509402921551794 -0.063189852039371275 -0.045280303994300948 0.074938664124722359 -0.039988727307357752 0.031160078508780494 0.046840086445349899 0.016600724711103004
leaf_weight=0.14927401486947983 0.10683382751713821 0.058259810425971933 0.1066262037978291 0.062590892973213144 0.017012759227203633 0.12258298769547593 0.1516057236455195 0.13420843364610135 0.25617057371399232 0.05029320160234485 0.34783371396166324 0.13292861666163153 1.7055599582756982 0.03970985357353491 1.3551221716802326 2.6699582252527776 0.073717950108439956 0.18909944712084825 0.54239400331543941 0.16540270509655675 0.14183278449552861 0.40094710271879808 0.09395651177014952 0.047201387357818092 0.11042674775440253 0.13583934585125268 0.10586973060480565 0.27399659543202171 0.10325458361885753 0.35963977765387134
leaf_count=515 29 741 996 1021 89 147 87 198 105 48 211 262 2947 68 5401 3481 24 251 583 88 183 334 73 80 464 142 160 393 565 1083
internal_value=-0.000322521 0.023511 0.000988467 -0.0233062 0.0543213 -0.00127855 -0.00207093 0.0301985 -0.00144432 0.00280816 -0.0173685 -0.0354343 -0.00307016 -0.0157152 -0.00403772 5.67293e-06 0.0244332 0.0131363 0.0196303 0.0179476 0.000451041 -0.0103335 -0.0257064 0.0268564 0.0096549 0.0204317 0.0280854 0.0113307 -0.00694302 0.0396966
internal_weight=10.2101 0.393764 0.227477 0.169217 0.166287 9.81639 9.57534 0.241042 9.45276 3.06017 0.632368 0.480762 6.39259 3.20365 1.49809 3.18895 0.518988 0.44527 2.4278 2.37751 0.802139 0.660306 0.494904 1.57537 0.673334 0.562907 0.515706 0.379866 1.45838 0.902034
internal_count=20769 3362 2758 2017 604 17407 17180 227 17033 4191 560 473 12842 8981 6034 3861 380 356 3631 3583 678 495 407 2905 1239 775 695 553 5966 1666
cat_boundaries=0 4
cat_threshold=3422593156 135039340 806387780 545552512
is_linear=0
shrinkage=0.05


Tree=44
num_leaves=31
num_cat=1
split_feature=13 13 17 3 0 7 22 1 7 7 7 13 21 8 4 18 14 13 2 3 3 1 2 20 0 4 20 9 18 18
split_gain=0.0907365 0.182328 0.099751 0.116518 0.152436 0.150471 0.102615 0.161176 0.171418 0.18402 0.141702 0.187187 0.170814 0.209417 0.146938 0.152495 0.210364 0.176343 0.141515 0.201834 0.173016 0.139211 0.135193 0.160062 0.233272 0.156017 0.246272 0.129415 0.134628 0.184567
threshold=0.097704014393600783 0.098449239558966131 34.500000000000007 5295759.4477000004 0.62634989633990801 1.1950000000000001 0 -0.010892772156863182 2.4350000000000005 4.1650000000000009 0.94500000000000006 0.10057637366287954 0.19204425711275028 1.7650000000000003 5.7351500000000009 19.500000000000004 0.74488944513975819 0.099305147620925252 -0.12981769492223713 257009.33580000003 385251.61380000005 -0.0072133500294468958 -0.18884610257853343 0.2096511627906977 0.10427511499136526 4.8540500000000009 0.16561181434599156 -4.6169292554834698 15.500000000000002 9.5000000000000018
decision_type=2 2 2 2 2 2 9 2 2 2 2 2 2 10 2 2 2 2 2 2 2 2 2 2 2 2 2 2 2 2
left_child=-1 -2 -3 6 -5 -6 7 -4 18 -10 22 14 13 -13 -12 -16 17 -17 19 -9 -21 -20 25 -24 -25 26 -8 -23 29 -29
right_child=1 2 3 4 5 -7 10 8 9 -11 11 12 -14 -15 15 16 -18 -19 21 20 -22 27 23 24 -26 -27 -28 28 -30 -31
leaf_value=-0.051563401193397765 0.08254375371037008 0.024807350662996455 0.052385729292421648 -0.043303660270767666 0.052667310616317534 -0.037229210827823114 0.051570601263064009 -0.032688528934054481 -0.032518343200606904 0.082241043545733195 -0.030990725706009983 -0.027545847876265312 0.058300697078744461 0.065928061664247445 -0.013664685355286461 0.13221930676111221 0.066745546121013119 -0.020841498370792001 -0.057697193948631001 0.072211303364806412 0.024368997267876922 -0.039421601948030897 0.039817492307995875 0.040480833475862787 -0.030737439623919956 -0.04765903285946152 -0.017061687407268055 -0.0039419614681249276 -0.011817737505614864 0.064475311926858667
leaf_weight=0.085643931487711877 0.066650678878549807 0.37676111731628736 0.27006376731092574 0.353432543087766 0.103917098114196 0.084318271714442922 0.1841380711895968 0.12242015159507524 0.32251326236365746 0.03917560562280914 1.0532054164652049 0.23604774340089724 0.1702129410188441 0.08030523539088058 2.6590139467664007 0.020486626766206134 0.14807021351273131 0.23101215799728139 0.088586586100341536 0.24305588816438262 0.84929438363463727 0.11904387484221435 0.44966212210641238 0.19380170412977304 0.28270193437336572 0.20137824025686502 0.45045010683784326 0.17267451999156949 0.24634610351365138 0.22970450982391652
leaf_count=438 225 3299 216 299 92 272 18 160 940 400 1475 256 814 37 6471 90 511 1243 116 94 312 101 287 106 730 138 219 269 618 523
internal_value=-0.000316255 0.00012053 -0.000429828 -0.00141977 -0.0239464 0.012399 -7.3473e-05 0.00334901 0.0116715 -0.0200884 -0.002641 -0.0114131 0.0179128 -0.00381778 -0.0148833 -0.00933683 0.0194638 -0.00837345 0.0172179 0.0281914 0.0350143 0.00165147 0.00526256 0.0184202 -0.00177182 -0.00931475 0.0028533 0.00849922 0.0172929 0.0351151
internal_weight=10.1341 10.0484 9.98179 9.60503 0.541668 0.188235 9.06337 2.70288 2.43281 0.361689 6.36049 4.59835 0.486566 0.316353 4.11179 3.05858 0.399569 0.251499 2.07113 1.21477 1.09235 0.856356 1.76213 0.926166 0.476504 0.835966 0.634588 0.767769 0.648725 0.402379
internal_count=20769 20331 20106 16807 663 364 16144 3749 3533 1340 12395 10897 1107 293 9790 8315 1844 1333 2193 566 406 1627 1498 1123 836 375 237 1511 1410 792
cat_boundaries=0 4
cat_threshold=2348818562 135037308 810582021 562065560
is_linear=0
shrinkage=0.05


Tree=45
num_leaves=31
num_cat=1
split_feature=2 14 3 15 22 5 0 7 21 9 2 17 3 4 21 8 0 10 9 11 6 6 14 3 5 6 13 8 6 14
split_gain=0.0865901 0.131893 0.123694 0.127801 0.0958227 0.134773 0.143689 0.140009 0.15475 0.179579 0.139732 0.113459 0.161497 0.11869 0.105174 0.102532 0.101875 0.134646 0.125202 0.118634 0.254762 0.127479 0.154099 0.146315 0.127441 0.134174 0.104844 0.100171 0.0938052 0.119332
threshold=-0.45339264834843612 0.57091022185361817 593679.47850000008 3.5000000000000004 0 105122996.69000001 0.62634989633990801 0.92500000000000016 0.18394199785177232 0.21750958035673398 -0.1441579616426242 37.500000000000007 4542266.3331500003 14.843750000000002 0.077677224736048281 0.74500000000000011 0.29807906360607994 0.11565968356094573 -6.5192726992069732 0.096096331478052771 3.7761500000000003 2.3767 0.28162881497986475 532054.1181000002 348542865.71500009 6.4478500000000007 0.10004077065895546 1.885 8.8172000000000015 0.68588039867109651
decision_type=2 2 2 2 9 2 2 2 2 2 2 2 2 2 2 8 2 2 2 2 8 8 2 2 2 8 2 8 10 2
left_child=1 2 3 -1 5 10 11 -8 9 -9 -2 13 16 -7 -6 -15 18 28 -13 20 -20 -21 -23 -24 -25 26 -26 -12 -18 -30
right_child=4 -3 -4 -5 14 6 7 8 -10 -11 27 12 -14 15 -16 -17 17 -19 19 21 -22 22 23 24 25 -27 -28 -29 29 -31
leaf_value=-0.034749985017367507 0.05057146657547279 -0.028408297122022027 0.073254230074894913 0.063421878652904454 -0.057707752917321845 0.059703276187684076 0.076369848457668962 -0.020870209864953752 -0.013796737625489648 0.078991757638243051 -0.05662119141619313 -0.031198442755723269 -0.04679212866817984 0.065222804807910109 -0.0071814009433599051 -0.059485056784984253 -0.045338514069776764 0.063337034843166606 -0.022828529461305615 0.045362135183391272 0.062004627738153184 -0.049961808948695022 0.032162489437789453 -0.061951188258452396 0.047687541900991587 -0.041745459656532397 -0.011879863654876364 0.070884804662218928 0.070010971645139128 -0.03512320127972194
leaf_weight=0.07882899978302968 0.34744687355999226 0.09218337306405916 0.141966232797131 0.057211367413839836 0.10478792105687329 0.15863061156969299 0.126521863848095 0.066184740884823706 0.21098198948045732 0.14077166402992167 0.058385165024263962 0.18396812864649725 0.17995523297241822 0.02495157694029148 6.015790483039039 0.048557073545481284 0.26602102346163264 0.043835821448280354 0.12882319150429491 0.16152752156684722 0.28273840699414321 0.14605824968203129 0.3221110034392406 0.098391991393331102 0.15691090279937886 0.12718387522044411 0.13958174777425181 0.020923743316922129 0.046869285161797641 0.063636301331437689
leaf_count=53 336 104 16 73 144 483 159 100 1279 261 313 89 152 66 14807 127 665 35 152 95 283 121 205 61 72 152 50 26 132 158
internal_value=-0.000311642 0.0234204 0.0406061 0.0065359 -0.00122002 0.0027636 0.00694614 0.0302871 0.0163365 0.0470559 0.0369022 0.00202 -0.00127732 0.0353657 -0.00305503 -0.0171546 0.00250124 -0.0195981 0.00781788 0.0124092 0.0354509 0.0041757 -0.00254263 0.00566174 -0.010689 0.00121587 0.0196446 -0.0229818 -0.0292536 0.00946788
internal_weight=10.0417 0.37019 0.278007 0.13604 9.67155 3.55097 3.12421 0.54446 0.417938 0.206956 0.426756 2.57975 2.34761 0.232139 6.12058 0.0735087 2.16766 0.420362 1.7473 1.56333 0.411562 1.15177 0.990238 0.84418 0.522069 0.423677 0.296493 0.0793089 0.376527 0.110506
internal_count=20769 246 142 126 20523 5572 4897 1799 1640 361 675 3098 2422 676 14951 193 2270 990 1280 1191 435 756 661 540 335 274 122 339 955 290
cat_boundaries=0 4
cat_threshold=3422560260 135364972 810582340 562178184
is_linear=0
shrinkage=0.05


Tree=46
num_leaves=31
num_cat=1
split_feature=13 13 17 3 0 7 4 20 22 7 7 7 4 11 7 6 17 9 15 2 14 3 1 9 6 7 15 21 9 2
split_gain=0.0828947 0.159695 0.0865375 0.102429 0.137935 0.129749 0.0925445 0.133676 0.0968255 0.154073 0.146975 0.144677 0.217231 0.246186 0.256273 0.175573 0.15448 0.183795 0.172409 0.125144 0.154703 0.120665 0.122991 0.119457 0.125858 0.152546 0.147301 0.125743 0.138341 0.126442
threshold=0.097704014393600783 0.098449239558966131 34.500000000000007 5295759.4477000004 0.62634989633990801 1.1950000000000001 21.022900000000003 0.26873949579831941 0 2.9350000000000005 4.3650000000000011 0.9850000000000001 6.0484000000000009 0.11774703653869588 1.8250000000000004 1.9949500000000002 97.500000000000014 -1.3098240890277721 1.5000000000000002 -0.28209439348842857 0.28162881497986475 3810306.5947500006 0.09983765164153692 1.3465094511626809 3.2006500000000004 0.90500000000000014 2.5000000000000004 0.1526806526806527 -3.5574387947269299 -0.34583762226585762
decision_type=2 2 2 2 2 2 2 2 9 2 2 2 2 2 2 8 2 2 2 2 2 2 2 2 8 2 2 2 2 2
left_child=-1 -2 -3 6 -5 -6 8 -8 9 19 -11 23 13 -13 -15 -14 -17 18 -18 20 -4 22 -21 24 25 26 27 -10 -29 -30
right_child=1 2 3 4 5 -7 7 -9 11 10 -12 12 15 14 -16 16 17 -19 -20 21 -22 -23 -24 -25 -26 -27 -28 28 29 -31
leaf_value=-0.050666607384138806 0.076353255336051626 0.023216742635346274 -0.010279968093873935 -0.042114035001374478 0.047991931776907581 -0.035731180946836263 -0.0067640951665258022 0.065960801798255433 0.038233075443295822 -0.046798951718031709 0.062925322627930866 -0.038915750314187258 0.048107558601320217 -0.031389405444005626 0.10423964506427533 -0.015725069040100244 0.060553795690631067 0.02566434388060241 -0.044753491256940892 0.0059008337984779273 0.052419260947305348 0.064091152668890955 0.072694183196166037 -0.020259948437861497 -0.011162074175942524 0.08253354531177115 0.039040762694042219 -0.053782759895286109 0.059879939852384434 -0.020049383074937796
leaf_weight=0.081036430207162335 0.068206477814695243 0.37255093533805705 0.12659647444612676 0.3347195879214846 0.10587725090827337 0.08220478421448775 0.12591027548161415 0.1268403202090379 0.137285325227814 0.1696407360320987 0.037214577724709291 1.0656781964601871 0.14478889012674362 0.074988939401508942 0.065033843827868837 2.0386823316421836 0.047717098819386683 0.57179671159872214 0.20956742135087814 1.7039325554479687 0.44142993290233579 0.10369595247016938 0.071825168834706132 0.39169134100419389 0.44077097287652411 0.091440994191575475 0.36197256292764857 0.15529009542275599 0.076262627495452817 0.14088140256610029
leaf_count=438 225 3299 107 299 92 272 758 1034 40 514 307 1713 162 99 38 5911 76 882 347 2211 218 78 125 526 503 77 195 48 10 165
internal_value=-0.000302606 0.000110296 -0.000419463 -0.0013519 -0.0228622 0.0113992 -9.13107e-05 0.0297322 -0.000960916 0.00301578 -0.0270589 -0.00290324 -0.0127906 -0.030726 0.0316038 -0.00561239 -0.00832462 0.00987281 -0.0252227 0.0178796 0.0384454 0.011664 0.00860247 0.00415572 0.0109677 0.0210953 0.0146504 -0.00267024 -0.0177479 0.0080224
internal_weight=9.96553 9.88449 9.81629 9.44374 0.522802 0.188082 8.92093 0.252751 8.66818 2.65434 0.206855 6.01385 4.21825 1.2057 0.140023 3.01255 2.86776 0.829081 0.257285 2.44748 0.568026 1.87945 1.77576 1.7956 1.4039 0.963133 0.871692 0.509719 0.372434 0.217144
internal_count=20769 20331 20106 16807 663 364 16144 1792 14352 3560 821 10792 9228 1850 137 7378 7216 1305 423 2739 325 2414 2336 1564 1038 535 458 263 223 175
cat_boundaries=0 4
cat_threshold=3422683266 1900924 805339396 562196632
is_linear=0
shrinkage=0.05


Tree=47
num_leaves=31
num_cat=1
split_feature=22 7 7 9 7 9 18 2 13 21 20 0 1 14 0 21 3 3 14 8 20 6 15 0 21 13 11 5 8 18
split_gain=0.0822012 0.20108 0.180409 0.174461 0.150287 0.114808 0.138302 0.145421 0.12073 0.103213 0.152277 0.161261 0.146453 0.144319 0.246984 0.192698 0.183938 0.156867 0.13694 0.127734 0.205479 0.120848 0.16183 0.109699 0.105109 0.104089 0.170424 0.125843 0.102493 0.138259
threshold=0 1.0050000000000001 0.94500000000000006 -5.5724071048783346 0.39500000000000007 -5.9884222399150753 7.5000000000000009 -0.32973409883607008 0.099948146140497088 0.15047169811320757 0.32972878185644144 0.086785599653532455 0.011072081098603139 0.39956458635703923 0.021400317277347265 0.11602982292637466 408980.91070000007 378333.36685000005 0.95024752475247531 1.0550000000000004 0.23483455882352944 5.7780000000000014 1.5000000000000002 0.031948692203931942 0.11857892763404575 0.10048900047824007 0.087530254398133486 84147847.000000015 1.135 16.500000000000004
decision_type=9 2 2 2 2 2 2 2 2 2 2 2 2 2 2 2 2 2 2 10 2 10 2 2 2 2 2 2 10 2
left_child=1 2 3 -1 -5 6 7 -2 -8 13 18 12 -12 16 24 -16 21 -17 25 -19 -21 22 -7 -18 -15 -11 27 -27 29 -28
right_child=5 -3 -4 4 -6 9 8 -9 -10 10 11 -13 -14 14 15 17 23 19 -20 20 -22 -23 -24 -25 -26 26 28 -29 -30 -31
leaf_value=0.049486048839414508 0.031933378050679799 -0.038035032549848385 0.062896526815761217 0.049785111090243514 -0.04238571390101048 0.097215243497843995 0.061414784832082729 -0.051006346212036369 -0.013319827803233661 0.0047909917990270265 0.024774628853594764 -0.04093064943407243 -0.03789205168830323 0.038552484056444875 0.044807442358283725 0.0708334093871133 0.0087689296901067703 -0.029714354821292352 -0.028021807203112616 0.083598980425221694 -0.014105582351847896 -0.016534406167244473 0.012866496669940348 -0.043745110008351192 0.11018155784588211 0.039836532204588271 0.038562646088269516 -0.055756790653333083 0.077283172523210097 -0.041617350189251862
leaf_weight=0.088034681163166206 0.064312694128602854 1.030226079328376 0.093252208309754725 0.051687786775096001 0.30634254234394931 0.09320950781493928 0.083301131632361081 0.29650360185577629 0.15383690791143789 3.9434695336910903 0.27965530848611053 0.38496779604825471 0.13985875456066532 0.096605818942624405 0.37511407735294611 0.068881300566114967 0.16206191067009312 0.32238338282768925 0.28056085590760282 0.080526299597740325 0.16220600020378073 0.11547719220479039 0.14583475428211867 0.25739341407251559 0.10900363731547694 0.053572583665254553 0.35886896136932789 0.096340721734680085 0.13027796423950655 0.063239498322702037
leaf_count=59 91 3847 77 38 376 125 158 281 221 8127 267 3022 171 34 428 172 49 402 686 86 206 154 182 281 78 64 339 258 341 149
internal_value=-0.000299414 -0.00340326 -0.000351438 -0.0135738 -0.0290793 0.00198793 -0.0167287 -0.036223 0.0129327 0.00601294 0.00260714 -0.0175618 0.00388264 0.0158274 0.026579 0.0164021 -0.00104677 -0.000404435 0.00590078 -0.00908753 0.0183078 0.0254665 0.0457562 -0.0234556 0.0765266 0.00794938 0.025684 -0.0215958 0.0385154 0.0265502
internal_weight=9.88701 1.56954 0.539317 0.446065 0.35803 8.31746 0.597954 0.360816 0.237138 7.71951 5.73081 0.804482 0.419514 1.9887 1.21472 1.00911 0.773977 0.633997 4.92633 0.565116 0.242732 0.354521 0.239044 0.419455 0.205609 4.64577 0.7023 0.149913 0.552386 0.422108
internal_count=20769 4397 550 473 414 16372 751 372 379 15621 13424 3460 438 2197 1406 1294 791 866 9964 694 292 461 307 330 112 9278 1151 322 829 488
cat_boundaries=0 5
cat_threshold=272647881 838890624 1116212360 402752004 1
is_linear=0
shrinkage=0.05


Tree=48
num_leaves=31
num_cat=0
split_feature=8 8 8 2 3 13 20 4 13 4 9 6 10 2 17 21 10 11 8 21 3 15 15 14 6 8 13 6 10 6
split_gain=0.0793766 0.112531 0.102926 0.0852195 0.113331 0.151489 0.100671 0.287337 0.202612 0.158977 0.175969 0.156167 0.257412 0.219193 0.144288 0.138056 0.131578 0.163754 0.126948 0.145198 0.180057 0.216718 0.123487 0.109147 0.227227 0.145345 0.107106 0.107032 0.105687 0.10514
threshold=3.7150000000000003 2.1450000000000005 1.9150000000000003 -0.45339264834843612 593679.47850000008 0.10014749294622595 0.1404052936311001 5.1692500000000008 0.098772778530787045 6.0484000000000009 3.629947293933911 2.7636000000000007 0.096727248865406776 -0.14148951020684034 52.500000000000007 0.16475270781678195 0.066771162683112409 0.096518242219372954 1.3750000000000002 0.15954545454545457 2256560.5991000007 1.5000000000000002 10.500000000000002 0.16678761490082247 2.7636000000000007 0.95500000000000007 0.10042826748835333 2.9276500000000003 0.098879646111947786 2.8950500000000003
decision_type=8 8 8 2 2 2 2 2 2 2 2 10 2 2 2 2 2 2 10 2 2 2 2 2 8 10 2 8 2 8
left_child=1 2 3 4 5 -1 7 28 -9 10 14 12 13 -11 -8 -14 -10 -18 19 20 21 -16 27 24 -21 -26 -24 -13 -5 -20
right_child=-2 -3 -4 6 -6 -7 9 8 16 11 -12 22 15 -15 18 -17 17 -19 29 23 -22 -23 26 -25 25 -27 -28 -29 -30 -31
leaf_value=-0.040312938897728752 0.052776136387586686 -0.038417680243820848 0.033342281531370803 0.051510600825587921 0.050404714780135855 0.062092984249071503 0.024046638441579636 0.062548940162413497 0.025834587630358303 -0.05534728036484219 -0.053608468210079085 -0.044955763531175169 -0.011352755613525169 0.055138963442006611 0.055490138386908597 0.067551401338642653 0.011894107555604799 -0.054190945722257057 0.062566024856242339 -0.023572354766841809 0.078648858511380121 -0.027371340783361994 -0.05042137960982862 -0.03199689971318944 -0.0030000495189896506 0.094534745087160574 0.029989112951151933 0.0055017007909001674 -0.012783707563615732 -0.034520812177494663
leaf_weight=0.11011544826570516 0.06994952831924095 0.19359204004095509 0.22714544021992011 0.17727321422978001 0.18458245159269682 0.053737521171570851 0.34661100180859072 0.054728507968190176 0.075294479596484942 0.12794565356597479 0.20931807916359169 0.10775398908710128 0.067216604522012058 0.069152125678456161 0.1103370800379887 0.31631667719707324 0.11140216872113307 0.59125242239126874 0.09996891530942538 0.41000767611745303 0.079942886542126557 0.27703797085624204 0.1866861018556587 0.94103835159747828 0.073305914748144227 0.07975094111507626 0.053217103246289033 4.2671644379421387 0.099957399484906589 0.038674052419570934
leaf_count=98 369 1306 677 165 38 59 1425 147 333 95 358 171 79 317 56 293 156 319 288 408 31 232 356 969 83 51 55 11678 38 119
internal_value=-0.000296428 -0.000677557 8.7734e-05 -0.000722758 0.023538 -0.0067277 -0.00166501 -0.0157612 -0.0304405 0.000325135 -0.00960074 0.0054185 0.0298573 -0.016583 -0.00585111 0.053723 -0.0369822 -0.0437135 -0.0107623 -0.0140146 0.0103294 -0.00376968 0.00234364 -0.0215782 -0.00416566 0.0478209 -0.0325841 0.00425894 0.0283288 0.0354839
internal_weight=9.81048 9.74053 9.54693 9.31979 0.348435 0.163853 8.97135 1.10991 0.832678 7.86145 2.66599 5.19545 0.580631 0.197098 2.45667 0.383533 0.777949 0.702655 2.11006 1.97142 0.467318 0.387375 4.61482 1.5041 0.563065 0.153057 0.239903 4.37492 0.277231 0.138643
internal_count=20769 20400 19094 18417 195 157 18222 1158 955 17064 4020 13044 784 412 3662 372 808 475 2237 1830 319 288 12260 1511 542 134 411 11849 203 407
is_linear=0
shrinkage=0.05


Tree=49
num_leaves=31
num_cat=1
split_feature=13 13 22 7 7 9 10 20 6 3 0 8 8 15 4 11 5 8 10 5 18 9 14 14 5 5 9 5 20 4
split_gain=0.0760883 0.128204 0.0758869 0.192734 0.166553 0.178804 0.167762 0.131561 0.130346 0.129431 0.114479 0.113988 0.10874 0.141065 0.108207 0.115398 0.0891389 0.187474 0.286442 0.213136 0.149844 0.147116 0.118386 0.117668 0.105939 0.102127 0.099878 0.101689 0.0956873 0.219573
threshold=0.097704014393600783 0.098449239558966131 0 1.0050000000000001 0.88500000000000012 -1.4219443468534596 0.066771162683112409 0.41048534798534803 2.8950500000000003 420003.15070000006 0.56980824217102366 0.71500000000000008 1.3450000000000004 1.5000000000000002 16.837000000000003 0.099102455659832792 105122996.69000001 0.92500000000000016 0.099212316404575493 76709896.500000015 20.500000000000004 1.2914257489031635 0.091139824642362727 0.029557367501456031 71153535.500000015 78449973.500000015 0.80848934236194003 87850716.580000013 0.1404052936311001 5.1692500000000008
decision_type=2 2 9 2 2 2 2 2 10 2 2 8 8 2 2 2 2 8 2 2 2 2 2 2 2 2 2 2 2 2
left_child=-1 -2 3 4 5 6 -3 10 -9 -6 14 -10 -12 -14 -5 -16 17 18 21 23 22 24 -21 -19 -4 -26 -24 -28 29 -18
right_child=1 2 16 7 9 -7 -8 8 11 -11 12 -13 13 -15 15 -17 28 19 -20 20 -22 -23 26 -25 25 -27 27 -29 -30 -31
leaf_value=-0.049808652268532816 0.067844357740607764 0.053188778130076136 0.061038942845259139 -0.047848551397806333 0.086050956110277951 -0.054541871255288546 -0.022932977462978368 0.15811920390596582 0.19874064283875839 -0.010772438475274211 -0.040558782650846018 -0.045456636204764603 -0.0457218553647155 0.10829825180928568 0.12802523674738248 -0.051078278532720303 0.04813700557412625 -0.047631331747409578 -0.055777272927022531 -0.022628351261541269 0.14335564656793148 -0.055451215393500147 0.096456387529370344 0.023380188526113482 -0.063315122555273065 0.027493865935634028 0.07004286205900255 -0.054466182685212063 0.0042229667601740937 -0.026412817140370467
leaf_weight=0.076971167427216325 0.069340194411012912 0.12622572520155062 0.16479469274664693 0.89810192993329596 0.086593461234916319 0.17220911654589588 0.16967159970640844 0.016582639462535249 0.0055980117861296466 0.057391734532077993 0.062876630666992742 0.03265427671712081 0.023433985256218565 0.040662125544010178 0.018417108797282145 0.017576605441352922 0.11707224450560216 0.070657612502959988 0.18473976077944987 0.044969367906036284 0.053050558563592171 0.055174528072094109 0.11454679281607397 0.33453655325703102 0.041715135426889094 0.12010545374214043 0.040836622040337694 0.027403216310736639 5.8559108933494315 0.63179860150976586
leaf_count=438 225 53 229 1921 75 267 122 59 72 86 808 267 219 309 114 199 126 70 258 76 95 125 207 757 47 176 61 88 12469 751
internal_value=-0.000293206 0.000101553 -0.000388499 -0.00325864 0.000430182 -0.014035 0.00953952 -0.0344838 0.0410365 0.0474577 -0.0383866 -0.00971971 0.00615874 0.0519874 -0.0444417 0.0405646 0.00193161 0.0166193 -0.00466686 0.0341983 0.0676767 0.0200643 0.050049 0.0109972 0.0328211 0.00408455 0.0679291 0.0200435 0.00207081 -0.0147583
internal_weight=9.73162 9.65465 9.58531 1.72799 0.612092 0.468106 0.295897 1.1159 0.0548349 0.143985 1.06107 0.0382523 0.126973 0.0640961 0.934096 0.0359937 7.85731 1.25253 0.56653 0.686001 0.280807 0.38179 0.227756 0.405194 0.326615 0.161821 0.182787 0.0682398 6.60478 0.748871
internal_count=20769 20331 20106 4571 603 442 175 3968 398 161 3570 339 1336 528 2234 313 15535 2189 835 1354 527 577 432 827 452 223 356 149 13346 877
cat_boundaries=0 5
cat_threshold=272631785 838890624 1115688072 402752004 1
is_linear=0
shrinkage=0.05


end of trees

feature_importances:
vr_d0=136
ret60=123
close_ret=109
vr_prev=102
wr1=87
pct_prev=86
cmv=82
amplitude=79
ftr=77
turn_d0=76
amount=59
intraday=57
mkt_chain_n=54
amt_rank_pct=53
zha_rate=50
mkt_boards_n=48
promo_yd=48
ind_boards=47
sw_l2=47
gap=42
mkt_max_streak=25
streak_prev=13

parameters:
[boosting: gbdt]
[objective: binary]
[metric: binary_logloss]
[tree_learner: serial]
[device_type: cpu]
[data_sample_strategy: bagging]
[data: ]
[valid: ]
[num_iterations: 50]
[learning_rate: 0.05]
[num_leaves: 31]
[num_threads: 0]
[seed: 42]
[deterministic: 0]
[force_col_wise: 0]
[force_row_wise: 0]
[histogram_pool_size: -1]
[max_depth: -1]
[min_data_in_leaf: 50]
[min_sum_hessian_in_leaf: 0.001]
[bagging_fraction: 1]
[pos_bagging_fraction: 1]
[neg_bagging_fraction: 1]
[bagging_freq: 0]
[bagging_seed: 400]
[bagging_by_query: 0]
[feature_fraction: 1]
[feature_fraction_bynode: 1]
[feature_fraction_seed: 30056]
[extra_trees: 0]
[extra_seed: 12879]
[early_stopping_round: 0]
[early_stopping_min_delta: 0]
[first_metric_only: 0]
[max_delta_step: 0]
[lambda_l1: 0]
[lambda_l2: 0]
[linear_lambda: 0]
[min_gain_to_split: 0]
[drop_rate: 0.1]
[max_drop: 50]
[skip_drop: 0.5]
[xgboost_dart_mode: 0]
[uniform_drop: 0]
[drop_seed: 17869]
[top_rate: 0.2]
[other_rate: 0.1]
[min_data_per_group: 100]
[max_cat_threshold: 32]
[cat_l2: 10]
[cat_smooth: 10]
[max_cat_to_onehot: 4]
[top_k: 20]
[monotone_constraints: ]
[monotone_constraints_method: basic]
[monotone_penalty: 0]
[feature_contri: ]
[forcedsplits_filename: ]
[refit_decay_rate: 0.9]
[cegb_tradeoff: 1]
[cegb_penalty_split: 0]
[cegb_penalty_feature_lazy: ]
[cegb_penalty_feature_coupled: ]
[path_smooth: 0]
[interaction_constraints: ]
[verbosity: -1]
[saved_feature_importance_type: 0]
[use_quantized_grad: 0]
[num_grad_quant_bins: 4]
[quant_train_renew_leaf: 0]
[stochastic_rounding: 1]
[linear_tree: 0]
[max_bin: 255]
[max_bin_by_feature: ]
[min_data_in_bin: 3]
[bin_construct_sample_cnt: 200000]
[data_random_seed: 175]
[is_enable_sparse: 1]
[enable_bundle: 1]
[use_missing: 1]
[zero_as_missing: 0]
[feature_pre_filter: 1]
[pre_partition: 0]
[two_round: 0]
[header: 0]
[label_column: ]
[weight_column: ]
[group_column: ]
[ignore_column: ]
[categorical_feature: 22]
[forcedbins_filename: ]
[precise_float_parser: 0]
[parser_config_file: ]
[objective_seed: 16083]
[num_class: 1]
[is_unbalance: 0]
[scale_pos_weight: 1]
[sigmoid: 1]
[boost_from_average: 1]
[reg_sqrt: 0]
[alpha: 0.9]
[fair_c: 1]
[poisson_max_delta_step: 0.7]
[tweedie_variance_power: 1.5]
[lambdarank_truncation_level: 30]
[lambdarank_norm: 1]
[label_gain: ]
[lambdarank_position_bias_regularization: 0]
[eval_at: ]
[multi_error_top_k: 1]
[auc_mu_weights: ]
[num_machines: 1]
[local_listen_port: 12400]
[time_out: 120]
[machine_list_filename: ]
[machines: ]
[gpu_platform_id: -1]
[gpu_device_id: -1]
[gpu_device_id_list: ]
[gpu_use_dp: 0]
[num_gpu: 1]

end of parameters

pandas_categorical:[["IT\u670d\u52a1\u2161", "\u4e00\u822c\u96f6\u552e", "\u4e13\u4e1a\u5de5\u7a0b", "\u4e13\u4e1a\u670d\u52a1", "\u4e13\u4e1a\u8fde\u9501\u2161", "\u4e13\u7528\u8bbe\u5907", "\u4e2a\u62a4\u7528\u54c1", "\u4e2d\u836f\u2161", "\u4e58\u7528\u8f66", "\u4e92\u8054\u7f51\u7535\u5546", "\u4f11\u95f2\u98df\u54c1", "\u4f53\u80b2\u2161", "\u4fdd\u9669\u2161", "\u5143\u4ef6", "\u5149\u4f0f\u8bbe\u5907", "\u5149\u5b66\u5149\u7535\u5b50", "\u5176\u4ed6\u5bb6\u7535\u2161", "\u5176\u4ed6\u7535\u5b50\u2161", "\u5176\u4ed6\u7535\u6e90\u8bbe\u5907\u2161", "\u517b\u6b96\u4e1a", "\u519b\u5de5\u7535\u5b50\u2161", "\u519c\u4e1a\u7efc\u5408\u2161", "\u519c\u4ea7\u54c1\u52a0\u5de5", "\u519c\u5316\u5236\u54c1", "\u519c\u5546\u884c\u2161", "\u51b6\u94a2\u539f\u6599", "\u51fa\u7248", "\u52a8\u7269\u4fdd\u5065\u2161", "\u5305\u88c5\u5370\u5237", "\u5316\u5986\u54c1", "\u5316\u5b66\u5236\u54c1", "\u5316\u5b66\u5236\u836f", "\u5316\u5b66\u539f\u6599", "\u5316\u5b66\u7ea4\u7ef4", "\u533b\u7597\u5668\u68b0", "\u533b\u7597\u670d\u52a1", "\u533b\u836f\u5546\u4e1a", "\u534a\u5bfc\u4f53", "\u53a8\u536b\u7535\u5668", "\u5546\u7528\u8f66", "\u5730\u9762\u5175\u88c5\u2161", "\u57ce\u5546\u884c\u2161", "\u57fa\u7840\u5efa\u8bbe", "\u5851\u6599", "\u591a\u5143\u91d1\u878d", "\u5bb6\u5c45\u7528\u54c1", "\u5bb6\u7535\u96f6\u90e8\u4ef6\u2161", "\u5c0f\u5bb6\u7535", "\u5c0f\u91d1\u5c5e", "\u5de5\u4e1a\u91d1\u5c5e", "\u5de5\u7a0b\u54a8\u8be2\u670d\u52a1\u2161", "\u5de5\u7a0b\u673a\u68b0", "\u5e7f\u544a\u8425\u9500", "\u5f71\u89c6\u9662\u7ebf", "\u623f\u5730\u4ea7\u5f00\u53d1", "\u623f\u5730\u4ea7\u670d\u52a1", "\u623f\u5c4b\u5efa\u8bbe\u2161", "\u6469\u6258\u8f66\u53ca\u5176\u4ed6", "\u6559\u80b2", "\u6570\u5b57\u5a92\u4f53", "\u6587\u5a31\u7528\u54c1", "\u65c5\u6e38\u53ca\u666f\u533a", "\u65c5\u6e38\u96f6\u552e\u2161", "\u666e\u94a2", "\u670d\u88c5\u5bb6\u7eba", "\u6797\u4e1a\u2161", "\u6a61\u80f6", "\u6c34\u6ce5", "\u6c7d\u8f66\u670d\u52a1", "\u6c7d\u8f66\u96f6\u90e8\u4ef6", "\u6cb9\u670d\u5de5\u7a0b", "\u6cb9\u6c14\u5f00\u91c7\u2161", "\u6d88\u8d39\u7535\u5b50", "\u6e14\u4e1a", "\u6e38\u620f\u2161", "\u70bc\u5316\u53ca\u8d38\u6613", "\u7126\u70ad\u2161", "\u7164\u70ad\u5f00\u91c7", "\u7167\u660e\u8bbe\u5907\u2161", "\u71c3\u6c14\u2161", "\u7269\u6d41", "\u7279\u94a2\u2161", "\u73af\u4fdd\u8bbe\u5907\u2161", "\u73af\u5883\u6cbb\u7406", "\u73bb\u7483\u73bb\u7ea4", "\u751f\u7269\u5236\u54c1", "\u7535\u529b", "\u7535\u5b50\u5316\u5b66\u54c1\u2161", "\u7535\u673a\u2161", "\u7535\u6c60", "\u7535\u7f51\u8bbe\u5907", "\u7535\u89c6\u5e7f\u64ad\u2161", "\u767d\u8272\u5bb6\u7535", "\u767d\u9152\u2161", "\u79cd\u690d\u4e1a", "\u7eba\u7ec7\u5236\u9020", "\u7efc\u5408\u2161", "\u80a1\u4efd\u5236\u94f6\u884c\u2161", "\u80fd\u6e90\u91d1\u5c5e", "\u81ea\u52a8\u5316\u8bbe\u5907", "\u822a\u5929\u88c5\u5907\u2161", "\u822a\u6d77\u88c5\u5907\u2161", "\u822a\u7a7a\u673a\u573a", "\u822a\u7a7a\u88c5\u5907\u2161", "\u822a\u8fd0\u6e2f\u53e3", "\u88c5\u4fee\u5efa\u6750", "\u88c5\u4fee\u88c5\u9970\u2161", "\u8ba1\u7b97\u673a\u8bbe\u5907", "\u8bc1\u5238\u2161", "\u8c03\u5473\u53d1\u9175\u54c1\u2161", "\u8d35\u91d1\u5c5e", "\u8d38\u6613\u2161", "\u8f68\u4ea4\u8bbe\u5907\u2161", "\u8f6f\u4ef6\u5f00\u53d1", "\u901a\u4fe1\u670d\u52a1", "\u901a\u4fe1\u8bbe\u5907", "\u901a\u7528\u8bbe\u5907", "\u9020\u7eb8", "\u9152\u5e97\u9910\u996e", "\u91d1\u5c5e\u65b0\u6750\u6599", "\u94c1\u8def\u516c\u8def", "\u975e\u767d\u9152", "\u975e\u91d1\u5c5e\u6750\u6599\u2161", "\u98ce\u7535\u8bbe\u5907", "\u98df\u54c1\u52a0\u5de5", "\u996e\u6599\u4e73\u54c1", "\u9970\u54c1", "\u9972\u6599", "\u9ed1\u8272\u5bb6\u7535"]]
