tree
version=v4
num_class=1
num_tree_per_iteration=1
label_index=0
max_feature_idx=22
objective=binary sigmoid:1
feature_names=wr1 gap ret60 cmv ftr amount turn_d0 vr_d0 vr_prev pct_prev intraday amplitude seal_hard close_ret amt_rank_pct ind_boards streak_prev mkt_boards_n mkt_chain_n mkt_max_streak zha_rate promo_yd sw_l2
feature_infos=[0:1.0000000000000007] [-0.10465116279069764:0.10588235294117654] [-0.67999999999999994:5.0384615384615392] [36636.599999999999:193496882.99250001] [0.11749999999999999:147.02070000000001] [2925612:31598894525.549999] [0.039300000000000002:55.946300000000001] [0.029999999999999999:22.719999999999999] [0.23000000000000001:16.620000000000001] [-10.416666666666663:9.4972067039106101] [-0.0044800000000000178:0.20930232558139528] [0:0.20930232558139528] [0:1] [0.095008051529790638:0.10588235294117654] [0.0014513788098693759:1] [1:51] [0:14] [5:890] [0:314] [1:18] [0:0.80158730158730163] [0:0.85245901639344257] -1:69:116:5:90:30:86:54:1:0:115:31:15:72:49:13:45:113:64:32:37:28:23:89:43:83:107:99:14:2:80:48:7:88:20:46:108:52:42:75:105:17:35:95:18:44:53:114:103:106:34:51:104:125:60:84:67:96:61:79:120:36:22:33:117:26:82:74:10:9:50:98:77:124:63:93:123:94:112:59:119:39:19:111:87:91:110:47:57:55:58:40:127:70:85:126:68:76:128:66:25:56:78:3:109:122:6:100:121:8:29:81:92:73:27:101:38:118:102:65:4:11:62:16:12:71:41:21:24
tree_sizes=3416 3525 3523 3481 3504 3478 3497 3492 3503 3522 3523 3567 3583 3538 3536 3563 3547 3539 3534 3564 3530 3535 3569 3536 3561 3539 3585 3550 3563 3558 3603 3585 3569 3577 3550 3602 3588 3558 3564 3575 3571 3558 3555 3534 3597 3593 3614 3626 3579 3574

Tree=0
num_leaves=31
num_cat=1
split_feature=22 7 7 9 2 21 9 13 0 13 18 2 17 0 3 4 7 11 9 0 13 15 8 6 13 18 19 0 8 2
split_gain=10.3566 5.70843 5.1702 3.146 3.02321 3.17232 3.91615 2.59018 2.49065 2.37953 2.94875 2.25858 2.24085 2.19878 2.05959 2.00891 2.40343 1.95544 1.90778 1.88094 1.72715 1.72845 1.60543 1.59047 1.52626 1.52566 1.46893 1.43337 1.43336 1.37742
threshold=0 0.9850000000000001 0.58500000000000008 -5.2021176346199125 -0.28209439348842857 0.20238941829042814 -1.711665835394077 0.10046838664385062 0.25902617575720932 0.1000878928769109 14.500000000000002 -0.022528866895064 29.500000000000004 0.43033462977418596 1446613.8207500002 3.2946500000000003 0.92500000000000016 0.094359833354808173 1.3465094511626809 0.76737073581487025 0.10088107436733419 4.5000000000000009 0.65500000000000014 11.664900000000001 0.099977213163392378 10.500000000000002 6.5000000000000009 0.10091606170487132 1.0250000000000001 0.2392814671376963
decision_type=9 2 2 2 2 2 2 2 2 2 2 2 2 2 2 2 2 2 2 2 2 2 8 8 2 2 2 2 10 2
left_child=2 3 -1 28 5 6 -4 12 17 10 15 -10 -6 29 -12 -5 22 -9 -15 20 23 26 -17 -3 -24 -25 -22 -8 -2 -14
right_child=1 19 4 9 7 -7 27 8 11 -11 14 -13 13 18 -16 16 -18 -19 -20 -21 21 -23 24 25 -26 -27 -28 -29 -30 -31
leaf_value=-0.90861323344362477 -0.89396857645632044 -1.0591035086081328 -0.86758237094454849 -0.91088525254800978 -0.88970254776686708 -1.049011248612256 -1.0321380791364396 -0.8798602849782039 -0.84486322370956879 -1.0528246763235032 -1.0716629796559083 -0.98928746729755546 -1.0383334480798334 -1.022484144522583 -0.94745916446700285 -0.92363808282839766 -0.90244536532755848 -1.0455195618074613 -0.96736000235125985 -1.015045530760905 -1.0453192316860289 -0.85099744636476382 -1.0953818557676278 -1.0563549545059656 -0.9831892322253275 -0.9764737882768797 -0.90273584294936915 -0.92993143138017165 -0.99799423853945124 -0.99551133382775847
leaf_weight=1.4256880507474523 0.76646015707178328 37.37159347972819 1.1681062181854434 1.0131988389946585 0.33259762655710545 0.80633606294930471 0.85318087231181605 0.22075632815839619 0.61783459237294924 3.4963879005758622 1.6191496368778207 0.48181056637855046 11.826318247860735 3.2623611521766596 0.42044210122298453 0.30249297839894762 0.51109768777819176 0.92268389148235475 3.0249553653363237 3.2375757170995234 1.0530705432306839 0.16976013708043503 0.77961479954455892 1.2146191460865301 0.49599749913421298 1.1769156441915698 0.21803531587496316 0.573706878052617 0.583039901874991 2.2323703271420277
leaf_count=210 107 7903 145 116 619 211 72 87 105 599 309 402 1814 1172 47 76 56 167 1256 2838 291 52 113 520 83 833 121 59 110 276
internal_value=-1.02964 -1.04183 -1.00885 -1.00991 -1.00637 -0.962386 -0.935469 -1.0129 -0.961869 -1.021 -0.999361 -0.908143 -1.01844 -1.02054 -1.04606 -0.968661 -0.99668 -1.01354 -0.995963 -1.05174 -1.05463 -1.00085 -1.0272 -1.05657 -1.05176 -1.01704 -1.02086 -0.991044 -0.938912 -1.03153
internal_weight=82.1782 54.4295 27.7487 9.98788 26.323 3.40133 2.59499 22.9217 2.24309 8.63838 5.14199 1.09965 20.6786 20.346 2.03959 3.1024 2.0892 1.14344 6.28732 44.4416 41.204 1.44087 1.57811 39.7631 1.27561 2.39153 1.27111 1.42689 1.3495 14.0587
internal_count=20769 14174 6595 1616 6385 487 276 5898 761 1399 800 507 5137 4518 356 444 328 254 2428 12558 9720 464 272 9256 196 1353 412 131 217 2090
cat_boundaries=0 4
cat_threshold=2214731782 205848877 5275969 537406477
is_linear=0
shrinkage=1


Tree=1
num_leaves=31
num_cat=2
split_feature=22 7 7 2 9 20 3 1 9 22 13 4 0 8 3 5 17 2 10 2 8 5 6 4 14 13 13 0 11 21
split_gain=9.58073 4.96643 4.25833 2.7446 3.2077 2.65309 2.34373 2.14459 2.04617 2.81345 3.08258 2.53453 2.18193 1.91047 1.86846 1.74823 1.7271 1.72391 1.63686 2.87869 1.61339 1.58405 1.80229 2.99956 1.53989 1.51211 1.50031 1.55921 1.49324 1.53299
threshold=0 0.9850000000000001 0.58500000000000008 -0.28209439348842857 -1.7586217841088101 0.2184659090909091 248590.38255000001 0.0013367867083036169 -2.3504991016743855 1 0.1006472559698366 6.1626000000000003 0.0015915129145487189 0.71500000000000008 328943.36635000008 168238677.61000004 29.500000000000004 -0.41893116896806148 0.096330275229357859 -0.3233759427155653 0.93500000000000016 144658120.58000001 5.3194000000000008 4.1294000000000013 0.174039250331293 0.10020188434445333 0.10034722640849737 0.62634989633990801 0.11354659669856206 0.29128787878787882
decision_type=9 2 2 2 2 2 2 2 2 9 2 2 2 10 2 2 2 2 2 2 8 2 8 2 2 2 2 2 2 2
left_child=2 5 -1 4 -4 7 20 15 -3 10 21 -11 -13 -8 -9 -2 -15 -14 -6 -20 24 22 23 -10 -5 -25 27 28 29 -18
right_child=1 8 3 6 18 -7 13 14 9 11 -12 12 17 16 -16 -17 26 -19 19 -21 -22 -23 -24 25 -26 -27 -28 -29 -30 -31
leaf_value=0.10908626251638423 -0.067478308724096256 -0.039797302162007477 0.12019023529058065 -0.055573554933411401 -0.016998878292504575 -0.0061657616873442038 -0.025141439575158853 0.14556601759555432 -0.046273591077605071 -0.053156690659470429 0.1177577787090385 0.18251882921920493 0.075918864232071018 0.13026169461582121 0.047915458858992482 0.056682923148770138 0.0077670282306529686 -0.022276602072714907 -0.019461577110018086 0.15511838740054029 0.14137268580266535 -0.00070354693518834873 -0.056416023399964904 0.16302462318857125 0.11812489082424177 0.015180493732559834 0.055362330948883869 0.038823872857398967 -0.024435824777555099 0.088571086412723571
leaf_weight=1.4984457729090461 0.66333207345767697 11.114673401348879 1.4604055403666771 0.28809457301525471 1.1340456970238215 5.5464185061781253 2.9282181086385561 0.58518952361837318 0.34385599717314086 7.4118730184924031 0.68340344593906976 0.13527983923932829 0.46139842292379185 0.33813899478511444 3.0071834639318231 0.49512869659891223 8.112050870729254 14.28737293536161 0.45043689447066715 0.49629250958158033 0.61075543470070714 8.3483911495850993 0.29936130545037598 0.70095265653030459 0.22903537090801279 0.22959699613385476 2.1615755221072801 3.8488154902625764 3.6567430046142748 0.63275214293093007
leaf_count=207 65 2064 247 89 126 1095 861 138 106 1395 221 23 35 470 268 55 1054 5930 82 36 397 2398 95 210 196 71 678 1347 316 494
internal_value=-2.92708e-05 -0.0117695 0.019937 0.0224338 0.0633876 0.0173232 0.0160748 0.0447456 -0.0212494 -0.0149837 0.00774355 -0.0202052 -0.0173712 0.0124187 0.0638225 -0.0144115 0.0182846 -0.0192047 0.0235203 0.0720564 0.0863461 0.00797047 0.0539837 0.0799169 0.021357 0.126547 0.0162281 0.0110226 0.00239442 0.0136138
internal_weight=82.1592 54.3134 27.8458 26.3474 3.54118 10.2973 22.8062 4.75083 44.0162 32.9015 10.6056 22.2959 14.8841 21.6783 3.59237 1.15846 18.7501 14.7488 2.08078 0.946729 1.12789 9.92216 1.57377 1.27441 0.51713 0.93055 18.4119 16.2504 12.4015 8.7448
internal_count=20769 14169 6600 6393 491 1621 5902 526 12548 10484 3101 7383 5988 5220 406 120 4359 5965 244 118 682 2880 482 387 285 281 3889 3211 1864 1548
cat_boundaries=0 4 8
cat_threshold=2348949510 71631149 5243205 554183693 1644953728 2551744512 1040220160 1153909248
is_linear=0
shrinkage=0.05


Tree=2
num_leaves=31
num_cat=2
split_feature=22 7 7 9 2 21 9 13 18 3 8 9 22 4 13 2 11 11 3 4 7 2 13 6 8 21 13 13 9 9
split_gain=8.79851 4.65289 3.59619 2.45465 2.15609 2.77734 2.76727 2.0183 2.32527 1.98231 1.89999 1.867 2.53424 2.53945 2.11895 2.04188 1.8136 2.08766 1.79625 1.64335 2.27171 1.62894 1.79171 1.59674 1.55854 1.53639 1.4259 1.42561 1.42374 2.28814
threshold=0 0.9850000000000001 0.58500000000000008 -5.2021176346199125 -0.28209439348842857 0.20238941829042814 -1.711665835394077 0.1000878928769109 14.500000000000002 248590.38255000001 0.72500000000000009 -2.3504991016743855 1 6.8149000000000006 0.1006472559698366 -0.41893116896806148 0.067898581838777575 0.050557017664728414 1446613.8207500002 3.2946500000000003 0.92500000000000016 0.32155716403020079 0.10046838664385062 3.1609500000000006 1.0050000000000001 0.20766968880176431 0.09970781202644842 0.099977213163392378 -6.5192726992069732 -4.1019709784498142
decision_type=9 2 2 2 2 2 2 2 2 2 10 2 9 2 2 2 2 2 2 2 2 2 2 8 8 2 2 2 2 2
left_child=2 3 -1 -2 5 6 -4 8 19 26 -11 -3 14 -14 16 -15 17 -13 -10 -5 27 22 28 -8 -23 -24 -6 -21 -12 -30
right_child=1 11 4 7 9 -7 23 -9 18 10 21 12 13 15 -16 -17 -18 -19 -20 20 -22 24 25 -25 -26 -27 -28 -29 29 -31
leaf_value=0.098993119595303894 0.076721381916936671 -0.03878546054951356 0.13212681635741458 0.10199773646598874 -0.068151969213458549 -0.022364195441323273 0.099877853488694934 -0.022745163600304905 -0.040897509522570361 -0.024170436176841725 -0.044478738099790582 -0.013359409490299477 -0.052605796711355457 0.093952807400334917 0.098495324153611952 -0.02010202171717063 0.00015421529442725742 0.13591072143109312 0.073271237946814033 -0.038282105189811913 0.11412601194914909 0.007246516763597494 0.094164775144450749 -0.0071981678730978329 0.073840990664490694 -0.012633663436644238 0.099639729818173359 0.056595289611015065 0.071661360638127364 0.002765449938342894
leaf_weight=1.569698338284186 1.4554647815450508 10.824999518241929 1.3539588706669194 1.0915821689660687 0.14445008746121812 0.85471334576050306 0.55941172885945967 3.5202351623623143 1.5913898973070564 3.0975107999747555 1.3122128987676482 0.40981186807154857 8.0224601863138414 0.40628082898794815 0.65251636066668695 11.496580061334987 10.900119870115901 0.54673365982679611 0.43970949042160823 1.0353357657453521 0.56244511723490687 1.4404037283304907 1.0935020402085291 0.92202011650783045 2.252500903598079 0.48660955910408032 1.0255147971876364 0.64108630023133084 1.3529538964940631 11.030284870477795
leaf_count=212 212 2060 147 114 140 213 51 600 306 921 91 235 1558 30 260 5076 3032 230 45 159 56 278 157 86 465 333 546 115 156 2885
internal_value=-5.56755e-05 -0.0114648 0.0188216 0.0165331 0.021138 0.0566421 0.0804581 0.00667006 0.0259832 0.0154996 0.0121368 -0.0208054 -0.0148046 -0.0205499 0.00598791 -0.016209 0.00594713 0.0719591 -0.0161813 0.0516976 0.0271732 0.0180657 0.0108614 0.0332354 0.0478661 0.0612752 0.0789233 -0.00199972 0.00504493 0.0102928
internal_weight=82.0925 53.5968 28.4957 10.3372 26.926 3.6901 2.83539 8.88178 5.36155 23.2359 22.066 43.2595 32.4345 19.9253 12.5092 11.9029 11.8567 0.956546 2.0311 3.33045 2.23887 18.9685 15.2756 1.48143 3.6929 1.58011 1.16996 1.67642 13.6955 12.3832
internal_count=20769 14088 6681 1607 6469 497 284 1395 795 5972 5286 12481 10421 6664 3757 5106 3497 465 351 444 330 4365 3622 137 743 490 686 274 3132 3041
cat_boundaries=0 4 8
cat_threshold=2348949510 205848877 5243205 554183693 1644953760 2417526784 1050705920 1156006400
is_linear=0
shrinkage=0.05


Tree=3
num_leaves=31
num_cat=1
split_feature=22 7 7 9 2 9 0 0 13 19 13 18 9 6 4 8 3 13 8 17 2 6 6 20 4 9 7 15 15 3
split_gain=7.91054 4.38911 3.07694 2.23288 2.07874 2.30581 1.92797 1.83665 1.83014 2.3728 1.81943 2.24626 1.76969 1.68181 2.36795 1.77171 1.63885 1.59212 1.48337 1.60008 1.94386 1.3884 1.31347 1.31031 1.2534 1.74259 1.95598 1.23557 1.95778 1.41485
threshold=0 0.9850000000000001 0.58500000000000008 -5.2021176346199125 -0.28209439348842857 -0.46488472433408029 0.10091606170487132 0.77832330264176108 0.10067570652422043 5.5000000000000009 0.1000878928769109 14.500000000000002 2.4339697564849665 8.9111000000000029 11.916300000000001 1.1850000000000003 1446613.8207500002 0.1001771480574908 0.71500000000000008 38.500000000000007 -0.18220429787487344 11.664900000000001 3.5039500000000001 0.37938954675377712 3.2946500000000003 -3.2258064516129052 0.92500000000000016 9.5000000000000018 6.5000000000000009 11058562.517900003
decision_type=9 2 2 2 2 2 2 2 2 2 2 2 2 8 2 10 2 2 8 2 2 8 8 2 2 2 2 2 2 2
left_child=2 3 -1 -2 5 -4 -7 8 21 -10 11 24 -11 18 -15 23 -13 -17 -6 20 -20 -3 -22 -16 -5 -26 -27 28 29 -21
right_child=1 7 4 10 13 6 -8 -9 9 12 -12 16 -14 14 15 17 -18 -19 19 27 22 -23 -24 -25 25 26 -28 -29 -30 -31
leaf_value=0.090524839388432449 0.073219062028941045 -0.028275685220034263 0.089342290059520379 0.093087423435394084 -0.026677962168540764 -0.04917832259113071 0.060215999753266941 0.017565569950033545 -0.013905722961288414 0.12978448430923076 -0.021674182784524747 -0.040167312838882224 -0.065475251013902835 0.15395995936430465 -0.0051666472089684804 0.041523440378003137 0.067312122420992382 0.14841894426741348 0.18536307949630323 0.0028875111700057744 0.1317442316646574 0.011627369291117379 -0.017427091100085345 0.095022241155259632 -0.049729071684934317 0.021363532963101221 0.14652677957827079 -0.044045875015394677 0.072547238857534335 0.081027422421840106
leaf_weight=1.6253684520131226 1.4737582950701131 34.896135130956459 2.0837919859360028 1.1350591125014577 2.7766429483948905 0.74668000804045154 0.8744504868050359 2.9975614197240921 1.7036975756101562 0.61019746817251086 3.4354906914419479 1.588318217630621 0.14329090760404462 0.41106407078226403 2.8180704441945146 1.4334717014802112 0.45664185527822709 0.46015413869040078 0.28349984660011462 11.59399757664295 0.21556949167065323 2.3251895207575748 0.46779652671686323 0.36908466434849563 0.53853625447570852 1.1923350228202898 0.42283362091935472 1.0254806333843962 1.2477203261351419 0.60976694257884112
leaf_count=212 213 7691 305 114 719 88 103 2717 363 296 598 308 54 101 740 499 48 183 103 2306 214 1324 432 182 71 217 38 294 174 62
internal_value=-7.79687e-05 -0.0110334 0.0176171 0.0162738 0.0197205 0.0545507 0.00982983 -0.0201729 -0.0230239 0.0187698 0.00670361 0.0249819 0.0926519 0.0142785 0.0385329 0.0291942 -0.016167 0.0674992 0.00696793 0.0130171 0.0752929 -0.025783 0.0296294 0.00643561 0.0505685 0.0281599 0.0541299 0.00885794 0.0128911 0.00679181
internal_weight=81.9617 52.919 29.0426 10.243 27.4172 3.70492 1.62113 42.6761 39.6785 2.45719 8.76921 5.33372 0.753488 23.7123 5.49185 5.08078 2.04496 1.89363 18.2205 15.4438 0.966866 37.2213 0.683366 3.18716 3.28876 2.1537 1.61517 14.477 13.4515 12.2038
internal_count=20769 14052 6717 1607 6505 496 191 12445 9728 713 1394 796 350 6009 1705 1604 356 682 4304 3585 749 9015 646 922 440 326 255 2836 2542 2368
cat_boundaries=0 4
cat_threshold=2348949510 71631149 5275973 554183693
is_linear=0
shrinkage=0.05


Tree=4
num_leaves=31
num_cat=2
split_feature=22 7 7 20 3 9 22 4 6 2 1 3 5 17 0 21 17 7 11 13 13 2 8 8 2 4 2 2 20 21
split_gain=7.15748 3.7909 2.6725 2.00253 1.71603 1.68785 2.42313 2.08738 1.88054 1.78039 1.58987 2.03555 1.61687 1.53124 1.49741 1.45234 1.44519 1.56364 1.42533 1.39015 2.20156 1.38933 1.2977 1.90181 1.67919 1.65714 1.56931 2.19727 1.70507 1.52539
threshold=0 0.9850000000000001 0.65500000000000014 0.2184659090909091 194236.14945000003 -2.4028033373827804 1 6.971350000000001 1.9949500000000002 -0.4359122999964522 0.0013367867083036169 259375.93145000003 213206226.44000003 30.500000000000004 0.045655835532195654 0.19604037267080748 91.500000000000014 1.2650000000000003 0.13475317636253345 0.10017006851910239 0.099999261349367 -0.18562601820925942 1.2150000000000001 2.1550000000000007 -0.45339264834843612 4.1294000000000013 -0.20685054404085471 0.02914107485062745 0.19890109890109894 0.16247642991829042
decision_type=9 2 2 2 2 2 9 2 10 2 2 2 2 2 2 2 2 2 2 2 2 2 8 10 2 2 2 2 2 2
left_child=2 3 -1 10 14 -3 9 -8 -9 -7 12 -12 -2 21 -4 -10 18 -18 -11 20 -13 -6 24 25 -15 -24 28 -28 -27 -30
right_child=1 5 4 -5 13 6 7 8 15 16 11 19 -14 22 -16 -17 17 -19 -20 -21 -22 -23 23 -25 -26 26 27 -29 29 -31
leaf_value=0.077674323570898818 -0.066193832652245807 -0.036848543599466627 -0.068053877812441876 -0.0062097411952363232 0.15479277915805378 0.11912535927681341 -0.050238844225513404 0.15461197153003134 -0.029999902677054036 0.014618741298502486 0.15331308866581836 0.017838719781030882 0.053527385072907607 0.11603991342034042 0.14214173712831238 0.011763386294788219 0.043358903357538822 -0.030692604130009217 0.12745895236735846 -0.012879648987065501 0.11364446596627567 0.03083724750310049 0.12866787970554772 -0.028583082707107094 0.0047893964647626706 0.13976415264993314 -0.020930263806177504 0.052475665751142125 0.10266837619514674 -0.021130271992066997
leaf_weight=2.0492480660838046 0.64692844816826545 10.187253094649753 0.1034421088553264 5.522467717982579 0.36858323541830684 0.36040679983311896 7.790912405821417 0.15863401669741151 7.7771968315354281 8.541246127671295 0.44761480844317514 1.3797652936343319 0.49996703856211855 0.34587150501162511 0.46837541729949655 2.8425576450858889 0.8842463904582808 3.6780966775396706 0.28933077852957723 0.9119111001026744 1.0605392719070568 0.58458018345497309 0.51299537177985577 1.1051547639674568 17.542508232178623 0.64188286208193157 1.9068817224561541 2.1905156591631374 0.45793644406311296 0.54489524118948884
leaf_count=276 72 2013 96 1095 118 23 1573 81 1355 3252 99 111 48 15 368 3408 94 666 57 98 98 637 174 391 3162 42 461 754 73 59
internal_value=-9.46513e-05 -0.0104853 0.01681 0.0144867 0.01843 -0.0191019 -0.0135086 -0.019838 -0.0162687 0.00547811 0.0375919 0.0531649 -0.0140037 0.01656 0.104117 -0.0188212 0.00651013 -0.0163404 0.0183159 0.0397924 0.0594752 0.0787702 0.0142115 0.0318832 0.00694042 0.0425664 0.0348741 0.0183134 0.0761312 0.0354016
internal_weight=81.8019 52.9791 28.8229 10.4692 26.7736 42.5099 32.3226 18.5693 10.7784 13.7533 4.94673 3.79983 1.1469 26.2018 0.571818 10.6198 13.3929 4.56234 8.83058 3.35222 2.4403 0.953163 25.2486 7.36026 17.8884 6.25511 5.74211 4.0974 1.64471 1.00283
internal_count=20769 14143 6626 1621 6350 12522 10509 6417 4844 4092 526 406 120 5886 464 4763 4069 760 3309 307 209 755 5131 1954 3177 1563 1389 1215 174 132
cat_boundaries=0 4 8
cat_threshold=2348949510 71631149 5243205 558377997 1644953760 2551875584 1042317312 1149719040
is_linear=0
shrinkage=0.05


Tree=5
num_leaves=31
num_cat=1
split_feature=22 7 2 0 21 7 20 6 0 7 8 13 1 13 2 13 18 10 2 14 3 0 4 2 4 8 9 20 8 18
split_gain=6.47969 3.64733 2.08781 2.21318 2.19419 1.99805 1.70445 1.57073 1.5387 1.47854 1.44561 1.51506 1.56829 1.38844 1.82492 1.35418 1.42189 1.45266 1.44839 1.40392 1.30161 1.23767 1.31435 1.17287 1.62946 1.39977 1.30066 1.61461 1.24949 1.14501
threshold=0 0.9850000000000001 -0.20308429761305832 0.62634989633990801 0.19308213716108455 1.1450000000000002 0.20319867465273356 12.39315 0.12212229268929116 0.92500000000000016 3.7150000000000003 0.1006116265150382 0.012579581266005448 0.099850968703427814 -0.28209439348842857 0.10017006851910239 14.500000000000002 0.1062002189353257 0.057858672778945415 0.040915975765306124 211081.25835000005 0.65335470368215798 10.870800000000001 0.25331801646563284 3.8673000000000006 1.175 2.1678939692318826 0.15430402930402934 0.80500000000000016 27.500000000000004
decision_type=9 2 2 2 2 2 2 8 2 2 8 2 2 2 2 2 2 2 2 2 2 2 2 2 2 8 2 2 10 2
left_child=2 15 4 20 5 -1 -6 10 13 -5 11 21 -13 -7 -15 16 17 -2 -18 -17 -4 29 -23 24 25 28 27 -25 -22 -3
right_child=1 7 3 9 6 8 -8 -9 -10 -11 -12 12 -14 14 -16 19 18 -19 -20 -21 23 22 -24 26 -26 -27 -28 -29 -30 -31
leaf_value=0.11137349172048105 0.047470209322839997 -0.027636512887150702 0.090454399044968603 0.09542063012027148 0.040581959111822406 0.074274136872750293 -0.059395374674845285 0.019466079395012121 0.086296516066129883 0.028824043095022581 0.086029699147129227 0.034939152314538632 -0.044735931852585731 0.038864713788098332 -0.058765175022955342 0.071741685914537168 -0.037071740661399531 -0.046086839028092734 0.040706220001186115 -0.026383873431180222 0.091308054749170919 -0.029048201260204371 0.033495657432750722 0.09561677037962614 -0.014540352043801061 0.12244608533384015 0.11358405716704306 -0.0031497244061279546 -0.03517728040293211 0.037299538897914784
leaf_weight=1.4479035977828871 5.0066176467007582 34.147609846677902 0.42109512243607383 1.0491559274741913 0.96286565696597626 0.89231031137301342 0.76501659224316321 2.6836376640393942 1.4060568598992835 4.0533090561273717 0.31900571117721099 2.2313323706239174 0.85400326689374795 1.1774531874492677 0.80650669779298145 0.42063577478090497 1.4919208869716918 0.45239981500477267 0.99961450783013761 2.732222595677928 0.30289880130640234 1.5299693652983464 1.8626745547541168 0.5122951959326757 8.901708627370633 0.40743611763223009 0.39018723862665261 2.15218351200132 0.54939153718902001 0.69262752718282783
leaf_count=124 618 6776 237 194 123 70 307 1873 76 1712 161 747 353 94 42 58 213 65 244 529 55 1462 1492 25 2049 78 68 347 95 482
internal_value=-0.000110143 -0.0094798 0.0168855 0.0144263 0.0457052 0.0605976 -0.00368282 -0.0176102 0.0434297 0.0425175 -0.0199998 -0.0208185 0.0128855 0.0224744 -0.000823165 0.014436 0.0254319 0.0397169 -0.00586689 -0.0132925 0.00391577 -0.0235383 0.00529046 0.00115845 -0.00700826 0.0462163 0.0283253 0.01584 0.00977484 -0.0263456
internal_weight=81.622 55.4243 26.1978 18.7397 7.45811 5.73023 1.72788 44.3209 4.28233 5.10246 41.6372 41.3182 3.08534 2.87627 1.98396 11.1034 7.95055 5.45902 2.49154 3.15286 13.6372 38.2329 3.39264 13.2161 10.1614 1.25973 3.05467 2.66448 0.85229 34.8402
internal_count=20769 15073 5696 4860 836 406 430 13346 282 1906 11473 11312 1100 206 136 1727 1140 683 457 587 2954 10212 2954 2717 2277 228 440 372 150 7258
cat_boundaries=0 4
cat_threshold=2281840644 201654573 5243205 560475149
is_linear=0
shrinkage=0.05


Tree=6
num_leaves=31
num_cat=1
split_feature=22 7 2 20 0 20 21 13 11 14 1 21 17 7 4 8 21 7 3 17 7 2 9 4 6 8 5 14 13 6
split_gain=5.72684 3.44232 2.0512 1.98415 1.86795 1.83147 1.80027 1.63904 1.59695 1.51168 1.94948 1.60183 1.501 1.6049 1.39101 1.27922 1.32033 1.22798 1.4183 1.39058 1.38521 1.28356 1.22189 1.18462 1.14844 1.11765 1.11668 1.53717 1.16639 1.54031
threshold=0 0.9850000000000001 -0.28209439348842857 0.12764775588801661 0.77832330264176108 0.21483516483516488 0.20238941829042814 0.10088107436733419 0.108189542104365 0.76479125757705124 0.0014316399604837884 0.19538706256627789 131.00000000000003 0.58500000000000008 6.2138000000000009 0.72500000000000009 0.14424410540915397 1.8650000000000004 251315.96625000003 38.500000000000007 1.8050000000000004 -0.20685054404085471 -0.19235394235393996 10.201500000000001 12.235150000000003 3.4250000000000003 73199655.500000015 0.34634424980959638 0.10035971688469671 2.4861500000000003
decision_type=9 2 2 2 2 2 2 2 2 2 2 2 2 2 2 8 2 2 2 2 2 2 2 2 8 8 2 2 2 10
left_child=2 5 6 -4 7 9 22 24 -9 10 -2 -12 13 -5 -10 -15 -17 20 -19 21 -18 -20 -1 -6 25 -3 -7 28 29 -28
right_child=1 4 3 12 23 26 -8 8 14 -11 11 -13 -14 15 -16 16 17 18 19 -21 -22 -23 -24 -25 -26 -27 27 -29 -30 -31
leaf_value=0.094142366868910532 -0.036749825054745347 -0.024820038749420806 -0.032442728380973923 0.086553260030081777 -0.024786360675240756 -0.055093387334853472 -0.011721363483234994 -0.014241774748955117 -0.026358975861103667 0.11432442668473862 0.067468427687015303 -0.0023543409594096731 -0.03979702507608629 -0.011803612107985686 0.13329589500243333 0.051660202062464161 0.025438223022817504 0.11365219193089504 0.14893845587832699 -0.018511833145662477 0.12730132279993153 -0.0053599399135233657 0.027219615399929776 0.040126550741652139 0.013459825744369708 0.078162923650896998 0.10557708756714571 -0.019051443252469838 -0.03857873423268203 0.011059319009362115
leaf_weight=2.089458485294001 0.96019876932722725 36.369260113998877 1.948509038613859 0.95486139237123069 1.0306228413087035 0.9280979901385179 0.80252059781964069 0.86895012228526081 0.18995244318946036 0.55004220110864022 2.3786717572642346 1.2546922671764904 0.98922413887214489 2.6922888787573358 0.4841795786724129 3.6987354992066903 7.3485715740398749 0.25093568158848523 0.25325930393850682 4.0407476794581507 0.34962983170337381 0.28811467076641262 1.0126040502775038 2.2098828605112302 2.158051646868997 0.26538353797705028 0.80038306445461893 2.9223131847289583 0.41567485574075735 0.93409649204527045
leaf_count=154 109 8316 304 155 990 318 196 301 55 58 140 224 231 885 125 469 1321 253 36 1384 79 397 95 1878 1328 119 106 478 68 197
internal_value=-0.000121948 -0.00904648 0.0156745 0.0158098 -0.0170416 0.0140986 0.0550283 -0.0199758 0.0305601 0.0359918 0.0266121 0.0433569 0.0203156 0.0233072 0.0883094 0.0201157 0.0254106 0.0176627 -0.00209112 -0.00842969 0.0300645 0.0668221 0.0722968 0.0194814 -0.021986 -0.024074 -0.00466789 0.00455835 0.0366468 0.054675
internal_weight=81.4399 54.7205 26.7195 22.8149 43.5763 11.1442 3.90458 40.3358 1.54308 5.1436 4.59356 3.63336 20.8664 19.8771 0.674132 18.9223 16.23 12.5313 4.83306 4.58212 7.6982 0.541374 3.10206 3.24051 38.7927 36.6346 6.00057 5.07247 2.15015 1.73448
internal_count=20769 14810 5959 5514 13112 1698 445 10244 481 531 473 364 5210 4979 180 4824 3939 3470 2070 1817 1400 433 249 2868 9763 8435 1167 849 371 303
cat_boundaries=0 4
cat_threshold=2348818438 205848877 5275716 554183693
is_linear=0
shrinkage=0.05


Tree=7
num_leaves=31
num_cat=1
split_feature=22 7 13 13 0 7 8 2 13 2 21 18 5 2 13 14 14 13 7 0 9 20 9 9 5 20 18 8 19 7
split_gain=5.58099 3.25973 2.69086 1.51483 1.8582 1.49067 1.45469 1.35579 1.86203 1.30027 1.73392 1.2779 1.22022 1.19131 1.18927 2.35465 1.76699 1.35113 1.1786 1.31792 1.33862 1.13862 1.12651 1.10071 1.08384 1.04905 1.17001 1.02332 0.976511 0.952058
threshold=0 0.62500000000000011 0.10004077065895546 0.1006116265150382 0.65335470368215798 0.65500000000000014 1.2050000000000003 -0.45339264834843612 0.10012380097738029 -0.20308429761305832 0.19308213716108455 8.5000000000000018 503277086.50000006 -0.03275913111053546 0.099999261349367 0.73086684888715359 0.89312907904278471 0.10042826748835333 1.3650000000000004 0.023207966599553136 2.2071209359208037 0.1937129690585912 7.7318089213085264 6.1151454139592563 103502634.50000001 0.2184659090909091 14.500000000000002 0.68500000000000016 4.5000000000000009 1.9550000000000003
decision_type=9 2 2 2 2 2 8 2 2 2 2 2 2 2 2 2 2 2 2 2 2 2 2 2 2 2 2 8 2 2
left_child=5 2 25 4 7 -1 -4 8 -3 10 18 14 13 -5 -11 17 -17 -16 28 -20 -21 -12 23 27 -6 -2 -27 -13 -7 -29
right_child=1 3 6 12 24 9 -8 -9 -10 11 21 22 -14 -15 15 16 -18 -19 19 20 -22 -23 -24 -25 -26 26 -28 29 -30 -31
leaf_value=0.066757110944316841 0.090377538770784818 -0.021638173893207231 -0.046734186415275103 0.042149702685291675 0.1485083841703497 0.044360777225859335 0.06937296959914073 -0.021026294766324664 0.11724868407889047 -0.040549237360006193 0.027397989173420186 -0.020093827647136436 -0.034521438913305495 -0.046105829372539688 -0.046852784781855915 0.1208846846969137 -0.0026035356042880082 0.067695565322661397 -0.013383176096936983 0.085239966617709093 0.015037671181445198 -0.05723489869861477 0.13803222910811527 -0.052494285632904585 0.0086523207651794352 0.065689516432494835 -0.064910977906411094 0.035680512723896309 0.12558605928841624 0.0016545399306139713
leaf_weight=1.7211188529244399 1.5965736925461183 0.55849639920622995 1.1180702535661875 2.7664899576269666 0.14262121141446016 0.67895845844032277 0.35555776874689882 41.370545399522548 0.42494433142294563 1.9559602327026206 0.95168570101589389 1.3355963234583843 0.95136915906039332 0.44369066506878274 1.4566601650770801 0.63834236068814965 0.53036572290641015 0.31269017747698646 0.99045460993056922 1.520600497989538 1.2269351970684483 0.68235681424512373 0.19832359828796597 0.53113616945865949 4.8294530114036398 0.47412148746999216 0.26866974750489969 7.5421865628420948 0.81323681896523214 2.8261386018491867
leaf_count=238 87 100 161 546 230 21 80 8996 42 484 103 475 315 509 383 159 137 112 78 77 46 300 61 129 3872 117 64 1206 146 1495
internal_value=-0.000130917 -0.00881221 0.0342024 -0.0137092 -0.0162524 0.0157273 -0.0187198 -0.019647 0.0383748 0.0185979 0.0370152 0.0113019 0.0152125 0.0299516 -0.0103409 0.00976977 0.0648451 -0.0266091 0.0510615 0.036065 0.0538905 -0.0079437 0.0198209 0.0179048 0.012664 0.0675395 0.0184509 0.0210996 0.088628 0.0264059
internal_weight=81.2133 55.3006 3.81299 51.4876 47.3261 25.9127 1.47363 42.354 0.983441 24.1916 6.86423 17.3274 4.16155 3.21018 4.89402 2.93806 1.16871 1.76935 5.23019 3.73799 2.74754 1.63404 12.4334 12.2351 4.97207 2.33936 0.742791 11.7039 1.4922 10.3683
internal_count=20769 15119 509 14610 13240 5650 241 9138 142 5412 771 4641 1370 1055 1275 791 296 495 368 201 123 403 3366 3305 4102 268 181 3176 167 2701
cat_boundaries=0 4
cat_threshold=2348818564 201654572 5505349 560475149
is_linear=0
shrinkage=0.05


Tree=8
num_leaves=31
num_cat=1
split_feature=22 7 13 8 4 13 2 18 8 17 0 9 11 13 11 2 15 5 13 8 8 7 14 20 7 17 5 4 2 14
split_gain=5.06396 3.86947 1.75406 1.80442 1.55624 1.95742 1.3771 1.30783 1.17187 1.08187 1.46365 1.07961 3.28033 1.28919 1.0633 2.49413 2.109 1.58986 1.02838 1.031 1.43093 1.12683 1.53088 1.64275 1.37065 1.47114 1.60218 1.20756 1.23429 1.17666
threshold=0 0.62500000000000011 0.10004077065895546 1.0850000000000002 12.218450000000002 0.10088107436733419 0.041770007790719273 6.5000000000000009 5.0000000000000009 35.500000000000007 0.06536283975022654 -7.6923076923076925 0.12840229551392268 0.10007914524389384 0.11304347826086962 -0.31583538537984068 2.5000000000000004 103502634.50000001 0.097704014393600783 1.2150000000000001 2.1450000000000005 1.0150000000000003 0.57163591125855284 0.48112535612535617 1.7050000000000003 80.500000000000014 382099096.45500004 9.4278000000000031 -0.19945946872277251 0.30583900226757377
decision_type=9 2 2 8 2 2 2 2 8 2 2 2 2 2 2 2 2 2 2 8 10 2 2 2 2 2 2 2 2 2
left_child=18 2 -2 -4 5 8 -6 -8 9 10 -3 12 13 -11 -13 16 -16 -17 -1 21 -21 27 23 29 25 26 -24 28 -20 -23
right_child=1 4 3 -5 6 -7 7 -9 -10 11 -12 14 -14 -15 15 17 -18 -19 19 20 -22 22 24 -25 -26 -27 -28 -29 -30 -31
leaf_value=-0.064945953030201439 0.065989042971415585 0.10306034901282844 -0.047114394915988178 0.063432109785157328 -0.014796797774974176 0.032224651453178904 -0.04420932379693869 0.028464858781880625 0.091454689730087232 0.13060678204469817 -0.034059347733439757 -0.028243070193362141 -0.066142597225164176 -0.0036004955792609235 0.011289561148582164 0.053874478281375753 0.16269234259284684 -0.028534818683858817 0.05992767416774996 0.046067081734862361 -0.023221509554552489 -0.0062222149385528129 0.15317885240051562 0.12203993232000937 -0.037327185234693534 -0.021177949944239442 0.022053313518819478 0.076365327367472924 -0.0005115223660620865 0.038802338835412724
leaf_weight=0.34303208887895209 2.3147099825673352 0.40445684141648497 0.92289772285646821 0.61520161633946324 5.6914747541589561 1.8428932597860086 0.70355263813096058 5.1546529190076669 0.23219401104118631 0.54369364134869225 0.37511091181531642 29.199900972761416 0.62310707357631612 0.26672277029850799 0.62227086808586696 0.66293686136448204 0.36488416422999181 4.99464137063317 1.3114583996347362 6.4467232767302027 0.84251725929723864 2.621042304087585 0.26996961008746789 0.41156176715699277 2.592605221822935 1.9576158622625173 1.6992288511505702 1.3439201086815034 2.3736301469509593 3.2508627296394681
leaf_count=113 263 308 137 97 2137 553 382 2924 36 111 1012 5957 59 70 51 118 119 618 96 1696 425 755 53 46 903 153 323 151 295 808
internal_value=-0.000138918 -0.00834744 0.0384881 -0.00289853 -0.0134541 -0.0181085 0.00271932 0.0197369 -0.0205311 -0.0212143 0.0370814 -0.0224334 0.0201153 0.0864367 -0.024135 -0.00608253 0.0672529 -0.0188784 0.0151082 0.0222155 0.0380585 0.0157393 0.0078618 0.0254731 -0.00911211 0.00951636 0.0400301 0.0357938 0.0209977 0.0187047
internal_weight=80.9995 55.5353 3.85281 1.5381 51.6825 40.1328 11.5497 5.85821 38.2899 38.0577 0.779568 37.2782 1.43352 0.810416 35.8446 6.64473 0.987155 5.65758 25.4642 25.1211 7.28924 17.8319 12.8029 6.28347 6.51942 3.92681 1.9692 5.02901 3.68509 5.87191
internal_count=20769 14952 497 234 14455 9012 5443 3306 8459 8423 1320 7103 240 181 6863 906 170 736 5817 5704 2121 3583 3041 1609 1432 529 376 542 391 1563
cat_boundaries=0 4
cat_threshold=2281832486 201654572 5537860 558640141
is_linear=0
shrinkage=0.05


Tree=9
num_leaves=31
num_cat=2
split_feature=22 1 9 8 17 7 21 5 21 11 22 13 10 7 17 7 3 4 13 9 18 6 17 5 13 8 5 10 8 20
split_gain=4.71285 2.61781 1.58025 1.6505 1.55544 1.88098 1.89727 1.85867 1.57364 1.73953 1.49648 2.75935 1.86402 1.60419 1.62012 1.51727 1.46209 1.44403 1.5179 1.46296 1.96239 1.3838 1.32022 1.89122 1.29657 2.28018 1.26352 1.69534 1.24458 1.86704
threshold=0 0.099727395231088659 -0.46488472433408029 1.0150000000000003 30.500000000000004 1.8650000000000004 0.19264507422402163 129305505.25000001 0.19163509180996796 0.093366093366093458 1 0.099381821495445291 0.0809025126359042 1.0550000000000004 109.50000000000001 0.45500000000000007 326047.60645000002 11.986950000000002 0.10080972987149218 -5.5724071048783346 5.5000000000000009 3.6310500000000006 97.500000000000014 1464697281.0900004 0.10039447885219878 0.93500000000000016 105122996.69000001 0.087619047619047596 1.0950000000000004 0.21975609756097564
decision_type=9 2 2 8 2 2 2 2 2 2 9 2 2 2 2 2 2 2 2 2 2 8 2 2 2 8 2 2 8 2
left_child=4 10 -3 -4 -1 7 8 28 9 -7 11 21 15 14 16 -13 -14 18 19 20 -12 -2 -19 -24 -15 -26 -20 -28 29 -6
right_child=1 2 3 -5 5 6 -8 -9 -10 -11 17 12 13 24 -16 -17 -18 22 26 -21 -22 -23 23 -25 25 -27 27 -29 -30 -31
leaf_value=0.076779825485853631 -0.032885926041868831 0.10451297356413869 -0.052998733588047478 0.056406905110334471 0.076825528666432177 0.070155000240671991 -0.029612531426959934 0.016972402461387689 0.10611255699818695 -0.0078464795827199538 -0.063312624177907631 0.11532712057776114 -0.028431734512638435 -0.010263048197975286 -0.032002451280264313 -0.035484229223311646 0.076617676480197808 -0.012196666409351317 -0.065616786145887271 -0.033429644575909107 0.0391900001613859 0.11796410282890542 0.014841755889144893 0.16625301772923756 -0.020725286554665979 0.093135943408362953 -0.038034057344442006 0.10927969199773287 0.094660880897580402 -0.0078944638989500854
leaf_weight=1.105900106280951 0.19065721522417009 0.71510867797974254 0.56570918705849149 0.88249952428747747 1.3322466482490516 0.90423632097400863 3.7720647799158407 14.465600668038569 0.45654813153669227 3.4112316740063773 0.6624474547658582 0.17394102611638906 0.3965131103776377 7.4268853960490295 0.6083209247358331 4.0489558812651154 2.0117042974676549 6.251833840908767 0.26630222360586675 22.10054295574092 1.5820751409266283 0.75032921857951218 1.2125009345062414 0.24850608319523271 0.86028484196459887 0.89939132111543019 0.2968422468127051 0.57095780371824911 1.3481198581605509 1.2704708811367988
leaf_count=806 150 171 149 307 99 180 2169 1868 14 435 93 17 83 2195 75 1070 201 3278 98 5036 273 275 403 44 166 276 67 175 350 246
internal_value=-0.000148768 -0.00854236 0.0436992 0.0136701 0.0137596 0.0162781 -0.00311144 0.0252737 0.0178365 0.00849747 -0.0124673 0.00262113 -0.000639818 0.00926849 0.0409048 -0.0292723 0.0593213 -0.0162545 -0.0268895 -0.0295236 0.00893742 0.0873997 -0.00219647 0.0405956 -0.00111973 0.0374705 0.0296535 0.0588891 0.055668 0.035471
internal_weight=80.7887 52.7223 2.16332 1.44821 28.0664 26.9605 8.54408 18.4164 4.77202 4.31547 50.559 17.367 16.426 12.2031 3.01654 4.2229 2.40822 33.192 25.4792 24.3451 2.24452 0.940986 7.71284 1.46101 9.18656 1.75968 1.1341 0.8678 3.95084 2.60272
internal_count=20769 14602 627 456 6167 5361 2798 2563 629 615 13975 4508 4083 2996 359 1087 284 9467 5742 5402 366 425 3725 447 2637 442 340 242 695 345
cat_boundaries=0 4 8
cat_threshold=2348941318 71631145 72613956 560213133 574890144 2553447492 2818621443 1149833472
is_linear=0
shrinkage=0.05


Tree=10
num_leaves=31
num_cat=2
split_feature=22 7 22 9 21 13 7 10 2 14 17 10 2 2 2 1 11 11 20 4 13 13 6 2 9 3 0 2 14 8
split_gain=4.51724 2.8176 2.19361 1.71444 2.86542 1.70452 1.2854 1.28416 3.21231 1.22366 1.364 1.33722 1.28017 1.19976 1.16092 1.28111 1.12586 1.80879 1.11985 1.10714 1.34966 1.09332 1.7862 1.2123 1.06755 1.056 1.0546 1.05186 1.23586 1.3752
threshold=0 0.58500000000000008 1 -2.6896799851443771 0.11602982292637466 0.10080972987149218 1.1150000000000004 0.074729185405341972 -0.33731075784674835 0.52387863708618443 38.500000000000007 0.12450613987177443 -0.31583538537984068 -0.09831196581196576 -0.28209439348842857 0.022857830762242574 0.11533261878538532 0.10728075836086039 0.12764775588801661 6.8149000000000006 0.099999999999999992 0.099763171399966835 5.4407000000000005 -0.1382733645205094 -5.3840856703407258 497704.69545000006 0.62634989633990801 -0.41893116896806148 0.26209992193598758 1.4650000000000001
decision_type=9 2 9 2 2 2 2 2 2 2 2 2 2 2 2 2 2 2 2 2 2 2 10 2 2 2 2 2 2 8
left_child=5 -2 6 18 14 7 16 8 -1 10 -8 -11 -12 -10 -5 19 17 -3 -4 -16 -21 22 -14 -23 -15 -7 27 -6 29 -29
right_child=1 2 3 4 26 25 9 -9 13 11 12 -13 21 24 15 -17 -18 -19 -20 20 -22 23 -24 -25 -26 -27 -28 28 -30 -31
leaf_value=0.14972165726277201 0.051322416767521799 0.037694275361326524 -0.064913065400701381 0.11696022847224093 0.051929023977406258 -0.021022402730706109 0.09522912229697271 -0.033032429802786964 -0.039935312771290365 -0.0022722656476340999 0.079645054509835916 0.098639708332947149 0.10147021610752333 0.096039181092729867 0.11885508262842417 -0.042081290572122197 0.0034180970448330372 0.11773448067694442 -0.015873795645387021 -0.022557372000750191 0.068799549217815156 -0.028342488476339741 -0.028973220032036937 0.025179975323954065 -0.0032079494873528585 0.083007967408306474 0.020782739307545661 0.0010051474114319929 -0.018642485602217162 0.084171394491156251
leaf_weight=0.32278376096970385 3.5527552131014906 2.9727264155203517 1.4034409052258814 0.49955046380453705 0.69479999977705631 0.41566341911436033 0.71808092933933299 16.049938880315928 2.089284663084209 8.1955455542680156 0.84880457905583018 0.34198940704131864 0.7639291202547227 0.33922821547259907 0.45854413280376327 0.45875581485229888 1.3296277811577035 0.92563541351695766 6.8279051468205392 0.68789596322841029 0.98055581841741235 1.8635823174385922 0.39977436897150098 2.4474187576792201 1.3462067529438844 0.59047315990555826 3.624528302340134 4.9705256165692022 13.881315617705644 0.55229512359469435
leaf_count=46 442 468 30 30 64 188 389 4640 306 2155 92 43 183 38 52 91 96 65 1389 82 114 163 124 846 1011 126 2869 1016 3443 168
internal_value=-0.000158879 0.00697323 0.00540056 -0.00332614 0.001853 -0.0159449 0.014653 -0.0266543 -0.00167123 0.0144961 0.0299259 0.00176998 0.0225103 -0.0146171 0.0471809 0.0337 0.0431483 0.0566992 -0.024235 0.0500447 0.0311335 0.013652 0.0566582 0.002043 0.0167676 0.0400301 -0.00404202 -0.00851878 -0.0106832 0.00932197
internal_weight=80.5536 59.4 55.8472 35.0401 26.8088 21.1536 20.8071 20.1474 4.0975 15.5791 7.04159 8.53753 6.32351 3.77472 3.0853 2.58575 5.22799 3.89836 8.23135 2.127 1.66845 5.4747 1.1637 4.311 1.68543 1.00614 23.7235 20.0989 19.4041 5.52282
internal_count=20769 14414 13972 9348 7929 6355 4624 6041 1401 3995 1797 2198 1408 1355 369 339 629 533 1419 248 196 1316 307 1009 1049 314 7560 4691 4627 1184
cat_boundaries=0 5 9
cat_threshold=276874825 570448002 1133063208 402784768 1 2348941440 67436840 5537861 560800908
is_linear=0
shrinkage=0.05


Tree=11
num_leaves=31
num_cat=3
split_feature=22 7 22 4 13 5 2 0 7 13 17 0 16 6 11 0 8 2 13 18 9 11 2 5 1 8 7 22 3 2
split_gain=4.12131 2.28265 2.08926 1.63445 1.56246 1.40086 1.6874 1.64806 1.3968 1.38815 1.30706 1.40886 1.52224 1.1758 1.95588 1.16579 1.16556 1.40288 1.13189 1.30052 1.05058 1.04936 1.03363 1.27941 1.70799 1.25718 1.10655 1.01591 1.25592 1.00926
threshold=0 0.65500000000000014 1 22.466400000000004 0.10080972987149218 409630532.62500006 0.084445235130166565 0.17942378671010634 3.0950000000000002 0.099999999999999992 107.50000000000001 0.019451442280883389 2.5000000000000004 10.833600000000002 0.099483089210245179 0.21292709175114929 0.85500000000000009 -0.45339264834843612 0.09956941702123713 13.500000000000002 -3.1493039176554602 0.091275506232506534 -0.22692880036630028 105122996.69000001 -1.0000000180025095e-35 0.95500000000000007 0.75500000000000012 2 308957.74180000002 -0.12981769492223713
decision_type=9 2 9 2 2 2 2 2 2 2 2 2 2 8 2 2 8 2 2 2 2 2 2 2 2 8 2 9 2 2
left_child=4 -2 5 16 13 6 8 -7 10 -9 11 -3 -13 -1 21 -11 -4 -18 19 -19 -12 -15 25 24 -24 -20 -25 28 -28 -29
right_child=1 2 3 -5 -6 7 -8 9 -10 15 20 12 -14 14 -16 -17 17 18 22 -21 -22 -23 23 26 -26 -27 27 29 -30 -31
leaf_value=-0.02980896620259792 0.039970755316316255 0.011331349197584023 -0.019187890066715372 0.056042217392613218 0.037560417545242065 -0.01756993733363171 -0.030276381493351802 -0.0021760215990098289 -0.011211093861490809 0.16424171760822517 0.089462274093094429 0.074631568722153471 -0.025243362333596697 0.027074290864805457 -0.02370162885429461 0.037997159613731443 0.09436939033094334 -0.0058058743966803508 0.01902425609292659 0.088026459575630822 -0.025352761365256805 0.16225116468915318 0.12628808288748097 0.079664570226374173 0.010496608324707925 -0.03687671316212706 -0.052870029458675354 -0.059515575839394944 0.037300442876904122 -0.014659045682813948
leaf_weight=17.90149753602282 5.0197917182770189 1.4192236107819125 11.99851045629199 1.0699268724678237 1.0181654782188463 3.985733092110638 0.93598777444626513 2.8391377779423959 1.1584259411474356 0.19398105134737154 0.25303582274629277 5.1137862248949908 0.4122698391028824 0.31728179594193351 1.194497178238199 3.1915898162044427 0.38930009039444868 0.74441792943972707 1.3329942618727622 0.73277761664157293 0.93711766763965532 0.26222507363569192 0.46140961437739147 0.3946671128744822 1.0280423075010856 4.0971704865302483 0.42996979935963509 1.5789301567638743 3.7904527228343587 6.0932733733279445
leaf_count=4978 592 108 2689 804 319 448 684 758 500 34 140 786 99 228 724 935 78 329 76 470 174 152 113 40 394 504 187 261 1107 2058
internal_value=-0.000165938 0.006598 0.0047376 -0.00369747 -0.0153959 0.0138567 0.0337129 0.00753386 0.0401573 0.023608 0.0474717 0.055768 0.0671804 -0.0259612 0.0128664 0.0452305 -0.00674815 0.000334635 -0.00143521 0.0407406 -0.000942198 0.0882414 -0.00467894 0.00260316 0.0463671 -0.0231542 -0.00270185 -0.00543526 0.00834385 -0.0103718
internal_weight=80.2956 59.6019 54.5821 34.1418 20.6937 20.4403 10.2298 10.2104 9.29386 6.22471 8.13543 6.94528 5.52606 19.6755 1.774 3.38557 33.0719 21.0734 20.6841 1.4772 1.19015 0.579507 19.2069 13.7767 1.48945 5.43016 12.2873 11.8926 4.22042 7.6722
internal_count=20769 14368 13776 9110 6401 4666 2491 2175 1807 1727 1307 993 885 6082 1104 969 8306 5617 5539 799 314 380 4740 4160 507 580 3653 3613 1294 2319
cat_boundaries=0 5 9 13
cat_threshold=276874825 838883458 1124674600 402784768 1 2348941442 201654632 542146628 558703629 571998212 4726784 201605376 2155874560
is_linear=0
shrinkage=0.05


Tree=12
num_leaves=31
num_cat=3
split_feature=22 7 22 9 2 4 7 22 0 21 13 20 8 2 8 0 9 14 13 21 5 6 10 2 8 4 3 6 20 3
split_gain=3.75704 2.63327 2.10323 1.67667 2.08537 1.40009 1.32554 1.25149 1.69085 1.2514 1.3418 1.15796 1.96359 2.94216 1.51973 1.47966 1.35099 2.74584 1.10935 1.10407 0.960661 0.94377 0.909284 1.46911 1.10045 0.919229 0.999871 1.86667 0.896303 0.95997
threshold=0 0.58500000000000008 1 -2.3504991016743855 -0.41893116896806148 22.466400000000004 1.1150000000000004 2 0.002372310941781133 0.11602982292637466 0.09995206108603473 0.36700680272108849 1.1950000000000001 -0.19945946872277251 0.83500000000000008 0.0032121978866069324 -1.8013748345501899 0.82697505197505206 0.10069687257187256 0.20722186076772939 4876653967.4750013 9.2752000000000034 0.074729185405341972 -0.33731075784674835 0.54500000000000015 7.0870500000000005 262600.70430000004 2.6313500000000007 0.16736694677871153 322675.09730000008
decision_type=9 2 9 2 2 2 2 9 2 2 2 2 8 2 10 2 2 2 2 2 2 10 2 2 10 2 2 8 2 2
left_child=18 28 6 -4 -5 7 20 9 -9 10 -6 12 15 -14 -13 -8 17 -17 22 -20 -3 -16 23 -1 -25 26 27 -24 -2 -30
right_child=1 2 3 4 5 -7 11 8 -10 -11 -12 14 13 -15 21 16 -18 -19 19 -21 -22 -23 25 24 -26 -27 -28 -29 29 -31
leaf_value=0.098421669420600849 0.10472031588003949 0.050089309786408159 -0.02206925279977753 0.081515618703675061 -0.0095599346841384152 0.057754303512773691 -0.06694865869032085 0.12821551012829266 -0.023097745298406823 0.0053741661693626442 0.085340634019097056 0.05318132832025127 0.10004302697152759 0.016018871118649618 -0.056749603000667663 0.0776757708090242 -0.0029535272506531719 -0.036024010986426033 -0.0060727299983175413 0.10377399180829648 -0.018113888600228195 0.039174578181021741 0.16050791363170896 0.11239304061799588 -0.020506985610227929 -0.020955064998410163 -0.052227650930012852 -0.056222382613090316 -0.034351494594677998 0.047925298946204911
leaf_weight=0.31488011998901644 0.58329922663297429 4.5388269458774522 9.9954567648076118 0.79855542553216707 0.57489679914354419 0.99145512133497149 0.66363854657141974 0.1878745812404955 10.675745985077103 12.472834518708444 1.0578053969813275 0.56128060877802211 1.5974998238051732 2.9951851256711475 1.5390188988316262 1.6752480938313681 5.5258827738356793 0.77741852735049422 0.83295722592754806 0.31535421820690057 0.58256623519264383 0.30768240546447323 0.16224332420176954 0.16336640628271704 3.3457921596512485 7.6377438661525288 5.8029215795498121 0.25628988781938744 0.40759398952630599 2.7227343102055936
leaf_count=41 22 616 1735 70 61 744 42 17 3463 3503 105 212 251 1146 331 275 1525 117 132 256 24 168 61 63 1159 3163 897 131 123 316
internal_value=-0.000173757 0.00602493 0.00437424 -0.00361301 0.00193082 -0.000517227 0.0136693 -0.00283103 -0.0106644 0.00629768 0.0519248 0.013024 0.0188266 0.0452455 -0.0188688 0.00478697 0.0107538 0.0416365 -0.015368 0.0240938 0.0423311 -0.0407675 -0.0266213 -0.00503652 -0.0143199 -0.0325769 -0.0468445 0.0277926 0.0478157 0.0372122
internal_weight=80.064 61.2325 57.5189 36.7546 26.7592 25.9606 20.7642 24.9692 10.8636 14.1055 1.6327 15.6429 13.2349 4.59268 2.40798 8.64219 7.97855 2.45267 18.8315 1.14831 5.12139 1.8467 17.6832 3.82404 3.50916 13.8592 6.22145 0.418533 3.71363 3.13033
internal_count=20769 14866 14405 9698 7963 7893 4707 7149 3480 3669 166 4067 3356 1397 711 1959 1917 392 5903 388 640 499 5515 1263 1222 4252 1089 192 461 439
cat_boundaries=0 5 9 13
cat_threshold=276874825 838883458 1099508776 402653696 1 2348941440 201654632 542376005 558703757 1611399204 2149221376 2650833152 1149372416
is_linear=0
shrinkage=0.05


Tree=13
num_leaves=31
num_cat=2
split_feature=22 7 22 13 5 0 2 0 7 10 2 2 6 18 3 3 8 8 9 13 8 0 2 14 1 2 14 6 2 6
split_gain=3.49351 1.81848 1.70612 1.47246 1.33209 1.54044 1.41123 1.30179 1.2659 1.18038 1.70573 1.36268 1.13998 1.09734 0.999154 0.987153 1.11976 0.972933 1.71127 1.26542 0.965277 1.22793 1.14408 1.06455 1.41248 1.25067 1.29542 1.21501 1.06721 0.943365
threshold=0 0.65500000000000014 1 0.10080972987149218 409630532.62500006 0.26274648409673512 0.084445235130166565 0.85306918320502056 3.0950000000000002 0.074729185405341972 -0.33731075784674835 -0.09831196581196576 4.4747500000000011 27.500000000000004 497704.69545000006 697218.76185000013 0.79500000000000015 1.175 -1.8013748345501899 0.1000878928769109 0.85500000000000009 0.002372310941781133 -0.45339264834843612 0.18227964928472545 0.016301379619880766 0.12093652833472669 0.74488944513975819 5.5270500000000009 0.1531378609160309 4.5926500000000017
decision_type=9 2 9 2 2 2 2 2 2 2 2 2 8 2 2 2 10 8 2 2 8 2 2 2 2 2 2 8 2 10
left_child=3 17 4 9 6 -6 8 20 -3 10 -1 -12 -11 29 -5 16 -10 18 19 -2 21 -4 -22 24 27 -25 -27 -24 -28 -14
right_child=1 2 7 14 5 -7 -8 -9 15 12 11 -13 13 -15 -16 -17 -18 -19 -20 -21 22 -23 23 25 -26 26 28 -29 -30 -31
leaf_value=0.095143849659665505 0.083557005171341348 0.042855797985555055 0.071140848851349622 -0.021837659205668478 -0.01540375835458959 0.023493153620050781 -0.027826312987627274 0.033949320304209669 0.11329939188171267 -0.045903343347076526 -0.04152078072401099 0.021437204797563208 0.080641049834148062 0.10759936188492641 0.079577527167770751 0.080539489386753427 -0.054835724008704768 0.078369972344994043 -0.012629269781893394 0.0084984324151390327 0.08263490470718543 -0.021263242644974839 0.05513217269107186 -0.014831073141760668 -0.034021897888771552 -0.011235775548421508 0.13523560870832638 -0.036970321030355517 0.031033643382398488 -0.024191550879691371
leaf_weight=0.4131737443457334 1.362346835212622 8.6184988356753021 0.37134028735330105 0.41871097564054283 4.7650448744183089 5.4643173973003067 0.94321932589850632 2.0825626670568047 0.11232761489239151 7.2853181763090822 1.8548720397075638 1.6015739322127853 0.22157408430634973 0.17018162589505426 0.57829630323097758 0.22998747354423132 0.83624654731783155 1.0457083702748065 1.7741092523084367 0.95527490052638775 0.40741289787680912 11.299860857289731 2.2652524889407499 12.761225604307265 0.8304840483020518 1.9367086879017059 0.2891117480670552 0.42530830454599478 1.6371795217709799 6.8167120386937405
leaf_count=47 94 1329 45 185 588 1557 702 1513 86 1541 301 1024 54 297 120 105 322 204 233 70 79 2644 415 3112 275 614 46 116 398 2653
internal_value=-0.000180065 0.00589772 0.00422933 -0.0146334 0.0123823 0.00537418 0.0305858 -0.00337859 0.0362095 -0.0254048 -0.000871281 -0.0123487 -0.0319549 -0.0178578 0.0369864 -0.0123935 -0.0349256 0.0353286 0.0243286 0.0526194 -0.00683949 -0.0183232 -0.000318248 -0.00199587 0.0229789 -0.00728559 0.0176405 0.0405731 0.046673 -0.0208913
internal_weight=79.7739 60.4135 55.2761 19.3604 20.9696 10.2294 10.7403 34.3064 9.79706 18.3634 3.86962 3.45645 14.4938 7.20847 0.997007 1.17856 0.948574 5.13744 4.09173 2.31762 32.2239 11.6712 20.5527 20.1453 3.52104 16.6242 3.863 2.69056 1.92629 7.03829
internal_count=20769 14547 13946 6222 4689 2145 2544 9257 1842 5917 1372 1325 4545 3004 305 513 408 601 397 164 7744 2689 5055 4976 806 4170 1058 531 444 2707
cat_boundaries=0 5 9
cat_threshold=276874825 838881410 1133063208 402784768 1 2348941442 201654632 5275716 560800781
is_linear=0
shrinkage=0.05


Tree=14
num_leaves=31
num_cat=2
split_feature=22 7 22 2 0 7 8 2 5 4 6 5 9 9 1 19 5 13 7 13 5 0 2 9 4 0 14 0 3 2
split_gain=3.28592 1.57024 1.34196 1.23513 1.43123 1.23229 1.17938 1.12599 1.69163 1.65768 1.00156 1.52109 1.1157 1.54421 0.970896 0.894132 2.0325 1.1747 1.40005 1.09546 1.30956 1.02002 1.0199 0.885829 0.871495 0.85864 0.853701 0.848696 0.85343 0.85082
threshold=0 0.39500000000000007 1 -0.10411334155547157 0.0099314617387497705 0.65500000000000014 0.59500000000000008 -0.21043128039801792 105122996.69000001 9.9314000000000018 2.1689000000000003 466071234.4600001 -5.5724071048783346 -2.2506010134247183 0.099911174290084573 6.5000000000000009 356515700.22500008 0.1000368461088459 1.5950000000000004 0.09962523057331997 114446336.78000002 0.89500759271927233 -0.25644304332450674 -0.80290505674442392 6.4901000000000009 0.73695493136443579 0.14327182251710555 0.62634989633990801 194236.14945000003 0.25331801646563284
decision_type=9 2 9 2 2 2 8 2 2 2 10 2 2 2 2 2 2 2 2 2 2 2 2 2 2 2 2 2 2 2
left_child=5 -2 6 4 10 23 -3 8 -7 -10 -4 12 -12 -14 -5 19 17 18 26 20 -8 -21 -22 -1 -19 -25 -17 28 -9 -30
right_child=1 2 3 14 -6 7 15 27 9 -11 11 -13 13 -15 -16 16 -18 24 -20 21 22 -23 -24 25 -26 -27 -28 -29 29 -31
leaf_value=0.089233447511088471 0.051659848622330133 -0.048868733256025629 -0.039709560495242893 -0.0090358211966322013 -0.035375423013660041 0.093983271916964664 0.11044537222536364 0.069727309559593983 0.0022869752842161343 0.061957687687184584 0.10812166504285825 -0.054557595979697442 -0.019013093080595744 0.089975639474574584 0.093535690907841598 -0.012849663881155715 -0.02786537627028652 0.050070275920036614 -0.039955314415781068 -0.0057915552175096347 0.092690122770394068 0.049706789186014316 -0.0035191281949953387 -0.053695381385775204 0.13904388623250374 0.068067318422942488 0.1191466273914891 0.026774044332604177 -0.0091870945589211002 0.023649532610533458
leaf_weight=0.99124315544843167 1.0855961040724427 1.0724602807318691 1.076436948871992 12.89780177508441 13.042847315828933 0.95411919861115446 0.44733063806286888 0.43233218927883577 3.5832268328096251 1.723853937483413 0.4508751685929212 0.55655906637672425 0.95563721301399762 0.49249053850220315 0.23490805685764193 0.18429371906982339 1.0489477749137677 0.56900919662944416 0.51321799339708229 17.39592288935777 0.3402049263061625 0.86929637697748674 1.4475335578761392 0.27030514572263448 0.53305026875848749 0.31179044702933184 0.36531007427730877 4.2776265436223442 8.8241427333601958 2.5406843189999284
leaf_count=83 189 413 130 6407 2277 270 137 177 281 133 127 58 97 56 196 57 912 155 378 2875 40 357 399 70 303 52 112 1652 2027 349
internal_value=-0.000184312 -0.00668158 -0.00906992 -0.0139566 -0.0277296 0.0124899 0.00172267 0.0147011 0.0326889 0.0216693 0.000504684 0.0181333 0.0394375 0.0180526 -0.0072011 0.00473708 0.029258 0.0569359 0.0194309 0.000892947 0.0339342 -0.00315022 0.0147894 0.0604833 0.0931055 0.0115249 0.0748855 0.00769481 0.000776723 -0.00184624
internal_weight=79.4891 55.5797 54.4941 29.7076 16.5748 23.9093 24.7866 22.336 6.2612 5.30708 3.532 2.45556 1.899 1.44813 13.1327 23.7141 3.21383 2.16488 1.06282 20.5003 2.23507 18.2652 1.78774 1.57334 1.10206 0.582096 0.549604 16.0748 11.7972 11.3648
internal_count=20769 15675 15486 9348 2745 5094 6138 4889 684 414 468 338 280 153 6603 5725 1917 1005 547 3808 576 3232 439 205 458 122 169 4205 2553 2376
cat_boundaries=0 4 8
cat_threshold=2348818436 67436909 542376005 566242445 1611268258 2289206272 2617294850 1143820560
is_linear=0
shrinkage=0.05


Tree=15
num_leaves=31
num_cat=2
split_feature=22 7 22 9 2 20 21 11 13 8 4 0 5 7 9 6 4 17 19 1 0 10 8 21 0 0 5 2 7 4
split_gain=2.97133 1.69625 1.57072 1.37198 1.74156 1.35861 1.25592 1.12923 1.0939 1.08032 1.20877 1.71244 1.46358 1.43027 1.06497 2.24919 1.03125 1.97952 1.58997 0.993733 1.05915 0.933579 1.20368 0.93275 0.906216 1.74363 1.92709 1.39482 1.35371 1.29943
threshold=0 0.58500000000000008 1 -2.3025942882057944 -0.41893116896806148 0.12764775588801661 0.11602982292637466 0.086129427847694062 0.10069687257187256 3.7150000000000003 4.3891500000000008 0.002372310941781133 46499445.125000007 2.6150000000000007 -7.6923076923076925 3.5358000000000005 4.7881000000000009 83.500000000000014 6.5000000000000009 0.0056645764001577179 0.24398567157850334 0.074729185405341972 0.6150000000000001 0.20722186076772939 0.029805789926059461 0.040855088283678613 105122996.69000001 0.041770007790719273 1.5450000000000002 10.319700000000003
decision_type=9 2 9 2 2 2 2 2 2 8 2 2 2 2 2 8 2 2 2 2 2 2 8 2 2 2 2 2 2 2
left_child=8 -2 -3 5 -5 -4 7 -6 21 10 12 -12 -8 16 15 -7 17 -13 24 20 -9 22 -1 -10 -18 -26 28 -28 -27 -29
right_child=1 2 3 4 6 14 9 19 23 -11 11 13 -14 -15 -16 -17 18 -19 -20 -21 -22 -23 -24 -25 25 26 27 29 -30 -31
leaf_value=0.085755946287878526 0.038155662288959752 0.011866305663523188 -0.062967264981859186 0.073933566095390715 -0.029228873528987998 0.15705072300091094 0.067391054444323736 -0.021090017764757746 -0.00381448074927225 0.099592555197254212 0.12401043675799724 -0.027853352536859052 -0.049486299627963873 -0.034137006013443237 -0.018496577375187184 -0.0061966579384230861 -0.043545215336092423 0.13072814231909743 0.04633589506968383 0.081793427323020487 0.075224826856172322 -0.032506717422667933 -0.012924599842971654 0.097538392473848101 0.093234860447708179 -0.0056062725327181793 -0.024974789133158374 -0.023561070231226437 0.11525810237220546 0.029356891559579202
leaf_weight=0.34197905050441479 3.8416532630686566 20.988235317705026 1.5183561132659154 0.81869043304239753 0.61612177756841457 0.27751361489231502 0.30137152794446009 0.74460022890958599 0.78801869177262429 0.24898314987900505 0.27058914480426111 0.36059747237632239 2.40824060695163 3.0510960145338784 7.708425107103694 0.88027019061913181 1.3812416230219131 0.43318666915375187 1.6817618304235988 1.083210700158421 0.46288193231668229 12.37305841882281 3.2065503115971605 0.31885664029861494 0.47349273143222603 0.40204564800357856 6.6950274549537898 1.8324218568787887 0.54667943141638575 3.161687248773148
leaf_count=88 469 4667 36 72 101 88 116 85 122 140 26 86 611 2655 1534 169 79 43 1574 76 102 4070 1127 249 31 80 769 494 105 905
internal_value=-0.000185795 0.00514641 0.00385506 -0.00301499 0.00212323 -0.0192649 -0.000124524 0.0308611 -0.0142897 -0.00399875 -0.00512019 -0.000931315 -0.0364868 -0.00262008 -0.0117807 0.0329327 0.00304707 0.0586883 0.000316387 0.0470234 0.0158318 -0.0260228 -0.00341455 0.0253822 -0.00502385 -0.000965737 -0.00449508 -0.0100575 0.0640388 0.00994041
internal_weight=79.2168 62.1884 58.3467 37.3585 26.9739 10.3846 26.1552 2.90681 17.0285 23.2484 22.9994 20.2898 2.70961 20.0192 8.86621 1.15778 16.9681 0.793784 16.1744 2.29069 1.20748 15.9216 3.54853 1.10688 14.4926 13.1114 12.6379 11.6891 0.948725 4.99411
internal_count=20769 15113 14644 9977 8150 1827 8078 364 5656 7714 7574 6847 727 6821 1791 257 4166 129 4037 263 187 5285 1215 371 2463 2384 2353 2168 185 1399
cat_boundaries=0 5 9
cat_threshold=276874825 838881410 1099508904 402653696 1 2348941312 67436904 542408773 560800909
is_linear=0
shrinkage=0.05


Tree=16
num_leaves=31
num_cat=2
split_feature=22 7 22 2 4 13 16 9 11 0 6 11 10 20 13 17 8 7 3 21 0 4 6 9 3 18 6 13 9 13
split_gain=2.83844 1.83265 1.52502 1.05032 1.07877 0.967298 0.961877 0.952735 1.58315 1.05803 1.19195 0.894073 1.51856 0.891403 0.85774 0.906915 1.18686 0.923234 0.97387 0.880232 1.15821 1.05496 0.986658 0.9964 0.947508 1.60122 1.07857 0.992918 1.02482 0.936157
threshold=0 0.58500000000000008 1 -0.45339264834843612 22.466400000000004 0.10003328904029286 5.5000000000000009 -5.2021176346199125 0.10728075836086039 0.61028506258204518 11.944850000000001 0.11331727176141268 0.093749999999999944 0.16736694677871153 0.098214285714285712 38.500000000000007 0.71500000000000008 3.0950000000000002 5770044.9246000005 0.10565476190476192 1.0000000180025095e-35 13.336600000000002 8.3020000000000014 -4.4784174110558945 348646.66750000004 16.500000000000004 2.3767 0.10007059676067277 -0.64542164596839136 0.099922540666150264
decision_type=9 2 9 2 2 2 2 2 2 2 8 2 2 2 2 2 8 2 2 2 2 2 10 2 2 2 10 2 2 2
left_child=7 13 14 5 6 -4 -5 8 -1 10 11 -9 -13 -2 -3 16 -16 18 19 -17 -21 22 23 -22 25 -25 27 -26 -29 -23
right_child=1 2 3 4 -6 -7 -8 9 -10 -11 -12 12 -14 -15 15 17 -18 -19 -20 20 21 29 -24 24 26 -27 -28 28 -30 -31
leaf_value=0.058563145941856867 0.093188764652191183 -0.064111522574413632 -0.002184659089306447 -0.006925589987745286 0.043489434148051696 0.12244504440157614 0.092088935790151261 -0.040504277685334447 -0.045363011185328726 0.0072400271941874461 0.050683688103262271 0.094446865062144669 -0.022936952623310004 0.028523117932933779 -0.056065553063660893 -0.01528377880925887 0.069935608525871745 -0.024195029376924866 -0.015556678032423863 -0.065937007030885841 0.086854492768783501 -0.030451716362630638 0.098519292085931159 0.087675678792175429 0.092354847565177867 -0.015440826015721318 0.0076317203429302552 0.080756798937404256 -0.049913572315011798 0.023309726381965507
leaf_weight=0.8789912424697458 0.63909105315441461 0.31663248317656112 0.30859439107005432 36.308309153512681 1.1233010108793369 0.31421089442249833 0.24694804661272129 10.426210955368274 0.62844287498028673 2.0150329184943052 0.42461597399241924 0.32578650968567147 1.785792142370056 3.2081058682568666 0.21408823070049343 1.3674741047618031 1.4711556582255969 1.350087525958872 1.8410284630524216 0.32869910757304666 0.80165130207643365 1.1685380739362199 0.62777510174477136 1.3738274302453057 0.83431726043094145 0.51858139281199411 4.7974377065317304 0.27066866506059739 0.33670472909183369 2.6372008914742899
leaf_count=211 23 127 65 9102 909 44 167 2552 148 1849 352 40 410 449 170 70 779 674 147 24 152 226 130 210 137 110 797 34 77 584
internal_value=-0.000116519 0.00503045 0.00364029 -0.0029412 -0.00477363 0.0606922 -0.0062567 -0.0140993 0.0152368 -0.0264656 -0.0317052 -0.0344955 -0.0048263 0.0392653 0.0117408 0.0188337 0.0539288 0.0155936 0.0187715 0.0229672 0.0267865 0.0290667 0.0379289 0.033671 0.0284278 0.0594184 0.019028 0.0569508 0.00831811 0.00680247
internal_weight=78.8893 62.4044 58.5572 38.3014 37.6786 0.622805 36.5553 16.4849 1.50743 14.9774 12.9624 12.5378 2.11158 3.8472 20.2559 19.9392 1.68524 18.254 16.9039 15.0629 13.6954 13.3667 9.56096 8.93319 8.13154 1.89241 6.23913 1.44169 0.607373 3.80574
internal_count=20769 15207 14735 10287 10178 109 9269 5562 359 5203 3354 3002 450 472 4448 4321 949 3372 2698 2551 2481 2457 1647 1517 1365 320 1045 248 111 810
cat_boundaries=0 5 9
cat_threshold=276842313 838883458 1099508904 402653696 1 2348941312 67436904 542408772 569189517
is_linear=0
shrinkage=0.05


Tree=17
num_leaves=31
num_cat=2
split_feature=22 7 0 8 7 22 13 21 8 11 18 4 3 17 17 11 11 15 15 11 13 4 1 2 9 7 20 20 5 15
split_gain=2.51881 1.30423 1.23736 1.09356 1.16378 1.46278 1.22196 1.38931 1.26474 1.22163 1.20281 0.89567 0.872437 0.828362 0.797575 0.791482 0.990068 0.788394 0.915593 0.782265 0.899081 0.825359 0.778778 0.748489 0.889552 1.60141 1.57559 1.51005 1.50211 1.05212
threshold=0 0.71500000000000008 0.79736491665968268 3.7150000000000003 0.9850000000000001 1 0.10054496317415053 0.19204425711275028 1.5950000000000004 0.11020956769804695 7.5000000000000009 4.1294000000000013 194236.14945000003 131.00000000000003 128.50000000000003 0.099687250888852996 0.096096331478052771 6.5000000000000009 2.5000000000000004 0.098081023454157798 0.10014749294622595 6.2138000000000009 0.025036708591742455 -0.47634589083675244 1.467441286646787 1.9150000000000003 0.21975609756097564 0.36700680272108849 3557298496.9350004 5.5000000000000009
decision_type=9 2 2 8 2 9 2 2 8 2 2 2 2 2 2 2 2 2 2 2 2 2 2 2 2 2 2 2 2 2
left_child=1 -1 3 4 5 9 11 8 -8 10 22 -6 -3 14 23 16 -7 18 -9 20 -12 -21 -2 -14 28 -26 -27 -28 29 -25
right_child=2 12 -4 -5 6 15 7 17 -10 -11 19 -13 13 -15 -16 -17 -18 -19 -20 21 -22 -23 -24 24 25 26 27 -29 -30 -31
leaf_value=0.054312067040338544 0.02845752341561579 0.075816738551598456 0.018688873240438393 0.079592677612133497 -0.044668168415574305 -0.022421310014011733 -0.025055653804014075 0.059087516663538654 0.077703398748756591 0.083553591472779729 0.046499028313694457 -0.014484597745636341 0.078723826120179793 -0.037124077433346385 0.084772529783182837 -0.053388956895534093 0.060062676566061082 0.13945201730924991 -0.064334004321234622 -0.06595562567793041 -0.021252227838026657 0.024535668337724699 0.10430284517242479 -0.0012207736221050819 0.044565074812004814 -0.045043596777645939 0.05481652507111754 -0.04187732825886363 -0.063081391568406059 0.035860523026758198
leaf_weight=1.9768766516030059 0.74124996918847408 0.52174272750810757 4.3171151965177321 0.34431599288358583 2.6596865056658308 3.2872040081754026 1.9437911284715814 0.85317683513665277 0.35395946661462896 1.0454554077628184 1.4733956259947771 32.379863907835372 0.40082271793211788 0.88014685577648677 0.37383273802697559 1.8451297618344429 0.40907594676592207 0.2312938638106502 0.18238945140830454 0.61075606201532973 0.73341542559834749 0.42895905363461184 0.62283392162785567 9.4510737236624021 4.0553465525880457 1.30482479002534 1.358058886331089 0.57461051447838896 0.83548619386486933 2.3983356475449531
leaf_count=273 72 391 3068 163 729 484 286 477 56 112 205 8875 15 539 12 221 45 70 148 55 115 65 71 2373 607 167 519 186 80 290
internal_value=-0.000120435 0.0108872 -0.00591128 -0.00920794 -0.00982189 0.00437 -0.0139384 0.013952 -0.00922602 0.0125559 0.0236898 -0.0167757 0.0119266 0.0103857 0.0124006 -0.00949996 -0.0132926 0.0559909 0.0373499 0.00713586 0.0239825 -0.0286213 0.0630881 0.011073 0.00971572 0.0236305 -0.00259246 0.026068 0.00171577 0.00628453
internal_weight=78.5942 24.1312 54.4631 50.146 49.8016 11.1975 38.6042 3.56461 2.29775 5.65607 4.61061 35.0396 22.1543 21.6325 20.7524 5.54141 3.69628 1.26686 1.03557 3.24653 2.20681 1.03972 1.36408 20.3786 19.9777 7.29284 3.23749 1.93267 12.6849 11.8494
internal_count=20769 5452 15317 12249 12086 1445 10641 1037 342 695 583 9604 5179 4788 4249 750 529 695 625 440 320 120 143 4237 4222 1479 872 705 2743 2663
cat_boundaries=0 4 8
cat_threshold=2348810246 71631149 542376004 566242445 1347682464 3286016 2181046305 3408144
is_linear=0
shrinkage=0.05


Tree=18
num_leaves=31
num_cat=2
split_feature=22 8 6 9 11 7 22 8 9 3 2 18 6 0 6 4 9 20 0 5 8 20 8 1 18 20 21 2 6 14
split_gain=2.40177 1.41714 1.20791 1.21963 1.73083 1.16604 1.55394 1.19017 2.03815 1.39442 1.3275 1.137 1.31982 0.989674 0.988382 2.32273 1.40803 1.23528 1.1665 1.10396 1.03657 1.08809 1.32488 0.8811 0.859602 0.902804 0.822874 0.959092 0.955604 1.5636
threshold=0 3.7150000000000003 12.39315 -5.2021176346199125 0.10728075836086039 0.9850000000000001 1 1.9750000000000003 1.467441286646787 5770044.9246000005 -0.4359122999964522 15.500000000000002 4.7730500000000005 0.61028506258204518 3.4404500000000007 4.647050000000001 1.9556487413093684 0.39036004645760752 0.019451442280883389 110887413.81500001 0.74500000000000011 0.20670914542728638 1.2250000000000003 0.015994670219853461 8.5000000000000018 0.1813852813852814 0.11857892763404575 -0.23016283277332636 4.4747500000000011 0.4816696231790572
decision_type=9 8 8 2 2 2 9 8 2 2 2 2 10 2 8 2 2 2 2 2 10 2 10 2 2 2 2 2 8 2
left_child=2 5 3 4 -1 -2 7 8 10 11 -7 24 -13 -5 17 -16 -17 19 -19 20 -8 22 -22 -14 -10 -26 -18 -28 29 -29
right_child=1 -3 -4 13 -6 6 14 -9 9 -11 -12 12 23 -15 15 16 26 18 -20 -21 21 -23 -24 -25 25 -27 27 28 -30 -31
leaf_value=0.061910328891811445 0.017630980269781701 0.089564178386097246 0.029141688679502415 -0.031776169944966563 -0.058920071079666042 0.086753710155700672 -0.062506116798652742 -0.038200754696787222 0.0073507254329036311 -0.04098162302578584 0.0033129894192194978 0.074337386164942412 -0.037889550173058339 0.0094691165565775667 0.12172105378598913 -0.013532393306406274 0.064945691620349161 0.093912809170193082 -0.021543140899170542 -0.04430327688525481 0.085828341352657295 -0.022436662947123542 -0.044928504916274453 0.063072474705749879 0.0066774430878308814 0.093196537346097272 -0.03119520552818611 0.14780270297960915 0.0093846218288039206 -0.0073195197793956808
leaf_weight=0.90526150339566003 13.816998796620096 0.49814582886167968 1.1787558027860097 13.466575565642932 0.44063460916107411 0.49541244811793994 0.58204125695760467 1.0284615682305389 0.4641844487936172 0.45047603019139959 12.600722553311545 0.69976599645371407 0.8659683694088347 1.6304923660804576 0.37155942804270736 12.934059606462455 0.76222939811300339 0.41547931376382202 0.46208570971003066 4.647836292162423 0.72300327645701146 1.0429360049018028 0.26463307854984675 0.28795468154381965 0.34943920944585416 2.1985110117078976 1.1302362030436692 0.35237795044170772 2.9057652109887586 0.30139311737299768
leaf_count=215 1686 262 860 3313 133 47 101 419 225 64 2895 218 224 1583 66 4175 97 23 191 1129 72 348 108 141 41 418 104 105 1386 120
internal_value=-0.000124092 0.0047887 -0.0126003 -0.0232558 0.0223515 0.00488274 0.00108137 0.00934022 0.0170685 0.0431781 0.00646946 0.0509695 0.0201596 -0.0273217 -0.00609496 -0.00204774 -0.00454895 -0.0229131 0.033119 -0.0296856 -0.00368081 0.0131808 0.0507926 -0.0126951 0.0699302 0.0813309 0.0167629 0.00893176 0.021673 0.0762903
internal_weight=78.2734 60.6517 17.6217 16.443 1.3459 60.1535 46.3365 19.4409 18.4124 5.3163 13.0961 4.86582 1.85369 15.0971 26.8956 18.7576 18.3861 8.13801 0.877565 7.26045 2.61261 2.03057 0.987636 1.15392 3.01213 2.54795 5.452 4.68977 3.55954 0.653771
internal_count=20769 14665 6104 5244 348 14403 12717 4692 4273 1331 2942 1267 583 4896 8025 6053 5987 1972 214 1758 629 528 180 365 684 459 1812 1715 1611 225
cat_boundaries=0 5 9
cat_threshold=276842313 855658626 1124609192 403702272 1 2348949510 201654536 608223300 1170760717
is_linear=0
shrinkage=0.05


Tree=19
num_leaves=31
num_cat=3
split_feature=22 7 22 4 6 13 6 6 6 4 3 14 14 6 4 9 21 5 14 22 4 21 17 18 14 13 5 4 1 0
split_gain=2.52334 1.41321 1.53609 1.24593 1.03294 1.43508 2.24422 1.18149 1.17095 1.09301 0.981968 1.20261 1.29032 0.94498 1.89559 1.4611 1.33714 1.21216 2.27515 1.11519 1.49286 1.29577 1.24722 1.09353 1.56819 1.18407 1.04414 1.01558 1.20961 0.9609
threshold=0 0.9850000000000001 1 9.073850000000002 4.2268000000000008 0.099999261349367 7.1528500000000008 5.3563000000000001 4.1300500000000007 12.638050000000002 604959.30330000015 0.38469050480769235 0.58102025506376609 3.5358000000000005 4.647050000000001 1.9556487413093684 0.1082709215239336 144658120.58000001 0.43509812582823254 2 9.5395000000000021 0.13680926916221037 97.500000000000014 19.500000000000004 0.67506345177664995 0.099490722214811936 1094322789.0150001 5.9494000000000007 -0.0015847860538827361 0.41184098325529445
decision_type=9 2 9 2 8 2 10 10 8 2 2 2 2 8 2 2 2 2 2 9 2 2 2 2 2 2 2 2 2 2
left_child=3 -2 4 -1 8 7 -7 -6 10 -8 -3 -12 -13 17 -15 19 -17 18 -4 20 21 -16 -22 -18 25 -25 27 -23 -29 -21
right_child=1 2 13 -5 5 6 9 -9 -10 -11 11 12 -14 14 15 16 23 -19 -20 29 22 26 -24 24 -26 -27 -28 28 -30 -31
leaf_value=-0.040993495165407151 0.018288165273126912 0.058545709401862558 -0.0089680409768388338 -0.0064269260514271051 0.048418095420546418 -0.0092959300399967013 0.088006103292845361 -0.027781114746365868 0.13712818456387174 0.029553361738681984 -0.032561341931132047 0.084122269331425983 0.0053668744029583557 0.10731029851047247 0.17279313593450757 0.080572344194570988 -0.00082342173538223369 -0.033353463245938984 0.12940552205112033 -0.028952792706831976 -0.018029656027671658 0.11413617087720616 0.07382039872794835 0.15470248017405089 0.11439930817944051 -0.03738230838367268 0.15021885221344583 0.074559962668721363 -0.038422030490555308 0.00451985713678036
leaf_weight=7.3424653273457796 14.961143841637336 1.8259985069107814 4.4883363396230758 4.0419410044492334 0.59899713344809358 3.2044820903211844 1.1615346322628464 3.3748951216837346 0.2639103849016261 2.5676779392543394 1.0112290540714548 0.79999142191247918 1.4864732529619791 0.39798552442227375 0.23717470205365732 0.73462690342547077 4.9879427449793567 6.1258046120990688 0.31811445340259403 10.603121281499762 1.7013121105726923 0.27891846454791913 0.47216508314253891 0.096845506456048613 0.54653005829466461 0.46759610000640273 0.20991360186224373 0.39120568961543989 0.6006096092939478 2.6875079736059542
leaf_count=1809 1992 442 1190 2103 172 667 238 911 49 780 215 182 351 63 45 88 1567 1396 121 2092 1095 59 173 111 341 374 28 86 258 1771
internal_value=-0.000130307 0.00413577 0.00083648 -0.0152901 0.0102301 0.00766081 0.0213908 -0.0162954 0.0344201 0.0477596 0.0291298 0.0128417 0.0329219 -0.00497966 -0.000917672 -0.00271123 0.0168446 -0.0186057 0.000190199 -0.0104889 0.00825141 0.0642916 0.0019238 0.0091685 0.0540294 -0.00442487 0.0469114 0.029846 0.00614191 -0.0126593
internal_weight=77.9865 66.602 51.6409 11.3844 16.2952 10.9076 6.93369 3.97389 5.3876 3.72921 5.12369 3.29769 2.28646 35.3457 24.4135 24.0155 6.83354 10.9323 4.80645 17.1819 3.8913 1.71782 2.17348 6.09891 1.11097 0.564442 1.48065 1.27073 0.991815 13.2906
internal_count=20769 16857 14865 3912 4007 2768 1685 1083 1239 1018 1190 748 533 10858 8151 8088 2481 2707 1311 5607 1744 476 1268 2393 826 485 431 403 344 3863
cat_boundaries=0 5 9 13
cat_threshold=276842313 855658626 1101540488 402653696 1 2348949508 201656584 675315780 1162372109 35127298 1049604 268779553 2684457104
is_linear=0
shrinkage=0.05


Tree=20
num_leaves=31
num_cat=2
split_feature=22 4 7 22 4 5 13 0 2 20 7 6 14 3 7 0 1 2 4 5 6 4 17 18 8 9 21 3 7 0
split_gain=2.19226 1.78463 1.41174 1.43947 1.38311 0.954711 1.66137 1.56608 1.48046 1.49152 1.04227 1.03102 1.43324 1.01495 0.971304 1.62971 1.16547 1.04602 1.01695 0.932991 0.928604 1.59137 1.15719 1.11858 1.10329 0.935363 1.27443 0.967863 0.927387 0.89826
threshold=0 9.199250000000001 0.9850000000000001 1 9.3102000000000018 510061927.22000009 0.099903938520653171 0.019451442280883389 -0.16160349463824916 0.32814141414141423 1.8450000000000004 6.6444500000000009 0.56011611030478969 361951.09935000009 1.6250000000000002 0.031948692203931942 -0.0073885126792049829 -0.082357667856214387 11.916300000000001 190337462.48000002 3.4404500000000007 4.647050000000001 35.500000000000007 20.500000000000004 1.1650000000000003 -6.2395851462394507 0.14017543859649126 282978.42130000005 1.2050000000000003 0.0010794052073113418
decision_type=9 2 2 9 2 2 2 2 2 2 2 8 2 2 2 2 2 2 2 2 8 2 2 2 8 2 2 2 2 2
left_child=1 -1 -2 5 -3 7 -7 10 9 11 19 12 13 -9 15 -8 18 -17 -16 -4 22 -22 -5 25 -25 -23 27 -27 -29 -6
right_child=2 4 3 20 29 6 14 8 -10 -11 -12 -13 -14 -15 16 17 -18 -19 -20 -21 21 23 -24 24 -26 26 -28 28 -30 -31
leaf_value=-0.038355349094684049 0.018226707261020998 0.1673729126189758 0.067336965874337157 0.092176621107627074 0.10740203967465463 -0.042237998696281892 0.10486463999341433 0.10482079609765681 0.01099923133782614 -0.0025241117864836168 -0.0534748627281314 0.026956632389757852 0.13489698915915371 0.022103422579839244 0.14448390965239319 -0.031160846774344421 -0.023812253952848375 0.0305459528475313 -0.0071843103640330296 -0.019276512122531366 0.094244368159268094 -0.047562052511777822 -0.023659716367964205 0.0016146768898269396 0.07492280939734304 -0.052441870062747975 -0.01253060959711467 0.093209081823294959 0.017330580196277593 -0.0084521580933588341
leaf_weight=8.2030996565679128 14.771393948010141 0.12100376292494175 0.52028365921367004 0.22095171942890424 0.17408541529396426 1.7560515827150309 0.5845161533958273 0.63040638343957189 3.9132436773655579 0.94898871069327739 0.94652184673575446 1.0631470903961724 0.9284838696668708 0.90068240078292905 0.20902798857416943 0.91998524174281859 2.4421470828234582 2.7092654249239683 0.23452908551991264 0.77264823202094146 0.4226088143810881 1.360961992982811 8.9063451986426116 1.3064365206034407 0.84535469931602891 0.43938493148797153 13.002903911338242 0.45192711950372721 3.6955381312328877 4.2980123890019737
leaf_count=2033 1950 33 110 370 21 553 35 71 2135 142 131 76 69 84 29 37 838 388 85 51 72 227 1921 596 724 136 5033 52 520 2247
internal_value=-0.000138347 -0.0136869 0.00402197 0.000638848 0.000570943 0.00887535 0.00130718 0.0235372 0.033458 0.0531119 -0.0136081 0.0680998 0.0858838 0.0561613 0.0120781 0.0273828 -0.0102702 0.0149038 0.0642899 0.0155773 -0.00564832 -0.00182404 -0.0208556 -0.00374796 0.0304146 -0.007627 -0.00453713 0.018123 0.0255987 -0.0039423
internal_weight=77.6999 12.7962 64.9037 50.1323 4.5931 19.4799 8.85552 10.6244 8.38495 4.47171 2.23945 3.52272 2.45957 1.53109 7.09947 4.21377 2.8857 3.62925 0.443557 1.29293 30.6524 21.5251 9.1273 21.1025 2.15179 18.9507 17.5898 4.58685 4.14747 4.4721
internal_count=20769 4334 16435 14485 2301 4834 1965 2869 2577 442 292 300 224 155 1412 460 952 425 114 161 9651 7360 2291 7288 1320 5968 5741 708 572 2268
cat_boundaries=0 5 9
cat_threshold=276842057 855660674 1124672648 402653728 1 2348949510 201654536 742424644 1162372237
is_linear=0
shrinkage=0.05


Tree=21
num_leaves=31
num_cat=2
split_feature=22 4 2 7 22 4 15 18 4 13 10 8 21 13 3 2 6 5 17 9 8 21 8 17 11 8 20 6 6 6
split_gain=2.17847 1.54726 1.19908 1.19722 1.64747 1.10307 1.0135 1.00129 1.13972 1.10311 1.06869 0.939976 0.979858 0.932942 0.884453 1.19221 0.911865 1.17564 1.26647 1.17102 1.17596 1.07727 0.859572 0.927107 0.806543 1.43306 0.813889 0.758861 0.756489 1.10232
threshold=0 8.718300000000001 -0.45339264834843612 1.0950000000000004 1 9.8064000000000018 17.500000000000004 14.500000000000002 8.9681500000000014 0.10084033613445377 0.10826919661358124 1.5550000000000004 0.15524256651017218 0.1001049135265988 487868.08395000006 -0.3736542036362287 1.7598500000000004 395351160.53500003 84.500000000000014 -2.4683830100816868 1.2650000000000003 0.15047169811320757 0.75500000000000012 61.500000000000007 0.11403508771929821 1.8450000000000004 0.27806414662084772 2.5625500000000003 4.2268000000000008 3.7761500000000003
decision_type=9 2 2 2 9 2 2 2 2 2 2 8 2 2 2 2 8 2 2 2 10 2 10 2 2 10 2 10 8 8
left_child=1 -1 13 5 6 7 11 8 10 -9 14 12 -5 27 -4 -16 19 -18 21 -17 -21 -19 23 -7 25 26 -13 -2 29 -14
right_child=2 -3 3 4 -6 22 -8 9 -10 -11 -12 24 28 -15 15 16 17 18 -20 20 -22 -23 -24 -25 -26 -27 -28 -29 -30 -31
leaf_value=-0.042008566361940641 0.074589353974459427 -0.003879614720967468 0.048766629751806449 0.035615346245520096 -0.0066863838816265111 0.068209003282341682 -0.044018224537959678 -0.018341109791076251 -0.055161526043327004 0.074785310702895888 -0.050737224248344329 0.095198739278094108 0.0068281363603549129 0.10187806623842358 -0.056895506450459002 0.090418052035113744 -0.037176981627509591 -0.051140308882804499 0.067732743572572307 -0.039922040617085403 0.078452854238941203 0.046945075303106751 0.049229197994155066 -0.024353821324735871 0.089664513572980914 -0.041668941491185357 -0.014510005876668406 -0.02063562153762822 -0.0074042541301137903 0.076565149111354661
leaf_weight=6.8058577032158354 0.35228628030225251 4.3685042236163145 2.6967155345166125 3.5401454410407274 31.674177912406947 0.3762095799188091 0.66592684317819539 4.3799895939880402 0.52028654205219105 0.3428822627055722 0.48970627509844789 0.62088141374163153 2.3154175592540827 0.53732013831878178 0.5377702751700485 0.8969216693781118 1.0702852300301899 0.65322780332613994 1.0101244064579755 0.50870748866881199 0.35706732993589796 0.48986124402354181 3.260878816237609 0.96291416740547475 0.79187073201897384 0.49422470972007659 0.23230441174995353 0.51517494155115873 5.2135695094878756 0.75027668612903831
leaf_count=1776 19 2271 478 468 10041 121 84 722 74 63 47 145 637 72 15 45 181 30 38 93 31 90 427 134 182 358 98 100 1787 142
internal_value=-0.000143474 -0.0143028 0.00382578 0.00341323 -0.000887307 0.0141449 0.00964759 0.00714489 0.0167255 -0.0115801 0.0210195 0.0191194 0.0135993 0.0501053 0.025294 0.013835 0.0214635 0.00565188 0.0269406 0.0503786 0.00889875 -0.00910664 0.0353784 0.00165051 0.0496173 0.0260816 0.0653274 0.0180364 0.00418545 0.0238951
internal_weight=77.4315 11.1744 66.2571 64.8523 46.2988 18.5535 14.6246 13.9535 9.23067 4.72287 8.71039 13.9587 11.8194 1.40478 8.22068 5.52397 4.9862 3.2235 2.15321 1.7627 0.865775 1.14309 4.6 1.33912 2.13928 1.34741 0.853186 0.867461 8.27926 3.06569
internal_count=20769 4047 16722 16531 13942 2589 3901 1907 1122 785 1048 3817 3034 191 1001 523 508 339 158 169 124 120 682 255 783 601 243 119 2566 779
cat_boundaries=0 5 9
cat_threshold=276842313 855658626 1101603976 402686464 1 2349473796 67111176 675594240 1095330957
is_linear=0
shrinkage=0.05


Tree=22
num_leaves=31
num_cat=2
split_feature=22 4 7 22 9 21 7 4 6 4 2 1 10 13 2 14 13 20 20 6 11 19 15 9 13 20 8 2 8 0
split_gain=1.91441 1.28915 1.22702 1.04518 1.3093 1.37906 1.09669 1.01661 1.81137 1.48882 1.33653 1.36589 0.985783 0.897228 1.14288 0.966047 1.11588 0.866674 0.850758 0.846914 0.834651 0.901914 1.08254 0.810757 0.902551 0.801793 1.41517 1.83242 1.06508 1.00112
threshold=0 9.073850000000002 0.58500000000000008 1 -2.3504991016743855 0.11857892763404575 1.1150000000000004 4.5844500000000012 3.5039500000000001 4.7881000000000009 -0.4359122999964522 0.10009268636702941 0.10038033941231007 0.10054496317415053 0.041770007790719273 0.18227964928472545 0.09962523057331997 0.11451990632318503 0.16736694677871153 3.8689500000000003 0.11428571428571437 6.5000000000000009 4.5000000000000009 -1.1595699066099139 0.09995206108603473 0.36700680272108849 1.1950000000000001 -0.19945946872277251 0.83500000000000008 0.0032121978866069324
decision_type=9 2 2 9 2 2 2 2 10 2 2 2 2 2 2 2 2 2 2 10 2 2 2 2 2 2 8 2 10 2
left_child=1 -1 18 6 17 12 -4 8 -7 -9 -11 13 23 14 15 16 -12 -5 -2 -3 21 22 -15 -6 -25 26 29 -28 -27 -8
right_child=2 19 3 4 5 7 25 9 -10 10 11 -13 -14 20 -16 -17 -18 -19 -20 -21 -22 -23 -24 24 -26 28 27 -29 -30 -31
leaf_value=-0.036334694774659816 0.083015151731757997 0.083071983459329646 0.03494257102719335 -0.052566566108750726 0.088351155115539565 -0.034015837642704966 -0.055151317752533881 0.072448538951915664 0.11974115330797108 0.087611166358003534 0.097903912519483438 0.14653705157327898 -0.023038795460030154 -0.035533513988230542 0.010209091321794345 -0.021260871914839372 -0.00028037903038199079 -0.012202196371338559 0.020866592220686739 -0.0081245877168751417 0.079721231954439642 0.094989824121766195 0.077365467123821988 -0.018354081720173082 0.048707449928652009 0.039919171520469157 0.079304945580645297 0.011283829056644518 -0.041132097449561367 0.0057485545276275592
leaf_weight=7.6314821344164026 0.66631692885458349 0.27072243185197198 4.8656918186513005 1.5478674545884441 0.73582672407045491 3.5799785844777823 0.74097222510590643 0.73000313546983164 0.20237561408879701 0.42578048654962941 0.34557803875099979 0.15401175204246342 0.7036347843753713 0.92052633974583375 6.9006741962618134 10.564649795278145 1.7796039502131291 9.4411185468051126 3.1724467826063649 4.2691692924804707 0.57588154087807186 0.24964114773883794 0.27598342455937785 0.72178025977586102 1.645645965127388 0.54221283378734209 1.5420597131804519 2.76609842683914 1.6055030684763714 7.5601104543867503
leaf_count=1935 27 115 542 32 54 926 41 114 48 61 66 83 151 291 3869 2846 408 2117 479 2123 131 265 85 108 186 181 235 1062 465 1723
internal_value=-0.000187385 -0.0130566 0.00366892 0.0025116 -0.00248947 0.00224045 0.00951049 -0.00177303 -0.025789 0.00218979 -0.000121331 -0.00183749 0.0303943 -0.00289481 -0.00616776 -0.0150734 0.0156855 -0.0178878 0.0316541 -0.00268636 0.0288153 0.00854366 -0.00949257 0.0425098 0.0282617 0.00756973 0.0123798 0.0356313 -0.0206699 0.000312503
internal_weight=77.1333 12.1714 64.962 61.1232 41.5006 30.5116 19.6226 26.7047 3.78235 22.9223 22.1923 21.7666 3.80689 21.6125 19.5905 12.6898 2.12518 10.989 3.83876 4.53989 2.02203 1.44615 1.19651 3.10325 2.36743 14.757 12.6092 4.30816 2.14772 8.30108
internal_count=20769 4173 16596 16090 11841 9692 4249 9193 974 8219 8105 8044 499 7961 7189 3320 474 2149 506 2238 772 641 376 348 294 3707 3061 1297 646 1764
cat_boundaries=0 5 9
cat_threshold=277890633 855660674 1101538440 402653728 1 2348941440 67436904 676593733 568664204
is_linear=0
shrinkage=0.05


Tree=23
num_leaves=31
num_cat=2
split_feature=22 8 8 2 8 22 2 2 7 3 2 0 3 0 3 9 7 7 6 6 6 13 6 21 11 15 14 14 6 9
split_gain=1.78212 1.17051 1.04539 0.975426 1.12084 1.18821 1.28023 1.34008 1.15589 1.13695 1.11124 1.4748 1.37205 1.37263 1.21878 1.1555 1.6745 1.50683 1.11239 1.10313 1.07388 1.05894 1.00464 0.950987 0.905943 1.11772 0.904951 0.892236 0.892133 1.01308
threshold=0 3.7150000000000003 2.1550000000000007 -0.45339264834843612 1.7450000000000003 1 -0.10411334155547157 -0.085030950212839115 2.0650000000000004 862985.37045000016 -0.15268340980216569 0.17196097054950779 583507.64770000021 0.12212229268929116 242779.67510000002 1.0284245317664256 0.9850000000000001 0.88500000000000012 8.4541500000000021 6.015950000000001 2.1294500000000007 0.10059970149790511 1.2094000000000003 0.15524256651017218 0.10073792578829513 2.5000000000000004 0.55571681986776345 0.8222439236111112 5.6547500000000008 -1.5514915653683901
decision_type=9 8 10 2 8 9 2 2 2 2 2 2 2 2 2 2 2 2 10 8 8 2 8 2 2 2 2 2 8 2
left_child=-1 2 3 -2 5 6 9 19 10 27 12 -12 13 21 -15 16 17 -13 20 -8 -17 -7 -10 28 25 -14 -26 -5 -24 -30
right_child=1 -3 -4 4 -6 8 7 -9 22 -11 11 15 24 14 -16 18 -18 -19 -20 -21 -22 -23 23 -25 26 -27 -28 -29 29 -31
leaf_value=-0.013201806176480896 0.04566064566265083 0.079508878694181162 -0.034185206733223394 -0.012339828929814573 0.033616160136527434 0.017437761211706818 0.12138956208796912 -0.0011495891162866358 0.10745614996643488 -0.042095572211391194 -0.014282570137173923 0.0043661246524384981 0.011876779166455367 -0.0073095243206169934 0.10826661931772436 0.082756139914550109 -0.019353795630477663 0.088793480181485529 0.066029137546785813 -0.025219525444277663 0.0014911016243939711 0.077258937660080754 0.05325708515878827 -0.019444170599110598 -0.0051892738684370457 -0.055111486667027469 0.056853100541188022 0.077178101987107006 0.051263341921683414 -0.046028140591650536
leaf_weight=10.590347727162481 1.398657245057733 0.5077974804350579 1.8083814645687315 6.3764263694455163 2.9328468457438452 3.9788204655928201 0.41110375042568026 11.56674043344683 0.18655954277965633 4.0207389146759382 6.1238128855728737 1.4335800335554958 1.5910210193718355 0.28664879511830421 1.1167842951502771 0.49267625009153232 3.595622098982906 0.83708636514248236 1.799027797676551 0.18651807430800116 2.3247978830047566 0.90873881126408207 1.0073782145753405 6.45623066974622 1.0869224981568006 1.0231306391354444 1.2797658960919036 0.29106132526661443 0.41784793982061297 0.74395713735284352
leaf_count=3852 178 294 1039 1178 1146 375 105 4293 60 438 637 256 94 138 111 154 1228 95 353 68 667 57 217 3127 61 74 105 105 43 221
internal_value=-0.000188339 0.00337796 0.00330367 0.00436503 0.00344054 0.00195421 -0.00589217 0.00262265 0.00663804 -0.0210957 0.0134367 0.00521245 0.0255534 0.0410754 0.0846604 0.016601 0.00187479 0.0354905 0.0353139 0.0756328 0.0157015 0.0285603 -0.00733794 -0.00982083 0.00594845 -0.0143412 0.0283596 -0.00843203 0.0188215 -0.0110369
internal_weight=76.781 66.1907 65.6829 63.8745 62.4758 59.543 22.8526 12.1644 36.6904 10.6882 27.8784 16.6066 11.2718 6.29099 1.40343 10.4828 5.86629 2.27067 4.6165 0.597622 2.81747 4.88756 8.81197 8.62541 4.98084 2.61415 2.36669 6.66749 2.16918 1.16181
internal_count=20769 16917 16623 15584 15406 14260 6187 4466 8073 1721 4405 3390 1015 681 249 2753 1579 351 1174 173 821 432 3668 3608 334 168 166 1283 481 264
cat_boundaries=0 5 9
cat_threshold=276842057 587223170 1099443352 402686496 1 1109307414 276957184 35852832 2149450048
is_linear=0
shrinkage=0.05


Tree=24
num_leaves=31
num_cat=2
split_feature=22 18 8 7 22 13 4 2 0 2 13 17 11 4 2 13 9 8 17 8 4 5 3 11 3 14 9 10 11 13
split_gain=1.73714 1.0477 0.958369 0.922539 1.14389 1.10697 1.2716 1.08132 1.03932 0.926444 0.945375 1.27552 1.14141 1.0664 0.974988 0.886005 0.880767 0.880374 0.814536 0.881702 0.804851 0.757481 1.41551 0.800034 1.23442 1.07415 0.757272 1.38809 1.06439 1.51967
threshold=0 22.500000000000004 5.495000000000001 0.9850000000000001 1 0.099405053359369014 23.037750000000006 -0.23386161835258421 0.44515765410089631 -0.47634589083675244 0.10034722640849737 128.50000000000003 0.11211188676294481 4.7881000000000009 -0.064342968759304994 0.10016613603419967 -2.6896799851443771 0.60500000000000009 34.500000000000007 0.78500000000000014 16.837000000000003 368349903.57500005 3164844.2911000005 0.10416666666666673 2816062.1724500004 0.40019531250000007 -0.80290505674442392 0.019332747510251828 0.089532548921520697 0.10011755531018808
decision_type=9 2 8 2 9 2 2 2 2 2 2 2 2 2 2 2 2 8 2 10 2 2 2 2 2 2 2 2 2 2
left_child=1 -1 3 26 5 7 9 -5 -8 -7 18 12 13 16 -14 -3 -12 -6 19 -11 -15 -20 23 24 -23 -25 27 -2 29 -29
right_child=2 15 -4 4 17 6 8 -9 -10 10 11 -13 14 20 -16 -17 -18 -19 21 -21 -22 22 -24 25 -26 -27 -28 28 -30 -31
leaf_value=-0.029673042651714488 0.071927807926113488 0.17879426811548196 0.08949081654107531 0.11411042238121925 -0.028887838442310666 0.073523066119910871 -0.035623175954763935 0.0054033689105126926 0.10119783973974224 0.16695162827691284 0.11815562264355164 0.14269625257300145 0.091486153529268643 -0.048170717584426835 -0.028094758941293221 -0.054543771167048151 -0.0088649545003957383 0.0090525196356851367 -0.036039884330151976 -0.0042805638977701241 0.066345229223617144 0.011819332935648654 -0.050202200465125135 0.070821093617729869 0.13984066970609482 -0.02747584643152964 0.00080017373043516542 0.01755794866657694 0.027219054791266812 -0.068634879656482795
leaf_weight=9.4865611298391386 1.2646719931959447 0.11144159406901859 0.32358094956427308 0.3251008004445255 1.6116458746733144 0.28149322803883237 0.20738977258250041 0.77194711760616475 0.41965929761746484 0.1135505610523877 0.22560873733058956 0.16300892244930532 0.51635444310951928 1.6060958676152282 0.25445838959338218 0.064072005788365985 0.34543489235990849 29.812067959641034 7.5415471617234626 0.22246377189302879 0.16964085328807077 1.8666269347807036 1.8440972814779595 0.31345051246202515 0.2094197858197534 2.4521504973954071 6.3405018531219168 1.3999420811537966 5.4685722242047161 0.80569754523622839
leaf_count=3140 141 394 138 123 596 36 179 491 391 202 18 127 77 604 126 178 107 7814 1977 464 83 740 264 32 40 466 1037 161 524 99
internal_value=-0.000273573 -0.013481 0.00317557 0.00323306 1.94903e-05 -0.00744797 -0.0140561 0.0376178 0.0559458 -0.0164778 -0.0178976 0.00635062 -0.000778459 -0.0181173 0.0520105 0.0936132 0.0413185 0.00539105 -0.0233599 0.0535846 -0.0372307 -0.0251771 -0.0129239 0.00127471 0.0247334 -0.016335 0.0140169 0.0233917 0.0153932 -0.0139274
internal_weight=76.5383 9.66207 66.8762 66.5526 51.2732 19.8495 18.7525 1.09705 0.627049 18.1254 17.8439 3.2806 3.11759 2.34678 0.770813 0.175514 0.571044 31.4237 14.5633 0.336014 1.77574 14.2273 6.68575 4.84165 2.07605 2.7656 15.2794 8.93888 7.67421 2.20564
internal_count=20769 3712 17057 16919 14957 6547 5933 614 570 5363 5327 1142 1015 812 203 572 125 8410 4185 666 687 3519 1542 1278 780 498 1962 925 784 260
cat_boundaries=0 5 9
cat_threshold=276842313 587223170 1101530264 402686496 1 5542064 7480325 2182298144 571736144
is_linear=0
shrinkage=0.05


Tree=25
num_leaves=31
num_cat=2
split_feature=22 7 22 18 18 8 6 13 6 13 3 15 4 9 14 14 0 2 7 0 9 13 4 14 2 5 17 8 13 4
split_gain=1.58457 0.986077 1.07806 0.845093 0.806802 1.05673 0.821231 1.3581 1.00323 0.947338 0.939484 1.07773 0.8741 0.938134 0.872866 0.829273 0.909897 0.744198 0.912462 1.03728 1.02794 0.898497 0.739209 0.891781 1.17237 0.987281 0.735337 0.835015 0.798574 0.855184
threshold=0 0.9850000000000001 1 22.500000000000004 20.500000000000004 1.0450000000000002 4.2658500000000013 0.099838481563647288 3.9938000000000007 0.099878197320340992 523162.21910000005 2.5000000000000004 10.201500000000001 -3.1493039176554602 0.41719409282700431 0.55571681986776345 0.11627681920536413 -0.082357667856214387 1.635 0.072819009698607967 -0.49030535085189392 0.099999261349367 9.199250000000001 0.4503521126760564 -0.28209439348842857 298374419.61500007 34.500000000000007 0.78500000000000014 0.10034722640849737 22.466400000000004
decision_type=9 2 9 2 2 8 8 2 8 2 2 2 2 2 2 2 2 2 2 2 2 2 2 2 2 2 2 10 2 2
left_child=3 -2 4 22 6 -6 8 -8 9 -3 11 12 -9 -14 -11 -16 -17 -12 19 -19 -21 -22 -1 24 -24 -26 27 -4 29 -28
right_child=1 2 26 -5 5 -7 7 10 -10 14 17 -13 13 -15 15 16 -18 18 -20 20 21 -23 23 -25 25 -27 28 -29 -30 -31
leaf_value=-0.036375718248863237 0.014821265683243596 0.067908798166761083 0.1268805307210536 0.079963814048093856 -0.067498611497085734 0.016858255098372011 -0.031266400406376495 -0.04970116795994748 0.09429323014229174 -0.01524458038874243 -0.018729223194986603 0.082625701800986495 -0.066373645939586057 0.063091124238488727 0.081463745527925846 -0.054065398724989083 0.04038659437915211 0.1051573173914972 -0.016739471958177907 -0.018876472549114426 -0.013174110859472227 0.075185263041745942 0.18574867327600211 -0.025083609465866546 -0.016896241148621916 0.093706986351134558 -0.012336777314374528 0.012471448479657837 0.010157289930847802 0.035200610713260354
leaf_weight=6.6375978875959367 15.082406312137797 0.99096428843701057 0.20610077137669514 0.19015409663278582 0.68820578724450898 0.80607907823066272 1.7823614444164295 0.38230473824140232 0.59143193783616954 1.553480946548575 1.9830121927990747 1.0099404653932547 0.17056224926490904 0.7790489549055214 0.64273889886808855 0.37030330655910093 0.8187648626125309 0.43999266239971424 1.2487366765104284 0.94059502903849845 0.40934253113731622 0.9682326751660193 0.10682344118003739 2.5254677635284652 0.77568932334415408 0.27269575088893949 26.666522120335369 0.70508001724054103 5.5342372351805791 0.98088240648948755
leaf_count=1621 1983 278 500 605 263 448 526 128 103 311 222 194 31 329 107 76 175 23 536 125 58 124 19 1250 390 129 6589 1220 1633 773
internal_value=-0.000271557 0.00312326 0.000257574 -0.0125461 0.00814062 -0.021993 0.0165239 0.00834696 0.0331719 0.0249116 0.0168212 0.0436732 0.014137 0.0398376 0.0123252 0.035706 0.0109721 0.00632296 0.0187213 0.0347758 0.0214173 0.0489295 -0.02641 -0.0084382 0.0279513 0.0118728 -0.00461061 0.0383497 -0.00717983 -0.0106502
internal_weight=76.2598 65.7513 50.6689 10.5084 16.5761 1.49428 15.0818 10.1141 4.96768 4.37625 8.33177 2.34186 1.33192 0.949611 3.38529 1.83181 1.18907 5.98991 4.0069 2.75816 2.31817 1.37758 10.3183 3.68068 1.15521 1.04839 34.0928 0.911181 33.1816 27.6474
internal_count=20769 16755 14772 4014 4057 711 3346 2296 1050 947 1770 682 488 360 669 358 251 1088 866 330 307 182 3409 1788 538 519 10715 1720 8995 7362
cat_boundaries=0 5 9
cat_threshold=276842313 855660674 1093141656 402686496 1 2348949508 201654536 675315780 1170762765
is_linear=0
shrinkage=0.05


Tree=26
num_leaves=31
num_cat=3
split_feature=22 8 4 2 7 22 4 22 6 11 21 7 13 6 9 11 15 11 1 13 8 7 6 7 11 21 17 5 7 15
split_gain=1.50983 0.985581 0.961695 0.855468 0.904521 1.27145 1.08152 1.01124 0.982133 0.946317 0.860921 0.909791 0.890371 0.954969 0.819952 1.91074 0.844742 0.902756 0.806559 0.799309 0.758331 0.744313 1.04668 0.719718 0.898252 0.977265 0.774027 0.706064 1.28097 1.30377
threshold=0 5.495000000000001 8.718300000000001 -0.45339264834843612 1.0950000000000004 1 10.059750000000001 2 2.2428000000000003 0.098556671132605744 0.19308213716108455 1.9350000000000003 0.099763171399966835 11.317350000000003 -1.4219443468534596 0.03722504447620912 7.5000000000000009 0.11403508771929821 -0.0081799591002044685 0.1001049135265988 1.6450000000000002 0.62500000000000011 1.4281500000000003 1.7450000000000003 0.11174108482276805 0.14424410540915397 89.500000000000014 124204360.88000001 1.5450000000000002 1.5000000000000002
decision_type=9 8 2 2 2 9 2 9 10 2 2 2 2 8 2 2 2 2 2 2 10 2 10 2 2 2 2 2 2 2
left_child=2 3 21 19 6 10 7 18 -8 -10 20 12 -12 -14 15 -9 17 -17 -5 -2 -6 22 -1 -4 -25 -26 -27 28 -7 -30
right_child=1 -3 23 4 5 27 8 14 9 -11 11 -13 13 -15 -16 16 -18 -19 -20 -21 -22 -23 -24 24 25 26 -28 -29 29 -31
leaf_value=-0.057753917338335917 0.012091382433672443 0.088276237186789536 -0.033612701513067111 -0.027355731549810754 0.016359996150076127 -0.026654403661997918 0.11002147867112766 0.067193244279423317 0.055853098500758813 0.0078349691602067738 0.11560806423792694 -0.031557631761840933 -0.012344629507410852 0.061086652062333546 -0.02931268215470963 -0.039155455882724587 0.048556855431969866 0.018362179968304002 0.040588393584281769 0.090039986139694217 0.057785980798815806 -0.044449255688167356 0.080237256910755173 -0.0073749606588161855 0.16757523384370754 -0.021373628990341457 0.12262631958786437 -0.011725939013836728 0.078156365030667405 0.0071010454252146693
leaf_weight=0.25527116466020561 0.86662136539167411 0.34021448291146228 1.4174120366880099 0.4815715705321616 8.7152156996888817 1.6309121661429697 0.37050093583439991 0.88883038019267768 1.6116551999935307 2.8237673014503901 0.20023908782466371 1.8561474778376061 1.7894509224945541 0.58832623689130703 4.154855980062834 2.418323637167993 0.47103295608171869 0.95025701984297661 4.6970781847374026 0.53002234835350248 1.2650807326883331 5.2666279470623509 0.2976613547656497 1.6053339637388766 0.16597108493153512 0.29172758492957929 0.13721106497837177 26.795016821241571 0.9160113993518445 2.1866665774726677
leaf_count=44 119 136 688 43 996 475 16 79 272 373 200 1745 652 148 716 327 62 51 618 70 154 1590 73 1180 21 275 41 8493 411 701
internal_value=-0.000267192 0.00294893 -0.012658 0.00295587 0.00212154 -0.00166381 0.0113388 0.00434055 0.0318156 0.0252828 0.0079505 -0.00486621 0.0143514 0.00582425 -0.00616611 0.00113219 -0.0141603 -0.0229301 0.0116923 0.0416727 0.0216111 -0.0386553 0.0165312 -0.00582678 0.0120731 0.0645527 0.0246898 -0.00651474 0.00922107 0.0280789
internal_weight=75.985 66.5478 9.43722 66.2076 64.8109 45.9431 18.8679 14.0619 4.80592 4.43542 14.4145 4.43416 2.57802 2.37778 8.8833 4.72844 3.83961 3.36858 5.17865 1.39664 9.9803 5.81956 0.552933 3.61766 2.20024 0.59491 0.428939 31.5286 4.73359 3.10268
internal_count=20769 16857 3912 16721 16532 13975 2557 1896 661 645 3895 2745 1000 800 1235 519 440 378 661 189 1150 1707 117 2205 1517 337 316 10080 1587 1112
cat_boundaries=0 5 9 13
cat_threshold=276842329 855658626 1091114136 402653728 1 2886344708 67109128 944029696 1095335181 4456448 74646596 2148534625 538971416
is_linear=0
shrinkage=0.05


Tree=27
num_leaves=31
num_cat=2
split_feature=22 7 0 8 16 22 4 6 9 4 8 15 2 1 20 14 19 0 2 6 8 14 5 6 7 14 5 9 4 10
split_gain=1.26344 0.998373 0.956574 0.795372 0.76339 0.892419 1.35506 1.65831 1.507 1.85134 1.11161 0.951063 2.70122 1.97995 1.52246 0.988855 0.95043 0.996788 0.962078 1.05203 0.941985 0.89175 0.887222 0.881293 1.03113 0.852694 0.830859 0.82342 0.806893 1.12583
threshold=0 0.65500000000000014 0.77832330264176108 0.90500000000000014 2.5000000000000004 1 10.386000000000001 11.944850000000001 -2.2506010134247183 3.6367500000000006 0.84500000000000008 2.5000000000000004 -0.34583762226585762 0.01838495299109744 0.16561181434599156 0.58853389071364604 3.5000000000000004 1.0000000180025095e-35 -0.10712334113973458 3.2330500000000004 0.97500000000000009 0.97831962397179806 46499445.125000007 1.5181000000000002 0.8650000000000001 0.76479125757705124 888558684.53500021 2.2943299744322525 6.5497500000000004 0.10109154224005806
decision_type=9 2 2 10 2 9 2 10 2 2 10 2 2 2 2 2 2 2 2 10 10 2 2 8 2 2 2 2 2 2
left_child=1 3 4 -1 5 6 8 -8 -2 -10 21 14 -13 25 -11 28 23 -18 -19 27 -9 22 -7 -12 -25 -14 -22 -20 -16 -30
right_child=2 -3 -4 -5 -6 10 7 20 9 11 16 12 13 -15 15 -17 17 18 19 -21 26 -23 -24 24 -26 -27 -28 -29 29 -31
leaf_value=0.083811527029506228 -0.01105707202537113 0.0075721260051906025 0.016528415016623405 0.014373299974776597 -0.033270609968994717 0.068781440679867592 -0.029563432186088947 0.10739298082891569 -0.040499997085164247 -0.04109223070408493 -0.053963101036976262 0.094948269539067182 -0.045040454657360285 0.058062918163595004 0.098567752386474597 0.016401356925418425 0.065791186649944086 -0.030872992969403674 0.079902866188898594 -0.011799004111352186 0.086765711503487275 0.073546480781748122 -0.035171774512378025 0.086456731311807353 0.010252267288784311 0.017957169372449632 -0.044726912488235203 -0.038076949882152406 0.0064628148711183544 0.096339765927498683
leaf_weight=0.79469903108730988 4.7246983673884246 23.636757245797977 4.4823172411230123 0.85724695705556986 2.7385482154341139 0.2108695580403398 4.4910482244146621 0.36160340744703923 1.0184582425726318 0.43996054621900338 0.450080527530696 0.83886138724431614 1.8730016047006 0.92582588489707918 1.4508722547810768 1.089579459344747 0.36852953418944068 5.9626894287713537 0.61499393805573577 3.4490000316247067 0.18726965564408399 0.20370381355466882 7.7107874614377065 0.50734607710515911 3.5499965985478332 0.75311324735833229 0.33510146580001315 0.19471771801466176 0.80159456667365381 0.61633535387638572
leaf_count=125 661 5497 3221 115 1307 72 1339 312 233 60 30 46 338 200 229 263 68 1273 278 1612 133 98 2239 23 447 89 102 97 193 69
internal_value=-0.000263277 0.00730848 -0.00460343 0.0477778 -0.00767206 -0.00604668 0.00280069 -0.0172421 0.0121411 0.0233165 -0.0103711 0.0307114 0.0142497 -0.00480889 0.0471448 0.0569521 -0.00681166 -0.0149963 -0.017909 0.000242035 0.0453567 -0.0297484 -0.0324046 0.0124176 0.0197812 -0.0269741 0.00241309 0.0515313 0.0723533 0.0455299
internal_weight=75.6396 25.2887 50.3509 1.65195 45.8686 43.13 19.9073 5.37502 14.5323 9.8076 23.2227 8.78914 4.3908 3.55194 4.39834 3.95838 15.0974 10.5899 10.2214 4.25871 0.883975 8.12536 7.92166 4.50742 4.05734 2.62611 0.522371 0.809712 2.8688 1.41793
internal_count=20769 5737 15032 240 11811 10504 4267 1886 2381 1720 6237 1487 673 627 814 754 3828 3328 3260 1987 547 2409 2311 500 470 427 235 375 491 262
cat_boundaries=0 4 8
cat_threshold=2348810272 71631213 139722821 566242444 575545474 2151287808 872464416 69701905
is_linear=0
shrinkage=0.05


Tree=28
num_leaves=31
num_cat=2
split_feature=22 2 4 0 22 7 14 19 21 16 14 9 18 8 14 0 7 8 13 11 5 5 20 1 14 10 3 7 1 13
split_gain=1.23809 1.00531 0.935186 0.787751 0.961334 1.30594 0.886662 1.17 1.12155 0.928328 0.875543 1.56485 1.39908 1.35403 1.2837 1.14142 0.86697 0.856874 0.832501 1.31151 0.799202 0.815552 0.797776 1.36623 0.859326 0.933196 0.829728 0.789506 0.775971 0.760162
threshold=0 -0.45339264834843612 8.2144000000000013 0.62634989633990801 1 0.71500000000000008 0.58339380745041136 6.5000000000000009 0.20354676710608918 1.5000000000000002 0.42512699564586359 -2.1530212451558115 15.500000000000002 0.63500000000000012 0.1876586294416244 0.0032121978866069324 2.0650000000000004 1.1250000000000002 0.09956941702123713 0.11454903012425137 103502634.50000001 201294955.85500005 0.27207792207792209 -0.002365471667496732 0.16678761490082247 0.093274955620372288 331806.55390000006 1.6150000000000004 0.099911174290084573 0.099999999999999992
decision_type=9 2 2 2 9 2 2 2 2 2 2 2 2 10 2 2 2 10 2 2 2 2 2 2 2 2 2 2 2 2
left_child=2 29 -1 4 5 -3 7 10 20 -8 14 -12 13 -13 15 -6 -15 -14 19 -7 -9 -22 24 -24 25 26 -17 -27 -5 -2
right_child=1 3 -4 28 6 18 9 8 -10 -11 11 12 17 16 -16 22 -18 -19 -20 -21 21 -23 23 -25 -26 27 -28 -29 -30 -31
leaf_value=-0.036139519417970577 0.0023659332377267109 0.061124484943636342 -0.0062465859788743278 0.011988253508726215 0.063145298575557729 0.062277232167025347 -0.0084750176563866617 0.0072489932337972563 -0.022737852833033572 -0.039178203936312953 -0.024352426783924276 -0.058700657637496635 0.032007667789492607 0.09016117643269983 -0.023463148128406781 0.072863905318662214 0.025594507451577122 -0.048581306997464047 0.0041995642386333746 -0.065530882959790232 0.10546088171965383 0.02644437885966764 0.052648347186723288 -0.041887886154464697 0.087231194554443336 -0.04689907241735862 -0.0088064374661659915 0.028383939708060385 0.074990701434639581 0.079082360441909499
leaf_weight=5.4166710610149931 0.56277964767906008 1.2777256676723041 5.0609338238215997 9.3688675841728433 0.78720820523221391 1.3228059090739295 12.347707596322401 0.71163219066144745 0.71098347865260292 3.0750340625532013 1.8478692084668211 0.24051377228139204 0.63650473533424989 1.3996401764429407 7.8343093469379506 0.71961457753893998 0.82716859592063086 0.6846145270929298 12.859732764087815 0.23662735271454494 0.78909210525235796 0.55710466762838451 0.47765312382523339 1.9120338007643132 0.36689959233807146 0.99163080799672887 0.54767523482199088 0.53677084243280548 0.51563020614668253 0.75755945423448545
leaf_count=1643 86 138 2561 5293 68 380 2439 98 1079 665 252 100 84 141 1382 111 294 75 2540 74 68 60 97 375 54 99 88 104 222 99
internal_value=-0.000261221 0.00277262 -0.0111033 0.00230309 -8.46678e-05 0.00774334 -0.00423999 0.00095642 0.0314008 -0.0145967 -0.00329872 0.0133703 0.0317702 0.0540042 -0.00992729 0.00680026 0.0661773 -0.00975418 0.00838326 0.0428837 0.0501058 0.072761 -0.0011884 -0.0229919 0.0152865 0.0058447 0.037569 -0.0204599 0.0152748 0.0463828
internal_weight=75.381 64.9034 10.4776 63.5831 53.6986 15.6969 38.0017 22.5789 2.76881 15.4227 19.8101 5.63631 3.78844 2.46732 14.1738 6.33949 2.22681 1.32112 14.4192 1.55943 2.05783 1.3462 5.55228 2.38969 3.16259 2.79569 1.26729 1.5284 9.8845 1.32034
internal_count=20769 16565 4204 16380 10865 3132 7733 4629 1305 3104 3324 946 694 535 2378 996 435 159 2994 454 226 128 928 472 456 402 199 203 5515 185
cat_boundaries=0 5 9
cat_threshold=276842329 587223170 1093207192 403178016 1 2348843136 74712428 940834881 624960780
is_linear=0
shrinkage=0.05


Tree=29
num_leaves=31
num_cat=2
split_feature=22 8 8 0 21 22 2 3 3 6 5 7 2 7 11 11 1 4 14 7 11 0 10 0 18 2 2 2 6 0
split_gain=1.1401 0.81339 0.792208 0.690097 0.959325 0.808435 1.22458 1.56249 0.815511 0.815458 0.815112 0.792511 0.896169 0.742235 0.914773 0.975478 0.727216 0.787115 0.818597 0.899066 0.717835 0.90516 0.960968 1.21344 0.80678 0.686852 0.886422 1.09801 0.677489 0.664055
threshold=0 3.7150000000000003 2.6350000000000002 0.77832330264176108 0.17274535809018571 1 -0.28209439348842857 2256560.5991000007 1202134.02615 16.708600000000004 3084259100.4900002 1.5250000000000001 -0.38284738639348564 1.0750000000000004 0.086129427847694062 0.052163511545662511 0.07975037811704179 9.1365500000000015 0.90019531250000007 1.2550000000000001 0.074334996097180236 0.067983357463341873 0.098486968170795872 0.13983847114192335 11.500000000000002 -0.41893116896806148 -0.1441579616426242 -0.1382733645205094 7.0005500000000014 0.99552362598152822
decision_type=9 8 10 2 2 9 2 2 2 10 2 2 2 2 2 2 2 2 2 2 2 2 2 2 2 2 2 2 8 2
left_child=25 2 3 5 -5 6 7 8 11 10 13 12 -2 20 15 -15 17 29 19 -19 24 -22 -23 -24 -8 -1 -27 -28 -13 -6
right_child=1 -3 -4 4 16 -7 9 -9 -10 -11 -12 28 -14 14 -16 -17 -18 18 -20 -21 21 22 23 -25 -26 26 27 -29 -30 -31
leaf_value=0.030620283813109234 0.014404353942834784 0.065449865382208025 -0.049188886066034332 0.042235883055351364 -0.054962402468584838 -0.0032283742714611938 0.037356458937075246 -0.044854400708866128 0.093058387077612922 0.075759827979991215 -0.03715935439556977 -0.049415287605619161 0.083481161996585174 -0.022733946667370487 -0.0063735624862871808 0.061511046405435678 0.079300927070614466 0.079679353879016229 -0.025660522609780068 0.0063401963862789639 -0.010351439354070922 0.0889532340594687 0.079566840500134614 -0.023433918861980124 -0.042638926004093011 -0.049196441612837476 0.1498481255366956 -0.018448273918272123 0.035983525912760099 0.072951428889740558
leaf_weight=0.48167580037605606 0.8392703835872507 0.51349219446691918 0.73938621276970096 2.5446233582623377 0.89277030267811064 38.247007800181613 0.5644409932430583 0.53399589846489615 0.75332329674581933 0.39348170228636448 1.1781386032546368 0.42863968636840649 1.0657922613006712 0.50473260398363939 9.774082318870267 1.0764195145545106 0.29329619875589807 0.61790803115099979 1.0056677258229709 1.290949642096491 0.7357884271012004 1.0277203249166516 0.51626062628312785 0.64093993563519891 0.71373542878870011 3.4590767617692122 0.099649260641098691 3.5332297992460302 0.50686490404663187 0.11447313241839852
leaf_count=65 116 309 458 563 790 9189 94 26 43 152 94 74 115 205 2315 483 235 202 324 1349 48 136 25 83 81 688 24 2371 36 76
internal_value=-0.00025718 0.00240429 0.00227995 0.00285428 0.0179932 0.00113439 0.00714338 0.0349504 0.0468081 0.00461208 0.00293895 0.0345425 0.0530496 0.00597617 -0.000665649 0.0346185 0.00335802 -0.0023215 0.0108469 0.0300805 0.0239379 0.0376142 0.053767 0.0225177 -0.00731307 -0.0117036 -0.0310808 -0.0138319 -0.00314543 -0.040425
internal_weight=75.0868 67.5132 66.9997 66.2603 6.75969 59.5006 21.2536 4.12789 3.59389 17.1257 16.7323 2.84057 1.90506 15.5541 11.3552 1.58115 4.21507 3.92177 2.91453 1.90886 4.19889 2.92071 2.18492 1.1572 1.27818 7.57363 7.09196 3.63288 0.935505 1.00724
internal_count=20769 17621 17312 16854 3539 13315 4126 410 384 3716 3564 341 231 3470 3003 688 2976 2741 1875 1551 467 292 244 108 175 3148 3083 2395 110 866
cat_boundaries=0 5 9
cat_threshold=268437337 587223170 1099437208 402653728 1 2348810242 72746349 810811456 557853964
is_linear=0
shrinkage=0.05


Tree=30
num_leaves=31
num_cat=4
split_feature=22 0 14 22 3 16 5 18 0 17 9 3 22 0 7 7 2 20 17 13 4 13 22 20 5 7 9 1 13 2
split_gain=1.10885 0.731291 0.931064 1.64401 1.88664 1.4569 1.14603 0.998976 0.998679 0.93967 1.23909 0.935288 0.901867 0.931409 0.913987 1.3086 0.896372 0.856833 0.8266 0.764432 0.738038 1.12561 1.29537 1.09185 1.27256 1.42514 1.7098 0.973391 0.934704 0.915938
threshold=0 0.62634989633990801 0.58339380745041136 1 4831276.447900001 1.5000000000000002 1773136934.7200003 15.500000000000002 0.30770164525566296 72.500000000000014 -3.5574387947269299 2035531.1166000001 2 0.0015915129145487189 0.7350000000000001 2.1450000000000005 -0.45339264834843612 0.25131578947368427 72.500000000000014 0.10018744158919558 2.5607500000000005 0.10046838664385062 3 0.16051822573561705 61036495.490000002 2.1250000000000004 0.080582060913803058 -0.0055488786779988577 0.10019102214178334 -0.28910324611774246
decision_type=9 2 2 9 2 2 2 2 2 2 2 2 9 2 2 2 2 2 2 2 2 2 9 2 2 2 2 2 2 2
left_child=-1 2 7 4 8 6 11 16 18 -8 -11 -5 14 -14 -9 19 -2 -10 -4 -16 28 22 -22 -24 -25 26 27 -26 -18 -29
right_child=1 -3 3 5 -6 -7 9 12 17 10 -12 -13 13 -15 15 -17 20 -19 -20 -21 21 -23 23 24 25 -27 -28 29 -30 -31
leaf_value=-0.011118933959832232 0.05979819594738503 0.015261974313152196 0.077145157988213614 -0.013336426478901162 -0.035515124854827676 -0.05329456569026958 -0.025016088494542885 -0.022699093672403924 0.046037997080383586 -0.017185484435098472 0.063864459521372485 -0.050653869506538676 0.06909886886876121 -0.032052189226449285 0.084022819254860659 -0.034170114731391601 0.061984297432277229 -0.033052906818206933 0.030569045208752615 0.015814837856018855 -0.0093739237811171425 0.034409897632345227 -0.019463342958137005 -0.066203342518712752 -0.046977631828245194 0.00080506385428271365 0.079631722129701765 0.077919628196344959 -0.01229066356922949 0.017592681494768052
leaf_weight=8.7196196287106797 0.91324062009758122 10.04836168838237 1.4415398772835204 7.4969040861319369 1.1705519881461901 2.7655411676923736 1.0454224976392064 0.55113135193492313 0.5651379141153644 0.75517587560458599 1.2556165913953052 2.1636153411702788 0.23632717596461539 6.1507774052152175 1.4620732535778194 0.39906657694206904 1.3473561553873232 0.86899871581290722 2.8085116606148843 0.57128630600840025 7.1260973357449382 3.1150345284179997 1.7023285760819025 0.37546042480665498 0.44126491479208452 3.1982473659450346 2.0159217359147097 0.82376831043456666 0.61779170672863459 2.6637907444682241
leaf_count=3471 42 5724 503 1956 95 683 211 32 216 40 110 279 61 1534 176 196 218 339 298 81 1587 668 122 214 87 953 270 43 113 447
internal_value=-0.000272245 0.00246758 0.000614047 -0.00730281 0.00906475 -0.0123971 -0.0132517 0.00585979 0.0341924 0.0134345 0.0334252 -0.0216942 -0.00801224 -0.011034 0.00814384 0.0486124 0.0112003 -0.00188623 0.0463668 0.0648593 0.00930586 0.00662043 0.00190218 0.00920973 0.0240134 0.0277182 0.0421974 0.0229894 0.0386342 0.031842
internal_weight=74.816 66.0963 56.048 22.337 6.85474 15.4823 12.7167 33.711 5.68419 3.05621 2.01079 9.66052 9.37066 6.3871 2.98356 2.43243 24.3403 1.43414 4.25005 2.03336 23.4271 21.4619 18.3469 11.2208 9.51845 9.14299 5.94475 3.92882 1.96515 3.48756
internal_count=20769 17298 11574 4730 1451 3279 2596 6844 1356 361 150 2235 2080 1595 485 453 4764 555 801 257 4722 4391 3723 2136 2014 1800 847 577 331 490
cat_boundaries=0 5 9 13 17
cat_threshold=302040920 587223170 1093145752 402686496 1 68681856 205391148 2719254624 16777348 2286289024 2132288 2218787072 2684880128 72359938 2619375649 2256644388 573572480
is_linear=0
shrinkage=0.05


Tree=31
num_leaves=31
num_cat=3
split_feature=22 2 7 22 17 4 22 18 9 3 4 11 19 6 11 1 15 0 1 4 4 3 9 9 4 2 11 7 13 8
split_gain=1.0544 0.779976 0.745175 1.23156 0.977705 0.946266 0.952937 0.942538 0.935875 0.906308 0.940526 0.868867 0.96619 0.773336 0.818594 0.765931 0.802412 0.756906 0.711076 0.67712 0.716804 0.670721 0.669173 1.15395 1.35843 0.912167 0.752181 0.999363 0.736205 0.665815
threshold=0 0.064394081376389259 1.0950000000000004 1 56.500000000000007 9.6612500000000008 2 19.500000000000004 -5.3840856703407258 2471714.2021500007 5.5186500000000009 0.015307425871944997 4.5000000000000009 2.2428000000000003 0.097443245320275512 0.012579581266005448 4.5000000000000009 0.12212229268929116 -0.0092714536372372463 6.6102000000000007 8.0384500000000028 771086.04290000012 6.233158407865159 3.8891376390962078 5.6352000000000011 -0.4359122999964522 0.11560422008779168 1.8650000000000004 0.098597694368655189 0.55500000000000016
decision_type=9 2 2 9 2 2 9 2 2 2 2 2 2 10 2 2 2 2 2 2 2 2 2 2 2 2 2 2 2 8
left_child=1 -1 5 4 9 6 7 18 -8 10 -4 12 -10 -7 17 16 21 -15 -2 -20 -21 -13 23 25 -25 -5 27 -26 -27 -30
right_child=2 -3 3 22 -6 13 8 -9 11 -11 -12 15 -14 14 -16 -17 -18 -19 19 20 -22 -23 -24 24 26 28 -28 -29 29 -31
leaf_value=-0.03188338613130258 -0.022893706759075611 0.0036429216126547602 0.102865698901713 0.065459940520090062 -0.018898686362950376 0.099383914277031721 0.024222576604121197 -0.033842390361787718 -0.012956345781355048 -0.038804791861564963 0.012655856036126104 -0.048400120772031908 0.06957445792263986 -0.00072159348205866813 0.0084972069056967105 -0.046989288285238601 0.031039338696791353 0.076443157872455925 0.057901043921405417 -0.034835792171854348 0.051441834539278801 0.0048936811709802668 -0.034235845746867707 -0.060820826041340308 0.066922422926088215 -0.062820789694947185 0.088965791371696551 -0.0084051901566647141 -0.048207274564517462 0.0059890396725338141
leaf_weight=6.6535466976991193 0.39665573371439045 2.0122180215697361 0.32583014181726211 0.60933608122502647 14.587202923760975 0.37375172266553036 1.490512072554895 0.46066552714513065 1.1164981370202047 0.75114269204257889 2.5518087899728776 1.3968590029307875 0.51969220103055747 0.44937384075718556 2.8294936413818137 2.7981949582295047 0.83231296455236314 1.0853223648283994 3.2910477123189477 0.46047060818464136 0.5044882217982305 1.0225529794754376 0.94552096429099819 0.30912855762455294 0.93668677913980047 0.41110355181835956 0.84064576787560086 0.83087238555215903 0.58088796334811488 23.203615109849146
leaf_count=2028 34 1455 347 103 3280 19 161 129 122 282 2443 255 182 52 408 363 116 213 398 82 53 86 332 93 181 207 167 381 325 6472
internal_value=-0.00040647 -0.0109723 0.00229864 -0.000739509 -0.0084709 0.0109925 0.00457215 0.0116318 -0.0057601 0.0101037 0.0228702 -0.0190686 0.0132574 0.0303568 0.0244453 -0.0278111 -0.0113077 0.0538486 0.0411345 0.0471019 0.0102708 -0.0258757 0.0052846 0.00853879 0.0382846 0.00504035 0.0500307 0.0315133 0.00351876 0.00466541
internal_weight=74.5774 8.66576 65.9117 46.8838 18.216 19.0279 14.29 5.11333 9.17662 3.62878 2.87764 7.68611 1.63619 4.73794 4.36419 6.04992 3.25172 1.5347 4.65266 4.25601 0.964959 2.41941 28.6678 27.7223 2.91733 24.8049 2.6082 1.76756 24.1956 23.7845
internal_count=20769 3483 17286 14613 6352 2673 1981 696 1285 3072 2790 1124 304 692 673 820 457 265 567 533 135 341 8261 7929 822 7107 729 562 7004 6797
cat_boundaries=0 5 9 13
cat_threshold=303040344 855658626 1093145752 403178016 1 4509857 2155021345 2190682400 570458192 4456449 74646597 2182088801 536872968
is_linear=0
shrinkage=0.05


Tree=32
num_leaves=31
num_cat=2
split_feature=22 7 20 13 17 4 22 13 9 9 8 7 4 20 21 13 2 7 2 3 9 20 2 1 11 4 9 1 14 0
split_gain=1.03982 0.684772 0.962567 0.654062 0.640486 0.686885 0.814342 1.71143 1.24458 1.11381 1.54089 1.01457 1.13335 1.00824 0.95357 0.933695 0.989441 0.880033 0.870424 0.84377 0.84807 0.821929 1.32061 1.09785 1.06537 0.909414 0.932853 1.23628 1.03641 1.02933
threshold=0 2.6750000000000003 0.43437243642329787 0.097704014393600783 34.500000000000007 21.022900000000003 1 0.099509601548753226 -3.6421354926024603 5.9844039765299621 1.3650000000000004 1.0150000000000003 9.4856000000000016 0.46255715641445955 0.17595459236326114 0.10080972987149218 -0.1441579616426242 2.0350000000000006 -0.28209439348842857 143791.74005000002 3.7543894234915669 0.21483516483516488 -0.23016283277332636 0.025036708591742455 0.0078456276069104602 5.5186500000000009 0.21750958035673398 0.070157391369832026 0.64116499442586405 0.095520242879944137
decision_type=9 2 2 2 2 2 9 2 2 2 10 2 2 2 2 2 2 2 2 2 2 2 2 2 2 2 2 2 2 2
left_child=1 -1 -3 -2 -5 6 7 8 -6 10 11 12 -9 15 18 21 -17 -12 -13 -16 -21 24 23 -23 -8 -24 27 -27 29 -28
right_child=3 2 -4 4 5 -7 13 9 -10 -11 17 14 -14 -15 19 16 -18 -19 -20 20 -22 22 25 -25 -26 26 28 -29 -30 -31
leaf_value=-0.034984480549807427 -0.048426020575625763 -0.012024438012057822 0.11931587341639474 0.02922399985323218 -0.043790385593260955 0.024939257541229255 0.057021636404305222 0.0099771510194850369 0.085597849501687862 -0.061286981001200849 0.06552432067620452 0.063824545968709276 0.076825192852721283 -0.047853751791991167 0.083923338734487776 0.047814551676951686 -0.017110704986088392 0.001713288946366487 0.0030247672876535263 -0.025746533725088519 0.060930980629376956 -0.049121459070826379 -0.025490445672959678 0.0035839561999952817 0.00078442387725283301 -0.016992317417550095 0.076173882384298716 0.087413280681564148 -0.0069547553660620851 0.01673602937941767
leaf_weight=5.8499390521961319 0.62560236686245119 0.85842191730312523 0.16656890449324313 2.2395906469477032 0.22087304928132567 3.1127633752210491 0.88476284137719829 2.5203239209604309 1.1722499645329874 0.57030469099831904 1.7373725083849945 0.71430992240109459 0.84718770420006828 1.2525183698669327 0.19730864219505395 1.7774619748821021 0.87603288516824829 0.78419785789805185 3.3465919367647854 5.4281847414683586 0.29767689306185197 3.4341022065114064 3.8462102326003071 1.387134282685939 17.48975184230774 5.7657124110851399 1.0040138226444337 0.29820013251262523 2.9042291588113804 2.6534346775480104
leaf_count=2025 367 867 74 2851 47 1598 81 292 309 183 371 39 83 131 49 168 422 399 388 1424 67 437 866 104 2698 1929 97 85 977 1341
internal_value=-0.000394261 -0.0115618 0.00931937 0.00214278 0.0029376 0.00202519 0.000863724 0.00760816 0.065084 0.00736556 0.00983217 0.00306209 0.0267946 -0.0029631 -0.0049426 -0.00233468 0.0263799 0.0456794 0.0137194 -0.0177372 -0.0212403 -0.00425549 -0.0109414 -0.0339574 0.00349234 -0.00420466 0.00227975 -0.011858 0.0153451 0.0330524
internal_weight=74.263 6.87493 1.02499 67.3881 66.7625 64.5229 61.4101 17.8366 1.39312 16.4435 15.8732 13.3516 3.36751 43.5736 9.98407 42.321 2.65349 2.52157 4.0609 5.92317 5.72586 39.6676 21.293 4.82124 18.3745 16.4718 12.6256 6.06391 6.56168 3.65745
internal_count=20769 2966 941 17803 17436 14585 12987 3651 356 3295 3112 2342 375 9336 1967 9205 590 770 427 1540 1491 8615 5836 541 2779 5295 4429 2014 2415 1438
cat_boundaries=0 5 9
cat_threshold=301991768 587223170 1101665432 402686496 1 3355443362 68485452 672399428 635442188
is_linear=0
shrinkage=0.05


Tree=33
num_leaves=31
num_cat=2
split_feature=22 18 1 8 0 13 6 0 21 16 17 22 3 2 14 8 0 14 2 4 20 3 13 3 3 13 20 4 7 10
split_gain=0.939482 1.00197 0.866887 0.651619 0.640117 0.606655 0.580651 0.554135 0.780413 0.663771 0.703074 0.764462 0.970859 0.908154 0.919867 0.900853 0.880936 1.03688 0.721997 0.825795 0.707761 1.01317 0.838618 0.706681 1.06771 0.725867 0.699098 1.12595 1.11564 1.43143
threshold=0 22.500000000000004 -0.0031729252659485336 5.495000000000001 0.49906311654416585 0.097704014393600783 10.948650000000002 0.77832330264176108 0.17274535809018571 2.5000000000000004 35.500000000000007 1 3934302.0269500003 -0.40662764941202961 0.76479125757705124 0.68500000000000016 0.32764576986116917 0.92595280331129393 -0.26182473186673388 4.9876000000000014 0.20670914542728638 251315.96625000003 0.09977473229637758 276265.65065000003 346091.96800000005 0.10028469765311866 0.21280737704918035 9.199250000000001 1.9550000000000003 0.1062002189353257
decision_type=9 2 2 8 2 2 8 2 2 2 2 9 2 2 2 8 2 2 2 2 2 2 2 2 2 2 2 2 2 2
left_child=1 4 -3 5 6 -2 -1 9 -9 10 18 12 13 -12 20 -16 -17 -18 -7 -20 21 -15 -23 25 -25 -22 27 28 29 -13
right_child=3 2 -4 -5 -6 7 -8 8 -10 -11 11 26 -14 14 15 16 17 -19 19 -21 23 22 -24 24 -26 -27 -28 -29 -30 -31
leaf_value=-0.041434740292789596 -0.047761918410820156 0.22307886890756154 -0.045856758548980407 0.074903519380006237 0.0076539030262274283 0.094773094916087194 0.031463819535682967 0.037426917146994025 0.0026388296393766017 -0.020807110860585117 0.072770546188348315 0.02644547429244485 -0.029329588851365634 0.054657440847318939 -0.019423102931085727 0.073525937825156318 -0.045100807016011463 0.095563528875636142 0.088847042761964742 -0.0041223889439902265 -0.060575197321857413 0.027359089648436238 -0.034370510450360818 0.078072080700704455 0.015136854396914527 0.035217599211648361 -0.0095259747639605159 -0.011998126627966512 -0.020866959408767243 -0.043177978590689899
leaf_weight=5.1587495426068566 0.60767741977673395 0.072911061619643294 0.050870953210817291 0.30765055195392577 0.91349050137766585 0.37555556529008982 0.2884327986621783 2.6068090343393466 4.225081840951626 3.3312928101875121 0.70421404437993196 8.6729538254113407 1.2062458255012458 0.52120357143341989 0.51121374877304671 1.6005834868792308 0.39143866853574394 0.19691133232780311 0.30727660482957286 1.0726542224393003 0.53117558069219784 0.70863944304989912 2.4607499110929032 0.78706857656618723 4.6875780121774211 0.31504973622016286 21.517958167772708 7.0433219166342509 1.9661088423556368 0.80692812921950086
leaf_count=1433 359 66 385 141 946 222 197 587 3128 1464 75 846 98 90 78 191 130 39 314 1738 229 88 310 151 920 77 5033 1047 301 86
internal_value=-0.000384717 -0.011147 0.112554 0.00200486 -0.0310792 0.00196944 -0.0375747 0.00242356 0.0159127 0.000880316 0.00216164 0.00116077 0.00809868 0.0175006 0.0144387 0.0403379 0.0542948 0.0019773 0.0333077 0.0165796 0.00745352 -0.0099447 -0.0205685 0.0176119 0.0241848 -0.0249115 -0.00271949 0.0037311 0.0134101 0.0205191
internal_weight=73.9478 6.48445 0.123782 67.4633 6.36067 67.1557 5.44718 66.548 6.83189 59.7161 56.3848 54.6293 14.6221 13.4158 12.7116 2.70015 2.18893 0.58835 1.75549 1.37993 10.0115 3.69059 3.16939 6.32087 5.47465 0.846225 40.0073 18.4893 11.446 9.47988
internal_count=20769 3027 451 17742 2576 17601 1630 17242 3715 13527 12063 9789 2476 2378 2303 438 360 169 2274 2052 1865 488 398 1377 1071 306 7313 2280 1233 932
cat_boundaries=0 5 9
cat_threshold=276825944 855658626 1093276824 402653280 1 2348810370 71175501 806617152 557851916
is_linear=0
shrinkage=0.05


Tree=34
num_leaves=31
num_cat=1
split_feature=22 1 0 8 9 13 2 11 18 4 2 14 19 7 13 18 14 4 3 2 7 2 11 6 6 19 5 2 8 4
split_gain=0.834949 0.691248 1.18222 1.81829 0.654456 0.596509 0.952659 0.84992 0.738492 0.846949 1.50866 0.824633 0.714234 0.798396 0.730693 1.12251 1.28918 1.70441 0.855112 0.733652 0.692311 1.08226 0.678637 0.674272 0.751917 1.05436 1.15071 0.863387 0.769497 0.827106
threshold=0 0.091252980320985069 0.048170194824599173 1.0850000000000002 6.233158407865159 0.10057637366287954 0.049638871506049183 0.086614173228346497 6.5000000000000009 10.201500000000001 0.060167780562517266 0.73375527426160347 7.5000000000000009 1.4750000000000003 0.09962523057331997 6.5000000000000009 0.18227964928472545 3.8673000000000006 882774.36820000014 -0.45339264834843612 1.5950000000000004 -0.30865458543058349 0.13935677000817173 3.4075000000000002 8.0463500000000021 5.5000000000000009 2069041161.4050002 0.27688380270866758 0.85500000000000009 11.376150000000001
decision_type=9 2 2 8 2 2 2 2 2 2 2 2 2 2 2 2 2 2 2 2 2 2 2 8 8 2 2 2 10 2
left_child=4 5 -3 -4 -1 6 12 -7 -8 10 -10 -12 14 -14 15 18 17 -17 -2 -16 21 -18 -21 -11 25 26 27 28 -25 -30
right_child=1 2 3 -5 -6 7 8 -9 9 23 11 -13 13 -15 19 16 20 -19 -20 22 -22 -23 -24 24 -26 -27 -28 -29 29 -31
leaf_value=0.011910777626480863 0.14721145878377564 0.056092418003001888 -0.041997780779659981 0.044886670793258192 -0.036873507621863651 -0.034266042332431301 -0.024277010423560431 0.023276995398711007 0.10636719039754226 -0.061836297086893192 -0.0016737168128868386 -0.048999378615700306 0.093379823971412979 -0.019399295269446365 0.023203812442895339 -0.046230388939203483 0.098481405499868585 0.096702164938146776 0.0084493316797750739 -0.01610963901191366 -0.042961427730580121 -0.02282574646703589 -0.059705144230772222 -0.022009433762821568 0.0089005279446246859 0.10800007019665024 0.10307400200748816 -0.036757453770371346 -0.013068422614685353 0.098636915172226253
leaf_weight=18.725586977949643 0.23654243832348373 1.2583796479466918 1.3614355838859753 1.0797517615450047 0.71368278697749943 0.79117529412068766 2.0538587658529002 3.3965557448983743 0.27155794472995065 0.25033251685312907 3.2834687575104256 1.2790163989488594 0.33543666627604868 0.29488465254248136 1.1476332492941974 0.31776761438649648 0.26080518787409401 0.6069464796578955 0.20923109953592159 25.624150744989262 1.4798751455324914 0.62325681181154369 0.92489771685826028 0.38497099295663151 4.4000761563428776 0.49939819350397519 0.41052494421353669 0.63206548081313796 0.23897569170636856 0.54052719672608551
leaf_count=4080 161 102 414 509 195 290 831 1196 110 109 1438 460 242 1117 127 42 103 102 87 4939 429 132 106 120 2268 660 40 131 52 177
internal_value=-0.000373335 -0.00349272 0.0167249 -0.00356827 0.00668224 -0.00566573 -0.00730001 0.0124056 0.00345926 0.00813211 -0.00812607 -0.0149407 -0.0120803 0.0406181 -0.0131371 0.0076244 -0.00246815 0.047585 0.0820812 -0.0159365 -0.0220477 0.0129608 -0.0176284 0.018815 0.021656 0.0423934 0.0275485 0.0102902 0.0358273 0.0643909
internal_weight=73.6328 54.1935 3.69957 2.44119 19.4393 50.4939 46.3062 4.18773 14.2448 12.1909 4.83404 4.56249 32.0614 0.630321 31.4311 3.73442 3.28865 0.924714 0.445774 27.6967 2.36394 0.884062 26.549 7.35687 7.10654 2.70646 2.20706 1.79654 1.16447 0.779503
internal_count=20769 16494 1025 923 4275 15469 13983 1486 6396 5565 2008 1898 7587 1359 6228 1056 808 144 248 5172 664 235 5045 3557 3448 1180 520 480 349 229
cat_boundaries=0 4
cat_threshold=2281701376 67436908 676593733 633351309
is_linear=0
shrinkage=0.05


Tree=35
num_leaves=31
num_cat=3
split_feature=22 0 7 1 13 2 8 7 9 16 6 8 22 22 10 7 6 5 2 5 5 3 2 20 4 10 21 3 10 9
split_gain=0.86462 0.668842 0.651041 0.889864 0.560928 0.544608 0.536044 0.491795 0.576951 0.909579 0.750963 0.551765 1.13359 1.03798 1.14257 0.954748 1.45383 0.867086 0.849308 0.787554 2.02941 1.04004 1.14243 0.964145 0.929902 0.909928 1.035 0.860985 0.860661 0.851615
threshold=0 0.65839853065558096 2.6750000000000003 -0.013246940519425097 0.097704014393600783 0.0031364563453806231 5.495000000000001 0.58500000000000008 -0.80290505674442392 1.5000000000000002 2.6685500000000002 0.72500000000000009 1 2 0.10747810405493521 0.96500000000000008 2.7915500000000004 46499445.125000007 -0.3736542036362287 65113160.000000007 116186778.80000001 471865.35725000006 -0.34583762226585762 0.11451990632318503 5.6352000000000011 0.074074074074073973 0.18469785575048733 589548.19280000008 0.1100100091163309 1.0284245317664256
decision_type=9 2 2 2 2 2 8 2 2 2 8 10 9 9 2 2 8 2 2 2 2 2 2 2 2 2 2 2 2 2
left_child=1 2 -1 -4 -2 -3 7 8 10 -10 -6 13 18 14 15 -9 -17 -14 -13 -20 29 -22 -23 -24 25 26 -25 28 -26 -21
right_child=4 5 3 -5 6 -7 -8 11 9 -11 -12 12 17 -15 -16 16 -18 -19 19 20 21 22 23 24 27 -27 -28 -29 -30 -31
leaf_value=-0.041445478060637385 -0.046261233094611942 0.20124983269089097 0.18487147907271584 -0.0088703091514840734 0.05600769168781642 0.0069559633131804468 0.068342984525444711 0.082126494352918994 -0.032857622205827337 0.0495717670021023 -0.0007093062241915871 -0.055146738501577836 0.07338530448538462 -0.012650763001059854 -0.034189310814968711 -0.053927624203761862 0.042806192605832537 0.0087956108981906075 -0.062472913310433309 0.069014584577555035 -0.036357422394582527 0.10040813422753568 -0.04984487797160625 0.12416144239762095 0.016179908278180308 -0.060743012135522079 -0.028893533467906508 8.8400792714953189e-05 0.11812867335112837 -0.013588159388229357
leaf_weight=4.627695418413686 0.59149035623089119 0.038038987204731201 0.063601949611965747 0.86968378578160033 1.5222239246963984 0.69559002494228328 0.30904820700248947 0.94943431135775513 0.99288998361726077 0.5048310742993033 0.94651917607400471 0.93728686133345362 0.5278228119551106 6.3242191910637793 0.61980834683576747 0.4898830254274289 1.8752672849979597 33.385056845532191 0.60123403433894651 1.2411939442922721 3.0028292309575528 0.25919482189076859 1.1188981160545814 0.16202011931916227 0.6014628007053352 1.1252667385248036 0.34705574050927024 7.8966606851107013 0.31566826408132909 0.41681255975949616
leaf_count=1402 371 85 14 700 130 841 141 108 153 108 88 190 244 2106 81 91 681 8460 222 268 1346 21 29 43 370 260 122 1884 32 178
internal_value=-0.000364404 -0.0107557 -0.0337626 0.00433289 0.00192732 0.0170302 0.00264606 0.00233919 0.0194093 -0.00507347 0.0342623 0.00125059 0.00334355 -0.00934591 0.0079399 0.0397723 0.0227701 0.007569 -0.00566331 -0.00626331 -0.00421351 -0.0100792 -0.00340684 -0.00573313 -0.00100917 -0.0356493 0.0198182 0.00541415 0.0512698 0.0482488
internal_weight=73.3587 6.29461 5.56098 0.933286 67.0641 0.733629 66.4726 66.1635 3.96646 1.49772 2.46874 62.1971 51.9385 10.2586 3.93439 3.31458 2.36515 33.9129 18.0256 17.0883 16.4871 14.8291 11.8262 11.567 10.4481 1.63434 0.509076 8.81379 0.917131 1.65801
internal_count=20769 3042 2116 714 17727 926 17356 17215 479 261 218 16736 13669 3067 961 880 772 8704 4965 4775 4553 4107 2761 2740 2711 425 165 2286 402 446
cat_boundaries=0 5 9 13
cat_threshold=268437336 855658626 1093342360 402686048 1 38576261 2148574260 2189429538 3259105304 4497568 67175464 2424307745 549650440
is_linear=0
shrinkage=0.05


Tree=36
num_leaves=31
num_cat=2
split_feature=22 17 2 0 7 13 15 22 8 9 17 3 7 7 15 14 4 6 11 2 19 8 2 2 18 9 20 16 3 11
split_gain=0.739139 0.911992 0.828163 0.737072 0.614477 0.68913 0.893301 0.870215 1.09172 0.987062 0.867642 0.863479 0.793573 1.30967 1.21272 0.850904 0.839501 0.730424 0.853533 0.798788 0.678566 0.676369 0.662552 0.866002 0.660594 0.627293 0.736672 0.705944 0.903993 0.985732
threshold=0 55.500000000000007 -0.27149391263629669 0.20172122816590082 0.58500000000000008 0.10046838664385062 6.5000000000000009 1 1.3350000000000002 6.1151454139592563 35.500000000000007 1242411.5000000002 1.6450000000000002 1.6150000000000004 1.5000000000000002 0.59476565172767715 4.5844500000000012 6.950800000000001 0.064397122024240666 -0.41893116896806148 7.5000000000000009 1.5550000000000004 -0.30128940476819394 -0.27710843373493971 7.5000000000000009 7.405579320682965 0.12066779374471683 1.5000000000000002 391376.98600000009 0.059482250654973527
decision_type=9 2 2 2 2 2 2 9 8 2 2 2 2 2 2 2 2 8 2 2 2 8 2 2 2 2 2 2 2 2
left_child=1 2 -1 -4 -2 7 11 8 20 24 -9 21 13 16 22 -15 -12 -16 -19 -20 -6 -7 -14 -24 -10 26 -18 28 -28 -30
right_child=4 -3 3 -5 5 6 -8 10 9 -11 12 -13 14 15 17 -17 25 18 19 -21 -22 -23 23 -25 -26 -27 27 -29 29 -31
leaf_value=0.097171134453502617 0.021261433148312175 -0.034194803655457524 -0.046064803185103705 0.027282164309970616 0.0013078206882759372 0.0082232148017051237 0.060872908899215185 0.032972510493832922 -0.027978490749124865 -0.047032055584734708 -0.027344829435633877 -0.043553443785458383 -0.047281039300305715 0.10457688691053252 -0.039228436838528349 0.008657545929262685 -0.029783647349876419 0.098281158223242557 0.11060597345967781 -0.020467357619497518 0.055216122282021232 0.06038332454980519 0.10216727230879774 0.0049970556550688293 0.048911361487084068 0.071495817580015317 -0.025795611276101402 -0.018870593441714358 -0.046272403484586444 0.018866318159757804
leaf_weight=0.22763989450694166 3.9027106151628095 5.2623011956079209 0.62305577932269407 0.76071735984302125 15.912408010079824 4.2774976946607 0.95126419698258047 1.3349882937025643 0.30784990444984872 0.34525709226006585 3.3791325071019136 0.69821842546976132 0.55553173983424597 0.45857947874598509 5.5828449174412755 0.46632845063598366 1.9883931680470652 0.1726859462023288 0.12060137343540933 3.2116794658601928 0.60597199963958459 0.72716230739771148 0.2445811667826544 3.6684937400360944 3.0165956579706092 0.30146516695020054 1.6296196085443444 2.9749594015558083 0.62202280435677515 8.7619282582277691
leaf_count=71 535 1632 393 922 2719 1331 295 1770 302 200 541 223 54 50 1825 54 58 93 8 1359 780 328 20 1542 1050 53 619 594 127 1221
internal_value=-0.000442404 -0.00982417 0.00879545 -0.00574294 0.00175067 0.000809689 0.016017 -0.00100828 0.00586206 0.0334344 -0.00512575 0.00853489 -0.00811701 -0.00193025 -0.0175102 0.0562154 -0.00466607 -0.0279968 -0.0101067 -0.0157236 0.00328543 0.0158019 0.00381634 0.0110705 0.0417912 4.1678e-05 -0.00130657 0.00274129 0.00857903 0.0145485
internal_weight=73.0925 6.87371 1.61141 1.38377 66.2188 62.3161 6.65414 55.6619 20.1881 3.6697 35.4738 5.70288 34.1388 20.5824 13.5564 0.924908 19.6575 9.08781 3.50497 3.33228 16.5184 5.00466 4.46861 3.91307 3.32445 16.2784 15.9769 13.9885 11.0136 9.38395
internal_count=20769 3018 1386 1315 17751 17216 2177 15039 5051 1552 9988 1882 8218 3317 4901 104 3213 3285 1460 1367 3499 1659 1616 1562 1352 2672 2619 2561 1967 1348
cat_boundaries=0 5 9
cat_threshold=277874648 587223170 1092752536 402653280 1 3355574304 461064 2693005381 2245275788
is_linear=0
shrinkage=0.05


Tree=37
num_leaves=31
num_cat=2
split_feature=22 11 9 8 4 6 3 0 22 9 1 20 7 3 11 0 2 14 13 13 20 8 6 2 21 0 13 21 13 6
split_gain=0.713767 0.589527 0.948799 1.71 0.658273 0.871436 1.15427 1.19626 1.03452 0.838865 0.868712 1.02843 0.960666 1.46719 0.849653 0.701486 0.716633 0.960311 0.70117 1.03192 0.828044 0.824336 1.01149 0.863755 0.884415 0.768378 0.74238 1.50694 1.15347 1.08045
threshold=0 0.0078456276069104602 -0.46488472433408029 1.175 6.0484000000000009 2.4861500000000003 1977910.3940500002 0.077829416370603144 1 3.1810150979762257 0.006000035928574011 0.1356236786469345 1.8050000000000004 442163.12925000006 0.10714285714285729 0.65839853065558096 -0.41893116896806148 0.58339380745041136 0.099381821495445291 0.099137931034482776 0.16051822573561705 0.93500000000000016 8.522000000000002 0.27688380270866758 0.19604037267080748 0.011292943672787758 0.099915504481439502 0.14160401002506268 0.099999261349367 7.6325000000000012
decision_type=9 2 2 8 2 10 2 2 9 2 2 2 2 2 2 2 2 2 2 2 2 10 10 2 2 2 2 2 2 8
left_child=-1 2 -2 -4 9 6 7 -6 18 10 12 -12 -3 14 -14 16 17 -10 19 -7 -20 22 -22 24 -24 -23 27 -27 -28 -29
right_child=1 4 3 -5 5 8 -8 -9 15 -11 11 -13 13 -15 -16 -17 -18 -19 20 -21 21 25 23 -25 -26 26 28 29 -30 -31
leaf_value=0.0059611435290068873 0.053636004993976853 -0.034987181024005519 -0.045553219206082567 0.0606323910398264 -0.0012215942307481093 0.0068399961540301264 -0.053056540180982353 0.073483256829583163 0.071869056976018669 -0.051095628200500856 0.052646927497343676 -0.0053866893583289542 0.018856181926322328 -0.025135493070459709 0.13765035563020875 0.0091114178726181879 -0.021259331474913878 -0.025780998603334826 -0.023528108981032893 0.12338301582081375 -0.020368284906674979 0.066528113574390008 0.095845458332726452 -0.03284466814732618 -0.019941042848503246 -0.051038399126386969 -0.050418307313153589 0.10386385797779008 0.016053782994494597 0.0012765592670491801
leaf_weight=20.328910886598834 1.1308412442919746 4.6903144069310416 1.0185166826079552 0.60397335048509182 0.95788730672539535 0.46211796763422253 0.38791455217924964 1.2163610563614689 0.4965869346823546 1.4085554853456095 0.89528954078431588 5.1823582979801355 0.34361001037345229 1.1380595738982975 0.26785226992979994 2.7220190338914767 14.445452083632263 0.51069784514683958 2.01292660090503 0.32248766965685594 3.2689178334071061 0.82233637008838734 0.57231776806206558 0.33735456663029806 0.2316871000619527 0.31400608966731769 0.75657242499989319 0.82652940984563439 4.7505368394206196 0.37225714991444758
leaf_count=4503 174 792 221 218 82 207 127 321 57 487 70 1333 127 357 92 2389 4532 57 350 116 1044 112 156 161 347 61 185 274 1538 279
internal_value=-0.000429958 -0.00339533 0.0184785 -0.00602553 -0.00528979 -0.00170066 0.0263959 0.0405713 -0.00386735 -0.0145131 -0.0103966 0.00316216 -0.0231927 0.00842713 0.0708942 -0.00922018 -0.018416 0.02236 0.00524088 0.0547414 0.00619216 0.0110748 -0.00621924 0.0343044 0.0624797 0.0208005 0.0154439 0.0464673 0.00692178 0.0720076
internal_weight=72.7952 52.4663 2.75333 1.62249 49.713 35.787 2.56216 2.17425 33.2248 13.926 12.5175 6.07765 6.43984 1.74952 0.611462 18.1748 15.4527 1.00728 15.05 0.784606 14.2654 12.2525 4.41028 1.14136 0.804005 7.84224 7.0199 1.51279 5.50711 1.19879
internal_count=20769 16266 613 439 15653 12395 530 403 11865 3258 2771 1403 1368 576 219 7035 4646 114 4830 323 4507 4157 1708 664 503 2449 2337 614 1723 553
cat_boundaries=0 4 8
cat_threshold=2281701376 201654636 676593733 635452429 110813221 269135872 2181144832 3221864832
is_linear=0
shrinkage=0.05


Tree=38
num_leaves=31
num_cat=2
split_feature=0 22 8 8 22 20 1 7 6 9 5 9 13 6 2 15 20 6 21 0 20 0 9 11 11 13 20 19 0 4
split_gain=0.678916 0.951469 1.81806 1.05854 1.12867 1.32909 0.978015 0.964314 0.914114 1.08668 0.875159 0.905758 0.89907 0.871893 0.854934 0.809342 0.793482 0.791362 0.803136 0.77796 0.748571 0.98442 0.934406 0.746808 0.733115 1.02619 0.732729 0.717793 0.92052 0.659985
threshold=0.62634989633990801 0 0.83500000000000008 0.87500000000000011 1 0.30212080335731423 -0.0072133500294468958 0.8650000000000001 5.3563000000000001 -3.8083152042542916 106824039.48 0.80848934236194003 0.099538809483296423 6.4021500000000007 -0.028191885901525823 2.5000000000000004 0.24165739710789771 8.5943500000000022 0.13284313725490199 0.070309462311057044 0.26953601953601958 0.16441448862369182 2.1678939692318826 0.12501407974769099 0.077356530276708621 0.09985959942716173 0.41048534798534803 7.5000000000000009 0.095520242879944137 21.318400000000004
decision_type=2 9 8 8 9 2 2 2 10 2 2 2 2 10 2 2 2 8 2 2 2 2 2 2 2 2 2 2 2 2
left_child=1 2 7 6 5 10 -3 -1 9 -7 11 -5 -12 14 15 16 -9 27 -19 -17 22 -22 -14 -20 -11 -26 -27 -8 -29 -10
right_child=-2 3 -4 4 -6 8 17 13 29 24 12 -13 20 -15 -16 19 -18 18 23 -21 21 -23 -24 -25 25 26 -28 28 -30 -31
leaf_value=0.081431078834209067 0.01085706806066208 -0.04801105351265577 -0.0018039443349439563 0.087377755422278811 -0.0081749034161131152 0.080531883643929908 -0.018623023987371989 0.070087907986780745 -0.039085155354823126 -0.047941776289657616 -0.045473248592988881 -0.014861368639906012 0.00066041416980382205 0.056495535867680448 -0.053955961920144839 -0.05392193962571426 -0.0037107780314398139 0.10642348666536541 -0.0037057140611146825 0.038910353204755457 0.10090070360273029 0.012951089995456464 0.046296722605929964 0.11405474919999624 0.075732303220779174 -0.029133464186736721 0.045246354084186931 0.089651018569861157 -0.033378738819283688 0.04138821248429559
leaf_weight=0.89388264054272593 11.342844889513534 2.1373237159705836 10.63227572915117 0.95575323562030678 13.38194079400745 0.48237349058633716 13.352261991336663 0.97549210659101415 2.1203474601604864 0.63467746428229377 0.50836164505566994 0.28012162642629856 3.5342217678801475 1.4293363604956173 0.45695863639954382 0.55680280555114348 0.58127044864433619 0.22555702781867615 1.6036560719437407 0.37950291506069278 0.65129160766059158 0.62204120051456779 1.6431107793379389 0.14697128185907171 0.50154700828495213 1.0865412176270852 0.47623859300560067 0.35149686521907625 0.26793003957994316 0.28957840628531117
leaf_count=120 6859 351 2471 254 3292 80 2273 65 427 148 152 138 701 487 221 54 194 67 841 71 74 154 315 34 116 196 42 72 394 106
internal_value=-0.000377924 -0.00246162 0.00620181 -0.00563244 -0.000637888 0.00730738 -0.0162498 0.0341045 -0.00618701 0.0114087 0.0254315 0.0642044 0.0185457 0.0244445 0.00891527 0.020439 0.0425326 -0.0119932 0.0176222 -0.0162952 0.0235908 0.0579361 0.0151438 0.00618069 -0.000945128 0.013504 -0.0064671 -0.0161821 0.0364351 -0.0294154
internal_weight=72.5017 61.1589 15.9055 45.2533 27.1681 13.7862 18.0852 5.27325 5.5913 3.18138 8.1949 1.23587 6.95903 4.37936 2.95003 2.49307 1.55676 15.9479 1.97618 0.936306 6.45067 1.27333 5.17733 1.75063 2.699 2.06433 1.56278 13.9717 0.619427 2.40993
internal_count=20769 13910 3683 10227 6195 2903 4032 1212 1115 582 1788 392 1396 1092 605 384 259 3681 942 125 1244 228 1016 875 502 354 238 2739 466 533
cat_boundaries=0 4 8
cat_threshold=469794818 68552044 940834912 624960780 2694594565 141041681 38330628 1109196801
is_linear=0
shrinkage=0.05


Tree=39
num_leaves=31
num_cat=2
split_feature=22 4 21 7 9 13 16 21 13 15 22 15 8 2 17 9 9 6 2 5 8 11 3 5 3 1 11 0 2 8
split_gain=0.625608 0.703388 1.08272 0.673178 0.681794 0.879297 0.863776 0.647321 0.563234 0.80355 0.75627 0.857563 0.808493 1.04088 1.05635 1.02848 1.01329 0.819362 0.871385 0.929766 0.779467 0.776746 0.73371 0.735837 0.706793 0.684838 0.728121 1.48072 0.67644 0.712608
threshold=0 9.9314000000000018 0.13777285669092063 0.58500000000000008 -0.80290505674442392 0.1001049135265988 1.5000000000000002 0.10102040816326532 0.10049525592651477 6.5000000000000009 1 4.5000000000000009 0.89500000000000013 -0.23016283277332636 88.500000000000014 -3.8083152042542916 4.8796644863462699 9.7938500000000008 -0.28209439348842857 205756370.10000002 0.95500000000000007 0.1201246183372101 416368.31575000001 133363481.78000002 1242411.5000000002 0.010101010101010057 0.12199760632675073 0.64279174913559045 -0.47634589083675244 1.2150000000000001
decision_type=9 2 2 2 2 2 2 2 2 2 9 2 10 2 2 2 2 8 2 2 10 2 2 2 2 2 2 2 2 8
left_child=1 -1 7 4 5 -2 -6 -3 10 24 28 12 17 20 22 -16 -17 18 19 -12 -14 -22 -15 -24 -10 26 -25 -28 -5 -30
right_child=3 2 -4 8 6 -7 -8 -9 9 -11 11 -13 13 14 15 16 -18 -19 -20 -21 21 -23 23 25 -26 -27 27 -29 29 -31
leaf_value=-0.034975338583107862 0.064341287298677913 -0.0095345287883427995 -0.023154209973104963 0.06477939587555305 -0.029833932544451092 0.00026602410902912645 0.048171334928905796 0.082139124707585512 0.014825540513070834 0.062673958077148317 -0.024813609082030147 -0.021199230544617333 0.039895027650598963 -0.031696413316462127 -0.034125572851569551 0.056208419341160602 -0.023797364918302512 0.028997134518952108 -0.024731419962404563 0.043257137327812459 -0.033933561383496021 0.040486815357362482 0.064114287164069472 -0.023656767583014045 -0.042544146608441837 0.024551524570199348 0.1347149652078182 -0.036280420020993326 0.00033185201483679569 0.020317605991756343
leaf_weight=4.198375167456307 1.3952966593864806 0.31679037208827093 1.8566503848139002 0.50169709695768006 1.0348862592837156 0.86881049828244639 0.54010623705668082 0.49104645541160558 4.583445019272494 0.77540528563516087 0.92409847251565302 7.6994171847635959 0.52997020982430809 1.3078090188853666 0.47062310826541676 2.8078562183177374 0.46069358017369122 1.0700965670713909 7.7341805338456222 1.0973056974129005 3.0158002740456236 0.39674489757001641 0.56253140518193401 2.4011972858154724 0.60809553490223223 2.2597051757047146 0.23382301742402889 0.27609235650130204 15.568477565180826 6.2509673640882957
leaf_count=1432 132 53 1299 39 201 88 114 75 1577 270 84 2269 48 1165 53 488 111 641 2216 66 407 75 119 1122 197 841 67 109 3350 2061
internal_value=-0.000422324 -0.00904444 -0.00213009 0.00161867 0.0221795 0.0397536 -0.00308388 0.0461896 0.000598968 0.0151969 -0.000968538 -0.00505207 -0.00216333 0.00546373 0.0135035 0.0349814 0.0449318 -0.0125361 -0.0170919 0.0121381 -0.0165201 -0.0252814 0.00209778 0.00980642 0.00810571 0.00389829 -0.0121335 0.04213 0.00509483 0.00605749
internal_weight=72.238 6.86286 2.66449 65.3751 3.8391 2.26411 1.57499 0.807837 61.536 5.96695 55.5691 33.2479 25.5485 14.7228 10.7803 3.73917 3.26855 10.8257 9.75558 2.0214 3.94252 3.41255 7.04116 5.73335 5.19154 5.17082 2.91111 0.509915 22.3211 21.8194
internal_count=20769 2859 1427 17910 535 220 315 128 17375 2044 15331 9881 7612 4605 4075 652 599 3007 2366 150 530 482 3423 2258 1774 2139 1298 176 5450 5411
cat_boundaries=0 5 9
cat_threshold=33556056 587225218 1092752536 403210336 1 3355443232 459016 2831419461 2245341324
is_linear=0
shrinkage=0.05


Tree=40
num_leaves=31
num_cat=3
split_feature=22 7 20 7 22 22 8 13 17 4 14 18 13 9 9 2 11 21 17 8 11 8 21 7 14 5 8 17 3 11
split_gain=0.691427 0.974863 0.629794 0.563908 0.946449 0.916309 1.08033 1.02552 0.871524 0.748189 0.966121 0.772847 0.714117 0.687056 0.820951 0.863076 0.818179 0.728017 0.630924 0.820113 0.748923 1.02404 0.872422 0.81563 0.782555 1.26554 0.774844 0.672382 0.667684 0.794635
threshold=0 2.6750000000000003 0.41845265237878104 1.0950000000000004 1 2 0.76500000000000012 0.1001540832049307 50.500000000000007 9.6612500000000008 0.96019801980198027 14.500000000000002 0.10005920663114266 6.233158407865159 1.5547494659037933 -0.4359122999964522 0.10638297872340428 0.11602982292637466 57.500000000000007 0.59500000000000008 0.11195511488140743 1.385 0.15047169811320757 3.6750000000000003 0.84668803418803429 1169528926.9250004 1.2250000000000003 105.50000000000001 513775.57040000003 0.11884304027952074
decision_type=9 2 2 2 9 9 8 2 2 2 2 2 2 2 2 2 2 2 2 8 2 8 2 2 2 2 8 2 2 2
left_child=1 -1 -3 5 8 6 -2 -8 -5 11 -11 -7 -13 14 15 -6 17 -16 -17 -20 22 28 -21 24 25 -24 -26 -23 29 -22
right_child=3 2 -4 4 13 9 7 -9 -10 10 -12 12 -14 -15 16 18 -18 -19 19 20 21 27 23 -25 26 -27 -28 -29 -30 -31
leaf_value=-0.04190534810358898 -0.042989921880321968 -0.0058786067231654604 0.097366002380552819 0.011877276871003713 0.064201222221224014 0.025488003887676827 0.010981720512586982 -0.040798127290934391 -0.015285670807201657 0.054342802969472741 -0.022185056581898097 -0.028617584555854482 0.020500222137671147 -0.035888159123578053 0.060318010089844158 -0.018462864152377492 0.038338586151119895 -0.0038385157807883418 -0.058877424969877148 0.044404614484812352 -0.037089863259996074 0.0095815230824994532 0.0052308722495144804 0.072442771110281287 -0.057841999998590278 0.111684495917937 0.037055170874725374 0.1383606449692367 -0.04375811139700387 0.043882632309279551
leaf_weight=3.9590496068311141 2.119617480360811 0.67514689818825424 0.18907308225927488 3.5545776258769157 0.54528111854561956 5.8374517913992081 4.173467716441718 1.240435213278255 17.449071778564821 2.7729416401282747 0.48446669784727614 1.5945316234757079 1.3808156093384052 0.92482863814430416 0.51432593132836713 3.562591808312324 3.7675119756232229 3.1523350275786015 0.48371315373545293 1.9282753254255585 0.58692325594711958 0.26357915881935667 6.3721821334551718 0.45100293695854876 0.87710458470566222 0.29197987904094969 0.28499699533644685 0.16469233850370069 1.7146873657377371 0.62632942288693449
leaf_count=1709 303 748 85 2778 96 789 487 216 4241 464 37 319 273 344 62 2893 885 1570 185 128 74 49 1114 274 164 47 62 100 197 76
internal_value=-0.0004097 -0.0102181 0.0167091 0.00158183 -0.00112624 0.00895259 -0.0054694 -0.000882095 -0.00724115 0.0122972 0.042961 0.014917 -0.00582272 0.00468302 0.00797961 0.00224831 0.0219747 0.00516078 0.000329772 0.00509647 0.00737826 -0.0131109 0.0141164 0.00706039 0.00329261 0.00989497 -0.0345692 0.0591037 -0.0236738 0.00471137
internal_weight=71.943 4.82327 0.86422 67.1197 47.516 19.6037 7.53352 5.4139 21.0036 12.0702 3.25741 8.8128 2.97535 26.5123 25.5875 18.1533 7.43417 3.66666 17.6081 14.0455 13.5618 3.35621 10.2055 8.27727 7.82626 6.66416 1.1621 0.428271 2.92794 1.21325
internal_count=20769 2542 833 18227 15339 2888 1006 703 7019 1882 501 1381 592 8320 7976 5459 2517 1632 5363 2470 2285 496 1789 1661 1387 1161 226 149 347 150
cat_boundaries=0 5 9 13
cat_threshold=33556312 864047250 1092752536 402686048 1 272945313 7537697 2195204384 579076096 3230801926 10240 75530240 1075529096
is_linear=0
shrinkage=0.05


Tree=41
num_leaves=31
num_cat=2
split_feature=0 22 8 14 4 22 7 15 14 7 3 19 2 7 20 8 7 14 20 6 9 0 3 0 6 5 4 6 1 1
split_gain=0.600142 0.838444 1.74625 0.967986 1.00672 0.988926 1.14894 0.974518 1.23232 0.940133 0.790567 0.776991 1.09369 0.92353 0.773269 1.61322 1.06122 1.11334 0.722896 0.921443 0.696489 0.667465 0.804075 0.789483 0.765894 1.00375 0.884578 0.645637 0.634281 0.735165
threshold=0.62634989633990801 0 0.83500000000000008 0.58339380745041136 28.042500000000004 1 0.39500000000000007 1.5000000000000002 0.56281748911465901 1.6450000000000002 4831276.447900001 3.5000000000000004 -0.30865458543058349 1.0550000000000004 0.20881425253890681 1.1850000000000003 1.2250000000000003 0.77785840993388178 0.1937129690585912 5.0225000000000017 -5.5724071048783346 0.12582859960527149 2141983.0931000006 0.10427511499136526 3.7358500000000006 120024049.34000002 10.319700000000003 2.4861500000000003 0.0014316399604837884 0.002399040767386063
decision_type=2 9 8 2 2 9 2 2 2 2 2 2 2 2 2 8 2 2 2 8 2 2 2 2 8 2 2 10 2 2
left_child=1 2 10 5 14 7 -7 9 -9 11 20 -3 -13 -14 15 16 17 -5 19 -17 -1 22 23 24 25 27 -26 -4 -23 -30
right_child=-2 3 21 4 -6 6 -8 8 -10 -11 -12 12 13 -15 -16 18 -18 -19 -20 -21 -22 28 -24 -25 26 -27 -28 -29 29 -31
leaf_value=0.098945877679130073 0.010157062771149288 -0.047988282516598764 -0.00054009853768685698 -0.024389924546570962 0.063221381977197399 0.077218699355719331 -0.016377335903958047 -0.0012111551251288467 0.081458761721114437 0.053894819239669337 -0.029050440175858297 0.10652884244195336 0.033305375883682868 -0.051243204846586544 -0.026314880532517404 -0.052119638444143204 -0.039043166482419595 0.049337486873835733 0.086214629025675726 0.04291885118423025 0.034030016879713791 -0.03787382487180814 -0.031118553757164442 0.075243495720452747 0.056187310709887243 -0.048320748638118222 -0.01923829279886306 0.087490249707777815 0.078359519266983466 -0.0087210932549124653
leaf_weight=0.46086194292493621 11.333591154007918 0.48810425921429379 0.78976548741484098 1.1665954678489727 0.39396031046604463 0.33657844289796912 12.694735536135557 9.9727277498221429 0.47212448529327389 2.1817746407989755 0.44636942670153068 0.32249330737588944 0.95378422107094163 0.48835433570211262 10.177321311463016 0.35597714900921684 2.8395660988057303 0.91261299951947128 0.51714377503021625 0.89946192413260928 3.9947086759053163 1.9028620400922873 0.96731267157589496 0.55031271152708416 1.3313775206009517 0.92897656917578952 0.5490183271339254 0.28289740873793279 0.26658259715011245 2.6687310841182885
leaf_count=41 6859 44 151 92 219 46 3254 1804 74 652 31 40 133 142 2983 113 428 83 180 138 1078 567 73 86 200 149 156 73 49 831
internal_value=-0.000399465 -0.00238317 0.00593105 -0.00530767 -0.0157893 -0.000726476 -0.00789863 0.00649693 0.00252566 0.0305015 0.0343891 0.00784506 0.0232888 0.00467452 -0.0176346 -0.00443213 -0.01917 0.00797075 0.0364642 0.0159709 0.0407446 -0.00190156 0.0101832 0.0191969 0.0112518 -0.0102739 0.0341653 0.0226765 -0.0153888 -0.000812509
internal_weight=71.6467 60.3131 15.1398 45.1733 17.2626 27.9107 13.0313 14.8794 10.4449 4.43451 4.90194 2.25274 1.76463 1.44214 16.8687 6.69136 4.91877 2.07921 1.77258 1.25544 4.45557 10.2378 5.39966 4.43235 3.88204 2.00164 1.8804 1.07266 4.83818 2.93531
internal_count=20769 13910 3485 10425 4236 6189 3300 2889 1878 1011 1150 359 315 275 4017 1034 603 175 431 251 1119 2335 888 815 729 373 356 224 1447 880
cat_boundaries=0 4 8
cat_threshold=201359362 68552044 940834912 624960780 3771089025 4196369 88096769 2460991505
is_linear=0
shrinkage=0.05


Tree=42
num_leaves=31
num_cat=2
split_feature=0 22 8 14 22 7 4 15 15 14 11 20 8 7 14 0 7 9 8 6 20 14 14 10 3 9 7 7 11 0
split_gain=0.541784 0.773146 1.36374 0.910232 0.921636 1.10405 0.913104 0.793436 1.208 1.00977 0.911347 0.781258 1.43481 0.983238 0.895834 0.906173 0.777695 0.775685 0.771023 1.28285 0.964977 0.87085 0.743043 0.716116 0.66434 0.696845 0.666371 0.775988 0.646778 0.786325
threshold=0.62634989633990801 0 0.83500000000000008 0.58339380745041136 1 0.39500000000000007 28.042500000000004 1.5000000000000002 3.5000000000000004 0.56011611030478969 0.0078456276069104602 0.20881425253890681 1.1850000000000003 1.4150000000000003 0.70025380710659901 0.20172122816590082 1.6450000000000002 2.9570452275709429 0.8650000000000001 2.8628500000000003 0.2828166858017605 0.25054426705370109 0.34634424980959638 0.08916497718833219 4831276.447900001 -5.5724071048783346 1.1150000000000004 2.9550000000000005 0.11304347826086962 0.24760279904747912
decision_type=2 9 8 2 9 2 2 2 2 2 2 2 8 2 2 2 2 2 8 10 2 2 2 2 2 2 2 2 2 2
left_child=1 2 24 4 7 -6 11 16 10 17 -9 12 13 14 -5 23 -3 18 20 -20 -10 -22 -21 -16 25 -1 -27 -28 -7 -30
right_child=-2 3 -4 6 5 28 -8 8 9 -11 -12 -13 -14 -15 15 -17 -18 -19 19 22 21 -23 -24 -25 -26 26 27 -29 29 -31
leaf_value=0.094974674908995096 0.009620127883534493 0.0068118077501759383 -0.0010522794006223063 -0.047283211986826251 0.075387814051883828 -0.024303497319386455 0.059346645339412286 0.047836031446240379 -0.025530860455741718 0.09141064469558971 -0.020581672326145245 -0.026111914852164991 0.034415151062749012 -0.043595253285300069 0.0043756379802503045 -0.029021819201538304 0.048599401400883376 -0.047026477564213291 0.083452875638513557 -0.025268553027849607 -0.013559203890351382 0.083412268373479481 0.041049165768548446 0.077580921152167581 -0.027952341306925439 0.058454653959740178 0.0058549119405320559 0.086744258091373733 -0.011781045223904749 0.052311953275451975
leaf_weight=0.45586333141868074 11.366969954087763 2.2475770386778207 10.396555784979858 0.68708426374592546 0.32726189253999116 8.6318003737231965 0.3985726100278616 0.53836472255045364 1.5745207798768133 0.43637949054703185 5.0746840413484371 9.9099748796200409 1.7826231537402293 2.1168568039136768 0.6407606501719717 0.66062814854663221 2.2064394481515652 0.49941588631545286 0.95299117727580629 0.77191469140397351 0.42986772106814619 0.50177778020888164 0.9327450910091214 0.69796775775645481 0.4408528368630894 1.3623628891703075 2.4279878654058096 0.33773352990798455 1.8913518468541473 0.64063416919506355
leaf_count=44 6859 369 2388 73 45 2482 216 56 180 39 1095 2945 428 349 49 69 652 153 178 153 52 69 164 57 31 204 669 242 282 177
internal_value=-0.000388448 -0.0022854 0.00563231 -0.00513719 -0.000704587 -0.00809084 -0.0154345 0.00590038 0.00271942 0.0181231 -0.0140195 -0.0172414 -0.00389363 -0.018111 0.00197009 0.0188961 0.0275126 0.0124759 0.0182307 0.0369925 -0.00166514 0.038669 0.0110188 0.0425424 0.0306721 0.0363102 0.0298319 0.0157326 -0.0177854 0.00443554
internal_weight=71.3405 59.9736 15.4214 44.5522 27.6577 11.491 16.8945 16.1667 11.7127 6.09961 5.61305 16.4959 6.58592 4.8033 2.68644 1.99936 4.45402 5.66323 5.16382 2.65765 2.50617 0.931646 1.70466 1.33873 5.0248 4.58395 4.12808 2.76572 11.1638 2.53199
internal_count=20769 13910 3578 10332 6146 2986 4186 3160 2139 988 1151 3970 1025 597 248 175 1021 949 796 495 301 121 317 106 1190 1159 1115 911 2941 459
cat_boundaries=0 4 8
cat_threshold=201359362 70649196 940834912 624960780 3771088929 4196369 88096769 2460991505
is_linear=0
shrinkage=0.05


Tree=43
num_leaves=31
num_cat=1
split_feature=22 13 6 0 3 18 8 20 11 14 1 5 5 10 9 14 20 17 1 1 9 7 6 9 14 15 18 7 17 6
split_gain=0.500659 0.571644 1.06973 1.20163 0.837915 0.834866 0.82982 0.80145 0.788204 0.764019 0.662759 0.782399 1.59713 0.73359 0.889276 1.05975 0.723174 0.643579 0.691804 0.643452 0.630837 0.60195 0.592217 0.553307 0.526561 0.585851 0.50835 0.510109 0.500629 0.492284
threshold=0 0.099907135062787714 4.9821500000000007 0.18997946791239906 3164844.2911000005 9.5000000000000018 1.2350000000000001 0.30816714150047492 0.10728075836086039 0.20728920990566041 0.0013367867083036169 84147847.000000015 164494192.60000002 0.10032206202676072 -5.0271136281822661 0.52027397260273978 0.32373653686826848 45.500000000000007 -0.0079330116775050401 0.030583327699214794 -1.3871306164397188 1.0150000000000003 3.6310500000000006 1.8539807824296541 0.77285012285012289 4.5000000000000009 9.5000000000000018 1.5650000000000002 51.500000000000007 16.315950000000004
decision_type=9 2 10 2 2 2 10 2 2 2 2 2 2 2 2 2 2 2 2 2 2 2 8 2 2 2 2 2 2 8
left_child=1 2 3 9 -5 -4 10 26 -7 -1 13 19 -13 -3 -15 22 21 -9 -19 -12 -18 -14 -16 24 25 -23 27 -8 -24 -2
right_child=29 6 5 4 -6 8 7 17 -10 -11 11 12 16 14 15 -17 20 18 -20 -21 -22 23 28 -25 -26 -27 -28 -29 -30 -31
leaf_value=-0.0078101218518156091 -0.0041998078080749202 -0.052741026327396925 -0.057078556990821976 -0.051498248821052528 0.10660851583854628 -0.037573492876978476 -0.060939086616249194 0.067720925668565954 0.033107446054500021 0.060684393136670935 0.091503529316848187 -0.057888926050863682 0.042206686122307643 0.083648562131164783 -0.015070713279442541 -0.039320280086100536 0.099689351670561754 0.039465161528307174 -0.048995574486963012 0.0023106748317073831 0.023878628284571192 -0.012945552812833286 -0.010242051516273491 0.04261223328932974 -0.047484609809121059 0.064415263369153888 0.054418833109696911 0.038811888418108058 0.080345338359429974 0.030712171268714179
leaf_weight=0.59994032331261204 49.691239737305573 0.84647097299818197 1.3008923887115351 0.73830398979831657 0.094528213782468007 0.80588940688874589 0.20591632437874474 0.26044823018172181 0.77254898231617863 1.2668049838202851 0.54978450200060924 0.796550946550587 0.94874633130089625 0.28720629288968824 0.55778022837760743 1.3836556501519501 0.44477189743569467 0.32645758187770102 0.68427930795568448 0.31984269029330159 0.71639718644426331 1.1897516792743104 0.21719276098780338 0.5216485638168441 0.78989918282109184 0.30810500562085108 2.5042904364002951 0.3394298416973146 0.51218949094495347 1.0306780880956115
leaf_count=100 15057 227 246 396 36 376 60 179 174 215 94 199 69 27 90 293 66 21 156 86 212 264 84 84 125 43 591 116 87 996
internal_value=-0.000376884 0.00496129 -0.00622168 0.0163899 -0.0335528 -0.0274217 0.0125749 0.0309897 -0.0029795 0.0386714 0.00491679 0.0145151 0.00779283 -0.0116977 4.73486e-05 -0.0089427 0.0184282 -0.00236406 -0.0204237 0.058699 0.052917 0.00777208 0.0237122 -0.00385661 -0.0144523 0.00296735 0.0448926 0.00114709 0.0533706 -0.00291557
internal_weight=71.0116 20.2897 5.57891 2.69958 0.832832 2.87933 14.7108 4.32082 1.57844 1.86675 10.39 6.5855 5.71587 3.8045 2.95802 2.67082 4.91932 1.27119 1.01074 0.869627 1.16117 3.75815 1.28716 2.8094 2.28776 1.49786 3.04964 0.545346 0.729382 50.7219
internal_count=20769 4716 1543 747 432 796 3173 1123 550 315 2050 1242 1062 808 581 554 863 356 177 180 278 585 261 516 432 307 767 176 171 16053
cat_boundaries=0 4
cat_threshold=3355443200 201654604 676593733 633355277
is_linear=0
shrinkage=0.05


Tree=44
num_leaves=31
num_cat=2
split_feature=22 4 13 3 2 0 8 22 3 5 20 8 2 14 15 16 7 0 6 9 4 3 13 18 6 0 21 2 14 13
split_gain=0.50152 0.675386 0.471332 0.573663 0.636683 0.566008 0.746284 0.629183 0.934404 0.707231 0.990096 0.620728 0.72855 0.628463 0.806978 0.659999 0.620411 0.915922 0.989859 0.724468 0.698919 0.635692 0.61213 0.770628 0.668755 1.20487 0.635212 0.607347 0.824762 0.597253
threshold=0 6.8149000000000006 0.10059970149790511 1026940.5094500001 -0.03275913111053546 0.63140963017440421 2.0950000000000002 1 245689.74705000003 46499445.125000007 0.12764775588801661 0.85500000000000009 -0.28209439348842857 0.13827244793444865 3.5000000000000004 2.5000000000000004 0.96500000000000008 0.0099314617387497705 12.235150000000003 -3.3931348887101138 3.5618000000000003 378333.36685000005 0.10025062656641594 17.500000000000004 7.3828500000000004 0.089597679643516767 0.10102040816326532 0.12351940318042022 0.30583900226757377 0.099634924619208767
decision_type=9 2 2 2 2 2 10 9 2 2 2 8 2 2 2 2 2 2 8 2 2 2 2 2 10 2 2 2 2 2
left_child=1 -1 5 4 -4 6 7 9 -9 -2 -11 12 -12 14 -13 22 -10 -18 20 -20 -19 27 23 -15 25 -25 -24 28 29 -22
right_child=2 -3 3 -5 -6 -7 -8 8 16 10 11 13 -14 15 -16 -17 17 18 19 -21 21 -23 26 24 -26 -27 -28 -29 -30 -31
leaf_value=-0.040338324925430893 0.060895522900977286 -0.0080394041410137788 0.032074254913408269 -0.01939978631387701 -0.022364904307427713 0.011406786741500882 -0.038085180054336171 -0.026271044012759384 0.023927926306050621 -0.044892629397488518 0.012106248738813719 0.0055017940097786362 -0.025774601351554266 -0.0019734679091148008 0.085946363527978922 -0.048279352257714986 0.030214433189063247 -0.050505690286870075 -0.061062677554970003 0.06176269393537185 0.058622145450681118 -0.0063247668832754596 0.053334589332422848 0.058751388957042107 0.09268493420983609 -0.038568301150416817 -0.038595791305798037 -0.063668569730337674 0.064095602966612555 -0.022555484471237435
leaf_weight=2.4543397104965337 0.36450859653748935 4.7526266422729808 3.6179591998581566 0.92803901234836583 0.63070942491115634 9.8401229636441041 1.3727513085702217 2.0924199412695001 5.1491491800805944 1.7943516684091374 1.6246423378481001 0.93474790713521871 5.8030403772298165 6.6295284351268196 0.46775360698266533 0.75660003850840141 2.8633715929937962 0.76710653040081922 0.13789572031613773 0.92798827610512791 0.31873207221739008 11.185565028328705 0.2148398239782926 0.76917320623006591 0.3955459697352296 0.54224194227780897 1.4988478255072899 0.18655997256297174 0.97186078860586489 0.78371317687129571
leaf_count=879 192 2179 659 261 714 5304 618 941 500 186 104 166 1618 1385 53 245 334 192 60 371 49 2474 18 60 97 132 347 106 296 229
internal_value=-0.000363308 -0.00797423 0.00151555 0.0162137 0.0239928 0.000472053 -0.00174407 -0.000686688 0.00411427 -0.00559755 -0.00934034 -0.0060917 -0.017489 0.000841996 0.0323312 -0.00324466 0.00861031 0.00426298 -0.000600339 0.0458725 -0.00408537 -0.00143714 0.00014565 0.00574038 0.0356996 0.0185118 -0.0270708 0.0227443 0.0305161 0.000914084
internal_weight=70.7767 7.20697 63.5698 5.17671 4.24867 58.3931 48.5529 47.1802 25.3844 21.7958 21.4313 19.637 7.42768 12.2093 1.4025 10.8068 23.2919 18.1428 15.2794 1.06588 14.2135 13.4464 10.0502 8.33649 1.70696 1.31142 1.71369 2.26087 2.07431 1.10245
internal_count=20769 3058 17711 1634 1373 16077 10773 10155 5552 4603 4411 4225 1722 2503 219 2284 4611 4111 3777 431 3346 3154 2039 1674 289 192 365 680 574 278
cat_boundaries=0 5 9
cat_threshold=1880 587354258 1092752536 403210336 1 3222446214 2554429441 76144896 1613892097
is_linear=0
shrinkage=0.05


Tree=45
num_leaves=31
num_cat=3
split_feature=22 8 22 17 21 11 6 7 5 7 22 6 21 8 10 13 5 21 14 13 14 6 6 6 0 2 2 13 2 15
split_gain=0.474861 0.673959 0.791556 0.719005 1.02883 0.793792 0.635524 0.704323 0.762544 0.625577 0.735511 0.799109 0.918506 0.78714 0.760778 0.615529 0.820755 0.738474 0.92787 0.898819 0.978703 0.735809 0.702895 0.980919 0.970097 0.93786 0.815824 1.42016 1.00291 0.725042
threshold=0 0.72500000000000009 1 50.500000000000007 0.18642984922054692 0.097443245320275512 2.7351000000000005 1.3050000000000004 208291488.32500002 2.5750000000000006 2 2.2428000000000003 0.15047169811320757 0.83500000000000008 0.11499636098981084 0.10048900047824007 615874992.44500005 0.16035714285714289 0.88239562878852562 0.10029586057789087 0.9200870827285923 12.829350000000002 2.7915500000000004 3.4723500000000005 0.092552333247690521 0.19310024004859686 0.0072398249338260232 0.099966825006365792 -0.18884610257853343 2.5000000000000004
decision_type=9 8 9 2 2 2 10 2 2 2 9 8 2 8 2 2 2 2 2 2 2 10 10 10 2 2 2 2 2 2
left_child=-1 2 -2 -4 -5 -6 -7 -8 -9 10 11 -3 13 -13 -14 17 -17 18 22 20 -19 -21 24 -24 -12 -26 28 -28 -25 -29
right_child=1 9 3 4 5 6 7 8 -10 -11 15 12 14 -15 -16 16 -18 19 -20 21 -22 -23 23 26 25 -27 27 29 -30 -31
leaf_value=-0.0077023493777408948 -0.012531869474374017 -0.042884916499630554 0.076619292356873023 -0.013590461070293568 0.072715340616794633 -0.047710379368580337 0.065472914261539436 0.069354647968115621 -0.052714555924701714 -0.0098228876495431872 0.062524404209748141 0.026921192605441954 0.002835118491213021 -0.041077066982959314 0.076920231279112128 0.04050596446130024 -0.030148602905900948 0.010038817804246009 0.050459026070186257 -0.047311103763168272 -0.02487170174819384 0.05212748585802153 -0.039781717928761888 0.022337342035833228 -0.033008355864051174 0.052788008740016407 -0.024309567954614759 0.07902394239137088 -0.042566481945783358 0.019082614140471622
leaf_weight=7.4096267901492272 5.5253651904362977 1.5097203903551979 0.47809001622137604 2.0867559672086262 0.86499389049558706 0.33786314337751933 0.64715453724486183 0.19475336574719382 0.37289626016991584 7.0469686092025361 1.4014019832537687 0.52953418460494528 5.6530978495636068 2.1682495208219641 0.36915499714398947 2.9722813598637368 0.4769916411317453 17.008043164721112 1.9296288680434059 1.3437230152479678 2.2762969742679635 0.21593028936460879 1.0980676679561003 1.2126323293065471 0.76557817327277233 0.54546649875271813 0.85071595919831899 1.142631765768078 1.1689588978560499 0.90331327022678487
leaf_count=3699 1618 368 621 185 281 50 103 59 165 4702 148 48 1686 302 81 672 128 3801 192 417 519 42 117 181 114 36 124 114 110 86
internal_value=-0.000353244 0.00149377 -0.00982988 0.00609182 0.0121303 0.0343306 0.0129464 0.0298164 -0.0108342 0.00404044 0.00618562 -0.00470254 -0.00348473 -0.02773 0.00737642 0.00831647 0.0307353 0.00849963 0.0189692 0.00296527 0.00591803 -0.0335441 0.0122837 0.00321468 0.0336027 0.00268764 0.0121595 0.0299836 -0.00951947 0.052559
internal_weight=70.5059 63.0963 10.5079 4.98251 4.50442 2.41766 1.55267 1.2148 0.56765 52.5884 45.5414 10.2298 8.72004 2.69778 6.02225 35.3117 3.44927 31.8624 11.0184 20.844 19.2843 1.55965 9.08877 6.37632 2.71245 1.31104 5.27825 2.89666 2.38159 2.04595
internal_count=20769 17070 3082 1464 843 658 377 327 224 13988 9286 2485 2117 350 1767 6801 800 6001 1222 4779 4320 459 1030 732 298 150 615 324 291 200
cat_boundaries=0 5 9 13
cat_threshold=264024 595611794 1092748984 402653280 1 3230810115 141174784 102605056 3742209 306757761 269485088 2155911169 1195803408
is_linear=0
shrinkage=0.05


Tree=46
num_leaves=31
num_cat=3
split_feature=22 4 15 2 18 13 8 22 22 10 10 1 11 4 7 8 8 13 13 4 2 11 3 3 7 21 17 1 11 0
split_gain=0.481759 0.590916 0.617831 0.503805 0.670803 0.650275 0.480994 0.911357 0.735345 0.804155 1.11072 0.731951 0.625722 0.667718 0.677949 0.858071 1.03193 0.825009 0.721138 0.804821 0.659934 0.778751 0.970246 0.630559 0.855867 0.781833 0.628075 0.612758 0.629635 0.642125
threshold=0 8.2144000000000013 4.5000000000000009 -0.45339264834843612 8.5000000000000018 0.099999999999999992 0.72500000000000009 1 2 0.066771162683112409 0.060718456362128109 -0.0050265292945172449 0.13935677000817173 3.8075500000000004 2.0650000000000004 1.4550000000000003 1.6650000000000003 0.1000737871869183 0.10096620612397313 19.064350000000001 0.48848280098280111 0.10124150433774209 412777.87865000003 622509.4920000002 1.1950000000000001 0.21294035577258461 91.500000000000014 0.099727395231088659 0.084757287520936822 0.0032121978866069324
decision_type=9 2 2 2 2 2 8 9 9 2 2 2 2 2 2 10 10 2 2 2 2 2 2 2 2 2 2 2 2 2
left_child=1 2 -1 4 -2 -6 7 -5 9 10 -8 -9 13 -11 15 17 26 20 19 -16 21 22 -15 25 -25 -19 -17 28 -10 -30
right_child=3 -3 -4 6 5 -7 8 11 27 12 -12 -13 -14 14 18 16 -18 23 -20 -21 -22 -23 -24 24 -26 -27 -28 -29 29 -31
leaf_value=-0.045919643627563962 0.079152549263091482 -0.0077262021083283243 0.054347304122954132 -0.013200984381760622 -0.047419324599089457 0.041407127425607676 0.0042033610662705872 -0.018940682837573768 -0.0083667917750912674 -0.048576407343644906 0.092617139818070446 0.024956597318754489 -0.061827952185003011 0.083463503353416318 -0.036282411597557927 0.11975345726984761 -0.011106117996680515 0.053317309802516567 0.071208232838981741 0.046536723011184625 0.026436090155189298 -0.043500015360338352 -0.016716662532774988 0.046854394663795325 -0.034079726139785681 -0.034422968282719145 0.017072277502025748 0.038237288859031771 0.038085696830332194 0.0075198041335082207
leaf_weight=2.5407952085918599 0.4806743440864083 3.0390648812498777 0.1635243508945402 4.4561712810291771 0.34707059970191112 0.50705934238798001 2.4369039322279065 1.183608596591627 5.956584314768107 1.0285904895886755 0.41584140724967023 4.8033929167613953 0.602152205427127 0.29145878029406391 3.3811492244396946 0.41480744453873075 0.53208654208913297 1.3151662123350045 0.18830200648328332 0.32121241165668069 0.71318363944160879 2.4778859457385103 1.4153919416145533 0.47788278462957512 1.0321895686631972 0.31463749226904281 0.23234232708850311 1.5802164850198313 1.8408514281396815 25.798840379352143
leaf_count=930 40 1716 113 1420 84 89 888 226 2009 252 134 1571 101 130 1430 87 222 131 74 359 95 405 221 57 169 185 57 431 223 6920
internal_value=-0.000485857 -0.00833783 -0.0398567 0.00130276 0.0319033 0.00531303 0.000862679 -0.00894151 0.00280301 -0.0045953 0.0170913 0.00609608 -0.0119108 -0.00978454 -0.00674045 0.000647455 0.0404769 -0.00519598 -0.0242425 -0.0290971 -0.0180217 -0.0255984 0.000389924 0.0148109 -0.00846703 0.0363788 0.0828884 0.00608055 0.00637793 0.00955555
internal_weight=70.289 5.74338 2.70432 64.5457 1.3348 0.85413 63.2108 10.4432 52.7677 17.5912 2.85275 5.987 14.7384 14.1363 13.1077 9.21703 1.17924 8.0378 3.89066 3.70236 4.89792 4.18474 1.70685 3.13988 1.51007 1.6298 0.64715 35.1765 33.5963 27.6397
internal_count=20769 2759 1043 18010 213 173 17797 3217 14580 4997 1022 1797 3975 3874 3622 1759 366 1393 1863 1789 851 756 351 542 226 316 144 9583 9152 7143
cat_boundaries=0 5 9 13
cat_threshold=264024 595611778 1092753048 403177568 1 3499245571 140650496 35234048 3217921 306745472 2417393712 2793408544 3796271128
is_linear=0
shrinkage=0.05


Tree=47
num_leaves=31
num_cat=4
split_feature=22 20 3 0 13 8 8 8 11 22 0 20 11 22 2 21 5 9 18 4 22 4 3 3 3 4 15 11 10 2
split_gain=0.465675 0.98437 0.822692 0.592844 0.560832 0.486284 0.488499 0.54757 0.948081 0.871431 0.848511 0.75538 0.64096 0.620085 1.32902 0.99427 0.686639 0.671743 0.695 0.976021 0.794623 0.87914 0.762857 0.979027 0.776788 0.852936 0.746888 0.805748 0.680164 0.909968
threshold=0 0.39036004645760752 408980.91070000007 0.53089998580238851 0.099966825006365792 5.495000000000001 2.2850000000000006 1.3650000000000004 0.11973106934042524 1 0.69972894891222681 0.27750275027502758 0.11428571428571437 2 -0.28209439348842857 0.27055180180180188 238064208.98000005 -8.1601825020038188 13.500000000000002 6.0484000000000009 3 4.3891500000000008 3033727.0440000002 1120258.4982000003 535945.86345000018 15.643750000000002 3.5000000000000004 0.10691124075487114 0.08206686930091181 -0.29481535311860219
decision_type=9 2 2 2 2 8 10 10 2 9 2 2 2 9 2 2 2 2 2 2 9 2 2 2 2 2 2 2 2 2
left_child=1 3 -3 -1 -5 6 7 13 9 -9 -10 -11 -13 14 -2 -16 -17 -15 20 -20 21 -19 23 24 25 -22 -23 -28 -25 -30
right_child=5 2 -4 4 -6 -7 -8 8 10 11 -12 12 -14 17 15 16 -18 18 19 -21 22 26 -24 28 -26 -27 27 -29 29 -31
leaf_value=-0.041848146780226449 0.040477826689092118 0.080022154751102456 -0.046549080899537562 -0.047577149257650234 0.036339621079322142 0.064140865647701981 -0.027934618570607479 -0.0078084072519254647 0.066124691482721681 0.047672602661183998 -0.015803914722500947 -0.0055488796022424161 0.084656384899932546 -0.039030142850783753 -0.0017377737189448635 0.092284392227896569 0.015398329734582184 0.018891808817905632 -0.029826578884344319 -0.0025857197458347531 0.014952102138963806 -0.033185691626880093 -0.012084183642464689 0.0066063272791943781 -0.0086720610563292468 0.084976690196367666 0.030301323297229312 -0.03815592952090411 -0.013749241875565105 0.069043512388288028
leaf_weight=3.6439576921127297 2.9131258511459857 0.37473995757682593 0.19528635369552355 0.32022108823161888 0.52639525444089497 0.30695207427696303 1.4209130326146553 3.7180720443217168 1.3000019695333382 2.9867498437966784 0.4175291109980156 1.5108719350292508 0.22644241036943857 1.3603015413594679 11.152334735473788 0.48165144358184075 0.7312494774966386 1.5622210189889276 4.9027469684186107 9.984915705591467 3.5464604614725403 4.7895664728612433 2.4645143628478534 1.0177923140948366 3.4859566522078103 0.49564142974569003 1.1355201089178699 0.69164539105280876 0.39756683829755068 2.0086957194341166
leaf_count=1414 298 147 181 369 554 143 1068 1464 372 1119 188 697 77 139 2241 568 869 286 907 2709 1122 1452 272 203 805 324 311 122 17 331
internal_value=-0.000564019 -0.00847921 0.0366599 -0.0330913 0.00459925 0.0011756 0.00105858 0.00170959 0.0123449 0.00545549 0.046208 0.0104029 0.00620852 -0.000324423 0.00610189 0.00293797 0.0459303 -0.00358418 -0.00324497 -0.0115566 0.00248493 -0.00667885 0.00747665 0.018705 0.00862302 0.0235385 -0.02281 0.00438788 0.0408711 0.0553644
internal_weight=70.07 5.0606 0.570026 4.49057 0.846616 65.0094 64.7025 63.2816 10.1597 8.44214 1.71753 4.72406 1.73731 53.1219 15.2784 12.3652 1.2129 37.8435 36.4832 14.8877 21.5956 8.17895 13.4166 10.9521 7.52806 4.0421 6.61673 1.82717 3.42405 2.40626
internal_count=20769 2665 328 2337 923 18104 17961 16893 3917 3357 560 1893 774 12976 3976 3678 1437 9000 8861 3616 5245 2171 3074 2802 2251 1446 1885 433 551 348
cat_boundaries=0 5 9 13 17
cat_threshold=6104 595611794 1090721432 402653280 1 13631520 406464545 343410722 539642240 201326594 138158441 2417229920 627204492 3796680704 272662528 581435648 1315328
is_linear=0
shrinkage=0.05


Tree=48
num_leaves=31
num_cat=2
split_feature=13 0 22 7 9 14 11 2 5 9 9 7 22 0 10 10 11 13 2 17 18 9 15 14 14 7 9 9 7 13
split_gain=0.445281 0.403354 0.703203 1.11981 0.951132 0.917295 0.993169 0.902575 1.25897 1.13194 0.897453 0.944532 0.888777 0.827237 0.794988 1.0733 0.826802 0.773322 0.822588 0.779321 0.744561 0.861924 0.701378 0.733403 0.780267 0.824517 0.789611 0.730205 0.713938 0.720538
threshold=0.097238113399440676 0.77832330264176108 0 0.71500000000000008 1.8908731456987684 0.58339380745041136 0.10875197396049265 -0.067226890756302435 1046573022.6700002 -0.27806746494678508 -2.2506010134247183 1.4450000000000001 1 0.69972894891222681 0.099759131907915119 0.08789276456360709 0.13068535129694073 0.09935976263447989 0.77513237910121424 39.500000000000007 17.500000000000004 1.2585258550222636 1.5000000000000002 0.56011611030478969 0.17754216472899956 1.3750000000000002 -4.773385940825869 -3.9968012805105695 0.80500000000000016 0.10046838664385062
decision_type=2 2 9 2 2 2 2 2 2 2 2 2 9 2 2 2 2 2 2 2 2 2 2 2 2 2 2 2 2 2
left_child=-1 2 3 -2 14 6 12 9 -9 10 -7 -12 22 20 15 17 -16 -5 19 -19 -10 -22 27 24 25 -24 -26 -4 -28 -30
right_child=1 -3 5 4 -6 7 -8 8 13 -11 11 -13 -14 -15 16 -17 -18 18 -20 -21 21 -23 23 -25 26 -27 28 -29 29 -31
leaf_value=-0.049532396361266467 0.053357155520083688 0.010711306192680566 -0.037200376020452605 0.063689823274294843 0.028056133982495509 -0.028623570191495404 0.013347068941348312 -0.022430278096686199 0.011997385328172494 -0.041594477994828676 0.061100877444682004 -0.0080557888327777889 -0.011339147839972303 -0.04289158312711977 -0.030030397531460397 0.031238049628748984 0.037961389761293866 0.063908881241017165 0.061315895752296491 -0.026323717769358393 0.016707633620961445 0.11356877882471864 0.0059840549602624485 0.068790027696042352 0.052441268823216952 0.084550805220326639 -0.064587152590602312 0.041122567172513121 -0.020381573986281112 0.049028986132106975
leaf_weight=0.46186127898844986 1.317743321551611 7.4563466696565888 0.33863343150513436 0.35011584073937108 3.4824276274903889 2.2755272520261571 9.5495759948032184 4.0313189733798458 2.8713235852197019 4.8849450170436777 0.76326039715874872 1.3981441737422451 9.4096707811444791 0.5168828148753456 3.2333268024879716 2.9177685533883988 0.51887817431799277 0.2564929427788093 0.33607683423017309 3.5683650825429045 0.47345671703834319 0.44605122078236698 1.4134629130276877 0.38283475541060497 0.40077867907020248 0.43723304158509813 0.76369750837072281 2.4547762549061276 2.6512138233261675 0.43527713671227886
leaf_count=365 174 4404 56 84 868 510 1825 2072 774 968 73 359 3104 185 812 823 86 146 24 594 110 92 201 69 68 228 95 731 772 97
internal_value=-0.000600767 -0.000274821 -0.00159863 0.00566272 0.00523842 -0.0044017 0.000229434 -0.0142985 -0.00234767 -0.0249894 -0.00670756 0.0163656 -0.00647383 0.0164464 -0.00186836 0.00760694 -0.0206281 -0.00767777 -0.0136829 -0.0202728 0.0245372 0.0636948 0.00514106 0.00165926 -0.00255271 0.0245457 -0.0143502 0.0316278 -0.0213028 -0.0105928
internal_weight=69.7975 69.3356 61.8793 15.9812 14.6635 45.8981 28.2372 17.6609 8.33903 9.32188 4.43693 2.1614 18.6876 4.30771 11.181 7.42882 3.7522 4.51105 4.16093 3.82486 3.79083 0.919508 9.27791 6.4845 6.10166 1.8507 4.25097 2.79341 3.85019 3.08649
internal_count=20769 20404 16000 3611 3437 12389 7246 5143 3233 1910 942 432 5421 1161 2569 1671 898 848 764 740 976 202 2317 1530 1461 429 1032 787 964 869
cat_boundaries=0 4 8
cat_threshold=470327296 73269613 940843072 88089860 3771090433 2147516544 2252341260 1654538265
is_linear=0
shrinkage=0.05


Tree=49
num_leaves=31
num_cat=2
split_feature=13 22 5 3 3 2 10 22 9 19 13 4 8 5 9 17 6 13 13 17 7 21 11 9 18 11 9 17 2 13
split_gain=0.414827 0.398636 0.67035 0.626305 0.684931 0.774401 0.744026 0.906318 0.879086 0.722017 0.708292 0.897594 0.691879 0.960231 0.844839 0.803438 0.721732 0.71231 0.658879 0.8667 0.792798 1.27773 0.644296 0.645482 0.640297 0.638784 0.638399 0.599992 0.589525 0.630555
threshold=0.097704014393600783 0 44652829.750000007 3164844.2911000005 221347.41970000003 -0.3736542036362287 0.10489510489510494 1 1.3164819448570511 2.5000000000000004 0.10002367427559612 13.253050000000002 1.425 514933539.66000003 3.337637859495624 63.500000000000007 7.5631500000000011 0.10078129768662637 0.10034722640849737 131.00000000000003 1.4650000000000001 0.13680926916221037 0.10638297872340428 3.0441829479610498 18.500000000000004 0.099589115210937287 -2.5135277428412643 72.500000000000014 -0.28910324611774246 0.10040160642570285
decision_type=2 9 2 2 2 2 2 9 2 2 2 2 10 2 2 2 10 2 2 2 2 2 2 2 2 2 2 2 2 2
left_child=-1 2 -2 4 5 -3 7 9 10 -6 11 -9 13 17 15 -14 -15 -8 19 20 21 25 -10 -24 -16 -11 -22 -12 -20 -30
right_child=1 3 -4 -5 6 -7 12 8 22 18 27 -13 14 16 24 -17 -18 -19 28 -21 26 -23 23 -25 -26 -27 -28 -29 29 -31
leaf_value=-0.043630838947789775 0.076927244975951076 0.054766665973919021 0.0050175346139805475 -0.02021766996802471 -0.057705001399913462 -0.039502746509318745 -0.045292762510801582 0.0021377071902060735 -0.040357130475848026 0.013134117442557625 0.007630222347191136 0.056060992138862842 0.10080779021800867 0.054214939424915204 -0.049561572286007612 0.0033706903078319626 -0.01755956417890658 0.031891240375027739 0.074486960145061246 -0.060349597556856732 -0.032647806998963504 0.033631396560618664 -0.028653560865227631 0.044545481502328947 0.057235270787860809 -0.056515561210657012 0.0068421202306597042 -0.028244851075920504 0.070767547787721485 0.008632962308228331
leaf_weight=0.55718206176687957 0.32894829167379569 0.2458057732152007 21.946493907671936 4.9299150609698534 0.35809189942404174 1.9157551552518952 3.253607987852718 4.1838386252801012 3.0394215149790913 0.67478243430227092 1.8926857580739866 0.94628040038760808 0.38754733715136269 0.56297074807005265 0.59555408770977503 0.4659072939624872 0.9269292896955702 0.32916093566008076 0.7277843490467254 0.42863261431717425 1.2195392310185873 5.8799285055731501 0.70743301708353823 0.52443640827691118 0.18361890108743184 0.64278315241074491 6.3645041267458744 3.0332891604881826 0.52982224603395023 1.7804342805099094
leaf_count=438 156 219 4953 908 116 1503 715 1256 1544 72 1077 565 217 127 180 134 394 87 61 345 277 1019 244 198 75 44 2387 512 159 787
internal_value=-0.000661519 -0.000314567 0.00419583 -0.00276975 -0.00137457 -0.0287827 0.000120025 0.00321097 -0.00529492 0.00819961 -0.000918841 0.0120842 -0.0150615 -0.0241732 0.0132493 0.0476161 0.00956101 -0.0382016 0.0139863 0.00974014 0.0117726 0.023659 -0.0279942 0.00250903 -0.024394 -0.0208449 0.000492009 -0.0144607 0.0352448 0.0228826
internal_weight=69.5631 69.0059 22.2754 46.7305 41.8005 2.16156 39.639 32.9337 14.3274 18.6063 10.0561 5.13012 6.7053 5.07267 1.63263 0.853455 1.4899 3.58277 18.2482 15.2102 14.7815 7.19749 4.27129 1.23187 0.779173 1.31757 7.58404 4.92597 3.03804 2.31026
internal_count=20769 20331 5109 15222 14314 1722 12592 10663 5396 5267 3410 1821 1929 1323 606 351 521 802 5151 4144 3799 1135 1986 442 255 116 2664 1589 1007 946
cat_boundaries=0 4 8
cat_threshold=3355443204 67436908 676593988 633355277 609116160 140124177 378069025 1077019152
is_linear=0
shrinkage=0.05


end of trees

feature_importances:
ret60=125
vr_d0=123
close_ret=117
vr_prev=105
sw_l2=105
pct_prev=98
wr1=91
ftr=90
turn_d0=84
cmv=70
amplitude=66
amt_rank_pct=63
amount=56
zha_rate=54
promo_yd=49
mkt_boards_n=45
gap=38
mkt_chain_n=38
intraday=29
ind_boards=29
mkt_max_streak=15
streak_prev=10

parameters:
[boosting: gbdt]
[objective: binary]
[metric: binary_logloss]
[tree_learner: serial]
[device_type: cpu]
[data_sample_strategy: bagging]
[data: ]
[valid: ]
[num_iterations: 50]
[learning_rate: 0.05]
[num_leaves: 31]
[num_threads: 0]
[seed: 42]
[deterministic: 0]
[force_col_wise: 0]
[force_row_wise: 0]
[histogram_pool_size: -1]
[max_depth: -1]
[min_data_in_leaf: 50]
[min_sum_hessian_in_leaf: 0.001]
[bagging_fraction: 1]
[pos_bagging_fraction: 1]
[neg_bagging_fraction: 1]
[bagging_freq: 0]
[bagging_seed: 400]
[bagging_by_query: 0]
[feature_fraction: 1]
[feature_fraction_bynode: 1]
[feature_fraction_seed: 30056]
[extra_trees: 0]
[extra_seed: 12879]
[early_stopping_round: 0]
[early_stopping_min_delta: 0]
[first_metric_only: 0]
[max_delta_step: 0]
[lambda_l1: 0]
[lambda_l2: 0]
[linear_lambda: 0]
[min_gain_to_split: 0]
[drop_rate: 0.1]
[max_drop: 50]
[skip_drop: 0.5]
[xgboost_dart_mode: 0]
[uniform_drop: 0]
[drop_seed: 17869]
[top_rate: 0.2]
[other_rate: 0.1]
[min_data_per_group: 100]
[max_cat_threshold: 32]
[cat_l2: 10]
[cat_smooth: 10]
[max_cat_to_onehot: 4]
[top_k: 20]
[monotone_constraints: ]
[monotone_constraints_method: basic]
[monotone_penalty: 0]
[feature_contri: ]
[forcedsplits_filename: ]
[refit_decay_rate: 0.9]
[cegb_tradeoff: 1]
[cegb_penalty_split: 0]
[cegb_penalty_feature_lazy: ]
[cegb_penalty_feature_coupled: ]
[path_smooth: 0]
[interaction_constraints: ]
[verbosity: -1]
[saved_feature_importance_type: 0]
[use_quantized_grad: 0]
[num_grad_quant_bins: 4]
[quant_train_renew_leaf: 0]
[stochastic_rounding: 1]
[linear_tree: 0]
[max_bin: 255]
[max_bin_by_feature: ]
[min_data_in_bin: 3]
[bin_construct_sample_cnt: 200000]
[data_random_seed: 175]
[is_enable_sparse: 1]
[enable_bundle: 1]
[use_missing: 1]
[zero_as_missing: 0]
[feature_pre_filter: 1]
[pre_partition: 0]
[two_round: 0]
[header: 0]
[label_column: ]
[weight_column: ]
[group_column: ]
[ignore_column: ]
[categorical_feature: 22]
[forcedbins_filename: ]
[precise_float_parser: 0]
[parser_config_file: ]
[objective_seed: 16083]
[num_class: 1]
[is_unbalance: 0]
[scale_pos_weight: 1]
[sigmoid: 1]
[boost_from_average: 1]
[reg_sqrt: 0]
[alpha: 0.9]
[fair_c: 1]
[poisson_max_delta_step: 0.7]
[tweedie_variance_power: 1.5]
[lambdarank_truncation_level: 30]
[lambdarank_norm: 1]
[label_gain: ]
[lambdarank_position_bias_regularization: 0]
[eval_at: ]
[multi_error_top_k: 1]
[auc_mu_weights: ]
[num_machines: 1]
[local_listen_port: 12400]
[time_out: 120]
[machine_list_filename: ]
[machines: ]
[gpu_platform_id: -1]
[gpu_device_id: -1]
[gpu_device_id_list: ]
[gpu_use_dp: 0]
[num_gpu: 1]

end of parameters

pandas_categorical:[["IT\u670d\u52a1\u2161", "\u4e00\u822c\u96f6\u552e", "\u4e13\u4e1a\u5de5\u7a0b", "\u4e13\u4e1a\u670d\u52a1", "\u4e13\u4e1a\u8fde\u9501\u2161", "\u4e13\u7528\u8bbe\u5907", "\u4e2a\u62a4\u7528\u54c1", "\u4e2d\u836f\u2161", "\u4e58\u7528\u8f66", "\u4e92\u8054\u7f51\u7535\u5546", "\u4f11\u95f2\u98df\u54c1", "\u4f53\u80b2\u2161", "\u4fdd\u9669\u2161", "\u5143\u4ef6", "\u5149\u4f0f\u8bbe\u5907", "\u5149\u5b66\u5149\u7535\u5b50", "\u5176\u4ed6\u5bb6\u7535\u2161", "\u5176\u4ed6\u7535\u5b50\u2161", "\u5176\u4ed6\u7535\u6e90\u8bbe\u5907\u2161", "\u517b\u6b96\u4e1a", "\u519b\u5de5\u7535\u5b50\u2161", "\u519c\u4e1a\u7efc\u5408\u2161", "\u519c\u4ea7\u54c1\u52a0\u5de5", "\u519c\u5316\u5236\u54c1", "\u519c\u5546\u884c\u2161", "\u51b6\u94a2\u539f\u6599", "\u51fa\u7248", "\u52a8\u7269\u4fdd\u5065\u2161", "\u5305\u88c5\u5370\u5237", "\u5316\u5986\u54c1", "\u5316\u5b66\u5236\u54c1", "\u5316\u5b66\u5236\u836f", "\u5316\u5b66\u539f\u6599", "\u5316\u5b66\u7ea4\u7ef4", "\u533b\u7597\u5668\u68b0", "\u533b\u7597\u670d\u52a1", "\u533b\u836f\u5546\u4e1a", "\u534a\u5bfc\u4f53", "\u53a8\u536b\u7535\u5668", "\u5546\u7528\u8f66", "\u5730\u9762\u5175\u88c5\u2161", "\u57ce\u5546\u884c\u2161", "\u57fa\u7840\u5efa\u8bbe", "\u5851\u6599", "\u591a\u5143\u91d1\u878d", "\u5bb6\u5c45\u7528\u54c1", "\u5bb6\u7535\u96f6\u90e8\u4ef6\u2161", "\u5c0f\u5bb6\u7535", "\u5c0f\u91d1\u5c5e", "\u5de5\u4e1a\u91d1\u5c5e", "\u5de5\u7a0b\u54a8\u8be2\u670d\u52a1\u2161", "\u5de5\u7a0b\u673a\u68b0", "\u5e7f\u544a\u8425\u9500", "\u5f71\u89c6\u9662\u7ebf", "\u623f\u5730\u4ea7\u5f00\u53d1", "\u623f\u5730\u4ea7\u670d\u52a1", "\u623f\u5c4b\u5efa\u8bbe\u2161", "\u6469\u6258\u8f66\u53ca\u5176\u4ed6", "\u6559\u80b2", "\u6570\u5b57\u5a92\u4f53", "\u6587\u5a31\u7528\u54c1", "\u65c5\u6e38\u53ca\u666f\u533a", "\u65c5\u6e38\u96f6\u552e\u2161", "\u666e\u94a2", "\u670d\u88c5\u5bb6\u7eba", "\u6797\u4e1a\u2161", "\u6a61\u80f6", "\u6c34\u6ce5", "\u6c7d\u8f66\u670d\u52a1", "\u6c7d\u8f66\u96f6\u90e8\u4ef6", "\u6cb9\u670d\u5de5\u7a0b", "\u6cb9\u6c14\u5f00\u91c7\u2161", "\u6d88\u8d39\u7535\u5b50", "\u6e14\u4e1a", "\u6e38\u620f\u2161", "\u70bc\u5316\u53ca\u8d38\u6613", "\u7126\u70ad\u2161", "\u7164\u70ad\u5f00\u91c7", "\u7167\u660e\u8bbe\u5907\u2161", "\u71c3\u6c14\u2161", "\u7269\u6d41", "\u7279\u94a2\u2161", "\u73af\u4fdd\u8bbe\u5907\u2161", "\u73af\u5883\u6cbb\u7406", "\u73bb\u7483\u73bb\u7ea4", "\u751f\u7269\u5236\u54c1", "\u7535\u529b", "\u7535\u5b50\u5316\u5b66\u54c1\u2161", "\u7535\u673a\u2161", "\u7535\u6c60", "\u7535\u7f51\u8bbe\u5907", "\u7535\u89c6\u5e7f\u64ad\u2161", "\u767d\u8272\u5bb6\u7535", "\u767d\u9152\u2161", "\u79cd\u690d\u4e1a", "\u7eba\u7ec7\u5236\u9020", "\u7efc\u5408\u2161", "\u80a1\u4efd\u5236\u94f6\u884c\u2161", "\u80fd\u6e90\u91d1\u5c5e", "\u81ea\u52a8\u5316\u8bbe\u5907", "\u822a\u5929\u88c5\u5907\u2161", "\u822a\u6d77\u88c5\u5907\u2161", "\u822a\u7a7a\u673a\u573a", "\u822a\u7a7a\u88c5\u5907\u2161", "\u822a\u8fd0\u6e2f\u53e3", "\u88c5\u4fee\u5efa\u6750", "\u88c5\u4fee\u88c5\u9970\u2161", "\u8ba1\u7b97\u673a\u8bbe\u5907", "\u8bc1\u5238\u2161", "\u8c03\u5473\u53d1\u9175\u54c1\u2161", "\u8d35\u91d1\u5c5e", "\u8d38\u6613\u2161", "\u8f68\u4ea4\u8bbe\u5907\u2161", "\u8f6f\u4ef6\u5f00\u53d1", "\u901a\u4fe1\u670d\u52a1", "\u901a\u4fe1\u8bbe\u5907", "\u901a\u7528\u8bbe\u5907", "\u9020\u7eb8", "\u9152\u5e97\u9910\u996e", "\u91d1\u5c5e\u65b0\u6750\u6599", "\u94c1\u8def\u516c\u8def", "\u975e\u767d\u9152", "\u975e\u91d1\u5c5e\u6750\u6599\u2161", "\u98ce\u7535\u8bbe\u5907", "\u98df\u54c1\u52a0\u5de5", "\u996e\u6599\u4e73\u54c1", "\u9970\u54c1", "\u9972\u6599", "\u9ed1\u8272\u5bb6\u7535"]]
