tree
version=v4
num_class=1
num_tree_per_iteration=1
label_index=0
max_feature_idx=22
objective=binary sigmoid:1
feature_names=wr1 gap ret60 cmv ftr amount turn_d0 vr_d0 vr_prev pct_prev intraday amplitude seal_hard close_ret amt_rank_pct ind_boards streak_prev mkt_boards_n mkt_chain_n mkt_max_streak zha_rate promo_yd sw_l2
feature_infos=[0:1.0000000000000007] [-0.10465116279069764:0.10588235294117654] [-0.67999999999999994:5.0384615384615392] [36636.599999999999:193496882.99250001] [0.11749999999999999:147.02070000000001] [2925612:31598894525.549999] [0.039300000000000002:55.946300000000001] [0.029999999999999999:22.719999999999999] [0.23000000000000001:16.620000000000001] [-10.416666666666663:9.4972067039106101] [-0.0044800000000000178:0.20930232558139528] [0:0.20930232558139528] [0:1] [0.095008051529790638:0.10588235294117654] [0.0014513788098693759:1] [1:51] [0:14] [5:890] [0:314] [1:18] [0:0.80158730158730163] [0:0.85245901639344257] -1:69:116:5:90:30:86:54:1:0:115:31:15:72:49:13:45:113:64:32:37:28:23:89:43:83:107:99:14:2:80:48:7:88:20:46:108:52:42:75:105:17:35:95:18:44:53:114:103:106:34:51:104:125:60:84:67:96:61:79:120:36:22:33:117:26:82:74:10:9:50:98:77:124:63:93:123:94:112:59:119:39:19:111:87:91:110:47:57:55:58:40:127:70:85:126:68:76:128:66:25:56:78:3:109:122:6:100:121:8:29:81:92:73:27:101:38:118:102:65:4:11:62:16:12:71:41:21:24
tree_sizes=3403 3479 3484 3473 3486 3471 3460 3490 3497 3509 3509 3517 3501 3542 3520 3534 3525 3540 3513 3521 3520 3537 3550 3512 3562 3569 3577 3550 3581 3542 3560 3544 3535 3583 3566 3561 3581 3588 3589 3539 3556 3560 3601 3582 3560 3600 3576 3603 3598 3582

Tree=0
num_leaves=31
num_cat=1
split_feature=7 22 13 5 8 18 15 8 9 2 0 2 13 7 15 2 17 6 8 9 0 18 21 11 10 9 18 6 20 4
split_gain=7.96585 7.85796 7.90821 4.66667 4.4916 3.85569 3.89293 3.43114 2.94739 2.73009 2.60152 2.46193 2.44732 2.60983 2.24973 2.32915 4.47633 2.62979 2.56948 2.05243 1.84301 1.81821 1.81211 1.72465 2.39459 1.71577 1.7657 1.67265 1.71724 1.64322
threshold=0.62500000000000011 0 0.10046838664385062 440047092.64500004 5.495000000000001 8.5000000000000018 4.5000000000000009 1.3450000000000004 3.5124707485411304 -0.45339264834843612 0.266324670369468 -0.03275913111053546 0.10001661423892995 0.50500000000000012 18.500000000000004 -0.18562601820925942 38.500000000000007 5.3563000000000001 0.69500000000000006 -2.3025942882057944 0.45501800617480898 11.500000000000002 0.19204425711275028 0.1137608429367797 0.098591549295774683 1.8908731456987684 10.500000000000002 5.6075000000000008 0.2890227576974565 8.8533500000000025
decision_type=2 9 2 2 8 2 2 8 2 2 2 2 2 2 2 2 2 8 8 2 2 2 2 2 2 2 2 8 2 2
left_child=7 2 9 5 29 -4 10 12 -9 -2 22 -12 13 -1 15 16 17 -11 -18 -15 -5 -20 -7 24 -23 -17 27 28 -27 -3
right_child=1 4 3 20 -6 6 -8 8 -10 14 11 -13 -14 19 -16 25 18 -19 21 -21 -22 23 -24 -25 -26 26 -28 -29 -30 -31
leaf_value=-1.7674566835202816 -1.6019945913554745 -1.8237201831992429 -1.4653226056472397 -1.8333606364343111 -1.5596065934280421 -1.8444517327836829 -1.5334162512157432 -1.4900933562655014 -1.7466951464788776 -1.4594603698077377 -1.469143436990747 -1.8395783149856448 -1.7824812292551746 -1.5474632141565703 -1.8490352358269952 -1.8033532491645021 -1.6501621733744141 -1.7384773200071775 -1.8029428047081835 -1.7216517162507967 -1.6082968593899165 -1.7559485248173001 -1.6683954814179425 -1.8187905743856889 -1.6218742997539393 -1.7178969721710216 -1.7846261608399054 -1.7422923802998689 -1.4589425904132276 -1.8011998801389033
leaf_weight=0.53198914767222305 0.22585265411117994 18.296717713298406 0.30426010007055349 0.47582818187747472 0.17477857715009903 0.38262711829566759 0.38870493778968684 0.29270086424255226 0.18117517549510631 0.20860416338884272 0.15494051030018188 0.06312741720962553 1.3042228576052797 0.40436476765322327 1.0108330102044494 5.5431500731054237 0.4938813491837028 0.14189348135748533 2.1209302495057529 0.29067275997072395 0.11245930463291248 0.95379078186671684 0.2364962050735771 0.4747301321962013 0.51169101562474273 0.12516978010561997 1.3582571406410102 0.50503678671238084 0.13105101692227172 14.534587947871207
leaf_count=141 56 5714 183 142 68 51 131 132 62 91 47 147 263 44 194 2954 65 69 226 78 171 149 88 75 69 56 921 260 79 8043
internal_value=-1.79069 -1.79555 -1.77221 -1.67065 -1.80736 -1.62464 -1.66418 -1.71168 -1.5882 -1.77441 -1.72489 -1.57638 -1.73479 -1.68411 -1.77727 -1.7715 -1.7446 -1.57242 -1.75785 -1.62031 -1.79034 -1.77094 -1.7772 -1.73597 -1.70913 -1.78872 -1.75046 -1.6895 -1.58545 -1.81375
internal_weight=51.9345 48.9294 15.9233 2.11844 33.0061 1.53016 1.2259 3.00513 0.473876 13.8049 0.837191 0.218068 2.53125 1.22703 13.579 12.5682 4.90552 0.350498 4.55502 0.695038 0.588287 4.06114 0.619123 1.94021 1.46548 7.66266 2.11951 0.761258 0.256221 32.8313
internal_count=20769 20049 6224 960 13825 647 464 720 194 5264 333 194 526 263 5208 5014 744 160 584 122 313 519 139 293 218 4270 1316 395 135 13757
cat_boundaries=0 4
cat_threshold=2684485766 2354577677 2218819588 558521600
is_linear=0
shrinkage=1


Tree=1
num_leaves=31
num_cat=1
split_feature=7 22 13 5 8 10 9 0 21 15 3 8 2 15 11 9 20 0 9 2 15 10 7 20 13 9 15 9 0 14
split_gain=6.77492 7.14564 6.18185 3.58569 3.02548 2.71873 2.53936 3.40251 2.63882 2.4262 2.38856 2.20892 2.07432 2.12802 1.62017 1.58621 1.51698 1.51079 1.46512 2.05819 1.93694 3.09604 2.16311 2.08239 1.72789 1.72196 1.65172 1.76474 2.00481 2.78114
threshold=0.62500000000000011 0 0.10046838664385062 440047092.64500004 5.495000000000001 0.006632000919153975 -0.52185555261756711 0.38640418733600346 0.18469785575048733 6.5000000000000009 763597.31295000005 0.94500000000000006 -0.45339264834843612 18.500000000000004 0.11037631721437795 -0.24549983927997229 0.32779310344827589 0.45501800617480898 1.5826916426998963 -0.12981769492223713 2.5000000000000004 0.081691297208538585 1.3650000000000004 0.25131578947368427 0.099955509319322969 4.4457334364527048 5.5000000000000009 -2.3025942882057944 0.17574463218047146 0.45972972972972981
decision_type=2 9 2 2 8 2 2 2 2 2 2 8 2 2 2 2 2 2 2 2 2 2 2 2 2 2 2 2 2 2
left_child=5 2 12 9 -3 6 8 -8 -1 11 -7 14 -2 18 15 -4 -9 -5 19 26 21 -20 24 -24 -23 -25 27 -14 29 -29
right_child=1 4 3 17 -6 10 7 16 -10 -11 -12 -13 13 -15 -16 -17 -18 -19 20 -21 -22 22 23 25 -26 -27 -28 28 -30 -31
leaf_value=0.30004159951383746 0.15681323217534229 -0.021833935734512172 0.17825744901323795 -0.041857168450262439 0.18596030281061676 -0.034833221205711494 -0.031124691611120262 0.26336505617899997 0.10471054284219149 0.2705527379126314 0.084001101488709942 0.19304406039681402 -0.02715228431057868 -0.057869243685149223 -0.058739929520827606 0.013093119542659204 0.041143135515139768 0.1527330999674914 -0.041836137197145226 -0.019083847997564907 0.0049349439011171295 0.2945464325316548 -0.0024050524074261687 0.18902501141365394 0.1086431091068259 0.020897644333663288 0.11086602071477379 0.018139304434841314 -0.057092493745176567 0.13462549167395044
leaf_weight=0.30347011588234479 0.2572518728147174 32.849071844169707 0.32391802981330553 0.46141808198688489 0.17611222704144935 0.80820346529512388 0.45205203029893182 0.20564813479727873 0.40187885639266413 0.30792073503955553 0.88687407647419525 0.53797050463916096 1.356439370870606 0.96919035572483636 0.20628010237843275 0.26371927576891896 0.12257035848097386 0.12725723874062472 0.44217069055077729 3.9243948787357104 1.7176011740868911 0.23024883788556993 0.54272237849571825 0.43040242674281737 0.27341731817944348 0.23569460876340742 0.55922653146039669 1.3445568915140953 0.41756754961521636 0.82792303745411611
leaf_count=27 53 13973 82 138 66 240 89 106 90 99 96 319 234 194 45 106 72 167 234 2408 748 45 164 255 72 86 121 149 165 126
internal_value=-8.62598e-05 -0.00469629 0.0176796 0.106063 -0.0159087 0.0706179 0.119996 0.0578434 0.18875 0.144064 0.0273416 0.114821 0.016189 0.0134632 0.061816 0.104135 0.180378 0.000208499 0.0190828 0.00738841 0.0445421 0.0761152 0.106571 0.0702975 0.193628 0.129534 0.0304453 0.0190495 0.0432459 0.0625317
internal_weight=51.9632 48.7825 15.7573 2.22848 33.0252 3.1807 1.48562 0.780271 0.705349 1.63981 1.69508 1.33189 13.5288 13.2716 0.793917 0.587637 0.328218 0.588675 12.3024 8.43011 3.87226 2.15466 1.71249 1.20882 0.503666 0.666097 4.50571 3.94649 2.59005 2.17248
internal_count=20769 20049 6010 956 14039 720 384 267 117 651 336 552 5054 5001 233 188 178 305 4807 3203 1604 856 622 505 117 341 795 674 440 275
cat_boundaries=0 4
cat_threshold=2684485766 2354577677 2218835972 557997440
is_linear=0
shrinkage=0.05


Tree=2
num_leaves=31
num_cat=1
split_feature=22 7 13 1 17 20 0 13 2 5 4 0 2 17 2 8 5 5 15 7 13 6 15 3 17 8 11 9 20 1
split_gain=6.13179 4.64724 4.37605 3.14497 2.82815 3.34817 2.79674 2.34612 2.34154 2.10154 3.21262 2.05912 1.79861 2.75833 2.51522 1.99183 1.6587 2.03487 1.97232 1.63475 1.60475 2.0117 1.56071 1.8161 2.02947 1.54131 1.52927 1.8438 1.45271 1.44885
threshold=0 0.58500000000000008 0.10046838664385062 0.099727395231088659 45.500000000000007 0.24044547224926974 0.095520242879944137 0.10080972987149218 -0.50647559149445931 395351160.53500003 6.3172000000000006 0.29807906360607994 -0.18562601820925942 38.500000000000007 -0.31583538537984068 0.90500000000000014 112635757.13500002 192796992.41000006 4.5000000000000009 1.0150000000000003 0.099803181760369078 4.4747500000000011 2.5000000000000004 259375.93145000003 86.500000000000014 5.495000000000001 0.10887096774193554 -2.0246284119559528 0.26752374713396659 0.09983765164153692
decision_type=9 2 2 2 2 2 2 2 2 2 2 2 2 2 2 10 2 2 2 2 2 10 2 2 2 8 2 2 2 2
left_child=1 6 12 7 -4 16 -1 8 -2 10 -9 -5 13 14 -3 -14 -6 -18 -19 -10 21 28 -17 24 -24 -21 27 -12 -15 -8
right_child=3 2 4 11 5 -7 29 9 19 -11 26 -13 15 20 -16 22 17 18 -20 25 -22 -23 23 -25 -26 -27 -28 -29 -30 -31
leaf_value=0.18953644743041054 0.16397666527811861 -0.046664228451552422 0.21079250549898765 0.022915645531512187 0.21728366121514087 -0.01936364968734175 -0.056688217392940221 0.0085564048484794968 0.0007228735106887624 -0.048795542141949741 0.3555074861373308 0.16813470940355124 -0.032284376169463752 0.14749871726095348 0.23728842094318667 0.040912805227455218 -0.043245365644692522 0.05513198244494763 0.23142765024356546 -0.029359008794386673 0.0076707339116729089 -0.027765640770771149 -0.056783335085382164 -0.019773819947112067 0.34939875571102808 0.15890483319104176 0.302945891403336 -0.048903093102554793 0.03205372176805367 0.11248213127992537
leaf_weight=0.67246149054750359 0.16890631590869887 0.10736487838038622 0.36956737121516448 0.90082013396548521 0.28927758045569507 0.79477443439038187 0.23559455377846544 0.42387527082688436 5.9667946240100944 0.34925602707756498 0.041695327975723326 0.33483784394161986 3.6154427646291429 0.67840863553558484 0.28501799417446116 2.8986821790835591 0.24523374520039787 0.3982289772043166 0.26370263070962685 24.012517159881675 4.4948614216653615 0.41298559532103696 0.053942386341934906 2.7226392993802486 0.071534299997281475 0.10921084290559235 0.20077696693114988 0.08697789598256063 0.45544018360515703 0.27348650189482321
leaf_count=52 52 44 297 210 61 358 75 224 1404 196 32 374 1792 99 141 1579 54 92 64 11179 494 92 82 1235 50 47 114 123 66 87
internal_value=-0.000150774 0.017481 0.0202679 -0.0122243 0.0837627 0.0601861 0.122605 -0.0190574 -0.0216681 0.0525846 0.0995863 0.062267 0.0107785 0.0311305 0.159593 -0.00320811 0.113029 0.0797848 0.125365 -0.0227102 0.0227875 0.0667144 0.0150844 -0.0112025 0.174781 -0.0285066 0.216707 0.0821423 0.101127 0.0341928
internal_weight=51.9343 19.3386 18.1571 32.5957 2.36078 1.99122 1.18154 31.36 30.2574 1.10258 0.753325 1.23566 15.7963 6.43408 0.392383 9.36224 1.19644 0.907165 0.661932 30.0885 6.0417 1.54683 5.7468 2.84812 0.125477 24.1217 0.32945 0.128673 1.13385 0.509081
internal_count=20769 6814 6600 13955 926 629 214 13371 12682 689 493 584 5674 936 185 4738 271 210 156 12630 751 257 2946 1367 132 11226 269 155 165 162
cat_boundaries=0 4
cat_threshold=2685403138 2354585901 2218819844 541219992
is_linear=0
shrinkage=0.05


Tree=3
num_leaves=31
num_cat=1
split_feature=22 5 17 5 1 13 13 7 7 2 5 4 7 20 2 5 9 17 8 18 11 3 3 20 15 10 2 2 11 5
split_gain=5.528 3.84337 3.23266 3.12397 3.08513 2.35047 2.08718 1.98165 1.9742 1.94714 1.7571 2.30563 1.68144 1.68037 1.6777 1.67658 1.66139 1.41554 1.31794 1.26931 1.66854 1.69436 1.73481 2.79553 2.57064 2.47746 1.9124 1.8906 1.47305 1.34514
threshold=0 440047092.64500004 35.500000000000007 39726767.860000007 0.099727395231088659 0.10046838664385062 0.10080972987149218 0.58500000000000008 0.50500000000000012 -0.50647559149445931 395351160.53500003 6.3172000000000006 1.0150000000000003 0.18322386425834705 -0.15529593816311507 336730270.26500005 -9.430835906431815 49.500000000000007 5.495000000000001 9.5000000000000018 0.12932385518926406 279653.97620000009 343245.04010000004 0.1937129690585912 2.5000000000000004 0.10012920435822666 -0.16160349463824916 -0.21444087143222187 0.11279421325509868 368349903.57500005
decision_type=9 2 2 2 2 2 2 2 2 2 2 2 2 2 2 2 2 2 8 2 2 2 2 2 2 2 2 2 2 2
left_child=1 2 -1 -4 6 7 9 8 -5 -2 11 -8 -11 -7 -6 17 -9 -15 -14 -18 21 -21 23 -23 25 29 -27 -25 -28 -24
right_child=4 -3 3 5 14 13 10 16 -10 12 -12 -13 18 15 -16 -17 19 -19 -20 20 -22 22 24 27 -26 26 28 -29 -30 -31
leaf_value=0.16655748702981138 0.13914309995590543 -0.004109923532430425 0.20196496759418917 0.019241018962454406 0.0027269629636571474 0.14421719076921491 0.0080767706656597708 0.16449754482211607 0.19498658644657363 0.0015277751172550595 -0.048075194864819377 0.17745482865101853 -0.028875916536351409 0.16297582320263576 0.11330602737321621 0.19837027589046224 -0.017488837853623807 -0.00031121046427800533 0.1375515193527323 -0.040230086342134784 0.15315001629602543 -0.055053390479628261 0.0048205810554650865 0.24817272600819129 -0.01408259922069177 0.23285506599285555 -0.035645492142557737 0.057345534337326066 0.17461679265224317 0.17410964170397997
leaf_weight=0.50005494183833832 0.18852543893997165 7.1366599369080275 0.27932202370653314 0.31768404343758816 0.68496282135913644 0.71148336704751214 0.42651815687460537 0.18568610187880175 0.3215187768656913 6.0294436783084064 0.33707477035332334 0.37984794144823231 23.633361216868504 0.15612245839228311 0.68708656864814988 0.15920947693434606 2.413434017562107 0.88569654968190115 0.11955735368260434 0.97984468437357719 0.24469717636894284 0.2021034091863716 1.1263864745573453 0.29329910114907182 2.4620241238442571 0.30868324268719699 0.18230166515714979 0.23283195681387531 0.15338204863359861 0.13098629413689966
leaf_count=817 53 2591 120 71 94 96 221 50 32 1406 194 264 11240 99 494 61 529 275 46 471 79 51 394 41 588 16 69 176 56 75
internal_value=-0.000202684 0.0165286 0.0420519 0.0367517 -0.0116786 0.0327275 -0.0185092 0.0225999 0.107641 -0.0210386 0.0477907 0.0878642 -0.0220526 0.0833245 0.0581021 0.047252 0.0165029 0.0241583 -0.0280382 0.0133551 0.02514 0.0199812 0.0315675 0.103008 0.0196453 0.06331 0.143029 0.163725 0.0604285 0.0224562
internal_weight=51.8698 19.3834 12.2468 11.7467 32.4864 11.4674 31.1143 9.55486 0.639203 29.9709 1.14344 0.806366 29.7824 1.91251 1.37205 1.20103 8.91566 1.04182 23.7529 8.72997 6.31654 6.07184 5.092 0.728234 4.36376 1.90174 0.644367 0.526131 0.335684 1.25737
internal_count=20769 6757 4166 3349 14012 3229 13424 2698 103 12745 679 485 12692 531 588 435 2595 374 11286 2545 2016 1937 1466 268 1198 610 141 217 125 469
cat_boundaries=0 4
cat_threshold=2684354562 2354585901 2218819844 557997208
is_linear=0
shrinkage=0.05


Tree=4
num_leaves=31
num_cat=1
split_feature=22 7 13 7 1 13 17 20 5 4 11 5 21 17 3 14 9 13 8 2 5 20 7 20 2 21 7 5 5 21
split_gain=4.90367 3.16609 2.88172 2.59002 2.17262 1.94509 1.85801 2.35032 1.67974 1.67144 2.24617 1.63774 1.69226 1.61221 1.59151 1.7967 1.85705 1.53815 1.39702 1.97335 1.96809 1.91806 2.68031 2.09329 2.08733 1.81552 1.78957 1.43531 1.35533 1.33812
threshold=0 0.58500000000000008 0.10046838664385062 0.96500000000000008 0.10031670804182648 0.10080972987149218 45.500000000000007 0.24044547224926974 103502634.50000001 10.201500000000001 0.098556671132605744 382099096.45500004 0.29128787878787882 70.500000000000014 5770044.9246000005 0.97377969597433356 1.5547494659037933 0.10017006851910239 0.88500000000000012 -0.20308429761305832 520998912.71500009 0.32779310344827589 1.7150000000000001 0.25131578947368427 -0.31583538537984068 0.20112359550561801 1.5550000000000004 194542463.95000002 251004919.37000003 0.14907407407407411
decision_type=9 2 2 2 2 2 2 2 2 2 2 2 2 2 2 2 2 2 10 2 2 2 2 2 2 2 2 2 2 2
left_child=1 8 14 9 5 -5 -4 -8 -1 10 17 12 -7 -10 15 18 -17 -2 19 25 21 22 24 -24 -20 27 29 -3 -11 -26
right_child=3 2 6 4 -6 11 7 -9 13 28 -12 -13 -14 -15 -16 16 -18 -19 20 -21 -22 -23 23 -25 26 -27 -28 -29 -30 -31
leaf_value=0.17033810635533855 0.050291309867680947 0.012762568103832934 0.16139933698582354 -0.025666698737215748 0.15972106410500805 0.0575665302777442 0.091370087506099235 -0.019261425709731057 0.12638728040452932 0.22195577818211906 -0.037284382686113955 -0.048875138942781185 0.2878738849806759 -0.01161430400063948 -0.049129134853210729 0.018599311336483078 0.29088713552091594 -0.022305633100678859 0.2068396585873955 -0.032834416483608249 -0.0092419834544725087 -0.00016086884716609394 -0.021770928430667372 0.077725098491230479 -0.05885836612901027 -0.036523564654679229 0.18193025838798893 0.10943576607709188 0.051309555954156476 0.07444101568387998
leaf_weight=0.49629099031910939 2.4353029299468534 0.80671608037814357 0.43926483832212815 24.536441864106205 0.16397680715446483 0.60369615332471727 1.2217372446971433 0.79082606333289485 0.4064022087804155 0.13999101893294197 2.0660388709975703 0.31869203219734343 0.091903636566280533 0.44161215585828856 1.062194917990072 0.13302430554787065 0.1183137868692748 1.0417375840563283 0.38466222415463258 3.2536819697754886 2.9747191234170911 1.9663961671776773 1.2155897420447277 0.9354414006650108 0.23183256313276501 0.74006355251005351 0.32094404031199575 0.73264512726572295 0.68920230516241032 1.0019287334135278
leaf_count=103 614 58 294 11744 82 281 266 355 58 87 365 199 151 52 241 132 86 295 154 1603 1067 618 540 472 46 134 92 52 209 319
internal_value=-0.00024332 0.0153908 0.0177817 -0.0111508 -0.0216975 -0.0228618 0.0682327 0.047898 0.0972787 0.0139105 0.00400625 0.0449902 0.0879951 0.0545215 0.00999124 0.0142297 0.146775 0.0285409 0.0119424 -0.00784174 0.0240631 0.0404205 0.0599293 0.0214979 0.102555 0.0278332 0.0767533 0.0587733 0.0801194 0.0493931
internal_weight=51.7613 19.6743 18.33 32.087 25.7147 25.5507 2.45183 2.01256 1.34431 6.37227 5.54308 1.01429 0.6956 0.848014 15.8782 14.816 0.251338 3.47704 14.5646 5.53311 9.03151 6.05679 4.0904 2.15103 1.93937 2.27942 1.55471 1.53936 0.829193 1.23376
internal_count=20769 6742 6529 14027 12457 12375 915 621 213 1570 1274 631 432 110 5614 5373 218 909 5155 1847 3308 2241 1623 1012 611 244 457 110 296 365
cat_boundaries=0 4
cat_threshold=2685403138 2287477037 2218819844 541219992
is_linear=0
shrinkage=0.05


Tree=5
num_leaves=31
num_cat=1
split_feature=22 5 5 7 13 8 7 13 8 9 19 5 17 6 2 19 2 3 3 21 14 8 8 1 20 7 0 15 11 0
split_gain=4.41274 3.49126 2.80793 2.57316 2.51605 2.22963 2.20563 2.0924 2.80787 1.70172 1.68362 1.58449 1.5772 1.56247 1.52907 1.50341 2.3688 1.44937 2.96309 1.42652 1.42435 1.40685 1.37881 1.61139 1.72919 2.49534 1.35666 1.30507 1.38061 1.27813
threshold=0 440047092.64500004 42214295.000000007 1.0050000000000001 0.10046838664385062 1.3550000000000002 2.1150000000000007 0.10034168609244211 1.7450000000000003 -5.2021176346199125 3.5000000000000004 282558634.11000007 30.500000000000004 7.5631500000000011 -0.45339264834843612 7.5000000000000009 0.025425137742818408 2329372.1936000003 926180.42720000015 0.16035714285714289 0.49106858054226482 1.155 1.1250000000000002 0.001749280652955987 0.14711765775595567 0.84500000000000008 0.7057189147291415 1.5000000000000002 0.1105596165917581 0.98134778759771335
decision_type=9 2 2 2 2 10 2 2 8 2 2 2 2 8 2 2 2 2 2 2 2 10 10 2 2 2 2 2 2 2
left_child=1 2 -1 9 5 12 10 -5 -9 17 -7 -8 -4 14 -11 26 -17 18 19 -2 -13 22 23 24 -14 -26 -16 28 -27 -3
right_child=3 29 4 7 -6 6 11 8 -10 13 -12 20 21 -15 15 16 -18 -19 -20 -21 -22 -23 -24 -25 25 27 -28 -29 -30 -31
leaf_value=0.18750243794148927 0.13872561339718092 -0.0095117471485497915 0.12917714571346497 -0.028779298790763071 0.08172021779029022 -0.016456595465343206 -0.050143809354618867 -0.0031860807511894826 0.13602378770975923 0.10816432698421946 0.13723239360443859 -0.029557584225527945 -0.058104114406258248 0.086634437803648809 -0.028795192111516755 0.2805090586511278 -0.040528898332924508 -0.027258744353035397 0.18514444148421225 -0.058375927767343606 0.21359485043839066 -0.044149239840394233 0.11589618152981891 -0.014853996591088686 0.14611372341904141 0.15801106033747983 0.060749560588362672 0.010823757279288465 -0.0081189262629961286 0.10314555546402007
leaf_weight=0.30011684067407074 0.13347195052491656 7.5968207194520332 0.27788884982481832 20.098647614338404 2.1835499304103019 0.2150526707909578 0.489430368393522 3.1999073893946992 0.40846104289245788 0.27192622803758126 1.0397451200778625 0.10817734173589291 0.456011706206361 0.48468643570024461 4.2054361577454005 0.10882261997283102 0.12173513337984523 0.30850825642656876 0.46917372519709954 0.29402057088165234 0.13587997898445828 1.1174079723309658 0.33034957409402554 3.1922847719571772 0.52217567366741802 0.34187386269311582 0.47029415251574569 2.3052714815495836 0.19719353238389803 0.260395824988083
leaf_count=180 31 2553 389 9892 642 31 314 1771 362 27 438 65 37 195 715 95 171 21 37 157 101 375 69 1037 51 123 245 419 73 153
internal_value=-0.000279514 0.0139798 0.0363104 -0.0110606 0.0327963 0.0228391 0.0706295 -0.0224853 0.0125722 0.0122708 0.110893 0.0017504 0.0119678 0.000789174 -0.00724603 -0.0136425 0.111 0.0662208 0.0983835 0.00316322 0.105819 0.0081189 0.0160704 0.0113693 0.0332689 0.0456459 -0.0197886 0.0272016 0.0972399 -0.00577817
internal_weight=51.6447 21.0696 13.2124 30.5751 12.9123 10.7287 1.98829 23.707 3.60837 6.86808 1.2548 0.733488 8.74046 5.6629 5.17821 4.90629 0.230558 1.20517 0.896666 0.427493 0.244057 8.46257 7.34516 7.01481 3.82253 3.36651 4.67573 2.84434 0.539067 7.85722
internal_count=20769 7050 4344 13719 4164 3522 949 12025 2133 1694 469 480 2573 1448 1253 1226 266 246 225 188 166 2184 1809 1740 703 666 960 615 196 2706
cat_boundaries=0 4
cat_threshold=3758096386 2354579757 2218819844 541219864
is_linear=0
shrinkage=0.05


Tree=6
num_leaves=31
num_cat=1
split_feature=22 5 7 13 10 4 1 7 3 20 5 2 8 6 4 8 13 0 17 0 2 11 15 6 2 19 4 13 11 7
split_gain=4.06901 3.53676 3.19717 2.09335 1.85857 2.19338 2.10909 1.79335 2.34366 1.77459 1.6962 1.60208 1.50919 1.52496 2.24752 1.47104 1.61967 1.36304 1.52227 2.02602 2.29382 1.95492 2.45494 1.37829 1.2461 1.70739 1.37846 1.16321 2.01891 1.14918
threshold=0 440047092.64500004 1.0150000000000003 0.10046838664385062 0.093274955620372288 9.9314000000000018 0.008835223280962869 0.68500000000000016 1120258.4982000003 0.53851851851851873 336730270.26500005 -0.054609147572018006 inf 3.5358000000000005 4.2598000000000011 1.3450000000000004 0.10028957555937569 0.266324670369468 76.500000000000014 0.012735388289639398 -0.16489996255282727 0.10282967514325934 1.5000000000000002 2.2799 -0.25644304332450674 3.5000000000000004 8.102800000000002 0.10088107436733419 0.10958430849422499 0.94500000000000006
decision_type=9 2 2 2 2 2 2 2 2 2 2 2 8 8 2 10 2 2 2 2 2 2 2 8 2 2 2 2 2 2
left_child=1 3 4 15 6 -6 -2 8 -8 12 -5 -7 13 -4 -15 17 24 18 19 -1 21 22 -21 -22 -17 -26 -27 -16 -29 -13
right_child=2 -3 9 10 5 11 7 -9 -10 -11 -12 29 -14 14 27 16 -18 -19 -20 20 23 -23 -24 -25 25 26 -28 28 -30 -31
leaf_value=-0.0348879450207841 0.12485616420826495 -0.0058982292474509396 -0.042491005184364078 0.057542017306334597 -0.05026055518036554 0.21282278606861282 0.008900402136306074 -0.0080244823972457358 0.1134694284478224 0.17193552635582623 0.15992479732215228 0.091277875293548721 0.13427196218464174 0.18645651667903435 -0.020149576085157078 0.17591565066720605 -0.056117739776556957 -0.028756953183349844 0.0071807632946986749 0.16393236083781965 0.12957057964490065 0.16287057565769947 -0.058682478113506645 -0.015246329249146926 -0.058251357544605024 0.028483757651888309 0.14609034533681739 -0.050426052746314579 0.11875555214851125 -0.057674907253842569
leaf_weight=0.50940230277074983 0.54161400239850266 7.4535194782663146 7.7522416338986355 1.7904501434577635 1.775864747471424 0.13169762479297542 1.2472624566750692 2.5259568889826847 0.93940978826431143 0.11701729489276047 0.52262503954905204 0.26149043235169789 0.15111076627059716 0.13654002083076733 15.432845552501142 0.31498018028838215 0.22606837022209947 1.2763668611988865 3.8582952712693981 0.22023379192300996 0.20996483340357777 0.85843843777972284 0.28295717151617594 0.75548670870492673 0.23042084477197433 0.45664548157485085 0.54834570504376412 0.31265583179581991 0.40445588582883485 0.25651140320011379
leaf_count=88 61 2688 2965 563 426 26 359 617 103 140 90 137 21 23 8787 126 100 1228 352 56 77 80 60 445 69 278 346 250 145 63
internal_value=-0.00031158 0.0140031 -0.0102255 0.0379126 0.0147004 -0.0215017 0.0314127 0.0206734 0.053824 -0.0223078 0.0806748 0.0571068 -0.0232474 -0.0242376 -0.0155491 0.0277653 0.0689101 0.0185957 0.0276236 0.0554306 0.0752015 0.117002 0.0387503 0.0162482 0.0871409 0.064507 0.0926525 -0.017257 0.0449935 0.0175174
internal_weight=51.5009 19.5142 31.9867 12.0607 7.67981 2.42556 5.25424 4.71263 2.18667 24.3069 2.31308 0.649699 24.1898 24.0387 16.2865 9.74761 1.77646 7.97115 6.69478 2.83648 2.32708 1.36163 0.503191 0.965452 1.55039 1.23541 1.00499 16.15 0.717112 0.518002
internal_count=20769 6646 14123 3958 1792 652 1140 1079 462 12331 653 226 12191 12170 9205 3305 919 2386 1158 806 718 196 116 522 819 693 624 9182 395 200
cat_boundaries=0 4
cat_threshold=2684354562 2287470909 2218819588 541744280
is_linear=0
shrinkage=0.05


Tree=7
num_leaves=31
num_cat=1
split_feature=22 7 5 13 9 13 1 4 6 4 0 6 4 13 11 5 20 7 10 13 13 21 3 13 7 0 2 6 19 4
split_gain=3.74896 3.25289 2.33254 1.77459 1.70482 1.86548 1.68745 1.68221 1.46746 1.82057 1.45578 1.44937 2.71521 1.31036 1.37199 1.29011 1.17584 1.87234 1.16171 2.25137 1.82312 1.38185 1.16068 1.45488 1.34977 1.52758 1.15363 1.24408 1.95183 1.63719
threshold=0 1.0150000000000003 440047092.64500004 0.10046838664385062 -5.2021176346199125 0.099894384709597897 0.10031670804182648 3.8075500000000004 3.5358000000000005 4.2598000000000011 0.69972894891222681 2.8244500000000001 6.8149000000000006 0.10088107436733419 0.10958430849422499 336730270.26500005 0.43951219512195128 1.7250000000000003 0.10000953470633119 0.10025559115866912 0.10012077312302083 0.15954545454545457 343245.04010000004 0.099490722214811936 2.2550000000000003 0.14698371125319853 -0.45339264834843612 4.7730500000000005 6.5000000000000009 4.0714500000000013
decision_type=9 2 2 2 2 2 2 2 8 2 2 8 2 2 2 2 2 2 2 2 2 2 2 2 2 2 2 8 2 2
left_child=2 4 3 11 5 -2 8 -7 16 -10 26 12 -1 -11 -15 -5 -3 -18 22 20 21 -20 23 -13 -25 -26 -6 28 -28 -30
right_child=1 6 -4 15 10 7 -8 -9 9 13 -12 18 -14 14 -16 -17 17 -19 19 -21 -22 -23 -24 24 25 -27 27 -29 29 -31
leaf_value=0.032900995778776948 0.17380474184274586 -0.046414758536541832 -0.0029619651024242726 0.051080251699054759 0.091283284701783318 0.13372251754291714 0.12685644255514156 -0.003443454058839546 0.15560987752555411 -0.019696249729137846 0.073490679658004807 0.19320637958587827 0.16440067872704411 -0.035858368945642843 0.10581646747361068 0.13687204837338421 -0.056697006765894377 0.17011162784328154 0.12190739301689804 -0.055565279638097459 0.1385615710077705 0.0074980836143558509 -0.02510460868098351 -0.031934732948469206 0.013854798691188297 0.19361238674284265 -0.034489176962629368 0.038436813173350876 0.14093021275866055 -0.045431474664074899
leaf_weight=3.0547464165341247 0.3068782789060881 7.0255064895354113 7.0720230560712194 1.8752156548761707 0.29828134801780581 0.30930553985740328 0.1884037617315738 0.80598749175630979 0.15488144829749018 15.443022723301908 0.67239524778617799 0.12632244880576826 0.45043140995037045 0.28332723651770003 0.43059159040391065 0.57182608625995923 0.2023193108684059 0.16536433485186455 0.33575588729647998 0.53570076229352803 0.53897213225383334 1.2336216915136828 2.7529089602759176 0.67602287022327401 0.34868126235455466 0.17878780640713232 3.7153024116036395 1.0673536169846451 0.31225230856824865 0.189290584235628
leaf_count=788 78 2779 2722 586 31 44 78 132 21 8765 425 144 151 239 143 95 43 78 100 134 117 403 972 347 75 222 550 287 108 112
internal_value=-0.000339464 -0.00994294 0.0133075 0.0328778 0.0152219 0.0646354 -0.0221899 0.0345969 -0.0233745 -0.0149992 0.00398679 0.02373 0.0497993 -0.0166347 0.0495911 0.0711281 -0.0418531 0.0453093 0.0101458 0.0359658 0.0592225 0.031975 -0.00657565 0.031782 0.0148383 0.0747844 -0.00438477 -0.00978502 -0.0219908 0.0705942
internal_weight=51.3215 31.5705 19.751 12.679 7.67705 1.42217 23.8934 1.11529 23.705 16.3118 6.25488 10.232 3.50518 16.1569 0.713919 2.44704 7.39319 0.367684 6.72677 2.64405 2.10835 1.56938 4.08272 1.32981 1.20349 0.527469 5.58248 5.2842 4.21685 0.501543
internal_count=20769 13913 6856 4134 1767 254 12146 176 12068 9168 1513 3453 939 9147 382 681 2900 121 2514 754 620 503 1760 788 644 297 1088 1057 770 220
cat_boundaries=0 4
cat_threshold=2684354562 2287470877 2218819844 558521496
is_linear=0
shrinkage=0.05


Tree=8
num_leaves=31
num_cat=1
split_feature=22 5 7 5 1 17 8 4 13 2 5 20 10 3 8 8 7 2 8 15 20 14 3 15 14 7 19 20 7 14
split_gain=3.38819 2.38347 2.00301 2.00245 1.48847 1.44993 1.44267 1.58439 1.50674 1.34601 1.31522 1.17736 1.7276 1.2898 1.27336 1.17508 2.13082 2.04317 1.85498 1.35363 1.9652 1.62106 1.55115 1.37488 1.24811 1.22392 1.40679 1.13425 1.09759 1.0557
threshold=0 42214295.000000007 1.0050000000000001 510061927.22000009 0.0015447995857200694 30.500000000000004 5.495000000000001 7.671450000000001 0.10088107436733419 -0.47634589083675244 325968308.36500007 0.1813852813852814 0.08916497718833219 1242411.5000000002 0.76500000000000012 0.88500000000000012 2.5350000000000006 -0.20308429761305832 0.66500000000000015 3.5000000000000004 0.26705426356589151 0.61921498255076146 382096.54415000003 1.5000000000000002 0.41719409282700431 1.7550000000000001 4.5000000000000009 0.42482876712328771 0.58500000000000008 0.76479125757705124
decision_type=9 2 2 2 2 2 8 2 2 2 2 2 2 2 8 10 2 2 10 2 2 2 2 2 2 2 2 2 2 2
left_child=1 -1 4 5 -2 -3 7 9 -9 -4 -10 12 13 -6 -13 17 19 18 -7 21 25 -17 -22 -23 -20 -21 -27 28 -19 -5
right_child=2 3 6 29 11 15 -8 8 10 -11 -12 14 -14 -15 -16 16 -18 27 24 20 22 23 -24 -25 -26 26 -28 -29 -30 -31
leaf_value=0.14791846138355247 -0.032053593993655628 0.094015678588071319 0.11070505029582192 -0.034378506546862773 -0.02474633852277279 0.096842314630369061 0.10255365593719518 -0.013882236344697818 0.13243122305456978 -0.039976996317654223 -0.050856393655116586 -0.045873546645691821 0.13194938580887691 0.075742880260798118 0.022767315956534542 0.017258732358431918 -0.019503736532518842 0.056113949151939339 -0.032060396761626815 0.15265411431055598 0.13470107244250035 0.20015859006321959 -0.001691576558457391 0.035250090310139995 0.048101571507664503 0.13583410929338308 -0.057610704116516642 0.081638347959774718 -0.043136232286019288 0.0074100355167381147
leaf_weight=0.34515244809346768 1.6346047498412861 0.74055962193482372 0.15062225740972657 2.3345756028949278 0.65695967409097589 0.86579075420300577 0.23524005368908874 12.491760394459988 0.32720952093775241 9.2378669292874473 0.13964646166775535 0.89279842471633797 0.52330392623439825 0.62131133814129702 2.7779877204115864 3.4993707852248224 1.4712149405032464 0.31360193095232602 0.95149984889197781 0.87563100067645083 0.27168182258005946 0.23886101742741939 0.89571432716862853 0.26842919638582385 0.99163526971102034 0.20000347305600388 0.17729875005840032 0.23801435852356068 2.4928812842312054 4.2860165468413642
leaf_count=179 452 640 31 864 125 57 62 8024 142 3510 153 301 37 40 733 841 882 55 86 267 87 54 150 84 55 33 115 63 1073 1574
internal_value=-0.000362655 0.0119966 -0.0099759 0.0154567 0.00981414 0.0258645 -0.0206217 -0.0219183 -0.0105862 -0.0375596 0.077606 0.0223201 0.0554249 0.0240971 0.00607268 0.0221944 0.0347769 0.00521643 0.0359707 0.0472024 0.0767261 0.0293678 0.0300504 0.112898 0.00884846 0.120215 0.0449321 -0.0231582 -0.0320458 -0.00732558
internal_weight=51.1472 21.4579 29.6893 21.1128 7.10697 14.4922 22.5823 22.3471 12.9586 9.38849 0.466856 5.47236 1.80157 1.27827 3.67079 13.7516 7.89821 5.85342 2.80893 6.42699 2.42033 4.00666 1.1674 0.50729 1.94314 1.25293 0.377302 3.0445 2.80648 6.62059
internal_count=20769 7159 13610 6980 1688 4542 11922 11860 8319 3541 295 1236 202 165 1034 3902 2513 1389 198 1631 652 979 237 138 141 415 148 1191 1128 2438
cat_boundaries=0 4
cat_threshold=3758096514 2287468845 2218819844 557997208
is_linear=0
shrinkage=0.05


Tree=9
num_leaves=31
num_cat=1
split_feature=22 7 13 1 4 9 0 14 14 2 2 15 20 11 9 9 7 10 1 4 1 0 18 21 18 18 11 0 18 15
split_gain=3.13368 3.28899 1.89335 1.43238 1.46423 1.34047 1.41296 1.33679 2.3411 2.1853 1.45718 1.27494 1.33155 1.61505 1.22452 1.21685 1.75705 1.19894 3.09914 1.61346 1.65163 1.28921 1.19057 1.30387 1.15354 2.39716 1.13559 1.55371 1.06488 1.45505
threshold=0 1.0150000000000003 0.10046838664385062 0.10031670804182648 8.9681500000000014 -5.2021176346199125 0.10427511499136526 0.52387863708618443 0.47512376237623766 -0.28910324611774246 -0.35253703873178566 18.500000000000004 0.14449845338046843 0.072870787791098388 -4.2274299875678922 4.1424522084026263 1.1150000000000004 0.093274955620372288 0.0079908734373583829 6.8149000000000006 -0.0090090090090089708 0.63676663066182659 15.500000000000002 0.14017543859649126 19.500000000000004 21.500000000000004 0.12932385518926406 0.27891978946953083 7.5000000000000009 4.5000000000000009
decision_type=9 2 2 2 2 2 2 2 2 2 2 2 2 2 2 2 2 2 2 2 2 2 2 2 2 2 2 2 2 2
left_child=2 5 11 4 -3 6 -2 8 10 -10 -6 12 13 -1 -7 -9 -17 18 -16 -19 -21 -20 26 -24 -18 -26 -14 -28 -4 -30
right_child=1 3 28 -5 7 14 -8 15 9 -11 -12 -13 22 -15 17 16 24 19 21 20 -22 -23 23 -25 25 -27 27 -29 29 -31
leaf_value=0.086233033860406011 0.092835915783557849 -0.034548028934067422 0.14925452368548717 0.1112520902533307 0.12368933054550708 -0.058445715800224299 -0.0059945851768298504 -0.033676772356432981 0.32436637778948263 0.060345567565464657 -0.011824180366318613 -0.042133657813716585 0.026462462694103097 -0.0453130911832441 0.14987490214551424 0.26716192109454662 -0.014022820335136714 -0.05621936396956221 -0.0038654696968554122 0.13726310103562395 -0.011647376629917964 0.074525226084523707 0.073249881150779253 -0.011029152461951412 0.37636190196456121 -0.057136763580890607 0.18029845892439841 0.0099986858625884748 0.01875906958423551 0.097216614684729516
leaf_weight=0.27579292939133315 1.003339442188288 12.1863353717194 0.27584283839476897 0.20168919435461674 0.20945557535918036 0.6678065138490642 0.56546824958803377 5.4212004846796793 0.088791990784659824 0.66802255415724754 3.7500348526658454 1.0226906923861907 8.9092326581040968 1.5154681119049445 0.4718638885837233 0.070362862059114573 0.80749841817475432 1.1621391867691058 2.507483461916848 0.26718137572480405 0.6144349442321092 0.66321065217589081 0.52156292362711276 3.8207781260875819 0.060421047350078735 0.067536597776191434 0.28848270088300443 0.24999430224953978 1.705008744849273 0.90441343504960192
leaf_count=90 149 4808 196 81 51 111 111 3713 14 368 2534 200 3445 265 33 14 438 229 555 61 205 329 22 1620 27 193 47 87 571 202
internal_value=-0.000378987 -0.00913647 0.0121888 -0.0214228 -0.0225698 0.0158227 0.057213 -0.00947048 0.0107456 0.0913214 -0.00465557 0.0119465 0.0154961 -0.0250595 0.00560366 -0.0243056 0.0262038 0.0131257 0.0303232 -0.0175252 0.0334812 0.0125314 0.0207641 -0.000906313 0.00807943 0.147559 0.0307241 0.101235 0.0558282 0.0459521
internal_weight=50.9435 31.4543 19.4893 23.5313 23.3297 7.92293 1.56881 11.1433 4.7163 0.756815 3.95949 16.604 15.5813 1.79126 6.35412 6.42702 1.00582 5.68631 3.64256 2.04376 0.881616 3.17069 13.7901 4.34234 0.935456 0.127958 9.44771 0.538477 2.88527 2.60942
internal_count=20769 14024 6745 12241 12160 1783 260 7352 2967 382 2585 5776 5576 355 1523 4385 672 1412 917 495 266 884 5221 1642 658 220 3579 134 969 773
cat_boundaries=0 4
cat_threshold=2685403142 2287470877 2218819588 21650584
is_linear=0
shrinkage=0.05


Tree=10
num_leaves=31
num_cat=1
split_feature=22 7 5 4 8 20 2 15 11 10 14 14 2 0 1 4 17 2 3 1 13 17 0 15 0 2 7 13 9 2
split_gain=2.85149 2.37999 2.19141 1.59612 1.8268 1.587 2.10579 1.52048 1.10065 1.09618 1.13972 1.54646 1.57098 1.45978 1.16513 1.10421 1.43087 1.21602 1.08924 1.06636 1.14994 1.3781 1.22292 1.04946 1.39329 1.48233 1.06191 1.14193 0.925932 2.20369
threshold=0 1.0050000000000001 42214295.000000007 7.671450000000001 2.6450000000000005 0.14711765775595567 -0.4359122999964522 18.500000000000004 0.071354131045780339 0.12856592983613771 0.52387863708618443 0.47838824728260876 -0.28910324611774246 0.0015915129145487189 -0.013246940519425097 18.056450000000002 128.50000000000003 -0.018176669253844088 754832.09255000006 -1.0000000180025095e-35 0.099999999999999992 93.500000000000014 0.18697323942318886 6.5000000000000009 0.74656399275275886 -0.18562601820925942 0.94500000000000006 0.10020460022333656 1.8908731456987684 0.094081299636467067
decision_type=9 2 2 2 8 2 2 2 2 2 2 2 2 2 2 2 2 2 2 2 2 2 2 2 2 2 2 2 2 2
left_child=2 -2 -1 4 -3 8 -7 23 18 10 11 13 -13 -5 -15 16 -12 -18 -4 -17 -21 22 -22 28 25 -25 -27 -28 29 -8
right_child=1 3 5 9 -6 6 7 -9 -10 -11 15 12 -14 14 -16 19 17 -19 -20 20 21 -23 -24 24 -26 26 27 -29 -30 -31
leaf_value=0.12630906845160866 0.011844965789352907 -0.041763218498129473 0.20079916545807422 0.099211696969619012 0.10284219914463047 0.1224290738129243 0.016690035184166622 -0.043642144590720695 -0.039714912273733582 0.10922315955927094 -0.039998250290524978 0.24964037417551027 0.043220871770148848 0.1290278196659955 -0.017528994202271858 -0.043717836192184896 0.17787848251167393 -0.018316645461225921 -0.059337440582056422 -0.020848511293678373 0.21486040009932192 0.25956791619635283 0.018449145945962031 0.084676989184979665 0.16686038121894886 0.099618390573226467 -0.055392134846006684 0.065040038464839967 0.032221539661436378 -0.040862302182404761
leaf_weight=0.43852262362519567 7.3626056331030787 8.2697954226090484 0.098443971846780109 0.31461427772813966 0.22432922836229252 0.46913305899013025 8.826157519970085 1.038038871822432 1.8612245556824187 0.1898453740094429 5.6256200989551868 0.10895403445700991 0.5985019229733245 0.14040185885114853 3.9760772732040039 0.56023224406703032 0.1419202061182539 0.17807435290078893 0.068061456570983836 0.4397488492587599 0.096417014262683065 0.09534004502361082 0.44514340449909123 0.92435014970894003 0.22913490570405404 0.22032324307499174 0.70709256175484769 0.27275914477384788 4.793493338406507 2.0495072621158483
leaf_count=210 1643 3338 43 42 76 84 2861 138 420 76 2925 12 360 64 2788 585 123 152 126 447 59 66 422 132 151 31 196 79 1611 1509
internal_value=-0.000399895 -0.00940667 0.010763 -0.0211111 -0.0379442 0.0134052 0.0177765 0.0152007 -0.0286969 -0.0100366 -0.0118164 0.00636359 0.0750112 -0.00459649 -0.0125303 -0.0241367 -0.0341482 0.0686975 0.0944646 0.0122279 0.0413392 0.0842768 0.0534173 0.0185898 0.0497208 0.037087 0.000434225 -0.0218677 0.0139136 0.00584436
internal_weight=50.7639 28.7676 21.9962 21.405 8.49412 21.5577 19.53 19.0609 2.02773 12.9109 12.721 5.13855 0.707456 4.43109 4.11648 7.5825 5.94561 0.319995 0.166505 1.63688 1.07665 0.6369 0.54156 18.0228 2.35366 2.12453 1.20017 0.979852 15.6692 10.8757
internal_count=20769 13178 7591 11535 3414 7381 6792 6708 589 8121 8045 3266 372 2894 2852 4779 3200 275 169 1579 994 547 481 6570 589 438 306 275 5981 4370
cat_boundaries=0 4
cat_threshold=3758129314 2287730957 2218819588 21126296
is_linear=0
shrinkage=0.05


Tree=11
num_leaves=31
num_cat=1
split_feature=22 2 7 5 13 20 21 15 10 4 11 3 11 20 11 7 13 8 21 1 4 11 13 0 21 0 13 5 17 4
split_gain=2.60299 2.37053 2.24951 1.69115 1.26966 1.24717 1.21457 1.32389 2.01446 1.78282 1.03877 1.86906 1.48206 1.06112 1.92254 1.25656 1.01549 1.57292 1.7626 1.28071 0.969434 1.18926 1.58866 1.47591 1.24535 1.21639 0.961412 1.50007 0.949731 2.34393
threshold=0 -0.45339264834843612 1.0150000000000003 589551017.96500003 0.10046838664385062 0.58534798534798549 0.15849282296650721 2.5000000000000004 0.10152284263959389 3.5618000000000003 0.11506562732848045 1375923.6180500004 0.09895962188685474 0.18502956738250859 0.093882606790668136 0.62500000000000011 0.10057637366287954 1.7350000000000001 0.28062500000000007 0.10031670804182648 11.688250000000002 0.09884020029442063 0.099587192311296993 0.17196097054950779 0.18245838668373884 0.18697323942318886 0.099962595815432112 262620494.38500002 49.500000000000007 11.837800000000003
decision_type=9 2 2 2 2 2 2 2 2 2 2 2 2 2 2 2 2 10 2 2 2 2 2 2 2 2 2 2 2 2
left_child=1 -1 10 4 6 16 7 8 9 -3 12 -12 13 14 15 -2 19 18 -18 20 -4 22 24 -24 -22 -25 -11 -28 29 -23
right_child=2 3 5 -5 -6 -7 -8 -9 -10 26 11 -13 -14 -15 -16 -17 17 -19 -20 -21 21 28 23 25 -26 -27 27 -29 -30 -31
leaf_value=0.11730355297692133 0.068708608203665741 0.11735089668424048 -0.031532941087970959 -0.010045604349853349 0.055623491199028909 0.12896863665847644 0.0058678116979565438 -0.010083794877589737 0.14317590821736451 -0.058945923681229306 0.11644916477659768 -0.035789847246600691 -0.028618826583622865 0.0042052706967607555 0.14273190487917586 -0.033221736901611454 -0.021114850510698613 0.12975902868510655 0.16333020881059732 0.12403095594750078 -0.055978939919360142 0.3511980068077229 -0.051353480412623026 0.24187581314705217 0.23570776982032396 0.029861707408987321 -0.023054177716370333 0.12831930816435877 -0.031454220801944904 0.0051609198072074952
leaf_weight=0.56803118873803526 0.6405440726676771 0.45822856347939533 14.287237408997221 5.39321375201654 2.4513036193794511 0.14109554152161052 8.1453796676532644 0.84087601871490703 0.58393852609940555 0.42505274468724141 0.56972044496236041 0.31202964855820614 2.2517634340433865 3.4095798309059409 0.43870345194893623 0.57267128697165381 1.3473021551725111 0.26061269686275523 0.14330395011534292 0.14666570939136292 0.049247773556195529 0.053670890818286576 0.64389609204632803 0.072140451103685055 0.14240874414932531 1.0875137426809522 0.41398323863856068 0.27066826041777192 3.9223143852842277 0.55485538859382844
leaf_count=71 53 46 6156 1973 747 87 3100 246 80 120 168 27 448 1001 22 126 586 174 323 39 31 20 258 23 181 1265 85 59 1904 1350
internal_value=-0.00041587 0.0110195 -0.00844574 0.0136441 0.0230458 -0.0192256 0.015876 0.0431152 0.0639036 0.0343805 0.0113086 0.0625755 0.00512741 0.0201405 0.0530309 0.0205947 -0.0201463 0.0164312 -0.00338266 -0.0232024 -0.0242399 -0.00827345 0.0238911 0.00934698 0.160756 0.0430508 0.000119666 0.0367894 -0.0224375 0.0356807
internal_weight=50.598 19.5507 31.0473 18.9826 13.5894 22.8523 11.1381 2.99275 2.15187 1.56793 8.19501 0.88175 7.31326 5.0615 1.65192 1.21322 22.7112 1.75122 1.49061 20.96 20.8133 6.52605 1.99521 1.80355 0.191657 1.15965 1.1097 0.684651 4.53084 0.608526
internal_count=20769 6527 14242 6456 4483 12397 3736 636 390 310 1845 195 1650 1202 201 179 12310 1083 909 11227 11188 5032 1758 1546 212 1288 264 144 3274 1370
cat_boundaries=0 4
cat_threshold=2685403266 2287077661 2218819588 21126296
is_linear=0
shrinkage=0.05


Tree=12
num_leaves=31
num_cat=1
split_feature=22 7 5 6 18 4 6 19 7 4 6 8 9 13 1 1 10 8 2 0 8 6 6 18 2 9 7 9 7 9
split_gain=2.39181 2.04072 1.5037 1.47265 1.39489 1.37962 1.42791 2.20582 1.37698 1.34362 1.26804 1.67931 1.24869 1.30771 1.13876 1.13191 2.21752 1.07592 1.13862 1.26215 1.16995 1.61475 1.0482 1.29586 1.33046 1.44776 1.28029 1.15236 1.10372 1.03021
threshold=0 1.0050000000000001 589551017.96500003 3.5358000000000005 15.500000000000002 10.659650000000001 1.7956000000000003 4.5000000000000009 0.31500000000000006 4.2598000000000011 1.6295500000000003 1.0150000000000003 -6.2395851462394507 0.10001661423892995 0.099999999999999992 0.0015447995857200694 0.10704202287375449 0.60500000000000009 -0.45339264834843612 0.012735388289639398 1.1150000000000004 4.1300500000000007 1.9949500000000002 10.500000000000002 -0.18562601820925942 -0.9253550714709734 1.7650000000000003 1.6420634055997365 2.0150000000000001 -0.52185555261756711
decision_type=9 2 2 8 2 2 10 2 2 2 8 8 2 2 2 2 2 10 2 2 10 8 8 2 2 2 2 2 2 2
left_child=2 5 4 14 17 6 7 -2 -6 -5 11 -9 13 -8 -3 16 -10 -1 -19 20 -20 -22 26 24 25 -24 29 -26 -29 -21
right_child=1 3 -4 9 8 -7 12 10 15 -11 -12 -13 -14 -15 -16 -17 -18 18 19 22 21 -23 23 -25 27 -27 -28 28 -30 -31
leaf_value=-0.047583878193144448 -0.010341064610232542 -0.041976242785589896 -0.0072153285815980996 0.12717528432763933 0.13031970468528747 0.060841587043317463 0.12168402958438418 -0.014432300141299897 0.046278872268531883 -0.01196821318625919 0.17982703852870188 0.13337030256541671 -0.026702900570594719 -0.023248575070640973 0.085709181215477326 -0.037816374486832026 -0.058570809161360884 0.11773092960546327 -0.028517244833051465 0.097946306157508142 0.15456757095581219 -0.036496072430440306 0.089061443129245188 0.059516109835564046 -0.036398090774513357 0.00047532713556879404 0.15749349167392107 0.11723720762249899 -0.020638078717142554 -0.0089041913153466521
leaf_weight=0.39541869231687776 1.288621508068065 6.4463802879149323 5.4093436665039105 0.17545343779720823 0.19250886567322378 1.1798558852611636 0.31476174501289378 0.41145157435402979 1.7129034204666274 15.556008939469065 0.27387188103518745 0.36061439225457204 3.5775066952387107 0.30786999892194533 0.17948013490895842 1.6970327442338806 0.71468614533389674 0.41365580957527193 1.3321024273247912 0.50097075529058033 0.23639012522400654 0.20778519509832777 0.94173978511203482 2.7900379548712082 1.4700215123941887 0.90389769967147071 0.3961798839290025 0.28405848249779619 0.29683193391730622 0.41037692775780876
leaf_count=320 150 2848 2037 22 23 337 52 116 466 9172 37 129 861 53 91 1019 151 25 124 84 101 36 86 919 852 119 133 95 195 116
internal_value=-0.000429099 -0.00832496 0.0102943 -0.0187445 0.0235631 0.0110803 0.00209574 0.0334457 -0.000388321 -0.0104163 0.087392 0.0546029 -0.0153295 0.0500198 -0.0385175 -0.00648887 0.015411 0.0333369 0.0364788 0.0330388 -0.00508535 0.065188 0.0415099 0.0335036 0.0148779 0.0456765 0.0824533 -0.0128381 0.0467837 0.0498319
internal_weight=50.3778 30.0719 20.3059 22.3573 14.8966 7.71455 6.5347 2.33456 4.31713 15.7315 1.04594 0.772066 4.20014 0.622632 6.62586 4.12462 2.42759 10.5795 10.184 9.77039 1.77628 0.444175 7.99411 6.68659 3.89655 1.84564 1.30753 2.05091 0.58089 0.911348
internal_count=20769 13868 6901 12133 4864 1735 1398 432 1659 9194 282 245 966 105 2939 1636 617 3205 2885 2860 261 137 2599 2266 1347 205 333 1142 290 200
cat_boundaries=0 4
cat_threshold=2685403170 2287798557 2218819588 4348952
is_linear=0
shrinkage=0.05


Tree=13
num_leaves=31
num_cat=2
split_feature=22 2 11 5 4 22 21 6 1 3 18 7 2 8 20 7 17 4 15 20 4 8 3 10 3 18 8 11 8 1
split_gain=2.19686 2.2878 1.79611 1.69117 1.46374 1.37159 1.20539 1.64076 1.1767 2.0357 2.32797 1.16807 1.14437 1.06955 1.46662 1.06735 0.947523 1.25478 1.14451 1.47286 0.938186 0.875848 1.1909 1.98132 1.10793 1.15034 1.0584 1.60546 1.65594 1.51086
threshold=0 -0.45339264834843612 0.0078456276069104602 549788877.80500019 7.671450000000001 1 0.096464019851116647 2.6685500000000002 0.0072906229818402455 251315.96625000003 7.5000000000000009 0.84500000000000008 -0.018176669253844088 0.62500000000000011 0.16736694677871153 0.8650000000000001 49.500000000000007 9.7416000000000018 2.5000000000000004 0.35160160160160164 12.638050000000002 0.88500000000000012 675838.05860000011 0.098059794477123013 487868.08395000006 15.500000000000002 0.96500000000000008 0.12303370345204107 1.0850000000000002 -0.0037558718560003475
decision_type=9 2 2 2 2 9 2 10 2 2 2 2 2 10 2 2 2 2 2 2 2 8 2 2 2 2 10 2 8 2
left_child=1 -1 12 21 8 6 -6 -8 -4 10 -10 -5 -2 14 -11 20 17 -9 19 -19 -7 22 24 -24 25 -3 29 28 -28 -23
right_child=2 3 4 11 5 15 7 16 9 13 -12 -13 -14 -15 -16 -17 -18 18 -20 -21 -22 26 23 -25 -26 -27 27 -29 -30 -31
leaf_value=0.11349070563975248 0.01484651229494432 0.030448605249648642 -0.040010786055607962 0.069321394115964649 -0.043842065247994999 -0.0011320495551543548 0.13933300356183848 -0.031855938077676262 0.1641476846948865 0.13496924825958337 -0.057008634990427923 -0.015023038638613977 0.10929254103263289 -0.026183716930432161 -0.025516013125861499 -0.026730122489912259 0.014434601480415064 0.065314794671999826 -0.045078158692254303 0.21744944513976777 0.12602516989898124 -0.055065250785689981 -0.020469203440523678 0.0805470185409079 -0.048253297869532752 -0.05715200970577386 -0.035118023154345132 0.08561337537665252 0.029622008439103488 0.089472202752391455
leaf_weight=0.57162948175247308 1.167804194449763 1.6681124613788312 6.9095131204198088 0.44112735520443713 0.59039946297109835 0.4650074461041942 0.33051443975763284 0.24290627694905664 0.33245900343814949 0.25611593778155878 0.18532215889720027 5.9091975267562642 0.44216975087835386 4.9556933669178358 0.32051642411301234 8.5727257176734319 4.3898612087082327 0.41806736361102481 0.11882019818990008 0.25682168587181164 0.21082773328333826 0.20890839252803428 0.84372015379823295 1.1430286291503744 1.2612301413915417 0.48334904719876171 1.3246036535629659 0.8960500835725006 3.8838121884695562 1.3438558914388978
leaf_count=74 245 637 2275 61 102 120 133 218 130 17 202 2244 275 1688 117 5469 2182 495 226 266 68 47 253 135 268 202 424 180 1683 333
internal_value=-0.000436862 0.00993251 -0.00795879 0.0120002 -0.0134941 -0.00317494 0.00939542 0.0311751 -0.0259125 -0.00981166 0.0849923 -0.00916403 0.0407856 -0.0186845 0.0457648 -0.0105518 0.0245875 0.0675829 0.0980151 0.123208 0.0385348 0.0222938 0.00687221 0.0376481 -0.0110444 0.0107682 0.0331682 0.0237929 0.0131573 0.0700262
internal_weight=50.1442 19.9786 30.1655 19.407 28.5556 15.596 6.34739 5.75699 12.9596 6.05011 0.517781 6.35032 1.60997 5.53233 0.576632 9.24856 5.42648 1.03662 0.793709 0.674889 0.675835 13.0567 5.39944 1.98675 3.41269 2.15146 7.65723 6.10447 5.20842 1.55276
internal_count=20769 6541 14228 6467 13708 9279 3622 3520 4429 2154 332 2305 520 1822 134 5657 3387 1205 987 761 188 4162 1495 388 1107 839 2667 2287 2107 380
cat_boundaries=0 4 8
cat_threshold=2148532226 2287929644 2218819588 71457944 549585061 45073 53567489 3247244032
is_linear=0
shrinkage=0.05


Tree=14
num_leaves=31
num_cat=1
split_feature=22 7 4 13 8 15 8 6 9 2 6 9 0 2 20 5 11 6 3 10 10 0 11 8 11 10 20 7 10 14
split_gain=2.06278 1.96025 1.48033 1.2944 1.23986 1.11508 1.05081 1.11247 1.66732 1.63121 1.33278 1.27865 1.03865 1.0358 0.906087 1.28533 1.22846 1.35364 1.52912 1.24891 1.18639 1.20426 1.17894 1.15254 1.07262 1.04267 0.943489 0.900369 0.876341 0.937395
threshold=0 1.0050000000000001 8.4914500000000022 0.10046838664385062 5.495000000000001 18.500000000000004 0.58500000000000008 6.1072500000000014 0.97708504288173137 0.14528201844774816 5.9078000000000008 1.5248590716804957 0.39770941528336418 -0.50647559149445931 0.32779310344827589 1364157054.1750002 0.11331727176141268 5.5593500000000011 343245.04010000004 0.091827854443191498 0.11063889992654931 0.029805789926059461 0.097617122839434828 1.4750000000000003 0.12932385518926406 0.10344827586206902 0.16561181434599156 5.3350000000000009 0.12450613987177443 0.52387863708618443
decision_type=9 2 2 2 8 2 8 8 2 2 10 2 2 2 2 2 2 10 2 2 2 2 2 10 2 2 2 2 2 2
left_child=3 -2 4 5 -3 6 -1 10 27 11 14 -10 -11 -4 15 16 17 18 19 -8 21 -16 23 -20 -18 26 -24 -9 29 -15
right_child=1 2 13 -5 -6 -7 7 8 9 12 -12 -13 -14 28 20 -17 24 -19 22 -21 -22 -23 25 -25 -26 -27 -28 -29 -30 -31
leaf_value=-0.046399081631477129 0.01058663020688836 -0.034601037603171687 0.17306786127050311 0.044509860947616803 0.0858817237582883 -0.042642721004894406 0.13387311249357278 -0.035318787683420672 0.1086030980211217 0.20807490389370373 0.11557089331525856 -0.02160705221093424 0.059211996129652604 0.007447795994076566 0.032146112120903125 0.09961498300458449 -0.048184718742642275 0.15078704600087781 -0.027726045969826474 0.0014092565962431222 0.096448700964896009 -0.039612585254153669 -0.025889977894622274 0.089308663789714124 0.071083523184859276 -0.027892609948219023 0.065251030821569522 0.10473031040316033 0.076486454520629715 -0.022478514872324953
leaf_weight=0.73782541080449737 7.9659500158717256 10.126277844233588 0.080411563620040094 2.9755475833397744 0.21813107328319858 0.99200767111406207 0.55143925720867282 2.7778323191301353 0.22135107928077569 0.14542177220390418 0.38164640199905164 1.2718854623480325 0.6032438161014152 4.6374988366909706 0.90514637402955589 0.60131382763920438 0.91723704227088765 0.2333913450814159 1.6873273118797123 0.26271619544122371 0.26758637779197147 1.6513150595176433 0.33223545779362629 0.24032419705544983 0.23727690446563565 0.4971049991055384 1.9539913014415198 0.11970803000323238 0.30525235342647405 6.0051013993332285
leaf_count=380 1752 4367 31 997 19 234 168 1183 126 67 104 509 429 3068 87 117 194 86 498 148 24 719 56 132 65 102 384 102 100 4521
internal_value=-0.000448074 -0.0078929 -0.0184735 0.00942701 -0.0320604 0.00885164 0.0119294 0.014643 -0.00448239 0.027894 0.0238122 -0.00230525 0.0881273 -0.00572912 0.0204249 0.0294993 0.0234004 0.032838 0.0278556 0.0911289 -0.00372075 -0.0142055 0.0169207 -0.0131351 -0.0236726 0.0377364 0.0520064 -0.0295328 -0.00704238 -0.00943816
internal_weight=49.9035 29.3386 21.3727 20.5649 10.3444 17.5893 16.5973 15.8595 5.13944 2.2419 10.7201 1.49324 0.748666 11.0283 10.3384 7.51436 6.91304 5.75853 5.52514 0.814155 2.82405 2.55646 4.71098 1.92765 1.15451 2.78333 2.28623 2.89754 10.9479 10.6426
internal_count=20769 13858 12106 6911 4386 5914 5680 5300 2416 1131 2884 635 496 7720 2780 1950 1833 1574 1488 316 830 806 1172 630 259 542 440 1285 7689 7589
cat_boundaries=0 4
cat_threshold=3222306822 2287796492 2218819588 1161976856
is_linear=0
shrinkage=0.05


Tree=15
num_leaves=31
num_cat=2
split_feature=22 2 5 0 3 9 7 13 1 22 10 10 11 21 2 3 13 11 5 10 20 3 11 11 10 7 0 0 2 21
split_gain=1.90646 1.71204 1.3814 1.35548 1.48901 1.43503 1.3664 1.63261 1.19035 1.09526 1.57679 1.02527 1.43294 1.03523 0.979073 0.951998 0.935021 1.07883 0.928091 1.22896 1.07985 1.4434 1.63593 2.08212 1.4085 1.39632 1.25719 1.2567 1.18287 1.04783
threshold=0 -0.45339264834843612 549788877.80500019 0.65839853065558096 2471714.2021500007 -5.2021176346199125 0.8650000000000001 0.099841834099042362 0.09572712590407996 1 0.1100100091163309 0.092908668435381245 0.10543304625642448 0.18871224165341816 -0.1793035426731078 833388.28135000018 0.1009091660467807 0.015307425871944997 336730270.26500005 0.1100100091163309 0.32779310344827589 340339.33830000006 0.096096331478052771 0.11884304027952074 0.10344827586206902 2.1650000000000005 0.025409841094997592 0.080727260858648356 -0.14995590828924157 0.18469785575048733
decision_type=9 2 2 2 2 2 2 2 2 9 2 2 2 2 2 2 2 2 2 2 2 2 2 2 2 2 2 2 2 2
left_child=1 -1 18 4 5 6 15 14 -4 10 16 12 -11 -14 -8 -2 17 -7 19 20 21 22 -3 -24 -22 27 -26 -23 -29 -20
right_child=3 2 8 -5 -6 9 7 -9 -10 11 -12 -13 13 -15 -16 -17 -18 -19 29 -21 24 25 23 -25 26 -27 -28 28 -30 -31
leaf_value=0.094803406831940593 0.0075768289282586625 0.10967607081836933 -0.012190985054746847 0.018751154800030239 -0.047384618572931414 0.10665974561609613 0.2146199536877875 -0.032706835344455405 0.11244224257295994 -0.021194896808505694 0.10741013486384272 -0.039740000484983995 -0.0039379853337213775 0.11851907344423361 0.022610648656423985 0.10416555492630319 0.075815139859980368 -0.0021446019221347738 0.064624297986716234 -0.049476255855086602 -0.030259789594172859 -0.0040141557637711879 -0.012678640254190686 0.13660511803425615 0.16032465617244526 -0.035245720644794983 -0.0058347818940133354 0.09736370970300233 0.020751241916858981 0.0077891378008714323
leaf_weight=0.62311806206540765 0.4089550624059225 0.9526953841045428 6.2850217561128581 3.4966189011036723 3.0236723187491199 0.23935346028969195 0.11465457853341254 1.1497461323605029 0.1976011694166101 5.1580409223681363 0.44537992235221935 7.9184249735193522 0.35568892600186197 0.3352662748744808 0.15771905466035274 0.67812165997060914 0.48521358454559749 4.7296106974557395 2.0617585434470511 0.74982756605438972 1.9752283190526361 1.8070943052482582 0.97319982913356495 0.30733255985255259 0.20190663974162371 1.202297977063371 0.26099241760174685 0.87159588847120417 1.1940254305205793 1.3367281711303642
leaf_count=83 129 358 2227 4111 697 79 148 412 72 2372 108 3500 78 93 69 27 95 1771 325 171 874 215 562 79 7 556 113 73 528 837
internal_value=-0.000455116 0.00891744 0.0106673 -0.00772841 -0.0144694 -0.00998154 0.0256274 -0.00663184 -0.00839196 -0.0145247 0.00629018 -0.0162267 -0.012137 0.0554808 0.103436 0.0678292 0.00956566 0.00309647 0.0195595 0.0122064 0.0169519 0.0265648 0.060062 0.02315 -0.0118625 0.0118245 0.0666404 0.0264376 0.0530781 0.0422693
internal_weight=49.6969 21.0004 20.3773 28.6965 25.1998 22.1762 2.5092 1.42212 6.48262 19.667 5.89956 13.7674 5.849 0.690955 0.272374 1.08708 5.45418 4.96896 13.8947 10.4962 9.74637 7.30824 2.23323 1.28053 2.43813 5.07501 0.462899 3.87272 2.06562 3.39849
internal_count=20769 7080 6997 13689 9578 8881 785 629 2299 8096 2053 6043 2543 171 217 156 1945 1850 4698 3536 3365 2371 999 641 994 1372 120 816 601 1162
cat_boundaries=0 4 8
cat_threshold=2148565026 139919668 2218835972 1698716696 537796736 2215116809 26222593 2190147840
is_linear=0
shrinkage=0.05


Tree=16
num_leaves=31
num_cat=1
split_feature=11 22 9 8 4 4 9 6 10 7 8 9 2 20 3 7 8 11 9 17 2 15 2 13 0 15 2 11 11 20
split_gain=1.7728 2.14027 1.26223 1.72629 1.10474 1.3557 1.17869 1.67839 1.1056 1.21363 1.21238 1.21559 1.12769 1.35887 1.22138 2.24459 0.929928 0.925401 1.34434 0.85575 1.34824 0.843817 1.06226 0.838609 1.05941 1.03394 1.10246 1.02501 1.18043 1.03209
threshold=0.0078456276069104602 0 -0.46488472433408029 1.2550000000000001 12.902750000000001 13.538350000000001 4.2003628893305454 9.8876000000000008 0.11171015837275873 1.0150000000000003 1.5350000000000004 3.3912073031669547 -0.062067989489735957 0.27066256830601099 1104760.7632000002 0.8650000000000001 5.495000000000001 0.098556671132605744 5.9844039765299621 37.500000000000007 -0.38284738639348564 4.5000000000000009 0.48848280098280111 0.10046838664385062 0.027739501974190794 18.500000000000004 -0.47634589083675244 0.053858325268951561 0.061538461538461563 0.14449845338046843
decision_type=2 9 2 8 2 2 2 8 2 2 8 2 2 2 2 2 8 2 2 2 2 2 2 2 2 2 2 2 2 2
left_child=2 16 -1 -4 8 6 7 -6 9 12 -10 -12 13 14 15 -3 23 18 21 20 -11 22 -7 25 -25 26 -2 -28 -29 -30
right_child=1 4 3 -5 5 17 -8 -9 10 19 11 -13 -14 -15 -16 -17 -18 -19 -20 -21 -22 -23 -24 24 -26 -27 27 28 29 -31
leaf_value=0.077244676925596681 0.13156964341151631 -0.041178669516816008 -0.033348456809548864 0.073052264931851046 -0.0028291162511584534 0.018884464580582377 0.23050219301754615 0.18326519559104459 -0.0078884152804381651 0.28816258764248975 0.17426100651205509 -0.0020296258764087669 -0.026042576235716181 -0.034341940108578856 0.084099113703732908 0.075620461421763888 0.13732584550012641 -0.018284747649259553 0.18348825518479034 -0.029859894520864735 0.0099020692388784148 -0.04266872448273315 0.16199915302517043 -0.019801291844614308 0.056411021493337245 -0.042073891058655111 -0.047350212504884408 0.11367634365720912 -0.030496865686084319 0.015852230952050638
leaf_weight=1.1909386621617926 0.18897099789370564 0.91945491778361144 0.95418542697945441 0.63483384973033485 0.47335571226727402 1.1817216303406994 0.098711071450300003 0.16284409824561208 0.73885448270633369 0.048530915953260978 0.23237914594268219 0.16882627809689774 2.6605229533709434 0.93385153237342544 0.87305414447506757 0.74432957790257082 0.15105128157046621 3.4247750920516826 0.12510983347707938 15.164109250600953 0.42258461159660599 0.48172018564363828 0.14563897916290436 0.59094372032355202 1.9967115843827854 0.95808924330341305 0.73798560307196126 0.28602670915896489 1.3425993694586029 11.39564707755401
leaf_count=225 38 162 289 266 268 1009 53 75 208 39 99 36 721 189 37 105 31 3046 117 6163 1381 289 91 95 804 223 293 103 267 4047
internal_value=-0.000461591 -0.00277319 0.0383276 0.00916001 -0.00956061 0.00606311 0.0697467 0.0448043 -0.0178908 -0.0204048 0.0301068 0.100078 -0.00155099 0.0172235 0.0362056 0.0110739 0.00880724 -0.00267025 0.0249776 -0.0277981 0.0385665 0.0140155 0.0345871 0.0127313 0.0390064 0.00817102 0.0116215 0.00997453 0.0132227 0.0109671
internal_weight=49.4284 46.6484 2.77996 1.58902 29.0004 6.09388 0.734911 0.6362 22.9065 21.7664 1.14006 0.401205 6.13121 3.47069 2.53684 1.66378 17.648 5.35897 1.93419 15.6352 0.471116 1.80908 1.32736 17.497 2.58766 14.9093 13.9512 13.7623 13.0243 12.7382
internal_count=20769 19989 780 555 14088 4948 396 343 9140 8797 343 135 1214 493 304 267 5901 4552 1506 7583 1420 1389 1100 5870 899 4971 4748 4710 4417 4314
cat_boundaries=0 4
cat_threshold=2684354566 2287208748 2218835972 1162239360
is_linear=0
shrinkage=0.05


Tree=17
num_leaves=31
num_cat=2
split_feature=22 3 1 9 1 9 22 13 10 0 8 9 20 2 0 2 9 20 21 8 2 21 8 21 3 0 7 6 6 9
split_gain=1.6546 1.81071 1.52473 1.302 1.60261 1.67832 1.37837 1.58947 1.19613 1.13744 1.12992 1.12543 1.1059 1.10173 1.14052 1.07949 2.05901 1.49419 1.33054 1.27327 1.04539 1.03937 1.1307 1.07371 1.00709 1.77336 1.00589 0.941649 1.29807 0.93901
threshold=0 2471714.2021500007 0.099999999999999992 -5.5724071048783346 0.031866854349164926 -5.7545768818774929 1 0.10050251256281419 0.063418982890796741 0.37207602898946229 0.88500000000000012 -6.5192726992069732 0.31072796934865904 -0.41893116896806148 0.014432972215088645 -0.20308429761305832 -0.61960821836575797 0.20497374111831945 0.34094447327452004 0.64500000000000013 0.44048092367881181 0.15954545454545457 1.8350000000000002 0.1526806526806527 1120258.4982000003 0.31549532591465085 2.4350000000000005 12.829350000000002 15.453200000000001 7.1820302681990471
decision_type=9 2 2 2 2 2 9 2 2 2 10 2 2 2 2 2 2 2 2 10 2 2 8 2 2 2 2 8 8 2
left_child=2 3 10 4 5 -2 7 13 9 -8 15 -12 -9 -5 -15 16 17 -1 20 -20 -17 23 26 24 -13 -26 -23 -10 -29 -16
right_child=1 -3 -4 6 -6 -7 8 12 27 -11 11 21 -14 14 29 18 -18 -19 19 -21 -22 22 -24 -25 25 -27 -28 28 -30 -31
leaf_value=0.000915144104525353 -0.019167365106819122 -0.039676428701398696 0.07298245253785722 0.072046703560283171 0.097097588853469974 0.16420264967280906 -0.0090357244134836624 0.068144653027423438 -0.035933076634538451 0.083982768991658144 -0.033826720067649856 0.014228276418276703 -0.047060283137704509 -0.047032019264457395 0.0032938168372850319 -0.034018167460148067 -0.037777107983301805 0.10396777199655712 0.20528421833185978 -0.0499447118582097 0.076559322802116705 0.028944240042465947 -0.039647896478252169 0.13083935447216821 0.12962376491061972 0.013453604382758772 -0.019093324338160887 0.11735287557093642 -0.047568886628267804 0.14515590991939628
leaf_weight=0.63476840261906287 1.1066554512580009 4.2615657848832056 0.99713000643631033 0.53730120817482152 0.67620395235198816 0.14064214264636699 1.6587014614324993 1.6183612893197321 9.3515714403263992 0.40985519622989475 0.94952277050950407 2.0375559733920063 0.23908568277828246 1.1972611647903724 7.2939908796352899 3.903608780464102 0.92558814748446439 0.78889545851198373 0.12193862734579702 0.081542325078892086 0.22612018217265406 5.5039148593115161 0.9181747560226271 0.32943864556938196 0.64396340875490188 0.67061221513995817 1.3587830356404236 0.24206120867348158 0.23528176004985912 0.11854378967439583
leaf_count=39 556 1264 227 54 92 43 540 339 5047 673 225 464 196 173 3659 1644 162 100 103 238 130 1715 721 96 45 114 1183 330 520 77
internal_value=-0.000466614 -0.00711903 0.00848459 -0.00439783 0.035113 0.00150898 -0.00771627 0.00583992 -0.013672 0.00939457 0.00955994 0.0184845 0.0533158 0.00258372 -0.00175117 -0.00701657 0.0202765 0.0580197 -0.0218135 0.103005 -0.0279636 0.0228179 0.0124612 0.0447063 0.0362414 0.0703612 0.019433 -0.0324366 0.0360631 0.00556252
internal_weight=49.1786 29.0871 20.0916 24.8255 1.9235 1.2473 22.902 11.0045 11.8975 2.06856 19.0944 12.412 1.85745 9.1471 8.6098 6.68246 2.34925 1.42366 4.33321 0.203481 4.12973 11.4624 7.78087 3.68157 3.35213 1.31458 6.8627 9.82891 0.477343 7.41253
internal_count=20769 13563 7206 12299 691 599 11608 4498 7110 1213 6979 4563 535 3963 3909 2416 301 139 2115 341 1774 4338 3619 719 623 159 2898 5897 850 3736
cat_boundaries=0 4 8
cat_threshold=3222306854 140181780 2151727364 79715352 537272448 2214856745 221323265 3809149856
is_linear=0
shrinkage=0.05


Tree=18
num_leaves=31
num_cat=1
split_feature=22 3 2 0 0 13 11 1 9 4 4 5 8 9 11 8 8 4 14 9 2 2 17 5 5 9 15 6 6 11
split_gain=1.56126 1.81335 1.74131 1.90465 1.53285 1.99675 1.41273 1.31154 1.18398 1.06586 1.04378 0.928382 0.90104 0.846728 1.37333 1.39896 0.900437 0.804929 0.768428 0.732044 2.02262 1.32197 1.74084 1.1471 1.20975 1.02822 1.21824 0.942047 2.33431 1.56076
threshold=0 2471714.2021500007 -0.40662764941202961 0.075074188600861028 0.44515765410089631 0.10088107436733419 0.15894224009997657 0.099999999999999992 -1.5939368502856264 3.4702500000000005 4.0076000000000009 105122996.69000001 0.58500000000000008 -5.5724071048783346 0.10728075836086039 1.0050000000000001 0.42500000000000004 9.6010500000000025 0.52730823863636378 4.3665880200792548 0.035571800592284493 -0.18562601820925942 37.500000000000007 418513333.55500007 156841550.20000002 6.233158407865159 1.5000000000000002 3.4404500000000007 4.4388000000000014 0.11774703653869588
decision_type=9 2 2 2 2 2 2 2 2 2 2 2 10 2 2 10 10 2 2 2 2 2 2 2 2 2 2 8 10 2
left_child=7 2 3 8 5 13 11 12 9 -2 -7 -6 -1 14 15 -4 -15 -11 -12 21 23 22 -14 24 -21 -22 -27 29 -29 -24
right_child=1 -3 4 -5 6 10 -8 -9 -10 17 18 -13 19 16 -16 -17 -18 -19 -20 20 25 -23 27 -25 -26 26 -28 28 -30 -31
leaf_value=-0.044710462585259146 0.096434423589505824 -0.040354013669776902 0.11655768949055499 -0.054644542830249637 0.10872303690612435 -0.053371217324681863 0.296224097103918 0.070279597250232459 0.10549231579106429 -0.058749717586707342 0.088044288535353274 0.0098787820732242401 0.11846801937656655 0.087416413460202194 -0.039551619045755659 -0.01546354725052243 -0.024232687987043838 0.067936794938988743 -0.0069655705649749036 -0.058177480424762867 0.13569716664687589 -0.0038186843238158645 -0.020853664714238603 -0.057747538542371447 0.064195438316127978 0.1749464747543647 -0.037424857595743162 0.089974478857928086 0.0041895398352452002 0.092784456946542193
leaf_weight=0.7432437158050601 0.31389908443603654 4.0880120584904232 0.46567795405669193 0.43654745384516425 0.25366787888870224 0.22928788924260834 0.045540693935918308 0.92289159041650037 0.82473654952153097 0.39082003772341012 0.83191689290270487 3.7398322834887101 0.46456928615587845 0.1827672394344092 0.60776280244574854 0.35258612215823532 15.127433236596103 0.1846082002771009 0.28597304218144559 0.27227585650022501 0.58467360841015037 9.9785849712124399 2.1850334036489931 0.52702920094063177 0.78203503463833468 0.095547780040699637 0.23026909770958293 1.2378205424771889 2.2067536493062763 0.35064178352532449
leaf_count=458 16 1294 75 83 470 78 16 225 49 114 154 5030 190 76 171 220 5539 58 108 95 302 4725 296 117 112 47 161 121 303 66
internal_value=-0.00047481 -0.00705793 -0.00435801 0.0385938 -0.00853352 -0.0147537 0.0193152 0.00809354 0.0623402 0.0223223 0.0438073 0.0161574 0.00929121 -0.0194676 0.0173826 0.0596704 -0.0228999 -0.0181063 0.0637393 0.0114131 0.0366657 0.00758169 0.025233 0.00248404 0.0325926 0.0960323 0.0248543 0.0179902 0.0350167 -0.0051394
internal_weight=48.9424 28.3611 24.2731 2.15061 22.1224 18.0834 4.03904 20.5814 1.71406 0.889327 1.34718 3.9935 19.6585 16.7362 1.42603 0.818264 15.3102 0.575428 1.11789 18.9152 2.49183 16.4234 6.44482 1.58134 1.05431 0.91049 0.325817 5.98025 3.44457 2.53568
internal_count=20769 13551 12257 320 11937 6421 5516 7218 237 188 340 5500 6993 6081 466 295 5615 172 262 6535 834 5701 976 324 207 510 208 786 424 362
cat_boundaries=0 4
cat_threshold=3759177766 140058940 2151727108 12606488
is_linear=0
shrinkage=0.05


Tree=19
num_leaves=31
num_cat=1
split_feature=22 3 2 0 0 13 21 9 9 13 11 8 10 7 13 15 5 6 0 9 6 18 9 8 17 4 15 4 17 13
split_gain=1.43645 2.16249 1.38496 1.37931 1.27589 1.34971 1.22853 1.09714 1.01203 1.38604 0.999515 0.940965 0.907199 0.905377 0.932285 1.11726 0.910619 0.90298 1.97363 1.55509 1.35155 1.20596 1.37314 0.980565 0.87373 0.868555 0.850891 1.09842 1.15027 0.849139
threshold=0 2471714.2021500007 -0.41893116896806148 0.075074188600861028 0.49906311654416585 0.10088107436733419 0.15590277777777781 -5.5724071048783346 -5.7545768818774929 0.099948146140497088 0.15894224009997657 0.56500000000000006 0.011647659021212219 0.80500000000000016 0.099874960619826383 3.5000000000000004 440047092.64500004 5.6922500000000005 0.0062154454948409573 5.1428356847642478 3.9938000000000007 10.500000000000002 -0.24549983927997229 1.2550000000000001 91.500000000000014 4.0076000000000009 9.5000000000000018 14.493550000000001 50.500000000000007 0.099966825006365792
decision_type=9 2 2 2 2 2 2 2 2 2 2 8 2 2 2 2 2 8 2 2 8 2 2 10 2 2 2 2 2 2
left_child=11 2 3 6 5 7 -2 8 9 -4 12 -1 -6 14 -13 24 26 18 -18 -19 -20 -22 -23 -24 -16 -7 27 -15 -29 -14
right_child=1 -3 4 -5 10 25 -8 -9 -10 -11 -12 13 29 16 15 -17 17 19 20 -21 21 22 23 -25 -26 -27 -28 28 -30 -31
leaf_value=-0.054912314775320825 0.135602459111519 -0.043762746864559603 0.066358961330894292 -0.053409236881768497 0.094592490551658276 -0.052893038819724791 0.032179363069638027 -0.018896950313871459 0.10466248220048394 -0.033168993214244373 0.23337292524152892 -0.037118819221046324 -0.026486147491567455 0.010564672328112012 0.04707702613139142 0.098594683271555322 0.17439508909859242 -0.029116201937095909 -0.040727426415219002 0.054174203188661278 -0.007333533936208364 0.18155986098560106 -0.057844196056422152 0.10481150364724173 -0.048040140709967039 0.051695667377126525 0.082527288317406855 -0.028005385608286127 0.10597608430645687 0.026355472307408576
leaf_weight=0.50057379242611477 0.3882326899442895 3.8133042158203656 0.56800700575163621 0.33323602716593681 0.34091008845147364 0.23685307914198084 1.1026812424896335 17.394526687424101 0.30822857374301826 0.91057611131129912 0.054019711913355528 0.32505372253724329 1.1288846854064378 7.2884949364631169 1.0873368533112326 0.85214146477314412 0.19370374779632893 3.8070758277877514 0.85901435368235368 0.65714222480825046 0.64510635738808875 0.24766656959267264 0.17220693136740645 0.20058009983396835 0.3103440347094254 1.2259790194289495 0.52386903690456854 0.21641604092040545 0.61665752585668254 2.3283067555785926
leaf_count=317 143 1238 215 70 357 85 70 6472 40 268 14 98 1885 2435 201 112 23 1616 363 215 118 42 76 81 42 300 284 257 244 3088
internal_value=-0.000477478 -0.00643687 -0.00347468 0.0385555 -0.00660451 -0.0115337 0.0591106 -0.0150643 0.022246 0.0050653 0.019812 0.00824858 0.0167745 0.0145866 0.0420333 0.0534692 0.0100059 -0.00370875 0.0216078 -0.0168557 0.00767772 0.0405333 0.0903021 0.0296736 0.025957 0.0347613 0.0207652 0.0167813 0.0711703 0.00910098
internal_weight=48.6371 30.1337 26.3204 1.82415 24.4963 20.6442 1.49091 19.1813 1.78681 1.47858 3.85212 18.5034 3.7981 18.0028 2.57488 2.24982 15.4279 6.7825 2.31828 4.46422 2.12457 1.26556 0.620454 0.372787 1.39768 1.46283 8.64544 8.12157 0.833074 3.45719
internal_count=20769 14245 13007 283 12724 7380 213 6995 523 483 5344 6524 5330 6207 453 355 5754 2534 703 1831 680 317 199 157 243 385 3220 2936 501 4973
cat_boundaries=0 4
cat_threshold=3759177730 139526460 2151727364 97016848
is_linear=0
shrinkage=0.05


Tree=20
num_leaves=31
num_cat=1
split_feature=22 3 2 11 0 9 3 13 13 5 8 15 20 11 20 10 0 1 16 3 7 14 2 7 11 20 2 8 9 4
split_gain=1.34454 1.38617 1.43531 1.72335 1.4484 1.5847 1.39011 1.14287 0.98576 0.939597 0.892649 0.875692 1.01382 1.14381 1.0546 1.05808 1.29839 1.04627 1.45172 1.039 1.01384 0.870546 1.05525 0.948386 0.85062 0.92731 1.03478 0.785602 0.776577 0.770256
threshold=0 2471714.2021500007 -0.40662764941202961 0.11403508771929821 0.43496658476235267 -5.2021176346199125 915802.95355000009 0.10088107436733419 0.10046838664385062 105122996.69000001 0.42500000000000004 18.500000000000004 0.14711765775595567 0.060523205176060718 0.32779310344827589 0.10344827586206902 0.086785599653532455 -0.0063679784963054367 2.5000000000000004 404946.31200000009 1.6250000000000002 0.76479125757705124 -0.24182788291201526 1.0950000000000004 0.15894224009997657 0.32630878438331862 0.68074155710287143 0.65500000000000014 4.3665880200792548 11.688250000000002
decision_type=9 2 2 2 2 2 2 2 2 2 10 2 2 2 2 2 2 2 2 2 2 2 2 2 2 2 2 8 2 2
left_child=8 2 3 6 5 -4 -2 10 11 -6 -7 12 13 -1 17 -16 -17 18 -14 27 21 -21 -23 -24 25 -11 -27 -19 -3 -30
right_child=1 28 4 -5 9 7 -8 -9 -10 24 -12 -13 14 -15 15 16 -18 19 -20 20 -22 22 23 -25 -26 26 -28 -29 29 -31
leaf_value=0.071012909042456926 -0.03029782747165068 -0.044996597111981299 0.025000415848287397 0.14659769537678483 0.093887671912427098 0.086326009519143793 0.07427122682770719 0.02668327805716042 0.037630650399822885 -0.0057154200920134434 -0.025859172731655073 -0.041357422455315138 -0.030902655290829906 -0.043993863337008506 -0.022860735640930097 0.086272108263131253 -0.016823267661703906 0.14010451261900186 0.10395137510358375 0.018446525434586841 -0.0042976353868623739 0.13751065183560543 0.092618284789104666 -0.0016741541347833986 0.19574941664182585 0.033009457857566031 0.21136720817187316 0.048226641097681038 -0.047974310309956102 0.058632747915997929
leaf_weight=0.2533594431300602 0.72088057050124354 3.5194898263800423 2.215240226488187 0.31298924543495088 0.36368819279069686 0.17966697579105506 0.5684310267213708 1.1901769431632363 2.9852368004927312 3.2623807241939722 13.555617605898451 0.90447763508677681 1.5355118795568217 1.4738840843684524 3.1250345363756709 0.5797379116609539 0.64537359924569671 0.26944800693051363 0.2293827190877652 2.7653915992621512 2.6982837268083095 0.38255301367582517 0.48561235011459225 0.59146407832318804 0.060973686826689355 1.0176683249833818 0.088383951046734466 1.7040590254409629 0.29648754843827491 0.39538998894280181
leaf_count=34 154 1092 587 146 540 77 25 307 981 3573 5312 240 403 342 1433 45 309 145 62 577 1410 24 79 186 15 1537 57 891 129 57
internal_value=-0.000479454 -0.00665802 -0.00433025 0.0413533 -0.00766751 -0.0144619 0.0158045 -0.0203189 0.00744819 0.0166301 -0.0243917 0.00656288 0.0091522 -0.0271242 0.0133261 -0.00742105 0.0319627 0.0217913 -0.0133757 0.0287675 0.0196448 0.0349355 0.0661754 0.0408387 0.0102867 0.00769802 0.0472619 0.060771 -0.0354769 0.0129488
internal_weight=48.3763 27.7475 23.5361 1.6023 21.9338 17.1407 1.28931 14.9255 20.6288 4.79309 13.7353 17.6436 16.7391 1.72724 15.0119 4.35015 1.22511 10.6617 1.76489 8.89681 6.9233 4.22502 1.45963 1.07708 4.42941 4.36843 1.10605 1.97351 4.21137 0.691878
internal_count=20769 13608 12330 325 12005 6283 179 5696 7161 5722 5389 6180 5940 376 5564 1787 354 3777 465 3312 2276 866 289 265 5182 5167 1594 1036 1278 186
cat_boundaries=0 4
cat_threshold=2685435938 140050716 2218835972 80370712
is_linear=0
shrinkage=0.05


Tree=21
num_leaves=31
num_cat=1
split_feature=22 2 11 0 0 13 7 19 2 8 2 9 2 11 4 11 15 7 9 7 3 8 15 14 13 7 3 11 1 10
split_gain=1.24008 1.31799 1.41197 1.17116 1.10093 1.12206 1.00732 1.01872 1.17767 0.92422 0.903528 0.827565 0.822196 0.782772 0.769491 0.764951 1.0708 1.04792 0.748539 0.726559 0.924548 0.717337 0.731624 0.701689 0.712528 1.20039 0.823998 0.790509 0.674345 0.804504
threshold=0 -0.40662764941202961 0.11403508771929821 0.062438177926884379 0.62634989633990801 0.10080972987149218 0.9850000000000001 7.5000000000000009 -0.23016283277332636 1.2750000000000001 -0.026303434642945541 -1.3871306164397188 -0.062067989489735957 0.087530254398133486 15.151050000000001 0.092269831289845047 3.5000000000000004 2.8150000000000004 6.1151454139592563 0.88500000000000012 583507.64770000021 0.55500000000000016 18.500000000000004 0.22243923611111113 0.09962523057331997 1.5250000000000001 446306.20150000002 0.1047328065770689 0.0096805431183489849 0.10017376312658889
decision_type=9 2 2 2 2 2 2 2 2 8 2 2 2 2 2 2 2 2 2 2 2 8 2 2 2 2 2 2 2 2
left_child=21 2 3 11 5 6 7 8 -3 -6 -9 -2 19 -7 23 16 17 -16 28 20 -10 -1 -23 24 25 -8 27 -27 29 -11
right_child=1 4 -4 -5 9 13 14 10 12 18 -12 -13 -14 -15 15 -17 -18 -19 -20 -21 -22 22 -24 -25 -26 26 -28 -29 -30 -31
leaf_value=-0.047358423347152415 0.0051820995579939452 -0.047699260540073403 0.12112097430985787 -0.053935093635263366 -0.0067871451114843362 -0.029927752005351735 -0.054640910815774983 0.17782270658441635 -0.029503070281920004 -0.053018356241173861 0.0063761052547716083 0.081275671907448277 -0.013317589204473131 0.045120518394878954 0.14444039085532617 -0.014069369994897883 -0.050561494664572965 -0.038728742237531234 -0.025038529439555202 0.088889910850089904 0.048869161428831562 0.016057033081783002 -0.056071481226127429 -0.033502744575801831 -0.016523235671116399 0.15925695416217067 0.23502310876797688 -0.050350265414659562 0.093290665748823359 0.058463935386624304
leaf_weight=0.48266826294866561 0.94090583508978487 1.2083008676221991 0.34854338809822083 0.50339080848514139 2.5070171129198209 0.48210704291220485 0.16609801625595744 0.14871481977357584 0.65408432790968374 0.23315038575584157 0.15901589942532032 0.57607676089611115 2.0918313744911803 1.2439754489193453 0.30482643730298142 1.4980867441314207 0.17387926829041733 0.10497388146610331 0.35121085643018912 0.43308404051387084 0.8861058773808157 16.110569582531259 0.35941513421902627 11.596521580945433 3.0647710070862395 0.088577409253410413 0.094695300986303077 0.091392812510033047 0.66389542347118069 0.52902149461130443
leaf_count=266 96 191 161 72 2730 129 77 56 114 440 101 37 483 402 144 1454 100 123 317 54 57 5544 227 4666 1227 79 51 38 806 527
internal_value=-0.000479751 -0.00580278 0.0281827 0.0121495 -0.0106172 -0.0147077 -0.0176546 0.000800576 -0.00435973 0.012766 0.0892299 0.0340788 0.00852239 0.024159 -0.0236487 0.00484925 0.0534063 0.09752 0.0403476 0.0316745 0.0155862 0.00800205 0.014483 -0.0275771 -0.00797458 0.0514669 0.115633 0.0528138 0.0564508 0.0243612
internal_weight=48.0969 31.1443 2.36892 2.02037 28.7753 24.491 22.765 5.58114 5.27341 4.2843 0.307731 1.51698 4.06511 1.72608 17.1838 2.08177 0.58368 0.4098 1.77728 1.97327 1.54019 16.9527 16.47 15.1021 3.50553 0.440764 0.274666 0.17997 1.42607 0.762172
internal_count=20769 14732 366 205 14366 9546 9015 1056 899 4820 157 133 708 531 7959 1821 367 267 2090 225 171 6037 5771 6138 1472 245 168 117 1773 967
cat_boundaries=0 4
cat_threshold=2685403270 140050740 2151727109 80370704
is_linear=0
shrinkage=0.05


Tree=22
num_leaves=31
num_cat=2
split_feature=22 11 3 9 8 9 7 0 21 17 2 5 22 4 6 3 9 11 4 2 2 9 18 0 17 6 1 4 6 6
split_gain=1.19418 1.03167 1.16257 0.974836 1.14403 0.903139 1.02621 0.877593 1.3838 0.755718 2.05914 1.11703 0.755422 1.02249 0.967388 2.52034 0.946665 0.962473 0.88886 0.825388 1.03994 1.32528 1.05724 0.817077 0.856718 1.09054 1.21093 1.28399 0.964419 0.935568
threshold=0 0.015307425871944997 4831276.447900001 -0.46488472433408029 1.5850000000000002 7.1820302681990471 1.6150000000000004 0.77832330264176108 0.17445652173913045 35.500000000000007 -0.18562601820925942 87850716.580000013 1 4.5844500000000012 3.9034500000000003 239319.85905000003 -2.9411764705882297 0.093621591046888386 4.7881000000000009 -0.40662764941202961 0.068608123497406096 3.1281565656565706 17.500000000000004 0.067983357463341873 101.50000000000001 8.239550000000003 0.012050849288673062 8.718300000000001 4.0303500000000012 2.2428000000000003
decision_type=9 2 2 2 8 2 2 2 2 2 2 2 9 2 8 2 2 2 2 2 2 2 2 2 2 10 2 2 8 8
left_child=-1 3 5 -2 -5 9 -7 -4 -9 10 -3 -12 14 16 15 -11 17 -14 -15 -16 -21 -22 -23 -20 29 26 27 28 -26 -25
right_child=1 2 7 4 -6 6 -8 8 -10 12 11 -13 13 18 19 -17 -18 -19 23 20 21 22 -24 24 25 -27 -28 -29 -30 -31
leaf_value=-0.011091949627562894 0.06929731117182393 0.1039400842923872 -0.04600710556010934 -0.022844297331510513 0.075586065584383522 0.10990330482978888 -0.037667591919567367 0.12258432622964544 -0.028690031409887781 0.1587621740036699 0.24234808392813367 -0.036351428170327306 -0.058961900775256953 0.071920139024060623 0.032938184421275052 -0.001665992259840522 -0.039357657235656922 0.071968992498297149 -0.0040142209160020509 -0.042042933169785662 -0.023568021026667538 -0.008125026872768594 0.1182393457668489 0.070233426794640494 0.092227629545230561 -0.024345199786125357 -0.0020607768364791731 0.14640722951661242 -0.020379369327086998 0.0084993739244898069
leaf_weight=8.7169011951697843 1.1602906824238313 0.65656476098161409 1.989759427285603 0.96612373066787305 0.42508767992602625 0.40795544051031091 0.16564101129420034 0.22099321729824606 0.4785232256469375 0.26065619529901951 0.038113429371986696 0.63415590853991421 0.20421797829807864 0.64064319977111495 0.62834072117228323 4.0282984463044889 1.7789981582170711 0.44887521906757699 5.4853591518698712 4.2188883193408069 1.7784041570642317 0.31080985866505995 0.35411210204451948 0.65899366780902746 0.47735003409744675 0.43721558477838041 0.51220023707270157 0.55712519100582381 0.31601911963380197 8.9318092778180738
leaf_count=5299 187 402 363 312 158 94 204 49 234 164 190 1789 62 86 69 1104 558 115 807 1573 1246 186 144 179 79 245 346 159 74 4292
internal_value=-0.000478655 0.00375593 0.0025729 0.0354557 0.00723131 0.00508097 0.0672883 -0.0290716 0.019101 0.00401128 0.0409589 -0.0205509 0.00247834 0.00669822 -0.00577287 0.00808384 -0.020457 0.0310278 0.0140817 -0.0218429 -0.0270095 -0.00105136 0.0591718 0.0119492 0.0193134 0.0467201 0.0634007 0.0882282 0.0473734 0.0127412
internal_weight=47.8884 39.1715 36.62 2.5515 1.39121 33.9307 0.573596 2.68928 0.699516 33.3572 1.32883 0.672269 32.0283 20.4488 11.5795 4.28895 2.43209 0.653093 18.0167 7.29056 6.66221 2.44333 0.664922 17.3761 11.8907 2.29991 1.86269 1.35049 0.793369 9.5908
internal_count=20769 15470 14813 657 470 14167 298 646 283 13869 2381 1979 11488 7002 4486 1268 735 177 6267 3218 3149 1576 330 6181 5374 903 658 312 153 4471
cat_boundaries=0 4 9
cat_threshold=373310537 805328002 1661732072 404783108 1074037520 50571329 335681808 35201249 1
is_linear=0
shrinkage=0.05


Tree=23
num_leaves=31
num_cat=1
split_feature=22 3 10 2 9 7 17 9 10 8 8 15 11 7 13 4 0 14 6 7 1 8 8 9 20 20 1 9 7 7
split_gain=1.12473 1.00879 1.03002 0.982894 1.38013 1.3712 1.21835 1.24388 1.29927 1.10952 1.09621 1.03105 1.02909 0.889088 0.883392 1.042 0.876803 0.864496 0.767306 0.990296 1.22126 0.839556 0.815248 0.751809 0.967633 0.95233 0.892262 1.07348 0.745767 0.723691
threshold=0 4831276.447900001 0.063418982890796741 -0.16489996255282727 2.3296000095420548 0.96500000000000008 37.500000000000007 1.1476036976181272 0.10020949976080167 0.88500000000000012 0.65500000000000014 3.5000000000000004 0.12254531161935271 1.655 0.10085653497670667 17.604900000000004 0.089597679643516767 0.65730872900684234 8.522000000000002 0.71500000000000008 0.067773031770643213 0.8650000000000001 0.48500000000000004 -2.3025942882057944 0.31676443346711952 0.16736694677871153 0.0094667096835867621 -3.8953600809270901 0.80500000000000016 2.1450000000000005
decision_type=9 2 2 2 2 2 2 2 2 10 8 2 2 2 2 2 2 2 8 2 2 10 10 2 2 2 2 2 2 2
left_child=3 2 18 6 5 9 -1 12 -9 10 -5 28 23 -10 15 17 -6 -4 19 20 -2 -22 -21 25 -25 -8 27 -27 -11 -20
right_child=1 -3 14 4 16 -7 7 8 13 11 -12 -13 -14 -15 -16 -17 -18 -19 29 22 21 -23 -24 24 -26 26 -28 -29 -30 -31
leaf_value=0.088871059038601971 0.10968351789514746 -0.048611953648541366 -0.01150724834475117 0.048697334737789318 0.13667831602759092 -0.020721695074090565 -0.058911685503128391 -0.042486747016095804 0.069060931555561658 -0.042003315725356899 -0.045059841974642086 0.11994337425589217 0.092140095199941929 -0.015645844500023775 0.029192555388460724 0.02175045109829608 0.022386732364237012 -0.037574396519032306 0.026436268171971835 0.089308886721979952 -0.047300132129407611 0.037197529712230885 -0.023339174786699959 0.051658378552456911 -0.010622502119138809 0.10102402292489968 -0.026082393200838619 -0.012928228884707833 0.087037209806915622 0.13796095370243652
leaf_weight=0.62865499742443454 0.41358647876122967 1.5072704210631034 12.535776053502223 0.5405688733161863 0.17808983751742813 6.8684459720549711 0.53303997744490206 1.4976102042234996 0.61980953019465668 0.25952079841775444 0.73656293345471513 0.45645931515502708 0.59119514634016468 0.6192970987313331 1.2498354271686398 1.8157517492539295 2.9066873231224291 4.2620410662312613 0.41836770282386271 0.1734434013429581 0.41953824489090141 0.98216909900071669 2.1713100212534022 2.6252925353197307 0.8179610422915381 0.48633564129791601 0.62779405708372893 0.35941366377656853 0.19693048413025066 0.22299623769311627
leaf_count=269 62 470 5751 108 39 3835 33 227 49 80 193 57 110 59 540 2081 1581 2404 187 38 121 155 1476 227 82 79 108 57 43 248
internal_value=-0.000593427 -0.00644132 -0.00647581 0.00648744 9.96501e-05 -0.00973696 0.0216306 0.0168149 -0.0111496 0.0247135 -0.00537544 0.066807 0.0294835 0.0267251 -0.0114994 -0.0142317 0.028985 -0.0181212 0.0143066 0.00645837 0.0341838 0.0119069 -0.0150065 0.0226865 0.0368633 -0.00164043 0.0190769 0.0525983 0.0136697 0.0652124
internal_weight=47.7218 26.1721 24.6648 21.5497 12.1433 9.05849 9.4064 8.77775 2.73672 2.19004 1.27713 0.912911 6.04103 1.23911 19.8634 18.6136 3.08478 16.7978 4.80141 4.16005 1.81529 1.40171 2.34475 5.44984 3.44325 2.00658 1.47354 0.845749 0.456451 0.641364
internal_count=20769 13533 13063 7236 5936 4316 1300 1031 335 481 301 180 696 108 10776 10236 1620 8155 2287 1852 338 276 1514 586 309 277 244 136 123 435
cat_boundaries=0 4
cat_threshold=3758129282 139659572 2218835972 97016848
is_linear=0
shrinkage=0.05


Tree=24
num_leaves=31
num_cat=2
split_feature=22 11 3 9 8 17 0 21 9 7 17 2 5 22 4 6 3 9 11 18 9 6 9 4 4 4 7 2 2 9
split_gain=1.08627 0.909739 1.00425 0.828481 1.02013 0.970635 0.81667 1.15422 0.743737 0.835359 0.636539 1.71803 0.909472 0.683316 0.899171 0.880668 2.06061 0.874218 0.835165 0.778526 0.831899 1.40187 0.872591 0.774571 0.753458 0.848326 0.804223 0.738088 0.989976 1.13432
threshold=0 0.015307425871944997 4831276.447900001 -0.46488472433408029 1.0150000000000003 72.500000000000014 0.77832330264176108 0.17445652173913045 7.1820302681990471 1.6150000000000004 35.500000000000007 -0.18562601820925942 87850716.580000013 1 4.5844500000000012 3.9034500000000003 239319.85905000003 -2.9411764705882297 0.093621591046888386 9.5000000000000018 -2.6896799851443771 2.4086000000000003 -1.8993477012481494 13.161650000000002 4.7881000000000009 6.1060000000000008 0.65500000000000014 -0.40662764941202961 0.068608123497406096 3.1281565656565706
decision_type=9 2 2 2 8 2 2 2 2 2 2 2 2 9 2 8 2 2 2 2 2 8 2 2 2 2 2 2 2 2
left_child=-1 3 8 -2 -5 -6 -4 -8 10 -10 11 -3 -13 15 17 16 -12 18 -15 20 -16 -22 -23 -24 -21 -26 -27 -17 -29 -30
right_child=1 2 6 4 5 -7 7 -9 9 -11 13 12 -14 14 19 27 -18 -19 -20 24 21 22 23 -25 25 26 -28 28 29 -31
leaf_value=-0.010717713404225108 0.064085878657885439 0.094427087249558228 -0.044866573704059033 -0.045639146107428356 0.10903522260124457 -0.0023948134939428675 0.10807769183114134 -0.027538379009475672 0.096128424069211335 -0.036996312414576314 0.13851998609043456 0.20110365474726649 -0.035244292687459926 -0.058113394426659297 -0.025553596039668509 0.030249220282195222 -0.0017210518551903085 -0.038305055371219178 0.06604464182971452 0.080082116386012286 0.11859739794856874 0.057086713992454678 -0.031787917198543944 0.027063313170636101 -0.01342324915887147 0.096373869308453319 0.020583016769106548 -0.041316695913873359 -0.022515470179735333 0.05339534199670113
leaf_weight=8.5665666270426311 1.1759269500255392 0.66388754328660382 1.8791697811125045 0.55188437862868234 0.32704023620853118 0.48562716362014202 0.23722839739290147 0.4633123193742813 0.434520918048659 0.16169081445739608 0.28022773735513684 0.043591387354281363 0.61427368193118681 0.19163185440505626 2.2828076753343578 0.63415597707412086 4.0115756351646921 1.7172095204170348 0.46194907196548529 0.50267622926909794 0.29051860033805316 0.60778901356461723 1.5094054340242355 0.88804224439542867 1.861721013869899 0.36302448530521658 9.764841365768774 4.0714795534414536 1.730348866185611 0.68770401179155505
leaf_count=5299 187 402 363 185 207 78 49 234 94 204 164 190 1789 62 319 69 1104 558 115 70 54 96 436 347 486 46 4413 1573 1246 330
internal_value=-0.000586119 0.00350081 0.00237944 0.0333279 0.00682157 0.0424478 -0.0276898 0.0183861 0.00467611 0.0600254 0.0036815 0.0376816 -0.0195834 0.00227084 0.0062975 -0.00557371 0.0074358 -0.0195736 0.0296411 0.0131765 -0.00235365 0.0137158 0.00357682 -0.00998874 0.0201117 0.0175974 0.0232997 -0.0212357 -0.0262668 -0.000926128
internal_weight=47.4618 38.8953 36.3548 2.54048 1.36455 0.812667 2.57971 0.700541 33.7751 0.596212 33.1789 1.32175 0.657865 31.8571 20.4416 11.4155 4.2918 2.37079 0.653581 18.0708 5.57856 3.29576 3.00524 2.39745 12.4923 11.9896 10.1279 7.12369 6.48953 2.41805
internal_count=20769 15470 14813 657 470 285 646 283 14167 298 13869 2381 1979 11488 7002 4486 1268 735 177 6267 1252 933 879 783 5015 4945 4459 3218 3149 1576
cat_boundaries=0 4 9
cat_threshold=373310537 805328002 1661732072 404783108 1074037520 50571329 335681808 35201249 1
is_linear=0
shrinkage=0.05


Tree=25
num_leaves=31
num_cat=2
split_feature=22 3 10 2 10 3 0 13 22 3 14 14 10 5 1 4 4 8 13 8 4 8 14 13 20 11 5 15 9 2
split_gain=0.99716 1.33814 1.40131 1.0629 0.972856 0.923885 1.00654 0.99322 0.908574 1.0235 0.880325 1.03019 0.776874 1.15581 1.01973 0.941865 1.03584 0.750091 0.699105 0.764169 0.691027 0.740211 0.885531 0.686725 0.854059 0.880449 0.886724 0.87653 0.796386 0.967298
threshold=0 2471714.2021500007 0.093749999999999944 -0.45339264834843612 0.093598411600585379 2256560.5991000007 0.45501800617480898 0.10088107436733419 1 1258561.3140000002 0.64718688636557686 0.54558648898271545 0.054167817085263047 116186778.80000001 0.011072081098603139 13.073200000000002 13.538350000000001 0.87500000000000011 0.10017006851910239 1.0450000000000002 10.444550000000001 1.3350000000000002 0.90425293677431073 0.10046838664385062 0.1404052936311001 0.098696974262320852 190337462.48000002 18.500000000000004 -0.67396803966967 -0.10974857899010552
decision_type=9 2 2 2 2 2 2 2 9 2 2 2 2 2 2 2 2 10 2 8 2 10 2 2 2 2 2 2 2 2
left_child=23 2 3 -2 8 6 7 -4 12 -10 11 -11 18 14 -14 -15 -17 -9 -5 -20 -3 -22 -23 24 25 26 -1 -26 29 -25
right_child=1 20 5 4 -6 -7 -8 17 9 10 -12 -13 13 15 -16 16 -18 -19 19 -21 21 22 -24 28 27 -27 -28 -29 -30 -31
leaf_value=0.10685271396122342 0.077999046613618409 -0.049889295509943345 -0.028445720275115861 0.075326192532504166 0.14521885959531464 0.080543270616320606 0.012862891088075959 0.064356367316769567 -0.037396982079252454 -0.00022755315769296946 -0.029395029850741418 0.12837697506607176 0.095590259432653743 -0.016296190373631579 -0.016076961180821296 0.21214434438242802 0.026875453418803003 -0.038399662858182103 -0.041286633471800588 0.059361659407495805 -0.028671843601985776 0.13917770065164206 -0.01394550658136167 0.094509924273116497 0.012246124951076234 -0.056352190742924524 -0.048888346383665425 -0.040365223191229586 0.0088239162633535397 0.0067315275259628923
leaf_weight=0.19586097863669716 0.53442980735605949 2.6042890790296926 9.1940250033297897 1.220020587330471 0.12370329237388134 0.2479594942800184 2.3025319950930525 0.52792594494866851 3.5622222736588554 0.35226286763018833 0.5624018641198284 0.27909587933910163 0.67245200626690094 2.3952955739919255 0.29375283973074096 0.084793964815584655 0.68422164759643189 0.26763230569609564 0.34146595534475011 0.42123227833882482 1.0171063199803008 0.16739158783353053 0.21659016924494962 0.81646836758388108 14.001154192365249 0.99969242936911795 0.17135424214187889 0.8391241624194955 1.663268918252476 0.50983265039404846
leaf_count=69 63 922 3660 571 48 85 2982 69 2583 121 292 64 113 926 250 35 545 151 121 137 298 28 99 111 5151 142 187 105 660 181
internal_value=-0.000690099 -0.00582301 -0.00344393 0.00913975 0.0057921 -0.0150114 -0.0169389 -0.023808 0.00420528 -0.0077256 0.0160983 0.0566228 0.00991154 0.0137756 0.0616404 -0.000839635 0.0473038 0.0297884 0.0518513 0.0143006 -0.0346563 -0.00634193 0.0528065 0.00647598 0.00578784 -0.0320313 0.034179 0.00927128 0.0318684 0.0607677
internal_weight=47.2696 28.0728 24.0674 11.5274 10.9929 12.5401 12.2921 9.98958 10.8692 4.75598 1.19376 0.631359 6.11323 4.13052 0.966205 3.16431 0.769016 0.795558 1.98272 0.762698 4.00538 1.40109 0.383982 19.1968 16.2072 1.36691 0.367215 14.8403 2.98957 1.3263
internal_count=20769 14163 12816 5869 5806 6947 6862 3880 5758 3060 477 185 2698 1869 363 1506 580 220 829 258 1347 425 127 6606 5654 398 256 5256 952 292
cat_boundaries=0 4 8
cat_threshold=2685435906 139528460 2218835973 1170758680 1087119905 69248161 44042248 571933188
is_linear=0
shrinkage=0.05


Tree=26
num_leaves=31
num_cat=3
split_feature=22 8 7 9 22 2 22 9 2 6 13 4 20 8 13 3 18 4 5 0 8 10 21 11 8 6 2 9 17 0
split_gain=0.930832 0.859754 0.722492 0.847773 1.06229 1.51854 0.959943 0.839838 0.79922 1.10538 0.766881 0.791604 0.744418 1.03991 0.979585 1.20492 1.58956 0.88129 1.42754 1.12906 0.872367 0.870843 0.754319 0.840102 0.912818 0.9041 0.746634 0.747137 1.06295 0.698162
threshold=0 5.2400000000000011 0.58500000000000008 -2.4683830100816868 1 0.086772545289654737 2 7.1820302681990471 -0.33731075784674835 7.7347500000000009 0.10034168609244211 4.3891500000000008 0.32779310344827589 0.60500000000000009 0.099999999999999992 259375.93145000003 14.500000000000002 10.201500000000001 280068864.10500008 0.011292943672787758 1.0950000000000004 0.10662305149300831 0.15590277777777781 0.12362606183896292 0.66500000000000015 4.1300500000000007 -0.23386161835258421 2.37296109833034 69.500000000000014 0.54140815878810866
decision_type=9 8 2 2 9 2 9 2 2 8 2 2 2 8 2 2 2 2 2 2 8 2 2 2 8 8 2 2 2 2
left_child=-1 2 -2 4 5 8 7 -5 -4 -10 12 -12 13 -8 21 16 -16 19 -19 -17 -20 -14 -15 24 25 -24 27 28 -26 -25
right_child=1 -3 3 6 -6 -7 10 -9 9 -11 11 -13 14 22 15 17 -18 18 20 -21 -22 -23 23 29 26 -27 -28 -29 -30 -31
leaf_value=-0.010071087277135682 0.027440172609310733 0.083687300911487225 0.091035954910910988 -0.018271852840076971 -0.014266353885015626 -0.02980040292693284 -0.04784807546128609 0.086756630039704699 0.04672490601620663 -0.041123535284405183 -0.038518683925520117 0.042128856489337931 -0.048008624482583542 0.042479976339503928 0.0027669136962299888 0.1027156268710509 0.38452194111555893 0.24740747118382697 -0.038560165716772427 -0.048662362768946324 0.085727729693984095 0.032807236406201541 0.11624553635531942 -0.0011116641827664077 0.10177836958487343 0.0026700626320568261 -0.010800985531978646 -0.032378283185116326 0.015929270852951493 0.10661344840600449
leaf_weight=8.3876210632901103 2.8614921332716809 0.33531136150099072 0.70284619741739662 7.2746972239338064 5.1577928929107211 0.89514107710926749 0.60736098633268198 0.19544985948059501 1.9121490337327676 0.44059066510121803 0.33463118205749198 3.3541074482775759 1.7126604342607379 2.6624527828936708 0.059038070374217155 0.14698278304461709 0.050670807376397065 0.081837762661791325 0.280658881595858 0.76055095902758874 0.28409308850535858 0.41389740050201496 0.36220856824878855 0.23940009651730376 0.48774634503211056 0.33941803801868164 4.3834459542592041 0.4670792486315466 1.3827358153748037 0.40459541593581638
leaf_count=5197 440 143 98 3887 1817 253 431 93 314 94 178 1295 971 520 128 10 64 68 190 333 174 111 56 79 99 122 3299 84 94 127
internal_value=-0.000678472 0.0031551 0.00327398 0.00132023 -0.0118253 0.00777988 0.00587543 -0.00663793 0.0442503 0.0302738 0.00938401 0.0348128 0.00938665 0.0158003 -0.00979565 0.0189408 0.179087 0.00763575 0.0522428 -0.0241454 0.0239617 -0.0322792 0.0194034 0.0117868 0.00703398 0.0613024 0.00136873 0.0241896 0.0383153 0.0665675
internal_weight=46.9787 38.591 38.2557 35.3942 9.10852 3.95073 26.2857 7.47015 3.05559 2.35274 18.8156 3.68874 15.1268 11.3364 3.79039 1.66383 0.109709 1.55412 0.64659 0.907534 0.564752 2.12656 10.7291 8.06663 7.42263 0.701627 6.72101 2.33756 1.87048 0.643996
internal_count=20769 15572 15429 14989 2576 759 12413 3980 506 408 8433 1473 6960 4911 2049 967 192 775 432 343 364 1082 4480 3960 3754 178 3576 277 193 206
cat_boundaries=0 4 8 13
cat_threshold=373572681 805323906 1661469928 404783108 2155905154 6359077 12607492 8392704 2155905794 48347233 270815764 570695712 1
is_linear=0
shrinkage=0.05


Tree=27
num_leaves=31
num_cat=1
split_feature=22 10 13 21 0 9 20 8 8 2 15 7 4 13 2 2 11 2 7 6 1 21 4 8 3 8 4 7 0 17
split_gain=0.889757 0.864582 1.17955 1.08193 0.685113 0.872029 0.660833 0.603273 0.56595 0.576954 0.548109 0.541159 0.606667 0.53527 0.623015 0.53328 1.00819 0.971694 0.881871 0.863826 0.966114 1.25289 1.14543 1.02785 1.06497 0.802752 0.787628 0.725252 0.678455 0.697339
threshold=0 0.063418982890796741 0.10054496317415053 0.19204425711275028 0.10991938042429683 2.8578720921753069 0.54526315789473701 1.2650000000000003 0.55500000000000016 -0.45339264834843612 18.500000000000004 1.4150000000000003 6.2138000000000009 0.10022321539787639 -0.30128940476819394 -0.087929985324122148 0.10106572272279861 -0.054609147572018006 1.8050000000000004 6.1557000000000004 -0.0013306725784060778 0.18469785575048733 9.7416000000000018 1.1650000000000003 610818.67165000003 0.79500000000000015 7.2094000000000014 0.84500000000000008 0.13983847114192335 76.500000000000014
decision_type=9 2 2 2 2 2 2 8 8 2 2 2 2 2 2 2 2 2 2 8 2 2 2 10 2 8 2 2 2 2
left_child=8 7 6 11 -5 -6 15 13 -1 -10 -11 12 -4 14 -2 16 -3 18 25 20 22 -22 -18 24 -23 -17 -19 28 -28 -30
right_child=1 2 3 4 5 -7 -8 -9 9 10 -12 -13 -14 -15 -16 17 19 26 -20 -21 21 23 -24 -25 -26 -27 27 -29 29 -31
leaf_value=-0.043332330952988815 0.058514456053302133 -0.045163070753965529 -0.020441155638295915 0.091744600003436927 -0.051018158170558159 0.10381089166610667 0.10675687011434504 0.037174439768331423 0.067459713207174019 0.010868756440408425 -0.053214686597990363 -0.041995267392247446 0.070145282309678203 -0.02747360798914171 -7.4943734521002849e-05 0.118598182096863 -0.041215180933105389 -0.039815084871517192 -0.023717180325529594 -0.045175942619479936 -0.030114400796675708 0.08044077024652907 0.052630458008574771 -0.046464431564916003 0.00080054870567341444 0.015287779587397852 0.13556381288799871 -0.010416899255539817 0.082163110266408226 -0.035720387996395923
leaf_weight=0.49180813102593057 0.57796530611647412 3.6500616061569318 0.40241257584874024 0.64517033766388598 0.2403176108279878 0.14630973397287611 0.11003162257861632 1.5233581151369273 0.44188358058945709 16.770808946797182 0.34044208314738966 0.62306467324370196 0.34182496256795392 1.2146300135083468 2.1109003562621638 0.37952225542916296 2.1367268698770743 2.1346502921233697 0.41026463035415328 1.6225576946404405 1.0511604592659516 1.1431607322353032 0.38350640811226133 0.31664185306310888 0.66335941208599458 0.37267100372366968 0.15677443254849344 5.9633315426544096 0.22551050098153691 0.28274281943565693
leaf_count=276 36 1391 64 160 554 114 67 977 70 5835 240 238 57 426 1102 53 536 1189 374 636 280 150 103 143 99 87 34 5316 110 52
internal_value=-0.000924388 -0.00556262 -0.0116619 0.0215517 0.0602045 0.00757314 -0.0154559 0.0104887 0.00615653 0.0110505 0.00959376 -0.00761656 0.0211648 7.45122e-05 0.0125187 -0.0160995 -0.0236989 -0.00770253 0.0352509 -0.0129917 -0.00382143 0.0145291 -0.0269346 0.0366318 0.0511967 0.0674135 -0.0134005 -0.00489375 0.0446326 0.0165842
internal_weight=46.8736 28.8286 23.4018 2.3991 1.0318 0.386627 21.0027 5.42685 18.0449 17.5531 17.1113 1.3673 0.744238 3.9035 2.68887 20.8926 10.9672 9.92547 1.16246 7.31711 5.69456 3.17432 2.52023 2.12316 1.80652 0.752193 8.76301 6.62836 0.665028 0.508253
internal_count=20769 14348 11807 1187 828 668 10620 2541 6421 6145 6075 359 121 1564 1138 10553 3338 7215 514 1947 1311 672 639 392 249 140 6701 5512 196 162
cat_boundaries=0 4
cat_threshold=2685403138 139659556 2151710725 97148184
is_linear=0
shrinkage=0.05


Tree=28
num_leaves=31
num_cat=2
split_feature=22 3 8 22 2 10 13 11 3 10 7 0 17 21 0 11 7 11 2 4 0 15 21 10 17 15 8 18 6 14
split_gain=0.846183 0.92366 0.81749 0.797063 1.02059 0.99064 0.97203 1.0285 0.83047 0.748467 0.746668 0.961102 0.699286 0.742261 0.69644 0.687304 0.683327 0.777832 0.818608 0.729021 0.615723 0.680767 0.726886 0.606492 0.556359 0.552574 0.568217 0.541099 0.515781 0.566539
threshold=0 2471714.2021500007 0.42500000000000004 1 -0.4359122999964522 0.09307766466522005 0.10088107436733419 0.094090057799735158 2256560.5991000007 0.088437340254020697 0.96500000000000008 0.47395972458388885 52.500000000000007 0.17274535809018571 0.17574463218047146 0.12199760632675073 0.50500000000000012 0.099687250888852996 -0.024254034598862158 13.336600000000002 0.80190570976642739 3.5000000000000004 0.18684093684093686 0.11171015837275873 88.500000000000014 19.500000000000004 0.55500000000000016 11.500000000000002 2.5625500000000003 0.9200870827285923
decision_type=9 2 10 9 2 2 2 2 2 2 2 2 2 2 2 2 2 2 2 2 2 2 2 2 2 2 8 2 10 2
left_child=25 2 -2 4 -4 9 8 -8 10 14 16 -12 -11 -14 -5 -13 -6 18 24 -19 -3 -22 -23 -7 -18 26 -1 -17 -16 -30
right_child=1 20 3 5 6 23 7 -9 -10 12 11 15 13 -15 28 27 17 19 -20 -21 21 22 -24 -25 -26 -27 -28 -29 29 -31
leaf_value=-0.040848393887282924 0.087384432879465276 -0.039938063792433198 0.062098801095820104 -0.032977171629552667 -0.037281299120614474 -0.042206036548395609 -0.020081123806006372 0.092020888682737265 0.079386341833011242 0.12869316049692178 -0.016438894385946628 0.0079231970583145128 -0.0550354955512182 0.04317729628304981 0.064348688204188251 0.17075136471742702 0.101964420452145 -0.033362493575654226 -0.005085698433652721 0.067596496919865287 -0.041818674092060852 0.15969192901337503 0.012057875239282891 0.0084642168744738476 0.03695867261436591 -0.055431140956524821 0.012502244183042839 0.042990289776036132 -0.015267548279749034 0.11888875304407492
leaf_weight=0.51462122268643828 0.24383512937527285 3.0836492309261705 0.77405324248301433 2.2005964269858502 0.47259623179276378 4.6049874487025386 0.31253521331939482 0.59248131904419366 0.31972955313726714 0.15918004817772646 8.0316115656485874 1.375177055184412 0.2680547521390394 0.68145241219396091 0.35089619172428133 0.12176213663654084 0.62665312186091937 0.73164364345188948 0.54358761304842129 0.23664369333433921 0.33943961467526812 0.11632967971140623 0.29430610295869086 0.67742772006354801 0.69330697150078324 0.3199479536904154 16.532710341606506 0.25948823531943693 1.0380681615769902 0.085150184552084229
leaf_count=272 146 913 136 625 130 2903 83 216 97 186 3394 2471 61 236 243 90 111 169 229 46 256 35 141 295 70 196 5681 122 1147 69
internal_value=-0.000899778 -0.00534912 -0.00372611 -0.0046092 0.00371561 -0.0104249 0.00315436 0.053308 -0.000229865 -0.00429798 -0.00217416 -0.00911199 0.0317097 0.0154509 -0.0151618 0.0243917 0.0183763 0.0276649 0.0465539 -0.00868871 -0.0300554 0.0105732 0.0538814 -0.035708 0.0678203 0.00613651 0.0108917 0.0837941 0.0114335 -0.00509728
internal_weight=46.6019 29.2346 25.4009 25.1571 15.0913 10.0658 14.3172 0.905017 13.4122 4.7834 13.0925 9.78804 1.10869 0.949507 3.67471 1.75643 3.30443 2.83184 1.86355 0.968287 3.83372 0.750075 0.410636 5.28242 1.31996 17.3673 17.0473 0.38125 1.47411 1.12322
internal_count=20769 14620 13275 13129 7364 5765 7228 299 6929 2567 6832 6077 483 297 2084 2683 755 625 410 215 1345 432 176 3198 181 6149 5953 212 1459 1216
cat_boundaries=0 4 8
cat_threshold=2685403142 139796788 2151710725 96623896 9330849 2217347081 202465312 3256418944
is_linear=0
shrinkage=0.05


Tree=29
num_leaves=31
num_cat=2
split_feature=22 8 6 18 6 2 9 7 22 18 20 13 20 10 5 7 2 8 2 9 11 6 9 9 11 8 17 10 17 13
split_gain=0.784252 0.72663 0.635636 0.629686 0.60942 0.659538 0.571061 1.25547 1.01351 0.960977 0.712259 1.07075 0.948827 0.822635 0.786081 0.765086 0.738639 0.697267 0.881391 1.24543 0.801343 0.896423 0.770446 0.801485 1.0745 0.769109 0.916794 0.754235 0.743175 0.783446
threshold=0 5.2400000000000011 0.82435000000000003 11.500000000000002 12.541400000000001 -0.41893116896806148 -2.4683830100816868 0.8650000000000001 1 7.5000000000000009 0.32779310344827589 0.099999999999999992 0.31438415159345395 0.10662305149300831 3899911295.6250005 1.5450000000000002 0.61190282301845833 1.135 -0.11544800333680015 2.2943299744322525 0.067898581838777575 6.5024000000000006 0.76384499440852471 -0.12023522302967436 0.12362606183896292 1.4350000000000003 53.500000000000007 0.098803588043037474 107.50000000000001 0.099699017560705996
decision_type=9 8 8 2 8 2 2 2 9 2 2 2 2 2 2 2 2 8 2 2 2 10 2 2 2 10 2 2 2 2
left_child=4 2 3 -2 5 -1 7 9 -8 -4 12 13 14 16 17 -14 -12 18 19 20 -10 27 23 24 -19 28 -27 -22 29 -24
right_child=1 -3 6 -5 -6 -7 8 -9 10 -11 11 -13 15 -15 -16 -17 -18 22 -20 -21 21 -23 25 -25 -26 26 -28 -29 -30 -31
leaf_value=0.020985913575996121 0.070462377940392396 0.076991923893847153 -0.037004692838666454 -0.017942286419435963 0.033431531254764654 -0.029328637264673579 -0.0071310769752734871 -0.019408574285729854 0.081602824587012443 0.036578234237933653 -0.051914625247701476 0.017053942066987817 0.16823881964357898 0.035386861237568297 -0.03881213186734539 0.045718016034575926 0.096417621770629347 -0.0021896381625100157 -0.0078349295236275936 -0.038331761726424371 0.0059632920342915056 -0.04043955629954904 0.12462945171777501 0.14163170651294441 0.14174184435188103 0.069007852922051471 -0.017408990332431911 0.052886836313113632 0.11158153446489819 0.016182211920983139
leaf_weight=0.71881732158306011 0.65496031707813873 0.33292979709629733 0.56396650250984581 0.2908827864125948 0.48075598078707393 6.9359357336770904 7.2310040994781284 7.1810453469950684 0.72307842413393153 2.0808591365980935 1.6445003284191362 2.9506515201622663 0.1730252562427293 0.39776695810434515 0.61400557038970305 0.48339952685240278 0.088440400127380747 0.41598180176704325 3.667377812410618 0.69935012427320131 1.4824445351849158 0.470294482614939 0.19383476974037872 0.30936443476298803 0.1883934377143921 0.39358326538254806 1.3937341672320509 2.027785519504155 0.3664220289723733 1.182565408911914
leaf_count=109 115 143 118 102 679 4470 3886 2290 75 245 969 1458 81 110 170 309 31 294 2392 116 221 158 51 216 22 362 836 159 185 397
internal_value=-0.000875376 0.00273231 0.00280096 0.0432746 -0.00949872 -0.0246039 0.00176416 -0.008562 0.00550861 0.0208879 0.00911212 -0.00245022 0.0192492 -0.02946 0.016519 0.0780129 -0.0443445 0.0190329 0.0110833 0.0239245 0.033181 0.024385 0.0352586 0.0761795 0.0426761 0.0246667 0.00162077 0.03307 0.048301 0.0314545
internal_weight=46.3372 38.2016 37.8687 0.945843 8.13551 7.65475 36.9229 9.82587 27.097 2.64483 19.866 5.08136 14.7846 2.13071 14.1282 0.656425 1.73294 13.5142 9.07033 5.40295 4.7036 3.98052 4.44388 0.91374 0.604375 3.53014 1.78732 3.51023 1.74282 1.3764
internal_count=20769 15511 15368 217 5258 4579 15151 2653 12498 363 8612 2568 6044 1110 5654 390 1000 5484 3121 729 613 538 2363 532 316 1831 1198 380 633 448
cat_boundaries=0 5 9
cat_threshold=373572681 805323906 1661469928 404783108 1 2155873154 48314469 270817812 33824800
is_linear=0
shrinkage=0.05


Tree=30
num_leaves=31
num_cat=1
split_feature=22 3 0 8 3 6 3 9 2 7 5 15 13 7 13 4 4 2 2 0 13 18 10 2 15 2 18 18 3 9
split_gain=0.753288 1.07884 0.832243 0.727172 0.750114 1.36394 0.784549 1.21027 0.685419 0.679083 0.639628 0.608636 0.60593 0.554102 0.549737 0.530989 0.503566 0.5022 1.13339 0.569697 0.992285 0.983233 0.54934 0.499135 0.488199 0.485439 0.607446 0.485048 0.864235 0.59863
threshold=0 2471714.2021500007 0.80190570976642739 0.42500000000000004 1172632.0233000002 2.0959000000000008 2202792.9871500004 -0.80290505674442392 -0.47634589083675244 0.31500000000000006 1394447089.5300004 3.5000000000000004 0.10088107436733419 0.8650000000000001 0.10005920663114266 10.264150000000003 4.0076000000000009 -0.41893116896806148 -0.47634589083675244 0.025409841094997592 0.099738388307719875 13.500000000000002 0.12195121951219509 0.29636335924885732 19.500000000000004 0.26813126206452814 9.5000000000000018 13.500000000000002 174648.76170000003 3.6934154322875727
decision_type=9 2 2 10 2 10 2 2 2 2 2 2 2 2 2 2 2 2 2 2 2 2 2 2 2 2 2 2 2 2
left_child=9 3 -3 -2 10 6 7 -6 -7 -1 12 -4 17 -10 -12 -13 -14 18 -5 20 21 -19 23 25 -11 27 -27 28 -21 -30
right_child=1 2 11 4 5 8 -8 -9 13 24 14 15 16 -15 -16 -17 -18 19 -20 22 -22 -23 -24 -25 -26 26 -28 -29 29 -31
leaf_value=0.07572039602846159 0.083098274317643384 -0.045172819889114479 -0.038709047819171977 -0.058326589363620673 0.081211208290865158 0.10046704555334572 0.14658343270244717 -0.030209162888957104 0.030059080618338948 0.0084371316392542871 -0.049815893534199684 -0.034971964850387754 -0.052230039542166276 -0.015043044605792005 0.11972045753992969 0.093500191906881192 0.036122843934410655 -0.013964529571001805 0.045879228579297479 0.085586880459062389 -0.045393275684236532 0.12773242700723961 0.07230220534049861 -0.048957002724512512 -0.055178298526863373 -0.050492298360870873 0.12264476235544253 -0.021251958731465122 0.00083193112105770883 -0.050963261441552436
leaf_weight=0.37058150817840285 0.24057646040526037 2.8039283715139387 0.28931202186557886 0.35949431528604603 0.66202490307568296 0.15851478464965829 0.20761703092148653 0.38572335238208499 0.86366330228432397 17.262855352878113 0.066278034217213927 0.11260169246413609 0.18908660223581764 3.2194976848089403 0.17165196899138865 0.28148257077275779 1.096275963302886 0.45141275935293057 0.95178295030258175 0.27792617674943354 2.8347658793592667 0.16798532415655876 0.19974502357396851 0.8210831263917705 0.30694883156172537 0.076653321197135527 0.1493965257557639 5.2407629327679386 5.2882569929852199 0.62363975220828471
leaf_count=58 147 923 256 96 88 5 43 186 100 5880 123 103 90 1543 85 71 457 131 153 395 628 82 102 1140 197 35 157 3350 3828 317
internal_value=-0.000928768 -0.00522682 -0.0331141 -0.00340589 -0.00425659 0.0120065 0.0577877 0.0401923 -0.00154293 0.00561097 -0.00897018 0.0163621 -0.0100051 -0.00550312 0.0724942 0.0567918 0.0231255 -0.0124465 0.0173106 -0.0148653 -0.0328664 0.0244647 -0.0099607 -0.0112776 0.00732575 -0.00862347 0.0639341 -0.0100584 -0.000581021 -0.00463189
internal_weight=46.1315 28.1911 3.48732 24.7038 24.4632 5.49704 1.25537 1.04775 4.24168 17.9404 18.9662 0.683396 18.7283 4.08316 0.23793 0.394084 1.28536 17.4429 1.31128 16.1316 3.45416 0.619398 12.6775 12.4777 17.5698 11.6566 0.22605 11.4306 6.18982 5.9119
internal_count=20769 14634 1353 13281 13134 1965 317 274 1648 6135 11169 430 10961 1643 208 174 547 10414 249 10165 841 213 9324 9222 6077 8082 192 7890 4540 4145
cat_boundaries=0 4
cat_threshold=2685435910 139798828 2151727108 96492568
is_linear=0
shrinkage=0.05


Tree=31
num_leaves=31
num_cat=1
split_feature=22 0 0 3 8 7 19 2 10 18 13 6 3 7 17 8 1 2 7 13 4 0 4 11 17 6 1 11 9 1
split_gain=0.699235 0.856785 1.05601 0.797686 0.720738 0.714462 0.774836 0.712241 0.678619 0.933794 0.682689 0.676779 0.570764 1.15537 0.800384 0.722592 0.660669 0.639067 0.631428 0.798263 0.552491 1.06431 0.967895 0.810287 0.864023 0.725987 1.0044 0.934952 0.820818 0.926617
threshold=0 0.79225687486807062 0.82780743098863929 4542266.3331500003 0.55500000000000016 1.0050000000000001 7.5000000000000009 0.079350614522878296 0.11171015837275873 15.500000000000002 0.10096620612397313 7.3828500000000004 1043396.6092000002 0.84500000000000008 107.50000000000001 1.0850000000000002 0.015328340475523007 -0.059899321773355767 0.68500000000000016 0.10005920663114266 10.444550000000001 0.17574463218047146 9.9951500000000006 0.099687250888852996 61.500000000000007 4.9517000000000015 -1.0000000180025095e-35 0.10347583270435916 0.9156136243856362 -0.0048743364145970016
decision_type=9 2 2 2 8 2 2 2 2 2 2 8 2 2 2 10 2 2 2 2 2 2 2 2 2 10 2 2 2 2
left_child=4 3 -3 5 -1 6 12 -8 10 11 -7 -10 13 15 17 -2 -17 -15 -14 -20 21 22 25 24 -22 28 -27 -28 29 -6
right_child=1 2 -4 -5 20 8 7 -9 9 -11 -12 -13 18 14 -16 16 -18 -19 19 -21 23 -23 -24 -25 -26 26 27 -29 -30 -31
leaf_value=-0.052851420032786402 -0.046705624157716064 0.11171844443824414 0.0092924093671205455 -0.047180706230446554 -0.03999089270553776 -0.018175750811980303 0.11116450519571829 -0.051766653870562979 0.074285532289265974 -0.048280514223684012 0.032937522868813414 -0.02139491562023698 0.049835192966228459 0.062140663520066787 -0.057306142444116387 -0.056004674550623516 0.052326161296479962 -0.026922464484545557 -0.041222009876160315 0.035697395566221181 -0.031204428743921743 -0.0061732541715923753 0.10233387283749754 -0.012064096182797478 0.046854542364519913 0.10383530300083009 0.055463646317487063 -0.052110895742887679 -0.017562204272193665 0.034125214904214038
leaf_weight=0.47112679277279057 1.8198942118094565 0.28408301363578958 2.2037069284749222 1.3487125563066609 0.47477961569207439 15.00266981283931 0.30096561989137982 0.086310289163053389 0.67459377015141542 0.3447588737730708 0.68301528523634303 0.25455653039623027 1.0653365957459644 0.92645736070082008 0.24030906200131874 0.21316698993571259 0.41423174645523453 0.25736636853392214 0.6556454804434021 0.6946760075580537 0.4776620369590675 3.5045341497757239 0.4048947355336362 4.9244055194145879 1.3749076439094297 0.60130166396028817 0.62738179414362971 0.29788177560223028 1.464990700165347 3.7728426924407992
leaf_count=288 408 374 2568 362 99 8764 127 119 151 148 337 167 72 93 104 55 100 167 87 59 618 2041 55 1753 551 67 110 46 261 618
internal_value=-0.000902047 -0.00512739 0.0209885 -0.00978041 0.00530876 -0.0076461 0.0062117 0.0748528 -0.0130998 0.0219962 -0.0159501 0.0480722 0.0019835 -0.00991674 0.0258898 -0.0307534 0.0155193 0.0427781 0.0210553 -0.00165064 0.00979891 0.0166428 0.0271032 -0.0014598 0.026728 0.0228954 0.0535256 0.0208308 0.0147102 0.0258409
internal_weight=45.8672 27.4705 2.48779 24.9827 18.3967 23.634 6.67436 0.387276 16.9596 1.27391 15.6857 0.92915 6.28708 3.87143 1.42413 2.44729 0.627399 1.18382 2.41566 1.35032 17.9256 11.1486 7.64407 6.77698 1.85257 7.23918 1.52657 0.925264 5.71261 4.24762
internal_count=20769 14262 2942 11320 6507 10958 1391 246 9567 466 9101 318 1145 927 364 563 155 260 218 146 6219 3297 1256 2922 1169 1201 223 156 978 717
cat_boundaries=0 4
cat_threshold=3758129154 139790644 2151727109 96623888
is_linear=0
shrinkage=0.05


Tree=32
num_leaves=31
num_cat=1
split_feature=22 7 0 13 1 18 2 15 20 7 10 10 6 13 14 10 10 14 7 16 5 6 1 3 20 5 15 2 6 13
split_gain=0.656361 0.960715 0.703208 1.01177 0.719022 0.726133 0.673125 0.679452 0.678909 0.711168 0.657734 1.1527 0.88986 1.19356 0.643941 0.615092 0.973848 0.800806 1.12041 0.890038 0.722515 0.901901 0.679094 1.41663 0.996531 1.00485 0.962346 0.890723 0.686689 0.772714
threshold=0 1.0150000000000003 0.45501800617480898 0.10088107436733419 0.10031670804182648 8.5000000000000018 -0.4359122999964522 18.500000000000004 0.1404052936311001 2.2550000000000003 0.091360075468602628 0.088929863577521848 7.6892000000000005 0.10000002588235414 0.95275297619047628 0.086693416846088764 0.10747810405493521 0.82387408088235303 1.0750000000000004 2.5000000000000004 315038966.47500008 5.3563000000000001 -1.0000000180025095e-35 416368.31575000001 0.32779310344827589 233077730.25000003 3.5000000000000004 0.47450962969544846 1.8393000000000002 0.10047846889952163
decision_type=9 2 2 2 2 2 2 2 2 2 2 2 10 2 2 2 2 2 2 2 2 8 2 2 2 2 2 2 8 2
left_child=6 -2 3 4 5 10 -1 8 9 -8 11 12 -3 -14 -4 -10 17 22 -19 -20 -18 -22 23 -17 25 26 28 -27 -24 -30
right_child=1 2 14 -5 -6 -7 7 -9 15 -11 -12 -13 13 -15 -16 16 20 18 19 -21 21 -23 24 -25 -26 27 -28 -29 29 -31
leaf_value=0.053832570982024541 0.0076148372721560305 -0.031928186118520094 0.01182807995331054 0.027235243108038428 0.094848276247886887 -0.030983277858454755 -0.042786930484138216 -0.040396863275268285 -0.0032460109347723152 0.051716816033955795 -0.024739739830791793 0.11319644934588582 0.097612341793638188 -0.044491630812612315 -0.046991365016991402 0.10834047137293752 -0.047635736484534862 0.12075505940674365 -0.055497176288180454 0.048015945759124788 0.086482197517848108 -0.013040565925408518 0.10312561357058725 0.027388791368848045 -0.018168215667481495 -0.0047638067901282785 0.10695377505349722 0.1306550829019105 -0.01222504115090762 0.089989290852596215
leaf_weight=0.75807941246298938 7.9122344264336695 0.89338559511970783 3.7693455699410334 1.116434087728275 0.12964284547770866 9.3343076483283376 1.125148989107098 0.76428847238534459 5.3399593301447874 0.24186758412781406 2.0042803099483883 0.26505471781009449 0.40257475225626793 0.23345521699712357 0.53084247834890863 0.77566567191293878 0.8792923043773363 0.14022055311913684 0.82131042758004724 0.27793671417292065 0.30376207395638022 0.90843429633146333 0.27064581186077613 1.7820853774291496 1.2601311831284645 1.584796226483177 0.66390507932377962 0.13150560383129706 0.74223060152746367 0.24624123344275772
leaf_count=95 1842 571 5234 310 33 4130 179 256 2001 149 1316 95 104 74 499 352 243 20 451 89 64 293 61 433 603 656 147 35 363 71
internal_value=-0.000877525 -0.005078 -0.013173 -0.0184783 -0.0223264 -0.0234831 0.00502417 0.00574934 0.00776527 -0.0260663 -0.00505346 0.0169345 0.000251913 0.045453 0.00456703 0.0106328 0.0175026 0.0248697 -0.0123462 -0.0293246 -0.0131305 0.0118987 0.0310553 0.0519383 0.0201534 0.0334225 0.0582432 0.00561219 0.0325591 0.0132379
internal_weight=45.6091 26.5916 18.6793 14.3791 13.2627 13.1331 19.0175 18.2594 17.4951 1.36702 3.79875 1.79447 1.52942 0.63603 4.30019 16.1281 10.7882 8.69667 1.23947 1.09925 2.09149 1.2122 7.45721 2.55775 4.89946 3.63932 1.92302 1.7163 1.25912 0.988472
internal_count=20769 14208 12366 6633 6323 6290 6561 6466 6210 328 2160 844 749 178 5733 5882 3881 3281 560 540 600 357 2721 785 1936 1333 642 691 495 434
cat_boundaries=0 4
cat_threshold=2684387334 139919644 2218819589 96492824
is_linear=0
shrinkage=0.05


Tree=33
num_leaves=31
num_cat=2
split_feature=22 2 15 17 0 15 8 8 22 0 13 4 20 6 8 9 11 6 1 8 11 8 9 7 2 14 14 4 1 10
split_gain=0.632591 0.889676 0.704259 0.603245 1.64615 0.619038 0.729173 0.587821 0.933622 1.46052 0.979445 0.872134 0.897871 0.846498 0.789692 0.748742 0.746531 1.0601 0.763924 0.716206 0.731271 1.07372 1.11524 0.723462 0.707991 0.667211 0.7023 0.610039 0.67349 0.882958
threshold=0 -0.4359122999964522 16.500000000000004 110.50000000000001 0.0015915129145487189 2.5000000000000004 1.1250000000000002 1.3450000000000004 1 0.28862153060245127 0.10044742953235099 8.9111000000000011 0.11451990632318503 1.1410500000000001 1.4650000000000001 6.1151454139592563 0.12199760632675073 7.3828500000000004 0.10000958037938303 1.0850000000000002 0.11154985192497538 0.99500000000000011 -3.8953600809270901 2.4350000000000005 0.72119058781711276 0.47838824728260876 0.76479125757705124 7.4396000000000013 0.019835881762265698 0.07892406147221552
decision_type=9 2 2 2 2 2 10 8 9 2 2 2 2 8 10 2 2 8 2 8 2 8 2 2 2 2 2 2 2 2
left_child=3 -2 7 -1 -5 -6 -7 8 9 19 13 -10 -13 -11 25 -15 18 -18 24 20 21 22 -3 -22 27 -9 -27 -16 -29 -30
right_child=1 2 -4 4 5 6 -8 14 11 10 -12 12 -14 15 16 -17 17 -19 -20 -21 23 -23 -24 -25 -26 26 -28 28 29 -31
leaf_value=-0.02829449038490589 0.045584855804749705 0.095457714223070408 -0.042093936093591473 0.22188171216210761 -0.049549380304293317 -0.054491108570010383 0.15954191608880366 0.067547540837898531 -0.022012764127983298 0.17331100606037692 0.045504565528219909 -0.054971102598091043 0.0066942274268719099 -0.043909440243540744 -0.041167856193548839 0.062385935469196407 0.084169238518813055 -0.020150358786897356 0.068461474506507053 0.047044055223276343 -0.033883274591970679 -0.027681565635089764 0.022356811521511408 0.05050997958434772 0.12509368763739312 -0.031496333940664131 0.048332594680753203 -0.014417084430082272 0.024000896754265394 0.21064654404994224
leaf_weight=5.8001786416616836 1.1806920388568389 0.58168242489400501 0.90390732770462889 0.089818047493512965 0.33513136802700194 0.06885095730638939 0.094288184174077763 1.1067747743746945 8.6030693069024462 0.049298382302165322 0.49215400551035315 0.64631347358271174 6.8110444904987224 2.2242614375366441 1.3341997056366826 0.17900242322428361 0.61852517358738968 0.40168528147702609 0.33202804779235595 2.1099503499891066 1.2333810087331032 0.94556271525786595 5.0641171874974207 0.31978738103624427 0.094081269103238774 0.49708674890071247 0.61809624156429277 1.9321059004157928 0.58572140880293289 0.071050617021384488
leaf_count=3538 257 90 480 24 225 119 266 414 2978 48 398 31 3779 2113 859 37 191 241 109 390 161 183 1083 87 34 259 259 1479 607 30
internal_value=-0.000854258 0.0022638 0.00150864 -0.00912229 0.024851 -0.0106657 0.0692118 0.00257816 -0.000638417 0.00692401 -0.0188676 -0.00688059 0.00134982 -0.0317851 0.0149759 -0.0359922 0.00460195 0.0430957 -0.00442772 0.0210826 0.0143569 0.0216297 0.0298883 -0.0165072 -0.0104522 0.0400447 0.0127493 -0.0137028 0.000451575 0.0441925
internal_weight=45.3238 38.9356 37.7549 6.38827 0.588089 0.498271 0.163139 36.851 29.2596 13.1992 2.94472 16.0604 7.45736 2.45256 7.59136 2.40326 5.3694 1.02021 4.34919 10.2545 8.14453 6.59136 5.6458 1.55317 4.01716 2.22196 1.11518 3.92308 2.58888 0.656772
internal_count=20769 16597 16340 4172 634 610 385 15860 11378 4590 2596 6788 3810 2198 4482 2150 3550 432 3118 1994 1604 1356 1173 248 3009 932 518 2975 2116 637
cat_boundaries=0 5 9
cat_threshold=373310536 805323906 1661469896 405831684 1 2157445120 209191197 2218803232 3863106832
is_linear=0
shrinkage=0.05


Tree=34
num_leaves=31
num_cat=2
split_feature=22 2 15 14 8 8 22 0 4 6 20 8 14 11 6 1 13 8 11 19 2 10 9 10 18 5 17 9 2 7
split_gain=0.618204 0.836549 0.658624 0.573008 0.570935 0.842785 0.792189 1.18466 0.847551 0.839396 0.831398 0.809381 0.73152 0.720299 1.02901 0.690736 0.671327 0.659997 1.05719 0.949903 0.810964 0.684695 1.06556 1.01327 0.713856 0.699241 0.682649 0.653069 0.612815 0.611389
threshold=0 -0.4359122999964522 16.500000000000004 0.61921498255076146 1.3650000000000004 1.4650000000000001 1 0.28862153060245127 9.2579000000000011 1.0722500000000001 0.11451990632318503 1.0850000000000002 0.47838824728260876 0.12199760632675073 7.3828500000000004 0.10000958037938303 0.10044742953235099 0.99500000000000011 0.11154985192497538 5.5000000000000009 -0.20308429761305832 0.098161119430623403 0.40629771779951979 0.074074074074073973 10.500000000000002 133363481.78000002 63.500000000000007 5.3815551818634857 0.72119058781711276 1.885
decision_type=9 2 2 2 8 10 9 2 2 8 2 10 2 2 8 2 2 10 2 2 2 2 2 2 2 2 2 2 2 2
left_child=-1 3 4 -2 6 12 7 11 -8 -9 -10 17 -6 15 -15 28 27 18 21 -19 -20 22 23 -3 26 -26 -23 -11 -7 -12
right_child=1 2 -4 -5 5 13 8 9 10 16 29 -13 -14 14 -16 -17 -18 19 20 -21 -22 24 -24 -25 25 -27 -28 -29 -30 -31
leaf_value=-0.0089954244423943504 0.06321858947712812 0.060484298969233956 -0.041294561072366946 -0.020896585590628142 0.075603012620680643 -0.01293166308465432 -0.020713460337813416 0.11557833290652242 -0.054732828764038503 -0.037898993521843852 -0.0034002053595538727 0.044934363341896211 0.013643428279895113 0.08427042822010869 -0.019357128260676513 0.065573423612730664 0.037602660022306243 -0.056204080116543091 0.025281060067491153 0.043566538142612944 -0.048420897282031597 0.057425383825672027 -0.039431537563144915 -0.0021362909239552984 0.021283993262670026 0.093523100438638873 -0.032063438436212371 0.045092470889278535 0.11336342205388783 0.029864409983554531
leaf_weight=6.4073485631699167 0.9092438506881616 1.2381639875099293 0.87604792903808615 0.26046475534307312 0.92498077446289106 3.8581904740640911 8.8680332581110761 0.11732828747272205 0.5707951597873685 2.4418549701461201 3.8936836786623266 2.3135047776334714 0.98223962107628671 0.60324839521687146 0.39735138821033078 0.3293712815284312 0.42724229885124154 0.7519210465108811 0.61540802720569276 0.34943835786654842 0.94846931492666031 0.41358697393862986 0.76268077112521826 1.3507255045490678 0.51033830325552065 0.97490128523926867 0.43964047712097454 0.26253129512628826 0.098501992832937701 2.1407689451565046
leaf_count=4349 160 211 480 92 335 2941 3104 49 29 2188 1528 418 426 183 241 107 381 119 64 101 166 176 232 355 35 153 32 60 34 2020
internal_value=-0.00083312 0.00226337 0.0015491 0.0444883 0.00257502 0.0152002 -0.000515186 0.0062336 -0.00644736 -0.0157218 0.00294497 0.0187625 0.0436931 0.00492109 0.0431186 -0.00399628 -0.0206411 0.0115158 0.0169914 -0.0245489 -0.0194181 0.0269984 0.0125106 0.0278127 0.0477628 0.0687013 0.0113147 -0.0298425 -0.00978754 0.00840068
internal_weight=45.038 38.6307 37.4609 1.16971 36.5849 7.19388 29.391 13.9177 15.4733 3.24896 6.60525 10.6688 1.90722 5.28666 1.0006 4.28606 3.13163 8.35527 7.25391 1.10136 1.56388 5.69004 3.35157 2.58889 2.33847 1.48524 0.853227 2.70439 3.95669 6.03445
internal_count=20769 16420 16168 252 15688 4267 11421 4740 6681 2678 3577 2062 761 3506 424 3082 2629 1644 1424 220 230 1194 798 566 396 188 208 2248 2975 3548
cat_boundaries=0 5 9
cat_threshold=373310536 838878338 1661732040 405831684 1 2156920832 209191229 2218786848 3863106832
is_linear=0
shrinkage=0.05


Tree=35
num_leaves=31
num_cat=2
split_feature=22 20 3 9 9 22 0 0 15 13 11 11 14 3 7 13 9 14 15 18 20 2 9 5 11 9 8 7 19 4
split_gain=0.582043 0.861152 0.637165 0.71097 0.78286 0.69516 0.817628 0.815098 0.757852 0.7836 0.6259 0.871853 0.70945 0.611454 0.584392 0.528912 0.69797 0.75005 0.659924 0.747768 0.634646 0.559506 0.559349 0.988836 0.754388 0.555927 0.660389 0.536637 0.522592 0.508235
threshold=0 0.1404052936311001 2471714.2021500007 -5.2021176346199125 -4.1019709784498142 1 0.45501800617480898 0.0062154454948409573 4.5000000000000009 0.10054496317415053 0.10875197396049265 0.10498173901608283 0.38892920496694089 346091.96800000005 0.31500000000000006 0.09995206108603473 3.5732353649723052 0.12563497822931788 3.5000000000000004 20.500000000000004 0.26705426356589151 0.013275818007173259 1.8908731456987684 270896773.89000005 0.12054219109168333 2.4339697564849665 1.2950000000000002 1.2750000000000001 5.5000000000000009 4.3891500000000008
decision_type=9 2 2 2 2 9 2 2 2 2 2 2 2 2 2 2 2 2 2 2 2 2 2 2 2 2 10 2 2 2
left_child=1 13 3 10 -5 7 -7 -6 15 29 11 -2 -12 -1 -3 20 17 -17 19 22 21 27 23 -19 -25 -24 -27 -9 -29 -10
right_child=2 14 -4 4 5 6 -8 8 9 -11 12 -13 -14 -15 -16 16 -18 18 -20 -21 -22 -23 25 24 -26 26 -28 28 -30 -31
leaf_value=0.019637548154194037 0.031665860446023666 0.085345710828600721 -0.02614395398963484 -0.049875120527716831 -0.046210840777012006 -0.026387742945443379 0.01001286918210503 0.09027231316135928 0.064068991458844371 0.041622497362801741 0.04314099147584731 0.16382431027274369 -0.05062671520083737 -0.046652656241133073 0.0093018216093229186 -0.034081043133849694 -0.016930772560256137 0.066472790119285016 0.091089021641707818 -0.056066350554339645 -0.034572391882636354 -0.035602498867632532 0.12469108881225242 -0.019037932231079354 0.061199135260191009 -0.053149405234656014 0.095456054423601777 0.057868795235216576 -0.055443182328597143 -0.036942237206174657
leaf_weight=0.49310661220546648 1.1117761497985761 0.25644831444257121 3.6573561897570093 0.98881193434559023 0.60711440393379668 7.4467966858744505 1.9457795607925028 0.36665442016715755 0.13554656223203343 0.51898389842222892 0.3580229868153551 0.14057277055229689 0.46206896842547712 1.1809800143239197 17.048278375415489 0.33761985256202542 0.6807791947309737 1.0815851180058924 0.61699171666343477 0.21190165626566937 0.80237719768074089 0.2849954012943362 0.35323857085902172 1.0495557095156935 0.40636607903233701 0.12947860799169431 0.17690263429254877 0.22704990067604636 0.18438909050020924 1.5318380919068393
leaf_count=113 396 63 1398 409 91 3622 3295 41 74 70 117 49 209 369 6439 210 315 450 144 186 757 257 107 624 52 67 85 99 74 587
internal_value=-0.00090914 0.00466045 -0.004908 -0.00361779 -0.00649483 -0.00424854 -0.0091283 0.00486675 0.0136261 -0.0120308 0.0242646 0.0465003 -0.00969107 -0.0271267 0.0104288 0.0217443 0.0301566 0.0375027 0.0435057 0.0348937 -0.00100346 0.024333 0.0409225 0.0302596 0.00335724 0.0819418 0.0326545 0.0462859 0.00708729 -0.0287307
internal_weight=44.7934 18.9788 25.8146 22.1572 20.0848 19.0959 9.39258 9.70337 9.09625 2.18637 2.07244 1.25235 0.820092 1.67409 17.3047 6.90989 5.04442 4.36364 4.02602 3.40903 1.86547 1.06309 3.19713 2.53751 1.45592 0.65962 0.306381 0.778093 0.411439 1.66738
internal_count=20769 6984 13785 12387 11616 11207 6917 4290 4199 731 771 445 326 482 6502 3468 2240 1925 1715 1571 1228 471 1385 1126 676 259 152 214 173 661
cat_boundaries=0 4 8
cat_threshold=3758129190 139790596 2152775685 96492568 925824 2215247929 253829120 3792372612
is_linear=0
shrinkage=0.05


Tree=36
num_leaves=31
num_cat=2
split_feature=22 2 15 8 22 0 2 14 1 10 13 0 7 4 13 4 14 8 14 14 11 6 0 1 10 19 7 0 13 4
split_gain=0.586904 0.698256 0.600005 0.557922 0.700867 1.09461 1.07871 0.857995 0.794735 1.62216 1.0665 0.995814 1.18257 0.999155 0.959736 0.729217 0.661856 0.636536 0.631598 0.59342 0.588235 1.16966 0.79903 0.715664 0.597802 0.581883 0.566894 0.55979 0.555325 0.581586
threshold=0 -0.4359122999964522 16.500000000000004 1.3650000000000004 1 0.18697323942318886 -0.056988950182003 0.34299719887955188 0.011264622372419654 0.090508535175698526 0.10078129768662637 0.45501800617480898 1.9150000000000003 20.540600000000005 0.10002367427559612 10.594300000000002 0.22749774977497753 1.4650000000000001 0.47838824728260876 0.11121961805555557 0.11428571428571437 6.3462500000000004 0.25902617575720932 0.01951499537957491 0.07892406147221552 6.5000000000000009 0.90500000000000014 0.84323209579816327 0.1002392358189821 3.8673000000000006
decision_type=9 2 2 8 9 2 2 2 2 2 2 2 2 2 2 2 2 10 2 2 2 8 2 2 2 2 2 2 2 2
left_child=-1 -2 3 4 5 6 7 16 9 15 11 28 13 -13 27 -6 19 18 -5 -3 22 -22 25 -24 -25 -19 -8 -14 29 -11
right_child=1 2 -4 17 8 -7 26 -9 -10 10 -12 12 14 -15 -16 -17 -18 20 -20 -21 21 -23 23 24 -26 -27 -28 -29 -30 -31
leaf_value=-0.0091177525775211956 0.039951430077151594 -0.007443934141542494 -0.040454612688328014 0.06821961210322415 0.12874501902020627 -0.0092517976749081823 0.025258492548116213 0.042945999793672515 -0.023725939201709192 0.037632067493001756 0.058567299281167523 -0.021038039433374844 0.18714259680896839 0.092227779226340886 0.0021237216740432807 0.012985989136707544 -0.023073251791359942 -0.043058181294552855 0.011483939412380219 0.047973257888477276 0.070923313135356159 -0.013442705791325175 -0.014385042722753431 0.033091632797939252 0.17940089762279943 0.064055787667650951 -0.041080611583520166 0.055855558802025668 -0.049276565172388112 -0.017930641685373793
leaf_weight=5.5086902782799489 1.2134256179687657 0.81516176521583394 0.83657391531180891 0.9559377720528851 0.33302052060067244 4.6968959495662785 0.48438572539023739 4.2629384523039562 6.2514151795491371 0.52042026192851576 0.60014955133366399 1.2431293464297102 0.20437926016830091 0.23086273982837036 0.22685300026291666 0.23001107018745126 1.0868500225238187 1.3753858636361052 1.0075527640325148 1.1857760617547217 0.85937677962187498 0.7871231408569499 1.0788926388321938 0.98424137631324649 0.07514615176549766 0.13966452360419612 0.96081532235001765 0.13470942538130534 1.2760679133701547 4.9557817363488059
leaf_count=3701 263 118 512 348 108 3304 71 607 2495 115 249 748 342 113 395 90 159 578 432 148 297 500 1222 867 39 131 444 122 478 1773
internal_value=-0.000882883 0.00208306 0.00141851 0.00236621 -0.000671631 0.00587949 0.0206437 0.0284076 -0.00603175 -0.000979595 -0.00592119 -0.0103231 0.0202914 -0.00329788 0.0817295 0.0814549 0.00833618 0.0147879 0.0391061 0.0253969 0.00577849 0.0305914 -0.00540432 0.0142785 0.0434699 -0.0331839 -0.0188458 0.134986 -0.0195721 -0.0126503
internal_weight=44.5216 39.0129 37.7995 36.9629 29.6996 13.4928 8.79593 7.35073 16.2068 9.95538 9.39235 8.7922 2.03993 1.47399 0.565942 0.563032 3.08779 7.26332 1.96349 2.00094 5.29983 1.6465 3.65333 2.13828 1.05939 1.51505 1.4452 0.339089 6.75227 5.4762
internal_count=20769 17068 16805 16293 11879 4851 1547 1032 7028 4533 4335 4086 1720 861 859 198 425 4414 780 266 3634 797 2837 2128 906 709 515 464 2366 1888
cat_boundaries=0 5 9
cat_threshold=373310536 838878338 1661732040 941654020 1 2156920864 209191229 2151680032 3326235920
is_linear=0
shrinkage=0.05


Tree=37
num_leaves=31
num_cat=2
split_feature=22 2 15 6 6 8 22 0 13 4 14 4 8 1 4 2 6 2 20 20 10 13 1 2 13 7 4 15 13 2
split_gain=0.558355 0.627915 0.557239 0.524835 0.510615 0.503732 0.65969 0.804689 0.879772 0.687622 0.817848 1.04685 0.768391 0.737669 0.683146 0.807756 0.665807 0.651003 0.769356 0.807756 0.945892 0.636045 0.663035 0.616719 0.814037 0.603609 0.987956 0.599955 0.592351 0.669387
threshold=0 -0.4359122999964522 16.500000000000004 12.541400000000001 14.064700000000002 1.3650000000000004 1 0.28862153060245127 0.10044742953235099 8.0384500000000028 0.20728920990566041 8.3259000000000025 0.76500000000000012 0.012050849288673062 4.7125500000000011 -0.27149391263629669 1.1410500000000001 -0.38284738639348564 0.21280737704918035 0.16561181434599156 0.0809025126359042 0.10023310023310018 -0.0001663324259901233 -0.079875316250370518 0.10014749294622595 3.7050000000000005 9.9314000000000018 2.5000000000000004 0.10011755531018808 -0.03275913111053546
decision_type=9 2 2 10 10 8 9 2 2 2 2 2 10 2 2 2 10 2 2 2 2 2 2 2 2 2 2 2 2 2
left_child=3 -2 5 -1 -5 6 7 17 16 12 11 -11 -8 -12 15 27 -9 -3 19 20 -19 22 -21 -13 -25 28 -27 -14 -20 -30
right_child=1 2 -4 4 -6 -7 9 8 -10 10 13 23 14 -15 -16 -17 -18 18 25 21 -22 -23 -24 24 -26 26 -28 -29 29 -31
leaf_value=-0.029308429214369665 0.037815049099090753 -0.031827975093971034 -0.0396466548420846 0.088041894163907342 -0.038249941716825941 0.01404250655689715 -0.048564754680337718 0.14598256691793074 0.052645752559697771 0.2088361350808306 0.0058255766154372808 -0.022149828972198027 0.012512421491477334 -0.028435725118225161 -0.025362295431461148 -0.014693224019154917 -0.025802456490766526 0.052888177099375926 -0.0092680679592063997 0.0029037232934193986 -0.03688083452025448 0.013653882540134192 0.076931932470175449 0.12870941894726037 -0.043207649468051147 0.18405012435439436 0.011302700010413835 0.10168949225796178 0.032927141645245871 -0.043783389254271179
leaf_weight=5.141692264144341 1.2177636568219217 0.68126617295253922 0.81158168188907254 0.19329526061074759 0.13659313095154374 7.2567687978257664 1.9212414527737491 0.05754297072938408 0.45099608721585172 0.091125980943778218 4.8616854109901873 0.3148955486056374 0.4245636485883843 2.3211453207563837 3.2431991949210923 1.1085867502420066 2.8523448577669592 0.5042899893938666 3.5417943759287303 0.36605208585495108 0.7018570712694463 0.88952219077883299 1.7413658876240081 0.22498310977266153 0.099224662684979897 0.12493451492321628 0.24521861172213311 0.33935855758576555 2.129133425944318 0.32822615002302846
leaf_count=3283 263 60 512 122 296 4414 750 55 416 23 2647 90 55 1149 1100 512 2431 42 821 63 112 101 204 250 98 129 189 70 312 200
internal_value=-0.000961332 0.00197117 0.00133509 -0.00897785 0.0357497 0.00223837 -0.000659011 0.00542358 -0.0123343 -0.00613156 -0.000120767 0.0502934 -0.0216041 -0.00524603 -0.0114788 0.0125675 -0.0224054 0.0155463 0.0185991 0.0352029 0.000651582 0.0491084 0.0640735 0.0276877 0.0760937 0.00764223 0.0696086 0.0521277 0.00381884 0.022681
internal_weight=44.3222 38.8507 37.6329 5.47158 0.329888 36.8213 29.5646 14.6145 3.36088 14.95 7.91306 0.730229 7.03695 7.18283 5.11571 1.87251 2.90989 11.2537 10.5724 4.20309 1.20615 2.99694 2.10742 0.639103 0.324208 6.36931 0.370153 0.763922 5.99915 2.45736
internal_count=20769 17068 16805 3701 418 16293 11879 5135 2902 6744 4257 461 2487 3796 1737 637 2486 2233 2173 522 154 368 267 438 348 1651 318 125 1333 512
cat_boundaries=0 5 9
cat_threshold=373310536 838878338 1661732040 941654020 1 2157445152 209191228 2218788896 3326235920
is_linear=0
shrinkage=0.05


Tree=38
num_leaves=31
num_cat=3
split_feature=22 7 9 22 15 4 14 2 2 22 13 4 21 20 2 1 5 14 8 4 9 2 5 0 0 3 3 21 2 8
split_gain=0.5217 0.555185 0.731415 0.909101 1.02978 0.786796 0.694782 0.672623 0.638745 0.840432 0.712942 0.849402 0.735009 0.725336 0.773252 0.633486 0.552416 0.77681 0.739466 0.650091 0.559501 0.780944 0.662373 0.546546 1.45284 0.854776 0.767904 0.947272 0.52971 0.526586
threshold=0 0.8650000000000001 -2.4683830100816868 1 4.5000000000000009 4.3267500000000014 0.20728920990566041 -0.40662764941202961 0.086772545289654737 2 0.10014426565693425 4.9281000000000015 0.19204425711275028 0.14711765775595567 -0.064342968759304994 0.10031670804182648 218292501.69000003 0.52027397260273978 0.47500000000000003 2.8897500000000003 4.3665880200792548 0.035571800592284493 386473506.03000003 0.64279174913559045 0.11263830291909237 1074597.4972000003 823632.68890000007 0.15122927387078333 -0.18562601820925942 0.7350000000000001
decision_type=9 2 2 9 2 2 2 2 2 9 2 2 2 2 2 2 2 2 10 2 2 2 2 2 2 2 2 2 2 10
left_child=-1 23 8 4 5 -4 -5 -6 9 10 12 -12 13 -3 -15 16 18 28 -8 -20 -19 22 -22 24 26 -25 27 -2 -18 -9
right_child=1 2 3 6 7 -7 15 29 -10 -11 11 -13 -14 14 -16 -17 17 20 19 -21 21 -23 -24 25 -26 -27 -28 -29 -30 -31
leaf_value=-0.0088492851971748478 0.048965287866057881 0.011651499702123876 -0.025123985660761513 0.016235567955987677 0.062215637286192699 0.035393042743798182 0.081214734057834498 0.019038169750721548 -0.042449427885761684 -0.010856105619330527 0.069561351294337714 -0.036822389149697668 0.0054417706276727318 0.065688455721270828 0.15989877193610635 0.1081060761339542 0.044498495911838548 -0.023019876372305889 0.077044254149557956 -0.045408458915411176 0.059613731141341469 0.041602014078153587 -0.056823602209908397 -0.015013543296089525 -0.025135102423167657 0.07918807282734576 0.051263300648376975 -0.017223030814126978 -0.0015291878901049494 -0.044041400918803736
leaf_weight=4.9765023687059484 0.861681574868984 0.35289695742536786 0.58407228340669703 2.6327747590291901 0.26289843294973936 6.6769071541083456 0.13314260959268498 0.48133522059146794 1.5882740581286983 2.9261869968518881 0.28154361858502541 0.56249841934154254 0.55945279261922287 0.70440220315203594 0.31529229622334809 0.1089504569891212 0.98517272040994752 5.93232397739754 0.11362734062898816 2.3501969136987659 0.15938754387084986 0.88378109345095812 0.52265627101824041 0.36206522663506835 2.0600704951623392 0.71905882312593916 1.7612297062882563 1.4505837798292407 1.7101971003793233 1.058245191593675
leaf_count=3638 81 15 275 1385 14 3295 31 106 827 1040 58 180 281 148 39 42 99 3590 66 1460 46 494 182 285 638 130 81 223 1361 659
internal_value=-0.000934439 0.00186033 -0.000497918 0.00362497 0.0105204 0.0305251 -0.00436299 -0.0116986 -0.014407 -0.0065963 0.00803956 -0.0013364 0.0537473 0.0734361 0.0948185 -0.0119495 -0.0129721 -0.00772729 -0.0335589 -0.0397612 -0.0160029 0.010582 -0.0296132 0.0148614 0.00908369 0.0476402 0.026389 0.0074425 0.0152942 -0.0243202
internal_weight=44.0774 39.1009 31.8862 24.5957 9.06346 7.26098 15.5322 1.80248 7.29055 5.70227 2.77609 0.844042 1.93204 1.37259 1.01969 12.8994 12.7905 10.1935 2.59697 2.46382 7.49815 1.56582 0.682044 7.21469 6.13357 1.08112 4.0735 2.31227 2.69537 1.53958
internal_count=20769 17131 15693 13105 4349 3570 8756 779 2588 1761 721 238 483 202 187 7371 7329 5772 1557 1526 4312 722 228 1438 1023 415 385 304 1460 765
cat_boundaries=0 5 9 13
cat_threshold=373310536 838878338 1661736136 404783108 1 537010212 2282225928 2224130305 1162043136 2155905155 4270117 5292069 4096
is_linear=0
shrinkage=0.05


Tree=39
num_leaves=31
num_cat=1
split_feature=22 3 0 6 0 1 20 3 5 21 2 7 9 9 17 6 11 6 2 2 0 20 2 0 3 9 7 11 6 9
split_gain=0.502358 0.841603 0.740047 0.672092 0.825251 0.646951 0.604663 0.726377 0.69677 0.514857 0.674872 0.54092 0.520082 0.935362 0.509655 0.496691 0.638367 0.510544 0.652875 0.505732 0.869572 0.685038 0.690181 1.05437 0.639103 0.832542 0.679312 0.623061 0.529173 0.503457
threshold=0 2471714.2021500007 0.80190570976642739 2.4861500000000003 0.44007968960215588 -0.0013306725784060778 0.1404052936311001 517986.23325000011 298374419.61500007 0.15954545454545457 -0.34583762226585762 1.4350000000000003 0.97708504288173137 1.9197806215722204 131.00000000000003 3.7761500000000003 0.11331727176141268 2.9584000000000006 -0.15823260206765841 0.44048092367881181 0.55363910953016282 0.15692901979719945 -0.23787279968382327 0.48407301575575806 317101.35965000006 0.7061593868316508 0.92500000000000016 0.094090057799735158 4.4388000000000014 4.7853625156256694
decision_type=9 2 2 10 2 2 2 2 2 2 2 2 2 2 2 10 2 8 2 2 2 2 2 2 2 2 2 2 8 2
left_child=6 3 -3 5 -5 -2 7 8 -1 10 -8 -12 -13 -14 -7 17 19 18 -11 20 21 -17 28 24 25 -24 -26 -21 -23 -20
right_child=1 2 -4 4 -6 14 9 -9 -10 15 11 12 13 -15 -16 16 -18 -19 29 27 -22 22 23 -25 26 -27 -28 -29 -30 -31
leaf_value=-0.021508449932053784 -0.032909600920084957 -0.043294010803785352 0.015037511325909306 -0.013628420049587382 0.011591357945294554 0.020737958808686202 0.07966929218044054 -0.053407018387637575 0.098171683750841413 -0.02660015708457213 -0.00094474505018081662 0.0085621262798416583 0.12178474376284812 0.026036030393431244 -0.05653902598665797 0.12742199098181836 -0.012462784198107299 -0.039306224495511521 0.011346172226099167 -0.020345527536921926 -0.028966215724654146 0.080960818928606584 -0.033544852955906271 0.16761016090130074 0.060000690486301071 0.12274217943713271 -0.028908995532995019 0.12382637989236828 0.015747927376429702 0.095326135768574058
leaf_weight=0.33932304453751649 0.72331855860571259 2.4663923799211434 0.69751683525395547 14.034857931415784 4.2187528148091991 5.0858233904114618 0.48717176389363803 0.8406042557503085 0.18954984557355004 1.2074345214334055 2.039213373318332 0.99403689163917297 0.38270347922273384 0.76478768113158468 0.22270423335027345 0.16610162316342325 1.8512235286025953 1.0840615472515387 1.3840284397776281 0.10793301754628631 0.81643043683339867 0.71396916293406076 0.14386956074557933 0.096006869074816481 0.25418390083869269 0.20899894379534778 1.3879107277556801 0.24515007108654957 0.55126968762207751 0.20488292563865829
leaf_count=123 318 954 424 5832 5472 1405 149 278 36 291 302 325 92 182 259 36 622 423 626 82 1019 37 181 118 37 91 786 120 102 47
internal_value=-0.0011299 -0.00452849 -0.0304342 -0.00301818 -0.00779965 0.0114516 0.00453405 -0.0245233 0.0213853 0.0101753 0.0239757 0.0174859 0.035036 0.0579695 0.017496 0.00399505 0.0124004 -0.0101778 0.00111437 0.0222105 0.0175276 0.0283043 0.0233989 0.00576131 -0.0020276 0.0590217 -0.0151464 0.0797549 0.0525473 0.022175
internal_weight=43.9102 27.4494 3.16391 24.2855 18.2536 6.03185 16.4608 1.36948 0.528873 15.0914 4.66791 4.18074 2.14153 1.14749 5.30853 10.4235 6.54305 3.88041 2.79635 4.69182 4.33874 3.52231 3.35621 2.09097 1.99496 0.352869 1.64209 0.353083 1.26524 1.58891
internal_count=20769 14664 1378 13286 11304 1982 6105 437 159 5668 1050 901 599 274 1664 4618 3231 1387 964 2609 2407 1388 1352 1213 1095 272 823 202 139 673
cat_boundaries=0 4
cat_threshold=2685435942 135596324 2152775685 96558096
is_linear=0
shrinkage=0.05


Tree=40
num_leaves=31
num_cat=1
split_feature=11 0 9 22 1 4 4 14 10 3 13 21 11 2 6 21 1 1 10 9 9 15 21 1 14 8 13 21 11 8
split_gain=0.470021 0.677129 0.730444 0.638505 0.691866 0.68689 0.723768 0.666539 0.74584 0.571006 0.532128 0.651288 0.502838 1.19907 1.43342 0.698199 0.681716 0.676329 0.674366 0.919625 0.912078 0.561029 0.549939 0.75897 0.484761 0.475595 0.471177 0.545422 0.718698 0.44288
threshold=0.0078456276069104602 0.54705418034786968 0.16522101125359126 0 0.047476471803135752 12.902750000000001 13.538350000000001 0.65730872900684234 0.056000000000000043 2202792.9871500004 0.10080972987149218 0.17883795309168446 0.1137608429367797 -0.39490177065283499 2.7048000000000005 0.20354676710608918 -0.0011788529113974098 0.0058185701798663123 0.089690721649484509 -2.3504991016743855 -1.3098240890277721 1.5000000000000002 0.30860805860805868 0.0096805431183489849 0.25054426705370109 0.66500000000000015 0.10016181272141235 0.15047169811320757 0.080674128909596826 0.85500000000000009
decision_type=2 2 2 9 2 2 2 2 2 2 2 2 2 2 10 2 2 2 2 2 2 2 2 2 2 10 2 2 2 8
left_child=1 2 -1 4 29 7 -7 10 9 -9 12 -12 17 -14 16 -16 -15 -5 21 -20 -21 -19 23 -22 -17 -6 27 28 -23 -2
right_child=3 -3 -4 5 25 6 -8 8 -10 -11 11 -13 13 14 15 24 -18 18 19 20 22 26 -24 -25 -26 -27 -28 -29 -30 -31
leaf_value=0.030859969224611195 -0.0020362327079488855 0.074046920910529598 -0.029433013276709857 -0.029487784005409946 0.03001917893579982 0.051430924989769783 -0.00052966665307801683 0.070051387115553518 -0.035142038421447849 -0.036172389781106172 -0.02943144322834039 0.051732999585358021 0.088068833455563628 0.12932894909815904 -0.0423179311003525 0.09332286785320644 0.014594103943480194 -0.04001844753887817 -0.048183219001499994 0.11579996329288739 -0.027618897512083046 0.11249762159051908 0.10178666594094066 0.082524606322076158 -0.027493587121464186 -0.037739080477125042 -0.038964831377858083 -0.0040661827500705922 -0.012181184468620579 0.016382986264778979
leaf_weight=1.3002122550601267 4.8348633169293755 0.4675296136158783 0.81859902331998968 4.6810352289309556 0.32423535809423509 0.77833740080027158 4.82283136496872 0.31686706469748355 4.5861877651222382 0.21059785055509511 0.36601006562475069 0.76117180397390816 0.4049651842591494 0.24019485590033302 1.416920769878186 0.1813076266318269 0.28083591854417728 1.4190015129130933 0.35413233717069736 0.32117538321384509 0.59127842743179582 0.26809412705258617 0.16476989652665475 0.21265453749212426 0.15316528786960212 1.28659501676329 0.58873826035156795 1.2963642446647896 0.20318539707502437 10.041339509376931
leaf_count=243 1721 302 235 2375 59 388 4429 209 2297 189 105 334 98 119 246 97 58 794 111 57 284 60 85 33 177 592 378 938 64 3692
internal_value=-0.00109098 0.0195836 0.00756588 -0.00239177 0.00437348 -0.00618602 0.00669077 -0.013231 -0.0286662 0.02764 -0.00755455 0.0253779 -0.0104597 0.00880538 -0.00532003 -0.0269797 0.0674868 -0.0155664 -0.00354166 0.0231866 0.042781 -0.0151806 0.0185714 0.00151601 0.0379974 -0.0241004 -0.000223405 0.01268 0.0587441 0.0103966
internal_weight=43.6932 2.58634 2.11881 41.1069 16.487 24.6198 5.60117 19.0187 5.11365 0.527465 13.905 1.12718 12.7778 2.67739 2.27242 1.75139 0.521031 10.1004 5.41939 1.64401 1.28988 3.77538 0.968703 0.803933 0.334473 1.61083 2.35638 1.76764 0.47128 14.8762
internal_count=20769 780 478 19989 6064 13925 4817 9108 2695 398 6413 439 5974 795 697 520 177 5179 2804 570 459 2234 402 317 274 651 1440 1062 124 5413
cat_boundaries=0 4
cat_threshold=2684354564 139725092 2219950341 97342720
is_linear=0
shrinkage=0.05


Tree=41
num_leaves=31
num_cat=1
split_feature=5 22 3 6 5 20 0 21 19 20 11 21 9 2 0 2 17 4 11 1 7 7 7 20 0 10 6 10 1 13
split_gain=0.442303 0.455691 0.721464 0.563086 0.740681 0.77283 0.642624 0.845376 0.531119 0.530018 1.07284 0.824623 0.64404 0.923499 0.597209 0.735546 0.665889 0.68166 0.596677 0.963654 0.735751 1.07375 0.683956 0.646311 0.528296 0.538344 0.527703 0.523998 0.520648 0.520288
threshold=18070915.500000004 0 2471714.2021500007 2.4861500000000003 84147847.000000015 0.21483516483516488 0.44007968960215588 0.11857892763404575 2.5000000000000004 0.26705426356589151 0.10458310026370156 0.21913109756097562 0.61960638061574491 -0.1441579616426242 0.027739501974190794 0.3023781560125029 36.500000000000007 10.708050000000002 0.098081023454157798 0.021931993045546275 2.2450000000000006 2.3950000000000005 0.80500000000000016 0.2096511627906977 0.067983357463341873 0.094898564407969524 4.0607500000000014 0.094247246022031897 0.099727395231088659 0.099699017560705996
decision_type=2 9 2 10 2 2 2 2 2 2 2 2 2 2 2 2 2 2 2 2 2 2 2 2 2 2 8 2 2 2
left_child=-1 8 3 4 5 24 27 -8 -2 18 14 12 13 -12 26 16 17 -16 19 22 -20 -22 -10 -24 -3 -26 -11 29 -18 -5
right_child=1 2 -4 6 -6 -7 7 -9 9 10 11 -13 -14 -15 15 -17 28 -19 20 -21 21 -23 23 -25 25 -27 -28 -29 -30 -31
leaf_value=0.07344361808590287 -0.054812412503548548 -0.026024202988846046 -0.030664636476808421 0.028011818136528824 0.021247215573273394 -0.055050985168872038 -0.053291974508367437 0.016523461054232278 0.16104189774528244 0.068969037209564474 0.063378663578849054 -0.034398313196547174 0.073604180013537371 -0.014559398002623731 0.10785407695147851 0.050577208800564502 -0.048221315240279353 -0.051144896724617028 -0.01903902556853768 -0.0034452630451506914 0.096141339034904738 -0.011580879037977821 0.061303534456163239 -0.024776740107869528 0.075415559978539382 -0.022431128672611367 -0.012570685548603817 -0.021063351725550961 0.051620414019969564 -0.0088491102452076444
leaf_weight=0.19831821263236449 0.33887104354049213 0.55207495586206023 2.6939835034376314 1.1806371228120145 4.2748840850123075 0.76651862604946286 0.48679454350701856 3.9677600667600794 0.12783278259451836 0.47818773589934732 0.79611598689176144 0.33541430919373239 1.3494343270702953 0.72731868819688306 0.1678585438406027 0.36238814086951099 1.4813590188908992 0.11264595504756494 4.2844062104730094 2.1842701024456295 0.37033520411727583 0.61630943648564418 0.84404564735975329 0.29401875034748848 0.4027069759821913 0.215961417497052 0.33915303735077001 8.2780124921414444 0.14319717383583719 5.0608279103430149
leaf_count=82 119 149 1274 473 1176 588 221 5387 42 64 64 590 282 248 214 251 965 192 920 780 43 455 220 187 88 57 52 3419 80 2087
internal_value=-0.0010561 -0.00139784 -0.00446871 -0.00344098 0.00962479 -0.016022 -0.00771875 0.00889402 0.00429303 0.00848633 0.0195454 0.0397888 0.0484503 0.0261694 -0.00150833 -0.0147168 -0.0271373 0.0440027 0.000506283 0.0166714 -0.0100746 0.0288525 0.0513822 0.0390647 0.00953138 0.0412598 0.0351344 -0.0128155 -0.0394207 -0.00187649
internal_weight=43.4316 43.2333 27.8802 25.1862 6.21215 1.93726 18.974 4.45455 15.3532 15.0143 6.29307 3.20828 2.87287 1.52343 3.08479 2.26745 1.90506 0.280504 8.72122 3.45017 5.27105 0.986645 1.2659 1.13806 1.17074 0.618668 0.817341 14.5195 1.62456 6.24147
internal_count=20769 20687 14919 13645 2058 882 11587 5608 5768 5649 3002 1184 594 312 1818 1702 1451 406 2647 1229 1418 498 449 407 294 145 116 5979 1045 2560
cat_boundaries=0 4
cat_threshold=537952262 135465252 2152742917 97017112
is_linear=0
shrinkage=0.05


Tree=42
num_leaves=31
num_cat=2
split_feature=22 2 2 7 2 20 15 5 2 8 0 8 14 5 13 6 18 22 1 16 13 11 13 1 5 14 6 11 7 5
split_gain=0.432839 0.684348 0.543297 0.51061 0.807677 0.675475 0.483024 0.417467 0.460663 0.557434 0.424334 0.400793 0.362048 0.631419 0.487648 0.359715 0.45841 0.437599 0.710081 0.730627 0.703503 0.574862 0.615999 0.53706 0.824855 0.712959 0.454163 0.708633 0.767376 0.557442
threshold=0 0.25331801646563284 -0.4359122999964522 1.5650000000000002 0.30891820247412266 0.33213429256594729 16.500000000000004 4278772139.9550004 0.83517027918069586 0.96500000000000008 0.77832330264176108 5.2400000000000011 0.61921498255076146 170936795.15000004 0.10027933178842564 0.82435000000000003 11.500000000000002 1 -1.0000000180025095e-35 1.5000000000000002 0.099381821495445291 0.10899936628643851 0.099838481563647288 -0.0081799591002044685 549788877.80500019 0.86391694725028068 5.1466500000000002 0.019887607648518432 1.1250000000000002 228188708.57500002
decision_type=9 2 2 2 2 2 2 2 2 10 2 8 2 2 2 8 2 9 2 2 2 2 2 2 2 2 10 2 2 2
left_child=1 -1 12 4 -3 -6 7 8 11 -10 -9 15 13 14 -2 16 -4 18 19 23 -20 22 -22 25 -25 -17 27 -24 -29 -28
right_child=2 3 6 -5 5 -7 -8 10 9 -11 -12 -13 -14 -15 -16 17 -18 -19 20 -21 21 -23 26 24 -26 -27 29 28 -30 -31
leaf_value=-0.036159603265320327 -0.03936306569922092 0.20526869425572786 0.059763727626567037 -0.049968005377859413 -0.042384025068946229 0.14775180337227128 -0.038729565505441529 -0.047733480639944793 -0.0069781202178701377 0.081767172951096131 0.012871439929237703 0.058537891424734326 -0.016884152835242659 0.077467271729966217 0.074878964948196888 -0.032403095551236279 -0.020989965995928499 -0.0035889484087042521 0.058121315709732169 0.05943881135821847 -0.032961118326756599 -0.032525288382918162 0.046683837684962946 0.044087815199067959 -0.032156755396088983 0.076560846119836892 -0.030974980160686533 -0.047239749807810878 0.0067819839069505122 0.037326656328806274
leaf_weight=3.6648351906435281 0.28006500431368353 0.078137178317883693 0.55492490585700505 0.13492355381772714 0.14783372975572925 0.068288472526943395 0.7568649157523798 0.82617687435223475 0.31861184139359955 0.39796202667010427 0.44406250396068658 0.30861667233018053 0.28612253398855703 0.64654866665510768 0.14015706529991234 0.92275405236912478 0.25718832509712874 20.746369042313333 0.51435948273406218 1.1939822956968917 0.98415981489497451 1.30917325282578 0.6275725463061711 1.7063862321196976 0.44782831600972173 0.17928797834460786 0.35212833867308435 1.0050306753428042 1.9003641431502902 1.9698847749874684
leaf_count=2600 107 58 121 261 165 58 512 202 105 132 156 149 101 22 50 261 99 10854 354 344 545 408 139 488 190 55 237 215 835 946
internal_value=-0.0010209 -0.00847152 0.00153484 0.0305725 0.0675019 0.0176935 0.000811127 0.00162069 0.00262301 0.0423082 -0.0265466 0.00181005 0.0330595 0.0464551 -0.00125981 0.0013051 0.0341898 0.000516361 0.00553071 0.0259818 0.00140896 -0.00217098 0.00363955 0.0137141 0.0282377 -0.0146761 0.00979173 -0.0014978 -0.0119051 0.0269689
internal_weight=43.1706 4.09402 39.0766 0.429183 0.294259 0.216122 37.7237 36.9668 35.6966 0.716574 1.27024 34.98 1.35289 1.06677 0.420222 34.6714 0.812113 33.8593 13.1129 4.45024 8.66267 8.14831 6.83914 3.25626 2.15421 1.10204 5.85498 3.53297 2.90539 2.32201
internal_count=20769 3142 17627 542 281 223 17347 16835 16477 237 358 16240 280 179 157 16091 220 15871 5017 1338 3679 3325 2917 994 678 316 2372 1189 1050 1183
cat_boundaries=0 5 9
cat_threshold=104858696 838911106 1661732040 404783108 1 2684362788 2282750244 2295447557 88169752
is_linear=0
shrinkage=0.05


Tree=43
num_leaves=31
num_cat=2
split_feature=5 22 3 6 5 20 21 0 3 9 20 19 9 22 3 9 13 8 11 21 20 7 3 6 6 11 21 10 2 0
split_gain=0.39502 0.394602 0.587344 0.540535 0.673735 0.754607 0.585303 0.608777 0.556807 0.543722 0.625628 0.520597 0.494304 0.481602 0.709141 0.788409 0.658889 0.64593 1.0489 0.694125 0.639837 0.540164 0.481828 0.527831 1.04709 0.807498 0.480532 0.456395 0.688647 0.641392
threshold=18070915.500000004 0 2471714.2021500007 2.4861500000000003 84147847.000000015 0.21483516483516488 0.10102040816326532 0.44007968960215588 218203.00330000001 -8.8370741197684328 0.14449845338046843 2.5000000000000004 -3.7234885371449304 1 262600.70430000004 -1.711665835394077 0.10080972987149218 0.72500000000000009 0.11195511488140743 0.13777285669092063 0.26705426356589151 1.3050000000000004 1074597.4972000003 5.9078000000000008 6.2517500000000004 0.094359833354808173 0.15524256651017218 0.10191404166157846 -0.34583762226585762 0.69972894891222681
decision_type=2 9 2 10 2 2 2 2 2 2 2 2 2 9 2 2 2 8 2 2 2 2 2 8 8 2 2 2 2 2
left_child=-1 11 3 4 5 -3 -5 8 -8 -10 -11 -2 -9 16 15 -15 17 18 19 -12 21 -21 23 -19 -25 -26 27 28 -13 -30
right_child=1 2 -4 6 -6 -7 7 12 9 10 13 26 -14 14 -16 -17 -18 22 -20 20 -22 -23 -24 24 25 -27 -28 -29 29 -31
leaf_value=0.070966983808577883 -0.056231520945113078 0.012326147898737944 -0.028468410728216105 -0.039679360757223246 0.020117235343128061 -0.054773695059258914 -0.050093424079419691 -0.056884220443325834 0.061151128496371443 -0.051274204968808294 0.16719270149901422 0.076554648933561689 0.016273724154886687 0.12523040025786655 -0.030617013769382452 -0.013193506658695751 0.058666865060686968 -0.011598648279601246 -0.055510666570990824 0.12812689694397769 -0.051745975014835049 0.022621193682837812 -0.04938460504448474 0.10659197411587898 0.05953259729037598 -0.03759513195042713 0.0019525924461277098 0.04434661150548095 -0.0089264938615214659 0.054760464249488272
leaf_weight=0.18968759717478079 0.32600156093386701 0.95695711256109883 2.5991197263076691 1.3297173138744955 4.2943026230275532 0.74535903518392133 0.83140793837350813 0.24597875646669098 0.27937868292758317 0.83012772261021162 0.14867467109428167 0.34962434187529323 3.7648041971430564 0.15688104434096323 5.1380796286361434 0.29875833531065227 0.70454822544420803 1.9939219108149959 0.21180430360441116 0.23288368364848849 0.12991615125882305 0.25322666237675368 0.48208295935212442 0.32766527857083089 0.36116974488693931 0.5251216638060302 11.009813683299805 1.456038985495556 2.2877973318571128 0.47791662901866772
leaf_count=82 113 277 1266 354 1152 549 887 207 101 197 34 75 5138 69 2485 152 89 555 59 45 199 108 203 48 146 300 5049 235 477 118
internal_value=-0.0010274 -0.00134685 -0.00428392 -0.00345813 0.00956523 -0.0170535 -0.00773828 -0.00522755 -0.0105153 -0.00779001 -0.00942298 0.00386961 0.011787 -0.00625447 -0.0090811 0.0344672 0.00475111 0.00679225 0.0429534 0.0702256 0.0468232 0.0731664 -0.00277738 0.00422679 0.0302201 0.00198507 0.00761061 0.0212375 0.0104368 0.00207864
internal_weight=42.9388 42.7491 26.8419 24.2428 5.99662 1.70232 18.2461 16.9164 12.9056 12.0742 11.7949 15.9072 4.01078 10.9647 5.59372 0.455639 5.37102 4.66647 0.976505 0.764701 0.616026 0.48611 3.68996 3.20788 1.21396 0.886291 15.5812 4.57138 3.11534 2.76571
internal_count=20769 20687 14620 13354 1978 826 11376 11022 5677 4790 4689 6067 5345 4492 2706 221 1786 1697 445 386 352 153 1252 1049 494 446 5954 905 670 595
cat_boundaries=0 4 8
cat_threshold=1611661318 135465252 2152742917 97082648 2148188832 525321 50626592 3221357056
is_linear=0
shrinkage=0.05


Tree=44
num_leaves=31
num_cat=2
split_feature=7 22 22 0 17 2 9 20 4 10 13 21 0 3 4 8 13 2 3 7 8 3 17 2 2 13 8 17 11 11
split_gain=0.373848 1.01621 0.864938 0.841653 0.746274 0.71704 0.58961 0.586203 0.497804 0.483195 0.48238 0.51332 1.33509 0.881141 0.64334 0.529561 0.51066 0.689469 0.46313 0.629053 0.448909 0.441346 0.454806 0.43886 0.795427 0.542075 0.468436 0.609373 0.445367 0.44477
threshold=1.0150000000000003 0 1 0.69972894891222681 50.500000000000007 -0.25644304332450674 -2.2506010134247183 0.26953601953601958 5.4689500000000004 0.10438061899439773 0.1009091660467807 0.13284313725490199 0.35696397376461625 1120258.4982000003 5.7351500000000009 1.1250000000000002 0.099745057959098729 -0.20685054404085471 532054.1181000002 1.2550000000000001 0.82500000000000007 11058562.517900003 87.500000000000014 -0.059899321773355767 -0.16489996255282727 0.10000002588235414 0.8650000000000001 87.500000000000014 0.11585786375105135 0.019887607648518432
decision_type=2 9 9 2 2 2 2 2 2 2 2 2 2 2 2 10 2 2 2 2 8 2 2 2 2 2 10 2 2 2
left_child=2 6 23 -4 5 -3 7 -2 -9 20 11 12 13 15 18 -8 17 -16 19 -13 -10 22 -5 24 28 26 -25 -28 -1 -27
right_child=1 4 3 21 -6 -7 10 8 9 -11 -12 14 -14 -15 16 -17 -18 -19 -20 -21 -22 -23 -24 25 -26 29 27 -29 -30 -31
leaf_value=0.014944288144498719 -0.027696759075792495 0.048753069213915944 -0.025871344899897033 0.03550605627837429 -0.017219048642648532 -0.0046022115337828488 -0.015119523373544393 0.070834718205093586 0.043793105883366892 0.05342434502639698 0.065416691669333948 0.099323197102243299 -0.030534413672908968 0.13181059688943528 -0.058575837702716863 0.072802308856219439 0.010576425314857973 0.075646541419531116 -0.049513751953751059 -0.01885675113511449 -0.05312748193009198 0.1110475075105315 -0.049178674233217458 -0.0033560107268038215 0.079032421804978492 0.047021086979594805 0.008170062681691544 0.093159916746008042 0.076852448679824659 -0.031081996839523632
leaf_weight=1.6095468975765741 1.6462534269333025 0.8356592214443882 4.8316881420098001 0.57442754284788966 16.410468571633103 2.5548200678645889 0.28360382681482821 0.32726315247820437 0.16454783537151102 0.27521587725590102 0.50248968559970997 0.14841925627092606 0.46174960841861978 0.38455171073889716 0.11286052213113629 0.43235027336349741 4.7313678376795298 0.62837745477078377 0.71498267974738727 0.46656907428115929 0.43613057795648463 0.13145425475346117 0.21898862033869282 0.46639095987329993 1.1125320535775438 0.24202730067067912 0.35481216778421754 0.52000508384984057 0.35449425913399535 0.73838833893423361
leaf_count=259 500 334 1107 269 7667 4570 89 105 85 71 188 38 185 33 33 41 2811 607 386 200 196 13 78 198 115 96 139 49 36 271
internal_value=-0.000994983 -0.00377916 0.00687168 -0.00639597 -0.00850945 0.00854839 0.00619242 -0.00830892 0.018219 -0.00143993 0.0178357 0.0149774 0.0408236 0.0707639 0.00904167 0.0379747 0.0166218 0.0552099 -0.0221493 0.00966441 -0.0265774 0.0261915 0.0121325 0.0115228 0.0452527 0.016457 0.0371137 0.0586894 0.0261182 -0.0118013
internal_weight=42.6724 31.5177 11.1548 5.75656 19.8009 3.39048 11.7167 2.84941 1.20316 0.875894 8.86732 8.36483 1.56226 1.10051 6.80258 0.715954 5.47261 0.741238 1.32997 0.614988 0.600678 0.92487 0.793416 5.3982 3.07657 2.32162 1.34121 0.874817 1.96404 0.980416
internal_count=20769 18139 2630 1467 12571 4904 5568 957 457 352 4611 4423 348 163 4075 130 3451 640 624 238 281 360 347 1163 410 753 386 188 295 367
cat_boundaries=0 4 8
cat_threshold=2693439493 526612 76644613 1094868736 1343488162 208872480 2151688224 579862552
is_linear=0
shrinkage=0.05


Tree=45
num_leaves=31
num_cat=3
split_feature=22 6 6 20 8 22 6 11 13 22 20 19 20 7 5 3 11 2 4 11 6 6 2 13 1 2 19 9 9 3
split_gain=0.361252 0.542176 0.519139 0.50693 0.470533 1.01112 1.31615 0.767515 0.64446 0.62964 0.750675 0.881744 0.804197 0.776284 0.76058 0.615657 0.613367 0.582891 0.776071 0.564123 0.55927 0.677358 0.55045 0.573603 0.718595 0.691673 0.565447 0.545511 0.747524 0.529414
threshold=0 12.541400000000001 13.861200000000002 0.23483455882352944 0.87500000000000011 1 3.4404500000000007 0.11354659669856206 0.10015107647935308 2 0.32779310344827589 5.5000000000000009 0.31438415159345395 1.9850000000000001 503277086.50000006 1304578.7588500001 0.091275506232506534 0.10643289938749968 8.718300000000001 0.095819780030306417 1.9949500000000002 1.9547500000000002 0.83517027918069586 0.10015107647935308 0.003391473664319689 -0.28209439348842857 3.5000000000000004 1.2914257489031635 3.629947293933911 331806.55390000006
decision_type=9 8 10 2 8 9 8 2 2 9 2 2 2 2 2 2 2 2 2 2 10 10 2 2 2 2 2 2 2 2
left_child=1 -1 3 -3 5 6 29 8 17 10 12 16 14 -13 -6 -16 -12 18 -8 -11 21 -7 23 -21 25 -25 -27 -28 -29 -2
right_child=4 2 -4 -5 9 20 7 -9 -10 19 11 13 -14 -15 15 -17 -18 -19 -20 22 -22 -23 -24 24 -26 26 27 28 -30 -31
leaf_value=-0.024503459254509277 0.058356410510016846 -0.0017477493227066978 -0.02545163167959957 0.16155394388391703 0.031002385342314372 -0.012268380315655848 0.042043162375860123 -0.0026698886102922183 0.0072788264505785341 0.0078080131268071567 -0.056032852037919759 0.083063839614507973 0.078924863045978955 -0.04593279152453017 -0.029881631209977933 0.015347293219100914 -0.0019848550169616866 0.01161066233752938 0.1094181577400568 -0.02953843690298448 -0.030959567529052431 0.077576927173742496 0.06624171035022558 -0.056466002720602253 -0.048522441835641611 0.08747973378864228 -0.031636860693504722 0.09028741816842735 -0.055222952631243806 -0.023074337308355571
leaf_weight=5.2117686821349603 0.22805980866766495 0.081099282676857162 0.17009458638413597 0.11478769134722226 5.8989056930244796 1.2025591717742223 0.80347100394718562 0.83839180295183036 0.62370099244752308 3.6501396863167752 0.69706723921166913 0.46297439988927747 0.6158350292909639 0.15590163556085079 1.0739298726900846 2.5130115592255029 2.1256969551108083 0.4112728284439563 0.91317606370907745 4.30301080567068 6.3247053898825216 0.25411028252298318 0.19350149397595995 0.23821049105002479 0.4964677463014936 0.37707952653402754 0.36802097915432513 0.32390159712063732 0.12132305255136067 1.5994189882267447
leaf_count=4003 102 29 400 104 2349 327 153 224 404 2169 250 282 232 415 594 690 575 297 383 2047 3173 17 58 92 304 88 337 180 106 385
internal_value=-0.000961605 -0.00729456 0.0384541 0.0939453 0.00155657 -0.00558171 0.00760035 0.039213 0.0519743 0.00620543 0.00959846 -0.0034816 0.0235567 0.0505682 0.0199621 0.00180576 -0.0153317 0.0650747 0.0778835 -0.00395774 -0.0107332 0.00340478 -0.0168089 -0.0193893 0.00329744 0.0213067 0.0368708 0.0134048 0.0506361 -0.0129122
internal_weight=42.3916 5.57775 0.365982 0.195887 36.8138 13.1989 5.41749 3.59001 2.75162 23.615 13.5433 3.44164 10.1017 0.618876 9.48585 3.58694 2.82276 2.12792 1.71665 10.0717 7.78137 1.45667 6.42152 6.22801 1.925 1.42854 1.19033 0.813246 0.445225 1.82748
internal_count=20769 4536 533 133 16233 5465 1948 1461 1237 10768 5387 1522 3865 697 3633 1284 825 833 536 5381 3517 344 3212 3154 1107 803 711 623 286 487
cat_boundaries=0 5 9 13
cat_threshold=105120840 838911106 1661736168 402685956 1 2147516579 2215903276 2156988416 2714195217 1620197380 141240577 71360773 1175980040
is_linear=0
shrinkage=0.05


Tree=46
num_leaves=31
num_cat=2
split_feature=22 2 2 7 2 20 15 5 0 2 19 8 17 2 14 5 13 6 6 18 22 1 16 10 17 8 13 2 11 3
split_gain=0.370532 0.664329 0.487211 0.437817 0.646514 0.539893 0.424858 0.371762 0.387837 0.375707 0.439174 0.361841 0.361122 0.353717 0.336161 0.573066 0.42446 0.315834 0.291049 0.401337 0.363106 0.623718 1.01231 0.606791 0.841963 0.557915 0.529071 0.828833 0.713099 0.608645
threshold=0 0.25331801646563284 -0.4359122999964522 1.5650000000000002 0.3023781560125029 0.33213429256594729 16.500000000000004 4278772139.9550004 0.77832330264176108 0.83517027918069586 4.5000000000000009 5.2400000000000011 62.500000000000007 -0.39490177065283499 0.61921498255076146 170936795.15000004 0.10027933178842564 10.620600000000001 0.82435000000000003 11.500000000000002 1 -1.0000000180025095e-35 1.5000000000000002 0.10152284263959389 65.500000000000014 0.93500000000000016 0.10001661423892995 0.42803859228979996 0.099483089210245179 937060.13690000016
decision_type=9 2 2 2 2 2 2 2 2 2 2 8 2 2 2 2 2 8 8 2 9 2 2 2 2 8 2 2 2 2
left_child=1 -1 14 4 -3 -6 7 9 -9 11 -11 18 -12 -8 15 16 -2 -10 19 -4 21 22 23 24 -20 -24 27 28 29 -23
right_child=2 3 6 -5 5 -7 13 8 17 10 12 -13 -14 -15 -16 -17 -18 -19 20 -21 -22 26 25 -25 -26 -27 -28 -29 -30 -31
leaf_value=-0.036581507225060365 -0.037963955839790259 0.18186158015463472 0.055632504320017623 -0.049067717605752445 -0.041120195339666932 0.12492730351940118 0.046719335342616013 -0.04697624151518049 0.047069802614591399 0.069709803345139112 0.063482630182067928 0.056216606783034154 -0.052470743644496012 -0.052099287851045645 -0.01736520016362551 0.074345108029978416 0.071718751689319307 -0.0378689845080026 -0.0061615380988835631 -0.021052620071815433 -0.0030847144733242211 0.026649114385184525 0.13938304360003309 0.0024113360601660601 0.16745081241792723 0.04969698605176566 0.014136640070921434 0.1038074415969978 -0.042336168936630281 -0.030027010248585985
leaf_weight=3.3235761185865131 0.26922718342807084 0.082578859716420538 0.53699574488271751 0.12340056573260799 0.13927161629121132 0.07548658877978548 0.10637329141515739 0.7759238439436551 0.26060358899316022 0.43646875947362235 0.10627048339894812 0.30167317396266113 0.18239064462111498 0.60900595375962918 0.27504692088360894 0.6353243669244808 0.13118695775822409 0.18868035339295214 0.1402782018940546 0.25007448964241186 21.796123416894794 1.1434113793178535 0.21936606962555996 2.4034489646423869 0.13906621574873235 0.8276061982387366 4.1466542825817285 0.14825129615561339 1.540167225754981 0.80875800796193664
leaf_count=2610 108 54 121 258 169 59 34 202 98 77 65 149 94 478 102 22 49 58 78 100 11521 645 62 718 45 235 1527 99 551 381
internal_value=-0.000934287 -0.00792437 0.00143784 0.0301052 0.0629635 0.0172448 0.000753103 0.00150403 -0.02557 0.00244835 0.0380653 0.00169761 -0.00978255 -0.0374055 0.0317708 0.0448191 -0.00202881 0.0113991 0.0012153 0.0312675 0.000505276 0.00534063 0.0267908 0.0105181 0.080268 0.0684884 0.00192506 -0.011984 -0.0168994 0.00316894
internal_weight=42.1227 3.74431 38.3784 0.420738 0.297337 0.214758 37.0676 36.3522 1.22521 35.127 0.72513 34.4019 0.288661 0.715379 1.31079 1.03574 0.400414 0.449284 34.1002 0.78707 33.3131 11.517 3.72977 2.68279 0.279344 1.04697 7.78724 3.64059 3.49234 1.95217
internal_count=20769 3150 17619 540 282 228 17338 16826 358 16468 236 16232 159 512 281 179 157 156 16083 221 15862 4341 1138 841 123 297 3203 1676 1577 1026
cat_boundaries=0 5 9
cat_threshold=239076424 838911170 1661736136 402685956 1 2684362756 2282750244 147972101 2235653400
is_linear=0
shrinkage=0.05


Tree=47
num_leaves=31
num_cat=2
split_feature=5 22 3 8 9 9 3 22 2 1 2 1 3 2 20 3 11 21 1 19 1 4 9 0 0 11 15 2 2 16
split_gain=0.334672 0.324642 0.546898 0.484202 0.548016 0.656761 0.476349 0.504981 0.664135 0.629542 0.621107 0.751685 0.550666 0.533711 0.59608 0.528599 0.51496 0.582317 0.502009 0.482458 0.470022 0.502928 0.465919 0.599624 0.552165 0.56745 0.667347 0.883609 0.640779 0.55211
threshold=18070915.500000004 0 2471714.2021500007 1.2650000000000003 -5.9884222399150753 -5.2021176346199125 218203.00330000001 1 -0.41893116896806148 0.0076335877862595556 0.18974244066918713 0.008435260884724018 1104760.7632000002 0.30891820247412266 0.3273531777956557 239319.85905000003 0.11403508771929821 0.20354676710608918 0.036447533689566332 6.5000000000000009 -0.013246940519425097 23.639100000000003 -5.5724071048783346 0.01735965823870304 0.007502810257772074 0.10714285714285729 4.5000000000000009 -0.18884610257853343 0.13410863195853065 1.5000000000000002
decision_type=2 9 2 10 2 2 2 9 2 2 2 2 2 2 2 2 2 2 2 2 2 2 2 2 2 2 2 2 2 2
left_child=-1 3 6 4 -2 -6 -3 8 -8 -9 11 -11 19 -12 -15 -10 22 -18 -14 -13 -19 -22 23 -17 -24 29 27 -27 -29 -26
right_child=1 2 -4 -5 5 -7 7 9 15 10 13 12 18 14 -16 16 17 20 -20 -21 21 -23 24 -25 25 26 -28 28 -30 -31
leaf_value=0.067983224166094258 -0.039647736947580225 -0.037629606718328747 -0.026964012160107464 0.020075244454625978 0.061554336494283282 0.00079497734546624772 0.054125911089658467 -0.02854435379493557 0.055044861313429443 0.081088356939422235 0.075982470070393854 -0.038039095851388434 -0.022359504635468229 -0.042249353460183055 0.074118236250816691 0.095942020784034715 -0.03497688224319296 0.062580983112219643 0.059384486243455915 0.030345290445251832 -0.039410965682691868 0.12681890848848024 -0.042765935992590792 -0.0058071555098410717 0.0095266696737849287 -0.0074969951720145469 -0.016977734324392077 0.10243635861723399 -0.0092217919478849077 -0.025736642448536847
leaf_weight=0.17539650221487946 0.79769817176186997 0.95568073991503766 2.691205396339643 4.1911944793701279 0.46281484000151252 11.397914466312702 0.72331582166290864 4.3258518533664834 0.5013633782079151 0.20586165702974524 0.42640061978384963 2.0586759915586033 0.36520679503664988 0.30952436656861776 0.17075879837951558 0.32820768993648652 1.6213619451481103 0.3332149962900538 0.38668353188091231 0.29486192265205691 0.34918526182915044 0.052319299316822221 0.56469893814363548 0.25910686604244748 4.7938991647874714 0.41146819549796942 0.47287199894379428 0.69337793574642903 0.15771552221183827 1.4444386141233323
leaf_count=82 137 1627 1310 2047 62 3931 76 3029 216 70 248 936 186 199 94 41 331 159 137 457 374 57 139 126 2643 84 202 359 199 1211
internal_value=-0.000938934 -0.00122851 -0.0040504 0.0033543 0.000467864 0.00316585 -0.00309745 -0.00154446 0.00425219 -0.0069766 -0.00139741 -0.0114373 -0.017571 0.0352693 -0.000876282 0.00479023 0.00259583 -0.0182438 0.0196799 -0.0294716 0.0186823 -0.0177499 0.00797618 0.0510531 0.00501315 0.00839684 0.0336859 0.0526611 0.0817451 0.00136172
internal_weight=41.9223 41.7469 24.8973 16.8496 12.6584 11.8607 22.2061 21.2504 12.7065 8.54383 4.21797 3.31129 3.10543 0.906684 0.480283 11.9832 11.4819 2.35608 0.75189 2.35354 0.73472 0.401505 9.12578 0.587315 8.53847 7.97377 1.73543 1.26256 0.851093 6.23834
internal_count=20769 20687 14510 6177 4130 3993 13200 11573 6217 5356 2327 1786 1716 541 293 6141 5925 921 323 1393 590 431 5004 167 4837 4698 844 642 558 3854
cat_boundaries=0 4 8
cat_threshold=1610612742 135596324 72409093 97082392 2156814465 2152334489 2306932768 3792830848
is_linear=0
shrinkage=0.05


Tree=48
num_leaves=31
num_cat=2
split_feature=5 17 2 13 3 0 2 22 8 22 0 2 21 21 8 11 11 1 11 14 13 0 6 0 9 17 0 5 14 2
split_gain=0.312771 0.304863 0.590931 0.510532 0.358733 0.752834 0.654918 0.499867 0.676026 0.647049 0.627983 0.606234 0.519184 0.519085 0.69226 0.992006 1.47486 0.772802 0.585437 0.870431 0.503323 0.626491 0.497284 0.524048 0.51158 0.488272 0.85387 0.548377 0.546608 0.650956
threshold=18070915.500000004 35.500000000000007 -0.23787279968382327 0.10006190672983385 5295759.4477000004 0.77832330264176108 0.13410863195853065 0 0.87500000000000011 1 0.057804038142234039 -0.32973409883607008 0.14907407407407411 0.15524256651017218 0.79500000000000015 0.10991798592357931 0.096709030782701835 -0.0097890690060347101 0.091959154351395844 0.52730823863636378 0.099337748344370827 0.043001149864958489 2.2428000000000003 0.18293125452165812 -9.8793294869228152 110.50000000000001 0.0015915129145487189 510061927.22000009 0.81827059659090928 -0.31583538537984068
decision_type=2 2 2 2 2 2 2 9 8 9 2 2 2 2 8 2 2 2 2 2 2 2 10 2 2 2 2 2 2 2
left_child=-1 2 -2 -4 7 -6 -7 13 10 25 11 -9 -12 14 15 16 -3 -16 19 -19 21 -15 23 -14 -24 27 -27 -10 29 -28
right_child=1 4 3 -5 5 6 -8 8 9 -11 12 -13 22 20 17 -17 -18 18 -20 -21 -22 -23 24 -25 -26 26 28 -29 -30 -31
leaf_value=0.06685830025067642 0.060330421064742693 0.030783208186493667 -0.035723415047190087 0.035100661354667474 -0.045004280948278755 0.098206516867605523 -0.010046722004552843 0.00042710519013070751 0.016157887297690882 -0.0075779516298617447 -0.043323563588125946 -0.046412859800720102 0.053403548340622553 -0.062219963566811358 0.077026618977440939 -0.012533461509681616 0.17194830762210295 -0.025350237654333592 -0.01459434813061735 0.073261503266792191 -0.00071397824096482675 0.084310862523836322 0.10971468830736178 -0.03624925233135648 -0.01102528600402208 0.18351215010976846 0.16489531263991342 -0.010252362632267918 0.09563512123735371 -0.00088507864847428813
leaf_weight=0.16957781717864051 0.58336924826386893 0.44573129593397759 0.54626829817688427 0.47631331901403962 1.3136823820752379 0.19029097956291607 0.52568385160073694 0.94880745621740326 6.1291980654956744 5.7534743882634283 0.82229800847770995 2.5402648544354642 0.70720991638812913 0.09200654930597274 0.39329149411086195 0.34770605042298508 0.3163447275027737 0.37077579686093642 1.8011777633690869 0.56443899364636019 8.1092970736355419 0.35209682201182779 0.08983095252780815 0.21181837180103213 3.7524221446145249 0.097157718671576743 0.063774612340715686 2.8933410480367607 0.24246386648586427 0.82806297048314481
leaf_count=82 365 81 1685 1399 405 71 219 61 2183 3200 344 460 83 43 55 38 49 67 387 72 4176 261 4 219 2616 52 149 1199 126 618
internal_value=-0.000907993 -0.00118484 0.0201745 -0.00273392 -0.00204449 -0.0225235 0.0187247 -0.000946995 -0.00438294 4.95494e-05 -0.0170344 -0.0336753 -0.00663577 0.00517216 0.0235212 0.0574509 0.0893821 0.0114898 0.00207038 0.0341658 0.00212443 0.0539535 -0.000299602 0.0327403 -0.00820241 0.00593326 0.0412526 0.00768867 0.0290675 0.0109697
internal_weight=41.6782 41.5086 1.60595 1.02258 39.9026 2.02966 0.715975 37.873 25.0801 16.0075 9.07265 3.48907 5.58358 12.7929 4.23947 1.10978 0.762076 3.12968 2.73639 0.935215 8.5534 0.444103 4.76128 0.919028 3.84225 10.254 1.23146 9.02254 1.1343 0.891838
internal_count=20769 20687 3449 3084 17238 695 290 16543 11314 7527 3787 521 3266 5229 749 168 130 581 526 139 4480 304 2922 302 2620 4327 945 3382 893 767
cat_boundaries=0 4 8
cat_threshold=2685411461 135596332 1122597 29381912 1355465248 6951936 241745920 1177553536
is_linear=0
shrinkage=0.05


Tree=49
num_leaves=31
num_cat=2
split_feature=5 22 3 1 20 0 19 11 3 3 5 14 22 15 10 3 7 5 5 20 8 21 1 1 0 8 14 9 1 9
split_gain=0.293395 0.287644 0.892773 0.663345 0.719656 0.584723 0.559539 0.87169 0.737215 0.558134 0.569596 0.681032 0.612458 0.586384 0.982204 0.582738 0.761753 0.623028 0.738145 0.63952 0.708393 0.572028 0.635755 0.550669 0.451562 0.447583 0.417171 0.41339 0.41285 0.566438
threshold=18070915.500000004 0 2471714.2021500007 0.0058185701798663123 0.1404052936311001 0.85306918320502056 4.5000000000000009 0.10862068965517244 1304578.7588500001 2256560.5991000007 2529370751.7450004 0.65097822074566281 1 1.5000000000000002 0.099971230764608704 843116.85540000012 1.7750000000000001 248303151.00000003 161125363.00000003 0.3273531777956557 1.0750000000000004 0.21627687219466105 -0.00064641268122123108 -0.016276457873976354 0.69972894891222681 0.62500000000000011 0.95861872146118732 7.405579320682965 0.01662091198575311 2.7204422000989941
decision_type=2 9 2 2 2 2 2 2 2 2 2 2 9 2 2 2 2 2 2 2 10 2 2 2 2 10 2 2 2 2
left_child=-1 28 3 4 -3 27 8 25 -5 10 11 12 13 14 -6 17 -17 18 21 20 -20 -15 -23 -14 -13 -8 -27 -4 -2 -30
right_child=1 2 5 6 9 -7 7 -9 -10 -11 -12 24 23 15 -16 16 -18 -19 19 -21 -22 22 -24 -25 -26 26 -28 -29 29 -31
leaf_value=0.065819076984394584 0.010268931403534208 -0.05486017241991447 -0.049957154718640824 -0.013913606143236508 -0.024481924175222245 0.019498703240884267 0.047302745049620259 0.071395425628510076 0.026274956914398143 0.066032735442863533 0.10990357793505393 -0.043703707851526982 0.04954626787422331 -0.047020347075770137 0.074279037384904587 -0.022366889922843622 0.14085665461879754 -0.049439201391983802 -0.047987889807344482 0.10339779816318234 0.089274596742546841 -0.055532716632101436 0.085098657378602338 -0.031924030784414879 0.016064094246809681 0.0007933342756996746 0.11050644463340718 0.042103069008075519 0.0013454543155236964 -0.041851027653709211
leaf_weight=0.16378931158454335 11.495210989309259 0.84928277470651359 1.9817231346687056 4.4718288437624611 0.33112790434340955 0.43286628178764575 0.69713483726425529 0.68505238518137801 1.532063399367108 0.25507284568119182 0.10004710100576808 1.9298259825459081 0.21863944395468937 0.5458409323350214 1.050200740175653 0.11955306414256328 0.17776788050981207 0.48238613535351604 0.22605688836836241 0.33568473705921337 0.16089954205332802 0.12501926502325433 0.22499703315198116 4.0387236486941243 0.37791296555122134 3.4935819565958273 0.088847288226641452 0.1299382451724288 3.8238315627167969 0.94683999276142916
leaf_count=82 4052 211 953 1798 296 333 355 271 300 80 48 1567 111 186 369 80 91 303 101 53 72 79 96 2870 559 3458 80 22 1248 645
internal_value=-0.000968298 -0.00123299 -0.00383659 -0.00219512 -0.0105585 -0.0334404 0.00661087 0.0190298 -0.00365835 -0.00704207 -0.00882665 -0.00997494 -0.00310037 0.00676236 0.0506044 0.00970765 0.0752243 0.000435617 0.0153006 0.0528967 0.00908694 -0.0150262 0.0348678 -0.00828341 -0.0339162 0.0106474 0.00351431 -0.0442924 0.00318139 -0.0072278
internal_weight=41.4917 41.328 25.0621 22.5175 11.549 2.54453 10.9685 4.96462 6.00389 10.6998 10.4447 10.3446 8.0369 3.77953 1.38133 2.39821 0.297321 2.10088 1.6185 0.722641 0.386956 0.895857 0.350016 4.25736 2.30774 4.27956 3.58243 2.11166 16.2659 4.77067
internal_count=20769 20687 14742 13434 7172 1308 6262 4164 2098 6961 6881 6833 4707 1726 665 1061 171 890 587 226 173 361 175 2981 2126 3893 3538 975 5945 1893
cat_boundaries=0 4 8
cat_threshold=537952262 135596324 2219876357 29973520 8544385 2160201753 16859392 2754741120
is_linear=0
shrinkage=0.05


end of trees

feature_importances:
ret60=139
vr_prev=103
pct_prev=102
vr_d0=97
wr1=93
close_ret=93
amplitude=87
cmv=77
ftr=76
sw_l2=76
turn_d0=73
amount=70
zha_rate=65
gap=62
intraday=57
ind_boards=51
amt_rank_pct=43
mkt_boards_n=43
promo_yd=42
mkt_chain_n=28
mkt_max_streak=18
streak_prev=5

parameters:
[boosting: gbdt]
[objective: binary]
[metric: binary_logloss]
[tree_learner: serial]
[device_type: cpu]
[data_sample_strategy: bagging]
[data: ]
[valid: ]
[num_iterations: 50]
[learning_rate: 0.05]
[num_leaves: 31]
[num_threads: 0]
[seed: 42]
[deterministic: 0]
[force_col_wise: 0]
[force_row_wise: 0]
[histogram_pool_size: -1]
[max_depth: -1]
[min_data_in_leaf: 50]
[min_sum_hessian_in_leaf: 0.001]
[bagging_fraction: 1]
[pos_bagging_fraction: 1]
[neg_bagging_fraction: 1]
[bagging_freq: 0]
[bagging_seed: 400]
[bagging_by_query: 0]
[feature_fraction: 1]
[feature_fraction_bynode: 1]
[feature_fraction_seed: 30056]
[extra_trees: 0]
[extra_seed: 12879]
[early_stopping_round: 0]
[early_stopping_min_delta: 0]
[first_metric_only: 0]
[max_delta_step: 0]
[lambda_l1: 0]
[lambda_l2: 0]
[linear_lambda: 0]
[min_gain_to_split: 0]
[drop_rate: 0.1]
[max_drop: 50]
[skip_drop: 0.5]
[xgboost_dart_mode: 0]
[uniform_drop: 0]
[drop_seed: 17869]
[top_rate: 0.2]
[other_rate: 0.1]
[min_data_per_group: 100]
[max_cat_threshold: 32]
[cat_l2: 10]
[cat_smooth: 10]
[max_cat_to_onehot: 4]
[top_k: 20]
[monotone_constraints: ]
[monotone_constraints_method: basic]
[monotone_penalty: 0]
[feature_contri: ]
[forcedsplits_filename: ]
[refit_decay_rate: 0.9]
[cegb_tradeoff: 1]
[cegb_penalty_split: 0]
[cegb_penalty_feature_lazy: ]
[cegb_penalty_feature_coupled: ]
[path_smooth: 0]
[interaction_constraints: ]
[verbosity: -1]
[saved_feature_importance_type: 0]
[use_quantized_grad: 0]
[num_grad_quant_bins: 4]
[quant_train_renew_leaf: 0]
[stochastic_rounding: 1]
[linear_tree: 0]
[max_bin: 255]
[max_bin_by_feature: ]
[min_data_in_bin: 3]
[bin_construct_sample_cnt: 200000]
[data_random_seed: 175]
[is_enable_sparse: 1]
[enable_bundle: 1]
[use_missing: 1]
[zero_as_missing: 0]
[feature_pre_filter: 1]
[pre_partition: 0]
[two_round: 0]
[header: 0]
[label_column: ]
[weight_column: ]
[group_column: ]
[ignore_column: ]
[categorical_feature: 22]
[forcedbins_filename: ]
[precise_float_parser: 0]
[parser_config_file: ]
[objective_seed: 16083]
[num_class: 1]
[is_unbalance: 0]
[scale_pos_weight: 1]
[sigmoid: 1]
[boost_from_average: 1]
[reg_sqrt: 0]
[alpha: 0.9]
[fair_c: 1]
[poisson_max_delta_step: 0.7]
[tweedie_variance_power: 1.5]
[lambdarank_truncation_level: 30]
[lambdarank_norm: 1]
[label_gain: ]
[lambdarank_position_bias_regularization: 0]
[eval_at: ]
[multi_error_top_k: 1]
[auc_mu_weights: ]
[num_machines: 1]
[local_listen_port: 12400]
[time_out: 120]
[machine_list_filename: ]
[machines: ]
[gpu_platform_id: -1]
[gpu_device_id: -1]
[gpu_device_id_list: ]
[gpu_use_dp: 0]
[num_gpu: 1]

end of parameters

pandas_categorical:[["IT\u670d\u52a1\u2161", "\u4e00\u822c\u96f6\u552e", "\u4e13\u4e1a\u5de5\u7a0b", "\u4e13\u4e1a\u670d\u52a1", "\u4e13\u4e1a\u8fde\u9501\u2161", "\u4e13\u7528\u8bbe\u5907", "\u4e2a\u62a4\u7528\u54c1", "\u4e2d\u836f\u2161", "\u4e58\u7528\u8f66", "\u4e92\u8054\u7f51\u7535\u5546", "\u4f11\u95f2\u98df\u54c1", "\u4f53\u80b2\u2161", "\u4fdd\u9669\u2161", "\u5143\u4ef6", "\u5149\u4f0f\u8bbe\u5907", "\u5149\u5b66\u5149\u7535\u5b50", "\u5176\u4ed6\u5bb6\u7535\u2161", "\u5176\u4ed6\u7535\u5b50\u2161", "\u5176\u4ed6\u7535\u6e90\u8bbe\u5907\u2161", "\u517b\u6b96\u4e1a", "\u519b\u5de5\u7535\u5b50\u2161", "\u519c\u4e1a\u7efc\u5408\u2161", "\u519c\u4ea7\u54c1\u52a0\u5de5", "\u519c\u5316\u5236\u54c1", "\u519c\u5546\u884c\u2161", "\u51b6\u94a2\u539f\u6599", "\u51fa\u7248", "\u52a8\u7269\u4fdd\u5065\u2161", "\u5305\u88c5\u5370\u5237", "\u5316\u5986\u54c1", "\u5316\u5b66\u5236\u54c1", "\u5316\u5b66\u5236\u836f", "\u5316\u5b66\u539f\u6599", "\u5316\u5b66\u7ea4\u7ef4", "\u533b\u7597\u5668\u68b0", "\u533b\u7597\u670d\u52a1", "\u533b\u836f\u5546\u4e1a", "\u534a\u5bfc\u4f53", "\u53a8\u536b\u7535\u5668", "\u5546\u7528\u8f66", "\u5730\u9762\u5175\u88c5\u2161", "\u57ce\u5546\u884c\u2161", "\u57fa\u7840\u5efa\u8bbe", "\u5851\u6599", "\u591a\u5143\u91d1\u878d", "\u5bb6\u5c45\u7528\u54c1", "\u5bb6\u7535\u96f6\u90e8\u4ef6\u2161", "\u5c0f\u5bb6\u7535", "\u5c0f\u91d1\u5c5e", "\u5de5\u4e1a\u91d1\u5c5e", "\u5de5\u7a0b\u54a8\u8be2\u670d\u52a1\u2161", "\u5de5\u7a0b\u673a\u68b0", "\u5e7f\u544a\u8425\u9500", "\u5f71\u89c6\u9662\u7ebf", "\u623f\u5730\u4ea7\u5f00\u53d1", "\u623f\u5730\u4ea7\u670d\u52a1", "\u623f\u5c4b\u5efa\u8bbe\u2161", "\u6469\u6258\u8f66\u53ca\u5176\u4ed6", "\u6559\u80b2", "\u6570\u5b57\u5a92\u4f53", "\u6587\u5a31\u7528\u54c1", "\u65c5\u6e38\u53ca\u666f\u533a", "\u65c5\u6e38\u96f6\u552e\u2161", "\u666e\u94a2", "\u670d\u88c5\u5bb6\u7eba", "\u6797\u4e1a\u2161", "\u6a61\u80f6", "\u6c34\u6ce5", "\u6c7d\u8f66\u670d\u52a1", "\u6c7d\u8f66\u96f6\u90e8\u4ef6", "\u6cb9\u670d\u5de5\u7a0b", "\u6cb9\u6c14\u5f00\u91c7\u2161", "\u6d88\u8d39\u7535\u5b50", "\u6e14\u4e1a", "\u6e38\u620f\u2161", "\u70bc\u5316\u53ca\u8d38\u6613", "\u7126\u70ad\u2161", "\u7164\u70ad\u5f00\u91c7", "\u7167\u660e\u8bbe\u5907\u2161", "\u71c3\u6c14\u2161", "\u7269\u6d41", "\u7279\u94a2\u2161", "\u73af\u4fdd\u8bbe\u5907\u2161", "\u73af\u5883\u6cbb\u7406", "\u73bb\u7483\u73bb\u7ea4", "\u751f\u7269\u5236\u54c1", "\u7535\u529b", "\u7535\u5b50\u5316\u5b66\u54c1\u2161", "\u7535\u673a\u2161", "\u7535\u6c60", "\u7535\u7f51\u8bbe\u5907", "\u7535\u89c6\u5e7f\u64ad\u2161", "\u767d\u8272\u5bb6\u7535", "\u767d\u9152\u2161", "\u79cd\u690d\u4e1a", "\u7eba\u7ec7\u5236\u9020", "\u7efc\u5408\u2161", "\u80a1\u4efd\u5236\u94f6\u884c\u2161", "\u80fd\u6e90\u91d1\u5c5e", "\u81ea\u52a8\u5316\u8bbe\u5907", "\u822a\u5929\u88c5\u5907\u2161", "\u822a\u6d77\u88c5\u5907\u2161", "\u822a\u7a7a\u673a\u573a", "\u822a\u7a7a\u88c5\u5907\u2161", "\u822a\u8fd0\u6e2f\u53e3", "\u88c5\u4fee\u5efa\u6750", "\u88c5\u4fee\u88c5\u9970\u2161", "\u8ba1\u7b97\u673a\u8bbe\u5907", "\u8bc1\u5238\u2161", "\u8c03\u5473\u53d1\u9175\u54c1\u2161", "\u8d35\u91d1\u5c5e", "\u8d38\u6613\u2161", "\u8f68\u4ea4\u8bbe\u5907\u2161", "\u8f6f\u4ef6\u5f00\u53d1", "\u901a\u4fe1\u670d\u52a1", "\u901a\u4fe1\u8bbe\u5907", "\u901a\u7528\u8bbe\u5907", "\u9020\u7eb8", "\u9152\u5e97\u9910\u996e", "\u91d1\u5c5e\u65b0\u6750\u6599", "\u94c1\u8def\u516c\u8def", "\u975e\u767d\u9152", "\u975e\u91d1\u5c5e\u6750\u6599\u2161", "\u98ce\u7535\u8bbe\u5907", "\u98df\u54c1\u52a0\u5de5", "\u996e\u6599\u4e73\u54c1", "\u9970\u54c1", "\u9972\u6599", "\u9ed1\u8272\u5bb6\u7535"]]
