tree
version=v4
num_class=1
num_tree_per_iteration=1
label_index=0
max_feature_idx=22
objective=binary sigmoid:1
feature_names=wr1 gap ret60 cmv ftr amount turn_d0 vr_d0 vr_prev pct_prev intraday amplitude seal_hard close_ret amt_rank_pct ind_boards streak_prev mkt_boards_n mkt_chain_n mkt_max_streak zha_rate promo_yd sw_l2
feature_infos=[0:1.0000000000000007] [-0.10465116279069764:0.10588235294117654] [-0.67999999999999994:5.0384615384615392] [36636.599999999999:193496882.99250001] [0.11749999999999999:147.02070000000001] [2925612:31598894525.549999] [0.039300000000000002:55.946300000000001] [0.029999999999999999:22.719999999999999] [0.23000000000000001:16.620000000000001] [-10.416666666666663:9.4972067039106101] [-0.0044800000000000178:0.20930232558139528] [0:0.20930232558139528] [0:1] [0.095008051529790638:0.10588235294117654] [0.0014513788098693759:1] [1:51] [0:14] [5:890] [0:314] [1:18] [0:0.80158730158730163] [0:0.85245901639344257] -1:69:116:5:90:30:86:54:1:0:115:31:15:72:49:13:45:113:64:32:37:28:23:89:43:83:107:99:14:2:80:48:7:88:20:46:108:52:42:75:105:17:35:95:18:44:53:114:103:106:34:51:104:125:60:84:67:96:61:79:120:36:22:33:117:26:82:74:10:9:50:98:77:124:63:93:123:94:112:59:119:39:19:111:87:91:110:47:57:55:58:40:127:70:85:126:68:76:128:66:25:56:78:3:109:122:6:100:121:8:29:81:92:73:27:101:38:118:102:65:4:11:62:16:12:71:41:21:24
tree_sizes=3428 3495 3544 3501 3541 3537 3546 3514 3547 3576 3551 3509 3494 3561 3537 3567 3547 3559 3568 3579 3562 3575 3563 3583 3589 3573 3529 3590 3567 3538 3591 3582 3583 3576 3584 3576 3586 3592 3589 3587 3518 3544 3545 3600 3594 3534 3536 3615 3607 3540

Tree=0
num_leaves=31
num_cat=0
split_feature=13 7 8 15 8 4 19 2 13 0 8 5 0 9 3 2 17 2 8 20 6 6 20 2 8 2 8 1 0 18
split_gain=2.51595 2.25039 1.29942 1.56333 0.888815 0.852521 0.889154 0.81761 1.1292 0.643489 0.55778 0.504221 1.49589 0.85797 1.03202 0.47782 0.46644 1.2901 0.566817 0.436859 0.346653 0.419174 0.34558 0.325139 0.305958 0.397109 0.303153 0.712338 0.283061 0.298794
threshold=0.10050251256281419 0.62500000000000011 1.8150000000000002 4.5000000000000009 1.3450000000000004 8.0384500000000028 4.5000000000000009 -0.45339264834843612 0.10012380097738029 0.06536283975022654 2.1450000000000005 496046881.93000001 0.28337107600695827 -0.078771475232436425 513775.57040000003 -0.020626738667975816 35.500000000000007 -0.26182473186673388 0.7350000000000001 0.20670914542728638 1.6832000000000003 1.2682500000000003 0.26500600240096045 -0.19945946872277251 3.3250000000000006 0.12093652833472669 0.71500000000000008 0.010810810810810813 0.35696397376461625 16.500000000000004
decision_type=2 2 8 2 10 2 2 2 2 2 10 2 2 2 2 2 2 2 8 2 10 10 2 2 8 2 8 2 2 2
left_child=1 4 3 11 9 6 -5 8 22 -1 -4 12 13 14 -2 -14 17 -9 -19 -6 21 -20 -3 -16 -18 -26 27 -11 -28 -30
right_child=2 7 10 5 19 -7 -8 16 -10 26 -12 -13 15 -15 23 -17 24 18 20 -21 -22 -23 -24 -25 25 -27 28 -29 29 -31
leaf_value=-1.6550887995156458 -1.7839549408765221 -1.8312509591779478 -1.4387281214623919 -1.690804647781738 -1.4363649902900888 -1.7830860431071811 -1.4288448229707038 -1.4845645754867802 -1.5625660917108668 -1.4477677761660601 -1.8133620826074741 -1.8264087790375441 -1.4387809565891665 -1.8190971395969724 -1.5128659224341581 -1.8177128189508267 -1.7922063989269328 -1.4527202590262145 -1.831250957404863 -1.6671948323595525 -1.8277663607959198 -1.4284044709644907 -1.6805615289350988 -1.6716348548065896 -1.8252945195193895 -1.4548488643746647 -1.8305423551550644 -1.8309675855764322 -1.5921309876175815 -1.8311447206093638
leaf_weight=0.25454217324935347 0.14199314762621124 0.1083935327005125 0.063444464901901476 0.050697315074140423 0.047883171796795215 0.040795107264054636 0.089716508864931807 0.046515290434807982 0.095167147577740613 0.022287948816958 0.011780279666260274 0.15351620970999202 0.054342824257253779 0.25159739909123385 0.067530422832198719 0.0098229958995220759 8.3322685215459202 0.012567197913912469 0.012932772968003017 0.035838924423520463 0.15709640459948329 0.012896750782995601 0.058625296573426883 0.061715749340567519 0.013694672923295039 0.015335519821896768 0.14837670833873606 0.026603426388598545 0.030055527735781375 0.023144999003177322
leaf_count=79 237 105 151 47 29 168 145 209 55 33 206 378 167 321 29 477 14343 636 77 91 1975 45 37 73 171 89 118 75 130 73
internal_value=-1.77276 -1.78072 -1.69721 -1.71352 -1.68606 -1.58188 -1.52343 -1.78701 -1.70003 -1.71108 -1.4974 -1.74573 -1.72463 -1.75259 -1.69091 -1.49679 -1.78966 -1.72123 -1.77754 -1.53518 -1.79986 -1.63011 -1.77836 -1.58868 -1.79164 -1.6296 -1.76797 -1.65628 -1.79506 -1.69611
internal_weight=10.4512 9.45423 0.996952 0.921728 0.588733 0.181209 0.140414 8.86549 0.262186 0.505011 0.0752247 0.740519 0.587003 0.522837 0.271239 0.0641658 8.60331 0.242008 0.195493 0.0837221 0.182926 0.0258295 0.167019 0.129246 8.3613 0.0290302 0.250469 0.0488914 0.201577 0.0532005
internal_count=20769 18370 2399 2042 628 360 192 17742 197 508 357 1682 1304 660 339 644 17545 2942 2733 120 2097 122 142 102 14603 260 429 108 321 203
is_linear=0
shrinkage=1


Tree=1
num_leaves=31
num_cat=0
split_feature=13 7 5 0 3 9 2 11 10 3 9 8 2 20 11 11 17 2 21 13 8 6 6 13 5 21 2 14 7 3
split_gain=2.1346 1.9252 0.994342 1.37899 1.4964 0.840552 0.711082 0.954765 0.608083 0.911209 0.643491 0.531427 0.500281 0.482576 0.456987 0.434838 0.409497 0.972868 0.404421 0.355016 0.301011 0.290797 0.281703 0.279876 0.471725 1.79914 0.587813 0.463318 0.275887 0.438599
threshold=0.10050251256281419 0.62500000000000011 496046881.93000001 0.25902617575720932 465097.95205000002 0.16522101125359126 -0.45339264834843612 0.11004365922932711 0.006632000919153975 763597.31295000005 3.1281565656565706 0.8650000000000001 -0.022528866895064 0.18322386425834705 0.03722504447620912 0.10743801652892568 35.500000000000007 -0.23787279968382327 0.11173533083645444 0.1007490741779823 3.4250000000000003 1.6295500000000003 1.2682500000000003 0.09962523057331997 121970876.24000002 0.18871224165341816 -0.30128940476819394 0.13827244793444865 1.0050000000000001 239319.85905000003
decision_type=2 2 2 2 2 2 2 2 2 2 2 10 2 2 2 2 2 2 2 2 8 10 8 2 2 2 2 2 2 2
left_child=1 8 3 4 14 13 7 -3 10 -10 11 -1 -5 -6 -2 -7 17 18 -8 -15 23 22 -19 24 25 -18 -26 -27 29 -25
right_child=2 6 -4 12 5 15 16 -9 9 -11 -12 -13 -14 19 -16 -17 20 21 -20 -21 -22 -23 -24 28 26 27 -28 -29 -30 -31
leaf_value=0.037213544305805903 0.11759556415592205 -0.0063034039314321727 -0.041989116619493803 0.25757572773458931 0.25178305141572527 -0.058301313885382545 0.045498677063587102 0.18599566127035619 -0.044382764531885013 0.11254575233770592 -0.011613133651594708 0.22588646083216246 -0.032041517416573927 0.015266370787975337 -0.045235526013227535 0.1302962083709118 -0.034872538828652766 -0.058010653241859271 0.26979932112786958 0.17148988914767732 0.14347691765678994 -0.053820723697214003 0.25860186491611981 0.1136494587633049 0.078114133480620504 0.032361681952573766 -0.035330673925631648 0.3367023987668547 -0.026575176544525445 -0.0085387814253163104
leaf_weight=0.049765991712082014 0.051148270248306871 0.1735243312493682 0.17357522385565582 0.13561668388695894 0.11509683659888895 0.075446380494125415 0.032527810893955157 0.1027803155639285 0.18050281451207317 0.18973827408703325 0.057170295193059412 0.14925698126496947 0.016752919433505403 0.055444636239536937 0.27347769992331217 0.051374520424245257 0.13614776660423347 0.012401767168869194 0.052582245399083703 0.10568348761213001 0.028691481886680914 0.13791738409745524 0.016205961530968826 0.078079458759641063 0.14328585568539842 0.015929601004390385 0.56222757070451967 0.058176967462549224 5.990570298056503 1.2367210888284348
leaf_count=141 40 91 579 250 27 94 33 106 211 91 73 112 726 56 497 38 165 79 251 92 235 2520 59 195 74 172 1724 190 10801 1047
internal_value=-0.000105752 -0.00766691 0.0673824 0.0889543 0.0603139 0.124663 -0.0137105 0.0652284 0.0770172 0.0360387 0.136238 0.178709 0.225733 0.173589 -0.0195798 0.0180986 -0.016276 0.0465566 0.184075 0.117733 -0.0181926 -0.0237283 0.121347 -0.0187568 0.00729965 0.0730354 -0.0122907 0.271283 -0.0220231 -0.00128263
internal_weight=10.4578 9.4042 1.05362 0.880041 0.727672 0.403046 8.77777 0.276305 0.626434 0.370241 0.256193 0.199023 0.15237 0.276225 0.324626 0.126821 8.50147 0.251635 0.0851101 0.161128 8.24983 0.166525 0.0286077 8.22114 0.915768 0.210254 0.705513 0.0741066 7.30537 1.3148
internal_count=20769 18370 2399 1820 844 307 17742 197 628 302 326 253 976 175 537 132 17545 2942 284 148 14603 2658 138 14368 2325 527 1798 362 12043 1242
is_linear=0
shrinkage=0.05


Tree=2
num_leaves=31
num_cat=1
split_feature=13 7 5 0 3 2 2 11 4 20 19 3 11 9 17 2 2 3 1 4 3 15 22 15 1 21 11 10 5 0
split_gain=1.84404 1.66701 0.832 0.987855 1.21107 0.636201 0.624141 1.22233 0.500864 0.577752 0.684156 0.441906 0.398245 0.393214 0.363967 0.769985 0.344327 0.332344 0.318139 0.33731 0.275152 0.276555 0.404832 0.52668 0.917861 0.875288 0.734564 0.659044 0.709467 0.786038
threshold=0.10050251256281419 0.62500000000000011 496046881.93000001 0.25902617575720932 465097.95205000002 -0.17232099333802745 -0.45339264834843612 0.11672101314582915 3.3899500000000002 0.16561181434599156 6.5000000000000009 797331.82680000004 0.03722504447620912 -0.19235394235393996 35.500000000000007 -0.23787279968382327 -0.022528866895064 578353.96505000012 0.091252980320985069 1.8418000000000003 4831276.447900001 16.500000000000004 0 2.5000000000000004 -0.0097890690060347101 0.15849282296650721 0.11403508771929821 0.10012920435822666 843968621.2650001 0.49906311654416585
decision_type=2 2 2 2 2 2 2 2 2 2 2 2 2 2 2 2 2 2 2 2 2 2 9 2 2 2 2 2 2 2
left_child=1 8 3 4 12 13 7 17 9 -1 18 -10 -2 -6 15 -8 -5 -3 -11 -20 21 22 23 24 25 -16 27 28 -26 -30
right_child=2 6 -4 16 5 -7 14 -9 11 10 -12 -13 -14 -15 20 -17 -18 -19 19 -21 -22 -23 -24 -25 26 -27 -28 -29 29 -31
leaf_value=0.21080033902786402 0.10307359221089241 -0.058905114113023432 -0.041155057964093918 0.20976653377304944 0.18267522339580433 -0.027305452285918175 0.15581853475057128 0.23157472314854696 -0.051877957412781964 -0.059084991094967503 0.20001196531542736 0.073314810188626595 -0.044436048574966934 0.07817302306715522 0.35686799255566864 -0.023139063619442068 -0.031171090930138839 0.066581911397314425 -0.0026140803726513243 0.1645872461861696 -0.047899283303212664 -0.0581390230445685 -0.010859768662155213 0.00801236328084887 0.017096732478885907 0.073919810019727764 -0.051969791964999679 0.1499463685012061 0.29673094879971423 -0.022497400173358863
leaf_weight=0.099436119451035365 0.055318445695899443 0.1168959438905644 0.16837140009349494 0.15752740049205649 0.20125708449103932 0.071389435423986902 0.095119992131596082 0.075754209421575486 0.12309878711684066 0.075639491164633893 0.073662956297988469 0.16492476908526263 0.26470210026150787 0.16285544343724526 0.046497781207524985 0.1632898280550987 0.016369565784228102 0.096172262566054684 0.068165545911077569 0.054107190638782776 0.68363850341226662 0.35012811768964969 4.7632516319248532 1.2566738263871702 0.55457793215740014 0.066311883273719979 0.17791039206276671 0.16336226249847341 0.050530097971753701 0.031183499522201868
leaf_count=17 40 77 579 250 63 183 284 88 208 52 114 94 497 61 28 2658 726 32 88 55 721 439 9297 1966 1169 126 239 365 120 133
internal_value=-0.000190291 -0.0073878 0.0611138 0.0796406 0.0549101 0.109176 -0.0132013 0.0590686 0.06928 0.107686 0.0699308 0.0198085 -0.0189377 0.135935 -0.0156855 0.0427348 0.187086 -0.00226423 0.0215146 0.0713746 -0.0175391 -0.0147571 -0.0126208 0.00571696 0.0555027 0.190545 0.039919 0.0603628 0.037363 0.174907
internal_weight=10.4481 9.35033 1.09779 0.929419 0.755523 0.435502 8.6913 0.288822 0.659035 0.371011 0.271575 0.288024 0.320021 0.364113 8.40248 0.25841 0.173897 0.213068 0.197912 0.122273 8.14407 7.46043 7.1103 2.34705 1.09037 0.11281 0.977564 0.799654 0.636292 0.0817136
internal_count=20769 18370 2399 1820 844 307 17742 197 628 326 309 302 537 124 17545 2942 976 109 195 143 14603 13882 13443 4146 2180 154 2026 1787 1422 253
cat_boundaries=0 4
cat_threshold=2684354722 7864636 2235597060 557991296
is_linear=0
shrinkage=0.05


Tree=3
num_leaves=31
num_cat=0
split_feature=13 7 5 0 21 3 2 13 4 5 8 11 2 8 17 2 2 17 6 10 6 2 21 13 5 21 2 14 7 4
split_gain=1.64012 1.47569 0.708992 0.75539 1.03879 0.854022 0.558881 0.928654 0.549811 0.440929 0.419323 0.485343 0.426769 0.334542 0.338953 0.627518 0.29399 0.290629 0.612062 0.277667 0.259658 0.256751 0.253313 0.247168 0.405344 1.28944 0.508932 0.261127 0.257868 0.42798
threshold=0.10050251256281419 0.62500000000000011 496046881.93000001 0.25902617575720932 0.27823315118397091 542152.9593000001 -0.45339264834843612 0.10026455211606701 6.1060000000000008 105122996.69000001 1.3450000000000004 0.10975998879325105 -0.38284738639348564 5.495000000000001 35.500000000000007 -0.23787279968382327 -0.28209439348842857 76.500000000000014 2.7915500000000004 0.099971230764608704 1.6295500000000003 -0.022528866895064 0.11173533083645444 0.09962523057331997 121970876.24000002 0.18871224165341816 -0.30128940476819394 0.13827244793444865 1.0050000000000001 10.659650000000001
decision_type=2 2 2 2 2 2 2 2 2 2 10 2 2 8 2 2 2 2 10 2 10 2 2 2 2 2 2 2 2 2
left_child=1 10 3 4 5 -2 7 19 9 -7 11 12 -1 14 15 22 -14 18 -18 -3 -17 -5 -8 24 25 -16 -26 -27 29 -25
right_child=2 6 -4 21 -6 8 13 -9 -10 -11 -12 -13 16 -15 23 20 17 -19 -20 -21 -22 -23 -24 28 26 27 -28 -29 -30 -31
leaf_value=0.11617535545350721 -0.035300064256037191 -0.036834003316691177 -0.040329081706055425 0.17893298874824831 0.17809131344556228 0.10963946065698488 0.030524453804214216 0.2079986473270739 0.1408975250327274 -0.058341690811028503 0.14991642878052386 0.18225531255687602 -0.059530096658434062 0.16914178164888147 -0.033869237084660053 0.10964567004136878 0.18234662610098512 -0.012611711705763213 -0.039387421896485864 0.079813534108445036 -0.052974789499714785 -0.030311989237155241 0.19361348577655083 -0.014417885790997613 0.068385597095120113 0.030461090934645736 -0.034615540816701165 0.25213514352682964 -0.025605549690417263 0.060105257865876505
leaf_weight=0.11198961548507225 0.31147615044080534 0.14735669707307272 0.1633571059587392 0.17492441148227647 0.13227419691217657 0.067696294760910991 0.037022063508632477 0.073706565657630785 0.17518543970048633 0.092365710600984807 0.11521073592763031 0.058160799096323323 0.12053722695432839 0.024427892913581384 0.13227781853297535 0.030240041965198639 0.074302530011663703 0.15334212740148903 0.053553592962331059 0.078032529917890586 0.13037697912363655 0.016001323330722877 0.066713834410324455 1.0755770711591215 0.15323391450349355 0.016229890912083572 0.55173685268834316 0.073217207818033925 5.8601859514877415 0.23469337950219982
leaf_count=22 444 94 579 250 210 29 33 31 70 91 120 34 37 81 165 132 171 153 91 72 2499 726 250 898 75 173 1758 192 10941 348
internal_value=-0.000777034 -0.00764694 0.0560365 0.0722666 0.0504217 0.0243094 -0.0132274 0.0539332 0.0796922 0.0127039 0.0628915 0.0453596 0.0298611 -0.0156228 -0.0161626 0.0395523 0.00579978 0.0338038 0.0894715 0.00355081 -0.0223576 0.161396 0.135409 -0.0179815 0.00631835 0.065283 -0.012227 0.211913 -0.021122 -0.00106943
internal_weight=10.5054 9.37213 1.13328 0.969924 0.778998 0.646724 8.68503 0.299096 0.335247 0.160062 0.687097 0.571886 0.513725 8.38593 8.36151 0.264353 0.401735 0.281198 0.127856 0.225389 0.160617 0.190926 0.103736 8.09715 0.926696 0.221725 0.704971 0.0894471 7.17046 1.31027
internal_count=20769 18370 2399 1820 844 634 17742 197 190 120 628 508 474 17545 17464 2914 452 415 262 166 2631 976 283 14550 2363 530 1833 365 12187 1246
is_linear=0
shrinkage=0.05


Tree=4
num_leaves=31
num_cat=1
split_feature=13 7 5 0 9 14 21 2 11 3 10 3 9 17 2 3 8 8 3 15 22 0 2 0 7 5 14 21 10 11
split_gain=1.44526 1.29683 0.612416 0.604039 0.923703 0.592829 0.57282 0.49671 0.773852 0.435305 0.348509 0.636609 0.360694 0.299021 0.525851 0.28544 0.271099 0.257674 0.246411 0.253483 0.364172 0.440113 0.587709 0.730015 1.489 1.31982 0.521906 0.749463 0.408932 0.686379
threshold=0.10050251256281419 0.62500000000000011 496046881.93000001 0.25902617575720932 0.14215484277083637 0.71456473214285732 0.27887914601601221 -0.45339264834843612 0.11672101314582915 517986.23325000011 0.006632000919153975 763597.31295000005 3.1281565656565706 35.500000000000007 -0.23787279968382327 578353.96505000012 4.5950000000000006 0.8650000000000001 4831276.447900001 16.500000000000004 0 0.266324670369468 -0.011843883901244577 0.10703200707871319 2.4350000000000005 325968308.36500007 0.53073822121441183 0.17832681017612526 0.070000000000000048 0.058277214613939914
decision_type=2 2 2 2 2 2 2 2 2 2 2 2 2 2 2 2 8 10 2 2 9 2 2 2 2 2 2 2 2 2
left_child=1 10 3 4 6 -6 9 8 15 -2 12 -12 17 14 -9 -3 18 -1 19 20 21 22 23 28 25 26 27 -25 29 -15
right_child=2 7 -4 -5 5 -7 -8 13 -10 -11 11 -13 -14 16 -16 -17 -18 -19 -20 -21 -22 -23 -24 24 -26 -27 -28 -29 -30 -31
leaf_value=0.027205447662338501 -0.011056244043412034 -0.058320610444309764 -0.039510178689483942 0.14295438060964918 -0.053955491424455951 0.15148134275198138 0.17749616587122274 0.12056085360369691 0.16962634728986187 0.098845826169317544 -0.044029873247131923 0.082759958270512121 -0.013865904331618216 -0.017456796562885818 -0.021721721804288788 0.05729178766866936 0.13893712005847775 0.15012928124207292 -0.046833092102848466 -0.057521366873704488 -0.010698465104073913 -0.011355198437198425 -0.035528842569220405 0.046757675362804965 -0.037255534434295495 0.038083728431985236 0.32522292724726171 0.26470366126470246 0.011272994487754831 0.17149698376996803
leaf_weight=0.054436448107000351 0.14767307761198656 0.11114970781928944 0.15852932365231387 0.20433883982974976 0.24778047994332947 0.04091535383956052 0.13041143854133641 0.11043721132082762 0.093542916234583162 0.23109996376290376 0.17734154388702467 0.22411618443216996 0.059051404726819301 0.083603574403486494 0.15761993303269317 0.10273482091808846 0.027851272158942453 0.19660498743067231 0.65013045800070912 0.33029780543891529 4.6234205160742823 0.54183264895985983 0.22651103705780951 0.070229626269840348 0.15110544346520727 0.16596779586178154 0.080495864158125791 0.089987049119532939 0.86319956209576776 0.11304954213624556
leaf_count=141 248 77 579 976 310 41 141 284 88 104 211 91 73 62 2658 32 83 112 717 439 9261 2572 416 37 176 68 31 82 595 64
internal_value=-0.000800617 -0.00736329 0.0518067 0.066251 0.0466071 -0.02484 0.0871159 -0.0127347 0.0496731 0.0559981 0.0575052 0.0267513 0.0973203 -0.0150502 0.0368975 -0.00278869 -0.016787 0.123474 -0.0173298 -0.0147165 -0.0126994 0.00544427 0.039902 0.0504643 0.0967646 0.146561 0.221354 0.169169 0.0260971 0.0911666
internal_weight=10.4655 9.30472 1.16075 1.00222 0.79788 0.288696 0.509184 8.59317 0.307427 0.378773 0.711551 0.401458 0.310093 8.28574 0.268057 0.213885 8.01768 0.251041 7.98983 7.3397 7.0094 2.38598 1.84415 1.61764 0.557786 0.40668 0.240713 0.160217 1.05985 0.196653
internal_count=20769 18370 2399 1820 844 351 493 17742 197 352 628 302 326 17545 2942 109 14603 253 14520 13803 13364 4103 1531 1115 394 218 150 119 721 126
cat_boundaries=0 4
cat_threshold=2684354722 7864636 2235597060 557995264
is_linear=0
shrinkage=0.05


Tree=5
num_leaves=31
num_cat=1
split_feature=13 7 5 0 9 14 21 2 11 3 4 18 19 17 2 3 7 8 8 6 15 3 17 20 22 0 0 8 2 15
split_gain=1.30788 1.16781 0.53456 0.492532 0.79194 0.516133 0.455685 0.451865 0.633218 0.363903 0.305404 0.370077 0.347367 0.275752 0.447912 0.259196 0.247227 0.245562 0.233324 0.244778 0.228236 0.331746 0.599506 0.287571 0.3531 0.496602 0.545016 0.725674 0.787715 0.617224
threshold=0.10050251256281419 0.62500000000000011 496046881.93000001 0.25902617575720932 0.14215484277083637 0.71456473214285732 0.27887914601601221 -0.45339264834843612 0.11672101314582915 517986.23325000011 3.3899500000000002 11.500000000000002 4.5000000000000009 35.500000000000007 -0.26182473186673388 578353.96505000012 0.50500000000000012 5.495000000000001 0.7350000000000001 2.1294500000000007 16.500000000000004 117518.762 96.000000000000014 0.11451990632318503 0 0.266324670369468 0.070309462311057044 0.66500000000000015 -0.1382733645205094 4.5000000000000009
decision_type=2 2 2 2 2 2 2 2 2 2 2 2 2 2 2 2 2 8 8 10 2 2 2 2 9 2 2 10 2 2
left_child=1 10 3 4 6 -6 9 8 15 -2 11 16 -12 14 -9 -3 -1 20 -16 -20 21 22 -15 -23 25 26 -25 28 -28 -29
right_child=2 7 -4 -5 5 -7 -8 13 -10 -11 12 -13 -14 17 18 -17 -18 -19 19 -21 -22 23 -24 24 -26 -27 27 29 -30 -31
leaf_value=0.063672753153388259 -0.010590439429912073 -0.05785119089272716 -0.038697492581721837 0.12835062034598252 -0.053357556606053937 0.1323316331450064 0.15685429237785703 0.13592610181428907 0.14945572779236579 0.089179446138281326 0.073356061344507242 -0.0014147752027218346 -0.034288805935930908 -0.057881299683392687 0.14999969273614894 0.052435987859779598 0.15101076742909747 0.12879125721177331 0.099501830067198024 -0.053741975531989145 -0.057102248414298742 -0.038724848187090807 0.3731020840851636 0.01277148249102885 -0.0101048990908235 -0.01017738544608407 0.28306064462300756 0.06941497008783927 0.061676583760517906 -0.051819242128415634
leaf_weight=0.16503703862338492 0.14649073439940447 0.10656501446897469 0.15388459271656074 0.21588248091234163 0.23827057188502332 0.044394610674603041 0.13992052277555744 0.077720920253620651 0.10065449448302444 0.24301088465668802 0.13712187032350612 0.10509658293809432 0.16527902401750219 0.017208221066362481 0.021304114090733052 0.10653252044081608 0.15917615695818671 0.028891315333297807 0.031977491715641654 0.14077815715048619 0.34363437883061276 1.1874744137749047 0.015192635002347535 0.80613970959828529 4.0976423202981822 0.60566623418363841 0.0756453683370229 0.60260021157755161 0.08570404945535498 0.12713625669548112
leaf_count=101 248 77 579 976 310 41 141 209 88 104 92 179 210 218 636 32 46 53 208 1889 484 88 80 615 9413 2767 30 601 116 138
internal_value=-0.00133306 -0.00762271 0.0482143 0.0612248 0.0433803 -0.0241937 0.0794589 -0.0127945 0.0461021 0.0516562 0.0530107 0.0801216 0.0145221 -0.0150304 0.0344985 -0.00271601 0.106552 -0.0167145 -0.0061232 -0.0253762 -0.0172424 -0.0154449 0.144205 -0.0161266 -0.011934 0.00537037 0.0425607 0.0695102 0.165468 0.0482933
internal_weight=10.492 9.31018 1.18185 1.02797 0.812087 0.282665 0.529422 8.57847 0.313752 0.389502 0.731711 0.42931 0.302401 8.26472 0.271781 0.213098 0.324213 7.99294 0.19406 0.172756 7.96404 7.62041 0.0324009 7.58801 6.40053 2.30289 1.69723 0.891086 0.161349 0.729736
internal_count=20769 18370 2399 1820 844 351 493 17742 197 352 628 326 302 17545 2942 109 147 14603 2733 2097 14550 14066 298 13768 13680 4267 1500 885 146 739
cat_boundaries=0 4
cat_threshold=2684354726 7930140 2235596804 620911872
is_linear=0
shrinkage=0.05


Tree=6
num_leaves=31
num_cat=1
split_feature=13 7 5 2 13 0 9 14 21 3 8 0 3 14 3 22 15 10 20 6 9 14 11 3 18 8 3 3 10 0
split_gain=1.18987 1.05418 0.470668 0.412881 0.54004 0.410343 0.685992 0.455877 0.376497 0.307797 0.28369 0.332541 0.328893 0.276808 0.260585 0.296525 0.488574 0.736203 0.645572 0.630918 0.613505 0.5457 0.539537 0.507473 0.427974 0.831903 0.459652 0.751435 0.380097 0.482205
threshold=0.10050251256281419 0.62500000000000011 496046881.93000001 -0.45339264834843612 0.10026455211606701 0.25902617575720932 0.14215484277083637 0.71456473214285732 0.29289215686274517 517986.23325000011 1.3450000000000004 0.098029382770428136 823632.68890000007 0.57091022185361817 4831276.447900001 0 2.5000000000000004 0.10012920435822666 0.16287683031869082 7.9759500000000001 1.6137662953566336 0.90019531250000007 0.10543304625642448 2141983.0931000006 8.5000000000000018 1.2450000000000003 306323.33025000006 279653.97620000009 0.093749999999999944 0.18293125452165812
decision_type=2 2 2 2 2 2 2 2 2 2 10 2 2 2 2 9 2 2 2 8 2 2 2 2 2 8 2 2 2 2
left_child=1 10 5 4 13 6 8 -8 9 -2 11 12 -1 -3 15 16 17 21 -19 20 22 28 -20 -23 25 -18 27 -26 29 -5
right_child=2 3 -4 14 -6 -7 7 -9 -10 -11 -12 -13 -14 -15 -16 -17 24 18 19 -21 -22 23 -24 -25 26 -27 -28 -29 -30 -31
leaf_value=0.0087239003318646726 -0.010141012641116052 0.053028858252881443 -0.037890300125482272 0.074268698868770508 0.14589569849869558 0.11677637229691105 -0.052778521840085996 0.11762702556010392 0.14142409832474168 0.081121039749680213 0.1152256336126668 -0.021134272926088046 0.096800312701604288 -0.057620536720249332 -0.045967658880789325 -0.010222676370638119 0.015664572035459214 -0.055082824765018829 0.24468063153200326 -0.013481390200902839 0.23807661237611721 0.25035036673774647 0.031279731835850789 -0.0003907013743151104 -0.0015001003280655349 0.25631576134754214 -0.024437377666896718 0.25159199439823043 -0.042781484529937831 -0.043663994614614419
leaf_weight=0.18646951785372962 0.14536319765829264 0.12214770308214409 0.14941908243813729 0.26600993770828874 0.091115802293643633 0.22515549673017921 0.2290737450697673 0.047363226703258987 0.1472077081645306 0.25352390539039843 0.13293075429939294 0.18625910023470793 0.24559073054273634 0.10520482040588777 0.62663422480809039 5.3274723776545692 0.16054697691188691 0.054422934919149513 0.041116360916062161 0.062628193160364554 0.13677160815332293 0.046683369624777371 0.10592054063577011 0.035542523218853872 0.098936559081071032 0.046259190132729389 0.80675589487557586 0.041683552129408649 0.2518319117546583 0.12857030920332319
leaf_count=84 252 89 579 325 31 976 310 41 135 106 120 390 34 77 760 12343 211 53 70 321 125 124 262 61 208 127 1153 43 617 742
internal_value=-0.00179437 -0.0078294 0.045128 -0.0128155 0.043046 0.0569679 0.0405963 -0.0235822 0.0730838 0.0478631 0.0489592 0.0347127 0.0587881 0.0018271 -0.0149751 -0.0124234 0.00505803 0.0505848 0.105008 0.130158 0.161854 0.0206438 0.0909537 0.141966 0.00432834 0.0694943 -0.00989698 0.0735231 0.00521119 0.0358414
internal_weight=10.5046 9.3075 1.19711 8.55625 0.318468 1.04769 0.822532 0.276437 0.546095 0.398887 0.75125 0.618319 0.43206 0.227353 8.23779 7.61115 2.28368 1.1295 0.40086 0.346437 0.283809 0.728638 0.147037 0.0822259 1.15418 0.206806 0.947376 0.14062 0.646412 0.39458
internal_count=20769 18370 2399 17742 197 1820 844 351 493 358 628 508 118 166 17545 16785 4442 2700 831 778 457 1869 332 185 1742 338 1404 251 1684 1067
cat_boundaries=0 4
cat_threshold=2684354694 7864636 2168488196 625100176
is_linear=0
shrinkage=0.05


Tree=7
num_leaves=31
num_cat=0
split_feature=13 7 5 2 11 8 15 21 7 1 10 3 9 17 2 0 3 1 8 6 5 20 2 13 7 7 21 7 13 14
split_gain=1.0891 0.957511 0.417272 0.378569 0.472634 0.361096 0.41883 0.401725 0.474615 0.313096 0.250357 0.48788 0.267952 0.245072 0.365595 0.246921 0.299339 0.272372 0.656557 0.486701 0.543965 0.280813 0.278864 0.295627 0.288115 0.255094 0.445373 0.473061 0.425546 0.303244
threshold=0.10050251256281419 0.62500000000000011 496046881.93000001 -0.45339264834843612 0.11672101314582915 1.5450000000000002 4.5000000000000009 0.18245838668373884 0.80500000000000016 0.01951499537957491 0.006632000919153975 763597.31295000005 3.1281565656565706 35.500000000000007 -0.23787279968382327 0.76737073581487025 4831276.447900001 0.030088003247382814 0.54500000000000015 9.2012500000000017 373131497.55000007 0.11451990632318503 -0.3233759427155653 0.098873230495778577 0.71500000000000008 1.0050000000000001 0.30611111111111117 0.96500000000000008 0.099999999999999992 0.57091022185361817
decision_type=2 2 2 2 2 8 2 2 2 2 2 2 2 2 2 2 2 2 10 8 2 2 2 2 2 2 2 2 2 2
left_child=1 10 5 4 -3 6 7 -2 -9 -10 12 -12 -1 14 -5 16 17 21 -19 22 -21 -15 -20 -24 -25 26 27 29 -28 -23
right_child=2 3 -4 13 -6 -7 -8 8 9 -11 11 -13 -14 15 -16 -17 -18 18 19 20 -22 25 23 24 -26 -27 28 -29 -30 -31
leaf_value=0.097964751808489597 -0.038699735075397458 -0.0031209473239668475 -0.037088017797339903 0.09596609041453294 0.12463331996988231 0.11846108314698765 0.094335490988303364 -0.056516993850259947 0.10056907539714838 -0.013095374224926801 -0.04398025070000821 0.06480958733853262 -0.016848312275826959 -0.045075596678232299 -0.020287663932457494 0.024269595979736588 -0.054991215338970882 0.23437521812562934 0.053670941145914586 0.24051648756589039 -0.010283436782321723 -0.046647782912877356 0.11303177952371604 0.057462016670252282 -0.045780907957471223 -0.019536802482390741 0.18132284932041917 0.104458929164643 -0.058047956566284531 0.030192815938632885
leaf_weight=0.28106186542750689 0.20698655730450533 0.21320737940119572 0.14512865633624139 0.12210382145073082 0.10961704282090123 0.17715434449693468 0.25493063070278654 0.088712267707538095 0.25504611431977586 0.079461063110217445 0.17583421275164185 0.24899009946791295 0.062033665590815967 0.91473939828574824 0.15158315681159232 0.35404245863908368 0.52188665705624337 0.031434631660711365 0.13897829349390156 0.042985276620923767 0.043497814877395909 0.3632733065155675 0.03690598205457285 0.077383253476601799 0.53313257757504628 4.4981700818312751 0.066762049839628801 0.089201327246506534 0.025720052528865722 0.19858315257259768
leaf_count=253 336 109 579 284 88 382 223 90 616 173 211 91 73 69 2658 3553 412 82 53 77 243 352 123 51 1383 7770 96 91 101 147
internal_value=-0.00224015 -0.00803969 0.0424355 -0.0128522 0.0402588 0.0532999 0.0402583 0.018383 0.0463009 0.0735685 0.045438 0.0197816 0.0772059 -0.0149405 0.0315783 -0.0165447 -0.0184503 -0.0157495 0.00987353 0.00178868 0.114373 -0.0195132 -0.0105926 -0.0243877 -0.0326948 -0.0150523 0.0120777 -0.00250705 0.114752 -0.0194892
internal_weight=10.5085 9.30113 1.20742 8.53321 0.322824 1.06229 0.885137 0.630206 0.423219 0.334507 0.76792 0.424824 0.343096 8.21038 0.273687 7.9367 7.58265 7.06077 0.904318 0.872883 0.0864831 6.15645 0.7864 0.647422 0.610516 5.24171 0.74354 0.651058 0.0924821 0.561856
internal_count=20769 18370 2399 17742 197 1820 1438 1215 879 789 628 302 326 17545 2942 14603 11050 10638 2012 1930 320 8626 1610 1557 1434 8557 787 590 197 499
is_linear=0
shrinkage=0.05


Tree=8
num_leaves=31
num_cat=1
split_feature=13 7 5 2 13 0 9 5 21 14 2 3 15 22 0 3 10 0 20 2 7 0 15 0 4 3 18 9 2 9
split_gain=0.977739 0.857309 0.37079 0.342162 0.417072 0.317862 0.555697 0.570173 0.291613 0.246039 0.241393 0.286528 0.234986 0.342664 0.514104 0.439861 0.404932 0.757658 0.762745 0.862524 0.548967 0.5444 0.520884 0.347178 0.344573 0.38188 0.408167 0.351761 0.321235 0.305638
threshold=0.10050251256281419 0.62500000000000011 496046881.93000001 -0.45339264834843612 0.10026455211606701 0.25902617575720932 0.14215484277083637 373131497.55000007 0.27887914601601221 0.57091022185361817 -0.16489996255282727 542152.9593000001 16.500000000000004 0 0.266324670369468 117518.762 0.098486968170795872 0.0086968492034631764 0.14711765775595567 -0.13540767954799868 2.8950000000000005 0.095520242879944137 2.5000000000000004 0.63140963017440421 9.2579000000000011 709040.74085000006 14.500000000000002 1.8908731456987684 -0.27149391263629669 7.405579320682965
decision_type=2 2 2 2 2 2 2 2 2 2 2 2 2 9 2 2 2 2 2 2 2 2 2 2 2 2 2 2 2 2
left_child=1 -1 5 4 9 6 8 -8 10 -3 11 -2 13 14 16 28 22 -18 -19 20 -20 -21 24 29 25 27 -27 -5 -15 -17
right_child=2 3 -4 12 -6 -7 7 -9 -10 -11 -12 -13 -14 15 -16 23 17 18 19 21 -22 -23 -24 -25 -26 26 -28 -29 -30 -31
leaf_value=0.042363033065868742 -0.0024873451844365842 0.047283013475249429 -0.036290180360336467 -0.0055179280181693741 0.12457276835975194 0.10117021665607624 -0.054400379398369864 0.14709156662091502 0.12185572945743668 -0.057122816866499809 -0.030972399576439186 0.096208791633517865 -0.056447693801134874 0.27486844600236754 -0.014624250134710581 -0.035971167933279424 -0.058180299499651436 -0.057349369421197532 0.16209649445930663 0.12811480894242461 0.042607176661774333 -0.020203728199886237 -0.036702567461100642 0.0096476366254148339 -0.019151190882149345 0.23187368155318816 0.034402872526907234 0.13684851708372561 -0.057074467677458419 0.11914143132385023
leaf_weight=0.78135573903878253 0.11304836374880572 0.12717253994664759 0.14100893634394229 0.14618389032937723 0.097265795571729818 0.23627262324505349 0.22891621623684955 0.041470613521413457 0.15580363934852892 0.10143670766237115 0.089737853707527793 0.21040182854573886 0.31919957180215597 0.020313943977489327 0.52637317937113737 4.9545976526236002 0.11571654739197335 0.093638887497511258 0.38654179213755435 0.088863074947213211 0.12793807864994122 0.20365990602665709 0.30374388288290294 0.47760265449605466 0.13416184856442331 0.064984863162381529 0.043809215286772479 0.061701610935184059 0.011366733346416566 0.031962890571837543
leaf_count=628 142 89 579 170 31 976 325 26 141 77 163 47 484 64 2714 8184 87 29 144 108 58 252 372 4146 269 95 35 32 229 73
internal_value=-0.00218281 -0.00774233 0.0399461 -0.0123819 0.0378532 0.0499401 0.0355195 -0.0234965 0.0635642 0.000956875 0.0415838 0.0617137 -0.0143999 -0.0126777 0.00537295 -0.0106398 0.0416561 0.0622572 0.0777312 0.093405 0.132383 0.0248527 0.0139084 -0.0310765 0.0480063 0.0764577 0.152356 0.0367373 0.15577 -0.0349769
internal_weight=10.4363 9.21959 1.21666 8.43824 0.325875 1.07565 0.839379 0.270387 0.568992 0.228609 0.413188 0.32345 8.11236 7.79316 2.29732 5.49584 1.77094 1.01636 0.900642 0.807003 0.51448 0.292523 0.754585 5.46416 0.450841 0.31668 0.108794 0.207886 0.0316807 4.98656
internal_count=20769 18370 2399 17742 197 1820 844 351 493 166 352 189 17545 17061 4365 12696 1651 678 591 562 202 360 973 12403 601 332 130 202 293 8257
cat_boundaries=0 4
cat_threshold=2684354690 7864604 2235596804 2772587904
is_linear=0
shrinkage=0.05


Tree=9
num_leaves=31
num_cat=1
split_feature=13 7 5 2 11 0 9 5 21 3 3 22 15 10 11 11 9 1 6 6 14 3 1 21 13 19 2 14 3 7
split_gain=0.883735 0.767706 0.33261 0.309804 0.371751 0.275052 0.492625 0.508728 0.256195 0.243178 0.226234 0.255773 0.372395 0.502343 0.427678 0.689467 0.42518 0.589014 0.543248 0.413753 0.366107 0.408181 0.315307 0.370076 0.488734 0.388342 0.500507 0.298686 0.275286 0.329051
threshold=0.10050251256281419 0.62500000000000011 496046881.93000001 -0.45339264834843612 0.11672101314582915 0.25902617575720932 0.14215484277083637 373131497.55000007 0.27887914601601221 578353.96505000012 4831276.447900001 0 2.5000000000000004 0.10012920435822666 0.068715406206552906 0.058277214613939914 1.7448407710035643 -0.002256063887453807 7.7930000000000001 1.8393000000000002 0.90019531250000007 2141983.0931000006 -0.0063679784963054367 0.34094447327452004 0.099999999999999992 4.5000000000000009 -0.22316887670978378 0.80039062500000013 124935.83150000001 1.8150000000000002
decision_type=2 2 2 2 2 2 2 2 2 2 2 9 2 2 2 2 2 2 8 8 2 2 2 2 2 2 2 2 2 2
left_child=1 -1 5 4 9 6 8 -8 -2 -3 11 12 13 14 15 -5 17 -15 -18 -16 -21 -22 -14 25 -25 26 -24 -28 29 -13
right_child=2 3 -4 10 -6 -7 7 -9 -10 -11 -12 28 22 16 19 -17 18 -19 -20 20 21 -23 23 24 -26 -27 27 -29 -30 -31
leaf_value=0.039369197188246385 0.039017749465871748 -0.057773123184793752 -0.035496429178352142 -0.017366980061086976 0.10823410382692894 0.094313875352332988 -0.053902258273835338 0.13352577814655373 0.11365498506621258 0.049007151488748034 -0.04416563905235224 0.2286102870895563 -0.037204311144507105 -0.0099720260452965531 0.16504355994252795 0.180616597954144 0.17790329360729953 0.15898631209870911 -0.02518607837562814 -0.024164616774649414 0.19725144173083253 -0.058025304305217101 0.082657814654993722 0.15333277942185475 -0.057711728944908482 -0.042974250245454218 -0.042341100848107389 0.066629886280815384 -0.030687782041923618 -0.056362963528685341
leaf_weight=0.79827963732055529 0.41789260760380498 0.10465047369713101 0.13705537138901602 0.083525201116277481 0.11474930262193142 0.24065442062197506 0.21971328408451021 0.043346569348763214 0.15861317890483551 0.10870235279518775 0.57354314723762367 0.022376759001388087 0.35237336922102669 0.17596559652812599 0.035465330785506177 0.092864969847638812 0.16303447491787304 0.072975083005857144 0.041261422658864899 0.54386921856486792 0.041174160653279154 0.025269772081004241 0.24729773150374207 0.098232736094004666 0.038061452761885176 0.27633402628988746 0.22855141150589253 0.08675143571669125 4.7924889698651008 0.018507997204100395
leaf_count=628 352 77 579 283 88 976 325 26 141 32 760 138 307 459 86 101 130 190 116 1377 122 48 59 315 220 848 338 75 11396 177
internal_value=-0.00214084 -0.0074729 0.0378791 -0.0119575 0.0356627 0.0471888 0.0336808 -0.0230182 0.0595526 -0.00336903 -0.0139082 -0.0115745 0.00451686 0.0411643 0.0178658 0.0868664 0.0834276 0.0395568 0.136886 -0.000981281 -0.010629 0.100165 0.00333297 0.0179801 0.0943966 0.00556535 0.0294067 -0.0123592 -0.00964032 0.0996066
internal_weight=10.3536 9.13631 1.21728 8.33803 0.328102 1.08022 0.839566 0.26306 0.576506 0.213353 8.00992 7.43638 2.60301 1.27541 0.822169 0.17639 0.453237 0.248941 0.204296 0.645778 0.610313 0.0664439 1.3276 0.975229 0.136294 0.838935 0.562601 0.315303 4.83337 0.0408848
internal_count=20769 18370 2399 17742 197 1820 844 351 493 109 17545 16785 5074 2912 2017 384 895 649 246 1633 1547 170 2162 1855 535 1320 472 413 11711 315
cat_boundaries=0 4
cat_threshold=2684354726 7864636 2168488196 625100176
is_linear=0
shrinkage=0.05


Tree=10
num_leaves=31
num_cat=1
split_feature=13 7 6 19 11 8 21 18 14 1 9 6 15 5 9 22 2 15 8 5 5 6 13 1 4 9 0 10 14 6
split_gain=0.798957 0.710871 0.384058 0.503724 0.42313 0.538021 0.378721 0.357275 0.44797 0.31439 0.526636 0.300859 0.350762 0.298452 0.296743 0.333567 0.432271 0.450166 0.361874 0.380566 0.545797 0.464976 0.512164 0.439763 0.419833 0.475644 0.369253 0.34191 0.305811 0.284134
threshold=0.10050251256281419 0.9850000000000001 2.9584000000000006 6.5000000000000009 0.11842105263157884 0.62500000000000011 0.16152751423149908 7.5000000000000009 0.60043541364296094 0.091252980320985069 -0.15968086774598708 8.239550000000003 1.5000000000000002 496046881.93000001 -1.9381552436567304 0 -0.41893116896806148 10.500000000000002 0.64500000000000013 245530061.05000004 213206226.44000003 6.015950000000001 0.10013736289654575 0.006000035928574011 9.073850000000002 3.9449468882680754 0.11263830291909237 0.11111111111111116 0.4816696231790572 3.2330500000000004
decision_type=2 2 10 2 2 8 2 2 2 2 2 10 2 2 2 9 2 2 10 2 2 8 2 2 2 2 2 2 2 8
left_child=1 2 3 4 5 -1 -5 -4 -9 -7 -11 12 -10 -2 -3 16 -16 18 -18 20 21 22 23 -20 -21 26 -26 -27 -28 -25
right_child=13 14 7 6 -6 9 -8 8 11 10 -12 -13 -14 -15 15 -17 17 -19 19 24 -22 -23 -24 29 25 27 28 -29 -30 -31
leaf_value=0.09758884159417075 0.044579764166725856 -0.031045789544821203 -0.057750787319803258 0.21606557212268448 0.10926036954972605 -0.028387546331357913 0.060989188994831592 -0.027254925554076825 -0.0084048822279066803 0.1065840971454825 -0.023264175638847136 -0.016536572322863399 0.12726741387100576 -0.034706518476930508 0.12294682836715683 -0.0081448375240437201 -0.053911808753801915 -0.054486364750462472 -0.0022176698616642298 -0.022716095735483378 0.17494839122612374 -0.053534651808498306 0.14749435821854989 -0.0072577989847529278 0.090219512257361523 0.14353582307867435 0.08570841846970978 -0.020954138479917114 -0.035668453043186783 0.16692051113041595
leaf_weight=0.15367022332010871 1.0854283321866391 2.0639311232575022 0.2529582329685407 0.059780193080783806 0.1251671681168568 0.51393629120099182 0.11531413320967016 0.35415019691259991 0.06833653073806456 0.14166394733839413 0.17399502135251035 0.10422402018472565 0.15729806100962423 0.13326325388789229 0.11707202585010668 2.624467689229069 0.11695975110630397 0.16705307647282386 0.24705632491663021 0.39594634465035916 0.097990722380827289 0.095430693943166611 0.14147345089251739 0.032942587199930665 0.11952199458906493 0.15050784320451729 0.064315257851192686 0.039984428986761494 0.2687128893813378 0.080947349642992147
leaf_count=69 1820 3284 236 39 25 345 256 570 62 81 165 125 142 579 32 8432 467 339 311 610 202 262 235 135 125 288 287 63 1066 117
internal_value=-0.0020948 -0.00721552 0.0173582 0.0351247 0.0226754 0.0116534 0.113935 -0.00697978 0.0117962 -0.00426487 0.0350102 0.0537232 0.0861772 0.0359099 -0.0152113 -0.00834604 0.00519894 0.0241229 0.0312143 0.0369534 0.0655693 0.0476415 0.0668591 0.035254 0.0177885 0.0427288 0.0148293 0.109009 -0.0122278 0.11654
internal_weight=10.2635 9.04481 2.22049 1.28353 1.10843 0.983265 0.175094 0.936967 0.684009 0.829595 0.315659 0.329859 0.225635 1.21869 6.82431 4.76038 2.13591 2.01884 1.85179 1.73483 0.695841 0.59785 0.50242 0.360946 1.03899 0.643042 0.45255 0.190492 0.333028 0.11389
internal_count=20769 18370 2115 980 685 660 295 1135 899 591 246 329 204 2399 16255 12971 4539 4507 4168 3701 1262 1060 798 563 2439 1829 1478 351 1353 252
cat_boundaries=0 4
cat_threshold=3758620806 140380440 88113408 2168593672
is_linear=0
shrinkage=0.05


Tree=11
num_leaves=31
num_cat=0
split_feature=13 7 8 19 2 8 2 3 20 3 21 6 4 1 2 7 5 8 15 21 7 9 2 9 4 4 2 11 17 5
split_gain=0.731935 0.668145 0.351978 0.36864 0.541978 0.40258 0.405086 0.379095 0.468929 0.405695 0.435477 0.269488 0.382617 0.279093 0.571353 0.335145 0.26487 0.257938 0.286185 0.309984 0.371164 0.253528 0.392386 0.332191 0.245886 0.30808 0.234654 0.341065 0.295676 0.443171
threshold=0.10050251256281419 0.9850000000000001 1.3450000000000004 7.5000000000000009 -0.024254034598862158 0.65500000000000014 -0.059899321773355767 254019.32995000001 0.17631819567205123 823632.68890000007 0.19163509180996796 3.5039500000000001 4.647050000000001 0.030088003247382814 -0.3233759427155653 2.1450000000000005 496046881.93000001 1.5450000000000002 4.5000000000000009 0.18245838668373884 0.80500000000000016 0.7061593868316508 -0.45339264834843612 0.76384499440852471 9.7416000000000018 9.869550000000002 -0.035419293176096038 0.099687250888852996 44.500000000000007 399906393.34000009
decision_type=2 2 10 2 2 8 2 2 2 2 2 8 2 2 2 2 2 8 2 2 2 2 2 2 2 2 2 2 2 2
left_child=1 2 3 5 -5 6 -1 8 -7 -9 -11 -3 -13 21 -15 -16 17 18 19 -2 -21 22 -14 -23 -25 -26 28 -28 29 -27
right_child=16 11 -4 4 -6 7 -8 9 -10 10 -12 12 13 14 15 -17 -18 -19 -20 20 -22 23 -24 24 25 26 27 -29 -30 -31
leaf_value=0.07647809644788657 -0.038820704432366709 -0.029273035921532315 0.07144481611275022 0.18720180084640975 -0.058067281045747904 0.14116793483163895 -0.043829067583608577 -0.045002631179413222 -0.058172504466025989 -0.016543469019418919 0.067639384653247411 0.108066536454857 0.07238995200670699 0.11716690701193477 -0.040903402597045967 0.050768904881028504 -0.033920295681480396 0.094730676859002119 0.073674797900053435 -0.056511888781042921 0.058737734227343068 0.12813430532747724 -0.029782712910523285 -0.025996540224646699 0.11120962481021518 0.1431141513258441 0.12369917619224705 0.0083106181219791304 -0.041349951609610636 -0.056636920071941703
leaf_weight=0.3056058629115182 0.20211751210415685 2.2609384625341109 0.25689400564769171 0.065479167483917994 0.034333513251171538 0.086563351651938167 0.090744889588274702 0.62976393126596031 0.04475593971265325 0.48485217023617527 0.22487404750345036 0.069752610293880468 0.098199579694825956 0.12555390441584119 0.25116470740927288 0.1653275558007497 0.12962779620759546 0.18945573840235541 0.27146568775575497 0.087062194645908475 0.35355967002137101 0.049391544743972449 2.181133603237309 0.68837392116385299 0.074371552268868046 0.060905217755252372 0.083638546777976275 0.27329576825769442 0.34879175120747902 0.051034250815335969
leaf_count=83 336 3871 362 97 255 13 187 539 164 203 212 85 87 39 912 1135 579 382 223 90 789 78 5483 1111 37 143 791 1833 552 98
internal_value=-0.0024332 -0.00738028 0.0164027 0.00921397 0.102834 0.00420932 0.0489337 -0.00784291 0.0732292 -0.015791 0.0101295 -0.015179 -0.00813056 -0.00995144 0.023671 -0.00451387 0.0336915 0.0416327 0.0306289 0.0124481 0.0359656 -0.0146136 -0.0253808 0.000444823 -0.00354577 0.0137792 0.00491733 0.035349 -0.0186585 0.0520458
internal_weight=10.239 9.00574 2.22387 1.96697 0.0998127 1.86716 0.396351 1.47081 0.131319 1.33949 0.709726 6.78187 4.52093 4.45118 0.542046 0.416492 1.23329 1.10366 0.914205 0.642739 0.440622 3.90914 2.27933 1.6298 1.58041 0.892037 0.817666 0.356934 0.460731 0.111939
internal_count=20769 18370 2115 1753 352 1401 270 1131 177 954 415 16255 12384 12299 2086 2047 2399 1820 1438 1215 879 10213 5570 4643 4565 3454 3417 2624 793 241
is_linear=0
shrinkage=0.05


Tree=12
num_leaves=31
num_cat=0
split_feature=13 7 6 19 15 18 14 0 6 4 5 2 2 8 1 6 4 1 2 7 9 2 9 0 16 5 6 15 4 4
split_gain=0.666336 0.644437 0.32626 0.528587 0.395525 0.332254 0.366768 0.309101 0.321867 0.276043 0.273872 0.265822 0.315829 0.301821 0.37886 0.253563 0.331854 0.26298 0.472767 0.304702 0.258327 0.362745 0.277859 0.242555 0.460009 0.434784 0.240039 0.268684 0.231091 0.2607
threshold=0.10046838664385062 0.9850000000000001 2.9584000000000006 7.5000000000000009 3.5000000000000004 7.5000000000000009 0.60043541364296094 0.021400317277347265 2.7636000000000007 11.248400000000002 496046881.93000001 -0.40662764941202961 -0.23016283277332636 1.2650000000000003 0.0016442891930230632 3.5039500000000001 4.647050000000001 0.030088003247382814 -0.3233759427155653 2.1450000000000005 0.7061593868316508 -0.45339264834843612 0.76384499440852471 0.25902617575720932 1.0000000180025095e-35 373131497.55000007 8.239550000000003 1.5000000000000002 9.7416000000000018 9.869550000000002
decision_type=2 2 10 2 2 2 2 2 10 2 2 2 2 10 2 8 2 2 2 2 2 2 2 2 2 2 10 2 2 2
left_child=1 2 3 4 11 -4 9 -6 -9 -7 23 -1 -13 14 -14 -3 -17 20 -19 -20 21 -18 -22 24 -2 -26 27 -8 -24 -30
right_child=10 15 5 -5 7 6 26 8 -10 -11 -12 12 13 -15 -16 16 17 18 19 -21 22 -23 28 -25 25 -27 -28 -29 29 -31
leaf_value=0.058207258445203164 0.050639926595278495 -0.028957337304500699 -0.057257004696152851 0.16604779087946497 0.1499416090948105 -0.040586502867813873 -0.0088207864016093904 0.015879356699732793 0.13532078882553597 0.11068054462980599 -0.031771419096724561 -0.059879946814992306 0.07120379764009814 0.10107374880399547 -0.04312916258941113 0.097001216874289864 0.066819381999820335 0.10398611997250005 -0.040042738015333021 0.047365434968951431 0.11323620008744797 -0.030190983327502665 -0.025150987188925951 0.083029681388519141 -0.054413349334959976 0.11440976669549946 -0.016100343007193176 0.10852285004665799 0.1014287183593843 0.0052802544065962487
leaf_weight=0.1786447516829992 0.636817014741897 2.204808696177754 0.23981081783243086 0.069893112952246983 0.08440418611280609 0.30598307988957374 0.068199745748380114 0.25254673925315119 0.072623075615309785 0.033457643586433772 0.15421659831262546 0.21613211978414293 0.10672181365802197 0.081267713368789241 0.22566772733730583 0.073713496412215807 0.10099097242842203 0.13415297883568084 0.24240260635989666 0.1693666158684172 0.052993493675933867 2.102311779938312 0.67520090993078719 0.2477156982882347 0.23116621425751699 0.04567219489019797 0.10320269251745001 0.17133865729502062 0.077382554931186065 0.7928089760082907
leaf_count=29 540 3820 232 168 40 427 62 212 10 133 664 77 46 89 289 85 83 39 903 1120 78 5412 1090 1088 348 30 122 142 36 3355
internal_value=-0.00236562 -0.00730851 0.0160732 0.0323283 0.024655 -0.00663296 0.0111632 0.0646852 0.0425553 -0.0256766 0.0308328 0.00437464 -0.0108954 0.0146986 -0.00641976 -0.0151066 -0.00819954 -0.00998322 0.0224679 -0.0040905 -0.0146432 -0.0257444 0.000659327 0.0391459 0.0272479 -0.0265613 0.0476482 0.0751136 -0.00320108 0.0138303
internal_weight=10.1516 8.83603 2.20989 1.2879 1.21801 0.921993 0.682182 0.409574 0.32517 0.339441 1.31559 0.808434 0.629789 0.413657 0.33239 6.62613 4.42132 4.34761 0.545922 0.411769 3.80169 2.2033 1.59839 1.16137 0.913655 0.276838 0.342741 0.239538 1.54539 0.870192
internal_count=20769 18099 2078 960 792 1118 886 262 222 560 2670 530 501 424 335 16021 12201 12116 2062 2023 10054 5495 4559 2006 918 378 326 204 4481 3391
is_linear=0
shrinkage=0.05


Tree=13
num_leaves=31
num_cat=1
split_feature=22 5 8 2 6 7 5 5 3 7 13 17 13 11 11 13 8 7 11 18 13 14 13 13 1 4 11 18 0 11
split_gain=0.640296 0.660295 0.368507 0.367928 0.477957 0.449928 0.461839 0.418635 0.375457 0.352057 0.326953 0.321418 0.306874 0.299087 0.486547 0.34656 0.294131 0.460616 0.292524 0.375548 0.242734 0.267687 0.230643 0.228691 0.309719 0.224595 0.221998 0.237963 0.347005 0.27585
threshold=0 440047092.64500004 3.8250000000000006 -0.18562601820925942 1.0722500000000001 1.4550000000000003 170936795.15000004 87850716.580000013 248590.38255000001 1.0050000000000001 0.10080972987149218 70.500000000000014 0.10029586057789087 0.09895962188685474 0.098081023454157798 0.10017006851910239 0.88500000000000012 2.0650000000000004 0.13179107707686114 15.500000000000002 0.10022321539787639 0.35728236607142866 0.09977473229637758 0.099999999999999992 0.09572712590407996 9.018950000000002 0.11136428534344021 5.5000000000000009 0.332997827227764 0.10592572803774504
decision_type=9 2 8 2 8 2 2 2 2 2 2 2 2 2 2 2 10 2 2 2 2 2 2 2 2 2 2 2 2 2
left_child=1 3 9 5 -5 6 7 23 -7 13 25 12 -10 14 15 -2 -6 18 19 -18 21 -13 -9 24 -1 -11 27 28 -3 -29
right_child=2 26 -4 4 16 8 -8 22 11 10 -12 20 -14 -15 -16 -17 17 -19 -20 -21 -22 -23 -24 -25 -26 -27 -28 29 -30 -31
leaf_value=-0.056984540575138534 0.026340247479724674 0.2175786237513212 0.10112058740727244 0.1023475602359635 -0.028114077445058474 -0.056063989452416835 0.11452375495090071 0.050571388639131722 0.10512857962053271 -0.044535827321556469 0.025958873803672296 0.029646216559814833 0.012394480332067548 -0.030125716465112758 0.18106132471100136 -0.049466995100615543 0.11989494606049217 -0.036726874457258772 -0.057417990327524787 0.018170011358209469 0.049030148526923417 -0.056651392079308895 -0.056582964848427231 0.10968061786962308 0.10385985640142026 -0.018900930193481075 -0.034527433785572235 -0.01373880116896937 -0.055434879187220822 0.061329208343677367
leaf_weight=0.060297246100731346 0.60706048385681211 0.030685121447209949 0.059553087997019527 0.1306879581997194 0.48159671737340548 0.12547715424303052 0.38211845460437699 0.084771185938734672 0.24638850181350536 2.368021086600026 0.23153136543870134 0.18033227118180839 0.13984709134027895 0.59071423280256319 0.04251137058567267 0.20057746121230358 0.185710457047011 0.20832387706329342 0.051242748425103513 0.17739931840053319 0.27535412045619079 0.17911469595156781 0.1232030906429038 0.20686851942446197 0.059426135314879745 1.3367619839900138 0.50034090700375944 0.62749484997650551 0.01875093903202393 0.15202704468611061
leaf_count=113 671 124 216 151 1324 168 103 37 165 4307 617 42 67 566 19 313 548 1193 28 365 46 63 99 118 12 6454 729 1641 140 330
internal_value=-0.00229788 0.00680908 -0.00795025 0.0335143 0.0119289 0.0464345 0.0725472 0.0425415 0.0255564 -0.0239434 -0.0316838 0.0355869 0.0715517 -0.00279719 0.0161917 0.00751346 0.00122805 0.0239221 0.0544146 0.0701967 0.0137046 -0.0133564 -0.0129064 0.0778508 0.0228525 -0.0352862 -0.00822678 0.00764772 0.114025 0.000901413
internal_weight=10.0642 4.62746 5.43673 3.29816 1.23496 2.0632 0.916685 0.534566 1.14651 5.37718 3.93631 1.02104 0.386236 1.44086 0.850149 0.807638 1.10427 0.622676 0.414353 0.36311 0.634801 0.359447 0.207974 0.326592 0.119723 3.70478 1.3293 0.828958 0.0494361 0.779522
internal_count=20769 7606 13163 4642 3609 1033 482 379 551 12947 11378 383 232 1569 1003 984 3458 2134 941 913 151 105 136 243 125 10761 2964 2235 264 1971
cat_boundaries=0 4
cat_threshold=3221225602 2354585917 2235597060 541743120
is_linear=0
shrinkage=0.05


Tree=14
num_leaves=31
num_cat=1
split_feature=22 5 1 8 13 13 7 21 2 20 10 8 9 9 8 2 3 5 5 7 2 0 4 10 9 0 20 8 8 4
split_gain=0.578934 0.588994 0.350835 0.495697 0.434363 0.326505 0.398256 0.540198 0.344348 0.385444 0.696751 0.299239 0.278755 0.270566 0.258877 0.314923 0.257121 0.253954 0.264621 0.2429 0.242401 0.216408 0.239478 0.399708 0.32064 0.249413 0.223311 0.2242 0.213071 0.333748
threshold=0 440047092.64500004 0.031866854349164926 0.6150000000000001 0.10080972987149218 0.10046838664385062 1.655 0.19204425711275028 -0.14995590828924157 0.27750275027502758 0.10362506570548922 1.1150000000000004 -1.8013748345501899 -2.8720626631853703 0.96500000000000008 -0.040287600188590338 248590.38255000001 382099096.45500004 105122996.69000001 1.905 0.26162841779714635 0.71086924952462671 10.264150000000003 0.098591549295774683 7.1820302681990471 0.0099314617387497705 0.3273531777956557 1.0350000000000004 1.1650000000000003 10.123600000000001
decision_type=9 2 2 10 2 2 2 2 2 2 2 10 2 2 10 2 2 2 2 2 2 2 2 2 2 2 2 8 10 2
left_child=1 5 4 13 -2 6 8 16 9 11 -11 12 -1 -4 -10 -16 -8 18 -6 -18 -17 22 23 25 -24 -3 -23 -28 -21 -30
right_child=2 21 3 -5 17 -7 7 -9 14 10 -12 -13 -14 -15 15 20 19 -19 -20 28 -22 26 24 -25 -26 -27 27 -29 29 -31
leaf_value=0.013191466946912506 -0.032136596742002359 0.065707541194511318 0.17651102130511129 -0.0087534943311030865 -0.057936667794402132 0.062329745641181378 -0.054452312901618186 -0.047210642414662732 -0.018780042116284233 -0.050921280805591301 0.1291841036185091 0.12950272631665949 0.083501861726305429 0.029551417306856675 -0.036461859139338255 0.14127028581895065 -0.035686096174561109 -0.06659513421907573 0.094987531846583956 0.083265032432135247 -0.012598126091776711 0.021082558402386264 -0.045840095200828934 0.065425930911759647 0.098452898081511322 -0.042837391678279241 -0.056699415775591858 0.27577116014395092 -0.056641779722101632 0.066743711498119737
leaf_weight=0.2282637065419984 4.0265665824412249 0.064770012912048924 0.057644900024530293 0.95665575431571481 0.03506321362881587 0.68559070663411104 0.084626903643591156 0.38674928258812979 0.3460210494189177 0.1790647500533491 0.07669979476520028 0.18428039613833724 0.36861316684917261 0.068581347399427645 0.064658734962190489 0.092899059258047312 0.092219501219148792 0.0455599571214515 0.14641458109144689 0.26457161027739173 0.035330856236159947 0.11675338553315245 0.58034188635659589 0.20009141435002104 0.041236204321923209 0.28932641925543345 0.0069892687106211365 0.018472460088152648 0.091411891874695728 0.13686318023754157
leaf_count=62 9957 25 14 2395 132 721 135 1673 601 173 37 197 85 215 80 242 74 174 276 283 129 726 1267 216 13 417 92 208 68 82
internal_value=-0.00223928 0.0064499 -0.0076113 0.0035346 -0.0283426 0.0315958 0.0235909 -0.000162033 0.039515 0.0563649 0.00308951 0.0738082 0.056613 0.0966648 0.00709378 0.0535086 0.0270086 0.0389453 0.0654411 0.0387916 0.0988753 -0.00791415 -0.0149605 0.0089375 -0.0362675 -0.0229828 0.0503417 0.184508 0.0527275 0.0173345
internal_weight=9.97233 4.63585 5.33649 1.08288 4.2536 3.31786 2.63227 1.05644 1.57583 1.03692 0.255765 0.781157 0.596877 0.126226 0.53891 0.192889 0.669693 0.227038 0.181478 0.585066 0.12823 1.31798 1.17577 0.554188 0.621578 0.354096 0.142215 0.0254617 0.492847 0.228275
internal_count=20769 7606 13163 2624 10539 4642 3921 2315 1606 554 210 344 147 229 1052 451 642 582 408 507 371 2964 1938 658 1280 442 1026 300 433 150
cat_boundaries=0 4
cat_threshold=3221225602 2354585917 2235597060 541743120
is_linear=0
shrinkage=0.05


Tree=15
num_leaves=31
num_cat=1
split_feature=22 5 1 8 13 7 5 1 13 7 21 8 20 6 4 0 4 11 3 5 5 0 4 10 0 3 0 4 13 3
split_gain=0.523948 0.572388 0.341487 0.439068 0.394884 0.296605 0.390122 0.308736 0.285082 0.360786 0.484641 0.353789 0.309394 0.491768 0.430523 0.33898 0.258497 0.271481 0.236697 0.231008 0.235564 0.230874 0.346541 0.33075 0.231155 0.218717 0.216708 0.214421 0.263851 0.207938
threshold=0 440047092.64500004 0.031866854349164926 0.54500000000000015 0.10080972987149218 0.71500000000000008 190337462.48000002 0.10009268636702941 0.10046838664385062 1.655 0.19204425711275028 1.3250000000000004 0.27346041055718479 4.5598500000000008 9.9951500000000006 0.080727260858648356 17.604900000000004 0.094090057799735158 248590.38255000001 382099096.45500004 105122996.69000001 0.64279174913559045 10.264150000000003 0.098591549295774683 0.0099314617387497705 186936.45360000004 0.40685741662684433 12.218450000000002 0.099587192311296993 340339.33830000006
decision_type=9 2 2 10 2 2 2 2 2 2 2 10 2 10 2 2 2 2 2 2 2 2 2 2 2 2 2 2 2 2
left_child=1 8 4 -4 16 6 -5 27 9 11 18 12 13 15 -14 -1 -2 26 -11 20 -6 22 23 24 -3 -19 -18 -7 -29 -20
right_child=2 21 3 5 19 7 -8 -9 -10 10 -12 -13 14 -15 -16 -17 17 25 29 -21 -22 -23 -24 -25 -26 -27 -28 28 -30 -31
leaf_value=0.026261456468187373 -0.034120015367363449 0.062183280571149524 0.12353921305538924 -0.021557609448587551 -0.057552573524826581 -0.047082209156097482 0.073050171164274827 0.12366644213810073 0.059620097737495208 -0.053918837340278775 -0.044375769632891457 0.093702643456341633 -0.043945817601456313 -0.016378996957988456 0.1250563128940573 0.095464834567790008 0.20835988057295529 0.28210974524043758 0.079112686611613484 -0.06577115997456727 0.089134140539455287 0.040905510201972584 -0.048093314329212773 0.058793390230825339 -0.042218997399927731 -0.01557250942879574 -0.014909206803167853 0.15618922545421374 -0.019034163159212584 0.016151725897655601
leaf_weight=0.3303403255636016 3.7544914116696799 0.066184831026476654 0.071425539246302461 0.21034756613082101 0.033570118512122021 0.51293235241345314 0.22607912915259826 0.032794449030477457 0.68757341604588074 0.080504837396033646 0.37899773514876411 0.24701781247999166 0.24090063064380063 0.26578070096817841 0.044671394426861855 0.38109412349054994 0.029678768176921826 0.0063633801920168201 0.19854173313395951 0.043890483266094904 0.14817882581861749 0.19604414523915203 0.50340082718465973 0.20915587725424589 0.26650002075156609 0.20350406701118873 0.017147555408447542 0.030167387307242055 0.074638616907790556 0.38628288902757246
leaf_count=116 8102 23 130 218 131 1457 115 171 714 126 1639 382 425 203 156 252 84 163 111 178 279 1175 1085 201 362 1597 197 75 513 389
internal_value=-0.00218248 0.00618656 -0.00722035 0.00345404 -0.0271807 -0.00443692 0.0274514 -0.02583 0.0310422 0.023349 0.000753846 0.038978 0.0282731 0.0416521 -0.0175092 0.0633316 -0.0308011 0.0177422 0.0264614 0.0371789 0.0620402 -0.00888572 -0.0182245 0.00952533 -0.021449 -0.0065465 0.1266 -0.0337665 0.0314022 0.0375263
internal_weight=9.8782 4.48299 5.39521 1.15839 4.23682 1.08696 0.436427 0.650533 3.24171 2.55413 1.04433 1.5098 1.26279 0.977215 0.285572 0.711434 4.01119 0.256694 0.665329 0.225639 0.181749 1.24129 1.04524 0.541841 0.332685 0.209867 0.0468263 0.617738 0.104806 0.584825
internal_count=20769 7359 13410 2679 10731 2549 333 2216 4513 3799 2265 1534 1152 571 581 368 10143 2041 626 588 410 2846 1671 586 385 1760 281 2045 588 500
cat_boundaries=0 4
cat_threshold=3221225602 2354585917 2235596804 541743248
is_linear=0
shrinkage=0.05


Tree=16
num_leaves=31
num_cat=1
split_feature=22 2 17 7 7 9 9 13 1 8 13 2 20 11 7 5 5 5 1 7 7 6 3 4 9 5 13 8 5 5
split_gain=0.461195 0.562828 0.416996 0.365409 0.351526 0.339904 0.305091 0.506116 0.300485 0.385911 0.354321 0.294139 0.28641 0.290695 0.273314 0.342688 0.26549 0.516116 0.259804 0.252908 0.32516 0.269885 0.262456 0.251327 0.248654 0.230566 0.27275 0.213722 0.210373 0.210391
threshold=0 -0.18562601820925942 38.500000000000007 0.9850000000000001 1.4650000000000001 2.3296000095420548 0.27587565956896937 0.099788246266565253 0.031866854349164926 0.54500000000000015 0.10080972987149218 0.094081299636467067 0.32049382716049385 0.12840229551392268 0.71500000000000008 190337462.48000002 184241568.19500002 87850716.580000013 0.1001478216787647 2.2450000000000006 2.8350000000000004 4.4073500000000001 532054.1181000002 17.604900000000004 3.2332202556034977 110887413.81500001 0.10000002588235414 0.94500000000000006 382099096.45500004 105122996.69000001
decision_type=9 2 2 2 2 2 2 2 2 10 2 2 2 2 2 2 2 2 2 2 2 8 2 2 2 2 2 10 2 2
left_child=1 2 -1 25 6 -5 16 -8 10 -10 23 24 13 -13 15 -11 17 -4 -16 21 -21 22 -6 -2 -7 -3 -27 -22 29 -12
right_child=8 3 4 5 19 11 7 -9 9 14 28 12 -14 -15 18 -17 -18 -19 -20 20 27 -23 -24 -25 -26 26 -28 -29 -30 -31
leaf_value=0.10171202899919352 -0.032505955235947771 0.077309578516498501 0.080687586356237628 -0.030063529886365344 0.047243573852778026 0.073213403071530903 0.095975440900160025 -0.033209606257139417 0.11400847448036081 -0.020608351848392117 -0.057188884387061781 0.016734612145306589 0.26832670601797587 0.28521442212571385 -0.032912158159316411 0.067901404263336781 0.10444868286219387 -0.044729093090024749 0.10688864623759567 0.065566454669981719 0.04374900715801136 -0.055658708290971817 -0.029973212002421135 0.017457764832332971 -0.031616599243722072 0.050865100660296571 -0.032838715072769691 -0.057140523884412167 -0.064992818531093441 0.083834426819316341
leaf_weight=0.21338031785904155 3.7161247787393066 0.19086920137443886 0.26410669287152511 1.0088509066826301 0.24152931770365577 0.079929780010284557 0.11552385457968961 0.22058175650874179 0.073469522210738103 0.20773542575377674 0.032130821879660959 0.067548752670119089 0.020044094708319249 0.011851042882048274 0.60553779627926274 0.23092889390435606 0.30160198974383989 0.11898823717823259 0.035162466913778445 0.34185789324466076 0.093170925711424185 0.22010827529595539 0.20214934395351691 0.26997738740503807 0.19353009642448177 0.20048431656943397 0.18913647677931247 0.12022961189248824 0.042237233191461443 0.14952490198986371
leaf_count=239 8248 189 146 3860 74 216 48 110 131 221 132 495 201 35 2117 116 78 80 145 92 48 128 89 2085 463 241 214 66 178 284
internal_value=-0.00212863 0.00580706 0.034924 -0.00100136 0.0285614 -0.0149864 0.0502074 0.011193 -0.00680382 0.00312653 -0.0256842 0.025803 0.0994416 0.0568073 -0.00442091 0.0259864 0.0693589 0.0417335 -0.0252397 0.0104354 0.0353359 -0.0103938 0.012062 -0.0291219 -0.000975764 0.0322877 0.0102321 -0.013092 0.0355201 0.0588906
internal_weight=9.7783 4.41547 2.45323 1.96224 2.23985 1.38175 1.0208 0.336106 5.36283 1.15283 4.21 0.372904 0.0994439 0.0793998 1.07936 0.438664 0.684697 0.383095 0.6407 1.21905 0.555258 0.663787 0.443679 3.9861 0.27346 0.58049 0.389621 0.213401 0.223893 0.181656
internal_count=20769 7112 1198 5914 959 5270 462 158 13657 2730 10927 1410 731 530 2599 337 304 226 2262 497 206 291 163 10333 679 644 455 114 594 416
cat_boundaries=0 4
cat_threshold=3221225602 2354585901 2235596804 541743120
is_linear=0
shrinkage=0.05


Tree=17
num_leaves=31
num_cat=1
split_feature=22 5 1 3 2 7 3 2 0 21 9 6 6 13 7 8 13 1 4 4 4 13 13 21 6 4 8 6 8 6
split_gain=0.424649 0.548405 0.367392 0.362834 0.332221 0.304399 0.356055 0.297353 0.298899 0.318485 0.272895 0.262911 0.247434 0.237327 0.257828 0.2717 0.240986 0.236696 0.218838 0.238288 0.214102 0.208369 0.207227 0.206886 0.204481 0.194683 0.192929 0.235314 0.312522 0.259141
threshold=0 440047092.64500004 0.0072906229818402455 257009.33580000003 -0.50647559149445931 1.0550000000000004 1104760.7632000002 -0.18562601820925942 0.014432972215088645 0.13777285669092063 -0.67396803966967 1.9949500000000002 1.0722500000000001 0.099999261349367 2.0650000000000004 0.92500000000000016 0.10001661423892995 0.0079908734373583829 5.102850000000001 7.3251000000000008 8.718300000000001 0.10006190672983385 0.10088107436733419 0.18871224165341816 3.9617500000000008 12.218450000000002 1.3750000000000002 6.1072500000000014 1.2650000000000003 5.1466500000000002
decision_type=9 2 2 2 2 2 2 2 2 2 2 8 8 2 2 10 2 2 2 2 2 2 2 2 10 2 8 8 8 10
left_child=1 7 20 11 -5 6 17 8 9 -1 21 -4 -9 -14 15 16 -15 -6 -12 -20 -2 24 -22 -8 -10 -7 27 28 29 -3
right_child=2 26 3 4 5 25 23 12 10 -11 18 -13 13 14 -16 -17 -18 -19 19 -21 22 -23 -24 -25 -26 -27 -28 -29 -30 -31
leaf_value=0.09496257039974608 -0.040801091828009839 -0.0082048699670431886 0.12584845578756226 0.10704022319171701 0.080722980102374192 -0.039722910179455853 0.010946237723798553 0.088498625656556168 0.079617917261928295 -0.023869871978353083 -0.0076364097146630755 0.016405550499898953 -0.033447111891818891 0.075213578717825746 -0.03712173240642639 0.072798646482037252 -0.029234416515890323 -0.031209663669405693 0.082403737825177903 0.025672119330516309 -0.01750125928640809 0.10379833033739326 0.082342580759862893 0.07936310390172574 -0.012972402573917725 0.0095182483049134885 -0.048631100303615664 -0.025507730536673257 0.15044354776312743 0.081150376849929651
leaf_weight=0.070645027211866829 1.8697246614688103 0.36173805330422693 0.082078755234006262 0.058161875989753198 0.052214973122550135 1.030516578788804 0.26627250252063578 0.090543875036251553 0.15355667878784246 0.27932101896192318 0.22904610457484165 0.16556667877141934 0.31855463060498634 0.077472924565010509 0.1581873272228852 0.25424418279295852 0.19230181262032883 0.49469947739956704 0.30509758401858728 0.47058058055835655 0.90890648379003003 0.33799581118487909 0.055120556910477903 0.18887248806959617 0.097485081979683808 0.24928645916714853 0.25021401470779281 0.45526878904686019 0.044554147172333525 0.10460347204431708
leaf_count=13 2781 457 105 9 15 2703 113 132 68 249 163 842 1263 91 912 509 359 655 96 180 4657 105 168 159 62 1527 870 1315 53 138
internal_value=-0.00207438 0.00562759 -0.00650175 -0.0048736 -0.0109644 -0.0139722 0.006666 0.0302332 0.04196 0.000117944 0.0511479 0.0526789 0.00934652 0.00218523 0.0188237 0.0357121 0.000760578 -0.0205232 0.0353061 0.0479864 -0.0309325 0.0781693 -0.0117924 0.0393373 0.043663 -0.0301315 -0.00950163 0.000631992 0.0239256 0.0118381
internal_weight=9.67283 4.25141 5.42142 2.58767 2.34002 2.28186 1.00206 3.03503 1.94373 0.349966 1.59376 0.247645 1.0913 1.00076 0.682206 0.524019 0.269775 0.546914 1.00472 0.775678 2.83375 0.589038 0.964027 0.455145 0.251042 1.2798 1.21638 0.966164 0.510896 0.466342
internal_count=20769 7035 13734 6128 5181 5172 942 4202 936 262 674 947 3266 3134 1871 959 450 670 439 276 7606 235 4825 272 130 4230 2833 1963 648 595
cat_boundaries=0 4
cat_threshold=3221225602 2354577725 2235596804 541743248
is_linear=0
shrinkage=0.05


Tree=18
num_leaves=31
num_cat=1
split_feature=22 5 10 7 13 2 13 11 8 3 2 13 20 4 17 15 13 9 7 17 4 2 18 8 15 2 17 6 8 1
split_gain=0.39136 0.508405 0.46316 0.423189 0.292981 0.272614 0.484145 0.386223 0.267408 0.259801 0.257171 0.254469 0.343032 0.25037 0.234634 0.226099 0.225528 0.213262 0.229964 0.355094 0.210193 0.215633 0.214436 0.222267 0.205156 0.269049 0.322075 0.205413 0.357715 0.271932
threshold=0 589551017.96500003 0.092908668435381245 1.0550000000000004 0.10046838664385062 -0.18562601820925942 0.10029586057789087 0.10875197396049265 0.66500000000000015 248590.38255000001 -0.45339264834843612 0.10017006851910239 0.1356236786469345 8.718300000000001 105.50000000000001 4.5000000000000009 0.10088107436733419 -2.4683830100816868 1.2550000000000001 71.500000000000014 12.218450000000002 -0.29481535311860219 19.500000000000004 1.155 1.5000000000000002 -0.15268340980216569 80.500000000000014 2.4861500000000003 1.2050000000000003 0.010810810810810813
decision_type=9 2 2 2 2 2 2 2 10 2 2 2 2 2 2 2 2 2 2 2 2 2 2 10 2 2 2 10 10 2
left_child=1 4 3 11 5 6 7 8 -1 -5 -11 24 -13 -4 16 -7 -15 -10 -19 -20 -12 -22 -23 -24 25 -2 -27 -26 29 -29
right_child=2 -3 13 9 -6 15 -8 -9 17 10 20 12 -14 14 -16 -17 -18 18 19 -21 21 22 23 -25 27 26 -28 28 -30 -31
leaf_value=0.092455503381149856 -0.058479941195200794 -0.014978766533583153 -0.042313305913869198 0.040510858182653695 0.057924065242193595 0.013008653653738496 -0.040004549847660456 0.082111991935458414 -0.042337369215530905 0.083800596039033615 -0.041295744251682684 0.088169132123872784 -0.050241252618710909 -0.027554423150124598 0.045473959304328994 -0.04583666936789197 0.081050604992398703 0.066982460486240444 0.066263667968085888 -0.033541751966878836 0.12770314922602974 -0.024534329462585991 -0.052922104474395451 0.23860069254241376 0.076319955217706167 0.098162700140429188 -0.036916623176472645 0.070439543326044296 0.12812529882167686 -0.041157955271180338
leaf_weight=0.12595554303162015 0.12389076636070712 0.83701128750949338 1.8236057859419437 0.16013109254180813 0.68041517343588287 0.68118231204074087 0.19423141277879152 0.45063525313168806 0.13833278460570742 0.050686450791544435 1.0506567961751185 0.056047415360819891 0.22237504120114018 0.84867129660216911 0.15336150894912082 0.21468125984707354 0.050654546101287501 0.22193578655686302 0.14069115217730144 0.24312729534124394 0.03277142359309726 0.22671672883428498 0.010796992040255887 0.016576884946149562 0.32093973895691791 0.098167527013398745 0.080164078388857876 0.079164341738444527 0.06116835739057469 0.17582965324691188
leaf_count=58 69 2073 2845 692 759 2441 93 221 111 22 2808 8 367 4351 416 585 153 89 116 74 18 1265 138 207 235 183 55 26 91 200
internal_value=-0.00201574 0.00552481 -0.00615268 -0.00244915 0.0289494 0.0207716 0.0337015 0.0445414 0.0250818 -0.0197932 -0.0267493 0.0196034 -0.0223788 -0.0311053 -0.0116892 -0.00109281 -0.0214372 0.0136771 0.0264688 0.00304257 -0.0309387 0.00699475 -0.00857366 0.123616 0.0320472 -0.00187982 0.0374415 0.0481412 0.0195366 -0.00651187
internal_weight=9.57058 3.9282 5.64238 2.76608 3.09119 2.41077 1.51491 1.32068 0.870043 1.54834 1.38821 1.21775 0.278422 2.87629 1.05269 0.895864 0.899326 0.744087 0.605754 0.383818 1.33752 0.286862 0.254091 0.0273739 0.939324 0.302222 0.178332 0.637102 0.316162 0.254994
internal_count=20769 6620 14149 6384 4547 3788 762 669 448 5150 4458 1234 375 7765 4920 3026 4504 390 279 190 4436 1628 1610 345 859 307 238 552 317 226
cat_boundaries=0 4
cat_threshold=2147483778 2354577725 2235596804 1615486096
is_linear=0
shrinkage=0.05


Tree=19
num_leaves=31
num_cat=1
split_feature=13 7 8 2 21 9 22 15 2 7 11 6 21 4 0 2 13 7 10 2 8 13 2 15 8 13 2 8 4 14
split_gain=0.349035 0.374703 0.224738 0.211602 0.586137 0.185293 0.219966 0.327898 0.226357 0.193619 0.269563 0.443771 0.316249 0.262623 0.31849 0.332706 0.254959 0.227404 0.191447 0.189589 0.185263 0.282786 0.336399 0.183547 0.218831 0.23124 0.188071 0.187828 0.181617 0.185823
threshold=0.10046838664385062 0.9850000000000001 0.64500000000000013 -0.41893116896806148 0.14424410540915397 -1.9381552436567304 0 18.500000000000004 -0.36147631156558274 2.1350000000000002 0.10241125359346243 7.9759500000000001 0.11602982292637466 6.6102000000000007 0.11263830291909237 0.25737452074981587 0.10013736289654575 1.6150000000000004 0.099584276671259589 -0.32973409883607008 1.2750000000000001 0.099931941836208585 -0.21444087143222187 6.5000000000000009 1.5450000000000002 0.10080972987149218 -0.36147631156558274 0.50500000000000012 11.986950000000002 0.77756076388888895
decision_type=2 2 8 2 2 2 9 2 2 2 2 8 2 2 2 2 2 2 2 2 8 2 2 2 8 2 2 10 2 2
left_child=1 -1 -3 4 -4 20 7 8 -7 10 12 16 -10 -11 -15 -16 18 -18 -12 -14 -5 22 -22 24 25 27 -27 -2 -21 -30
right_child=23 2 3 5 -6 6 -8 -9 9 13 11 -13 19 14 15 -17 17 -19 -20 28 21 -23 -24 -25 -26 26 -28 -29 29 -31
leaf_value=0.012113423901478494 0.086055893419184237 -0.04371695545430479 0.13222068606426104 -0.034490407865165308 -0.018160263727312009 -0.052959390978447277 -0.0060963727952768956 -0.054793079379717592 0.12129902988729671 -0.050530531781745262 0.11061302988278693 -0.0096533497630035357 0.1208343751956867 0.07660169240175857 -0.014965146710945551 0.27182419163483024 0.083015960715880008 0.19729183472807107 0.036551381875848207 -0.03578474917187912 0.15478117541363581 -0.028178397277395347 -0.038717431486869958 0.068202052755374984 0.060478049823678215 -0.066565137496600355 0.033674047030339237 -0.040200278224554846 -0.053165544632421194 0.14760216039530016
leaf_weight=2.1577157061327155 0.032518433131748958 0.51615020271392242 0.097532407999094212 1.2314046265480187 0.19305559706238631 0.073082945239794417 1.8759512256842545 0.11280569210412594 0.059109574052186309 0.1233074916206619 0.14363616551684052 0.14329537312512941 0.027272383449598703 0.21611962734024237 0.26939747256857183 0.01050731613495437 0.088684481011193958 0.085509913431023279 0.2223037254049702 0.23089347151799938 0.058625873746322922 0.16053200398115008 0.036412274798498144 0.1861595641515853 0.20930174709453109 0.051753739360720252 0.4882519844701626 0.31294182257624326 0.018717476508272757 0.029994439022286611
leaf_count=2078 32 1656 154 1930 97 36 7090 161 38 394 111 313 12 239 1533 207 63 52 245 585 197 472 205 328 475 37 818 980 134 97
internal_value=-0.00196596 -0.00576544 -0.0121691 -0.00921284 0.0323133 -0.0115256 -0.00557681 0.00435234 0.0331699 0.0369419 0.0500258 0.0685702 0.0153968 0.0147722 0.0310059 -0.00419939 0.0893226 0.139113 0.0656215 -0.00500168 -0.0264502 0.0122896 0.0806454 0.0223035 0.0144986 0.00363027 0.0240672 -0.0283157 -0.0172756 0.0704575
internal_weight=9.46294 8.18202 6.0243 5.50815 0.290588 5.21756 3.73059 1.85464 1.74183 1.66875 1.04942 0.68343 0.365987 0.619332 0.496024 0.279905 0.540134 0.174194 0.36594 0.306878 1.48697 0.25557 0.0950381 1.28093 1.09477 0.885466 0.540006 0.34546 0.279605 0.0487119
internal_count=20769 18099 16021 14365 251 14114 11310 4220 4059 4023 1650 784 866 2373 1979 1740 471 115 356 828 2804 874 402 2670 2342 1867 855 1012 816 231
cat_boundaries=0 4
cat_threshold=3759669412 139987224 2218819841 2176982280
is_linear=0
shrinkage=0.05


Tree=20
num_leaves=31
num_cat=1
split_feature=22 2 1 3 7 13 17 3 7 4 5 2 11 5 4 2 17 4 14 4 2 8 2 13 6 6 9 15 8 18
split_gain=0.329343 0.415408 0.377659 0.347242 0.324121 0.368805 0.27937 0.275938 0.249172 0.296247 0.4098 0.254474 0.289717 0.248563 0.240487 0.208338 0.19867 0.195243 0.195023 0.201494 0.193498 0.292363 0.303034 0.189168 0.175853 0.171865 0.16877 0.293062 0.226858 0.169284
threshold=0 -0.18562601820925942 0.0072906229818402455 257009.33580000003 1.0550000000000004 0.10016181272141235 38.500000000000007 334876.02460000006 1.4650000000000001 6.0484000000000009 75021053.230000004 -0.22692880036630028 0.10106572272279861 46499445.125000007 8.718300000000001 -0.45339264834843612 105.50000000000001 12.218450000000002 0.30021770682148047 8.6583500000000004 -0.17232099333802745 1.0750000000000004 -0.059899321773355767 0.10088107436733419 1.0722500000000001 2.7915500000000004 1.9197806215722204 2.5000000000000004 1.6950000000000001 8.5000000000000018
decision_type=9 2 2 2 2 2 2 2 2 2 2 2 2 2 2 2 2 2 2 2 2 8 2 2 8 10 2 2 10 2
left_child=1 6 14 13 5 20 -1 -3 9 10 -8 12 -10 -4 -2 -6 23 -17 -14 -20 -5 22 -22 -16 -9 -12 -26 28 -28 -29
right_child=2 7 3 4 15 -7 8 24 11 -11 25 -13 18 -15 16 17 -18 -19 19 -21 21 -23 -24 -25 26 -27 27 29 -30 -31
leaf_value=0.086338897960501704 -0.039380831531950419 0.046598973399349569 0.10770702622767332 -0.0032556996654096466 0.073103974261675073 -0.049348755679067199 0.080060975360249031 0.076361525954381171 -0.043010954555162274 0.078986714581758377 -0.046118576439636391 0.063370408745701698 -0.02833962149443936 0.011873697054572698 -0.023863275890449578 -0.039902388974964668 0.042039380243590732 0.0077150588185149367 0.06161668430133125 -0.0067596301922513095 0.074593364318751937 0.097734788584393453 -0.019396288223402492 0.075767229594530319 -0.02586986509100225 0.02868358190027083 0.083596325373153368 0.11051666807788579 -0.051328675697261551 -0.042964760288446951
leaf_weight=0.21670889418273831 1.851046407571574 0.25604231425339108 0.11237382501492849 0.34993218674734272 0.051576415891760985 0.20177397729720647 0.18326866232096967 0.056490129069301384 0.27806838407104251 0.38759900195195546 0.1791398734649193 0.1879316288299322 0.16386075638738962 0.17005308327834673 0.89487470353884957 0.97898101164264573 0.15784084723635539 0.27594864015422826 0.27969816141171633 0.17525296394444689 0.14413942041200459 0.17415558921616675 0.21172650977689247 0.050322655374474778 0.89458152592603868 0.13440084398491517 0.15738614849484706 0.019863374270134487 0.038842279874594932 0.18805495390765106
leaf_count=212 2934 1025 200 125 22 302 118 115 116 159 74 131 54 797 4505 2804 437 1613 67 67 43 208 314 147 2768 58 376 80 223 675
internal_value=-0.00222316 0.00502476 -0.00577764 -0.00242339 -0.00862338 0.01162 0.0324561 -0.00100483 0.0265264 0.0462244 0.020664 0.0104672 -0.000618043 0.0500045 -0.0283682 -0.0253839 -0.00988751 -0.0294317 0.0184316 0.0352773 0.0256001 0.0446514 0.0186731 -0.0185589 -0.00999865 -0.0140542 -0.013755 0.0130613 0.0568887 -0.028302
internal_weight=9.42194 3.79719 5.62475 2.67066 2.38823 1.08173 2.18593 1.61126 1.96922 0.884408 0.496809 1.08481 0.89688 0.282427 2.95408 1.30651 1.10304 1.25493 0.618812 0.454951 0.879954 0.530022 0.355866 0.945197 1.35522 0.313541 1.29873 0.404147 0.196228 0.207918
internal_count=20769 6318 14451 6428 5431 992 1056 5262 844 409 250 435 304 997 8023 4439 5089 4417 188 134 690 565 357 4652 4237 132 4122 1354 599 755
cat_boundaries=0 4
cat_threshold=2147483778 2354577709 2218835972 541744272
is_linear=0
shrinkage=0.05


Tree=21
num_leaves=31
num_cat=1
split_feature=22 5 8 7 3 5 11 18 0 0 13 21 6 4 2 15 8 8 13 8 3 2 7 2 7 17 7 4 11 1
split_gain=0.309485 0.392592 0.334933 0.252829 0.263169 0.385598 0.375992 0.248195 0.240471 0.227745 0.225325 0.181685 0.181575 0.280511 0.178653 0.242896 0.181431 0.380722 0.278753 0.227056 0.299171 0.201407 0.200694 0.186548 0.261401 0.169684 0.169123 0.166126 0.164105 0.191633
threshold=0 589551017.96500003 1.3650000000000004 1.0050000000000001 1104760.7632000002 276839827.7100001 0.1164638899578659 10.500000000000002 0.10703200707871319 0.74188216547710761 0.10046838664385062 0.1856158484065461 3.5978500000000007 4.2598000000000011 -0.45339264834843612 13.500000000000002 0.70500000000000007 0.88500000000000012 0.10028957555937569 0.9850000000000001 334876.02460000006 -0.26182473186673388 1.6150000000000004 -0.20308429761305832 0.96500000000000008 110.50000000000001 0.84500000000000008 6.7060500000000003 0.0078456276069104602 -0.0097890690060347101
decision_type=9 2 8 2 2 2 2 2 2 2 2 2 10 2 2 2 8 10 2 8 2 2 2 2 2 2 2 2 2 2
left_child=1 10 3 4 6 -6 -2 -7 -9 28 14 -11 -5 -14 -1 16 18 21 23 20 -19 -18 -22 -16 26 -15 -25 -24 -4 -30
right_child=2 -3 9 12 5 7 -8 8 -10 11 -12 -13 13 25 15 -17 17 19 -20 -21 22 -23 27 24 -26 -27 -28 -29 29 -31
leaf_value=0.082423158155329454 -0.033381835405104594 -0.014555465691282044 0.058100203600551764 -0.045923245462356092 0.078410253493333817 -0.045034249475164635 0.089916481090253422 0.10919658689032685 -0.025206052753904518 0.11298066941169008 0.050869021393794692 -0.018512767440624724 0.085256311694325904 -0.029322705156043218 0.092675005035068869 -0.054780912382435411 0.011109269850984579 -0.024955291950778877 -0.056505623865252777 0.015441037696386928 0.024906632642206765 -0.047904341235637304 0.18515699062760654 0.0098553610967237106 -0.0542183761885668 0.020233178516358721 0.11307401782151179 0.078637014708820632 0.048062068378657959 -0.019501976071735587
leaf_weight=0.10297671054263613 0.7005524734302252 0.79861560164179346 0.10913486744112144 1.1407013183284052 0.19853344454741667 0.19894285433743772 0.067816264165034279 0.067736819506894363 0.065424692283271718 0.087174001080658814 0.65173528766839917 0.037600069952917037 0.060459466789917093 1.6650083765086381 0.21346119640215122 0.11802786158182232 0.25953860325772571 0.068191072068889941 0.059126339377448212 0.94963559728406499 0.069164262541678095 0.3264188358293616 0.068424510069570718 0.077441649376868427 0.068306372353139411 0.19273401451150585 0.081396328129647144 0.078705822570470055 0.12725431263349396 0.59875139321001225
leaf_count=59 999 1972 104 2243 53 116 107 18 117 252 806 1132 10 5775 73 169 70 128 70 1968 74 728 49 70 446 613 36 108 289 2115
internal_value=-0.00216002 0.00479196 -0.00568963 -0.022278 -0.00379719 0.023284 -0.0224995 -0.00967079 0.0431621 0.0103477 0.0246416 0.0733558 -0.0301262 -0.0207321 0.017914 0.0151891 0.0187491 0.0114221 0.0454346 0.0271795 0.0663632 -0.0217654 0.0951532 0.0591143 0.0275753 -0.0241815 0.0627496 0.128175 0.000934008 -0.00765935
internal_weight=9.30899 3.99117 5.31782 4.35791 1.29901 0.530638 0.768369 0.332104 0.133162 0.959915 3.19255 0.124774 3.0589 1.9182 2.54082 2.43784 2.31981 1.82008 0.499732 1.23412 0.284486 0.585957 0.216295 0.440606 0.227144 1.85774 0.158838 0.14713 0.835141 0.726006
internal_count=20769 6826 13943 10051 1410 304 1106 251 135 3892 4854 1384 8641 6398 4048 3989 3820 3125 695 2327 359 798 231 625 552 6388 106 157 2508 2404
cat_boundaries=0 4
cat_threshold=2147483810 2354577725 2218835972 1614961808
is_linear=0
shrinkage=0.05


Tree=22
num_leaves=31
num_cat=1
split_feature=22 5 7 4 8 9 2 13 15 13 2 15 8 21 13 21 15 3 9 13 4 1 3 3 2 14 9 3 6 10
split_gain=0.28181 0.355996 0.355544 0.28717 0.307491 0.222192 0.209852 0.252464 0.227323 0.221325 0.287221 0.333366 0.375234 0.260665 0.266908 0.217037 0.20731 0.200299 0.189018 0.206969 0.208624 0.303312 0.205952 0.200891 0.2043 0.261809 0.197552 0.188669 0.231066 0.185448
threshold=0 589551017.96500003 1.0050000000000001 8.4914500000000022 5.495000000000001 -2.4683830100816868 -0.45339264834843612 0.10046838664385062 13.500000000000002 0.10029586057789087 -0.18562601820925942 3.5000000000000004 0.69500000000000006 0.14160401002506268 0.099699017560705996 0.20722186076772939 1.5000000000000002 117518.762 -5.2021176346199125 0.10028469765311866 13.161650000000002 0.003391473664319689 259375.93145000003 1172632.0233000002 -0.23016283277332636 0.25820497214289068 -5.7545768818774929 763597.31295000005 2.2428000000000003 0.10704202287375449
decision_type=9 2 2 2 8 2 2 2 2 2 2 2 10 2 2 2 2 2 2 2 2 2 2 2 2 2 2 2 10 2
left_child=1 6 18 4 17 -5 -1 8 9 10 11 12 -8 -14 -15 27 -11 -4 26 20 21 -20 -23 24 -24 -26 -2 -12 -29 -7
right_child=2 -3 3 5 -6 29 7 -9 -10 16 15 -13 13 14 -16 -17 -18 -19 19 -21 -22 22 23 -25 25 -27 -28 28 -30 -31
leaf_value=0.092385185256787114 0.012314243717523182 -0.013184824021787693 0.075994824640150657 -0.035197511859691021 0.087685740717974608 -0.0082733574074418375 0.091861482508593106 0.050344003812475627 -0.054527186776344105 0.040869549892906032 -0.03324891654684517 0.081329888831121688 0.075928771832689618 0.035120929216709583 -0.041341688152232339 0.054363711205953437 -0.053402074550094228 -0.040703689835874537 -0.045980629358503472 -0.054982128102256736 0.087006645914955327 0.10333480427699571 -0.058155513075901721 0.042081602793968977 0.064500786043681077 -0.039334240513705168 0.090594040206728788 0.092561013613496959 -0.036352505721853355 0.035564770579929614
leaf_weight=0.11278911215065823 0.28138080431186524 0.74740236406771643 0.037448235054927337 0.54393644137308572 0.049361911438453254 0.93482313309937248 0.15177775518422676 0.64067615805199629 0.11278077719824509 0.085132551312269877 0.3910290083773324 0.34594431215609467 0.10271991330955643 0.18595890198877163 0.29547988333892783 0.14108609619175139 0.18514647913493759 2.0290550221337202 0.28650212029154132 0.17747768045798062 0.069619921175037791 0.0602828951080292 0.16337282109463597 0.24948045819359899 0.12518522615675426 0.1178625183427412 0.11295102382708738 0.076952696630944811 0.063396265148399106 0.32515600054217153
leaf_count=65 223 1806 96 1214 18 6182 54 735 133 144 598 162 45 92 173 1583 219 4521 288 346 143 130 71 187 244 156 52 90 128 871
internal_value=-0.00209734 0.00468844 -0.00534842 -0.023147 -0.035643 -0.00849 0.0255275 0.0228131 0.0145608 0.0184093 0.0248981 0.0408483 0.0218189 0.00362026 -0.0118075 -0.000763045 -0.0237084 -0.0385889 0.00455489 -0.00496799 0.00330987 -0.00250149 0.0148919 0.00676325 -0.0149169 0.0141475 0.0347364 -0.0153997 0.0343302 0.00303971
internal_weight=9.20217 3.63827 5.5639 3.91978 2.11587 1.80392 2.89087 2.77808 2.1374 2.02462 1.75434 1.08188 0.735936 0.584159 0.481439 0.672464 0.270279 2.0665 1.64412 1.24978 1.07231 1.00269 0.716184 0.655901 0.406421 0.243048 0.394332 0.531378 0.140349 1.25998
internal_count=20769 6027 14742 12902 4635 8267 4221 4156 3421 3288 2925 526 364 310 265 2399 363 4617 1840 1565 1219 1076 788 658 471 400 275 816 218 7053
cat_boundaries=0 4
cat_threshold=2684354562 2354839869 2218835972 1614961808
is_linear=0
shrinkage=0.05


Tree=23
num_leaves=31
num_cat=1
split_feature=13 7 8 8 22 2 15 5 3 0 0 6 0 18 6 7 13 7 8 5 0 8 3 8 20 13 18 10 11 18
split_gain=0.256 0.239943 0.212018 0.195975 0.172328 0.25519 0.256122 0.217098 0.229845 0.212681 0.192665 0.298596 0.189625 0.198332 0.208859 0.185158 0.171106 0.212794 0.170479 0.170047 0.169243 0.202884 0.339031 0.331161 0.282295 0.197362 0.189717 0.16577 0.468883 0.177768
threshold=0.10062893081761017 0.9850000000000001 5.495000000000001 0.64500000000000013 0 -0.45339264834843612 10.500000000000002 399906393.34000009 1153504.4446500002 0.49454447806137442 0.038333697379392843 10.200950000000001 0.0086968492034631764 15.500000000000002 9.2012500000000017 2.3750000000000004 0.10018399279601344 1.7150000000000001 1.2050000000000003 82445317.420000017 0.69972894891222681 0.65500000000000014 259375.93145000003 0.8650000000000001 0.24305019305019307 0.10015873055865589 16.500000000000004 0.10232705491437015 0.11304347826086962 21.500000000000004
decision_type=2 2 8 8 9 2 2 2 2 2 2 10 2 2 10 2 2 2 8 2 2 8 2 10 2 2 2 2 2 2
left_child=1 20 3 -3 5 -5 7 12 -9 -6 -10 15 -7 14 19 -12 -11 -18 -17 -14 21 -1 24 -24 -23 -25 -22 29 -29 -15
right_child=-2 2 -4 4 9 6 -8 8 10 16 11 -13 13 27 -16 18 17 -19 -20 -21 26 22 23 25 -26 -27 -28 28 -30 -31
leaf_value=0.035182534445633351 0.023525668649369821 -0.041960428759630526 0.08475482391997978 0.092829906602239998 -0.035381357547523092 -0.02837971275381497 -0.039016435079251587 -0.043960547900075315 0.068546440724448307 -0.013151508666960968 -0.036453218724150104 0.095217056699961389 -0.039468816839486727 -0.040124783010494602 0.13601427258527329 -0.055016928225294852 0.12954384168021263 -0.031930506654030112 0.11329685054082689 0.049983293407597884 0.10389607096085303 0.084621821463128924 -0.041798196852630712 0.020487220429095329 -0.057601228686705343 -0.03840541980727101 -0.019255945151500378 0.12259915425215527 -0.054301197665389371 0.12634380842472323
leaf_weight=0.45489372122890537 0.8839227662259671 0.46841607432204269 0.058473473480742721 0.11110008509242053 2.6044855652019834 0.11710640877744571 0.19875655678410264 0.2203848508784394 0.13425266421539844 0.33991919037557206 0.28476249473803306 0.068539841837525817 0.057082019347940216 0.17478911242674114 0.066327965320990168 0.022820206254107744 0.051834692913244163 0.033646699979709371 0.04415124303887924 0.76705884983946959 0.092965628580540652 0.17185324866570609 0.55087030913522672 0.66933884731016091 0.043778194180494751 0.18065559426057565 0.047124710841825276 0.085381830270071693 0.066736455902323813 0.017657318392289012
leaf_count=338 1751 1737 81 55 5441 163 396 1084 84 3548 520 189 193 332 222 153 294 640 150 1129 350 144 403 423 167 163 212 69 62 276
internal_value=-0.00204053 -0.00479471 -0.00998839 -0.0109218 -0.00826229 0.00368355 0.0152629 0.0203349 -0.000765694 -0.00698242 0.0164012 -0.000256139 0.0324276 0.0381934 0.0506573 -0.0188603 0.00275049 0.0659852 0.0559447 0.0437876 0.0092815 0.00568436 -0.00261664 -0.0116004 0.0557472 0.00797033 0.0624692 0.00598259 0.0449905 -0.024851
internal_weight=9.08909 8.20516 5.99368 5.93521 5.46679 2.43691 2.32581 2.12705 0.774911 3.02989 0.554526 0.420274 1.35214 1.23503 0.890469 0.351734 0.425401 0.0854814 0.0669714 0.824141 2.21148 2.07139 1.6165 1.40086 0.215631 0.849994 0.14009 0.344565 0.152118 0.192446
internal_count=20769 19018 16818 16737 15000 5077 5022 4626 2180 9923 1096 1012 2446 2283 1544 823 4482 934 303 1322 2200 1638 1300 989 311 586 562 739 131 608
cat_boundaries=0 4
cat_threshold=2692743174 6160668 88113413 88759552
is_linear=0
shrinkage=0.05


Tree=24
num_leaves=31
num_cat=1
split_feature=22 5 4 1 10 8 7 10 3 15 21 1 14 1 6 19 13 11 10 2 14 15 2 7 6 13 14 7 14 4
split_gain=0.240287 0.281339 0.278328 0.373065 0.313721 0.253705 0.291963 0.23579 0.220803 0.208341 0.189061 0.187817 0.227422 0.300786 0.269513 0.18754 0.186052 0.175491 0.169596 0.17906 0.169206 0.32313 0.159822 0.254715 0.215612 0.169226 0.157083 0.155245 0.17518 0.15393
threshold=0 589551017.96500003 8.4914500000000022 0.0078086267032675414 0.090909090909091023 0.54500000000000015 0.71500000000000008 0.1062002189353257 1120258.4982000003 4.5000000000000009 0.16475270781678195 0.09983765164153692 0.68588039867109651 -1.0000000180025095e-35 2.6685500000000002 5.5000000000000009 0.10035377407687075 0.13068535129694073 0.10090285968464575 -0.059899321773355767 0.47512376237623766 2.5000000000000004 -0.18562601820925942 0.94500000000000006 1.5680500000000002 0.10004077065895546 0.76479125757705124 0.82500000000000007 0.79329085457271376 13.336600000000002
decision_type=9 2 2 2 2 10 2 2 2 2 2 2 2 2 8 2 2 2 2 2 2 2 2 2 8 2 2 2 2 2
left_child=1 7 3 -2 5 -5 8 16 10 11 -7 12 13 18 -15 -9 17 22 -4 -20 -16 -22 24 25 -1 -24 -3 -28 -29 -14
right_child=2 26 9 4 -6 6 -8 15 -10 -11 -12 -13 29 14 20 -17 -18 -19 19 -21 21 -23 23 -25 -26 -27 27 28 -30 -31
leaf_value=-0.028351929702936537 -0.042087460753256825 -0.047292136845079047 0.2184776240489919 0.070700041076137907 0.061485619925957941 0.049754459222219369 -0.038968842913764241 0.01198050350214762 0.049886646135569701 -0.038452310229001453 -0.040036643930252011 0.19588525997144793 -0.041834999345952507 0.097773867280973328 -0.038724781556993881 -0.050672212972578658 0.051274451795540701 0.08081642769403119 0.067490051159740286 -0.012319030157917299 -0.017278896222373396 0.11874283608127634 0.059744283860281647 -0.025895113877715228 0.035748123715762463 -0.034093990436161722 0.089017088407906508 0.095285387140477226 -0.012252171853358348 0.0103104577412894
leaf_weight=0.1501589238614825 1.5408578610634047 0.21859464717997745 0.015104282533452806 0.081859370409840593 0.14968692201171196 0.078614595779877838 0.7968069652507731 0.36320030148636945 0.20326868368375572 0.29891701573164997 0.23054413765206561 0.013065517520256642 0.32825869901885363 0.060088139154923274 0.29807826033457058 0.17796715114759204 0.6315106295414129 0.11243961197752872 0.28197397462500956 0.093612492766594335 0.16470985634043617 0.059410466369210435 0.19562155255330022 0.43552697814348201 1.038421242585946 0.063686394205660912 0.047176064104784698 0.040561179594768015 0.57093305955696838 0.24878274057463157
leaf_count=103 2609 660 93 119 115 45 2201 307 89 1406 259 90 949 101 1546 279 931 83 298 894 763 211 219 2478 532 119 34 112 1367 1757
internal_value=-0.00198445 0.00417451 -0.00511745 -0.024691 -0.0072937 -0.0146946 -0.0200339 0.0214304 0.00940934 -0.00020654 -0.0172041 0.0071074 0.00551614 0.0202654 -0.00250633 -0.00862333 0.0276207 0.0201363 0.0542044 0.0475982 -0.0140453 0.0187781 0.0165137 -0.00253596 0.0276501 0.0366975 -0.0105654 0.00162326 -0.00511907 -0.0193533
internal_weight=8.98944 4.0458 4.94364 3.08164 1.54078 1.39109 1.30923 3.16853 0.512427 1.862 0.309159 1.56308 1.55002 0.972977 0.582287 0.541167 2.62737 1.99585 0.390691 0.375586 0.522199 0.22412 1.88342 0.694835 1.18858 0.259308 0.877265 0.65867 0.611494 0.577041
internal_count=20769 7224 13545 5437 2828 2713 2594 5051 393 8108 304 6702 6612 3906 2621 586 4465 3534 1285 1192 2520 974 3451 2816 635 338 2173 1513 1479 2706
cat_boundaries=0 4
cat_threshold=3221225506 2354905405 2218835972 4348048
is_linear=0
shrinkage=0.05


Tree=25
num_leaves=31
num_cat=1
split_feature=22 7 4 8 2 11 17 0 17 1 9 11 15 9 1 21 4 1 11 1 19 15 4 6 7 3 0 5 21 14
split_gain=0.218144 0.253009 0.294129 0.274573 0.236941 0.29855 0.234359 0.195556 0.183721 0.213625 0.191081 0.171836 0.418995 0.310577 0.237108 0.237173 0.154772 0.151594 0.220689 0.151101 0.206076 0.183793 0.135388 0.274828 0.222941 0.273351 0.197053 0.186035 0.168399 0.14968
threshold=0 1.0050000000000001 7.671450000000001 2.9450000000000007 -0.18562601820925942 0.10073792578829513 37.500000000000007 0.30264906867944735 103.50000000000001 -1.0000000180025095e-35 2.3296000095420548 0.10073792578829513 2.5000000000000004 -0.9253550714709734 -0.0056991657154522582 0.16152751423149908 18.374250000000004 0.023431253078663564 1.0000000180025095e-35 -0.0097890690060347101 4.5000000000000009 2.5000000000000004 13.161650000000002 3.2006500000000004 0.84500000000000008 852547.52945000015 0.06036642260790711 276839827.7100001 0.16152751423149908 0.54558648898271545
decision_type=9 2 2 8 2 2 2 2 2 2 2 2 2 2 2 2 2 2 2 2 2 2 2 10 2 2 2 2 2 2
left_child=4 22 3 -3 6 17 -1 11 10 -10 -7 12 13 -8 15 -13 -12 -6 -19 20 -4 -22 23 24 25 28 -27 -26 -2 -28
right_child=1 2 19 -5 5 8 7 -9 9 -11 16 14 -14 -15 -16 -17 -18 18 -20 -21 21 -23 -24 -25 27 26 29 -29 -30 -31
leaf_value=0.083882915476513137 0.019380724879838496 -0.042824293010749748 -0.025748113847936967 0.075567998295628519 0.045755231343986777 -0.039551827203015769 0.066244689185383801 -0.034522223661600147 0.056271285431357135 -0.04400447922392961 -0.0012605763936303408 0.046360208259710434 -0.040245847686120863 -0.02139601617349278 0.04772352580239015 -0.051729179157705391 0.12804834886741234 0.065183028126505629 -0.035444486790955132 -0.01548377133030749 0.08307869648016733 -0.04745826580454543 0.06105852691677615 -0.036812795073905884 0.075352731169187892 0.06387550908081481 -0.053853862093845885 -0.02583029955037712 -0.054892537065403917 0.036151132715350955
leaf_weight=0.155308718256156 0.10908245636526592 1.4694667561291752 0.1250938067689687 0.050660731657595881 0.40815164787372404 0.65941103559949976 0.29503055847782911 0.15132249258631403 0.16163021869801278 0.079108621272725749 0.20060982473770347 0.11293027485953638 0.29821919673975283 0.15377659605123395 0.94344258902198708 0.13564817761405751 0.026157967287666978 0.079738275147052007 0.17205220256333476 1.5494301865589712 0.14189180150501912 0.0332917886423158 0.091611078417901726 0.39804068022213968 0.19950955056163 0.19092266792888737 0.091782974481415106 0.058820932133359372 0.25406134021154869 0.092995124118879127
leaf_count=232 91 3456 221 54 1579 1979 78 147 156 121 410 58 226 84 311 82 181 221 1387 7610 328 177 201 633 195 28 100 43 329 51
internal_value=-0.00193093 -0.00490467 -0.022584 -0.0388787 0.00396953 0.000226122 0.0246244 0.0202217 -0.015414 0.0233199 -0.0259364 0.0244939 0.00569179 0.036216 0.036277 -0.00716674 0.0136554 0.0269332 -0.00357726 -0.00919266 0.0232694 0.0582715 0.00217725 -0.00168895 0.0123314 -0.00164809 0.028252 0.0523137 -0.0325821 -0.00855615
internal_weight=8.8892 4.85666 3.36984 1.52013 4.03254 1.78686 2.24568 2.09037 1.12692 0.240739 0.886179 1.93905 0.747026 0.448807 1.19202 0.248578 0.226768 0.659942 0.25179 1.84971 0.300277 0.175184 1.48683 1.39522 0.997175 0.738845 0.375701 0.25833 0.363144 0.184778
internal_count=20769 13517 11846 3510 7252 6034 1218 986 2847 277 2570 839 388 162 451 140 591 3187 1608 8336 726 505 1671 1470 837 599 179 238 420 151
cat_boundaries=0 4
cat_threshold=3221225506 2354905389 2218819588 1078090896
is_linear=0
shrinkage=0.05


Tree=26
num_leaves=31
num_cat=0
split_feature=13 0 3 2 0 21 19 2 14 9 2 17 21 15 15 5 9 6 9 5 3 14 19 17 7 18 3 10 8 13
split_gain=0.209861 0.194317 0.252255 0.228497 0.248331 0.231522 0.191749 0.30625 0.3375 0.226119 0.162703 0.157552 0.147558 0.14231 0.231544 0.212999 0.223694 0.211004 0.236614 0.228757 0.203932 0.222963 0.188953 0.181143 0.201329 0.178691 0.164435 0.476446 0.229243 0.159302
threshold=0.10062893081761017 0.74188216547710761 4831276.447900001 -0.41893116896806148 0.06036642260790711 0.15655637254901963 7.5000000000000009 -0.024254034598862158 0.59199964456029164 -5.3840856703407258 0.15020678246484712 88.500000000000014 0.15655637254901963 3.5000000000000004 4.5000000000000009 1286073635.1750002 -0.42900050795427463 4.0303500000000012 0.59200803752401676 142593447.70000002 1574645.1594000002 0.8846905048076924 3.5000000000000004 47.500000000000007 0.94500000000000006 17.500000000000004 532054.1181000002 0.090097206389952014 1.0050000000000001 0.099798724693732091
decision_type=2 2 2 2 2 2 2 2 2 2 2 2 2 2 2 2 2 10 2 2 2 2 2 2 2 2 2 2 10 2
left_child=1 2 3 4 5 -1 13 8 -8 -10 12 -12 -3 15 17 29 22 18 -15 -20 -18 -22 -17 -16 25 -25 27 28 -26 -5
right_child=-2 10 -4 6 -6 -7 7 -9 9 -11 11 -13 -14 14 23 16 20 -19 19 -21 21 -23 -24 24 26 -27 -28 -29 -30 -31
leaf_value=0.1008661900044161 0.021443620214702482 0.16370080392353584 -0.044011136092378202 0.00069552967022100713 -0.019897134889187703 0.019479842083665478 0.066103356771330932 -0.055225941202055651 0.67563940038088821 0.060919027392736795 0.033922484743280371 -0.039062150685114795 0.040660058382351212 0.072017597313265888 0.051019920564760096 0.091361707600380607 0.20613223945885895 -0.013769861412746843 -0.055505841412603785 0.054711193270116858 0.10506980880490564 -0.025006923146585792 -0.050554758941990796 -0.00064753865057503039 -0.053719793405046394 0.09326658075429077 -0.0424279299264535 -0.030752677940720521 0.15287233971313519 -0.022372896550865613
leaf_weight=0.14055566731258476 0.86917729266793031 0.035583347129719473 0.41985005806032916 1.0025415932768549 0.1908904677006642 0.23098849546751507 0.12773463128994075 0.056266368956179647 0.003904872341090531 0.0024249825475132101 0.22619317899598224 0.10985585849148793 0.077304034777632008 0.29693502503965918 0.11214479305093417 0.030136599844631268 0.023006450729489258 0.23189226671250129 0.092855904412997139 0.095492961669669071 0.07117460230084377 0.061331570415444181 0.10578343099547591 0.20694621956744355 0.017110094992625953 0.067064068819018913 0.59203862961282772 0.27160799675519098 0.062395539156299688 2.9520621344840579
leaf_count=173 1751 205 445 1880 109 68 700 1541 8 392 1967 841 1672 179 355 60 134 496 65 61 57 150 252 201 75 42 736 419 157 5578
internal_value=-0.00187778 -0.00443909 -0.00636041 -0.00411669 0.0264542 0.0502684 -0.00676894 0.0426748 0.0837634 0.440139 0.0275095 0.0100635 0.0794439 -0.00826447 0.00256641 -0.0134847 0.0277678 0.0254636 0.0442113 0.000374246 0.0687208 0.0448627 -0.0190886 -0.0097869 -0.0153894 0.022338 -0.0263502 0.000759663 0.108412 -0.0165248
internal_weight=8.78325 7.91407 7.46514 7.04529 0.562435 0.371544 6.48285 0.190331 0.134064 0.00632985 0.448936 0.336049 0.112887 6.29252 2.04648 4.24604 0.291433 0.717176 0.485284 0.188349 0.155513 0.132506 0.13592 1.32931 1.21716 0.27401 0.943152 0.351114 0.0795056 3.9546
internal_count=20769 19018 14333 13888 350 241 13538 2641 1100 400 4685 2808 1877 10897 2786 8111 653 801 305 126 341 207 312 1985 1630 243 1387 651 232 7458
is_linear=0
shrinkage=0.05


Tree=27
num_leaves=31
num_cat=1
split_feature=22 7 4 6 11 14 5 9 3 0 4 6 7 3 0 10 3 6 6 1 20 9 4 10 2 13 13 4 8 13
split_gain=0.193811 0.26566 0.247718 0.223781 0.221211 0.211851 0.233071 0.192453 0.175549 0.167616 0.166748 0.206283 0.209664 0.214356 0.185275 0.162321 0.183383 0.169749 0.176423 0.157769 0.170524 0.148859 0.329752 0.237202 0.221988 0.275811 0.260049 0.201693 0.298224 0.242339
threshold=0 1.0050000000000001 8.4914500000000022 6.2959000000000005 0.097443245320275512 0.54291294642857146 208291488.32500002 -2.4683830100816868 583507.64770000021 0.97174665227097912 13.161650000000002 2.8950500000000003 0.82500000000000007 915802.95355000009 0.06036642260790711 0.10130058075065308 194236.14945000003 7.3828500000000004 3.6310500000000006 0.086653651610613128 0.14449845338046843 -0.67396803966967 5.8562500000000002 0.086693416846088764 -0.1382733645205094 0.10007059676067277 0.099966825006365792 7.3251000000000008 1.0950000000000004 0.10000002588235414
decision_type=9 2 2 8 2 2 2 2 2 2 2 10 2 2 2 2 2 10 8 2 2 2 2 2 2 2 2 2 10 2
left_child=3 10 -3 21 8 6 -6 -4 -5 -7 11 12 13 -2 -15 19 -17 18 -18 20 -9 24 -23 -24 25 26 -1 -25 -29 -30
right_child=1 2 7 4 5 9 -8 15 -10 -11 -12 -13 -14 14 -16 16 17 -19 -20 -21 -22 22 23 27 -26 -27 -28 28 29 -31
leaf_value=0.041050398831236935 -0.031943278503534553 -0.034198193435591745 -0.03535135974184081 0.079751740602829191 -0.056208158317801328 -0.045436177443581437 0.041401137837431302 0.047840947526068073 -0.0057965256446964805 0.095341874005782562 0.072953447829380111 -0.028668669155976698 0.044076450136225069 0.06079019680846115 -0.017076228291549419 0.21857834594511544 -0.054963218781860036 -0.028669792146993528 0.063781966013642014 0.20215986865145941 -0.021746055181314079 -0.021986746824296063 -0.037358505289132454 0.06277578841300939 -0.00022558570994325101 0.074930458097611188 -0.043319263363308061 -0.024305470778905287 0.0074039536025842295 0.11420700467308681
leaf_weight=0.37904875674243788 0.33821465812734164 1.8334125291055701 0.43231065490940457 0.11712417591216177 0.084967617167811454 0.46943198535731434 0.21823591751001967 0.10228198543552913 0.12288458276315269 0.022141196262386531 0.081597847232699361 0.44785463525190339 0.33940545490331142 0.16945558278566097 0.13910367583229366 0.012577553379332251 0.036563525960120441 0.10631521550861595 0.21645455566990393 0.0086971197540138823 0.63215542592000629 0.51599074833827896 0.12334879578322266 0.39849645319267774 0.35448994084756846 0.44262233715659921 0.12032433536648651 0.23945012681831426 0.11445735184389802 0.099097316190926044
leaf_count=232 399 4423 1149 514 195 1147 455 348 533 70 201 739 263 23 124 164 103 1077 541 202 4302 953 558 254 764 218 89 380 175 174
internal_value=-0.00182066 -0.00459069 -0.0217643 0.00379908 -0.00611752 -0.0188215 0.0140478 -0.00703186 0.035951 -0.0390953 0.00342789 -0.000528176 0.0122513 -0.00444949 0.0256867 0.00394781 0.0309144 0.0243457 0.0466222 -0.00954795 -0.012055 0.0211104 0.0103351 0.0274431 0.0335011 0.046193 0.0207215 0.0368303 0.0140067 0.0569645
internal_weight=8.71851 4.8964 3.38077 3.82211 1.03479 0.794777 0.303204 1.54736 0.240009 0.491573 1.51563 1.43403 0.986179 0.646774 0.308559 1.11505 0.371911 0.359333 0.253018 0.743135 0.734437 2.78733 1.49084 0.97485 1.29649 0.941995 0.499373 0.851501 0.453005 0.213555
internal_count=20769 14058 12309 6711 2914 1867 650 7886 1047 1217 1749 1548 809 546 147 6737 1885 1721 644 4852 4650 3797 2494 1541 1303 539 321 983 729 349
cat_boundaries=0 4
cat_threshold=3221225474 2354645309 2218835972 1078089872
is_linear=0
shrinkage=0.05


Tree=28
num_leaves=31
num_cat=1
split_feature=22 2 5 7 4 4 10 8 20 3 10 5 10 20 3 14 13 18 1 18 7 13 6 19 14 1 8 20 13 17
split_gain=0.180951 0.324179 0.294728 0.282533 0.232067 0.226313 0.328665 0.203545 0.23926 0.1809 0.171898 0.220645 0.193969 0.209036 0.358779 0.281986 0.290827 0.240093 0.172646 0.182326 0.231751 0.229514 0.16572 0.166451 0.207576 0.165324 0.161521 0.157881 0.154487 0.154195
threshold=0 -0.45339264834843612 589551017.96500003 1.0050000000000001 7.671450000000001 10.201500000000001 0.096467976444594219 0.83500000000000008 0.12764775588801661 124935.83150000001 0.1062002189353257 348542865.71500009 0.10272931868791955 0.32779310344827589 378333.36685000005 0.45972972972972981 0.10013736289654575 7.5000000000000009 0.047476471803135752 15.500000000000002 1.6250000000000002 0.10050251256281419 3.2006500000000004 6.5000000000000009 0.19960937500000003 0.10022650782901356 2.9450000000000007 0.18322386425834705 0.10016181272141235 110.50000000000001
decision_type=9 2 2 2 2 2 2 8 2 2 2 2 2 2 2 2 2 2 2 2 2 2 10 2 2 2 8 2 2 2
left_child=1 -1 10 5 9 6 7 8 -2 -5 12 -12 13 14 -3 -15 -17 -16 19 20 -19 -22 23 24 -9 -20 -11 -14 -18 -6
right_child=3 2 -4 4 29 -7 -8 22 -10 26 11 -13 27 15 17 16 28 18 25 -21 21 -23 -24 -25 -26 -27 -28 -29 -30 -31
leaf_value=0.081821949937228258 0.026247030696181624 0.06072146082042601 -0.015109516122001537 0.077264630342122956 -0.015347798072174818 0.053009343568877737 -0.055359601349714349 -0.026253897616545376 -0.054065135363563957 -0.043559573674981436 -0.03436971975571966 0.040333130895692737 0.0033764649926505382 -0.044965262693079378 -0.034231615706008925 -0.025893499162817281 0.22850543608530072 0.068248842399948509 -0.057476972412622535 -0.017377257791382526 -0.030190574655505328 0.068988985405609285 -0.024289155344282845 0.091065758970346355 0.051995733851336538 0.075517153831339084 0.05612660205675344 0.077276433121144378 0.066590036392588106 0.033993691669535413
leaf_weight=0.16302630353171732 0.16207837258842833 0.49358753083639184 0.90363699858224666 0.033409482381066335 1.6474952536880625 0.20440652416627814 0.24716366467634021 0.13372144872578909 0.21675566789292294 1.322925254623142 0.31052853767211402 0.14500293610637932 0.10008124237085819 0.27078991720130607 0.24413364800311876 0.079351690048565848 0.020605799712856157 0.36820443903384964 0.11086851512554209 0.15681179632436415 0.15986961918480605 0.091842571779890553 0.12547086056997314 0.12071835821444216 0.23143830194156137 0.029607872123133414 0.041922495852162123 0.26011907876253476 0.051678975916451028 0.17517419110526433
leaf_count=80 15 1128 2310 82 7268 366 316 179 318 3386 382 167 53 691 324 307 12 180 257 499 335 50 200 127 139 47 55 328 193 975
internal_value=-0.00176918 0.00362551 0.0098169 -0.00449207 -0.0223607 0.00427018 -0.0037814 0.00909324 -0.0197048 -0.0376839 0.0176025 -0.0105906 0.0228713 0.016998 0.0250113 -0.0143954 0.0401958 0.00983397 0.021563 0.0307883 0.0429721 0.00599721 0.0269385 0.0401673 0.0233407 -0.0294461 -0.0404976 0.0567434 0.112746 -0.0106057
internal_weight=8.62243 3.95975 3.79672 4.66268 3.22093 1.44175 1.23735 0.990183 0.378834 1.39826 2.89308 0.455531 2.43755 2.07735 1.65493 0.422426 0.151636 1.16134 0.917205 0.776728 0.619917 0.251712 0.611349 0.485878 0.36516 0.140476 1.36485 0.3602 0.0722848 1.82267
internal_count=20769 7343 7263 13426 11766 1660 1294 978 333 3523 4953 549 4404 4023 2820 1203 512 1692 1368 1064 565 385 645 445 318 304 3441 381 205 8243
cat_boundaries=0 4
cat_threshold=2147614754 2355038509 2218819588 4349072
is_linear=0
shrinkage=0.05


Tree=29
num_leaves=31
num_cat=0
split_feature=13 2 0 21 3 19 2 5 8 8 15 11 6 4 6 2 11 0 1 4 3 8 6 4 6 8 9 4 0 9
split_gain=0.167173 0.2029 0.205333 0.196375 0.185551 0.160743 0.250591 0.25284 0.161365 0.200951 0.226434 0.201007 0.185389 0.176602 0.221848 0.155833 0.152736 0.171105 0.251805 0.231761 0.194165 0.188276 0.150921 0.141951 0.141171 0.141042 0.177557 0.135385 0.135081 0.130832
threshold=0.10080972987149218 -0.41893116896806148 0.74188216547710761 0.14424410540915397 4542266.3331500003 7.5000000000000009 -0.024254034598862158 1067140730.8200001 0.87500000000000011 0.96500000000000008 3.5000000000000004 0.10174418604651166 1.7226000000000001 6.5497500000000004 2.2071000000000005 -0.36147631156558274 0.11154985192497538 0.057804038142234039 -0.0034985434635376729 8.718300000000001 1446613.8207500002 0.77500000000000013 11.421250000000002 4.1294000000000013 2.3492000000000002 1.2750000000000001 5.8669462239281058 14.493550000000001 0.083673118987047032 4.1424522084026263
decision_type=2 2 2 2 2 2 2 2 8 10 2 2 8 2 10 2 2 2 2 2 2 10 10 2 8 8 2 2 2 2
left_child=1 3 4 -1 5 8 7 -7 12 10 13 -12 -3 14 -10 -2 17 20 19 -19 -14 23 -15 -20 -5 -4 29 -23 -25 -27
right_child=15 2 25 24 -6 6 -8 -9 9 -11 11 -13 16 22 -16 -17 -18 18 21 -21 -22 27 -24 28 -26 26 -28 -29 -30 -31
leaf_value=0.069701610549775236 -0.064936065654290151 -0.055125394710242831 0.00097148323946501637 0.046792918503492362 -0.040481858748034949 0.05938538601766355 -0.054612563882403264 0.37771786619208347 -0.026261693075496563 -0.006787873102129892 -0.012224811406432563 0.082013175185952789 -0.03514475553832485 -0.041697555614357604 0.075370716671695023 0.029558036951891437 -0.03592676615363237 -0.055012344495262627 -0.054743308433576832 0.08827119099720751 0.025943486251023586 -0.051749422417090997 0.09039315014952666 -0.055212608895891246 -0.012963345893082109 0.045914130600356262 -0.029793606278094433 0.070559635077868346 0.034006733772541126 0.13837601089854681
leaf_weight=0.16898770898664583 0.04704749560943422 0.28612658751916059 0.24835612463145676 0.14654097079983361 0.41919204881904182 0.13090292672971565 0.051662725251968689 0.0065497965597072763 0.092123215786786589 2.8927321161852508 0.077139882287420636 0.21235196689319691 0.62189502384608908 0.22021821989782908 0.12871944368476418 0.60071797839812924 0.52773270307346432 0.034723496417357752 0.065357470071948198 0.15073028559729715 0.16447742715351898 0.22241086108060501 0.02397911694952895 0.047621596184657056 0.30361133929122763 0.099442744953184892 0.04606185982096378 0.025187413105539097 0.38873247123790877 0.06218133828897246
leaf_count=195 76 250 2521 44 492 1042 1593 97 128 5596 152 112 522 468 142 1123 748 86 94 188 86 515 122 108 133 1333 478 196 1649 480
internal_value=-0.0017203 -0.00373096 -0.00607825 0.0237426 -0.00825938 -0.00613937 0.0392684 0.0745543 -0.00752839 -0.000793885 0.0221859 0.0569019 -0.0172178 0.0005749 0.0329754 0.0226949 -0.0123947 -0.00517937 0.00928024 0.0614435 -0.0223676 -0.00363013 -0.0287268 0.0139768 0.00648949 0.0263992 0.0568064 -0.0393073 0.0242698 0.0814868
internal_weight=8.51351 7.86575 7.24661 0.61914 6.79057 6.37137 0.189115 0.137453 6.18226 3.64726 0.754532 0.289492 2.535 0.46504 0.220843 0.647765 2.24887 1.72114 0.934764 0.185454 0.786372 0.74931 0.244197 0.501712 0.450152 0.456042 0.207686 0.247598 0.436354 0.161624
internal_count=20769 19570 19198 372 14386 13894 2732 1139 11162 6720 1124 264 4442 860 270 1199 4192 3444 2836 274 608 2562 590 1851 177 4812 2291 711 1757 1813
is_linear=0
shrinkage=0.05


Tree=30
num_leaves=31
num_cat=1
split_feature=22 7 6 20 7 4 11 4 5 2 7 9 14 5 3 14 13 9 1 10 1 21 4 0 3 7 9 14 4 6
split_gain=0.163089 0.296633 0.233443 0.245036 0.277698 0.216164 0.22176 0.182451 0.309879 0.174735 0.278049 0.215441 0.215159 0.174837 0.158928 0.196405 0.157893 0.186073 0.167248 0.313322 0.149185 0.260532 0.146733 0.144997 0.143671 0.247485 0.142803 0.177222 0.142598 0.190205
threshold=0 1.0050000000000001 3.5978500000000007 0.43951219512195128 1.7250000000000003 10.444550000000001 0.092875913580164324 6.0484000000000009 87850716.580000013 -0.11811023622047238 1.4750000000000003 2.1325459891448633 0.50036284470246739 177723126.87500003 780991.8502000001 0.96664247701983563 0.099999999999999992 -2.4683830100816868 -0.0097890690060347101 0.090309582881537884 0.011264622372419654 0.17832681017612526 4.2598000000000011 0.56980824217102366 697218.76185000013 2.3750000000000004 5.6263528138528089 0.63349834983498365 12.638050000000002 3.2006500000000004
decision_type=9 2 8 2 2 2 2 2 2 2 2 2 2 2 2 2 2 2 2 2 2 2 2 2 2 2 2 2 2 10
left_child=5 28 3 -3 -5 7 14 8 -1 10 -9 -11 -13 -12 -7 -16 -4 22 -19 20 -20 -22 -18 -21 -15 -26 27 -25 29 -2
right_child=1 2 16 4 -6 6 -8 9 -10 11 13 12 -14 24 15 -17 17 18 19 23 21 -23 -24 26 25 -27 -28 -29 -30 -31
leaf_value=0.045936461931428141 0.012215047604006206 -0.044570491494360952 -0.026870973461476284 -0.045530808716516699 0.16225258020715122 0.082482114862369671 -0.017344856428613047 0.073203323969393233 -0.013234537319423223 -0.033101399093646448 0.050725630304117003 0.10479463141896264 -0.038253425329531576 -0.032499638162501177 -0.05393520643017749 0.15159298298384202 0.088867923337299301 0.049463486707018153 0.10352219233503611 -0.04268295503591276 0.057250560038298426 -0.044685749735366355 -0.041113085683682125 -0.027682414784066522 -0.016183467312684316 0.089845430657107803 -0.056472421447206947 0.14777336877279335 0.061681647193080759 -0.029956013590720573
leaf_weight=0.32388085420102619 1.0664262484353182 1.090472616773666 0.95936053856672487 0.032963749721362769 0.031395337193613503 0.10798419457130774 0.79775860205781046 0.44007076160676983 0.69837171115351804 0.1910973481656579 0.31479476475725937 0.073516646116025736 0.040916967647263713 0.17851010457024435 0.05843272716402418 0.014510330267935391 0.023311449214815316 0.21706695316009961 0.066079661085143293 0.34811599685612832 0.17008806463169276 0.099263520360037188 0.31652148350824028 0.024769810513191666 0.1337741535022377 0.093502710246877008 0.03229934901380116 0.034350921455831622 0.10627872373568159 0.35685615388921599
leaf_count=475 917 3013 4284 52 91 420 2123 167 1036 922 151 202 216 86 263 72 3 343 102 1424 342 1113 829 631 72 65 81 390 227 657
internal_value=-0.0016662 -0.00415682 -0.0206447 -0.0389752 0.0558291 0.00357787 -0.00601026 0.0217268 0.00551264 0.0330317 0.0418878 -0.000610917 0.0536463 0.0227629 0.0439671 -0.0130501 -0.0114057 -0.000265899 0.0106724 -0.000192905 0.0362002 0.0196842 -0.0321968 -0.0279663 0.00107038 0.0274373 0.0280731 0.0742627 0.00581337 0.0016416
internal_weight=8.44274 4.97562 3.44606 1.15483 0.0643591 3.46712 0.978686 2.48844 1.02225 1.46618 1.16065 0.305531 0.114434 0.720582 0.180927 0.0729431 2.29123 1.33187 0.992034 0.774967 0.335431 0.269352 0.339833 0.439536 0.405787 0.227277 0.0914201 0.0591207 1.52956 1.42328
internal_count=20769 14499 12698 3156 143 6270 2878 3392 1511 1881 541 1340 418 374 755 335 9542 5258 4426 4083 1557 1455 832 2526 223 137 1102 1021 1801 1574
cat_boundaries=0 4
cat_threshold=2684354562 2354645309 2218835972 1078090896
is_linear=0
shrinkage=0.05


Tree=31
num_leaves=31
num_cat=1
split_feature=5 22 7 1 20 21 15 15 13 20 2 21 9 4 9 20 11 8 13 3 14 8 8 11 11 5 5 0 0 5
split_gain=0.157239 0.148416 0.231809 0.189355 0.181924 0.194243 0.199718 0.194862 0.177086 0.187225 0.21006 0.195616 0.17682 0.230963 0.16482 0.189706 0.162118 0.211779 0.161179 0.165829 0.169429 0.169101 0.357253 0.174361 0.240505 0.188991 0.160272 0.155552 0.143346 0.139012
threshold=18070915.500000004 0 1.0150000000000003 0.10031670804182648 0.32779310344827589 0.19017480409885476 6.5000000000000009 1.5000000000000002 0.10046838664385062 0.32630878438331862 -0.15529593816311507 0.20238941829042814 -1.8013748345501899 6.8149000000000006 0.40629771779951979 0.16287683031869082 0.099687250888852996 0.88500000000000012 0.10019821625019655 2035531.1166000001 0.091139824642362727 0.8650000000000001 0.70500000000000007 0.11304347826086962 0.097069597069597044 144658120.58000001 311282506.66000003 0.39195479700165975 0.23162136518745677 87850716.580000013
decision_type=2 9 2 2 2 2 2 2 2 2 2 2 2 2 2 2 2 10 2 2 2 10 8 2 2 2 2 2 2 2
left_child=-1 4 18 27 8 6 7 26 9 10 11 14 -13 -14 15 -2 17 -12 19 20 -3 22 -22 24 25 29 -6 -4 -16 -23
right_child=1 2 3 -5 5 -7 -8 -9 -10 -11 16 12 13 -15 28 -17 -18 -19 -20 -21 21 23 -24 -25 -26 -27 -28 -29 -30 -31
leaf_value=0.083021098651420364 0.010583803580651871 -0.028263483050331297 -0.025729788292044489 0.096092639912890077 -0.017335512108955006 -0.055040538622546542 0.071877559109290307 -0.028926370231371502 0.050356872655214803 0.1215121083745852 -0.035983456999645357 -0.057771744948964879 0.068910785296020113 -0.026760626150114819 -0.02023735371993679 0.076972749828534151 -0.025820049158397952 0.056705359739886031 -0.027079836086922111 -0.030576303696918147 0.045473722326539033 0.064481997773647853 -0.043349497971180359 0.10102419824802673 -0.034657357948193017 0.099135659613253546 0.073690902418577134 0.0025703311836485989 0.042455667689577287 -0.054300568336175296
leaf_weight=0.054511625818469578 0.15581025106075741 0.15870597030768707 2.8294056769552958 0.034955943685507473 0.08649592728996823 0.16617846639561251 0.096603182542708055 0.34293518447911642 0.41361810952783384 0.040030816023731153 0.097178678336498264 0.11274641329080137 0.11734576718832546 0.13642325356832563 0.17559614362657752 0.34779781302086354 0.48381229462866926 0.16845117289668335 0.34278058875396133 0.19678422337974888 0.25779895712213224 0.050898008106389087 0.20183263924225886 0.12065640019859419 0.098337440979303636 0.1277439993231389 0.10967237172223478 0.58614309415251309 0.18965499136543437 0.04772917292977677
leaf_count=82 15 245 6160 86 160 1008 51 387 506 27 495 185 107 148 93 161 1415 1016 543 149 222 64 222 77 114 162 161 6625 37 46
internal_value=-0.00162047 -0.00217676 -0.00415911 -0.0196883 0.00336516 -0.00690924 0.00567264 -0.00619077 0.0205442 0.0144543 0.0122951 0.0249644 -0.00566945 0.017479 0.0378869 0.0564328 -0.00858879 0.0227959 0.00332081 0.0115881 0.0193884 0.027745 0.00646982 0.0497016 0.030631 0.0589928 0.0335549 -0.0208732 0.0123157 0.00699892
internal_weight=8.34863 8.29412 5.05377 3.4505 3.24035 0.801885 0.635707 0.539103 2.43847 2.02485 1.98482 1.23537 0.366515 0.253769 0.868859 0.503608 0.749442 0.26563 1.60327 1.26049 1.0637 0.904997 0.459632 0.445365 0.324709 0.226371 0.196168 3.41555 0.365251 0.0986272
internal_count=20769 20687 14715 12871 5972 1767 759 708 4205 3699 3672 746 440 255 306 176 2926 1511 1844 1301 1152 907 444 463 386 272 321 12785 130 110
cat_boundaries=0 4
cat_threshold=2685403138 2350448957 2218836228 1078090896
is_linear=0
shrinkage=0.05


Tree=32
num_leaves=31
num_cat=1
split_feature=5 22 2 15 3 8 0 9 15 0 8 7 8 9 13 10 10 13 9 9 7 4 0 6 9 9 0 14 13 0
split_gain=0.145005 0.137166 0.235445 0.259939 0.184124 0.197003 0.195032 0.201285 0.232165 0.165585 0.288331 0.359866 0.237612 0.138366 0.1852 0.134124 0.225962 0.243241 0.158646 0.217654 0.156983 0.149652 0.127784 0.126105 0.12593 0.234056 0.199005 0.17784 0.129564 0.16731
threshold=18070915.500000004 0 -0.4359122999964522 16.500000000000004 2329372.1936000003 0.42500000000000004 0.24398567157850334 1.2914257489031635 3.5000000000000004 0.062438177926884379 0.8650000000000001 1.9650000000000001 0.88500000000000012 1.7805049838825917 0.10001661423892995 0.09307766466522005 0.092411517013770358 0.099999999999999992 -5.7545768818774929 -3.3931348887101138 0.65500000000000014 12.373800000000001 0.80190570976642739 6.6950500000000011 -6.2395851462394507 -5.2021176346199125 0.052808798320622012 0.34634424980959638 0.10046838664385062 0.025409841094997592
decision_type=2 9 2 2 2 10 2 2 2 2 10 2 10 2 2 2 2 2 2 2 2 2 2 8 2 2 2 2 2 2
left_child=-1 2 -2 24 5 -3 7 8 15 10 -10 12 -12 -8 -15 16 17 18 -7 -20 -21 -22 -6 -11 27 26 -26 -4 -27 -30
right_child=1 4 3 -5 22 6 13 -9 9 23 11 -13 -14 14 -16 -17 -18 -19 19 20 21 -23 -24 -25 25 28 -28 -29 29 -31
leaf_value=0.080556294916994675 0.063958523814523133 0.078155013806788604 0.045428580881439223 -0.043574425421981838 -0.0485814595313772 0.065618810478718412 -0.0099928241431094904 -0.038606574282535305 -0.055767865585346382 0.069281925483549014 0.091394622494747141 0.18478654664640154 -0.051261100967139962 -0.012299622755598531 0.052621854852772591 -0.032348052175471001 0.087670601682083293 -0.044997514009301159 -0.056446816287969138 0.092301656607454763 -0.033338423173939515 0.12822206461130997 0.02144144235217153 -0.020733700274923151 0.12749809608592019 0.0070310392498965021 0.0020166731935473011 -0.054308864018464791 -0.0134600311760534 0.052973525560279948
leaf_weight=0.05339864953855844 0.20303660417398939 0.06331009380687147 0.06343880436501223 0.22364860346851978 0.50395758338887353 0.10895927349806106 0.47495249414379986 0.79405268471720125 0.14648026206382603 0.18727093317151911 0.046581299047494737 0.034338882019613923 0.07818130302023249 0.1756731421791522 0.29318430566869019 0.84940875938852056 0.062414075776312417 0.30748458671940088 0.12069078297620076 0.065155431631553684 0.086850679674441378 0.017166589017244077 0.074827021521826298 0.049111173425152588 0.082531879311987105 2.4014762361597053 0.051197609437077768 0.15126363830776027 0.12902392390730638 0.35702032967481206
leaf_count=82 119 115 61 307 860 61 4469 996 120 220 6 64 316 1545 1306 1495 48 592 76 18 261 52 359 114 45 5975 88 168 56 775
internal_value=-0.00157109 -0.00210573 0.00311757 0.00855832 -0.00411738 -0.0093375 -0.0107585 -0.0170802 -0.00916708 0.0191569 -0.00515053 0.0414514 0.00200076 0.00902838 0.0282968 -0.0186537 -0.00352191 -0.0115803 0.0141837 -0.00515065 0.0314449 -0.00667513 -0.0395287 0.0505801 0.0121614 0.0147908 0.0794582 -0.0248391 0.0117959 0.0353383
internal_weight=8.25609 8.20269 3.66264 3.4596 4.54005 3.96127 3.89796 2.95415 2.16009 0.541964 0.305582 0.159101 0.124763 0.94381 0.468857 1.61813 0.768721 0.706307 0.398823 0.289863 0.169173 0.104017 0.578785 0.236382 3.23595 3.02125 0.133729 0.214702 2.88752 0.486044
internal_count=20769 20687 7594 7475 13093 11874 11759 4439 3443 840 506 386 322 7320 2851 2603 1108 1060 468 407 331 313 1219 334 7168 6939 133 229 6806 831
cat_boundaries=0 4
cat_threshold=2685403138 2283473205 2218836260 4349072
is_linear=0
shrinkage=0.05


Tree=33
num_leaves=31
num_cat=1
split_feature=8 22 7 6 2 8 9 6 0 13 21 17 4 9 13 0 0 15 4 17 4 4 14 8 7 13 11 2 8 2
split_gain=0.134832 0.130488 0.301717 0.216715 0.17818 0.165281 0.153417 0.149032 0.242293 0.142425 0.187203 0.133659 0.162043 0.142988 0.132597 0.156444 0.142796 0.158678 0.129831 0.128562 0.128362 0.205294 0.171233 0.143861 0.209285 0.185253 0.175589 0.145426 0.139714 0.127879
threshold=5.495000000000001 0 1.0050000000000001 3.5039500000000001 -0.022528866895064 2.1250000000000004 1.0559334150996527 3.8689500000000003 0.0050134784854173079 0.099587192311296993 0.22696969696969699 52.500000000000007 7.0218000000000016 1.8539807824296541 0.10042826748835333 0.025409841094997592 0.26274648409673512 12.500000000000002 6.9129500000000013 109.50000000000001 10.264150000000003 13.253050000000002 0.76479125757705124 1.1150000000000004 2.1450000000000005 0.10007914524389384 0.098556671132605744 -0.31583538537984068 1.4750000000000003 -0.16489996255282727
decision_type=8 9 2 8 2 8 2 8 2 2 2 2 2 2 2 2 2 2 2 2 2 2 2 8 2 2 2 2 8 2
left_child=1 4 29 9 5 14 -6 8 -5 10 -4 13 -13 -8 16 -16 17 20 -9 -10 22 -22 23 25 28 26 -1 -27 -25 -3
right_child=-2 2 3 7 6 -7 11 18 19 -11 -12 12 -14 -15 15 -17 -18 -19 -20 -21 21 -23 -24 24 -26 27 -28 -29 -30 -31
leaf_value=0.020595389950255581 0.069589810651335252 -0.0095125184778780177 -0.028585230380540245 0.1355437220274241 -0.029006462904711983 -0.055065323012357316 0.27864134649486244 -0.048586006575197682 -0.014899158144870249 -0.046364195012827875 0.12351992745121734 -0.057075799682606281 0.034083414931688885 0.054505502109451855 0.0018457541388752958 0.060353216021693606 -0.023708382089448796 -0.030099302043804951 -0.011577723438602611 0.10210228722919493 -0.053049354145471767 0.025142957894966629 0.061756234485566976 0.081073495952369345 -0.027193937742190977 0.081057030582873738 -0.041371231451121371 -0.0025310615300229962 0.00024367265639823102 0.01986734570403411
leaf_weight=0.2193874215680344 0.066108545281708397 0.69847415790614575 0.066297828630980632 0.041172286652421175 0.42854712690461899 0.075516244429296608 0.0083879803635219657 0.27629129108997963 0.16407246960750888 0.91714752221528728 0.029110766298901886 0.076268576333548804 0.13510789962274547 0.046911543912436723 0.16559054460764999 0.3685522882219926 0.22088852659501257 0.1527655102545743 1.6658321644283809 0.027399319788683041 0.13241602637694186 0.22931512131155082 0.32441542180440497 0.24055093850082168 0.080954404872383701 0.12010343724082352 0.23870692746911801 0.091812556037921475 0.068737472346677569 0.78846176159949666
leaf_count=169 167 446 173 34 2143 166 183 722 421 2514 291 264 897 476 88 271 633 77 8083 79 163 197 160 147 92 18 185 138 105 1267
internal_value=-0.00152697 -0.00210745 -0.00399193 -0.0212087 0.003092 0.0178753 -0.0104781 -0.0123125 0.0255052 -0.040316 0.0178246 0.0192969 0.00119147 0.088503 0.0199506 0.0422152 0.0143411 0.0187666 -0.0168426 0.00184357 0.0230411 -0.00348028 0.0299695 0.0202435 0.0443764 0.00618739 -0.0116946 0.0448425 0.0631096 0.00606643
internal_weight=8.1653 8.0992 4.67426 3.18732 3.42494 2.72971 0.695223 2.17477 0.232644 1.01256 0.0954086 0.266676 0.211376 0.0552995 2.6542 0.534143 2.12005 1.89917 1.94212 0.191472 1.7464 0.361731 1.38467 1.06025 0.390243 0.67001 0.458094 0.211916 0.309288 1.48694
internal_count=20769 20602 14030 12317 6572 2609 3963 9339 534 2978 464 1820 1161 659 2443 359 2084 1451 8805 500 1374 360 1014 854 344 510 354 156 252 1713
cat_boundaries=0 4
cat_threshold=2685534242 2283602229 2218836228 1078090768
is_linear=0
shrinkage=0.05


Tree=34
num_leaves=31
num_cat=1
split_feature=3 0 7 2 0 21 13 22 17 0 4 9 14 14 8 6 3 5 6 14 7 6 14 15 14 10 13 13 9 11
split_gain=0.1313 0.13237 0.14118 0.12475 0.184205 0.181956 0.155544 0.144437 0.16381 0.189446 0.212122 0.141632 0.134911 0.140859 0.127778 0.223504 0.165633 0.23729 0.16389 0.163432 0.191125 0.153674 0.199236 0.159177 0.18697 0.157999 0.15204 0.127296 0.124233 0.11799
threshold=5295759.4477000004 0.77832330264176108 1.0750000000000004 -0.41893116896806148 0.06036642260790711 0.15655637254901963 0.10080972987149218 0 105.50000000000001 0.0010794052073113418 12.902750000000001 4.3665880200792548 0.78951187838973358 0.8846905048076924 0.85500000000000009 2.8244500000000001 446306.20150000002 230559901.50000003 4.0303500000000012 0.32380056828635101 0.82500000000000007 3.8092500000000005 0.41244499735065776 2.5000000000000004 0.49106858054226482 0.10980601195702173 0.099337748344370827 0.099894384709597897 3.5732353649723052 0.10975998879325105
decision_type=2 2 2 2 2 2 2 9 2 2 2 2 2 2 8 8 2 2 8 2 2 10 2 2 2 2 2 2 2 2
left_child=3 -2 -3 4 5 -1 7 14 -9 -10 12 -12 -11 -14 16 -16 17 18 -5 -17 -21 -22 -23 24 -24 26 -26 -28 -18 -25
right_child=1 2 -4 6 -6 -7 -8 8 9 10 11 -13 13 -15 15 19 28 -19 -20 20 21 22 23 29 25 -27 27 -29 -30 -31
leaf_value=0.088522032462296091 -0.043076942974340143 0.09350514068557135 -0.038421418944800209 0.029440708166083452 -0.020136775596161421 0.017471774916774329 0.022668891083635904 -0.022244107178724059 0.16254346453605753 -0.027861332326748936 0.021642230480054304 0.14179368764884048 0.094962575661392615 -0.05654851663107309 0.050211987172621819 -0.026668268042662254 -0.025543258581373886 0.091386619777293815 -0.049395617842137557 0.087430712888694473 -0.055242851168223674 0.074710704223574717 -0.052461260018465163 0.011770380763086227 0.12338460535124217 0.099326752527399156 -0.055715030962752668 0.031528087824124883 0.083072223610614171 -0.044739139680714329
leaf_weight=0.13340815558330749 0.32999370517635007 0.040974007579817992 0.040150649576208466 0.18453733831922337 0.17986765767412455 0.27764657361779388 0.59278299789375744 3.2367416887020246 0.019045568478759378 0.33456088152604091 0.068452298089957175 0.038222318315345949 0.049266243574220547 0.022276791713750632 0.5273798546413726 0.22939616267712337 0.47002968966831543 0.097999028375237718 0.10256208206287665 0.095254938874490214 0.075586493995475346 0.13621690868587855 0.057550198193351942 0.19897000449800487 0.03319676735751434 0.096113670415160335 0.056891091353864026 0.15773661925464905 0.027888495160605986 0.17241880268635199
leaf_count=198 428 49 252 216 127 81 1152 10505 47 1240 267 120 127 75 798 745 1140 259 325 83 251 203 120 623 59 121 209 649 23 277
internal_value=-0.00148128 -0.0290099 0.0282113 -6.11389e-06 0.0220648 0.0405312 -0.00184795 -0.00408786 -0.00493182 0.00769859 0.00194735 0.0646934 -0.0145347 0.0477856 0.00325329 0.0227296 -0.000415324 0.0242083 0.00127758 0.01166 0.0198016 0.0132594 0.018955 0.00912823 0.0309521 0.0449095 0.0238048 0.00840267 -0.0194597 -0.0144644
internal_weight=8.08312 0.411118 0.0811247 7.672 0.590922 0.411055 7.08108 6.48829 3.76857 0.531824 0.512779 0.106675 0.406104 0.071543 2.71973 1.83671 0.883017 0.385098 0.287099 1.30933 1.07994 0.984681 0.909094 0.772877 0.401488 0.343938 0.247824 0.214628 0.497918 0.371389
internal_count=20769 729 301 20040 406 279 19634 18482 12381 1876 1829 387 1442 202 6101 4138 1963 800 541 3340 2595 2512 2261 2058 1158 1038 917 858 1163 900
cat_boundaries=0 4
cat_threshold=2685411488 7874876 2151710980 88610200
is_linear=0
shrinkage=0.05


Tree=35
num_leaves=31
num_cat=1
split_feature=3 8 22 2 10 10 9 9 17 19 7 3 8 13 5 19 4 14 0 11 2 11 18 20 3 4 7 0 8 19
split_gain=0.125942 0.154068 0.142408 0.278383 0.206189 0.240671 0.219824 0.189509 0.188962 0.163103 0.159009 0.165225 0.164492 0.156674 0.137712 0.146148 0.145638 0.144399 0.175502 0.308635 0.186987 0.186818 0.165425 0.150409 0.13995 0.149583 0.210886 0.138584 0.136661 0.144268
threshold=2471714.2021500007 5.495000000000001 0 -0.45339264834843612 0.093749999999999944 0.088695791582380237 4.7853625156256694 -0.30745102166884747 121.50000000000001 5.5000000000000009 0.68500000000000016 1120258.4982000003 0.83500000000000008 0.099999999999999992 589551017.96500003 7.5000000000000009 7.8827500000000006 0.39309040016587188 0.034174659576885945 0.11136428534344021 -0.36147631156558274 0.10317821067821072 8.5000000000000018 0.36882591093117417 340339.33830000006 6.3735500000000007 2.3150000000000004 0.5361846490413168 0.93500000000000016 4.5000000000000009
decision_type=2 8 9 2 2 2 2 2 2 2 2 2 8 2 2 2 2 2 2 2 2 2 2 2 2 2 2 2 10 2
left_child=1 2 3 -1 5 10 -6 9 -9 -7 11 12 -4 -8 17 -16 -17 23 21 20 -20 22 -19 24 25 -5 -27 -21 -23 -30
right_child=-2 -3 4 14 6 7 13 8 -10 -11 -12 -13 -14 -15 15 16 -18 18 19 27 -22 28 -24 -25 -26 26 -28 -29 29 -31
leaf_value=0.075394817256822663 -0.017436792381935632 0.0817418335186645 -0.057184187621332851 0.056131694862285114 -0.032432947054499707 0.043066329067844904 -0.0537361011973033 -0.038542923243436909 0.10105757046240325 0.15945244570857567 -0.024881378365464776 0.059793379864957134 0.02183109548810671 0.055817437598197399 -0.02094166380704849 0.27325575789859075 -0.047175488613774234 0.081687284981269065 -0.054405141140548591 -0.038560767260591065 0.03854688105848051 0.063586357995461126 -0.027732346742809499 -0.036069130889660767 -0.0039209832575725131 -0.050106533247334641 0.041335120328611606 0.071382852695031376 0.23275191922055752 0.069803022914011331
leaf_weight=0.17634776329162249 1.0660596558251327 0.058613786528596168 0.10696915885495174 0.26686565595836864 1.5361349378980866 0.20516811192096723 0.044029394409467376 0.12294966480297595 0.030193226722592809 0.035278280744287405 0.83676477003462402 0.12971546256702615 0.17141430074039254 0.12610584738879407 0.41540670489444509 0.0085281065612397428 0.0060699969211967667 0.057952661705002614 0.058072395412321343 0.26786532751652992 0.79186475187891747 0.12006244166533558 0.085509719682682186 0.20442402082506039 0.73490441040222321 0.10904405056992048 0.14949349259608893 0.032096966051457065 0.029958803435875918 0.024850838651938885
leaf_count=99 2025 153 110 404 5531 256 137 553 56 190 3704 49 182 208 1352 39 348 78 34 310 1967 41 79 461 1354 379 318 233 21 98
internal_value=-0.00143584 0.00102114 0.000333848 0.0037012 -0.00358295 -0.00162657 -0.0264603 0.0324538 -0.0110197 0.0601425 -0.0124018 0.0131864 -0.00853062 0.027466 0.0109475 -0.0154773 0.140018 0.0148216 0.0259026 0.0168072 0.0321959 0.0587576 0.0164685 0.00371412 0.010167 0.0298726 0.00276754 -0.0267964 0.093451 0.15887
internal_weight=8.00871 6.94266 6.88404 3.53932 3.34472 1.63845 1.70627 0.393589 0.153143 0.240446 1.24486 0.408099 0.278383 0.170135 3.36297 0.430005 0.0145981 2.93297 1.46823 1.1499 0.849937 0.318334 0.143462 1.46473 1.26031 0.525403 0.258538 0.299962 0.174872 0.0548096
internal_count=20769 18744 18591 7615 10976 5100 5876 1055 609 446 4045 341 292 345 7516 1739 387 5777 2861 2544 2001 317 157 2916 2455 1101 697 543 160 119
cat_boundaries=0 4
cat_threshold=2147639458 2287862057 2218795044 625084688
is_linear=0
shrinkage=0.05


Tree=36
num_leaves=31
num_cat=1
split_feature=5 3 0 2 2 0 21 22 0 9 21 15 21 1 13 4 8 9 9 6 18 2 8 3 15 9 21 8 5 6
split_gain=0.118933 0.1119 0.1252 0.127664 0.111256 0.158823 0.165511 0.130739 0.135583 0.199113 0.274881 0.204572 0.206901 0.170989 0.154195 0.153329 0.124925 0.230191 0.148133 0.137588 0.127556 0.141525 0.124839 0.119953 0.118222 0.134003 0.12406 0.172054 0.138536 0.138174
threshold=18070915.500000004 5295759.4477000004 0.77832330264176108 0.13410863195853065 -0.41893116896806148 0.06036642260790711 0.15655637254901963 0 0.24398567157850334 -5.2021176346199125 0.096464019851116647 2.5000000000000004 0.15655637254901963 0.09983765164153692 0.10054496317415053 5.5802500000000004 1.5350000000000004 0.73388375124699989 0.76384499440852471 2.0286000000000004 19.500000000000004 0.19310024004859686 1.4750000000000003 230661.98310000004 18.500000000000004 7.1820302681990471 0.22485955056179777 1.3550000000000002 1839927573.0600002 6.015950000000001
decision_type=2 2 2 2 2 2 2 9 2 2 2 2 2 2 2 2 10 2 2 8 2 2 8 2 2 2 2 10 2 10
left_child=-1 4 -3 -4 5 6 -2 23 9 10 -9 12 -12 14 15 -10 17 19 -19 -17 21 -20 -21 -6 25 26 27 -25 29 -28
right_child=1 2 3 -5 7 -7 -8 8 13 -11 11 -13 -14 -15 -16 16 -18 18 20 22 -22 -23 -24 24 -26 -27 28 -29 -30 -31
leaf_value=0.075049819653127195 0.084040154028047459 -0.042048196654961748 0.13073059661828076 -0.010621252624393859 -0.041765650506460084 -0.01952208384944645 0.015674131073044936 -0.053616580408712491 -0.053365238006688812 -0.023826422729192914 0.088920129217228083 0.077302197179393795 -0.038555153859628856 0.088485326696972899 0.047731921787125139 0.18928655396546529 -0.036334410826497548 0.23957757535127755 0.04044043414913602 -0.039342742317940584 0.092959573136862622 -0.042972511558704025 0.10753859136841118 0.0057867766825047805 -0.053235967969275544 0.088791424015532472 0.054082209887103008 0.042506393450468298 0.21142885209586565 -0.030050499303410458
leaf_weight=0.050553861938442135 0.1304305726080226 0.31486960499728661 0.02191867401714357 0.058893941272666582 0.08813213569736289 0.17344904662746286 0.27557445265979807 0.11435842424816667 0.16755648484877483 2.693155681737915 0.044058858077252253 0.15710876663228993 0.11469290291493618 0.053748351990257404 0.13184869611378036 0.0073311280109602537 0.18576666721245472 0.0089316809335638347 0.17550996156511917 0.23835130690037268 0.069468873608986126 0.071595545760425539 0.015400968710812452 1.6973022475274566 0.05763678960836216 0.06730057350558194 0.27281236954108479 0.39285011815423443 0.012076795029772103 0.059433832023172539
leaf_count=82 198 428 72 229 519 125 80 29 800 4357 26 307 210 334 827 62 1644 21 1055 2800 707 550 48 1751 170 116 1372 543 190 1117
internal_value=-0.0013959 -0.00188686 -0.0277995 0.0277174 -0.000515353 0.0205274 0.037637 -0.00228342 -0.00400144 -0.0187807 0.0128053 0.0368535 -0.00317655 0.00145987 -0.00290442 -0.0100076 -0.000601469 0.0107148 0.0387664 -0.0242586 0.0331008 0.0162726 -0.0304281 0.00326298 0.0175625 0.0191935 0.0172695 0.0126883 0.0450788 0.0390321
internal_weight=7.92212 7.87157 0.395682 0.0808126 7.47588 0.579454 0.406005 6.89643 4.24888 3.12337 0.430219 0.315861 0.158752 1.12551 1.07176 0.939913 0.772356 0.586589 0.325506 0.261083 0.316574 0.247106 0.253752 2.64754 2.55941 2.50178 2.43448 2.09015 0.344323 0.332246
internal_count=20769 20687 729 301 19958 403 278 19555 13777 4929 572 543 236 8848 8514 7687 6887 5243 2333 2910 2312 1605 2848 5778 5259 5089 4973 2294 2679 2489
cat_boundaries=0 4
cat_threshold=2685411456 2289568060 2151727364 21631384
is_linear=0
shrinkage=0.05


Tree=37
num_leaves=31
num_cat=1
split_feature=5 3 0 7 13 2 3 11 22 8 3 9 9 13 0 11 17 1 6 2 1 9 6 7 10 4 17 2 8 1
split_gain=0.110428 0.103896 0.116807 0.11855 0.112848 0.101303 0.175509 0.145448 0.108301 0.117649 0.116784 0.137848 0.226116 0.247449 0.168133 0.152267 0.140231 0.124769 0.114398 0.174152 0.179698 0.174365 0.163474 0.158674 0.141302 0.123087 0.141944 0.1204 0.254154 0.149068
threshold=18070915.500000004 5295759.4477000004 0.77832330264176108 1.0750000000000004 0.10020188434445333 -0.45339264834843612 1202134.02615 0.11672101314582915 0 0.55500000000000016 2471714.2021500007 -5.5724071048783346 -6.5192726992069732 0.099841834099042362 0.24398567157850334 0.12932385518926406 36.500000000000007 -0.0046926336002254257 6.5416000000000007 -0.062067989489735957 0.019148915722148944 -5.3840856703407258 5.9078000000000008 0.8650000000000001 0.089913613011873589 12.218450000000002 88.500000000000014 -0.085030950212839115 1.3250000000000004 -0.011523366836104996
decision_type=2 2 2 2 2 2 2 2 9 8 2 2 2 2 2 2 2 2 8 2 2 2 10 2 2 2 2 2 8 2
left_child=-1 5 4 -4 -3 6 7 -2 9 -7 11 12 13 -10 15 16 -13 -16 22 20 -20 -21 27 -23 -24 -25 -27 -11 29 -29
right_child=1 2 3 -5 -6 8 -8 -9 10 18 -12 14 -14 -15 17 -17 -18 -19 19 21 -22 23 24 25 -26 26 -28 28 -30 -31
leaf_value=0.07332675609854071 -0.023699999146881659 -0.053790199529244499 0.083702369707514879 -0.03742636817991319 0.032879482519496774 -0.051529633605516614 0.081310179774098518 0.069771583087763864 0.092257300829100289 0.026574718686495104 -0.040117865683426075 0.036792242335937995 0.064933780714010125 -0.03992537105465295 -0.029984454301962907 0.042417948245434739 -0.022309407511387585 0.016107734258115201 -0.041870274415959058 -0.05370016976257256 0.036985161314557792 0.14147985824432721 -0.034501356814422478 -0.045528747593681987 0.095138206582180612 0.062642756285738371 -0.031533223173386908 0.12266077172227624 0.052420122911404701 -0.040062496382558349
leaf_weight=0.049189301680971798 0.15502188658780836 0.26084710024995439 0.042579418213290574 0.03843238882702478 0.043874927587912838 0.065614589161211767 0.10166083765307649 0.056892583146691933 0.044367124448929568 1.2186081224245462 0.32571250650737482 0.10430613027293256 0.15987535716666887 0.17529865301689518 0.1839943955075164 0.10103502549113175 2.6565638093738846 0.7267280337223927 0.3009726067030094 0.059870528443552562 0.095067279176225594 0.03395065285097626 0.025290652462493263 0.048379671588751699 0.12444481731266335 0.18315831193533233 0.051194127578189835 0.014857395277706908 0.13276572803245912 0.26699762317786946
leaf_count=82 129 388 49 252 40 237 15 98 167 979 839 1036 192 336 1307 150 3286 7005 409 58 98 45 110 373 174 1113 211 32 491 1068
internal_value=-0.00135395 -0.00182501 -0.0271245 0.0262383 -0.0413112 -0.000508492 0.0273029 0.00139427 -0.00173696 0.00302781 -0.00349121 -0.00902622 0.0196965 -0.0132277 -0.0119158 -0.0178703 -0.0200765 0.00679567 0.0162765 0.000205941 -0.0229414 0.0245512 0.0232402 0.039345 0.0732418 0.0270806 0.0420701 0.018656 -0.00461766 -0.0314849
internal_weight=7.84755 7.79836 0.385734 0.0810118 0.304722 7.41263 0.313575 0.211914 7.09905 2.62117 4.47788 4.15217 0.379541 0.219666 3.77263 2.8619 2.76087 0.910722 2.55556 0.772593 0.39604 0.376553 1.78296 0.316683 0.149735 0.282732 0.234352 1.63323 0.414621 0.281855
internal_count=20769 20687 729 301 428 19958 242 227 19716 5398 14318 13479 695 503 12784 4472 4322 8312 5161 2307 507 1800 2854 1742 284 1697 1324 2570 1591 1100
cat_boundaries=0 4
cat_threshold=3759153280 2283276604 2151727364 21123480
is_linear=0
shrinkage=0.05


Tree=38
num_leaves=31
num_cat=1
split_feature=5 22 3 3 8 5 13 8 6 6 0 2 7 4 2 7 2 17 10 8 0 19 13 18 1 8 13 7 11 17
split_gain=0.10269 0.101002 0.154312 0.222338 0.183373 0.143549 0.139163 0.151588 0.160378 0.182431 0.147243 0.138497 0.140116 0.124902 0.119779 0.109914 0.1498 0.179523 0.136781 0.163598 0.114371 0.102082 0.194463 0.100513 0.100067 0.188876 0.132895 0.162794 0.196764 0.147663
threshold=18070915.500000004 0 2471714.2021500007 1304578.7588500001 0.42500000000000004 1509848468.3500001 0.10046838664385062 0.59500000000000008 6.1072500000000014 5.0635500000000011 0.025409841094997592 -0.45339264834843612 0.8650000000000001 18.374250000000004 0.15020678246484712 1.6250000000000002 -0.3233759427155653 72.500000000000014 0.10007895806525623 0.89500000000000013 0.067983357463341873 6.5000000000000009 0.099763171399966835 16.500000000000004 -0.011999999999999953 1.5350000000000004 0.09962523057331997 1.0050000000000001 0.11702744015187004 88.500000000000014
decision_type=2 9 2 2 10 2 2 10 10 8 2 2 2 2 2 2 2 2 2 8 2 2 2 2 2 10 2 2 2 2
left_child=-1 6 3 4 -3 24 7 -2 9 14 -8 -5 -13 -4 15 18 -17 20 21 -20 -18 22 -9 -19 25 -6 -26 28 29 -28
right_child=1 2 13 11 5 -7 10 8 -10 -11 -12 12 -14 -15 -16 16 17 23 19 -21 -22 -23 -24 -25 26 -27 27 -29 -30 -31
leaf_value=0.071756057655704905 -0.053934026416546224 0.073460553156988198 -0.044385559204184771 0.092035838838257639 -0.025793836188544528 0.13938284768925033 -0.013811464472020399 0.053312427188902181 -0.010623945619249668 0.051430383741333199 0.04738765707719314 0.043636686681239011 -0.0060005168205407725 0.032240056933656731 -0.039412070404745286 -0.055990435535399785 0.021318352048472336 0.067445978923254088 0.012582840760393364 0.084859268543932248 -0.054560921362313025 0.042168666690053307 -0.0210122356405603 -0.010765511854365502 0.0097906334043765392 0.067737314507541016 0.005930034618219988 -0.031449570866542376 0.062222934666051458 -0.039877505989823314
leaf_weight=0.047788255994498097 0.10036080231981381 0.059475442440846904 0.49368061497342847 0.057676514610648155 0.11864506124721559 0.01495066867216932 0.12676599771104463 0.1179555758909398 0.76767149757894237 0.31168872524182023 0.43744227230798177 0.2167982524218921 0.41302015645550749 0.059602004524061447 0.11562135250544958 0.11330744827032474 0.084182032623190794 0.1349404078844782 0.1492446112567217 0.16468807766725926 0.12109743873359835 0.18048885052715519 0.34660380013573555 0.059057445016722721 0.36458856151696917 0.099028942496077674 0.41932576468016541 1.6777942825708778 0.097968819990751577 0.30309346759342387
leaf_count=82 411 116 1197 7 295 197 79 103 2387 481 715 110 1474 95 508 48 146 115 46 123 545 129 281 208 1595 244 804 7853 57 318
internal_value=-0.00131316 -0.00176508 -0.00349413 -0.00788824 -0.0135029 -0.0151738 0.0027501 0.006391 0.00866146 0.0164581 0.0336375 0.017877 0.0110858 -0.0361311 0.00959031 0.0134404 -0.00525044 0.00914863 0.0234309 0.0504988 -0.023444 0.0102575 -0.00214057 0.0436366 -0.0159239 0.0167574 -0.0184089 -0.0225244 -0.00427126 -0.0132887
internal_weight=7.77455 7.72676 4.39565 3.84237 3.15487 3.0954 3.33112 2.76691 2.66655 1.89888 0.564208 0.687495 0.629818 0.553283 1.58719 1.47157 0.512585 0.399277 0.958981 0.313933 0.205279 0.645048 0.464559 0.193998 3.08044 0.217674 2.86277 2.49818 0.820388 0.722419
internal_count=20769 20687 14362 13070 11479 11363 6325 5531 5120 2733 794 1591 1584 1292 2252 1744 1062 1014 682 169 691 513 384 323 11166 539 10627 9032 1179 1122
cat_boundaries=0 4
cat_threshold=3759276034 2350450997 2218835972 1078090768
is_linear=0
shrinkage=0.05


Tree=39
num_leaves=31
num_cat=1
split_feature=5 0 3 8 9 22 2 7 8 6 15 17 0 14 21 15 7 11 2 11 18 0 1 10 20 14 11 20 0 4
split_gain=0.0956337 0.0931911 0.168737 0.103433 0.142259 0.121811 0.233485 0.214025 0.185439 0.12663 0.165 0.187587 0.128948 0.163508 0.124578 0.123705 0.150699 0.147307 0.223171 0.129093 0.126953 0.146538 0.122701 0.177793 0.122385 0.119932 0.112572 0.109879 0.160964 0.109616
threshold=18070915.500000004 0.74188216547710761 4831276.447900001 2.1450000000000005 7.1820302681990471 0 -0.024254034598862158 1.3050000000000004 1.905 10.538150000000002 3.5000000000000004 92.500000000000014 0.49906311654416585 0.52387863708618443 0.20662287903667217 2.5000000000000004 2.2450000000000006 0.1022430255689372 -0.23787279968382327 0.09884020029442063 5.5000000000000009 0.01735965823870304 0.011264622372419654 0.099759131907915119 0.48112535612535617 0.67879188712522065 0.083740853221101044 0.38734683670917736 0.038333697379392843 4.5844500000000012
decision_type=2 2 2 10 2 9 2 2 8 10 2 2 2 2 2 2 2 2 2 2 2 2 2 2 2 2 2 2 2 2
left_child=-1 2 3 4 5 6 7 29 9 10 27 24 13 14 -11 16 19 -17 -19 26 -18 -22 23 -13 -12 -10 -9 -7 -29 -2
right_child=1 -3 -4 -5 -6 8 -8 15 25 12 11 22 -14 -15 -16 17 20 18 -20 -21 21 -23 -24 -25 -26 -27 -28 28 -30 -31
leaf_value=0.070319752816716652 0.013514679234134217 0.019983837504644972 -0.038415445245397944 -0.042244302918237761 0.072377165931716753 -0.030103515547850852 -0.021732213257887087 -0.016255596231700316 0.060247624645891111 0.075217181133594102 -0.039845361825833085 0.066253715379842426 0.076849270252177762 -0.033952377796037873 -0.054722596854195199 -0.036540794887535526 -0.054130790544109235 0.031255891774148982 -0.032902216870866315 -0.020402351259501236 -0.027809117746114803 0.070601393590983108 -0.019001625250677529 -0.010054575241723193 0.080534876426422181 -0.058512800922431246 0.069540695871276023 0.026869307105153228 -0.040576000408351527 0.048966731393686319
leaf_weight=0.046362295672092269 0.32209076083697141 0.46493852482836562 0.32327469748326176 0.15192975730957403 0.066257443202578759 2.0340453676114816 0.39945376179039227 0.061582954916485314 0.12662826252068246 0.082348577870290277 0.26583930399821343 0.20403537470263844 0.064409448591463025 0.15979053039425542 0.023770350525306252 0.25831680855203454 0.02819480954861231 0.38525592828147392 0.20911334696431216 0.24655251581882409 0.044066431722429356 0.26718444130094476 0.13485209454371683 0.12196022807984563 0.02293495103371912 0.025547335452608483 0.10083128320420552 0.2188705557176783 0.14847452483995396 0.67492427951701506
leaf_count=82 245 5059 453 892 138 5011 2249 86 223 106 946 221 494 801 164 430 148 149 268 208 54 458 398 179 15 103 83 104 697 305
internal_value=-0.00127463 -0.00170923 -0.00311542 -0.00144931 -0.000523873 -0.0012523 0.00319563 0.019328 -0.00365566 -0.0160782 -0.0191657 0.00131271 0.0133744 -0.00200074 0.046111 0.00800364 0.0228383 -0.00501694 0.00868353 0.00239765 0.0474654 0.0566686 0.021112 0.0377055 -0.0302846 0.04031 0.0370091 -0.0255583 -0.000390919 0.0375138
internal_weight=7.68384 7.63747 7.17254 6.84926 6.69733 6.63107 2.99757 2.59811 3.63351 3.48133 3.15101 0.749622 0.330319 0.265909 0.106119 1.6011 0.748412 0.852686 0.594369 0.408967 0.339446 0.311251 0.460848 0.325996 0.288774 0.152176 0.162414 2.40139 0.367345 0.997015
internal_count=20769 20687 15628 15175 14283 14145 4683 2434 9462 9136 7571 1759 1565 1071 270 1884 1037 847 417 377 660 512 798 400 961 326 169 5812 801 550
cat_boundaries=0 4
cat_threshold=2148532354 2350776621 2218827812 541213968
is_linear=0
shrinkage=0.05


Tree=40
num_leaves=31
num_cat=0
split_feature=5 8 7 1 1 7 3 8 0 2 0 2 21 5 5 13 2 18 13 18 21 6 15 14 7 11 1 4 3 9
split_gain=0.0920505 0.0896947 0.127713 0.156639 0.166027 0.12891 0.156769 0.116294 0.177516 0.16881 0.166629 0.16694 0.157108 0.140316 0.13873 0.137398 0.137398 0.263521 0.15386 0.197206 0.199476 0.12097 0.11962 0.116094 0.114908 0.148794 0.136154 0.220519 0.146064 0.232033
threshold=3899911295.6250005 0.87500000000000011 2.4350000000000005 -0.010892772156863182 0.10009268636702941 2.2450000000000006 294628.88625000004 0.97500000000000009 0.43033462977418596 0.83517027918069586 0.036200749821446741 -0.26640438781495296 0.19163509180996796 386473506.03000003 359889851.42500007 0.10080972987149218 -0.18884610257853343 14.500000000000002 0.099828373881803781 16.500000000000004 0.14160401002506268 2.7915500000000004 2.5000000000000004 0.51226592091755474 2.2750000000000004 0.11154985192497538 -0.0059288563278672149 8.718300000000001 1188086.1906000001 -0.58741277125736169
decision_type=2 8 2 2 2 2 2 10 2 2 2 2 2 2 2 2 2 2 2 2 2 10 2 2 2 2 2 2 2 2
left_child=1 24 5 -4 -5 7 -7 10 13 -10 11 -3 23 14 15 16 18 -18 19 20 21 -9 -14 -12 25 26 27 -1 -28 -30
right_child=-2 2 3 4 -6 6 -8 8 9 -11 12 -13 22 -15 -16 -17 17 -19 -20 -21 -22 -23 -24 -25 -26 -27 28 -29 29 -31
leaf_value=-0.053821481718721358 -0.033380368264270481 0.015126099477012789 0.036044436700870944 -0.02874955890779567 0.18412990141199481 0.1122402978496152 0.020887874132523333 0.013258297036241441 0.019270519113333041 0.14133494032677571 -0.054509036983224061 0.091948064129013685 -0.0058373292357782585 -0.025122818256901443 0.064531290415506079 0.037270458308873898 0.04079406364507096 -0.032334799162909024 -0.038738144999044599 0.12982100005443789 -0.04513562198851237 0.17706657051345837 0.060533609705796035 0.013052549515619186 0.017379650376474168 -0.034000007516390547 -0.018052987111666609 0.080705018367447853 0.032316076873476492 -0.038933037851626495
leaf_weight=0.042977066202478598 0.21641013892379746 0.14420359872768324 0.1248041050094203 0.59578261851954961 0.0093020831400520976 0.060117558459386988 0.21463406411284464 0.028528048424049861 0.4922023579705273 0.030053839021316808 0.13613624211636 0.13877217067214781 0.12077948040872882 0.67225731974019654 0.084925948179622845 0.19695576733515929 0.30692145059006837 0.20578923597281573 0.46056023202704283 0.03117824053786214 0.10885013599925764 0.018631290651517852 0.15501937871146365 0.1193092834599247 0.41164326080640457 0.55384165033489896 1.2381705500332798 0.1046164551944479 0.41163115427090696 0.15818064414354488
leaf_count=71 486 62 261 4886 56 142 549 64 3172 104 185 94 418 698 55 179 551 379 703 65 178 135 291 170 2407 843 2687 97 388 393
internal_value=-0.00123891 -0.000295984 0.00416809 -0.0149573 -0.0254769 0.00791477 0.0408764 0.00529058 0.000190235 0.0262949 0.0218081 0.0527998 0.0052998 -0.006257 0.00253613 -0.00134256 -0.00789606 0.011442 -0.0232026 0.0150212 -0.00792136 0.0779742 0.0314681 -0.0229535 -0.00710538 -0.0111219 -0.00464254 0.0415329 -0.00841204 0.0125372
internal_weight=7.59319 7.37678 4.45571 0.729889 0.605085 3.72583 0.274752 3.45107 2.63685 0.522256 0.81422 0.282976 0.531244 2.1146 1.44234 1.35741 1.16046 0.512711 0.647748 0.187188 0.156009 0.0471593 0.275799 0.255446 2.92106 2.50942 1.95558 0.147594 1.80798 0.569812
internal_count=20769 20283 13397 5203 4942 8194 691 7503 6283 3276 1220 156 1064 3007 2309 2254 2075 930 1145 442 377 199 709 355 6886 4479 3636 168 3468 781
is_linear=0
shrinkage=0.05


Tree=41
num_leaves=31
num_cat=0
split_feature=14 1 4 4 4 8 2 3 15 13 21 9 7 9 10 14 3 5 2 4 21 0 4 17 2 20 5 11 4 8
split_gain=0.0912018 0.217913 0.164951 0.139378 0.148559 0.124986 0.126755 0.158765 0.176997 0.140157 0.121238 0.127038 0.107275 0.133476 0.111841 0.127867 0.153251 0.12163 0.173715 0.114488 0.134609 0.150853 0.0984545 0.146699 0.0963168 0.135424 0.0947761 0.0942165 0.0937606 0.12736
threshold=0.65730872900684234 0.10022650782901356 6.0484000000000009 12.992100000000002 13.431850000000003 5.2400000000000011 -0.4359122999964522 926180.42720000015 3.5000000000000004 0.10080972987149218 0.19204425711275028 -0.89396578643977642 0.68500000000000016 -1.8553226942906118 0.12856592983613771 0.76479125757705124 294628.88625000004 3899911295.6250005 0.46042829719192374 6.3735500000000007 0.11602982292637466 0.29807906360607994 10.708050000000002 41.500000000000007 -0.16489996255282727 0.21106060606060609 1558931863.1750002 0.12585476329631798 10.659650000000001 0.87500000000000011
decision_type=2 2 2 2 2 8 2 2 2 2 2 2 2 2 2 2 2 2 2 2 2 2 2 2 2 2 2 2 2 10
left_child=3 2 -2 5 -5 6 7 8 -1 22 11 -11 -4 -14 15 16 -15 18 19 -17 21 -21 28 -24 25 -6 -26 -20 29 -8
right_child=1 -3 12 4 24 -7 9 -9 -10 10 -12 -13 13 14 -16 17 -18 -19 27 20 -22 -23 23 -25 26 -27 -28 -29 -30 -31
leaf_value=-0.041474568723051192 -0.038930220663466193 0.17172198230861035 0.043888162071239689 0.081301155491072946 -0.023007458737943791 0.077309364392953203 -0.016875223882493916 0.082004511762853671 0.051617498471186178 0.035366425138915851 0.057297115892925403 -0.035510453329899327 -0.027224866534948784 0.086843581182721674 0.09493611107977265 0.062125263270811026 -0.040085639270235375 -0.038715120090517696 0.12984378398887139 0.10502562204024882 -0.0064780437708043502 -0.021156021905251367 0.077515746219388948 -0.045995640422264603 -0.014402528570940482 0.060906475513121609 0.16143553260350929 -0.056724432993847856 0.068781826120678888 0.0027857606294170636
leaf_weight=0.10267361702453792 0.41882316762456318 0.016537603774373966 0.10866483612016598 0.099828662575400906 0.067465574670285355 0.051247740606512049 1.3802023071840959 0.098880759524979489 0.10157277737744158 0.13533495015743502 0.16507496960639928 0.11864728688185239 0.5778369890410423 0.026025614861851121 0.031336606148901214 0.089847390126737037 0.27566915291137256 0.12161028066666024 0.045434969594983783 0.061113241889257583 0.6161469244785015 0.038677087080999942 0.026474979549115707 0.26150577827781041 0.22728057992455292 0.16733126358454237 0.0079306467815966064 0.0079511489376387565 0.04343803934328061 2.0427992942094728
leaf_count=85 920 40 56 249 54 105 2681 15 108 63 509 160 1448 132 47 61 1338 336 317 42 2654 89 288 1050 2779 169 14 67 57 4836
internal_value=-0.00120152 -0.00916044 -0.010397 0.00260125 0.0259064 -0.000331729 -0.00122056 0.0299982 0.00482059 -0.00348803 0.0239381 0.00225644 -0.00442272 -0.00719792 0.00161027 -0.000670095 -0.0291361 0.00808625 0.0147107 0.00892369 0.00224709 0.0561197 -0.00654925 -0.0346408 0.0141406 0.036795 -0.00847377 0.102057 -0.00421549 -0.00514182
internal_weight=7.53336 2.43568 2.41914 5.09769 0.569837 4.52785 4.4766 0.303127 0.204246 4.17348 0.419057 0.253982 2.00031 1.89165 1.31381 1.28248 0.301695 0.980781 0.859171 0.805785 0.715937 0.0997903 3.75442 0.287981 0.470008 0.234797 0.235211 0.0533861 3.46644 3.423
internal_count=20769 7547 7507 13222 3265 9957 9852 208 193 9644 732 223 6587 6531 5083 5036 1470 3566 3230 2846 2785 131 8912 1338 3016 223 2793 384 7574 7517
is_linear=0
shrinkage=0.05


Tree=42
num_leaves=31
num_cat=0
split_feature=7 14 4 4 4 15 7 15 11 16 10 18 2 3 11 19 21 16 8 14 9 13 21 8 2 8 19 0 2 5
split_gain=0.0867706 0.106196 0.187629 0.137496 0.132344 0.132024 0.115916 0.111416 0.106549 0.121069 0.123752 0.10633 0.149542 0.142182 0.129445 0.137372 0.126768 0.0995904 0.108744 0.139696 0.135708 0.119297 0.122362 0.175753 0.120258 0.195292 0.124443 0.112671 0.108213 0.107325
threshold=0.58500000000000008 0.65730872900684234 6.0484000000000009 12.992100000000002 13.431850000000003 3.5000000000000004 2.4350000000000005 2.5000000000000004 0.11136428534344021 3.5000000000000004 0.12856592983613771 10.500000000000002 0.46042829719192374 6389729.6204500003 0.10592572803774504 4.5000000000000009 0.20238941829042814 2.5000000000000004 1.0450000000000002 0.45972972972972981 -2.9411764705882297 0.10035377407687075 0.15849282296650721 1.5450000000000002 -0.20685054404085471 1.0750000000000004 5.5000000000000009 0.42570873204698284 -0.36147631156558274 503277086.50000006
decision_type=2 2 2 2 2 2 2 2 2 2 2 2 2 2 2 2 2 2 8 2 2 2 2 10 2 8 2 2 2 2
left_child=-1 3 -3 5 -5 7 -7 17 11 10 -10 -4 14 -14 16 -16 -13 18 19 27 -21 22 23 -20 -24 -26 -27 -2 -23 -29
right_child=1 2 8 4 -6 6 -8 -9 9 -11 -12 12 13 -15 15 -17 -18 -19 21 20 -22 28 24 -25 25 26 -28 29 -30 -31
leaf_value=0.016878705123839908 -0.026091683659627093 -0.044126058743670475 -0.013066492137049929 0.076731551669370027 0.013483956661264779 0.016543466287422873 -0.038976167293832381 -0.030003739708801536 -0.034130757307422002 0.079756071089053623 0.055375859435700628 0.010203292386460058 0.11282432276584227 -0.055992449968702555 -0.044545427479457923 0.064262571653198527 -0.046865011348683504 -0.050129326317958134 0.04661983078173132 -0.039410388943820457 0.032435911919888281 -0.056240035772518487 -0.043134658974946991 -0.048652131117562239 0.23100657206506581 -0.027958840174697352 0.058687666629906182 0.027973630652666694 0.054019747435500379 0.29673199560663421
leaf_weight=0.61200005751662612 0.8183929939621738 0.37021979054862098 0.59691627262410996 0.10046762955642835 0.46792990956880315 1.1338574385521778 0.10251383127281366 0.46637249299452843 0.53269502545602054 0.027497277495774353 0.04163581067648936 0.33420009569611953 0.064189679281675543 0.015480410742829881 0.036056528182842718 0.14838727033790516 0.13728360286600239 0.10761200093800694 0.22772585827559402 0.086056443725821108 0.27821047024939249 0.024837510543875424 0.20473399472555392 0.061475370008989533 0.0096400443704818539 0.12714515292514705 0.061474313072739178 0.052183947022025556 0.21383392352297911 0.0039993430684548406
leaf_count=623 1476 896 2018 247 3012 1933 749 1064 1483 158 74 337 281 31 84 384 1745 648 189 112 647 29 251 92 63 508 469 707 444 15
internal_value=-0.00116003 -0.00277096 -0.0115152 0.00165946 0.0246633 -0.00162575 0.0119401 -0.00773881 -0.00527367 -0.022735 -0.027642 0.00261274 0.015336 0.0800221 0.00747909 0.0429919 -0.00641349 -0.00317918 -0.00085057 -0.0105536 0.0154625 0.0120627 0.00155212 0.0263679 -0.0162565 0.0114994 0.00028074 -0.0213895 0.0425455 0.0471049
internal_weight=7.46502 6.85302 2.30456 4.54846 0.568398 3.98007 1.23637 2.74369 1.93434 0.601828 0.574331 1.33251 0.735598 0.0796701 0.655927 0.184444 0.471484 2.27732 2.16971 1.23884 0.364267 0.930866 0.692195 0.289201 0.402994 0.19826 0.188619 0.874576 0.238671 0.0561833
internal_count=20769 20146 7491 12655 3259 9396 2682 6714 6595 1715 1557 4880 2862 312 2550 468 2082 5650 5002 2957 759 2045 1572 281 1291 1040 977 2198 473 722
is_linear=0
shrinkage=0.05


Tree=43
num_leaves=31
num_cat=1
split_feature=5 22 4 10 1 15 2 15 3 7 14 3 20 0 1 5 16 11 17 4 4 17 20 7 5 20 10 0 0 8
split_gain=0.0854093 0.0817899 0.13569 0.192443 0.181018 0.135009 0.132888 0.164002 0.159807 0.147864 0.137164 0.127489 0.112753 0.104918 0.103555 0.145445 0.150281 0.124193 0.135259 0.119895 0.179659 0.121885 0.114266 0.111775 0.0965142 0.107461 0.176882 0.12713 0.127361 0.111573
threshold=18070915.500000004 0 8.4914500000000022 0.099510603588907107 0.00070064915285150697 4.5000000000000009 -0.40662764941202961 3.5000000000000004 328943.36635000008 1.0050000000000001 0.10536595394736843 926180.42720000015 0.20087719298245618 0.74188216547710761 -1.0000000180025095e-35 528043929.02000004 2.5000000000000004 0.11195511488140743 83.500000000000014 13.073200000000002 13.538350000000001 37.500000000000007 0.18039092983876909 1.5250000000000001 42214295.000000007 0.14711765775595567 0.066771162683112409 0.28337107600695827 0.45501800617480898 0.55500000000000016
decision_type=2 9 2 2 2 2 2 2 2 2 2 2 2 2 2 2 2 2 2 2 2 2 2 2 2 2 2 2 2 10
left_child=-1 24 3 4 -3 14 11 13 10 12 -9 -6 -10 -8 15 17 -17 18 -4 21 -21 -16 -22 -18 -2 26 -26 -28 -29 -27
right_child=1 2 5 -5 6 -7 7 8 9 -11 -12 -13 -14 -15 19 16 23 -19 -20 20 22 -23 -24 -25 25 29 27 28 -30 -31
leaf_value=0.06874708648705051 0.070174671850204498 0.14213074867627903 0.038138350684364115 -0.040365048807455894 -0.020455343635658221 -0.033473317255092241 -0.033107472968118577 -0.054486190838119744 0.048376693022249097 -0.042506403403423536 0.10111593415410303 0.060385733024311321 -0.021249007749515873 0.038755779867762116 0.060213188085078799 -0.044145920196203996 0.1912328580592334 0.017501259418668879 0.13870394224007904 0.14369998023068198 0.061219781732985992 -0.02487860094588883 -0.010222369690148914 -0.048012117233846491 0.056138533277040839 -0.05450885264745952 -0.051461560090807872 0.059972933389619135 -0.055431489504013831 0.013280158249127889
leaf_weight=0.043476854868688686 0.064713718963075872 0.019486052822883626 0.083522278955536447 0.7201402273793186 0.083297118796867714 0.25275825705563226 0.87393397835354925 0.017884586775178152 0.13744749642242104 0.16638582099796059 0.068057515918032468 0.11765483836643401 0.10078461395991886 0.053923771513033625 0.045869801115200892 0.10790136054794355 0.013136726405702679 0.20992372181702629 0.05575544771116013 0.027192833325118071 0.076794641509706801 0.50987412669919208 0.20638633222764188 0.0077692907809747422 0.070658001936539372 0.062009039520727227 0.23088350371869404 0.062400505036512961 0.038755994988204694 2.8725040373089539
leaf_count=82 146 113 609 1551 105 1529 2166 94 78 700 167 17 129 460 437 765 35 647 89 151 201 1726 2086 102 259 285 108 45 146 5741
internal_value=-0.00112669 -0.00153957 -0.00317539 -0.0188214 -0.00935474 5.26893e-05 -0.0111776 -0.0165688 0.00681355 -0.00633877 0.0687351 0.0268761 0.0189214 -0.028931 0.00635714 0.0250384 -0.0203735 0.0417892 0.0783966 -0.00395302 0.0209399 -0.0178553 0.00915172 0.102322 0.00246141 0.00852398 -0.0156965 -0.030983 0.0157581 0.0118477
internal_weight=7.40128 7.35781 3.95588 2.359 1.63886 1.59688 1.61937 1.41842 0.49056 0.404618 0.0859421 0.200952 0.238232 0.927858 1.34413 0.478009 0.128807 0.349201 0.139278 0.866118 0.310374 0.555744 0.283181 0.020906 3.40192 3.33721 0.402698 0.33204 0.101157 2.93451
internal_count=20769 20687 13957 5580 4029 8377 3916 3794 1168 907 261 122 207 2626 6848 2247 902 1345 698 4601 2438 2163 2287 137 6730 6584 558 299 191 6026
cat_boundaries=0 4
cat_threshold=3759144962 2354645301 2218835972 71457808
is_linear=0
shrinkage=0.05


Tree=44
num_leaves=31
num_cat=1
split_feature=8 8 8 21 0 20 22 0 17 0 8 10 7 2 4 4 7 4 10 6 0 14 14 0 6 7 7 8 11 5
split_gain=0.0815222 0.0873731 0.0956354 0.131505 0.134723 0.112836 0.118165 0.249784 0.135722 0.114771 0.125568 0.106896 0.106722 0.147921 0.122473 0.162553 0.143214 0.0992856 0.115403 0.153969 0.0981331 0.104997 0.118238 0.0959849 0.146841 0.0999491 0.209022 0.120876 0.115386 0.094731
threshold=5.495000000000001 2.1450000000000005 1.3450000000000004 0.2994252873563219 0.0010794052073113418 0.098524132429198261 0 0.18697323942318886 110.50000000000001 0.0015915129145487189 1.2950000000000002 0.1062002189353257 0.90500000000000014 -0.062067989489735957 4.5844500000000012 4.9281000000000015 1.8250000000000004 10.949450000000002 0.11228020306593661 1.7956000000000003 0.79736491665968268 0.30790020790020795 0.92595280331129393 0.10427511499136526 2.7048000000000005 1.4650000000000001 2.3750000000000004 0.83500000000000008 0.1047328065770689 164494192.60000002
decision_type=8 10 8 2 2 2 9 2 2 2 8 2 2 2 2 2 2 2 2 10 2 2 2 2 10 2 2 8 2 2
left_child=1 2 5 4 -4 -1 7 11 20 -10 29 12 -7 14 16 -16 -14 18 19 -6 -8 -22 -23 24 -17 -26 -27 -28 -29 -11
right_child=-2 -3 3 -5 17 6 8 -9 9 10 -12 -13 13 -15 15 23 -18 -19 -20 -21 21 22 -24 -25 25 26 27 28 -30 -31
leaf_value=-0.037569443291287336 0.05847798275846338 -0.038673981464796413 0.083162885736079106 -0.046294153369468981 0.037301088789840564 0.054677628911451628 -0.021112230104281728 -0.0084099344600512601 0.11886484924869326 -0.054765405895607383 0.12544459725265783 -0.0054874446375242835 -0.055148430288293138 -0.044671465322989594 0.092561963431973759 -0.048958738937383672 0.062906470378395196 0.032359352242681251 0.055665420738941887 -0.025413541471319058 0.11759899589386265 -0.038579603563253212 0.065668820640103542 0.049779443985454162 0.059186797813498851 -0.033713208186982035 0.091453647555947232 -0.038799964214027816 0.07616363248301676 0.011804468058353628
leaf_weight=0.23059459542854988 0.056978872167216532 0.1552165501407704 0.072690232234890795 0.087540877505811632 0.13230423526203861 0.36362178129096956 2.7612848738397844 0.74173910184407876 0.023946413304656688 0.067152506289361258 0.020607098230605747 0.23042407397265918 0.084042421663467148 0.074221864740208976 0.10645884453232413 0.078022779426725752 0.036999438985219568 0.38423521163853269 0.079574779165289655 0.37599208242207083 0.023810356246706146 0.069570606261537396 0.044659158039574015 0.29916290715457783 0.14757438446149673 0.14968061719879067 0.081123481378783308 0.054238425318838934 0.036523159902780239 0.2617344547962786
leaf_count=70 167 1508 96 1496 237 173 7065 3501 26 363 91 174 123 424 34 74 98 1298 99 1195 374 718 163 175 98 101 90 89 48 601
internal_value=-0.00109603 -0.00156264 -0.000753557 0.0125718 0.017504 -0.00327373 -0.00189993 0.00316149 -0.0037976 0.0129698 0.00571412 0.026236 0.0310716 0.0235948 0.0283133 0.0343319 -0.019062 0.0125943 -0.00032428 -0.00908958 -0.0190555 0.0220862 0.00217726 0.0270071 0.0145563 0.0251195 0.00948519 0.0471031 0.00746227 -0.00178784
internal_weight=7.33173 7.27475 7.11953 1.13234 1.0448 5.98719 5.7566 2.48383 3.27277 0.37344 0.349494 1.74209 1.51167 1.14805 1.07383 0.952785 0.121042 0.972106 0.587871 0.508296 2.89932 0.13804 0.11423 0.846326 0.547163 0.46914 0.321566 0.171885 0.0907616 0.328887
internal_count=20769 20602 19094 4421 2925 14673 14603 5202 9401 1081 1055 1701 1527 1354 930 709 221 2829 1531 1432 8320 1255 881 675 500 426 328 227 137 964
cat_boundaries=0 4
cat_threshold=2148532258 2357002557 2151677984 1682068752
is_linear=0
shrinkage=0.05


Tree=45
num_leaves=31
num_cat=0
split_feature=5 3 1 20 11 8 8 9 4 8 9 6 9 4 11 7 7 3 1 10 15 14 21 21 7 2 8 21 21 21
split_gain=0.0759062 0.111567 0.129167 0.0981766 0.237141 0.175188 0.139437 0.129239 0.112253 0.189547 0.282266 0.145416 0.118468 0.11525 0.110619 0.290088 0.118014 0.110555 0.109431 0.107006 0.10789 0.096686 0.124577 0.111037 0.100562 0.187545 0.0965901 0.0934514 0.104316 0.0891601
threshold=46499445.125000007 282978.42130000005 0.0078086267032675414 0.1404052936311001 0.098696974262320852 0.66500000000000015 1.3550000000000002 6.3965212865945817 6.0484000000000009 0.8650000000000001 3.2867911041798652 2.3492000000000002 0.42927229921296833 5.0437500000000011 0.11304347826086962 1.9650000000000001 1.3250000000000004 1977910.3940500002 0.10009268636702941 0.099645177264486726 6.5000000000000009 0.43766891891891896 0.19204425711275028 0.13777285669092063 1.0750000000000004 -0.26182473186673388 1.2950000000000002 0.19163509180996796 0.20722186076772939 0.08842144452717797
decision_type=2 2 2 2 2 10 10 2 2 8 2 8 2 2 2 2 2 2 2 2 2 2 2 2 2 2 8 2 2 2
left_child=1 2 -1 4 5 -2 -6 -7 9 12 14 17 13 -5 19 16 -16 -10 29 21 -21 22 24 -23 -11 -26 -3 -25 -29 -13
right_child=3 26 -4 8 6 7 -8 -9 11 10 -12 18 -14 -15 15 -17 -18 -19 -20 20 -22 23 -24 27 25 -27 -28 28 -30 -31
leaf_value=-0.053396900795538341 0.069580489421159117 -0.055274989059952963 0.076512069422367268 -8.8959329143683107e-05 -0.0442702821709424 -0.039056863222277673 0.015020239337736666 0.08989292309170871 0.048778676268884436 -0.04588739604146265 -0.049343193357706178 -0.05418117069261276 -0.054207118624121801 -0.051924373472052456 0.070176111400834948 0.19628279749053901 -0.025742616968727389 -0.034283480609652695 0.13086593027678359 -0.042752615423241123 0.061961245941208359 0.084175470721908813 0.031185877063944906 -0.02553552068788988 0.12653013172849711 -0.028068070802571066 0.062843280278266619 0.085618322733507668 -0.071422846285831273 0.0028059358509389017
leaf_weight=0.022916300777300364 0.11474793950698048 0.055979483166607717 0.11594441773345734 0.39457698174660011 0.52973989938774824 0.10546333039751796 0.12200021787354587 0.023819366440835738 0.28212044146973775 0.15536267506710594 0.21283012204051055 0.069947912846385463 0.28049916645486739 0.14725043625325457 0.061814967338691962 0.02868407422131522 0.06663643588119153 0.04669006395202524 0.016479768624189872 0.15855758975912315 0.029115895184329332 0.094063372688893976 0.20707541420444059 0.072521114693397587 0.028529326955401821 0.062798329291122848 0.025053762280919108 0.055725931517555456 0.013051170874475125 3.6619123589281157
leaf_count=219 55 133 290 542 304 699 151 149 380 100 464 242 399 294 122 79 144 118 141 287 44 50 597 135 27 160 96 29 358 13961
internal_value=-0.00106191 0.0278665 0.0550731 -0.00196523 -0.0174296 0.0246131 -0.0331716 -0.0152988 0.000288585 -0.00919674 0.0030937 0.00510225 -0.0278308 -0.0141761 0.0138875 0.0525198 0.0204166 0.0369841 0.00230552 0.00696408 -0.0265072 0.0160795 0.00259127 0.0420841 -0.0214114 0.020226 -0.0187553 0.0140635 0.0558181 0.0017378
internal_weight=7.26191 0.219894 0.138861 7.04201 0.895771 0.244031 0.65174 0.129283 6.14624 2.06909 1.24677 4.07715 0.822327 0.541827 1.03394 0.157135 0.128451 0.328811 3.74834 0.876801 0.187673 0.689127 0.453766 0.235362 0.24669 0.0913277 0.0810332 0.141298 0.0687771 3.73186
internal_count=20769 738 509 20031 1358 903 455 848 18673 3831 2596 14842 1235 836 2132 345 266 498 14344 1787 331 1456 884 572 287 187 229 522 387 14203
is_linear=0
shrinkage=0.05


Tree=46
num_leaves=31
num_cat=0
split_feature=7 14 4 4 5 4 8 0 13 4 17 2 8 4 11 4 2 3 0 5 8 6 8 7 15 2 8 14 9 4
split_gain=0.0728688 0.0912591 0.165826 0.111076 0.115165 0.112718 0.126592 0.115428 0.109326 0.120169 0.128226 0.116552 0.115318 0.157551 0.125404 0.131815 0.110601 0.109358 0.154307 0.154122 0.130675 0.166503 0.130117 0.114431 0.100921 0.205632 0.122735 0.122767 0.112211 0.103037
threshold=0.58500000000000008 0.65730872900684234 6.0484000000000009 12.992100000000002 190337462.48000002 13.730850000000002 0.99500000000000011 0.29384634073571458 0.10085653497670667 10.708050000000002 41.500000000000007 -0.45339264834843612 0.91500000000000015 10.659650000000001 0.10991798592357931 9.6010500000000025 -0.36147631156558274 239319.85905000003 0.048170194824599173 242909998.73500004 0.69500000000000006 2.7915500000000004 0.6150000000000001 0.8650000000000001 3.5000000000000004 -0.18884610257853343 0.97500000000000009 0.63654119318181823 -1.3098240890277721 9.199250000000001
decision_type=2 2 2 2 2 2 8 2 2 2 2 2 8 2 2 2 2 2 2 2 10 8 8 2 2 2 10 2 2 2
left_child=-1 3 -3 8 -5 -6 -7 -8 9 11 -11 -2 13 14 17 -16 -10 18 -13 20 21 -19 -23 -21 25 -14 28 29 -27 -28
right_child=1 2 -4 4 5 6 7 -9 16 10 -12 12 24 -15 15 -17 -18 19 -20 23 -22 22 -24 -25 -26 26 27 -29 -30 -31
leaf_value=0.015762475335630893 0.04035342752099598 -0.043014791583031009 -0.004999578862925777 -0.053869684705439673 0.067637187415370767 0.045452391171769323 -0.053796125919524901 0.022143947766118655 -0.061690151128024964 0.072446651438735091 -0.045464918822782543 -0.04530719244691668 -0.022784511518386008 0.090955523506119212 -0.053730354410986364 0.043359993090048961 0.036421575242240788 -0.052229848722804464 0.067348691418224166 0.08305526394694232 -0.047998332100224798 -0.04797680260829143 0.050451288088432439 0.00036676787575526143 0.024584556035954216 0.14764798662392509 0.01488965086263562 0.15859667672083538 0.029049635457255349 -0.049515830751687466
leaf_weight=0.59277717865687485 0.16023653676610594 0.33864316926226523 1.8761629964053472 0.045618949096429273 0.13843353082861998 0.18013724826533681 0.091350300758751446 0.11065025899851008 0.031919374479912554 0.025294290175375267 0.26068141783107684 0.043898656759657748 0.60815754144732437 0.034776937372580252 0.30787294024053613 0.03943649358143797 0.28701453572695312 0.1059239379454089 0.098821411407964868 0.056085235861304622 0.34339507350074172 0.044336874337211764 0.13834716129831395 0.16473384486479173 0.48687286940662722 0.032351318281176378 0.41394215438274429 0.013407245081800245 0.052004901339807008 0.073059983425848407
leaf_count=623 120 896 6595 571 281 1085 227 1095 40 290 1074 58 668 22 406 73 618 219 329 53 833 159 133 580 1447 73 1575 47 182 397
internal_value=-0.00103053 -0.00253797 -0.0108121 0.0016376 0.0223059 0.0289814 0.0149779 -0.0121983 -0.00142374 -0.00397495 -0.0350357 -0.00121436 -0.00339288 -0.0141155 -0.0168367 -0.0427059 0.0266024 -0.00781179 0.0326973 -0.014591 -0.0271551 -0.00235524 0.0265631 0.0213686 0.00540094 -0.00242855 0.0187417 0.0093367 0.0745331 0.00522755
internal_weight=7.19634 6.60357 2.21481 4.38876 0.56619 0.520571 0.382138 0.202001 3.82257 3.50364 0.285976 3.21766 3.05742 1.37763 1.34285 0.347309 0.318934 0.995542 0.14272 0.852822 0.632003 0.288608 0.182684 0.220819 1.6798 1.19292 0.584766 0.500409 0.0843562 0.487002
internal_count=20769 20146 7491 12655 3259 2688 2407 1322 9396 8738 1364 7374 7254 2865 2843 479 658 2364 387 1977 1344 511 292 633 4389 2942 2274 2019 255 1972
is_linear=0
shrinkage=0.05


Tree=47
num_leaves=31
num_cat=1
split_feature=22 3 9 9 0 9 11 13 3 13 13 2 10 2 6 11 13 21 19 8 9 6 6 6 7 13 7 15 2 11
split_gain=0.0717252 0.149614 0.147861 0.201504 0.12972 0.130447 0.126832 0.125699 0.113577 0.131703 0.104826 0.0960562 0.106061 0.124048 0.0936794 0.0959783 0.095263 0.090404 0.0920149 0.0897076 0.0854538 0.0815555 0.093103 0.0822392 0.0777966 0.15061 0.0797618 0.189407 0.154263 0.0808069
threshold=0 2471714.2021500007 -5.2021176346199125 -3.3931348887101138 0.44515765410089631 2.37296109833034 0.12585476329631798 0.10096620612397313 926180.42720000015 0.099841834099042362 0.099882697584051786 -0.45339264834843612 0.11345092126560384 -0.33731075784674835 1.4743000000000002 0.11403508771929821 0.099763171399966835 0.096464019851116647 3.5000000000000004 0.56500000000000006 7.405579320682965 12.990550000000001 11.811100000000001 11.071800000000001 1.0050000000000001 0.10012380097738029 1.7550000000000001 3.5000000000000004 -0.16831770787698239 0.11252588956756822
decision_type=9 2 2 2 2 2 2 2 2 2 2 2 2 2 10 2 2 2 2 8 2 8 8 10 2 2 2 2 2 2
left_child=19 2 6 -4 5 11 8 -7 9 -2 -6 -5 13 -13 -15 24 -17 -12 -19 -1 -3 22 23 -21 25 -16 -26 28 -28 -30
right_child=1 20 3 4 10 7 -8 -9 -10 -11 17 12 -14 14 15 16 -18 18 -20 21 -22 -23 -24 -25 26 -27 27 -29 29 -31
leaf_value=-0.053752987368400666 0.059646938222850998 -0.045526315966674953 -0.050236569808242898 0.033548401153971681 -0.041365991200215863 -0.042688714350237023 -0.051113094865653311 0.035436337927285809 0.060340312759690741 -0.037069281396540255 -0.05426439532916523 -0.052819565810493553 0.041109861284179788 -0.049851323802903372 0.050342513456169184 0.06523370153932477 -0.053797343746246999 -0.020621187388589816 0.051537270293521391 0.011483793187379195 0.025602387319454203 -0.029982285954426952 0.073584036529750679 -0.054062314596298205 -0.022562003728858193 -0.052440788988502074 -0.045503097606324087 0.065220790649666099 0.011848624802134104 0.12147871844493144
leaf_weight=0.055799280253841975 0.058233145818548243 0.39560698581291909 0.29142118090105951 0.1515867309648965 0.058995715103900337 0.44081107314280454 0.050799548834057906 0.058295248025762025 0.1807874409530692 0.088990987829640517 0.028481357761044102 0.16299404445267418 0.10147649894708699 0.11254496613078924 0.17815230844473398 0.019232297613733212 0.13340803084741717 0.053580038019340637 0.25181778164934931 3.1985517133798775 0.047271860729638959 0.12203711494776692 0.0595665651591476 0.048581587036990448 0.32287206767296062 0.044554492261161677 0.15258589516495008 0.11466359246597885 0.12538891991120954 0.019410482956687292
leaf_count=379 152 1194 782 47 1514 950 170 56 113 329 82 210 81 260 178 78 313 324 3229 5945 42 759 209 161 775 93 463 418 1423 40
internal_value=-0.00100256 -0.0028567 -0.00692778 -0.0108647 -0.00633117 -0.0111837 0.0224039 -0.0335638 0.0337896 0.00118593 0.0200755 -0.00436797 -0.00823247 -0.0118456 -0.00638399 -0.00197783 -0.0387997 0.0309321 0.0388775 0.00236047 -0.0379342 0.010158 0.0116395 0.0105031 0.00389137 0.0297798 -0.00395372 0.0106273 -0.0104225 0.0265446
internal_weight=7.1285 3.64396 3.20108 2.82227 2.53085 2.13798 0.378811 0.499106 0.328012 0.147224 0.392875 1.63887 1.48728 1.38581 1.22281 1.11027 0.15264 0.333879 0.305398 3.48454 0.442879 3.42874 3.3067 3.24713 0.957628 0.222707 0.734921 0.412049 0.297385 0.144799
internal_count=20769 13316 12080 11316 10534 5385 764 1006 594 481 5149 4379 4332 4251 4041 3781 391 3635 3553 7453 1236 7074 6315 6106 3390 271 3119 2344 1926 1463
cat_boundaries=0 4
cat_threshold=3759177762 2287536421 2218835972 1145068560
is_linear=0
shrinkage=0.05


Tree=48
num_leaves=31
num_cat=1
split_feature=8 8 8 21 7 3 2 7 20 22 0 15 9 10 10 7 6 14 7 7 13 8 21 14 9 13 17 2 14 21
split_gain=0.0689484 0.0770481 0.0796492 0.119095 0.124007 0.142558 0.173481 0.127935 0.0942608 0.0948198 0.214105 0.113626 0.171536 0.177987 0.23747 0.14798 0.143935 0.132941 0.168284 0.117051 0.16404 0.16797 0.122469 0.108147 0.102706 0.0972223 0.0968914 0.0963364 0.133032 0.144849
threshold=5.495000000000001 2.1450000000000005 1.3450000000000004 0.2994252873563219 1.5950000000000004 1026940.5094500001 -0.09831196581196576 2.0450000000000004 0.098524132429198261 0 0.18293125452165812 3.5000000000000004 -2.0632994298042822 0.088695791582380237 0.090508535175698526 0.55500000000000016 10.948650000000002 0.55571681986776345 1.9850000000000001 1.6250000000000002 0.10014426565693425 0.8650000000000001 0.17445652173913045 0.95861872146118732 5.3815551818634857 0.09962523057331997 40.500000000000007 -0.062067989489735957 0.39309040016587188 0.15655637254901963
decision_type=8 8 8 2 2 2 2 2 2 9 2 2 2 2 2 2 10 2 2 2 2 8 2 2 2 2 2 2 2 2
left_child=1 2 8 4 5 -4 -7 -6 -1 10 27 16 15 26 -15 -13 -11 25 -19 23 21 22 -21 -18 -12 -16 -14 28 -10 -30
right_child=-2 -3 3 -5 7 6 -8 -9 9 11 24 12 13 14 17 -17 19 18 -20 20 -22 -23 -24 -25 -26 -27 -28 -29 29 -31
leaf_value=-0.035859033298490751 0.055167206146033092 -0.03736371975725105 0.054218782834841307 -0.045749095881429329 -0.038581041402256655 -0.058574101475594623 0.033934522149959831 0.016291628286657572 0.011695690990957552 -0.023573518160917697 -0.012226512520508079 0.058413802404960774 0.097214230128916529 0.13317698421066557 0.066464636956505244 -0.04436771211640806 -0.044744710615986928 0.056211661066457363 -0.053827840605283742 0.44132537721277815 -0.041172546049517741 0.076546613726432372 0.014122168328221397 0.092172556039425618 0.080410807481482341 -0.02034292008254061 -0.040925506860517331 -0.0090198682979156647 0.080829256827051763 0.031635382438305847
leaf_weight=0.21032604272477584 0.054261005597262435 0.14592949897271168 0.31837594187221807 0.083448551603591548 0.16065990251787271 0.077115631806930096 0.14783072815292425 0.31349179351851636 0.54954566874862754 2.0726785967777812 0.62633333150037473 0.040089768354183652 0.013708577322738308 0.04707108361212764 0.037329847580213349 0.27691327753137551 0.070859728097579289 0.24106169645699194 0.040595547459774228 0.0058749784799565644 0.025815457151559015 0.053289885834542285 0.0023481662810066689 0.018108080128941939 0.031421067793749535 0.23723799345562496 0.17145933231460056 0.17168031747170687 0.19725250379003001 0.61984641072583202
leaf_count=70 167 1508 731 1496 525 91 229 1349 431 6476 3064 26 41 42 50 525 310 211 210 54 269 304 229 77 96 431 701 484 127 445
internal_value=-0.000978088 -0.00141282 -0.000648255 0.0116745 0.0163841 0.0326906 0.00222091 -0.00230124 -0.00300318 -0.00175818 0.0028944 -0.0033741 -0.000307119 0.0121815 0.0253426 -0.0313695 -0.0198845 0.016217 0.0403516 0.0234871 0.064609 0.109003 0.319335 -0.0168772 -0.00780121 -0.00854069 -0.0306986 0.0262829 0.0307177 0.0435111
internal_weight=7.06196 7.0077 6.86177 1.10092 1.01747 0.543322 0.224946 0.474152 5.76085 5.55052 2.19608 3.35444 1.10547 0.788464 0.603296 0.317003 2.24897 0.556225 0.281657 0.176296 0.0873285 0.061513 0.00822314 0.0889678 0.657754 0.274568 0.185168 1.53832 1.36664 0.817099
internal_count=20769 20602 19094 4421 2925 1051 320 1874 14673 14603 4647 9956 2237 1686 944 551 7719 902 421 1243 856 587 283 387 3160 481 742 1487 1003 572
cat_boundaries=0 4
cat_threshold=2148532226 2357002549 2151694368 3829552400
is_linear=0
shrinkage=0.05


Tree=49
num_leaves=31
num_cat=0
split_feature=5 8 7 1 1 7 6 17 8 0 0 21 2 2 14 17 5 5 13 13 2 18 10 4 15 19 4 9 11 20
split_gain=0.0688402 0.063965 0.107122 0.121005 0.11019 0.0935303 0.119464 0.129209 0.0938421 0.129247 0.126283 0.123011 0.122548 0.108172 0.103088 0.0993608 0.0986016 0.105337 0.095538 0.109505 0.163497 0.182588 0.127024 0.103063 0.0950911 0.0914267 0.109997 0.169765 0.128704 0.173849
threshold=3899911295.6250005 0.87500000000000011 2.4350000000000005 -0.010892772156863182 0.10009268636702941 2.2450000000000006 2.7351000000000005 65.500000000000014 0.97500000000000009 0.43033462977418596 0.036200749821446741 0.19163509180996796 -0.26640438781495296 0.83517027918069586 0.51226592091755474 87.500000000000014 386473506.03000003 373131497.55000007 0.10080972987149218 0.099878197320340992 -0.17594324177969203 14.500000000000002 0.0026448179475485156 4.0076000000000009 2.5000000000000004 7.5000000000000009 6.0484000000000009 0.42927229921296833 0.069421925571658258 0.1356236786469345
decision_type=2 8 2 2 2 2 10 2 10 2 2 2 2 2 2 2 2 2 2 2 2 2 2 2 2 2 2 2 2 2
left_child=1 25 5 -4 -5 8 -7 -8 10 16 12 14 -3 -11 -12 -16 17 18 19 22 -21 -22 -10 -20 -13 26 27 -1 -28 -30
right_child=-2 2 3 4 -6 6 7 -9 9 13 11 24 -14 -15 15 -17 -18 -19 23 20 21 -23 -24 -25 -26 -27 28 -29 29 -31
leaf_value=-0.0083605862755124459 -0.030488289430160992 0.013416284918339223 0.031504293867478016 -0.027347195995849612 0.13188505191192332 -0.053992673911228174 -0.0084168259633682786 0.07305968561702901 -0.063811195787356098 0.016522956756385637 -0.053596956527369781 -0.0062746441142313607 0.080569815449250473 0.11042679837036207 -0.017436474529188457 0.0835043816089025 -0.022520763283886667 0.073976283325751152 -0.015428318990378977 -0.039168778255709899 0.035651161798061937 -0.034143357749333511 0.029657645859984916 0.061923021583915987 0.055136038197695948 0.035361253658905585 0.054974418798272223 -0.05375791450479827 -0.052839246212812975 0.0028701126312844116
leaf_weight=0.75283903933914276 0.19187639046634597 0.13351835316300531 0.1181742173788346 0.54743661049189551 0.011084770894845164 0.032405501862241115 0.069635338618118492 0.16153930322421223 0.041623170347808047 0.47810869228140418 0.11934488028201148 0.10964108025556624 0.13831475627849099 0.032770270440238058 0.082325966561715008 0.034636157633940456 0.60232748333649855 0.04875584575721692 0.069369557871719917 0.39574575358294434 0.22497059433063302 0.16060102144920793 0.28686326710825027 0.11355872849263463 0.14829853241291463 0.12597571291753062 0.1009027163359727 0.28347703017153625 0.15820590198941586 1.219695506593621
leaf_count=833 486 62 261 4886 56 114 317 260 51 3172 185 418 94 104 135 35 698 23 70 683 379 263 729 111 291 1416 422 412 87 3716
internal_value=-0.000953105 -0.00011997 0.00374289 -0.0144614 -0.024187 0.00727833 0.0359141 0.048517 0.00493485 0.000166955 0.0202123 0.00515716 0.0475855 0.0225464 -0.0209038 0.0124553 -0.00571488 0.00183096 -0.000890025 -0.00640853 -0.0165923 0.00657985 0.017814 0.0325901 0.0290325 -0.00620591 -0.0082879 -0.0207787 0.000465411 -0.00352624
internal_weight=6.99402 6.80215 4.16105 0.676696 0.558521 3.48435 0.26358 0.231175 3.22077 2.45469 0.76608 0.494247 0.271833 0.510879 0.236307 0.116962 1.94382 1.34149 1.29273 1.1098 0.781317 0.385572 0.328486 0.182928 0.25794 2.6411 2.51512 1.03632 1.4788 1.3779
internal_count=20769 20283 13397 5203 4942 8194 691 577 7503 6283 1220 1064 156 3276 355 170 3007 2309 2286 2105 1325 642 780 181 709 6886 5470 1245 4225 3803
is_linear=0
shrinkage=0.05


end of trees

feature_importances:
ret60=129
vr_prev=123
vr_d0=111
close_ret=105
ftr=98
wr1=95
cmv=94
amount=89
pct_prev=84
turn_d0=75
amplitude=64
promo_yd=60
amt_rank_pct=58
gap=54
ind_boards=54
intraday=47
mkt_boards_n=40
sw_l2=36
zha_rate=34
mkt_chain_n=25
mkt_max_streak=21
streak_prev=4

parameters:
[boosting: gbdt]
[objective: binary]
[metric: binary_logloss]
[tree_learner: serial]
[device_type: cpu]
[data_sample_strategy: bagging]
[data: ]
[valid: ]
[num_iterations: 50]
[learning_rate: 0.05]
[num_leaves: 31]
[num_threads: 0]
[seed: 42]
[deterministic: 0]
[force_col_wise: 0]
[force_row_wise: 0]
[histogram_pool_size: -1]
[max_depth: -1]
[min_data_in_leaf: 50]
[min_sum_hessian_in_leaf: 0.001]
[bagging_fraction: 1]
[pos_bagging_fraction: 1]
[neg_bagging_fraction: 1]
[bagging_freq: 0]
[bagging_seed: 400]
[bagging_by_query: 0]
[feature_fraction: 1]
[feature_fraction_bynode: 1]
[feature_fraction_seed: 30056]
[extra_trees: 0]
[extra_seed: 12879]
[early_stopping_round: 0]
[early_stopping_min_delta: 0]
[first_metric_only: 0]
[max_delta_step: 0]
[lambda_l1: 0]
[lambda_l2: 0]
[linear_lambda: 0]
[min_gain_to_split: 0]
[drop_rate: 0.1]
[max_drop: 50]
[skip_drop: 0.5]
[xgboost_dart_mode: 0]
[uniform_drop: 0]
[drop_seed: 17869]
[top_rate: 0.2]
[other_rate: 0.1]
[min_data_per_group: 100]
[max_cat_threshold: 32]
[cat_l2: 10]
[cat_smooth: 10]
[max_cat_to_onehot: 4]
[top_k: 20]
[monotone_constraints: ]
[monotone_constraints_method: basic]
[monotone_penalty: 0]
[feature_contri: ]
[forcedsplits_filename: ]
[refit_decay_rate: 0.9]
[cegb_tradeoff: 1]
[cegb_penalty_split: 0]
[cegb_penalty_feature_lazy: ]
[cegb_penalty_feature_coupled: ]
[path_smooth: 0]
[interaction_constraints: ]
[verbosity: -1]
[saved_feature_importance_type: 0]
[use_quantized_grad: 0]
[num_grad_quant_bins: 4]
[quant_train_renew_leaf: 0]
[stochastic_rounding: 1]
[linear_tree: 0]
[max_bin: 255]
[max_bin_by_feature: ]
[min_data_in_bin: 3]
[bin_construct_sample_cnt: 200000]
[data_random_seed: 175]
[is_enable_sparse: 1]
[enable_bundle: 1]
[use_missing: 1]
[zero_as_missing: 0]
[feature_pre_filter: 1]
[pre_partition: 0]
[two_round: 0]
[header: 0]
[label_column: ]
[weight_column: ]
[group_column: ]
[ignore_column: ]
[categorical_feature: 22]
[forcedbins_filename: ]
[precise_float_parser: 0]
[parser_config_file: ]
[objective_seed: 16083]
[num_class: 1]
[is_unbalance: 0]
[scale_pos_weight: 1]
[sigmoid: 1]
[boost_from_average: 1]
[reg_sqrt: 0]
[alpha: 0.9]
[fair_c: 1]
[poisson_max_delta_step: 0.7]
[tweedie_variance_power: 1.5]
[lambdarank_truncation_level: 30]
[lambdarank_norm: 1]
[label_gain: ]
[lambdarank_position_bias_regularization: 0]
[eval_at: ]
[multi_error_top_k: 1]
[auc_mu_weights: ]
[num_machines: 1]
[local_listen_port: 12400]
[time_out: 120]
[machine_list_filename: ]
[machines: ]
[gpu_platform_id: -1]
[gpu_device_id: -1]
[gpu_device_id_list: ]
[gpu_use_dp: 0]
[num_gpu: 1]

end of parameters

pandas_categorical:[["IT\u670d\u52a1\u2161", "\u4e00\u822c\u96f6\u552e", "\u4e13\u4e1a\u5de5\u7a0b", "\u4e13\u4e1a\u670d\u52a1", "\u4e13\u4e1a\u8fde\u9501\u2161", "\u4e13\u7528\u8bbe\u5907", "\u4e2a\u62a4\u7528\u54c1", "\u4e2d\u836f\u2161", "\u4e58\u7528\u8f66", "\u4e92\u8054\u7f51\u7535\u5546", "\u4f11\u95f2\u98df\u54c1", "\u4f53\u80b2\u2161", "\u4fdd\u9669\u2161", "\u5143\u4ef6", "\u5149\u4f0f\u8bbe\u5907", "\u5149\u5b66\u5149\u7535\u5b50", "\u5176\u4ed6\u5bb6\u7535\u2161", "\u5176\u4ed6\u7535\u5b50\u2161", "\u5176\u4ed6\u7535\u6e90\u8bbe\u5907\u2161", "\u517b\u6b96\u4e1a", "\u519b\u5de5\u7535\u5b50\u2161", "\u519c\u4e1a\u7efc\u5408\u2161", "\u519c\u4ea7\u54c1\u52a0\u5de5", "\u519c\u5316\u5236\u54c1", "\u519c\u5546\u884c\u2161", "\u51b6\u94a2\u539f\u6599", "\u51fa\u7248", "\u52a8\u7269\u4fdd\u5065\u2161", "\u5305\u88c5\u5370\u5237", "\u5316\u5986\u54c1", "\u5316\u5b66\u5236\u54c1", "\u5316\u5b66\u5236\u836f", "\u5316\u5b66\u539f\u6599", "\u5316\u5b66\u7ea4\u7ef4", "\u533b\u7597\u5668\u68b0", "\u533b\u7597\u670d\u52a1", "\u533b\u836f\u5546\u4e1a", "\u534a\u5bfc\u4f53", "\u53a8\u536b\u7535\u5668", "\u5546\u7528\u8f66", "\u5730\u9762\u5175\u88c5\u2161", "\u57ce\u5546\u884c\u2161", "\u57fa\u7840\u5efa\u8bbe", "\u5851\u6599", "\u591a\u5143\u91d1\u878d", "\u5bb6\u5c45\u7528\u54c1", "\u5bb6\u7535\u96f6\u90e8\u4ef6\u2161", "\u5c0f\u5bb6\u7535", "\u5c0f\u91d1\u5c5e", "\u5de5\u4e1a\u91d1\u5c5e", "\u5de5\u7a0b\u54a8\u8be2\u670d\u52a1\u2161", "\u5de5\u7a0b\u673a\u68b0", "\u5e7f\u544a\u8425\u9500", "\u5f71\u89c6\u9662\u7ebf", "\u623f\u5730\u4ea7\u5f00\u53d1", "\u623f\u5730\u4ea7\u670d\u52a1", "\u623f\u5c4b\u5efa\u8bbe\u2161", "\u6469\u6258\u8f66\u53ca\u5176\u4ed6", "\u6559\u80b2", "\u6570\u5b57\u5a92\u4f53", "\u6587\u5a31\u7528\u54c1", "\u65c5\u6e38\u53ca\u666f\u533a", "\u65c5\u6e38\u96f6\u552e\u2161", "\u666e\u94a2", "\u670d\u88c5\u5bb6\u7eba", "\u6797\u4e1a\u2161", "\u6a61\u80f6", "\u6c34\u6ce5", "\u6c7d\u8f66\u670d\u52a1", "\u6c7d\u8f66\u96f6\u90e8\u4ef6", "\u6cb9\u670d\u5de5\u7a0b", "\u6cb9\u6c14\u5f00\u91c7\u2161", "\u6d88\u8d39\u7535\u5b50", "\u6e14\u4e1a", "\u6e38\u620f\u2161", "\u70bc\u5316\u53ca\u8d38\u6613", "\u7126\u70ad\u2161", "\u7164\u70ad\u5f00\u91c7", "\u7167\u660e\u8bbe\u5907\u2161", "\u71c3\u6c14\u2161", "\u7269\u6d41", "\u7279\u94a2\u2161", "\u73af\u4fdd\u8bbe\u5907\u2161", "\u73af\u5883\u6cbb\u7406", "\u73bb\u7483\u73bb\u7ea4", "\u751f\u7269\u5236\u54c1", "\u7535\u529b", "\u7535\u5b50\u5316\u5b66\u54c1\u2161", "\u7535\u673a\u2161", "\u7535\u6c60", "\u7535\u7f51\u8bbe\u5907", "\u7535\u89c6\u5e7f\u64ad\u2161", "\u767d\u8272\u5bb6\u7535", "\u767d\u9152\u2161", "\u79cd\u690d\u4e1a", "\u7eba\u7ec7\u5236\u9020", "\u7efc\u5408\u2161", "\u80a1\u4efd\u5236\u94f6\u884c\u2161", "\u80fd\u6e90\u91d1\u5c5e", "\u81ea\u52a8\u5316\u8bbe\u5907", "\u822a\u5929\u88c5\u5907\u2161", "\u822a\u6d77\u88c5\u5907\u2161", "\u822a\u7a7a\u673a\u573a", "\u822a\u7a7a\u88c5\u5907\u2161", "\u822a\u8fd0\u6e2f\u53e3", "\u88c5\u4fee\u5efa\u6750", "\u88c5\u4fee\u88c5\u9970\u2161", "\u8ba1\u7b97\u673a\u8bbe\u5907", "\u8bc1\u5238\u2161", "\u8c03\u5473\u53d1\u9175\u54c1\u2161", "\u8d35\u91d1\u5c5e", "\u8d38\u6613\u2161", "\u8f68\u4ea4\u8bbe\u5907\u2161", "\u8f6f\u4ef6\u5f00\u53d1", "\u901a\u4fe1\u670d\u52a1", "\u901a\u4fe1\u8bbe\u5907", "\u901a\u7528\u8bbe\u5907", "\u9020\u7eb8", "\u9152\u5e97\u9910\u996e", "\u91d1\u5c5e\u65b0\u6750\u6599", "\u94c1\u8def\u516c\u8def", "\u975e\u767d\u9152", "\u975e\u91d1\u5c5e\u6750\u6599\u2161", "\u98ce\u7535\u8bbe\u5907", "\u98df\u54c1\u52a0\u5de5", "\u996e\u6599\u4e73\u54c1", "\u9970\u54c1", "\u9972\u6599", "\u9ed1\u8272\u5bb6\u7535"]]
