tree
version=v4
num_class=1
num_tree_per_iteration=1
label_index=0
max_feature_idx=22
objective=binary sigmoid:1
feature_names=wr1 gap ret60 cmv ftr amount turn_d0 vr_d0 vr_prev pct_prev intraday amplitude seal_hard close_ret amt_rank_pct ind_boards streak_prev mkt_boards_n mkt_chain_n mkt_max_streak zha_rate promo_yd sw_l2
feature_infos=[0:1.0000000000000007] [-0.10465116279069764:0.10588235294117654] [-0.67999999999999994:5.0384615384615392] [36636.599999999999:193496882.99250001] [0.11749999999999999:147.02070000000001] [2925612:31598894525.549999] [0.039300000000000002:55.946300000000001] [0.029999999999999999:22.719999999999999] [0.23000000000000001:16.620000000000001] [-10.416666666666663:9.4972067039106101] [-0.0044800000000000178:0.20930232558139528] [0:0.20930232558139528] [0:1] [0.095008051529790638:0.10588235294117654] [0.0014513788098693759:1] [1:51] [0:14] [5:890] [0:314] [1:18] [0:0.80158730158730163] [0:0.85245901639344257] -1:69:116:5:90:30:86:54:1:0:115:31:15:72:49:13:45:113:64:32:37:28:23:89:43:83:107:99:14:2:80:48:7:88:20:46:108:52:42:75:105:17:35:95:18:44:53:114:103:106:34:51:104:125:60:84:67:96:61:79:120:36:22:33:117:26:82:74:10:9:50:98:77:124:63:93:123:94:112:59:119:39:19:111:87:91:110:47:57:55:58:40:127:70:85:126:68:76:128:66:25:56:78:3:109:122:6:100:121:8:29:81:92:73:27:101:38:118:102:65:4:11:62:16:12:71:41:21:24
tree_sizes=3485 3526 3542 3547 3543 3553 3558 3547 3544 3556 3541 3570 3550 3570 3554 3561 3581 3581 3566 3613 3567 3574 3584 3601 3569 3564 3599 3621 3586 3625 3590 3570 3588 3570 3575 3573 3581 3571 3580 3586 3578 3567 3584 3586 3592 3579 3567 3585 3589 3583

Tree=0
num_leaves=31
num_cat=1
split_feature=7 22 5 2 6 7 20 0 13 2 8 0 9 9 13 10 8 17 8 4 7 7 0 11 7 6 2 7 2 3
split_gain=2.36784 1.82334 1.24388 0.748784 1.06774 0.989838 0.669812 0.648633 0.605564 0.826671 0.592181 0.68956 0.564758 0.543262 0.485417 0.467603 0.488519 0.454545 0.678755 0.915521 0.474179 0.848374 0.430361 0.447757 0.497913 0.406757 0.356535 0.339502 0.827663 0.623936
threshold=0.62500000000000011 0 496046881.93000001 -0.28209439348842857 8.5943500000000022 1.5150000000000003 0.16561181434599156 0.76737073581487025 0.10054496317415053 -0.39490177065283499 1.5050000000000001 0.048170194824599173 -0.52185555261756711 -3.2258064516129052 0.10096620612397313 0.046939882374875029 0.88500000000000012 38.500000000000007 0.7350000000000001 13.832250000000002 0.9850000000000001 0.88500000000000012 0.10991938042429683 0.10789473684210517 1.2850000000000004 1.9949500000000002 -0.10974857899010552 0.9850000000000001 -0.15529593816311507 1470652.6473500002
decision_type=2 9 2 2 10 2 2 2 2 2 8 2 2 2 2 2 10 2 8 2 2 2 2 2 2 10 2 2 2 2
left_child=6 2 3 5 14 -2 -1 8 27 -10 11 -8 -7 -6 15 16 -5 18 -17 -20 21 -19 23 24 -11 -4 -13 28 -3 -30
right_child=1 7 25 4 13 12 10 -9 9 22 -12 26 -14 -15 -16 17 -18 20 19 -21 -22 -23 -24 -25 -26 -27 -28 -29 29 -31
leaf_value=-0.90814690223364503 -0.90016038736086279 -1.10344306567705 -0.94237624191478853 -0.87783102233567367 -1.1203923332843617 -0.9634929543334636 -0.96335662216357987 -1.0199698094937906 -0.8910196891598523 -0.97930610995367595 -0.87791522400762101 -1.1141786046499895 -1.0950926539070502 -0.88646125284083321 -0.90819277314580682 -1.1268520813302143 -1.0650774858247063 -1.0699668314186823 -0.86616255240935192 -1.1270567366871653 -1.0704880194800075 -0.89886971053203024 -1.1104726487253167 -0.95450839189269887 -1.1196130631005721 -1.0598555473189588 -1.0217509814252115 -1.0927857603141635 -1.0531633996296874 -0.94063514212502886
leaf_weight=0.21708705267228445 0.37216335074590523 0.73086610857069811 0.077092674360068059 0.090827185650445133 0.028271526114233475 0.19452405560712097 0.29949721353804348 0.39355984413572365 0.080836947775213996 0.10267134777515916 0.079834231884454487 0.18659572009299055 0.14034359811207195 0.20319383788137699 0.079238595412873924 0.058761233424207408 0.056502683910273119 0.17427592968706723 0.13506767663164998 0.044772959783217325 1.0224360568151123 0.12400055462063303 0.26049305773320075 0.13686008334031852 0.16460840257039569 1.6647038425859015 0.23667867726899336 8.0431649797436151 0.5340455809014355 0.16011808571847952
leaf_count=43 218 292 40 102 54 75 72 3343 57 58 143 109 45 445 119 110 187 106 315 56 1274 46 848 105 155 2021 353 9382 521 75
internal_value=-1.05981 -1.06479 -1.04803 -1.00056 -1.01607 -0.956278 -0.986066 -1.07172 -1.08538 -1.042 -1.00714 -1.02142 -1.01865 -0.915034 -1.02917 -1.03479 -0.949642 -1.04283 -0.979319 -0.931115 -1.05431 -0.998838 -1.06036 -1.02806 -1.06572 -1.05466 -1.0625 -1.0888 -1.06631 -1.02721
internal_weight=16.0931 15.0734 4.46618 2.72438 2.01735 0.707031 1.01969 10.6072 10.2137 0.74547 0.802606 0.722772 0.334868 0.231465 1.78588 1.70664 0.14733 1.55931 0.238602 0.179841 1.32071 0.298276 0.664633 0.40414 0.26728 1.7418 0.423274 9.46819 1.42503 0.694164
internal_count=20769 20049 5213 3152 2814 338 720 14836 11493 1223 677 534 120 499 2315 2196 289 1907 481 371 1426 152 1166 318 213 2061 462 10270 888 596
cat_boundaries=0 4
cat_threshold=2214731906 2349072680 542146625 560736269
is_linear=0
shrinkage=1


Tree=1
num_leaves=31
num_cat=1
split_feature=7 22 5 2 6 7 0 13 18 13 2 8 11 9 21 0 8 2 13 14 8 14 18 13 13 4 14 1 1 4
split_gain=2.06501 1.67709 1.08532 0.639674 0.866131 0.796838 0.5923 0.588326 0.642319 0.560723 0.692218 0.540577 0.521934 0.435629 0.43511 0.402489 0.400292 0.380014 0.378214 0.507389 0.586083 0.605249 0.5549 0.454096 0.372785 0.743987 0.409365 0.520472 0.461097 0.57842
threshold=0.62500000000000011 0 496046881.93000001 -0.28209439348842857 8.5943500000000022 1.5150000000000003 0.76737073581487025 0.1001049135265988 12.500000000000002 0.10054496317415053 -0.30128940476819394 1.175 0.10714285714285729 -3.2258064516129052 0.10102040816326532 0.055070010824232553 0.88500000000000012 -0.22692880036630028 0.099999999999999992 0.71059310713331569 1.2350000000000001 0.87509071117561688 5.5000000000000009 0.10002367427559612 0.10046838664385062 7.7226000000000008 0.20014513788098695 0.053501738721090882 -0.0097890690060347101 4.9876000000000014
decision_type=2 9 2 2 10 2 2 2 2 2 2 8 2 2 2 2 8 2 2 2 10 2 2 2 2 2 2 2 2 2
left_child=7 2 3 5 14 -2 9 8 -1 -3 16 -9 -7 -6 -5 17 -11 -12 -4 -20 21 22 -21 -22 26 -26 -16 28 -28 -30
right_child=1 6 18 4 13 12 -8 11 -10 10 15 -13 -14 -15 24 -17 -18 -19 19 20 23 -23 -24 -25 25 -27 27 -29 29 -31
leaf_value=0.12632079664071469 0.14183676715619029 -0.028193331198903923 -0.022233281305738827 -0.059289365453271681 -0.059362507283856364 -0.034235282369420715 0.037111686664462809 -0.023544249714025092 0.024952961429811155 0.16461708387007584 -0.023253727309254516 0.11978034105888569 0.090988298093765629 0.15195581164914868 -0.025301807458844444 -0.046591585453909311 0.028773525710949051 0.11751978092640214 -0.03245107166067205 0.18933204048163696 -0.032891474450320111 -0.022820327619792229 0.025728856302091343 0.16580390408154166 0.13380525292094139 -0.054781283313020894 0.11158582396245582 0.15795447531365508 0.11811751303596339 -0.0010302575021764882
leaf_weight=0.4816620370049931 0.4075438929808689 9.3216394537227547 0.74107305948412716 0.1303138200116859 0.027433288663681638 0.14368709809377819 0.40111988432786105 0.25333425062263609 0.23133053940005588 0.10110924627332242 0.10051430097693292 0.088868022546493897 0.19770644827421294 0.21972684532020184 0.31425334386796611 0.34104970386073741 0.11696291302250016 0.091654244607704327 0.27908358028385927 0.08044603840812678 0.036043205918020044 0.32165772534072756 0.14569587330990866 0.14220314945108523 0.21446666634427733 0.069163469529996663 0.14580637666740137 0.085429449244613598 0.11815686591607755 0.7386084026207872
leaf_count=231 222 10247 936 91 54 64 3339 180 209 27 35 100 56 447 520 924 109 125 279 31 58 285 230 247 171 172 73 151 151 1005
internal_value=-4.65412e-05 -0.00479261 0.0112184 0.0550527 0.0406861 0.0946334 -0.0114959 0.067567 0.093432 -0.0248443 0.0167093 0.0136763 0.0382837 0.128501 0.0287358 -0.0139834 0.0917574 0.0438878 0.00486687 0.0248476 0.0468725 0.0212473 0.0839278 0.125626 0.0355398 0.0878183 0.0249656 0.0394846 0.0293898 0.0154015
internal_weight=16.0877 15.0325 4.5585 2.8123 2.06336 0.748937 10.474 1.05519 0.712993 10.0729 0.75129 0.342202 0.341394 0.24716 1.8162 0.533218 0.218072 0.192169 1.7462 1.00513 0.726046 0.5478 0.226142 0.178246 1.68588 0.28363 1.40225 1.088 1.00257 0.856765
internal_count=20769 20049 5243 3177 2835 342 14806 720 440 11467 1220 280 120 501 2334 1084 136 160 2066 1130 851 546 261 305 2243 343 1900 1380 1229 1156
cat_boundaries=0 4
cat_threshold=2348949634 2349072680 542146625 560736269
is_linear=0
shrinkage=0.05


Tree=2
num_leaves=31
num_cat=1
split_feature=7 22 5 15 13 18 13 0 13 2 8 8 7 0 13 10 3 15 2 9 20 4 13 7 21 2 2 21 10 6
split_gain=1.81222 1.54102 0.905766 0.616141 0.491931 0.522184 0.481941 0.480299 0.515964 0.599922 0.464698 0.452069 0.897053 0.585289 0.559282 0.542848 0.509599 0.431654 0.518462 0.510014 0.466873 0.563424 0.412046 0.387405 0.483574 0.419945 0.400441 0.381781 0.376507 0.411288
threshold=0.62500000000000011 0 503277086.50000006 6.5000000000000009 0.1001049135265988 12.500000000000002 0.099553403738311688 0.76737073581487025 0.10054496317415053 -0.30128940476819394 1.175 0.79500000000000015 0.8650000000000001 0.098029382770428136 0.10057637366287954 0.09904578381605926 640566.19745000021 3.5000000000000004 0.12351940318042022 1.8908731456987684 0.20670914542728638 10.123600000000001 0.099490722214811936 3.0150000000000001 0.19163509180996796 -0.27710843373493971 -0.1793035426731078 0.16035714285714289 0.10959561602418748 1.6295500000000003
decision_type=2 9 2 2 2 2 2 2 2 2 8 10 2 2 2 2 2 2 2 2 2 2 2 2 2 2 2 2 2 8
left_child=4 2 3 11 5 -1 -5 8 -3 -10 -6 12 -2 15 22 -14 -16 19 -19 20 21 -4 -13 24 27 -26 -27 -24 29 -11
right_child=1 7 17 6 10 -7 -8 -9 9 28 -12 14 13 -15 16 -17 -18 18 -20 -21 -22 -23 23 -25 25 26 -28 -29 -30 -31
leaf_value=0.11370676774690634 -0.058336938965801693 -0.027275830470819273 -0.04162693484522461 -0.039559586453576129 -0.022626779422665083 0.02342687051169897 0.12943945559545597 0.032038209384581288 0.083821272042555184 0.15726855321365468 0.10799312929398182 0.12235761338923933 0.095931492373159524 0.12984937292030388 0.12298520120316628 -0.034229187102093425 -0.028613485054516854 -0.054561774026578941 0.019485781129668419 0.10537459381568388 -0.023167557378220204 0.12808104936685752 0.023083857704641535 -0.053541535462655082 0.1443075129476864 -0.037577426349487547 0.079766870369388745 -0.05503311755681678 0.086874925683048831 -0.043319848350526706
leaf_weight=0.50761085929851057 0.1163868692421558 9.1661235864994985 0.075105231583792897 0.048066469026713521 0.25049977082703795 0.23400861416698882 0.34480675332858746 0.39765728204444784 0.22643036377623038 0.027201256021654612 0.093509318881491443 0.080470663947439847 0.18907175033018256 0.42141760557417857 0.23500829481640254 0.13899206801978983 0.072546622814884415 0.47710853065756159 0.46854281287480831 0.1830812441235713 0.3823713023541972 0.14020660842092975 0.38882369530859789 0.22702276497541984 0.11053181330168388 0.12588079385569026 0.17210229351510906 0.26166987981434459 0.079483171761413063 0.42221808063454441
leaf_count=231 68 10156 55 111 180 209 315 3305 135 65 100 230 89 556 183 54 57 335 331 461 786 145 225 455 64 88 618 147 72 943
internal_value=-8.2431e-05 -0.00460368 0.0106722 0.050492 0.0622969 0.0852201 0.108763 -0.0110931 -0.0240027 0.0157179 0.0128786 0.0414787 0.0708093 0.0908644 0.0263081 0.0407858 0.0872258 0.00484411 -0.0178734 0.0323592 0.00999325 0.0688834 0.0125975 0.00572945 0.0184355 0.0610709 0.0301956 -0.00833976 -0.0134381 -0.0311792
internal_weight=16.064 14.9783 4.65921 2.9328 1.08563 0.741619 0.392873 10.3191 9.92146 0.755333 0.344009 2.53993 0.865868 0.749481 1.67406 0.328064 0.307555 1.72642 0.945651 0.780764 0.597683 0.215312 1.3665 1.28603 1.05901 0.408515 0.297983 0.650494 0.528903 0.449419
internal_count=20769 20049 5373 3260 720 440 426 14676 11371 1215 280 2834 767 699 2067 143 240 2113 666 1447 986 200 1827 1597 1142 770 706 372 1080 1008
cat_boundaries=0 4
cat_threshold=2348949634 2349072680 542146625 560736397
is_linear=0
shrinkage=0.05


Tree=3
num_leaves=31
num_cat=1
split_feature=7 22 5 15 2 13 0 20 2 13 7 13 2 0 9 13 15 2 9 20 4 8 9 2 13 6 7 9 7 2
split_gain=1.59967 1.39023 0.790204 0.513365 0.455969 0.937778 0.481991 0.428342 0.406281 0.538638 0.532413 0.528954 0.469521 0.436866 0.478812 0.402422 0.385946 0.481029 0.429822 0.411175 0.476123 0.355268 0.332908 0.329697 0.467313 0.474234 0.397705 0.329412 0.301469 0.705656
threshold=0.62500000000000011 0 503277086.50000006 6.5000000000000009 -0.41893116896806148 0.10012380097738029 0.76737073581487025 0.18502956738250859 -0.28910324611774246 0.10047846889952163 1.5150000000000003 0.099490722214811936 -0.17594324177969203 0.25902617575720932 0.16522101125359126 0.099553403738311688 3.5000000000000004 0.12351940318042022 1.8908731456987684 0.20670914542728638 10.123600000000001 1.2050000000000003 -1.8013748345501899 -0.069605177469931986 0.099971878459588118 2.5625500000000003 1.175 -0.67396803966967 0.9850000000000001 -0.15529593816311507
decision_type=2 9 2 2 2 2 2 2 2 2 2 2 2 2 2 2 2 2 2 2 2 10 2 2 2 10 2 2 2 2
left_child=7 2 3 8 5 -3 28 -1 10 11 -2 12 -10 14 -11 -5 18 -18 19 20 -4 -19 -23 26 -25 -26 -13 -7 29 -6
right_child=1 4 16 15 6 27 -8 -9 9 13 -12 23 -14 -15 -16 -17 17 21 -20 -21 -22 22 -24 24 25 -27 -28 -29 -30 -31
leaf_value=0.099870856222657914 0.11616238172881853 -0.033507518304344001 -0.040402117728797184 -0.038323675735636949 -0.041867595883149533 0.15623973873532418 0.029990163756406209 0.034873034426770672 0.15322236753918589 0.10049665212995787 0.026940787986768983 0.053241187935436023 -0.059612483058769719 0.13745107210600013 -0.054892724634924728 0.11695692520466704 -0.053312685784468128 -0.0071361497249349606 0.095404660601348848 -0.022266872153425821 0.11528416889666129 0.17358954415116237 0.0079906181039765978 -0.03489613775943412 -0.065599969331612218 0.096961498674142235 -0.030223453033566706 0.037297867217047129 -0.029594774314054245 0.030107489838100493
leaf_weight=0.39137545200289858 0.34011303546696636 0.30911739061572363 0.073552910690165063 0.047159118031822267 0.64980753474064801 0.12157484691124476 0.40341860337194724 0.71938040085256583 0.11258561189094166 0.10887886923729129 0.32889473488691057 0.17798672117605019 0.033659574575944345 0.17796227646919233 0.091017068126126144 0.36204222439145839 0.46420208593928403 0.35147508647559311 0.1918585503110285 0.37805821845383347 0.14776874431756942 0.061650205978220872 0.05977611226919969 0.1527589770171322 0.053477984444109339 0.27852670944473651 0.72038122222988699 0.11169056153950396 7.8899080721831121 0.71551596753037572
leaf_count=90 139 176 55 111 293 68 3305 630 46 84 100 83 217 210 63 315 335 203 461 786 145 10 118 495 123 709 565 36 10142 656
internal_value=-0.000111542 -0.00442255 0.010079 0.0470374 -0.0106065 0.0236049 -0.023509 0.0577751 0.038774 0.0270141 0.0722996 0.0138066 0.104237 0.0804717 0.0297444 0.0990613 0.00455533 -0.0171556 0.0302687 0.00941895 0.0635442 0.0183364 0.092068 0.00424495 0.0374771 0.0707767 -0.0136872 0.0992888 -0.0258409 -0.00414809
internal_weight=16.0256 14.9148 4.71379 2.98544 10.201 0.542383 9.65865 1.11076 2.57624 1.90724 0.669008 1.52938 0.146245 0.377858 0.199896 0.409201 1.72834 0.937103 0.791238 0.59938 0.221322 0.472901 0.121426 1.38313 0.484764 0.332005 0.898368 0.233265 9.25523 1.36532
internal_count=20769 20049 5373 3260 14676 280 14396 720 2834 2595 239 2238 263 357 147 426 2113 666 1447 986 200 331 128 1975 1327 832 648 104 11091 949
cat_boundaries=0 4
cat_threshold=2348949634 2349072680 542146625 560736397
is_linear=0
shrinkage=0.05


Tree=4
num_leaves=31
num_cat=1
split_feature=7 22 2 21 21 0 9 17 2 11 13 4 3 10 0 13 2 11 0 13 14 18 3 2 3 8 4 2 4 19
split_gain=1.41551 1.23415 0.564378 0.631571 0.504526 0.497982 0.656627 0.482179 0.479902 0.494626 0.464607 0.453039 0.528155 0.978106 0.591978 0.459966 0.597919 0.665208 0.458025 0.400599 0.395602 0.374193 0.412998 0.367668 0.580824 0.338916 0.323763 0.32328 0.334271 0.583245
threshold=0.62500000000000011 0 -0.20308429761305832 0.19308213716108455 0.34094447327452004 0.11627681920536413 -0.19235394235393996 72.500000000000014 -0.30865458543058349 0.11037631721437795 0.099999999999999992 5.9052500000000014 254019.32995000001 0.10059171597633151 0.098029382770428136 0.10054496317415053 -0.29481535311860219 0.10887096774193554 0.76737073581487025 0.10004077065895546 0.48591269841269846 14.500000000000002 1351997.8253000001 -0.072463768115941948 239319.85905000003 1.175 4.0076000000000009 -0.45339264834843612 6.6102000000000007 6.5000000000000009
decision_type=2 9 2 2 2 2 2 2 2 2 2 2 2 2 2 2 2 2 2 2 2 2 2 2 2 8 2 2 2 2
left_child=19 2 3 5 10 6 7 -2 9 -9 -4 12 13 14 26 18 -17 -18 27 21 -7 -1 -23 24 -12 -21 -3 -13 29 -29
right_child=1 11 4 -5 -6 20 -8 8 -10 -11 23 15 -14 -15 -16 16 17 -19 -20 25 -22 22 -24 -25 -26 -27 -28 28 -30 -31
leaf_value=0.10078236236185163 0.13497510416182898 0.02946246714714907 -0.014591701776651013 -0.0074578584518947477 0.11556636489831228 0.142813987608159 -0.012380392753890242 0.0088018073560584657 -0.010394453664903136 0.13682894468133588 0.14126671348951955 0.047826000524312684 -0.04192415451661094 -0.065649844115247644 -0.065234305824917085 0.1396023636806844 -0.043540808941562689 0.10552376631801347 0.039611223073700269 -0.00012716957144617657 0.061613599260065224 -0.065790622600308032 0.11782964412125002 0.042928132054113499 -0.03013680290383651 0.098358867496036229 0.19707646580525581 -0.0087332977676381589 -0.026812448607371586 0.12037396648576937
leaf_weight=0.48969337476895303 0.19751857295564135 0.039991241428871782 1.2001549027132927 0.42928762395424702 0.11523399314901395 0.26346599953763605 0.38554559878302597 0.12779440982558271 0.23357734388440071 0.18415676290169358 0.056048584812108115 0.17077269684637375 3.0736149547596221 0.16427250319103961 0.041028428893850638 0.10627467744375224 0.23491191958744964 0.10983607208764903 0.34308304879214002 0.40437047048874275 0.34828017723422444 0.079298893365875339 0.049888362462760433 1.08050467319152 0.41822117851217916 0.11142436302119274 0.10304537954854304 0.59272498463628065 4.7198040206320027 0.10262127614094818
leaf_count=239 43 76 1721 437 1070 56 80 55 42 75 66 101 2471 101 218 58 688 329 2585 223 65 112 28 1734 392 118 103 372 6941 170
internal_value=-0.000135243 -0.00425034 0.00925335 0.0468586 0.0130665 0.0602568 0.0405654 0.0680374 0.0438014 0.0843811 0.00877906 -0.0102137 -0.0353113 0.0230384 0.10219 -0.0127613 0.0359145 0.00395089 -0.0164641 0.053691 0.0965849 0.0808131 0.00511819 0.0268193 -0.00988056 0.0211482 0.150214 -0.0199082 -0.0220443 0.0103207
internal_weight=15.9764 14.8418 5.03979 2.16963 2.87016 1.74034 1.12859 0.743047 0.545529 0.311951 2.75493 9.80198 3.42195 0.348338 0.184065 6.38003 0.451023 0.344748 5.92901 1.13468 0.611746 0.618881 0.129187 1.55477 0.47427 0.515795 0.143037 5.58592 5.41515 0.695346
internal_count=20769 20049 5836 853 4983 416 295 215 172 130 3913 14213 2969 498 397 11244 1075 1017 10169 720 121 379 140 2192 458 341 179 7584 7483 542
cat_boundaries=0 4
cat_threshold=2348949666 2349072680 541098049 560736269
is_linear=0
shrinkage=0.05


Tree=5
num_leaves=31
num_cat=1
split_feature=7 22 9 10 21 21 2 5 8 0 13 2 14 11 20 8 6 9 6 7 9 8 16 11 6 13 21 4 4 2
split_gain=1.27523 1.06017 0.665248 0.73344 0.514735 0.728853 0.51462 0.510807 0.506225 0.476967 0.475223 0.675874 0.457427 0.537911 0.45542 0.465928 0.443023 0.448923 0.530233 0.414007 0.509915 0.39862 0.39136 0.458213 0.339702 0.331066 0.317065 0.416133 0.311695 0.344924
threshold=0.9850000000000001 0 -0.80290505674442392 0.019332747510251828 0.34094447327452004 0.20431354359925794 0.10364287737075085 858242146.97500002 1.2550000000000001 0.69506388411412057 0.10054496317415053 -0.34583762226585762 0.057417582417582429 0.11812220973575778 0.36882591093117417 1.9650000000000001 1.7598500000000004 -2.8720626631853703 4.4073500000000001 0.88500000000000012 -1.7586217841088101 0.50500000000000012 2.5000000000000004 0.13935677000817173 1.3678000000000001 0.099688957257018887 0.16152751423149908 16.993350000000003 5.9970000000000008 -0.45339264834843612
decision_type=2 9 2 2 2 2 2 2 8 2 2 2 2 2 2 10 8 2 10 2 2 10 2 2 8 2 2 2 2 2
left_child=2 4 3 -1 5 8 -7 25 22 21 28 -12 -13 -14 15 -10 24 18 -18 20 -19 -4 23 -2 -5 -6 -20 -28 -3 -30
right_child=1 10 9 16 7 6 -8 -9 14 -11 11 12 13 -15 -16 -17 17 19 26 -21 -22 -23 -24 -25 -26 -27 27 -29 29 -31
leaf_value=0.11531419625867818 0.037398401713014603 -0.042556732598961852 0.088023202858162036 0.037948020373653774 -0.064989684833001812 -0.051853136363273093 0.053885125580588222 -0.06523970552663029 0.10395565075867697 0.078919308214771527 0.12970666369024494 0.13175869831995093 -0.043517150596459969 0.087768803482887237 -0.045305900317858527 -0.0077016943781281523 -0.037814820030689617 0.082003990733634805 -0.016954700092464414 0.12598341176178576 -0.044841723569500197 -0.020435787673160854 -0.059404807603625112 -0.042808613859119715 0.12552264895194742 0.1512576135708712 0.095651068303755818 -0.04162492542643384 0.049334167089319883 -0.023621967792934823
leaf_weight=0.30214185567775498 1.8256801997568333 2.561731332549237 0.09167180326337443 0.26419824586453161 0.019507034808126683 0.44123646801828642 0.1556662448325683 0.039258917250186515 0.55436748820293058 0.1629631207892287 0.10816240075087802 0.054497317682259738 0.44097134997050014 0.094793235670532439 0.074376775425256003 0.11236707134037471 0.49177154886991892 0.17951586084732768 0.1852071888107325 0.15284650279222328 0.14182284306580084 1.116589269915147 0.13161434775968128 0.19731145152873475 0.1906354505960976 0.19097906414061544 0.24920209702612572 0.070915415074722543 0.16726782883128333 5.1531188088371813
leaf_count=168 1023 2198 82 73 198 1474 798 233 311 484 68 38 1178 142 113 117 250 108 68 81 81 747 90 30 55 635 182 45 91 9608
internal_value=-0.000157423 -0.007805 0.0260242 0.0428864 0.00843912 0.0260307 -0.0242777 0.100334 0.036401 -0.00137702 -0.0114181 0.0148047 -0.0062505 -0.0202886 0.0720465 0.0851377 0.0315249 0.0181922 -0.000854268 0.0582421 0.0260206 -0.0122069 0.0241401 0.0295755 0.0746534 0.131217 0.035115 0.0652404 -0.0282277 -0.0213283
internal_weight=15.9224 12.3229 3.59948 2.22826 3.74237 3.49262 0.596903 0.249745 2.89572 1.37122 8.58054 0.698424 0.590262 0.535765 0.741111 0.666735 1.92612 1.47128 0.997096 0.474185 0.321339 1.20826 2.15461 2.02299 0.454834 0.210486 0.505325 0.320118 7.88212 5.32039
internal_count=20769 18345 2424 1111 5022 3956 2272 1066 1684 1313 13323 1426 1358 1320 541 428 943 815 545 270 189 829 1143 1053 128 833 295 227 11897 9699
cat_boundaries=0 4
cat_threshold=2348949510 2349596968 541098308 21898381
is_linear=0
shrinkage=0.05


Tree=6
num_leaves=31
num_cat=1
split_feature=7 22 2 21 2 0 9 20 3 13 21 2 13 11 13 0 0 17 1 13 8 11 3 9 6 13 14 4 11 4
split_gain=1.1621 1.04115 0.627391 0.898746 0.431139 0.422623 0.611978 0.457844 0.508867 0.417288 0.473657 0.385697 0.436274 0.379441 0.363311 0.393951 0.391515 0.35592 0.341092 0.338812 0.325856 0.316522 0.299884 0.316219 0.280266 0.287524 0.422427 0.27791 0.253826 0.245783
threshold=0.58500000000000008 0 -0.41893116896806148 0.14160401002506268 -0.20308429761305832 0.011292943672787758 -1.8013748345501899 0.36882591093117417 279653.97620000009 0.099999999999999992 0.34094447327452004 -0.079875316250370518 0.10051903269546782 0.10607605394806784 0.10088107436733419 0.76737073581487025 0.10991938042429683 96.000000000000014 -0.0079330116775050401 0.10012380097738029 0.64500000000000013 0.10958430849422499 789068.8716500001 -5.9884222399150753 8.9111000000000029 0.10004077065895546 0.93120351588911443 5.7351500000000009 0.096096331478052771 11.837800000000003
decision_type=2 9 2 2 2 2 2 2 2 2 2 2 2 2 2 2 2 2 2 2 8 2 2 2 10 2 2 2 2 2
left_child=-1 4 3 -3 5 21 -7 8 -8 10 -6 12 18 17 15 -4 27 28 -11 -5 -13 -2 23 -22 25 26 -24 -16 -10 -17
right_child=1 2 14 19 9 6 7 -9 13 11 -12 20 -14 -15 16 29 -18 -19 -20 -21 22 -23 24 -25 -26 -27 -28 -29 -30 -31
leaf_value=0.054352964124498651 -0.043038235539394926 0.15545672857484139 -0.026430258681779385 -0.030652334148428401 -0.014012604793219247 0.11201099700740147 -0.019342258651388413 -0.03039779848091731 0.10678259380147029 0.072532014945103682 0.14518079911344237 -0.061976786440170906 0.093465389691460746 0.10544708333833269 -0.013144484981135802 -0.014699494020453258 -0.042795368179951172 -0.023818558672933018 -0.052467650264280075 0.049595119112367317 -0.06820990317698665 0.045344471940865355 0.12188695904964778 0.093091601057396403 0.093965347427638901 -0.019264961708233524 -0.0021212018332537395 0.093614553553436064 0.025531462199812466 0.065844415352584937
leaf_weight=0.92034322118487111 0.22309135170548325 0.11504756310023379 8.3551160321700024 0.32623113434428758 1.2572755916521432 0.35586916831881876 0.21063965924493622 0.20567236160318181 0.1906706661003886 0.065635851676418999 0.048529007916463196 0.068581478786814407 0.085264731519965276 0.375559121254332 0.090960956014955047 0.18884268988913408 0.1462711115735621 0.1555219138294312 0.32385055452297701 0.22039446933224821 0.032707399167966389 0.18555597519354469 0.12038947819961721 0.42780918229612008 0.13813178332655918 0.30034569244404785 0.15986653075686286 0.18481469142194515 0.19383795166179527 0.19002706112440418
leaf_count=623 101 150 10380 81 1683 162 108 81 75 22 484 276 95 92 88 1446 557 57 356 43 38 103 113 1093 233 395 62 86 51 1635
internal_value=-0.0001774 -0.00353605 -0.0092054 0.0284365 0.00856821 0.0427177 0.0537642 0.0382013 0.0507289 0.013221 -0.00809633 0.0293806 -0.00897665 0.0668494 -0.0219796 -0.024169 0.0233291 0.0400069 -0.0314028 0.00170271 0.0439741 -0.00290598 0.0501359 0.0816354 0.029953 0.0147238 0.0511489 0.0584015 0.0658224 0.0256984
internal_weight=15.8629 14.9425 9.81771 0.661673 5.12481 2.09642 1.68777 1.3319 1.12623 3.02839 1.3058 1.72258 0.474751 0.91559 9.15603 8.73399 0.422047 0.540031 0.389486 0.546626 1.24783 0.408647 1.17925 0.460517 0.718733 0.580602 0.280256 0.275776 0.384509 0.37887
internal_count=20769 20146 14466 274 5680 830 626 464 383 4850 2167 2683 473 275 14192 13461 731 183 378 124 2210 204 1934 1131 803 570 175 174 126 3081
cat_boundaries=0 4
cat_threshold=2348949664 201590056 5275713 560736397
is_linear=0
shrinkage=0.05


Tree=7
num_leaves=31
num_cat=1
split_feature=7 22 9 10 0 5 20 10 9 8 6 7 11 6 10 15 0 9 6 8 5 8 11 13 13 2 10 6 13 1
split_gain=1.06992 0.926157 0.56756 0.582145 0.520215 0.751871 0.589661 0.580441 0.474642 0.461032 0.457964 0.440202 0.406268 0.537296 0.399104 0.443014 0.394185 0.390076 0.461616 0.375344 0.653663 0.339392 0.338997 0.390377 0.322409 0.515407 0.627904 0.417783 0.34454 0.408173
threshold=0.9850000000000001 0 -0.80290505674442392 0.019332747510251828 0.019451442280883389 233077730.25000003 0.32814141414141423 0.10026685038220669 2.402499902499911 0.74500000000000011 2.3767 1.7450000000000003 0.059482250654973527 1.7598500000000004 0.12450613987177443 11.500000000000002 0.73695493136443579 -2.8720626631853703 4.7730500000000005 0.77500000000000013 238064208.98000005 0.50500000000000012 0.12430631263203931 0.099999261349367 0.10034168609244211 -0.34583762226585762 0.10152284263959389 1.6295500000000003 0.09960355815397183 -0.0024780954260836814
decision_type=2 9 2 2 2 2 2 2 2 8 8 2 2 8 2 2 2 2 8 10 2 10 2 2 2 2 2 8 2 2
left_child=2 4 3 -1 11 6 7 -6 -9 -3 -7 -2 -5 -14 15 -12 21 18 -15 20 -11 -4 23 -20 28 -26 27 -27 29 -21
right_child=1 9 16 12 5 10 -8 8 -10 19 14 -13 13 17 -16 -17 -18 -19 22 24 -22 -23 -24 -25 25 26 -28 -29 -30 -31
leaf_value=0.10199913972985863 0.024166931764446023 -0.047833576286503143 0.07914483536666457 -0.040260482846178662 0.11951319595148896 0.087192238388153737 -0.011151692761513517 -0.010716305360898034 0.11590995855108499 0.14550312750883693 0.017889484985258063 -0.053236144810220737 0.089747496752354508 -0.029779577611057702 0.10658218372318162 -0.039099118742105067 0.071996092460810276 0.059865223369606695 -0.030212204445151533 -0.046494242457622154 -0.023387230175051069 -0.019277780072038564 -0.035085760816206388 0.097584249096862474 0.11889080122649379 0.11690692767629562 0.069188856882125505 -0.042634191325434057 -0.031036988556324946 0.040351869964402459
leaf_weight=0.31559248068912649 0.3773601816552376 1.7296025303043312 0.095063694289603151 0.19199425883912491 0.51738513360375715 0.21966269042700226 0.18863423050841033 0.20894422896399401 0.11459079374789427 0.094039438617610077 1.8192071454088865 0.3578976511006246 0.37136716420620164 0.49216065413409699 0.10580878518694214 0.41969554201348946 0.15989596086016167 0.45612117774972949 0.078908259127390606 0.20936675179745678 0.14660593381691636 1.1140399887712988 0.1096843696507756 0.24621081735675301 0.091170637753598016 0.044157196667428032 0.2067126875655837 0.58018811182365182 4.3493597265026889 0.38242033595970382
leaf_count=168 205 2541 87 92 729 184 458 196 58 139 3172 208 102 255 54 190 442 243 87 318 236 784 32 132 97 66 479 1232 6644 1139
internal_value=-0.000190369 -0.00730088 0.0236275 0.039006 0.00749558 0.0326492 0.0687422 0.0866639 0.0341326 -0.011002 0.0181585 -0.0135102 0.0287924 0.036349 0.0116911 0.00720663 -0.00178271 0.0220112 0.00338482 -0.0185897 0.0426118 -0.0115395 0.0409241 0.0665673 -0.0211015 0.00603754 -0.00634294 -0.0313505 -0.0261668 0.00962682
internal_weight=15.7938 12.1628 3.63104 2.26204 4.32919 3.59393 1.02955 0.84092 0.323535 7.83362 2.56437 0.735258 1.94645 1.75445 2.34471 2.2389 1.369 1.38309 0.926964 6.10402 0.240645 1.2091 0.434803 0.325119 5.86338 0.922229 0.831058 0.624345 4.94115 0.591787
internal_count=20769 18345 2424 1111 5454 5041 1441 983 254 12891 3600 413 943 851 3416 3362 1313 749 506 10350 375 871 251 219 9975 1874 1777 1298 8101 1457
cat_boundaries=0 4
cat_threshold=2348949510 2349596968 608207172 21636237
is_linear=0
shrinkage=0.05


Tree=8
num_leaves=31
num_cat=1
split_feature=7 22 9 10 0 5 13 20 6 7 6 8 4 11 6 14 5 0 19 13 10 18 13 8 21 5 5 7 3 17
split_gain=0.964035 0.807535 0.503886 0.507874 0.462037 0.845934 0.586007 0.533112 0.508643 0.491904 0.487884 0.450068 0.407895 0.364572 0.461846 0.356914 0.476446 0.351224 0.350234 0.316989 0.313611 0.425639 0.308895 0.304463 0.31113 0.366188 0.377523 0.298645 0.490631 0.289978
threshold=0.9850000000000001 0 -0.80290505674442392 0.019332747510251828 0.019451442280883389 233077730.25000003 0.099999999999999992 0.32814141414141423 8.9111000000000029 1.8450000000000004 2.3767 0.7350000000000001 6.7567000000000013 0.059482250654973527 1.7598500000000004 0.77756076388888895 786306215.18500006 0.69506388411412057 4.5000000000000009 0.099897759204415473 0.10026685038220669 10.500000000000002 0.10059970149790511 0.50500000000000012 0.19017480409885476 91598976.385000005 61036495.490000002 0.75500000000000012 493037.73400000005 49.500000000000007
decision_type=2 9 2 2 2 2 2 2 8 2 8 8 2 2 8 2 2 2 2 2 2 2 2 10 2 2 2 2 2 2
left_child=2 4 3 -1 9 7 29 20 10 -2 -8 -3 18 -5 -15 27 -17 23 -12 -9 -6 -22 -13 -4 -25 26 -26 -16 -29 -7
right_child=1 11 17 13 5 6 8 19 -10 -11 12 22 -14 14 15 16 -18 -19 -20 -21 21 -23 -24 24 25 -27 -28 28 -30 -31
leaf_value=0.094877980844601542 0.021848363585078669 -0.046372233015360705 0.073255200825877193 -0.038957653192842327 0.11726466420674966 0.044811042693504305 0.10667696736418007 0.07010191634589201 0.089250445886175298 -0.064703685486171322 -0.00088443292470165356 -0.020225274428900861 -0.005532150190894241 0.082880056639029157 -0.024940722581387305 0.12825056147762226 0.014204256197333207 0.064682305410503377 0.13844910955711606 -0.068181893799957913 -0.067657586162604769 0.083264002933351705 0.020881636322416797 -0.038583872057843867 -0.024576281614096099 -0.020406611943376226 0.14309997214705902 0.080408023642151841 -0.013261143886172215 -0.027665319409862266
leaf_weight=0.32213348574137968 0.41156474228008078 1.6439241501164024 0.097508360885145362 0.18858213609695451 0.46314859915938855 0.16908655297751085 0.14466488690367219 0.074827753280548526 0.34816573308835819 0.27308329293162037 0.08105041460353278 5.8848020368051746 0.8691597783614724 0.3817462463259701 0.45109958846331688 0.15872879470650725 0.21646893701587666 0.17382131622155705 0.10168362866499882 0.092884607252345208 0.060287096454984035 0.20755562411839984 0.49548385677673401 0.70916131600752508 0.053564055710251565 0.24066992842293972 0.089927819937746636 0.25802035626541564 0.30511033655196929 0.75092939842232709
leaf_count=168 201 2485 82 92 654 524 88 144 759 165 55 9865 888 102 253 48 81 484 103 247 79 142 1057 382 102 224 39 232 135 889
internal_value=-0.000206717 -0.00701209 0.0223232 0.0366966 0.0071366 0.0323874 0.0172459 0.0739137 0.036061 -0.0126744 0.0205844 -0.0102588 0.00874423 0.0271331 0.03417 0.0207869 0.062452 -0.00171108 0.0766487 -0.00648419 0.0923595 0.049294 -0.017033 -0.0114023 -0.0189525 0.017287 0.0805081 0.00537358 0.029657 -0.0143451
internal_weight=15.7188 12.0723 3.64654 2.28189 4.04809 3.36344 2.46474 0.898704 1.54472 0.684648 1.19656 8.02421 1.05189 1.95976 1.77117 1.38943 0.375198 1.36465 0.182734 0.167712 0.730991 0.267843 6.38029 1.19083 1.09332 0.384162 0.143492 1.01423 0.563131 0.920016
internal_count=20769 18345 2424 1111 4938 4572 3306 1266 1893 366 1134 13407 1046 943 851 749 129 1313 158 391 875 221 10922 829 747 365 141 620 367 1413
cat_boundaries=0 4
cat_threshold=2348949508 2349072680 608207172 21636237
is_linear=0
shrinkage=0.05


Tree=9
num_leaves=31
num_cat=1
split_feature=7 22 2 11 4 3 10 13 5 8 20 9 4 0 6 14 14 7 2 8 13 7 20 0 9 11 9 14 0 2
split_gain=0.879561 0.840939 0.546353 0.743511 0.366281 0.53611 0.672511 0.399487 0.484575 0.350657 0.337142 0.458551 0.637319 0.344328 0.432296 0.672012 0.474731 0.350295 0.323282 0.381728 0.529749 0.479658 0.407098 0.329093 0.444408 0.273119 0.267944 0.420563 0.264107 0.246863
threshold=0.58500000000000008 0 -0.41893116896806148 0.11091626176271611 5.8562500000000002 254019.32995000001 0.10059171597633151 0.10088107436733419 450719512.41000003 0.91500000000000015 0.11451990632318503 -7.6923076923076925 11.454250000000002 0.62634989633990801 2.7915500000000004 0.25054426705370109 0.12023222060957911 1.4350000000000003 -0.20308429761305832 1.1950000000000001 0.099538809483296423 1.1150000000000004 0.40628991060025549 0.06536283975022654 0.080582060913803058 0.10875197396049265 -5.5724071048783346 0.63349834983498365 0.098029382770428136 -0.17232099333802745
decision_type=2 9 2 2 2 2 2 2 2 10 2 2 2 2 10 2 2 2 2 8 2 2 2 2 2 2 2 2 2 2
left_child=-1 18 3 9 5 6 28 10 29 -3 -6 12 -12 14 15 16 -13 -17 19 20 -2 -22 -21 25 -25 -23 27 -7 -4 -9
right_child=1 2 4 -5 7 26 -8 8 -10 -11 11 13 -14 -15 -16 17 -18 -19 -20 22 21 23 -24 24 -26 -27 -28 -29 -30 -31
leaf_value=0.046515248072108079 0.11096022128917593 0.03907257341170689 0.12731753546686239 0.13751117835202478 -0.044883972010650482 -0.058487898521456021 -0.06373918839952962 0.12122077408926719 -0.052483028206077954 -0.042624295509261417 0.14460376689401666 -0.0081728482639804121 -0.036319843076558965 0.021647628580999577 -0.024718002875632583 0.051708951472729747 0.14505577589543595 -0.058202115918694786 0.012529258045155726 0.089205269905507742 0.062841669341470216 -0.058651499180956336 -0.019568822039675499 0.085956321191504523 -0.019444363999618353 0.010991440644953422 -0.044122033943009314 0.16346937404066864 0.0035198275770971579 -0.026029170611904542
leaf_weight=0.94594334127790425 0.15993862366441636 0.2872427564878885 0.12832388822769275 0.1245141581241529 0.8363268738612496 0.04544978595187376 0.12321201962936845 0.14738567176753875 0.083718985762495202 0.24200269202336172 0.10944905720452421 0.078588944140668443 0.087659705420859921 0.60569423754908491 3.7374543025725417 0.10752595292072781 0.14167146274162382 0.22249259050829617 2.6985531102443425 0.524155173154771 0.37389957474083213 0.32132152778343731 0.10290528142990674 0.19162685364735463 0.20917349045634784 0.2505525862902695 2.6081339663436185 0.040234981242667008 0.064855832188092155 0.035275856616542645
leaf_count=623 67 42 151 137 73 93 86 63 162 97 98 97 90 4163 6058 60 100 202 4708 362 87 111 23 70 80 42 2305 42 205 272
internal_value=-0.000217205 -0.00322662 -0.00823413 0.0275793 -0.0197249 -0.0340323 0.0275378 -0.0127708 0.0471287 0.00171588 -0.015463 -0.0106294 0.064142 -0.0136412 -0.0186261 0.0227493 0.0903838 -0.0223911 0.00782828 0.0385734 0.0249288 0.0147105 0.0713546 -0.00379136 0.0309488 -0.0281392 -0.0412638 0.0457365 0.0857552 0.0927837
internal_weight=15.6353 14.6893 9.85721 0.65376 9.20345 3.01021 0.316392 6.19324 0.266381 0.529245 5.92686 5.09054 0.197109 4.89343 4.28773 0.550279 0.22026 0.330019 4.83213 2.13357 1.50651 1.34657 0.62706 0.972674 0.4008 0.571874 2.69382 0.0856848 0.19318 0.182662
internal_count=20769 20146 14596 276 14320 2882 442 11438 497 139 10941 10868 188 10680 6517 459 197 262 5550 842 457 390 385 303 150 153 2440 135 356 335
cat_boundaries=0 4
cat_threshold=2348941472 201590056 542408769 560736397
is_linear=0
shrinkage=0.05


Tree=10
num_leaves=31
num_cat=1
split_feature=7 22 9 10 8 0 5 20 10 9 7 6 15 8 8 11 6 9 6 0 13 7 9 13 10 2 6 13 1 2
split_gain=0.805531 0.725927 0.425472 0.431016 0.41781 0.389031 0.579979 0.438154 0.429456 0.376316 0.368087 0.358916 0.323672 0.348787 0.337494 0.320818 0.378641 0.316183 0.393374 0.300757 0.297008 0.291139 0.28456 0.282798 0.463163 0.643956 0.349511 0.285159 0.357886 0.309796
threshold=0.9850000000000001 0 -0.80290505674442392 0.019332747510251828 0.70500000000000007 0.019451442280883389 233077730.25000003 0.32814141414141423 0.10026685038220669 2.402499902499911 1.7450000000000003 2.3767 11.500000000000002 1.2550000000000001 2.2850000000000006 0.059482250654973527 1.7598500000000004 -2.8720626631853703 4.7730500000000005 0.69506388411412057 0.099878197320340992 1.635 -5.9884222399150753 0.10034168609244211 0.10152284263959389 -0.32973409883607008 1.6295500000000003 0.09960355815397183 -0.0024780954260836814 0.041770007790719273
decision_type=2 9 2 2 8 2 2 2 2 2 2 8 2 10 8 2 8 2 8 2 2 2 2 2 2 2 8 2 2 2
left_child=2 5 3 -1 -3 10 7 8 -7 -10 -2 -8 13 -13 -15 -5 -17 18 22 -4 -9 -14 -18 27 25 -25 -27 28 -6 -29
right_child=1 4 19 15 23 6 11 20 9 -11 -12 12 21 14 -16 16 17 -19 -20 -21 -22 -23 -24 24 -26 26 -28 29 -30 -31
leaf_value=0.086385576863412139 0.021517681702915223 -0.049923249377787034 -0.011127185308141645 -0.03809777425467295 -0.044603050336167648 0.10165834704823172 0.075528458344872706 0.060230317877523532 -0.011513034175302608 0.10029412511946378 -0.050345093604690985 0.0052556045150745096 0.019919163581822344 0.067374641822100373 -0.052485149743753678 0.074402994129375316 0.04498527107803748 0.052320686776787889 0.036040816397261866 0.058581000467521904 -0.066798424148955829 -0.063643258458352184 -0.048875449564439941 0.10823949312626312 0.064333246628848484 0.10146528742806987 -0.04145181903470499 -0.033217098768168127 0.036877854244273388 -0.0022495173750268819
leaf_weight=0.3286283399537363 0.38296867987903199 1.2005983767319781 1.1757222776018568 0.18523093219553821 0.20147532096513204 0.54462584774780243 0.22799611901250572 0.0832123041383801 0.20736390786179426 0.11813115836048693 0.33324248639311632 1.3809730040758532 0.17679381569327213 0.47550152367812049 0.067005928116652624 0.39270284959645035 0.1022760296059379 0.46846872227990999 0.44251478176341391 0.1781855923600818 0.10294016098296543 0.25398125851741127 0.38367998312592744 0.09484300529761569 0.25814562447977252 0.04605971177966775 0.60063414481574373 3.7028798761305977 0.40700095952465082 1.0328827098066664
leaf_count=168 205 2000 829 92 340 729 184 157 196 58 208 2091 37 882 249 102 94 243 251 484 301 157 161 72 554 73 1332 3790 1239 3491
internal_value=-0.000231015 -0.00653884 0.0202913 0.0333656 -0.00983715 0.00660275 0.0283954 0.0596076 0.0745026 0.0290649 -0.011919 0.015628 0.00982696 0.0186005 0.0525706 0.0245428 0.0310262 0.0188323 0.00193542 -0.00195301 -0.0100151 -0.0293485 -0.0291212 -0.0177572 0.0066513 -0.0134291 -0.0312728 -0.022323 0.00989835 -0.026463
internal_weight=15.5567 11.8993 3.65741 2.3035 7.54452 4.35474 3.63853 1.05627 0.870121 0.325495 0.716211 2.58225 2.35426 1.92348 0.542507 1.97487 1.78964 1.39694 0.928471 1.35391 0.186152 0.430775 0.485956 6.34392 0.999682 0.741537 0.646694 5.34424 0.608476 4.73576
internal_count=20769 18345 2424 1111 12891 5454 5041 1441 983 254 413 3600 3416 3222 1131 943 851 749 506 1313 458 194 255 10891 2031 1477 1405 8860 1579 7281
cat_boundaries=0 4
cat_threshold=2348949510 2349596968 608207172 21636237
is_linear=0
shrinkage=0.05


Tree=11
num_leaves=31
num_cat=1
split_feature=22 7 2 13 13 6 17 7 7 3 11 0 11 15 13 21 13 6 11 5 0 9 19 10 2 13 3 13 9 4
split_gain=0.744809 0.788102 0.495724 0.431901 0.430047 0.364491 0.360922 0.430385 0.677666 0.531293 0.807664 0.358486 0.37231 0.351306 0.358927 0.3494 0.337304 0.509285 0.430569 0.333901 0.357052 0.384099 0.364249 0.293464 0.456058 0.288618 0.365753 0.280716 0.331908 0.4125
threshold=0 0.58500000000000008 -0.45339264834843612 0.10005920663114266 0.10049525592651477 11.811100000000001 34.500000000000007 1.6650000000000003 1.6150000000000004 446306.20150000002 0.1091584331551171 0.067983357463341873 0.10743801652892568 11.500000000000002 0.099509601548753226 0.22756041426927506 0.10017006851910239 9.7050000000000018 0.13331393092743493 641490558.94000018 0.25902617575720932 0.21750958035673398 4.5000000000000009 0.062500000000000014 -0.33731075784674835 0.10080972987149218 683646.10410000011 0.10014124321962727 -7.6923076923076925 7.5530000000000008
decision_type=9 2 2 2 2 8 2 2 2 2 2 2 2 2 2 2 2 10 2 2 2 2 2 2 2 2 2 2 2 2
left_child=5 -2 3 -3 6 23 11 8 16 -10 -11 -4 -13 14 -9 -7 18 -18 27 20 21 22 -6 24 -1 -25 -27 28 29 -8
right_child=1 2 4 -5 19 15 7 13 9 10 -12 12 -14 -15 -16 -17 17 -19 -20 -21 -22 -23 -24 25 -26 26 -28 -29 -30 -31
leaf_value=0.069430207887823669 0.062318715959126206 0.0075177492677661042 0.12884573196175503 0.13020692278100574 0.0036134717819724634 -0.0015848516152709585 0.14475685530933199 0.046044612435442597 0.19816040778757896 -0.059443218067656234 0.12100108605400005 -0.024642218247277026 0.11471693471647347 -0.062661265156285381 -0.013846004823189116 0.16489843791095843 -0.035406112897169578 0.10343469855505179 -0.035712047059815129 -0.045955922650926941 0.091476918597477919 -0.020005659126380981 0.083636335492308297 -0.047729366021027453 -0.030684380003289852 -0.053630619625786857 0.12044912485836208 0.066745061601470257 0.0082994135311248839 -0.0045610339855346399
leaf_weight=0.14976858511438157 0.68953561832706967 0.13648330375642445 0.10606725801777639 0.15119606349617334 0.24805340964074696 0.15040849700628989 0.10152326554995553 0.2738314814880648 0.072190385051493222 0.10771976545340989 0.14615077535544518 0.1584374973342651 0.068710747001287154 0.33294517535723045 2.8946287550265675 0.039869115648044406 0.8084129270816578 0.071925450603435137 0.46534810218707034 0.12183095794477261 0.26936684218228713 0.30219333295612727 0.33324658094109216 2.777749145135453 0.47304538002420454 0.061899284193687037 0.058872284782050893 0.24692601433507677 3.5605076132169273 0.084959856270962114
leaf_count=23 468 96 349 72 143 336 76 810 88 97 58 1175 599 457 5294 500 643 134 134 332 822 253 217 3555 816 156 53 145 2803 65
internal_value=-0.000239638 0.00564926 0.00722365 0.0719997 0.00549421 -0.00923228 0.00183528 -2.27641e-05 0.00849409 0.0784714 0.0444368 0.0529518 0.0175129 -0.013804 -0.00867001 0.0332986 0.00422095 -0.0240625 0.00980461 0.0327642 0.0410832 0.0257187 0.0494888 -0.0377486 -0.00660974 -0.0444395 0.0312277 0.015108 0.0117051 0.0767291
internal_weight=15.4638 11.7522 11.0627 0.287679 10.775 3.71161 9.50029 9.16707 5.66566 0.326061 0.253871 0.333216 0.227148 3.50141 3.16846 0.190278 5.3396 0.880338 4.45926 1.27469 1.15286 0.883493 0.5813 3.52133 0.622814 2.89852 0.120772 3.99392 3.74699 0.186483
internal_count=20769 15330 14862 168 14694 5439 12927 10804 4243 243 155 2123 1774 6561 6104 836 4000 777 3223 1767 1435 613 360 4603 839 3764 209 3089 2944 141
cat_boundaries=0 4
cat_threshold=277923657 805329024 1116286088 403702272
is_linear=0
shrinkage=0.05


Tree=12
num_leaves=31
num_cat=1
split_feature=22 7 7 3 18 3 13 4 0 8 13 4 10 10 5 8 10 11 6 21 4 18 2 3 6 19 0 8 3 4
split_gain=0.703876 0.654673 0.410025 0.393858 0.407771 0.520164 0.487695 0.661312 0.438924 0.392521 0.345269 0.464642 0.445222 0.591802 0.520862 0.34329 0.313458 0.364583 0.461336 0.399611 0.367475 0.378874 0.497787 0.42503 0.495896 0.492688 0.455587 0.367134 0.312231 0.309252
threshold=0 0.65500000000000014 2.4350000000000005 4542266.3331500003 14.500000000000002 468232.82015000004 0.099863201094391299 11.688250000000002 0.015947142662960666 0.51500000000000012 0.10088107436733419 5.7351500000000009 0.093749999999999944 0.093441608505112891 46499445.125000007 0.7350000000000001 0.096330275229357859 0.099362362443757832 4.7730500000000005 0.18469785575048733 6.0484000000000009 9.5000000000000018 -0.40662764941202961 709040.74085000006 3.1264000000000003 5.5000000000000009 0.077829416370603144 1.925 300099.56200000003 9.8064000000000018
decision_type=9 2 2 2 2 2 2 2 2 10 2 2 2 2 2 8 2 2 10 2 2 2 2 2 8 2 2 10 2 2
left_child=1 -1 3 4 5 8 -7 -8 -3 -6 12 -12 13 14 28 -9 -14 18 19 -18 -19 27 -23 24 26 -25 -24 -22 -2 -27
right_child=10 2 -4 -5 9 6 7 15 -10 -11 11 -13 16 -15 -16 -17 17 20 -20 -21 21 22 23 25 -26 29 -28 -29 -30 -31
leaf_value=0.073225823482893623 0.12347806951823477 -0.014662689445371356 -0.015458274147459844 -0.020625623894948954 0.12319152477647306 -0.030294079770342371 0.011556310221784296 -0.042139257176160183 0.077317965008774137 -0.0063080302145378606 -0.038439034039602749 0.076286473798150636 -0.061001703118765439 0.14378868569002592 -0.0093541188199727145 0.097345492331573455 0.11636427868783793 -0.046143043979483933 0.16604816129003663 -0.043449486497371424 -0.048971897249674663 0.070535952366154439 -0.030278418875149191 -0.0024453425308056595 -0.040755506624471895 0.14458436953600784 0.14343433452138113 0.098606870555257242 -0.026278280133466093 -0.012951553697760005
leaf_weight=0.53016899006562113 0.12074188386894524 0.15141141706514871 0.91793043982042277 0.50365382454675334 0.06187919326370539 0.37982404060032271 1.0900617596221569 0.04931116883340713 0.90444583549488689 1.0762503247448558 0.14113233560623173 0.23555564537560747 0.54668396446754108 0.067766340507147471 3.5807521745015243 0.41829130922658575 0.054509636578398551 1.3331004966326077 0.054815642880092247 0.1385058108890036 0.85406785154711207 0.20805149063238082 0.075891249761367754 0.50998470406241958 1.056973825376252 0.10962900508755841 0.075089134069642086 0.044329453348948777 0.0489018262798675 0.043518959159556558
leaf_count=304 170 79 2508 248 39 347 637 106 838 1500 220 415 864 99 5812 335 49 912 248 140 1310 79 24 529 1909 200 89 183 88 488
internal_value=-0.000249729 0.00761785 0.0150723 0.0211185 0.0262074 0.0358934 0.0205067 0.0328941 0.0641278 0.000732757 -0.00654721 0.0333027 -0.0155666 -0.00265228 -0.00529834 0.0826361 -0.0252253 -0.0209348 0.038038 0.00168364 -0.0243253 -0.014557 -0.0028329 -0.010991 -0.0286476 0.0211721 0.0561165 -0.0416899 0.080309 0.0998185
internal_weight=15.3832 6.08323 5.55306 4.63513 4.13148 2.99335 1.93749 1.55766 1.05586 1.13813 9.3 0.376688 8.92331 3.81816 3.7504 0.467602 5.10515 4.55847 0.247831 0.193015 4.31064 2.97754 2.07914 1.87109 1.20795 0.663133 0.15098 0.898397 0.169644 0.153148
internal_count=20769 6941 6637 4129 3881 2342 1425 1078 917 1539 13828 635 13193 6169 6070 441 7024 6160 437 189 5723 4811 3318 3239 2022 1217 113 1493 258 688
cat_boundaries=0 4
cat_threshold=2218786980 205980973 4227393 556018700
is_linear=0
shrinkage=0.05


Tree=13
num_leaves=31
num_cat=1
split_feature=22 7 2 13 8 7 21 2 14 8 17 0 7 10 6 9 7 2 3 21 15 4 6 2 19 2 8 11 9 2
split_gain=0.658766 0.535472 0.484231 0.415968 0.348409 0.3842 0.417374 0.436105 0.333825 0.321071 0.292365 0.363025 0.287816 0.316975 0.524184 0.289405 0.388603 0.434417 0.317459 0.345708 0.295589 0.258595 0.299903 0.438072 0.404381 0.393108 0.442594 0.387967 0.282291 0.275532
threshold=0 0.9850000000000001 -0.4359122999964522 0.099999999999999992 0.65500000000000014 1.8450000000000004 0.19264507422402163 -0.16831770787698239 0.96019801980198027 0.66500000000000015 30.500000000000004 0.067983357463341873 2.5750000000000006 0.11063889992654931 6.2517500000000004 2.1325459891448633 1.8650000000000004 0.035571800592284493 461360.86470000009 0.11602982292637466 2.5000000000000004 10.659650000000001 2.8628500000000003 -0.13278349584687607 6.5000000000000009 -0.085030950212839115 1.1150000000000004 0.10958430849422499 -5.5724071048783346 -0.28910324611774246
decision_type=9 2 2 2 8 2 2 2 2 10 2 2 2 2 10 2 2 2 2 2 2 2 10 2 2 2 8 2 2 2
left_child=-1 8 3 -3 5 -4 7 -7 21 -6 11 -11 15 -14 -15 -12 18 -18 -17 -20 -21 22 24 27 25 26 29 -24 -23 -2
right_child=1 2 4 -5 9 6 -8 -9 -10 10 12 -13 13 14 -16 16 17 -19 19 20 -22 28 23 -25 -26 -27 -28 -29 -30 -31
leaf_value=-0.0089165128574368677 0.027358564541134858 -0.010116823184590916 -0.058270460542110783 0.11612154500548483 0.081281557819545394 0.10745849388782558 -0.060388063484316405 -0.055185576848479148 -0.048429309044568408 0.13960397168853031 -0.001064138538261275 0.018161497977572789 -0.034932989906620325 0.12117783725503617 -0.063704194172211487 0.079684213307276958 -0.030688415386379054 0.085050705708484678 0.14193898410135394 0.040908387969122197 -0.022012525196767559 -0.0052099232254230847 0.007410850550648421 -0.025105058709654529 0.10428496301422362 0.069324057175784395 0.061642685709486437 0.10455268654729787 0.10039854138256016 -0.045227044253596409
leaf_weight=3.2660233141905222 0.21723345647456299 0.1047346587558754 0.47949598132292642 0.17311661818616098 0.13429783568867559 0.13560493004876284 0.12040913038889306 0.059211283369114853 0.13560089771639994 0.083912345798869803 4.8358408381207694 0.23077472842311969 0.87438320158320837 0.089844781750131664 0.066875345296415922 0.34392719221551293 0.47513770561303381 0.097755228651960291 0.056316246336522102 0.42922505467865363 0.33028265323148903 0.085088961439543281 0.29228519069803127 0.54313944999512376 0.21380586893287801 0.41702752950001454 0.27312438806042261 0.15853125182911754 0.24682976950614763 0.32836662414495149
leaf_count=4787 49 93 674 105 130 34 564 219 45 266 4668 1263 3716 51 103 372 420 541 32 393 441 53 128 488 267 327 127 32 281 100
internal_value=-0.000258945 0.00518901 0.00354274 0.0685366 0.00150067 -0.0300828 0.0127941 0.0580254 0.0281726 0.00461924 0.00331835 0.0505445 0.00136279 -0.0231964 0.0422853 0.00521802 0.0227517 -0.0109393 0.0393943 0.0224093 0.0135463 0.0319152 0.0262902 0.00513645 0.0407952 0.0298104 0.00968368 0.0415711 0.0733253 -0.0163267
internal_weight=15.2982 12.0322 9.12115 0.277851 8.84329 0.794721 0.315225 0.194816 2.91103 8.04857 7.91428 0.314687 7.59959 1.0311 0.15672 6.56848 1.73264 0.572893 1.15975 0.815824 0.759508 2.77543 2.44351 0.993956 1.44956 1.23575 0.818724 0.450816 0.331919 0.5456
internal_count=20769 15982 14085 198 13887 1491 817 253 1897 12396 12266 1529 10737 3870 154 6867 2199 961 1238 866 834 1852 1518 648 870 603 276 160 334 149
cat_boundaries=0 4
cat_threshold=277923657 805329024 1116286088 436240896
is_linear=0
shrinkage=0.05


Tree=14
num_leaves=31
num_cat=1
split_feature=22 7 2 14 7 3 18 3 13 11 1 0 0 3 14 6 15 21 5 5 8 11 15 20 14 1 3 0 19 14
split_gain=0.628727 0.54225 0.415449 0.36333 0.30203 0.290939 0.407321 0.380971 0.276493 0.347311 0.318577 0.403725 0.42235 0.274091 0.398358 0.522622 0.326045 0.274966 0.268765 0.267472 0.267071 0.26377 0.253833 0.241371 0.235044 0.236075 0.230412 0.384158 0.32903 0.21537
threshold=0 0.65500000000000014 -0.45339264834843612 0.653950103950104 3.0550000000000002 604959.30330000015 14.500000000000002 556798.18925000017 0.10080972987149218 0.092269831289845047 0.099727395231088659 0.043001149864958489 0.13227222724382959 1424035.1977000001 0.93120351588911443 12.106550000000002 10.500000000000002 0.18871224165341816 103502634.50000001 460711844.55500007 2.3150000000000004 0.10140321470463991 2.5000000000000004 0.27207792207792209 0.85728236607142871 0.014099499895221636 493037.73400000005 0.015947142662960666 4.5000000000000009 0.047757274172368518
decision_type=9 2 2 2 2 2 2 2 2 2 2 2 2 2 2 10 2 2 2 2 8 2 2 2 2 2 2 2 2 2
left_child=1 23 3 22 5 6 20 -8 10 -10 -4 -12 -13 -7 16 -16 17 24 -11 -20 26 -19 -2 -1 25 -15 27 -3 -28 -29
right_child=2 4 8 -5 -6 13 7 -9 9 18 11 12 -14 14 15 -17 -18 21 19 -21 -22 -23 -24 -25 -26 -27 28 29 -30 -31
leaf_value=0.10258690595260743 0.016409928937054473 -0.015029877466262094 -0.019146836302356678 -0.035704967962011426 -0.026807111699225672 -0.011612232975319672 -0.02203850846077253 0.074047042365758084 -0.048602063273942793 -0.036645741515983161 0.099084462805520218 -0.060533326389122899 0.06330016588422914 0.08352835078999489 -0.039795253450448889 0.094670335818295745 -0.031704547061515542 -0.023202700185996961 0.094570338730627354 -0.04061243830042751 -0.055600645388991711 0.068972534437497804 0.11302213568555837 0.034028867234597852 0.13044076656380205 -0.00099821034176225437 0.062196276050871038 -0.0092008455180742927 -0.029733184602541166 0.077122314886716448
leaf_weight=0.25987072598637478 0.12457007565535178 0.15016348419066416 8.2358834832039438 0.11827162514255385 0.40115945200379854 1.13022989276921 0.50789623520052185 0.12945539543677531 0.12475742699695858 0.072011139966403515 0.12935451920555313 0.16119485772851982 0.12019828005593397 0.23534829470433019 0.39974613105105589 0.088205969749050539 0.13583892669890318 0.18436862582850236 0.22173248496387019 0.043823029873067215 0.063894430847029393 0.13403992384914151 0.14967550244219702 0.25373581541961915 0.13845384352611062 0.12727711038561754 0.19094283285373184 0.078188469510645286 0.19854251420039956 0.95223439212656913
leaf_count=134 34 88 12672 56 1544 1329 962 78 224 108 42 65 424 97 262 71 59 247 299 126 69 181 80 154 52 56 123 56 130 947
internal_value=-0.000551325 0.00719462 -0.00624558 0.0375473 0.0148858 0.018338 0.0313804 -0.00252213 -0.0149892 0.0226836 -0.0170035 0.025972 -0.00763732 0.00682715 0.021267 -0.0154882 0.0400405 0.051933 0.0490293 0.0722619 0.0446045 0.0156002 0.0691381 0.0687173 0.0750205 0.0538606 0.0486824 0.0596841 0.0153347 0.0705721
internal_weight=15.2611 5.75959 9.50147 0.392517 5.24599 4.84483 2.27132 0.637352 9.10896 0.462324 8.64663 0.410748 0.281393 2.57351 1.44328 0.487952 0.955327 0.819488 0.337567 0.265556 1.63397 0.318409 0.274246 0.513607 0.501079 0.362625 1.57007 1.18059 0.389485 1.03042
internal_count=20769 6639 14130 170 6351 4807 2453 1040 13960 757 13203 531 489 2354 1025 333 692 633 533 425 1413 428 114 288 205 153 1344 1091 253 1003
cat_boundaries=0 4
cat_threshold=2218786852 205849901 5275969 556018701
is_linear=0
shrinkage=0.05


Tree=15
num_leaves=31
num_cat=1
split_feature=22 7 9 11 11 4 9 13 9 20 11 0 8 0 17 8 14 1 8 18 2 8 10 4 15 13 14 6 14 14
split_gain=0.573186 0.557615 0.323632 0.410201 0.346066 0.328752 0.289542 0.502657 0.33478 0.359874 0.516094 0.33938 0.453854 0.284638 0.275703 0.261317 0.364135 0.335049 0.406147 0.458947 0.33587 0.322578 0.341299 0.312944 0.345544 0.465034 0.406969 0.287671 0.331644 0.273237
threshold=0 0.65500000000000014 0.61960638061574491 0.019887607648518432 0.13935677000817173 5.8562500000000002 -7.6923076923076925 0.10005060740409889 -2.2506010134247183 0.20881425253890681 0.1201246183372101 0.027739501974190794 0.93500000000000016 0.0015915129145487189 29.500000000000004 1.2150000000000001 0.56281748911465901 -0.0050265292945172449 1.1150000000000004 15.500000000000002 -0.011843883901244577 2.1250000000000004 0.056000000000000043 8.102800000000002 3.5000000000000004 0.099874960619826383 0.62976401655646952 1.1410500000000001 0.4503521126760564 0.93120351588911443
decision_type=9 2 2 2 2 2 2 2 2 2 2 2 8 2 2 10 2 2 8 2 2 10 2 2 2 2 2 10 2 2
left_child=1 -1 3 -2 6 -4 7 -5 -8 10 11 -10 -13 -11 -3 16 17 -16 19 20 -19 22 -17 -18 25 -25 -27 -21 -29 -28
right_child=2 14 5 4 -6 -7 8 -9 9 13 -12 12 -14 -15 15 21 23 18 -20 27 -22 -23 -24 24 -26 26 29 28 -30 -31
leaf_value=0.070996576444347204 0.046118251210857726 0.10398006787035421 -0.043504915981694106 0.10345979066623966 -0.054281895105431438 -0.012394112494925334 -0.021775365213005958 -0.027378619521034021 -0.045923176419627142 0.086327423784285137 0.12186847848057628 0.048935249578244827 -0.030767836931730387 -0.019051500179130845 -0.023562643102856044 -0.060631110024972658 -0.037818784951577894 0.066013636148288299 -0.036520843023075504 0.1242077215516551 -0.01871505029499286 -0.034861170612983459 0.046717069795663112 -0.044982796701780729 -0.03069005134836 -0.06206828461111661 0.087473967008121767 -0.046980620956030623 0.11599789921397932 -0.0046303557890792135
leaf_weight=0.4720285154915479 0.36793202978702133 0.084232917387416673 1.3542299452333186 0.1590470240217845 0.38260374376806794 2.2767814280646483 2.2847044491662079 0.13633072731977969 0.19723105247425787 0.06759933586980249 0.12200018239096011 0.63742311984354827 0.24814034087702386 1.2309616520449549 0.35078032921119895 0.07908423063398351 0.65980787400942609 0.94807484839886558 0.19900868696591922 0.03488599598865838 0.13342392319749152 0.16339926214122491 1.1616160944908789 0.17057266448745412 0.41335730920315306 0.07050979135999591 0.35988448080204166 0.26194999357988447 0.03543682648673474 0.10373285862453491
leaf_count=282 320 711 1281 173 217 5310 2192 132 87 35 50 401 355 3614 189 244 360 514 200 17 516 483 1440 212 314 88 404 408 83 137
internal_value=-0.000537919 0.00688148 -0.00597021 -0.00498386 -0.00842366 -0.0239973 -0.00497215 0.0430717 -0.007936 0.00469459 0.0243761 0.0133915 0.026602 -0.0135658 0.0142529 0.012784 0.00588133 0.0207239 0.0303563 0.0397702 0.0555607 0.0311773 0.0398745 -0.0105116 0.00560346 0.0268922 0.0498454 -0.0116256 -0.02756 0.0668659
internal_weight=15.1668 5.70179 9.46499 5.83397 5.46604 3.63101 5.08344 0.295378 4.78806 2.50336 1.20479 1.08279 0.885563 1.29856 5.22976 5.14553 3.74143 1.96356 1.61278 1.41377 1.0815 1.4041 1.2407 1.77786 1.11806 0.7047 0.534127 0.332273 0.297387 0.463617
internal_count=20769 6602 14167 7576 7256 6591 7039 305 6734 4542 893 843 756 3649 6320 5609 3442 1927 1738 1538 1030 2167 1684 1515 1155 841 629 508 491 541
cat_boundaries=0 4
cat_threshold=2353004580 205980972 5275969 555756557
is_linear=0
shrinkage=0.05


Tree=16
num_leaves=31
num_cat=1
split_feature=22 7 2 6 18 2 13 13 5 0 9 19 17 7 7 15 10 13 11 13 11 14 10 2 2 6 11 10 1 20
split_gain=0.547302 0.485474 0.317502 0.317133 0.329247 0.393975 0.300439 0.292188 0.268911 0.272812 0.312149 0.271226 0.262204 0.337679 0.506935 0.318624 0.311607 0.296076 0.291588 0.39437 0.331251 0.523024 0.477885 0.310426 0.368831 0.454257 0.320367 0.307399 0.302057 0.267804
threshold=0 0.58500000000000008 -0.45339264834843612 10.833600000000002 19.500000000000004 -0.3233759427155653 0.10049525592651477 0.099999999999999992 641490558.94000018 0.25902617575720932 0.21750958035673398 4.5000000000000009 34.500000000000007 1.6650000000000003 1.6150000000000004 11.500000000000002 0.097583914175520328 0.099509601548753226 0.11454903012425137 0.10022321539787639 0.10073792578829513 0.28162881497986475 0.093749999999999944 -0.27149391263629669 -0.035419293176096038 3.7052500000000004 0.12199760632675073 0.11895471164953071 0.019835881762265698 0.3054093567251463
decision_type=9 2 2 8 2 2 2 2 2 2 2 2 2 2 2 2 2 2 2 2 2 2 2 2 2 8 2 2 2 2
left_child=3 -2 7 -1 5 -5 12 -3 9 10 11 -8 -4 14 18 17 -16 -15 19 20 -14 22 -22 26 -25 -26 -20 -27 -23 -24
right_child=1 2 6 4 -6 -7 8 -9 -10 -11 -12 -13 13 15 16 -17 -18 -19 23 -21 21 28 29 24 25 27 -28 -29 -30 -31
leaf_value=-0.036011877146612095 0.048907645024905272 -0.0079282864585348209 0.044735455538533545 0.13819886568988235 0.16800730987367352 -0.027518557769872127 0.0031707939308139436 0.09553806158226047 -0.044498500119286445 0.079926570469740402 -0.020154039869864412 0.072633804353176554 0.0026371725978426349 0.041898762112091828 -0.0053644307579292713 -0.06105444759956466 0.098224260440572919 -0.012449774631584575 -0.051019501330011589 -0.02880041519737361 0.10242181709223785 0.061702268337206802 -0.057823435305852967 -0.055336458437057735 0.076670844633944371 -0.039890915491386805 0.092539887262377121 0.050807518892421723 -0.040647571555552368 0.032547834882357539
leaf_weight=3.1963844514435196 0.70787759612438605 0.10794106127767222 0.34053141852702218 0.042866169110228947 0.032608107252863949 0.21959560030174841 0.24403845523836604 0.18549298355423161 0.11664018301733747 0.26233832231173981 0.29406995618891041 0.33131474281842505 1.758416558516104 0.27518915539428546 0.10456698137912737 0.30642689400837175 0.23745631453444901 2.8035690226580874 0.057299626583699248 0.53634784810866021 0.080095921371031276 0.97485603802286258 0.28110451840576922 0.54171593250141881 0.15008685065550945 0.45127918023917563 0.12077352043706924 0.11780831809937314 0.077842661300232541 0.11572704047568483
leaf_count=4413 468 78 2123 20 211 795 143 90 332 822 253 217 1802 810 134 457 109 5294 62 469 35 660 182 141 66 323 91 85 25 59
internal_value=-0.000530658 0.00471484 0.006174 -0.00813465 0.0181635 -0.000453012 0.00475104 0.0574775 0.0277869 0.0352367 0.0217521 0.0431708 0.00166908 3.7877e-05 0.00756826 -0.0124314 0.066554 -0.00759193 0.00373525 0.0109541 0.0174389 0.0344545 -0.00898291 -0.0154506 -0.024178 -0.000707903 0.046346 -0.0211152 0.0541339 -0.0314687
internal_weight=15.0723 11.5808 10.8729 3.49145 0.29507 0.262462 10.5795 0.293434 1.2484 1.13176 0.869423 0.575353 9.33109 8.99056 5.60538 3.38519 0.342023 3.07876 5.26335 3.82439 3.28804 1.52963 0.476927 1.43896 1.26089 0.719174 0.178073 0.569087 1.0527 0.396832
internal_count=20769 15330 14862 5439 1026 815 14694 168 1767 1435 613 360 12927 10804 4243 6561 243 6104 4000 3232 2763 961 276 768 615 474 153 408 685 241
cat_boundaries=0 4
cat_threshold=277923657 805329024 1116286088 403702272
is_linear=0
shrinkage=0.05


Tree=17
num_leaves=31
num_cat=1
split_feature=22 7 2 8 7 21 2 13 14 8 4 6 2 19 2 8 11 2 10 9 18 2 13 3 0 9 15 9 6 21
split_gain=0.519421 0.39735 0.346906 0.305762 0.33745 0.353906 0.345854 0.293265 0.271592 0.262151 0.227181 0.232998 0.346671 0.332979 0.312444 0.361733 0.311162 0.235826 0.222554 0.447104 0.251716 0.241475 0.236339 0.336872 0.220917 0.219095 0.501785 0.485227 0.431924 0.348561
threshold=0 0.9850000000000001 -0.4359122999964522 0.65500000000000014 1.8450000000000004 0.19264507422402163 -0.16831770787698239 0.099999999999999992 0.96019801980198027 0.66500000000000015 10.659650000000001 2.8628500000000003 -0.13278349584687607 6.5000000000000009 -0.085030950212839115 1.1150000000000004 0.10958430849422499 -0.28910324611774246 0.062500000000000014 -2.1530212451558115 22.500000000000004 -0.3233759427155653 0.10069687257187256 683646.10410000011 0.06536283975022654 1.8908731456987684 2.5000000000000004 4.8796644863462699 9.9790500000000026 0.11602982292637466
decision_type=9 2 2 8 2 2 2 2 2 10 2 10 2 2 2 8 2 2 2 2 2 2 2 2 2 2 2 2 10 2
left_child=18 8 7 4 -4 6 -6 -3 10 -5 11 13 16 14 15 17 -13 -2 19 21 22 -1 -20 -24 -12 -11 27 -27 -29 -28
right_child=1 2 3 9 5 -7 -8 -9 -10 25 24 12 -14 -15 -16 -17 -18 -19 20 -21 -22 -23 23 -25 -26 26 29 28 -30 -31
leaf_value=0.09074896178209077 0.023063995428126836 -0.0099786504086605901 -0.056679792764677175 0.073317239651238986 0.094269254966017568 -0.059026777308569145 -0.053308999086624204 0.096409274604921311 -0.046398470515564991 -0.0024762449051329897 -0.013344027670253123 0.0048060382680352688 -0.023866822156966897 0.092352393680580069 0.05969085448284181 0.053666656139087568 0.091762010183133486 -0.044452306890158604 -0.046292867281099229 -0.049606507224254831 0.086892502185508508 -0.0028290004182551275 -0.040615001207130713 0.11052000043200323 0.086783504028362157 0.058170760843923856 0.071170866802858432 -0.042034809112511708 0.088746808918946263 -0.017993041139655996
leaf_weight=0.1256416086107493 0.21775429028730681 0.10161481545717085 0.44905876784840126 0.13494858705898227 0.13912839667095694 0.11317876374890457 0.055550990622390606 0.17867688357455139 0.12942159473548009 5.4436202793796964 0.069364420646588321 0.28784717724193498 0.5299178739775563 0.21601188700134355 0.42665176671192173 0.27299080459857517 0.16010041022673249 0.31851630556698723 2.3543411925658431 0.28603787222723387 0.038251933682401318 0.15275477037588053 0.096304758739488017 0.059742464898314418 0.26766965179829949 0.86604267718093075 0.12305181241077767 0.26980865135258403 0.08241766558180208 1.0032217857029468
leaf_count=12 49 93 674 130 34 564 219 105 45 8080 40 128 488 267 327 127 32 100 3186 724 537 102 165 61 294 1594 60 345 172 2015
internal_value=-0.000523191 0.00450033 0.00309202 0.00132411 -0.0290375 0.0112831 0.0521584 0.0578402 0.0243958 0.00422464 0.0277073 0.0223713 0.00350466 0.0350779 0.0250675 0.00681362 0.0358849 -0.0170371 -0.00809831 -0.00570419 -0.0404035 0.0394032 -0.0423432 0.0172468 0.0661764 0.00302745 0.0158061 0.0380469 -0.0114331 -0.00825138
internal_weight=14.9696 11.8566 8.96032 8.68003 0.756917 0.307858 0.194679 0.280292 2.89625 7.92311 2.76682 2.42979 0.977865 1.45193 1.23591 0.809261 0.447948 0.536271 3.11307 0.564434 2.54864 0.278396 2.51039 0.156047 0.337034 7.78816 2.34454 1.21827 0.352226 1.12627
internal_count=20769 15982 14085 13887 1491 817 253 198 1897 12396 1852 1518 648 870 603 276 160 149 4787 838 3949 114 3412 226 334 12266 4186 2111 517 2075
cat_boundaries=0 4
cat_threshold=277923657 805329024 1116286088 436240896
is_linear=0
shrinkage=0.05


Tree=18
num_leaves=31
num_cat=1
split_feature=22 7 7 13 18 4 9 9 20 13 2 11 2 13 10 19 8 8 2 9 17 1 4 0 18 8 4 13 3 14
split_gain=0.476205 0.371222 0.367893 0.331099 0.342157 0.327751 0.334111 0.475511 0.421895 0.386966 0.36667 0.311393 0.396275 0.324981 0.291021 0.286123 0.269886 0.30421 0.267734 0.29938 0.289534 0.274121 0.310641 0.265704 0.262133 0.245276 0.242907 0.240652 0.23811 0.235059
threshold=0 0.9850000000000001 0.65500000000000014 0.10008451898825811 14.500000000000002 4.1294000000000013 -2.3504991016743855 -0.70519101628547232 0.11451990632318503 0.1006116265150382 0.049638871506049183 0.10334459497632804 -0.16831770787698239 0.10040160642570285 0.090508535175698526 6.5000000000000009 0.66500000000000015 0.75500000000000012 -0.21043128039801792 -3.1493039176554602 29.500000000000004 0.0028650363545643658 6.4244500000000011 0.040855088283678613 8.5000000000000018 0.68500000000000016 10.659650000000001 0.099971878459588118 1401535.5364000003 0.037073206018518524
decision_type=9 2 2 2 2 2 2 2 2 2 2 2 2 2 2 2 10 8 2 2 2 2 2 2 2 10 2 2 2 2
left_child=2 3 -1 4 16 -3 -7 8 -8 10 -9 12 -10 14 -13 -12 -2 -18 19 -4 -20 26 23 -23 27 -26 -21 -22 -6 -5
right_child=1 5 18 29 28 6 7 9 11 -11 15 13 -14 -15 -16 -17 17 -19 20 21 24 22 -24 -25 25 -27 -28 -29 -30 -31
leaf_value=0.067702939797609302 0.087257480874178131 -0.048452697947012978 0.075142902286474828 0.04945382394118604 -0.040654328755636383 -0.030622444771381319 0.088340664950872949 -0.028371268917449972 0.063874111470922243 0.032658809697131801 0.002507923606315274 0.13255437648298504 -0.026875284396691151 0.081843810298867642 -0.045613537723622317 0.11812757262942503 -0.04129910458306639 0.037812199243080991 0.11593617038973687 0.023863852920845453 -0.05430318197102775 -0.025959163024567196 -0.034437520325267944 0.066553095795867823 -0.0374565163692731 0.020417606984502609 0.087564969719471919 0.0019194628922220664 0.037513411083793663 -0.027681737130037867
leaf_weight=0.37461421886945334 0.21046275798065761 0.7011848816193903 0.32204760303770363 0.11348712440545994 0.30385968752294867 1.87366287328199 0.19539126101881521 2.7206001819705818 0.37077677651919771 0.38784187951436999 0.64868732168096488 0.024264385803195232 0.17806807226984012 0.067875047007313727 0.41352493478538555 0.058320068541743764 0.14734608124855794 0.69320992022035677 0.059204519554428958 0.4841410558897985 0.31032753212615038 0.1214762176044317 0.34369446707505158 0.21495186856745344 0.20502754549438673 1.7097563796080897 0.21660925021798583 0.49221317954990318 0.14340001852129414 0.76139736002153069
leaf_count=237 137 930 242 54 333 1963 14 3783 190 633 2269 51 899 146 766 1564 77 387 555 177 277 50 154 97 490 2990 68 483 60 693
internal_value=-0.000514464 -0.00525821 0.00656963 0.00676429 0.0210356 -0.0158749 -0.0125829 -0.00591011 0.0208557 -0.0146783 -0.0200346 0.00835135 0.0344312 -0.0199556 -0.0357386 0.0120452 0.0366225 0.0239443 0.0161232 0.0317318 0.00655007 0.0216075 -0.00100525 0.0331491 0.00416679 0.0142207 0.0435545 -0.0198208 -0.0155923 -0.017676
internal_weight=14.8674 10.0134 4.85406 2.37316 1.49828 7.6402 6.93901 5.06535 1.2499 3.81545 3.42761 1.05451 0.548845 0.505664 0.437789 0.707007 1.05102 0.840556 4.47945 1.70292 2.77653 1.38087 0.680123 0.336428 2.71732 1.91478 0.70075 0.802541 0.44726 0.874884
internal_count=20769 14949 5820 1741 994 13208 12278 10315 2066 8249 7616 2052 1089 963 817 3833 601 464 5583 788 4795 546 301 147 4240 3480 245 760 393 747
cat_boundaries=0 4
cat_threshold=2348810244 71631149 542409029 555756685
is_linear=0
shrinkage=0.05


Tree=19
num_leaves=31
num_cat=2
split_feature=22 7 2 8 7 21 2 13 14 8 22 9 8 18 15 10 5 9 1 1 14 15 13 13 20 2 10 2 4 17
split_gain=0.433158 0.339321 0.311065 0.267727 0.308858 0.320399 0.297163 0.253728 0.242296 0.229875 0.215171 0.266757 0.311783 0.321627 0.26887 0.254401 0.249644 0.293466 0.343864 0.24422 0.240809 0.219851 0.213812 0.283678 0.440361 0.276879 0.27393 0.268266 0.265488 0.215267
threshold=0 0.9850000000000001 -0.4359122999964522 0.65500000000000014 1.8450000000000004 0.19264507422402163 -0.16831770787698239 0.099999999999999992 0.96019801980198027 0.66500000000000015 1 1.8908731456987684 2.2850000000000006 15.500000000000002 2.5000000000000004 0.11647346213635353 124204360.88000001 1.0559334150996527 -0.0013306725784060778 -0.0090090090090089708 0.30021770682148047 6.5000000000000009 0.10034722640849737 0.09962523057331997 0.14449845338046843 -0.23386161835258421 0.10362506570548922 -0.34583762226585762 21.318400000000004 83.500000000000014
decision_type=9 2 2 8 2 2 2 2 2 10 9 2 10 2 2 2 2 2 2 2 2 2 2 2 2 2 2 2 2 2
left_child=-1 8 7 4 -4 6 -6 -3 -2 -5 22 16 13 15 19 -13 17 18 -12 -15 -18 -16 23 24 -11 29 27 -24 -25 -26
right_child=1 2 3 9 5 -7 -8 -9 -10 10 11 12 -14 14 21 -17 20 -19 -20 -21 -22 -23 26 28 25 -27 -28 -29 -30 -31
leaf_value=-0.0074650316442561515 0.025521964807435002 -0.0089796135851889711 -0.055429319019558755 0.068304080572107614 0.087447670028211744 -0.058129186689317075 -0.051818329487278228 0.090474111041411606 -0.045303662451703038 0.16036223653458009 -0.063239591542773976 0.0687363037690885 -0.040721349971746458 -0.049211534424536359 -0.058426349419188464 -0.011905087299179712 -0.042417990353515324 -0.062591066508229334 0.072617121857760689 0.061127118425203325 0.00658646930457292 0.077605458282409029 0.093313802251251687 -0.03198689732457486 0.12162403177889579 -0.053042683322416656 0.07829544685474743 -0.024039607163973253 0.10988518675099807 -0.018710609407706719
leaf_weight=2.9513574676102117 2.7672651920334626 0.10010847178375565 0.42536011999935353 0.13540420638879247 0.14014977762439665 0.10815376733021997 0.052710085633779186 0.17844514863222199 0.12626469046238842 0.048390723259512797 0.053332348962997267 0.75917821574172806 0.13153132144885127 0.063177391708906266 0.17352468935897042 0.11226291577813363 0.27916189873381281 0.060230628298367339 0.36767422269211852 0.24319483211202028 2.4582177305570152 0.035836191384713001 0.056392061756923795 2.1836033536261428 0.056860241112893242 0.13379426634858244 0.11817424665483667 0.35694082162954777 0.03348113643676498 0.052611720653415253
leaf_count=4744 1854 93 675 130 34 565 219 106 45 100 123 957 450 30 296 48 593 96 488 413 3290 308 26 2996 40 554 184 745 488 79
internal_value=-0.000505667 0.00409039 0.00272614 0.00104935 -0.028002 0.0107554 0.0493852 0.0547318 0.0224314 0.00371612 0.00259168 0.00500744 0.0328503 0.0398263 0.00853041 0.0583477 0.00742751 0.0406386 0.055407 0.038374 0.00158892 -0.0351419 -0.00411336 -0.0237463 0.0226102 -0.00479159 0.0111644 -0.00802878 -0.0298444 0.0541798
internal_weight=14.7628 11.8114 8.9179 8.63935 0.726374 0.301014 0.19286 0.278554 2.89353 7.91298 7.77757 4.73732 1.51871 1.38717 0.515733 0.871441 3.21862 0.481237 0.421007 0.306372 2.73738 0.209361 3.04025 2.50874 0.291657 0.243266 0.531507 0.413333 2.21708 0.109472
internal_count=20769 16025 14126 13927 1493 818 253 199 1899 12434 12304 7092 2502 2052 1047 1005 4590 707 611 443 3883 604 5212 4257 773 673 955 771 3484 119
cat_boundaries=0 4 9
cat_threshold=277923657 805329024 1116286088 402686464 38015154 52569089 2216690225 2723151920 1
is_linear=0
shrinkage=0.05


Tree=20
num_leaves=31
num_cat=1
split_feature=22 2 18 19 7 9 2 13 2 19 7 3 9 9 3 7 8 4 14 13 20 9 5 14 18 8 9 9 9 14
split_gain=0.418593 0.428549 0.516128 0.306198 0.317766 0.29852 0.300802 0.218078 0.281515 0.477312 0.402243 0.282542 0.239608 0.34482 0.336049 0.629344 0.295831 0.277732 0.318037 0.2714 0.263733 0.261714 0.242043 0.244496 0.239605 0.239129 0.232602 0.229246 0.247026 0.243729
threshold=0 -0.28209439348842857 12.500000000000002 2.5000000000000004 0.39500000000000007 -5.5724071048783346 0.21783957760740638 0.10080972987149218 0.049638871506049183 7.5000000000000009 1.4750000000000003 2082043.7007500001 0.35180326245699561 -2.3025942882057944 1104760.7632000002 0.88500000000000012 1.5650000000000002 5.8562500000000002 0.26624472573839669 0.099798724693732091 0.37938954675377712 2.3296000095420548 44652829.750000007 0.87509071117561688 6.5000000000000009 1.1050000000000002 -7.6923076923076925 0.2435066539379083 -0.73693616895224012 0.31726674409601247
decision_type=9 2 2 2 2 2 2 2 2 2 2 2 2 2 2 2 8 2 2 2 2 2 2 2 2 10 2 2 2 2
left_child=1 2 -1 -2 -5 6 -3 8 9 11 -11 12 13 14 20 -16 22 -14 19 -19 -6 -21 -15 27 -10 -22 -26 28 29 -24
right_child=3 5 -4 4 7 -7 -8 -9 24 10 -12 -13 17 16 15 -17 -18 18 -20 21 25 -23 23 -25 26 -27 -28 -29 -30 -31
leaf_value=0.074723084638534984 -0.062400417576222479 -0.052995530500892396 0.0020746584321101615 0.05229467119365986 -0.042775524043347307 0.016304719109411468 0.038889050894040468 0.021446507453463364 -0.026283254476272978 0.1378182468338166 -0.053218108881672124 -0.043308800836689663 -0.047421986264331188 0.074502681283588265 0.10225551778447534 -0.039703387646630416 0.095963044660744123 0.12836731354391537 -0.025282757569115064 -0.031133715980240402 0.055671055321593867 0.063745195719912801 -0.023592226880858179 0.10768226252063867 0.13431497648747423 -0.036527215904330654 0.012406500716173427 0.09146522580340137 -0.036751249447626221 0.025889757759688537
leaf_weight=0.6490766653706278 0.27199516507610511 0.32025403193777702 0.39221050122669066 0.20952924428761832 1.1424727668544208 3.2252176892516351 0.12338805710905598 0.52256511330405864 0.44317349866662104 0.089434092657895287 0.039824867108164214 0.95334385533333854 0.93854020282776751 0.11581328171122507 0.14345469855586285 0.17130265152231966 0.093389579372449405 0.057221459895926696 1.1960431807088618 0.16993944549907525 0.14594026523901127 0.12699861857686351 0.41219096373688802 0.050813578676960902 0.04029871346116598 0.13573965741292038 1.3466758291691094 0.060824250530427393 0.49082985587402617 0.62803130006972296
leaf_count=222 332 150 262 175 1059 5087 50 864 662 260 1097 560 576 65 10 127 114 73 1476 191 84 79 348 114 45 47 5467 68 620 485
internal_value=-0.000748032 0.00609969 0.0473594 -0.00503733 -0.00861295 0.0110151 -0.0274401 -0.00995422 -0.011779 -0.016251 0.0789597 -0.0180009 -0.0140324 -0.00576858 -0.0217583 0.0249962 0.00924559 -0.0259555 -0.0129591 0.0286596 -0.0320917 0.00944542 0.00464025 -0.000285209 0.00572206 0.0112413 0.0159486 -0.00373159 -0.00751348 0.00628238
internal_weight=14.7065 4.71015 1.04129 9.99639 9.72439 3.66886 0.443642 9.51486 8.9923 7.16215 0.129259 7.03289 6.07955 3.5908 1.73891 0.314757 1.85189 2.48874 1.5502 0.35416 1.42415 0.296938 1.7585 1.64269 1.83015 0.28168 1.38697 1.59188 1.53105 1.04022
internal_count=20769 5771 484 14998 14666 5287 200 14491 13627 7453 1357 6096 5536 3141 1327 137 1814 2395 1819 343 1190 270 1700 1635 6174 131 5512 1521 1453 833
cat_boundaries=0 4
cat_threshold=2348810276 68485421 542408773 555756685
is_linear=0
shrinkage=0.05


Tree=21
num_leaves=31
num_cat=1
split_feature=22 7 2 8 7 21 2 13 9 4 11 15 7 14 15 2 4 18 10 2 13 3 4 4 9 6 9 11 10 8
split_gain=0.392006 0.277267 0.277377 0.258321 0.286224 0.285743 0.262512 0.229789 0.215426 0.311897 0.229606 0.224276 0.239147 0.210062 0.207671 0.299282 0.239398 0.207646 0.212753 0.509405 0.214444 0.304007 0.200395 0.196837 0.193146 0.187244 0.239029 0.196454 0.233938 0.244684
threshold=0 0.9850000000000001 -0.4359122999964522 0.65500000000000014 1.8450000000000004 0.19264507422402163 -0.16831770787698239 0.099999999999999992 -6.2395851462394507 6.8149000000000006 0.18025270758122749 16.500000000000004 1.6650000000000003 0.96019801980198027 6.5000000000000009 0.27688380270866758 18.217900000000004 25.500000000000004 0.062500000000000014 -0.33731075784674835 0.10069687257187256 683646.10410000011 10.659650000000001 3.3899500000000002 -5.5724071048783346 1.2682500000000003 0.61960638061574491 0.11073350080366499 0.10007895806525623 0.63500000000000012
decision_type=9 2 2 8 2 2 2 2 2 2 2 2 2 2 2 2 2 2 2 2 2 2 2 2 2 10 2 2 2 8
left_child=17 13 7 4 -4 6 -6 -3 9 -5 11 14 -13 22 23 16 -16 18 19 -1 -20 -22 25 -10 -24 -2 27 28 29 -27
right_child=1 2 3 8 5 -7 -8 -9 10 -11 -12 12 -14 -15 15 -17 -18 -19 20 -21 21 -23 24 -25 -26 26 -28 -29 -30 -31
leaf_value=0.082052895483926969 0.046555368830500016 -0.0092279758078655846 -0.054634885537101135 0.057617471231625653 0.081348317834397041 -0.05731384832129232 -0.050984440305974987 0.085998642879902554 -0.042274831305955482 -0.042039061766242676 0.11759674572610063 0.016710176334256047 -0.060414726049210637 -0.043916546824275447 0.05701781962975188 -0.06253014322992409 -0.049320212606129635 0.094993978750262664 -0.04501072916268839 -0.034189096488436779 -0.040020671238151395 0.10323504372060439 -0.0072174003579243626 0.0062802687705937324 0.08055865057984421 0.074999853410992634 -0.01567273429647726 0.051985184752479777 -0.045270268519918076 0.0078749837197944882
leaf_weight=0.1260390381874244 0.470084070179147 0.098623379145177464 0.41523906112754749 0.093767279806585724 0.14017430084684646 0.10302909734338206 0.051151632721258999 0.1771326032476466 0.2163047500037808 0.48260227027256408 0.045742541188136587 0.16536738481911845 0.25627990057643407 0.1219632516535375 0.5197512315156203 0.071075237823153614 0.058928655814580178 0.031339187614530029 2.1347984496977181 0.37367262177089905 0.095111154270446863 0.060649184433214931 0.082919194033647614 5.9571078856499815 0.25666150510065405 0.16884205015763049 0.57658774809550783 0.40417676028053273 0.15736041771763698 0.69293213473487303
leaf_count=19 319 94 681 148 35 575 220 105 433 262 16 101 294 46 904 236 157 624 3150 594 167 60 54 9982 283 112 499 85 72 442
internal_value=-0.000729912 0.00378401 0.00258157 0.000994544 -0.0278984 0.00981812 0.0459687 0.0519411 0.00360068 -0.0258263 0.00592709 0.00522202 -0.0301668 0.020323 0.00740893 0.0342966 0.0461891 -0.00726046 -0.0344296 -0.00487013 -0.0408783 0.0157595 0.0231116 0.00457899 0.0591254 0.0181603 0.0114859 0.022488 0.0107898 0.0210263
internal_weight=14.6054 11.7838 8.85228 8.57652 0.709594 0.294355 0.191326 0.275756 7.86693 0.57637 7.29056 7.24482 0.421647 2.93153 6.82317 0.649755 0.57868 2.82161 2.79027 0.499712 2.29056 0.15576 2.80956 6.17341 0.339581 2.46998 1.9999 1.42331 1.01913 0.861774
internal_count=20769 16155 14243 14044 1511 830 255 199 12533 410 12123 12107 395 1912 11712 1297 1061 4614 3990 613 3377 227 1866 10415 337 1529 1210 711 626 554
cat_boundaries=0 4
cat_threshold=276875081 805329024 1116286088 436240896
is_linear=0
shrinkage=0.05


Tree=22
num_leaves=31
num_cat=1
split_feature=22 7 4 13 2 9 5 9 9 2 7 1 19 3 21 5 20 13 13 2 20 0 4 11 14 7 8 7 10 0
split_gain=0.371225 0.347044 0.327043 0.287838 0.275972 0.369691 0.265629 0.257651 0.528081 0.334768 0.306736 0.296856 0.350356 0.283957 0.321424 0.392967 0.244833 0.320343 0.23134 0.387789 0.227511 0.235937 0.374593 0.225596 0.402055 0.328649 0.263882 0.31222 0.329356 0.222826
threshold=0 1.0050000000000001 4.1294000000000013 0.10057637366287954 -0.28209439348842857 0.83405736662509622 503277086.50000006 -2.3025942882057944 -0.70519101628547232 0.079350614522878296 1.8050000000000004 -1.0000000180025095e-35 3.5000000000000004 401552.36325000005 0.12660256410256412 251004919.37000003 0.12764775588801661 0.10000002588235414 0.10017006851910239 -0.41893116896806148 0.21483516483516488 0.083673118987047032 3.8075500000000004 0.10638297872340428 0.60728236607142871 1.2850000000000004 0.84500000000000008 2.1250000000000004 0.10506661680442179 0.11263830291909237
decision_type=9 2 2 2 2 2 2 2 2 2 2 2 2 2 2 2 2 2 2 2 2 2 2 2 2 2 8 2 2 2
left_child=4 18 -3 7 5 -1 29 -4 11 23 -11 -9 -13 -14 -15 -16 17 -6 20 -20 21 22 -2 -10 26 -26 -25 28 -28 -5
right_child=1 2 3 6 16 -7 -8 8 9 10 -12 12 13 14 15 -17 -18 -19 19 -21 -22 -23 -24 24 25 -27 27 -29 -30 -31
leaf_value=0.064925810189005381 0.054719174553261175 -0.049104112894309514 -0.03240961787911175 0.05584656546024195 -0.060398401021488649 -0.0041274939100608109 -0.046390387353230006 -0.027445895298890688 -0.038977772233485211 -0.0088398962223463894 0.070015007098752233 -0.040675546678965183 0.094722285952800203 0.097479686582488706 0.067558282698474484 -0.034107899177633745 0.017340339976688202 0.020129062149341802 0.095448272604513787 -0.031158229716229294 -0.0029006230502756423 0.064873204995941014 -0.023693701485415806 -0.036304646001297389 0.041243009411343644 -0.058923441300462412 0.10955974374736283 -0.015323860744984152 0.0066099307106111853 -0.013918522520534172
leaf_weight=0.61557431431754173 0.29059272310418482 0.64110927703515663 1.5959211421891781 0.37650731784682767 0.24910134211092638 0.28290213477301851 0.12440145978226846 0.25083025551685301 1.5311375564821355 0.39292425630139927 0.17973620498418408 0.13264032382713664 0.22327634709064081 0.12467751642989089 0.15576919457216942 0.24382888600126529 3.2045715901221268 0.24493371806792319 0.06720115758956724 0.60487646320056887 0.85929019553235475 0.35512979691582647 0.32006497165375958 0.18576814111871737 0.099000590528476262 0.47379360790510699 0.17658572552892468 0.20225658925118833 0.13871553985340754 0.16444196491909657
leaf_count=295 61 947 1845 207 180 129 320 570 2946 1347 1972 180 379 38 130 544 4800 140 36 569 860 234 95 224 34 545 87 401 74 580
internal_value=-0.000710533 -0.00474928 -0.0149719 -0.0117406 0.00577186 0.0431831 0.0194887 -0.0151431 -0.00903441 -0.0189306 0.0159096 0.0205392 0.0342136 0.0475014 0.0273912 0.00552307 0.0122893 -0.0204743 0.00657979 -0.0184988 0.0158149 0.0324666 0.0136205 -0.0260378 -0.0105119 -0.0416109 0.0148153 0.0331639 0.0642674 0.0346388
internal_weight=14.5076 9.91048 7.41332 6.77221 4.59708 0.898476 0.665351 6.10686 4.51094 3.37992 0.57266 1.13102 0.880192 0.747552 0.524276 0.399598 3.69861 0.494035 2.49716 0.672078 1.82508 0.965787 0.610658 2.80726 1.27612 0.572794 0.703326 0.517558 0.315301 0.540949
internal_count=20769 15225 13370 12423 5544 424 1107 11316 9471 7630 3319 1841 1271 1091 712 674 5120 320 1855 605 1250 390 156 4311 1365 579 786 562 161 787
cat_boundaries=0 4
cat_threshold=2348818436 72679788 542408773 18885773
is_linear=0
shrinkage=0.05


Tree=23
num_leaves=31
num_cat=2
split_feature=22 6 7 18 2 8 8 17 0 11 8 1 20 14 2 22 10 3 14 11 3 4 6 13 5 2 17 7 5 10
split_gain=0.335786 0.268138 0.257418 0.247899 0.279626 0.240779 0.285652 0.243067 0.295119 0.225334 0.201022 0.244274 0.314127 0.286584 0.213906 0.212744 0.311984 0.318252 0.426791 0.27202 0.237371 0.348404 0.486415 0.285083 0.250406 0.216794 0.211656 0.361752 0.220678 0.206883
threshold=0 10.833600000000002 0.58500000000000008 19.500000000000004 -0.3233759427155653 3.7150000000000003 2.1450000000000005 30.500000000000004 0.067983357463341873 0.108189542104365 1.3350000000000002 -0.0067767907116921813 0.36240942028985512 0.43766891891891896 -0.45339264834843612 1 0.075869556803171076 487868.08395000006 0.77785840993388178 0.10317821067821072 268065.13065000006 6.3735500000000007 5.9078000000000008 0.099867065103197997 73199655.500000015 -0.30865458543058349 91.500000000000014 2.1250000000000004 106824039.48 0.076993037967704084
decision_type=9 8 2 2 2 8 8 2 2 2 10 2 2 2 2 9 2 2 2 2 2 2 10 2 2 2 2 2 2 2
left_child=1 -1 -2 4 -3 6 7 8 -4 -10 14 13 26 -12 -9 16 25 20 -19 -20 23 -22 -23 -18 -25 -16 27 -13 -28 -29
right_child=2 3 5 -5 -6 -7 -8 10 9 -11 11 12 -14 -15 15 -17 17 18 19 -21 21 22 -24 24 -26 -27 28 29 -30 -31
leaf_value=-0.03485859637230284 0.035085168849308193 0.11080132787441635 0.10056551117784679 0.14051649350895246 -0.028218271875595537 0.10383140355280712 -0.04739089068144875 0.04975057002874779 -0.018018272077894647 0.089117559291921208 0.10842395374111249 0.061503316541850706 -0.044162039429816564 0.022125923511142172 0.1178123066281735 -0.0040298827230210608 -0.061887621996630816 -0.028581179921038119 -0.025311540202447514 0.052400229856316427 0.088153145357033613 -0.061941199578697953 0.068817288044769859 -0.064844587245608626 0.078893001508046318 0.039234259629686852 0.15158491783426298 0.093614970451316129 -0.022982895648449644 -0.046492592987677835
leaf_weight=2.6085845201657634 0.74240583310194708 0.044915441264474804 0.14513480290270295 0.035649603307055994 0.1858020972714014 0.060843154779109621 0.26291017484920942 0.2174123893575598 0.18198360027572508 0.067203322830123507 0.14953426543073534 0.45545062628723931 0.22855946883465794 0.26974271794539706 0.12471640659971006 5.6957045136251514 0.11348121927842644 0.65894990300448009 0.15604129357667718 0.40455802676918962 0.34816889939788576 0.12227690796769655 0.17000779669457364 0.040795274920535224 0.11777857181422008 0.29636550832558184 0.019279164168811425 0.031959504432066077 0.29695991745621614 0.15004931009026123
leaf_count=4190 473 21 316 202 749 227 970 53 921 427 142 614 325 322 25 6713 98 608 167 236 113 155 264 47 191 565 243 171 679 542
internal_value=-0.000695878 -0.00669428 0.00353794 0.0178064 -0.00115433 0.00464666 0.00408398 0.00537753 0.0438868 0.0108752 0.00386925 0.0201136 0.00848479 0.0529039 0.000796364 -0.000493908 0.00471417 0.0154109 -0.00129907 0.0307694 0.0377434 0.0543641 0.0141147 -0.00138402 0.0419146 0.0625076 0.0211019 0.0376925 -0.0123406 -0.0218907
internal_weight=14.4032 2.87495 11.5283 0.266367 0.230718 10.7859 10.725 10.4621 0.394322 0.249187 10.0678 1.60153 1.18226 0.419277 8.46626 8.24884 2.55314 2.13206 1.21955 0.560599 0.912509 0.640454 0.292285 0.272055 0.158574 0.421082 0.953699 0.637459 0.316239 0.182009
internal_count=20769 5162 15607 972 770 15134 14907 13937 1664 1348 12273 3038 2574 464 9235 9182 2469 1879 1011 403 868 532 419 336 238 590 2249 1327 922 713
cat_boundaries=0 4 8
cat_threshold=276875081 838881408 1116286088 403735040 2348810368 205260120 2417229889 560349580
is_linear=0
shrinkage=0.05


Tree=24
num_leaves=31
num_cat=1
split_feature=22 7 7 4 13 5 17 8 9 14 0 13 5 21 8 21 11 1 8 8 10 7 7 11 11 3 10 11 21 3
split_gain=0.311237 0.286794 0.263926 0.281289 0.256502 0.25013 0.219147 0.218819 0.216282 0.223859 0.259678 0.212098 0.190956 0.18948 0.185357 0.185188 0.184663 0.242411 0.232948 0.286962 0.229271 0.235476 0.193509 0.19103 0.221819 0.206302 0.300536 0.196005 0.183619 0.217764
threshold=0 0.58500000000000008 0.9850000000000001 4.1294000000000013 0.10057637366287954 503277086.50000006 29.500000000000004 0.65500000000000014 -0.80290505674442392 0.20014513788098695 0.077829416370603144 0.10005060740409889 44652829.750000007 0.19017480409885476 3.4250000000000003 0.18684093684093686 0.059482250654973527 0.033346263253167925 1.2150000000000001 2.1250000000000004 0.088929863577521848 0.90500000000000014 1.8650000000000004 0.095819780030306417 0.10045812008862588 326047.60645000002 0.10801069303590079 0.10269157117881479 0.16774891774891779 823632.68890000007
decision_type=9 2 2 2 2 2 2 8 2 2 2 2 2 2 8 2 2 2 8 8 2 2 2 2 2 2 2 2 2 2
left_child=1 -1 8 -4 7 15 -3 -5 11 10 -10 -2 -9 -13 -14 -6 -8 18 20 -20 21 -18 -19 -22 -25 26 -26 -27 -29 -30
right_child=2 6 3 4 5 -7 16 12 9 -11 -12 13 14 -15 -16 -17 17 22 19 -21 23 -23 -24 24 25 27 -28 28 29 -31
leaf_value=0.066124750278874198 0.033761411847874234 0.099019668548017192 -0.045844549696578474 -0.046098792514787414 0.0065640989192533479 -0.045352249178852652 -0.031042807210161744 0.1098043692391272 -0.030843242080287714 -0.034704301165661471 0.049931696976459598 0.012649002306208322 -0.012532640562258709 -0.04656287646557121 0.10390897127257766 0.067054410420451988 0.059881125276847719 0.0795107617866046 0.039760861852518509 -0.036322784819098085 0.06266974413332109 -0.037869422126376423 -0.027733710859190172 -0.03743857142699316 0.068189562715400373 0.067381889738387671 -0.058815069019978808 0.01935242003971201 -0.047240526556894424 0.012429293602953142
leaf_weight=0.27584489226588882 0.83648342078477889 0.073661849602776885 0.6244411637201156 0.48554855794640467 0.26919562356023652 0.11968787279097892 0.23497365280332916 0.032467015096881435 0.17707148204575046 0.53762468774375471 0.22712516260283305 0.47977683426825124 5.5061233404264591 0.18807259752170447 0.034390316809027044 0.23873605847615442 0.070534320212581325 0.22645447061945814 0.98241518334780331 0.14182263210461443 0.16275913390824359 0.48691280466229947 0.051656983763381098 0.25189147344773033 0.2859117160569134 0.1100790083879023 0.055645253224285096 0.52268668163460952 0.34610780709418243 0.27391100444537053
leaf_count=171 442 637 952 1321 235 316 445 79 56 537 361 117 9741 244 230 552 63 144 1172 310 198 491 264 301 278 131 44 214 374 349
internal_value=-0.000815494 0.00522821 -0.00444189 -0.0137514 -0.0107541 0.0196731 0.0135239 -0.0139062 0.00522197 -0.013568 0.0145456 0.0169858 -0.0111014 -0.00402561 -0.0118099 0.0349955 0.0120257 0.0145756 0.0111835 0.0301629 0.0028695 -0.025501 0.059591 0.0107416 0.00616377 0.0130525 0.0474984 0.00366128 -0.00247705 -0.0208797
internal_weight=14.31 4.55327 9.75674 7.31059 6.68615 0.62762 4.27742 6.05853 2.44615 0.941821 0.404197 1.50433 5.57298 0.667849 5.54051 0.507932 4.20376 3.96879 3.69068 1.12424 2.56644 0.557447 0.278111 2.00899 1.84623 1.59434 0.341557 1.25278 1.14271 0.620019
internal_count=20769 5586 15183 13426 12474 1103 5415 11371 1757 954 417 803 10050 361 9971 787 4778 4333 3925 1482 2443 554 408 1889 1691 1390 322 1068 937 723
cat_boundaries=0 4
cat_threshold=2348810244 72679724 542409029 553659533
is_linear=0
shrinkage=0.05


Tree=25
num_leaves=31
num_cat=1
split_feature=22 2 9 7 9 4 0 6 4 13 17 10 11 11 10 10 8 8 20 9 0 9 6 15 4 9 8 8 20 11
split_gain=0.29221 0.270357 0.279381 0.26294 0.29083 0.356294 0.329756 0.307805 0.366063 0.275043 0.261164 0.254703 0.329764 0.301455 0.24108 0.223744 0.218598 0.214807 0.207161 0.205052 0.312126 0.301264 0.268442 0.236488 0.21865 0.217006 0.214255 0.198295 0.195941 0.332139
threshold=0 -0.28209439348842857 -3.1493039176554602 0.9850000000000001 -2.3504991016743855 5.7351500000000009 0.0015915129145487189 3.8092500000000005 4.647050000000001 0.10057637366287954 34.500000000000007 0.1062002189353257 0.10958430849422499 0.10522302496246967 0.096605744125326451 0.067550645646525617 0.65500000000000014 0.66500000000000015 0.13437099432338404 -5.3840856703407258 0.19376358101358818 -4.3370029407127637 8.9111000000000029 11.500000000000002 12.564350000000003 5.0369677359956126 1.7150000000000001 1.175 0.18502956738250859 0.09564161924977431
decision_type=9 2 2 2 2 2 2 10 2 2 2 2 2 2 2 2 8 10 2 2 2 2 10 2 2 2 8 10 2 2
left_child=1 2 -1 11 -5 7 -7 10 -9 16 -6 12 13 18 15 -4 -8 -18 -2 20 -3 -21 23 25 -24 26 28 -26 29 -23
right_child=3 19 14 4 5 6 9 8 -10 -11 -12 -13 -14 -15 -16 -17 17 -19 -20 21 -22 22 24 -25 27 -27 -28 -29 -30 -31
leaf_value=0.088572160934679789 0.045446133774222498 -0.046805021666522909 0.051695920626921382 -0.03138761659727618 0.083694821165541763 0.11671399506521905 -0.050468631369311782 0.11287191523614559 -0.022650621404316951 0.035521029481739165 -0.042365762986276007 -0.041620418936486374 0.056732536428302553 -0.064902569177792163 0.053210133610474775 -0.032404532912488418 0.078000096599309829 -0.0050601536211290652 0.0004060260922739273 0.077222884667407413 0.036035112611490415 0.047740004072793385 0.096932331534321237 -0.05928690191955395 -0.0080141925121444118 -0.051521584482699348 0.065939161385902098 0.055053682443576016 0.015634001067547729 -0.047586833807138969
leaf_weight=0.22395576893223068 0.31184957845673955 0.34457302112168975 0.11822751003207582 1.7561505340317252 0.042508792041637933 0.059614193184178155 0.26218212231919447 0.078149189202188996 0.13749477629659407 0.43728126878379336 1.2275274560093439 0.25954625628267658 0.33123979493508304 0.15192749742820399 0.36533877511833684 0.23887143110568521 0.079883842402927452 3.0419353354542462 1.4078637331914554 0.1809193935696215 0.16971130852815219 0.12526972714272089 0.13205302329587781 0.14315392271329175 0.24114882913536756 0.14763698772909206 0.16466304907770157 0.25795156733477898 1.4288428384879315 0.33771279014472144
leaf_count=185 33 137 34 2186 313 36 1041 28 186 838 1268 180 122 60 115 118 82 7358 1355 124 88 164 139 200 693 238 348 535 2361 204
internal_value=-0.00078879 0.00504017 0.0397798 -0.00433452 -0.0137258 -0.00794623 2.49442e-05 -0.0287685 0.0264626 -0.00179547 -0.0381464 0.00522783 0.0107476 0.00260921 0.0246542 -0.00456074 -0.00661752 -0.00293474 0.00857351 0.00981045 -0.0194682 0.0145765 0.0107711 0.00298743 0.039719 0.00703203 0.0112356 0.0245814 0.00647429 -0.0217941
internal_weight=14.2052 4.62003 0.946393 9.58515 7.12273 5.36658 3.8809 1.48568 0.215644 3.82128 1.27004 2.46243 2.20288 1.87164 0.722438 0.357099 3.384 3.12182 1.71971 3.67364 0.514284 3.15935 2.97843 2.34728 0.631153 2.20413 2.05649 0.4991 1.89183 0.462983
internal_count=20769 5683 452 15086 13336 11150 9355 1795 214 9319 1581 1750 1570 1448 267 152 8481 7440 1388 5231 225 5006 4882 3515 1367 3315 3077 1228 2729 368
cat_boundaries=0 4
cat_threshold=2348818438 68485484 542376261 553659533
is_linear=0
shrinkage=0.05


Tree=26
num_leaves=31
num_cat=2
split_feature=22 2 7 18 11 9 6 2 9 15 13 0 8 8 3 13 17 0 8 0 16 7 17 22 4 4 2 3 18 13
split_gain=0.271245 0.195977 0.209987 0.19077 0.209087 0.302667 0.220432 0.232895 0.193084 0.189629 0.180156 0.164038 0.191836 0.201578 0.219065 0.197481 0.168068 0.3347 0.254893 0.163163 0.214846 0.289097 0.16309 0.157774 0.282575 0.2814 0.296891 0.312668 0.23662 0.228187
threshold=0 -0.45339264834843612 0.58500000000000008 25.500000000000004 0.099102455659832792 -5.2021176346199125 11.811100000000001 -0.45339264834843612 3.5124707485411304 2.5000000000000004 0.1001049135265988 0.88152999820648614 2.1450000000000005 1.7450000000000003 1609144.439 0.099944832612427495 30.500000000000004 0.067983357463341873 0.77500000000000013 0.052808798320622012 1.5000000000000002 0.55500000000000016 107.50000000000001 1 5.5802500000000004 9.6612500000000008 -0.27149391263629669 2628961.3848500005 9.5000000000000018 0.099803181760369078
decision_type=9 2 2 2 2 2 8 2 2 2 2 2 10 8 2 2 2 2 10 2 2 2 2 9 2 2 2 2 2 2
left_child=3 10 19 4 5 9 7 -7 -8 -1 -2 12 13 16 15 -15 17 -4 -19 -3 21 -21 -6 24 -18 29 -27 28 -28 -26
right_child=1 2 11 -5 22 6 8 -9 -10 -11 -12 -13 -14 14 -16 -17 23 18 -20 20 -22 -23 -24 -25 25 26 27 -29 -30 -31
leaf_value=-0.017570184350369427 0.009204135436581419 0.057114090031432946 0.10213702649836209 0.090122052084860016 -0.049520282993418478 0.051184430326404684 0.17603275292064935 -0.039246056788664802 -0.048895860730904864 0.11086612636511972 0.081640448384277198 0.037380726446200226 -0.041571242866816467 0.0007496644415165703 -0.055629260312060641 0.073291177425677589 0.042567268408971369 0.084385731846828432 -0.031920040450088338 -0.039709738513628488 0.069823806883925782 0.078668303562931086 0.0054605301783731868 -0.0033494317224924209 0.02723922455832134 0.080018166011515748 -0.054386438732612133 0.078392695975177118 0.016728668836251865 -0.020721603408314328
leaf_weight=0.047601411795413912 0.18463935774881557 0.32301511827897939 0.12177992591201489 0.032177816909213841 1.3588010390225838 0.078855305910110696 0.024761239311010687 0.73323799080974306 0.015522112873024761 0.072525209934554219 0.16041110828519001 0.3326238172388355 0.24986284990331142 0.14502713559993918 0.058643349063819461 0.26570685576641478 0.82021176759571179 0.064995111760868696 0.17117439089644973 0.22676069822871098 0.10754399413475524 0.066759164282967132 0.14974341822962745 6.0877126050387202 0.3424108876132882 0.2171036939951233 0.16204866392000561 0.14771295410153018 0.42045676652579889 0.89948915536875729
leaf_count=71 121 64 301 601 1968 8 135 1363 41 54 72 2152 872 294 126 444 572 398 799 285 99 46 190 7205 237 65 321 83 1106 676
internal_value=-0.000765872 0.00309215 0.00462299 -0.00619401 -0.0324085 -0.0143305 -0.0248021 -0.0304651 0.0893625 0.0599719 0.0428792 0.00282821 0.00169861 0.00278799 0.0347703 0.0476773 0.0012003 0.0348066 8.79309e-05 0.0306666 0.00936597 -0.0127854 -0.0440627 -0.000122025 0.00405664 0.00815835 0.0286833 0.0134207 -0.00305502 -0.00749807
internal_weight=14.0893 11.5761 11.231 2.51323 2.48105 0.972503 0.852377 0.812093 0.0402834 0.120127 0.34505 10.507 10.1743 9.92447 0.469377 0.410734 9.4551 0.357949 0.23617 0.724079 0.401064 0.29352 1.50854 9.09715 3.00943 2.18922 0.947322 0.730218 0.582505 1.2419
internal_count=20769 16338 16145 4431 3830 1672 1547 1371 176 125 193 15651 13499 12627 864 738 11763 1498 1197 494 430 331 2158 10265 3060 2488 1575 1510 1427 913
cat_boundaries=0 4 8
cat_threshold=276875081 838883456 1116220552 402686464 2348810400 71042392 823427393 558129164
is_linear=0
shrinkage=0.05


Tree=27
num_leaves=31
num_cat=2
split_feature=22 11 8 8 9 15 8 13 2 8 2 11 13 14 18 7 4 8 17 4 18 10 13 22 4 0 5 0 13 13
split_gain=0.254104 0.231258 0.222086 0.230589 0.204931 0.240852 0.186086 0.199805 0.188538 0.182837 0.178925 0.191903 0.193612 0.230852 0.175118 0.172411 0.213184 0.289199 0.271311 0.200704 0.217274 0.259725 0.191191 0.177352 0.305546 0.436625 0.398824 0.32519 0.295733 0.232537
threshold=0 0.099102455659832792 3.7150000000000003 2.1450000000000005 -5.2021176346199125 2.5000000000000004 1.7450000000000003 0.10003328904029286 -0.45339264834843612 1.8050000000000004 -0.45339264834843612 0.091959154351395844 0.10001661423892995 0.16229935519275623 21.500000000000004 1.0950000000000004 9.6612500000000008 0.85500000000000009 61.500000000000007 8.9681500000000014 14.500000000000002 0.10826919661358124 0.10006190672983385 1 8.1524500000000018 0.019451442280883389 489465781.59500009 0.266324670369468 0.10000002588235414 0.10049525592651477
decision_type=9 2 8 8 2 2 10 2 2 8 2 2 2 2 2 2 2 10 2 2 2 2 2 9 2 2 2 2 2 2
left_child=1 4 3 6 5 -1 8 9 -2 -8 -6 -12 -13 -14 -3 16 19 18 -18 20 21 -10 -22 24 25 -17 27 -27 -26 -29
right_child=2 14 -4 -5 10 -7 7 -9 15 -11 11 12 13 -15 -16 23 17 -19 -20 -21 22 -23 -24 -25 28 26 -28 29 -30 -31
leaf_value=-0.032189797701986086 0.042868777569917867 -0.049118100711042056 0.094183937660431247 -0.044271841218148276 0.048704452411617964 0.10481375252918963 0.095817456237601531 0.063075324798309323 0.023635086929539841 -0.01341588299217472 -0.046893975213915438 -0.030567362871371864 -0.058181593152181459 0.11669149925886571 0.055335878056215961 -0.019873332075619466 0.055303748732324409 0.064422428768928883 -0.036281925029882194 -0.057689077018768846 -0.040650973984700148 -0.053444683907172524 0.01060301829519098 -0.0041448837859603673 -0.021885464413081899 0.076672921405018496 -0.0098395368184978054 -0.060107115699614126 0.023367110227727635 0.080234686537737243
leaf_weight=0.057302363617991639 0.30965713518342752 1.3116720250343743 0.070035700791284294 0.23382384579288285 0.078730061650276517 0.072879416113413906 0.045587501643823872 0.28752971917709891 1.6356731406966456 0.23991631051692697 0.52748819819026671 0.1291041652655173 0.026829992750115383 0.063631172219455828 0.041391792092794089 0.29081149263422101 0.13813667819392855 0.40957642627654156 0.19503433110732721 0.11840052891951991 0.34987020011533054 0.1171130546448006 0.37910209510436266 4.3081718883419011 0.68577578736284339 0.75534090179187052 0.22917158986690012 0.08186102619841916 0.76243383026099076 0.046159323231380403
leaf_count=70 132 1985 292 1025 15 51 126 520 880 487 1306 275 41 191 330 165 160 315 169 90 358 42 285 7988 1258 436 255 339 1120 63
internal_value=-0.000860161 -0.00611956 0.00291782 0.00487892 -0.013797 0.0445086 0.00588834 0.033655 0.00441676 0.00402583 -0.0229887 -0.0305442 0.00873467 0.0648257 -0.0459227 0.00328305 0.0126585 0.0362831 0.00169059 0.00590997 0.00894417 0.018485 -0.0139963 -0.00109436 0.00400499 0.0346765 0.0489355 0.0641836 0.0019385 -0.00950514
internal_weight=13.9982 2.30903 11.6892 11.6191 0.955965 0.130182 11.3853 0.573034 10.8123 0.285504 0.825784 0.747054 0.219565 0.0904612 1.35306 10.5026 3.34291 0.742747 0.333171 2.60016 2.48176 1.75279 0.728972 7.15973 2.85155 1.40334 1.11253 0.883361 1.44821 0.12802
internal_count=20769 4264 16505 16213 1949 121 15188 1133 14055 613 1828 1813 507 232 2315 13923 2299 644 329 1655 1565 922 643 11624 3636 1258 1093 838 2378 402
cat_boundaries=0 5 9
cat_threshold=277120841 838881410 1116220552 402686464 1 2348818436 2283536664 893698048 1094870157
is_linear=0
shrinkage=0.05


Tree=28
num_leaves=31
num_cat=1
split_feature=22 7 4 3 14 13 11 2 2 20 1 2 3 11 2 21 5 7 3 20 3 5 14 11 10 9 9 19 14 18
split_gain=0.234399 0.285517 0.266818 0.253097 0.281296 0.414362 0.245934 0.339214 0.221514 0.213588 0.344112 0.239171 0.315146 0.35358 0.30836 0.398893 0.24332 0.376392 0.243176 0.234415 0.232372 0.232154 0.246534 0.281314 0.283059 0.244466 0.359891 0.243342 0.210332 0.309554
threshold=0 3.0550000000000002 13.633350000000002 4542266.3331500003 0.62527213352685063 0.10054496317415053 0.11195511488140743 -0.28209439348842857 -0.32973409883607008 0.21280737704918035 0.063922233206232817 -0.10411334155547157 2082043.7007500001 0.10875197396049265 -0.27149391263629669 0.34094447327452004 186340577.01500002 1.2550000000000001 155666.20970000004 0.21975609756097564 479810.09555000003 65113160.000000007 0.62527213352685063 0.10638297872340428 0.1141251787065848 0.2435066539379083 -4.9180327868852443 3.5000000000000004 0.77785840993388178 5.5000000000000009
decision_type=9 2 2 2 2 2 2 2 2 2 2 2 2 2 2 2 2 2 2 2 2 2 2 2 2 2 2 2 2 2
left_child=1 2 3 4 6 8 -1 -8 -6 10 11 12 13 16 15 -15 18 -18 -2 -11 -19 -21 23 -23 25 26 -25 -27 29 -13
right_child=9 -3 -4 -5 5 -7 7 -9 -10 19 -12 28 -14 14 -16 -17 17 20 -20 21 -22 22 -24 24 -26 27 -28 -29 -30 -31
leaf_value=0.033481133095484776 0.040928255803666963 -0.028117860334929912 -0.0052976738392156286 -0.018578269620261777 -0.0075386292146833568 -0.056973194322939881 0.071526332921887106 -0.024415563172699752 0.079126484821053597 -0.043593804104978234 0.040208507289707922 -0.059656574982588695 -0.05471837255803999 0.076176513710814714 -0.0098982970370127057 -0.058741142299727371 0.052703175400781156 0.03563453925986803 -0.046676024527000252 -0.063151638121048542 -0.040994647430513745 -0.012352241326950448 -0.02390627854134152 0.13690710564751302 -0.05685585131815131 0.13755781823571628 -0.011057953211623964 0.040212667714578341 0.034901992299022216 0.010176854991076279
leaf_weight=1.2713172872383751 0.088010170497346052 0.33965557904104615 0.82687082294768233 0.27689571598825891 0.083734786137938944 0.072268349157132428 0.11450121401037305 0.4715201087587777 0.61717313420870146 0.63762386273990213 0.46803564140156328 0.19496674950741111 0.40016963591895782 0.31724786412102401 0.39932283822568632 0.066220059059561243 0.23888770080660782 0.13014452972877322 0.79271242059935321 0.20387381019998407 0.41250388976869734 1.4896750357215793 1.5799722050390759 0.045922811109649242 0.1019215766894106 0.077600578815341159 0.39093047672165687 0.37174336562628496 0.57100546919104878 0.85286526494212656
leaf_count=1674 75 1290 1118 172 45 77 78 249 564 303 340 137 112 270 146 17 52 73 455 695 176 3952 4413 95 148 95 843 819 633 1653
internal_value=-0.000981923 0.00456543 0.0197639 0.0268914 0.0316777 0.0570195 0.0211284 -0.00566972 0.0687729 -0.0039285 -0.000579228 -0.00485563 -0.0135854 -0.00685338 0.0208541 0.0528779 -0.0199014 0.000406033 -0.0379218 -0.0153188 -0.0226165 -0.0110883 -0.00847247 0.00136894 0.0220548 0.0311303 0.0044964 0.0570239 0.0104876 -0.00281683
internal_weight=13.9053 4.07394 3.73428 2.90741 2.63051 0.773176 1.85734 0.586021 0.700908 9.83136 4.93209 4.46406 2.84522 2.44505 0.782791 0.383468 1.66226 0.781536 0.880723 4.89926 0.542648 4.26164 4.05777 2.47779 0.988119 0.886197 0.436853 0.449344 1.61884 1.04783
internal_count=20769 5267 3977 2859 2687 686 2001 327 609 15502 4139 3799 1376 1264 433 287 831 301 530 11363 249 11060 10365 5952 2000 1852 938 914 2423 1790
cat_boundaries=0 4
cat_threshold=2348810246 72679788 2689892420 553657485
is_linear=0
shrinkage=0.05


Tree=29
num_leaves=31
num_cat=2
split_feature=22 8 8 11 9 2 4 18 8 13 2 7 22 4 0 5 0 13 2 13 2 4 14 5 18 9 9 14 13 14
split_gain=0.22356 0.199244 0.209205 0.179017 0.27996 0.178786 0.272016 0.1662 0.166026 0.175517 0.16362 0.161899 0.15971 0.278753 0.381089 0.354109 0.273801 0.261476 0.229805 0.225992 0.271299 0.235638 0.231538 0.317401 0.280817 0.254172 0.26536 0.222435 0.217961 0.214462
threshold=0 3.7150000000000003 2.1450000000000005 0.099102455659832792 -5.2021176346199125 -0.45339264834843612 18.835250000000002 22.500000000000004 1.7450000000000003 0.10003328904029286 -0.45339264834843612 1.0950000000000004 1 8.1524500000000018 0.019451442280883389 489465781.59500009 0.266324670369468 0.10000002588235414 -0.39490177065283499 0.09962523057331997 -0.29481535311860219 21.022900000000003 0.56011611030478969 1027371647.1750001 17.500000000000004 1.117754614756117 0.27587565956896937 0.23570261437908499 0.10049525592651477 0.76114544250717298
decision_type=9 8 10 2 2 2 2 2 10 2 2 2 9 2 2 2 2 2 2 2 2 2 2 2 2 2 2 2 2 2
left_child=3 2 8 4 -1 -6 -7 -5 10 -10 -2 -12 13 14 -13 16 18 -15 -16 20 -14 22 25 -24 -25 26 -21 -28 -18 -19
right_child=1 -3 -4 7 5 6 -8 -9 9 -11 11 12 19 17 15 -17 28 29 -20 21 -22 -23 23 24 -26 -27 27 -29 -30 -31
leaf_value=0.058421065047962975 0.040105739944392364 0.089644367991334434 -0.043159847187239565 -0.047810070552510901 0.045937775348336707 -0.03955059181307656 0.14430251277280434 0.074124144242785434 0.0041156083200767036 0.059848880017031605 0.0120390309280575 -0.018667758833792663 0.1087685040583434 -0.021068192612611027 0.00074861195461763098 -0.0095501438247461226 -0.059208011010864307 -0.0034384323027755745 0.08238258363831924 -0.0050006336363528983 0.0030327371787696408 0.055379607508954778 -0.049414178781848533 -0.021841011957437345 0.058098051396185735 -0.035672272778975445 -0.021197554122281817 0.092351566712375252 0.078501174855185332 0.049704170685500267
leaf_weight=0.11117502428270498 0.30556012296276769 0.069080083748741639 0.22598482636310357 1.2341085385308153 0.077180843800306542 0.68979963681776224 0.020722773548300655 0.028593476413538821 0.28393932890487289 0.28112967959943741 3.3570247319257298 0.28464535949807812 0.073086207657596935 0.67594225941051034 0.099155531276619691 0.22677337554813215 0.078086835836915031 0.40206513655231046 0.66032069788300296 1.2030893601364885 0.35697857922906878 0.10864223852994204 1.0780806945121115 0.55559393475762053 0.13693913476993114 0.57112016643305841 0.062603724576895003 0.13864865161640982 0.045462983554471287 0.35968263554930158
leaf_count=117 131 291 1030 1998 15 1630 167 301 614 522 2323 165 93 1258 15 255 339 753 421 1786 1014 838 1711 722 217 1081 229 303 63 367
internal_value=-0.000952989 0.00267944 0.00447597 -0.00584912 -0.0158544 -0.0263375 -0.0341884 -0.0450489 0.00542488 0.0318437 0.00403999 0.00298783 -0.00128159 0.0037557 0.0329445 0.0461822 0.060495 0.00156805 0.0717246 -0.00401229 0.0210017 -0.0172118 -0.0193171 -0.0324471 -0.00603413 -0.00754861 0.00388877 0.0570298 -0.00853476 0.0216545
internal_weight=13.8012 11.6396 11.5706 2.16158 0.898878 0.787703 0.710522 1.2627 11.3446 0.565069 10.7795 10.4739 7.11692 2.83213 1.39444 1.1098 0.883026 1.43769 0.759476 4.28478 0.430065 3.85472 3.74608 1.77061 0.692533 1.97546 1.40434 0.201252 0.12355 0.761748
internal_count=20769 16541 16250 4228 1929 1812 1797 2299 15220 1136 14084 13953 11630 3636 1258 1093 838 2378 436 7994 1107 6887 6049 2650 939 3399 2318 532 402 1120
cat_boundaries=0 5 9
cat_threshold=310413129 855658626 1116220552 402686464 1 2348818436 2283536664 893698048 1094870157
is_linear=0
shrinkage=0.05


Tree=30
num_leaves=31
num_cat=1
split_feature=22 6 8 17 7 4 2 21 9 3 0 20 13 11 6 3 3 10 1 10 20 9 1 1 8 8 6 11 0 1
split_gain=0.211056 0.248759 0.197344 0.192119 0.227511 0.262734 0.211461 0.195324 0.215265 0.192718 0.258116 0.203136 0.183135 0.269568 0.184726 0.187885 0.206159 0.179602 0.306087 0.275132 0.275872 0.183788 0.299228 0.22571 0.225061 0.320203 0.254418 0.216579 0.204487 0.261176
threshold=0 1.5181000000000002 3.7150000000000003 38.500000000000007 2.5750000000000006 5.5802500000000004 -0.19247576748220088 0.1082709215239336 -4.2274299875678922 4831276.447900001 0.37207602898946229 0.2617935024477081 0.10057637366287954 0.086614173228346497 12.39315 2628961.3848500005 1026940.5094500001 0.093749999999999944 0.0061360151774079172 0.096330275229357859 0.1404052936311001 0.40629771779951979 0.099727395231088659 0.011072081098603139 1.1050000000000002 1.2350000000000001 8.4541500000000021 0.0078456276069104602 0.0050134784854173079 0.017971412119917044
decision_type=9 8 8 2 2 2 2 2 2 2 2 2 2 2 8 2 2 2 2 2 2 2 2 2 8 8 8 2 2 2
left_child=1 -1 12 6 9 -6 -3 -8 -9 -5 -11 -12 14 -14 17 16 -16 18 -2 -19 -21 22 23 -20 -23 -26 27 -27 -25 -30
right_child=2 3 -4 4 5 -7 7 8 -10 10 11 -13 13 -15 15 -17 -18 19 21 20 -22 24 -24 28 25 26 -28 -29 29 -31
leaf_value=0.049288406513579679 0.10541318834408103 0.082987945223769843 0.079786802262821199 0.01465784964424309 0.15819604535313442 -0.038019748212935189 0.081941453361057098 0.090843258035025853 -0.063138981827763202 -0.060685836323204324 0.062056474371945461 -0.047804435915945021 -0.036292562641393973 0.028206022187327946 0.018766075620817071 -0.048513422682072795 0.12232481969714593 -0.057036655975937968 0.027788769435033722 -0.051721200843332829 -0.010315971235187864 -0.041486115901578413 0.067882693986001746 -0.044802990895520256 0.085340717503806784 0.078294915868879988 0.057889234436525973 -0.053740796058864476 -0.039878062694862056 0.01112220331066224
leaf_weight=0.43380002802750506 0.062618857113485471 0.17881600034636866 0.063413906757639249 3.0121435103270811 0.017850503335423928 0.38543031148799367 0.059409391303241216 0.029474175854607834 0.098714402388880559 0.20817358746850734 0.1128203569267915 0.067102737104858687 0.21285640750543044 0.67799285063939074 0.1725956568920809 0.064570801964105085 0.066603816067536015 0.43605710053234492 0.46710110745910083 0.45554841620639086 3.4408382748998179 0.66021850022868933 0.16054774881494038 0.36169190583399458 0.095619776077541338 0.035122768524842307 0.088494155985955281 0.26836403431348804 0.34053788588639855 0.95507456121437295
leaf_count=381 54 184 280 2659 111 1187 89 39 780 49 77 60 375 1092 1513 69 285 765 536 170 5025 1217 206 162 286 108 265 1039 457 1249
internal_value=-0.000925012 0.00417807 -0.00386037 0.00950474 0.00617367 -0.0293346 0.0440826 0.00699845 -0.0277341 0.0103851 -0.0227772 0.0210836 -0.00872691 0.012795 -0.0110847 0.0271708 0.0476015 -0.0125693 -0.0041374 -0.0193721 -0.0151569 -0.00613577 0.00206404 -0.00291007 -0.0224591 0.00330384 -0.0167082 -0.0384602 -0.0115624 -0.00228267
internal_weight=13.6896 4.60374 9.08587 4.16993 3.80352 0.403281 0.366414 0.187598 0.128189 3.40024 0.388097 0.179923 9.02245 0.890849 8.13161 0.30377 0.239199 7.82784 3.49539 4.33244 3.89639 3.43277 2.28495 2.12441 1.14782 0.487601 0.391981 0.303487 1.6573 1.29561
internal_count=20769 5616 15153 5235 4143 1298 1092 908 819 2845 186 137 14873 1467 13406 1867 1798 11539 5579 5960 5195 5525 2610 2404 2915 1698 1412 1147 1868 1706
cat_boundaries=0 4
cat_threshold=3426746372 68616556 542376005 553659533
is_linear=0
shrinkage=0.05


Tree=31
num_leaves=31
num_cat=1
split_feature=22 5 17 0 7 4 6 17 8 7 6 6 13 11 4 3 8 13 6 11 15 9 13 7 14 8 5 19 3 3
split_gain=0.19278 0.245681 0.225495 0.22846 0.239233 0.218535 0.369679 0.247013 0.205808 0.205162 0.191746 0.216327 0.1901 0.312493 0.187336 0.219682 0.175492 0.176578 0.185552 0.282931 0.218939 0.172867 0.165066 0.313944 0.177663 0.163161 0.160167 0.262262 0.182249 0.487393
threshold=0 87850716.580000013 39.500000000000007 0.06536283975022654 2.4350000000000005 4.5844500000000012 2.7636000000000007 63.500000000000007 1.3350000000000002 0.39500000000000007 3.5358000000000005 4.3705000000000007 0.10057637366287954 0.086614173228346497 14.843750000000002 475746.05615000002 3.4250000000000003 0.10022831169237346 9.7938500000000008 0.10124150433774209 4.5000000000000009 5.0369677359956126 0.099925428784489193 1.4650000000000001 0.025158227848101272 1.2950000000000002 84147847.000000015 7.5000000000000009 493037.73400000005 484360.87070000003
decision_type=9 2 2 2 2 2 8 2 8 2 8 8 2 2 2 2 8 2 8 2 2 2 2 2 2 10 2 2 2 2
left_child=1 22 14 8 5 -5 -7 25 -4 -2 -9 -12 16 -14 15 -3 17 18 21 20 -20 26 23 -1 -24 -8 27 -11 29 -28
right_child=9 2 3 4 -6 6 7 10 -10 12 11 -13 13 -15 -16 -17 -18 -19 19 -21 -22 -23 24 -25 -26 -27 28 -29 -30 -31
leaf_value=-0.062873755700021447 0.042304552593659409 -0.061601237814815184 -0.022144211428708881 -0.029158872708473567 -0.02314099104575839 0.079473742508054598 -0.037273252007839361 -0.060698632948994538 0.042436071434850717 -0.041856745291646458 0.068773513697280908 0.018756742259316714 -0.043343528850744162 0.02937152095545318 -0.0071102023752319769 0.081967867278339421 0.077845788108697175 -0.02876603188437479 0.087547572923651215 -0.010313135529073428 -0.031684607412846587 -0.045842970583130027 -0.014673375928946157 0.088369515336079937 0.068877222392178195 0.050812609675095044 0.00042405156682657976 0.062982118404888723 -0.012346981617201313 0.1089630361135972
leaf_weight=0.089855875344317993 0.19871484052862243 0.02987301826966629 1.021617957948695 0.21150554191345095 0.39817648099296121 0.2629055902035306 0.29055359647227852 0.061168789470213272 0.14031190041830499 0.6222748705016331 0.27872730905421955 0.96338505801130603 0.18975690750286323 0.66745730001928893 0.12598519997930024 0.24656777306882124 0.054543673488299471 1.3266473801862195 0.17810106848646681 0.33951417055084698 0.049120081750395811 0.34245645801933555 0.075533080676380926 0.055506949815032736 0.40363424315336754 0.06418386852436353 1.3314441939262798 0.065977684715024632 3.4018645318772895 0.1121418632272283
leaf_count=163 171 299 382 216 1369 177 571 98 142 769 150 829 335 1008 300 473 272 2282 859 1400 235 566 23 129 448 214 2284 167 4372 66
internal_value=-0.000895635 0.00395562 0.00788194 0.00400853 0.0124359 0.0190789 0.0243902 0.0156558 -0.0143456 -0.00372907 0.0257244 0.0299804 -0.0090783 0.013275 0.0434232 0.0664534 -0.0115273 -0.0121548 -0.00873436 0.0185881 0.0617723 -0.0113695 0.0415487 -0.00512135 0.0557068 -0.0213356 -0.0092361 -0.0318066 -0.00603016 0.00885567
internal_weight=13.5995 4.71949 4.09496 3.69254 2.53061 2.13243 1.92092 1.65802 1.16193 8.88002 1.30328 1.24211 8.6813 0.857214 0.402426 0.276441 7.82409 7.76954 6.44289 0.566735 0.227221 5.87616 0.62453 0.145363 0.479167 0.354737 5.5337 0.688253 4.84545 1.44359
internal_count=20769 5983 5220 4148 3624 2255 2039 1862 524 14786 1077 979 14615 1343 1072 772 13272 13000 10718 2494 1094 8224 763 292 471 785 7658 936 6722 2350
cat_boundaries=0 4
cat_threshold=3422552068 72810860 2689859653 553657485
is_linear=0
shrinkage=0.05


Tree=32
num_leaves=31
num_cat=1
split_feature=22 13 8 8 17 8 21 0 14 20 2 6 7 4 11 10 10 10 1 2 6 4 5 2 2 7 8 14 7 7
split_gain=0.193477 0.158494 0.15387 0.160403 0.161302 0.158488 0.223395 0.20651 0.175246 0.169507 0.253122 0.164794 0.162602 0.210293 0.276525 0.26462 0.273114 0.270987 0.238552 0.272812 0.233692 0.26197 0.248878 0.229459 0.225047 0.181737 0.168396 0.163832 0.159076 0.224076
threshold=0 0.097704014393600783 3.7150000000000003 2.1450000000000005 34.500000000000007 1.3350000000000002 0.2994252873563219 0.040855088283678613 0.4503521126760564 0.32972878185644144 0.049638871506049183 0.59215000000000007 0.9850000000000001 4.1294000000000013 0.069421925571658258 0.081313057106474726 0.093749999999999944 0.096330275229357859 0.011264622372419654 0.049638871506049183 3.7358500000000006 7.0218000000000016 139135377.21000001 -0.4359122999964522 -0.19608675388661403 1.5250000000000001 1.2450000000000003 0.81263606676342537 1.6950000000000001 1.2250000000000003
decision_type=9 2 8 10 2 10 2 2 2 2 2 8 2 2 2 2 2 2 2 2 8 2 2 2 2 2 10 2 2 2
left_child=-1 -2 3 4 -3 11 7 8 -7 -9 -11 -6 -13 -14 25 -16 18 -18 20 26 22 -22 -17 -19 -23 -15 -20 -21 29 -26
right_child=1 2 -4 -5 5 6 -8 9 -10 10 -12 12 13 14 15 16 17 23 19 27 21 24 -24 -25 28 -27 -28 -29 -30 -31
leaf_value=-0.0054987937471917591 -0.055541642035424513 0.036552387061320392 0.081347979695191988 -0.040154560596592871 -0.07783371798355726 0.083709086451834058 -0.036147063492781274 0.02667462786622132 -0.0050426661582477503 -0.037508936142127747 0.061444462416915535 0.013118658813617548 -0.035120320339448903 0.083962731031297172 -0.030234325538340913 0.067177387586970699 -0.051891407791365966 0.058988917883458697 -0.044061048384089543 0.00035987358898637251 0.10140318173997216 -0.028417545176761896 -0.050657767853716652 -0.0035019967440990426 0.10837584991981447 0.01424418436236604 0.055926732204408851 0.12053478531094929 0.13056467063275479 -0.023546600421360305
leaf_weight=1.8988514203711733 0.10838677133723962 0.40437991553089325 0.065969540679843841 0.19533097066595928 0.064606836415805002 0.22332700280106571 0.17065073318960888 0.92047088792640008 0.074067354001210728 0.27139495988321066 0.084825356891545522 2.5093766665790858 0.44299042024998403 0.15169081708027793 0.73536336613259567 0.072248092485338172 0.27986018523050349 0.15362302192183497 0.27607520131352875 0.056003404807539847 0.21283167100321304 0.1090759888806824 0.11799247510760866 3.3549560676534163 0.055142741919272931 0.24355273919513415 0.049688198241331694 0.05745645606398786 0.058162601955235593 0.077324587253830318
leaf_count=4052 347 2427 280 1011 47 182 1068 1147 178 253 222 1345 514 209 996 79 540 34 328 203 58 50 108 3872 43 629 21 91 309 126
internal_value=-0.000862715 0.00249048 0.00520579 0.00476604 0.00554757 0.00438911 0.0181907 0.0240816 0.0616051 0.0153409 -0.0139455 0.00173653 0.00230688 -0.0018645 0.000566101 -0.00225465 0.00191845 -0.00454259 0.0233521 -0.00555437 0.0414181 0.058984 -0.00590724 -0.000765834 0.0288607 0.0410015 -0.0288101 0.0612169 0.0616346 0.0313693
internal_weight=13.4957 11.5968 11.4884 11.4225 11.2271 10.8228 1.74474 1.57409 0.297394 1.27669 0.35622 9.07802 9.01341 6.50404 6.06105 5.6658 4.93044 3.78844 1.142 0.439223 0.702778 0.512538 0.190241 3.50858 0.299706 0.395244 0.325763 0.11346 0.19063 0.132467
internal_count=20769 16717 16370 16090 15079 12652 3050 1982 360 1622 475 9602 9555 8210 7696 6858 5862 4446 1416 643 773 586 187 3906 528 838 349 294 478 169
cat_boundaries=0 5
cat_threshold=310380361 855658626 1116286088 402686464 1
is_linear=0
shrinkage=0.05


Tree=33
num_leaves=31
num_cat=1
split_feature=22 11 9 4 2 18 8 8 18 3 0 8 4 20 3 11 6 11 6 9 8 7 11 9 2 10 5 15 17 8
split_gain=0.177077 0.182438 0.239206 0.195541 0.183957 0.156051 0.148905 0.17225 0.144529 0.249081 0.236071 0.239124 0.225573 0.386315 0.215594 0.270237 0.271281 0.277362 0.250758 0.324629 0.262855 0.232894 0.366688 0.230545 0.335761 0.227665 0.213719 0.212737 0.191348 0.186286
threshold=0 0.099102455659832792 -5.2021176346199125 18.835250000000002 -0.45339264834843612 22.500000000000004 3.7150000000000003 2.1450000000000005 15.500000000000002 528111.19360000012 0.095520242879944137 0.85500000000000009 6.0484000000000009 0.23213272830402726 532054.1181000002 0.11304347826086962 5.0635500000000011 0.11702744015187004 1.7956000000000003 -2.9411764705882297 1.3450000000000004 1.9650000000000001 0.10073792578829513 1.4349965455066285 -0.26640438781495296 0.10247471335319654 223018687.22000003 5.5000000000000009 86.500000000000014 1.385
decision_type=9 2 2 2 2 2 8 10 2 2 2 8 2 2 2 2 10 2 10 2 10 2 2 2 2 2 2 2 2 8
left_child=1 2 -1 4 -4 -3 7 8 14 10 11 -10 -11 -14 15 25 -17 -18 19 -16 21 -21 -23 26 -25 29 -20 -19 -13 -2
right_child=6 5 3 -5 -6 -7 -8 -9 9 12 -12 28 13 -15 18 16 17 27 23 20 -22 22 -24 24 -26 -27 -28 -29 -30 -31
leaf_value=0.054632315964388611 0.019872972640495049 -0.047019059033341755 0.045275581165959748 0.12051559793456723 -0.037438626155925137 0.069749239217129097 0.079495227415903355 -0.04087732916294208 -0.04639050295065246 -0.015945892580365773 -0.042798484645931785 -0.046226001548132001 0.047616238956513061 -0.011766378828764065 0.065934974813590605 0.071167933200172132 0.084691557912830839 -0.031433249364738514 -0.047630164738262273 -0.048864358306593463 0.07105042730327045 -0.061916505254549475 0.11342898549290779 -0.037299645438670641 0.034009428424255389 -0.033879671055576224 -0.0049553852612136164 0.066687985235843308 0.042059180999909074 -0.037079048766765987
leaf_weight=0.11112901663976504 1.8333743875106434 1.1572272552780727 0.075166957452893257 0.022657472862909533 0.63578583142994505 0.029338029114773456 0.065609726574236471 0.2103004488208392 0.17646430825928858 0.65568867785690876 0.64515152419619637 0.077063111279998764 0.61232406956889873 0.49551817087569772 0.32688161403403704 0.42121196102618397 0.10509256394519828 0.24303497677436658 0.32526557287881841 0.23373122320259221 0.10292160678028289 0.053085114940441797 0.068020092112571345 0.21077314067325292 0.76137189728794141 0.26551625756427233 2.9935529082358707 0.071489430429705791 0.30147737950941622 0.15578331969205494
leaf_count=117 2833 1980 15 164 1598 299 291 1031 76 683 1949 42 890 1114 123 252 177 359 311 208 96 83 55 50 1243 513 3170 30 451 566
internal_value=-0.00103462 -0.00531641 -0.0137296 -0.0240852 -0.0286935 -0.0441319 0.0023379 0.0039524 0.00479909 -0.00465961 -0.0222306 0.00167801 0.00729818 0.0210554 0.00822979 0.0186296 0.0428212 0.0143668 0.00188715 0.0278765 0.000699285 -0.0197063 0.0365682 -0.00286523 0.0185487 0.00960791 -0.00913779 -0.00913091 0.0240861 0.0154127
internal_weight=13.442 2.0313 0.844739 0.73361 0.710953 1.18657 11.4107 11.3451 11.1348 2.96369 1.20016 0.555005 1.76353 1.10784 8.17111 3.0955 0.840829 0.419617 5.0756 0.78464 0.457758 0.354836 0.121105 4.29096 0.972145 2.25467 3.31882 0.314524 0.37854 1.98916
internal_count=20769 4173 1894 1777 1613 2279 16596 16305 15274 5205 2518 569 2687 2004 10069 4730 818 566 5339 565 442 346 138 4774 1293 3912 3481 389 493 3399
cat_boundaries=0 5
cat_threshold=276858697 855658626 1116220552 402686464 1
is_linear=0
shrinkage=0.05


Tree=34
num_leaves=31
num_cat=1
split_feature=22 7 2 8 8 6 10 4 8 2 0 10 5 18 7 5 18 2 2 17 2 5 3 14 0 2 8 6 21 1
split_gain=0.166311 0.369145 0.204758 0.244071 0.323228 0.241261 0.258128 0.209782 0.184716 0.349425 0.302383 0.286248 0.221243 0.230919 0.247735 0.219712 0.262326 0.211522 0.20846 0.230486 0.235169 0.198037 0.180828 0.31861 0.197503 0.172526 0.205904 0.202905 0.165998 0.179362
threshold=0 1.1150000000000004 -0.20685054404085471 0.83500000000000008 0.70500000000000007 5.0635500000000011 0.097712530908510856 8.102800000000002 0.85500000000000009 -0.21891876271696395 0.089597679643516767 0.10362506570548922 133363481.78000002 14.500000000000002 1.5250000000000001 2069041161.4050002 5.5000000000000009 -0.27710843373493971 -0.27149391263629669 71.500000000000014 -0.31583538537984068 188519293.16500005 408980.91070000007 0.27279324449135772 0.0062154454948409573 -0.067226890756302435 0.97500000000000009 12.829350000000002 0.12414383561643837 0.013142043745403289
decision_type=9 2 2 10 8 8 2 2 8 2 2 2 2 2 2 2 2 2 2 2 2 2 2 2 2 2 10 10 2 2
left_child=1 -1 5 4 -4 6 -3 -7 11 10 17 18 13 -11 -15 16 -14 22 19 20 -2 -21 23 24 -10 -17 -27 -28 29 -20
right_child=8 2 3 -5 -6 7 -8 -9 9 12 -12 -13 15 14 -16 25 -18 -19 28 21 -22 -23 -24 -25 -26 26 27 -29 -30 -31
leaf_value=0.034743509093790474 -0.0031905905340377187 -0.027377048333688078 -0.030680687589513575 -0.02028467710619674 0.057385756722985459 0.086777870672728297 0.028628511869558872 0.020708319406512271 -0.05142662306515812 0.056629881546365425 -0.040128546484185408 -0.048259586071764254 -0.057752766833415625 -0.052460597507818452 0.053864089328602593 -0.05398492573513422 0.0013524841332427759 -0.030981304882923069 0.067438023767692298 -0.034784488122993409 0.087339598916085795 0.017432639924040989 -0.0040724689615116612 0.11094332755956156 0.048262066103234136 -0.040637189277151313 0.079397707462994849 -0.012621425393082279 -0.024757006939386497 -0.036908963628273936
leaf_weight=1.2863728112897947 0.13201626252976359 0.41690139588848246 0.17049812188286689 1.2362831705095756 0.26790621933456754 0.18325467819555091 0.40618839400975965 0.34886834911478587 0.088273958710487543 0.4249629411114747 0.85692696548473213 0.58699661384879487 0.20799559573285131 0.12593328141321872 0.096969297768905255 0.050003953983603744 1.9265535361335175 0.45618354262584615 0.10544244335203619 0.33811903786811237 0.15710166984527921 0.39219148457850894 0.69758652855987591 0.10841908015290186 0.11365521291998504 0.060661421246634484 0.27241699998559765 0.07679461160547929 1.6763577877967994 0.067574725701934721
leaf_count=967 86 251 644 3223 546 53 175 211 68 842 542 752 661 273 290 60 5773 259 111 61 75 46 272 256 106 95 321 148 3513 89
internal_value=-0.00100134 0.0037091 0.0027748 -0.00891784 0.0231362 0.0172238 0.000261259 0.0434616 -0.00349405 -0.00172852 -0.0165388 -0.016447 0.00887366 0.0350107 -0.00620617 0.00234687 -0.00440687 -0.00273208 -0.00993768 0.008216 0.0460019 -0.00674284 0.0100533 0.0418046 0.00468285 0.0336948 0.0443916 0.0591619 -0.0199445 0.0266836
internal_weight=13.3354 4.31627 3.0299 1.67469 0.438404 1.35521 0.82309 0.532123 9.01914 5.56334 2.32105 3.4558 3.24229 0.647866 0.222903 2.59443 2.13455 1.46412 2.8688 1.01943 0.289118 0.730311 1.00793 0.310348 0.201929 0.459877 0.409873 0.349212 1.84937 0.173017
internal_count=20769 6070 5103 4413 1190 690 426 264 14699 9966 1503 4733 8463 1405 563 7058 6434 961 3981 268 161 107 702 430 174 624 564 469 3713 200
cat_boundaries=0 4
cat_threshold=2348810244 69665132 2689859685 553657485
is_linear=0
shrinkage=0.05


Tree=35
num_leaves=31
num_cat=1
split_feature=22 5 5 5 15 13 8 19 15 6 19 7 2 19 13 7 10 11 14 11 8 6 20 3 5 5 9 6 1 10
split_gain=0.157887 0.375599 0.217659 0.360053 0.274305 0.186227 0.176329 0.261014 0.250249 0.175985 0.174299 0.201151 0.172354 0.362521 0.280527 0.239053 0.203376 0.281227 0.403531 0.388075 0.239215 0.216405 0.227371 0.21562 0.207634 0.202781 0.175279 0.264026 0.290347 0.278463
threshold=0 87850716.580000013 336730270.26500005 503277086.50000006 3.5000000000000004 0.099509601548753226 0.81500000000000006 5.5000000000000009 6.5000000000000009 3.9617500000000008 2.5000000000000004 0.39500000000000007 0.049638871506049183 7.5000000000000009 0.10057637366287954 1.4750000000000003 0.10489510489510494 0.10875197396049265 0.62527213352685063 0.13475317636253345 1.5350000000000004 10.200950000000001 0.20881425253890681 227521.546 373131497.55000007 103502634.50000001 1.0559334150996527 1.4743000000000002 0.030088003247382814 0.096330275229357859
decision_type=9 2 2 2 2 2 8 2 2 8 2 2 2 2 2 2 2 2 2 2 10 8 2 2 2 2 2 10 2 2
left_child=1 -1 5 -4 -5 9 7 -7 -8 -3 -2 -12 13 14 16 -15 17 21 19 23 -18 26 -23 -19 -22 -16 27 -13 29 -29
right_child=10 2 3 4 -6 6 8 -9 -10 -11 11 12 -14 15 25 -17 20 18 -20 -21 24 22 -24 -25 -26 -27 -28 28 -30 -31
leaf_value=0.055199921803122512 -0.049323067853931729 0.10685303086521125 0.049984653136448398 0.02154886411385681 -0.018768383246757194 -0.014841817440610916 -0.034692051805604175 0.069994789498695031 0.037467421768762624 -0.031431295452088129 0.044299176867526817 -0.057636349438698498 0.0066084727667706919 0.1161336916892297 -0.040509954319752906 -0.040460532433784224 -0.046627295161189422 -0.041005790898945432 -0.05385118454159047 -0.050425876306696517 0.063174169941521016 0.089565661215111669 -0.035688228620781422 0.050169636623258011 -0.049045055070396783 0.028885193326194769 -0.036354579011264564 -0.038656729869119305 0.02839553869896639 0.0016987115300173988
leaf_weight=0.45247434797212438 0.23891821287911952 0.064697101150553646 0.59749083689777704 1.0284340084300518 0.71532214122078541 0.25547915158626699 0.83431225603105341 0.14053899768060318 0.14036455855758989 0.035704748520448651 0.19406722899731477 0.29136493477520353 1.7913542314780944 0.090441696430759888 0.12749506206131433 0.033361442825551924 0.87437089634992338 0.072143671598869807 0.19398179774035373 0.13883545584360757 0.10234614328762177 0.092349782274789807 0.059625026700233105 0.64091705012142641 0.069015263211445951 0.60392111069256904 1.1772179681564114 0.77337697561259222 0.45869331467665331 0.95572038212564114
leaf_count=674 330 113 729 1343 660 321 1254 257 142 170 178 204 6512 288 189 1175 608 141 303 64 174 84 478 393 102 523 1160 949 523 728
internal_value=-0.000968053 0.00362635 0.00701738 0.0164876 0.00500996 -0.00805443 -0.0128692 0.015265 -0.0243003 0.0576766 -0.00340106 -0.00603692 -0.0071799 -0.0108363 -0.012419 0.073936 -0.0160399 -0.0117312 0.0112338 0.0260541 -0.0360406 -0.018038 0.0404242 0.040945 0.0179782 0.0167887 -0.0204679 -0.0129242 -0.00696954 -0.0163512
internal_weight=13.2443 4.26482 3.81234 2.34125 1.74376 1.4711 1.37069 0.396018 0.974677 0.100402 8.97952 8.7406 8.54653 6.75518 6.63137 0.123803 5.89996 4.85423 1.04588 0.851896 1.04573 3.80835 0.151975 0.713061 0.171361 0.731416 3.65637 2.47916 2.18779 1.7291
internal_count=20769 5663 4989 2732 2003 2257 1974 578 1396 283 15106 14776 14598 8086 6623 1463 5911 5027 901 598 884 4126 562 534 276 712 3564 2404 2200 1677
cat_boundaries=0 4
cat_threshold=2348810276 70713709 2689859652 553657485
is_linear=0
shrinkage=0.05


Tree=36
num_leaves=31
num_cat=1
split_feature=22 4 0 13 8 7 1 21 7 6 9 7 2 9 13 18 4 11 11 11 18 13 3 3 11 7 9 18 13 3
split_gain=0.153023 0.21462 0.258689 0.139921 0.132098 0.13063 0.231906 0.165566 0.155928 0.142161 0.1314 0.127771 0.29604 0.125661 0.123906 0.265025 0.240535 0.210182 0.199075 0.29013 0.286071 0.241332 0.243732 0.207111 0.296009 0.233812 0.309274 0.196578 0.260577 0.213823
threshold=0 11.688250000000002 0.062438177926884379 0.097704014393600783 3.7150000000000003 2.6150000000000007 0.099911174290084573 0.15849282296650721 3.8550000000000004 5.8190500000000016 0.45454545454545198 0.62500000000000011 -0.30128940476819394 -1.5514915653683901 0.099999999999999992 13.500000000000002 6.0484000000000009 0.14150617993676351 0.07974758166377989 0.059482250654973527 6.5000000000000009 0.099803181760369078 270451.19720000005 361951.09935000009 0.10241125359346243 1.7750000000000001 -2.8720626631853703 10.500000000000002 0.10002367427559612 331806.55390000006
decision_type=9 2 2 2 8 2 2 2 2 8 2 2 2 2 2 2 2 2 2 2 2 2 2 2 2 2 2 2 2 2
left_child=1 11 -3 -2 5 14 7 9 -9 10 -7 12 -1 -11 18 17 -17 27 19 20 -5 22 -20 -24 -25 26 -26 28 -16 -29
right_child=3 2 -4 4 -6 6 -8 8 -10 13 -12 -13 -14 -15 15 16 -18 -19 21 -21 -22 -23 23 24 25 -27 -28 29 -30 -31
leaf_value=0.073447072189741433 -0.054348751554819157 0.097136990883104402 -0.0181006317284289 0.062760054163614021 0.076501810606912066 -0.013200875747400413 0.17427599846795766 -0.038172756218695744 0.020785033747589381 0.068682564230068285 0.078875973089888987 -0.045703292395327021 -0.055334213191852125 -0.046217564199929506 0.052010634980960771 -0.022915953991877926 0.0096449377215120473 -0.024321473514164499 -0.049090929786730263 0.064943949075520632 -0.028513702936002489 -0.01581333468756848 0.071957193623296264 -0.036219238376206712 -0.019437527715258439 -0.021587548991898867 0.06672316180874599 -0.014752670366460181 0.010492687550016455 0.066103819358358379
leaf_weight=0.077047705658875185 0.10148075271970647 0.062197253171769634 0.22441555583625158 0.12097783734538725 0.063564890091078463 0.059782063400973251 0.016416873436145951 0.62609331156994585 0.13661631839706256 0.030329437946625376 0.11011620111477241 1.3249568349227383 0.10604841392009536 0.11046189428053804 0.45389726229792593 0.87974534331311183 1.5964310342356292 0.25424847646663629 0.14620674050079574 0.2645685333122233 0.29562021062717292 2.1511686650542066 0.16137917433401083 0.2488682820894923 0.14186927756722545 0.18368611816973046 0.39174636518257444 0.10097906420925579 2.2578675780091957 0.42969689833009722
leaf_count=17 346 97 1413 90 285 151 77 2506 1768 43 150 2306 104 342 400 800 2085 71 393 449 470 2013 258 508 101 257 246 224 2036 763
internal_value=-0.000939159 -0.00498399 0.00690685 0.00217752 0.00462683 0.00421777 -0.0122267 -0.0150792 -0.0276123 0.0156882 0.0464769 -0.0402931 -0.00114244 -0.0214656 0.00599587 0.0105924 -0.00192342 0.0194555 -0.000690412 0.0239963 -0.00200829 -0.00560023 0.0116481 0.0195239 0.010766 0.0270676 0.0438161 0.0228882 0.017442 0.0507181
internal_weight=13.1285 1.79467 0.286613 11.3338 11.2323 11.1688 1.08982 1.0734 0.76271 0.31069 0.169898 1.50805 0.183096 0.140791 10.079 5.97287 2.47618 3.49669 4.10609 0.681167 0.416598 3.42492 1.27376 1.12755 0.96617 0.717302 0.533616 3.24244 2.71176 0.530676
internal_count=20769 3937 1510 16832 16486 16201 5037 4960 4274 686 301 2427 121 385 11164 6379 2885 3494 4785 1009 560 3776 1763 1370 1112 604 347 3423 2436 987
cat_boundaries=0 5
cat_threshold=310380361 855658626 1132997768 402653696 1
is_linear=0
shrinkage=0.05


Tree=37
num_leaves=31
num_cat=1
split_feature=22 4 7 13 20 8 2 20 13 7 13 17 0 8 8 3 8 2 7 1 21 1 20 11 0 0 15 18 18 4
split_gain=0.138684 0.177509 0.176896 0.183992 0.273033 0.206508 0.154467 0.136702 0.206442 0.12937 0.123368 0.134342 0.163876 0.178515 0.147949 0.121362 0.289658 0.264063 0.145683 0.204867 0.13851 0.131755 0.151439 0.150689 0.150734 0.174249 0.187185 0.173901 0.204881 0.255379
threshold=0 8.718300000000001 0.58500000000000008 0.1000821694906099 0.27701575532900841 1.175 -0.36147631156558274 0.20670914542728638 0.099971878459588118 0.88500000000000012 0.097704014393600783 34.500000000000007 0.067983357463341873 0.77500000000000013 1.175 4831276.447900001 0.99500000000000011 0.56004669284764552 2.6150000000000007 0.099999999999999992 0.11602982292637466 0.098421737265267165 0.21483516483516488 0.015307425871944997 0.06536283975022654 0.072819009698607967 18.500000000000004 15.500000000000002 10.500000000000002 4.5844500000000012
decision_type=9 2 2 2 2 8 2 2 2 2 2 2 2 8 10 2 8 2 2 2 2 2 2 2 2 2 2 2 2 2
left_child=1 -1 3 4 -2 -5 -3 8 -8 -10 -4 12 -12 -14 -15 18 -17 20 21 -20 -18 23 -23 -13 -25 -26 27 28 -27 -30
right_child=2 6 10 5 -6 -7 7 -9 9 -11 11 15 13 14 -16 16 17 -19 19 -21 -22 22 -24 24 25 26 -28 -29 29 -31
leaf_value=-0.040961462928867431 0.072033798027375057 0.087700801508893672 -0.053588170598700059 -0.025380000325260488 -0.024012210022957822 0.066324383968307907 0.098781796411003486 -0.032055346280698865 0.091398791732351548 -0.046130264339607145 0.071750621004862999 0.084684047335530532 0.077361067580277332 -0.06075909922915395 0.032787330169943348 -0.049797431226885465 0.033153216543401802 0.074992885890490565 -0.018228005839373587 0.15626922364059853 -0.036566730910501444 0.046641570988015447 -0.058027151761707668 -0.0025885207964962843 0.052143756460080695 0.0056150064846807518 -0.058289663200801894 -0.0028415179215192181 -0.022269611923359321 0.040946418566603977
leaf_weight=1.2719627220794327 0.31766964120101976 0.039905398288495264 0.097866886496421723 0.23135503536743485 0.09646267341404724 0.083563588219378648 0.058309954037914571 0.35050237735787981 0.021429884974388566 0.084623224317333878 0.15388487124369304 0.061103915663721753 0.063164107238203551 0.099106786532501018 0.073696241328102458 0.36544988026262581 0.10764977133749182 0.11651921440138213 0.94294211969140285 0.017125809808041126 0.21060692588520052 0.044478791786593197 0.15492904180373224 3.1733789292749037 0.24949146732330962 1.5594797353593821 0.10039104209759653 1.5383229787132799 0.18526709188357227 1.1604343541078792
leaf_count=1772 145 50 346 144 136 80 160 1826 9 248 469 37 599 775 800 248 15 56 3730 54 314 73 284 1476 83 1853 155 2795 187 1850
internal_value=-0.000908142 -0.00473692 0.00208392 0.0277583 0.0496621 -0.00104626 -0.00706743 -0.0144126 0.0232104 -0.0183401 0.00228643 0.00281337 0.031608 0.00542917 -0.0208638 0.00168941 -0.016986 0.0105936 0.00331605 -0.0151153 -0.0129841 0.00546687 -0.0346803 0.0064641 0.00586416 0.0114601 0.0092263 0.0107517 0.0179494 0.0322433
internal_weight=13.0311 1.82673 11.2043 0.729051 0.414132 0.314919 0.554771 0.514865 0.164363 0.106053 10.4753 10.3774 0.389852 0.235967 0.172803 9.98757 0.800226 0.434776 9.18735 0.960068 0.318257 8.22728 0.199408 8.02787 7.96677 4.79339 4.5439 4.4435 2.90518 1.3457
internal_count=20769 4065 16704 505 281 224 2293 2243 417 257 16199 15853 2643 2174 1575 13210 633 385 12577 3784 329 8793 357 8436 8399 6923 6840 6685 3890 2037
cat_boundaries=0 5
cat_threshold=276825929 838883458 1099508872 402653728 1
is_linear=0
shrinkage=0.05


Tree=38
num_leaves=31
num_cat=1
split_feature=22 7 2 5 6 8 6 10 8 20 21 8 8 1 19 20 11 14 21 5 20 7 6 2 13 6 21 5 11 11
split_gain=0.135498 0.223817 0.219405 0.2592 0.213719 0.228751 0.206432 0.194047 0.21014 0.156613 0.165517 0.135189 0.124426 0.125663 0.241134 0.233105 0.180516 0.367817 0.327473 0.283226 0.235797 0.215333 0.210352 0.243648 0.195287 0.175251 0.19476 0.167778 0.168506 0.168522
threshold=0 1.0150000000000003 -0.21043128039801792 105122996.69000001 5.0635500000000011 1.0750000000000004 4.2268000000000008 0.099645177264486726 0.93500000000000016 0.12764775588801661 0.15524256651017218 0.53500000000000014 3.7150000000000003 -0.0039087952030043551 2.5000000000000004 0.2828166858017605 0.10875197396049265 0.58339380745041136 0.096464019851116647 101477473.83000003 0.20497374111831945 1.4550000000000003 4.5176500000000006 -0.24674889580791207 0.10069687257187256 1.3678000000000001 0.15849282296650721 541543075.0450002 0.11560422008779168 0.11354659669856206
decision_type=9 2 2 2 8 10 10 2 8 2 2 8 8 2 2 2 2 2 2 2 2 2 10 2 2 8 2 2 2 2
left_child=1 -1 3 -3 6 -6 7 8 -5 -4 -11 -2 13 15 -15 27 21 18 -18 20 -20 25 -21 -24 -25 26 -16 -13 29 -29
right_child=11 2 9 4 5 -7 -8 -9 -10 10 -12 12 -14 14 16 -17 17 -19 19 22 -22 -23 23 24 -26 -27 -28 28 -30 -31
leaf_value=0.030226506364859219 -0.050537433995509286 0.074413788160777053 -0.044439991217254421 0.027315483699060863 0.0012559880455522694 0.067424433584162571 -0.053070722306913468 0.056686998691711822 -0.052950197933807876 0.023844504311701188 -0.010967856262154567 -0.044999787821680778 0.067550932977448339 -0.059294532687230367 0.027428785736439195 0.0089622511334101172 -0.035495918958241494 -0.025077265301149555 0.044344815215021899 0.085251938869747523 -0.06252088388328389 -0.017466322063593939 0.093907437502495097 -0.039972233935244274 0.090739198375353658 0.0079050315659708343 -0.051538372128636725 0.019662368130722412 -0.027668350598328246 0.18205890084195189
leaf_weight=1.1147450174251807 0.17425113617390986 0.18647968632528211 0.23892313540578802 0.16571833532344099 0.25722579070236529 0.26537205694284782 0.1831309832454342 0.14900302470596577 0.16053776974271994 0.47474427533376196 1.2160015728143114 0.76237298790792141 0.057046396204893379 0.18903702384707877 0.10999067671817409 0.48961495134688626 0.15588411827093462 0.42065427125357269 0.10756036503367711 0.3594439638468101 0.099246443811981278 2.3576503019809176 0.085283877922235796 0.12621479735296975 0.036937692401859457 2.4454881395114336 0.26914425741756476 0.07464205662625957 0.18296434584589083 0.020325171206003953
leaf_count=729 537 222 273 46 101 89 42 71 82 570 3427 779 282 260 65 1232 40 781 111 233 148 6741 32 430 44 2645 260 191 258 48
internal_value=-0.00087579 0.00332409 0.00431025 0.019632 0.0109819 0.0348559 -0.00796821 0.00941109 -0.0121801 -0.00654756 -0.0011929 -0.0031978 -0.00603976 -0.00654602 -0.00361842 -0.0194866 -0.00201731 0.0139743 0.0308995 0.0436038 -0.00693996 -0.00631039 0.0607993 0.0254206 -0.0103792 0.00300122 -0.0286292 -0.0328759 0.000380296 0.054419
internal_weight=12.9356 4.41188 3.29714 1.36747 1.18099 0.522598 0.65839 0.475259 0.326256 1.92967 1.69075 8.52375 8.3495 8.29246 6.76254 1.52992 6.5735 1.39123 0.970571 0.814687 0.206807 5.18227 0.60788 0.248436 0.163152 2.82462 0.379135 1.0403 0.277932 0.0949672
internal_count=20769 5652 4923 653 431 190 241 199 128 4270 3997 15117 14580 14298 11790 2508 11530 1819 1038 998 259 9711 739 506 474 2970 325 1276 497 239
cat_boundaries=0 4
cat_threshold=3359637508 70713708 542376005 553659533
is_linear=0
shrinkage=0.05


Tree=39
num_leaves=31
num_cat=1
split_feature=0 16 22 15 15 5 2 0 17 4 14 9 17 2 5 2 1 0 0 14 6 9 5 0 15 0 9 1 11 8
split_gain=0.13439 0.169732 0.168589 0.26199 0.219972 0.265856 0.215594 0.189186 0.183424 0.274539 0.305044 0.178798 0.178653 0.254683 0.218781 0.177516 0.159838 0.150998 0.169327 0.149029 0.234767 0.270475 0.182548 0.208481 0.184201 0.212351 0.175862 0.16386 0.1553 0.179764
threshold=0.63140963017440421 2.5000000000000004 0 2.5000000000000004 3.5000000000000004 503277086.50000006 -0.33731075784674835 0.60535954572035811 88.500000000000014 8.1524500000000018 0.42908977814638199 6.9458034355294531 75.500000000000014 0.14528201844774816 89722345.900000021 0.12093652833472669 0.010101010101010057 0.27028921762384622 0.42108703987034185 0.57163591125855284 4.9517000000000015 -5.5724071048783346 82445317.420000017 0.0015915129145487189 2.5000000000000004 0.077829416370603144 -8.1601825020038188 0.099572495971684508 0.15894224009997657 0.78500000000000014
decision_type=2 2 9 2 2 2 2 2 2 2 2 2 2 2 2 2 2 2 2 2 8 2 2 2 2 2 2 2 2 10
left_child=1 2 3 7 6 8 -5 12 -6 10 -10 19 17 14 -14 -7 -16 -1 -19 22 21 -21 24 -24 27 -26 -22 -4 29 -28
right_child=-2 -3 11 4 5 15 -8 -9 9 -11 -12 -13 13 -15 16 -17 -18 18 -20 20 26 -23 23 -25 25 -27 28 -29 -30 -31
leaf_value=0.052382565878225242 0.015576208448161788 -0.029198572285538578 -0.056760170199632934 0.035840466457925969 0.043594436088325084 -0.038372885818213257 -0.047596860486159132 -0.057410842214219694 -0.015159908230051318 -0.041344920583353206 0.067410146323952633 0.060198105787949742 0.043160813514089576 0.075133741874939583 0.008060382946816427 0.0323521984793574 -0.044855218668850477 -0.055097020955214841 0.057227970638169645 0.024721516081948433 -0.053483418631304042 -0.046806292960143707 0.033888422786738363 -0.0037138716430704412 -0.03762417596256562 0.039771112710170309 0.022915392464970086 0.012416842683925195 0.11028012840666859 -0.016305102560253637
leaf_weight=0.80360098982962669 1.1355486085384185 0.56405504914272597 0.42937611482261767 0.098177001811563913 0.53004060682020582 0.38065798254270666 0.36619741351143847 0.066180512855797846 0.22042856768589844 0.22126739187929112 0.22709332295723675 0.091660681090853013 0.24128293032972559 0.14351711082525687 0.35326190805729157 0.11568476786191728 0.23943640595641619 0.074714334587926715 0.06089973072357395 0.15332951710005338 0.17722595596334167 0.95749862894089566 0.42095257255610308 2.9650138417752512 0.16707833040712922 0.18874893647501328 0.44044751459617226 0.10691919981169656 0.030915699915890271 0.86775063638152006
leaf_count=1002 6778 1325 569 35 580 257 437 57 168 143 123 94 86 101 191 135 111 343 354 107 87 1005 123 3617 262 177 883 113 12 1494
internal_value=-0.000846422 -0.00243986 -0.0010849 0.00368522 0.00053244 0.00888462 -0.0299567 0.025704 0.0216255 0.00421423 0.02674 -0.00377734 0.0285738 0.0136107 0.00302336 -0.0218887 -0.0133163 0.0441468 -0.00465563 -0.0100968 -0.0194702 -0.0369332 -0.00434062 0.000960948 -0.0244622 0.00343023 -0.00667726 -0.0429686 -0.000482669 -0.00310025
internal_weight=12.839 11.7034 11.1394 4.14244 2.15955 1.69517 0.464374 1.98289 1.19883 0.668789 0.447522 6.99692 1.91671 0.977498 0.833981 0.496343 0.592698 0.939215 0.135614 6.90526 2.62717 1.11083 4.27809 3.38597 0.892123 0.355827 1.51634 0.536295 1.33911 1.3082
internal_count=20769 13991 12666 4123 1878 1406 472 2245 1014 434 291 8543 2188 489 388 392 302 1699 697 8449 3588 1112 4861 3740 1121 439 2476 682 2389 2377
cat_boundaries=0 4
cat_threshold=2353660034 2218132813 609484896 16786444
is_linear=0
shrinkage=0.05


Tree=40
num_leaves=31
num_cat=1
split_feature=0 14 8 6 13 22 8 2 5 5 2 18 18 9 9 7 0 9 13 15 20 6 4 13 8 0 1 2 0 21
split_gain=0.121148 0.161405 0.139327 0.17043 0.237044 0.157491 0.240913 0.307439 0.2705 0.269615 0.269609 0.301406 0.265449 0.296382 0.219526 0.204578 0.201826 0.208797 0.199572 0.182295 0.181171 0.18004 0.295368 0.223072 0.218956 0.206249 0.168232 0.186183 0.224337 0.167694
threshold=0.63140963017440421 0.98061899038461553 2.1450000000000005 12.235150000000003 0.099897759204415473 0 0.93500000000000016 -0.22316887670978378 133363481.78000002 3084259100.4900002 -0.27149391263629669 8.5000000000000018 7.5000000000000009 -5.0271136281822661 -1.4219443468534596 1.3250000000000004 0.048170194824599173 -2.2506010134247183 0.10056181548464484 1.5000000000000002 0.36882591093117417 5.9078000000000008 7.9873500000000011 0.10009040911401247 0.95500000000000007 0.027739501974190794 0.002616944997072324 -0.15268340980216569 0.20973315556426067 0.17274535809018571
decision_type=2 2 10 8 2 9 8 2 2 2 2 2 2 2 2 2 2 2 2 2 2 8 2 2 8 2 2 2 2 2
left_child=1 2 3 5 -5 15 10 16 29 12 11 -7 -10 -14 -13 26 17 -8 -18 20 -17 24 -23 -24 25 -21 27 -1 -29 -9
right_child=-2 -3 -4 4 -6 6 7 8 9 -11 -12 14 13 -15 -16 19 18 -19 -20 21 -22 22 23 -25 -26 -27 -28 28 -30 -31
leaf_value=0.069741641514815225 0.014725954168990316 -0.040480731121885799 -0.041205245666069548 -0.043071533194697365 0.055908283597885668 0.030903883745689389 -0.021954312500625989 0.0051677050336305652 -0.049704753698927545 0.065368844677021462 -0.029602258309133014 0.017942457114497056 0.078022932361568778 -0.0040049459868829896 -0.046277279922662257 0.03978111888455408 -0.050333829893212084 0.035313374572802078 0.018414677008159377 -0.034501858159641206 -0.039370615500414777 0.097776348744622002 -0.030418962763620844 0.041272134201747745 -0.03682866465959752 0.021965828152830005 0.011346154207497452 0.052308888500983156 -0.026539806109248457 0.06546475472496173
leaf_weight=0.34581794516129066 1.1409155918781788 0.27103669183483425 0.21604534713369972 0.077925015527470554 0.27033671787614444 0.47005303825821543 0.40134578219944561 0.18069189359441695 0.27420926805800361 0.1478044796654957 2.2171737061342061 0.20850178226457944 0.12423189753940134 0.96946821557825824 0.36784132773182826 0.46811193097480597 0.57317838102188579 0.26376749625545071 0.12939392502617419 0.23973593499675439 0.08549930079636936 0.098272773635799948 0.24093610743660687 0.19741099502018594 0.61484640749653985 0.49684173748803928 0.96019304167735264 0.21146231147820785 0.15732349179813024 0.31867142044956531
leaf_count=146 6778 491 701 372 864 140 459 164 475 42 3353 58 83 1666 147 759 407 134 65 71 178 31 389 254 679 430 634 83 124 592
internal_value=-0.00082032 -0.00234962 -0.00143721 -0.000663952 0.0337611 -0.00177788 -0.00400777 -0.000687658 0.0117306 0.00121565 -0.0197295 0.00118961 -0.00571619 0.00531249 -0.0230447 0.00337052 -0.0189841 0.000756638 -0.0376723 0.00232686 0.027557 -0.0050711 0.0194314 0.00186735 -0.0148005 0.00358714 0.025017 0.0433862 0.0186721 0.0436466
internal_weight=12.739 11.5981 11.3271 11.111 0.348262 10.7628 6.64633 3.38276 2.01508 1.51571 3.26357 1.0464 1.36791 1.0937 0.576343 4.11645 1.36769 0.665113 0.702572 2.44166 0.553611 1.88804 0.53662 0.438347 1.35142 0.736578 1.6748 0.714604 0.368786 0.499363
internal_count=20769 13991 13500 12799 1236 11563 7785 4087 3022 2266 3698 345 2224 1749 205 3778 1065 593 472 2791 937 1854 674 643 1180 501 987 353 207 756
cat_boundaries=0 4
cat_threshold=2349334658 68551016 2756968545 557851916
is_linear=0
shrinkage=0.05


Tree=41
num_leaves=31
num_cat=1
split_feature=7 9 8 22 19 6 3 13 6 11 1 20 3 3 5 5 11 9 0 21 9 7 6 5 10 0 6 6 13 7
split_gain=0.121703 0.124893 0.14317 0.120904 0.223489 0.162956 0.180598 0.177391 0.150222 0.226686 0.187388 0.200945 0.200086 0.264511 0.20437 0.197894 0.162711 0.183632 0.180188 0.251721 0.250551 0.240238 0.237605 0.177047 0.155726 0.149739 0.160281 0.190715 0.150042 0.225255
threshold=0.39500000000000007 0.40629771779951979 1.135 0 2.5000000000000004 12.39315 2628961.3848500005 0.10080972987149218 1.4743000000000002 0.11560422008779168 -0.0040382286369061706 0.2828166858017605 224730.93915000002 254019.32995000001 131457906.50000001 80651334.680000022 0.15038416723422457 -7.6923076923076925 0.045655835532195654 0.15047169811320757 -3.4722222222222263 1.2550000000000001 6.5974000000000013 534970086.29000002 0.089690721649484509 0.057804038142234039 2.0286000000000004 1.9547500000000002 0.09961685823754797 1.9850000000000001
decision_type=2 2 10 9 2 8 2 2 8 2 2 2 2 2 2 2 2 2 2 2 2 2 10 2 2 2 8 10 2 2
left_child=1 -1 -3 -2 -5 7 -7 8 9 -6 11 -10 -12 14 -14 -15 17 23 19 -19 -20 24 -23 -17 -21 -22 27 -27 29 -28
right_child=3 2 -4 4 5 6 -8 -9 10 -11 12 -13 13 15 -16 16 -18 18 20 21 25 22 -24 -25 -26 26 28 -29 -30 -31
leaf_value=0.058989691217398103 0.0029533040050112778 -0.070870564822633361 0.057341442650421542 -0.059235359571003343 -0.046465408788835538 0.045875171091121686 -0.04775176096021496 0.022330676651456192 -0.037280553473223267 0.053033245026510759 -0.047073251710641674 0.007263425004957959 0.078894073497763395 -0.050268853337904609 -0.053993203532117479 0.094024339098193063 -0.056556558915637573 0.050873571901520968 -0.049197025723597111 -0.0014740026281721118 -0.051630701870994437 -0.034026763475502472 0.050539264289382359 0.0064872669502349075 0.057876313639477553 0.0017139502366138927 0.060503459277016419 0.10378272791131726 -0.0092868619956033797 -0.048354515035447389
leaf_weight=0.16606733198506063 4.3240204729143965 0.049590300688038824 0.038817740172493287 0.20388120635384233 0.48628146157741936 0.26971648421435279 0.063662200422559323 0.46078703632672713 0.90946115909057168 0.06488182913345597 0.24989214313783836 0.3508625456644856 0.1632592114892607 0.21659195017063382 0.035164686678733403 0.099138028849795667 0.12973731991313542 0.32886285728567166 0.34617423240011858 0.21780624893425923 0.15365766187998842 0.49904786677473284 0.09964792489569313 0.13840039458241243 0.22438563217130783 0.11200285678331652 0.18242897017186116 0.077386760086363957 1.9121016009365568 0.064261872527338337
leaf_count=143 5715 50 62 328 556 1868 79 814 954 56 959 831 211 237 159 86 30 162 440 56 134 396 88 32 48 243 329 37 5115 551
internal_value=-0.000795931 0.033432 -0.0145759 -0.0014993 -0.00337052 -0.00621121 0.0279961 -0.00772725 -0.00968865 -0.0347526 -0.00756672 -0.0248799 -0.00341045 -0.00122827 0.0553438 -0.00356607 -0.00135989 0.000247427 -0.00216154 0.0127404 -0.00932861 0.000692405 -0.0199515 0.0430214 0.0286427 -0.0038121 -0.000683003 0.0434204 -0.00455217 0.0321464
internal_weight=12.638 0.254475 0.088408 12.3835 8.05948 7.8556 0.333379 7.52222 7.06144 0.551163 6.51027 1.26032 5.24995 5.00006 0.198424 4.80163 4.58504 4.4553 4.21776 1.36975 2.84801 1.04089 0.598696 0.237538 0.442192 2.50184 2.34818 0.18939 2.15879 0.246691
internal_count=20769 255 112 20514 14799 14471 1947 12524 11710 612 11098 1785 9313 8354 370 7984 7747 7717 7599 750 6849 588 484 118 104 6409 6275 280 5995 880
cat_boundaries=0 4
cat_threshold=3355443236 69534060 542408773 558113933
is_linear=0
shrinkage=0.05


Tree=42
num_leaves=31
num_cat=1
split_feature=7 9 8 22 19 13 10 5 6 3 6 11 4 20 4 4 3 7 11 2 14 18 0 6 16 14 11 14 18 8
split_gain=0.111346 0.115161 0.132295 0.114654 0.203881 0.152335 0.208612 0.200613 0.202686 0.183364 0.178051 0.279869 0.158845 0.153145 0.170058 0.189092 0.138744 0.134959 0.212774 0.284786 0.169863 0.21565 0.260338 0.176965 0.166406 0.231687 0.155025 0.211506 0.193326 0.152633
threshold=0.39500000000000007 0.40629771779951979 1.135 0 2.5000000000000004 0.10057637366287954 0.10473928046700406 503277086.50000006 3.2330500000000004 947219.38945000013 1.4743000000000002 0.11560422008779168 21.923100000000002 0.2828166858017605 9.7416000000000018 11.916300000000001 6389729.6204500003 1.4550000000000003 0.10638297872340428 -0.27149391263629669 0.81600284495021347 5.5000000000000009 0.0032121978866069324 2.0286000000000004 1.5000000000000002 0.28581795562927642 0.10875197396049265 0.46173369777430701 8.5000000000000018 0.88500000000000012
decision_type=2 2 10 9 2 2 2 2 10 2 8 2 2 2 2 2 2 2 2 2 2 2 2 10 2 2 2 2 2 8
left_child=1 -1 -3 -2 -5 6 10 8 9 -7 11 -6 17 16 -15 -16 -8 20 -19 -20 21 -12 -23 29 -21 -26 27 -25 -29 -24
right_child=3 2 -4 4 5 7 13 -9 -10 -11 12 -13 -14 14 15 -17 -18 18 19 24 -22 22 23 26 25 -27 -28 28 -30 -31
leaf_value=0.057210736158356923 0.0029015658856244918 -0.069307446624669908 0.055089931208146703 -0.058708942210950812 -0.045139076750532865 -0.040246605636005045 -0.045532506341068507 -0.04063967377801974 0.047209222868406203 0.054707900771002099 -0.046848613108658094 0.076213079401545286 0.064558825086579827 -0.040308942938801745 0.089821235146615039 -0.011342630429823249 0.042810248242472877 -0.020963752970236629 0.0596464261799887 -0.023725550791041786 0.02792199092700471 0.069331245230288968 0.055684428208172321 -0.041086382954040233 0.11721151889974693 -0.016288279113688669 0.022898017914036995 -0.041376028180467282 0.020144044394402125 -0.028293431475888687
leaf_weight=0.1627544364314874 4.3621462719185482 0.048208423782722151 0.038394787733827609 0.18830585640903574 0.46257305011142402 0.16330903942743788 0.73939006819931219 0.13539776054157848 0.41707660630599575 0.07382579221069166 0.23798576942010696 0.052950130233862081 0.088416932228641332 0.14666266644155454 0.080011188279510925 0.10928054324129302 0.047286147768736075 1.7529972268099461 0.2136254372371803 0.42070546250242158 0.61105915069035255 0.13974621116771868 0.21283628650096786 0.51169976045398291 0.056512343346507926 0.076486617089788073 0.30455417795287321 0.17974542502276075 0.44104726777580522 0.072552233022717405
leaf_count=143 5716 50 62 330 506 289 1001 337 751 69 192 24 979 337 101 560 42 5187 137 928 463 74 95 900 116 326 252 127 554 121
internal_value=-0.000653526 0.0324244 -0.0141569 -0.00132421 -0.00323138 -0.00605376 -0.00841555 0.0147586 0.0262241 -0.010685 -0.00461826 -0.0326748 -0.00189949 -0.028154 0.000105246 0.031418 -0.0402223 -0.00302268 -0.011352 0.0106064 0.00472019 -0.00203055 0.00369718 -0.00162791 -0.00831383 0.0404369 -0.00876999 -0.0172863 0.00233141 0.0343354
internal_weight=12.5475 0.249358 0.0866032 12.2982 7.93604 7.74773 6.95812 0.789609 0.654211 0.237135 5.83549 0.515523 5.31997 1.12263 0.335954 0.189292 0.786676 5.23155 2.52033 0.76733 2.71123 2.10017 1.86218 1.72244 0.553704 0.132999 1.43705 1.13249 0.620793 0.285389
internal_count=20769 255 112 20514 14798 14468 13022 1446 1109 358 10981 530 10451 2041 998 661 1043 9472 6694 1507 2778 2315 2123 2049 1370 442 1833 1581 681 216
cat_boundaries=0 4
cat_threshold=3355443236 67436908 2689892421 558113933
is_linear=0
shrinkage=0.05


Tree=43
num_leaves=31
num_cat=1
split_feature=0 16 21 10 22 8 15 15 5 14 14 8 4 8 9 7 9 10 2 9 9 2 5 7 8 9 11 14 3 8
split_gain=0.105586 0.150461 0.134445 0.14382 0.128727 0.239372 0.219638 0.165205 0.217374 0.187777 0.181402 0.262403 0.245996 0.209188 0.160635 0.252796 0.186198 0.181844 0.151903 0.149654 0.164296 0.279897 0.247696 0.32189 0.229337 0.289685 0.173765 0.165755 0.158715 0.151393
threshold=0.63140963017440421 2.5000000000000004 0.17274535809018571 0.11281091555404259 0 1.9750000000000003 2.5000000000000004 3.5000000000000004 503277086.50000006 0.85728236607142871 0.42512699564586359 1.3950000000000002 8.718300000000001 0.85500000000000009 1.7448407710035643 1.4950000000000003 4.4457334364527048 0.099129766239126352 0.12093652833472669 7.1820302681990471 0.83405736662509622 -0.13278349584687607 979175039.35000014 1.5250000000000001 0.59500000000000008 0.2435066539379083 0.13690021810250824 0.52387863708618443 137206.02205000003 0.6150000000000001
decision_type=2 2 2 2 9 10 2 2 2 2 2 8 2 10 2 2 2 2 2 2 2 2 2 2 8 2 2 2 2 10
left_child=1 4 -3 -4 5 6 14 9 10 -8 11 -9 -12 -14 15 -1 -16 -17 -10 20 24 -22 23 -23 -6 26 28 -27 -26 -30
right_child=-2 2 3 -5 19 -7 7 8 18 -11 12 -13 13 -15 16 17 -18 -19 -20 -21 21 22 -24 -25 25 27 -28 -29 29 -31
leaf_value=0.03515216156288737 0.013975867918921255 -0.059998412149798341 -0.02044672691204551 0.080091720559000518 -0.049220509954899266 -0.062035683788829746 -0.03935725657328417 -0.013805723628446735 -0.035909276271817975 0.063802360563377916 0.06198003115288192 0.081785899454038649 -0.051451813748098367 0.050492591775382081 0.064980851173643203 -0.035436731941762126 -0.01814616567235874 0.025935740975867108 0.030440695422527666 0.058842301736969527 -0.032319822971313659 -0.047736026514015872 0.070822944759789133 0.028940562211510864 0.072227928032909547 0.065460605401127012 -0.037665452183438676 -0.024908934450996137 0.039888246380583602 -0.0049209759650411869
leaf_weight=0.78805539350719778 1.1412376108312443 0.2020256007637074 0.29854863029027801 0.040382314852124568 0.25757358518331663 0.10663994153763923 0.34652983798489773 0.47754431075346765 0.34630796143674331 0.050547232325208469 0.41333891658639355 0.084492802078401763 0.11097677921885531 0.092068634982382366 0.40681554133264947 0.2949379260592716 0.080732716346889999 0.20429957952931366 0.1148788169643174 0.083067222659730322 1.472473284212638 0.26236857045086948 0.12280658896306773 0.28616143373940039 0.07254823896681184 0.24016842867444987 0.35399016035407793 0.064333243670273155 0.19944806947936422 3.434173805046735
leaf_count=511 6778 216 1066 43 661 234 384 439 228 54 190 94 91 113 278 725 59 474 131 84 836 384 261 1088 198 284 198 257 162 4248
internal_value=-0.000518753 -0.00198156 -0.0277125 -0.00846796 -0.00068882 0.00333568 0.0139162 0.00271174 0.00971963 -0.0262252 0.0211088 0.000564865 0.0398414 -0.00522628 0.0267737 0.0175165 0.0512159 -0.0103217 -0.0193819 -0.00319562 -0.00868028 -0.0201209 0.00663566 -0.00773478 -0.00337409 -0.000668539 -0.00419615 0.0463679 -0.000999372 -0.00246142
internal_weight=12.4495 11.3082 0.540957 0.338931 10.7673 3.91817 3.81153 2.03669 1.63961 0.397077 1.17842 0.562037 0.616384 0.203045 1.77484 1.28729 0.487548 0.499238 0.461187 6.84911 6.76605 2.14381 0.671337 0.54853 4.62224 4.36466 4.06016 0.304502 3.70617 3.63362
internal_count=20769 13991 1325 1109 12666 4005 3771 1724 1286 438 927 533 394 204 2047 1710 337 1199 359 8661 8577 2569 1733 1472 6008 5347 4806 541 4608 4410
cat_boundaries=0 4
cat_threshold=2286551170 71173449 609484896 16786444
is_linear=0
shrinkage=0.05


Tree=44
num_leaves=31
num_cat=1
split_feature=22 2 4 17 13 13 8 8 17 7 1 4 4 13 3 8 2 20 8 9 9 3 11 14 1 11 14 18 3 0
split_gain=0.112181 0.150884 0.114956 0.177067 0.11476 0.11104 0.108496 0.103793 0.0976132 0.121127 0.182237 0.161184 0.134289 0.130444 0.128787 0.294131 0.211943 0.167985 0.174702 0.13129 0.121392 0.131436 0.115084 0.0987291 0.159043 0.135982 0.121415 0.115822 0.170579 0.224639
threshold=0 -0.41893116896806148 8.718300000000001 93.500000000000014 0.099894384709597897 0.097704014393600783 3.7150000000000003 2.6350000000000002 34.500000000000007 2.6150000000000007 0.099999999999999992 14.954500000000001 5.5186500000000009 0.099472967905898005 4831276.447900001 0.99500000000000011 -0.069605177469931986 0.23310502283105025 1.1150000000000004 7.1820302681990471 6.3965212865945817 4196361.0248000016 0.13068535129694073 0.95024752475247531 -0.028119594761551677 0.14150617993676351 0.94129136029411775 14.500000000000002 528111.19360000012 0.095520242879944137
decision_type=9 2 2 2 2 2 8 8 2 2 2 2 2 2 2 8 2 2 8 2 2 2 2 2 2 2 2 2 2 2
left_child=1 -1 -3 -4 -5 -2 7 8 -7 14 11 12 -11 -14 19 -16 -17 -18 -19 20 21 23 -15 25 -25 26 27 -10 29 -29
right_child=5 2 3 4 -6 6 -8 -9 9 10 -12 -13 13 22 15 16 17 18 -20 -21 -22 -23 -24 24 -26 -27 -28 28 -30 -31
leaf_value=0.0095818551623859643 -0.052039391455237997 -0.047755967074625177 -0.031158135598485698 0.17000263190928819 0.020677050304462256 0.029281223693293258 0.072503695050091563 -0.055219045974646636 0.011802291323852221 0.069856009430370417 0.14355976121166678 0.041583903635008308 0.026701178110470999 -0.0426325972861476 -0.048480880825343652 -0.052119286318626362 0.05621225942537892 0.067231542742578185 -0.054548352415213712 0.060289286831061842 -0.039514174005866765 0.058994424997037109 0.089715783421880663 0.086537076332915464 -0.049122803214741544 -0.026374322505669165 0.069388488206759275 0.0056265863517754606 0.0099930152287661753 -0.041452587554632762
leaf_weight=0.19579654850572703 0.088119727134816084 0.89141725803924676 0.3638288009698723 0.016300358004774168 0.061076871707311159 0.37882134652744248 0.058023943384512999 0.073613231124808887 5.2397474087165161 0.034724459020378573 0.017826917490832095 0.099888309662322983 0.086215411794770325 0.59593214664893479 0.35055590109435852 0.100041948064925 0.22779328411138136 0.04390789872945746 0.08943847598595378 0.11353455134038526 0.1430040362528836 0.11955677003305787 0.016890977532280527 0.025079649875330956 0.15593932510471664 0.29376897964490112 0.08045129599274492 0.5265501788911543 1.3757609447734946 0.4883950557819231
leaf_count=78 356 1567 1797 116 204 2556 290 430 4388 278 43 1283 231 1843 219 48 107 42 107 215 148 77 20 5 339 185 55 492 1724 1526
internal_value=-0.000504433 -0.00416333 -0.0374245 -0.0165506 0.0521341 0.0020057 0.00431761 0.00394707 0.00435781 0.00343444 -0.0146216 -0.0180042 -0.026116 -0.0308834 0.00507463 -0.0139593 0.0122814 0.0301214 -0.014449 0.00687922 0.00616146 0.00694792 -0.0389847 0.00618775 -0.0303275 0.00701352 0.00828552 0.00764128 -0.00147846 -0.0170281
internal_weight=12.352 1.52842 1.33262 0.441206 0.0773772 10.8236 10.7355 10.6774 10.6038 10.225 0.851478 0.833651 0.733763 0.699039 9.37353 0.811738 0.461182 0.36114 0.133346 8.56179 8.44825 8.30525 0.612823 8.18569 0.181019 8.00467 7.7109 7.63045 2.39071 1.01495
internal_count=20769 3762 3684 2117 320 17007 16651 16361 15931 13375 3698 3655 2372 2094 9677 523 304 256 149 9154 8939 8791 1863 8714 344 8370 8185 8130 3742 2018
cat_boundaries=0 5
cat_threshold=301991753 864047234 1132997768 402653728 1
is_linear=0
shrinkage=0.05


Tree=45
num_leaves=31
num_cat=1
split_feature=7 18 22 4 9 8 3 11 3 8 2 1 2 2 13 11 5 6 3 14 8 0 2 19 0 11 8 3 7 4
split_gain=0.099645 0.10418 0.0991867 0.214841 0.273217 0.253948 0.146996 0.132711 0.109959 0.175944 0.210855 0.170906 0.104457 0.0975374 0.104476 0.136903 0.103615 0.264579 0.187909 0.168642 0.136683 0.13505 0.145656 0.168625 0.166407 0.15926 0.121932 0.116821 0.115697 0.216882
threshold=0.39500000000000007 16.500000000000004 0 11.986950000000002 -5.2021176346199125 1.0850000000000002 1043396.6092000002 0.13690021810250824 4831276.447900001 0.99500000000000011 -0.020626738667975816 -0.012617610305445391 -0.50647559149445931 -0.45339264834843612 0.1001049135265988 0.10509676644751557 1839927573.0600002 9.1266500000000033 2202792.9871500004 0.95024752475247531 1.135 0.87147478568256631 0.31553373885832764 7.5000000000000009 0.050501506799703937 0.14150617993676351 1.2750000000000001 1329210.3136000002 1.1150000000000004 4.5844500000000012
decision_type=2 2 9 2 2 10 2 2 2 10 2 2 2 2 2 2 2 8 2 2 10 2 2 2 2 2 10 2 2 2
left_child=1 -1 3 4 5 -2 -5 -8 13 -10 -11 -12 -6 14 15 -4 19 20 27 21 -18 22 23 25 -25 28 -22 -19 29 -15
right_child=2 -3 8 6 12 -7 7 -9 9 10 11 -13 -14 16 -16 -17 17 18 -20 -21 26 -23 -24 24 -26 -27 -28 -29 -30 -31
leaf_value=0.052766018165412869 0.061304257030838409 -0.018982959572342608 -0.043851845696503688 -0.015301206783040082 0.040486022618811041 -0.05290359978775136 0.084650575264914013 -0.057561070696446309 -0.038928558444273953 -0.057585085424598143 -0.048760699561076808 0.043392010022125893 -0.045501973490440696 -0.0080654328210097471 0.067602602794099548 0.055884750867702053 0.096007420103726093 -0.05746248202444041 -0.037787719840259443 -0.061279578524347289 -0.062696227757236961 0.044530378948530215 -0.028661836073026283 0.10415168000533917 0.007957450876026265 -0.039211579375237268 0.072773654857673634 0.060338300362979706 0.00015712334058270847 0.02521533058980387
leaf_weight=0.16921969023513447 0.13017681984384361 0.072170908144888274 0.070644778211885223 0.17997656067752549 0.036329418420790849 0.077741097030114059 0.088623275933432943 0.020131507924403325 0.38167530211970113 0.096135393765372612 0.061668992842840664 0.27322893826467287 1.2694140748987097 0.74447498006725399 0.12696358561515941 0.067074615399741661 0.1453793928054723 0.025624416560254701 0.17626744336934011 0.10153843027517773 0.031134672089793189 0.19631912495994797 0.3572074648089919 0.082348556524904373 0.099018468610044583 0.21858495343903594 0.035604938944676021 0.11778342565808907 5.3988384091663448 1.4294691321944852
leaf_count=174 48 81 41 1347 12 147 293 10 266 87 31 283 2330 489 68 74 133 103 217 415 24 1858 1071 137 2229 156 85 193 7503 864
internal_value=-0.000492773 0.0313145 -0.00113051 -0.00413755 -0.0346328 0.0186016 0.0124315 0.0583259 0.0017405 -0.0142057 0.0076861 0.0264228 -0.0431095 0.00496245 0.0348856 0.00472369 0.00409777 0.0255178 -0.00321056 0.00277749 0.0688131 0.00354034 0.00257429 0.00397378 0.0516338 0.00286436 0.00957565 0.0392894 0.00407886 0.0138182
internal_weight=12.2808 0.241391 12.0394 1.80239 1.51366 0.207918 0.288731 0.108755 10.237 0.812709 0.431033 0.334898 1.30574 9.42428 0.264683 0.137719 9.15959 0.531794 0.319675 8.6278 0.212119 8.52626 8.32994 7.97273 0.181367 7.79137 0.0667396 0.143408 7.57278 2.17394
internal_count=20769 255 20514 4187 2537 195 1650 303 16327 667 401 314 2342 15660 183 115 15477 755 513 14722 242 14307 12449 11378 2366 9012 109 296 8856 1353
cat_boundaries=0 5
cat_threshold=268437321 864055426 1116220808 402653728 1
is_linear=0
shrinkage=0.05


Tree=46
num_leaves=31
num_cat=1
split_feature=13 22 9 15 18 17 0 8 8 13 3 3 2 3 13 7 17 18 11 2 2 4 6 5 14 19 3 3 6 0
split_gain=0.09422 0.100452 0.137559 0.1942 0.113849 0.105369 0.114625 0.138444 0.150282 0.0969321 0.153848 0.229564 0.173098 0.208453 0.150341 0.155597 0.152776 0.168309 0.226965 0.196331 0.158968 0.193622 0.179028 0.16751 0.155051 0.145499 0.202224 0.145224 0.145166 0.140803
threshold=0.097704014393600783 0 -5.2021176346199125 2.5000000000000004 22.500000000000004 34.500000000000007 0.067983357463341873 0.77500000000000013 1.175 0.09962523057331997 270451.19720000005 416368.31575000001 -0.30865458543058349 3425721.3021000004 0.099999999999999992 0.62500000000000011 41.500000000000007 9.5000000000000018 0.13068535129694073 -0.24674889580791207 -0.093145442039549317 4.7125500000000011 6.5416000000000007 414218790.30500007 0.86209398928982539 5.5000000000000009 2396615.9984500003 1202134.02615 12.39315 0.092552333247690521
decision_type=2 9 2 2 2 2 2 8 10 2 2 2 2 2 2 2 2 2 2 2 2 2 8 2 2 2 2 2 10 2
left_child=-1 2 3 -2 -4 6 -3 -8 -9 10 -7 -12 -13 -14 15 -11 -17 25 19 24 21 -21 -23 -22 -19 -18 27 -27 -16 -25
right_child=1 5 4 -5 -6 9 7 8 -10 14 11 12 13 -15 28 16 17 18 -20 20 23 22 -24 29 -26 26 -28 -29 -30 -31
leaf_value=-0.051410113741600705 -0.026218724107558145 0.064947727947395825 -0.03616809336732215 0.086003641575936596 0.082444980924178596 -0.059175206926517634 0.073611597051757904 -0.060088752226067459 0.034432790565396457 0.033834077044007753 0.068341992465178858 0.061826567368824449 -0.017833764343017589 0.097005152893088351 0.0045357115607380571 -0.059492237030400755 -0.032830820897774733 -0.040302948828582708 0.083214691066789331 -0.028776652411267457 -0.038249094469150341 0.052688929215852942 -0.023961420325934908 0.095861348582499326 0.025741349060539029 0.014966440629973444 -0.064239612959811676 0.1414310822728029 0.040726010894086069 0.0014525501163239398
leaf_weight=0.090136145137507451 0.10858188696098058 0.14449402037681139 1.3129067465111044 0.059771461154338526 0.020546940086276666 0.058047177502390079 0.059485883930274618 0.088367746866919519 0.080232814739009325 0.21861296070400849 0.22088368214515486 0.1181599002025302 0.39514835302849594 0.043906373572712654 5.7755171860020322 0.14737650268703939 0.81093655314680613 0.45423867444375582 0.080303385628120671 0.13142679161920523 0.28637087453248056 0.43013488177182096 0.092573417263934921 0.043980748895835253 0.11048241950857179 0.059474657212195386 0.045984224963808717 0.036713978095040262 0.29105353615404883 0.38708522871117101
leaf_count=438 140 487 2987 86 549 319 613 803 819 167 348 39 925 61 6845 359 612 230 99 77 1023 252 144 55 37 107 27 35 986 1100
internal_value=-0.00047912 -0.000100123 -0.00378181 0.0136242 -0.0343404 0.00205157 0.0301039 0.00803021 -0.0151083 0.00303453 0.0193486 0.0252066 0.00810744 -0.00634964 0.00158371 -0.00694279 -0.00980263 -0.0073367 0.0008466 -0.00256943 0.00764672 0.0254735 0.0391139 -0.00860719 -0.027382 -0.024651 0.0220057 0.0632364 0.006272 0.0110849
internal_weight=12.2029 12.1128 1.50181 0.168353 1.33345 10.611 0.37258 0.228086 0.168601 10.2384 0.836145 0.778098 0.557215 0.439055 9.40227 3.3357 3.11708 2.96971 2.0166 1.93629 1.37157 0.654135 0.522708 0.717437 0.564721 0.953109 0.142173 0.0961886 6.06657 0.431066
internal_count=20769 20331 3762 226 3536 16569 2722 2235 1622 13847 1692 1373 1025 986 12155 4324 4157 3798 3017 2918 2651 473 396 2178 267 781 169 142 7831 1155
cat_boundaries=0 5
cat_threshold=310380361 864049282 1082666120 402653728 1
is_linear=0
shrinkage=0.05


Tree=47
num_leaves=31
num_cat=1
split_feature=8 8 8 13 7 7 8 18 6 22 0 13 11 4 7 13 15 2 6 3 2 14 14 19 10 9 6 4 20 8
split_gain=0.095336 0.12413 0.121421 0.127313 0.140733 0.140491 0.196528 0.113671 0.127194 0.109292 0.197791 0.188274 0.182985 0.172821 0.148434 0.142171 0.142668 0.19766 0.140858 0.14025 0.128901 0.27856 0.227826 0.212316 0.187961 0.174475 0.196494 0.306548 0.282579 0.201701
threshold=3.7150000000000003 2.1450000000000005 1.7450000000000003 0.10028469765311866 0.94500000000000006 1.4650000000000001 1.8050000000000004 20.500000000000004 16.708600000000004 0 0.266324670369468 0.099838481563647288 0.095819780030306417 8.6583500000000004 1.0550000000000004 0.099699017560705996 2.5000000000000004 -0.24182788291201526 5.6547500000000008 1495674.8877000001 0.05591764730737548 0.58339380745041136 0.56281748911465901 7.5000000000000009 0.0809025126359042 -5.5724071048783346 3.5358000000000005 4.7125500000000011 0.26873949579831941 0.78500000000000014
decision_type=8 10 10 2 2 2 10 2 8 9 2 2 2 2 2 2 2 2 10 2 2 2 2 2 2 2 8 2 2 8
left_child=1 2 9 4 -4 -6 -7 8 -8 10 12 -12 -1 -13 -14 18 19 -18 -16 -17 21 22 23 25 -22 -11 29 -28 -29 -27
right_child=-2 -3 3 -5 5 6 7 -9 -10 20 11 13 14 -15 15 16 17 -19 -20 -21 24 -23 -24 -25 -26 26 27 28 -30 -31
leaf_value=0.037373245102156297 0.062154653834900098 -0.03832049626203559 0.074381447293641101 0.062180131100671755 -0.057666958938481873 0.11093690636227592 -0.028509121680010921 0.10827204755795689 0.10331981031515265 0.02507520771664622 -0.052182771782601292 -0.026025415327626283 0.035503901395547315 0.021680131155011665 0.054533309631352646 -0.0002598937702164532 0.010113759951286921 -0.042801674971686174 -0.016363462878130914 0.055266153018396394 -0.020264758100523486 -0.026716632651489616 0.044783256116042468 0.062782668469686886 0.016068295534316452 -0.048491598325164503 0.071016751224063826 -0.026192665702950653 0.021772802503320723 -0.011829186036628324
leaf_weight=0.79900040135757855 0.060476614400401085 0.21625325687383856 0.06818785107614056 0.14834948945121307 0.091040264495737933 0.043924718645126037 0.18721591772645396 0.020326024421406214 0.020279184682680002 0.34889366055540927 0.20038586145346526 0.32179347792913349 0.42958307978527432 0.46298796162592959 0.22298789389878959 0.4877481093291971 0.31188075266602594 0.40650056952571251 0.10215520037303949 0.14830120119052326 0.51540562438914617 1.8838787302991629 0.23209788888182403 0.10779244629759466 1.15066495634801 0.54984702047643219 0.14320062974023429 0.73577584414295705 0.52698412979390408 1.1807615585048425
leaf_count=798 369 1306 72 317 154 186 477 190 41 218 786 819 175 1655 142 463 136 327 80 71 1540 2657 153 707 3796 407 43 734 940 1010
internal_value=-0.0004662 -0.000780112 -9.49104e-05 0.022229 0.00847705 -0.00391008 0.0140995 -0.00457104 -0.015625 -0.00124259 0.00292461 -0.00892626 0.0169958 0.00211885 0.00927631 0.0025681 -0.00455937 -0.0198288 0.0322586 0.0126866 -0.0031444 -0.0109786 -0.00322809 -0.00632927 0.00482852 -0.00846665 -0.0121977 0.00168684 -0.00617537 -0.0234775
internal_weight=12.1247 12.0642 11.848 0.579323 0.430974 0.362786 0.271746 0.227821 0.207495 11.2686 3.89332 0.985167 2.90816 0.784781 2.10916 1.67957 1.35443 0.718381 0.325143 0.636049 7.3753 5.70923 3.82535 3.59326 1.66607 3.48546 3.13657 1.40596 1.26276 1.73061
internal_count=20769 20400 19094 1437 1120 1048 894 708 518 17657 5452 3260 2192 2474 1394 1219 997 463 222 534 12205 6869 4212 4059 5336 3352 3134 1717 1674 1417
cat_boundaries=0 4
cat_threshold=2348810272 3998061 2689859684 557868045
is_linear=0
shrinkage=0.05


Tree=48
num_leaves=31
num_cat=1
split_feature=13 22 3 0 13 0 6 6 6 6 6 0 7 15 14 3 5 2 5 20 16 2 14 13 5 5 18 8 4 13
split_gain=0.0875511 0.0895591 0.134267 0.16544 0.120546 0.254561 0.250018 0.214862 0.188448 0.258979 0.215259 0.206103 0.190412 0.247657 0.180067 0.189451 0.152653 0.15188 0.144986 0.142994 0.11978 0.144116 0.114088 0.144124 0.148681 0.119178 0.104351 0.0966503 0.0965337 0.0942655
threshold=0.097704014393600783 0 4831276.447900001 0.26274648409673512 0.099907135062787714 0.18997946791239906 6.1557000000000004 2.0959000000000008 1.7956000000000003 5.1074000000000011 5.3194000000000008 0.086785599653532455 1.9450000000000001 1.5000000000000002 0.25820497214289068 2082043.7007500001 2174757189.8750005 -0.39490177065283499 907645521.43500006 0.26705426356589151 2.5000000000000004 0.26162841779714635 0.49106858054226482 0.10011755531018808 831387854.66000021 308093481.91000003 15.500000000000002 1.0850000000000002 14.954500000000001 0.10057637366287954
decision_type=2 9 2 2 2 2 10 10 8 10 8 2 2 2 2 2 2 2 2 2 2 2 2 2 2 2 2 8 2 2
left_child=-1 2 4 -4 5 6 7 -2 -6 11 -11 17 19 -14 -12 18 -17 -10 22 26 29 -22 -16 25 -25 -24 -13 -21 -18 -3
right_child=1 20 3 -5 8 -7 -8 -9 9 10 14 12 13 -15 15 16 28 -19 -20 27 21 -23 23 24 -26 -27 -28 -29 -30 -31
leaf_value=-0.050653503968626439 -0.048463493287278163 -0.0059238901917259097 -0.057965018529214651 0.0078999300585018573 0.050758366064236983 -0.036743313997964842 -0.04018316491440909 0.041150846666692532 0.03628906716096153 0.12296663021394855 -0.047470739114099055 0.062878245420304055 0.076809041666422787 -0.048353263203065912 0.055509672624081741 -0.063458650617957663 0.063258053493960381 -0.040398003315558005 0.081640480993297668 -0.035125801049716326 -0.043202178694523502 0.025204251574884401 0.075718408916385746 0.054522349527640179 -0.064082981800019603 -0.033596660845738181 0.00040413347860574882 0.067770260265237262 -0.020984642905704867 0.013132106323366003
leaf_weight=0.086231787396813142 0.076753474537407218 6.3772064806064259 0.15762722285620906 0.24126875763953898 0.37546029043347923 0.35294146576184948 0.16331071999833557 0.52035947568779262 0.076389710869989524 0.057888847436346355 0.081556898210508932 0.27125140769847511 0.049598036450076044 0.19455235566329215 0.27288580760387687 0.086878496414822648 0.068413249093833547 0.41709575617848288 0.16838736203679316 0.10564650580367525 0.38908485840130852 0.095989268521984583 0.029272603670072728 0.21551759443649623 0.030115506952523491 0.16818869100731626 0.088696379159959371 0.029109839644616539 0.06761509660062405 0.72250298401437518
leaf_count=438 112 11098 62 211 331 1215 137 308 44 62 240 170 181 306 434 81 42 287 326 210 1775 454 58 436 37 280 100 92 62 1180
internal_value=-0.000453228 -9.10273e-05 0.00289501 -0.0181272 0.0123045 -0.00165003 0.0146381 0.0296317 0.0177473 0.0127476 0.0288148 -0.00350704 0.013204 -0.0229271 0.0242302 0.0295114 -0.0116837 -0.0285271 0.0398947 0.0310358 -0.00242709 -0.0296655 0.0300767 0.0144135 0.0399809 -0.0173913 0.0474837 -0.0128984 0.0213839 -0.00398465
internal_weight=12.0378 11.9516 4.36678 0.398896 3.96789 1.11337 0.760424 0.597113 2.85452 2.47906 1.24672 1.23234 0.738855 0.24415 1.18883 1.10727 0.222907 0.493485 0.884368 0.494704 7.58478 0.485074 0.71598 0.443094 0.245633 0.197461 0.359948 0.134756 0.136028 7.09971
internal_count=20769 20331 5824 273 5551 1772 557 420 3779 3448 2058 1390 1059 487 1996 1756 185 331 1571 572 14507 2229 1245 811 473 338 270 302 104 12278
cat_boundaries=0 4
cat_threshold=3355443204 72286572 542376005 557853837
is_linear=0
shrinkage=0.05


Tree=49
num_leaves=31
num_cat=1
split_feature=8 8 8 3 21 1 10 22 0 13 4 4 4 13 5 3 6 11 9 7 17 11 6 8 4 9 1 11 8 20
split_gain=0.0865385 0.111938 0.107085 0.115603 0.127017 0.11452 0.146322 0.0966091 0.165212 0.177222 0.160785 0.15573 0.161513 0.147624 0.192581 0.229135 0.203681 0.209323 0.188197 0.135932 0.215195 0.128538 0.203382 0.128167 0.161472 0.282109 0.214998 0.228554 0.242046 0.177014
threshold=3.7150000000000003 2.1450000000000005 1.7450000000000003 2256560.5991000007 0.24636459430979982 0.017641871563440107 0.10272931868791955 0 0.21292709175114929 0.099838481563647288 10.123600000000001 4.9281000000000015 4.5844500000000012 0.099803181760369078 225259084.81000003 4542266.3331500003 3.9617500000000008 0.095819780030306417 -5.5724071048783346 1.2950000000000002 93.500000000000014 0.10403561867837685 3.9034500000000003 0.59500000000000008 6.4901000000000009 1.2914257489031635 0.05940206158877815 0.1193207115680401 0.66500000000000015 0.1356236786469345
decision_type=8 8 10 2 2 2 2 9 2 2 2 2 2 2 2 2 10 2 2 2 2 2 8 8 2 2 2 2 10 2
left_child=1 2 7 4 5 6 -4 8 11 -10 -11 12 -1 18 19 16 -16 -18 -13 20 -15 22 -20 -9 25 26 27 28 -25 -26
right_child=-2 -3 3 -5 -6 -7 -8 23 9 10 -12 13 -14 14 15 -17 17 -19 21 -21 -22 -23 -24 24 29 -27 -28 -29 -30 -31
leaf_value=0.022116791102581745 0.059804523373573039 -0.037100208476609248 -0.027744208553521055 -0.038552132936259219 -0.053811044933363278 0.073170713081814429 0.045289834660892397 -0.034473188113822474 -0.044353357850633254 -0.016001503195509872 0.023353008356181815 -0.031971058779221677 0.076561586651431535 -0.032114767388423129 -0.029326495219311518 -0.056771567960820592 0.068924775147335457 0.014183063316432218 0.073479782175514152 -0.047060956361507492 0.071970649764079977 0.067481213398410525 -0.033247158557788786 0.036304677069981708 -0.027501409332118976 -0.042288044080172033 0.027737904796628712 0.033136741585573157 -0.028681918055655828 0.0049191055008320252
leaf_weight=0.52098144770018495 0.059316628380531422 0.20795874899667488 0.10558376035949879 0.070846851252125143 0.041631367919120865 0.14993846943337619 0.19568225499479763 0.4085786911924712 0.24029387256860268 0.52929453800967274 0.50923339455935612 0.095517602404204982 0.18444291783787414 0.13654170027305357 0.16818428385187356 0.10540668711394485 0.25266096977759667 0.56544961774665603 0.078689243391059038 0.28219309852845709 0.078040966378624677 0.26602419428967355 0.10315444960647085 0.16221526977531064 0.48036763805698601 0.70126224286229355 0.39256094715915768 0.22583113739466965 1.2275777291238186 3.4081568148961905
leaf_count=466 369 1306 290 153 676 158 160 982 931 1281 1676 47 65 87 89 33 212 364 47 333 69 126 120 128 393 985 361 134 1377 7351
internal_value=-0.000438424 -0.000738855 -9.18033e-05 0.0211691 0.0297542 0.0374646 0.0196938 -0.00116928 0.00270104 -0.00565772 0.00329565 0.0159883 0.0363521 0.00925 0.00155459 0.0132986 0.020787 0.0310892 0.031746 -0.0242536 0.00573977 0.045335 0.0129368 -0.00300671 -0.00561516 -0.0149857 -0.00545168 -0.013516 -0.0210967 0.000914047
internal_weight=11.9536 11.8943 11.6863 0.563683 0.492836 0.451204 0.301266 11.1227 4.11611 1.27882 1.03853 2.83729 0.705424 2.13186 1.58848 1.0917 0.986295 0.818111 0.543385 0.496776 0.214583 0.447868 0.181844 7.00655 6.59797 2.70945 2.00819 1.61562 1.38979 3.88852
internal_count=20769 20400 19094 1437 1284 608 450 17657 5946 3888 2957 2058 531 1527 1187 698 665 576 340 489 156 293 167 11711 10729 2985 2000 1639 1505 7744
cat_boundaries=0 4
cat_threshold=2281701408 3998061 2689859940 553804813
is_linear=0
shrinkage=0.05


end of trees

feature_importances:
vr_prev=134
ret60=130
close_ret=124
vr_d0=113
pct_prev=100
wr1=86
amplitude=85
turn_d0=84
ftr=80
cmv=73
amount=64
amt_rank_pct=62
intraday=57
sw_l2=55
mkt_chain_n=44
zha_rate=42
promo_yd=37
gap=36
ind_boards=34
mkt_boards_n=31
mkt_max_streak=23
streak_prev=6

parameters:
[boosting: gbdt]
[objective: binary]
[metric: binary_logloss]
[tree_learner: serial]
[device_type: cpu]
[data_sample_strategy: bagging]
[data: ]
[valid: ]
[num_iterations: 50]
[learning_rate: 0.05]
[num_leaves: 31]
[num_threads: 0]
[seed: 42]
[deterministic: 0]
[force_col_wise: 0]
[force_row_wise: 0]
[histogram_pool_size: -1]
[max_depth: -1]
[min_data_in_leaf: 50]
[min_sum_hessian_in_leaf: 0.001]
[bagging_fraction: 1]
[pos_bagging_fraction: 1]
[neg_bagging_fraction: 1]
[bagging_freq: 0]
[bagging_seed: 400]
[bagging_by_query: 0]
[feature_fraction: 1]
[feature_fraction_bynode: 1]
[feature_fraction_seed: 30056]
[extra_trees: 0]
[extra_seed: 12879]
[early_stopping_round: 0]
[early_stopping_min_delta: 0]
[first_metric_only: 0]
[max_delta_step: 0]
[lambda_l1: 0]
[lambda_l2: 0]
[linear_lambda: 0]
[min_gain_to_split: 0]
[drop_rate: 0.1]
[max_drop: 50]
[skip_drop: 0.5]
[xgboost_dart_mode: 0]
[uniform_drop: 0]
[drop_seed: 17869]
[top_rate: 0.2]
[other_rate: 0.1]
[min_data_per_group: 100]
[max_cat_threshold: 32]
[cat_l2: 10]
[cat_smooth: 10]
[max_cat_to_onehot: 4]
[top_k: 20]
[monotone_constraints: ]
[monotone_constraints_method: basic]
[monotone_penalty: 0]
[feature_contri: ]
[forcedsplits_filename: ]
[refit_decay_rate: 0.9]
[cegb_tradeoff: 1]
[cegb_penalty_split: 0]
[cegb_penalty_feature_lazy: ]
[cegb_penalty_feature_coupled: ]
[path_smooth: 0]
[interaction_constraints: ]
[verbosity: -1]
[saved_feature_importance_type: 0]
[use_quantized_grad: 0]
[num_grad_quant_bins: 4]
[quant_train_renew_leaf: 0]
[stochastic_rounding: 1]
[linear_tree: 0]
[max_bin: 255]
[max_bin_by_feature: ]
[min_data_in_bin: 3]
[bin_construct_sample_cnt: 200000]
[data_random_seed: 175]
[is_enable_sparse: 1]
[enable_bundle: 1]
[use_missing: 1]
[zero_as_missing: 0]
[feature_pre_filter: 1]
[pre_partition: 0]
[two_round: 0]
[header: 0]
[label_column: ]
[weight_column: ]
[group_column: ]
[ignore_column: ]
[categorical_feature: 22]
[forcedbins_filename: ]
[precise_float_parser: 0]
[parser_config_file: ]
[objective_seed: 16083]
[num_class: 1]
[is_unbalance: 0]
[scale_pos_weight: 1]
[sigmoid: 1]
[boost_from_average: 1]
[reg_sqrt: 0]
[alpha: 0.9]
[fair_c: 1]
[poisson_max_delta_step: 0.7]
[tweedie_variance_power: 1.5]
[lambdarank_truncation_level: 30]
[lambdarank_norm: 1]
[label_gain: ]
[lambdarank_position_bias_regularization: 0]
[eval_at: ]
[multi_error_top_k: 1]
[auc_mu_weights: ]
[num_machines: 1]
[local_listen_port: 12400]
[time_out: 120]
[machine_list_filename: ]
[machines: ]
[gpu_platform_id: -1]
[gpu_device_id: -1]
[gpu_device_id_list: ]
[gpu_use_dp: 0]
[num_gpu: 1]

end of parameters

pandas_categorical:[["IT\u670d\u52a1\u2161", "\u4e00\u822c\u96f6\u552e", "\u4e13\u4e1a\u5de5\u7a0b", "\u4e13\u4e1a\u670d\u52a1", "\u4e13\u4e1a\u8fde\u9501\u2161", "\u4e13\u7528\u8bbe\u5907", "\u4e2a\u62a4\u7528\u54c1", "\u4e2d\u836f\u2161", "\u4e58\u7528\u8f66", "\u4e92\u8054\u7f51\u7535\u5546", "\u4f11\u95f2\u98df\u54c1", "\u4f53\u80b2\u2161", "\u4fdd\u9669\u2161", "\u5143\u4ef6", "\u5149\u4f0f\u8bbe\u5907", "\u5149\u5b66\u5149\u7535\u5b50", "\u5176\u4ed6\u5bb6\u7535\u2161", "\u5176\u4ed6\u7535\u5b50\u2161", "\u5176\u4ed6\u7535\u6e90\u8bbe\u5907\u2161", "\u517b\u6b96\u4e1a", "\u519b\u5de5\u7535\u5b50\u2161", "\u519c\u4e1a\u7efc\u5408\u2161", "\u519c\u4ea7\u54c1\u52a0\u5de5", "\u519c\u5316\u5236\u54c1", "\u519c\u5546\u884c\u2161", "\u51b6\u94a2\u539f\u6599", "\u51fa\u7248", "\u52a8\u7269\u4fdd\u5065\u2161", "\u5305\u88c5\u5370\u5237", "\u5316\u5986\u54c1", "\u5316\u5b66\u5236\u54c1", "\u5316\u5b66\u5236\u836f", "\u5316\u5b66\u539f\u6599", "\u5316\u5b66\u7ea4\u7ef4", "\u533b\u7597\u5668\u68b0", "\u533b\u7597\u670d\u52a1", "\u533b\u836f\u5546\u4e1a", "\u534a\u5bfc\u4f53", "\u53a8\u536b\u7535\u5668", "\u5546\u7528\u8f66", "\u5730\u9762\u5175\u88c5\u2161", "\u57ce\u5546\u884c\u2161", "\u57fa\u7840\u5efa\u8bbe", "\u5851\u6599", "\u591a\u5143\u91d1\u878d", "\u5bb6\u5c45\u7528\u54c1", "\u5bb6\u7535\u96f6\u90e8\u4ef6\u2161", "\u5c0f\u5bb6\u7535", "\u5c0f\u91d1\u5c5e", "\u5de5\u4e1a\u91d1\u5c5e", "\u5de5\u7a0b\u54a8\u8be2\u670d\u52a1\u2161", "\u5de5\u7a0b\u673a\u68b0", "\u5e7f\u544a\u8425\u9500", "\u5f71\u89c6\u9662\u7ebf", "\u623f\u5730\u4ea7\u5f00\u53d1", "\u623f\u5730\u4ea7\u670d\u52a1", "\u623f\u5c4b\u5efa\u8bbe\u2161", "\u6469\u6258\u8f66\u53ca\u5176\u4ed6", "\u6559\u80b2", "\u6570\u5b57\u5a92\u4f53", "\u6587\u5a31\u7528\u54c1", "\u65c5\u6e38\u53ca\u666f\u533a", "\u65c5\u6e38\u96f6\u552e\u2161", "\u666e\u94a2", "\u670d\u88c5\u5bb6\u7eba", "\u6797\u4e1a\u2161", "\u6a61\u80f6", "\u6c34\u6ce5", "\u6c7d\u8f66\u670d\u52a1", "\u6c7d\u8f66\u96f6\u90e8\u4ef6", "\u6cb9\u670d\u5de5\u7a0b", "\u6cb9\u6c14\u5f00\u91c7\u2161", "\u6d88\u8d39\u7535\u5b50", "\u6e14\u4e1a", "\u6e38\u620f\u2161", "\u70bc\u5316\u53ca\u8d38\u6613", "\u7126\u70ad\u2161", "\u7164\u70ad\u5f00\u91c7", "\u7167\u660e\u8bbe\u5907\u2161", "\u71c3\u6c14\u2161", "\u7269\u6d41", "\u7279\u94a2\u2161", "\u73af\u4fdd\u8bbe\u5907\u2161", "\u73af\u5883\u6cbb\u7406", "\u73bb\u7483\u73bb\u7ea4", "\u751f\u7269\u5236\u54c1", "\u7535\u529b", "\u7535\u5b50\u5316\u5b66\u54c1\u2161", "\u7535\u673a\u2161", "\u7535\u6c60", "\u7535\u7f51\u8bbe\u5907", "\u7535\u89c6\u5e7f\u64ad\u2161", "\u767d\u8272\u5bb6\u7535", "\u767d\u9152\u2161", "\u79cd\u690d\u4e1a", "\u7eba\u7ec7\u5236\u9020", "\u7efc\u5408\u2161", "\u80a1\u4efd\u5236\u94f6\u884c\u2161", "\u80fd\u6e90\u91d1\u5c5e", "\u81ea\u52a8\u5316\u8bbe\u5907", "\u822a\u5929\u88c5\u5907\u2161", "\u822a\u6d77\u88c5\u5907\u2161", "\u822a\u7a7a\u673a\u573a", "\u822a\u7a7a\u88c5\u5907\u2161", "\u822a\u8fd0\u6e2f\u53e3", "\u88c5\u4fee\u5efa\u6750", "\u88c5\u4fee\u88c5\u9970\u2161", "\u8ba1\u7b97\u673a\u8bbe\u5907", "\u8bc1\u5238\u2161", "\u8c03\u5473\u53d1\u9175\u54c1\u2161", "\u8d35\u91d1\u5c5e", "\u8d38\u6613\u2161", "\u8f68\u4ea4\u8bbe\u5907\u2161", "\u8f6f\u4ef6\u5f00\u53d1", "\u901a\u4fe1\u670d\u52a1", "\u901a\u4fe1\u8bbe\u5907", "\u901a\u7528\u8bbe\u5907", "\u9020\u7eb8", "\u9152\u5e97\u9910\u996e", "\u91d1\u5c5e\u65b0\u6750\u6599", "\u94c1\u8def\u516c\u8def", "\u975e\u767d\u9152", "\u975e\u91d1\u5c5e\u6750\u6599\u2161", "\u98ce\u7535\u8bbe\u5907", "\u98df\u54c1\u52a0\u5de5", "\u996e\u6599\u4e73\u54c1", "\u9970\u54c1", "\u9972\u6599", "\u9ed1\u8272\u5bb6\u7535"]]
