tree
version=v4
num_class=1
num_tree_per_iteration=1
label_index=0
max_feature_idx=22
objective=binary sigmoid:1
feature_names=wr1 gap ret60 cmv ftr amount turn_d0 vr_d0 vr_prev pct_prev intraday amplitude seal_hard close_ret amt_rank_pct ind_boards streak_prev mkt_boards_n mkt_chain_n mkt_max_streak zha_rate promo_yd sw_l2
feature_infos=[0:1.0000000000000007] [-0.10465116279069764:0.10588235294117654] [-0.67999999999999994:5.0384615384615392] [36636.599999999999:193496882.99250001] [0.11749999999999999:147.02070000000001] [2925612:31598894525.549999] [0.039300000000000002:55.946300000000001] [0.029999999999999999:22.719999999999999] [0.23000000000000001:16.620000000000001] [-10.416666666666663:9.4972067039106101] [-0.0044800000000000178:0.20930232558139528] [0:0.20930232558139528] [0:1] [0.095008051529790638:0.10588235294117654] [0.0014513788098693759:1] [1:51] [0:14] [5:890] [0:314] [1:18] [0:0.80158730158730163] [0:0.85245901639344257] -1:69:116:5:90:30:86:54:1:0:115:31:15:72:49:13:45:113:64:32:37:28:23:89:43:83:107:99:14:2:80:48:7:88:20:46:108:52:42:75:105:17:35:95:18:44:53:114:103:106:34:51:104:125:60:84:67:96:61:79:120:36:22:33:117:26:82:74:10:9:50:98:77:124:63:93:123:94:112:59:119:39:19:111:87:91:110:47:57:55:58:40:127:70:85:126:68:76:128:66:25:56:78:3:109:122:6:100:121:8:29:81:92:73:27:101:38:118:102:65:4:11:62:16:12:71:41:21:24
tree_sizes=3428 3522 3487 3525 3526 3535 3560 3524 3502 3549 3565 3525 3541 3525 3517 3563 3593 3535 3527 3550 3562 3547 3537 3555 3591 3607 3584 3582 3575 3539 3564 3594 3564 3577 3609 3619 3596 3547 3605 3587 3538 3559 3595 3573 3558 3595 3555 3530 3568 3549

Tree=0
num_leaves=31
num_cat=2
split_feature=22 7 17 7 13 1 0 0 5 21 2 7 7 6 14 18 2 15 3 11 22 4 13 9 0 20 4 13 11 20
split_gain=24.2403 11.8875 8.63923 8.57889 7.07625 6.2399 5.56105 5.07615 6.23527 5.52565 4.52715 5.15634 4.10548 4.48379 3.92952 6.19199 3.92587 3.99413 3.76982 4.01915 3.7141 3.59663 3.56408 5.61166 3.99418 3.6454 5.3782 5.32888 3.98695 3.51793
threshold=0 0.62500000000000011 30.500000000000004 0.31500000000000006 0.10004077065895546 0.0086544863259244726 0.61551553590494323 0.77832330264176108 510061927.22000009 0.16405676535356009 -0.18562601820925942 2.6750000000000003 0.9850000000000001 11.664900000000001 0.73375527426160347 9.5000000000000018 -0.4359122999964522 14.500000000000002 371717.95775000006 0.11252588956756822 1 23.037750000000006 0.10085653497670667 -0.64542164596839136 0.098029382770428136 0.32779310344827589 3.6367500000000006 0.099846683990376786 0.10650004550120461 0.26752374713396659
decision_type=9 2 2 2 2 2 2 2 2 2 2 2 2 8 2 2 2 2 2 2 9 2 2 2 2 2 2 2 2 2
left_child=2 4 10 -4 5 -2 12 8 14 -9 -1 -12 18 -14 16 -16 -5 22 19 29 -8 -10 25 -24 -25 26 -18 28 -27 -3
right_child=1 6 3 7 -6 -7 20 9 21 -11 11 -13 13 -15 15 -17 17 -19 -20 -21 -22 -23 23 24 -26 27 -28 -29 -30 -31
leaf_value=-1.0824215933928101 -1.358600133963946 -1.2296249951644478 -1.1308423613007794 -1.1983770189369387 -1.3295635063850169 -1.1899898322283737 -1.3020656245665527 -1.2096318908352053 -1.3327507655510298 -1.2897831472983385 -1.1739985722022352 -1.3748632557430482 -1.3468933552692288 -1.3072008033957101 -1.3818110108478971 -1.1777630518905693 -1.2166786964072929 -1.3818015906088779 -1.3298714694109828 -1.1439354346146735 -1.3309256100170963 -1.2690093821991304 -1.124060585410549 -1.3820608562160808 -1.2192382547327814 -1.3069553030516901 -1.2975919563111558 -1.3519735209760726 -1.1630134841625566 -1.3377032028786873
leaf_weight=0.63911993344397933 0.66915884779228152 1.2923889397821069 0.7695833843634422 1.0034808796681236 2.4666496094496182 3.0486372585524677 13.530461745573573 3.0205735625126788 19.466406150511187 7.4635685424878844 0.93459075005197323 0.48546500248111357 85.84078155933247 7.7578856064319686 0.48415940129757418 1.6020387243363527 2.305984675540695 1.3873803573062549 10.501932537279101 0.53296447607598896 12.378017255950796 2.4969210186003172 0.76058466673447389 0.66763988791717455 0.86417567027206132 1.5292871554394181 18.771996629154863 6.1035718581591709 0.70184847152609098 1.8037715499515128
leaf_count=136 52 175 54 72 216 211 2084 163 1074 1146 369 328 7257 1086 65 151 212 107 483 57 2520 222 68 23 95 138 1576 428 54 147
internal_value=-1.31888 -1.33082 -1.29693 -1.29685 -1.2639 -1.22034 -1.33481 -1.29871 -1.30449 -1.26669 -1.19293 -1.24267 -1.33981 -1.3436 -1.29173 -1.22512 -1.29581 -1.29876 -1.31469 -1.27076 -1.31401 -1.3255 -1.29513 -1.23508 -1.2902 -1.29981 -1.28874 -1.3278 -1.26168 -1.29259
internal_weight=211.281 139.823 71.4584 69.3992 6.18445 3.7178 133.638 68.6296 58.1455 10.4841 2.05918 1.42006 107.73 93.5987 36.1821 2.0862 34.096 33.0925 14.1311 3.62912 25.9085 21.9633 31.7051 2.2924 1.53182 29.4127 21.078 8.33471 2.23114 3.09616
internal_count=20769 14288 6481 5648 479 263 13809 5594 4285 1309 833 697 9205 8343 2989 216 2773 2701 862 379 4604 1296 2594 186 118 2408 1788 620 192 322
cat_boundaries=0 4 8
cat_threshold=2214723590 138740013 72384773 1623207048 1086349313 2149756930 2150180936 205279744
is_linear=0
shrinkage=1


Tree=1
num_leaves=31
num_cat=3
split_feature=22 7 7 13 4 17 8 0 2 21 17 7 14 9 6 4 11 3 21 7 13 22 8 22 3 20 9 1 13 16
split_gain=21.9567 10.4175 8.75426 7.62812 5.19424 4.92849 4.55129 4.39294 4.25276 6.9779 4.64139 4.68617 4.22391 4.05442 4.94283 3.94482 3.70598 3.6836 3.55422 3.499 3.57975 3.36461 3.35705 3.34404 4.06961 3.15389 3.43305 2.90408 2.86917 2.8516
threshold=0 0.9850000000000001 0.58500000000000008 0.10046838664385062 13.253050000000002 45.500000000000007 3.5950000000000002 0.80190570976642739 -0.21043128039801792 0.20238941829042814 86.500000000000014 1.4850000000000001 0.214544889073191 -5.2021176346199125 3.0909500000000008 21.022900000000003 0.11174108482276805 871720.06475000002 0.15590277777777781 0.39500000000000007 0.10001661423892995 1 0.75500000000000012 2 286300.91110000008 0.26953601953601958 2.1678939692318826 0.099911174290084573 0.10009647909479981 4.5000000000000009
decision_type=9 2 2 2 2 2 8 2 2 2 2 2 2 2 10 2 2 2 2 2 2 9 8 9 2 2 2 2 2 2
left_child=2 13 12 7 6 -5 27 8 9 10 11 -4 -1 14 -2 -10 -12 22 -9 20 -15 -6 -7 24 -21 -17 28 -3 -27 -20
right_child=1 4 3 5 21 17 -8 18 15 -11 16 -13 -14 19 -16 25 -18 -19 29 23 -22 -23 -24 -25 -26 26 -28 -29 -30 -31
leaf_value=0.16542010375206836 0.14052555976912096 -0.027846073329331908 0.14684829539016017 0.1521638833067876 0.013776693711949329 -0.0095888806911706339 0.11856442448079692 0.090674921232373071 -0.0055485891713131083 -0.021513596343742915 -0.018545955346985585 0.05190266601195978 0.056510032090705146 0.14871908260424258 0.011669360354195345 0.0043024552523364392 0.09810719863172368 -0.0099182169369254752 0.014172709769933631 0.12776073306270261 -0.0087250558043770309 -0.012489219183033216 0.096834689607947166 -0.013523245787488531 0.023218354760489307 -0.018750274570622803 0.17001366422280739 0.051792912296979236 0.13995496260949225 0.1125710221511594
leaf_weight=1.3800012665500525 1.4162274617153898 79.954929137939061 1.9023187895961706 1.3556917969360558 12.113295130036006 0.95487774780087864 0.54277134273138372 2.8172888208159588 38.439441440735919 4.3167172767227688 2.7384939375201616 4.1017981001821084 2.5086185295259753 0.87240980675113877 1.5684385423721208 2.2784027102439799 0.90613014758173438 1.9530963577072951 6.7532743376372721 1.0611058324136928 0.61590468469826476 17.308060271454043 3.3084095049198936 8.4552625344538175 7.5870410420708723 0.80167298594315661 0.80790371700810215 1.1613397253256454 0.44168400350696402 0.82639722258575421
leaf_count=130 96 7725 47 303 1755 82 92 155 3341 371 113 117 85 68 132 192 96 138 950 148 76 2531 363 649 446 139 74 168 69 118
internal_value=-1.88507e-05 -0.0121585 0.0195335 0.0182116 -0.0192504 0.065785 -0.0257403 0.0128456 0.0073702 0.0313265 0.0549664 0.0819848 0.0951603 0.0187168 0.0728118 -0.000452266 0.0104565 0.0469471 0.0427238 0.0100325 0.0835645 -0.00123748 0.0729983 0.00363385 0.0167162 0.0447937 0.0897687 -0.0267059 0.0376274 0.0249009
internal_weight=211.249 132.657 78.5922 74.7036 111.08 7.57208 81.659 67.1315 56.7346 13.9655 9.64874 6.00412 3.88862 21.5764 2.98467 42.7691 3.64462 6.21638 10.397 18.5917 1.48831 29.4214 4.26329 17.1034 8.64815 4.32966 2.05126 81.1163 1.24336 7.57967
internal_count=20769 13886 6883 6668 12271 886 7985 5782 4559 744 373 164 215 1615 228 3815 209 583 1223 1387 144 4286 445 1243 594 474 282 7893 208 1068
cat_boundaries=0 4 8 12
cat_threshold=2214731782 138740013 72384773 1623223432 278447265 537041024 2189764680 218435584 269746848 3277824 2147485792 1900564
is_linear=0
shrinkage=0.05


Tree=2
num_leaves=31
num_cat=2
split_feature=22 7 7 13 13 0 2 9 5 15 8 8 3 22 11 11 2 14 1 4 6 13 11 1 17 3 4 7 8 7
split_gain=20.0391 8.25159 7.29772 6.67378 5.84538 5.83253 4.96735 5.32644 4.84115 4.05656 4.52416 3.99259 3.95957 3.71096 3.51333 3.44576 5.30747 4.74555 3.41269 3.36478 3.20252 3.21448 3.31306 3.07613 2.92417 2.90236 2.77318 2.55719 2.55015 2.48718
threshold=0 0.62500000000000011 0.58500000000000008 0.10004077065895546 0.10046838664385062 0.63140963017440421 0.32155716403020079 1.4084507042253616 510061927.22000009 6.5000000000000009 0.85500000000000009 1.1850000000000003 659885.81260000018 1 0.080168776371308037 0.10714285714285729 -0.28209439348842857 0.41719409282700431 0.099999999999999992 6.7060500000000003 10.833600000000002 0.10080972987149218 0.108189542104365 0.00070064915285150697 78.500000000000014 926180.42720000015 9.9314000000000018 0.80500000000000016 1.135 0.9850000000000001
decision_type=9 2 2 2 2 2 2 2 2 2 8 8 2 9 2 2 2 2 2 2 8 2 2 2 2 2 2 2 8 2
left_child=2 3 25 14 6 18 8 11 15 10 -6 -8 -12 -7 -2 -4 17 -17 20 -15 21 29 -23 26 -24 -1 -18 -21 -11 -3
right_child=1 5 4 -5 9 13 7 -9 -10 28 12 -13 -14 19 -16 16 23 -19 -20 27 -22 22 24 -25 -26 -27 -28 -29 -30 -31
leaf_value=0.13471463195190342 0.11671020060049996 -0.0050814040425790057 0.0073023210126467245 -0.020052932906120282 -0.014249148851835938 -0.014137492129105658 -0.0062285467609427235 0.088852327314935656 -0.011908836040225608 0.19661095603802736 0.11001828074202979 0.120124344482415 0.008515752600453971 -0.032337671750310569 0.019222181750754904 0.056538736730345034 0.014662330341535607 0.20778688352494834 0.049779921366258077 0.15838311396112803 0.0049618030169302531 -0.010698252441716303 0.020454702936884971 -0.022987212196477133 0.17840468790569375 0.045687174683209021 0.079963505466480345 0.030458039813005322 0.064277588588030968 -0.028965963156273058
leaf_weight=1.8713619593614788 2.6362182875207614 12.670497465215716 20.556044974348634 2.6013151777956693 2.2930737160362815 8.03928544568201 4.2417999935893516 4.2017494036887086 19.842606300351669 0.77431188926176697 2.6509562670002111 0.73328952265617875 1.5069921320730797 2.200110034804772 1.423061827644801 1.4669618503571649 3.8463307149205601 0.80223069983931328 1.740256170497317 0.40148282451119044 10.810334103914313 2.4893105367565336 0.65755789218358962 2.4778802767254433 0.52856633635042272 1.7922167943059717 2.8162513838752119 14.483562072839403 0.68710963071106346 77.988729493432658
leaf_count=140 185 690 2230 216 242 1481 338 352 1463 40 327 66 181 446 81 86 266 87 212 43 1344 286 116 173 45 62 347 2495 99 6630
internal_value=-7.25749e-05 -0.0110352 0.0196856 0.0424683 0.0187421 -0.0145706 0.0134963 0.047402 0.00749053 0.0591747 0.0421348 0.0123949 0.0732301 0.00710672 0.0825338 0.0195326 0.0415672 0.11001 -0.0196661 0.0160081 -0.0208155 -0.0237695 0.0220702 0.0245758 0.0908411 0.0911625 0.0422649 0.0339085 0.134392 -0.0256279
internal_weight=211.231 138.67 72.5612 6.6606 68.8976 132.01 60.9851 9.17684 51.8083 7.91244 6.45102 4.97509 4.15795 25.1244 4.05928 31.9657 11.4097 2.26919 106.885 17.0852 105.145 94.3347 3.67543 9.14046 1.18612 3.66358 6.66258 14.885 1.46142 90.6592
internal_count=20769 14270 6499 482 6297 13788 5408 756 4652 889 750 404 508 4465 266 3189 959 173 9323 2984 9111 7767 447 786 161 202 613 2538 139 7320
cat_boundaries=0 4 9
cat_threshold=2214723586 206897453 72384773 1623207048 270303872 268962960 1384267808 2432860193 1
is_linear=0
shrinkage=0.05


Tree=3
num_leaves=31
num_cat=3
split_feature=22 7 7 13 13 2 4 8 2 22 8 9 5 17 22 0 9 9 11 0 14 10 2 1 14 9 8 3 9 7
split_gain=18.6971 7.26166 6.23309 5.90046 4.8712 4.77018 4.72549 6.46763 5.4277 5.2891 4.43581 4.58305 4.27567 3.95926 3.91068 3.55213 3.25068 2.99701 2.98075 2.97848 2.92307 2.85576 2.79527 2.74631 2.50182 2.44684 4.15458 2.44465 2.34556 5.11605
threshold=0 0.62500000000000011 0.65500000000000014 0.10004077065895546 0.10046838664385062 0.34193550094758135 11.688250000000002 3.7150000000000003 -0.41893116896806148 1 1.0150000000000003 1.4349965455066285 520998912.71500009 55.500000000000007 2 0.25902617575720932 0.11468025645240411 -3.3931348887101138 0.099589115210937287 0.86736294883920773 0.214544889073191 0.11565968356094573 0.039873745346155183 0.099999999999999992 0.57091022185361817 -0.46488472433408029 0.92500000000000016 505054.92380000005 0.51474029717099035 0.96500000000000008
decision_type=9 2 2 2 2 2 2 8 2 9 10 2 2 2 9 2 2 2 2 2 2 2 2 2 2 2 8 2 2 2
left_child=2 3 13 18 5 12 7 14 -8 28 11 -7 21 -1 17 16 24 -3 25 -11 -15 -4 27 -16 -6 -2 -27 -17 29 -10
right_child=1 6 4 -5 15 10 8 -9 9 19 -12 -13 -14 20 23 22 -18 -19 -20 -21 -22 -23 -24 -25 -26 26 -28 -29 -30 -31
leaf_value=0.15899472165310014 0.13207153786336184 -0.040963377135218235 0.016549081535106619 -0.018315316687012275 0.095903956250649625 -0.024362440909158119 0.16772164886373986 0.14300330735052078 0.1557252209957074 -0.02897835323741868 0.083724727447365366 0.10036476340244425 -0.010684977167000603 0.10420219707488038 -0.029254502577930604 0.18548542054191436 -0.028407041859605159 0.016599775634582297 -0.005856524314897118 0.022124014941456646 0.017049744079349335 0.10452356550434408 0.041798995883729255 0.041131531381076419 -0.014789405056440256 -0.052396981920552123 0.12436254374700739 0.070174210089738107 0.039736404144684732 -0.0025197820514198921
leaf_weight=1.1104053237023084 2.0075313279678828 2.6939383101670797 28.502177154045295 2.7690989670074941 1.6842377020531309 2.7376783753623841 0.4757568161681992 0.60263626488608579 0.53716172060134226 19.967580795343356 4.2748387009367761 1.00755506071345 19.72193307865458 1.6144247711195023 71.994559430862751 1.0549632585334268 1.6669877730834626 14.07686222325867 0.88919678943666713 3.3263618381669522 2.3810775766210099 0.95331666754525102 1.3992492574658681 1.4130527448641022 0.73243060276336525 0.60399025392369643 0.73937788053171982 0.81450634371843467 8.9923420343632596 10.390665554864084
leaf_count=93 103 225 2836 235 107 224 52 80 41 2676 353 66 1444 78 6520 111 134 1466 43 656 75 75 315 168 70 44 79 83 1234 1083
internal_value=-0.000125539 -0.010427 0.019496 0.0384519 0.0180883 0.0131638 -0.0137501 -0.0202525 -0.000239178 -0.00208831 0.0489193 0.00919208 0.00733264 0.0754757 -0.0213435 0.0563986 0.0253054 0.00460651 0.0755251 -0.015169 0.0522646 0.0193963 0.0952437 -0.0245546 0.0623556 0.0971206 0.0448899 0.135246 0.0138632 0.00525881
internal_weight=211.136 141.48 69.6558 7.0092 64.5499 57.1975 134.471 90.781 43.6899 43.2141 8.02007 3.74523 49.1774 5.10591 90.1784 7.35237 4.08366 16.7708 4.2401 23.2939 3.9955 29.4555 3.26872 73.4076 2.41667 3.3509 1.34337 1.86947 19.9202 10.9278
internal_count=20769 14705 6064 504 5818 4998 14201 8459 5742 5690 643 290 4355 246 8379 820 311 1691 269 3332 153 2911 509 6688 177 226 123 194 2358 1124
cat_boundaries=0 4 8 12
cat_threshold=2214723586 207946028 72384836 1623223448 1083236517 2147522690 2189764617 84148736 704905228 2156953681 3087024256 725249
is_linear=0
shrinkage=0.05


Tree=4
num_leaves=31
num_cat=3
split_feature=22 7 0 22 7 8 13 8 17 8 13 7 15 0 0 22 1 2 0 2 1 7 19 3 4 7 6 7 8 7
split_gain=16.7656 7.95752 4.78607 4.61254 4.18407 4.80754 4.07553 4.06389 3.99589 4.2156 4.13209 3.73551 3.80368 3.55517 4.33854 3.52453 3.47518 3.44747 5.32194 3.29676 3.15212 2.93336 3.8188 5.57599 2.92816 2.92697 2.9019 2.85185 3.21166 3.06318
threshold=0 0.62500000000000011 0.61551553590494323 1 0.58500000000000008 0.96500000000000008 0.10004077065895546 1.0750000000000004 32.500000000000007 0.75500000000000012 0.10046838664385062 1.2050000000000003 1.5000000000000002 0.61551553590494323 0.095520242879944137 2 0.0074831633491123659 -0.16160349463824916 0.067983357463341873 -0.18562601820925942 0.099911174290084573 1.8650000000000004 5.5000000000000009 497704.69545000006 7.0870500000000005 2.4350000000000005 9.8876000000000008 0.96500000000000008 1.0450000000000002 0.82500000000000007
decision_type=9 2 2 9 2 10 2 8 2 8 2 2 2 2 2 9 2 2 2 2 2 2 2 2 2 2 8 2 8 2
left_child=4 6 3 27 5 -1 -2 -8 19 17 11 13 -13 14 16 24 -11 18 -10 -6 -17 22 -14 -24 -4 -12 -5 28 29 -3
right_child=1 2 15 26 8 -7 7 -9 9 10 25 12 21 -15 -16 20 -18 -19 -20 -21 -22 -23 23 -25 -26 -27 -28 -29 -30 -31
leaf_value=0.13452903151001658 0.069392596675231816 0.022169154979607295 -0.030969202316805 -0.029651502692784493 0.17746411034396559 0.016178953571998143 -0.044752811852522834 0.079292924016375665 -0.01396330582376828 0.13901390780875694 0.0853236064469199 0.03420486773560058 -0.001369928539096277 0.089257927264366474 -0.0051753344647359565 -0.025321508932261767 0.031377092934525584 -0.027202062742079598 0.10205385362074258 0.044432102840345843 0.15103843205348164 -0.020741526447052946 0.18143935702397487 0.023554218337952557 0.034378887518194672 0.0097496946409997114 -0.0014971121457100214 -0.0035859601454064556 -0.020666888372985772 0.12544359327876398
leaf_weight=1.709968229671943 4.5343033775361894 1.5201933171120416 1.9616572386376336 67.729130361859887 0.66703301609367605 1.722379129018577 2.0800496115519427 0.96731962010937866 2.7676319088654457 1.1637401887959398 4.1159804417406312 10.332148972708316 8.6388267243890144 2.9882135548744904 4.7465070537187302 11.890604942298545 2.1086445712348336 8.7280815125587932 1.5376576507185857 1.5430108185798932 0.25887856313909274 11.108992413085799 0.75868517332128194 2.1269821106330937 13.59060295086209 1.8602364404976013 10.582303928646466 24.356009363295335 1.432247636524252 1.3606540246887346
leaf_count=100 279 89 375 5711 153 84 134 95 62 62 332 918 338 193 220 2393 79 771 84 748 57 1209 145 212 1949 233 1263 2336 81 64
internal_value=-0.000141694 -0.00981135 -0.0133067 -0.018103 0.0186205 0.07514 0.0393397 -0.00537725 0.018501 0.0161822 0.02279 0.0174883 0.0090674 0.0427084 0.0253619 0.00521597 0.0696554 -0.0091414 0.0274729 0.0845837 -0.0118282 -0.00240782 0.0152649 0.0650646 0.0159077 0.0617995 -0.0229202 0.00226142 0.0405246 0.0709467
internal_weight=210.889 142.264 134.682 106.981 68.6247 3.43235 7.58167 3.04737 65.1924 62.9823 49.949 43.9727 32.9656 11.0071 8.01889 27.7017 3.27238 13.0334 4.30529 2.21004 12.1495 22.6335 11.5245 2.88567 15.5523 5.97622 78.3114 28.6691 4.31309 2.88085
internal_count=20769 14826 14318 9544 5943 184 508 229 5759 4858 3941 3376 2822 554 361 4774 141 917 146 901 2450 1904 695 357 2324 565 6974 2570 234 153
cat_boundaries=0 4 8 12
cat_threshold=2214723586 139788588 72384581 1623223448 704676004 2225113169 3095413250 83955969 1086349317 2686644226 2150181128 205263360
is_linear=0
shrinkage=0.05


Tree=5
num_leaves=31
num_cat=3
split_feature=22 7 0 22 17 7 8 13 8 8 13 7 15 4 2 17 0 16 14 6 2 22 17 20 4 7 13 8 9 20
split_gain=15.0908 7.07395 4.60483 4.13862 3.87761 3.72072 3.98904 3.56024 3.63688 3.27537 3.29591 3.2924 4.21025 3.4499 4.17356 5.82885 3.27174 3.46527 3.23244 3.39328 3.20344 3.19182 3.04796 2.78299 2.71958 2.70558 2.6902 2.6605 2.65857 2.77414
threshold=0 0.62500000000000011 0.61551553590494323 1 32.500000000000007 0.58500000000000008 0.96500000000000008 0.10004077065895546 1.0750000000000004 0.75500000000000012 0.10046838664385062 1.6250000000000002 1.5000000000000002 22.466400000000004 -0.26640438781495296 86.500000000000014 0.64279174913559045 1.5000000000000002 0.56281748911465901 3.4404500000000007 -0.14148951020684034 2 88.500000000000014 0.12764775588801661 6.9129500000000013 1.2550000000000001 0.1013029454205925 1.1150000000000004 -4.4784174110558945 0.26500600240096045
decision_type=9 2 2 9 2 2 10 2 8 8 2 2 2 2 2 2 2 2 2 10 2 9 2 2 2 2 2 10 2 2
left_child=4 7 3 26 -1 6 -6 -2 -9 18 11 13 -13 14 15 -11 17 23 19 -7 -21 -4 27 -16 -23 -17 -3 -18 -25 -30
right_child=1 2 21 -5 5 9 -8 8 -10 10 -12 12 -14 -15 16 25 22 -19 -20 20 -22 24 -24 28 -26 -27 -28 -29 29 -31
leaf_value=0.084384121149007507 0.063887904426479944 -3.4770496815804961e-05 -0.013743054475058181 -0.02224286258178846 0.12175942762360525 -0.034472095393743969 0.014482654707219794 -0.043867702462447485 0.072155814687993411 0.13702870403874087 0.055047826495309475 0.032375437859051295 -0.014577560979283484 0.10007220683887375 -0.063318332034945357 0.061420760117321407 0.06533549389244668 -0.061860802873672051 -0.035182990357852044 0.085438283837027104 0.003818854514127488 -0.027889996425352833 0.097904178220177662 0.065752966891575657 0.027346171427064605 -0.063082274385947046 0.10315863104664974 -0.021321345435929197 0.032372669022668485 -0.030566291488245131
leaf_weight=2.2685610720676825 4.6748994951417577 28.953861287190303 8.1764682173160761 76.225106460963957 1.7407377398195572 2.3477383707276243 1.7255516423251718 2.0442530934117689 1.008699919681163 1.7890242870474176 6.2079981606808081 7.3344572229038816 13.678675032586282 1.5963691939280114 1.1209744653349414 1.0463053169019074 1.6644092569985809 1.9172731304618924 5.7565824695093966 2.0947091463245329 2.8214331798856165 2.5604872248517898 1.8818087735417064 2.3778811223011793 17.182317246892758 0.74852399861629226 0.64565135704032073 1.8931968851474321 3.97834044556914 3.1268017122407628
leaf_count=924 279 2545 1580 6914 88 158 77 135 94 42 564 728 1428 98 16 111 122 93 407 63 287 513 105 110 2694 78 67 159 160 130
internal_value=-0.000156092 -0.00938697 -0.0127381 -0.0175034 0.0175561 0.0179144 0.068356 0.0364624 -0.00553337 0.0151559 0.0209352 0.016139 0.00181099 0.0291496 0.0238945 0.0731598 0.0140641 -1.18071e-06 -0.00719807 0.0149798 0.0385959 0.00532458 0.0464418 0.0111834 0.0133968 0.00949743 0.00165653 0.0192206 0.0199902 0.00467475
internal_weight=210.589 141.472 133.744 105.825 69.1174 66.8488 3.46629 7.72785 3.05295 63.3825 50.362 44.154 21.0131 23.1409 21.5445 3.58385 17.9607 12.5213 13.0205 7.26388 4.91614 27.9193 5.43941 10.604 19.7428 1.79483 29.5995 3.55761 9.48302 7.10514
internal_count=20769 14821 14313 9526 5948 5024 165 508 229 4859 3944 3380 2156 1224 1126 231 895 509 915 508 350 4787 386 416 3207 189 2612 281 400 290
cat_boundaries=0 4 8 13
cat_threshold=2214723586 206897452 72384517 1623223448 705200292 2158004305 3095413314 83955969 270304896 277351568 310527008 2432860193 1
is_linear=0
shrinkage=0.05


Tree=6
num_leaves=31
num_cat=4
split_feature=22 11 4 4 2 22 6 22 6 2 2 2 7 9 22 2 13 7 4 3 11 6 0 10 20 2 13 2 20 4
split_gain=13.7204 6.31672 4.13172 3.88477 6.15455 5.37584 4.9813 3.5269 3.4972 3.8546 3.45156 3.71841 3.11332 3.01456 4.44547 4.03053 3.69494 4.49394 7.45298 4.97592 3.1981 3.43065 2.91845 2.89536 2.85373 2.83981 4.76211 2.82568 2.66595 2.66028
threshold=0 0.0078456276069104602 2.5607500000000005 10.201500000000001 -0.38284738639348564 1 3.7052500000000004 2 3.8689500000000003 -0.13278349584687607 -0.36147631156558274 -0.16831770787698239 0.65500000000000014 1.8908731456987684 3 -0.26182473186673388 0.10022831169237346 1.1950000000000001 10.659650000000001 351360.49530000001 0.11973106934042524 1.7598500000000004 0.66762804455489466 0.077512246159699413 0.37176079734219275 0.077227049693412667 0.099999261349367 -0.054609147572018006 0.3273531777956557 8.9111000000000011
decision_type=9 2 2 2 2 9 10 9 10 2 2 2 2 2 9 2 2 2 2 2 2 8 2 2 2 2 2 2 2 2
left_child=2 10 -1 7 -5 6 -6 8 -3 29 -2 -12 23 14 -4 -16 17 18 -17 27 21 -15 -7 -9 -22 -8 -27 -19 -28 -10
right_child=1 3 13 4 5 22 25 12 9 -11 11 -13 -14 20 15 16 -18 19 -20 -21 24 -23 -24 -25 -26 26 28 -29 -30 -31
leaf_value=0.071597442887339588 0.16275827748991703 -0.010571106440086797 -0.008407209513043001 0.12563581293832501 0.12829824284554664 -0.031349179322016467 -0.007221696851142022 0.064121906962913935 0.11149988555025631 -0.0066249403446491982 -0.026630587792258489 0.062478379465819293 -0.028427278069604822 0.14267328289551806 0.066511750282480173 -0.0091843254479498891 0.053883360210166258 0.16317580177628371 0.10412435652201278 -0.022420206348980641 0.099876567057096466 0.018246146576309838 0.004389151946358397 -0.02036695297597723 -0.0020788400755620677 -0.012404160286810979 0.036229762210916269 0.017724621635970789 0.10716698306591672 0.012963237701334271
leaf_weight=3.4450446324244828 0.53605470968386715 6.7772731280021343 21.207956987243222 0.9278289213542753 0.95079756165462015 20.865194472679132 10.835763515143244 1.7974197392791271 2.1031279571871697 2.2348649146980648 1.8663492492575811 3.1410310486982373 61.140801716486685 0.57336870105635185 4.7940346843338402 3.2251393605700036 5.0872492292634623 0.57360504618986141 2.6385594740035145 11.073069633425723 2.7181583804916296 16.373041695414628 7.8660102417402546 2.3265081821645026 0.91816359551981452 4.6719705210096958 6.2811384328701934 0.79906608100649268 1.678387161434898 1.0158098242592783
leaf_count=229 15 677 1744 110 90 2541 1223 89 121 350 87 436 5641 88 236 159 603 104 106 1030 175 1577 1560 137 48 528 572 207 245 41
internal_value=-0.000251779 -0.00942063 0.0159662 -0.0123126 -0.00203044 -0.00425911 0.0114246 -0.0194969 0.00728467 0.0434945 0.0421746 0.0292657 -0.022191 0.0155091 0.00881045 0.0182661 0.0161876 0.00571392 0.0418026 -0.0112889 0.0315857 0.022456 -0.015997 0.0164576 0.074133 0.0115577 0.0276673 0.078505 0.051188 0.0794074
internal_weight=210.443 137.016 73.4265 131.473 54.0771 53.1493 24.4181 77.3958 12.1311 5.3538 5.54344 5.00738 65.2647 69.9814 49.3987 28.1907 23.3967 18.3094 5.8637 12.4457 20.5827 16.9464 28.7312 4.12393 3.63632 23.4673 12.6315 1.37267 7.95953 3.11894
internal_count=20769 14463 6306 13925 6869 6759 2658 7056 1189 512 538 523 5867 6077 4189 2445 2209 1606 265 1341 1888 1665 4101 226 223 2568 1345 311 817 162
cat_boundaries=0 4 8 12 16
cat_threshold=2214723586 139788652 72384837 1623223432 1083187365 8427649 44378112 2232156672 705167500 2225078288 3087024128 67309841 131072 138412040 68190528 3072
is_linear=0
shrinkage=0.05


Tree=7
num_leaves=31
num_cat=3
split_feature=22 7 8 7 4 22 22 13 2 21 18 2 5 9 17 2 21 0 20 4 5 1 9 3 21 11 9 10 8 4
split_gain=12.4131 6.18101 4.16536 3.88419 3.842 3.81631 3.28097 3.28082 3.58664 3.33894 3.35285 2.92371 5.90007 3.54374 3.29125 2.97696 3.98898 3.9911 3.18214 3.94667 2.77532 2.70415 3.02947 3.25853 2.63544 2.44326 2.42463 4.02727 2.93236 3.61976
threshold=0 0.96500000000000008 3.4250000000000003 0.31500000000000006 13.253050000000002 1 2 0.10088107436733419 -0.40662764941202961 0.14017543859649126 12.500000000000002 0.32155716403020079 520998912.71500009 1.2308806327633317 54.500000000000007 -0.18562601820925942 0.20112359550561801 0.10427511499136526 0.32779310344827589 3.6367500000000006 228188708.57500002 -0.002256063887453807 -0.15968086774598708 354840.37250000011 0.20722186076772939 0.11973106934042524 -0.80290505674442392 0.019332747510251828 0.71500000000000008 7.671450000000001
decision_type=9 2 8 2 2 9 9 2 2 2 2 2 2 2 2 2 2 2 2 2 2 2 2 2 2 2 2 2 10 2
left_child=3 5 4 -1 7 26 25 8 9 -3 -11 12 15 14 -13 16 21 -18 19 -17 -4 -5 -23 -24 -8 -6 27 -2 -29 -30
right_child=1 2 20 11 6 -7 24 -9 -10 10 -12 13 -14 -15 -16 18 17 -19 -20 -21 -22 22 23 -25 -26 -27 -28 28 29 -31
leaf_value=0.11978379169762401 0.12834877712385645 0.12055695723415064 0.17344076412673443 0.10373349263990184 0.035401776073676193 -0.0099279830332771636 -0.029720093180646154 0.029520089780988967 -0.02334686885098319 -0.062070116749720794 0.054278050214128841 0.087657163367856672 -0.0090567259409101691 0.078070912348299923 -0.0099012945819308799 0.10648027206183362 -0.042078102378964886 0.095609384325072988 -0.021327974498092223 0.01784787385046507 0.024386512851485485 0.07603416772028275 0.067373639159034437 -0.035565840752255946 0.008494129165951261 -0.019374254837582334 0.015107682097225761 0.091926761847585914 -0.016065910391777398 0.071889420606146254
leaf_weight=0.96526466035523029 1.510178834054839 0.77639918835953325 0.45498445943819976 2.7218426197494523 10.822024911525103 10.694584927416274 12.712808360197217 3.2937007249577297 83.134153142586058 1.1268749352343124 1.374448981757723 1.1558553138570085 17.857775219006129 4.2485156767194141 3.4298043930184576 1.3828715690064317 2.0474367144829553 0.70841768536259042 4.6516391774748547 13.688808012621015 0.99579240140032965 3.5888364088854843 1.3501472255161657 1.7853468007600524 6.9937981520126291 2.5074529501334402 7.381807874629799 1.8394858655141346 3.0241623974327041 1.9076364066310416
leaf_count=47 63 14 73 88 1566 851 919 495 8233 54 168 118 1345 338 248 139 209 145 696 1492 202 138 64 53 1902 264 491 96 159 99
internal_value=-0.000280846 -0.00790139 -0.0130935 0.017383 -0.0140891 0.0135651 0.000487928 -0.0194574 -0.0213242 0.0299774 0.00186187 0.0186623 0.0139583 0.0451706 0.0146892 0.026832 0.0462437 -0.00668427 0.0148228 0.0259802 0.0711321 0.061685 0.0446648 0.00876001 -0.0107188 0.0143397 0.0219381 0.054517 0.0380505 0.0179555
internal_weight=210.133 150.55 124.192 59.5826 122.742 26.3579 33.0361 89.7056 86.4119 3.27772 2.50132 58.6173 49.7831 8.83418 4.58566 31.9253 12.202 2.75585 19.7233 15.0717 1.45078 9.44617 6.72433 3.13549 19.7066 13.3295 15.6633 8.28146 6.77128 4.9318
internal_count=20769 15649 13890 5120 13615 1759 4651 8964 8469 236 222 5073 4369 704 366 3024 697 354 2327 1631 275 343 255 117 2821 1830 908 417 354 258
cat_boundaries=0 4 8 12
cat_threshold=2214723586 138740076 5275908 1623207064 1347723424 3276801 2215127136 1376256 10011813 137216 2256873473 84168964
is_linear=0
shrinkage=0.05


Tree=8
num_leaves=31
num_cat=2
split_feature=22 7 0 13 8 17 2 22 13 8 7 20 2 2 0 8 4 7 5 2 9 6 6 13 21 9 8 0 0 1
split_gain=11.8172 6.33989 3.933 3.52282 3.13457 3.08426 3.37725 2.93865 3.37987 2.88349 3.46075 2.77855 2.77792 4.57402 2.69971 2.58735 2.53069 2.48584 2.45444 2.88636 2.65681 4.14494 2.54728 2.49927 2.459 2.44023 3.44292 2.27839 2.58136 3.71522
threshold=0 0.62500000000000011 0.79736491665968268 0.10004077065895546 1.0850000000000002 35.500000000000007 -0.38284738639348564 1 0.10100010001000094 0.59500000000000008 1.155 0.1404052936311001 -0.30865458543058349 -0.35253703873178566 0.077829416370603144 3.4250000000000003 9.2579000000000011 3.2350000000000008 520998912.71500009 -0.35253703873178566 2.1325459891448633 8.4541500000000021 8.4541500000000021 0.099999999999999992 0.23660287081339715 -0.76957686666261893 1.0250000000000001 0.62143742604730334 0.12900889397595974 0.0090527005906352338
decision_type=9 2 2 2 8 2 2 9 2 8 2 2 2 2 2 8 2 2 2 2 2 10 10 2 2 2 8 2 2 2
left_child=9 3 5 25 -5 6 -3 8 12 -1 11 -11 13 -7 17 -9 -4 -14 19 -12 -20 -22 -21 -24 -23 -2 -27 28 29 -13
right_child=1 2 16 4 -6 7 -8 15 -10 10 18 27 14 -15 -16 -17 -18 -19 20 22 21 24 23 -25 -26 26 -28 -29 -30 -31
leaf_value=-0.027466037821308738 0.081053007844291591 0.18714844855173496 -0.019723558407305004 -0.039182686701978699 0.062567006157528401 -0.015370915607577957 0.01510639345085203 -0.021782091153089336 0.09208154300711327 -0.015629733871816442 0.1102405686148572 0.11193159023419877 -0.045032755202095515 0.15011689381419671 0.0072379264522235837 0.066371880895056093 0.022319317232816951 0.039042760873468967 -0.012950520503555336 0.014510374204162702 -0.018160176620614719 0.079098621082035692 0.00083779462484610779 0.090141472892725574 -0.026998572840316582 -0.056201978086196175 0.076759556242682561 0.082253329782828108 0.011107265734951965 0.024138445899466534
leaf_weight=3.1823706921572343 3.6074672942215074 0.30824579613621228 4.9539839478707348 2.4123290740944445 1.1030219530233294 0.898144626214048 3.8245480769867077 91.736283164983618 1.0376117865064305 1.8581048746057494 0.94545530729064253 2.1372098252938994 5.5398836217778635 0.7803161615351033 13.762004292773396 0.83998101430097349 12.898459201919016 1.0450156734107166 12.408213077652649 20.741929244910338 2.9801288216900579 3.1356151372060812 1.1735901167391767 2.3567712807931329 0.66129933224260629 0.95463305708513035 0.99363748824724507 3.8289956831592198 4.8999138987753241 2.7628517619704382
leaf_count=374 136 52 896 147 93 86 2065 7650 102 34 121 92 234 52 1446 94 2002 64 1008 2092 312 157 211 251 154 65 85 277 291 126
internal_value=-0.000308359 -0.00802513 -0.0112408 0.0319153 -0.00725639 -0.0145041 0.0279382 -0.0160209 0.00271635 0.0163238 0.0213763 0.0417279 -0.000260346 0.0615643 -0.0053604 -0.0189367 0.0106526 -0.0316901 0.0142779 0.0245314 0.000800417 0.0259773 0.0211929 0.0604545 0.0606199 0.0567008 0.0116097 0.0495477 0.0367692 0.0624303
internal_weight=209.768 146.696 137.624 9.07109 3.51535 119.772 4.13279 115.639 23.063 63.0724 59.8901 15.4871 22.0254 1.67846 20.3469 92.5763 17.8524 6.5849 44.403 25.2177 19.1853 6.77704 24.2723 3.53036 3.79691 5.55574 1.94827 13.629 9.79998 4.90006
internal_count=20769 15269 14743 526 240 11845 2117 9728 1984 5500 5126 820 1882 138 1744 7744 2898 298 4306 2675 1631 623 2554 462 311 286 150 786 509 218
cat_boundaries=0 4 8
cat_threshold=2214723586 140837228 5275717 1623227544 713588864 2224064513 947937794 83951873
is_linear=0
shrinkage=0.05


Tree=9
num_leaves=31
num_cat=3
split_feature=22 1 2 11 4 22 22 9 1 0 0 5 1 0 13 20 7 2 2 14 0 5 7 2 11 17 16 0 11 2
split_gain=10.434 6.62564 4.32605 3.67679 3.3693 3.80791 3.20786 3.41961 3.0744 2.93328 3.55123 2.86299 2.79115 2.74004 2.6899 4.09634 2.6487 2.96538 3.67325 2.9595 2.56859 3.52743 3.42066 2.5404 2.59635 2.79776 2.91329 2.86439 2.51434 2.47091
threshold=0 0.099911174290084573 -0.41893116896806148 0.11230426990693367 13.253050000000002 1 2 -2.6896799851443771 0.0090527005906352338 0.23616652116181117 0.050501506799703937 44652829.750000007 0.036447533689566332 0.0015915129145487189 0.10053192994369477 0.23310502283105025 1.0950000000000004 0.27291947818263612 0.24813610508958187 0.76479125757705124 0.74656399275275886 510061927.22000009 1.1850000000000003 0.044038788280634907 0.12303370345204107 34.500000000000007 2.5000000000000004 0.011292943672787758 0.015307425871944997 -0.09831196581196576
decision_type=9 2 2 2 2 9 9 2 2 2 2 2 2 2 2 2 2 2 2 2 2 2 2 2 2 2 2 2 2 2
left_child=11 2 3 8 6 12 7 -4 -2 10 -3 -1 16 -8 28 -16 19 18 -18 -6 21 23 -22 24 25 -13 27 -27 -9 -15
right_child=1 9 4 -5 5 -7 13 14 -10 -11 -12 20 -14 29 15 -17 17 -19 -20 -21 22 -23 -24 -25 -26 26 -28 -29 -30 -31
leaf_value=0.10817077975368222 -0.030623471914822821 0.090426268073287977 -0.038697558829646941 0.14576090585160073 0.010178330994905442 -0.011399423227525374 0.014811224651204574 0.12350883505620076 0.068558177722936681 0.092464833222263468 -0.022506011899134287 0.093030092674058637 0.090848947015964202 -0.034341534921221009 0.18631505834013673 -0.0011534027041555843 0.016775327133260926 -0.037216720912894963 0.16758265771194142 0.14746869529126516 0.072756115362967819 -0.0057209535155821559 0.017096368397271671 -0.0089532947612673587 0.070987545128938082 -0.018150448160853868 -0.05967594952374547 0.02870217286388152 0.0085412484943934615 -0.016305746827095784
leaf_weight=0.83749376944885412 1.5776083137735666 1.0542818345906604 2.9465142365216712 0.69347111896922786 0.77675377661161238 19.00496465610469 4.7368687096385846 0.49791283226193783 1.5480167353243812 2.0919961249328836 2.0490752164730708 1.2950423256955677 1.5004350908661326 34.353571935591368 0.5888344273163415 0.57686134378524656 8.2080080682199643 2.5453748056400647 0.42467198216866187 0.79356825242587092 4.1611793224736706 20.801738531466697 8.1998053844340557 6.2303151989716588 2.9128348274406184 3.8682334363392448 1.1612254097622088 20.820093812255003 10.597829396948582 42.462617413590301
leaf_count=162 94 42 264 133 58 2810 192 40 73 362 131 420 208 2531 50 122 1163 337 49 50 238 1348 1257 797 163 157 177 1139 1116 5086
internal_value=-0.000308559 -0.0081102 -0.0108441 0.0416063 -0.0123848 0.00134525 -0.0171034 0.00583291 0.0184979 0.046706 0.0158597 0.0142496 0.0154801 -0.0196824 0.021291 0.0935436 0.0187523 0.0102101 0.0241941 0.0795585 0.0151688 0.0106944 0.0358336 0.0201045 0.0261276 0.0213137 0.0177208 0.0213612 0.0137003 -0.0243717
internal_weight=209.317 139.029 133.834 3.8191 130.015 33.2538 96.761 15.208 3.12563 5.19535 3.10336 70.288 14.2488 81.5531 12.2614 1.1657 12.7484 11.1781 8.63268 1.57032 69.4505 57.0895 12.361 36.2877 30.0574 27.1446 25.8496 24.6883 11.0957 76.8162
internal_count=20769 14911 14376 300 14076 4675 9401 1592 167 535 173 5858 1865 7809 1328 172 1657 1549 1212 108 5696 4201 1495 2853 2056 1893 1473 1296 1156 7617
cat_boundaries=0 4 8 12
cat_threshold=2214723590 138740076 72384580 1690320024 10003617 2701267072 2189768971 17121284 704905216 2224062480 2818572288 34538241
is_linear=0
shrinkage=0.05


Tree=10
num_leaves=31
num_cat=4
split_feature=22 7 13 0 22 8 8 3 0 2 2 2 21 1 9 20 0 22 8 8 20 7 7 22 18 17 20 5 21 18
split_gain=9.46529 5.74427 3.41658 3.71369 3.2558 3.14244 2.98498 2.9838 2.87362 2.7141 2.6939 2.58128 3.12262 3.03222 5.26333 2.83063 2.54174 2.53728 3.19313 3.77146 2.48027 2.40482 2.37511 3.03505 3.69116 2.4912 2.63463 2.31454 2.30859 3.67677
threshold=0 0.9850000000000001 0.10088107436733419 0.45501800617480898 1 1.8950000000000002 1.9350000000000003 4831276.447900001 0.62634989633990801 -0.40662764941202961 0.30891820247412266 -0.18562601820925942 0.20238941829042814 -0.002256063887453807 -0.19235394235393996 0.12066779374471683 0.10427511499136526 2 1.4150000000000003 1.5450000000000002 0.22091358667360753 1.8450000000000004 0.39500000000000007 3 6.5000000000000009 53.500000000000007 0.26500600240096045 280068864.10500008 0.14017543859649126 12.500000000000002
decision_type=9 2 2 2 9 8 10 2 2 2 2 2 2 2 2 2 2 9 10 10 2 2 2 9 2 2 2 2 2 2
left_child=7 22 3 9 5 -5 -7 10 -9 28 11 12 13 -1 -15 -13 -14 18 -11 -20 -10 -21 27 24 -24 -26 -27 -2 -3 -30
right_child=1 2 -4 4 -6 6 -8 8 20 17 -12 15 16 14 -16 -17 -18 -19 19 21 -22 -23 23 -25 25 26 -28 -29 29 -31
leaf_value=0.081201738080310115 0.090391912042692979 0.094593632019884993 0.032356790996662103 0.0094823654944754428 -0.013297621629127877 0.19482084518463549 0.046109594903666375 -0.041598395921789218 0.069508228834033237 -0.0038975675380504764 0.045851266244140737 -0.053631568341806581 -0.046416434781840266 0.061582975209870133 -0.013423991492373539 0.01097598898396669 0.041551067044010528 -0.02501149980146852 0.16990873118162736 -0.062772619261067211 -0.015514636277914245 0.070705652697305624 0.10457941079300004 -0.0099702404834608998 0.081067071203750923 0.032755154901856771 -0.021296134737254589 -0.012251172297201565 -0.061771624796819025 0.053496872979330694
leaf_weight=3.6825849065847356 1.7734825068948681 0.83463939740822413 4.0032963038417071 15.033404762184505 15.349394312940005 0.40191772281097771 2.1033152772200907 4.1733770913967865 1.4631098229565398 11.337480983532236 8.3750663999417778 1.7844015157393958 2.0376187640390948 5.1792668473152679 4.2646126226696905 33.967439274695131 1.3754708168259808 60.542412491133199 0.5959502695785085 0.54233544023219316 2.0732022507088459 0.89319282661679722 1.5227794562675701 11.005046835121322 1.517093640674388 5.8973282915871987 3.6497477319496738 0.7956060660346792 1.2957078476088528 1.4843221235810231
leaf_count=104 153 16 607 2234 3187 33 373 138 70 987 763 52 247 171 144 3782 208 5286 65 58 122 120 94 840 145 313 189 22 60 186
internal_value=-0.000336913 -0.00764234 -0.0130189 -0.0146641 -0.000585303 0.0115415 0.0699675 0.0137845 -0.0134989 -0.0206366 0.0195239 0.0153073 0.03164 0.0427182 0.0277118 0.00775138 -0.0109656 -0.0227055 0.00368773 0.0641735 0.0196626 0.0202782 0.0129511 0.0079796 0.0176066 0.0215496 0.0120919 0.058605 0.0216673 -0.000227115
internal_weight=208.955 140.578 114.417 110.414 32.888 17.5386 2.50523 68.3762 7.70969 77.526 60.6665 52.2914 16.5396 13.1265 9.44388 35.7518 3.41309 73.9114 13.369 2.03148 3.53631 1.43553 26.1611 23.592 12.5869 11.0642 9.54708 2.56909 3.61467 2.78003
internal_count=20769 14968 13212 12605 5827 2640 406 5801 330 6778 5471 4708 874 419 315 3834 455 6516 1230 243 192 178 1756 1581 741 647 502 175 262 246
cat_boundaries=0 4 8 12 16
cat_threshold=2214600710 140837164 5275653 1623227544 1082278016 2147530754 2385062216 2319188480 570458656 345538576 805306432 83951873 1075052704 68296705 2214602848 1376260
is_linear=0
shrinkage=0.05


Tree=11
num_leaves=31
num_cat=3
split_feature=22 11 8 9 4 22 22 13 7 7 17 4 0 2 14 1 8 7 9 9 19 3 11 17 2 7 6 5 7 3
split_gain=9.06815 4.87577 3.68346 3.98921 3.41984 4.60434 3.79992 6.08502 3.29932 2.78464 2.76976 6.03463 3.19758 4.2207 4.53841 3.65719 2.66406 3.22788 2.55345 2.8418 2.87428 2.49354 2.42597 4.18286 7.72434 3.11531 2.34369 3.67766 2.3228 2.24584
threshold=0 0.0078456276069104602 1.1650000000000003 -0.55201180947737616 10.201500000000001 1 2 0.10067570652422043 0.8650000000000001 0.39500000000000007 127.50000000000001 7.1526500000000004 0.031948692203931942 -0.1382733645205094 0.22749774977497753 0.00099738226014944886 0.59500000000000008 1.155 -2.6315789473684235 -1.8553226942906118 3.5000000000000004 4831276.447900001 0.11774703653869588 96.000000000000014 -0.20308429761305832 1.8250000000000004 7.6325000000000012 1839927573.0600002 0.88500000000000012 3033727.0440000002
decision_type=9 2 8 2 2 9 9 2 2 2 2 2 2 2 2 2 8 2 2 2 2 2 2 2 2 2 10 2 2 2
left_child=16 2 3 -2 6 8 7 10 -6 -8 12 -12 -3 14 -14 -16 -1 21 -10 20 -20 29 -11 -24 25 28 27 -21 -25 -18
right_child=1 4 -4 -5 5 -7 9 -9 18 22 11 -13 13 -15 15 -17 17 -19 19 26 -22 -23 23 24 -26 -27 -28 -29 -30 -31
leaf_value=-0.029911109656155267 0.062129069770142632 -0.04299531678116484 0.082661953514736222 -0.033564720355671041 0.071222364279621239 -0.013953367052279023 0.063187188564222979 0.1033105129195967 -0.020575288322787499 -0.028108326137640673 -0.014171159550892265 0.19106792500404826 0.13723256649724563 -0.019741898070739693 0.059811131977528166 -0.031620348983645075 0.039277519528550589 0.012059709058908148 0.16323032726908174 0.020875426602807758 0.036424420260543752 -0.012843885566698965 -0.019734237891191123 0.16621437283467014 -0.060342034403876366 0.24175717209858802 -0.00031084274504839909 0.12872549913647885 -0.059773204265786785 0.1038372720128812
leaf_weight=2.9095929623737637 1.8702928530786946 4.3519182653403403 2.4501841573307885 2.6073442666253817 2.3141069896872599 24.307027724275194 0.91244096927925866 1.5395972298648377 5.8088962746828683 55.959548639769203 0.9359729657853666 0.58015348697585978 0.97944050274684613 6.6106012266462306 2.4061924367246448 2.0050606754301299 11.806320052042663 42.806012033304263 0.59594961517943845 6.8488974338017057 1.7865322252852847 2.0299080450947704 4.6358566430043302 0.25301021505697463 0.65707303628209934 0.54019996769579848 15.647761919769975 0.8935716742715839 0.2065164206812824 1.5205800013723649
leaf_count=345 126 155 246 214 117 3589 35 193 520 5360 179 89 66 796 93 108 681 4063 21 916 179 49 325 9 44 15 2016 47 136 37
internal_value=-0.000450734 -0.00709459 0.0333758 0.00640623 -0.00959016 -0.000307829 -0.0161329 0.00523484 0.0104972 -0.0203117 -0.000285713 0.0643646 -0.00627953 0.00703438 0.0398701 0.0182525 0.0144183 0.0191148 0.00937146 0.0161211 0.0681434 0.0387805 -0.0247984 0.004636 0.0728259 0.160351 0.0108223 0.0333226 0.064653 0.0466437
internal_weight=208.777 147.704 6.92782 4.47764 140.776 58.2027 82.5736 19.4089 33.8957 63.1646 17.8693 1.51613 16.3532 12.0013 5.39069 4.41125 61.0724 58.1628 31.5816 25.7727 2.38248 15.3568 62.2522 6.29266 1.6568 0.999727 23.3902 7.74247 0.459527 13.3269
internal_count=20769 15594 586 340 15008 7405 7603 1679 3816 5924 1486 268 1218 1063 267 201 5175 4830 3699 3179 200 767 5889 529 204 160 2979 963 145 718
cat_boundaries=0 4 8 12
cat_threshold=2214723586 140837228 5275652 1690336408 1083203749 8435841 60893505 2166096384 705200268 2224062480 3154133056 196865
is_linear=0
shrinkage=0.05


Tree=12
num_leaves=31
num_cat=3
split_feature=22 11 8 0 2 9 13 0 0 22 7 2 22 3 7 13 2 4 17 2 5 11 3 9 6 17 6 5 14 8
split_gain=8.22179 4.18982 3.335 3.023 3.16245 2.9553 2.89499 2.52693 2.686 2.52595 2.39862 2.34019 4.30995 3.34933 3.04079 4.25892 2.8317 3.01423 2.47919 2.21843 3.35293 2.84235 2.74834 2.60138 2.36457 3.12832 2.14124 2.07007 3.67161 2.08694
threshold=0 0.0078456276069104602 1.1650000000000003 0.79736491665968268 -0.40662764941202961 -0.55201180947737616 0.10088107436733419 0.011292943672787758 0.083673118987047032 1 0.65500000000000014 -0.17232099333802745 2 3280349.9937000005 0.65500000000000014 0.099999999999999992 -0.15268340980216569 5.2853000000000003 65.500000000000014 0.30891820247412266 520998912.71500009 0.11884304027952074 5295759.4477000004 3.5732353649723052 8.522000000000002 62.500000000000007 13.197250000000002 460711844.55500007 0.45972972972972981 0.8650000000000001
decision_type=9 2 8 2 2 2 2 2 2 9 2 2 9 2 2 2 2 2 2 2 2 2 2 2 10 2 8 2 2 8
left_child=10 2 5 4 7 -2 11 -3 -9 -5 -1 -6 13 16 15 -14 -13 -18 -16 20 21 24 23 -21 -12 -26 -19 28 29 -8
right_child=1 3 -4 9 6 -7 27 8 -10 -11 19 12 14 -15 18 -17 17 26 -20 22 -22 -23 -24 -25 25 -27 -28 -29 -30 -31
leaf_value=0.055280672928074238 0.051102934425450747 -0.043222229685303717 0.075598101529236517 -0.011495965870255274 -0.025627025532996686 -0.031104925719269823 0.076728917657983786 0.068724100641564215 -0.014702041304947176 0.016227707981405364 0.0081605165205274541 0.11061160038714435 0.092978583190594918 -0.047452201423539321 -0.0075534994653756174 -0.034473754522615647 -0.048305406725785871 0.016163980580555428 -0.029487446020222942 0.033264993653272734 -0.0085522791408356568 0.05665939964745817 -0.012953872134049207 0.10393230829211719 -0.0030041991307082601 0.10859702348022278 0.0791797251936633 -0.034773355248533214 0.12468232689545687 -0.026781488675651201
leaf_weight=3.6977553394203815 1.9188019402711658 1.0848343413427688 2.5901579093362841 6.1008576086207569 36.014908274683663 2.5409390806397161 0.7526716643809549 3.0039995015604291 1.4212974158934768 12.60157521443992 23.61607910831426 0.81552524138219595 1.4151932432912695 2.076416771106266 20.955167164940704 1.2209484610810788 1.684331868773653 14.525793501670892 33.443909043026224 4.5223944403523273 16.673622609686916 4.3690846206746974 2.0512635419072467 1.8289594967218361 1.1318428865672623 1.410410541332112 1.4859588477291712 1.0171512116115478 1.0312065372135633 1.3792927291225536
leaf_count=211 125 167 246 1046 2389 211 89 121 87 1918 2239 73 62 111 3912 79 197 1570 2471 463 1363 297 63 161 251 136 281 107 140 183
internal_value=-0.000480679 -0.00670081 0.030473 -0.00901776 -0.0118584 0.00426498 -0.0135899 0.025165 0.0419297 0.00971408 0.0139363 -0.0150931 -0.0102057 0.00859049 -0.0157375 0.0339481 0.0195173 0.0153192 -0.0210382 0.0136932 0.0094794 0.019328 0.0373638 0.0536146 0.0130928 0.0589108 0.0220121 0.0272744 0.0472265 0.00976197
internal_weight=208.382 149.081 7.0499 142.031 123.329 4.45974 117.818 5.51013 4.4253 18.7024 59.3014 113.638 77.6232 20.588 57.0352 2.63614 18.5116 17.6961 54.3991 55.6037 47.201 30.5274 8.40262 6.35135 26.1583 2.54225 16.0118 4.18032 3.16317 2.13196
internal_count=20769 15585 582 15003 12039 336 11664 375 208 2964 5184 11145 8756 2232 6524 141 2121 2048 6383 4973 4286 2923 687 624 2626 387 1851 519 412 272
cat_boundaries=0 4 8 12
cat_threshold=2214592514 139788652 5242887 1690320024 302940801 814222465 1384407080 285212929 572391945 882936848 2323687504 2164523265
is_linear=0
shrinkage=0.05


Tree=13
num_leaves=31
num_cat=2
split_feature=22 1 5 8 17 22 6 13 3 8 11 10 0 3 2 10 9 18 6 3 7 4 20 21 0 3 17 20 13 19
split_gain=7.24797 3.62573 3.10232 2.91758 2.75813 2.75418 3.5279 2.74147 3.11743 2.61951 5.00165 4.01467 2.56277 2.9616 2.8292 5.54672 2.40481 3.47548 3.09392 2.48597 2.39249 2.95752 2.98477 2.48396 2.32319 3.89395 2.25526 2.82431 2.09204 1.99137
threshold=0 0.099911174290084573 44652829.750000007 0.59500000000000008 32.500000000000007 1 12.235150000000003 0.10005652911249298 556798.18925000017 1.3950000000000002 0.11428571428571437 0.10026685038220669 0.63140963017440421 3280349.9937000005 -0.45339264834843612 0.09457616682629906 -5.5724071048783346 5.5000000000000009 3.0264000000000002 2903083.8732500006 1.0550000000000004 16.837000000000003 0.45889639639639646 0.1393876950250221 0.74656399275275886 4831276.447900001 52.500000000000007 0.32779310344827589 0.09962523057331997 6.5000000000000009
decision_type=9 2 2 10 2 9 8 2 2 8 2 2 2 2 2 2 2 2 10 2 2 2 2 2 2 2 2 2 2 2
left_child=2 5 -1 -4 28 9 12 -8 -9 20 -11 -12 13 14 15 -7 17 -16 -19 -18 26 22 -22 -23 25 29 -2 -28 -5 -6
right_child=1 -3 3 4 24 6 7 8 -10 10 11 -13 -14 -15 16 -17 19 18 -20 -21 21 23 -24 -25 -26 -27 27 -29 -30 -31
leaf_value=0.10452004778402807 0.082929809145383573 0.034471862988557943 -0.033002716581555853 -0.061477379812987121 0.0068185183507297664 0.14907416636432261 -0.011104730325630535 -0.0050366976517125794 0.083565440815956654 0.0049951336290175244 -0.012897826203513957 0.13630016386068353 0.0011634225901571015 -0.057053866148586312 -0.051679056641003175 -0.060298186057243255 -0.025506213849053168 0.10955371406212833 0.0047352030225447104 0.054953932610177905 -0.022029204783847189 -0.044649925565531823 0.075869508805999297 0.046115075929085092 0.03157975174436467 -0.042489091258428618 0.022527556597217412 -0.062635065604865287 0.07894922938213926 0.034272038467224583
leaf_weight=0.91311000807883047 1.2011670907110366 4.9121738690125474 3.4627137042476894 0.29802317496341801 42.000197345491316 0.69809744582561595 4.6858295608906229 1.7545429671580874 2.2865791658678774 6.4754517846253687 0.63765007964694609 1.5393834492970695 13.524185758600209 5.7414136959280233 1.3535386009967769 0.57843144052206696 51.659404785261721 1.142283446684502 1.8348138096940259 0.97818312065606861 21.411660087056262 0.96409227547699927 0.80794589520619453 3.4555290883452088 12.31753547123928 3.6319627029734525 6.1197205457954169 1.1577149855236255 2.4097893126304655 7.8380342516336432
leaf_count=163 151 522 413 108 2158 46 736 349 233 926 77 176 2496 305 103 74 5087 93 193 56 2067 60 74 556 1325 135 313 54 698 1022
internal_value=-0.000459719 -0.00716455 0.0113762 0.0117752 0.0140389 -0.00928881 -0.0136375 0.0149201 0.0450969 0.00194946 0.0270373 0.0926003 -0.0186123 -0.0227921 -0.0194148 0.0542016 -0.0210644 0.0147507 0.0449531 -0.024011 -0.00367667 -0.0110393 -0.0184694 0.0263157 0.0120033 0.00749363 0.0194562 0.00897965 0.0634938 0.0111361
internal_weight=207.791 134.92 72.8714 71.9583 68.4955 130.008 86.2373 8.72695 4.04112 43.7703 8.65249 2.17703 77.5104 63.9862 58.2448 1.27653 56.9682 4.33064 2.9771 52.6376 35.1178 26.6392 22.2196 4.41962 65.7877 53.4702 8.4786 7.27744 2.70781 49.8382
internal_count=20769 14747 6022 5859 5446 14225 9771 1318 582 4454 1179 253 8453 5957 5652 120 5532 389 286 5143 3275 2757 2141 616 4640 3315 518 367 806 3180
cat_boundaries=0 4 8
cat_threshold=2214592514 138740077 72352006 1623227544 713195684 78675968 2818615361 118292736
is_linear=0
shrinkage=0.05


Tree=14
num_leaves=31
num_cat=2
split_feature=22 7 22 2 7 2 3 0 14 13 19 6 21 5 21 4 0 17 17 3 6 6 4 8 2 14 19 11 0 3
split_gain=7.09796 3.35071 3.22039 3.10071 3.06743 2.72122 2.32666 2.39874 2.2785 2.81398 3.07872 2.50436 2.86795 3.46899 2.19587 2.17186 2.7931 2.02682 1.99215 1.98307 2.17919 1.96592 2.3369 1.94027 1.93525 1.81903 1.80794 1.84861 1.77729 2.49372
threshold=0 0.39500000000000007 1 -0.087929985324122148 0.84500000000000008 -0.41893116896806148 5295759.4477000004 0.99158875418208914 0.17754216472899956 0.10088107436733419 5.5000000000000009 1.9547500000000002 0.18245838668373884 124204360.88000001 0.14907407407407411 12.054600000000002 0.031948692203931942 131.00000000000003 83.500000000000014 198044.70135000002 9.9790500000000026 2.4086000000000003 5.5186500000000009 0.63500000000000012 -0.085030950212839115 0.40918986673703661 3.5000000000000004 0.049730941487616108 0.63140963017440421 1242411.5000000002
decision_type=9 2 9 2 2 2 2 2 2 2 2 10 2 2 2 2 2 2 2 2 10 10 2 8 2 2 2 2 2 2
left_child=4 25 -3 5 28 14 7 17 11 -10 -11 -7 -13 21 18 16 -5 19 -4 20 -6 -14 -23 -21 -18 -2 -17 -28 29 -1
right_child=1 2 3 15 6 8 -8 -9 9 10 -12 12 13 -15 -16 26 24 -19 -20 23 -22 22 -24 -25 -26 -27 27 -29 -30 -31
leaf_value=0.053791956821025125 0.07688601668346827 0.001513135917719396 0.16948725616914548 0.048691752910659851 -0.03863421090687158 -0.04881201590565231 -0.018212184735544302 0.092463914245186837 -0.04011892177775804 -0.038567905711550263 0.11906401820591712 -0.022725845474692863 0.01647703302197372 -0.019155360621778372 -0.0056604025427152167 0.040400487116677194 0.089258856860998104 -0.047908845401153248 0.0099989104665938119 -0.02985305454566084 0.15458560177199676 0.20967995218275531 0.065308490794426508 0.016144115045646563 -0.022390724250249249 -0.01061435602325138 0.078980609306120927 -0.0039309804469520376 0.081416863015680546 -0.017749544454485185
leaf_weight=3.5036274916238161 1.8278348077931803 63.761242948259316 0.40712638531840584 1.560482141544713 0.20629324693606932 2.4827379045267275 6.0955107494244762 0.97035492601850037 25.337631666377721 0.64623225868019918 0.59492011719407856 3.053699663510713 0.56538663167314984 1.1751153543571033 2.0389440148063969 3.2457640749623975 0.39496467896919796 1.3251978940832021 0.37719985928106325 2.4334191934566567 0.49866700855652368 0.51208968292890922 0.61924543227939921 39.636333719999634 22.385624781897086 0.87989053302476339 0.70207978986236952 15.84313253398315 2.3037965036708954 1.8672309015023527
leaf_count=192 161 6059 7 85 125 195 273 116 2203 66 55 122 39 65 86 302 26 472 105 352 91 51 71 3103 3432 26 93 2609 137 50
internal_value=-0.000452319 -0.00623834 -0.00768285 -0.0133891 0.0129935 -0.0255311 0.0107804 0.0147015 -0.0293414 -0.0365182 0.0369896 -0.00665562 0.0110075 0.046877 0.0216887 -0.00602038 -0.016022 0.0129904 0.0927858 0.0148771 0.0980435 0.0926097 0.130657 0.0134835 -0.020455 0.0484523 0.00628075 -0.000412709 0.0446785 0.0289199
internal_weight=207.252 148.411 145.704 81.9424 58.8404 37.8103 51.1658 45.0703 34.9871 26.5788 1.24115 8.40827 5.92554 2.87184 2.82327 44.132 24.3411 44.0999 0.784326 42.7747 0.70496 1.69672 1.13134 42.0698 22.7806 2.70773 19.791 16.5452 7.67465 5.37086
internal_count=20769 15858 15671 9612 4911 3065 4532 4259 2867 2324 121 543 348 226 198 6547 3543 4143 112 3671 216 161 122 3455 3458 187 3004 2702 379 242
cat_boundaries=0 4 8
cat_threshold=603987970 139788652 5242886 1690336408 2323808420 77629457 3020008001 50921728
is_linear=0
shrinkage=0.05


Tree=15
num_leaves=31
num_cat=3
split_feature=22 1 22 3 13 17 17 0 9 11 20 6 9 13 4 15 0 18 9 0 9 8 13 0 2 14 15 22 2 8
split_gain=6.40342 4.15701 3.27482 2.9553 2.74365 2.67959 3.86234 2.66091 2.62035 2.46338 3.73798 2.86902 2.33761 2.29214 2.66623 3.08589 2.21534 2.59561 3.16269 2.19159 4.05426 1.97206 1.9695 2.52035 1.92102 2.60242 2.37134 2.13725 4.87422 2.31969
threshold=0 0.09983765164153692 1 198044.70135000002 0.1007490741779823 131.00000000000003 128.50000000000003 0.0050134784854173079 -9.8793294869228152 0.099362362443757832 0.11451990632318503 12.829350000000002 1.8908731456987684 0.10026887777417638 3.4702500000000005 5.5000000000000009 0.0086968492034631764 10.500000000000002 -4.773385940825869 0.32764576986116917 0.42927229921296833 0.84500000000000008 0.099999999999999992 0.17574463218047146 -0.38284738639348564 0.65730872900684234 13.500000000000002 2 0.060167780562517266 1.8350000000000002
decision_type=9 2 9 2 2 2 2 2 2 2 2 8 2 2 2 2 2 2 2 2 2 8 2 2 2 2 2 9 2 10
left_child=8 2 3 -2 7 6 12 -4 -1 10 -10 -12 13 16 -15 21 -5 -18 -19 20 -3 -16 23 -20 25 -9 27 -26 -29 -30
right_child=1 19 4 5 -6 -7 -8 24 9 -11 11 -13 -14 14 15 -17 17 18 22 -21 -22 -23 -24 -25 26 -27 -28 28 29 -31
leaf_value=0.10324238287114838 0.10137236058129795 0.061183200747535797 -0.035947815034456834 0.039473668080282881 0.037848620129598956 -0.06083058509271011 0.12681121087223157 0.06490379584348982 0.14736294126522215 -0.029190466699241718 -0.014269549121196457 0.061426203213653524 0.027442390595330459 0.12734345183194082 -0.033870698493381465 0.077408363170057726 -0.022102701167236477 0.097915878460253805 0.060601671248780555 0.074626589829850279 -0.039615318298401703 0.026862000106216262 -0.021751674580455869 -0.0018757170048045013 0.0039850471324255057 -0.02477948819544025 -0.062358665079684461 -0.030371560808957161 0.0025497350814836662 0.076530775783829219
leaf_weight=0.44028734247366585 0.93960354244351307 2.3467341036111327 6.4144668282532527 2.9551453111569996 3.9157647719817694 1.2364900808117898 0.74316889420151611 2.3056359465166447 0.39024612988592622 26.695663987869686 17.815356682145296 1.3463894448938507 16.89206552972388 0.63169047145777213 2.2779399131368478 1.7848549109775715 12.919145399115665 0.93889337264152928 2.4422165994203606 2.9997260059046411 1.7351717686242549 3.2346819383485865 4.912648467474412 4.7609882328413988 48.278758131669001 1.2460594122903925 1.7113542637864601 19.251375369179009 12.081943091712352 1.1614214071377009
leaf_count=63 322 144 335 90 584 505 10 145 9 3024 2332 218 1157 28 223 82 853 55 130 349 108 337 427 495 4764 78 246 1999 1451 206
internal_value=-0.000438942 0.00445004 0.00299492 0.0114208 -0.00284948 0.0119536 0.0136051 -0.00488147 -0.0149557 -0.0193148 -0.0058309 -0.00895083 0.0120399 0.00498092 0.0287973 0.0202669 -0.00154693 -0.00621399 0.00950967 0.0421796 0.0183349 0.00176588 0.00265881 0.019307 -0.00256531 0.0334398 -0.00411564 -0.00288164 -0.0109426 0.00903775
internal_weight=206.806 160.118 153.036 56.6695 96.3668 55.7299 54.4934 92.451 46.6879 46.2477 19.552 19.1617 53.7503 36.8582 7.92917 7.29748 28.929 25.9739 13.0547 7.08163 4.08191 5.51262 12.1159 7.2032 86.0365 3.5517 82.4849 80.7735 32.4947 13.2434
internal_count=20769 15123 14522 4714 9808 4392 3887 9224 5646 5583 2559 2550 3877 2720 670 642 2050 1960 1107 601 252 560 1052 625 8889 223 8666 8420 3656 1657
cat_boundaries=0 5 9 13
cat_threshold=272647241 839021698 1101661224 405045248 1 637665286 4522348 542121990 1690336392 2156175520 76054528 2214627649 51052801
is_linear=0
shrinkage=0.05


Tree=16
num_leaves=31
num_cat=4
split_feature=22 7 22 8 9 2 2 0 9 13 9 22 0 14 2 14 14 21 10 11 3 22 13 8 20 17 0 11 6 0
split_gain=5.93127 3.00028 3.13834 2.83738 2.81431 2.74991 2.87238 4.07447 2.83581 2.37406 2.74998 2.52293 2.49668 2.51326 2.49822 3.21147 2.34204 2.33629 2.76785 3.4742 2.45356 2.97428 2.40406 2.35372 2.50478 3.42571 2.53963 2.27144 2.31106 2.20518
threshold=0 0.65500000000000014 1 3.2750000000000004 -1.9809998395764803 -0.41893116896806148 -0.087929985324122148 0.0015915129145487189 -9.430835906431815 0.099962595815432112 -3.6421354926024603 2 0.067983357463341873 0.89615885416666685 -0.062067989489735957 0.16678761490082247 0.92345252403846168 0.11173533083645444 0.10007895806525623 0.089900434945150806 236452.48565000002 3 0.10000002588235414 1.1650000000000003 0.26145104895104904 131.00000000000003 0.10703200707871319 0.099362362443757832 2.1294500000000007 0.66762804455489466
decision_type=9 2 9 8 2 2 2 2 2 2 2 9 2 2 2 2 2 2 2 2 2 9 2 10 2 2 2 2 10 2
left_child=5 4 -3 9 -2 -1 7 -7 -8 11 -11 12 -4 14 15 -14 -15 18 19 -12 -19 22 -22 -23 26 -26 -25 28 -10 -6
right_child=1 2 3 -5 29 6 8 -9 27 10 17 -13 13 16 -16 -17 -18 20 -20 -21 21 23 -24 24 25 -27 -28 -29 -30 -31
leaf_value=0.04104153835450941 0.058852465713818358 0.011732296433273764 -0.023506662655718661 0.065831927198602064 -0.010693122046720025 0.02859456560534291 0.12736454126297536 -0.042229444935564985 0.070505032666393228 -0.024021921798619502 -0.0036716640349543778 -0.019822625515358842 0.13770521196454605 0.17465400735441292 -0.0075024600331527183 0.019799115110649239 0.031613948773726648 0.045190294542031877 -0.020951670103709536 0.11618803562448268 -0.010671151247498088 -0.024161976898415458 0.024796159102173983 0.12015376252090591 -0.041151535897576134 0.12643642340980163 0.017083969833901314 -0.02539799007785731 -0.0021629003876856494 0.049194802823634309
leaf_weight=1.8864910006326017 4.6826462028178071 48.140907647650423 3.7059146127448406 1.4772325456775224 4.7266070416545301 2.2883545990292999 0.37868751281334567 18.037077659864394 1.2484444618563397 8.9743769895817049 0.95305041244572652 22.572084271643966 0.7852252121638793 0.50642386136806272 4.7419593760448242 2.1833887445546765 0.65796833984665426 3.241746222865145 1.143239929039076 1.6534398036876181 6.5635128007610843 17.43804740130842 17.5611954928426 0.71592208923658418 2.9430141007425594 0.34018063841335777 3.6177277354307691 11.936688736691854 8.85116440267341 2.277894551526245
leaf_count=126 187 3952 244 226 266 96 22 1539 211 681 67 2560 53 30 767 236 111 680 80 94 517 1730 1560 69 527 22 414 1992 1535 175
internal_value=-0.000420844 0.00418467 0.00254142 -0.00269401 0.028844 -0.0147344 -0.0206437 -0.0342557 -0.00830066 -0.00397189 0.00167888 -0.0144439 0.00610776 0.0253559 0.0150161 0.0509863 0.0938257 0.00578506 0.0439119 0.0723619 0.00305782 0.0002806 0.0107081 -0.0100303 0.00915439 -0.0237873 0.0341112 -0.010632 0.00681981 0.00878269
internal_weight=206.231 161.604 149.917 101.776 11.6871 44.6269 42.7404 20.3254 22.415 100.298 65.1455 35.153 12.5809 8.87497 7.71057 2.96861 1.16439 56.1711 3.74973 2.60649 52.4213 49.1796 24.1247 25.0549 7.61684 3.28319 4.33365 22.0363 10.0996 7.0045
internal_count=20769 15248 14620 10668 628 5521 5395 1635 3760 10442 6441 4001 1441 1197 1056 289 141 5760 241 161 5519 4839 2077 2762 1032 549 483 3738 1746 441
cat_boundaries=0 5 9 13 17
cat_threshold=272647241 839021698 1101661352 404783104 1 604110854 134545768 5275718 1623292936 8683552 15761408 2147483905 16778112 2315788416 2148010005 3053463552 2215248389
is_linear=0
shrinkage=0.05


Tree=17
num_leaves=31
num_cat=2
split_feature=22 7 4 1 20 7 10 22 4 2 11 2 11 11 13 6 9 13 15 14 4 8 19 9 5 4 2 8 20 9
split_gain=5.36707 2.8143 2.89144 2.75402 2.82916 2.66629 4.2102 2.62163 2.89593 3.09409 2.70187 2.67417 2.49652 2.36344 2.352 2.19391 2.18263 2.27281 2.42711 2.25419 3.16252 3.10496 2.10479 2.89463 2.01391 2.7967 2.06087 1.95407 1.95314 2.28898
threshold=0 1.1150000000000004 9.5395000000000021 0.07975037811704179 0.16736694677871153 0.55500000000000016 0.089430894308943146 1 9.9951500000000006 -0.3736542036362287 0.090534979423868248 -0.0031990601353716337 0.12362606183896292 0.049730941487616108 0.099999999999999992 4.0607500000000014 -5.9884222399150753 0.10054496317415053 8.5000000000000018 0.17754216472899956 6.971350000000001 1.5750000000000004 7.5000000000000009 -5.5724071048783346 1228340205.2250001 10.264150000000003 0.35615213150926178 0.63500000000000012 0.1404052936311001 7.1820302681990471
decision_type=9 2 2 2 2 2 2 9 2 2 2 2 2 2 2 10 2 2 2 2 2 8 2 2 2 2 2 10 2 2
left_child=1 2 5 7 -5 -1 -7 10 22 -10 -2 15 -4 -6 -13 -11 -12 18 28 -19 -21 -22 -9 -24 25 -16 -26 -3 -18 -30
right_child=3 27 12 4 13 6 -8 8 9 11 16 14 -14 -15 24 -17 17 19 -20 20 21 -23 23 -25 26 -27 -28 -29 29 -31
leaf_value=0.056737766070941435 -0.019681345216108356 -0.040155337126788954 0.078885161711832352 0.075889595520236108 -0.00034531289632430082 -0.032473014557205783 0.040643742406969691 -0.025512565916677013 0.087202134311274826 0.063897786259722408 -0.039933981717239976 -0.014279185331764914 -0.0028258124592946922 0.088477014332933479 0.15651734467390044 -0.029744090530031842 -0.03567775932543598 -0.055267550035879569 -0.044470263686931022 0.12774948483583046 -0.0096378081084833363 0.13246608321329364 0.22306535648123502 0.0080534469963993854 0.070458431962011542 -0.0017457597894507519 -0.0024478714707241288 0.0087817956168655519 0.010908144407516869 0.10833185279481002
leaf_weight=2.9199302903703757 11.653833406097197 2.1457445180099688 4.1928770344913309 1.7566566064740943 9.0398887954071618 4.3190493397428682 3.6181744463172478 42.117604758907412 0.90863086534135007 0.66042306055717404 2.2972281684327163 9.77077048049407 1.2029923071004018 0.81657859385690379 0.28936819683167225 11.823968430554507 2.2243289948179514 0.46751587574895781 2.2044514882600188 1.1742267808869686 1.5716887840404612 0.50885479592818672 0.1695441733788815 2.0398983561055521 2.8848673635141386 7.8992588720934549 1.4597873809450232 41.344761871687474 31.710297069737223 0.61459679300355574
leaf_count=134 1370 363 222 88 924 244 174 3548 83 83 206 1409 38 113 44 1312 115 68 163 80 199 53 24 996 205 1321 131 3840 3187 32
internal_value=-0.000433729 0.0111372 0.0307531 -0.00554908 0.0174319 0.0158857 0.000857176 -0.00794677 -0.0128729 -0.0038823 0.00140338 -0.00626132 0.060668 0.00701335 0.00411011 -0.0247904 0.00747615 0.0101669 0.00639635 0.0473974 0.0621442 0.0251177 -0.0230171 0.0245526 0.0184461 0.00384691 0.0459622 0.00636732 0.00964195 0.0127605
internal_weight=205.808 59.7435 16.253 146.064 11.6131 10.8572 7.93722 134.451 80.0241 35.6971 54.427 34.7884 5.39587 9.85647 22.3041 12.4844 42.7732 40.476 36.7537 3.72229 3.25477 2.08054 44.327 2.20944 12.5333 8.18863 4.34465 43.4905 34.5492 32.3249
internal_count=20769 5015 812 15754 1125 552 418 14629 9156 4588 5473 4505 260 1037 3110 1395 4103 3897 3497 400 332 252 4568 1020 1701 1365 336 4203 3334 3219
cat_boundaries=0 4 8
cat_threshold=603979778 141885804 5251334 1623227416 176324772 2491451393 2885779521 84541825
is_linear=0
shrinkage=0.05


Tree=18
num_leaves=31
num_cat=2
split_feature=22 20 7 22 6 9 2 10 11 2 4 0 14 2 2 21 10 6 3 8 11 21 10 2 8 13 2 0 21 10
split_gain=4.90203 2.86387 2.86077 3.20065 2.69654 2.62017 2.58401 3.91702 3.20749 2.50918 2.50651 2.42474 3.29188 3.16836 3.30879 2.36657 2.78459 2.77969 2.49007 2.32837 2.49011 2.87138 3.41346 2.30241 2.27027 2.23513 2.56633 2.14082 2.65622 2.11398
threshold=0 0.1404052936311001 0.84500000000000008 1 12.39315 7.7318089213085264 -0.26182473186673388 0.099645177264486726 0.092545785498730729 -0.27710843373493971 9.6010500000000025 0.002372310941781133 0.42908977814638199 -0.45339264834843612 -0.087929985324122148 0.16405676535356009 0.12195121951219509 1.8393000000000002 311910.05855000007 5.495000000000001 0.089532548921520697 0.10102040816326532 0.092749285976276671 -0.21891876271696395 1.7650000000000003 0.098772778530787045 -0.015956385949129622 0.10091606170487132 0.20354676710608918 0.019332747510251828
decision_type=9 2 2 9 8 2 2 2 2 2 2 2 2 2 2 2 2 10 2 8 2 2 2 2 8 2 2 2 2 2
left_child=4 9 10 5 11 6 7 8 -4 -2 24 12 -1 -13 -15 -8 17 -17 23 20 -5 22 -22 -19 27 26 -11 -3 -29 -20
right_child=1 2 3 19 -6 -7 15 -9 -10 25 -12 13 -14 14 -16 16 -18 18 29 -21 21 -23 -24 -25 -26 -27 -28 28 -30 -31
leaf_value=0.057689969376588691 0.029247197237875569 0.029271806705617118 0.058446868955650849 -0.022315639618985691 0.024352186537497461 0.10765190036453667 0.023798867672809882 0.084391948703144329 -0.024693836715981736 0.20160753651665023 0.060882129446318378 0.055766394964875482 -0.052251884428245222 -0.041766984694843523 -0.012112181595125148 0.049916917464399607 0.11161493563555823 0.1181670688182152 0.061324957453302437 0.089412119715766569 0.12070731565785722 -0.0030025005798057208 0.011353131387502305 0.013236860947035295 0.076506502577889712 -0.035194059558542448 -0.059794046336949638 -0.027879087614625472 0.033329861397258929 -0.015451617870385792
leaf_weight=2.13489909993995 2.1587998869192964 7.3221484712016851 2.0258441992570644 16.348339498042527 3.7872266181313341 0.72682662052254343 15.021030659218289 2.9281197195123809 2.7143859885727011 0.21635238297312753 3.6550396348621694 1.234116047882053 0.99967592080399459 17.297796854576259 20.618250163729936 2.3342488271826474 0.54449724346368 0.64644064916464605 0.93239218839412785 0.656891395084087 1.0251286688122143 52.580763726699928 2.3483634770537734 2.7329407031690023 1.385281327730836 9.3388152998589629 0.16588490475848416 5.4692552907094676 2.6222544939236769 23.335608120478703
leaf_count=87 39 219 99 1912 716 63 806 167 187 53 184 59 73 1539 3301 243 41 42 87 45 33 5752 158 677 129 825 113 260 356 2504
internal_value=-0.000424667 0.00385879 0.00600504 0.0032081 -0.0132015 0.0112707 0.0120723 0.0389243 0.0108382 -0.0195148 0.023358 -0.019687 0.0226274 -0.0230749 -0.0256411 0.00755142 -0.000443486 -0.00247858 -0.0069023 -0.0037797 -0.00514913 -0.000133537 0.0445834 0.0333089 0.0151936 -0.0303436 0.0881634 0.00968323 -0.00804281 -0.0125018
internal_weight=205.308 159.236 147.356 126.902 46.072 53.9423 53.2155 7.66835 4.74023 11.8799 20.454 42.2847 3.13458 39.1502 37.916 45.5472 30.5261 29.9816 27.6474 72.9595 72.3026 55.9543 3.37349 3.37938 16.7989 9.72105 0.382237 15.4137 8.09151 24.268
internal_count=20769 14994 13964 12816 5775 4916 4853 453 286 1030 1148 5059 160 4899 4840 4400 3594 3553 3310 7900 7855 5943 191 719 964 991 166 835 616 2591
cat_boundaries=0 5 9
cat_threshold=272647241 839021698 1135215656 404783104 1 2894233606 134578473 5277701 1619227648
is_linear=0
shrinkage=0.05


Tree=19
num_leaves=31
num_cat=3
split_feature=22 1 22 2 3 20 2 0 1 8 22 1 1 21 6 3 14 2 7 19 0 9 7 4 10 11 9 15 6 13
split_gain=4.74749 3.37438 2.52791 2.58044 2.59329 2.54802 2.22732 2.8796 2.45241 2.71957 2.1778 2.37521 4.53951 4.00425 2.54185 2.91326 2.7018 2.51294 2.34975 2.3412 2.05092 2.43455 1.96148 2.44527 3.04796 2.71223 2.26012 3.22908 2.78617 2.29299
threshold=0 0.09983765164153692 1 -0.45339264834843612 378333.36685000005 0.1404052936311001 -0.087929985324122148 0.0015915129145487189 0.020424628459313036 0.55500000000000016 2 -0.0072133500294468958 -0.00047370924888706639 0.25443510737628389 5.4870500000000009 242779.67510000002 0.037073206018518524 0.10643289938749968 2.9750000000000005 6.5000000000000009 0.62634989633990801 0.16522101125359126 1.1150000000000004 8.6583500000000004 0.089690721649484509 0.11812220973575778 1.8908731456987684 3.5000000000000004 2.8244500000000001 0.10012077312302083
decision_type=9 2 9 2 2 2 2 2 2 10 9 2 2 2 8 2 2 2 2 2 2 2 2 2 2 2 2 2 8 2
left_child=6 2 22 -4 10 -6 7 -1 -8 -10 19 17 13 -13 15 16 -14 -12 -17 -5 21 -3 23 24 -2 -25 29 28 -28 -24
right_child=1 20 3 4 5 -7 8 -9 9 -11 11 12 14 -15 -16 18 -18 -19 -20 -21 -22 -23 26 25 -26 -27 27 -29 -30 -31
leaf_value=0.019321686771449471 -0.028490575746233173 0.049845103818326832 0.060206733795909906 -0.0306357711124647 -0.035989987718881983 -0.0044855157082384521 -0.017126693132083027 -0.037382234691940221 0.14003384726409004 0.011863380688113614 -0.051412316667587166 0.11273014780576976 -0.027708241049706928 -0.038745267336876429 -0.0035699882786797209 0.00068764603330487859 0.14089262099018038 0.096739885749114393 0.14845607645696343 0.062626602196405159 0.074661915831106138 -0.01828898129997714 -0.012351043261322794 0.081871880885972456 0.045217487003129567 -4.5504041163932557e-05 0.11398041866135966 -0.0070713065314344627 0.032213294573492292 0.02167671618909528
leaf_weight=2.5827575260774749 2.7043748497604252 2.8698545691447626 1.6285937710828751 6.6075462862496508 6.9485081791594316 84.058420495122476 13.75678555833875 16.819759895113414 0.45071972565284468 5.062121719319002 1.5075938002756384 2.7088793271224616 0.29954544795161808 0.52005107640269432 5.2243227606841538 2.3289297783581238 1.1492950350850817 0.35329988596832596 0.30416461007804674 0.74922714687266978 2.3745312928299995 2.413840424240874 15.441389180018669 3.4765460921573492 2.9136246396311947 1.4244654563623269 1.3057270239005001 4.3278387919891799 5.1544729631330171 7.2872335697654114
leaf_count=117 150 190 135 815 553 7160 2453 1524 57 901 187 248 33 204 1035 391 287 83 83 435 236 199 1258 137 121 37 83 409 497 751
internal_value=-0.000416501 0.00344166 0.00208192 -0.00209787 -0.00318378 -0.00689093 -0.0142031 -0.0298341 -0.005835 0.0223424 0.0123257 0.0173645 0.0372516 0.0883335 0.0195281 0.0490904 0.106035 -0.0232849 0.0177573 -0.00895937 0.0360643 0.0187182 0.0109331 0.0322525 0.00973613 0.0580628 0.0075041 0.0263501 0.04874 -0.00144109
internal_weight=204.754 166.082 158.424 114.388 112.76 91.0069 38.6721 19.4025 19.2696 5.51284 21.7529 14.3961 12.5352 3.22893 9.30626 4.08193 1.44884 1.86089 2.63309 7.35677 7.65823 5.28369 44.0357 10.519 5.618 4.90101 33.5167 10.788 6.4602 22.7286
internal_count=20769 15717 15092 11649 11514 7713 5052 1641 3411 958 3801 2551 2281 452 1829 794 320 270 474 1250 625 389 3443 445 271 174 2998 989 580 2009
cat_boundaries=0 5 9 13
cat_threshold=272647241 838890626 1101137064 405045248 1 603979776 4522348 542121990 1690317832 794656 3670032 302897680 2181169408
is_linear=0
shrinkage=0.05


Tree=20
num_leaves=31
num_cat=3
split_feature=22 1 2 2 0 9 22 13 3 3 0 9 14 4 1 17 20 7 7 3 11 2 3 22 19 10 10 3 6 4
split_gain=4.30143 2.47368 2.29531 2.60352 3.71474 2.20929 2.16152 2.43872 2.29722 2.2217 2.13314 3.01289 2.08501 2.06951 1.94593 1.94454 2.00547 2.6771 2.31585 1.89864 1.87621 1.98324 1.85479 1.9517 2.27148 1.97474 3.07949 4.16698 1.99069 1.89096
threshold=0 0.09983765164153692 -0.41893116896806148 -0.087929985324122148 0.0015915129145487189 -9.430835906431815 1 0.10062893081761017 198044.70135000002 1043396.6092000002 0.29807906360607994 0.42927229921296833 0.12563497822931788 2.5607500000000005 0.0078086267032675414 131.00000000000003 0.1356236786469345 2.4550000000000005 2.3150000000000004 5295759.4477000004 0.099362362443757832 -0.082357667856214387 378333.36685000005 2 6.5000000000000009 0.099759131907915119 0.10489510489510494 236452.48565000002 5.4870500000000009 12.992100000000002
decision_type=9 2 2 2 2 2 9 2 2 2 2 2 2 2 2 2 2 2 2 2 2 2 2 9 2 2 2 2 8 2
left_child=2 6 14 4 -4 -5 8 22 -2 12 11 -3 -9 -10 -1 16 -15 18 19 -18 21 -7 23 25 -25 28 27 -27 -8 -28
right_child=1 10 3 5 -6 20 7 9 13 -11 -12 -13 -14 15 -16 -17 17 -19 -20 -21 -22 -23 -24 24 -26 26 29 -29 -30 -31
leaf_value=-0.012368359503700348 0.087152328827875367 0.043087710634025007 0.026334341615578516 0.10812125108278843 -0.041543163457553552 0.1340037161005308 0.041513302484355086 -0.057734004100290531 0.087268032024190562 -0.033113063274127233 0.061940396290862856 -0.041086283571919013 0.050681127050258568 -0.026758378714403258 0.088389348363330705 -0.059556987795292719 0.021123741957293427 -0.010628893912687697 0.078388014466002576 -0.017467636356992222 -0.023307683808522779 0.0029235639959001927 -0.0075855088617141162 -0.029735263279424301 0.045096780168966427 -0.0039490639743122681 -0.022647792590183988 0.11692985354430055 -0.015274718068937385 0.08780067877099447
leaf_weight=0.9772248461313271 0.99068523149520515 2.5936577792077804 2.3106984714642307 0.40883071115682668 15.78628337464294 0.2979319300137736 2.765284893971403 0.48732715086763434 0.85650419828652857 1.246452234860868 3.2651521209047516 1.8014601707358791 4.9282325002512195 3.3773009213534726 0.94026197170934012 1.0166432840014739 28.70153935982524 9.2249284007828773 1.6041998550398933 3.5852785281997503 11.004344269259638 9.1764597612497116 79.680710678717702 6.956018189797442 1.1871512075616264 1.0206085769495135 1.6209032532600818 2.3651144550277294 3.4920353463895637 0.50928806881034905
leaf_count=86 275 139 94 21 1490 23 521 77 82 124 376 102 646 81 40 370 1573 1234 122 115 1931 1651 6726 987 536 159 172 234 654 128
internal_value=-0.000408169 0.00338263 -0.0131521 -0.0189945 -0.0328763 -0.00696733 0.00222436 -0.00202459 0.00979704 0.0270728 0.0313284 0.00858668 0.0409252 0.0102382 0.0370394 0.00884947 0.0103453 0.0132516 0.0197518 0.0168384 -0.00926492 0.00704551 -0.00417419 0.00947369 -0.00844959 0.0157066 0.0508579 0.0804915 0.0098215 0.00375833
internal_weight=204.179 163.276 40.902 38.9845 18.097 20.8876 155.616 106.259 49.3571 6.66201 7.66027 4.39512 5.41556 48.3664 1.91749 47.5099 46.4932 43.1159 33.891 32.2868 20.4787 9.47439 99.5971 19.9164 8.14317 11.7732 5.51591 3.38572 6.25732 2.13019
internal_count=20769 15433 5336 5210 1584 3626 14816 10964 3852 847 617 241 723 3577 126 3495 3125 3044 1810 1688 3605 1674 10117 3391 1523 1868 693 393 1175 300
cat_boundaries=0 5 9 13
cat_threshold=272647241 839021698 1101137080 404783104 1 603979780 4522348 542121990 1690596360 3363996290 201361408 2214592833 17891456
is_linear=0
shrinkage=0.05


Tree=21
num_leaves=31
num_cat=3
split_feature=22 1 11 8 22 2 6 22 4 9 13 11 5 7 2 6 0 9 14 6 6 11 9 7 21 9 1 13 4 10
split_gain=3.91145 3.12638 2.28257 2.74085 2.15233 2.37047 2.19838 2.8292 3.59025 2.7203 2.97806 2.71388 3.66687 2.72481 2.51613 2.36899 2.14188 2.94992 1.96238 2.11269 1.90951 3.94793 2.29983 2.41156 2.19108 2.22198 2.42564 2.27026 1.89393 1.81746
threshold=0 0.09983765164153692 0.099362362443757832 0.6150000000000001 1 -0.45339264834843612 3.4075000000000002 2 4.647050000000001 -5.5724071048783346 0.099405053359369014 0.11702744015187004 105122996.69000001 0.94500000000000006 0.18360407097953249 2.7636000000000007 0.17196097054950779 5.9844039765299621 0.13536417773705914 3.9617500000000008 1.9949500000000002 0.097938144329896934 1.4349965455066285 1.155 0.16774891774891779 1.2308806327633317 0.023981962732593568 0.10002884827596072 19.451450000000005 0.10140321470463991
decision_type=9 2 2 10 9 2 8 9 2 2 2 2 2 2 2 10 2 2 2 8 8 2 2 2 2 2 2 2 2 2
left_child=2 4 3 -1 20 -6 11 8 -8 -10 16 13 -13 -7 18 -14 -11 -18 19 -9 21 -2 23 -23 25 26 -22 -27 -5 -12
right_child=1 -3 -4 28 5 6 7 14 9 10 29 12 15 -15 -16 -17 17 -19 -20 -21 24 22 -24 -25 -26 27 -28 -29 -30 -31
leaf_value=0.064704011406127679 -0.013427328147155866 0.033734158992323272 -0.028794560586986491 -0.014998141596190876 0.062974620402608913 0.0066792251307610353 0.12289449922784122 0.12885572524239866 -0.033153814494872542 0.11850602587515124 0.00069366306068484578 0.11900688979626897 0.05484489714238331 -0.031734744442694821 0.010594520776995542 -0.059144286420527395 -0.023731563597512311 0.16740957763455191 -0.026076470982228574 -0.0022691635384631511 -0.0051250626977099728 0.10531904831894588 0.13781109452979085 0.013100106368367623 -0.0007686364650946793 0.065927032688477744 0.058150525190577444 0.0071403225707238581 0.0557313054850051 0.023446107254667465
leaf_weight=1.364824363980772 2.4995832063016357 7.9409536875974416 19.605496892042908 12.497490549768946 1.3450406806491049 6.2648705278451251 0.68274721723905329 0.41213738342313511 3.7977790331738239 1.0662272135802617 27.634968559794345 0.8270411414939639 0.8302156773652668 17.543345189215472 8.1829420196114437 1.0106849934067694 0.88221746528402156 0.26174438119869592 20.412260619061222 1.2063548180973029 8.2784436913966122 1.1090863803319173 0.88585696489774779 1.9648201664065963 32.406212739087444 4.2478804864919644 1.8537385698629822 2.6774914736557207 1.0240145136034104 12.862125450154954
leaf_count=182 233 635 2572 1779 131 435 55 42 245 76 3078 109 78 1950 1007 41 245 22 2330 148 412 28 57 132 3032 168 93 142 186 1126
internal_value=-0.000399211 0.00293333 -0.0136338 -0.0028254 0.00159756 -0.00271868 -0.00383102 0.000423132 0.00748355 0.00739837 0.0110045 -0.0162678 0.0315526 -0.0216265 -0.00982791 -0.00773705 0.067522 0.0200025 -0.0218745 0.0311208 0.00865696 0.0357723 0.0668293 0.0463733 0.0068662 0.021371 0.00645155 0.0431989 -0.00964164 0.00791998
internal_weight=203.579 169.087 34.4918 14.8863 161.146 105.223 103.878 77.4015 47.1878 46.5051 42.7073 26.4762 2.66794 23.8082 30.2137 1.8409 2.21019 1.14396 22.0308 1.61849 55.9231 6.45935 3.95976 3.07391 49.4638 17.0576 10.1322 6.92537 13.5215 40.4971
internal_count=20769 16050 4719 2147 15415 11118 10987 8374 4847 4792 4547 2613 228 2385 3527 119 343 267 2520 190 4297 450 217 160 3847 815 505 310 1965 4204
cat_boundaries=0 5 9 13
cat_threshold=272647241 838882434 1101136936 405045248 1 637534208 4522348 609230918 1690399752 3229786278 68190208 2147600385 2164919169
is_linear=0
shrinkage=0.05


Tree=22
num_leaves=31
num_cat=2
split_feature=22 7 7 4 17 22 2 4 7 0 13 3 11 0 4 2 21 14 3 21 21 11 2 9 13 9 9 20 13 4
split_gain=3.69711 2.90013 2.62027 2.36187 2.09346 2.16174 2.03178 2.29039 2.33648 2.24355 3.15096 2.54158 2.83491 2.26387 1.80003 1.90655 2.04845 1.71728 2.95348 2.89357 2.19339 2.78167 3.06138 2.19999 3.28731 1.88965 2.94701 2.68294 1.88868 1.71177
threshold=0 0.75500000000000012 0.39500000000000007 18.056450000000002 35.500000000000007 1 -0.22692880036630028 4.2598000000000011 1.2550000000000001 0.25902617575720932 0.10021834165224565 2141983.0931000006 0.099687250888852996 0.070309462311057044 7.9322500000000007 0.30891820247412266 0.20112359550561801 0.65730872900684234 1222842.5423000001 0.23223304473304476 0.20722186076772939 0.11842105263157884 -0.20308429761305832 -5.5724071048783346 0.10000002588235414 -3.5574387947269299 2.37296109833034 0.2096511627906977 0.099887608657070262 13.336600000000002
decision_type=9 2 2 2 2 9 2 2 2 2 2 2 2 2 2 2 2 2 2 2 2 2 2 2 2 2 2 2 2 2
left_child=1 -1 -2 4 -4 -6 7 -3 -9 11 14 12 13 -8 -11 29 -17 18 20 25 23 28 -23 24 -7 -20 27 -27 -22 -16
right_child=2 6 3 -5 5 17 9 8 -10 10 -12 -13 -14 -15 15 16 -18 -19 19 -21 21 22 -24 -25 -26 26 -28 -29 -30 -31
leaf_value=0.043891807270904207 0.042512272012234564 -0.047789756434032882 0.027695574437464916 0.011586672572672402 0.00021015918090794153 0.10585627664723321 0.067899916126085869 0.083704186804518424 0.021818507752681661 -0.026626392734882456 0.051284307227073306 -0.047551213967827903 -0.019658685674274728 -0.0020732404502320392 0.021198265700078212 0.0094784587449364983 0.071928158131703654 -0.028090107353188044 -0.0095547928631880413 -0.04041658802373066 0.023962898473651434 0.16990817741473851 0.01391782637412318 -0.025915248277796166 -0.040365310321415396 0.135166763522203 -0.013843412097769165 0.038435218170362592 -0.020025889096495622 -0.018647857831282665
leaf_weight=6.0239829874985338 2.8559290330721288 0.938109001442199 3.9288548278211115 17.083672442337701 49.012251162616103 0.79722933239941329 2.1139026194865895 1.901294167858621 7.7099385849617548 3.963628041150165 4.1773495933132372 3.875783914001075 7.7821291369497558 2.5506759555012977 4.8184059875041161 3.1919398870733309 2.2308656893170564 20.629762900535383 1.7047127140285736 1.6461193520483517 3.517480982608765 0.48390931529297632 0.89859338236476449 30.280912341310909 0.74224324869067004 1.2553169702115945 1.1739587964912059 1.6710558872775889 7.9669031027620321 6.1171627040573995
leaf_count=282 194 121 2143 2596 3978 68 169 104 294 473 665 159 518 280 574 114 252 2082 32 232 953 44 140 1448 52 38 56 106 1898 704
internal_value=-0.000391759 0.00942768 -0.00459319 -0.00585699 -0.00822755 -0.00938649 0.00722149 0.0267821 0.0340607 0.00216656 0.0117343 -0.0121942 -0.00118431 0.0296373 0.00360444 0.0109294 0.0351694 -0.0139606 -0.0110475 0.0180957 -0.0159069 0.00151329 0.0685182 -0.0229509 0.0353568 0.0346879 0.0530818 0.0799298 -0.00655284 -0.00109095
internal_weight=203.044 57.3952 145.649 142.793 125.709 121.78 51.3712 10.5493 9.61123 40.8218 24.4994 16.3225 12.4467 4.66458 20.322 16.3584 5.42281 72.7682 52.1384 7.45116 44.6873 12.8669 1.3825 31.8204 1.53947 5.80504 4.10033 2.92637 11.4844 10.9356
internal_count=20769 4709 16060 15866 13270 11127 4427 519 398 3908 2782 1126 967 449 2117 1644 366 7149 5067 464 4603 3035 184 1568 120 232 200 144 2851 1278
cat_boundaries=0 4 8
cat_threshold=603987970 137691501 542113862 1690319896 3389653665 2223538192 469794816 2198684549
is_linear=0
shrinkage=0.05


Tree=23
num_leaves=31
num_cat=3
split_feature=22 1 4 5 22 22 2 20 6 1 4 5 5 13 4 6 4 20 17 8 8 17 8 2 0 2 9 14 2 4
split_gain=3.358 2.38118 1.98245 2.47131 4.06548 3.73617 3.62594 3.02375 2.662 2.25256 3.452 2.24131 2.24508 2.13258 3.11684 3.14873 3.87286 2.14994 2.71124 2.70693 2.07088 2.05544 1.91467 1.90956 2.36482 2.10742 2.60623 1.95747 1.90016 1.84856
threshold=0 0.09983765164153692 20.835400000000003 510061927.22000009 1 2 0.086772545289654737 0.3054093567251463 2.3492000000000002 0.0013367867083036169 10.264150000000003 93711307.355000019 472157449.30000007 0.099915504481439502 5.7351500000000009 5.6922500000000005 18.217900000000004 0.15430402930402934 78.500000000000014 0.94500000000000006 0.82500000000000007 68.500000000000014 0.58500000000000008 -0.087929985324122148 0.0015915129145487189 -0.047543789269998686 -3.2258064516129052 0.18227964928472545 -0.40662764941202961 14.280650000000001
decision_type=9 2 2 2 9 9 2 2 10 2 2 2 2 2 2 10 2 2 2 10 8 2 8 2 2 2 2 2 2 2
left_child=23 2 3 5 13 8 28 -8 -2 -9 -11 21 -13 14 -5 -16 20 -15 -19 -20 -17 -10 -7 24 -1 26 -25 -28 -6 -29
right_child=1 -3 -4 4 6 22 7 9 11 10 -12 12 -14 17 15 16 -18 18 19 -21 -22 -23 -24 25 -26 -27 27 29 -30 -31
leaf_value=0.016705742579192554 -0.04456229888556134 0.02991341991877702 0.01972911769231132 -0.05994069055792639 0.031680426636285924 -0.025858900173268102 -0.014077570268273996 -0.020686893105148707 -0.041704728124821518 -0.025811063305601324 0.093045728615736845 -0.012925535368245184 0.070416453772509338 -0.048594997964069561 0.13943030677658649 0.086099467083761705 0.13719641716211359 -0.0079824286453597845 -0.0059027355138056257 0.06733797799836877 -0.04377967124715728 0.064906479230454589 0.01544474478737449 0.14992590752809948 -0.034690415188353224 -0.010286130628659502 0.13652940104680381 -0.046376655947746703 -0.038294982471794387 0.088675888442499934
leaf_weight=2.6186531516197205 4.9880077867482937 7.8238786761836527 13.841816848439008 0.55813913894047873 1.0253669499181821 2.9549443312896804 16.12619081412868 1.3291341132830101 0.58932773431824914 0.86842247450969301 2.0599653292027185 20.645899646170168 0.84097618265221896 1.5506449725528302 1.0450914039909949 0.42067645829115474 0.64337428406638242 6.4029747222115017 2.0079004240960785 3.3940799859249182 1.1349167763690957 1.941636109454066 55.592134972279069 0.44907323549861677 15.400220602567186 16.664609485368558 0.26880937058346432 0.9805311199075033 18.015937526513042 0.34166828869490473
leaf_count=117 568 626 1751 39 23 399 1039 155 245 89 174 2170 76 103 95 54 31 603 89 134 120 207 5580 30 1521 3097 47 156 1356 75
internal_value=-0.000383168 0.00281826 0.00165476 -8.09735e-05 -0.00822502 0.00518228 -0.0150267 -0.00418261 -0.00842107 0.0332965 0.0577984 -0.00442145 -0.00966361 0.0102106 0.0491991 0.0679765 0.034017 0.00675623 0.0140269 0.0401146 -0.00865667 0.0400824 0.0114111 -0.0122648 -0.0272211 -0.00441399 0.0435532 0.0135288 -0.0345268 -0.0114779
internal_weight=202.525 165.801 157.978 144.136 56.5828 87.5529 39.425 20.3837 29.0058 4.25752 2.92839 24.0178 21.4869 17.1578 3.8022 3.24406 2.19897 13.3556 11.805 5.40198 1.55559 2.53096 58.5471 36.7236 18.0189 18.7047 2.04008 1.59101 19.0413 1.3222
internal_count=20769 15726 15100 13349 4104 9245 2836 1457 3266 418 263 2698 2246 1268 339 300 205 929 826 223 174 452 5979 5043 1638 3405 308 278 1379 231
cat_boundaries=0 5 9 13
cat_threshold=272647241 838890626 1101136936 405045248 1 35160100 86049036 2718009344 8477312 1175978036 85985280 2450380945 1073749184
is_linear=0
shrinkage=0.05


Tree=24
num_leaves=31
num_cat=4
split_feature=22 7 9 8 22 22 20 2 2 14 21 11 9 8 3 2 7 2 9 20 14 11 8 14 21 0 21 0 22 4
split_gain=3.40279 2.76057 2.60288 2.32464 4.7079 3.76636 3.27983 3.05773 2.42502 2.77631 2.37202 2.27261 2.21584 2.16444 2.1367 2.18232 2.12364 2.84369 2.06598 3.72657 2.39898 2.66895 2.15751 2.40427 2.00811 1.92299 1.86135 1.86199 1.81923 2.17332
threshold=0 0.65500000000000014 -1.9809998395764803 1.2150000000000001 1 2 0.24264069264069268 -0.29481535311860219 -0.28910324611774246 0.39956458635703923 0.18469785575048733 0.10347583270435916 -4.1019709784498142 5.495000000000001 137206.02205000003 -0.27149391263629669 1.9150000000000003 0.16669470614625406 1.7448407710035643 0.32972878185644144 0.59199964456029164 0.10429447852760744 1.1050000000000002 0.39956458635703923 0.13680926916221037 0.61551553590494323 0.20112359550561801 0.0010794052073113418 3 9.1365500000000015
decision_type=9 2 2 8 9 9 2 2 2 2 2 2 2 8 2 2 2 2 2 2 2 2 8 2 2 2 2 2 9 2
left_child=26 2 -2 5 13 8 7 10 9 -3 -6 -8 -9 -5 15 -7 17 -13 22 20 21 -20 -10 -24 -14 -16 -1 -28 -27 -30
right_child=1 3 -4 4 6 14 11 12 18 -11 -12 16 24 -15 25 -17 -18 -19 19 -21 -22 -23 23 -25 -26 28 27 -29 29 -31
leaf_value=-0.026863161040854247 0.051127777931413071 -0.013140420100517664 0.0058422967902546337 -0.026840015560946451 0.003741317063699439 0.14921197446658335 -0.010957282156575276 -0.021621261312446828 -0.0062478530608772731 0.075950402226807781 0.15593906614722025 0.075074948100796471 0.07980379113003247 0.091415079775294353 -0.013792167830462221 0.0031508707012315382 -0.00030176214416080511 -0.0028738073128463377 -0.0067930110027406487 0.11772271517244735 -0.018949311246728606 0.10184849546445032 0.10774929539992949 0.007959831633947206 0.029759559934930031 -0.010989304141842808 0.08989431985297304 -0.0056483136216938529 -0.015888064906958595 0.037369621926736207
leaf_weight=19.985529369968699 5.4659611010975553 1.2471829941668229 7.5640520036527814 11.921850933076581 0.35630458856803915 0.42412770964688207 8.6787480126645367 1.6979538254039717 16.836354830231421 2.9261290347378548 0.90938965953765205 3.2117179024219222 2.4610445586014977 0.39992160923117204 65.673634836688279 0.64411466246444493 4.5916769147348049 1.8405802961434572 1.0414420964581332 1.0887952056314345 2.4716582203468818 1.2365128279458799 0.91629629629261389 1.7687820228245668 10.807375554012628 5.2250595788342551 0.53843302565607487 9.6377861787374197 2.5246425739609517 7.9401784862927371
leaf_count=1446 206 70 471 1556 211 50 1364 124 1780 102 79 252 61 22 4980 207 717 150 114 141 175 49 64 140 1276 608 48 2934 486 886
internal_value=-0.000378028 0.00256519 0.0248391 0.000899523 0.0102477 -0.00301432 0.017143 0.0384704 0.0104639 0.0493259 0.113094 0.00760526 0.0321595 -0.0126972 -0.00812676 0.061142 0.0243099 0.0466778 0.00819487 0.0342905 0.0151647 0.0521795 0.000390259 0.0420135 0.0390418 -0.010035 -0.0135181 -0.000593066 0.00569137 0.0125391
internal_weight=202.033 171.871 13.03 158.841 46.8766 111.965 34.5548 16.2321 29.5332 4.17331 1.26569 18.3227 14.9664 12.3218 82.4318 1.06824 9.64398 5.0523 25.3598 5.83841 4.74961 2.27795 19.5214 2.68508 13.2684 81.3635 30.1617 10.1762 15.6899 10.4648
internal_count=20769 16341 677 15664 5812 9852 4234 1751 2635 172 290 2483 1461 1578 7217 257 1119 402 2463 479 338 163 1984 204 1337 6960 4428 2982 1980 1372
cat_boundaries=0 5 9 13 17
cat_threshold=4211785 855659650 1101137080 404783104 1 2350391554 2226661457 2147484162 604127617 2349858818 213647737 269486080 1690457472 269123712 4196356 2181062912 17825800
is_linear=0
shrinkage=0.05


Tree=25
num_leaves=31
num_cat=5
split_feature=22 7 22 18 4 22 20 8 22 22 13 2 0 3 11 1 20 4 9 14 21 21 9 10 7 6 10 0 4 14
split_gain=3.88507 2.90357 2.86215 2.29171 2.23925 2.16876 2.12719 2.33408 2.71056 2.50939 2.37056 2.19299 2.14476 2.10301 2.3645 2.0539 2.02665 1.94582 2.10423 1.77575 3.07575 1.95572 1.78329 1.78187 1.7333 1.89265 2.53135 1.71024 1.69502 1.6895
threshold=0 0.94500000000000006 1 16.500000000000004 9.5395000000000021 2 0.57478991596638662 0.85500000000000009 3 4 0.1007490741779823 -0.45339264834843612 0.41184098325529445 532054.1181000002 0.11842105263157884 0.056530740319618807 0.18801913748421825 3.3899500000000002 -1.8993477012481494 0.14271763392857145 0.16405676535356009 0.19098277608915909 1.0559334150996527 0.099911970125636282 1.3750000000000002 4.3705000000000007 0.11063889992654931 0.25902617575720932 9.6010500000000025 0.4816696231790572
decision_type=9 2 9 2 2 9 2 8 9 9 2 2 2 2 2 2 2 2 2 2 2 2 2 2 2 8 2 2 2 2
left_child=4 5 3 13 -1 17 7 9 15 10 -4 -10 -11 14 -3 -9 -15 18 -2 20 -13 -22 23 -23 -18 -26 29 -5 -7 -27
right_child=1 2 6 27 -6 28 -8 8 11 12 -12 19 -14 16 -16 -17 24 -19 -20 -21 21 22 -24 -25 25 26 -28 -29 -30 -31
leaf_value=-0.040416454130740666 0.075140426036474875 0.021853561629405722 0.012715545447991486 -0.029843005335247443 -0.0060126949166422385 0.01948669050737916 0.097513380307693839 -0.022469829378092332 0.10100534835876883 -0.037783959483600041 0.11828066699435924 -0.027267800473579153 -0.0043563563426796013 -0.024236167838068222 0.075975723183084598 0.030697938808186276 0.038950990572331201 -0.035493381292715197 -0.022660512638287056 0.0025746849719233632 0.13981151050893578 0.031555608444603554 -0.025294681428874963 0.13327055433886356 0.028569827090036762 0.047118761427760322 0.0498668430630941 0.0083313521567892606 0.051107781622711602 -0.027238576484727151
leaf_weight=11.3891987861714 0.97742449814018106 10.883432459966064 6.7442439341067058 5.4529378448777361 8.0887232520524801 19.906538025503064 0.49501544054348201 20.485473413789951 0.61608078415277745 18.146308646894376 0.57732645759517698 1.3717186292229175 6.5236104292030666 4.2325197889567177 2.4774101202725225 1.9931776850709741 5.1219543978597128 5.3152765641916986 1.2576228595697783 39.312309619105406 0.64746301698232889 1.1979817078745898 0.70305656301218977 0.67215813428652627 5.5568054842047419 0.85428224368923178 1.5778585219298555 6.3512428876083504 5.3842945578400068 7.2225235302078516
leaf_count=1371 33 1265 819 296 1407 1202 91 2597 68 1580 36 85 1117 218 205 240 237 287 104 4517 35 144 156 62 489 61 67 1020 313 647
internal_value=-0.000397615 0.00223272 -0.000606956 0.00827265 -0.0172653 0.0158149 -0.00534043 -0.00639425 -0.00108892 -0.0175051 0.00889315 0.00598234 -0.0205959 0.0159241 0.0318891 -0.0122886 0.00724118 -0.00818853 0.0201095 0.00601153 0.0354321 0.0621367 0.0425923 0.0681136 0.0137934 0.00532238 -0.00805784 -0.00930328 0.0187894 -0.0193738
internal_weight=201.536 182.058 149.217 49.731 19.4779 32.8412 99.4859 98.9909 66.9994 31.9915 7.32157 44.5208 24.6699 37.9268 13.3608 22.4787 24.5659 7.55032 2.23505 43.9047 4.59238 3.22066 2.5732 1.87014 20.3334 15.2115 9.65466 11.8042 25.2908 8.07681
internal_count=20769 17991 16052 4505 2778 1939 11547 11456 7904 3552 855 5067 2697 3189 1470 2837 1719 424 137 4999 482 397 362 206 1501 1264 775 1316 1515 708
cat_boundaries=0 5 9 13 17 21
cat_threshold=4212040 855659650 1101137048 404783168 1 2785149062 142870824 809533445 1623227400 2156003461 10240 33914881 132360 819728 2216730705 2148534880 2164719780 557056 2147516417 2144 2231500944
is_linear=0
shrinkage=0.05


Tree=26
num_leaves=31
num_cat=5
split_feature=22 7 22 18 3 3 7 17 7 22 4 17 4 13 20 9 22 22 13 20 15 4 4 7 8 17 11 5 7 6
split_gain=3.12786 2.56708 2.71148 1.98389 2.018 2.02052 2.53735 1.95576 1.98668 1.90075 1.91286 2.25687 1.89215 2.05348 1.88894 1.8704 2.52742 2.31742 2.37161 2.30456 2.85018 2.01908 2 1.93892 1.93398 1.88894 1.96349 1.98497 2.22676 1.8262
threshold=0 0.94500000000000006 1 16.500000000000004 523162.21910000005 471865.35725000006 1.0650000000000002 62.500000000000007 1.3250000000000004 2 3.3899500000000002 105.50000000000001 14.196200000000003 0.10035971688469671 0.53308073447974358 -2.6315789473684235 3 4 0.10057637366287954 0.16287683031869082 2.5000000000000004 13.161650000000002 9.9951500000000006 1.1650000000000003 0.81500000000000006 131.00000000000003 0.14547898655019545 528043929.02000004 1.0950000000000004 4.2268000000000008
decision_type=9 2 9 2 2 2 2 2 2 9 2 2 2 2 2 2 9 9 2 2 2 2 2 2 8 2 2 2 2 8
left_child=-1 9 3 4 5 6 -3 12 -9 10 11 -2 -8 -14 15 16 19 18 24 -4 22 -19 -21 -23 -17 26 27 -26 -29 -6
right_child=1 2 14 -5 29 -7 7 8 -10 -11 -12 -13 13 -15 -16 17 -18 21 -20 20 -22 23 -24 -25 25 -27 -28 28 -30 -31
leaf_value=-0.016128323901609468 0.057305024544668383 0.13052632403736655 -0.048370772015690136 -0.0086443193889670349 0.025292310771865251 0.077648355115074147 -0.039918339504394246 -0.02804577903224801 0.047407343000132308 0.017492669842249023 -0.033000449625936033 -0.046713776754084731 -0.010846879718884487 0.11084254142613269 0.079458215064541038 -0.014745122905419098 -0.022507803990898675 -0.020048257917648558 0.051565798757496444 0.11802059381006497 0.0059916248397279652 0.08473360416766941 0.015725439795263387 -0.00040635197532938008 0.018573911112833821 0.090641948475262177 0.103199287474063 0.056993683645879423 -0.014849502976236648 -0.0035168704343647127
leaf_weight=17.5238725390345 1.5035233908120136 0.52137476232860436 0.81641930759219139 11.05517474408998 8.6563408766747489 2.015417887239578 2.2641125026257201 1.049987532332352 5.1579742295168671 25.29418739104257 5.5395561225351813 0.79835277766574098 0.97847233268994649 0.53690282393887401 0.64719005775917438 10.901793617617924 15.016065214197512 27.791407249724301 2.7075073652323942 1.4596262432988356 2.4696278356389598 0.71303663524277183 0.71035268710949129 10.755018140102406 14.86172721433392 0.70770034542510885 0.53078966868275657 1.1879611890727222 11.711225642204246 15.089854496905735
leaf_count=2455 100 48 41 1227 605 137 523 75 268 1499 318 48 243 44 157 1260 1334 3381 427 105 286 93 103 1786 1734 309 32 43 1045 1043
internal_value=-0.000390086 0.00188948 -0.000784561 0.00817173 0.0155502 0.0317899 0.022995 0.0173815 0.0346455 0.01459 -0.00750738 0.0212285 -0.0109754 0.0322681 -0.00518977 -0.00623219 -0.0197495 -0.00285202 0.00508721 0.0102706 0.0427264 -0.0101731 0.0845338 0.0048873 0.00320835 0.00995763 0.00793936 0.00611798 -0.00823305 0.00698511
internal_weight=200.973 183.449 150.313 47.3256 36.2704 12.5242 10.5088 9.98745 6.20796 33.1356 7.84143 2.30188 3.77949 1.51538 102.987 102.34 20.4721 81.8682 42.6087 5.45603 4.63961 39.2595 2.16998 11.4681 39.9012 28.9994 28.2917 27.7609 12.8992 23.7462
internal_count=20769 18314 16349 4213 2986 1338 1201 1153 343 1965 466 148 810 287 12136 11979 1869 10110 4850 535 494 5260 208 1879 4423 3163 2854 2822 1088 1648
cat_boundaries=0 5 9 13 17 21
cat_threshold=4211784 838878338 1101137032 404783104 1 2785149060 142870840 809533445 1623227400 2156003463 10240 33914881 132360 134217731 4259845 81952 132 1082662944 2164822016 101984512 85918481
is_linear=0
shrinkage=0.05


Tree=27
num_leaves=31
num_cat=4
split_feature=22 7 22 4 11 20 17 14 8 4 22 22 1 10 5 4 21 4 18 4 9 6 14 17 8 11 0 2 13 0
split_gain=3.22477 2.67127 2.52671 2.39517 2.0375 2.3054 1.86142 2.3917 2.03253 2.32785 3.46395 2.23069 1.97835 1.99134 1.73125 2.65768 1.93753 1.7647 1.72769 1.71839 1.69643 2.36889 3.40725 2.13822 1.94775 1.80449 1.76588 1.67292 1.62903 1.69823
threshold=0 0.94500000000000006 1 9.5395000000000021 0.10045812008862588 0.16561181434599156 36.500000000000007 0.081999231557377053 0.85500000000000009 6.0484000000000009 2 3 0.020424628459313036 0.11345092126560384 198787402.39000002 8.718300000000001 0.16580756013745707 9.5395000000000021 9.5000000000000018 9.9314000000000018 2.2943299744322525 4.3705000000000007 0.45972972972972981 70.500000000000014 0.76500000000000012 0.10728075836086039 0.25902617575720932 -0.21891876271696395 0.10054496317415053 0.15736028634564439
decision_type=9 2 9 2 2 2 2 2 8 2 9 9 2 2 2 2 2 2 2 2 2 10 2 2 10 2 2 2 2 2
left_child=3 -2 4 -1 -3 27 7 -4 9 -8 -11 12 13 -10 15 -7 -17 -18 -5 -20 21 22 -16 24 -23 -24 -22 -6 29 -12
right_child=1 2 6 18 5 14 8 -9 11 10 28 -13 -14 -15 20 16 17 -19 19 -21 26 23 25 -25 -26 -27 -28 -29 -30 -31
leaf_value=-0.036386145984532707 0.015129665731439958 -0.003883301594446375 0.20606331673000677 -0.031529719506977569 0.025731063503510607 0.019979977121148008 -0.041552701531562597 0.020423269247960483 -0.027762029138574319 0.012658255911380726 -0.05192186106339744 0.0054448421451237195 0.0086430477252859485 0.037950905983586053 -0.045545202680167006 0.15832804718673116 0.15014634596482446 0.028365017313211879 0.10019564536470887 0.0046397677006139969 -0.011394807504471785 0.055051587738793428 0.11700423585964666 -0.044461661862287449 -0.0074510527770487766 0.032953271621412893 0.051600888505473647 -0.042576752421934545 0.021598060439514868 -0.01718691413705966
leaf_weight=12.414851716668062 32.726421412681248 17.08109198243011 0.18285451493873894 3.4679201509251438 1.4024233452319097 3.4929274777898938 7.5357475195418884 3.3920454983476276 17.75452061134267 7.8606688655106014 6.8988801236461743 39.898671392855974 6.4034745616778315 1.2329364973263626 0.85096825246797481 0.70370885304430464 0.39610126016803793 1.1947063877688888 0.51258346158897428 5.7288174095662043 1.4371277800020852 1.6575191990352829 1.1358416509453806 2.7306249262026085 5.0259964581623251 1.4585839224070509 4.9239945125949802 2.4838935318816366 1.4417530219918724 7.1822772974386808
leaf_count=1527 1914 1998 68 444 26 315 511 2053 1821 884 325 3997 753 118 52 49 31 168 60 1034 50 148 74 208 437 86 329 159 124 1006
internal_value=-0.000432638 0.00210276 -0.000677823 -0.0150395 0.00805477 0.0178997 -0.00500683 0.0299187 -0.00682499 -0.0173856 -0.00959733 -0.00182379 -0.0110414 -0.023495 0.0234672 0.0474418 0.0892466 0.0586878 -0.00323437 0.0124874 0.0162484 0.00580098 0.0412742 -0.00718154 0.00804967 0.0697509 0.0373687 -0.0179271 -0.017651 -0.0342049
internal_weight=200.61 178.486 145.759 22.1242 45.9755 28.8944 99.7838 3.5749 96.2089 30.9193 23.3836 65.2896 25.3909 18.9875 25.0081 5.78744 2.29452 1.59081 9.70932 6.2414 19.2207 12.8595 3.44539 9.41414 6.68352 2.59443 6.36112 3.88632 15.5229 14.0812
internal_count=20769 17704 15790 3065 4130 2132 11660 2121 9539 2850 2339 6689 2692 1939 1947 563 248 199 1538 1094 1384 1005 212 793 585 160 379 185 1455 1331
cat_boundaries=0 5 9 13 17
cat_threshold=4736200 3003143298 1101137048 404783104 1 771883014 142870840 809533445 1690336264 2147516449 32769 67680 2164326805 2147779344 69378113 2148797024 2164719844
is_linear=0
shrinkage=0.05


Tree=28
num_leaves=31
num_cat=4
split_feature=22 4 7 19 22 22 21 15 14 8 3 14 0 9 4 8 7 5 4 18 11 0 13 15 22 4 18 0 4 5
split_gain=2.97901 2.42482 2.36533 2.33597 4.52349 3.90634 2.95437 2.65698 2.87189 2.57707 2.43526 3.19301 2.66165 2.25691 2.14513 1.97289 1.85713 1.80191 2.62431 1.89037 1.76752 1.76267 1.88339 1.85606 1.61316 1.78236 2.33499 2.01908 1.77401 2.16804
threshold=0 9.5395000000000021 0.94500000000000006 5.5000000000000009 1 2 0.14017543859649126 2.5000000000000004 0.92872693344391466 3.4250000000000003 3033727.0440000002 0.37375130397314954 0.17196097054950779 -5.9884222399150753 13.538350000000001 0.81500000000000006 1.8450000000000004 210888222.04000005 8.6098000000000017 11.500000000000002 0.083740853221101044 0.48998990036701201 0.10053192994369477 6.5000000000000009 3 4.8540500000000009 7.5000000000000009 0.32764576986116917 9.6010500000000025 1258337203.3850002
decision_type=9 2 2 2 9 9 2 2 2 8 2 2 2 2 2 8 2 2 2 2 2 2 2 2 9 2 2 2 2 2
left_child=1 -1 24 5 7 13 14 10 15 -7 11 17 -13 -4 -6 -9 -14 18 -5 -20 -15 22 -8 -24 25 26 -2 -28 29 -26
right_child=2 -3 3 4 6 9 21 8 -10 -11 -12 12 16 20 -16 -17 -18 -19 19 -21 -22 -23 23 -25 28 -27 27 -29 -30 -31
leaf_value=-0.036442201130899611 0.065672145442849383 -0.0028666900261257789 -0.042471221913112783 0.0057384816490040581 0.084451211147216876 -0.013933154431497903 -0.032530032092320971 -0.042299351370839212 0.096106282767304721 0.078247617055781871 -0.043153345621373601 0.12323349690962326 0.084901468567746344 -0.011261487376507336 -0.006089345969750571 0.017857003869555448 0.0089677506567122766 -0.029067835155507156 0.14791583122856852 0.03793833645588713 0.017350574682581943 0.0036785231116560034 -0.010928166233096545 0.11537822700167476 0.023836599279844762 -0.025481471908968281 -0.027889604648610018 0.05161743071750502 0.053233319519432332 -0.051301021759654446
leaf_weight=11.861738338691334 1.5271182319502665 9.8368743916176893 1.9929821223139104 2.061509773382753 1.3537442327943368 64.318274639702111 12.231859316028642 2.0129210853562531 0.8559065156696305 0.76724696315289875 0.66635043326527998 2.2478468064565647 1.8970915827049597 6.5902090243558638 1.2659721375389663 4.2209701433143607 1.3990347414275559 1.1489057448667805 0.76350171094281882 0.80028972358007877 29.828880596265549 7.603089625271493 0.89198032499468982 0.43159225736860662 14.785168194776448 6.5427310623846466 3.006654404399228 1.0872756125924636 4.9590518435599327 1.0267136561124051
leaf_count=1482 63 1494 121 238 136 5503 1790 325 156 122 73 201 230 532 74 1418 476 119 52 129 1839 2109 190 30 980 355 129 96 266 41
internal_value=-0.000377555 -0.0145264 0.00204457 -0.000582178 0.00938564 -0.00461299 -0.00660987 0.0219447 0.0102241 -0.0111356 0.0494874 0.0554702 0.0812814 0.00740907 0.0406977 -0.00156746 0.0526715 0.0254973 0.0427897 0.0916335 0.0121731 -0.0155912 -0.0263993 0.030258 0.014258 -0.00424843 0.0129081 -0.00677394 0.0183206 0.0189577
internal_weight=199.983 21.6986 178.285 145.35 41.8526 103.498 23.7782 18.0743 7.0898 65.0855 10.9845 10.3182 5.54397 38.4121 2.61972 6.23389 3.29613 4.77421 3.6253 1.56379 36.4191 21.1585 13.5554 1.32357 32.9347 12.1638 5.62105 4.09393 20.7709 15.8119
internal_count=20769 2976 17793 15863 7746 8117 4329 3417 1899 5625 1518 1445 907 2492 210 1743 706 538 419 181 2371 4119 2010 220 1930 643 288 225 1287 1021
cat_boundaries=0 5 9 13 17
cat_threshold=4736456 855655426 1101137048 404783680 1 2752651298 2295210240 268558374 1083320328 176193540 201394493 172003585 2772456720 2156036103 10240 101024001 199944
is_linear=0
shrinkage=0.05


Tree=29
num_leaves=31
num_cat=3
split_feature=22 4 17 0 3 22 22 15 11 1 13 4 6 16 13 6 7 9 20 21 20 7 2 15 7 9 3 16 10 6
split_gain=2.67573 2.52123 2.24887 2.2965 2.80727 2.57602 2.35796 2.24688 1.5986 2.11847 1.9573 1.90448 1.97802 2.01183 1.5833 1.786 1.57326 2.03358 1.67647 1.84632 2.19455 2.16669 3.11233 2.42372 2.29264 2.09741 2.11427 1.75427 1.62745 2.16984
threshold=0 11.688250000000002 35.500000000000007 0.80190570976642739 4831276.447900001 1 2 4.5000000000000009 0.11211188676294481 0.062431862315628146 0.099958948923934324 9.2579000000000011 7.9116500000000007 4.5000000000000009 0.098772778530787045 0.82435000000000003 1.0950000000000004 -5.5724071048783346 0.1356236786469345 0.15047169811320757 0.32373653686826848 2.4350000000000005 -0.28209439348842857 3.5000000000000004 4.1250000000000009 1.7805049838825917 289615.18495000008 1.5000000000000002 0.090097206389952014 2.9868000000000001
decision_type=9 2 2 2 2 9 9 2 2 2 2 2 8 2 2 10 2 2 2 2 2 2 2 2 2 2 2 2 2 10
left_child=1 -1 -2 4 5 7 -5 16 9 11 -10 -8 -13 -14 -7 -16 17 -4 -18 -20 21 22 -21 25 -23 26 -24 -27 -19 -30
right_child=2 -3 3 6 -6 14 8 -9 10 -11 -12 12 13 -15 15 -17 18 28 19 20 -22 24 23 -25 -26 27 -28 -29 29 -31
leaf_value=-0.031900323325745696 0.029616481761398708 0.0032839457170292293 0.095253038791966796 -0.0096626347842386877 -0.029019145130412951 -0.0558610378973175 -0.021807372022261198 -0.014677199465309222 0.0040279813609039776 0.070513361589793114 0.072886504500457444 0.052235048950120669 -0.011560773976967911 0.07643754352340594 0.048109749006757213 -0.0047389025063294676 -0.032512220223222178 0.0010737266127057632 0.041355332349952971 0.10706704945612489 -0.027181888565190378 -0.035313710779047054 0.070357841527195389 0.080602929791106337 0.044002630970010059 0.09933637319374132 -0.017071026589860427 0.00036653078116117476 0.094299234772973597 0.01606274893650499
leaf_weight=14.628362249556732 7.1139771297925725 7.8100011823147168 1.231349852805806 6.4305701973006038 8.6948109197994636 1.4849726129927479 3.0530416459996692 6.6765532308628499 1.4493158458673736 1.7880143817058769 3.5841666587043335 3.6053983008193002 3.9232470960899954 0.77836683058092138 1.626705834777822 92.68649432883916 2.0441428781680342 3.4557881918781046 5.0927702207317038 1.1233521376165096 3.6838189349800237 3.2429318676357815 0.79508734135026582 1.3602624019159746 1.2670270312311229 1.011868529982962 5.3074125082576415 0.80311784872601766 1.5304168288611779 2.1054783363278204
leaf_count=1936 2959 1155 57 810 400 345 528 655 156 255 318 453 518 76 114 7643 82 173 215 60 441 391 74 80 159 63 448 61 44 100
internal_value=-0.000370179 -0.0135951 0.00196412 0.000921482 -0.00147207 0.000282252 0.0150447 0.00951008 0.0187727 0.0199245 0.0530597 0.0119621 0.0243732 0.00300762 -0.00419595 -0.00382737 0.0170447 0.0359409 0.0109326 0.0146817 0.00737633 0.015914 0.0284645 0.0189473 -0.0130306 0.00835459 -0.00568002 0.055543 0.0256424 0.048994
internal_weight=199.389 22.4384 176.95 169.836 145.224 136.53 24.6121 40.7314 18.1816 13.1481 5.03348 11.3601 8.30701 4.70161 95.7982 94.3132 34.0548 8.32303 25.7318 23.6876 18.5949 14.9111 10.4011 9.27775 4.50996 7.91749 6.1025 1.81499 7.09168 3.6359
internal_count=20769 3091 17678 14719 11605 11205 3114 3103 2304 1830 474 1575 1047 594 8102 7757 2448 374 2074 1992 1777 1336 786 726 550 646 522 124 317 144
cat_boundaries=0 5 9 13
cat_threshold=4212168 3003139074 1134691480 404783168 1 604119043 73795948 806363140 599797785 2517533186 4720685 268722176 620765441
is_linear=0
shrinkage=0.05


Tree=30
num_leaves=31
num_cat=3
split_feature=22 11 6 10 13 22 11 22 0 3 2 15 7 11 11 17 11 7 6 10 13 2 20 21 9 8 11 0 8 2
split_gain=2.51903 2.05686 1.84279 1.86554 1.69665 2.96823 2.51391 2.37779 2.27036 2.24164 3.00476 2.73656 1.90551 3.7201 2.40961 2.08755 3.29908 2.57412 2.00387 1.84645 1.79447 1.76123 2.39991 1.82035 1.6902 2.67546 1.68288 1.65692 1.62678 1.62537
threshold=0 0.0078456276069104602 12.235150000000003 0.08916497718833219 0.10034722640849737 1 0.087530254398133486 2 0.82273950565364951 398263.0394500001 -0.15268340980216569 2.5000000000000004 1.0350000000000004 0.10789473684210517 0.098696974262320852 80.500000000000014 0.09564161924977431 0.78500000000000014 3.5978500000000007 0.10007895806525623 0.10035971688469671 -0.28209439348842857 0.11451990632318503 0.17274535809018571 -0.46488472433408029 1.175 0.13690021810250824 0.65839853065558096 0.90500000000000014 -0.069605177469931986
decision_type=9 2 8 2 2 9 2 9 2 2 2 2 2 2 2 2 2 2 8 2 2 2 2 2 2 8 2 2 8 2
left_child=2 24 27 -4 7 6 -6 9 28 10 11 -3 13 14 15 -9 17 -17 -14 -15 -8 23 -23 -11 -2 -26 -24 -1 -7 -20
right_child=1 4 3 -5 5 8 20 12 -10 21 -12 -13 18 19 -16 16 -18 -19 29 -21 -22 22 26 -25 25 -27 -28 -29 -30 -31
leaf_value=-0.031437142664912578 0.052350275555883501 0.032792111491097196 0.082802705678721195 -0.015281652386048384 -0.009107049023622471 -0.051201374341365347 0.12959432827972725 -0.017820987176262001 0.054588795936004825 0.081494885223593952 0.0051410548283136528 0.11912816992627842 -0.024305621049235338 0.085466651088594414 -0.041119725708567589 0.043300082929427303 0.10301240542215828 -0.031228627150427419 -0.015688299146987487 0.022791243990672984 0.038459728417804012 -0.059717077390605139 0.0011373945650983296 0.0046742926343376467 -0.023900218756451114 0.04607711861848094 0.079103884301396171 0.0073680209825754822 -0.0083983816847224852 0.0015304168897953933
leaf_weight=15.812005804547129 3.5054404651099844 2.6424468932847418 0.83502079079428071 1.1557769792599613 2.8981831091830648 3.5905783028568683 0.56612022292219322 4.9262700969433215 0.99762664819191904 1.3981820522452317 5.1210219883191552 1.4062821283183664 18.399024912606826 1.7298457615398053 3.6156468383856852 2.4341859453007828 1.1322195957009169 2.2108214659485839 22.792205411229567 3.6645220426577438 11.772264727564993 1.6099147404951129 33.219437362788931 1.7195497421054211 3.0022255287956749 2.5061089298247481 0.70684199256568447 3.3301842627693636 5.814682175537258 34.376890027415811
leaf_count=1892 193 212 106 231 332 504 42 367 272 30 938 150 2012 64 237 115 42 132 1868 208 1096 29 2668 91 238 244 41 747 783 4885
internal_value=-0.000384863 0.00183492 -0.0135248 0.0258589 0.000695076 0.0125398 0.0198018 -0.00142708 -0.0087349 0.0069184 0.0305904 0.06278 -0.00573956 0.00750196 -0.00582948 0.00609158 0.0264819 0.00782766 -0.0099534 0.0428898 0.0426412 0.00309258 -6.87144e-05 0.0391254 0.0252093 0.00793714 0.0027618 -0.0246862 -0.024739 -0.00533435
internal_weight=198.892 177.759 21.133 1.9908 168.745 25.6395 15.2366 143.105 10.4029 47.8237 9.16975 4.04873 95.2816 19.7135 14.3191 10.7035 5.77723 4.64501 75.5681 5.39437 12.3384 38.6539 35.5362 3.11773 9.01377 5.50833 33.9263 19.1422 9.40526 57.1691
internal_count=20769 17793 2976 337 17118 3029 1470 14089 1559 4159 1300 362 9930 1165 893 656 289 247 8765 272 1138 2859 2738 121 675 482 2709 2639 1287 6753
cat_boundaries=0 5 9 13
cat_threshold=4212040 3003141250 1101137048 404783168 1 2450161794 202375249 2388221985 537543169 2826960900 13074732 806387716 1171338504
is_linear=0
shrinkage=0.05


Tree=31
num_leaves=31
num_cat=5
split_feature=22 0 22 3 22 2 19 5 15 11 13 2 20 10 5 1 4 6 7 11 21 10 8 22 22 0 20 11 7 7
split_gain=2.1621 1.84373 2.35347 2.23444 2.22464 2.20757 1.91102 1.78139 1.67994 2.19493 2.19041 1.88355 1.54569 1.93031 1.52908 1.43373 2.91448 1.79534 1.65785 1.42249 1.82744 1.59997 1.409 3.21096 2.35318 2.90924 2.11704 2.22574 2.09086 1.8941
threshold=0 0.79225687486807062 1 4831276.447900001 2 -0.45339264834843612 7.5000000000000009 87850716.580000013 1.5000000000000002 0.1201246183372101 0.1007490741779823 -0.062067989489735957 0.43190249072602022 0.10152284263959389 348542865.71500009 0.062431862315628146 9.2579000000000011 7.9759500000000001 1.2450000000000003 0.079172776148582605 0.11173533083645444 0.068900768678755844 0.85500000000000009 3 4 0.034174659576885945 0.26953601953601958 0.097617122839434828 1.7950000000000002 1.0950000000000004
decision_type=9 2 9 2 9 2 2 2 2 2 2 2 2 2 2 2 2 10 2 2 2 2 8 9 9 2 2 2 2 2
left_child=12 3 -3 4 5 -2 22 8 11 10 -10 -7 -1 -14 -8 16 -4 18 -18 -19 -21 -22 23 -6 25 26 29 -28 -29 -24
right_child=1 2 15 -5 6 7 14 -9 9 -11 -12 -13 13 -15 -16 -17 17 19 -20 20 21 -23 24 -25 -26 -27 27 28 -30 -31
leaf_value=-0.025394648176792461 0.07632764250727278 -0.0089400160211663571 -0.015843256662465069 -0.0245334371370299 0.010468663508353394 0.1089330475175596 0.054720201448520411 0.005334016905550628 -0.038294645496665572 0.099289553655445131 0.062415200963529233 -0.010568429441351744 -0.023139676140617703 0.10786617721246855 -0.00021956764656980846 0.068089222706461533 0.091178130750977707 -0.04960434857380059 0.035423097255689734 0.11573152168905426 0.114881018722127 0.010833150785088397 0.077711628212220024 -0.019495905303307401 -0.0092352335585438022 0.0024677122783438184 0.02579109016454403 0.053882681360390684 0.16726899172515552 -0.011406727768150899
leaf_weight=16.061668281974356 1.2211257601201726 7.7504002246786854 3.8265347445923039 9.0985397690132839 8.3138886820071445 1.2476175811393089 2.4002271462653786 46.753775762051099 1.6705392757104824 0.62290360809538459 0.79773185797853319 0.44819369260669262 0.63505303686916537 0.50460327397505722 2.6812144300730267 1.934262796690162 2.0000428946346585 0.71624374743419128 3.9992209780402703 0.50769634668065311 0.39354935213157194 6.0397346499393265 0.81292637854195549 22.670924327097456 29.637020585540142 20.250527324273122 1.4334638389120757 0.80364070360310769 0.82289958047505252 2.236637449331532
leaf_count=2339 64 1119 688 446 795 140 1136 3697 218 37 33 81 129 30 821 284 112 86 599 34 53 788 76 2033 2546 2016 51 54 49 215
internal_value=-0.000376389 0.00153597 0.0136295 -0.000498765 0.0010112 0.00830802 -0.00367399 0.0083084 0.0373587 0.0154199 -0.00574577 0.0773495 -0.0135341 0.0348655 0.0257313 0.0179816 0.0227231 0.0335294 0.0540108 0.0174826 0.0244054 0.0171982 -0.00581422 -0.0143692 -0.0010805 0.0084035 0.0418327 0.0712151 0.111247 0.0123497
internal_weight=198.293 181.091 27.1677 153.924 144.825 52.7619 92.0634 51.5408 4.78699 3.09117 2.46827 1.69581 17.2013 1.13966 5.08144 19.4173 17.483 13.6565 5.99926 7.65722 6.94098 6.43328 86.9819 30.9848 55.9971 26.3601 6.10957 3.06 1.62654 3.04956
internal_count=20769 18271 3763 14508 14062 4270 9792 4206 509 288 251 221 2498 159 1957 2644 2360 1672 711 961 875 841 7835 2828 5007 2461 445 154 103 291
cat_boundaries=0 5 9 13 17 21
cat_threshold=4719816 855655554 1099039752 404783168 1 369525251 14420013 302276608 620897537 67510274 71764333 307240960 566244376 2147516416 2148532240 2147747937 2147502081 2022720037 145227776 639232 1175994624
is_linear=0
shrinkage=0.05


Tree=32
num_leaves=31
num_cat=3
split_feature=22 7 11 18 20 7 3 14 21 3 3 9 11 2 0 22 21 10 20 22 17 14 3 20 20 1 3 6 5 11
split_gain=1.99457 1.73365 1.63434 1.72078 1.75053 2.35155 1.75251 1.62829 1.5696 1.49302 2.33295 2.1058 1.94588 2.39896 1.42516 2.04565 2.50281 1.59466 3.4164 3.41146 2.85811 2.05593 3.68701 1.89153 1.78178 1.77922 1.75615 2.62668 1.70898 2.74111
threshold=0 0.39500000000000007 0.0078456276069104602 9.5000000000000018 0.41048534798534803 1.4550000000000003 780991.8502000001 0.40918986673703661 0.11602982292637466 2035531.1166000001 1014854.8845 -0.58741277125736169 0.11111111111111126 -0.22316887670978378 0.79736491665968268 1 0.23201345755693584 0.10662305149300831 0.2828166858017605 2 111.50000000000001 0.31299891146589265 1470652.6473500002 0.32529069767441871 0.1404052936311001 -0.020143417429798912 1059845.7990500003 14.478900000000001 148374390.50000003 0.11842105263157884
decision_type=9 2 2 2 2 2 2 2 2 2 2 2 2 2 2 9 2 2 2 9 2 2 2 2 2 2 2 10 2 2
left_child=2 7 -1 4 9 -6 -7 -2 -5 10 12 -12 -4 -14 17 -16 -17 19 25 24 21 -20 -23 28 -3 -19 -26 -28 29 -21
right_child=1 14 3 8 5 6 -8 -9 -10 -11 11 -13 13 -15 15 16 -18 18 20 23 -22 22 -24 -25 26 -27 27 -29 -30 -31
leaf_value=0.050994220987205456 0.05872076276309162 -0.029126661765163903 -0.038375124118526137 0.077869076028979411 0.089093851736115601 -0.063643115341390583 0.033864195804479059 -0.023236434578651877 0.011489882105347272 -0.034540782907794935 0.070170671606900145 -0.014704866511949072 0.081817933060187031 -0.024868918192834981 -0.011226777558021546 0.036662187580915828 -0.011937239313456327 0.021112402644876939 0.056480451546405991 0.0020361741507579057 0.13737180980990349 -0.041412767771797795 0.09381284609361365 -0.028017654285367666 0.015131835226881329 -0.04440924144755292 -0.011639546220040759 0.088206594685304174 -0.013549587595933187 0.094357736013023608
leaf_weight=2.1647682190034763 2.0513091556848901 3.2940947406334677 4.1712354696832978 0.91574441195734735 1.0500382829463455 0.75034782135304556 1.1942369345556043 0.86015676883584991 32.389273028086336 5.2381224085214546 1.7650337096557183 1.2471580241620825 0.91057140928527536 1.2505919894275903 5.1407935231951569 10.090045545154782 3.59230210810854 1.1619084745973527 1.2414652320372059 9.424363431702421 0.41828595329457119 2.9446692175941966 0.60818754180174739 15.917656479618293 32.888417391714427 9.5684155677596276 12.582322384928855 0.69508407481924983 31.462604017670216 0.87899607230376453
leaf_count=138 176 281 528 16 51 112 81 26 2672 223 94 133 29 125 890 1006 1303 119 123 1177 78 471 59 1930 3922 674 942 45 3240 105
internal_value=-0.000433402 -0.00344758 0.00710581 0.00663512 -0.00602177 0.0287981 -0.00376049 0.0345075 0.013315 -0.0131722 -0.00119397 0.0350291 -0.0184245 0.0200819 -0.00446922 0.00834391 0.0138095 -0.00642868 -0.0211823 -0.00423335 0.0120262 0.00109034 -0.0182645 -0.0113787 0.00532417 -0.0373144 0.00893563 -0.00641251 -0.00776172 0.00991227
internal_weight=197.868 144.821 53.0471 50.8824 17.5773 2.99462 1.94458 2.91147 33.305 14.5827 9.34459 3.01219 6.3324 2.16116 141.91 18.8231 13.6823 123.086 15.9429 107.144 5.21261 4.79432 3.55286 57.6836 49.4599 10.7303 46.1658 13.2774 41.766 10.3034
internal_count=20769 16567 4202 4064 1376 244 193 202 2688 1132 909 227 682 154 16365 3199 2309 13166 1524 11642 731 653 530 6452 5190 793 4909 987 4522 1282
cat_boundaries=0 4 8 12
cat_threshold=603987968 137691500 542124038 1723874328 302940802 818415745 1384398848 285344001 2559476259 13143185 2592342016 17956869
is_linear=0
shrinkage=0.05


Tree=33
num_leaves=31
num_cat=4
split_feature=22 2 2 13 1 0 9 22 6 22 4 2 22 14 4 10 1 11 8 9 6 11 10 3 0 14 5 21 13 2
split_gain=2.04314 1.75647 1.58315 2.33521 1.50829 1.47764 2.34841 1.4745 1.80574 2.32673 2.92475 1.88947 1.81393 2.14425 2.07675 2.80939 2.51372 2.07213 2.06001 1.96503 1.78344 3.32456 1.96737 3.11032 2.38448 1.99259 2.77776 1.85011 1.78105 2.73788
threshold=0 -0.21891876271696395 -0.45339264834843612 0.10012380097738029 0.09983765164153692 0.28337107600695827 0.42927229921296833 1 3.5358000000000005 2 4.647050000000001 -0.067226890756302435 3 0.31299891146589265 5.6352000000000011 0.10043854322518651 0.04453892139978189 0.10000000000000016 0.71500000000000008 0.80848934236194003 1.9949500000000002 0.097938144329896934 0.070000000000000048 833388.28135000018 0.23162136518745677 0.85728236607142871 1917774515.8850002 0.17710317015794783 0.10011398217426194 0.32155716403020079
decision_type=9 2 2 2 2 2 2 9 8 9 2 2 9 2 2 2 2 2 8 2 8 2 2 2 2 2 2 2 2 2
left_child=1 -1 3 -2 7 6 -6 20 12 10 -10 -11 13 14 16 17 -9 19 -15 -16 21 -4 23 -22 -24 -25 -27 -23 29 -26
right_child=2 -3 4 -5 5 -7 -8 8 9 11 -12 -13 -14 18 15 -17 -18 -19 -20 -21 22 27 24 25 28 26 -28 -29 -30 -31
leaf_value=-0.050380000368722748 0.008786547374663882 -0.012277117927283062 -0.013971630804425995 0.11000616077383446 0.030935718430079737 0.045181477007115833 -0.039190097418972288 -0.017852243476597491 0.10950068848662452 -0.025640872217692831 0.0074966432142313869 -0.0017870769818328148 -0.019518526814225085 0.050451971081130233 0.12556817854308075 0.13420270378556709 0.070980167281982962 -0.026684483658338906 -0.026646562911217267 0.001503206432567893 0.067722642539461003 0.012569520467101195 -0.012674297570185206 -0.025109646884912951 -0.012930932812313485 0.1273033797149232 0.0026244683862935393 0.085211039891229801 0.030826057914752316 0.030493114733647127
leaf_weight=3.9351256572891797 1.875552715860848 13.071319894607468 2.4462558198438833 0.81848486602108028 3.0539780832985013 3.6986217877876015 1.9601373116755523 3.4466114940757588 0.71487572123294185 12.731628736003509 41.39137545773665 23.858774813071175 16.963134489653317 1.0278031095236881 0.70167955722538333 0.83625450443761895 1.0356672568743475 1.0045165692316471 5.5170150512506524 0.58546122397974898 2.9123068569318553 1.3313657319270435 21.017631653362173 2.8116331831868422 11.092061916428078 0.628069866664973 1.547291208613373 2.5657218303717571 7.3849652007807114 5.3956214477671045
leaf_count=370 138 2200 234 80 158 447 119 336 42 1313 4475 3468 1894 111 69 71 91 85 550 74 358 53 1112 230 1137 83 98 164 904 305
internal_value=-0.00044995 -0.0132831 0.00141802 0.0395384 0.000919783 0.0212067 0.00352186 -0.000126424 -0.0034683 0.000247637 0.00745737 -0.00792196 -0.0139803 0.00377721 0.0244926 0.0557597 0.00267321 0.0271348 -0.014539 0.0691367 0.00570198 0.0317158 0.00365622 0.0266664 -0.000392864 0.00269042 0.0386217 0.0603944 0.0104198 0.00127966
internal_weight=197.361 17.0064 180.354 2.69404 177.66 8.71274 5.01412 168.948 109.815 78.6967 42.1063 36.5904 31.1181 14.155 7.61019 3.12791 4.48228 2.29166 6.54482 1.28714 59.1329 6.34334 52.7896 7.8993 44.8903 4.98699 2.17536 3.89709 23.8726 16.4877
internal_count=20769 2570 18199 218 17981 724 277 17257 12579 9298 4517 4781 3281 1387 726 299 427 228 661 143 4678 451 4227 769 3458 411 181 217 2346 1442
cat_boundaries=0 5 9 13 17
cat_threshold=1864 855657602 1092748440 404783168 1 637534208 4522348 609230918 1724739592 3229794470 68190208 2290450433 2164395921 139862017 2158534673 559392 1048832
is_linear=0
shrinkage=0.05


Tree=34
num_leaves=31
num_cat=5
split_feature=22 0 7 9 13 22 22 17 0 4 13 7 22 2 4 6 15 15 22 9 10 9 20 2 3 13 19 8 15 2
split_gain=1.88767 2.05751 1.54175 2.81593 1.53366 2.92106 1.98848 1.97003 3.2692 2.24398 1.91694 1.89574 3.62577 4.95227 3.16346 3.04396 1.96816 1.63426 1.71048 1.57058 2.02661 1.57041 1.99767 1.56532 2.21817 1.48434 1.47972 1.47209 2.239 1.6559
threshold=0 0.61551553590494323 0.65500000000000014 -1.9809998395764803 0.10034722640849737 1 2 35.500000000000007 0.067983357463341873 22.466400000000004 0.10035971688469671 1.2550000000000001 3 -0.16489996255282727 17.604900000000004 2.7915500000000004 6.5000000000000009 8.5000000000000018 4 1.8539807824296541 0.090909090909091023 4.8796644863462699 0.24305019305019307 -0.13278349584687607 450486.09410000005 0.10018399279601344 6.5000000000000009 0.92500000000000016 6.5000000000000009 -0.36147631156558274
decision_type=9 2 2 2 2 9 9 2 2 2 2 2 9 2 2 10 2 2 9 2 2 2 2 2 2 2 2 8 2 2
left_child=1 -1 3 -2 6 -6 19 8 -8 11 -7 12 13 15 -14 -9 -15 18 -13 -4 21 22 -21 24 -20 -19 -5 28 -12 -29
right_child=2 -3 4 26 5 10 7 9 -10 -11 27 17 14 16 -16 -17 -18 25 23 20 -22 -23 -24 -25 -26 -27 -28 29 -30 -31
leaf_value=-0.027927460573796244 0.044580011272402659 0.010316017718445723 0.0017816535548820485 -0.0092063725829923566 -0.011198706310008869 0.10012001066916876 0.089131262479820131 0.035757610650655997 -0.0033614981350624084 0.021373912611935424 -0.0057800764434876306 0.0029928611330114945 -0.025730457311474855 -0.0016631036351118661 0.066796438808983741 0.13100274140984303 0.060419098971609714 -0.052239700067582398 -0.0035702403186859133 0.061149997936073258 0.039795149464225077 -0.050465577303675707 -0.018242650309939944 -0.01206622609059212 -0.045728328370682435 0.035437204646338961 0.064251965554894874 -0.066736924919213944 0.076653041706099795 0.038273529121452821
leaf_weight=14.54186727541194 5.6608341630063421 4.6388625226379139 26.052022923469103 6.9063169731322471 7.5568433347221529 0.83873359584889229 1.4222843531456053 1.8463820698958664 2.9100813774399157 6.3006606584103215 6.192772676294072 18.454740402590154 14.748326618586013 7.836227193710668 0.98550436740095015 1.5373193991690639 1.5250937759042527 4.2885062046467217 4.4797107677758232 1.3796867488795341 7.3981774676677858 1.2473553472019885 1.8611335378405014 22.97662512621638 10.280557067478552 0.5439596675245183 0.76109525643698805 0.3895260184954229 0.95012258175985653 10.361342476216583
leaf_count=1872 224 1004 2360 311 1024 71 333 101 1507 854 650 1675 985 422 57 87 117 686 331 134 562 230 202 2853 534 96 191 77 72 1147
internal_value=-0.000486264 -0.0122774 0.00139873 0.0178328 0.000151195 0.0112199 -0.00195629 -0.00543336 0.0270032 -0.00746732 0.0171088 -0.00949763 0.00115435 0.0152353 -0.0121884 0.0790304 0.00845098 -0.0144687 -0.0120692 0.00684826 0.0237145 -0.00279238 0.0155565 -0.0159907 -0.0329334 -0.0423705 -0.00191463 0.0227791 0.00518488 0.0344688
internal_weight=196.873 19.1807 177.692 13.3282 164.364 26.2893 138.074 100.136 4.33237 95.8036 18.7325 89.503 28.4789 12.745 15.7338 3.3837 9.36132 61.0241 56.1916 37.9384 11.8864 4.48818 3.24082 37.7369 14.7603 4.83247 7.66741 17.8938 7.1429 10.7509
internal_count=20769 2876 17893 726 17167 3041 14126 10638 1840 8798 2017 7944 1769 727 1042 188 539 6175 5393 3488 1128 566 336 3718 865 782 502 1946 722 1224
cat_boundaries=0 5 9 13 17 21
cat_threshold=4195660 855655554 1101661336 404783168 1 1082146817 2155816960 518 2148862216 679608352 8751400 805339140 3318037768 3221504130 136970240 2152726624 537542656 8193 1052677 71303169 34603665
is_linear=0
shrinkage=0.05


Tree=35
num_leaves=31
num_cat=5
split_feature=22 4 17 17 4 7 22 3 18 21 13 21 8 18 20 20 22 8 0 7 22 13 2 9 8 2 14 22 11 2
split_gain=1.84719 2.00556 1.5411 1.52663 1.48905 1.60611 2.31585 2.98882 2.40777 1.84377 1.8272 1.73673 1.95344 2.55756 1.71902 1.82192 2.92882 3.43524 3.91684 2.145 1.81002 1.89793 1.75394 1.9429 1.6824 1.66798 1.82906 1.66398 1.67676 1.60963
threshold=0 9.7416000000000018 110.50000000000001 35.500000000000007 20.835400000000003 0.94500000000000006 1 297204.11970000004 9.5000000000000018 0.17595459236326114 0.10034722640849737 0.28187071144817627 1.1250000000000002 9.5000000000000018 0.1404052936311001 0.21280737704918035 2 0.85500000000000009 0.080727260858648356 1.7650000000000003 3 0.099756690997566802 -0.24674889580791207 1.8539807824296541 1.2650000000000003 -0.11811023622047238 0.30790020790020795 4 0.11091626176271611 -0.17232099333802745
decision_type=9 2 2 2 2 2 9 2 2 2 2 2 10 2 2 2 9 10 2 2 9 2 2 2 10 2 2 9 2 2
left_child=1 -1 -3 -2 5 27 7 8 -7 -9 14 12 -12 -14 -8 16 17 -16 29 -20 21 22 -17 -24 -13 -22 -27 28 -5 -19
right_child=3 2 -4 4 -6 6 10 9 -10 -11 11 24 13 -15 15 20 -18 18 19 -21 25 -23 23 -25 -26 26 -28 -29 -30 -31
leaf_value=-0.032477879345053577 0.024062352161652114 -0.0059203158548122104 0.07748093211131514 0.027427234800982404 0.01626002027433527 -0.044483977989982895 -0.037863651879274658 0.019961711025405268 0.072977661239749858 -0.0075248135878047398 -0.015108191066926072 0.063810767315501296 0.063069484222991121 -0.0066091787834714651 -0.012951204963222569 0.10983019078097678 -0.01199331240961559 0.11740803727381165 0.044542121536742946 -0.010679680926221319 -0.038817405801737481 -0.003578024591851288 -0.013280845492061454 0.07529936998011344 -0.022892258378643931 0.011383489315836229 -0.023313689494174554 -0.0026482318025992761 0.084789795206696425 0.022975905296628903
leaf_weight=10.947990814633163 7.1691643157093941 7.8085134254932367 0.59618065387303421 8.772660064091097 13.783487693272006 0.51547463819721828 5.3746211877062242 10.944763030338892 2.8396106485557766 13.786025221702195 8.2948892189123047 2.2425211066725406 2.3258355981345877 3.0359694143508023 4.6340587194681211 0.69267988840624672 12.348959826669864 1.8385731934054521 4.1012856336998311 3.0784826624638129 11.709874589635453 12.224773748604887 1.6284850594593074 0.99865873776116121 0.74550074239591868 4.9267860422204235 16.581210568766522 20.239989401569193 1.4903914915506806 0.59804439794680586
leaf_count=1421 3009 1250 147 508 1674 73 618 395 340 1632 593 425 124 306 221 32 936 157 182 224 807 1211 240 101 249 769 1905 1104 70 46
internal_value=-0.000494125 -0.0121149 -4.31105e-06 0.00138356 0.000507277 -0.000884834 -0.00338658 0.00785164 0.0549309 0.00463952 -0.00674179 0.00765012 9.54269e-05 0.0236159 -0.0105439 -0.0085955 0.00193057 0.0131705 0.0394542 0.0208646 -0.0143374 0.00336303 0.0390526 0.0203912 0.0421787 -0.0181645 -0.0153657 0.00940553 0.0181108 0.0942306
internal_weight=196.275 19.3527 8.40469 176.923 169.754 155.97 125.467 28.0859 3.35509 24.7308 97.3812 16.6447 13.6567 5.36181 80.7365 75.3619 26.5994 14.2504 9.61639 7.17977 48.7625 15.5446 3.31982 2.62714 2.98802 33.2179 21.508 30.503 10.2631 2.43662
internal_count=20769 2818 1397 17951 14942 13268 11586 2440 413 2027 9146 1697 1023 430 7449 6831 1766 830 609 406 5065 1584 373 341 674 3481 2674 1682 578 203
cat_boundaries=0 5 9 13 17 21
cat_threshold=4720072 855655554 1101141136 2552528960 1 704774145 142905640 805339396 1707111945 75514372 729093 104925185 1706112 1074831398 2216167424 135528456 65812 1343488032 3342340 2153261152 8388608
is_linear=0
shrinkage=0.05


Tree=36
num_leaves=31
num_cat=5
split_feature=22 7 13 8 7 22 9 22 9 22 5 6 13 9 2 5 15 19 7 22 20 5 9 15 9 14 18 17 17 5
split_gain=1.56991 2.13568 1.7618 1.50033 1.45728 1.70615 1.83261 1.68074 1.66683 2.00719 1.82808 2.50352 2.37818 1.92877 1.85556 2.06028 1.73295 2.43121 1.80306 1.97343 1.71078 1.64707 1.47477 1.45992 2.03503 3.68618 1.61628 1.45561 1.95303 4.85145
threshold=0 2.0450000000000004 0.10106954930221913 5.495000000000001 0.9850000000000001 1 1.3465094511626809 2 1.8908731456987684 3 520998912.71500009 3.6675500000000008 0.099538809483296423 -3.1493039176554602 0.039873745346155183 472157449.30000007 3.5000000000000004 3.5000000000000004 1.2550000000000001 4 0.14711765775595567 50434601.740000002 2.2071209359208037 3.5000000000000004 -1.711665835394077 0.32380056828635101 8.5000000000000018 70.500000000000014 105.50000000000001 1027371647.1750001
decision_type=9 2 2 8 2 9 2 9 2 9 2 8 2 2 2 2 2 2 2 9 2 2 2 2 2 2 2 2 2 2
left_child=1 -1 -3 4 5 -2 -7 21 9 20 11 13 -13 -11 23 -16 18 -18 -10 22 -9 -6 -20 24 26 -26 -14 -23 -29 -30
right_child=3 2 -4 -5 7 6 -8 8 16 10 -12 12 14 -15 15 -17 17 -19 19 -21 -22 27 -24 -25 25 -27 -28 28 29 -31
leaf_value=-0.030974279656852621 -0.0052988833329737691 -0.0018435218664357668 0.11005380073926613 0.061706444843498826 0.082740632796528463 0.030354834820036758 -0.0014400291997460151 -0.056109436877004926 0.062369835767565988 0.0467359735893687 -0.0045229198215783924 -0.054280875795816613 0.11959527137751512 -0.022634666815573769 -0.017239103558480628 0.093295642502970802 -0.057335476391931428 0.0090029540103490763 0.034301712908974893 0.019203562908918934 -0.0093396251899711645 -0.00028510946292248021 -0.039902826403534937 0.083572443970741359 0.064669713481427332 -0.051741582373863337 0.038520773813268676 -0.023271875765100099 -0.018053876031703078 0.078258353147535459
leaf_weight=11.409779742288793 13.55432467729843 6.6472097213368917 0.37142438611417095 1.0206647163338392 0.48796610465793477 16.131985161662808 6.3027382390400097 2.1236312746676189 2.4263409360556158 1.2918970505615019 14.21244306562552 0.72296808386907585 0.97373716158119927 4.4653545787840221 2.2031716668653165 0.52132252366507703 1.770911415516691 6.2747719223725085 0.7934884962841976 11.064796103862152 24.660725758948395 24.045262491453677 4.2878986442315039 2.4755000768475952 1.367836025986674 1.3523607507316127 1.66736686500883 24.350426797686058 5.012925273756081 1.7689053843132567
leaf_count=1449 701 1371 64 145 191 889 474 140 178 126 1116 161 63 574 452 46 75 823 68 1063 2712 4264 436 142 147 226 87 1587 905 94
internal_value=-0.000517509 -0.0114247 0.00407806 0.00119296 0.000910312 0.00988623 0.0148177 -0.00139178 0.00306301 -0.00132653 0.00660514 0.0197617 0.0334504 -0.00706826 0.039456 0.00391134 0.0137847 -0.0055986 0.0221816 0.0161424 -0.00950071 -0.00738945 -0.00954032 0.0518133 0.037149 0.0067952 0.0684118 -0.00952574 -0.0166628 0.00706725
internal_weight=195.76 18.4284 7.01863 177.332 176.311 35.989 22.4347 140.322 84.6565 58.0383 31.254 17.0415 11.2843 5.75725 10.5613 2.72449 26.6182 8.04568 18.5725 16.1462 26.7844 55.6655 5.08139 7.8368 5.3613 2.7202 2.6411 55.1775 31.1323 6.78183
internal_count=20769 2884 1435 17885 17740 2064 1363 15676 8635 5992 3140 2024 1324 700 1163 498 2643 898 1745 1567 2852 7041 504 665 523 373 150 6850 2586 999
cat_boundaries=0 5 9 13 17 21
cat_threshold=525641 3003139074 1099039896 404783680 1 2156027910 4196384 33849601 740616 1347682976 74655809 2150383712 2719219844 604160000 135036940 772847872 25365760 2189426690 8912948 67585 1073889281
is_linear=0
shrinkage=0.05


Tree=37
num_leaves=31
num_cat=3
split_feature=0 22 22 14 22 15 7 3 20 6 8 1 18 3 8 11 4 0 15 3 6 0 14 2 13 6 6 2 17 13
split_gain=1.55435 2.99627 2.63832 2.31174 3.07379 2.06393 2.86488 2.30156 2.35196 2.08395 1.95483 2.42435 2.18355 1.86103 1.84345 2.01933 3.04726 2.19124 2.41034 1.98337 1.84193 1.98836 2.4114 1.82947 1.70988 1.59615 2.18014 2.15374 1.8667 1.59184
threshold=0.62634989633990801 0 1 0.57719393282773568 2 2.5000000000000004 0.80500000000000016 3280349.9937000005 0.16561181434599156 6.5974000000000013 0.83500000000000008 0.00089405471598869035 12.500000000000002 1495674.8877000001 1.2150000000000001 0.11195511488140743 7.4396000000000013 0.52581694615766883 1.5000000000000002 348646.66750000004 2.4861500000000003 0.06036642260790711 0.29169690372520568 -0.4359122999964522 0.10088107436733419 4.3705000000000007 3.7761500000000003 -0.087929985324122148 84.500000000000014 0.099944832612427495
decision_type=2 9 9 2 9 2 2 2 2 8 10 2 2 2 10 2 2 2 2 2 10 2 2 2 2 10 8 2 2 2
left_child=2 -2 5 4 23 7 -7 8 -1 20 -11 -12 -13 25 -5 19 -17 18 -18 -16 21 -8 -23 -4 -6 26 27 -10 -27 -30
right_child=1 -3 3 14 24 6 9 -9 13 10 11 12 -14 -15 15 16 17 -19 -20 -21 -22 22 -24 -25 -26 28 -28 -29 29 -31
leaf_value=-0.019096963039219091 -0.011367997290963714 0.012898341891625737 0.067335966239934361 -0.023170862796190829 -0.016945743945570066 0.052596152934596067 -0.034496916751118448 -0.041909181091595291 0.041877163282830421 0.056680243256297537 -0.054755332167145836 -0.0083044762508933754 0.10802273087038934 0.062535013070391457 0.098142515356271942 0.12686571500320956 0.055412007802266329 0.09290987641693349 -0.041688314622423783 -0.023319060733256805 -0.038504147199706601 0.093759093362127566 -0.032653568406035581 0.008010642805651157 0.033694197749939918 -0.0074358074836098249 0.088705644437535786 -0.021606544955076377 0.0053855385457551906 0.086653430387820127
leaf_weight=3.0999194285091951 10.520405023015604 34.989968336164047 1.353674051993649 30.006388605520527 30.93625240606211 1.9338280776230501 1.4631740857711331 1.5242978870953994 4.8050456228863112 1.7693722036275197 1.5257209900766073 1.198723866376511 0.60802054615913892 3.219353556924438 0.3559399054126241 0.65876675183727673 0.96232759382366673 0.64531662483884122 1.9028558119038832 6.0293714082308441 7.2947566791596614 1.0002176818980215 0.60569757582848627 32.489768356036819 1.7618714928003942 6.5246797071819795 1.6324648735410967 1.8505396072837186 1.2678009419516914 1.1483495304021287
leaf_count=145 2009 4850 61 2882 2994 128 110 77 329 173 145 87 76 200 120 71 88 45 157 797 781 85 87 2640 181 940 155 247 48 61
internal_value=-0.000465999 0.00762508 -0.00292784 -0.00680489 -0.00170507 0.00684061 -0.00477989 0.0176332 0.0214875 -0.0119542 0.0142051 -0.008347 0.0308429 0.02764 -0.016849 0.00112391 0.0281893 0.00967211 -0.00907528 -0.0165484 -0.0248317 0.00766557 0.0460805 0.00801522 -0.0108874 0.0211196 0.0369263 0.024226 0.00646696 0.0440106
internal_weight=195.085 45.5104 149.574 107.103 66.5416 42.472 17.3995 25.0725 23.5482 15.4657 5.10184 3.33247 1.80674 20.4482 40.561 10.5546 4.16927 3.5105 2.86518 6.38531 10.3638 3.06909 1.60592 33.8434 32.6981 17.2289 8.28805 6.65559 8.94083 2.41615
internal_count=20769 6859 13910 10036 5876 3874 1672 2202 2125 1544 481 308 163 1980 4160 1278 361 290 245 917 1063 282 172 2701 3175 1780 731 576 1049 109
cat_boundaries=0 4 8 12
cat_threshold=337543840 14420101 301989920 2969601024 605454464 83102053 303038498 599794688 142631459 132248 205523009 2215854361
is_linear=0
shrinkage=0.05


Tree=38
num_leaves=31
num_cat=4
split_feature=22 6 13 11 8 17 0 3 22 22 6 13 15 2 0 4 17 21 0 6 2 6 9 3 8 22 3 10 10 2
split_gain=1.56201 1.74557 1.69942 1.52032 1.423 1.33801 1.34527 2.13462 2.08296 1.95215 1.75674 1.6137 1.27447 1.77902 1.33173 1.26606 1.25515 1.21982 1.46449 1.2096 1.2053 1.50704 1.70173 1.17071 2.07058 1.79256 1.57627 1.4778 1.99062 1.45774
threshold=0 8.6707000000000019 0.099553403738311688 0.10758441906720002 1.2950000000000002 35.500000000000007 0.79736491665968268 4831276.447900001 1 2 15.199650000000002 0.098772778530787045 4.5000000000000009 -0.28910324611774246 0.57459860660410456 25.235050000000005 120.50000000000001 0.23201345755693584 0.82780743098863929 0.82435000000000003 -0.26182473186673388 3.1609500000000006 0.40629771779951979 716738.38315000013 0.55500000000000016 3 1133444.7146000003 0.10662305149300831 0.10344827586206902 -0.15823260206765841
decision_type=9 8 2 2 10 2 2 2 9 9 10 2 2 2 2 2 2 2 2 10 2 10 2 2 8 9 2 2 2 2
left_child=1 2 3 4 -1 20 7 9 16 10 12 -11 -7 -14 -15 -12 -8 18 -10 -13 -2 22 -22 24 -21 29 -25 28 -27 -26
right_child=5 -3 -4 -5 -6 6 8 -9 17 11 15 19 13 14 -16 -17 -18 -19 -20 23 21 -23 -24 26 25 27 -28 -29 -30 -31
leaf_value=-0.052147976843592014 0.071298539368815084 0.011379265664810683 -0.031443158745515884 0.10745506863152827 0.10889565303543079 0.012372198153426786 -0.024315646684255995 -0.026273837573068917 0.083244425469484226 -0.05387584650280574 0.10060367184560155 0.039845240672694238 0.072921970972960937 -0.033579832961122755 0.045396370546747639 0.0074975890257704099 0.061520497342340268 0.0029815257337463714 0.027031021573310339 -0.046978582102276248 0.098749232242812984 0.00053609717857422412 -0.020819875803847462 -0.022014507169202932 0.026896228202136982 -0.0087849775527530354 -0.0023622870532751597 -0.038624849893863639 0.046282137172430259 0.0033369532789112714
leaf_weight=0.54661978940598988 1.0742668720636812 3.9737739097896627 12.764967017324112 0.42240693692974673 0.18312283277856523 30.867019482673832 7.5846335667864064 8.1807387265053517 1.2853898745977463 1.6007075326393039 0.91179409835453984 1.6006113520341916 0.5299268805288192 4.2180950857834878 0.61111316083770351 0.60898768076617671 0.45122421578912497 4.7516845913126593 11.749446101608916 2.149480835100646 0.92319804162708752 4.7377856863953554 0.43910986926442064 16.851084811737685 11.740855991041096 17.625941519224412 25.864710601946989 3.5778401764871424 1.8096243499497848 14.896702368117813
leaf_count=134 246 703 1824 73 78 2250 817 410 87 349 97 117 103 301 103 78 206 1294 802 309 356 2172 235 1210 663 2058 1545 304 150 1695
internal_value=-0.000449154 -0.0114491 -0.026194 0.0319628 -0.0117354 0.00124276 0.000417747 -0.00147104 0.0109247 2.68074e-05 0.00843889 -0.00370692 0.00846448 -0.0140428 -0.0235858 0.0633199 -0.00868635 0.0157907 0.0325743 -0.00325708 0.0224628 0.0138625 0.0602088 -0.00398701 0.00106623 0.00314617 -0.010115 -0.00633936 -0.00365774 0.00997595
internal_weight=194.533 17.8909 13.9171 1.15215 0.729743 176.642 169.468 143.645 25.8224 135.464 37.7469 97.7176 36.2262 5.35914 4.82921 1.52078 8.03586 17.7865 13.0348 96.1169 7.17436 6.10009 1.36231 94.5162 51.8004 49.651 42.7158 23.0134 19.4356 26.6376
internal_count=20769 2812 2109 285 212 17957 14948 11742 3206 11332 2932 8400 2757 507 404 175 1023 2183 889 8051 3009 2763 591 7934 5179 4870 2755 2512 2208 2358
cat_boundaries=0 5 9 13 17
cat_threshold=2008 3003139202 1126306960 404783168 1 2517532675 8194093 277110784 83895553 872554497 73795948 277880836 599798801 2155921412 144211984 71303521 2215053576
is_linear=0
shrinkage=0.05


Tree=39
num_leaves=31
num_cat=4
split_feature=0 22 22 8 8 22 8 22 6 11 13 4 17 18 20 3 11 8 15 20 21 6 8 21 11 8 14 1 11 2
split_gain=1.31454 2.89755 2.29564 2.8169 2.02157 3.53677 2.74094 2.49708 2.46765 3.26237 2.72257 2.43061 2.39906 2.38404 2.29581 2.19451 2.07582 2.00046 1.82029 2.14775 1.77034 1.74339 1.7429 2.27807 1.72962 1.82464 1.66721 1.6382 1.5796 1.57413
threshold=0.62634989633990801 0 1 0.83500000000000008 0.87500000000000011 2 0.88500000000000012 3 6.2079000000000013 0.097938144329896934 0.099803181760369078 12.218450000000002 88.500000000000014 13.500000000000002 0.24044547224926974 137206.02205000003 0.091959154351395844 0.82500000000000007 2.5000000000000004 0.12764775588801661 0.23223304473304476 3.4075000000000002 0.9850000000000001 0.16152751423149908 0.10458310026370156 1.2750000000000001 0.16678761490082247 -0.013246940519425097 0.10089153242899536 -0.050182678845256339
decision_type=2 9 9 10 8 9 10 9 8 2 2 2 2 2 2 2 2 10 2 2 2 8 10 2 2 10 2 2 2 2
left_child=2 -2 3 17 7 8 -7 21 9 14 12 -10 -11 22 16 -9 -6 -1 19 -5 -20 -4 -12 -24 28 -26 -22 -13 -15 -21
right_child=1 -3 4 18 5 6 -8 15 11 10 13 27 -14 24 -16 -17 -18 -19 20 29 26 -23 23 -25 25 -27 -28 -29 -30 -31
leaf_value=0.020600632141576536 -0.011205570791277736 0.012372259350862929 -0.018370930445849087 -0.063098370554528979 0.043121617088042262 0.066733122634951694 -0.018707507061743078 0.064637035587586766 -0.039944797229343042 0.047148050568346041 0.087849377773134771 0.068522702467878005 0.14374026396149939 -0.010314967700774632 -0.024337939769600823 -0.02777438747634961 -0.055210361926487761 0.097513574509179399 -0.025209157001480582 0.026219047581972438 0.11023973476503152 0.026822611371639545 0.065084159251121473 -0.010136542783208184 -0.05512089942301325 0.03958575897596716 0.002030314301422525 2.1982988910595834e-05 0.086132828657136715 -0.0056003058781362129
leaf_weight=14.058988390203925 10.918679339246543 34.715032590328498 2.9917926723978967 0.97369536053806527 3.2469388549431266 0.97031971915677928 28.772923681844837 0.65650530209957381 3.8080548750951433 1.851490843566338 1.7465086213064944 0.99913236417341256 0.98472629652235344 0.88619171473169422 5.0059958486145533 29.967447672743681 0.64299446220542211 0.8995084674696735 9.9279209153445844 9.6234169047941229 0.45247652064448063 7.4421914500453186 2.0440149842774247 1.9830799355153272 1.8563640754985047 0.700481931462832 1.6687671510017095 6.9028751673114499 0.81489050325825474 6.5203804997488293
leaf_count=1283 2072 4787 246 37 275 80 3098 98 375 153 90 48 107 56 484 2811 84 43 642 730 89 761 64 218 109 83 492 634 48 672
internal_value=-0.000435 0.00698651 -0.00271715 0.00618372 -0.00645741 -0.00146612 -0.0119144 -0.0157153 0.00876008 0.0213351 0.037431 -0.00713036 0.0806846 0.0252019 -0.00194722 -0.019444 0.0268676 0.0252257 -0.00146206 0.0090178 -0.0163501 0.00707924 0.0461343 0.0280429 -0.00318173 -0.0291748 0.0251122 0.00868324 0.0358876 0.0133674
internal_weight=194.034 45.6337 148.4 44.1252 104.275 63.217 29.7432 41.0579 33.4737 21.7637 12.8677 11.7101 2.83622 10.0315 8.89593 30.624 3.88993 14.9585 29.1667 17.1175 12.0492 10.434 5.7736 4.02709 4.25793 2.55685 2.12124 7.90201 1.70108 16.1438
internal_count=20769 6859 13910 3988 9922 6006 3178 3916 2828 1771 928 1057 260 668 843 2909 359 1326 2662 1439 1223 1007 372 282 296 192 581 682 104 1402
cat_boundaries=0 4 8 12 16
cat_threshold=337543840 14420117 301989920 2969609248 604405888 83102069 303038498 599794696 1511014949 134947840 206168325 1140850693 2152203266 2432696448 2693007425 2148209044
is_linear=0
shrinkage=0.05


Tree=40
num_leaves=31
num_cat=2
split_feature=22 17 6 3 11 7 13 13 14 2 1 7 0 9 7 3 14 2 9 5 14 15 9 22 4 20 13 3 7 1
split_gain=1.25885 2.18843 1.71638 1.73101 1.6354 1.8163 1.41766 2.20541 1.76533 1.37674 1.35922 1.26888 1.42713 1.61312 1.19808 1.16465 1.11847 1.11673 1.83347 1.81442 1.62229 1.54723 3.0892 1.76845 1.65235 1.74579 1.43616 1.82436 1.4225 1.80305
threshold=0 52.500000000000007 10.427600000000002 493037.73400000005 0.11403508771929821 1.5150000000000003 0.099745057959098729 0.099716107141849766 0.16229935519275623 -0.087929985324122148 0.09983765164153692 2.5550000000000002 0.28337107600695827 1.117754614756117 6.5050000000000008 610818.67165000003 0.52027397260273978 -0.40662764941202961 -0.27806746494678508 154840204.91000003 0.13177932139994661 19.500000000000004 -2.9411764705882297 1 4.5844500000000012 0.15692901979719945 0.10014749294622595 276265.65065000003 0.9850000000000001 0.010810810810810813
decision_type=9 2 10 2 2 2 2 2 2 2 2 2 2 2 2 2 2 2 2 2 2 2 2 9 2 2 2 2 2 2
left_child=1 4 6 -4 9 -6 7 8 -3 -1 14 12 13 -12 17 -14 -7 18 19 20 -2 23 -23 26 25 -25 28 -28 29 -19
right_child=10 2 3 -5 5 16 -8 -9 -10 -11 11 -13 15 -15 -16 -17 -18 21 -20 -21 -22 22 -24 24 -26 -27 27 -29 -30 -31
leaf_value=-0.051246145661831471 0.057014140609563169 0.064678121103664402 -0.051971685199155293 0.041917130092658822 0.11201173503605927 0.064657708617264054 -0.036198107900172236 0.11689258477666781 -0.042006831814108893 0.013568357277937079 0.016141055918677538 0.083760234395006752 -0.017092714426198939 -0.04981305444383418 -0.045910423717984844 0.053973697879628336 -0.04659271709421095 0.045567839976761143 -0.025243837469656312 0.063404600835977917 -0.049078845053208406 0.097503550888851251 -0.060552541996103632 0.031325691655044778 -0.0017319402496695634 -0.030688462661435486 -0.03140308086796248 0.023823619679016854 -0.0018998799467303689 -0.0037095996385614529
leaf_weight=1.1199177859857767 0.61417244278015892 0.52068809865705024 0.67804762520455542 1.7788319165617847 0.75641856306402366 0.4361464235803254 12.058108812810387 0.37682032420252642 1.518824378418685 3.0523063144386908 3.0106717036173034 0.73119975002026638 0.73176465793081069 1.3396010448325339 1.3903902269184119 2.7173207530682788 0.46871881657246206 3.9212973024488553 1.4913835405274074 2.7358834462634434 0.87179508858494614 0.35922565020939634 2.2175168278491801 1.2973112156181716 81.91821918900942 9.0641727984355409 1.6362734549089193 17.366918021189612 33.815989163079998 3.5250347440815588
leaf_count=337 42 59 155 131 59 77 1247 30 289 733 158 101 187 69 441 193 106 145 134 72 165 61 324 84 9440 1089 272 1416 2965 188
internal_value=-0.000421508 -0.009404 -0.0226346 0.0160058 0.012876 0.0548305 -0.0291933 0.0057623 -0.0147701 -0.0038293 0.00125334 0.0207803 0.0148758 -0.00416852 0.00030379 0.0388961 0.00703016 0.000703303 0.0224127 0.0392476 -0.00522904 -9.62677e-05 -0.0385178 0.000552736 -0.00370947 -0.022924 0.00659955 0.0190683 0.00245653 0.0222403
internal_weight=193.521 22.7648 16.9313 2.45688 5.83351 1.66128 14.4744 2.41633 2.03951 4.17222 170.756 8.53056 7.79936 4.35027 162.226 3.44909 0.904865 160.835 5.71323 4.22185 1.48597 155.122 2.57674 152.545 92.2797 10.3615 60.2655 19.0032 41.2623 7.44633
internal_count=20769 3223 1911 286 1312 242 1625 378 348 1070 17546 708 607 227 16838 380 183 16397 413 279 207 15984 385 15599 10613 1173 4986 1688 3298 333
cat_boundaries=0 5 9
cat_threshold=2012 3003141250 1124209808 404783168 1 2256535552 4292972 2756747332 1624190976
is_linear=0
shrinkage=0.05


Tree=41
num_leaves=31
num_cat=3
split_feature=8 22 9 1 8 8 17 21 17 2 20 7 9 16 13 3 15 9 4 22 22 2 2 1 8 7 14 0 2 11
split_gain=1.15071 1.22668 2.20824 2.12897 1.73851 1.67374 1.87265 1.63343 1.71944 1.40337 1.33885 1.31305 1.31628 2.74502 1.26658 1.28135 1.20013 1.94421 1.35985 4.72285 3.76433 3.06353 2.77234 2.08096 2.70428 2.03999 1.89695 1.73772 1.68374 1.90976
threshold=5.495000000000001 0 7.1820302681990471 0.09983765164153692 0.90500000000000014 0.97500000000000009 62.500000000000007 0.19538706256627789 54.500000000000007 -0.4359122999964522 0.26873949579831941 2.5550000000000002 -0.46488472433408029 1.5000000000000002 0.10012380097738029 528111.19360000012 19.500000000000004 -2.819570135746607 7.671450000000001 1 2 -0.10411334155547157 -0.22692880036630028 0.013753806989998509 0.99500000000000011 0.65500000000000014 0.76479125757705124 0.13227222724382959 -0.27149391263629669 0.14150617993676351
decision_type=8 9 2 2 10 10 2 2 2 2 2 2 2 2 2 2 2 2 2 9 9 2 2 2 10 2 2 2 2 2
left_child=1 2 4 9 -1 6 -6 8 -7 14 -9 12 -5 -14 15 -3 18 -18 19 21 22 23 -20 26 -25 -23 27 -11 -22 -30
right_child=-2 3 -4 11 5 7 -8 10 -10 16 -12 -13 13 -15 -16 -17 17 -19 20 -21 28 25 -24 24 -26 -27 -28 -29 29 -31
leaf_value=-0.027827871632193857 0.051112553764582916 -0.040718813929877473 0.079252193842420618 0.048546164770144784 -0.031491373512634632 0.0051624398197962496 0.056411119924367106 -0.0022164418165716336 -0.039872202808407378 0.023791644957288915 0.055990042438299692 0.091694904771829969 -0.035123986103815348 0.04615600812748314 0.077436758707072825 0.043017585581684184 0.063098886449595812 -0.050201812502430665 -0.049787326774206053 -0.014763387724143973 0.041224722725911447 0.063307043768492263 -0.0054534502336292005 0.045740183531368155 -0.039899940758770396 -0.018746100142263543 0.11305267291591177 0.085693584995399572 0.011779588110413332 -0.036423678820463691
leaf_weight=12.137864894890876 1.077734970652698 0.76135242206237252 0.65929938543130973 2.5870165510610121 0.85099715388993091 3.3620839838558876 2.103628514499519 4.3205835765044709 5.7347592843154018 4.007053379054037 1.280807776639264 0.71693240447342521 2.2062625075119788 1.9629929182757022 1.0739967103411627 1.1422997199684344 0.44833527874618573 2.4354191181801061 3.936795340227305 35.50007552946925 4.6476696300655069 0.87794551724164094 33.815494516710679 2.0095760949260044 1.7029536151500932 5.5211298028415001 1.1031455141110766 1.5810721531016865 51.285498551562192 2.140541058598358
leaf_count=1519 167 129 79 157 127 338 122 857 290 249 729 96 174 181 101 28 81 268 282 3390 246 48 4320 112 133 783 75 116 5469 103
internal_value=-0.000408133 -0.00069746 -0.00847505 0.00121871 -0.0132614 -0.00324569 0.0310933 -0.0101485 -0.0232279 2.93778e-05 0.011093 0.0273564 0.0205292 0.00314473 0.0340216 0.0095278 -0.000640877 -0.032587 -1.89533e-05 -0.00650343 0.00352035 0.0123713 -0.0079664 0.0364777 0.00645668 -0.00748851 0.0531343 0.0413058 0.0105438 0.0098483
internal_weight=192.991 191.914 30.45 161.464 29.7907 17.6529 2.95463 14.6982 9.09684 153.99 5.60139 7.4732 6.75627 4.16926 2.97765 1.90365 151.013 2.88375 148.129 52.303 95.826 16.8029 37.7523 10.4038 3.71253 6.39908 6.69127 5.58813 58.0737 53.426
internal_count=20769 20602 4061 16541 3982 2463 249 2214 628 15933 1586 608 512 355 258 157 15675 349 15326 4906 10420 1516 4602 685 245 831 440 365 5818 5572
cat_boundaries=0 5 9 13
cat_threshold=17756 859851906 1126302736 405176384 1 201490432 2218459468 605814852 571551749 1477345282 2352676892 873218080 34615301
is_linear=0
shrinkage=0.05


Tree=42
num_leaves=31
num_cat=4
split_feature=4 22 13 22 8 7 4 2 15 6 8 2 19 15 4 11 13 10 0 17 20 14 22 14 15 4 22 18 6 10
split_gain=1.13509 1.68592 1.82925 1.54186 1.50467 1.41394 1.91111 3.24753 1.77372 1.77029 1.70535 1.86524 1.69321 1.5318 1.44799 1.70373 1.39216 3.23268 1.75086 1.42345 1.35028 1.28345 1.68345 1.57585 1.57329 1.51053 1.9643 1.87574 1.68642 1.54893
threshold=20.835400000000003 0 0.099381821495445291 1 0.57500000000000007 1.2750000000000001 10.201500000000001 -0.062067989489735957 14.500000000000002 7.9759500000000001 1.2650000000000003 0.18649070498068956 4.5000000000000009 5.5000000000000009 3.7155000000000005 0.10743801652892568 0.099509601548753226 0.099369085173501598 0.002372310941781133 35.500000000000007 0.16051822573561705 0.66332322637198426 2 0.14327182251710555 4.5000000000000009 5.9052500000000014 3 22.500000000000004 6.8428000000000013 0.042368209645696646
decision_type=2 9 2 9 8 2 2 2 2 10 8 2 2 2 2 2 2 2 2 2 2 2 9 2 2 2 9 2 10 2
left_child=3 2 -2 4 -1 6 7 14 10 12 16 -12 -8 -9 -6 -16 17 -7 -18 -20 -4 22 23 -5 -25 -23 29 -28 -29 -27
right_child=1 -3 20 21 5 8 9 13 -10 -11 11 -13 -14 -15 15 -17 18 -19 19 -21 -22 25 -24 24 -26 26 27 28 -30 -31
leaf_value=-0.035289405824362956 -0.051228455688674415 -0.0063048248276179695 0.12895061510715958 0.028533761016230903 0.0023906897075506054 0.074390601595337821 0.087143464054408842 -0.025979962780243865 -0.045845590239837114 0.013204564335248246 0.029264049108313483 -0.029404170724956366 0.015258151517509953 0.02752542138769222 0.064575530905392517 0.0036387929880247597 -0.062508791087538401 -0.056338132794671807 0.040189436066981277 -0.007204053534755929 0.043895553217046822 -0.039070237794845947 -0.0077146403783531527 0.0079291668328780492 -0.021458779898387723 0.072662944301799245 -0.031208214072112741 0.10069596165797744 -0.048713216383780754 0.0066529743634601889
leaf_weight=2.2704067382817561 0.47587611805347751 9.0447966697760283 0.50365676581331786 6.923545915611494 3.3312291754785015 1.5413683882859133 2.3357285924670772 6.8423265843574228 1.9755461745733089 3.8681090000360001 8.698507274304772 1.6047120903768846 1.2616252204670955 1.6627300115515025 3.4999378375392212 1.7062521649414319 1.3441590321503607 0.68218537470225715 1.7034092313387628 22.663188568326397 6.3458327778979751 5.033135095436843 42.515467327340588 22.124276015765318 5.7346072129473447 0.96504128545664691 13.780790246167692 0.52263905551467438 0.29573327735113253 11.233380469367004
leaf_count=314 40 1578 38 761 172 165 51 450 208 172 1062 253 97 86 162 88 62 64 446 1751 693 612 4750 2345 886 99 1692 133 129 1410
internal_value=-0.000434675 0.0121592 0.0184194 -0.00160526 0.0041061 0.00612253 0.0155891 0.00634808 0.000353094 0.036685 0.00273995 0.0201266 0.0619326 -0.0155197 0.028133 0.0446044 -0.00367288 0.0342831 -0.00695544 -0.00389089 0.0501498 -0.00502695 -0.00200799 0.00558085 0.00187981 -0.0139375 -0.00921703 -0.0159295 0.0467043 0.00652561
internal_weight=192.49 16.3702 7.32537 176.12 66.9914 64.721 24.5079 17.0425 40.2131 7.46546 38.2375 10.3032 3.59735 8.50506 8.53742 5.20619 27.9343 2.22355 25.7108 24.3666 6.84949 109.129 77.2979 34.7824 27.8589 31.8307 26.7976 14.5992 0.818372 12.1984
internal_count=20769 2349 771 18420 5603 5289 1278 958 4011 320 3803 1315 148 536 422 250 2488 229 2259 2197 731 12817 8742 3992 3231 4075 3463 1954 262 1509
cat_boundaries=0 4 8 12 16
cat_threshold=2491441156 541199392 2153588737 1051912 1610645538 136675693 609222662 1657548816 411460224 8523920 438837600 68305801 2248679557 84946946 2197850400 134236164
is_linear=0
shrinkage=0.05


Tree=43
num_leaves=31
num_cat=4
split_feature=0 22 3 22 8 8 22 3 2 22 2 4 10 7 1 0 13 17 6 8 6 7 15 16 0 4 7 18 2 10
split_gain=1.09485 2.58458 2.12892 2.34668 3.42743 2.19767 2.6978 2.02157 1.98337 1.9045 1.93139 1.90485 1.80589 1.71233 2.25424 1.67632 1.68705 1.63121 1.73834 1.53743 1.53459 2.2931 2.33804 1.52283 1.61431 2.02879 1.92459 1.5227 2.34499 1.87314
threshold=0.62634989633990801 0 4831276.447900001 1 0.83500000000000008 0.85500000000000009 2 378333.36685000005 -0.40662764941202961 3 -0.28209439348842857 6.7567000000000013 0.099645177264486726 1.9850000000000001 0.0037488317839098344 0.11263830291909237 0.10001661423892995 110.50000000000001 5.0225000000000017 0.82500000000000007 6.2079000000000013 1.6950000000000001 3.5000000000000004 1.5000000000000002 0.17574463218047146 11.538950000000002 1.9850000000000001 7.5000000000000009 -0.18562601820925942 0.098958333333333398
decision_type=2 9 2 9 10 8 9 2 2 9 2 2 2 2 2 2 2 2 10 8 8 2 2 2 2 2 2 2 2 2
left_child=2 -2 3 4 19 9 13 8 -8 10 -5 -12 27 -7 15 16 -15 -9 -19 23 21 -10 -23 24 25 -1 -26 28 -11 -29
right_child=1 -3 -4 5 -6 6 7 17 20 12 11 -13 -14 14 -16 -17 -18 18 -20 -21 -22 22 -24 -25 26 -27 -28 29 -30 -31
leaf_value=0.026128715527077885 -0.010612922920394466 0.011513130809499277 -0.029379122997932446 0.063468318780787347 -0.0010082627105612164 0.021461464173739446 0.10702028618203839 -0.024019865066201206 -0.022932059829449642 0.056524045472272078 -0.033348455096363576 0.021380501540349463 -0.043980246609367231 0.078679616395174734 -0.029307276276677948 -0.0058322527065155661 0.00041177180777051976 -0.018186296362143747 0.0652942245198046 0.087858162090360306 -0.023617197018806709 0.024045015438363983 0.13156391026153502 -0.036734938328764094 0.066150937610954197 -0.03954115043511372 -0.0063010249594918251 -0.030175431213848272 -0.022995347547344131 0.049338504419118363
leaf_weight=6.5113348432228708 11.138737812444239 34.471028507436621 7.0458801377695002 1.6157736156880558 28.80437298353538 18.488432236781701 0.49094752184612378 21.011738148396436 1.709723755904984 1.6330019928731121 2.3998461082819507 4.7107374893316063 9.40424085051764 1.6016882064313533 4.7882627152422046 3.8245101763196558 1.2075844370893518 1.4205264886256821 1.11156651430133 1.01271993617516 3.1050783876362118 2.0036585003612548 0.67627409467661426 0.95940751034706373 4.096660565588536 1.4353646912223821 1.1807917084620667 11.329696038539229 2.1448028709807145 0.79247487848960041
leaf_count=326 2134 4725 376 69 2664 1310 110 1713 322 110 206 596 947 99 725 518 76 258 82 57 432 271 65 136 365 162 303 1160 374 78
internal_value=-0.000458096 0.00630692 -0.002564 -0.00120934 0.00743739 -0.00540712 -0.00032768 -0.00916944 0.00966128 -0.0161666 0.00658095 0.00290929 -0.0190741 0.00903697 -0.00316222 0.0157093 0.0450357 -0.0194511 0.0184609 0.0283403 0.00328371 0.0223124 0.0511771 0.0240906 0.0285035 0.0142672 0.0499403 -0.0163394 0.0113779 -0.0249773
internal_weight=192.127 45.6098 146.517 139.471 44.0007 95.4706 61.44 31.5295 7.98568 34.0306 8.72636 7.11058 25.3042 29.9105 11.422 6.63378 2.80927 23.5438 2.53209 15.1963 7.49473 4.38966 2.67993 14.1836 13.2242 7.9467 5.27745 15.9 3.7778 12.1222
internal_count=20769 6859 13910 13534 4013 9521 5981 3253 1200 3540 871 802 2669 2728 1418 693 175 2053 340 1349 1090 658 336 1292 1156 488 668 1722 484 1238
cat_boundaries=0 4 8 12 16
cat_threshold=337543840 14420101 301989921 2969609216 67534976 72747365 303040544 599798808 1888502309 145236992 4841734 1141391617 2152211458 2432696336 2709782593 2147682433
is_linear=0
shrinkage=0.05


Tree=44
num_leaves=31
num_cat=3
split_feature=7 14 22 13 13 15 5 2 4 22 22 8 4 5 8 2 17 9 15 16 20 1 21 3 6 7 19 20 7 11
split_gain=1.06338 1.34539 1.11646 1.41171 1.86886 1.64435 1.48181 2.20214 1.32427 2.32434 1.77648 1.90108 1.73347 1.99097 2.4809 1.57631 1.60436 2.23575 1.6618 1.5568 1.84437 1.99552 1.50312 1.47932 1.41479 1.40357 2.0179 1.35513 1.63959 1.72501
threshold=0.39500000000000007 0.40918986673703661 0 0.10046838664385062 0.10037488317839106 6.5000000000000009 520998912.71500009 0.37215762273901815 11.688250000000002 1 2 3.7150000000000003 3.7155000000000005 103502634.50000001 1.0350000000000004 -0.41893116896806148 109.50000000000001 -4.3370029407127637 4.5000000000000009 1.5000000000000002 0.32832051861902617 -0.0017309360670549332 0.13284313725490199 320182.51710000006 2.7351000000000005 1.2750000000000001 6.5000000000000009 0.39036004645760752 1.7650000000000003 0.097266462682426599
decision_type=2 2 9 2 2 2 2 2 2 9 9 8 2 2 10 2 2 2 2 2 2 2 2 2 8 2 2 2 2 2
left_child=1 -1 3 4 6 -5 -2 -8 10 -10 12 27 -4 14 23 -11 17 -17 -19 20 21 -15 -18 24 -14 -20 -27 -12 -29 -30
right_child=2 -3 8 5 -6 -7 7 -9 9 15 11 -13 13 19 -16 16 22 18 25 -21 -22 -23 -24 -25 -26 26 -28 28 29 -31
leaf_value=0.046725452666819815 0.012320601287703108 -0.013984205381191878 -0.039163228600004943 0.011115782728209164 -0.041295405852413231 0.064149298283812703 -0.014106942976820198 0.021477584686454512 -0.010358402828826255 0.11249847179686034 -0.017277058875362874 0.079358517044520821 0.12558357058740949 0.050326631152040183 0.099653535460514073 -0.042170735110172261 -0.030956603564762181 0.016992424862172378 0.037160670004670569 -0.024591694249479462 -0.022085004401806163 0.0069837510721687925 0.069881737855324408 -0.043843396345942406 0.0062015656564697787 -0.049558121270833783 0.072709653846122366 -0.013535308678508762 -0.031225085098447444 0.070917248687693266
leaf_weight=2.5650656064655233 26.268599984169171 1.4165562771864726 2.1133676638018697 5.3983879690455288 2.3644951761224311 2.0042718874916545 17.120976058336129 5.8276160842598008 14.031361011288764 0.38846395966095926 48.792320945433232 0.54276722739324768 0.37195147981211385 3.4267336307449723 1.2570039587859865 2.0706560776185148 0.4571958221495146 22.64436462845363 0.88975844601117104 4.2305095072413925 3.8284586447828977 11.80068595513084 1.9279243708491547 0.77852194656128393 0.74574513851202806 2.680920071960998 0.38604724245976729 3.1128274252038457 0.56448668475725616 1.5438538848664505
leaf_count=217 2407 38 357 548 189 80 1288 288 2232 41 5611 59 40 233 253 191 7 3049 35 613 450 914 387 54 117 288 119 309 143 212
internal_value=-0.000442999 0.0251266 -0.000985773 0.00432302 0.00212557 0.0254746 0.00421161 -0.00507053 -0.00348609 0.0031023 -0.00751065 -0.0116207 0.0032678 0.00789534 0.0451816 0.0094102 0.0111507 0.00787303 0.0117685 0.00284639 0.00893779 0.0167375 0.0505524 0.00907213 0.04593 -0.0181281 -0.034168 -0.0146864 0.00952405 0.0435697
internal_weight=191.552 3.98162 187.57 58.9843 51.5817 7.40266 49.2172 22.9486 128.586 45.4767 83.1092 54.5563 28.553 26.4396 3.15322 31.4453 31.0569 28.6717 26.6011 23.2864 19.0559 15.2274 2.38512 1.89622 1.1177 3.95673 3.06697 54.0135 5.22117 2.10834
internal_count=20769 255 20514 4800 4172 628 3983 1576 15714 6349 9365 6334 3031 2674 464 4117 4076 3682 3491 2210 1597 1147 394 211 157 442 407 6275 664 355
cat_boundaries=0 4 9 13
cat_threshold=2692743168 136644972 609232966 1723873296 34472458 2191130641 2282243104 405504001 1 168165386 2224717841 2550153376 2834817
is_linear=0
shrinkage=0.05


Tree=45
num_leaves=31
num_cat=4
split_feature=17 4 22 7 4 17 2 13 1 8 9 7 3 20 20 22 1 20 22 5 4 7 2 15 7 1 14 6 22 2
split_gain=0.997215 1.21622 1.57289 1.86364 2.23724 1.78169 2.73856 1.5963 2.2553 1.82686 1.90941 1.74036 1.72622 1.50087 1.39706 2.50717 1.94994 1.80145 1.71026 1.72691 2.27846 1.60311 1.71933 1.57259 2.8335 1.39927 1.55613 2.05578 1.99581 1.54378
threshold=35.500000000000007 20.835400000000003 0 1.0350000000000004 10.201500000000001 81.500000000000014 -0.062067989489735957 0.099509601548753226 -0.0017309360670549332 1.2650000000000003 4.9666922683051622 1.6450000000000002 1877539.3783500001 0.18502956738250859 0.32972878185644144 1 -0.0048743364145970016 0.35323826500297095 2 496046881.93000001 6.3172000000000006 1.4850000000000001 0.077227049693412667 6.5000000000000009 1.1650000000000003 -0.0046926336002254257 0.65730872900684234 6.2079000000000013 3 -0.3233759427155653
decision_type=2 2 9 2 2 2 2 2 2 8 2 2 2 2 2 9 2 2 9 2 2 2 2 2 2 2 2 10 9 2
left_child=-1 2 3 4 5 6 -2 8 -5 13 12 -10 -11 -9 18 16 -16 -18 19 -4 -21 22 -22 -17 -25 -20 28 -28 29 -27
right_child=1 -3 14 7 -6 -7 -8 9 11 10 -12 -13 -14 -15 15 23 17 -19 25 20 21 -23 -24 24 -26 26 27 -29 -30 -31
leaf_value=0.017050730598915681 0.087422336055107644 0.012406077508363764 0.013215647874798531 -0.054965942057176101 0.068722469489104848 -0.013459646363050283 -0.0081054070894743726 -0.032939714094272037 -0.014200813700109245 0.013461310310602576 -0.039252496464139468 0.098250440002338332 0.070166419113673342 -0.0019810019977137962 0.1030525041337168 -0.035468307011541578 -0.046779048790238247 0.033101517678039198 -0.025529617756727126 -0.055340441842107596 0.063362435047737087 -0.01689038028480332 0.003373943286580563 0.081410129365264539 -0.025167207174363167 0.053066390128039209 -0.037765175003548312 -0.00068526212565454088 -0.010628570687865106 0.0080804045724666811
leaf_weight=7.8025166227640446 1.5030868757987081 15.071720202693397 27.327801872965026 0.47223834566284528 2.381034088626663 3.3090757674453926 1.4978984677114136 5.2541485276194839 0.46994310117028959 5.2153503055191646 1.2397473557125804 1.2846103359762393 1.8071818574373422 15.358313949406634 0.79299837226915304 16.133797968575387 0.86714013702572845 3.7933185777467315 10.289122228349816 2.1565540928267515 1.5666030324648526 6.8678531266386074 5.0279538307271991 0.84537539609436807 2.3776559418433862 2.1151777477832345 7.3145302950588214 7.6447287386248277 13.90588915627856 19.384593386218096
leaf_count=3473 65 1908 2636 77 95 190 141 251 59 555 180 186 133 1399 61 1868 122 397 818 160 67 649 202 50 190 147 730 768 1411 1781
internal_value=-0.000455551 -0.00120084 -0.00242007 0.00555881 0.0274251 0.0118419 0.039741 0.00123575 0.0420259 -0.00190995 0.0179546 0.0681313 0.0280538 -0.00987243 -0.00494074 -0.0159827 0.0107886 0.0182387 -0.00277332 0.00457133 -0.00762647 1.68739e-05 0.0176248 -0.0191865 0.00278718 -0.00749222 -0.00529492 -0.018816 0.000417865 0.00853594
internal_weight=191.078 183.275 168.204 39.7926 8.6911 6.31006 3.00099 31.1015 2.22679 28.8747 8.26228 1.75455 7.02253 20.6125 128.411 24.8103 5.45346 4.66046 103.601 42.9468 15.619 13.4624 6.59456 19.3568 3.22303 60.654 50.3649 14.9593 35.4057 21.4998
internal_count=20769 17296 15388 3331 491 396 206 2840 322 2518 868 245 688 1650 12057 2688 580 519 9369 3714 1078 918 269 2108 240 5655 4837 1498 3339 1928
cat_boundaries=0 4 8 12 16
cat_threshold=1644167330 136675660 536870980 1724149909 273719301 1050625 16875521 131072 2156544512 2223505456 2485676330 19400456 135536640 273839105 181436417 1146880
is_linear=0
shrinkage=0.05


Tree=46
num_leaves=31
num_cat=3
split_feature=7 14 22 10 6 0 5 5 21 18 5 0 2 0 14 9 15 2 4 19 15 14 21 8 22 17 21 22 2 4
split_gain=0.957665 1.19357 1.01277 1.42322 2.07914 2.27638 1.97893 1.87807 2.27915 1.87577 1.87857 1.79499 1.70777 2.16891 1.72004 1.65346 1.38037 1.3687 2.38618 1.50668 1.49461 1.56786 1.36814 1.24231 3.1997 2.16178 1.87283 1.54916 2.05709 1.73561
threshold=0.39500000000000007 0.40918986673703661 0 0.070000000000000048 2.3107000000000006 0.5802779672517846 520998912.71500009 336730270.26500005 0.18469785575048733 9.5000000000000018 270896773.89000005 0.67904247563158582 -0.23016283277332636 0.40245584666535111 0.46673177083333339 3.2332202556034977 1.5000000000000002 0.17342407068930502 6.4244500000000011 5.5000000000000009 3.5000000000000004 0.81600284495021347 0.11602982292637466 1.3950000000000002 1 53.500000000000007 0.16580756013745707 2 -0.41893116896806148 10.201500000000001
decision_type=2 2 9 2 8 2 2 2 2 2 2 2 2 2 2 2 2 2 2 2 2 2 2 8 9 2 2 9 2 2
left_child=1 -1 3 17 9 6 7 12 -9 -5 -11 16 14 -14 -6 -15 -7 18 19 -2 21 -20 -13 27 25 26 -25 28 -4 -29
right_child=2 -3 23 4 5 11 -8 8 -10 10 -12 22 13 15 -16 -17 -18 -19 20 -21 -22 -23 -24 24 -26 -27 -28 29 -30 -31
leaf_value=0.044274600665957405 -0.014499194985105171 -0.013104153969161576 0.072354201544894067 -0.011664211149580321 0.03126914096803346 0.0039447003891445792 -0.025326306847866045 0.050646256529607747 -0.019552935220605264 0.073875987244970437 0.0044047074602568594 0.056949996957110838 -0.037199329695328444 0.075977724176752984 -0.030673352926647218 -0.064930779610614622 0.075867784275500103 -0.0090312426543211841 0.012131238004212473 0.048954505523057107 0.095971156079569811 0.088638469205562204 -0.0015935569475822584 0.083615939001037073 -0.011696145960154426 0.01392572680034552 0.018245308238952315 -0.01802969287268932 0.0018910772428891835 -0.0018900738934600108
leaf_weight=2.5493223287715803 3.2601787002051363 1.4062795399808576 1.0726336385089918 2.0002519935357759 3.5679427624318318 1.0587209743521193 13.028892067335219 3.297267387385971 1.780663951014432 2.5479695261945494 1.5743659379093058 1.1162696827249394 6.1666985967447729 0.80361210898349333 1.6339784168892206 0.28098335761657722 1.8035376738569864 3.0976046854142103 2.2206737444163243 1.311979830158293 1.4841090598204116 0.95874913218827362 9.4159041607267735 2.5532500174972972 10.218408322245795 10.286911973402963 1.9192327916688965 38.857657058698777 30.149267665721872 29.155564514650678
leaf_count=217 187 38 55 200 139 116 827 96 231 204 82 47 569 195 131 20 153 303 221 165 184 94 1050 182 2029 1227 602 3966 3676 3563
internal_value=-0.000469809 0.0238755 -0.000985824 0.00389186 0.000768333 -0.00303407 -0.0105672 0.000401517 0.0260297 0.0280661 0.0473441 0.0141532 -0.0100486 -0.0257313 0.0118123 0.0394729 0.0492642 0.01973 0.0293763 0.00370883 0.0545409 0.0352019 0.00461128 -0.00347052 0.00621691 0.0158228 0.0555641 -0.00625861 0.00326584 -0.00968679
internal_weight=190.579 3.9556 186.623 62.4104 50.0771 43.9545 30.56 17.5311 5.07793 6.12259 4.12234 13.3944 12.4532 7.25129 5.20192 1.0846 2.86226 12.3333 9.23569 4.57216 4.66353 3.17942 10.5322 124.213 24.9778 14.7594 4.47248 99.2351 31.2219 68.0132
internal_count=20769 255 20514 5214 4060 3574 2208 1381 327 486 286 1366 1054 784 270 215 269 1154 851 352 499 315 1097 15300 4040 2011 784 11260 3731 7529
cat_boundaries=0 4 8 12
cat_threshold=2692751361 2425196 609232902 1723889680 1342603428 541117440 2343076097 20709896 235405314 211431441 268501096 2147616133
is_linear=0
shrinkage=0.05


Tree=47
num_leaves=31
num_cat=3
split_feature=0 22 22 7 9 6 15 14 9 7 9 6 0 19 3 17 2 0 0 17 17 22 1 11 21 3 14 5 13 2
split_gain=0.902331 2.46659 1.66401 1.42992 1.49983 1.66508 2.16133 1.64672 1.5524 1.54811 1.54471 1.37868 1.76575 1.35297 1.4085 1.24798 1.21492 1.40362 1.2835 1.1899 1.28749 1.11983 2.24565 1.77393 1.72944 1.41103 1.16023 1.37433 1.34114 1.43141
threshold=0.80190570976642739 0 1 1.0750000000000004 1.8539807824296541 9.9790500000000026 4.5000000000000009 0.88239562878852562 4.3665880200792548 1.885 1.0071217950111235 4.4073500000000001 0.014432972215088645 7.5000000000000009 4831276.447900001 112.50000000000001 -0.40662764941202961 0.083673118987047032 0.0050134784854173079 93.500000000000014 77.500000000000014 2 -0.016276457873976354 0.12303370345204107 0.09262435677530019 230661.98310000004 0.82387408088235303 1322240742.7 0.10035971688469671 0.42803859228979996
decision_type=2 9 9 2 2 10 2 2 2 2 2 10 2 2 2 2 2 2 2 2 2 9 2 2 2 2 2 2 2 2
left_child=2 15 3 -1 9 6 8 -7 -6 -5 11 -11 -13 14 16 -2 17 18 -4 20 -14 22 -18 24 -24 -26 27 -27 29 -28
right_child=1 -3 13 4 5 7 -8 -9 -10 10 -12 12 19 -15 -16 -17 21 -19 -20 -21 -22 -23 23 -25 25 26 28 -29 -30 -31
leaf_value=0.023346261838293164 -0.030766846077664813 0.01342698554927254 -0.021894386785266329 -0.01700675419463776 0.034388843916725677 0.099947553078176252 -0.05850874739199996 0.011075086245818985 -0.023928498140008463 0.044824055974070194 -0.033122560367115028 -0.061993354373816839 0.021347333644085517 0.016400956703708294 -0.030705473444732369 0.058669651514819669 0.076831048689328663 -0.037625623395383195 0.04602183506372895 0.078248642048066724 -0.045667328289431479 -0.0089424502323865642 0.072697925794227125 -0.04763204975964349 -0.050646450665777498 0.0061148549787591643 -0.053724453856614951 0.066725977134372935 0.037664181992549423 0.050411201435006395
leaf_weight=10.425325497056894 7.2308643630722855 21.230903408947331 0.88832891115926216 12.176372911309036 4.3724995334942616 1.1113125575878799 1.0552175532637873 0.9816230871379189 1.5441684580894586 3.091743580069247 1.7729738538790361 0.87648392025779731 2.953702708913895 6.8378205345007066 5.7078500401984646 0.41228641375505493 1.007598860627797 0.90146094929522735 3.2071676722244433 0.64809481780457634 0.9463420682270679 73.769353850080691 0.8890431992290776 1.7663745479811499 1.2227046015810241 18.61325773111022 2.2982450072774725 0.98472684343914707 0.72997191071664236 0.38531898148235644
leaf_count=575 803 3118 129 985 375 121 208 55 123 386 267 45 552 2602 296 184 67 72 162 55 77 7132 65 111 228 1514 337 34 60 31
internal_value=-0.000483963 0.00765582 -0.00194227 0.0058897 0.00198577 0.0191532 0.00741207 0.0582648 0.0191688 -0.00494124 0.00933706 0.0181765 0.0029888 -0.00479092 -0.0065068 -0.0112385 -0.00521186 0.0188579 0.0312905 0.0155117 0.00508629 -0.0063949 0.00261115 0.000801066 0.00420632 0.00169367 0.00447474 0.00916034 -0.0224265 -0.0387722
internal_weight=190.039 28.8741 161.165 41.9559 31.5305 9.06482 6.97189 2.09294 5.91667 22.4657 10.2893 8.51637 5.42462 119.209 112.371 7.64315 106.664 4.99696 4.0955 4.54814 3.90004 101.667 27.8972 26.8896 25.1233 24.2342 23.0115 19.598 3.41354 2.68356
internal_count=20769 4105 16664 3824 3249 882 706 176 498 2367 1382 1115 729 12840 10238 987 9942 363 291 684 629 9579 2447 2380 2269 2204 1976 1548 428 368
cat_boundaries=0 4 8 12
cat_threshold=336495234 550307885 1384144896 553648384 872841218 82119020 310386690 666902784 533121 2954364048 139739136 398485
is_linear=0
shrinkage=0.05


Tree=48
num_leaves=31
num_cat=4
split_feature=8 17 4 22 13 8 11 9 3 3 0 3 9 5 0 0 9 6 8 22 4 9 17 20 22 1 11 22 15 1
split_gain=0.879146 0.891597 1.06733 1.51384 1.57851 1.34711 1.20233 1.19447 1.77001 2.48032 2.09069 1.87665 1.78341 1.80823 1.86168 2.02182 1.6655 1.75213 1.46527 1.18232 1.29104 1.34178 1.37555 1.158 2.36776 2.07218 1.73745 1.72691 1.57262 1.565
threshold=5.495000000000001 35.500000000000007 20.835400000000003 0 0.099429102207543876 0.60500000000000009 0.14150617993676351 5.2594853341575218 763597.31295000005 535945.86345000018 0.012735388289639398 5295759.4477000004 -5.0271136281822661 1839927573.0600002 0.014432972215088645 0.10091606170487132 0.18399265759648789 6.8428000000000013 0.66500000000000015 1 24.00055 4.8796644863462699 53.500000000000007 0.32972878185644144 2 -0.0048743364145970016 0.092875913580164324 3 4.5000000000000009 -0.0046926336002254257
decision_type=8 2 2 9 2 10 2 2 2 2 2 2 2 2 2 2 2 10 8 9 2 2 2 2 9 2 2 9 2 2
left_child=1 -1 3 4 -3 -6 7 8 9 10 -7 12 -10 14 -14 -16 -17 -18 -12 20 -4 22 -22 27 25 -25 -27 -5 -26 -29
right_child=-2 2 19 23 5 6 -8 -9 11 -11 18 -13 13 -15 15 16 17 -19 -20 -21 21 -23 -24 24 28 26 -28 29 -30 -31
leaf_value=0.015846723492769065 0.04494735994718415 0.049773699062438559 0.060496188798076 0.0043345013559833072 -0.035485889510493196 -0.045638006020796026 -0.06020220375066572 -0.028349154315686288 0.084561046109489515 -0.039063026031517512 0.086789602433042637 -0.022569292489220849 0.062894883312677743 0.069905381645439704 -0.054482902187224985 -0.014353072337201981 0.053057759281598865 -0.017974520912311734 0.011944256302241696 -0.0057494834017929614 0.031671733204140191 0.070316109132846125 -0.035627198047573014 0.089336916516712828 -0.037708753812594413 0.045799678341009231 -0.011524603414752931 -0.027669324444853233 -0.0045549189900240547 -0.005616129387098311
leaf_weight=7.7941648243614727 1.0602240764990245 2.0289749205314029 3.2894820118039547 43.175572510735066 1.9949516252553952 1.5335468683335367 0.65700882914352021 2.106867605404303 1.3219656594779952 3.388221497025909 0.69760678183152158 1.9937008929009596 1.7120826406393224 1.7796122565945314 1.1971695021078952 2.8454082755459567 3.3262229294787318 1.1747644671136184 10.443149842758949 7.7747536170968043 1.7407121481639936 0.9482780337498723 1.3466861760998652 1.0355763890936485 13.601563207863256 2.2539133532135338 3.1963473918530099 9.5994507203155575 4.8530051564207488 49.671825479192023
leaf_count=3417 167 263 243 3752 207 84 41 229 52 289 58 110 50 92 83 236 284 106 1002 1253 170 66 157 73 1652 228 349 826 404 4826
internal_value=-0.000455547 -0.000710941 -0.00142517 -0.00258562 0.00543618 0.00445206 0.00678326 0.0080962 0.0105405 -0.00106219 0.00909657 0.0226811 0.0294352 0.0233802 0.0153069 0.00577048 0.0155894 0.0345182 0.0166309 0.0113006 0.0157478 0.0182948 0.00231675 -0.00502361 -0.0150798 0.00963901 0.0121814 -0.00306583 -0.018802 -0.00786147
internal_weight=189.543 188.483 180.688 165.589 38.2013 36.1723 34.1773 33.5203 31.4135 16.0625 12.6743 15.3509 13.3572 12.0353 10.2556 8.54357 7.3464 4.50099 11.1408 15.0999 7.32516 4.03568 3.0874 127.387 24.9404 6.48584 5.45026 102.447 18.4546 59.2713
internal_count=20769 20602 17185 15296 3186 2923 2716 2675 2446 1433 1144 1013 903 851 759 709 626 390 1060 1889 636 393 327 12110 2706 650 577 9404 2056 5652
cat_boundaries=0 4 8 12 16
cat_threshold=1644167328 136675660 536870982 1673556509 2223005700 541461504 5093633 1051656 273719303 2049 17924097 131072 2156544512 2223521840 2484627752 2217477504
is_linear=0
shrinkage=0.05


Tree=49
num_leaves=31
num_cat=3
split_feature=7 9 16 9 22 13 13 11 15 9 21 18 3 20 20 17 6 14 22 9 9 13 0 2 2 0 2 2 22 2
split_gain=0.844417 1.13667 1.03003 1.00209 0.873722 1.24365 1.85982 1.6346 1.32198 1.42077 1.63773 2.28986 1.60882 1.29157 2.77379 2.13103 1.62194 1.48069 1.43851 1.76076 1.70099 2.10286 1.2876 2.63855 2.0605 1.26463 1.21618 1.13531 2.84626 1.95612
threshold=0.39500000000000007 0.40629771779951979 1.5000000000000002 -4.9180327868852443 0 0.10046838664385062 0.10037488317839106 0.091959154351395844 7.5000000000000009 3.5732353649723052 0.20722186076772939 13.500000000000002 343245.04010000004 0.16736694677871153 0.20881425253890681 105.50000000000001 3.5978500000000007 0.63654119318181823 1 1.2585258550222636 -4.773385940825869 0.10007914524389384 0.29384634073571458 -0.16489996255282727 0.23037223019289013 0.62634989633990801 0.039873745346155183 -0.18884610257853343 2 -0.30128940476819394
decision_type=2 2 2 2 9 2 2 2 2 2 2 2 2 2 2 2 10 2 9 2 2 2 2 2 2 2 2 2 9 2
left_child=1 3 -3 -1 5 6 7 8 9 10 11 12 -2 -9 15 16 -15 -18 19 20 -16 -22 23 -7 -24 26 -14 28 29 -6
right_child=4 2 -4 -5 27 22 -8 13 -10 -11 -12 -13 25 14 18 -17 17 -19 -20 -21 21 -23 24 -25 -26 -27 -28 -29 -30 -31
leaf_value=0.004757982598828505 0.077416465654086386 -0.043496008547681125 0.034205163954273678 0.073532552586946062 0.034194741847062941 0.034130937788322144 -0.043523426960266468 -0.021792989121890191 0.060663572714384828 -0.026616135003325121 -0.0082787497751319137 0.089781733014415874 0.016354043010760193 0.061768935035022246 0.062177232465054605 0.090257214757877388 -0.037458933758894322 0.030484622843180084 -0.010114947108677483 0.053870963581086173 -0.041623330477375181 0.052217384005627809 0.071747833632527819 -0.044116269196852888 -0.036924830296126337 0.057393060774621175 -0.045820984399756737 -0.00064280657427814695 -0.018855307517044881 -0.0040719643262880139
leaf_weight=0.87911314154126818 0.95694563161356949 0.93391842778979117 0.78504267609234546 1.3324238924017344 5.8580239834009689 3.1824000853939793 2.1881160169318852 6.6833839030778668 1.6299361857703676 1.9298862738202149 3.3363306290025321 1.4675032643249322 1.9222066615630313 1.4263607154173765 0.89561325597813413 1.2809020643315987 1.549806498358578 1.6615862564129456 17.204662797445469 2.7420389074517288 2.2090662321318537 0.81807280487709011 2.2250906272585103 1.6287879408321959 0.54254118096356752 0.91700585431850345 1.3311957856287504 93.140189526373746 18.688853022413177 7.7680648891256592
leaf_count=33 57 56 56 110 402 113 192 245 218 197 544 35 97 62 37 171 81 92 1623 203 200 78 313 148 86 81 78 12830 1782 549
internal_value=-0.000444893 0.0224883 -0.00801019 0.0461938 -0.000931644 0.00372296 0.00159587 0.00357187 0.0184418 0.0126397 0.0202681 0.03471 0.0189478 -0.00192859 0.00252827 0.0331687 0.0174014 -0.00230469 -0.00506931 0.00925136 0.0016457 -0.0162632 0.023272 0.00764099 0.0504446 0.00553157 -0.00908613 -0.00319018 -0.0115196 0.00713966
internal_weight=189.115 3.9305 1.71896 2.21154 185.185 59.7294 52.1506 49.9625 13.491 11.8611 9.93119 6.59486 5.12735 36.4715 29.7881 5.91866 4.63775 3.21139 23.8695 6.66479 3.92275 3.02714 7.57882 4.81119 2.76763 4.17041 3.2534 125.455 32.3149 13.6261
internal_count=20769 255 112 143 20514 4951 4291 4099 1307 1089 892 348 313 2792 2547 406 235 173 2141 518 315 278 660 261 399 256 175 15563 2733 951
cat_boundaries=0 4 8 12
cat_threshold=2692775936 2425196 609232902 1690335504 536870912 296 536870916 545263888 167903906 2350006273 17367040 3801096
is_linear=0
shrinkage=0.05


end of trees

feature_importances:
sw_l2=166
ret60=129
vr_d0=112
wr1=99
ftr=92
pct_prev=92
vr_prev=90
close_ret=85
cmv=71
amplitude=71
turn_d0=68
mkt_boards_n=60
zha_rate=59
amt_rank_pct=54
gap=48
promo_yd=46
amount=40
ind_boards=38
intraday=34
mkt_chain_n=21
mkt_max_streak=16
streak_prev=9

parameters:
[boosting: gbdt]
[objective: binary]
[metric: binary_logloss]
[tree_learner: serial]
[device_type: cpu]
[data_sample_strategy: bagging]
[data: ]
[valid: ]
[num_iterations: 50]
[learning_rate: 0.05]
[num_leaves: 31]
[num_threads: 0]
[seed: 42]
[deterministic: 0]
[force_col_wise: 0]
[force_row_wise: 0]
[histogram_pool_size: -1]
[max_depth: -1]
[min_data_in_leaf: 50]
[min_sum_hessian_in_leaf: 0.001]
[bagging_fraction: 1]
[pos_bagging_fraction: 1]
[neg_bagging_fraction: 1]
[bagging_freq: 0]
[bagging_seed: 400]
[bagging_by_query: 0]
[feature_fraction: 1]
[feature_fraction_bynode: 1]
[feature_fraction_seed: 30056]
[extra_trees: 0]
[extra_seed: 12879]
[early_stopping_round: 0]
[early_stopping_min_delta: 0]
[first_metric_only: 0]
[max_delta_step: 0]
[lambda_l1: 0]
[lambda_l2: 0]
[linear_lambda: 0]
[min_gain_to_split: 0]
[drop_rate: 0.1]
[max_drop: 50]
[skip_drop: 0.5]
[xgboost_dart_mode: 0]
[uniform_drop: 0]
[drop_seed: 17869]
[top_rate: 0.2]
[other_rate: 0.1]
[min_data_per_group: 100]
[max_cat_threshold: 32]
[cat_l2: 10]
[cat_smooth: 10]
[max_cat_to_onehot: 4]
[top_k: 20]
[monotone_constraints: ]
[monotone_constraints_method: basic]
[monotone_penalty: 0]
[feature_contri: ]
[forcedsplits_filename: ]
[refit_decay_rate: 0.9]
[cegb_tradeoff: 1]
[cegb_penalty_split: 0]
[cegb_penalty_feature_lazy: ]
[cegb_penalty_feature_coupled: ]
[path_smooth: 0]
[interaction_constraints: ]
[verbosity: -1]
[saved_feature_importance_type: 0]
[use_quantized_grad: 0]
[num_grad_quant_bins: 4]
[quant_train_renew_leaf: 0]
[stochastic_rounding: 1]
[linear_tree: 0]
[max_bin: 255]
[max_bin_by_feature: ]
[min_data_in_bin: 3]
[bin_construct_sample_cnt: 200000]
[data_random_seed: 175]
[is_enable_sparse: 1]
[enable_bundle: 1]
[use_missing: 1]
[zero_as_missing: 0]
[feature_pre_filter: 1]
[pre_partition: 0]
[two_round: 0]
[header: 0]
[label_column: ]
[weight_column: ]
[group_column: ]
[ignore_column: ]
[categorical_feature: 22]
[forcedbins_filename: ]
[precise_float_parser: 0]
[parser_config_file: ]
[objective_seed: 16083]
[num_class: 1]
[is_unbalance: 0]
[scale_pos_weight: 1]
[sigmoid: 1]
[boost_from_average: 1]
[reg_sqrt: 0]
[alpha: 0.9]
[fair_c: 1]
[poisson_max_delta_step: 0.7]
[tweedie_variance_power: 1.5]
[lambdarank_truncation_level: 30]
[lambdarank_norm: 1]
[label_gain: ]
[lambdarank_position_bias_regularization: 0]
[eval_at: ]
[multi_error_top_k: 1]
[auc_mu_weights: ]
[num_machines: 1]
[local_listen_port: 12400]
[time_out: 120]
[machine_list_filename: ]
[machines: ]
[gpu_platform_id: -1]
[gpu_device_id: -1]
[gpu_device_id_list: ]
[gpu_use_dp: 0]
[num_gpu: 1]

end of parameters

pandas_categorical:[["IT\u670d\u52a1\u2161", "\u4e00\u822c\u96f6\u552e", "\u4e13\u4e1a\u5de5\u7a0b", "\u4e13\u4e1a\u670d\u52a1", "\u4e13\u4e1a\u8fde\u9501\u2161", "\u4e13\u7528\u8bbe\u5907", "\u4e2a\u62a4\u7528\u54c1", "\u4e2d\u836f\u2161", "\u4e58\u7528\u8f66", "\u4e92\u8054\u7f51\u7535\u5546", "\u4f11\u95f2\u98df\u54c1", "\u4f53\u80b2\u2161", "\u4fdd\u9669\u2161", "\u5143\u4ef6", "\u5149\u4f0f\u8bbe\u5907", "\u5149\u5b66\u5149\u7535\u5b50", "\u5176\u4ed6\u5bb6\u7535\u2161", "\u5176\u4ed6\u7535\u5b50\u2161", "\u5176\u4ed6\u7535\u6e90\u8bbe\u5907\u2161", "\u517b\u6b96\u4e1a", "\u519b\u5de5\u7535\u5b50\u2161", "\u519c\u4e1a\u7efc\u5408\u2161", "\u519c\u4ea7\u54c1\u52a0\u5de5", "\u519c\u5316\u5236\u54c1", "\u519c\u5546\u884c\u2161", "\u51b6\u94a2\u539f\u6599", "\u51fa\u7248", "\u52a8\u7269\u4fdd\u5065\u2161", "\u5305\u88c5\u5370\u5237", "\u5316\u5986\u54c1", "\u5316\u5b66\u5236\u54c1", "\u5316\u5b66\u5236\u836f", "\u5316\u5b66\u539f\u6599", "\u5316\u5b66\u7ea4\u7ef4", "\u533b\u7597\u5668\u68b0", "\u533b\u7597\u670d\u52a1", "\u533b\u836f\u5546\u4e1a", "\u534a\u5bfc\u4f53", "\u53a8\u536b\u7535\u5668", "\u5546\u7528\u8f66", "\u5730\u9762\u5175\u88c5\u2161", "\u57ce\u5546\u884c\u2161", "\u57fa\u7840\u5efa\u8bbe", "\u5851\u6599", "\u591a\u5143\u91d1\u878d", "\u5bb6\u5c45\u7528\u54c1", "\u5bb6\u7535\u96f6\u90e8\u4ef6\u2161", "\u5c0f\u5bb6\u7535", "\u5c0f\u91d1\u5c5e", "\u5de5\u4e1a\u91d1\u5c5e", "\u5de5\u7a0b\u54a8\u8be2\u670d\u52a1\u2161", "\u5de5\u7a0b\u673a\u68b0", "\u5e7f\u544a\u8425\u9500", "\u5f71\u89c6\u9662\u7ebf", "\u623f\u5730\u4ea7\u5f00\u53d1", "\u623f\u5730\u4ea7\u670d\u52a1", "\u623f\u5c4b\u5efa\u8bbe\u2161", "\u6469\u6258\u8f66\u53ca\u5176\u4ed6", "\u6559\u80b2", "\u6570\u5b57\u5a92\u4f53", "\u6587\u5a31\u7528\u54c1", "\u65c5\u6e38\u53ca\u666f\u533a", "\u65c5\u6e38\u96f6\u552e\u2161", "\u666e\u94a2", "\u670d\u88c5\u5bb6\u7eba", "\u6797\u4e1a\u2161", "\u6a61\u80f6", "\u6c34\u6ce5", "\u6c7d\u8f66\u670d\u52a1", "\u6c7d\u8f66\u96f6\u90e8\u4ef6", "\u6cb9\u670d\u5de5\u7a0b", "\u6cb9\u6c14\u5f00\u91c7\u2161", "\u6d88\u8d39\u7535\u5b50", "\u6e14\u4e1a", "\u6e38\u620f\u2161", "\u70bc\u5316\u53ca\u8d38\u6613", "\u7126\u70ad\u2161", "\u7164\u70ad\u5f00\u91c7", "\u7167\u660e\u8bbe\u5907\u2161", "\u71c3\u6c14\u2161", "\u7269\u6d41", "\u7279\u94a2\u2161", "\u73af\u4fdd\u8bbe\u5907\u2161", "\u73af\u5883\u6cbb\u7406", "\u73bb\u7483\u73bb\u7ea4", "\u751f\u7269\u5236\u54c1", "\u7535\u529b", "\u7535\u5b50\u5316\u5b66\u54c1\u2161", "\u7535\u673a\u2161", "\u7535\u6c60", "\u7535\u7f51\u8bbe\u5907", "\u7535\u89c6\u5e7f\u64ad\u2161", "\u767d\u8272\u5bb6\u7535", "\u767d\u9152\u2161", "\u79cd\u690d\u4e1a", "\u7eba\u7ec7\u5236\u9020", "\u7efc\u5408\u2161", "\u80a1\u4efd\u5236\u94f6\u884c\u2161", "\u80fd\u6e90\u91d1\u5c5e", "\u81ea\u52a8\u5316\u8bbe\u5907", "\u822a\u5929\u88c5\u5907\u2161", "\u822a\u6d77\u88c5\u5907\u2161", "\u822a\u7a7a\u673a\u573a", "\u822a\u7a7a\u88c5\u5907\u2161", "\u822a\u8fd0\u6e2f\u53e3", "\u88c5\u4fee\u5efa\u6750", "\u88c5\u4fee\u88c5\u9970\u2161", "\u8ba1\u7b97\u673a\u8bbe\u5907", "\u8bc1\u5238\u2161", "\u8c03\u5473\u53d1\u9175\u54c1\u2161", "\u8d35\u91d1\u5c5e", "\u8d38\u6613\u2161", "\u8f68\u4ea4\u8bbe\u5907\u2161", "\u8f6f\u4ef6\u5f00\u53d1", "\u901a\u4fe1\u670d\u52a1", "\u901a\u4fe1\u8bbe\u5907", "\u901a\u7528\u8bbe\u5907", "\u9020\u7eb8", "\u9152\u5e97\u9910\u996e", "\u91d1\u5c5e\u65b0\u6750\u6599", "\u94c1\u8def\u516c\u8def", "\u975e\u767d\u9152", "\u975e\u91d1\u5c5e\u6750\u6599\u2161", "\u98ce\u7535\u8bbe\u5907", "\u98df\u54c1\u52a0\u5de5", "\u996e\u6599\u4e73\u54c1", "\u9970\u54c1", "\u9972\u6599", "\u9ed1\u8272\u5bb6\u7535"]]
