tree
version=v4
num_class=1
num_tree_per_iteration=1
label_index=0
max_feature_idx=22
objective=binary sigmoid:1
feature_names=wr1 gap ret60 cmv ftr amount turn_d0 vr_d0 vr_prev pct_prev intraday amplitude seal_hard close_ret amt_rank_pct ind_boards streak_prev mkt_boards_n mkt_chain_n mkt_max_streak zha_rate promo_yd sw_l2
feature_infos=[0:1.0000000000000007] [-0.10465116279069764:0.10588235294117654] [-0.67999999999999994:5.0384615384615392] [36636.599999999999:193496882.99250001] [0.11749999999999999:147.02070000000001] [2925612:31598894525.549999] [0.039300000000000002:55.946300000000001] [0.029999999999999999:22.719999999999999] [0.23000000000000001:16.620000000000001] [-10.416666666666663:9.4972067039106101] [-0.0044800000000000178:0.20930232558139528] [0:0.20930232558139528] [0:1] [0.095008051529790638:0.10588235294117654] [0.0014513788098693759:1] [1:51] [0:14] [5:890] [0:314] [1:18] [0:0.80158730158730163] [0:0.85245901639344257] -1:69:116:5:90:30:86:54:1:0:115:31:15:72:49:13:45:113:64:32:37:28:23:89:43:83:107:99:14:2:80:48:7:88:20:46:108:52:42:75:105:17:35:95:18:44:53:114:103:106:34:51:104:125:60:84:67:96:61:79:120:36:22:33:117:26:82:74:10:9:50:98:77:124:63:93:123:94:112:59:119:39:19:111:87:91:110:47:57:55:58:40:127:70:85:126:68:76:128:66:25:56:78:3:109:122:6:100:121:8:29:81:92:73:27:101:38:118:102:65:4:11:62:16:12:71:41:21:24
tree_sizes=3385 3483 3489 3508 3511 3489 3497 3512 3494 3494 3530 3503 3498 3502 3526 3542 3533 3530 3536 3577 3517 3530 3543 3573 3552 3549 3555 3567 3509 3553 3576 3563 3552 3549 3592 3599 3571 3571 3577 3540 3586 3581 3576 3578 3589 3612 3540 3613 3589 3580

Tree=0
num_leaves=31
num_cat=1
split_feature=22 7 13 17 7 3 0 7 8 2 3 17 15 11 0 3 6 1 14 3 17 21 9 7 2 0 3 13 19 9
split_gain=10.7134 5.48327 3.51557 3.38387 3.28105 2.92883 3.68398 2.97467 2.83031 2.64247 2.89376 2.43911 3.23493 2.2134 2.13882 2.42388 2.68071 3.26809 2.33185 2.5713 2.81133 2.17907 1.90775 1.81183 1.80478 2.19105 1.76037 1.68567 2.04676 2.08647
threshold=0 0.62500000000000011 0.10004077065895546 30.500000000000004 0.31500000000000006 340339.33830000006 0.023207966599553136 1.1150000000000004 3.4250000000000003 -0.18562601820925942 823632.68890000007 62.500000000000007 4.5000000000000009 0.080168776371308037 0.74656399275275886 4542266.3331500003 2.3767 -0.010892772156863182 0.7203515625000001 622509.4920000002 87.500000000000014 0.14160401002506268 7.7318089213085264 1.5450000000000002 -0.079875316250370518 0.17574463218047146 221347.41970000003 0.10088107436733419 5.5000000000000009 2.2071209359208037
decision_type=9 2 2 2 2 2 2 2 8 2 2 2 2 2 2 2 8 2 2 2 2 2 2 2 2 2 2 2 2 2
left_child=3 2 13 9 -5 6 -6 -8 27 -1 -11 26 23 -2 15 16 18 -18 19 20 -7 -16 -23 -13 -21 -26 -9 -3 -29 -30
right_child=1 8 -4 4 5 14 7 11 -10 10 -12 12 -14 -15 21 -17 17 -19 -20 24 -22 22 -24 -25 25 -27 -28 28 29 -31
leaf_value=-1.1035937117270398 -1.1925602091625429 -1.3692559329203431 -1.3657353262375351 -1.1389596823049113 -1.371061773512106 -1.1339855280653608 -1.1549214927649636 -1.1286941189764061 -1.2162380062534117 -1.3684982718015952 -1.1320918075520958 -1.3253738798921904 -1.354683937499757 -1.319228476249257 -1.1870226371567139 -1.3938522317885313 -1.261299864172754 -1.3463175962192486 -1.1647079347140061 -1.3606640947048023 -1.3361871573930806 -1.3221265297929512 -1.10535347030541 -1.167983449231496 -1.1035960503544011 -1.3278300570763173 -1.3892386532703993 -1.3545215607949275 -1.158672065082792 -1.39718264469973
leaf_weight=0.31978871879714543 0.91301038151293834 41.201503581608343 0.90449181128443656 0.25277627594266761 0.84941223322895787 0.40456698246281364 0.61372991847046865 0.07293862591154876 0.31194311289997401 0.36046395849746554 0.20197462323999354 0.22924146785198884 0.48024764798353081 0.55422962121708419 0.48030520899275142 1.531405878395266 1.2545841397960646 11.415530393524024 0.35505929487121779 1.3963789394984261 0.29891222540125728 1.5518079748152507 0.108599128045339 0.9036051876146397 0.16939289492008286 0.30525905722836327 0.58319155602479655 0.98957395952969684 0.3242752088545815 0.12784235950228928
leaf_count=141 185 12880 220 51 163 87 217 187 261 486 227 74 143 82 96 156 134 2278 45 177 52 1033 43 249 16 128 340 292 234 92
internal_value=-1.34562 -1.35921 -1.2882 -1.3236 -1.31812 -1.32009 -1.27955 -1.25258 -1.3663 -1.21835 -1.2836 -1.279 -1.24593 -1.24041 -1.32794 -1.33383 -1.32793 -1.3379 -1.28483 -1.30139 -1.2199 -1.28082 -1.30795 -1.19983 -1.33203 -1.24781 -1.36028 -1.3674 -1.31425 -1.22611
internal_weight=69.466 45.3269 2.37173 24.1392 23.2569 23.0042 3.73237 2.88295 42.9551 0.882227 0.562439 2.26922 1.61309 1.46724 19.2718 17.1311 15.5997 12.6701 2.92957 2.57451 0.703479 2.14071 1.66041 1.13285 1.87103 0.474652 0.65613 42.6432 1.44169 0.452118
internal_count=20769 14246 487 6523 5669 5618 1373 1210 13759 854 713 993 466 267 4245 3073 2917 2412 505 460 139 1172 1076 323 321 144 527 13498 618 326
cat_boundaries=0 4
cat_threshold=2214723718 205848877 609255748 549465224
is_linear=0
shrinkage=1


Tree=1
num_leaves=31
num_cat=1
split_feature=22 7 13 17 3 7 9 15 6 9 2 19 2 21 8 11 7 2 2 20 2 21 2 0 10 9 5 6 0 8
split_gain=9.57256 4.8601 3.9202 3.13462 3.00855 2.7397 2.55951 2.27889 2.22313 2.14863 1.95723 2.05825 1.92998 3.63477 1.88995 2.11802 1.77015 2.17808 1.77535 1.65153 1.53562 1.44934 3.33715 1.78569 1.75605 2.2363 1.42169 1.98597 1.49929 1.40207
threshold=0 0.9850000000000001 0.10046838664385062 29.500000000000004 683646.10410000011 0.58500000000000008 -5.2021176346199125 2.5000000000000004 3.4404500000000007 1.467441286646787 -0.45339264834843612 7.5000000000000009 -0.20308429761305832 0.20238941829042814 0.8650000000000001 0.10533515731874149 2.0950000000000002 -0.28910324611774246 0.068608123497406096 0.12066779374471683 -0.0052424729631309055 0.2994252873563219 -0.17594324177969203 0.24398567157850334 1.0000000180025095e-35 -1.8993477012481494 137098669.86000004 10.105650000000002 0.91376669119815235 0.8650000000000001
decision_type=9 2 2 2 2 2 2 2 8 2 2 2 2 2 8 2 2 2 2 2 2 2 2 2 2 2 2 10 2 8
left_child=2 6 3 -1 14 -5 7 -2 -3 12 -8 21 13 -7 15 -4 17 -11 -18 -14 -13 23 -23 29 -25 -26 -19 28 -28 -12
right_child=1 8 4 5 -6 9 10 -9 -10 16 11 20 19 -15 -16 -17 18 26 -20 -21 -22 22 -24 24 25 -27 27 -29 -30 -31
leaf_value=0.17264051187551488 0.022778099470517385 -0.042726861514773895 0.18328190548799195 0.095110113153358627 0.022793622564206431 0.061193081682938133 0.12351518912150546 0.16078488597761906 -0.015869565795242381 0.17096540352234721 -0.054490010193515986 0.23023656541891502 -0.061732615506282555 -0.030480997871413219 0.16507099696627128 -0.013743010631140938 -0.016128119016578856 0.144773409879384 0.11066610451455466 -0.0010299285975802939 -0.02364830780907623 -0.062726031179783204 0.20878563668876909 0.16697111222139302 0.11137317321583516 -0.02899777438140055 -0.003947720997354155 0.094196918272548891 0.090023374738603723 0.0020628905451804051
leaf_weight=0.33547754058765633 0.65733267005263796 11.255735560467357 0.20894777947951815 1.1133633728489929 1.2220824881985821 3.1416486643967518 0.34132283846584499 0.54893663670684611 24.426030986397961 0.37706530660620607 2.31377503342758 0.16577689674331256 1.2948327572942062 1.64864944970766 1.0887809292322195 0.39288727023348802 1.9505054782897715 0.33145315452771518 0.32159083859748583 8.3220618544579512 0.092956322450837597 0.21340412693404642 0.24095383567121109 0.21570652943607771 0.40616782470027579 0.94129808115552138 2.207163816769464 1.0805427404765078 0.52552269666492568 2.082296296190044
leaf_count=674 113 2835 117 157 321 243 29 116 9550 72 195 98 44 281 395 76 529 124 387 2558 196 20 161 148 86 255 400 202 181 206
internal_value=-4.82869e-05 -0.0133223 0.0200981 0.0209388 0.0825622 0.0186581 0.0183041 0.0855808 -0.0243416 0.0146432 0.00673333 0.000759357 0.00371274 0.0296421 0.125767 0.054661 0.0378227 0.0559143 0.00181824 -0.00920303 0.139022 -0.00481835 0.0812613 -0.0113814 0.0345179 0.0133144 0.0454475 0.0368139 0.0141239 -0.0277025
internal_weight=69.4643 43.9017 25.5626 22.6499 2.9127 22.3144 8.21993 1.20627 35.6818 21.201 7.01366 6.67233 14.4072 4.7903 1.69062 0.601835 6.79384 4.52175 2.2721 9.61689 0.258733 6.4136 0.454358 5.95924 1.56317 1.34747 4.14468 3.81323 2.73269 4.39607
internal_count=20769 14008 6761 5852 909 5178 1623 229 12385 5021 1394 1365 3126 524 588 193 1895 979 916 2602 294 1071 181 890 489 341 907 783 581 401
cat_boundaries=0 4
cat_threshold=2214731782 206897453 609255684 549465224
is_linear=0
shrinkage=0.05


Tree=2
num_leaves=31
num_cat=1
split_feature=22 7 5 17 13 8 13 0 3 3 7 13 13 11 6 0 7 6 4 2 14 20 9 0 11 5 2 11 7 11
split_gain=8.73794 4.06723 3.35628 3.43404 2.97171 2.29963 2.19851 2.56484 2.11479 2.09993 1.76198 1.56136 1.49816 1.79166 2.53447 1.50803 1.56128 1.57457 1.75015 2.40389 1.5023 1.42563 1.46533 2.3765 1.3834 1.35301 1.64827 3.02377 2.46092 1.75377
threshold=0 0.62500000000000011 44652829.750000007 30.500000000000004 0.10004077065895546 3.4250000000000003 0.10053192994369477 0.74656399275275886 4542266.3331500003 690420.56655000011 1.1850000000000003 0.09962523057331997 0.10088107436733419 0.108189542104365 1.7598500000000004 0.79225687486807062 0.9850000000000001 3.4404500000000007 5.1692500000000008 -0.3233759427155653 0.174039250331293 0.18322386425834705 -0.67396803966967 0.266324670369468 0.080168776371308037 2069041161.4050002 -0.20308429761305832 0.10124150433774209 1.2050000000000003 0.096096331478052771
decision_type=9 2 2 2 2 8 2 2 2 2 2 2 2 2 10 2 2 8 2 2 2 2 2 2 2 2 2 2 2 2
left_child=2 4 -1 11 24 12 7 8 25 21 -9 -4 15 14 -14 16 -3 -18 19 -19 -15 -8 -23 -24 -2 26 27 29 -29 -5
right_child=1 5 3 6 -6 -7 9 10 -10 -11 -12 -13 13 20 -16 -17 17 18 -20 -21 -22 22 23 -25 -26 -27 -28 28 -30 -31
leaf_value=0.19369914753048376 0.12123813448305032 -0.00023309520476628745 -0.062785595672958577 0.021519486442641109 -0.025908317912695995 0.11022867032832731 0.17736378148659129 0.11347106055962773 -0.048269080222171107 0.0091587293446112727 0.028632821250966251 0.14594338864339418 0.1951920637928089 -0.029027745083946527 -0.043685513928289323 0.013178451372536416 -0.044578876549247234 0.18254308223369245 -0.023612427708335576 -0.0085820584239540837 0.15693398490600774 0.15899736419745919 -0.037156471350347969 0.16096269793761139 0.024178467654564467 0.07570256975524875 -0.0017664956809295832 0.15339497322053144 0.042841146330167924 -0.059330831060196154
leaf_weight=0.30113865817542773 1.0484302790942979 5.7093345378473037 0.1010952877379403 1.8754780099170987 0.90597518062284033 0.34241039726653966 0.46266664247518741 1.0522618244370117 1.422624716117286 0.94479274998578833 1.4627856587988699 0.7874888667288179 0.12834478360756818 0.15263664738356769 0.82351416067726124 2.8846311484135887 10.424933157504253 0.24535925779091883 20.952920625432618 0.49934394590626852 0.37648017483423996 0.32227665769438896 0.44990560750920744 0.2281092872882115 0.56494407377987466 0.87642478152809467 9.2611805197010373 0.59831676237717824 3.1721351836073031 1.0441546477254173
leaf_count=181 186 920 102 182 219 265 64 231 149 230 1047 710 46 34 352 2601 2327 29 6911 147 189 104 88 150 82 105 2675 66 284 93
internal_value=-8.59873e-05 -0.0124144 0.0197177 0.0257349 0.0465584 -0.0188252 0.0220361 0.0167919 0.0102686 0.0672639 0.064128 0.122196 -0.0198724 0.0295265 -0.0114762 -0.0216692 -0.0243263 -0.0286085 -0.0209353 0.0543884 0.103289 0.104789 0.0712206 0.0294981 0.0872514 0.0152174 0.0118941 0.0308046 0.0603845 -0.00739519
internal_weight=69.4221 45.0593 24.3628 24.0617 2.51935 42.5399 23.1731 20.7654 18.2503 2.40775 2.51505 0.888584 42.1975 1.48098 0.951859 40.7165 37.8319 32.1226 21.6976 0.744703 0.529117 1.46296 1.00029 0.678015 1.61337 16.8277 15.9513 6.69008 3.77045 2.91963
internal_count=20769 14308 6461 6280 487 13821 5468 4832 3554 636 1278 812 13556 621 398 12935 10334 9414 7087 176 223 406 342 238 268 3405 3300 625 350 275
cat_boundaries=0 4
cat_threshold=2214723590 206897517 609255684 549465224
is_linear=0
shrinkage=0.05


Tree=3
num_leaves=31
num_cat=2
split_feature=22 7 13 8 7 1 20 3 15 2 21 17 2 7 13 6 22 4 18 13 21 7 11 4 0 13 9 4 0 0
split_gain=7.70538 3.59485 2.27467 2.16778 1.97714 1.97452 2.6851 1.91549 2.23364 1.83991 3.89213 3.08409 2.34603 2.1287 1.76027 1.62226 1.81206 2.90791 1.69591 1.61556 1.60429 1.50857 1.49323 1.48455 1.48882 1.47469 1.4638 1.81021 1.55691 1.45958
threshold=0 0.94500000000000006 0.10049525592651477 3.4250000000000003 0.58500000000000008 0.031866854349164926 0.11451990632318503 926180.42720000015 6.5000000000000009 -0.21444087143222187 0.20238941829042814 86.500000000000014 0.32155716403020079 1.4850000000000001 0.10020876826722337 3.4404500000000007 1 6.3735500000000007 19.500000000000004 0.10038610038610053 0.18394199785177232 2.4150000000000005 0.11174108482276805 10.123600000000001 0.095520242879944137 0.10042826748835333 2.1678939692318826 10.708050000000002 0.79736491665968268 0.82273950565364951
decision_type=9 2 2 8 2 2 2 2 2 2 2 2 2 2 2 8 9 2 2 2 2 2 2 2 2 2 2 2 2 2
left_child=2 5 4 15 -1 23 -7 21 -9 10 11 13 -11 -6 -8 -3 17 19 -19 -17 -15 -4 -13 -2 -25 -20 27 -14 -29 -18
right_child=1 3 7 -5 9 6 14 8 -10 12 -12 22 26 20 -16 16 29 18 25 -21 -22 -23 -24 24 -26 -27 -28 28 -30 -31
leaf_value=0.08414931099104575 -0.013116324365573782 -0.038283769264103665 0.11537895290343957 0.10131701407891609 0.14897749771190036 0.20164918324603054 0.059241810208898786 -0.048535907393376682 0.13091623778129205 -0.0029001773381331993 -0.022629390399013107 -0.022579444004429419 -0.048112467272146547 0.020909399671228575 -0.030825415930356176 0.062384212412324405 -0.030308248957527123 -0.0041298079361133033 0.11697027474976243 0.20713342230153034 0.11021280747637446 0.0030337845972843616 0.085770848099046559 0.20914717127782578 0.026777352057893181 -0.060467328048086168 0.097829456546526791 0.022570672083290607 0.15559814082835693 0.019478657358933369
leaf_weight=1.1425243895542028 4.491825597270501 11.200901593102785 1.6135663448990354 0.35701346893119179 1.0709067418588332 0.26065821945667389 1.8968076946211703 0.58920885916885879 0.24571625051915058 11.827120854727328 1.862086028040977 1.1770176705557713 0.60940265262457827 1.097774310074886 0.75977716974431264 0.56195937088747894 18.134746184937516 3.3815296307173663 0.56992435515498363 0.29341363303687085 0.9280686931919383 0.36672214970426642 0.43569089614335288 0.14536978033515502 0.48623828267776059 0.14737857521680708 0.97343802624221809 0.79645101664742601 0.30386465536132612 1.6021549420822854
leaf_count=161 665 2923 382 257 47 4 449 140 37 4013 372 104 158 78 178 114 6087 1418 351 43 37 278 90 30 187 77 274 237 84 1494
internal_value=-0.000117211 -0.0118886 0.018188 -0.0212818 0.0200881 0.0156727 0.0485086 0.067794 0.00427638 0.0166163 0.0385655 0.0627616 0.00667579 0.0919609 0.0334828 -0.0225013 -0.0153417 0.00933655 0.0106829 0.112037 0.0618206 0.0945742 0.00669258 -0.00302383 0.0687513 0.0805136 0.0488858 0.0210195 0.0593077 -0.0174337
internal_weight=69.3293 44.2897 25.0396 36.249 22.2243 8.04068 2.91724 2.81521 0.834925 21.0818 6.57154 4.70946 14.5103 3.09675 2.65658 35.892 24.6911 4.95421 4.09883 0.855373 2.02584 1.98029 1.61271 5.12343 0.631608 0.717303 2.68316 1.70972 1.10032 19.7369
internal_count=20769 14277 6492 12764 5655 1513 631 837 177 5494 728 356 4766 162 627 12507 9584 2003 1846 157 115 660 194 882 217 428 753 479 321 7581
cat_boundaries=0 4 8
cat_threshold=2214723718 206897453 609255684 549464200 34111488 561152 402743297 3305264913
is_linear=0
shrinkage=0.05


Tree=4
num_leaves=31
num_cat=2
split_feature=22 7 5 0 17 6 7 22 4 13 19 9 15 15 2 21 2 0 1 21 0 9 3 7 2 0 14 8 11 8
split_gain=6.96234 2.7878 2.58869 2.70009 2.18577 2.0481 2.027 1.99568 2.75382 1.92017 1.85066 1.73088 2.26453 1.71331 1.63885 1.617 1.51075 1.41267 1.41024 1.40185 1.73557 2.22393 1.38315 1.36376 2.03239 3.32828 1.82291 1.98986 1.66352 1.32613
threshold=0 0.9850000000000001 510061927.22000009 0.62634989633990801 34.500000000000007 3.4404500000000007 0.58500000000000008 1 6.3735500000000007 0.10046838664385062 7.5000000000000009 -5.2021176346199125 2.5000000000000004 3.5000000000000004 -0.45339264834843612 0.17445652173913045 -0.47634589083675244 0.24398567157850334 0.0022839744459165483 0.25304922317409617 0.25902617575720932 -0.61960821836575797 926180.42720000015 1.8650000000000004 -0.15268340980216569 0.11263830291909237 0.653950103950104 0.90500000000000014 0.10124150433774209 0.69500000000000006
decision_type=9 2 2 2 2 8 2 9 2 2 2 2 2 2 2 2 2 2 2 2 2 2 2 2 2 2 2 10 2 10
left_child=2 10 4 13 -1 -3 22 8 -7 23 11 12 -2 -4 -13 18 -9 -16 -5 20 21 -11 -6 24 25 28 -25 -28 -8 -26
right_child=1 5 3 15 6 7 9 16 -10 19 -12 14 -14 -15 17 -17 -18 -19 -20 -21 -22 -23 -24 26 29 -27 27 -29 -30 -31
leaf_value=0.11938718850053216 -0.0029550608277426941 -0.039161335563698246 0.0098973427980850858 0.036604299772613445 0.14144483767602201 0.10216375856443911 -0.010757859866316459 0.076960016860710967 0.010234107710756864 0.097369463834355519 0.12627766876724422 0.096550366139000865 0.12743425716492526 -0.038861785311586308 -0.022914388216057527 0.012835929749398662 -0.027318060064078123 0.029484324163680204 0.14067906652593964 0.16519995736963045 0.11626329864798374 -0.043382517131238224 0.028425774498705182 -0.01388137897177898 -0.055554950137244222 0.14478883202162099 -0.063897523078124338 0.20819756753185636 0.065390012214681187 0.0199579073078886
leaf_weight=0.754698092590952 0.70572514819908405 10.42187197422124 3.8870392375693061 0.69689155698092808 0.68053475151655041 0.9692699848596299 1.2797831164594111 0.35428744324699835 5.1063016574904241 0.48303163173921726 0.33466020422319154 0.38700945022757771 0.63048065559276356 3.3580820523609667 4.9429779678581856 1.8827128984483432 17.697110206644606 1.7387639488466797 0.61075828977696889 0.32807227895355273 0.68105550901429834 0.66978950027123474 0.44952821823249633 3.7902502195003573 0.72946353640952333 0.84200455590716261 0.10242563208378386 0.19533449683953319 1.6316193064958719 2.8646759298628384
leaf_count=802 100 2888 877 99 110 173 134 51 2268 58 351 26 106 404 470 875 7251 631 108 225 132 78 45 1222 184 114 43 103 198 643
internal_value=-0.0001459 -0.0115813 0.0169012 0.00417487 0.0363956 -0.0206385 0.0321428 -0.0126374 0.00941072 0.0267952 0.0109715 0.00638031 0.0585684 -0.0127023 -0.00348479 0.0425019 -0.0162625 -0.00927887 0.085214 0.0700084 0.0529791 0.0155925 0.0964869 0.0186256 0.031505 0.0572378 -0.0045231 0.1146 0.0319172 0.00463188
internal_weight=69.2062 43.2885 25.9178 10.4355 15.4823 34.5488 14.7276 24.127 6.07557 13.5975 8.73962 8.40496 1.33621 7.24512 7.06875 3.19036 18.0514 6.68174 1.30765 2.16195 1.83388 1.15282 1.13006 11.4356 7.34755 3.75341 4.08801 0.29776 2.9114 3.59414
internal_count=20769 14315 6454 2363 4091 12631 3289 9743 2441 3134 1684 1333 206 1281 1127 1082 7302 1101 207 493 268 136 155 2641 1273 446 1368 146 332 827
cat_boundaries=0 4 8
cat_threshold=2214731778 205848877 2756739396 549464200 33587204 1605632 268525569 3305789201
is_linear=0
shrinkage=0.05


Tree=5
num_leaves=31
num_cat=1
split_feature=22 7 13 7 10 2 8 7 4 0 9 13 2 13 19 21 13 13 9 1 4 9 15 0 18 7 7 9 7 2
split_gain=6.66778 3.57991 3.07851 2.1168 1.88449 3.32354 1.86097 1.69766 1.88703 1.65067 1.44098 1.42494 1.55849 1.64859 1.54534 1.42423 1.37851 2.05284 1.36045 1.33102 1.31037 1.21193 1.86388 2.61611 1.58669 1.82792 1.56933 1.65044 1.26269 1.22461
threshold=0 0.62500000000000011 0.10004077065895546 1.1150000000000004 0.091180048747120476 -0.1382733645205094 3.4250000000000003 0.31500000000000006 10.788650000000002 0.79225687486807062 -2.2506010134247183 0.10088107436733419 -0.41893116896806148 0.10012380097738029 5.5000000000000009 0.17673086933888602 0.10018066862078191 0.099966825006365792 2.2071209359208037 0.099911174290084573 9.2579000000000011 1.8908731456987684 2.5000000000000004 0.26274648409673512 15.500000000000002 2.4350000000000005 1.5950000000000004 2.4339697564849665 2.2550000000000003 -0.28209439348842857
decision_type=9 2 2 2 2 2 8 2 2 2 2 2 2 2 2 2 2 2 2 2 2 2 2 2 2 2 2 2 2 2
left_child=3 2 10 4 7 -6 9 -1 -9 11 -2 12 13 15 -13 -3 17 -7 -16 -12 -11 29 26 -24 25 -25 -23 -28 -29 -5
right_child=1 6 -4 21 5 16 -8 8 -10 20 19 14 -14 -15 18 -17 -18 -19 -20 -21 -22 22 23 24 -26 -27 27 28 -30 -31
leaf_value=0.13287785181319964 0.11219096233494248 0.075192580971082834 -0.027773205364148665 0.045803287519961405 0.14559587959140183 -0.011718270240424959 0.094409107333121314 -0.0066398534061376767 0.086820769890060712 -0.031938041991887454 -0.013095997423073272 -0.0095140985870179225 -0.02406910442687445 0.085033375003839409 0.14665834402275441 -0.059771195557983228 -0.040511761165626776 0.1051378123459553 -0.049216487675079378 0.12340353414919276 0.038210946543308526 0.10939858225112349 -0.058840538871049876 0.11777563022136753 -0.03807179877037084 -0.045750745515774016 0.1386726514704088 -0.03055521013688875 0.065084951906362057 -0.0011631787840980313
leaf_weight=0.3273450826444021 1.1561285465901761 0.28411633636115041 1.1163231084858787 1.644769882340088 1.1442206435306164 0.60886420820252352 0.37523789128076046 2.525017459227807 0.68703869193494682 0.94926665190891579 0.61082305568136119 0.89853557331161027 36.937724642621042 0.68456096842147107 0.37729977340127291 0.62651992078622343 0.42973734585067558 0.98196427266886954 0.11587197713907632 0.25238438814700992 2.2287240605279215 1.1109301004811507 0.99368169955796104 0.76672103358224675 0.38753593167904177 0.21990656254472529 0.30452591464062351 0.80754545101779529 0.60265552364316655 8.8875974091046377
leaf_count=50 99 115 232 275 105 98 278 401 93 915 130 268 10415 86 197 56 72 109 65 48 1930 165 142 132 410 95 145 176 320 3147
internal_value=-0.000169906 -0.0104874 0.0388592 0.0179463 0.0494723 0.0775064 -0.0164585 0.0244054 0.0133508 -0.0174237 0.0756947 -0.0201843 -0.0219794 0.0264081 0.0295196 -0.0176628 0.0389482 0.060413 0.100637 0.0268137 0.0172574 0.0159182 0.035685 0.00296354 0.0476552 0.0813277 0.0631049 0.0331123 0.010317 0.00617126
internal_weight=69.0436 46.6135 3.13566 22.4301 6.70419 3.16479 43.4779 3.5394 3.21206 43.1026 2.01934 39.9246 38.5329 1.5952 1.39171 0.910636 2.02057 1.59083 0.493172 0.863207 3.17799 15.7259 5.1935 2.36785 1.37416 0.986628 2.82566 1.71473 1.4102 10.5324
internal_count=20769 14834 509 5935 928 384 14325 544 494 14047 277 11202 10672 257 530 171 279 207 262 178 2845 5007 1585 779 637 227 806 641 496 3422
cat_boundaries=0 4
cat_threshold=2214723714 207946093 2689630468 549465224
is_linear=0
shrinkage=0.05


Tree=6
num_leaves=31
num_cat=1
split_feature=22 7 13 9 4 2 13 0 2 0 13 0 4 8 7 19 4 2 21 19 1 6 9 17 14 13 5 10 15 13
split_gain=5.97514 3.52834 2.61743 1.78432 1.64033 1.57496 1.42898 1.50724 1.44912 1.48285 2.48396 1.2193 1.20622 1.33822 1.17685 1.79912 1.53821 1.81683 1.51588 1.46996 1.35972 1.33597 1.32094 2.42704 1.28816 1.27499 1.22172 1.18486 1.13867 1.12859
threshold=0 0.62500000000000011 0.10004077065895546 -6.5192726992069732 2.5607500000000005 -0.31583538537984068 0.10088107436733419 0.49906311654416585 -0.40662764941202961 0.083673118987047032 0.099958948923934324 0.027739501974190794 9.1365500000000015 4.0950000000000006 2.4350000000000005 5.5000000000000009 9.6010500000000025 0.070235581878136291 0.19017480409885476 4.5000000000000009 -0.0097890690060347101 3.8431000000000002 1.8908731456987684 86.500000000000014 0.30583900226757377 0.10033557424861773 133363481.78000002 0.077512246159699413 2.5000000000000004 0.099999999999999992
decision_type=9 2 2 2 2 2 2 2 2 2 2 2 2 8 2 2 2 2 2 2 2 10 2 2 2 2 2 2 2 2
left_child=3 2 -2 5 28 -1 7 8 9 10 -3 -12 13 -9 15 19 21 -18 20 24 -16 22 23 -17 -6 -21 -25 -22 -5 -26
right_child=1 6 -4 4 14 -7 -8 12 -10 -11 11 -13 -14 -15 18 16 17 -19 -20 25 27 -23 -24 26 29 -27 -28 -29 -30 -31
leaf_value=0.073541067639335281 0.073160052716643359 -0.049574714554357469 -0.02455721538235861 0.11586239846330296 -0.0035551641417654618 -0.049929531679865975 0.031403391282472597 -0.038138771238192599 -0.025439586731165909 -0.054019734591473939 0.024295803369255985 0.13280197129777288 0.016815277564559753 0.1607365513261437 0.13736633849055443 -0.040517549584904014 0.13128493821204976 0.032363600487084525 -0.034050568580103864 -0.019443538183284037 0.081691715207883042 -0.026817732497337578 0.13934389986823081 0.17492987160358675 0.015115980663313067 0.085446533404442762 0.042103860206011146 -0.0091156110184912927 0.0099541953313701526 0.054974880669690342
leaf_weight=0.31817952883685885 1.9800920484532241 0.49910634626825245 1.0479833848695512 0.83162883591838233 2.2618927407743392 1.3718262340733756 1.4967115890662217 1.9197977244829676 31.170673364285268 0.53759702659981323 0.45663997397400324 0.59790226742735908 4.7707730926673539 0.088486282036009611 0.24886752336314 0.62476834672653792 1.1238653623222177 0.7907606370573913 1.8611544001039773 2.9612880309304295 0.47636182911179159 0.71666625745840873 0.36174356914501582 0.2834718430746126 2.9020983384300516 0.32113851385100867 0.44470517154931466 1.4608371803511782 0.3652624518551344 4.5764742864365351
leaf_count=97 260 95 221 133 314 155 640 1797 7231 64 94 41 3824 13 38 218 301 574 1795 529 151 396 188 75 381 102 61 386 97 498
internal_value=-0.000188627 -0.0104259 0.0393412 0.0162059 0.0265779 -0.0266836 -0.0165639 -0.0183569 -0.0227364 0.0175556 0.0423223 0.0858164 0.00313113 -0.0293762 0.0233943 0.0290522 0.0569085 0.0904294 -0.00088677 0.019756 0.0273479 0.0305117 0.054473 0.0317806 0.0295076 -0.00918154 0.0938117 0.0132141 0.0835418 0.0395074
internal_weight=68.8688 44.5658 3.02808 24.303 22.613 1.69001 41.5377 40.041 33.2619 2.09125 1.55365 1.05454 6.77906 2.00828 21.4161 17.3689 4.34598 1.91463 4.04722 13.0229 2.18607 2.43136 1.71469 1.35295 9.74047 3.28243 0.728177 1.9372 1.19689 7.47857
internal_count=20769 14280 481 6489 6237 252 13799 13159 7525 294 230 135 5634 1810 6007 3637 1813 875 2370 1824 575 938 542 354 1193 631 136 537 230 879
cat_boundaries=0 4
cat_threshold=2214723622 205848941 542146884 549465224
is_linear=0
shrinkage=0.05


Tree=7
num_leaves=31
num_cat=2
split_feature=22 7 17 3 7 0 17 9 6 0 3 1 6 19 7 21 5 13 15 6 11 22 6 2 9 4 9 13 6 17
split_gain=5.33447 3.11218 2.19104 1.6949 1.8891 1.78137 1.63828 1.63381 1.59324 1.52603 1.658 2.01151 1.50515 1.48142 1.54412 1.3726 1.32254 1.76635 1.2924 1.84223 1.45152 1.2786 1.51884 1.41421 1.72375 1.39472 1.33268 1.59032 1.51838 1.88394
threshold=0 0.9850000000000001 30.500000000000004 340339.33830000006 0.58500000000000008 0.023207966599553136 62.500000000000007 -5.2021176346199125 3.0264000000000002 0.62634989633990801 4542266.3331500003 -0.020143417429798912 3.4404500000000007 5.5000000000000009 1.8650000000000004 0.15590277777777781 230559901.50000003 0.099999261349367 4.5000000000000009 2.7636000000000007 0.097069597069597044 1 12.235150000000003 -0.30128940476819394 0.21750958035673398 12.825950000000001 -2.8720626631853703 0.099381821495445291 4.3705000000000007 104.50000000000001
decision_type=9 2 2 2 2 2 2 2 8 2 2 2 8 2 2 2 2 2 2 8 2 9 8 2 2 2 2 2 10 2
left_child=2 7 -1 5 -5 -4 -7 8 -2 10 11 -6 -3 -13 16 -11 -15 -18 19 -8 -20 23 -23 24 -14 -24 -25 -28 29 -29
right_child=1 12 3 4 9 6 18 -9 -10 15 -12 13 21 14 -16 -17 17 -19 20 -21 -22 22 25 26 -26 -27 27 28 -30 -31
leaf_value=0.091163593253276887 0.11169984250153769 -0.037065220968524978 -0.018062940086527628 0.064339086209938279 0.11795870159636637 0.00043600304547865981 -0.013508674674900809 0.0040854415724727805 0.0021121860794620119 0.074322068027863494 -0.048755308124579504 -0.0069924566587282111 0.10745029902497068 0.10334394086101113 -0.013637807689615714 0.012898055670344419 0.086750681699226936 -0.015706936369738123 0.12216754403067583 0.11859178961734787 -0.041963360186542314 -0.031811283968313418 0.22185169958257447 -0.040232735849999167 -0.020179888940204397 0.0080761514298208371 0.13512073125825624 0.013539155373380143 -0.004508792327515357 0.16569945842019176
leaf_weight=1.015434915209769 0.76401260819663119 9.5683035732014208 0.90086132619184578 1.5339982839967721 0.38633278969937634 0.85279756718273203 0.31057766536846354 7.0467119902824109 0.58608979742033229 1.4128915879182327 1.5619108960387347 11.059388451030811 0.79062559073616556 0.83489200782956441 1.3993170222067237 2.5528278607496251 0.71824893550459612 1.0152749696108558 0.20644398483820647 1.756840243502287 0.3876369771553031 13.970445239735854 0.0800339974490899 1.2786390730003079 0.39758454789062048 1.6342044440927501 0.27018734241945708 0.5584814108694417 3.5247515294437979 0.31997425273375835
leaf_count=878 95 2784 182 144 38 660 62 1394 128 210 149 1395 107 182 674 1456 112 186 98 375 113 5358 19 277 41 1238 186 255 1931 42
internal_value=-0.00020396 -0.0107514 0.0140363 0.0163436 0.0107799 0.0446655 0.0607454 0.0137394 0.064127 0.00685649 0.000332642 0.00530693 -0.0204188 0.00241076 0.0286207 0.034782 0.0516438 0.0267442 0.0800697 0.098747 0.0150724 -0.0134406 -0.0160977 0.00622413 0.0647442 0.0180569 0.00499885 0.0173742 0.0101491 0.068963
internal_weight=68.6957 40.79 27.9057 26.8902 22.4751 4.41516 3.5143 8.39681 1.3501 20.9411 16.9754 15.4135 32.3932 15.0271 3.96773 3.96572 2.56842 1.73352 2.6615 2.06742 0.594081 22.8249 15.6847 7.14024 1.18821 1.71424 5.95203 4.67339 4.40321 0.878456
internal_count=20769 13855 6914 6036 4546 1490 1308 1617 223 4402 2736 2587 12238 2549 1154 1666 480 298 648 437 211 9454 6615 2839 148 1257 2691 2414 2228 297
cat_boundaries=0 4 8
cat_threshold=2214731782 205848877 2756739333 549464200 42500128 1605632 268525568 3305789201
is_linear=0
shrinkage=0.05


Tree=8
num_leaves=31
num_cat=1
split_feature=22 7 13 8 18 7 20 18 2 0 4 2 11 13 19 4 8 0 9 8 9 1 2 2 6 15 18 8 18 5
split_gain=5.13927 2.99173 1.94209 1.71081 1.55894 1.55372 1.93612 1.81379 1.52696 1.43052 1.42238 1.41771 2.15664 1.61168 1.83018 1.30112 1.28352 1.26081 1.24996 1.47161 1.07018 1.12004 2.61439 1.5128 1.0339 1.27663 0.994341 0.960885 0.967364 1.56457
threshold=0 0.62500000000000011 0.10004077065895546 1.0850000000000002 5.5000000000000009 1.1150000000000004 0.40628991060025549 9.5000000000000018 -0.22316887670978378 0.79225687486807062 10.201500000000001 -0.41893116896806148 0.11230426990693367 0.10088107436733419 6.5000000000000009 5.6880000000000006 0.90500000000000014 0.10991938042429683 -0.76957686666261893 1.1250000000000002 -4.773385940825869 0.010594083682123891 -0.1382733645205094 0.070235581878136291 16.708600000000004 17.500000000000004 14.500000000000002 3.4250000000000003 25.500000000000004 95545479.860000014
decision_type=9 2 2 10 2 2 2 2 2 2 2 2 2 2 2 2 10 2 2 8 2 2 2 2 10 2 2 8 2 2
left_child=4 2 18 -4 8 6 7 15 -1 11 -11 12 16 27 17 -6 -3 -15 -2 -20 -9 22 -22 -23 25 -7 -24 28 -13 -30
right_child=1 9 3 -5 5 24 -8 20 -10 10 -12 13 -14 14 -16 -17 -18 -19 19 -21 21 23 26 -25 -26 -27 -28 -29 29 -31
leaf_value=0.049025869083195936 0.086827603004341863 0.046184017286173835 -0.052685191989379071 0.066109566473801298 0.050998845188740663 0.018459964116980098 0.12847798430029098 0.12814473946279833 -0.05279435980386385 -0.028079885640059393 0.04098849545905895 -0.023566599251996573 0.14721592040191542 0.047527069285444368 0.16981496354875159 -0.050178523058594951 -0.04596999419236128 -0.054342237531396977 -0.061757842407427724 0.090758554536211178 0.1512287182331512 -0.030842140787038837 0.0700162567073912 0.069368088903662611 0.090256325272873028 -0.061005370633026225 -0.01754134439627289 0.071028327935151056 0.27538174264208998 0.012607797440829292
leaf_weight=0.52575121253622703 1.5310422709841045 0.77384916754166289 0.92326718917202744 0.45117828771934687 0.51156263960039206 13.393543739563674 0.66844474151799804 0.44696524827443429 1.2288398684897466 1.1465050560414329 2.1307259486751282 35.294372605503625 0.30360394014871039 0.8064999184848477 0.20542654267742011 0.83871931108112152 0.73836365354799194 0.48724713048878876 0.36763625334522898 0.27757695805767901 0.6688117235226535 0.84553382221067652 0.70335696349475485 0.67909291487011769 0.47789596279814439 0.52523735273506211 0.6016006637101482 0.27706642454528108 0.06255863313828125 0.59936447532622428
leaf_count=124 137 43 169 80 69 3670 66 50 593 1116 1870 9770 129 126 167 100 117 246 76 76 59 115 78 144 211 190 89 165 86 838
internal_value=-0.000219927 -0.00926497 0.0328413 -0.0136894 0.015795 0.026834 0.0482935 0.0381721 -0.0222846 -0.0149194 0.0168256 -0.01755 0.025604 -0.0196268 0.0311752 -0.0118469 0.00118825 0.00916136 0.0622284 0.00385619 0.0552909 0.0459829 0.0708477 0.0137931 0.0179441 0.0154613 0.0296512 -0.0217287 -0.0224435 0.0374427
internal_weight=68.4916 46.3763 3.5507 1.37445 22.1154 20.3608 5.96409 5.29564 1.75459 42.8256 3.27723 39.5484 1.81582 37.7325 1.49917 1.35028 1.51221 1.29375 2.17626 0.645213 3.94536 3.4984 1.97377 1.52463 14.3967 13.9188 1.30496 36.2334 35.9563 0.661923
internal_count=20769 15211 538 249 5558 4841 770 704 717 14673 2986 11687 289 11398 539 169 160 372 289 152 535 485 226 259 4071 3860 167 10859 10694 924
cat_boundaries=0 4
cat_threshold=2348949634 207946092 2689630276 549464200
is_linear=0
shrinkage=0.05


Tree=9
num_leaves=31
num_cat=1
split_feature=22 7 9 9 10 6 13 2 4 2 18 14 0 2 13 11 20 8 8 13 13 18 4 3 5 7 7 19 16 4
split_gain=4.52744 3.35068 1.65873 1.54928 2.18755 1.44823 1.36949 1.96052 1.5098 1.42853 1.45858 2.48128 1.36187 1.26073 1.18656 1.87621 1.14525 1.37532 1.18294 1.28919 1.8688 1.25374 1.34719 1.1542 1.13339 1.12846 1.0719 1.08669 1.02695 1.35071
threshold=0 0.9850000000000001 -6.5192726992069732 -0.80290505674442392 0.019332747510251828 1.7598500000000004 0.10034168609244211 -0.30128940476819394 10.201500000000001 -0.47634589083675244 19.500000000000004 0.909552711439504 0.79225687486807062 -0.29481535311860219 0.10001661423892995 0.10975998879325105 0.44174208144796384 1.2150000000000001 2.1250000000000004 0.09956941702123713 0.099999999999999992 17.500000000000004 9.9314000000000018 1609144.439 359889851.42500007 0.58500000000000008 1.6050000000000002 5.5000000000000009 1.5000000000000002 3.8075500000000004
decision_type=9 2 2 2 2 8 2 2 2 2 2 2 2 2 2 2 2 8 10 2 2 2 2 2 2 2 2 2 2 2
left_child=2 3 13 4 -2 -6 8 -8 -3 -10 12 -12 -11 -1 15 -7 17 25 19 -19 26 -22 -23 24 -18 -4 27 -21 -5 -30
right_child=1 6 16 28 5 14 7 -9 9 10 11 -13 -14 -15 -16 -17 23 18 -20 20 21 22 -24 -25 -26 -27 -28 -29 29 -31
leaf_value=0.060674665524905427 0.10094090867224431 -0.03160746915041656 0.073170569016164852 -0.029202968710091998 0.066063973073691828 -0.0003245789607963225 0.067333825144676326 -0.0099584173372494963 0.13062928184657061 -0.025046146988330981 0.012976117667105906 0.22400365839778993 0.02752701753059782 -0.045466300949984807 -0.029689078817751131 0.1196133250233922 0.072204179816311317 0.14339326372739827 -0.012790545964291475 0.0039237870638357264 0.079899129327252488 -0.052671991187387995 0.095383849962577982 0.14662481625738152 -0.062213235086803056 0.0094210311813106382 -0.037611795788759492 0.12492768959452812 0.080799719267071954 -0.01569033948937153
leaf_weight=0.34329181450234592 0.9581382734979752 18.307794231539841 0.72934313369130954 2.4007400771695799 1.153218605135375 1.2951823790685622 1.0112576869174459 4.3475576110182947 0.18273126751542434 7.9259541912282803 0.98114658599164239 0.16234412540107179 1.4584964159024023 1.5118874750590479 1.6178002203251289 0.43577670309660854 0.63744475830020431 0.33919685800459021 0.90293741390277649 0.61925659370437969 2.6835846629237272 0.41020726556560683 0.24565593731440061 0.35444275684694149 0.20799149197170186 14.398362031403282 0.88712437740666539 0.26492027495503356 0.61065376560120221 0.89318928248117857
leaf_count=112 107 4928 114 532 85 239 156 2113 31 3406 912 148 946 156 268 59 175 273 475 86 614 167 142 38 93 3570 372 97 147 208
internal_value=-0.000231751 -0.00925669 0.0139464 0.0151412 0.032339 0.0177388 -0.0185956 0.00462734 -0.0228841 -0.00797329 -0.010379 0.0429362 -0.0168754 -0.0258254 0.00109692 0.0298703 0.0233487 0.0206933 0.0402164 0.0489985 0.0427336 0.0647536 0.00278286 0.0708875 0.0391352 0.0124946 0.00121909 0.0401794 -0.00890813 0.0234906
internal_weight=68.2776 43.742 24.5356 9.3647 5.46012 4.50198 34.3773 5.35882 29.0185 10.7107 10.5279 1.14349 9.38445 1.85518 3.34876 1.73096 22.6805 21.4806 6.35288 5.44995 5.11075 3.33945 0.655863 1.19988 0.845436 15.1277 1.7713 0.884177 3.90458 1.50384
internal_count=20769 14285 6484 1645 758 651 12640 2269 10371 5443 5412 1060 4352 268 566 298 6216 5910 2226 1751 1478 923 309 306 268 3684 555 183 887 355
cat_boundaries=0 4
cat_threshold=2348949542 139788588 542146565 549465224
is_linear=0
shrinkage=0.05


Tree=10
num_leaves=31
num_cat=2
split_feature=22 5 20 7 6 22 4 0 20 7 15 19 15 2 3 7 5 5 1 9 14 0 15 0 18 8 10 2 14 5
split_gain=4.19854 1.87075 1.73345 1.70252 1.83269 1.74113 1.67141 1.57045 1.55118 1.54689 1.44799 1.40848 1.32659 1.55147 1.6184 1.80847 1.47225 1.29499 1.24765 1.1744 1.09643 1.06999 1.04211 1.02591 1.29438 1.12238 1.38782 1.11021 1.47804 1.10753
threshold=0 510061927.22000009 0.32779310344827589 0.9850000000000001 3.4404500000000007 1 5.1692500000000008 0.62634989633990801 0.26953601953601958 1.7550000000000001 3.5000000000000004 7.5000000000000009 1.5000000000000002 -0.45339264834843612 789068.8716500001 0.90500000000000014 121970876.24000002 65113160.000000007 -0.015472527592107486 4.3665880200792548 0.37375130397314954 0.048170194824599173 5.5000000000000009 0.49906311654416585 19.500000000000004 1.1650000000000003 0.11565968356094573 -0.40662764941202961 0.66332322637198426 87850716.580000013
decision_type=9 2 2 2 8 9 2 2 2 2 2 2 2 2 2 2 2 2 2 2 2 2 2 2 2 10 2 2 2 2
left_child=1 2 8 11 -5 6 -6 10 17 19 -3 12 20 -14 15 -15 -17 -1 -11 -8 21 -2 -4 27 -25 -26 -27 28 -7 -29
right_child=3 7 22 4 5 23 9 -9 -10 18 -12 -13 13 14 -16 16 -18 -19 -20 -21 -22 -23 -24 24 25 26 -28 29 -30 -31
leaf_value=0.098351628155313231 0.04282083171833679 0.0079796899993503853 -0.013340116264452851 -0.03549652231876612 0.13734843188280668 0.10397309245676643 -0.018273168243530025 0.028565639006382787 0.07514022337257828 0.21864594254251613 -0.037208877428888336 0.10420049205071964 0.12766276338188351 -0.033200125550412109 0.040957235896874902 0.16504034727787673 -0.003846710525175958 0.024338109678973336 0.036293983398107514 0.065208657815843757 -0.059635951960072091 -0.038686673861773463 0.047125866056477311 -0.0089435875966332404 -0.035852670356437896 0.21661455718227218 -0.061999521927725246 0.059857332358122566 -0.029251760685517166 -0.035670323132221841
leaf_weight=0.63174926471730053 0.82312188521768215 3.9615029898328871 3.1989235615923928 9.5103831466122788 0.29799166036124791 0.35444610215238803 2.9993966237972156 3.5127242729723296 2.2512560811997444 0.096827084572513544 3.2085714073059783 0.36264210999836066 0.30317293229832998 2.3276163752867749 2.4761291747951435 0.22814669618188871 0.29706187738437956 9.1616994613411489 3.0025117738343896 0.49011959032276298 1.2370269629831379 0.7882216163925394 0.91680255354152862 2.931818654709649 0.11866465105611229 0.18999317490542739 0.058444747668747965 0.31163145485512345 0.50453183881925234 11.506648220894878
leaf_count=191 45 949 1079 2890 51 70 719 1116 949 46 406 338 21 454 254 56 60 1754 1802 91 182 244 138 2359 377 510 20 180 62 3356
internal_value=-0.000242587 0.0126854 0.028143 -0.00944774 -0.0170511 -0.00937835 0.00877749 0.00117642 0.0377155 0.0162844 -0.012242 0.00770339 0.00357699 0.0176404 0.011381 -0.0142899 0.0695166 0.0291125 0.0419909 -0.00654774 -0.0242308 0.00294977 0.000129042 -0.0139605 0.00213898 0.0906485 0.151071 -0.0291623 0.0257217 -0.0331514
internal_weight=68.0598 26.8432 16.1604 41.2165 32.3734 22.863 6.88685 10.6828 12.0447 6.58886 7.17007 8.84314 8.4805 5.63213 5.32895 2.85282 0.525209 9.79345 3.09934 3.48952 2.84837 1.61134 4.11573 15.9762 3.29892 0.367103 0.248438 12.6773 0.858978 11.8183
internal_count=20769 6582 4111 14187 12533 9643 2709 2471 2894 2658 1355 1654 1316 845 824 570 116 1945 1848 810 471 289 1217 6934 3266 907 530 3668 132 3536
cat_boundaries=0 4 8
cat_threshold=2348949506 208994605 609255684 549464200 42516484 557056 268525569 3305789201
is_linear=0
shrinkage=0.05


Tree=11
num_leaves=31
num_cat=1
split_feature=22 7 13 8 0 13 0 2 21 13 2 17 9 13 7 7 8 8 9 3 6 19 14 5 21 21 21 8 2 17
split_gain=3.91852 2.42208 1.50996 1.64074 1.08262 1.13108 1.35829 1.2293 1.36733 1.55 1.01143 2.2444 1.8342 1.28325 1.15282 1.3947 0.955688 1.48201 1.64779 1.54032 0.929309 0.899989 1.14057 1.38841 1.47488 1.36984 1.16036 1.0873 1.27155 1.13292
threshold=0 0.62500000000000011 0.10004077065895546 1.0850000000000002 0.79225687486807062 0.10088107436733419 0.10991938042429683 -0.41893116896806148 0.14017543859649126 0.10012380097738029 -0.34583762226585762 88.500000000000014 -6.5192726992069732 0.10043668122270745 2.4350000000000005 2.3150000000000004 1.9450000000000001 1.3650000000000004 3.2867911041798652 668562.30210000009 2.5291500000000005 5.5000000000000009 0.93120351588911443 344638357.2050001 0.16247642991829042 0.18469785575048733 0.19204425711275028 0.7350000000000001 -0.31583538537984068 91.500000000000014
decision_type=9 2 2 10 2 2 2 2 2 2 2 2 2 2 2 2 10 8 2 2 10 2 2 2 2 2 2 8 2 2
left_child=10 2 20 -4 5 7 -7 8 -3 -10 11 -1 -12 -13 15 16 17 21 -19 -20 -2 22 23 25 -25 -14 -27 29 -29 -23
right_child=1 4 3 -5 -6 6 -8 -9 9 -11 12 13 14 -15 -16 -17 -18 18 19 -21 -22 27 -24 24 -26 26 -28 28 -30 -31
leaf_value=0.11715155247875589 0.074494335895606056 0.098007091729221479 -0.051390310353016645 0.066736366624249713 0.013691954615070301 0.059814077238908782 -0.037124673812304193 -0.020636874978189709 -0.054547974414694882 0.052383056163362779 -0.037062306620572839 -0.035795439723187369 -0.026231350935133881 0.096053151149613991 -0.0049989491143806975 0.09418918121293135 -0.039538992931627603 0.099025039922077215 0.092487723667675381 -0.032493100728939676 -0.0010191451678345006 -0.026212471351874728 -0.029629083539612511 0.073303429337902626 0.01286276529473954 0.077540650764820598 -0.0033489875373735956 -0.062801013620846918 0.068230833356104512 0.10382219091980321
leaf_weight=0.78903279153493766 1.6005218304304651 0.4433890914237667 0.89301682095049562 0.43820114648847408 3.2058126763515622 1.0042319222739267 0.56447714288286777 33.322660508595902 0.70470180133948823 0.65285866676500681 1.5487821179108419 0.64734986935433503 2.5186750723176754 0.25813269485617796 3.9679882488771403 0.69673812265745283 0.60822481803942352 1.2870329452486546 0.39565624684230427 0.65405791243792433 0.54656042398447846 0.89679658254857664 1.5180376957107888 1.7329896713188047 2.4171595559040844 0.76584078202177819 1.0528506752967532 0.20136823221302558 2.2985381626703498 0.20597315460211529
leaf_count=86 164 15 157 75 2811 163 375 10340 156 76 180 169 243 31 2284 205 226 343 94 139 101 293 155 138 381 44 381 25 867 52
internal_value=-0.000254216 -0.00868234 0.0293317 -0.0125062 -0.0141725 -0.016607 0.0249321 -0.0184623 0.021774 -0.00312422 0.0129475 0.0555077 0.0154668 0.00179163 0.0193011 0.0248908 0.021974 0.0243204 0.0611061 0.0146144 0.0552717 0.0180038 0.010288 0.0174274 0.0381011 -0.00235406 0.0307132 0.0394325 0.0576762 -0.00192485
internal_weight=67.8377 43.3764 3.4783 1.33122 39.8981 36.6923 1.56871 35.1236 1.80095 1.35756 24.4612 1.69452 22.7667 0.905483 21.2179 17.2499 16.5532 15.945 2.33675 1.04971 2.14708 13.6082 10.0056 8.48752 4.15015 4.33737 1.81869 3.60268 2.49991 1.10277
internal_count=20769 14433 497 232 13936 11125 538 10587 247 232 6336 286 6050 200 5870 3586 3381 3155 576 233 265 2579 1342 1187 519 668 425 1237 892 345
cat_boundaries=0 4
cat_threshold=2348949538 207946092 542146565 549465224
is_linear=0
shrinkage=0.05


Tree=12
num_leaves=31
num_cat=1
split_feature=22 7 11 20 1 18 4 13 5 2 21 21 2 7 17 14 8 20 0 21 3 0 1 7 17 21 21 2 11 9
split_gain=3.63916 2.19142 1.51727 1.85833 1.44201 1.11572 1.11027 1.21501 1.3558 1.2174 1.7059 1.17356 1.12901 1.51768 1.31532 1.26146 1.6739 1.4459 1.08568 1.27694 1.01783 1.30724 1.0929 1.36318 1.36474 1.23637 1.57976 1.10587 1.60651 1.32009
threshold=0 0.94500000000000006 0.09895962188685474 0.13437099432338404 0.1001478216787647 18.500000000000004 3.9333000000000005 0.10088107436733419 460711844.55500007 -0.41893116896806148 0.14017543859649126 0.34094447327452004 0.084445235130166565 1.9150000000000003 112.50000000000001 0.94129136029411775 1.175 0.3273531777956557 0.007502810257772074 0.17673086933888602 361951.09935000009 0.0099314617387497705 -0.010892772156863182 2.4550000000000005 30.500000000000004 0.14160401002506268 0.15849282296650721 -0.30865458543058349 0.10522302496246967 -6.2395851462394507
decision_type=9 2 2 2 2 2 2 2 2 2 2 2 2 2 2 2 8 2 2 2 2 2 2 2 2 2 2 2 2 2
left_child=20 2 3 -2 6 -5 -3 9 18 10 -8 -12 -11 15 -15 -14 17 -17 -9 -20 21 -1 25 24 -24 -22 -27 28 -26 -29
right_child=1 4 -4 5 -6 -7 7 8 -10 12 11 -13 13 14 -16 16 -18 -19 19 -21 22 -23 23 -25 27 26 -28 29 -30 -31
leaf_value=-0.050491353999472424 0.10495934944473073 -0.050025723754224573 -0.016211276293559666 0.025567627241175801 0.091049753298565891 -0.044413627984914293 0.11931929609912512 -0.064147497008287743 -0.051534478109839667 -0.023433463123432797 -0.053460296395551027 0.062952393161713763 -0.02366180770438241 0.027970558950103187 0.19204892229762108 0.035811561002331557 -0.050902961546338325 0.19721939981540085 0.012194646808751071 0.14404909238359095 -0.026214668311879203 0.048366927260979554 0.095925586275908289 -0.026227539375802751 0.0022634310548946368 0.1688722495502889 0.043801736349745934 -0.050549803029579177 0.10031289571984953 0.011569350697141351
leaf_weight=0.36450767293872388 0.67626622809222414 2.297365990160805 3.1029657547800262 4.595188749656363 0.31494722183129553 0.65012969819756428 0.3879415977447449 0.13442776282214652 0.33179628295860775 23.098958118700935 0.53282663454639534 0.36465771848648065 4.8385301793337634 1.5258235673100009 0.1327717690476703 0.45501026018606194 0.34626634267447176 0.19961917361538151 0.31111870922584733 0.44806534816375648 0.43514555468190086 4.0489846986478746 0.50326630946845163 2.3281205714413575 0.85525055799116489 0.3163438595294189 1.2505391806608728 0.92742996781773257 0.8166997743911093 10.988991425228853
leaf_count=109 25 821 494 843 145 213 13 25 146 6861 179 18 2125 1959 351 154 131 61 91 264 38 1500 224 1494 62 19 216 80 46 2062
internal_value=-0.000260355 -0.00809482 0.0121104 0.0269512 -0.0154658 0.0168938 -0.0164133 -0.0140809 0.0347764 -0.0159587 0.0317093 -0.00616055 -0.0179613 -0.00110351 0.0411052 -0.0130922 0.0380034 0.0850304 0.0668234 0.0900143 0.0129602 0.0402023 0.0134689 0.00921638 0.0150722 0.0483461 0.0690527 0.0120776 0.0501578 0.00673475
internal_weight=67.58 44.7447 9.02455 5.92158 35.7201 5.24532 35.4052 33.1078 1.22541 31.8824 1.28543 0.897484 30.597 7.49802 1.6586 5.83943 1.0009 0.654629 0.893612 0.759184 22.8353 4.41349 18.4218 16.4198 14.0916 2.00203 1.56688 13.5884 1.67195 11.9164
internal_count=20769 14919 1575 1081 13344 1056 13199 12378 526 11852 210 197 11642 4781 2310 2471 346 215 380 355 5850 1609 4241 3968 2474 273 235 2250 108 2142
cat_boundaries=0 4
cat_threshold=2348941446 139788652 2689630468 549465224
is_linear=0
shrinkage=0.05


Tree=13
num_leaves=31
num_cat=1
split_feature=22 7 6 13 11 11 0 8 8 13 13 14 8 7 14 11 11 4 6 13 15 2 10 21 14 2 9 17 6 21
split_gain=3.24205 2.51318 1.21806 1.4 1.14678 1.13676 1.12242 1.03291 1.02077 1.12777 1.08541 1.01574 1.07226 1.01757 1.72032 1.26472 1.1894 1.08428 1.88503 1.01458 1.05627 1.16555 1.86309 2.24868 1.40739 1.30534 1.20292 1.35602 1.15218 1.34413
threshold=0 0.58500000000000008 9.9790500000000026 0.10034168609244211 0.10022866185756396 0.08696387846685795 0.0099314617387497705 2.1150000000000007 1.2850000000000004 0.10001661423892995 0.099931941836208585 0.65730872900684234 3.4250000000000003 0.9850000000000001 0.56281748911465901 0.11304347826086962 0.098696974262320852 3.7155000000000005 3.0264000000000002 0.10046838664385062 22.500000000000004 -0.20308429761305832 0.098161119430623403 0.15047169811320757 0.43509812582823254 0.34193550094758135 1.0284245317664256 52.500000000000007 1.8393000000000002 0.19204425711275028
decision_type=9 2 8 2 2 2 2 8 8 2 2 2 8 2 2 2 2 2 10 2 2 2 2 2 2 2 2 2 8 2
left_child=19 8 3 11 5 -4 -7 -5 9 10 -2 12 13 14 15 16 17 -3 -19 20 21 22 23 -1 -24 28 27 -27 29 -23
right_child=1 2 4 7 -6 6 -8 -9 -10 -11 -12 -13 -14 -15 -16 -17 -18 18 -20 -21 -22 25 24 -25 -26 26 -28 -29 -30 -31
leaf_value=0.080873556179324735 0.0074268678233234981 -0.037634253972906581 -0.00028520694840168567 0.001449093687792077 -0.0090709557538237364 0.2586288635174509 0.059966730330093268 0.10178850264152815 0.093608248830679044 -0.024485089831046105 0.099276206867791955 -0.0341075199567955 0.113264874487764 -0.021122528087626886 0.080250409096901093 0.062823888927862198 -0.058780183521812482 0.12538897807222385 -0.017650181391852756 0.04483490878745329 -0.042021753573116681 0.0073397568186201537 0.027831106016034543 -0.014341705656579024 0.091825959253726663 0.087317360538391037 0.070786157321441251 -0.027478600407052065 -0.0064838728916833442 0.13314778867924373
leaf_weight=0.79520504206234344 0.69965270921279421 0.77686301988938256 0.98216810224142514 5.6452056609345727 3.230071063598313 0.076516108759622781 1.0043207633222748 0.26869113208651807 0.60960867537688157 0.8494338417049202 0.59533971986505274 9.4986186463243438 0.16353784381404679 15.634511846326369 0.66798625730744499 0.54093501499928542 1.1936946274409284 0.3953772754380761 0.55176136210230564 2.850189241660785 0.83610434216861662 0.60029509834995909 1.8215098925579472 2.8158553664717458 1.6261239429781484 0.35253321620889211 1.3576197656006836 0.95176540509508989 9.6115205430528139 0.32848211289670426
leaf_count=97 93 126 546 1983 1871 15 669 187 130 159 62 2916 88 5374 69 82 173 91 179 741 65 88 136 309 168 117 331 210 3490 204
internal_value=-0.000267162 -0.00788877 -0.0128402 -0.0161908 0.00952851 0.0386499 0.0740307 0.0060079 0.0365156 0.0202855 0.0496523 -0.0206526 -0.0142383 -0.0152934 0.00679123 -0.00739638 -0.0204151 0.00614884 0.0420606 0.0118757 0.0130521 0.0153248 0.0317257 0.006626 0.0580152 0.00655591 0.037841 0.0035491 -0.00134505 0.0518345
internal_weight=67.3315 43.3843 40.6303 35.3372 5.29308 2.063 1.08084 5.9139 2.75403 2.14443 1.29499 29.4233 19.9247 19.7611 4.12662 3.45863 2.9177 1.724 0.947139 23.9472 21.097 20.2609 7.05869 3.61106 3.44763 13.2022 2.66192 1.3043 10.5403 0.928777
internal_count=20769 14813 14369 11268 3101 1230 684 2170 444 314 155 9098 6182 6094 720 651 569 396 270 5956 5215 5150 710 406 304 4440 658 327 3782 292
cat_boundaries=0 4
cat_threshold=2348941350 136642924 609255492 549465224
is_linear=0
shrinkage=0.05


Tree=14
num_leaves=31
num_cat=2
split_feature=22 2 9 1 7 3 0 22 10 20 0 15 2 9 1 2 20 9 8 7 7 10 21 3 8 5 4 9 9 20
split_gain=3.11187 1.53271 1.30928 1.21478 1.19773 1.57536 1.73237 1.72672 1.53303 1.65492 1.3437 1.28943 1.26212 1.26352 1.24661 1.16891 1.59928 1.49835 1.27506 1.16821 1.10421 1.08383 1.52291 1.06527 0.979966 0.972332 1.54811 0.961278 1.91308 1.01465
threshold=0 -0.41893116896806148 -5.5724071048783346 0.0078086267032675414 0.58500000000000008 378333.36685000005 0.029805789926059461 1 0.10489510489510494 0.11451990632318503 0.56980824217102366 7.5000000000000009 -0.21043128039801792 1.2914257489031635 -1.0000000180025095e-35 -0.26182473186673388 0.1404052936311001 0.80848934236194003 0.59500000000000008 1.4550000000000003 1.0950000000000004 0.1203127796098883 0.16247642991829042 230661.98310000004 2.6950000000000007 105122996.69000001 12.742650000000001 6.1151454139592563 2.6767141938655818 0.32630878438331862
decision_type=9 2 2 2 2 2 2 9 2 2 2 2 2 2 2 2 2 2 8 2 2 2 2 2 8 2 2 2 2 2
left_child=1 3 20 -1 -2 6 11 15 9 -8 -9 -6 13 25 23 17 -17 19 -18 -7 -3 22 -10 -14 -16 -11 -27 28 -12 -30
right_child=4 2 -4 -5 5 7 8 10 21 12 27 -13 14 -15 24 16 18 -19 -20 -21 -22 -23 -24 -25 -26 26 -28 -29 29 -31
leaf_value=-0.019998240529465406 0.037544985783754543 0.053037309061489894 -0.03189245025486831 0.089349900167933233 -0.028666737201664624 0.11539193362201923 0.16114431323696898 -0.015578607757960265 0.04509162868522934 0.16071913549998879 -0.00039355661484655836 0.10313885326223071 -0.03611039310691469 0.027841371822052197 -0.0011706699507145995 -0.048934842134283611 -0.054993478342536567 -0.0027831871706253276 0.021678193863243767 0.035484646937855489 -0.033662717816854641 0.096856541419320305 -0.054662843677412559 0.12519207888644734 0.12789702389991503 0.0073833364251999784 0.14722123304672471 -0.049131021135554648 0.045225134288292751 0.14388790576385896
leaf_weight=0.49384152629066702 3.0642019717157174 0.885186138100853 14.022052974582623 0.52294371990880206 1.9795300244484828 0.88239510698529933 0.30011786893083314 19.184073497380961 0.59548444560020719 0.45821071809042579 2.808666065142563 0.20474548251296831 0.13346637331954736 1.0241024489439072 2.5292184183065074 1.0054112372423105 0.57558056148337466 0.97379814116729768 9.364592117934091 0.94963858780308685 0.62762968879804526 0.22969343588833835 1.0702553585214372 0.43913872428929113 0.15614680595017461 0.44617207832447303 0.35571465385226808 0.52613425654584922 0.91164666594870214 0.36488507727357544
leaf_count=89 451 128 5609 41 390 52 9 3948 113 190 1644 147 146 207 2246 299 203 65 2649 78 163 66 410 285 91 76 42 218 535 179
internal_value=-0.000272641 -0.0144823 -0.0271246 0.0362407 0.00605023 0.00529175 0.0230109 0.000609348 0.0341113 0.0467878 -0.00686733 -0.0163118 0.0405952 0.0690914 0.0206162 0.0107347 0.0111602 0.0473331 0.0172386 0.0739718 0.0170676 -0.00496168 -0.0190017 0.0875947 0.00633427 0.102616 0.069415 0.0144811 0.0226737 0.073427
internal_weight=67.0847 16.5517 15.5349 1.01679 50.533 47.4688 9.922 37.5468 7.73772 5.84229 23.7954 2.18428 5.54217 2.2842 3.25797 13.7514 10.9456 2.80583 9.94017 1.83203 1.51282 1.89543 1.66574 0.572605 2.68537 1.2601 0.801887 4.61133 4.0852 1.27653
internal_count=20769 6030 5900 130 14739 14288 4418 9870 3881 3292 6524 537 3283 515 2768 3346 3151 195 2852 130 291 589 523 431 2337 308 118 2576 2358 714
cat_boundaries=0 4 8
cat_threshold=272647753 805469314 1099435048 404783620 2214592516 2149384500 809615428 8543624
is_linear=0
shrinkage=0.05


Tree=15
num_leaves=31
num_cat=2
split_feature=22 2 9 7 22 13 9 14 21 5 4 19 21 9 11 1 2 14 14 7 7 7 4 5 2 10 8 7 3 17
split_gain=2.86297 1.43786 1.35585 1.1979 1.68537 1.354 1.61693 1.33378 1.27559 1.33239 1.2119 1.35366 1.18543 1.85566 1.07969 1.06801 0.984132 1.78098 2.30746 1.07592 1.04633 1.58953 0.991698 0.969691 0.946209 2.06321 1.65087 1.19473 1.54802 1.20063
threshold=0 -0.41893116896806148 -5.5724071048783346 0.75500000000000012 1 0.10048900047824007 -2.6896799851443771 0.80039062500000013 0.17673086933888602 558550583.43500006 3.8075500000000004 4.5000000000000009 0.14017543859649126 -1.5514915653683901 0.10000000000000016 0.0078086267032675414 0.12093652833472669 0.57719393282773568 0.56281748911465901 3.6450000000000005 1.2550000000000001 1.1950000000000001 10.123600000000001 108985898.50000001 -0.21891876271696395 0.098161119430623403 1.1450000000000002 1.3450000000000004 378333.36685000005 86.500000000000014
decision_type=9 2 2 2 9 2 2 2 2 2 2 2 2 2 2 2 2 2 2 2 2 2 2 2 2 2 8 2 2 2
left_child=1 15 23 7 24 6 -6 10 -7 -10 -2 14 13 -8 -12 -1 17 18 19 20 21 -14 -18 -3 25 27 -27 29 -29 -5
right_child=3 2 -4 4 5 8 12 -9 9 -11 11 -13 16 -15 -16 -17 22 -19 -20 -21 -22 -23 -24 -25 -26 26 -28 28 -30 -31
leaf_value=-0.019239853955498605 0.041692138135012359 0.085966907602755396 -0.032126992599131626 0.10551270690766751 -0.033480341814062946 -0.017824730240282426 0.098807149269492772 0.090050525308776899 0.07911514921505651 -0.028696265028299302 0.069828351131805855 -0.044572099643006825 -0.004684707244262949 0.0059612600359384505 -0.02409985258301937 0.083110117630113847 -0.022988817668125407 -0.038444709481752305 0.13558324462177138 0.080511892634796009 -0.022367940024591026 0.12680789692714761 0.038929046089726721 -0.005936007632909128 0.010569536027645342 0.034888180582252647 0.11046522616670913 0.048685056035482475 -0.04678611135147303 -0.0035049443342227262
leaf_weight=0.48779920273401067 2.7461073274112437 0.39048469036759414 13.321657843230646 0.48891705586322909 5.6924269659882958 0.96608419044559979 0.65239696956828108 0.75373315178072076 1.2630033335165785 0.37068812842719645 0.71689422668304559 1.2014599885806214 0.83677638205385652 3.0734804489477301 0.53372666907091904 0.53379718243369989 1.0064772671564721 4.9764843169507706 0.30689250519663325 0.34407556973916342 4.1727358002210257 0.31685843962668669 1.8089663915237522 1.0832618243242336 13.166540997408058 1.9356425868910414 1.1529409609417949 0.61243569503014539 1.3843205865438939 0.52240992014949283
leaf_count=90 394 106 5483 48 1194 271 81 59 661 215 89 294 240 592 49 41 689 1715 44 452 1381 36 1249 176 4498 123 164 89 134 112
internal_value=-0.000277347 -0.0141716 -0.0270926 0.00569379 0.00402492 -0.00468142 -0.0103332 0.0278919 0.0277198 0.0546525 0.0188789 -0.00666976 -0.00280171 0.0222185 0.0297427 0.0342393 -0.00957202 -0.0163489 0.00204711 -0.00518006 -0.0107156 0.0314312 0.0167944 0.0184146 0.0119215 0.0343952 0.0631004 0.00492188 -0.0175036 0.0491987
internal_weight=66.8195 15.817 14.7954 51.0025 45.0506 25.7873 23.1876 5.95192 2.59978 1.63369 5.19819 2.45208 17.4951 3.72588 1.25062 1.0216 13.7693 10.9538 5.97734 5.67045 5.32637 1.15363 2.81544 1.47375 19.2632 6.09667 3.08858 3.00808 1.99676 1.01133
internal_count=20769 5896 5765 14873 13988 8820 7673 885 1147 876 826 432 6479 673 138 131 5806 3868 2153 2109 1657 276 1938 282 5168 670 287 383 223 160
cat_boundaries=0 5 9
cat_threshold=268453449 805469314 1099435176 404783616 1 2885812388 2349138216 2688581637 1623211144
is_linear=0
shrinkage=0.05


Tree=16
num_leaves=31
num_cat=2
split_feature=22 2 9 20 2 13 8 5 18 8 7 22 4 4 17 7 0 5 3 21 2 9 9 13 3 1 3 8 10 19
split_gain=2.57587 1.26528 1.20335 1.16159 1.68042 1.58537 1.14075 1.18306 1.0844 1.066 1.03549 1.6473 2.10574 1.19595 1.16868 1.61139 1.11735 1.03679 2.03748 0.985178 1.20969 1.33065 1.20037 1.15256 1.04814 1.04903 0.953084 0.932303 0.892727 0.891816
threshold=0 -0.41893116896806148 -5.5724071048783346 0.1404052936311001 -0.27710843373493971 0.098772778530787045 0.80500000000000016 108985898.50000001 10.500000000000002 5.495000000000001 1.0050000000000001 1 9.7416000000000018 9.8064000000000018 97.500000000000014 1.5250000000000001 0.85797663722137152 114446336.78000002 806817.99005000014 0.15047169811320757 -0.34583762226585762 0.2435066539379083 2.575800433442466 0.10050251256281419 988295.38195000018 -0.0048743364145970016 893904.17320000019 0.59500000000000008 0.1203127796098883 3.5000000000000004
decision_type=9 2 2 2 2 2 10 2 2 8 2 9 2 2 2 2 2 2 2 2 2 2 2 2 2 2 2 10 2 2
left_child=1 8 6 4 -2 -6 -3 -8 -1 10 13 12 -12 17 16 -16 -14 29 -19 20 -13 -22 -23 27 25 -25 -20 -21 -29 -5
right_child=3 2 -4 9 5 -7 7 -9 -10 -11 11 19 14 -15 15 -17 -18 18 26 23 21 22 -24 24 -26 -27 -28 28 -30 -31
leaf_value=0.070920588650461233 0.03250960335434875 0.11837712891685657 -0.032327517841472163 -0.0098612320111105285 0.10640759259591384 -0.040102229035595315 0.071992833009229484 -0.040182607784197896 -0.032173547339715343 0.095823550564451562 -0.037149215210297952 0.11754581545343985 -0.016424179274750064 0.053371261078349455 -0.015310133245311523 0.09936132973742251 0.062971193514934437 -0.049140085376847907 0.08406465717871979 -0.05329591589465002 -0.0026071797819690935 0.07992912304148421 0.015422068416617815 -0.040885319356364802 -0.0057575993959538326 0.077599496937615087 0.0096034923171572622 0.0033016118069523468 0.068368833736155488 0.052950022427028315
leaf_weight=0.63117575627239109 1.3219347499892906 0.2333100713293369 12.281369186016319 0.76283023498509095 0.19438210110239174 3.6861501024534293 0.34860420677911208 0.72155027655913806 0.42805556285259427 0.34871458887867035 5.8524937789617741 0.38266908207165506 3.5861492021552848 2.3381065593611856 0.5483736743695008 0.69416614412643829 0.50561861870156599 1.5242419188114436 0.49418524860799973 0.70290002001134766 2.3358256000655553 1.4642500008350285 1.4210877215776831 0.21433340798953482 0.85254745105634056 1.4548224628174407 3.295707350922529 15.183954545429797 0.54610921707925797 2.1804066699997304
leaf_count=29 40 30 5332 46 156 828 99 141 103 130 1857 147 1876 409 81 160 383 315 36 382 416 343 230 105 188 585 339 5285 100 598
internal_value=-0.000283716 -0.0138903 -0.0274795 0.00522581 -0.0161776 -0.0327633 0.018199 -0.00364131 0.0292583 0.00873 0.00807462 0.00400539 -0.00867984 0.0218027 0.00628337 0.048753 -0.00661332 0.012864 -0.000321325 0.0094643 0.0317361 0.0254469 0.0481581 0.00787291 0.0393471 0.0623851 0.0193129 0.00304307 0.00556059 0.0366706
internal_weight=66.536 14.6441 13.5848 51.892 5.20247 3.88053 1.30346 1.07015 1.05923 46.6895 46.3408 35.7453 11.1868 10.5955 5.33431 1.24254 4.09177 8.25737 5.31413 24.5585 5.60383 5.22116 2.88534 18.9547 2.5217 1.66916 3.78989 16.433 15.7301 2.94324
internal_count=20769 5734 5602 15035 1024 984 270 240 132 14011 13881 12138 4357 1743 2500 241 2259 1334 690 7781 1136 989 573 6645 878 690 375 5767 5385 644
cat_boundaries=0 5 9
cat_threshold=268453449 805467266 1099697192 404783616 1 1079251360 35653632 2183275472 2719809572
is_linear=0
shrinkage=0.05


Tree=17
num_leaves=31
num_cat=1
split_feature=22 7 2 1 8 13 4 2 1 11 5 2 6 6 6 13 5 2 5 7 14 8 13 7 13 4 7 13 17 8
split_gain=2.47282 1.33141 1.22987 1.37298 0.949531 0.919394 1.04823 0.938517 2.09397 1.32472 0.908019 1.1952 1.07727 1.00595 1.00091 1.32096 1.49597 1.17059 0.984809 1.08837 1.51463 0.871162 0.863623 0.801737 1.40922 0.986781 0.987206 0.938411 0.797977 1.87495
threshold=0 1.1150000000000004 -0.45339264834843612 0.0078086267032675414 3.4250000000000003 0.1006472559698366 10.319700000000003 -0.12981769492223713 0.0076335877862595556 1.0000000180025095e-35 510061927.22000009 0.54000842459983178 8.5943500000000022 10.620600000000001 4.4747500000000011 0.099509601548753226 321540521.22500008 -0.18220429787487344 228188708.57500002 2.1150000000000007 0.28162881497986475 1.3650000000000004 0.10036776059382692 0.58500000000000008 0.10004077065895546 12.902750000000001 0.8650000000000001 0.10088107436733419 35.500000000000007 0.75500000000000012
decision_type=9 2 2 2 8 2 2 2 2 2 2 2 10 8 8 2 2 2 2 2 2 10 2 2 2 2 2 2 2 10
left_child=1 5 3 -2 23 6 7 8 -1 -9 12 -12 14 -14 15 -3 18 -18 19 20 21 -17 -15 24 -4 27 -27 28 29 -25
right_child=2 10 4 -5 -6 -7 -8 9 -10 -11 11 -13 13 22 -16 16 17 -19 -20 -21 -22 -23 -24 25 -26 26 -28 -29 -30 -31
leaf_value=0.10840793746798622 -0.011059590017900739 0.11564227121058566 0.044069464018067717 0.0971754000517185 0.062848225798621801 0.10199407134400114 0.05977921290136428 0.079954883618117617 -0.0033297170136847524 -0.022151303929281406 -0.014234276908386754 0.060877496021676962 0.094560815941451354 -0.017114713544909184 -0.013310395257124472 -0.021773134910673283 0.10661732462415266 0.0055941341884071932 -0.062715658293555784 -0.030623314334426801 0.10096287846893824 0.067300769273330438 0.09240691575410781 0.27918559915924379 -0.030871930129837983 0.073662789184326116 -0.00088069640109702738 0.020327057311572815 -0.019429844725035977 0.0070194798811568987
leaf_weight=0.71569538940770661 0.59530845366967355 0.35997447361822388 1.6756043333944126 0.57698150313404173 0.44633310149840966 0.46999620379040408 1.924467496917498 0.37898537975077329 1.0123979383027872 1.9630358623677213 5.6309574938840479 0.58460266183540088 0.79621694808700416 0.58961932942072848 2.958754894495522 0.94761690847301761 0.69273005525894193 0.48928107291380463 0.53506511677467106 1.0213195191565259 0.57741967916755776 0.3864364752977768 0.25909098232011707 0.070741611427127649 1.0026763317709253 0.4724927574389407 7.4038958200226199 1.6679821378356745 29.436930833913092 0.59988974788201932
leaf_count=72 116 181 205 63 325 86 252 102 131 294 1795 148 220 297 1073 200 32 141 173 340 160 61 47 388 187 85 4588 564 7407 1036
internal_value=-0.000288458 0.0107226 -0.00677272 0.0422119 -0.00969841 0.0346525 0.0293727 0.0149956 0.0429468 -0.0056285 0.00772363 -0.00716966 0.0173528 0.0541918 0.00974825 0.0233664 0.0162228 0.0647998 -0.000334591 0.0110463 0.0333109 0.00402899 0.0163196 -0.0104634 0.0160134 -0.0122517 0.00359106 -0.0161788 -0.0182012 0.0357289
internal_weight=66.2425 22.2937 43.9488 1.17229 42.7765 6.46458 5.99458 4.07011 1.72809 2.34202 15.8291 6.21556 9.61353 1.64493 7.9686 5.00984 4.64987 1.18201 3.46786 2.93279 1.91147 1.33405 0.84871 42.3302 2.67828 39.6519 7.87639 31.7755 30.1076 0.670631
internal_count=20769 5805 14964 179 14785 937 851 599 203 396 4868 1943 2925 564 2361 1288 1107 173 934 761 421 261 344 14460 392 14068 4673 9395 8831 1424
cat_boundaries=0 4
cat_threshold=2885812258 137691500 2152759620 549468296
is_linear=0
shrinkage=0.05


Tree=18
num_leaves=31
num_cat=2
split_feature=22 7 2 8 20 2 13 21 9 0 22 7 5 0 2 6 10 0 2 11 17 6 3 11 0 10 4 2 3 3
split_gain=2.33465 1.40894 1.09301 1.06518 0.98208 1.52921 1.3602 0.921418 0.830797 1.02247 0.775889 1.2494 1.11616 1.12148 1.08042 1.14226 1.43149 1.1163 1.04731 1.00484 0.98515 0.959381 0.98274 1.30333 0.95527 0.875693 0.813024 1.5164 1.38831 1.02273
threshold=0 0.39500000000000007 -0.41893116896806148 5.495000000000001 0.1404052936311001 -0.27710843373493971 0.098772778530787045 0.18953130345535413 3.629947293933911 0.30770164525566296 1 1.1850000000000003 510061927.22000009 0.0086968492034631764 -0.13278349584687607 3.2906000000000004 0.092908668435381245 0.63676663066182659 -0.28209439348842857 0.12105507274680204 61.500000000000007 8.522000000000002 843116.85540000012 0.10899936628643851 0.26274648409673512 0.099707599839265429 11.837800000000003 0.12093652833472669 378333.36685000005 375169.01555000007
decision_type=9 2 2 8 2 2 2 2 2 2 9 2 2 2 2 8 2 2 2 2 2 10 2 2 2 2 2 2 2 2
left_child=1 -1 7 4 5 -2 -7 -3 -8 -10 11 14 18 -14 15 16 -6 20 25 -15 -16 22 -20 -24 -21 -13 -12 28 29 -28
right_child=3 2 -4 -5 10 6 8 -9 9 -11 26 12 13 19 17 -17 -18 -19 21 24 -22 -23 23 -25 -26 -27 27 -29 -30 -31
leaf_value=0.071970637645301858 0.030660808865284318 0.068411989898500988 -0.028571570988747543 0.094159179891214126 -0.010224011545205337 0.093230857401449332 -0.046074994186398939 -0.029589723805409737 0.13728360794639491 -0.051161340017800955 -0.005434399258685242 0.027582377662122144 0.08582123986866845 -0.023577626348553999 0.056361723651320764 0.11686959417441081 0.09485260042930041 0.056701873576001961 -0.0056543853612971741 -0.013854032377789871 -0.015162429017190563 0.060617072464783206 0.090499643500849714 -0.048706959245390098 0.071513036111418418 0.10756375741946503 0.025967990007190741 0.043192454634599614 -0.026383065844049248 0.21124434404084105
leaf_weight=0.3862401884905865 1.3304001785830548 0.55678805611874893 13.269714012432944 0.34020722263586023 0.68782016918833178 0.20598837138477843 3.2748447462720791 0.42134394263860719 0.14312830470139767 0.1448068272135368 20.38076809027692 0.77968122345808377 0.31449430484071417 4.073900490163358 0.64339695184695989 0.74697081629413031 0.6129987267426541 1.5427332208487223 3.8657511230673656 0.68975111185283688 1.9124975237199144 0.93166561292900762 0.63136037616660134 0.22917458413257596 0.62433205812628001 0.60995608619548147 1.1729022071331088 2.7405079785223734 2.5906456632057107 0.079534227883441111
leaf_count=63 39 87 5565 129 87 159 461 37 15 355 5618 128 26 1351 182 98 60 289 1320 30 200 403 275 82 121 84 781 1520 1196 8
internal_value=-0.000287022 -0.0132221 -0.0248117 0.00500472 0.00539162 -0.0154245 -0.0316929 0.0261964 -0.0389156 0.0425119 0.00770612 0.0126966 0.010489 -0.00595716 0.0379329 0.0675902 0.0392924 0.0231152 0.0237963 -0.0113142 0.00284239 0.014244 0.00510275 0.0534266 0.0267046 0.0626888 -0.000364623 0.014776 -0.00548781 0.0377337
internal_weight=65.9343 14.6341 14.2478 51.3002 50.96 5.09917 3.76877 0.978132 3.56278 0.287935 45.8608 18.8965 12.7501 5.70248 6.14642 2.04779 1.30082 4.09863 7.04759 5.38798 2.55589 5.65795 4.72629 0.860535 1.31408 1.38964 26.9644 6.58359 3.84308 1.25244
internal_count=20769 5752 5689 15017 14888 1029 990 124 831 370 13859 4736 3820 1528 916 245 147 671 2292 1502 382 2080 1677 357 151 212 9123 3505 1985 789
cat_boundaries=0 5 9
cat_threshold=272647753 805467266 1099435176 404783616 1 2886082566 137724205 2152759300 545284104
is_linear=0
shrinkage=0.05


Tree=19
num_leaves=31
num_cat=3
split_feature=22 11 8 9 4 7 22 13 6 3 8 7 14 13 7 0 8 2 7 22 11 2 13 17 2 1 3 21 9 7
split_gain=2.06309 1.34944 1.24352 1.43034 0.864855 1.21423 0.936391 1.55367 1.23349 1.07659 1.33277 1.05205 0.99841 0.928438 1.00412 1.11992 0.924211 1.38046 1.24132 0.876545 1.28134 0.968692 1.28352 1.04684 0.999781 0.96396 0.934752 0.875127 0.855434 1.2353
threshold=0 0.0078456276069104602 1.1650000000000003 -0.55201180947737616 11.688250000000002 0.8650000000000001 1 0.10085653497670667 6.1072500000000014 634421.48695000017 0.95500000000000007 0.39500000000000007 0.56281748911465901 0.099812117329153863 1.4750000000000003 0.098029382770428136 1.1150000000000004 -0.23016283277332636 2.0350000000000006 2 0.14150617993676351 0.074722869881785128 0.099999999999999992 123.50000000000001 0.13410863195853065 0.042558356607599331 599365.58515000006 0.16936114732724905 -3.0583443581347178 1.0950000000000004
decision_type=9 2 8 2 2 2 9 2 8 2 10 2 2 2 2 2 10 2 2 9 2 2 2 2 2 2 2 2 2 2
left_child=-1 2 3 -2 6 -6 7 8 9 12 13 -8 16 -11 15 -15 -3 -18 -19 20 25 -21 -23 24 26 28 -24 -16 -7 -30
right_child=1 4 -4 -5 5 19 11 -9 -10 10 -12 -13 -14 14 27 -17 17 18 -20 21 -22 22 23 -25 -26 -27 -28 -29 29 -31
leaf_value=0.0098281981111366344 0.056254116608804638 0.0027732698686538282 0.073950732346374601 -0.040342590366138666 0.06832932788816741 -0.033289525673156808 0.069310447562690863 0.095308880865607765 -0.040575291589172544 -0.057815294316463664 -0.03650293361062671 -0.025507095384859166 0.10936169387736283 0.11217145312839816 0.048687993886769546 0.011302990787452265 -0.011643236387759824 0.13788682902467408 -0.022980900556745898 -0.039469593454529189 -0.059824202557527753 -0.03847750262960619 -0.029570342446688287 0.15454604273460448 -0.0041860548472771727 0.14104806093483521 0.15294167813510123 -0.051493557168199845 0.13646865088042698 0.033830864137233199
leaf_weight=22.002682245617869 0.66877815038952415 2.2273559974987758 0.92764287998909511 0.89752694836701774 0.65824914849136718 0.36973670418911098 0.29680395891024858 0.47437482896552907 1.4091577980541909 0.33614205554029575 2.0175742758069233 20.413841424595759 0.35729801516876047 0.57471522386823459 0.38785716440419998 0.52798659672468429 0.43353881299261288 0.53909321700789681 0.15422500420477558 3.4250557479234551 0.31659965041669647 1.30177212769843 0.10338935254988169 0.14732805531656179 1.2999616121726203 0.24465379680228849 0.21823819344314066 0.49773313956999315 0.34163144106981391 2.065967421023386
leaf_count=5677 121 522 237 209 130 178 26 159 484 85 599 5989 110 22 49 97 102 123 119 1800 47 897 163 78 832 173 90 146 50 1455
internal_value=-0.00028678 -0.00621529 0.0280731 0.000902099 -0.00980462 0.00258522 -0.0140464 0.00349277 0.00258103 0.0101323 -0.00676948 -0.0162851 0.0299052 0.0190387 0.0320317 0.0638744 0.0214414 0.0583409 0.102103 -0.00181528 0.00897956 -0.00834317 -0.000795009 0.0269361 0.0153422 0.0459019 0.094272 -0.00761759 0.0375205 0.0483949
internal_weight=65.6369 43.6342 2.49395 1.56631 41.1403 10.4926 30.6477 9.93705 9.46268 8.05352 4.34201 20.7106 3.71151 2.32443 1.98829 1.1027 3.35421 1.12686 0.693318 9.83433 3.33859 6.49575 3.07069 1.76892 1.62159 3.02199 0.321628 0.88559 2.77734 2.4076
internal_count=20769 15092 567 330 14525 5893 8632 2617 2458 1974 998 6015 976 399 314 119 866 344 242 5763 1903 3860 2060 1163 1085 1856 253 195 1683 1505
cat_boundaries=0 4 8 12
cat_threshold=2885812226 208994604 2152759301 549469320 33816584 2148042832 1006714976 1074479377 9486501 36994 58796288 2231632384
is_linear=0
shrinkage=0.05


Tree=20
num_leaves=31
num_cat=1
split_feature=22 7 1 4 18 2 13 8 5 9 0 7 2 7 13 21 9 4 11 0 13 21 2 20 0 21 5 0 11 2
split_gain=1.93709 1.33822 1.13531 0.981428 1.17069 1.08523 0.935463 1.74364 0.884675 1.79998 1.96287 2.1033 1.25145 1.42382 1.1842 1.09062 1.18361 1.19329 0.856054 0.82786 1.06984 1.06413 1.59139 1.25261 0.939812 0.938173 1.33621 0.792341 0.782811 1.11988
threshold=0 0.58500000000000008 0.10000958037938303 17.604900000000004 19.500000000000004 0.18649070498068956 0.10004077065895546 1.0850000000000002 124204360.88000001 1.0284245317664256 0.043001149864958489 1.9550000000000003 0.049638871506049183 0.68500000000000016 0.10003328904029286 0.15954545454545457 0.11468025645240411 6.9129500000000013 0.10958430849422499 0.63140963017440421 0.10054496317415053 0.14160401002506268 -0.41893116896806148 0.20670914542728638 0.027739501974190794 0.24357284113381678 801894759.25000012 0.39770941528336418 0.099362362443757832 0.32855887776695075
decision_type=9 2 2 2 2 2 2 8 2 2 2 2 2 2 2 2 2 2 2 2 2 2 2 2 2 2 2 2 2 2
left_child=2 6 -1 8 28 -6 -2 -8 9 10 11 -3 13 -12 -13 18 17 -17 -15 20 21 22 -10 -24 -25 -22 -27 -11 29 -5
right_child=1 3 -4 4 5 -7 7 -9 19 27 12 14 -14 15 -16 16 -18 -19 -20 -21 25 -23 23 24 -26 26 -28 -29 -30 -31
leaf_value=0.012449214099755581 0.046229051583980697 -0.02778989007353265 0.086645577240309385 0.074396883726421781 -0.015055311119888563 0.13475696364907297 -0.056636494410192362 0.066897527081855424 0.091730185627029726 -0.039163910889570795 -0.05879154681671292 0.18173884447737831 -0.060493836576362592 -0.058288668356928974 0.025292701385977879 0.10586332199144455 0.20209822196197341 -0.054489152818238906 0.077558924165315457 0.0054517292629874051 -0.0032759099110655126 -0.028145831645870874 -0.04902611610649437 0.058650138821067205 -0.0069637966631682299 0.12463940358000079 -0.058399755536922594 0.073445760868690535 -0.0131634500885666 -0.049215580501152129
leaf_weight=20.798284383992755 1.9021798771594276 2.2245590376257223 0.52867645304244604 0.68854482706766262 0.18404735028568969 0.35223411442496172 0.75559488991905721 0.45926169483370693 0.41049840077303912 2.2760645621497488 0.19271282346497765 0.19435735997444026 0.20315546707422516 0.20071855334357513 0.32029084634898086 0.83247912296077364 0.26893391855501803 0.13480842450133745 0.2746512415077017 3.9530296437895087 1.9140348045871296 18.183664927759224 1.4943822695887723 0.6749631209258905 2.8506270067206585 0.35909962763942888 0.13803352065776758 0.16771767300625606 2.168467396097995 0.2496617309247634
leaf_count=5337 241 498 148 579 218 305 132 83 33 549 28 78 326 99 68 322 150 172 48 3167 388 4922 151 57 492 239 39 360 1429 111
internal_value=-0.000215858 -0.00590125 0.0097274 -0.00964766 0.015122 0.0833426 0.0243389 -0.00993597 -0.0120689 0.0035524 0.021194 -0.00671616 0.0574706 0.0700553 0.0843747 0.0845625 0.109313 0.0835154 0.0201991 -0.0158678 -0.0191061 -0.0223454 -0.00292298 -0.0106631 0.00559778 0.012619 0.0738169 -0.0314355 0.00334565 0.041503
internal_weight=65.3557 44.0288 21.327 40.9117 3.64296 0.536281 3.11704 1.21486 37.2688 7.29045 4.84667 2.73921 2.10746 1.9043 0.514648 1.71159 1.23622 0.967288 0.47537 29.9783 26.0253 23.6141 5.43047 5.01997 3.52559 2.41117 0.497133 2.44378 3.10667 0.938207
internal_count=20769 15284 5485 14828 2642 523 456 215 12186 2698 1789 644 1145 819 146 791 644 494 147 9488 6321 5655 733 700 549 666 278 909 2119 690
cat_boundaries=0 4
cat_threshold=2885812258 204800300 2958065668 549465224
is_linear=0
shrinkage=0.05


Tree=21
num_leaves=31
num_cat=2
split_feature=22 9 8 2 20 14 13 8 1 8 7 1 4 9 6 4 8 13 4 7 7 22 0 4 17 4 6 0 4 9
split_gain=1.87763 1.04704 1.29182 1.09116 0.904497 1.36396 1.35666 0.937032 0.846643 0.74918 0.807305 1.36082 0.973163 1.45031 1.3646 1.40309 1.16021 1.07682 1.04337 1.04143 1.04137 0.956106 1.13916 0.993207 0.925012 0.893336 1.61217 0.876106 0.860285 0.835321
threshold=0 -5.5724071048783346 0.99500000000000011 -0.41893116896806148 0.1404052936311001 0.061476442428823386 0.10042017548505557 5.495000000000001 0.060957107869698109 0.59500000000000008 2.5750000000000006 0.099999999999999992 6.0484000000000009 3.629947293933911 2.3767 6.3735500000000007 1.1150000000000004 0.10035971688469671 3.8673000000000006 1.4150000000000003 1.4150000000000003 1 0.21292709175114929 6.8149000000000006 112.50000000000001 5.4196000000000009 3.8431000000000002 0.11627681920536413 6.7567000000000013 0.59200803752401676
decision_type=9 2 10 2 2 2 2 8 2 8 2 2 2 2 10 2 8 2 2 2 2 9 2 2 2 2 10 2 2 2
left_child=1 2 -1 -3 5 -2 8 9 -7 -6 12 -12 13 16 17 20 24 19 -18 -14 -16 22 -17 -23 25 26 -11 -21 -24 -20
right_child=4 3 -4 -5 7 6 -8 -9 -10 10 11 -13 14 -15 15 21 18 -19 29 27 -22 23 28 -25 -26 -27 -28 -29 -30 -31
leaf_value=0.072395826683270992 0.091444101870105765 0.027612733331390856 -0.024493436649413863 -0.029837020241786645 -0.023925395651957546 -0.0361371800605216 0.057191600008507565 0.091642573084152842 0.059600305479744577 0.0029166977116495971 -0.01199461097107383 0.17387630681795183 0.081172638114618889 -0.050041114148544869 0.12178021893590739 -0.036249210386760114 0.065102864844918659 0.13935753617083699 -0.024884740570211249 -0.061420325625977712 0.0069114273350768009 -0.029854175531590317 0.10007255494425432 0.023483015163502142 -0.043670677187811251 -0.034125155082255068 0.094393205914350228 0.056326962868014918 -0.0010146898593564463 0.050224010255789611
leaf_weight=0.63861310882670308 0.28411744421849405 0.89119424542272341 0.74578593263522674 11.388957615144056 1.8931718532013386 3.9623399030562831 0.49198366299467888 0.32833927052332157 0.24521949488142958 5.1428261401533346 5.8835911281297202 0.1001493892166766 0.71565362481368233 1.3257294391148882 0.50848693442582349 3.2689883840444582 1.329686571113103 0.34005985884151346 0.93876679905217575 0.34047432969034996 0.32240875875916752 0.92211322843448584 0.22973072723595311 16.324049851420519 1.2608340446178949 1.3241728109601059 0.53141951402492793 0.29472947274723693 2.5103261916112718 0.61118579815610485
leaf_count=69 53 78 246 5247 1010 768 112 129 99 833 4253 66 101 318 89 423 414 33 321 32 94 194 35 4006 178 211 61 98 1025 173
internal_value=-0.000222837 -0.0121379 0.0202009 -0.0256678 0.00443969 -0.0149397 -0.0213713 0.00747492 -0.0305575 0.0068757 0.00819421 -0.0088837 0.0108664 -0.000603786 0.0164129 0.0133648 0.00528015 0.0598318 0.0326088 0.0398122 0.0772082 0.0110837 -0.00612502 0.013059 -0.00424816 0.0028542 0.0114839 -0.00678653 0.00746063 0.00473255
internal_weight=65.0951 13.6646 1.3844 12.2802 51.4306 4.98366 4.69954 46.4469 4.20756 46.1186 44.2254 5.98374 38.2416 12.4646 25.777 24.0861 11.1389 1.69092 2.87964 1.35086 0.830896 23.2552 6.00905 17.2462 8.25925 6.99842 5.67425 0.635204 2.74006 1.54995
internal_count=20769 5640 315 5325 15129 1032 979 14097 867 13968 12958 4319 8639 2509 6130 5866 2191 264 908 231 183 5683 1483 4200 1283 1105 894 130 1060 494
cat_boundaries=0 5 9
cat_threshold=268453449 805467266 1099435176 404783616 1 34373632 1572880 68452672 101580821
is_linear=0
shrinkage=0.05


Tree=22
num_leaves=31
num_cat=2
split_feature=22 2 1 5 20 13 10 4 21 0 13 9 8 22 4 8 3 7 2 6 10 13 13 8 3 6 21 19 11 5
split_gain=1.79829 1.04419 1.08125 0.887661 0.973648 1.11146 0.942157 0.928466 0.847706 1.39803 0.792807 1.07529 0.749287 0.760678 1.53929 0.94635 0.905894 0.812831 1.27612 1.53625 1.52008 1.23963 1.48974 1.04202 0.971514 0.986255 1.28148 0.985839 0.914168 1.25285
threshold=0 -0.41893116896806148 0.0078086267032675414 46499445.125000007 0.1404052936311001 0.10042017548505557 0.094898564407969524 3.3899500000000002 0.20112359550561801 0.0010794052073113418 0.099137931034482776 -2.3025942882057944 5.495000000000001 1 7.4396000000000013 2.0550000000000002 5295759.4477000004 1.2550000000000001 -0.13278349584687607 3.7358500000000006 0.10051319675677715 0.10000002588235414 0.10004077065895546 1.405 416368.31575000001 6.5024000000000006 0.15047169811320757 3.5000000000000004 0.10498173901608283 105122996.69000001
decision_type=9 2 2 2 2 2 2 2 2 2 2 2 8 9 2 10 2 2 2 8 2 2 2 10 2 10 2 2 2 2
left_child=1 2 -1 6 5 7 -2 -5 -3 -10 11 -9 13 14 -6 16 17 18 19 20 -15 24 -23 -20 25 26 -19 -28 29 -29
right_child=3 8 -4 4 12 -7 -8 10 9 -11 -12 -13 -14 15 -16 -17 -18 21 23 -21 -22 22 -24 -25 -26 -27 27 28 -30 -31
leaf_value=-0.02294478958204392 0.072415725297084885 -0.033204345976098941 0.080621647537940933 0.064897909711542842 -0.02653552860320495 0.053519255041229744 -0.059052423145414347 -0.059442311710330653 0.13846998168073713 -0.01070479826750209 -0.037153562035864639 0.13701749858915144 0.087724079717291861 -0.0011365720343958778 0.0082347293229799428 -0.030926808550449089 -0.016180217000784796 0.13961054101474454 0.0056946073912110011 0.08511959962213117 0.085177221230877342 0.10249551427810498 0.016968268429555806 0.073848740325237222 -0.013271477247209541 -0.017290326217822522 0.11888775908666518 0.12116973791238764 -0.042464238252498808 -0.060192536611356762
leaf_weight=0.51914571089976103 0.85219372766627022 9.0241409563908732 0.48977081178397341 0.26807884264306459 5.7724419148563122 0.49926265407860615 0.16221750547898905 0.12534732837229967 0.16662125217570389 2.7370457910557251 3.8045188038348767 0.15674410217245593 0.28152288598448549 1.8092621912201559 7.0959055383767016 1.2873109050210434 2.4831443027497064 0.3089238821173742 5.7830693166340712 1.6626107742387124 0.7103606201456486 0.54103609107845763 8.6375637856335032 0.62105762090013961 6.9663611768214775 0.90289684637335943 0.22495189515286462 0.27001831962917344 0.51287298905225931 0.14709896147436219
leaf_count=84 382 1761 41 33 1433 118 160 5 49 3596 681 192 88 181 3329 753 340 95 1104 152 62 83 2808 134 2131 572 38 92 131 141
internal_value=-0.000227167 -0.0121331 0.0273307 0.00425887 0.00415619 -0.0171423 0.0513923 -0.0252436 -0.0256433 -0.0021447 -0.0311568 0.0497206 0.00640272 0.00590216 -0.00414293 0.00850713 0.0128083 0.0152821 0.0263327 0.0478144 0.023198 0.00896249 0.0220097 0.012304 -0.00386872 0.0238075 0.0491562 0.0249615 0.00224199 0.0572112
internal_weight=64.8235 12.9367 1.00892 51.8868 50.8724 4.85395 1.01441 4.35469 11.9278 2.90367 4.08661 0.282091 46.0184 45.7369 12.8683 32.8685 31.5812 29.0981 10.5864 4.18223 2.51962 18.5117 9.1786 6.40413 9.33312 2.36676 1.46387 1.15494 0.92999 0.417117
internal_count=20769 5531 125 15238 14696 1029 542 911 5406 3645 878 197 13667 13579 4762 8817 8064 7724 1633 395 243 6091 2891 1238 3200 1069 497 402 364 233
cat_boundaries=0 5 9
cat_threshold=272647753 805459074 1099697320 404783616 1 43520304 125839360 35869456 2149321828
is_linear=0
shrinkage=0.05


Tree=23
num_leaves=31
num_cat=2
split_feature=22 7 18 7 22 5 8 0 15 8 2 15 6 9 11 14 14 0 17 3 6 19 13 11 6 5 2 4 0 3
split_gain=1.73941 1.06036 0.982203 0.957319 1.39424 1.57006 0.932461 0.894007 0.772505 1.17001 1.15417 0.958533 1.05949 1.0408 1.00771 0.885995 1.03963 0.839048 0.999166 0.793805 0.757782 0.756282 0.706841 0.735253 0.701083 0.850098 1.58247 0.699363 0.890009 0.894405
threshold=0 0.45500000000000007 22.500000000000004 0.94500000000000006 1 510061927.22000009 3.7150000000000003 0.93820030610259153 4.5000000000000009 0.65500000000000014 -0.40662764941202961 3.5000000000000004 2.4861500000000003 -1.4219443468534596 0.097617122839434828 0.17754216472899956 0.38469050480769235 0.39195479700165975 120.50000000000001 528111.19360000012 2.6313500000000007 6.5000000000000009 0.099870577482380388 0.11331727176141268 2.5291500000000005 194542463.95000002 0.1531378609160309 17.909000000000002 0.14383294588993542 221347.41970000003
decision_type=9 2 2 2 9 2 8 2 2 8 2 2 8 2 2 2 2 2 2 2 8 2 2 2 10 2 2 2 2 2
left_child=1 -1 -3 -2 5 -5 8 -7 9 -6 19 12 -11 -13 -15 -16 -17 -12 21 -10 -14 -19 23 -4 -18 -26 -27 28 29 -22
right_child=3 2 22 4 6 7 -8 -9 10 11 17 13 20 14 15 16 24 18 -20 -21 27 -23 -24 -25 25 26 -28 -29 -30 -31
leaf_value=0.056237925517853407 0.017952818775690941 -0.029359550821821824 0.023947650293012185 0.028473311563752109 -0.044867087442628684 -0.010534723600931556 0.069971330425289177 0.051637133770783716 -0.010820684786197658 -0.039114437761078064 -0.040200402977735104 -0.028699606983880466 0.074821677896256433 -0.019030596315607624 0.15266811185141549 -0.042986288097962656 0.16058432558497471 -0.024965746550270444 0.097167976865919103 0.1157868236136872 -0.059631401145234242 0.087601075649747673 -0.011242565712299129 0.28168692198228834 0.14009180461592882 -0.023443575716677701 0.16205172966690443 0.029833250197008943 -0.020098483428675484 0.013221353344583277
leaf_weight=0.39576852251792338 10.846397183605516 10.395803451284401 0.050419975630473242 9.7549426612367203 1.5638020076941548 5.4262457721402724 0.38417099336836713 0.64718400542179555 0.25461631281764369 1.9310332394589447 4.5297234667684831 0.60476998928146586 0.33435119459820706 0.45209200097549862 0.24706338420178653 0.24636202336082891 0.1814955300550023 1.5369179349564319 0.22918539730135834 0.24097516759942778 0.45595009541724341 0.16525564662934633 0.11484290864743781 0.061326072740466732 0.20537241995720323 0.46296561691384969 0.15296573241633143 1.5765631368062329 5.5502902075360536 5.5421973300825007
leaf_count=67 1735 3781 214 2651 917 1450 154 203 108 739 1091 205 82 198 47 91 14 632 437 11 130 312 390 21 24 132 90 1111 2916 816
internal_value=-0.00022959 -0.0126447 -0.0271149 0.00395054 0.0013175 0.00983454 -0.00536754 -0.0039097 -0.00848946 -0.00338799 -0.0227946 0.000226981 -0.00447985 0.0286004 0.0463867 0.0661529 0.0490417 -0.028435 -0.000840988 0.0507406 0.000489229 -0.0140372 0.0758689 0.165395 0.0716506 0.0519976 0.0226239 -0.00140434 -0.00566882 0.00768344
internal_weight=64.541 11.0182 10.6224 53.5229 42.6765 15.8284 26.8481 6.07343 26.4639 19.5073 6.95667 17.9435 15.3904 2.55309 1.94832 1.49622 1.24916 6.46108 1.93136 0.495591 13.4594 1.70217 0.226589 0.111746 1.0028 0.821304 0.615931 13.125 11.5484 5.99815
internal_count=20769 4473 4406 16296 14561 4304 10257 1653 10103 7512 2591 6595 5794 801 596 398 351 2472 1381 119 5055 944 625 235 260 246 222 4973 3862 946
cat_boundaries=0 5 9
cat_threshold=272647753 839021698 1099695240 404783616 1 2885812356 2281996600 809533445 1682078728
is_linear=0
shrinkage=0.05


Tree=24
num_leaves=31
num_cat=2
split_feature=22 2 6 13 22 7 13 3 17 2 8 17 4 15 6 4 10 9 0 11 11 7 2 7 1 5 7 21 13 18
split_gain=1.64433 1.32541 1.11631 1.04702 1.38583 1.56662 1.10667 1.04028 1.43695 1.20531 1.18279 1.01038 1.4847 1.08116 1.09588 0.986042 0.88015 0.827843 1.07465 1.5454 1.43385 1.50486 1.3318 1.34461 0.990248 0.820607 0.782711 0.904319 0.750707 0.745824
threshold=0 -0.45339264834843612 10.948650000000002 0.10034722640849737 1 1.0350000000000004 0.10035377407687075 294628.88625000004 62.500000000000007 -0.15268340980216569 1.2850000000000004 35.500000000000007 13.832250000000002 8.5000000000000018 3.6310500000000006 16.417650000000002 0.093274955620372288 -2.6896799851443771 0.086785599653532455 0.15894224009997657 0.10124150433774209 1.7950000000000002 0.079350614522878296 1.2550000000000001 -0.0063679784963054367 114446336.78000002 1.5750000000000004 0.19017480409885476 0.099999999999999992 22.500000000000004
decision_type=9 2 8 2 9 2 2 2 2 2 8 2 2 2 8 2 2 2 2 2 2 2 2 2 2 2 2 2 2 2
left_child=2 28 29 4 7 -6 -5 8 -3 -10 -9 12 25 14 -13 -8 -4 -16 20 22 26 -22 23 -20 -23 -7 -19 -28 -2 -1
right_child=1 3 16 6 5 11 15 10 9 -11 -12 13 -14 -15 17 -17 -18 18 19 -21 21 24 -24 -25 -26 -27 27 -29 -30 -31
leaf_value=-0.032284678657664302 0.005070309802448914 -0.046801576470433169 0.087037890887523811 0.13870266386130739 0.012470826278434821 0.24160750561586164 0.010503365679210794 0.001708302764184602 0.10212955033327893 0.011514983603914231 0.03524529948263852 -0.033206850090582024 -0.04475028440090114 -0.05388603914478083 -0.031353339553092267 0.065253506414305301 -0.021116208161922813 0.11984860584145074 0.053468401116590861 0.16376977853881136 -0.059603925418304997 0.094440214749784104 0.013069526583886626 -0.039472419819126095 -0.0048451308803518067 0.063474699144499311 -0.037774212667970278 0.092831629326967216 0.087504027687654737 0.072934843367714677
leaf_weight=9.0178130854856793 0.44032483341908246 0.32548840839230897 0.37667332299246203 0.18801845815088825 6.7633664032224088 0.07484026799482929 8.0074759172218162 11.287931543107833 0.99192259468236232 0.58248303732625251 3.4272911134101927 5.1887530648871367 0.34374495139491645 1.8594845122425336 2.563085648724404 0.9164890793873991 0.37576620099457991 0.48882531594319445 0.43246377300633998 0.12672846176269192 0.66302282309709415 0.43385262234310218 3.0315865880700272 3.8860780982639467 0.59632695531411717 0.47495776071502577 0.24722710748755894 0.28569712564912486 0.7409022697479769 0.17162122073510389
leaf_count=3019 89 468 287 48 1195 208 2410 2268 127 224 1178 1357 503 773 548 502 449 37 82 13 41 27 1792 1637 88 666 40 79 105 509
internal_value=-0.000234681 0.00370799 -0.0127255 0.00322659 3.68635e-05 -0.00617279 0.0186555 0.00874907 0.0488335 0.0686049 0.00951933 -0.0152477 0.0367605 -0.0175944 -0.0138336 0.0161262 0.033026 -0.00595241 0.000435544 -0.00934805 0.0273791 -0.000847453 -0.0123329 -0.0301652 0.0369682 0.0877227 0.0741551 0.0322427 0.0567753 -0.0303196
internal_weight=64.3102 54.3684 9.94187 53.1871 44.0752 27.46 9.11198 16.6151 1.89989 1.57441 14.7152 20.6967 0.893543 19.8031 17.9436 8.92396 0.75244 12.7549 10.1918 7.47686 2.71495 1.6932 7.35013 4.31854 1.03018 0.549798 1.02175 0.532924 1.18123 9.18943
internal_count=20769 16505 4264 16311 13351 9086 2960 4265 819 351 3446 7891 1377 6514 5741 2912 736 4384 3836 3524 312 156 3511 1719 115 874 156 119 194 3528
cat_boundaries=0 5 9
cat_threshold=281036361 838884482 1099695240 404783108 1 3959422980 4555052 805306692 96812424
is_linear=0
shrinkage=0.05


Tree=25
num_leaves=31
num_cat=2
split_feature=22 2 4 2 10 1 22 5 0 8 4 7 0 0 15 4 6 21 0 2 10 4 7 4 4 15 20 13 6 0
split_gain=1.53537 1.19055 0.911777 0.905949 0.997969 0.827086 1.01124 0.99068 0.904779 1.0408 0.801011 0.975357 0.757993 1.02444 1.44033 1.10111 1.21612 1.18478 1.29256 1.03391 0.75925 1.13581 0.950357 0.731647 1.11748 0.863972 0.739394 0.70827 0.722106 0.693963
threshold=0 -0.45339264834843612 11.688250000000002 -0.41893116896806148 0.064840827618453847 0.09983765164153692 1 680515663.94500005 0.0010794052073113418 1.8950000000000002 2.5607500000000005 0.75500000000000012 0.062438177926884379 0.072819009698607967 18.500000000000004 4.5844500000000012 1.9949500000000002 0.34094447327452004 0.18697323942318886 -0.007551922437146529 0.090508535175698526 3.8075500000000004 0.94500000000000006 4.7881000000000009 4.5844500000000012 2.5000000000000004 0.20670914542728638 0.10012380097738029 2.5625500000000003 0.65335470368215798
decision_type=9 2 2 2 2 2 9 2 2 8 2 2 2 2 2 2 10 2 2 2 2 2 2 2 2 2 2 2 10 2
left_child=2 27 -1 -4 -5 6 10 8 -7 29 11 -3 23 -14 15 20 19 -18 -19 -17 -15 22 -22 24 25 26 -8 28 -2 -10
right_child=1 5 3 4 -6 7 12 -9 9 -11 -12 -13 13 14 -16 16 17 18 -20 -21 21 -23 -24 -25 -26 -27 -28 -29 -30 -31
leaf_value=-0.034900266503203901 0.076108032349863602 0.11005586957017287 0.16652915402042412 0.083099653855645772 -0.018147395524936147 0.10459584155791456 -0.027430276518886788 0.12564066244924688 -0.025187063931994727 0.086047986818508074 -0.011279750132862868 -0.051379675095439038 0.061497884619267529 -0.054055452625657585 -0.060462528435269204 0.11909473599014603 0.011024083834342167 0.10599324346186856 -0.015426653051921464 0.0068707942802064721 0.11802977044306873 -0.052139820320334367 -0.002709418908662897 -0.010687759608963432 0.093160545795122118 -0.0265558503637007 0.05948140211823888 0.1015944649068886 -0.024271497723578211 0.062658290115973583
leaf_weight=7.0891244585109092 0.33574805371292388 0.28984128698900308 0.081019921642522141 0.28297290933608055 1.7396623841519474 0.27992235725689618 0.34201838311950372 0.25110695651728709 1.2595091704785026 0.35003412274295409 17.712877477025952 0.13816372026543716 1.0436388417496569 0.9560620290206846 0.68694319069132248 0.52298928327244198 16.698707796497757 0.68137721757811842 0.32312780963123167 0.33779511455126765 0.28308456680504157 0.48322985291446063 0.38413279664062583 7.9817172826348735 0.43113626736252975 1.1006842390751377 0.86015903845271369 0.46724818639906274 0.38416424524918086 0.27367246507924337
leaf_count=2571 20 42 13 215 1408 9 51 75 323 120 6519 114 146 359 220 88 5164 139 1170 145 31 145 127 926 31 166 124 69 105 134
internal_value=-0.000240701 0.00349308 -0.0126076 0.00258445 -0.00398262 0.00303435 0.0016873 0.031634 0.0207213 0.0082541 -0.0062186 0.0579431 0.00606455 0.0131277 0.010764 0.0131311 0.0170185 0.0141966 0.0669351 0.075055 -0.021127 0.00623767 0.0485174 -0.00304129 0.0192821 0.0054507 0.0347551 0.0536564 0.0225429 -0.00950669
internal_weight=64.0519 54.8591 9.19278 2.10366 2.02264 53.6719 51.2577 2.41425 2.16314 1.88322 18.1409 0.428005 33.1168 22.4011 21.3574 20.6705 18.564 17.7032 1.00451 0.860784 2.10651 1.15045 0.667217 10.7157 2.734 2.30286 1.20218 1.18716 0.719912 1.53318
internal_count=20769 16562 4207 1636 1623 16368 15707 661 586 577 6675 156 9032 7734 7588 7368 6706 6473 1309 233 662 303 158 1298 372 341 175 194 125 457
cat_boundaries=0 5 9
cat_threshold=276842057 838882434 1099697288 404783620 1 1079554322 26355713 304223024 2148532337
is_linear=0
shrinkage=0.05


Tree=26
num_leaves=31
num_cat=2
split_feature=22 7 18 7 22 5 14 9 21 6 6 14 1 10 20 17 14 0 14 17 3 10 9 9 2 13 21 9 7 5
split_gain=1.36099 0.963381 0.917055 0.70918 1.09133 1.57037 1.30661 1.06091 1.17147 1.049 1.85202 1.00908 0.96614 1.06096 1.03124 0.830886 0.813996 1.0962 0.916028 1.00961 0.859775 0.803192 0.795752 1.33522 1.22341 1.38174 1.09977 0.873804 1.03125 0.825425
threshold=0 0.62500000000000011 22.500000000000004 0.94500000000000006 1 520998912.71500009 0.73375527426160347 1.2585258550222636 0.14424410540915397 3.7761500000000003 3.9034500000000003 0.84668803418803429 0.0019928261435916421 0.099584276671259589 0.3943381180223286 92.500000000000014 0.57163591125855284 0.72088099258307492 0.56011611030478969 38.500000000000007 334876.02460000006 0.11027379627316015 -2.6315789473684235 -1.711665835394077 0.044038788280634907 0.10067570652422043 0.10102040816326532 -0.33743892566095995 1.1650000000000003 9509748489.5750027
decision_type=9 2 2 2 9 2 2 2 2 8 8 2 2 2 2 2 2 2 2 2 2 2 2 2 2 2 2 2 2 2
left_child=1 -1 -3 -2 5 6 16 -7 -9 12 15 -8 13 -6 -15 -11 18 20 19 -5 -18 -21 -12 26 25 -25 -24 -26 -29 -30
right_child=3 2 -4 4 9 7 11 8 -10 10 22 -13 -14 14 -16 -17 17 -19 -20 21 -22 -23 23 24 27 -27 -28 28 29 -31
leaf_value=0.023405825923959289 0.015419943657139876 -0.030106520148571392 0.070115602718086367 0.074329837603299004 0.053136842414192614 -0.024167787748127161 0.10584234340666443 0.07036864475137046 -0.0042442052660860864 0.035293750893482412 -0.023227972153674049 -0.0075013670238824205 -0.039086443505926237 -0.025801815065005004 0.072238415600520675 0.1482426894135872 0.056970178930058783 0.10645987182831602 0.10609128634365726 0.019126153951768671 -0.053842665284026092 -0.058668102402479438 0.14954292226515645 -0.024535644154433343 -0.031552048133622786 0.053071342060350572 0.028669126927906026 -0.024891648158473861 0.034460101018353242 0.16238902546686196
leaf_weight=1.028709801171275 10.941886631470195 9.0716039920953317 0.23413989374542943 0.80849235885464033 0.66920575970641039 3.6727452354916501 0.78630079450789203 0.74927286918012481 1.7659909589215959 0.40329138199643444 3.9146557511026261 0.26173316554674553 4.0813780283420797 2.7775060927754369 0.29689151510409129 0.27307292897642221 0.21354181565409613 0.15770689222063317 0.3306183671368722 7.1874127908973167 0.97091369423699836 0.34784828360754705 0.21680987756329129 6.0602496037397451 0.77903295777300874 0.63349465985477849 1.4251957191613871 0.76723109209679474 2.7985304475600303 0.13203904171105163
leaf_count=150 1731 3662 599 533 205 893 135 88 658 114 1044 71 1666 720 88 34 106 92 48 1734 252 79 18 2420 539 204 462 177 2230 17
internal_value=-0.00023914 -0.0114397 -0.0275849 0.00342735 0.0011452 0.00831619 0.0244176 -0.0070349 0.0179822 -0.00505238 -0.000218541 0.0775362 -0.0222601 -0.00391554 -0.0163342 0.0808954 0.0188597 -0.0173761 0.0244664 0.0212321 -0.0338646 0.015535 -0.00349837 0.00252965 -0.00365873 -0.0171909 0.0446293 0.0165746 0.0267136 0.040224
internal_weight=63.7575 10.3345 9.30574 53.423 42.4812 17.2526 11.0646 6.18801 2.51526 25.2286 17.4036 1.04803 7.82498 3.7436 3.0744 0.676364 10.0165 1.34216 8.67437 8.34375 1.18446 7.53526 16.7272 12.8126 11.1706 6.69374 1.64201 4.47683 3.6978 2.93057
internal_count=20769 4411 4261 16358 14627 4689 3050 1639 746 9938 7259 206 2679 1013 808 148 2844 450 2394 2346 358 1813 7111 6067 5587 2624 480 2963 2424 2247
cat_boundaries=0 5 9
cat_threshold=272647753 839021698 1099695240 404783108 1 2885812358 134512952 876642309 1690317832
is_linear=0
shrinkage=0.05


Tree=27
num_leaves=31
num_cat=2
split_feature=22 2 1 22 5 8 9 21 0 5 13 3 21 18 15 0 4 6 8 9 13 21 0 2 9 15 21 13 15 7
split_gain=1.28752 1.07808 0.834421 0.897418 0.822229 0.851801 1.333 0.735745 0.757156 0.985283 0.911404 0.827736 0.91872 1.04686 0.975262 0.784548 0.771366 0.851543 0.72625 0.798435 0.801088 0.962165 0.684345 0.772103 0.669062 0.6686 1.03223 0.866835 0.791964 1.32138
threshold=0 -0.45339264834843612 0.09983765164153692 1 680515663.94500005 1.1250000000000002 -1.3098240890277721 0.08842144452717797 0.062438177926884379 520998912.71500009 0.10004077065895546 1329210.3136000002 0.14424410540915397 13.500000000000002 2.5000000000000004 0.71086924952462671 4.5844500000000012 1.9949500000000002 0.78500000000000014 1.117754614756117 0.10033039687651236 0.29520697167755999 0.63140963017440421 0.031030367870957146 -2.4028033373827804 14.500000000000002 0.27608892921960076 0.099337748344370827 1.5000000000000002 1.4350000000000003
decision_type=9 2 2 9 2 8 2 2 2 2 2 2 2 2 2 2 2 10 8 2 2 2 2 2 2 2 2 2 2 2
left_child=22 -2 3 -3 5 6 -4 -5 18 16 11 -11 -13 -14 -15 -12 24 -18 -9 20 21 -20 -1 -24 -10 26 27 -19 29 -29
right_child=1 2 4 7 -6 -7 -8 8 9 10 15 12 13 14 -16 -17 17 25 19 -21 -22 -23 23 -25 -26 -27 -28 28 -30 -31
leaf_value=-0.03163100222351875 0.050996076386913038 -0.0059134292475320959 0.049776988978328246 -0.056480973581323257 0.11529008973441437 0.059314685800153713 -0.051174547557075824 -0.024171951497546237 0.045205432100874271 -0.019398632968862406 -0.034727817831056135 0.063820705272895004 -0.02010488430889848 0.071391086024371372 -0.00284654663620749 0.021471847909671028 0.082339340144855944 0.089168020290720018 0.0089300300659701723 -0.043089276985020436 0.042375052482967468 -0.060096536995089579 0.14800824496051843 -0.0018429318666712971 -0.026224464487126765 -0.058905149148594363 0.073663963204744914 -0.0081061578335570993 0.0057362071561318098 0.061406479143917392
leaf_weight=7.2765706091563347 1.1776795006746983 18.903564399550586 0.61052987640761103 0.4464818745841076 0.25953370574401713 0.87778167536987939 0.70411983947023415 2.9070294950391511 0.43697087675564006 1.4961439627625548 2.4208982067404814 1.0751365881298278 1.5057625923232807 0.94302912702662167 0.83333612953036862 0.83525782028911244 0.66198515729051344 0.43648183440311505 4.5954111565260991 0.76573995801589489 1.5460514544168855 0.56714961813907727 0.094701723052865061 0.93120107701708932 1.3125170628056464 0.23850413628368805 1.0127581815464957 1.041903090508578 5.5632066242867886 1.9883147537392905
leaf_count=2622 196 7047 97 153 76 272 225 308 84 729 738 95 384 189 242 487 209 144 498 120 190 142 193 1070 512 98 1484 230 1164 771
internal_value=-0.000242433 0.00310725 0.00263814 0.00128221 0.031136 0.0211741 -0.00429215 0.00555937 0.00814745 0.0134395 0.000892842 0.0126886 0.0237063 0.0105659 0.0365644 -0.0203117 0.0224443 0.0273727 -0.00296649 0.00528103 0.0108022 0.0013469 -0.0119036 0.0119899 -0.00838337 0.0238335 0.0257985 0.0204301 0.0169387 0.0375054
internal_weight=63.4658 55.1633 53.9856 51.5336 2.45197 2.19243 1.31465 32.6301 32.1836 21.8022 9.10956 5.85341 4.35726 3.28213 1.77637 3.25616 12.6926 10.9432 10.3814 7.47435 6.70861 5.16256 8.30247 1.0259 1.74949 10.2812 10.0427 9.02991 8.59342 3.03022
internal_count=20769 16884 16688 16018 670 594 322 8971 8818 7560 2864 1639 910 815 431 1225 4696 4100 1258 950 830 640 3885 1263 596 3891 3793 2309 2165 1001
cat_boundaries=0 5 9
cat_threshold=272647753 838882434 1099695240 404783620 1 1083748626 16918529 304225072 2148663409
is_linear=0
shrinkage=0.05


Tree=28
num_leaves=31
num_cat=1
split_feature=22 2 2 19 18 2 10 3 7 8 11 6 4 11 5 3 8 10 3 17 21 1 6 10 4 0 18 3 9 13
split_gain=1.1729 0.900995 0.956812 1.06381 1.32953 0.973966 0.942061 0.908247 0.84359 0.881518 1.1808 1.19286 1.14848 0.940779 0.84026 0.827534 0.976772 0.764533 0.882379 0.8098 0.941606 0.72043 0.705911 0.813285 0.972199 0.7158 0.745597 0.664446 0.662743 0.987074
threshold=0 -0.20308429761305832 0.30891820247412266 6.5000000000000009 10.500000000000002 0.0072398249338260232 0.098486968170795872 5295759.4477000004 0.39500000000000007 1.385 0.11428571428571437 6.1072500000000014 18.056450000000002 0.0078456276069104602 280068864.10500008 690420.56655000011 0.97500000000000009 0.063418982890796741 239319.85905000003 84.500000000000014 0.11602982292637466 0.0078086267032675414 2.2799 0.11111111111111116 13.633350000000002 0.25902617575720932 20.500000000000004 653118.26875000016 2.6315789473684186 0.099999999999999992
decision_type=9 2 2 2 2 2 2 2 2 8 2 8 2 2 2 2 10 2 2 2 2 2 8 2 2 2 2 2 2 2
left_child=1 6 3 17 5 -5 15 -4 14 -10 12 28 13 -11 -2 21 -17 19 -19 20 -3 -1 -20 25 -25 -24 -27 -14 29 -12
right_child=8 2 7 4 -6 -7 -8 -9 9 10 11 -13 27 -15 -16 16 -18 18 22 -21 -22 -23 23 24 -26 26 -28 -29 -30 -31
leaf_value=-0.033529346577534591 0.067275537331877189 -0.054666077354095767 0.047252328441255667 0.1349000111032562 -0.016030466775976113 0.020218791926735962 0.046921492461887065 -0.018134733802404806 -0.0099751731181653355 0.067303733297866181 0.19921476183179176 1.5024281129818346e-05 -0.014084467238694373 -0.020645372249021795 -0.03240914310808253 0.022792607299181533 -0.057144122359015871 0.049359019693428409 0.027490913809088968 -0.016331646180587734 0.086168363325668587 0.044629720732090455 -0.050906943661918294 0.069440202932788006 -0.039634548809387049 -0.024356898673145375 0.059887980515525213 0.086700947904998743 0.033104767378408562 0.06599469972175967
leaf_weight=0.36026972733331675 0.7425565040446237 0.14712388335482929 2.0336102773893088 0.40731538751201984 0.62583444414937717 0.33941665659993275 3.1040833718554746 0.71879538822716593 35.555227850796442 0.32887815779371266 0.20205592088627566 1.0370718568345532 0.24424647668453991 4.029949785535055 0.29552913339886222 0.73970743189038368 0.79060802931527607 0.47600064067106718 0.67156637339218783 0.67338869137699564 0.61396578884921338 1.6231798204104737 2.818518032711161 0.44682949219032275 0.37636225339030238 2.0310043815101424 0.30164473837681072 0.49486149846700678 0.55535436366780644 0.44585667175941623
leaf_count=73 171 37 625 89 1008 94 292 65 11543 122 132 577 388 2538 23 51 77 199 166 52 317 206 486 46 69 830 45 192 114 142
internal_value=-0.0002885 0.00783545 0.00409108 -0.00314001 0.0377228 0.0827733 0.0268504 0.0301764 -0.00459498 -0.00671879 0.00905893 0.0393142 -0.00423705 -0.0140095 0.0388966 0.00911948 -0.0185052 -0.00969498 -0.0164026 0.0236073 0.0589441 0.0304331 -0.0211127 -0.0265761 0.0195714 -0.0339508 -0.0134628 0.0533953 0.0731854 0.10754
internal_weight=63.2308 19.2992 12.6814 9.92897 1.37257 0.746732 6.61785 2.75241 43.9316 42.8935 7.33827 2.24034 5.09794 4.35883 1.03809 3.51377 1.53032 8.5564 7.12193 1.43448 0.76109 1.98345 6.64593 5.97436 0.823192 5.15117 2.33265 0.739108 1.20327 0.647913
internal_count=20769 4827 4128 3438 1191 183 699 690 15942 15748 4205 965 3240 2660 194 407 128 2247 1841 406 354 279 1642 1476 115 1361 875 580 388 274
cat_boundaries=0 4
cat_threshold=2885812226 203751789 273678340 1690320008
is_linear=0
shrinkage=0.05


Tree=29
num_leaves=31
num_cat=2
split_feature=22 2 4 9 16 22 2 8 7 4 7 9 13 4 4 3 17 14 13 6 7 3 8 5 3 3 0 18 2 5
split_gain=1.0699 0.964368 0.732259 1.08568 1.06818 0.984333 0.852165 1.02224 0.93197 1.25899 0.853199 0.806497 0.833697 0.849065 0.758061 1.17466 1.29088 0.958864 0.958389 0.861585 0.837813 0.82822 0.901329 0.726157 0.806049 0.725427 0.777301 0.715064 1.16896 0.932215
threshold=0 -0.45339264834843612 2.5607500000000005 -1.2300258419574548 1.5000000000000002 1 -0.13278349584687607 0.89500000000000013 3.9150000000000005 10.123600000000001 1.0950000000000004 -5.9884222399150753 0.099925428784489193 11.538950000000002 7.3806000000000003 334876.02460000006 37.500000000000007 0.12023222060957911 0.10018066862078191 4.4073500000000001 2.4350000000000005 2256560.5991000007 0.70500000000000007 1713877431.0150001 3280349.9937000005 1720198.3867000004 0.16855475192461952 9.5000000000000018 -0.25644304332450674 118143920.74500002
decision_type=9 2 2 2 2 9 2 8 2 2 2 2 2 2 2 2 2 2 2 10 2 2 8 2 2 2 2 2 2 2
left_child=-1 -2 3 -3 -5 6 8 23 -4 -10 25 12 13 -7 15 17 -17 -13 27 -19 21 22 -20 -8 -25 26 -9 28 -16 -30
right_child=1 2 5 4 -6 11 7 10 9 -11 -12 14 -14 -15 18 16 -18 19 20 -21 -22 -23 -24 24 -26 -27 -28 -29 29 -31
leaf_value=-0.011322817502443254 0.047965565286901463 0.060375129946874599 -0.023846388297977049 -0.032283604269423047 0.053761203232216642 0.097919643467294704 -0.02511715285137215 0.07614592093365731 0.15596448838499358 -0.051696985618343884 0.0039648989062178617 -0.010111903308752224 -0.038417584036750434 -0.024557974862337427 0.048370289935996617 0.091182221461075283 -0.012603965468578827 0.084005406583763542 -0.023959079381590337 -0.015202182674343251 -0.0029339868528525702 -0.021054590323971972 0.065596635643945342 0.12873216585420333 -0.018630446238988053 0.11361348481429973 -0.018670830232316228 0.016867381617629462 0.09812100419861966 -0.022728919799213737
leaf_weight=7.1973526408280151 1.1761003423976664 1.3088549058779189 8.8084495624087431 1.0025190035246605 0.56338651101580262 0.25980050801262305 3.8677727729107647 0.41639288970970834 0.16875899037172915 0.12861291454621138 4.8069988984973895 0.77474050687548524 1.743900381125983 0.31076640814455886 0.8038457073693478 0.31046721082026252 8.5624841670142775 0.94137314020299101 0.31319064838865079 0.28514040376233307 1.0782309880153689 0.38953164133093032 2.7296501234131028 0.1688995522999914 0.20594333496059139 0.33459274923770643 0.44947904059736743 9.8604748600643841 0.16649993969018728 3.8364341370372181
leaf_count=3527 197 195 1512 274 153 104 1921 47 69 85 3131 257 240 49 67 336 1612 238 201 90 884 59 647 81 63 39 252 3119 73 1247
internal_value=-0.000285156 0.0026875 0.00220439 0.026766 -0.00132613 0.00083925 -0.00644612 0.000111856 -0.0209073 0.0661512 0.0133814 0.00549112 -0.0212527 0.0312107 0.009378 -0.00116796 -0.00897246 0.0334348 0.0153578 0.0609416 0.0355135 0.0475912 0.0563789 -0.0186775 0.0477693 0.0510875 0.026926 0.0091593 -0.00665281 -0.0177022
internal_weight=62.9706 55.7733 54.5972 2.87476 1.56591 51.7224 19.3559 10.2501 9.10582 0.297372 6.00746 32.3665 2.31447 0.570567 30.0521 10.8742 8.87295 2.00125 19.1779 1.22651 4.5106 3.43237 3.04284 4.24262 0.374843 1.20046 0.865872 14.6673 4.80678 4.00293
internal_count=20769 17242 17045 622 427 16423 7200 5534 1666 154 3469 9223 393 153 8830 2533 1948 585 6297 328 1791 907 848 2065 144 338 299 4506 1387 1320
cat_boundaries=0 5 9
cat_threshold=268453449 838882434 1099695240 404783104 1 1079513362 21112832 102898480 34734693
is_linear=0
shrinkage=0.05


Tree=30
num_leaves=31
num_cat=2
split_feature=22 2 11 2 20 1 22 13 15 15 20 8 20 14 10 11 1 21 10 13 7 20 17 10 0 2 7 0 4 0
split_gain=1.13868 0.854795 0.740101 0.698664 0.983656 0.682701 0.737684 0.7003 0.853615 0.796691 0.970323 1.13481 0.718063 0.965122 1.28662 0.70799 1.09105 0.815108 1.30146 0.822002 0.816915 1.58384 0.739987 0.720936 0.833882 1.04084 1.12598 0.852382 0.825915 0.732867
threshold=0 -0.45339264834843612 0.095467324729089961 -0.090771910461145841 0.16380022014309303 0.09983765164153692 1 0.10049525592651477 22.500000000000004 4.5000000000000009 0.33213429256594729 0.83500000000000008 0.1404052936311001 0.46673177083333339 0.098591549295774683 0.056929288520296849 0.053501738721090882 0.11602982292637466 0.097583914175520328 0.10019474215153103 1.2250000000000003 0.20319867465273356 90.500000000000014 0.099707599839265429 0.0099314617387497705 -0.13540767954799868 1.9650000000000001 0.086785599653532455 12.825950000000001 0.59486976981932094
decision_type=9 2 2 2 2 2 9 2 2 2 2 10 2 2 2 2 2 2 2 2 2 2 2 2 2 2 2 2 2 2
left_child=2 -2 3 4 -1 6 -3 8 12 10 11 -9 13 14 -8 -14 17 19 20 -17 21 -19 -22 -20 -25 26 27 -26 -28 -27
right_child=1 5 -4 -5 -6 -7 7 9 -10 -11 -12 -13 15 -15 -16 16 -18 18 23 -21 22 -23 -24 24 25 29 28 -29 -30 -31
leaf_value=0.079977552858295289 0.045386995696200791 -0.0053375525035407314 -0.037127575237458708 0.024955369250317327 -0.042000166920380902 0.028327315797551024 0.05661671083096869 -0.02083686463658899 -0.057551570104327314 0.066374567539639315 -0.059635552391733126 0.052355486630037799 -0.024080533342539994 -0.048176497071748092 -0.039755805323809457 0.01951927325330095 0.078801552435862024 0.06779273041900688 0.044930603787809713 0.08916764623629575 -0.0095271213343869378 -0.011964733848288247 -0.049950016612861761 -0.046577334073059772 0.028938847133413138 -0.011437019236188077 -0.029513447789888667 0.089711362596510524 0.045422933234872301 0.026829996270691155
leaf_weight=0.18871422970466545 1.1806484138552509 19.037540562063331 5.1783141287352894 1.1379861245972549 1.3310379951790794 2.4204833336452927 0.72639548902074591 0.83268756355396378 0.55221388744066402 0.96021336384560418 0.38975629900310504 1.4548600820292228 1.6222139855726698 1.3988586633958628 0.66189813065728431 1.6986575802332695 0.5635511266999228 0.89406077129354322 1.827760478224431 0.5643887392513206 4.3776509352126611 2.0489797992862182 1.5271097106622793 0.59564674101541903 1.2798290410828292 3.8860926633519544 0.90157369925580533 1.0506291387849866 0.62094002369273504 1.8452768748501522
leaf_count=34 196 7363 2360 1026 404 668 180 179 100 194 278 413 540 294 58 239 115 158 633 59 2118 411 369 97 88 1023 146 101 77 848
internal_value=-0.000371183 0.00279385 -0.0114751 -0.00467016 -0.0268537 0.00237797 0.00115405 0.0050664 0.00401149 0.0273015 0.013288 0.0257128 0.00522168 -0.0188652 0.0106691 0.00787474 0.0100637 0.00838806 0.0052954 0.0368891 -0.00925543 0.0122646 -0.0199814 0.0160171 0.0108258 0.0143933 0.0344894 0.0563366 0.00104851 0.000883463
internal_weight=62.756 54.9199 7.83605 2.65774 1.51975 53.7393 51.3188 32.2812 28.6437 3.63752 2.6773 2.28755 28.0915 2.78715 1.38829 25.3044 23.6821 23.1186 20.8555 2.26305 8.8478 2.94304 5.90476 12.0077 10.18 9.58434 3.85297 2.33046 1.52251 5.73137
internal_count=20769 16945 3824 1464 438 16749 16081 8718 7654 1064 870 592 7554 532 238 7022 6482 6367 6069 298 3056 569 2487 3013 2380 2283 412 189 223 1871
cat_boundaries=0 5 9
cat_threshold=272648009 855659650 1099695240 404783108 1 1083740210 1189889 304225072 2148532849
is_linear=0
shrinkage=0.05


Tree=31
num_leaves=31
num_cat=2
split_feature=22 2 21 0 5 2 6 0 21 1 22 19 0 6 5 17 5 18 10 7 2 5 8 7 16 7 7 10 17 0
split_gain=1.01505 0.842521 0.690687 1.38346 0.680488 0.742951 0.631364 0.603879 0.799462 0.875941 0.707232 0.727266 0.798438 0.712075 0.908756 1.1626 0.961613 1.06771 0.927234 0.894239 0.868515 0.765927 0.758865 1.22853 0.91946 0.78762 0.896664 1.0798 0.65447 0.949731
threshold=0 -0.41893116896806148 0.20112359550561801 0.0010794052073113418 46499445.125000007 -0.16160349463824916 11.811100000000001 0.79225687486807062 0.16580756013745707 0.062431862315628146 1 7.5000000000000009 0.045655835532195654 16.708600000000004 440047092.64500004 98.500000000000014 418513333.55500007 14.500000000000002 0.10012920435822666 1.4650000000000001 -0.011843883901244577 124204360.88000001 0.93500000000000016 1.2950000000000002 1.5000000000000002 1.8150000000000002 1.0750000000000004 0.096727248865406776 35.500000000000007 0.06536283975022654
decision_type=9 2 2 2 2 2 8 2 2 2 9 2 2 10 2 2 2 2 2 2 2 2 8 2 2 2 2 2 2 2
left_child=1 -1 -3 -4 5 -2 -5 10 -9 -10 13 28 -13 14 16 -16 17 20 -19 -20 22 -21 25 -24 -25 26 -6 -28 29 -12
right_child=4 2 3 6 7 -7 -8 8 9 -11 11 12 -14 -15 15 -17 -18 18 19 21 -22 -23 23 24 -26 -27 27 -29 -30 -31
leaf_value=0.024175838107928758 0.059027731983901523 -0.038046904859631164 0.14190808635490487 -0.022757439794108977 0.072190327059603196 -0.053213961137068423 0.11147492535593213 0.042499122421682217 -0.0045189178613912837 0.083022448965390586 0.09045881885942679 0.13481503095368183 0.016566403844059486 0.07900300733765464 -0.016065209331096248 0.038912781101804135 0.12240471214211841 -0.032901069335493784 0.062460781640716667 0.054195121425374262 -0.018659711216403609 -0.053916402764408615 0.072324460947226152 -0.027896677281554164 0.054385622536401307 0.08557994238492353 0.052474378483473985 -0.061089813043513103 -0.0073793416671295775 -0.018373006628993428
leaf_weight=0.8250496460796003 0.95052337971056422 5.5112738036928954 0.15142226412219373 1.6529980382000684 0.7245390943812875 0.17449758374906776 0.092502353689537853 2.0730129272938753 3.1893234708625364 0.31387332458243289 0.41869957063955243 0.17408033376649545 0.79329206118124485 0.37798387589061455 4.9482433935841579 1.1935382756929884 0.2212231629288216 1.6313123282012094 0.70292855322195691 0.2499258015062365 0.82036575986778348 0.47554641456826435 0.7011267705735903 1.2793416544690051 0.46216732293339879 1.1805649021972757 0.42257775348989518 0.41475412508633064 29.940158490620885 0.38459109900665578
leaf_count=92 354 1199 40 2137 54 247 402 433 2687 316 277 89 1750 177 1059 210 58 587 81 30 524 135 71 307 93 188 57 51 5906 1158
internal_value=-0.000407662 -0.0107254 -0.0290901 -0.00306721 0.00264878 0.0416184 -0.0156438 0.00232192 0.017888 0.00332446 0.000495209 -0.00368056 0.0378454 0.00686076 0.00954022 -0.00538128 0.0194089 0.0168955 -0.00714493 0.02227 0.0291438 -0.0166719 0.0367071 0.016439 -0.00606033 0.0547596 0.0314635 -0.00377717 -0.0061844 0.0383535
internal_weight=62.4514 8.23325 7.4082 1.89692 54.2182 1.12502 1.7455 53.0932 5.57621 3.5032 47.517 31.7108 0.967372 15.8061 15.4282 6.14178 9.28637 9.06515 3.05971 1.4284 6.00544 0.725472 5.18507 2.44264 1.74151 2.74244 1.56187 0.837332 30.7434 0.803291
internal_count=20769 3870 3778 2579 16899 601 2539 16298 3436 3003 12862 9180 1839 3682 3505 1269 2236 2178 833 246 1345 165 821 471 400 350 162 108 7341 1435
cat_boundaries=0 5 9
cat_threshold=272648009 855790722 1099170952 404783136 1 738361474 2218002732 844111941 96477200
is_linear=0
shrinkage=0.05


Tree=32
num_leaves=31
num_cat=2
split_feature=22 7 3 4 22 1 5 20 5 14 4 9 9 11 5 9 8 21 10 14 18 2 1 7 7 3 1 10 11 11
split_gain=0.909372 0.746294 0.670833 0.859385 0.825766 1.14434 1.35072 0.899736 0.730612 0.728849 0.724983 0.691359 0.691056 0.691059 0.603471 1.68968 1.1813 0.764945 0.998589 1.13382 1.04942 1.16314 1.01376 0.934307 0.813205 0.737597 0.728617 0.685224 0.833856 1.01572
threshold=0 0.39500000000000007 3280349.9937000005 10.264150000000003 1 -0.0081799591002044685 1286073635.1750002 0.1404052936311001 3899911295.6250005 0.057417582417582429 5.1692500000000008 3.2332202556034977 7.1820302681990471 0.14547898655019545 87850716.580000013 1.2914257489031635 0.84500000000000008 0.14017543859649126 0.097583914175520328 0.48591269841269846 11.500000000000002 -0.28209439348842857 -0.0050265292945172449 1.3950000000000002 1.175 1059845.7990500003 -0.0051858292844721423 0.094092998907003331 0.10875197396049265 0.11136428534344021
decision_type=9 2 2 2 9 2 2 2 2 2 2 2 2 2 2 2 8 2 2 2 2 2 2 2 2 2 2 2 2 2
left_child=-1 -2 4 -4 5 6 -3 10 11 -9 -7 -5 13 14 15 16 -11 23 27 22 -21 -22 -20 25 -23 -16 -26 28 -19 -30
right_child=1 2 3 8 -6 7 -8 9 -10 12 -12 -13 -14 -15 17 -17 -18 18 19 20 21 24 -24 -25 26 -27 -28 -29 29 -31
leaf_value=0.0065816656674196261 0.036976213604226073 -0.040240848194890065 -0.042103214054375816 -0.012360921047021987 -0.0091891659065476885 0.065088058732770349 0.065862722835777918 -0.04445728328586241 -0.023169959013615814 -0.0036520912437481901 -0.045156714202051328 0.093581885992733857 0.1074291624361061 0.12146625539010639 -0.05399235956892523 -0.063891986368026357 0.11121255223347926 -0.0087188807548028071 -0.025666521970943365 -0.050376016081251307 0.11268990477770234 0.081165432707934804 0.065266179859287676 0.054494454277766974 0.11857398746106157 0.037244170307323708 -0.05273839435333795 -0.046433471349274641 0.11394050957414015 -0.019491373725359272
leaf_weight=20.313552615467184 1.015711214993934 2.193951707545664 2.7236288890759579 0.27778291760564938 17.835462806228325 0.17268935205652214 0.34744824666847085 0.51817951121897365 0.95851899234739835 0.32682415933478653 1.0928701374559904 0.34555789800625875 0.20331133592577266 0.14964562571357376 0.44160768281672302 0.2774966168838503 0.71031306899857249 4.4850591424212327 0.37406900986260594 0.75509120845746935 0.28707150234514156 0.20823386737767524 1.6968977252254454 1.7998290296002148 0.070065437763776939 0.44449944444337974 0.5437127080979316 1.0155486174213617 0.3232356336394327 0.25525035658532508
leaf_count=5076 190 551 631 91 8136 63 81 167 180 110 328 36 85 34 66 150 211 1928 114 418 31 38 608 324 56 44 402 505 36 79
internal_value=-0.000398453 -0.00432564 -0.00641232 -0.0250792 -0.00421212 0.0035522 -0.0257349 0.0103597 0.00423265 0.0138007 -0.0301135 0.04637 0.0159018 0.014588 0.0134468 0.0456951 0.0750162 0.0101087 0.00375362 0.0233779 -0.00491029 0.0260439 0.0488414 0.0338028 -0.00421552 -0.00822522 -0.0331823 -0.00894964 -0.00143185 0.0550652
internal_weight=62.1631 41.8496 40.8339 4.30549 36.5284 18.6929 2.5414 16.1515 1.58186 14.8859 1.26556 0.623341 14.3678 14.1645 14.0148 1.31463 1.03714 12.7002 10.0142 3.93514 1.86417 1.10908 2.07097 2.68594 0.822012 0.886107 0.613778 6.07909 5.06355 0.578486
internal_count=20769 15693 15503 938 14565 6429 632 5797 307 5406 391 127 5239 5154 5120 471 321 4649 4215 1667 945 527 722 434 496 110 458 2548 2043 115
cat_boundaries=0 4 8
cat_threshold=738197536 202735980 877658116 1690320008 2148950023 2154432529 2147590209 51790096
is_linear=0
shrinkage=0.05


Tree=33
num_leaves=31
num_cat=2
split_feature=22 4 7 8 14 17 4 9 16 17 2 3 22 2 2 18 8 0 7 3 8 9 8 2 7 4 10 15 3 9
split_gain=0.903199 0.810572 0.868667 0.762236 0.726355 0.798764 0.712145 0.730431 0.825012 0.593706 0.73234 0.705107 0.66734 0.982832 0.895216 1.43326 0.816443 1.17419 0.69957 0.66595 0.662796 0.714402 0.653561 0.707387 0.624246 1.02277 0.613269 1.2615 1.27329 0.68888
threshold=0 11.688250000000002 2.4350000000000005 1.655 0.59199964456029164 44.500000000000007 2.5607500000000005 -1.2300258419574548 1.5000000000000002 34.500000000000007 -0.16831770787698239 2720255.6330000008 1 -0.45339264834843612 -0.09831196581196576 27.500000000000004 0.95500000000000007 0.019451442280883389 2.5950000000000002 5295759.4477000004 1.0150000000000003 2.8578720921753069 0.79500000000000015 -0.26182473186673388 3.9150000000000005 10.870800000000001 0.090508535175698526 2.5000000000000004 3033727.0440000002 5.0369677359956126
decision_type=9 2 2 8 2 2 2 2 2 2 2 2 9 2 2 2 10 2 2 2 10 2 8 2 2 2 2 2 2 2
left_child=1 -1 -3 4 5 -4 7 -2 -9 10 22 -12 13 -11 15 24 17 -16 26 -14 -21 -22 -8 -24 -15 -26 27 28 -18 -29
right_child=6 2 3 -5 -6 -7 9 8 -10 12 11 -13 19 14 16 -17 18 -19 -20 20 21 -23 23 -25 25 -27 -28 29 -30 -31
leaf_value=-0.037404127354992447 0.05467011932839947 -0.020394702468496881 0.14435531862573411 -0.053462169637641603 0.21186806868644548 -0.042647052520465689 0.14975273572453082 -0.021813811170709473 0.051631407244026185 0.051892798887537964 -0.018422949688125669 0.08021304639710683 0.0084081426422672519 -0.025826759979338771 0.082182429508570784 0.083477164490718847 0.1123076061053512 -0.021108953835674949 -0.034342368824901201 -0.04329090069728856 0.029159554321209747 -0.046560705558865913 0.073348679902136185 -0.041298235485673296 0.1047252499399165 -0.058714989404863888 0.0041791579106883955 -0.011634580341758384 -0.035422553585573842 0.085148561326367625
leaf_weight=4.9395930861838959 1.2995634850481308 0.99987055811134262 0.1152935301224477 0.10459309258180854 0.10263101349771053 0.11314157769466954 0.17469334147383722 1.0624955462324077 0.59731807207947252 0.66647720176691905 0.88299292416287989 0.22796250029414711 27.132714989457249 9.6988411685796763 0.29432877067398333 0.32429218695546858 0.76643839918704293 4.2199969650432791 0.63562312868513071 1.3024676487083879 1.0087112511475027 0.45067304843593214 0.47809920346190915 0.18723938550080976 0.23508227465582435 0.16146281636095247 2.3704328980635241 0.96267255871239554 0.18013882328984232 0.22726311458893245
leaf_count=2028 196 734 65 169 250 144 169 281 152 79 2089 76 7022 1500 33 89 266 2062 935 175 117 103 138 210 72 83 990 379 31 132
internal_value=-0.000410806 -0.0108202 0.00527922 0.0642028 0.101376 0.051735 0.00231501 0.026597 0.00461696 0.00138877 0.0284545 0.00181666 0.000345976 -0.00529099 -0.00982472 -0.0199891 0.00114253 -0.0143745 0.0147639 0.00451642 -0.0173634 0.00577635 0.0636834 0.0410848 -0.0233127 0.0381766 0.0216894 0.0411169 0.0841937 0.00684981
internal_weight=61.9231 6.37512 1.43553 0.435659 0.331066 0.228435 55.548 2.95938 1.65981 52.5886 1.95099 1.11096 50.6376 20.7431 20.0766 10.4197 9.65689 4.51433 5.14257 29.8946 2.76185 1.45938 0.840032 0.665339 10.0954 0.396545 4.50695 2.13651 0.946577 1.18994
internal_count=20769 3390 1362 628 459 209 17379 629 433 16750 2682 2165 14068 6651 6572 1744 4828 2095 2733 7417 395 220 517 348 1655 155 1798 808 297 511
cat_boundaries=0 5 9
cat_threshold=268453705 855659650 1101272200 402685952 1 1088163858 4333569 101321584 2184315492
is_linear=0
shrinkage=0.05


Tree=34
num_leaves=31
num_cat=3
split_feature=22 9 7 22 3 7 13 7 16 7 2 4 8 15 7 8 9 0 6 19 22 4 17 9 5 1 13 20 13 5
split_gain=0.839221 0.636 0.561607 0.783782 1.08916 1.25746 1.01338 0.960792 0.885134 0.862014 0.843559 0.841473 0.835635 0.837479 0.750254 0.728833 0.698988 0.688834 0.675321 0.64033 0.624636 0.665604 0.672988 0.64738 0.85505 0.622725 0.617959 0.79605 0.743462 0.976136
threshold=0 -9.430835906431815 0.94500000000000006 1 622509.4920000002 1.1650000000000003 0.10004421849312607 2.0050000000000003 1.5000000000000002 1.7450000000000003 -0.28209439348842857 7.5530000000000008 0.71500000000000008 4.5000000000000009 3.8550000000000004 0.76500000000000012 -3.5574387947269299 0.16441448862369182 4.1961500000000012 7.5000000000000009 2 17.604900000000004 81.500000000000014 2.4947304734767144 84147847.000000015 0.0064713510039770003 0.09962523057331997 0.22886461098631819 0.10034722640849737 414218790.30500007
decision_type=9 2 2 9 2 2 2 2 2 2 2 2 8 2 2 8 2 2 8 2 9 2 2 2 2 2 2 2 2 2
left_child=1 -1 -2 4 5 -4 8 15 9 -7 -11 -10 14 20 17 -8 -12 -5 -9 -15 21 26 -23 24 -22 -18 27 -14 -28 -30
right_child=2 -3 3 12 -6 6 7 18 11 10 16 -13 13 19 -16 -17 25 -19 -20 -21 23 22 -24 -25 -26 -27 28 -29 29 -31
leaf_value=0.089763537085835621 0.012447232416889539 -0.030099952887729112 0.080692525751254227 -0.052641106189679258 -0.00170140538367903 -0.050435146214114185 0.01141817375915765 -0.044794600401029595 0.094161272163682641 -0.062550278574511467 0.14705333599048265 -0.012396293154675228 0.077783104734127764 -0.023916982941717162 0.099482440109001313 0.073432590255837732 -0.01963426432899926 -0.0049996578168154089 0.024951184434388686 0.099453750104715105 0.080441530977233888 0.015037841797708888 0.083601487748799538 -0.046459183023500154 -0.013228339170642953 0.059298957995096317 -0.0050061543675799548 0.0028663299972843145 0.047888037637510178 -0.037968130515052836
leaf_weight=0.11275810045422652 11.494345591165894 5.9712533606581957 0.85763979349627906 1.9780862150808649 9.1436109510707837 1.1248907146129568 0.67358089183607228 0.48051680875889435 0.39616458360817103 0.32906358641617495 0.11189868758587129 0.34803892374037354 0.66656020902590241 4.9189894971300827 0.10822247514126759 1.597312764138749 0.56357149463076206 1.2308294121068619 1.2497032054916031 0.10747468639181157 0.25691628389817722 0.8742174694323519 0.60598388294064987 1.4400029458532149 4.7112353187046461 0.44890096143417868 7.1343692190969898 0.75760681322820145 1.5574723222665912 0.42042784487534168
leaf_count=47 1866 3053 193 471 2310 237 98 142 98 30 37 276 115 1646 216 284 314 1164 500 816 158 811 117 657 1729 173 2185 376 492 158
internal_value=-0.000403222 -0.0105454 0.0022069 3.79359e-05 0.00643999 0.0234106 0.0167026 0.0336514 -0.0037077 -0.0175726 0.00786145 0.0443279 -0.00474047 -0.00318888 -0.0300006 0.0550382 0.0284685 -0.0343675 0.00558138 -0.0212791 0.00174631 0.00639207 0.0431073 -0.00661601 -0.00838442 0.0153624 0.00730079 0.03793 0.00251372 0.0296382
internal_weight=61.6716 6.08401 55.5876 44.0933 17.3249 8.18128 7.32364 4.00111 3.32253 2.57833 1.45343 0.744204 26.7684 23.4513 3.31714 2.27089 1.12437 3.20892 1.73022 5.02646 18.4248 12.0166 1.4802 6.40815 4.96815 1.01247 10.5364 1.42417 9.11227 1.9779
internal_count=20769 3100 17669 15803 4692 2382 2189 1024 1165 791 554 374 11111 9260 1851 382 524 1635 642 2462 6798 4254 928 2544 1887 487 3326 491 2835 650
cat_boundaries=0 5 9 13
cat_threshold=268437320 855667842 1101272200 402685984 1 2885812356 134514984 876642309 1682076680 42000418 2160590868 34677024 28838801
is_linear=0
shrinkage=0.05


Tree=35
num_leaves=31
num_cat=2
split_feature=22 10 9 0 17 0 8 22 17 19 2 6 11 11 15 6 0 18 1 9 5 2 4 8 4 14 0 3 3 1
split_gain=0.798225 0.682041 0.83307 1.19518 0.67789 0.925743 0.885304 0.665101 0.99965 0.891657 1.18638 0.749943 0.817689 0.926447 0.756934 0.706113 0.644424 0.640095 0.848783 0.804533 0.703864 0.783226 0.719604 0.954368 0.652651 0.630236 0.614692 0.609057 0.650651 0.586137
threshold=0 0.019332747510251828 0.35180326245699561 0.66277491210937445 34.500000000000007 0.067983357463341873 0.77500000000000013 1 41.500000000000007 7.5000000000000009 -0.024254034598862158 9.8876000000000008 0.09884020029442063 0.075952825620806533 3.5000000000000004 9.1266500000000033 0.012735388289639398 9.5000000000000018 -1.0000000180025095e-35 -2.6896799851443771 770314310.91500008 0.21783957760740638 8.4914500000000022 0.93500000000000016 9.8064000000000018 0.97162977867203237 0.53089998580238851 221347.41970000003 124935.83150000001 0.011518526053229674
decision_type=9 2 2 2 2 2 10 9 2 2 2 10 2 2 2 8 2 2 2 2 2 2 2 10 2 2 2 2 2 2
left_child=-1 2 -2 -4 5 -3 -7 17 -9 11 -11 15 13 -13 26 27 -12 -6 19 -19 22 -22 23 -21 -24 -18 -15 28 -10 -29
right_child=1 4 3 -5 7 6 -8 8 9 10 16 12 -14 14 -16 -17 25 18 -20 20 21 -23 24 -25 -26 -27 -28 29 -30 -31
leaf_value=-0.010272832892005626 0.040503143802483536 0.076923513345204086 -0.026814546722370543 0.063464995057428655 -0.0061503037732610899 0.071235293614136913 -0.024498572881484475 -0.04081956330421118 0.058964334523107113 0.098500581561001596 0.1754862747137606 -0.017162299236982172 -0.0010207576108704744 0.12516232868631624 0.0078416251849605049 -0.052733743639534925 -0.027400902645280917 0.078427106068217192 0.005857018642241904 -0.055392188307326555 -0.053991935639308819 0.037136850548561882 0.11908284815134849 0.043295904837667321 0.040259078956469026 0.13589308342551137 0.035079959955038605 0.00059287742980261918 -0.05665433145479825 -0.015672275765363741
leaf_weight=6.104853121755661 2.4890235001182699 0.68199173849060279 1.4137753740996601 0.49494168705110064 3.6704885715985425 0.34169725534983231 0.82347228640149805 1.8173734746135171 0.13895339039098553 0.49826753451219208 0.04863526299595744 0.47739270240623577 3.2810056308615962 0.52113254792623909 0.39072737944936353 0.83957919972129147 0.65158045685072763 0.86761633883095601 5.7079869895249464 0.36979589390026779 0.51161206313033591 0.4373409434998683 0.39093644122935989 0.72578882123445154 0.79999368514911673 0.064981257140194981 0.29746979389300454 17.410691167071747 0.97907647251412422 8.1231158052802055
leaf_count=3134 533 461 391 324 697 608 1574 891 90 668 1 151 976 128 131 243 1798 92 1790 57 103 82 48 88 258 88 120 3212 363 1669
internal_value=-0.000394705 0.00216373 0.0214462 -0.00340452 0.000922059 0.0306569 0.00357631 -0.000198368 -0.00366591 -0.00275071 0.0384586 -0.00435477 0.0135239 0.0418161 0.0650983 -0.00758546 -0.000638487 0.00669551 0.0183258 0.0356717 0.0242065 -0.0119937 0.0392303 0.00998543 0.0661339 -0.0125926 0.0924275 -0.00616321 -0.0422848 -0.00458158
internal_weight=61.3713 55.2664 4.39774 1.90872 50.8687 1.84716 1.16517 49.0215 35.54 33.7226 1.26346 32.4591 4.96773 1.68672 1.20933 27.4914 0.765197 13.4816 9.81107 4.10308 3.23547 0.948953 2.28651 1.09558 1.19093 0.716562 0.818602 26.6518 1.11803 25.5338
internal_count=20769 17635 1248 715 16387 2643 2182 13744 10529 9638 2555 7083 1506 530 379 5577 1887 3215 2518 728 636 185 451 145 306 1886 248 5334 453 4881
cat_boundaries=0 5 9
cat_threshold=268437064 855661698 1099306136 404783136 1 738197636 203784556 2688614405 1681929600
is_linear=0
shrinkage=0.05


Tree=36
num_leaves=31
num_cat=2
split_feature=22 17 8 8 0 3 22 2 7 7 19 10 8 13 6 1 10 13 17 13 1 9 3 15 0 4 8 3 13 17
split_gain=0.751151 1.14464 0.881858 0.752982 0.679944 0.863864 0.732745 1.19265 0.945545 1.4251 0.883138 0.823272 0.814216 0.961429 0.818775 0.846086 1.26531 0.957776 0.80989 1.3059 1.01035 0.755208 0.749928 0.719125 0.672532 0.618515 0.759252 0.60709 0.694223 0.786484
threshold=0 56.500000000000007 1.4550000000000003 1.6450000000000002 0.79225687486807062 4831276.447900001 1 -0.45339264834843612 1.4650000000000001 1.4350000000000003 7.5000000000000009 0.12450613987177443 0.85500000000000009 0.10088107436733419 6.1557000000000004 0.013753806989998509 0.011647659021212219 0.099798724693732091 90.500000000000014 0.099828373881803781 0.0096805431183489849 0.3786445071456313 137206.02205000003 10.500000000000002 0.095520242879944137 7.671450000000001 0.9850000000000001 2256560.5991000007 0.10078129768662637 81.500000000000014
decision_type=9 2 10 10 2 2 9 2 2 2 2 2 8 2 10 2 2 2 2 2 2 2 2 2 2 2 8 2 2 2
left_child=1 2 -1 -4 5 6 7 -2 9 -9 12 23 13 22 15 18 21 -18 20 24 27 -17 -8 -10 -20 26 -21 28 29 -14
right_child=4 -3 3 -5 -6 -7 10 8 11 -11 -12 -13 14 -15 -16 16 17 -19 19 25 -22 -23 -24 -25 -26 -27 -28 -29 -30 -31
leaf_value=-0.0079009282980648573 0.080160959744524751 -0.036734443319018893 0.14349545604844352 -0.0061726769000133705 0.018965192081516147 -0.025151225298219056 0.067757423301863254 0.01705840305377335 0.00068555923645190642 0.10801494049800141 0.046843573696721867 0.10459913276585027 0.0024549838127764603 0.06021295580184044 -0.014371966672840126 0.062790381179671714 0.056403928100839718 -0.03980299224441422 0.14207206363424427 0.040700947325003789 0.091702632360971592 -0.013588172377647662 -0.02278607122889972 -0.053807130625296518 0.032516814751740918 0.056578867006254009 -0.033063340441070919 0.053706560786584784 0.069466604372829463 -0.048836941864590408
leaf_weight=1.1768991988787809 0.62123217283253396 4.9696415150699433 0.20676438651508802 0.14157855531092298 5.5995086395214946 3.0597380586489455 0.23460050085773509 7.7175562191611409 8.6428155281665244 0.45609464622021878 0.82380005919224686 0.18078833731965716 2.4145620548528868 0.38413268428763991 5.866501624919306 0.75901998471458598 0.28983230308948638 2.4081450519680199 0.40285876949904653 0.65864653303802634 0.31701787182319741 0.56422088285583838 9.0754546031154888 0.65104106901866288 0.21476051995895573 0.80751894036007144 0.74165743689371866 0.45503139619973465 0.27228430972883844 1.0823889457224227
leaf_count=1223 82 1674 83 242 3631 433 84 1377 3116 85 1726 21 789 87 1853 98 130 539 149 35 92 129 2280 281 23 75 190 71 70 101
internal_value=-0.000467702 -0.00988548 0.012783 0.0826652 0.00207783 0.000575184 0.00228484 0.00780054 0.0096734 0.0221338 -0.00305299 -0.00107605 -0.00571119 -0.0173061 0.000803248 0.00862076 -0.0098257 -0.0294679 0.01869 0.039708 0.00561325 0.0302231 -0.0205045 -0.00313169 0.103977 0.0217293 0.00163241 -0.000847489 -0.00743339 -0.0134211
internal_weight=61.1961 6.49488 1.52524 0.348343 54.7012 49.1017 46.042 18.2695 17.6483 8.17365 27.7724 9.47464 26.9486 9.69419 17.2544 11.3879 4.02122 2.69798 7.36673 2.82544 4.54128 1.32324 9.31006 9.29386 0.617619 2.20782 1.4003 4.22427 3.76924 3.49695
internal_count=20769 3222 1548 325 17547 13916 13483 4962 4880 1462 8521 3418 6795 2451 4344 2491 896 669 1595 472 1123 227 2364 3397 172 300 225 1031 960 890
cat_boundaries=0 5 9
cat_threshold=268437448 855661698 1099306136 402685952 1 738598914 72745325 307240992 557872144
is_linear=0
shrinkage=0.05


Tree=37
num_leaves=31
num_cat=2
split_feature=22 5 8 7 5 4 11 22 11 2 14 2 5 8 17 19 6 15 6 13 6 6 18 11 18 5 7 17 9 5
split_gain=0.71757 1.25623 0.658185 0.628177 0.655625 0.635459 1.06966 0.828422 0.637219 0.606235 0.592627 0.577948 0.570277 0.567287 0.985226 0.552516 1.05011 0.52904 0.660752 0.652049 0.619005 0.558432 0.780012 0.969584 0.677173 0.5573 0.54752 0.528447 0.873519 0.647147
threshold=0 46499445.125000007 0.59500000000000008 0.39500000000000007 280068864.10500008 7.671450000000001 0.12303370345204107 1 0.14150617993676351 -0.4359122999964522 0.31726674409601247 0.40778658351738778 3557298496.9350004 0.77500000000000013 103.50000000000001 6.5000000000000009 3.1609500000000006 4.5000000000000009 2.6685500000000002 0.10000002588235414 3.4075000000000002 5.1074000000000011 12.500000000000002 0.11454903012425137 9.5000000000000018 184241568.19500002 1.9950000000000003 112.50000000000001 0.14215484277083637 510061927.22000009
decision_type=9 2 10 2 2 2 2 9 2 2 2 2 2 8 2 2 10 2 10 2 8 8 2 2 2 2 2 2 2 2
left_child=1 -1 -3 4 -2 6 -5 13 17 -4 -8 15 -13 14 -7 27 -17 18 26 -19 -20 22 23 24 -22 -21 -9 29 -29 -11
right_child=3 2 9 5 -6 7 10 8 -10 11 -12 12 -14 -15 -16 16 -18 19 20 25 21 -23 -24 -25 -26 -27 -28 28 -30 -31
leaf_value=0.10227530278367203 0.060255732686796751 -0.032092478382827062 0.061993145632441363 -0.015546612964746222 -0.031187562852408725 -0.015061232292261226 0.077756136760662023 0.10503771039136511 -0.044423505314300248 0.0057793841153426879 -0.00054797717456738111 0.052554749348700518 0.00018226196550919735 -0.031464790359734589 0.09476462391373007 0.063472379863133407 -0.0039539157117892592 -0.040214932462915846 -0.043177197627458634 -0.06287951328673165 -0.0079038367470604283 0.010682679595776437 0.0056563403874937308 0.13698802062125501 0.086129284416061935 0.026582407098352707 -0.012225814546914914 0.058705932865792711 -0.012586256397356261 -0.017418222171422398
leaf_weight=0.34988483526031444 0.69957344819946377 1.0367094540525084 0.5211449001762628 17.64156468657934 0.27231804489974942 1.1044183222527992 0.48167396437294602 0.36125814395720557 0.51942016871577656 8.0422853780486658 0.48485977269731745 1.3018195285105112 0.86525003105175624 4.712618048141576 0.25052719434042026 1.0628988299532007 1.2643358428464018 0.99988045730473651 0.45565512720343376 0.20517660192520204 0.40537841660785146 8.4287939183609488 0.91527661310286923 0.34923013744900666 0.36281897578969691 1.1486498544470904 0.13740565243669056 0.95133784054284032 0.78354447765678059 4.8013844189024644
leaf_count=180 161 400 62 4974 21 788 108 74 130 1664 123 381 70 2828 63 283 1172 525 196 78 222 3981 356 57 128 366 113 186 83 996
internal_value=-0.000457207 0.00563891 0.00673327 -0.00405612 0.0346339 -0.00606214 -0.0127406 4.27549e-05 0.00584812 0.00878752 0.038475 0.00733374 0.0316439 -0.00878629 0.00524539 0.00421754 0.0268411 0.0119916 0.0164418 -0.00959238 0.0138709 0.0163557 0.0398793 0.067911 0.0365079 0.0130242 0.072726 0.000606038 0.0265074 -0.00289264
internal_weight=60.9171 20.9806 20.6307 39.9365 0.971891 38.9646 18.6081 20.3565 14.2889 19.594 0.966534 19.0729 2.16707 6.06756 1.35495 16.9058 2.32723 13.7695 11.4158 2.35371 10.9172 10.4615 2.0327 1.11743 0.768197 1.35383 0.498664 14.5786 1.73488 12.8437
internal_count=20769 5477 5297 15292 182 15110 5205 9905 6226 4897 231 4835 451 3679 851 4384 1455 6096 5127 969 4940 4744 763 407 350 444 187 2929 269 2660
cat_boundaries=0 4 8
cat_threshold=1811939328 202703212 340787204 1154497688 268731472 2993308672 1611400416 436371461
is_linear=0
shrinkage=0.05


Tree=38
num_leaves=31
num_cat=2
split_feature=22 7 8 3 11 4 11 13 7 5 4 9 3 22 2 20 1 15 6 9 7 2 2 6 4 3 5 8 11 8
split_gain=0.681146 0.96322 0.847989 0.599389 0.553126 0.528241 0.808144 0.526347 0.525297 0.685754 0.526618 0.758002 0.565325 0.684219 1.12802 0.753054 1.02585 0.688284 1.26667 0.864904 0.773455 0.787829 1.08587 0.967462 0.911933 0.706763 0.789117 0.679914 1.09033 0.985645
threshold=0 0.90500000000000014 0.59500000000000008 174648.76170000003 0.11091626176271611 9.6010500000000025 0.019887607648518432 0.10028469765311866 0.39500000000000007 280068864.10500008 17.909000000000002 -3.3931348887101138 3280349.9937000005 1 -0.45339264834843612 0.15692901979719945 0.031866854349164926 2.5000000000000004 2.4861500000000003 3.2867911041798652 0.50500000000000012 -0.21891876271696395 -0.050182678845256339 5.3563000000000001 7.4962500000000007 430703.40290000004 205756370.10000002 0.93500000000000016 0.11304347826086962 0.97500000000000009
decision_type=9 2 10 2 2 2 2 2 2 2 2 2 2 9 2 2 2 2 8 2 2 2 2 10 2 2 2 8 2 10
left_child=1 4 -3 -4 5 6 -1 -8 9 -2 12 -12 13 14 -10 16 -16 20 19 -19 -17 -22 23 24 -23 26 -25 -15 29 -29
right_child=8 2 3 -5 -6 -7 7 -9 10 -11 11 -13 -14 27 15 17 -18 18 -20 -21 21 22 -24 25 -26 -27 -28 28 -30 -31
leaf_value=0.062586820356230699 0.058298036630645839 -0.052468171167852309 0.078671764066160527 0.0058356610795712877 0.083099097831490581 0.073004583671796602 -0.03542178151725222 0.039003704304189521 0.072014440969945706 -0.033644307707128583 -0.036845656258405864 0.022908292678975734 -0.025366826331749415 -0.025173594468138168 -0.046482532600007918 -0.065259839802294731 0.052249057996789722 0.039358913322166567 -0.016523894406491123 -0.059845654184383937 -0.0027424954523754996 0.047955347033162489 0.0061107206258246734 -0.028695040566684406 0.12487252121341735 -0.032068442325411915 0.11212708515292868 0.027661740845776474 0.024695366760822526 -0.022972724627651053
leaf_weight=0.54518512605039426 0.70157878384978156 0.6185971485248104 0.28877387054703163 12.91620292974058 0.53471626411612083 0.46853482395185952 0.75097601654691093 0.34747507170773251 0.59560668906832148 0.28526565472331844 0.63978512544552657 3.1137337145140767 3.7414596806470106 8.0828873877676202 1.4638099098495081 0.2798812698625629 0.32074136798130903 1.9280709499444251 5.9526745780016137 0.24796334794942243 2.593161052365863 1.0390657323031596 2.2318108903854297 0.16155013679263946 0.61250736975621523 0.45142541352412308 0.25892319807557329 1.1416438372169784 2.2803127706651489 6.0773466994852425
leaf_count=110 177 257 158 3370 40 65 144 43 89 22 308 2497 882 2893 264 33 207 392 2001 63 342 337 1592 79 121 149 71 267 709 3087
internal_value=-0.000443448 0.00624656 0.00474814 0.00742848 0.0376718 0.0261714 0.0128212 -0.0118786 -0.00354704 0.0317204 -0.00517321 0.0127233 -0.00687553 -0.00493864 0.00280022 0.00204646 -0.0287373 0.00553285 -0.00459041 0.0280544 0.0163202 0.0194273 0.031517 0.0539868 0.0764811 0.0113776 0.0580218 -0.00925218 -0.00544463 -0.0149652
internal_weight=60.6717 16.4705 13.8236 13.205 2.64689 2.11217 1.64364 1.09845 44.2012 0.986844 43.2144 3.75352 39.4608 35.7194 18.1372 17.5416 1.78455 15.757 8.12871 2.17603 7.62833 7.34844 4.75528 2.52347 1.65157 0.871899 0.420473 17.5822 9.4993 7.21899
internal_count=20769 4187 3785 3528 402 362 297 187 16582 199 16383 2805 13578 12696 5740 5651 471 5180 2456 455 2724 2691 2349 757 458 299 150 6956 4063 3354
cat_boundaries=0 4 8
cat_threshold=1811939328 204800364 810549252 1153448088 2148933635 2148173841 201367584 2736210692
is_linear=0
shrinkage=0.05


Tree=39
num_leaves=31
num_cat=1
split_feature=22 2 10 8 3 13 7 0 13 11 3 18 20 9 13 8 14 17 3 7 7 4 2 8 18 5 5 3 15 10
split_gain=0.651391 0.599013 1.26301 0.897364 0.798548 1.1905 0.775395 0.659206 1.05388 0.911729 0.921899 0.838823 0.646973 0.667865 0.560399 0.525024 0.589645 0.511931 0.514344 0.529648 0.510426 0.513929 0.49036 0.70573 0.902595 0.790334 0.575347 0.70436 0.514026 0.495029
threshold=0 -0.23016283277332636 0.090508535175698526 0.83500000000000008 697218.76185000013 0.10012077312302083 0.62500000000000011 0.27891978946953083 0.10019474215153103 0.099102455659832792 2035531.1166000001 17.500000000000004 0.38734683670917736 -3.9968012805105695 0.10002367427559612 0.66500000000000015 0.46673177083333339 35.500000000000007 254019.32995000001 2.3350000000000004 0.39500000000000007 1.8418000000000003 0.34193550094758135 0.92500000000000016 9.5000000000000018 399906393.34000009 5727486846.5650015 578353.96505000012 1.5000000000000002 0.099510603588907107
decision_type=9 2 2 10 2 2 2 2 2 2 2 2 2 2 2 10 2 2 2 2 2 2 2 8 2 2 2 2 2 2
left_child=1 2 3 -1 5 -4 -3 9 14 10 11 12 13 -8 22 -15 -17 18 -2 -20 -19 -22 23 24 -9 -26 27 29 -24 -25
right_child=17 6 4 -5 -6 -7 7 8 -10 -11 -12 -13 -14 15 -16 16 -18 20 19 -21 21 -23 28 26 25 -27 -28 -29 -30 -31
leaf_value=0.042055385885002843 0.10792403105075839 0.048960217819305651 -0.0070051973843058314 -0.034156944373616299 0.076916673841577715 0.071973793103203662 0.13369313179261014 -0.047731665713594218 0.055137692804396989 -0.024565596397878062 -0.046949666448527973 -0.038876582731350251 -0.025864741800716913 0.087739774530930556 -0.020199917756721461 -0.036826187969095779 0.066830069890857172 0.03068995449044766 0.037942338312636797 -0.034528134124679186 -0.056184394813227227 -0.0058053085654455293 0.092862010622268093 -0.043857389067461311 -0.036449783438293672 0.10822191550682035 0.079954657639945692 -0.049800554849148054 0.020141493905457761 0.069927792686237819
leaf_weight=0.56716081653683859 0.16772550777301498 0.87687634279613469 1.2123314362088005 1.2108137083672426 1.1132866435097075 0.78680828321732454 0.26125761429370453 0.20884345899605483 1.1457098660330371 4.243659951396741 0.47902887321204346 0.34553295265339157 0.24708546851137936 0.38967848359649959 1.8261284830062416 0.29185324691330378 0.25890040321296709 0.94672413820342072 0.76842136972612762 0.37523267974630825 0.51292379156303169 38.755331378005387 0.325784849496635 0.15214323291212029 0.1226411493457909 0.40999302002814036 0.13509073489186274 1.0399973562900007 0.95632408377471034 0.25714136025158973
leaf_count=45 584 153 155 186 125 78 45 135 705 728 92 71 61 78 614 122 116 168 986 1053 117 12911 92 248 154 133 21 479 201 113
internal_value=-0.000432124 0.00569402 0.0237735 -0.00984577 0.0429785 0.0240788 0.00344154 0.000393902 0.0115578 -0.0108776 0.014674 0.0311258 0.0478213 0.0629723 0.00236951 0.0433256 0.0119009 -0.00369614 0.0261566 0.0141648 -0.00558871 -0.00646336 0.0137928 0.000107037 0.0403674 0.0749107 -0.0187346 -0.0279336 0.0386198 0.0276305
internal_weight=60.3904 18.8641 4.8904 1.77797 3.11243 1.99914 13.9737 13.0968 6.5798 6.517 2.27334 1.79431 1.44878 1.20169 5.43409 0.940432 0.550754 41.5264 1.31138 1.14365 40.215 39.2683 3.60796 2.32585 0.741478 0.532634 1.58437 1.44928 1.28211 0.409285
internal_count=20769 4950 589 231 358 233 4361 4208 2895 1313 585 493 422 361 2190 316 238 15819 2623 2039 13196 13028 1576 1283 422 287 861 840 293 361
cat_boundaries=0 4
cat_threshold=738205728 204800364 810549253 1153448088
is_linear=0
shrinkage=0.05


Tree=40
num_leaves=31
num_cat=2
split_feature=22 17 20 4 8 17 4 8 7 22 4 3 8 8 7 6 6 11 15 19 3 0 1 14 2 2 17 14 10 7
split_gain=0.634519 0.758832 0.647956 1.00156 0.488773 0.472232 0.548519 0.508187 0.495697 0.743776 0.987191 0.834854 0.784212 0.89217 0.993663 0.77592 0.838033 0.731152 0.723871 0.875307 0.890528 1.07587 0.96361 0.798469 0.790985 0.723344 0.688109 0.841816 0.940922 0.751683
threshold=0 51.500000000000007 0.15692901979719945 4.9876000000000014 5.495000000000001 34.500000000000007 21.923100000000002 0.9850000000000001 0.94500000000000006 1 6.0484000000000009 5770044.9246000005 0.85500000000000009 0.95500000000000007 1.7350000000000001 1.9949500000000002 1.6295500000000003 0.12430631263203931 4.5000000000000009 5.5000000000000009 437851.84295000002 0.16114614946996966 -0.00081053701403099854 0.74488944513975819 -0.29481535311860219 -0.34583762226585762 110.50000000000001 0.74488944513975819 0.10362506570548922 1.9650000000000001
decision_type=9 2 2 2 8 2 2 10 2 9 2 2 8 10 2 10 10 2 2 2 2 2 2 2 2 2 2 2 2 2
left_child=1 -1 3 -3 5 6 7 -2 -7 11 12 18 -11 14 -14 16 -12 25 19 20 22 23 -10 -22 -20 -15 -17 28 -28 -29
right_child=4 2 -4 -5 -6 8 -8 -9 9 10 15 -13 13 17 -16 26 -18 -19 24 -21 21 -23 -24 -25 -26 -27 27 29 -30 -31
leaf_value=0.012830332867781236 0.05931313814483128 0.066359617059567541 -0.040048537128415024 -0.041256620737528053 0.06412948765726835 0.010482100358763045 -0.051501180307216704 0.0058232365805201483 0.090688866509089777 -0.045335921272580404 -0.019801629315899957 -0.058569924498689523 -0.015413539108235928 0.039578553581438372 0.085249450463680876 -0.0064226688822113884 0.092382173995282313 0.090259957087199472 0.088540987592897427 0.048252578565151805 -0.039450987553890093 0.025180080991237808 0.016295641596512436 0.03246097159305892 -0.043406162994180653 -0.037754416062603102 -0.022929464118931667 0.036723854987805747 0.071566191251429989 0.15031396083382206
leaf_weight=1.1592617324762358 0.96515236811160288 0.39360149124891564 4.2414234740590437 0.47970117786833544 0.31767391668056078 10.880779643713046 0.20577077963509727 0.82239828014664063 0.62928458202803228 2.5611945304155248 0.26848433736392041 0.38271953367574063 0.52717039667804499 0.34281742479085231 0.45826519661012 20.831181192051389 0.43813371899527565 0.13533244445605808 0.13210939405399935 2.229945903821581 1.8239601669103109 2.1029254856908435 1.4119606790505799 0.48962813112534642 0.80987598969967811 2.5636080895724453 1.1998318934406631 0.83282532086877692 0.33754343646764295 0.17651288148695554
leaf_count=1311 1262 37 1706 196 140 1618 307 1211 88 503 74 106 93 101 99 6776 72 82 70 1277 176 524 274 72 437 1045 664 227 110 111
internal_value=-0.000418111 -0.00913487 -0.0319732 0.00724651 0.00193357 0.00192569 0.0258051 0.034704 0.00100261 -0.00153256 -0.00494303 0.00693044 -0.0237049 -0.0099481 0.0313986 -0.00186304 0.0497572 -0.0233431 0.0167306 0.0212446 0.0119185 -0.00070449 0.0392299 -0.0242322 -0.0249011 -0.0286329 -0.00342331 0.0211104 -0.00218216 0.0565885
internal_weight=60.1511 6.27399 5.11473 0.873303 53.8771 53.5594 1.99332 1.78755 51.5661 40.6853 30.6729 10.0124 6.58839 4.02719 0.985436 24.0845 0.706618 3.04176 9.62969 8.6877 6.45776 4.41651 2.04125 2.31359 0.941985 2.90643 23.3779 2.54671 1.53738 1.00934
internal_count=20769 3250 1939 233 17519 17379 2780 2473 14599 12981 9957 3024 1923 1420 192 8034 146 1228 2918 2411 1134 772 362 248 507 1146 7888 1112 774 338
cat_boundaries=0 5 9
cat_threshold=268437448 855667842 1090655384 404783136 1 780271621 2281996552 805339141 1707242505
is_linear=0
shrinkage=0.05


Tree=41
num_leaves=31
num_cat=2
split_feature=22 17 8 0 20 5 11 11 22 8 15 11 11 6 18 20 9 2 20 11 4 14 13 18 5 7 10 11 6 8
split_gain=0.610543 1.06053 0.561853 0.500652 0.558304 0.498006 1.03568 0.880732 0.709713 0.674456 0.647669 0.737301 0.80449 0.619353 0.77863 0.636806 0.601173 0.598963 0.758957 0.577214 1.20579 0.912452 0.568585 0.584578 0.951121 0.64336 0.640332 0.779478 0.705299 0.799765
threshold=0 56.500000000000007 1.4550000000000003 0.20172122816590082 0.42766151046405826 105122996.69000001 0.11842105263157884 0.0078456276069104602 1 0.57500000000000007 6.5000000000000009 0.099483089210245179 0.10522302496246967 2.4086000000000003 6.5000000000000009 0.32972878185644144 -6.2395851462394507 -0.45339264834843612 0.11451990632318503 0.10664470768798444 4.1294000000000013 0.17754216472899956 0.097704014393600783 15.500000000000002 344638357.2050001 0.90500000000000014 0.050097871346104432 0.12932385518926406 2.0286000000000004 0.84500000000000008
decision_type=9 2 8 2 2 2 2 2 9 10 2 2 2 10 2 2 2 2 2 2 2 2 2 2 2 2 2 2 10 8
left_child=1 2 3 -1 -5 6 7 -2 9 -7 13 -12 -13 14 -9 19 -11 -10 -19 20 -15 -21 -18 26 -25 -26 -24 28 29 -28
right_child=5 -3 -4 4 -6 8 -8 10 17 16 11 12 -14 15 -16 -17 22 18 -20 21 -22 -23 23 24 25 -27 27 -29 -30 -31
leaf_value=-0.044413717431021259 0.049948018379528974 -0.04089297927007457 0.067296596774809522 -0.010429893788388784 0.098653563378600262 -0.046748258512489586 0.069808896234794332 0.047548348350430612 0.038600937010453806 -0.022547062947858878 -0.058674594655872395 0.19291455871294558 0.011803470623773361 -0.043053636856582374 -0.031373942776059364 -0.03523743884333632 -0.059942287009341899 -0.040052082061032258 -0.0049002534651789746 -0.058766831718897232 0.067601688002960555 0.061300083259735266 0.058294001490105052 -0.025642179465107409 0.07544877263814305 0.0090419985211877153 0.00053673081057939432 0.058017189180796749 0.008198877551244323 0.095739186275318189
leaf_weight=0.48480078850784547 1.0517597453360963 3.8186594292856122 0.33111350807428341 0.35149017667488408 0.17604935948245498 0.52091151169390926 0.75105202144727545 0.36048188463678954 0.74026281388840942 1.24795987499031 0.085680808745129788 0.13636452905681462 0.11141085118247557 0.31518920349804447 2.3486643321760572 0.54167644070686138 0.26018320104088033 1.6317091379377995 26.053840992053104 0.41339246576789196 1.1245700691865745 0.25636447629866782 1.0351718348589507 2.0743813571816325 0.42272276387363161 2.6584916979710167 0.38759899318832119 1.0481319338656945 8.631926124122332 0.5120072788251423
leaf_count=384 356 1547 318 641 94 329 311 142 62 154 171 54 80 58 580 334 76 75 9980 86 434 78 314 660 40 865 45 124 2272 105
internal_value=-0.000409893 -0.00934589 0.010758 -0.00773447 0.0259732 0.00181017 0.0141128 0.0079116 0.000240531 0.00610456 0.000146618 0.0677584 0.111479 -0.00405938 -0.0208725 0.0131212 0.0109505 -0.00427965 -0.006972 0.0255386 0.0433772 -0.0128085 0.0134051 0.0145431 0.000531526 0.0181526 0.0207625 0.0170902 0.0125897 0.0547208
internal_weight=59.884 5.16211 1.34345 1.01234 0.52754 54.7219 7.49661 6.74555 47.2253 18.7995 5.6938 0.333456 0.247775 5.36034 2.70915 2.65119 18.2786 28.4258 27.6856 2.10952 1.43976 0.669757 17.0306 16.7704 5.1556 3.08121 11.6148 10.5797 9.53153 0.899606
internal_count=20769 2984 1437 1119 735 17785 2684 2373 15101 4984 2017 305 134 1712 722 990 4655 10117 10055 656 492 164 4501 4425 1565 905 2860 2546 2422 150
cat_boundaries=0 5 9
cat_threshold=268437448 855659650 1093014680 402685984 1 2752544800 135069988 810655749 1154031104
is_linear=0
shrinkage=0.05


Tree=42
num_leaves=31
num_cat=3
split_feature=0 22 8 17 13 11 7 3 15 21 3 8 22 0 5 13 0 20 18 18 14 17 9 4 17 22 14 0 0 0
split_gain=0.531952 0.951795 0.926426 1.24546 0.748657 1.03714 1.03886 0.804596 1.6559 1.05884 0.689083 0.650922 1.06204 1.60809 1.03517 1.02893 0.861955 0.852779 0.662439 0.769378 0.649632 0.667517 0.646436 0.614343 1.08213 0.58639 0.585136 0.584639 0.597816 0.578455
threshold=0.62634989633990801 0 0.80500000000000016 46.500000000000007 0.10034722640849737 0.091275506232506534 2.5150000000000001 668562.30210000009 2.5000000000000004 0.096464019851116647 2471714.2021500007 0.82500000000000007 1 0.034174659576885945 1046573022.6700002 0.10067570652422043 0.025409841094997592 0.2363351254480287 15.500000000000002 8.5000000000000018 0.68198311122839439 71.500000000000014 -5.3840856703407258 4.8540500000000009 96.000000000000014 2 0.25820497214289068 0.67904247563158582 0.79225687486807062 0.27455792340752566
decision_type=2 9 10 2 2 2 2 2 2 2 2 8 9 2 2 2 2 2 2 2 2 2 2 2 2 9 2 2 2 2
left_child=1 2 3 -1 7 -6 -7 -4 9 -9 11 14 13 16 15 23 18 20 19 -13 21 -15 -5 24 -3 -2 -17 -27 -29 -11
right_child=25 10 4 22 5 6 -8 8 -10 29 -12 12 -14 17 -16 26 -18 -19 -20 -21 -22 -23 -24 -25 -26 27 -28 28 -30 -31
leaf_value=0.079212220258111476 -0.006660220725967423 -0.039353391915212727 -0.018412006427929548 0.090726916270957858 -0.025959193019444854 0.062194376206690064 -0.021188127620615022 -0.0589001169224612 -0.016139099861982569 0.068381435228271323 -0.028143424833728489 0.053994179529548797 -0.0090491856943285195 0.087382289741369912 0.04566376368809643 -0.04114575868641026 0.11063839981061373 -0.015946102775663374 0.083584770274975517 -0.0050144300542543764 -0.019253766155574514 0.02025876355496848 0.010381030901919094 -0.035030015314740419 0.037775493918682228 0.061992306978234463 0.066679948534729375 -0.0083355275849360463 0.028720023767478071 0.01273445162042995
leaf_weight=0.88761882077473941 2.4643366249608878 0.93158220158677374 5.5640893948330357 0.26484498161845405 0.7631187888313774 1.5653638287671188 0.49063024471870642 0.24507610204290298 2.9924629362848414 1.4755228436165069 4.0913532264464676 1.0311670648691418 7.9702465488087908 0.46219645598515047 0.61014845122668759 0.17040264438299524 0.43014714185431646 3.3699523010113253 0.55204806406474416 1.1897285111936611 0.77532285349753793 1.8645780293450922 4.5725351569565724 5.753812902322629 0.88849826505776142 0.96465644110604643 0.48091700839375906 1.4182995779556256 4.6798092418356605 0.68326839588221666
leaf_count=564 2284 312 1688 29 211 289 218 23 553 265 752 195 2671 194 231 64 54 1499 147 98 192 340 895 2042 56 549 119 1174 2852 209
internal_value=-0.00039942 -0.00245973 0.00519854 0.0247697 0.000839944 0.02382 0.0422965 -0.00507073 0.0086853 0.039588 -0.00681639 -0.0060954 -0.000548299 0.00777332 -0.0171737 -0.021835 0.0447832 0.00146728 0.0345676 0.0223834 0.0203843 0.0335924 0.0147799 -0.0270209 -0.00170183 0.01043 0.0384699 0.010689 0.0201016 0.0507689
internal_weight=59.6037 50.0766 19.5045 5.725 13.7795 2.81911 2.05599 10.9604 5.39633 2.40387 30.5721 26.4807 17.6454 9.67514 8.83536 8.22521 3.20309 6.47205 2.77294 2.2209 3.1021 2.32677 4.83738 7.57389 1.82008 9.5271 0.65132 7.06277 6.09811 2.15879
internal_count=20769 13910 4944 1488 3456 718 507 2738 1050 497 8966 8214 5390 2719 2824 2593 494 2225 440 293 726 534 924 2410 368 6859 183 4575 4026 474
cat_boundaries=0 4 8 12
cat_threshold=739410082 74711413 306184225 566240272 1082409477 134917120 68804612 1175994753 337543842 6032657 302006304 2164434208
is_linear=0
shrinkage=0.05


Tree=43
num_leaves=31
num_cat=2
split_feature=22 1 2 9 8 18 13 4 7 0 13 19 14 18 14 6 0 20 10 2 22 2 3 11 14 2 0 11 2 2
split_gain=0.492744 0.83328 0.81201 0.986883 1.08925 0.704431 1.32884 1.19937 1.28687 0.888918 0.671062 0.815037 0.577631 0.853942 0.766714 0.571072 0.485011 0.548027 0.474293 0.505482 0.76555 1.06282 0.732436 0.719326 1.38625 0.711949 0.759348 1.07213 0.697657 0.96585
threshold=0 0.09983765164153692 -0.25644304332450674 3.9449468882680754 1.1950000000000001 9.5000000000000018 0.10019821625019655 7.7731000000000003 0.94500000000000006 0.014432972215088645 0.099079517800068753 5.5000000000000009 0.39956458635703923 9.5000000000000018 0.1926005466614604 5.8190500000000016 0.29384634073571458 0.2828166858017605 0.12856592983613771 -0.18884610257853343 1 -0.18562601820925942 4542266.3331500003 0.11842105263157884 0.52387863708618443 -0.30128940476819394 0.22351026170411339 0.092545785498730729 -0.17232099333802745 -0.15268340980216569
decision_type=9 2 2 2 10 2 2 2 2 2 2 2 2 2 2 10 2 2 2 2 9 2 2 2 2 2 2 2 2 2
left_child=1 2 3 4 12 6 10 9 -9 -7 -4 -12 14 -14 -1 -13 17 -8 19 23 21 -21 28 25 -25 26 27 -2 -23 -30
right_child=18 -3 5 -5 -6 7 16 8 -10 -11 11 15 13 -15 -16 -17 -18 -19 -20 20 -22 22 -24 24 -26 -27 -28 -29 29 -31
leaf_value=0.025516672557756893 0.022089086356281727 0.055924099713499459 0.03384635716016611 -0.052106127047839623 0.084576976801605336 0.037494650406137968 -0.062856430093850738 0.068418952262821783 0.009973948988763923 -0.026143008530950432 -0.043622001404632516 -0.038737414412115076 0.079128558546015693 0.0082378291223248312 -0.045232588461804502 0.036497101539633571 0.063491911633217921 0.033578159651694188 0.077358569240223746 0.1017866427359895 -0.0068623584639697548 -0.041425333988556495 -0.047459227079201319 0.049586183455997419 -0.039901579318119322 -0.027426305561141302 0.065797287856933104 -0.024033431570225222 0.078013889080815774 0.012303885349749848
leaf_weight=0.93089937505719256 1.9056392344948889 0.81181207240922404 0.42760466168706113 0.39508028569915588 0.76179924366299001 0.65894715132074955 0.21968915541607015 1.1039123899954901 6.4154044254946516 3.2813008237735231 3.4043677623884023 0.41774851188386619 0.73495850786248595 1.0066435547931865 0.65055305254433415 0.63659610129468502 0.6104618792109674 0.4472598176782896 0.17511962815149118 0.32696536761643713 10.937979490389871 0.54950864760523543 0.52246294547250904 1.1802776047643033 0.68331243201517655 6.8872690919633364 0.36728752571101519 3.7186866400741279 0.59803785285022826 8.6167348181273855
leaf_count=66 214 236 72 67 261 40 83 131 2470 980 985 123 61 73 61 166 249 122 98 24 6617 114 190 212 145 1325 111 494 141 4838
internal_value=-0.000522664 0.00429735 0.00434541 0.0233532 0.0306515 -0.00048646 -0.0141168 0.00684488 0.0185543 -0.0155006 -0.0259871 -0.0317253 0.0182892 0.0381538 -0.00358705 0.00668796 0.0312888 0.00181316 -0.00371182 -0.00512569 -0.000245359 0.00671379 0.0102185 -0.0122601 0.0167742 -0.0164614 -0.00385747 -0.00840616 0.0133047 0.0165685
internal_weight=59.3843 22.915 22.1032 4.47993 4.08485 17.6233 6.16373 11.4596 7.51932 3.94025 4.88632 4.45871 3.32305 1.7416 1.58145 1.05434 1.27741 0.666949 36.4693 36.2942 21.5517 10.6137 10.2867 14.7425 1.86359 12.8789 5.99161 5.62433 9.76428 9.21477
internal_count=20769 6246 6010 589 522 5421 1800 3621 2601 1020 1346 1274 261 134 127 289 454 205 14523 14425 11924 5307 5283 2501 357 2144 819 708 5093 4979
cat_boundaries=0 4 8
cat_threshold=3959431200 68485476 2421161988 1691368472 6045701 138984600 33597537 2198078081
is_linear=0
shrinkage=0.05


Tree=44
num_leaves=31
num_cat=2
split_feature=22 17 14 22 2 2 14 14 6 8 8 0 3 2 5 8 13 6 1 1 7 20 9 10 20 0 21 4 5 14
split_gain=0.480579 0.68617 0.530697 0.600413 0.754014 0.954087 0.674554 0.65272 0.638784 0.603659 0.722715 0.724925 1.06805 0.966983 0.700975 0.700652 0.849672 0.860952 0.64891 0.914588 0.818374 0.615875 0.888017 0.676455 0.581309 0.785056 0.998939 0.952854 0.773947 0.808431
threshold=0 56.500000000000007 0.18227964928472545 1 -0.40662764941202961 -0.16831770787698239 0.65097822074566281 0.39956458635703923 4.1579000000000006 0.54500000000000015 0.79500000000000015 0.067983357463341873 513775.57040000003 0.027299828382057138 1558931863.1750002 1.2150000000000001 0.10049525592651477 2.7351000000000005 0.010594083682123891 0.00043399780254282932 2.4350000000000005 0.32779310344827589 4.0761273818609949 0.11063889992654931 0.16287683031869082 0.01735965823870304 0.17595459236326114 7.9873500000000011 341294886.02500004 0.76479125757705124
decision_type=9 2 2 9 2 2 2 2 10 10 8 2 2 2 2 10 2 10 2 2 2 2 2 2 2 2 2 2 2 2
left_child=1 -1 -2 9 6 7 8 -6 -5 -4 11 12 -11 -13 -15 18 17 -17 19 -12 -21 22 -19 -23 -9 26 -26 -28 29 -27
right_child=2 -3 3 4 5 -7 -8 24 -10 10 15 13 -14 14 -16 16 -18 21 -20 20 -22 23 -24 -25 25 28 27 -29 -30 -31
leaf_value=0.0072159399655116006 0.013171488846917942 -0.031762964435171029 -0.051153207020990001 0.010794535192410144 -0.041709133858438829 -0.0012240666434210734 -0.013412854311426718 -0.056630718682631975 0.083788245157103425 0.059191086423574457 -0.013610129939578467 0.067095847596495825 -0.032900172435339339 -0.033620962387300772 0.048890639650955268 0.065083701394698421 0.082780252125365647 0.034499973569124563 -0.025728761180881923 0.046046045885371707 -0.031037465569203084 -0.054694636444690081 -0.02768767688459059 0.025488984760245068 0.089626810706063112 -0.0064123781474826865 -0.050679281448324322 0.061127640801803586 -0.036161899338507657 0.088700539408816323
leaf_weight=1.5117836208813837 8.640053904521066 4.4596794015826555 0.41218394413522474 0.599478680870697 2.7595437269573662 16.747493041692461 0.7402335797380023 0.65980813645442093 0.59942109200645077 0.48198768983507845 2.7823414611122415 1.6624137666159269 0.90789829593509619 0.5430896811570094 0.48931956514160424 0.65439802802097657 0.46722352147761803 1.9348244078622681 2.6017590103019188 1.6650215380209761 0.4340961188337108 0.76915959959452962 0.81622470822137216 0.39972714130855136 0.43052529149021623 1.5328224869658795 0.46706266241965549 0.32188680769400929 2.3489231198049194 0.26152894318295694
leaf_count=1575 2688 1693 202 83 518 8488 104 77 59 49 604 296 98 347 68 225 183 625 610 244 152 310 294 47 66 384 122 56 414 88
internal_value=-0.000565346 -0.00818608 0.00154174 -0.00037023 -0.00435502 -0.00822356 0.0241174 -0.0215716 0.0472896 0.00542918 0.0101021 0.0283654 -0.000964565 0.0434927 0.00548615 0.00414583 0.0185536 0.0119935 -0.00556093 0.00518828 0.0301052 0.0031306 0.0160492 -0.027274 -0.0123446 -0.00689579 0.0283666 -0.00506271 -0.0172745 0.00745045
internal_weight=59.1019 5.97146 53.1304 44.4904 27.4687 25.5296 1.93913 8.7821 1.1989 17.0217 16.6095 4.08471 1.38989 2.69482 1.03241 12.5248 5.04156 4.57433 7.48322 4.88146 2.09912 3.91994 2.75105 1.16889 6.02256 5.36275 1.21947 0.788949 4.14327 1.79435
internal_count=20769 3268 17501 14813 10459 10213 246 1725 142 4354 4152 858 147 711 415 3294 1684 1501 1610 1000 396 1276 919 357 1207 1130 244 178 886 472
cat_boundaries=0 5 9
cat_threshold=268437208 838890498 1092818072 402685984 1 2684387328 2148335916 2958073861 80428032
is_linear=0
shrinkage=0.05


Tree=45
num_leaves=31
num_cat=3
split_feature=22 17 8 9 13 0 17 4 8 13 1 3 0 21 4 20 20 22 6 0 21 5 14 22 15 7 2 9 14 1
split_gain=0.478667 0.916999 0.466497 0.496355 0.435057 0.428495 0.416952 0.49549 0.452771 0.446878 0.695965 0.48365 0.863275 0.526356 0.494818 0.638687 0.591956 0.874062 0.823347 1.00519 1.14333 0.816146 0.86179 0.806525 0.729413 0.86203 1.04426 0.732738 0.73075 0.697047
threshold=0 56.500000000000007 1.4550000000000003 3.337637859495624 0.097238113399440676 0.21292709175114929 35.500000000000007 21.923100000000002 0.95500000000000007 0.098449239558966131 -1.0000000180025095e-35 5295759.4477000004 0.62634989633990801 0.15524256651017218 20.835400000000003 0.32529069767441871 0.32972878185644144 1 0.82435000000000003 0.031948692203931942 0.19604037267080748 1839927573.0600002 0.47838824728260876 2 4.5000000000000009 1.2950000000000002 -0.32973409883607008 -4.773385940825869 0.67879188712522065 -0.0073885126792049829
decision_type=9 2 8 2 2 2 2 2 8 2 2 2 2 2 2 2 2 9 10 2 2 2 2 9 2 2 2 2 2 2
left_child=1 2 5 -4 -2 -1 7 8 -6 10 -8 14 -13 -14 16 -16 17 18 -11 -20 29 22 -22 -18 27 26 -26 28 -19 -21
right_child=4 -3 3 -5 6 -7 9 -9 -10 11 -12 12 13 -15 15 -17 23 24 19 20 21 -23 -24 -25 25 -27 -28 -29 -30 -31
leaf_value=-0.044664465031181953 -0.048197227499188262 -0.038266390373308368 0.097022058943057918 -0.028515714350363392 0.05597493076432352 0.022998163628607151 -0.062046430580145633 -0.050900576454233626 0.0058025040210733288 0.054571480223749746 0.092058203570298702 -0.039603677114579766 0.056124659500821843 -0.0092470571450167082 0.0087659387364109973 0.064638000378549609 0.0066215618364434117 0.032308317376200796 -0.034328638229871707 -0.045483893726061063 0.030605506492079784 0.085877986165932438 -0.013186016115153737 -0.012549782611677258 0.10242702021725963 -0.02385014939564534 0.0044671938366717609 0.01504392975006226 0.11228005264765172 -0.0073962444418453933
leaf_weight=0.43423060494201793 0.43234157672153983 3.6732526582734812 0.25435287841017179 0.1140403926599371 0.97032571305474791 0.50739396011213678 0.097101056234077054 0.19637063300106095 0.83801166849695907 0.53003315605538759 0.2984592830655145 1.8981654482863912 0.45802358130557286 0.93959415841171001 2.0154817961158904 0.68544439231094312 4.1841325526066848 1.2189991820096016 3.1131671529140368 1.449510309387551 2.4382187760705971 0.38926815799795811 2.0834909243681459 5.1413490889645859 0.3241198837947209 2.4696129588518252 1.693481696233224 12.571827577908605 0.37307439722659497 7.0137226619172699
leaf_count=386 313 1524 203 109 1231 715 55 334 1375 75 172 272 45 290 1117 510 1041 175 543 129 1552 112 1363 1690 75 910 289 3177 67 920
internal_value=-0.000548506 -0.00846689 0.0104581 0.0581604 0.00148231 -0.00820449 0.00216223 0.0245328 0.0327242 0.0012895 0.054229 0.000878821 -0.0176457 0.0121764 0.00215889 0.0229452 0.000911116 0.00384356 -0.00426285 -0.00873977 -0.00278334 0.016408 0.0104275 -0.010305 0.00880473 -0.0040419 0.0202041 0.0190909 0.0510483 -0.0139196
internal_weight=58.8066 4.98327 1.31002 0.368393 53.8233 0.941625 53.391 2.00471 1.80834 51.3863 0.39556 50.9907 3.29578 1.39762 47.6949 2.70093 44.994 35.6685 17.0174 16.4874 13.3742 4.91098 4.52171 9.32548 18.6511 4.48721 2.0176 14.1639 1.59207 8.46323
internal_count=20769 2937 1413 312 17832 1101 17519 2940 2606 14579 227 14352 607 335 13745 1627 12118 9387 4694 4619 4076 3027 2915 2731 4693 1274 364 3419 242 1049
cat_boundaries=0 5 9 13
cat_threshold=268437464 855655426 1093014680 402686496 1 1112842279 4208769 180455489 34736133 1112580135 264265 37847105 42094592
is_linear=0
shrinkage=0.05


Tree=46
num_leaves=31
num_cat=1
split_feature=22 3 15 3 3 4 4 4 11 2 1 7 13 13 21 5 2 1 13 9 10 20 8 17 19 15 8 17 6 17
split_gain=0.41502 0.885446 0.777869 0.718865 0.658097 0.822286 1.16185 0.633334 0.746591 0.9463 0.70288 0.646416 1.01249 0.857219 0.794846 0.783429 0.657251 0.669371 0.608489 0.706382 0.562277 0.623494 0.645756 0.621688 0.791405 0.690812 0.562051 0.7291 0.631121 0.714228
threshold=0 186936.45360000004 4.5000000000000009 208167.52935000003 423545.98745000007 3.9333000000000005 4.0714500000000013 18.056450000000002 0.099589115210937287 0.32855887776695075 0.011072081098603139 0.71500000000000008 0.10057637366287954 0.10016181272141235 0.18684093684093686 496046881.93000001 -0.14148951020684034 0.099911174290084573 0.10012380097738029 -6.8785954107055005 0.098059794477123013 0.29198717948717956 1.2650000000000003 45.500000000000007 4.5000000000000009 3.5000000000000004 1.2150000000000001 72.500000000000014 1.8393000000000002 104.50000000000001
decision_type=9 2 2 2 2 2 2 2 2 2 2 2 2 2 2 2 2 2 2 2 2 2 8 2 2 2 8 2 8 2
left_child=1 2 -1 -2 5 -5 -7 11 9 -9 -10 13 16 14 -6 -14 -13 -18 19 -8 21 22 -21 -22 -25 -26 27 -3 -28 -30
right_child=3 26 -4 4 7 6 18 8 10 -11 -12 12 15 -15 -16 -17 17 -19 -20 20 23 -23 -24 24 25 -27 28 -29 29 -31
leaf_value=0.076842574307418629 -0.043900757575229848 0.010683196044766382 -0.054673101480941094 -0.033548334398186164 -0.0035016421635657097 0.17762228192835935 0.11041415141011013 0.084143839624197039 -0.02543303135195631 -0.029135439263818858 0.060608726614816366 -0.027165137912335453 0.038027345064960527 -0.039334434554534239 0.055838694840136427 -0.034423205804735992 -0.0095996985129847123 0.10063309629537623 -0.005974044657192621 -0.0055021963075359993 0.090874045719087027 -0.0366174408782299 0.078076035756540541 0.051253015897677591 -0.047527139337642417 0.064207758802237988 0.063242265357730573 -0.010319469282038186 0.0015655666561764211 0.044053765704323872
leaf_weight=0.7026939526267395 1.1302191413635387 7.2133899321394539 0.13384834652976141 0.98069298099218816 1.1063714463516201 0.10861735917572612 0.22744323930463561 0.66412947223785923 1.0380405730870335 0.25520445482042609 0.30772032340140576 8.1657100507078777 1.5456257672854563 0.62658690348524304 1.1518094821920639 0.491867463597775 9.9115742437672587 0.13965664871757688 2.6385718008321479 0.65422631277539989 0.42644390615477856 0.72963557006765967 0.35734881216627257 1.0383286218363241 0.51381196956381403 0.1892952645680992 0.63732252357507058 9.673754960357833 4.538557991737358 1.264724769677829
leaf_count=329 1434 2568 136 366 86 22 70 377 783 122 82 1397 466 128 169 241 4823 116 1438 412 341 545 233 138 312 98 235 1308 1529 465
internal_value=-0.000582754 0.0037185 0.0557998 -0.00363 -0.00335301 0.00928612 0.0153886 -0.00726572 0.017967 0.0526978 -0.00575881 -0.00973574 -0.0128896 0.0124083 0.0267655 0.0205372 -0.0166283 -0.00806807 0.0127877 0.0247552 0.0197713 -0.00138794 0.0240226 0.036766 0.023516 -0.0174451 0.00344487 -0.00134812 0.016012 0.0108251
internal_weight=58.5632 24.1643 0.836542 34.3989 33.2687 7.86442 6.88372 25.4043 2.26509 0.919334 1.34576 23.1392 20.2544 2.88477 2.25818 2.03749 18.2169 10.0512 6.77511 4.13653 3.90909 1.74121 1.01158 2.16788 1.74144 0.703107 23.3278 16.8871 6.44061 5.80328
internal_count=20769 6570 465 14199 12765 3975 3609 8790 1364 499 865 7426 7043 383 255 707 6336 4939 3587 2149 2079 1190 645 889 548 410 6105 3876 2229 1994
cat_boundaries=0 4
cat_threshold=1811947556 68485476 877658116 1691368456
is_linear=0
shrinkage=0.05


Tree=47
num_leaves=31
num_cat=3
split_feature=22 11 14 13 6 10 17 0 8 13 5 20 22 9 15 1 22 7 0 1 9 2 21 3 5 0 1 5 7 8
split_gain=0.410759 0.590827 0.908666 0.643415 0.527178 0.492112 0.447895 0.487244 0.520705 0.449795 0.4314 0.393333 0.927245 0.704486 0.824056 0.847684 0.596665 0.889982 0.750983 0.586484 0.499035 0.484201 0.564578 0.624884 0.60945 0.527482 0.480389 0.584021 0.766334 0.8806
threshold=0 0.11304347826086962 0.4503521126760564 0.10012380097738029 11.317350000000003 0.093441608505112891 34.500000000000007 0.067983357463341873 0.77500000000000013 0.10005920663114266 223018687.22000003 0.32779310344827589 1 -3.0583443581347178 9.5000000000000018 -0.0079330116775050401 2 0.50500000000000012 0.031948692203931942 0.1001478216787647 -4.1019709784498142 -0.21444087143222187 0.17131327953044759 401552.36325000005 99607404.500000015 0.64279174913559045 -0.0040382286369061706 208291488.32500002 1.5450000000000002 1.2150000000000001
decision_type=9 2 2 2 8 2 2 2 8 2 2 2 9 2 2 2 9 2 2 2 2 2 2 2 2 2 2 2 2 10
left_child=1 4 3 -3 -1 -6 7 -2 -9 -10 -11 16 13 20 15 -15 17 -8 -19 -14 -13 -17 23 -23 -24 -26 -18 -28 -29 -30
right_child=6 2 -4 -5 5 -7 11 8 9 10 -12 12 19 14 -16 21 26 18 -20 -21 -22 22 24 -25 25 -27 27 28 29 -31
leaf_value=-0.031248281557903115 0.06013391892914341 0.064686612164728693 -0.043410122293849399 -0.02127230098615232 0.11215878762035486 -0.026430686433541867 0.050855075069190771 0.058618852360529217 -0.048843559291452961 -0.060142889810933547 0.054011512625635472 0.024336333727280779 -0.028934933709310225 0.073757081890104492 -0.058656349489769936 -0.018383055180817055 -0.0046769672731809629 -0.042268487910622182 -0.006302865340142759 0.047145074516390634 0.10112404130829976 0.1008242819028945 0.070601647000713849 0.022973101640939107 -0.058227641598219006 0.059537000324655046 0.024301326823907721 0.016741650693499609 -0.020025613264757148 0.020692780459657799
leaf_weight=4.6726237595473687 0.66423914606757306 0.66791735029202692 0.55134526355455094 0.32295769103624172 0.12727575954406203 0.12894928361579103 0.59528048713489745 0.34699524155538375 0.44598376011670832 0.1133016819832296 0.30705629569774984 0.42160581921924906 7.0891006830032826 0.61039514835896014 0.36744604678428583 1.050067080278638 5.2666805731052717 1.7194631270808471 9.3109652157639289 0.26269848935548967 0.42475125990797497 0.34097266374601876 0.17631572018564001 1.0561310364216774 0.48399416557401931 0.11833440914249449 6.7540061225352312 7.8107912564434558 4.1271872159691609 1.9576316491318264
leaf_count=2369 516 139 325 112 151 169 89 639 934 323 438 57 2301 105 24 108 1264 392 3215 64 47 82 68 152 285 246 2151 1186 1671 1147
internal_value=-0.000563506 -0.00745205 0.00804119 0.0366699 -0.0274191 0.0424115 0.00145411 0.025709 0.00686315 -0.0138665 0.0232428 0.000833427 -0.00688672 0.00713155 0.0128738 0.0197252 0.00338374 -0.00467461 -0.0119093 -0.0111077 0.0628729 0.0095012 0.0229588 0.0419732 -0.0111583 -0.0350914 0.00635155 0.0122402 0.00637791 -0.00692553
internal_weight=58.2925 6.47107 1.54222 0.990875 4.92885 0.256225 51.8214 1.87758 1.21334 0.866342 0.420358 49.9438 12.4018 5.05001 4.20366 3.83621 37.542 11.6257 11.0304 7.3518 0.846357 3.22582 2.17575 1.3971 0.778644 0.602329 25.9163 20.6496 13.8956 6.08482
internal_count=20769 3265 576 251 2689 320 17504 2850 2334 1695 761 14654 3539 1174 1070 1046 11115 3696 3607 2365 104 941 833 234 599 531 7419 6155 4004 2818
cat_boundaries=0 5 9 13
cat_threshold=1496 855665666 1093276824 402948128 1 1515233285 67469376 2186379329 2718044416 1515495941 68194433 169181249 2181169413
is_linear=0
shrinkage=0.05


Tree=48
num_leaves=31
num_cat=2
split_feature=22 4 7 13 11 0 18 1 14 7 0 9 11 13 7 3 4 5 10 17 4 9 4 0 5 5 14 22 6 20
split_gain=0.390902 0.548818 0.594727 0.556083 0.729996 0.669958 0.468289 0.435569 0.433568 0.43269 0.502227 0.665837 0.397654 0.374497 0.364494 0.563351 0.338418 0.360678 0.536537 0.375762 0.353112 1.40176 0.628193 0.818038 0.718062 0.929694 0.900105 0.7909 0.95043 0.695451
threshold=0 11.759800000000002 0.96500000000000008 0.099553403738311688 0.11252588956756822 0.43496658476235267 9.5000000000000018 0.09983765164153692 0.56011611030478969 2.5550000000000002 0.28337107600695827 -0.76957686666261893 0.090534979423868248 0.097238113399440676 1.5550000000000004 364753.79570000008 1.5907500000000001 46499445.125000007 0.094092998907003331 104.50000000000001 4.5844500000000012 -1.1595699066099139 4.7881000000000009 0.098029382770428136 78449973.500000015 105122996.69000001 0.28581795562927642 1 9.8876000000000008 0.14449845338046843
decision_type=9 2 2 2 2 2 2 2 2 2 2 2 2 2 2 2 2 2 2 2 2 2 2 2 2 2 2 9 8 2
left_child=1 3 -3 4 -1 -5 -4 13 12 10 11 -9 -7 -2 -8 -16 -15 18 19 -18 21 -19 23 -22 -24 26 -26 -27 29 -29
right_child=7 2 6 5 -6 8 14 9 -10 -11 -12 -13 -14 16 15 -17 17 20 -20 -21 22 -23 24 -25 25 27 -28 28 -30 -31
leaf_value=-0.044071635421411605 -0.046900497817620519 0.095641258634752216 -0.042241140369670735 -0.04719208252859159 0.11056538214808531 0.11020229683079055 -0.050223623404568186 0.037135846473241377 -0.046196758965162364 0.099999725834412523 0.049502029497339693 -0.032440295021700268 -0.00063764523811083167 -0.065010566348333063 -0.048462130492577915 0.084518776678806834 0.078114377796979662 0.013922240195815457 -0.056652125023229173 -0.018553589142843965 0.068199035467762611 -0.033679429322373736 -0.044382168226652502 -0.024336700471138978 0.04528455268909138 0.007108896892538347 -0.057094526802094252 -0.037935487002062396 0.0121362819705568 -0.0082662583884869131
leaf_weight=0.15455586105647798 0.41151483889144103 0.16182201635228644 0.49809192306559658 2.9720855453219528 0.15076780962631212 0.14747035325966298 0.1221005988793139 0.62536441075877558 0.18629054619304347 0.16824094299272285 0.75683170855423831 0.76390929198124524 0.17930950859779518 0.19346161970487585 0.10933946344436501 0.29322073482104155 0.45594665722357214 3.0229147738771962 0.126801066347205 0.12896188979721551 0.76730493210697281 3.1666889317255595 0.84093618011231441 0.34676906850690881 1.9475947861153946 14.959992705801534 0.24128743293865551 2.2426743647117346 5.3176619659438868 16.555829566718547
leaf_count=182 315 38 292 877 50 141 121 91 193 102 383 142 223 81 213 355 178 547 192 77 64 1016 541 124 441 4458 255 507 2576 5994
internal_value=-0.000546819 -0.00768486 0.00657484 -0.0324153 0.0322876 -0.0380837 -0.00751743 0.00132227 0.0146787 0.0227843 0.0167311 -0.00112145 0.0493826 0.000603755 0.0254479 0.0483998 0.000992283 0.00124704 0.0365876 0.0568008 0.000737991 -0.0104314 0.00233758 0.0393962 0.00135706 0.00228917 0.033999 0.00051292 -0.0046135 -0.0118058
internal_weight=58.0157 4.97505 1.18457 3.79048 0.305324 3.48516 1.02275 53.0407 0.51307 2.31435 2.14611 1.38927 0.32678 50.7263 0.524661 0.40256 50.3148 50.1214 0.71171 0.584909 49.4097 6.1896 43.2201 1.11407 42.106 41.265 2.18888 39.0762 24.1162 18.7985
internal_count=20769 2685 1019 1666 232 1434 981 18084 557 718 616 233 364 17366 689 568 17051 16970 447 255 16523 1563 14960 188 14772 14231 696 13535 9077 6501
cat_boundaries=0 5 9
cat_threshold=4195800 838878210 1101141144 405045280 1 605044770 2148335908 2755764225 3309377408
is_linear=0
shrinkage=0.05


Tree=49
num_leaves=31
num_cat=2
split_feature=5 22 5 2 6 2 11 17 6 22 2 11 4 2 11 13 11 9 2 2 0 11 13 5 5 14 10 8 0 6
split_gain=0.364022 0.38177 0.573751 0.638242 0.463138 0.450767 0.999767 1.29863 0.689936 0.596922 0.914206 1.97084 1.00758 0.775098 0.894095 0.769695 0.649315 0.727943 0.646653 0.581321 0.921938 0.848398 0.648446 0.622102 0.901688 0.613587 0.541741 0.646707 0.7973 0.647897
threshold=18070915.500000004 0 87850716.580000013 -0.10974857899010552 2.4861500000000003 -0.18884610257853343 0.11842105263157884 90.500000000000014 6.1072500000000014 1 -0.05240668470518272 0.11428571428571437 10.201500000000001 -0.064342968759304994 0.10580528142918434 0.099874960619826383 0.09884020029442063 -3.3931348887101138 -0.09580133450837218 -0.30128940476819394 0.22351026170411339 0.092545785498730729 0.10048900047824007 414218790.30500007 188519293.16500005 0.15019531250000004 0.092236563419522674 0.60500000000000009 0.072819009698607967 1.4281500000000003
decision_type=2 9 2 2 10 2 2 2 8 9 2 2 2 2 2 2 2 2 2 2 2 2 2 2 2 2 2 10 2 8
left_child=-1 2 3 4 -2 6 19 8 -8 10 11 13 26 14 -7 -14 17 -17 -11 20 21 23 -23 24 25 -3 27 -12 -29 -30
right_child=1 5 -4 -5 -6 9 7 -9 -10 18 12 -13 15 -15 -16 16 -18 -19 -20 -21 -22 22 -24 -25 -26 -27 -28 28 29 -31
leaf_value=0.07004707757891461 0.02893554804104231 0.039417417416934858 0.0038087223559925007 -0.035623716219777633 0.096543092791350565 0.018720065635301961 0.018477617270050692 0.072430149462176976 -0.059385156902008074 -0.030783940494975383 0.13067228470301578 -0.05410472663269919 -0.031212555176474088 0.12231096255355518 0.072024537027456467 -0.048397573036250419 0.012635649484253643 0.079024359459397134 -0.003879577382723918 -0.026676145023056735 0.074640002292997429 -0.032068128511419818 0.025177368783079232 -0.032404548224670461 0.080760002119864935 -0.051598732173070629 -0.039088290005571735 0.076411902494359155 0.08749178891981764 -0.034922832414652459
leaf_weight=0.18244069849937616 0.67186644443984844 0.41337638155622786 17.61165782258232 0.24068564405128912 0.4066241603395192 2.4592689320954202 0.76874245831319765 0.77475875034758068 0.45165928874717909 2.8973849709180941 0.091086022187840343 0.61866817813932051 0.6568501565097028 0.27868240733711536 1.1566773967154396 0.12922337250107685 2.0725568631140709 0.84514244783383519 9.7456689141334376 6.4894689285233289 0.34214298724653502 3.2238985728006608 0.58435337341177396 0.4527268131451766 0.60398551512613807 0.33543170512754966 1.7582177897628575 0.24152816407856947 0.11978210537899769 1.1071854170722915
leaf_count=82 148 50 4648 182 150 783 98 243 79 1076 65 180 636 125 241 46 1097 577 6363 1388 115 459 73 34 34 100 860 32 86 719
internal_value=-0.000468584 -0.000692131 0.00405109 0.037996 0.0544257 -0.0032299 -0.0110561 0.021802 -0.0103387 0.000108486 0.00601931 0.0287949 -4.76971e-05 0.0419636 0.0357712 0.0178788 0.0284618 0.0621253 -0.00560887 -0.0163237 -0.00504381 -0.00990031 -0.0232842 0.0183293 0.0353079 -0.00135365 -0.0200596 0.00139265 -0.00662615 -0.0229722
internal_weight=57.7317 57.5493 18.9308 1.31918 1.07849 38.6185 14.4405 1.99516 1.2204 24.1779 11.5349 4.5133 7.02157 3.89463 3.61595 3.70377 3.04692 0.974366 12.6431 12.4454 5.95592 5.61377 3.80825 1.80552 1.35279 0.748808 3.3178 1.55958 1.4685 1.22697
internal_count=20769 20687 5128 480 298 15559 2673 420 177 12886 5447 1329 4118 1149 1024 2356 1720 623 7439 2253 865 750 532 218 184 150 1762 902 837 805
cat_boundaries=0 4 8
cat_threshold=2885689348 68485484 542113796 1691384976 1079787529 138976400 2449483873 2198077961
is_linear=0
shrinkage=0.05


end of trees

feature_importances:
vr_d0=130
ret60=128
wr1=103
close_ret=103
vr_prev=98
sw_l2=90
ftr=87
pct_prev=87
amount=74
cmv=72
turn_d0=69
amplitude=65
mkt_boards_n=59
promo_yd=51
gap=50
amt_rank_pct=50
intraday=43
zha_rate=40
ind_boards=38
mkt_chain_n=34
mkt_max_streak=24
streak_prev=5

parameters:
[boosting: gbdt]
[objective: binary]
[metric: binary_logloss]
[tree_learner: serial]
[device_type: cpu]
[data_sample_strategy: bagging]
[data: ]
[valid: ]
[num_iterations: 50]
[learning_rate: 0.05]
[num_leaves: 31]
[num_threads: 0]
[seed: 42]
[deterministic: 0]
[force_col_wise: 0]
[force_row_wise: 0]
[histogram_pool_size: -1]
[max_depth: -1]
[min_data_in_leaf: 50]
[min_sum_hessian_in_leaf: 0.001]
[bagging_fraction: 1]
[pos_bagging_fraction: 1]
[neg_bagging_fraction: 1]
[bagging_freq: 0]
[bagging_seed: 400]
[bagging_by_query: 0]
[feature_fraction: 1]
[feature_fraction_bynode: 1]
[feature_fraction_seed: 30056]
[extra_trees: 0]
[extra_seed: 12879]
[early_stopping_round: 0]
[early_stopping_min_delta: 0]
[first_metric_only: 0]
[max_delta_step: 0]
[lambda_l1: 0]
[lambda_l2: 0]
[linear_lambda: 0]
[min_gain_to_split: 0]
[drop_rate: 0.1]
[max_drop: 50]
[skip_drop: 0.5]
[xgboost_dart_mode: 0]
[uniform_drop: 0]
[drop_seed: 17869]
[top_rate: 0.2]
[other_rate: 0.1]
[min_data_per_group: 100]
[max_cat_threshold: 32]
[cat_l2: 10]
[cat_smooth: 10]
[max_cat_to_onehot: 4]
[top_k: 20]
[monotone_constraints: ]
[monotone_constraints_method: basic]
[monotone_penalty: 0]
[feature_contri: ]
[forcedsplits_filename: ]
[refit_decay_rate: 0.9]
[cegb_tradeoff: 1]
[cegb_penalty_split: 0]
[cegb_penalty_feature_lazy: ]
[cegb_penalty_feature_coupled: ]
[path_smooth: 0]
[interaction_constraints: ]
[verbosity: -1]
[saved_feature_importance_type: 0]
[use_quantized_grad: 0]
[num_grad_quant_bins: 4]
[quant_train_renew_leaf: 0]
[stochastic_rounding: 1]
[linear_tree: 0]
[max_bin: 255]
[max_bin_by_feature: ]
[min_data_in_bin: 3]
[bin_construct_sample_cnt: 200000]
[data_random_seed: 175]
[is_enable_sparse: 1]
[enable_bundle: 1]
[use_missing: 1]
[zero_as_missing: 0]
[feature_pre_filter: 1]
[pre_partition: 0]
[two_round: 0]
[header: 0]
[label_column: ]
[weight_column: ]
[group_column: ]
[ignore_column: ]
[categorical_feature: 22]
[forcedbins_filename: ]
[precise_float_parser: 0]
[parser_config_file: ]
[objective_seed: 16083]
[num_class: 1]
[is_unbalance: 0]
[scale_pos_weight: 1]
[sigmoid: 1]
[boost_from_average: 1]
[reg_sqrt: 0]
[alpha: 0.9]
[fair_c: 1]
[poisson_max_delta_step: 0.7]
[tweedie_variance_power: 1.5]
[lambdarank_truncation_level: 30]
[lambdarank_norm: 1]
[label_gain: ]
[lambdarank_position_bias_regularization: 0]
[eval_at: ]
[multi_error_top_k: 1]
[auc_mu_weights: ]
[num_machines: 1]
[local_listen_port: 12400]
[time_out: 120]
[machine_list_filename: ]
[machines: ]
[gpu_platform_id: -1]
[gpu_device_id: -1]
[gpu_device_id_list: ]
[gpu_use_dp: 0]
[num_gpu: 1]

end of parameters

pandas_categorical:[["IT\u670d\u52a1\u2161", "\u4e00\u822c\u96f6\u552e", "\u4e13\u4e1a\u5de5\u7a0b", "\u4e13\u4e1a\u670d\u52a1", "\u4e13\u4e1a\u8fde\u9501\u2161", "\u4e13\u7528\u8bbe\u5907", "\u4e2a\u62a4\u7528\u54c1", "\u4e2d\u836f\u2161", "\u4e58\u7528\u8f66", "\u4e92\u8054\u7f51\u7535\u5546", "\u4f11\u95f2\u98df\u54c1", "\u4f53\u80b2\u2161", "\u4fdd\u9669\u2161", "\u5143\u4ef6", "\u5149\u4f0f\u8bbe\u5907", "\u5149\u5b66\u5149\u7535\u5b50", "\u5176\u4ed6\u5bb6\u7535\u2161", "\u5176\u4ed6\u7535\u5b50\u2161", "\u5176\u4ed6\u7535\u6e90\u8bbe\u5907\u2161", "\u517b\u6b96\u4e1a", "\u519b\u5de5\u7535\u5b50\u2161", "\u519c\u4e1a\u7efc\u5408\u2161", "\u519c\u4ea7\u54c1\u52a0\u5de5", "\u519c\u5316\u5236\u54c1", "\u519c\u5546\u884c\u2161", "\u51b6\u94a2\u539f\u6599", "\u51fa\u7248", "\u52a8\u7269\u4fdd\u5065\u2161", "\u5305\u88c5\u5370\u5237", "\u5316\u5986\u54c1", "\u5316\u5b66\u5236\u54c1", "\u5316\u5b66\u5236\u836f", "\u5316\u5b66\u539f\u6599", "\u5316\u5b66\u7ea4\u7ef4", "\u533b\u7597\u5668\u68b0", "\u533b\u7597\u670d\u52a1", "\u533b\u836f\u5546\u4e1a", "\u534a\u5bfc\u4f53", "\u53a8\u536b\u7535\u5668", "\u5546\u7528\u8f66", "\u5730\u9762\u5175\u88c5\u2161", "\u57ce\u5546\u884c\u2161", "\u57fa\u7840\u5efa\u8bbe", "\u5851\u6599", "\u591a\u5143\u91d1\u878d", "\u5bb6\u5c45\u7528\u54c1", "\u5bb6\u7535\u96f6\u90e8\u4ef6\u2161", "\u5c0f\u5bb6\u7535", "\u5c0f\u91d1\u5c5e", "\u5de5\u4e1a\u91d1\u5c5e", "\u5de5\u7a0b\u54a8\u8be2\u670d\u52a1\u2161", "\u5de5\u7a0b\u673a\u68b0", "\u5e7f\u544a\u8425\u9500", "\u5f71\u89c6\u9662\u7ebf", "\u623f\u5730\u4ea7\u5f00\u53d1", "\u623f\u5730\u4ea7\u670d\u52a1", "\u623f\u5c4b\u5efa\u8bbe\u2161", "\u6469\u6258\u8f66\u53ca\u5176\u4ed6", "\u6559\u80b2", "\u6570\u5b57\u5a92\u4f53", "\u6587\u5a31\u7528\u54c1", "\u65c5\u6e38\u53ca\u666f\u533a", "\u65c5\u6e38\u96f6\u552e\u2161", "\u666e\u94a2", "\u670d\u88c5\u5bb6\u7eba", "\u6797\u4e1a\u2161", "\u6a61\u80f6", "\u6c34\u6ce5", "\u6c7d\u8f66\u670d\u52a1", "\u6c7d\u8f66\u96f6\u90e8\u4ef6", "\u6cb9\u670d\u5de5\u7a0b", "\u6cb9\u6c14\u5f00\u91c7\u2161", "\u6d88\u8d39\u7535\u5b50", "\u6e14\u4e1a", "\u6e38\u620f\u2161", "\u70bc\u5316\u53ca\u8d38\u6613", "\u7126\u70ad\u2161", "\u7164\u70ad\u5f00\u91c7", "\u7167\u660e\u8bbe\u5907\u2161", "\u71c3\u6c14\u2161", "\u7269\u6d41", "\u7279\u94a2\u2161", "\u73af\u4fdd\u8bbe\u5907\u2161", "\u73af\u5883\u6cbb\u7406", "\u73bb\u7483\u73bb\u7ea4", "\u751f\u7269\u5236\u54c1", "\u7535\u529b", "\u7535\u5b50\u5316\u5b66\u54c1\u2161", "\u7535\u673a\u2161", "\u7535\u6c60", "\u7535\u7f51\u8bbe\u5907", "\u7535\u89c6\u5e7f\u64ad\u2161", "\u767d\u8272\u5bb6\u7535", "\u767d\u9152\u2161", "\u79cd\u690d\u4e1a", "\u7eba\u7ec7\u5236\u9020", "\u7efc\u5408\u2161", "\u80a1\u4efd\u5236\u94f6\u884c\u2161", "\u80fd\u6e90\u91d1\u5c5e", "\u81ea\u52a8\u5316\u8bbe\u5907", "\u822a\u5929\u88c5\u5907\u2161", "\u822a\u6d77\u88c5\u5907\u2161", "\u822a\u7a7a\u673a\u573a", "\u822a\u7a7a\u88c5\u5907\u2161", "\u822a\u8fd0\u6e2f\u53e3", "\u88c5\u4fee\u5efa\u6750", "\u88c5\u4fee\u88c5\u9970\u2161", "\u8ba1\u7b97\u673a\u8bbe\u5907", "\u8bc1\u5238\u2161", "\u8c03\u5473\u53d1\u9175\u54c1\u2161", "\u8d35\u91d1\u5c5e", "\u8d38\u6613\u2161", "\u8f68\u4ea4\u8bbe\u5907\u2161", "\u8f6f\u4ef6\u5f00\u53d1", "\u901a\u4fe1\u670d\u52a1", "\u901a\u4fe1\u8bbe\u5907", "\u901a\u7528\u8bbe\u5907", "\u9020\u7eb8", "\u9152\u5e97\u9910\u996e", "\u91d1\u5c5e\u65b0\u6750\u6599", "\u94c1\u8def\u516c\u8def", "\u975e\u767d\u9152", "\u975e\u91d1\u5c5e\u6750\u6599\u2161", "\u98ce\u7535\u8bbe\u5907", "\u98df\u54c1\u52a0\u5de5", "\u996e\u6599\u4e73\u54c1", "\u9970\u54c1", "\u9972\u6599", "\u9ed1\u8272\u5bb6\u7535"]]
