symbol,pred_ret_3d,pred_ret_5d,prob_up,prob_up_3d,prob_up_5d,pred_ret_10d,prob_up_10d,pred_q50_3d,pred_q50_5d
000001,-0.0006945143344845361,-0.0028189344654303583,0.31271470799712386,0.31271470799712386,0.3049581481036485,0.0009092703747294566,0.30312815338042376,-0.004607513946145364,0.003963947251748525
600814,-0.004011848054945611,-0.011864471201574602,0.2918630662299273,0.2918630662299273,0.2631062517521727,-0.013359995527897857,0.2584460141271443,-0.01741343010796864,-0.014798152147362522
600809,-0.00093648027666546,-0.005878049632722201,0.31103698969401616,0.31103698969401616,0.29021987264207616,0.0025567150435805634,0.3084561049445005,-0.0069330833662644975,-0.002357210117368375
600808,-0.00093648027666546,-0.002182388959019708,0.31103698969401616,0.31103698969401616,0.30786174856822457,0.0012999729859582837,0.30431886982845613,-0.009829266353097645,-0.0010993126361060297
600803,-0.0007934375155012897,-0.004840056311930077,0.3119956858672206,0.3119956858672206,0.2947855340622372,0.003189957634994919,0.31055499495459127,-0.007140763578472775,-0.0006554610582349425
600802,3.358113510654923e-05,0.005406576465319023,0.31756810737397145,0.31756810737397145,0.3468901437782851,0.01913248312391837,0.37160443995963677,-0.001981409478111958,-0.0012126038840736659
600801,-0.0004786128905436058,-0.002195038318219934,0.3140129423983382,0.3140129423983382,0.307801674075854,0.004476087902429757,0.31495459132189707,-0.006712910089132524,-0.004312363731545871
600798,-0.000614061158804342,-0.005038378904760008,0.3131940560837261,0.3131940560837261,0.2937041931995674,0.00921893684428749,0.33166498486377394,-0.011802473813416422,-0.0034338081056018103
600797,-0.0007934375155012897,-0.00025373561674911044,0.3119956858672206,0.3119956858672206,0.31807441227121636,0.011809833845190916,0.341816347124117,-0.005814287975679321,0.003745980844725444
600795,-0.0007934375155012897,-0.006994789695834521,0.3119956858672206,0.3119956858672206,0.2852737394369017,0.005082069888944341,0.31689202825428864,-0.00638249853286301,-0.0020106554150478117
600792,-0.00041310537364665564,-0.023981603307060142,0.31449229048494043,0.31449229048494043,0.21646842084184392,-0.038040561581349636,0.19909182643794143,-0.031525355504503076,-0.03440683569539823
600791,0.0010741298136522526,0.00892949608712002,0.32423903491251893,0.32423903491251893,0.3661139813368577,0.071700692216872,0.6163471241170535,-0.0029997277953439944,-0.00027384960417082486
600789,-0.0007934375155012897,-0.003132852578266891,0.3119956858672206,0.3119956858672206,0.3034763106251752,0.0006271648927637267,0.30215943491422803,-0.006880630101805757,-0.00048092437113831656
600787,0.005155222917618594,-0.0003264546183262242,0.3517616042182632,0.3517616042182632,0.3176538908246226,0.023239248941139788,0.38781029263370337,-0.005391586028279712,0.002982770555395917
600785,-0.0029494682432721613,-0.011609106312202702,0.2983941839098826,0.2983941839098826,0.2644479154151147,-0.0037245966738403617,0.2870837537840565,-0.011364617950762445,-0.008353956467175471
600784,0.0005041411005711116,0.00590223489297354,0.3204841415674683,0.3204841415674683,0.34913292482678526,0.053132798535490106,0.5243592330978809,0.0020125976469415924,0.012650430744430601
600783,0.0007294253945597833,-0.0035403132786823058,0.32178237596868264,0.32178237596868264,0.30137370339220637,0.04550273884623169,0.48863773965691226,-0.006937971373736983,0.0017193370795867834
600782,-0.00093648027666546,-0.006108682227500268,0.31103698969401616,0.31103698969401616,0.2891585566101966,-0.00506028790146246,0.28232088799192734,-0.0090472249345657,-0.001048986543940457
600780,-0.0002169114624355995,-0.001659656347208705,0.3158304705600383,0.3158304705600383,0.31058512555568907,0.018356202833244916,0.36861755802219975,-0.0016568129682547098,0.0023674175937892414
600778,-0.004011848054945611,-0.0027894980103045095,0.2918630662299273,0.2918630662299273,0.30509832191917974,0.012277510186394069,0.3436528758829466,-0.0014434886293427495,0.003208385254679026
600777,-0.0039635227757920805,-0.002366121509702899,0.2922026044579372,0.2922026044579372,0.30702070567503703,0.018422912645896353,0.3688597376387487,-0.010277713271890844,0.003998514026142002
600776,0.0007809811030938342,-0.0030710880579587698,0.32218183270751777,0.32218183270751777,0.30363650927149666,0.009985866521866628,0.33457114026236123,-0.011649107204969322,-0.011741942709356825
600775,-0.0002687061292369071,-0.0014323087025328602,0.31561076935367904,0.31561076935367904,0.3116264167567784,0.007848433171242366,0.32663975782038346,-0.005564777107644633,0.0011848708308982022
600773,0.0010741298136522526,0.0043969462809567116,0.32423903491251893,0.32423903491251893,0.3415635387880972,0.019109599366371195,0.37156407669021185,-0.006907559129462023,-0.0015551640561762038
600771,-0.0007934375155012897,-0.0013779249989106606,0.3119956858672206,0.3119956858672206,0.31192678921863115,0.010194852480293027,0.33529767911200803,-0.005612970847559551,0.001709199496327505
600770,-0.0023408091506125607,-0.005436395675202892,0.30198929455939927,0.30198929455939927,0.292202330890304,0.013847014467397988,0.3498284561049445,-0.013912385520845762,-0.011415945988276412
600769,-0.0025076076054123117,0.0019966587052289027,0.3010505712231365,0.3010505712231365,0.3292482678521367,0.006359661372214723,0.32131180625630673,-0.010769078704330502,-0.006401141836192606
600765,-0.00093648027666546,-0.002934311992040461,0.31103698969401616,0.31103698969401616,0.3043774280107333,0.0018711042370411566,0.3063773965691221,-0.007166147237582147,-0.008030239666254877
600815,0.0012390037079441688,-0.002795711224129361,0.32513781257489816,0.32513781257489816,0.3050582722575994,-0.005005716797410378,0.28248234106962666,-0.012675227840101853,-0.011074429111210015
600764,-0.001422334035273219,-0.0009386169020112855,0.30768155308780054,0.30768155308780054,0.314249669590292,0.024732983262988412,0.39418768920282543,-0.005491699540146791,-0.006601258185566282
600816,-0.0007934375155012897,-0.0016567107708734161,0.3119956858672206,0.3119956858672206,0.31058512555568907,0.00835658626421506,0.3285570131180625,-0.006763774251671736,0.003996035351060038
600821,0.0002562497168294514,-0.0066049269785736706,0.31882639610130226,0.31882639610130226,0.28689575073090634,0.00028032410110230235,0.30074672048435924,-0.007980633156011756,-0.0027104167596934646
600879,-0.00093648027666546,0.0008755136834718094,0.31103698969401616,0.31103698969401616,0.3236813648924667,0.040005946039350475,0.46217961654894046,-0.004154484103181232,-0.0005862417810778706
600877,-0.0002687061292369071,-0.0017882273941916959,0.31561076935367904,0.31561076935367904,0.30974408266250153,0.017731179463416097,0.3659939455095863,-0.004273370720041083,0.0005773092851285739
600875,-0.0002459270509784475,-0.0048464466578866765,0.31573060637532957,0.31573060637532957,0.29474548440065684,0.012791538233459425,0.34585267406659936,-0.008147338840995702,-0.0045471712912493805
600873,-0.00093648027666546,-0.0060147250560042085,0.31103698969401616,0.31103698969401616,0.2896792022107413,0.022611988595978683,0.38554994954591326,-0.007719057802176821,0.0015228412360308845
600872,-0.00093648027666546,-0.00429457846557948,0.31103698969401616,0.31103698969401616,0.2976691096960231,-0.0029687132312583584,0.28978809283551965,-0.003958294614103142,-0.0007255748020457217
600871,-0.0039635227757920805,-0.0034581060325913683,0.2922026044579372,0.2922026044579372,0.3017541751772198,0.007820810458596027,0.32641775983854693,-0.007634033696333818,0.003128447785445499
600869,0.0034715272542935735,0.000784225452544053,0.34049692418311095,0.34049692418311095,0.3231206696303416,0.022854845557637286,0.3864984863773966,-0.020005543554903558,-0.022781886467804255
600868,-0.0007934375155012897,-0.003766409406944565,0.3119956858672206,0.3119956858672206,0.3001321638832152,-0.0012839852662651834,0.2953784056508577,-0.008784987594260772,-1.8676902009742013e-06
600866,-0.0004786128905436058,-0.005274941266444943,0.3140129423983382,0.3140129423983382,0.29268292682926833,0.03952351282540319,0.45985872855701315,-0.009166565904213901,-0.002579510383259805
600865,0.006276026390794536,-0.017565309435857768,0.3595909562994327,0.3595909562994327,0.24005767151267576,-0.008546214682266157,0.27144298688193746,-0.03669260438348553,-0.0442771936271579
600864,-0.0007934375155012897,-0.003270689717721291,0.3119956858672206,0.3119956858672206,0.30269534222435823,0.009517418867834599,0.3328557013118063,-0.006925783340874945,0.0031604653893102736
600863,-0.0002169114624355995,-0.0066030207310924585,0.3158304705600383,0.3158304705600383,0.28689575073090634,0.011758037833530199,0.3415338042381433,-0.005297987914763153,-0.0019048644231532332
600862,-0.00093648027666546,-0.0036752965705841296,0.31103698969401616,0.31103698969401616,0.30067283431455005,0.009231648941415063,0.33176589303733606,-0.006916522817521379,-0.00707606521535829
600859,-0.00498190946671762,-0.005941563457876165,0.28651034592953584,0.28651034592953584,0.28995954984180383,-0.0008833175796112144,0.2966902119071645,-0.010170377503908362,-0.003173719967884649
600857,7.834624234107474e-05,-0.0016773836449664366,0.3178077814172725,0.3178077814172725,0.31046497657094796,0.00952456611276191,0.3329162462159435,-0.00933257927751209,-0.0098714438424451
600855,-0.0029494682432721613,0.0014917606506547124,0.2983941839098826,0.2983941839098826,0.3265649405262525,-0.0029132661903154256,0.2899697275479314,-0.01374424868607815,-0.009571795891949245
600850,-0.0007934375155012897,-1.2228928638625014e-05,0.3119956858672206,0.3119956858672206,0.3189555048259842,0.015556856519798637,0.3565489404641776,-0.0049097186647811914,0.0007783580127148448
600845,-0.0007934375155012897,-0.0008596520902923198,0.3119956858672206,0.3119956858672206,0.31477031519083665,0.014869742708885494,0.35382441977800205,-0.004494924384618385,0.0006535150782844438
600844,0.0005041411005711116,0.006921516962999846,0.3204841415674683,0.3204841415674683,0.35401898353958905,0.007699974772997078,0.3260948536831484,-0.010024602951603744,0.0028989381272670144
600841,0.008371770425598586,-0.002434909074630426,0.37451066549492695,0.37451066549492695,0.3067603828747647,0.018150548797225084,0.36768920282542883,0.001778939782375918,0.005101221926423552
600839,-0.00093648027666546,-0.005812250403115727,0.31103698969401616,0.31103698969401616,0.29044014578076816,0.01428242450827269,0.3514631685166498,-0.00748082270843332,0.0025263092857825474
600838,-0.0029494682432721613,-0.003234129001003736,0.2983941839098826,0.2983941839098826,0.3029957146862109,-0.002426108418636374,0.2916044399596367,-0.0006237170944642515,0.009344677415079211
600830,0.0012390037079441688,-0.0028220425834118955,0.32513781257489816,0.32513781257489816,0.3049381232728583,0.011578567305150883,0.3407669021190717,-0.008512638943078743,-0.0008107427552121757
600829,0.0012390037079441688,0.0033743880325266245,0.32513781257489816,0.32513781257489816,0.3366774800752934,0.013697913956479459,0.34932391523713424,-0.006308820022118181,-6.514340863119034e-06
600828,-0.0029494682432721613,-0.018829076977528062,0.2983941839098826,0.2983941839098826,0.2354519604309343,-0.020683595026671744,0.23878910191725533,-0.008519621551045256,-0.003089918632497571
600827,-0.00498190946671762,-0.0057484820702758885,0.28651034592953584,0.28651034592953584,0.2907405182426208,6.456133469845737e-05,0.29997981836528764,-0.009541007417616348,-0.003180692470763706
600824,0.0073384062024679855,0.003634489151003623,0.36756011823919466,0.36756011823919466,0.33797909407665505,0.018198906612767737,0.36787083753784056,0.006586804412589708,0.012143372693195867
600820,-0.0007934375155012897,-0.005559357249818852,0.3119956858672206,0.3119956858672206,0.291541511474228,-0.0016705955964412586,0.29424823410696266,-0.010348790616466838,-0.0031170905234872604
600880,0.0011407260540145239,-0.011288914569189248,0.3246784373252377,0.3246784373252377,0.2657895790780568,-0.015020991698511853,0.25358224016145303,-0.016924959549992357,-0.006500365751540572
600763,-0.0007934375155012897,-0.0011622493710460307,0.3119956858672206,0.3119956858672206,0.31296808041972046,0.0008874160060367177,0.30304742684157415,-0.007761421291831537,-5.4976886507441074e-06
600760,-0.00093648027666546,0.00017068428808908145,0.31103698969401616,0.31103698969401616,0.3198566222115423,-0.002617388073640258,0.2909989909182644,-0.00493575603730867,-0.0019216983053027656
600703,0.0017637350942085518,0.0026402174663927966,0.32843333067028846,0.32843333067028846,0.3324322159477753,0.012663548354206015,0.3454288597376387,-0.006283133789741962,-0.0021714211364092647
600702,-0.00093648027666546,-0.005337087905770464,0.31103698969401616,0.31103698969401616,0.2925627778445272,0.007028951692970612,0.32369323915237136,-0.005464774105300754,-0.0022938817622726424
600699,0.0011465711787958818,-0.005495738796041877,0.3246784373252377,0.3246784373252377,0.29192198325924146,0.019608898656302852,0.3732593340060545,-0.005951530311888353,-0.001862112606952421
600698,0.003536200333170063,-0.012860106116130015,0.3408764080850044,0.3408764080850044,0.2587808883014938,-0.03289613619661369,0.21021190716448035,-0.022080698023042068,-0.021564089643787573
600694,-0.004994602046060328,-0.00351278348228177,0.28649037309259406,0.28649037309259406,0.30147382754615726,-0.003983518897578057,0.28613521695257316,-0.004519099879257376,0.002857619829461726
600693,-0.004011848054945611,-0.009208855504223037,0.2918630662299273,0.2918630662299273,0.2752613240418118,-0.00025847824216035527,0.2989505549949546,-0.01681191375498684,-0.012188306983389753
600691,0.006276026390794536,-0.003382902295755957,0.3595909562994327,0.3595909562994327,0.3021947214546037,-0.004760891251032288,0.28312815338042385,-0.028438662653562735,-0.024635592791246472
600690,-0.00093648027666546,-0.004594109197728048,0.31103698969401616,0.31103698969401616,0.2961872722175498,-0.0033874245027523905,0.28833501513622606,-0.00733443824001593,0.0023022887549131684
600688,-0.003948228982648883,-0.002372094772946951,0.2922824958057042,0.2922824958057042,0.30702070567503703,0.0028105854327416064,0.3092835519677094,-0.00646376135085329,0.0026191096494821028
600686,0.0011465711787958818,-0.005522981578318939,0.3246784373252377,0.3246784373252377,0.2917417597821298,0.012735018059124302,0.34565085771947524,-0.004941423807002016,-0.0002718603682003706
600685,-0.001422334035273219,-0.0035678884096890314,0.30768155308780054,0.30768155308780054,0.30123352957667504,0.004917028422663775,0.3161251261352169,-0.00733601034908508,-0.008710888301749464
600683,0.0010741298136522526,0.012798857827394471,0.32423903491251893,0.32423903491251893,0.38846169249869844,0.08516784825693643,0.6804036326942482,-0.0074672040650683984,-0.0027507331617820548
600681,0.0007294253945597833,-0.00197175363518865,0.32178237596868264,0.32178237596868264,0.3087828907845729,0.01245431915540385,0.34433905146316857,0.0003439749701590825,0.0033363218032916703
600675,0.0010741298136522526,0.0013025447825407925,0.32423903491251893,0.32423903491251893,0.32578397212543553,0.01594214948004899,0.35824419778002015,0.0039469600163642244,0.004860506749103675
600674,-0.0007934375155012897,-0.002450330401169952,0.3119956858672206,0.3119956858672206,0.30668028355160404,0.004741666068965276,0.31562058526740666,-0.005029336437760331,-0.0008064992603820379
600673,-0.0023408091506125607,0.00742593752625713,0.30198929455939927,0.30198929455939927,0.3567824101886339,0.027606272390689766,0.40686175580221995,-0.008615525394595609,-0.0018884709021524477
600671,0.0001766238962707199,0.007821582154515274,0.31832707517775827,0.31832707517775827,0.3590652408987144,0.04532993639853877,0.48789101917255295,-0.003545703802412185,0.0008245493801724951
600667,0.0020936676795769585,0.017973765064180375,0.3307701525924742,0.3307701525924742,0.4184588890223878,0.05225007465477488,0.5203834510595358,-0.0019305026969372934,0.0017917230537312192
600666,0.0001376055483508965,0.003316300783386005,0.31798753694974835,0.31798753694974835,0.33635708278265053,0.025445274044591414,0.39743693239152367,-0.004535860455575384,0.0026120303636088644
600664,0.0020936676795769585,0.017190123491304464,0.3307701525924742,0.3307701525924742,0.41383315310985624,0.04005615925842071,0.462502522704339,-0.01233729320922494,-0.009605786570270768
600660,9.688394646514073e-05,-0.003875928430969641,0.3178277542542143,0.3178277542542143,0.29965156794425085,0.0018207493025613332,0.306175580221998,-0.006049294001719249,-0.0003636433630267649
600657,0.0010741298136522526,-0.002003551484591586,0.32423903491251893,0.32423903491251893,0.3086026673074612,-0.010583992091963285,0.26613521695257314,-0.011966113522251926,-0.008335856243299746
600654,0.000647183861735282,0.0026178891354226726,0.32122313653431334,0.32122313653431334,0.3323721414554047,-0.01142428376883063,0.2637134207870837,-0.006191586620987097,-0.0009388661920133923
600651,0.0011465711787958818,-0.003218284951646448,0.3246784373252377,0.3246784373252377,0.30307581400937167,-0.006597815265941085,0.2776185671039354,-0.0022425119900439045,0.003509158068467079
600649,0.000564551500267867,0.003635887999798998,0.3208236797954781,0.3208236797954781,0.33797909407665505,0.005622920606557035,0.3188092835519677,-0.004842843021943796,-0.0028533676838145045
600645,0.0002562497168294514,-0.0027324254714183494,0.31882639610130226,0.31882639610130226,0.3052985702270816,0.021206218425867118,0.3798183652875883,-0.006345105070575886,0.0008764669889062274
600644,-0.0007934375155012897,0.0006401550293488288,0.3119956858672206,0.3119956858672206,0.3221394529216228,0.005357409710578302,0.3180625630676085,-0.007675256648098901,0.0009906251956133458
600704,-0.000601368579461634,-0.004626023346840627,0.3133338659423185,0.3133338659423185,0.2959669990788578,0.011126876422684869,0.33903128153380424,-0.011019881267273329,-0.0024990653360935752
600761,-0.0007934375155012897,-0.007053118472134964,0.3119956858672206,0.3119956858672206,0.2851335656213705,-0.0016768204566900756,0.29424823410696266,-0.009458784177871249,-0.0006897097983713668
600706,0.0010959609467799984,0.0032214507908402837,0.32443876328193655,0.32443876328193655,0.3357563378589451,0.008850292837928217,0.33033299697275476,-0.00035921631015980424,0.016944293417353207
600710,-0.00093648027666546,-0.006763274272652749,0.31103698969401616,0.31103698969401616,0.28621490648404024,9.269994617755277e-05,0.30004036326942485,-0.009726710718375222,-0.007825040834246568
600758,-0.0025076076054123117,0.00026483880455928827,0.3010505712231365,0.3010505712231365,0.32013696984260487,-0.002983752287000878,0.28976791120080725,-0.012189184497861601,-0.0005388058070073612
600757,9.137582253753507e-05,0.0005259899996224135,0.3178277542542143,0.3178277542542143,0.3215186831671273,0.008241548199171335,0.32819374369323917,-0.004541368110301824,-0.0023427632918530247
600756,-0.0008087313086444864,-0.0005335118280961149,0.3119357673563953,0.3119357673563953,0.31647242580800194,0.013349706655993254,0.34785065590312814,-0.006765385085272292,0.0027623030518353375
600754,-0.00093648027666546,-0.005965617018398394,0.31103698969401616,0.31103698969401616,0.2899195001802235,0.008447283196291799,0.32879919273461156,-0.01082406252999504,0.0025577988398337043
600751,-0.004458462478667107,-0.0009571680011983221,0.2892865702644404,0.2892865702644404,0.3141695702671312,0.019227818104328723,0.3719677093844601,-0.008684345862618938,0.004323825015551727
600750,-0.0007934375155012897,-0.0035760780706889646,0.3119956858672206,0.3119956858672206,0.3011934799150947,0.003541199434982502,0.3116246215943491,-0.006126344968660627,0.0015108134748219781
600749,0.0010959609467799984,0.004715637576634072,0.32443876328193655,0.32443876328193655,0.3433457487284233,0.010870069650486903,0.3379011099899092,-0.012930708197166957,0.0014614192027174735
600746,-0.0004786128905436058,-0.002310795849453428,0.3140129423983382,0.3140129423983382,0.307240978813729,0.011558545503393589,0.34066599394550956,-0.005978086739270316,0.0044990781082709305
600744,-0.0007934375155012897,0.0007906774784967193,0.3119956858672206,0.3119956858672206,0.323160719291922,0.002816371167079155,0.3093037336024218,-0.010010719062713546,-0.0006826589304650626
600741,9.688394646514073e-05,-0.006367569696968186,0.3178277542542143,0.3178277542542143,0.28805719091673676,0.0077309085712557995,0.3262563067608476,-0.00874077264402276,-0.00017225894417551688
600740,-0.0034903615965270296,-0.0005783251273460106,0.2951585843253176,0.2951585843253176,0.3162922023308903,0.0021353204830926557,0.3071846619576186,-0.009125170195542494,0.0009408998285648534
600739,-0.0007934375155012897,-0.003768631826434652,0.3119956858672206,0.3119956858672206,0.3001321638832152,-0.003054723067367993,0.2895459132189707,-0.0057757934203185235,0.0002778635910964587
600737,-0.006068847500857402,-0.00460494331972142,0.2800990652712311,0.2800990652712311,0.2961872722175498,-0.01687787420894389,0.24863773965691216,-0.031768825469786335,-0.0302166882445778
600736,-0.0009583114097932058,0.003575540660727332,0.31091715267236564,0.31091715267236564,0.3375986222916416,0.019534164298779168,0.37295660948536835,-0.0043987532976889525,-5.4393549411709215e-05
600733,9.688394646514073e-05,0.00024742776893689765,0.3178277542542143,0.3178277542542143,0.3200969201810244,0.03372856084700854,0.4322300706357215,-0.007847127590043097,0.0006864776099466295
600732,0.0012896139399600525,0.0033416135703769464,0.32541743229208275,0.32541743229208275,0.3364572069366014,0.02158188405572978,0.38102926337033305,-0.002299673915067034,0.0024390288259497593
600728,-0.0007934375155012897,0.0010061942856077087,0.3119956858672206,0.3119956858672206,0.324382233970123,0.02328841336941558,0.3879717457114026,-0.005051412937821759,0.0021497503404938265
600727,-0.00093648027666546,-0.001419806444943938,0.31103698969401616,0.31103698969401616,0.3116664664183587,0.008166750322367359,0.3278910191725529,-0.006774188821269385,0.0035615442448068703
600726,0.0002562497168294514,-0.0017846879738847318,0.31882639610130226,0.31882639610130226,0.3098041571548721,0.0628427818036055,0.5727547931382442,-0.006219420939911784,-0.00043995912925540664
600725,5.745459181790654e-05,0.0005527893734742554,0.3176679715586802,0.3176679715586802,0.32173895630581917,0.021369238657129898,0.38034308779011095,0.007366350852546804,0.02615534560434614
600722,0.0071675851444334485,-0.008185927105865725,0.3662019653271551,0.3662019653271551,0.2798870599543434,0.014700179431231558,0.35313824419778006,-0.02341959657361622,-0.019958714135598483
600721,0.0012390037079441688,0.011799487989242878,0.32513781257489816,0.32513781257489816,0.3827145660619168,0.029889739587569637,0.4162462159434914,-0.01237109017542867,-0.007551216773284319
600719,0.00697187065024777,0.006218556693577343,0.36434449149157144,0.36434449149157144,0.3505346629820978,0.028167292656078737,0.40902119071644805,0.0021941582358878165,0.010385411955586333
600717,-0.001087222338069393,-0.005498900353659825,0.31013821203163694,0.31013821203163694,0.2918619087668709,0.019950747235420646,0.37459132189707367,-0.0076055290465109355,0.0012129800994968038
600714,0.0005041411005711116,0.0120439906607362,0.3204841415674683,0.3204841415674683,0.3843165525251312,0.0038023661681983395,0.31257315842583244,-0.014554353797723294,-0.006560272259727757
600712,3.358113510654923e-05,-0.0023034522402431033,0.31756810737397145,0.31756810737397145,0.307240978813729,-0.01160016267021729,0.26316851664984864,-0.007947294313564507,0.0018545793721673927
600711,0.003501052301192367,0.0017994043986946698,0.3408164895741791,0.3408164895741791,0.3283872001281589,0.021612334867784785,0.38108980827447025,-0.008710414989071477,0.001224738115590355
600707,0.002879701282139138,0.011591779630555998,0.3362027642406328,0.3362027642406328,0.3813929272297649,0.029295113728795764,0.4140464177598385,-0.0011806770387104617,-0.0011291597188337217
600881,-0.0023408091506125607,-0.003457336774363392,0.30198929455939927,0.30198929455939927,0.3017541751772198,-0.005776956641153695,0.28014127144298684,-0.01286409957876497,-0.007984415943881946
600882,0.00011320695566528081,-0.001971126027309323,0.3178876727650396,0.3178876727650396,0.3087828907845729,0.005901155961858722,0.3197780020181634,-0.005392040675112611,0.0003185712064099293
600884,0.00023992670762931138,0.0015929874575171263,0.31874650475353516,0.31874650475353516,0.32696543714205617,-0.013208582084258078,0.25876892028254284,-0.004189017956516442,-5.3627164692179944e-05
601137,0.002991473987807982,-0.0005594381458424995,0.33700167771830314,0.33700167771830314,0.3163322519924706,0.01678046441954058,0.3616347124117053,-0.0042688340417317665,0.005267715839833335
601136,0.0002562497168294514,-0.005695086921078786,0.31882639610130226,0.31882639610130226,0.2909407665505227,-8.840901040511125e-05,0.29941473259334006,-0.010047053302981767,-0.002152741266001265
601133,0.0012390037079441688,0.012192977128111316,0.32513781257489816,0.32513781257489816,0.3850374464335776,0.024528343746487637,0.3933804238143289,-0.005432977207950468,-0.001326617007462645
601128,-0.0006945143344845361,-0.004653002677692901,0.31271470799712386,0.31271470799712386,0.29578677560174615,0.003047872488135579,0.31025227043390513,-0.005912883344718232,0.0031121923263617637
601127,9.688394646514073e-05,0.0020205365613040096,0.3178277542542143,0.3178277542542143,0.3294084664984581,0.04926615553226091,0.5063370332996973,-0.006014562688321172,0.00019329531116520765
601126,0.003679243094334233,0.01204463741635015,0.34195494127985937,0.34195494127985937,0.3843365773559213,0.03564048604937529,0.4413118062563067,-0.00521325436188274,-0.005994047879065752
601121,0.00011320695566528081,-0.002892374438928247,0.3178876727650396,0.3178876727650396,0.30453762665705475,0.008584049389142347,0.3292230070635721,-0.005894016527822383,-0.00022272110268192465
601118,-0.0060606599515119685,-0.0007492858307755079,0.2801390109451146,0.2801390109451146,0.31533101045296164,0.006247778143525494,0.3209889001009082,-0.028094016424241485,-0.014797914063004092
601117,-0.0007934375155012897,-0.0015556956195565362,0.3119956858672206,0.3119956858672206,0.31090552284833195,0.004497445096266691,0.3149747729566095,-0.007844163786253272,-0.0012713786715380041
601116,-0.004994602046060328,-0.000969107713928446,0.28649037309259406,0.28649037309259406,0.31410949577476066,0.007330429049511925,0.3247225025227043,-0.008319016513334207,-0.0038829738595720456
601111,-0.000601368579461634,8.270219512740608e-05,0.3133338659423185,0.3133338659423185,0.31943610076494855,0.0006053809886979728,0.302058526740666,-0.012602560759129112,0.003430427269432652
601108,-0.0007934375155012897,-0.0018239454866644988,0.3119956858672206,0.3119956858672206,0.30954383435459976,0.005993773626377408,0.3201412714429869,-0.004396164853369036,0.005121735916114399
601106,-0.0007934375155012897,-0.0029583721951587537,0.3119956858672206,0.3119956858672206,0.30421722936441187,0.002781676730533605,0.3092431886982846,-0.008668807374036204,0.00040364599787713954
601101,-0.0025076076054123117,-0.001326171617764457,0.3010505712231365,0.3010505712231365,0.3122271616804838,0.009247155017855696,0.33180625630676086,-0.010557351927543096,-0.003140757318416186
601100,0.0002562497168294514,-0.0015073038666593005,0.31882639610130226,0.31882639610130226,0.31114582081781406,0.001969803435533223,0.30670030272452065,-0.005827828383215593,0.0009165942391234558
601099,-0.0007934375155012897,0.00011385311929626332,0.3119956858672206,0.3119956858672206,0.31959629941127,0.006697665762465328,0.3224823410696266,-0.006810536594916679,0.00461529260397711
601098,-0.0009583114097932058,-0.003138572496011317,0.31091715267236564,0.31091715267236564,0.3034362609635949,0.010831554576712457,0.33773965691220986,-0.00823256385805332,-0.0030392197649862637
601088,-0.003948228982648883,-0.003540670001925543,0.2922824958057042,0.2922824958057042,0.30137370339220637,0.004849391096205778,0.315882946518668,-0.005109604574448627,0.0031393050481774635
601086,-0.004011848054945611,-0.02586786017237197,0.2918630662299273,0.2918630662299273,0.20978012735792384,-0.014213050822982467,0.25596367305751766,-0.03401921264773575,-0.036358719359487285
601083,0.0014310726439838244,0.00024356075334915067,0.3262163457697531,0.3262163457697531,0.3200768953502343,0.015766440774156953,0.35739656912209894,-0.010530324640750639,0.00047014168131174344
601077,-0.0006945143344845361,-0.0015654139014136769,0.31271470799712386,0.31271470799712386,0.31090552284833195,-0.0013581246093895014,0.295196770938446,-0.005833031334492711,0.004413177976566234
601069,0.00490792746445183,0.013451391154198284,0.3500039945673884,0.3500039945673884,0.39266690696463613,0.02171193584344258,0.3815539858728557,-0.006972610060058248,0.002614882013422078
601066,-0.0007934375155012897,-0.0010023741978532241,0.3119956858672206,0.3119956858672206,0.31384917297448833,0.007296887322756571,0.3246417759838547,-0.0039048971012392844,0.004486692090506506
601061,-0.003932222234386879,-0.002363726299099214,0.29240233282735484,0.29240233282735484,0.30702070567503703,0.011467053162492953,0.34046417759838543,-0.009008401380779348,-0.002482853734145502
601059,-0.003948228982648883,0.0012423612172311358,0.2922824958057042,0.2922824958057042,0.32544355000200254,0.029346379476990033,0.41414732593340065,-0.006325386238145425,0.003855687456922211
601058,0.0011465711787958818,-0.004037596191840972,0.3246784373252377,0.3246784373252377,0.29885057471264365,0.015893104027658894,0.3579818365287588,-0.0035974733877702342,-0.0012078301870856927
601038,0.0002562497168294514,-0.005203471225225941,0.31882639610130226,0.31882639610130226,0.29304337378349155,0.003710732738608169,0.3122300706357215,-0.005475707273182126,-0.0023880908340619374
601138,0.0007809811030938342,0.007824655309496777,0.32218183270751777,0.32218183270751777,0.3590652408987144,0.014496417012123723,0.35235116044399595,-0.0024348287769903713,-0.0007914494004571973
601022,0.00044831865286910677,0.0017890329456154341,0.3201845490133418,0.3201845490133418,0.32832712563578836,0.0005213559864928166,0.30169525731584257,-0.004468113526315589,0.006840585611146238
601139,-0.0007934375155012897,-0.005321992218373364,0.3119956858672206,0.3119956858672206,0.29258280267531744,0.0020979437185363633,0.3069828456104945,-0.006511934991703648,-0.0022532187191263487
601156,-0.000601368579461634,0.002705132765464817,0.3133338659423185,0.3133338659423185,0.33295286154831993,0.019724611236532692,0.37370332996972755,-0.009231249613802183,0.001334466954365437
601360,-0.0007934375155012897,0.00032957033606355774,0.3119956858672206,0.3119956858672206,0.32045736713524775,0.03532341984749943,0.439757820383451,-0.004953517974692501,0.0008002598911900358
601336,-0.0007934375155012897,-0.002141289226099801,0.3119956858672206,0.3119956858672206,0.308021947214546,0.007973142816073234,0.3270635721493441,-0.006877163251633519,0.004075744387123474
601333,-0.000601368579461634,-0.002136627339353117,0.3133338659423185,0.3133338659423185,0.30804197204533623,0.0074222805594014235,0.32510595358224015,-0.008977777328376386,0.0025362723277253356
601330,-0.003960921561991591,-0.0012310704369520747,0.292222577294879,0.292222577294879,0.3126877327886579,0.004710209987369372,0.31553985872855705,-0.007771757054883471,-0.0007952532928590295
601328,-0.0006945143344845361,-0.0019312510689501437,0.31271470799712386,0.31271470799712386,0.309023188754055,0.0025472267335212673,0.3084359233097881,-0.003761656672737212,0.003891438710066678
601319,-0.0007934375155012897,-0.004002288740891376,0.3119956858672206,0.3119956858672206,0.2991509471744964,0.005863396878456145,0.3196972754793138,-0.0066285714441964,0.0035095625749114547
601318,-0.0007934375155012897,-0.0039225205254614336,0.3119956858672206,0.3119956858672206,0.29941126997476875,0.011870031077692604,0.34213925327951566,-0.006543329770399999,0.003936126174254977
601298,-0.001087222338069393,-0.0018964851031040106,0.31013821203163694,0.31013821203163694,0.30918338740037643,0.026045540420145837,0.40022199798183655,-0.006307814233012636,0.001161372353146309
601288,-0.0006945143344845361,-0.0056506903527768215,0.31271470799712386,0.31271470799712386,0.2911410148584245,0.003028567102690354,0.3102119071644803,-0.004741429962997974,0.003899018598823873
601238,0.0006734099995308311,-0.003847998907266016,0.32136294639290564,0.32136294639290564,0.29975169209820174,0.0005152311380938319,0.30165489404641777,-0.007828271166878346,-0.000371908589455408
601233,-0.0025076076054123117,0.0033331826852130964,0.3010505712231365,0.3010505712231365,0.3364371821058112,0.01808354178790933,0.3674268415741675,-0.009588113049613744,-0.0017925441141679163
601231,0.0035834214962969313,0.013009764920899523,0.3412958376607813,0.3412958376607813,0.38972325683847975,0.026297245016621482,0.4012310797174571,-0.004773660461236991,0.00029760340406014636
601229,-0.0006945143344845361,-0.004941628851919963,0.31271470799712386,0.31271470799712386,0.2942648884616925,0.0030909585968367207,0.31031281533804234,-0.0050986028417756854,0.004069924565441177
601225,-0.003960921561991591,-0.0038553873245083478,0.292222577294879,0.292222577294879,0.29975169209820174,0.0012111402839290852,0.3039959636730575,-0.0070064475202237814,0.002571617710955549
601222,-0.0002459270509784475,-0.004946124686603208,0.31573060637532957,0.31573060637532957,0.2942248388001122,0.0009816164751795433,0.3033703329969728,-0.003008050048636145,-0.0015055018094661714
601216,-0.00093648027666546,-0.006524775579755336,0.31103698969401616,0.31103698969401616,0.287196123192759,0.004064993695729708,0.31342078708375376,-0.006926139545513217,0.0017508567423782319
601212,0.00490792746445183,0.003852380173246894,0.3500039945673884,0.3500039945673884,0.3390404101085346,0.04392143071264064,0.4816548940464178,-0.014506486522604875,-0.006606702877642049
601211,-0.0007934375155012897,-0.002439921198258866,0.3119956858672206,0.3119956858672206,0.3067403580439745,0.01071482155502355,0.3372754793138244,-0.005172115173245168,0.004077461283666599
601208,0.0009251398887454622,0.014248834491653392,0.32310058320683865,0.32310058320683865,0.3973126677079579,0.07904688200505071,0.6515237134207871,-0.010470695576473085,-0.0029862845887293986
601198,-0.0007934375155012897,0.0011378227181416518,0.3119956858672206,0.3119956858672206,0.32502302855540866,0.02080640956809823,0.37820383451059536,-0.0038721122595075886,0.0032658270568191603
601187,-0.0006945143344845361,-0.0019458390269475928,0.31271470799712386,0.31271470799712386,0.30898313909247466,0.0036193291527937166,0.31198789101917257,-0.005450764155404252,0.004930666284378714
601186,-0.0007934375155012897,-0.0047576105535598375,0.3119956858672206,0.3119956858672206,0.2952661300012015,-0.005555566412525308,0.28082744702320883,-0.009073628091739927,-0.0029063567236972806
601179,0.00023992670762931138,0.002575934551135613,0.31874650475353516,0.31874650475353516,0.3321118186551324,0.026612452572898106,0.40240161453077694,-0.002842953016517619,0.0020642911527935437
601169,-0.0006945143344845361,-0.0031376233236790926,0.31271470799712386,0.31271470799712386,0.3034362609635949,0.005474906711348242,0.31842583249243184,-0.005414395496920836,0.0028464956161269616
601168,0.0043557162728251565,0.018481458832329163,0.3464887752656387,0.3464887752656387,0.4211822660098522,0.031519171934096854,0.4228859737638748,-0.007837381849229951,-0.00020062584598363288
601166,-0.0006945143344845361,-0.00399286292093457,0.31271470799712386,0.31271470799712386,0.2991509471744964,-0.0006160657513921949,0.2976589303733602,-0.005485592379679428,0.003925626431833603
601162,-0.0007934375155012897,-0.00039385416824803027,0.3119956858672206,0.3119956858672206,0.31729344387039926,0.003310928989366438,0.3109586276488395,-0.004806412954259822,0.005415163638276633
601155,0.0010741298136522526,0.0022205754462745505,0.32423903491251893,0.32423903491251893,0.3303095838840162,-0.0001410845362286999,0.29931382441977805,-0.005790316550599216,-0.0016035576813931073
601021,-0.001087222338069393,-0.0021560930327351553,0.31013821203163694,0.31013821203163694,0.3079818975529657,0.014225891392508462,0.3512815338042381,-0.011254130611201955,0.002339406036954521
601020,0.011150372720139816,0.007126866402501037,0.3944435567628026,0.3944435567628026,0.3551003244022588,0.021871290251873284,0.3820787083753784,-0.00927263501663223,-0.0016162132074711115
601018,-0.000601368579461634,-0.004760935092234828,0.3133338659423185,0.3133338659423185,0.2952461051704113,0.00390862508859269,0.3129566094853683,-0.00951574985579713,0.0021060536484477916
600959,-0.0009583114097932058,-0.00254601001480948,0.31091715267236564,0.31091715267236564,0.3062197124434298,0.006731258432675737,0.3226639757820383,-0.005166545028278503,0.0005356355399037209
600958,-0.003948228982648883,-0.004724287369836743,0.2922824958057042,0.2922824958057042,0.2954063038167327,-0.0013021251293948305,0.2953380423814329,-0.006240797761507717,0.0030390168480150547
600941,-0.0002687061292369071,-0.004423298251831867,0.31561076935367904,0.31561076935367904,0.29714846409547835,0.009612316321038079,0.33317860746720485,-0.004325438346973391,0.0007619186613098035
600938,-0.003948228982648883,-0.0009136142628682325,0.2922824958057042,0.2922824958057042,0.31442989306740354,0.010914458235862186,0.3382038345105953,-0.005961843393216041,0.0027419614530311415
600936,0.0010741298136522526,0.008122405700141217,0.32423903491251893,0.32423903491251893,0.36104769914694224,0.0124301908692432,0.34427850655903125,-0.007247817509890229,0.0009179909353873848
600935,0.0005041411005711116,0.0029013850814322848,0.3204841415674683,0.3204841415674683,0.3340342024109896,0.012565080972486306,0.34484359233097883,0.005763538015607452,0.016957404617969563
600933,9.688394646514073e-05,-0.005030971852160322,0.3178277542542143,0.3178277542542143,0.29374424286114786,0.0033376008373986166,0.31101917255297684,-0.007118900065121864,-0.0009965558310176174
600930,-0.0007934375155012897,-0.002017822015948058,0.3119956858672206,0.3119956858672206,0.30850254315351033,0.002253828370119432,0.30750756811301716,-0.005731224170479061,0.00012423432781758187
600926,-0.0006945143344845361,-0.0028041866993933676,0.31271470799712386,0.31271470799712386,0.3050182225960191,0.0037138221586927953,0.3122300706357215,-0.005451146481609163,0.0037388691631047464
600925,-0.0034903615965270296,0.0003763169541149104,0.2951585843253176,0.2951585843253176,0.32059754095077897,0.0005046288072280573,0.30159434914228056,-0.0032035187358771056,0.006643113098881603
600919,-0.0006945143344845361,-0.0006863328112518988,0.31271470799712386,0.31271470799712386,0.31559133325323396,0.02040874829448638,0.37652875882946524,-0.005209316455919774,0.0026203836799865436
600918,-0.0007934375155012897,-0.003959294260266765,0.3119956858672206,0.3119956858672206,0.2992710961592374,0.006670871122307544,0.3223612512613522,-0.00594453704041547,0.00402034498888669
600916,-0.0019157877592034247,-0.003091805587059778,0.30466565470959495,0.30466565470959495,0.3035964596099163,0.0015771271983263623,0.3054490413723512,-0.007026537820379761,-0.003516440840333445
600909,-0.0007934375155012897,-0.0001609986586761476,0.3119956858672206,0.3119956858672206,0.31831471024069846,0.020207770014134447,0.3757013118062563,-0.007041755991210895,0.004313073854013742
600908,-0.0006945143344845361,-0.0031327705841108686,0.31271470799712386,0.31271470799712386,0.3034763106251752,0.0036353835080929443,0.3120282542885974,-0.006105585340009615,0.00230451382818841
600906,-0.0007934375155012897,-0.004695002273512755,0.3119956858672206,0.3119956858672206,0.29554647763226405,0.0059967864837529765,0.3201412714429869,-0.005157003148813723,0.004099598185551856
600905,-0.0007934375155012897,-0.004989003953366069,0.3119956858672206,0.3119956858672206,0.29398454083062997,0.0074209102082946395,0.32508577194752775,-0.007161053871056424,-0.0020853318909226965
600903,0.007481448963632157,-0.0026472208815338924,0.36841895022769033,0.36841895022769033,0.30565901718130484,-0.0004854962866236432,0.2981432896064581,-0.013821459228966973,-0.014760756660407371
600901,-0.0007934375155012897,-0.00520390855925862,0.3119956858672206,0.3119956858672206,0.29304337378349155,0.0001295567614336204,0.30008072653884965,-0.005549992459075719,0.002990124819591664
600900,-0.0007934375155012897,-0.0010212521256231497,0.3119956858672206,0.3119956858672206,0.31362889983579634,0.015344233277507415,0.3556407669021191,-0.004824472715116878,-0.0007870967182127325
600895,-0.0009583114097932058,0.0022980979065732768,0.31091715267236564,0.31091715267236564,0.3307501301614001,0.014944628647166591,0.3541473259334006,-0.004449014527251467,0.000250712007633116
600893,0.00011320695566528081,-0.00024009568220062424,0.3178876727650396,0.3178876727650396,0.3181144619327967,0.023441538693731365,0.3886377396569122,-0.006783124609692531,-0.0066661177378007554
600892,0.0010741298136522526,-0.011129103847267858,0.32423903491251893,0.32423903491251893,0.2664103488325523,-0.013455744662595664,0.25824419778002017,-0.012194297896230544,-0.008394858591951942
600888,0.0014559184984042006,0.0016428914165897797,0.3264959654869377,0.3264959654869377,0.3272457847731187,0.02436276324148672,0.3926538849646821,-0.0033770020531435022,0.005325196839947856
600887,-0.00093648027666546,-0.005437224962581741,0.31103698969401616,0.31103698969401616,0.292202330890304,-0.0014464590211711152,0.29489404641775985,-0.0037458336459886563,-0.0010932642313271543
600886,-0.0007934375155012897,-0.0055050134729451895,0.3119956858672206,0.3119956858672206,0.2918619087668709,0.000666952065394564,0.30228052472250255,-0.005480439102359041,-0.0011557847176211595
600885,0.0012896139399600525,0.0007129604203857775,0.32541743229208275,0.32541743229208275,0.32249989987584604,0.022896493078873283,0.3866397578203834,0.0016890781500734058,0.00231645120436055
600961,0.00490792746445183,0.01444600183367852,0.3500039945673884,0.3500039945673884,0.39861428170931956,0.04013907025057577,0.46278506559031285,-0.007706141586758786,0.004904077962992826
600962,-0.00541927892801287,0.007605718253976022,0.2839538228009907,0.2839538228009907,0.3578237013897233,0.007618062490485094,0.32581231079717454,-0.016040441636524717,0.00048261851669660237
600963,-0.00093648027666546,-0.0058057865437491215,0.31103698969401616,0.31103698969401616,0.29044014578076816,-0.003277097552306103,0.2887790110998991,-0.008690716432842397,-0.0025801109581319783
600966,0.0010959609467799984,0.0012091771353540364,0.32443876328193655,0.32443876328193655,0.3252833513556811,0.011064305114144695,0.3386881937436932,0.007358779605253146,0.01764362478128969
601016,-0.0007934375155012897,-0.006554882079939537,0.3119956858672206,0.3119956858672206,0.2870759742080179,-0.0032156710286446086,0.28916246215943486,-0.0072810185746456455,-0.0020132070759605
601015,-0.002978167570876873,-0.0009560960699546366,0.29827434688823196,0.29827434688823196,0.31418959509792144,0.0063564153320379325,0.32131180625630673,-0.015052932610478145,-0.006946379978761164
601012,0.00023992670762931138,-0.0004678932563940343,0.31874650475353516,0.31874650475353516,0.3168528975930154,0.014033657052125633,0.3505953582240161,-0.004770909876918534,0.0018501694577566297
601011,-0.0025076076054123117,0.00074474337970674,0.3010505712231365,0.3010505712231365,0.3228002723376987,-0.0030201022710590534,0.28966700302724524,-0.010528507242093282,0.00037228923687835974
601009,-0.0006945143344845361,-0.0052915479510640875,0.31271470799712386,0.31271470799712386,0.2926629019984781,0.00828600058811202,0.3283955600403633,-0.004957418493324459,0.0031521202633768126
601008,0.007673517899671811,0.0022182176541642677,0.3697171846289047,0.3697171846289047,0.33026953422243577,0.015806383760955445,0.35761856710393547,-0.012070981037856504,0.004223947818197745
601006,-0.000601368579461634,-0.003195857290563395,0.3133338659423185,0.3133338659423185,0.3032159878249029,0.014485483202825318,0.35233097880928355,-0.009218082447016714,0.002296236528777471
601005,-0.005467763225325379,-0.0022539445281834266,0.2837141487576895,0.2837141487576895,0.307461251952421,0.0179687516869952,0.36696266397578203,-0.01048677135234723,-0.0007602975087860346
601003,3.358113510654923e-05,-0.002287781212852896,0.31756810737397145,0.31756810737397145,0.3073210781368897,-0.00643326949682991,0.27798183652875885,0.0011750150356279693,0.003463528000805514
601001,-0.0025076076054123117,-0.002136176645515811,0.3010505712231365,0.3010505712231365,0.30804197204533623,0.0037466396379760456,0.3123107971745711,-0.010295600238907474,-0.0017083367999299367
601000,-0.000601368579461634,-0.003113823097572258,0.3133338659423185,0.3133338659423185,0.30353638511754577,0.009627960068450698,0.33331987891019177,-0.00891982253677677,0.003477008022023178
600999,-0.0007934375155012897,0.0006846937539856064,0.3119956858672206,0.3119956858672206,0.3223597260603148,0.015706040371403576,0.3571140262361251,-0.004832900580666542,0.005198995083063542
600998,-0.0012792912741090483,-0.002964718461531498,0.3086202764240633,0.3086202764240633,0.30419720453362165,0.0036549260552453887,0.3120484359233098,-0.007676261763297156,-0.0006773380035261382
600642,-0.0007934375155012897,-0.0037175378385015615,0.3119956858672206,0.3119956858672206,0.3004926108374384,0.009776807299892653,0.33376387487386483,-0.008373125432676558,-0.001369474242766902
600996,9.137582253753507e-05,0.0008643202277519506,0.3178277542542143,0.3178277542542143,0.32362129040009613,0.006686740251175217,0.3224823410696266,-0.0047099585154691355,0.0010446095434671894
600989,-0.0004786128905436058,0.0012336517595311648,0.3140129423983382,0.3140129423983382,0.325383475509632,0.014543975812413382,0.3526135216952573,-0.008386551380858273,0.0016172227608620862
600988,0.00490792746445183,0.015373464022413331,0.3500039945673884,0.3500039945673884,0.403680563899235,0.010847623070462189,0.3378607467204844,-0.0076923168525190625,0.00144946846883244
600986,0.0010741298136522526,0.0035758775118093773,0.32423903491251893,0.32423903491251893,0.3375986222916416,0.014888373653710903,0.35390514631685166,-0.008445543307741893,-0.0014202706605540424
600985,-0.0025076076054123117,0.0022693663892383448,0.3010505712231365,0.3010505712231365,0.3306299811766591,0.014130558772550155,0.35093844601412716,-0.008384720414175692,0.001199430745523406
600984,0.0012390037079441688,0.0023446395148036306,0.32513781257489816,0.32513781257489816,0.33093035363851175,0.013435438652365074,0.3481735620585268,-0.007309405547122158,0.0004806909879507939
600982,-0.0012792912741090483,-0.004090697375476763,0.3086202764240633,0.3086202764240633,0.29861027674316154,0.007151460250730381,0.3240968718466196,-0.00657261763290294,-0.0016673882741239181
600977,-0.0009583114097932058,0.0013075237073020666,0.31091715267236564,0.31091715267236564,0.32580399695622575,0.014350113135464606,0.35174571140262356,-0.006215825614814928,-0.0024393755728368592
600975,-0.0064816587396863195,-0.009379077483301034,0.2777622433490453,0.2777622433490453,0.27440025631783416,-0.00808032325269109,0.27293642785065586,-0.02285640049546185,-0.010759137885662835
600973,0.00023992670762931138,0.00155237606701984,0.31874650475353516,0.31874650475353516,0.3267852136649445,0.04396859924407602,0.48185671039354183,-0.002384180676356928,0.005793727217153467
600971,-0.0034903615965270296,-0.004275342956514806,0.2951585843253176,0.2951585843253176,0.2977492090191838,0.000498059170049329,0.30155398587285576,-0.008720963803916484,0.0005015163051930958
600969,0.0012390037079441688,-0.005121370516566738,0.32513781257489816,0.32513781257489816,0.2934438703992951,-0.004555436512259796,0.28377396569122104,-0.014300598125178123,-0.013011453571771272
600968,-0.004434082741256642,-0.004936213470803301,0.2894663257969162,0.2894663257969162,0.29430493812327285,0.004028054112155144,0.31331987891019175,-0.006885979374255286,0.0015521275697737904
600967,0.0010959609467799984,-0.005468582248233417,0.32443876328193655,0.32443876328193655,0.2920821819055629,-0.0007660319795959682,0.29717457114026236,-0.018875429911998382,-0.020100700180175127
600995,-0.0007934375155012897,-0.004077386261006443,0.3119956858672206,0.3119956858672206,0.2986503264047419,0.011223832424762492,0.3393743693239153,-0.005322445029530435,-0.000126735305951692
600641,0.009413055513156004,0.013495297843852918,0.38235999041303825,0.38235999041303825,0.39290720493411835,0.04182264553177124,0.47101917255297676,-0.003143179786923162,-0.002291759621000143
600637,-0.0009583114097932058,-0.0007114974377028148,0.31091715267236564,0.31091715267236564,0.3155112339300733,0.01116932594498262,0.33919273461150357,-0.006449527087674144,-0.003644901757374039
600635,-0.0007934375155012897,-0.001820119155288512,0.3119956858672206,0.3119956858672206,0.30956385918538987,-0.003163561817717413,0.2892835519677094,-0.007684397723303734,-0.0017955954750557437
600326,0.0005041411005711116,-0.00022627821723559784,0.3204841415674683,0.3204841415674683,0.31817453642516724,0.001660207881701367,0.3055499495459132,-0.007086690130792054,0.00035384680646587737
600325,0.0010741298136522526,0.0019471659743310141,0.32423903491251893,0.32423903491251893,0.32886779606712324,0.0036502713871567577,0.3120484359233098,-0.005776186105920215,-0.002721082574332953
600320,-0.0007934375155012897,-0.0053264472321792634,0.3119956858672206,0.3119956858672206,0.29258280267531744,-0.0006945069965820179,0.2974571140262361,-0.008384222337003491,-0.002683888699973998
600318,0.0012390037079441688,0.0007440119915810402,0.32513781257489816,0.32513781257489816,0.3227802475069086,0.005137909277643751,0.3171947527749748,-0.012138842237436944,-0.0054332714638546786
600316,0.00011320695566528081,-0.00032514565218665314,0.3178876727650396,0.3178876727650396,0.3176739156554127,0.016215222456738176,0.359313824419778,-0.008094490348876862,-0.008135525439006017
600315,-0.003948228982648883,-0.0058335528861741676,0.2922824958057042,0.2922824958057042,0.29031999679602705,0.045968114609106304,0.4903329969727548,-0.00816573737240592,0.0022735197463599408
600313,-0.0064816587396863195,-0.008061053171904189,0.2777622433490453,0.2777622433490453,0.28052785453962914,-0.0181139518747882,0.24550958627648845,-0.02663392665953674,-0.015533377405907803
600312,0.0008164527606950017,0.0030302815299004192,0.3224414795877606,0.3224414795877606,0.33455484801153434,0.024798425547025417,0.39442986881937436,-5.958003527150747e-05,0.0013150619104656872
600310,-0.0012792912741090483,-0.0004263701473136103,0.3086202764240633,0.3086202764240633,0.3170931955624975,0.008348930117472802,0.3285368314833501,-0.00807528718148897,-0.0012896700056113136
600309,-0.001422334035273219,-0.0027977019587700444,0.30768155308780054,0.30768155308780054,0.3050582722575994,0.017746766818481637,0.3660544904137235,-0.007123709238861845,0.0014065995283592126
600307,-0.004011848054945611,-0.0028657943020060374,0.2918630662299273,0.2918630662299273,0.30467780047258597,-0.003298947759596324,0.2886377396569122,-0.0043404127527953175,0.00481643594730454
600301,0.003501052301192367,0.008892373481274075,0.3408164895741791,0.3408164895741791,0.36575353438263447,0.023105735013008496,0.3874066599394551,-0.00667381791072238,0.005197697169009711
600300,-0.00093648027666546,-0.005458792211500998,0.31103698969401616,0.31103698969401616,0.2921022067363531,0.004653103481583878,0.31539858728557013,-0.003987781000390685,-0.001261833217696576
600299,-0.00093648027666546,-0.005255670896064862,0.31103698969401616,0.31103698969401616,0.29284312547558977,0.008063134485705507,0.32744702320888,-0.0074728593197772985,0.001724668674056299
600298,-0.00093648027666546,-0.0028918775340422967,0.31103698969401616,0.31103698969401616,0.30453762665705475,0.0035263905075747404,0.3115842583249243,-0.004856112838929366,-0.0013591839579467312
600295,3.358113510654923e-05,-0.0030618919641492667,0.31756810737397145,0.31756810737397145,0.303676558933077,0.014464353424809553,0.35225025227043394,-0.009646039440503322,-0.0057046623881413456
600288,-0.0003355701293794355,0.0007335272211088904,0.3151513941040185,0.3151513941040185,0.32260002402979693,0.014289374966933307,0.35150353178607463,-0.00610008342024528,-0.00039255895218512116
600285,-0.0007934375155012897,-0.005600640838424714,0.3119956858672206,0.3119956858672206,0.29134126316632625,0.0039673514205108675,0.3130978809283552,-0.007126095349915358,0.00011842948009079499
600282,-0.00093648027666546,-0.005140985068438816,0.31103698969401616,0.31103698969401616,0.2933637710761344,0.002737644136035063,0.3091019172552977,-0.009694150570252868,-0.0026835011804382134
600280,-0.0029494682432721613,-0.0057935207074849525,0.2983941839098826,0.2983941839098826,0.2905202451039288,0.012460477444041362,0.34437941473259337,-0.013765738031023446,-0.010851977773374079
600276,-0.0007934375155012897,0.0060738703700614705,0.3119956858672206,0.3119956858672206,0.349893868396812,0.025004319370201353,0.3953582240161453,-0.006098285433621867,0.0018085407812552553
600272,0.0012390037079441688,0.007449968580021698,0.32513781257489816,0.32513781257489816,0.3569426088349553,0.01546417316064827,0.35614530776992936,-0.011983576309667902,-0.009293158072032154
600268,0.00023992670762931138,-0.0037683370844592613,0.31874650475353516,0.31874650475353516,0.3001321638832152,0.010905269441860533,0.3380827447023209,-0.0051682070158920335,0.000914755746426042
600267,0.0002562497168294514,0.00016993838941685424,0.31882639610130226,0.31882639610130226,0.3198566222115423,0.01844366106428944,0.3689001009081736,-0.005798904055139312,0.0021130019547449903
600266,9.137582253753507e-05,-0.005437095936394645,0.3178277542542143,0.3178277542542143,0.292202330890304,-0.0011050551264701533,0.2959434914228053,-0.006785566598590935,-0.0038845510102849387
600262,0.0002562497168294514,-0.008948389245900091,0.31882639610130226,0.31882639610130226,0.2765228883815932,0.0027913636579349707,0.3092431886982846,-0.0047451746104264,0.0004216058777276216
600259,0.003501052301192367,0.012472058511704609,0.3408164895741791,0.3408164895741791,0.3865793584044215,0.03367015611090204,0.43204843592330977,-0.005300684355552053,0.006652505416556938
600328,-0.00093648027666546,-0.006025694818804427,0.31103698969401616,0.31103698969401616,0.2896792022107413,0.009559726846703078,0.3329969727547931,-0.007340465474751901,0.003023544784815401
600258,-0.00093648027666546,-0.002674906031288536,0.31103698969401616,0.31103698969401616,0.3054988185349834,0.003165912511423039,0.31039354187689205,-0.011691685812138038,0.0024251986156824013
600330,0.004004420284471282,0.01254301243330214,0.34413198050651117,0.34413198050651117,0.38685970603548403,0.04334266653201578,0.4788092835519677,-0.00995641025676235,-0.010446750831575573
600332,-0.0007934375155012897,-0.00812793146389099,0.3119956858672206,0.3119956858672206,0.2801273579238256,0.00647593349003041,0.3217356205852674,-0.008619157929667547,-0.00118370545349808
600377,-0.000601368579461634,-0.0026607696134712225,0.3133338659423185,0.3133338659423185,0.3055989426889343,0.019207786360696817,0.3719273461150353,-0.008013547163932511,0.0026420879414397885
600376,0.0010741298136522526,0.0026441091262404924,0.32423903491251893,0.32423903491251893,0.3324322159477753,0.01498621452670673,0.3543289606458123,-0.006921672508885086,0.002220844938953479
600375,0.0011465711787958818,-0.00047580408661680897,0.3246784373252377,0.3246784373252377,0.31683287276222516,0.011119190638057953,0.33893037336024223,0.001961860504059098,0.004636669128058443
600373,-0.0009583114097932058,-0.004085449381320066,0.31091715267236564,0.31091715267236564,0.29863030157395165,0.0035588962513608416,0.31170534813319883,-0.006110225679368156,-0.0005826885327827362
600372,-0.003948228982648883,-0.004255215455395317,0.2922824958057042,0.2922824958057042,0.29782930834234456,0.003912178111887258,0.3129566094853683,-0.00933317212749188,-0.002274963730197208
600371,-0.00541927892801287,-0.03332790155603949,0.2839538228009907,0.2839538228009907,0.18639112499499377,-0.048752678767580715,0.17943491422805247,-0.037580515699333926,-0.035194251430503934
600369,-0.0007934375155012897,-0.005920667899679239,0.3119956858672206,0.3119956858672206,0.29007969882654494,0.002293435525103507,0.30758829465186677,-0.006404921781067639,0.003121682052183212
600368,-0.000601368579461634,-0.0019125572513436734,0.3133338659423185,0.3133338659423185,0.30908326324642554,0.021677055309716694,0.3814328960645812,-0.008824908398584288,0.0031016870490287404
600367,0.0009251398887454622,0.014954520835100887,0.32310058320683865,0.32310058320683865,0.4013977331891545,0.05541809359370143,0.5362462159434914,-0.00830307594663022,-0.0015469170905535587
600366,0.0014686110777469086,-0.0003932747834470176,0.3265958296716466,0.3265958296716466,0.31729344387039926,0.01569615941145906,0.3570534813319879,-0.005608282274928765,0.006263497585466983
600363,0.003170610257468015,0.0029769666162358615,0.3382000479348086,0.3382000479348086,0.3342544755496816,0.05712626320676963,0.5444601412714429,0.005108109807022746,0.009576092212606711
600362,0.003501052301192367,0.009880730049961513,0.3408164895741791,0.3408164895741791,0.37176098361968846,0.016217265573152395,0.359313824419778,-0.008519945962170714,-0.0023296150021834064
600361,0.0014686110777469086,-0.00363686219211839,0.3265958296716466,0.3265958296716466,0.30091313228403216,0.001908094375320998,0.30653884964682143,-0.005313386651179415,0.004129534735995078
600360,0.0017637350942085518,0.006296770463946018,0.32843333067028846,0.32843333067028846,0.3509752092594818,0.025527730291110783,0.3977396569122099,-0.005251192583723033,-0.0031509932132236943
600359,-0.0064816587396863195,-0.019539715406681982,0.2777622433490453,0.2777622433490453,0.23266850895109936,-0.040414123810776165,0.1943693239152371,-0.025442165672672372,-0.022137710481415968
600354,-0.0060606599515119685,-0.03753442100776956,0.2801390109451146,0.2801390109451146,0.17439625135167602,-0.060964661476874904,0.15927346115035312,-0.03874188714669599,-0.0408486701723394
600353,0.009834054301330355,0.01797593072191752,0.3851961332587681,0.3851961332587681,0.4184789138531779,0.04787091891204374,0.4992936427850656,-0.007737181344974486,-0.005963661520278795
600352,0.0005041411005711116,-0.002469436420485458,0.3204841415674683,0.3204841415674683,0.3065000600744924,0.013917032019278385,0.35007063572149344,-0.00874921457521788,-0.00042338834188733715
600351,0.0002562497168294514,-0.00202275639612359,0.31882639610130226,0.31882639610130226,0.3084825183227202,0.008196072315535517,0.32809283551967705,-0.0038545107039865624,-5.029925793603964e-05
600350,-0.000601368579461634,-0.00149798457841738,0.3133338659423185,0.3133338659423185,0.31124594497176494,0.011971764628770688,0.3426034308779011,-0.010660645241040767,0.002451053971818282
600348,-0.0034903615965270296,-0.0015982556298322907,0.2951585843253176,0.2951585843253176,0.3108654731867516,0.001759817799248755,0.30591321897073664,-0.011442944407210937,-0.004525071883558058
600346,-0.0025076076054123117,-0.00325739187173322,0.3010505712231365,0.3010505712231365,0.3027554167167288,-0.0011383442704392748,0.2958627648839556,-0.00833390141717338,0.0020079758455253697
600345,0.009413055513156004,0.014137687504985223,0.38235999041303825,0.38235999041303825,0.3964716248147703,0.0016991605421367317,0.3056508577194753,-0.008311217756034606,-0.008457108967892063
600343,0.0002562497168294514,0.0002735143839059432,0.31882639610130226,0.31882639610130226,0.320156994673395,0.03210496166524452,0.4250857719475277,-0.008800362515065377,-0.004651170002293729
600339,-0.003948228982648883,-0.003950353621992985,0.2922824958057042,0.2922824958057042,0.29933117065160797,0.0009673431865515036,0.3033299697275479,-0.007551358002529299,0.001315541157697304
600338,0.0025182983100776497,0.0013526101086211765,0.33356634976432054,0.33356634976432054,0.3260042452641275,0.03709692766502471,0.4478506559031281,-0.0068684210665091875,0.00464499179551067
600333,-0.0003329544171136655,-0.0001960362869641996,0.31517136694096026,0.31517136694096026,0.3182346109175378,0.0032985200249400293,0.3108980827447023,0.0008432648783385163,0.007321744942550125
600331,0.0005041411005711116,0.005640451289137515,0.3204841415674683,0.3204841415674683,0.3478313108254235,0.025738971113833806,0.3984056508577195,-0.009914128842385633,0.003696377366996793
600257,-0.006402032919127588,0.002484763190835695,0.2784612926420069,0.2784612926420069,0.33161119788537785,0.010939990871169841,0.33828456104944504,-0.010887223888745592,0.005557716338620606
600256,-0.003960921561991591,-0.0008686514693770238,0.292222577294879,0.292222577294879,0.31469021586767587,0.024234688837765795,0.39202825428859733,-0.010245987132444293,-0.003085144202022648
600255,0.0014559184984042006,0.000757307168822092,0.3264959654869377,0.3264959654869377,0.32294044615323003,0.0025723386582644503,0.3085166498486377,-0.013589348739095026,-0.010068082541917584
600184,0.00011320695566528081,0.0008882711316245346,0.3178876727650396,0.3178876727650396,0.323721414554047,0.018714982498287503,0.37001009081735625,-0.007440715896317513,-0.006735569587479367
600183,0.0035916090456423657,0.01847698227334237,0.34135575617160663,0.34135575617160663,0.4211822660098522,0.06459373606685828,0.5809687184661958,-0.005665332456079666,-0.005283414768420935
600179,-0.000601368579461634,0.002347008258040887,0.3133338659423185,0.3133338659423185,0.33093035363851175,0.018157185812884905,0.36770938446014123,-0.009356081377053151,0.0029388315273983475
600177,-0.003948228982648883,-0.0028840353502643102,0.2922824958057042,0.2922824958057042,0.3045776763186351,0.004356756761696892,0.3145509586276488,-0.005549880680759306,-0.002327811445844916
600176,0.0071675851444334485,0.01837842740634771,0.3662019653271551,0.3662019653271551,0.4206415955785173,0.057650915316049316,0.5469828456104944,-0.004821479144249232,-0.0024435639801792235
600172,0.0010312878679035091,0.004275760680616994,0.3238395781736838,0.3238395781736838,0.34104289318755254,-0.027639693530688625,0.22221997981836528,-0.01575776117030219,-0.01339094329089978
600171,-0.0002687061292369071,-0.00037310225194821153,0.31561076935367904,0.31561076935367904,0.31741359285514037,0.020922422070928533,0.3785469223007064,-0.004511637061139305,-0.0003426093178752979
600170,-0.0007934375155012897,-0.006188250852832082,0.3119956858672206,0.3119956858672206,0.28881813448676363,0.002863516474986103,0.3094450050454087,-0.00741080260434961,-0.001943180475319444
600166,-0.00038896981214261826,-0.0037857694781715393,0.3146720460174163,0.3146720460174163,0.30001201489847407,0.014251058310722636,0.3513622603430878,-0.006829255963257877,-0.00013815806813840544
600163,-0.0012792912741090483,-0.007102537860912831,0.3086202764240633,0.3086202764240633,0.2848932676518884,0.0037034557841631012,0.3122098890010091,-0.005234129702205056,-0.00142372260018457
600162,0.0010741298136522526,0.0021417891519329496,0.32423903491251893,0.32423903491251893,0.3299291120990028,0.0030048044601748555,0.3100706357214934,-0.017177097889378292,-0.015778334017408253
600161,-0.0007934375155012897,-0.0036813131448024477,0.3119956858672206,0.3119956858672206,0.30067283431455005,0.004487985674955197,0.31495459132189707,-0.006941921605564917,-0.0005898140872893962
600160,-0.00093648027666546,0.001776790938532786,0.31103698969401616,0.31103698969401616,0.3282670511434178,0.013703610662660404,0.34932391523713424,-0.006781572121673355,0.003791883888056382
600158,-0.00093648027666546,-0.0017169100417111797,0.31103698969401616,0.31103698969401616,0.3101445792783051,0.01679443919895087,0.3616750756811302,-0.012660874200387381,0.003687619201844341
600157,-0.0007934375155012897,0.0002449984637612524,0.3119956858672206,0.3119956858672206,0.3200768953502343,0.032154705159947915,0.42528758829465185,-0.006992300135760713,-0.001025739114579268
600156,-0.0019157877592034247,-0.0010831072205716042,0.30466565470959495,0.30466565470959495,0.31338860186631423,0.011033985911560787,0.338526740665994,0.0018642738204348102,0.009174824417701859
600155,-0.0007934375155012897,-0.0011415341660525723,0.3119956858672206,0.3119956858672206,0.3131282790660419,0.0801107653580724,0.656125126135217,-0.005569508369022813,0.006011986977153101
600153,0.00044831865286910677,-0.00011219754541894506,0.3201845490133418,0.3201845490133418,0.3185750330409708,0.006255879192616371,0.321029263370333,-0.01329711650899759,0.0005827138496618356
600151,0.0011465711787958818,-0.003559014943968139,0.3246784373252377,0.3246784373252377,0.3012936040690456,0.01587843806342587,0.3579011099899092,-0.007188117513630522,0.00018963745673832185
600150,-0.004434082741256642,0.0012101286322557597,0.2894663257969162,0.2894663257969162,0.3252833513556811,0.02180302850148363,0.38175580221997985,-0.008832873788407612,-0.003603884357336474
600143,-0.00093648027666546,-0.0026567115795261952,0.31103698969401616,0.31103698969401616,0.3056189675197245,0.01554219177484782,0.3564076690211907,-0.006673731731692647,0.001594162487844115
600141,-0.0004786128905436058,-0.002941440347141913,0.3140129423983382,0.3140129423983382,0.304337378349153,0.017735040419542172,0.3660343087790111,-0.009058246509856609,0.00042755921455283095
600138,-0.0009491728560081681,-0.0017022368429248638,0.3109970440201326,0.3109970440201326,0.3102847530938364,0.02920043004568132,0.41366296670030267,-0.0039639905234089825,0.0052530614578519975
600133,-0.003948228982648883,-0.006255115715951872,0.2922824958057042,0.2922824958057042,0.2885778365172814,0.013908527081003609,0.35003027245206864,-0.007371273485378759,0.0025680084597302397
600132,-0.00093648027666546,-0.0063960828178824935,0.31103698969401616,0.31103698969401616,0.287856942608835,0.006046827312876366,0.3202825428859738,-0.004679517483417011,-0.0023588752007084393
600131,-0.0007934375155012897,0.0019716098303213508,0.3119956858672206,0.3119956858672206,0.3290480195442349,0.015222226742080723,0.35525731584258324,-0.007064361308920295,0.0001297633861982519
600130,0.0017637350942085518,-0.000980140505418514,0.32843333067028846,0.32843333067028846,0.31396932195922944,0.05209637492252045,0.5197578203834511,-0.0024693964034490537,-0.0008041906682228093
600185,-0.0029494682432721613,0.0024358987400172113,0.2983941839098826,0.2983941839098826,0.33139092474668586,-0.009207578420422285,0.26994954591321896,-0.011632806943332071,-0.006182783338505611
600186,0.001516959734954349,0.008182358266453827,0.32683550371494763,0.32683550371494763,0.361468220593536,0.021985338373751065,0.38268415741675077,-0.009391202906545501,-0.006334147585398199
600188,-0.0025076076054123117,0.0012275978918003774,0.3010505712231365,0.3010505712231365,0.325383475509632,0.012329470191145176,0.343874873864783,-0.00899971108710342,0.002823878273247571
600189,0.00011320695566528081,-0.003469891473533632,0.3178876727650396,0.3178876727650396,0.30169410068484925,0.018528953545319582,0.36926337033299694,0.00039449009775357417,0.0006580549567121545
600252,0.0012390037079441688,-0.0004370961855168426,0.32513781257489816,0.32513781257489816,0.3170130962393368,0.003983632340736908,0.3131584258324924,-0.0016581003298655299,0.0013937457056830346
600251,-0.00541927892801287,-0.0027050769054098754,0.2839538228009907,0.2839538228009907,0.30533861988866196,0.014350198950175126,0.35174571140262356,-0.01904153168402922,-0.006743768599980579
600250,3.358113510654923e-05,0.006715523893122164,0.31756810737397145,0.31756810737397145,0.35299771716928996,0.020769989178559652,0.37812310797174575,-0.006157203579090905,0.009294926064205927
600246,0.0010741298136522526,0.01313982129585638,0.32423903491251893,0.32423903491251893,0.3905642997316673,0.021784165396903934,0.38173562058526744,-0.004501247603613227,-0.00478645643701239
600237,0.0007809811030938342,0.000413025847260264,0.32218183270751777,0.32218183270751777,0.3208578637510513,0.019670255989975086,0.373481331987891,-0.0032370255104768814,-0.0002993039112013241
600236,-0.0007934375155012897,0.00011397552215918052,0.3119956858672206,0.3119956858672206,0.31959629941127,0.025771053605711556,0.3985267406659939,-0.005618161645257448,-0.0004072444660668494
600234,0.0012390037079441688,0.005431848229446287,0.32513781257489816,0.32513781257489816,0.3469301934398654,0.029604370764035964,0.4151362260343088,-0.0007680849963060522,0.005230340848909724
600233,-0.000601368579461634,-0.005015596595523884,0.3133338659423185,0.3133338659423185,0.29384436701509875,0.010680103515446982,0.33715438950555,-0.011493887242025037,0.002487716748149684
600230,-0.0004786128905436058,-0.003013751178349543,0.3140129423983382,0.3140129423983382,0.3039168569025592,0.007812821600572895,0.32641775983854693,-0.00742767262068177,0.0033478653941663543
600229,0.0010741298136522526,0.005483318415388426,0.32423903491251893,0.32423903491251893,0.34709039208618686,0.02630601191727397,0.4012512613521695,0.00832268389058684,0.01695093692526019
600228,0.0010741298136522526,0.00980201377726805,0.32423903491251893,0.32423903491251893,0.37128038768072413,0.023157014024614373,0.3875277497477295,-0.009762431609015068,-0.006885060902188206
600227,0.0067465863562590975,-0.02007104129938895,0.3627666373731725,0.3627666373731725,0.23062597621050107,-0.05615571269252767,0.16657921291624622,-0.02709441285358963,-0.026415201760721773
600226,0.0012390037079441688,-0.0023665465176334693,0.32513781257489816,0.32513781257489816,0.30702070567503703,0.009276836601198466,0.33186680121089807,-0.005001878167563098,-0.0016339979671123161
600378,0.0005041411005711116,0.011357390570254006,0.3204841415674683,0.3204841415674683,0.3800112139052425,0.02414263920397187,0.3915842583249243,-0.01038780725913159,-0.0053796654554991484
600222,0.0012390037079441688,0.005376644661173465,0.32513781257489816,0.32513781257489816,0.34687011894749487,0.018137753116299234,0.367648839556004,-0.0038844813097108125,0.001791288475407183
600219,0.0014686110777469086,-0.0017291938789584787,0.3265958296716466,0.3265958296716466,0.3100845047859345,0.013814389136043978,0.34970736629667,-0.004546479266767096,0.0020223872731374506
600217,-0.002978167570876873,-0.003610581619434569,0.29827434688823196,0.29827434688823196,0.30101325643798305,0.014103170605503973,0.35091826437941476,0.00857609495251815,0.02315783215381541
600216,0.0002562497168294514,-0.005031564350753901,0.31882639610130226,0.31882639610130226,0.29374424286114786,0.005258540550144767,0.31757820383451063,-0.007332953085540222,-0.0008590923870055308
600208,-0.0009583114097932058,0.0008432983216008411,0.31091715267236564,0.31091715267236564,0.323501141415355,-0.006106709817121802,0.2791927346115035,-0.005490580248995914,0.0003197236268190423
600206,0.009834054301330355,0.015039975011219146,0.3851961332587681,0.3851961332587681,0.40177820497416794,0.04240327829985091,0.474066599394551,-0.005989920115197391,-0.0031988268506802694
600203,0.0017637350942085518,-0.00046756367182568243,0.32843333067028846,0.32843333067028846,0.3168528975930154,-0.0016927826947686613,0.29420787083753785,-0.004430230933045209,-0.0009947965612066923
600201,-0.00745172015145833,0.0017041034624858608,0.2717504194295758,0.2717504194295758,0.3275461572349714,0.025480814731718097,0.3975378405650858,-0.015441362213222606,0.004127131638143299
600199,0.00011320695566528081,-0.0030302759284216306,0.3178876727650396,0.3178876727650396,0.30383675757939843,0.0021166752773858826,0.3070433905146317,-0.008619607138774904,-0.000933668953427312
600198,0.0017637350942085518,-3.320580509175286e-05,0.32843333067028846,0.32843333067028846,0.31889543033361367,-0.016896635657101217,0.24859737638748736,-0.007004080599946424,0.0013532685256866428
600197,0.006355652211353268,-0.01065765731332818,0.3600103858752097,0.3600103858752097,0.26859305538868194,0.006083348300351516,0.3204641775983855,0.0021254476116438032,0.0044562888813749904
600196,-0.0007934375155012897,-0.008494712599967627,0.3119956858672206,0.3119956858672206,0.2784452721374504,0.0016254461069860006,0.3054692230070636,-0.007225422767154941,5.063663831834052e-05
600192,0.003679243094334233,0.0029302746875841156,0.34195494127985937,0.34195494127985937,0.3341343265649406,0.03419149159834686,0.43422805247225027,-0.0003572042200014522,-0.0038298616152995972
600191,-0.00541927892801287,0.004423956268082762,0.2839538228009907,0.2839538228009907,0.34170371260362853,0.0189255193947732,0.3708980827447024,-0.013503553406660403,0.004935449579297983
600221,-0.001087222338069393,1.8010824205652836e-05,0.31013821203163694,0.31013821203163694,0.3191357283030959,0.0018648732588026,0.3063572149344097,-0.009987021309957241,0.004343064125481533
601375,-0.0007934375155012897,-0.002475146265685573,0.3119956858672206,0.3119956858672206,0.30646001041291204,0.006292350200806923,0.321130171543895,-0.004950439057880221,0.00420648458186809
600379,0.003679243094334233,0.00552281029468364,0.34195494127985937,0.34195494127985937,0.34729064039408863,0.02106236145397385,0.3790716448032291,-0.005500544538659073,-0.0004783958584562596
600383,9.137582253753507e-05,0.0006619844030467014,0.3178277542542143,0.3178277542542143,0.32227962673715405,-0.0022710248381041967,0.2923713420787084,-0.006584162076143598,-0.0015652625972288683
600584,0.0017637350942085518,0.022193361107441873,0.32843333067028846,0.32843333067028846,0.4436100764948536,0.06013449055347444,0.5590716448032291,-6.4504063609341e-06,-0.0016482723458345204
600583,-0.003948228982648883,-0.003031702693777974,0.2922824958057042,0.2922824958057042,0.30383675757939843,0.006844461401818958,0.32300706357214937,-0.006516688688438388,0.003489790182171539
600582,-0.0007934375155012897,-0.006972550347075734,0.3119956858672206,0.3119956858672206,0.2853738635908527,-0.0032425348330448575,0.28900100908173565,-0.01043516964468523,-0.0007745697514610896
600580,0.00023992670762931138,0.004928186657192855,0.31874650475353516,0.31874650475353516,0.344547238575834,0.028577137346918323,0.4107971745711403,-0.0020816209613639673,0.004887298050927558
600578,-0.0007934375155012897,-0.0031024756098842567,0.3119956858672206,0.3119956858672206,0.3035764347791261,-0.0009209445069955491,0.29648839556004036,-0.006316726544698079,-0.001981360865884043
600577,0.00227236793107477,0.0026777680243525977,0.3321283055045139,0.3321283055045139,0.33273258840962794,0.02705018893514002,0.40446014127144303,-0.0026173084091139433,0.0007153600770138573
600576,0.0010959609467799984,0.005363315576810551,0.32443876328193655,0.32443876328193655,0.346769994793544,0.025408961904624938,0.39721493440968714,-0.006808159814895861,0.0042486335887419275
600575,-0.0007934375155012897,-0.004837088267250029,0.3119956858672206,0.3119956858672206,0.2948055588930274,0.008363648108627105,0.3285570131180625,-0.0053310615723803235,-0.0013349951808629
600572,-0.0007934375155012897,-0.004114538555165677,0.3119956858672206,0.3119956858672206,0.29851015258921065,0.008510884384679205,0.32890010090817356,-0.006117705374808441,0.0006256684868846985
600570,-0.0007934375155012897,0.00021901078449844085,0.3119956858672206,0.3119956858672206,0.3199767711962834,0.012728555587518987,0.34563067608476283,-0.005362914585183031,0.0016778762074518639
600569,0.006276026390794536,0.006751107316753673,0.3595909562994327,0.3595909562994327,0.3532780648003524,0.018720676394281256,0.37003027245206865,0.011498512498550554,0.023663588751317643
600567,-0.00093648027666546,-0.004818831311043799,0.31103698969401616,0.31103698969401616,0.2949257078777684,-0.003335669192666647,0.2885570131180626,-0.007721303319358359,0.00044630709207021555
600566,-0.0007934375155012897,-0.004631292732803834,0.3119956858672206,0.3119956858672206,0.29588689975569704,0.0017873833023627223,0.30605449041372346,-0.008792627341727244,-0.0007947629637407949
600563,0.0007809811030938342,0.003554591268919109,0.32218183270751777,0.32218183270751777,0.3374784733069005,0.027754339451547393,0.40748738647830474,-0.0036941380526375636,0.00014415953308557757
600562,0.0010959609467799984,0.00166843491549321,0.32443876328193655,0.32443876328193655,0.32740598341944016,0.008266205659401395,0.3282946518668012,-0.0047260299034291835,-0.0025631953155065795
600559,-0.00093648027666546,-0.005890588787958612,0.31103698969401616,0.31103698969401616,0.29021987264207616,0.0018368937697280953,0.3062361251261352,-0.006519781275493604,-0.0018999093759828663
600556,9.137582253753507e-05,0.001218000619187331,0.3178277542542143,0.3178277542542143,0.32534342584805154,0.011530311798295766,0.34056508577194755,-0.008155816665877226,-0.0015652515725686704
600552,0.003170610257468015,0.006314881518493116,0.3382000479348086,0.3382000479348086,0.35105530858264244,0.03619024492035773,0.44437941473259335,-0.0036058464683439736,-0.0030323910839852863
600551,0.0010741298136522526,-0.01017675922416689,0.32423903491251893,0.32423903491251893,0.27095598542192323,-0.00038264603763090826,0.29858728557013114,-0.014547207878145198,-0.011650749596387077
600550,0.00023992670762931138,-0.0023592168217151884,0.31874650475353516,0.31874650475353516,0.30702070567503703,0.017808344421790853,0.36629667003027244,-0.0045995232171154934,0.0017812863448929026
600549,0.009743497556880353,0.01410920870582389,0.38447711112886473,0.38447711112886473,0.3962914013376587,0.03570827718267888,0.441715438950555,-0.003024496849572638,0.004661449383107959
600547,0.00490792746445183,0.006794530798550231,0.3500039945673884,0.3500039945673884,0.3534783131082543,0.017406709809986383,0.364460141271443,-0.006744089187394635,0.0005100685623847494
600546,-0.0025076076054123117,0.000732315342112467,0.3010505712231365,0.3010505712231365,0.3225799991990068,0.015016389097334493,0.3544298688193743,-0.009435758445818952,0.00036459530168191556
600545,0.0012390037079441688,0.00408681382956022,0.32513781257489816,0.32513781257489816,0.3400817013096239,0.012732311849697623,0.34563067608476283,-0.0044957051478796,0.0006281466365679889
600540,-0.0064816587396863195,-0.03737544214504524,0.2777622433490453,0.2777622433490453,0.17489687212143057,-0.06648513681065098,0.15122098890010094,-0.04344036139943126,-0.04593625791334992
600539,-0.0029494682432721613,0.006170729546590904,0.2983941839098826,0.2983941839098826,0.35025431535103524,0.014236508779122815,0.3513017154389505,-0.006027785185019086,0.0018152599936287607
600536,-0.0003355701293794355,0.002488703004484367,0.3151513941040185,0.3151513941040185,0.3316512475469582,0.005213615216071625,0.3174167507568113,-0.005607856065707595,0.0002931980045605798
600585,-0.00093648027666546,-0.006422898074110826,0.31103698969401616,0.31103698969401616,0.2876767191317233,0.001100460131146394,0.30379414732593335,-0.00875038120980834,-0.0012888260911436758
600535,-0.0007934375155012897,-0.004142630317648679,0.3119956858672206,0.3119956858672206,0.29841002843525977,0.005400835698860701,0.3182643794147326,-0.006538531380324865,-0.00026784728315055556
600588,0.000647183861735282,0.004291950823606137,0.32122313653431334,0.32122313653431334,0.3411229925107133,0.02211292570917476,0.38324924318869824,-0.0052699597896982186,0.0013136412029445604
600590,0.00023992670762931138,-0.0025888231969342546,0.31874650475353516,0.31874650475353516,0.3059794144739477,0.017415150456504415,0.3645005045408678,-0.006753241742381401,-0.002927707334129941
600633,-0.0009583114097932058,-0.0026760604704569057,0.31091715267236564,0.31091715267236564,0.3054988185349834,0.009929955350879377,0.3344702320887992,-0.007251163784430566,-0.0025985768574455052
600630,-0.004434082741256642,-0.004382354035737659,0.2894663257969162,0.2894663257969162,0.2973086627417998,5.656264791822723e-05,0.29995963673057513,-0.0028769045336003514,0.0009777960219629405
600629,0.0012390037079441688,0.001993780472621595,0.32513781257489816,0.32513781257489816,0.3291881933597661,0.007496558175084381,0.3254086781029263,-0.008894415971138664,-0.005184724968644848
600628,-0.00093648027666546,-0.0030952329294572116,0.31103698969401616,0.31103698969401616,0.3035964596099163,0.010237447090783194,0.33545913218970735,0.0015947312594036729,0.004058339150461919
600623,-0.0004786128905436058,-0.004223912685075404,0.3140129423983382,0.3140129423983382,0.2980095318194561,0.011893784789694809,0.3422401614530777,-0.007633830165906881,0.002414259719553157
600622,0.0010741298136522526,0.004568841027054675,0.32423903491251893,0.32423903491251893,0.3424646561736553,0.005972112710655418,0.32002018163471246,0.0018006698700932496,0.007378820757779874
600621,-0.0007934375155012897,-0.005641598510213236,0.3119956858672206,0.3119956858672206,0.2911610396892146,-0.0017577118407045868,0.29406659939455093,-0.00613896919875046,0.0029076850316174054
600619,-0.00093648027666546,0.002382949741237272,0.31103698969401616,0.31103698969401616,0.331070527454043,0.009474397928556763,0.3327749747729566,-0.007979839783390022,0.0035328126954537126
600617,0.0002562497168294514,0.00010713206871298973,0.31882639610130226,0.31882639610130226,0.31957627458047977,0.015583330308306172,0.35662966700302723,-0.005811177835345721,0.0003754474816968736
600616,0.0073384062024679855,-0.0042520199708736064,0.36756011823919466,0.36756011823919466,0.29784933317313467,0.024443891956251834,0.39295660948536837,0.004814739186252361,0.014340122758470608
600613,0.0012390037079441688,0.0036303800649010896,0.32513781257489816,0.32513781257489816,0.33795906924586483,-0.00793900578663055,0.2733602421796165,-0.0104370853745037,-0.011092608120777617
600612,-0.00033347955308792385,-0.006398440433324704,0.31517136694096026,0.31517136694096026,0.287856942608835,0.0007730727941721425,0.3026236125126135,-0.004185288966281271,-0.00028914540863494097
600611,0.0014310726439838244,-0.003806063338520944,0.3262163457697531,0.3262163457697531,0.2999519404061036,-0.03190389424355884,0.21263370332996978,-0.016462804532953616,-0.005533811002846768
600610,0.0005041411005711116,-0.0029462292729308245,0.3204841415674683,0.3204841415674683,0.30429732868757264,-0.03736585569141921,0.20020181634712408,-0.013016258094052744,-0.005793817883228719
600606,9.137582253753507e-05,0.0010039578420572644,0.3178277542542143,0.3178277542542143,0.324382233970123,-0.005502800155616445,0.28102926337033296,-0.007361227243282169,-0.0016644055550048835
600605,-0.0029494682432721613,0.0048660082223940665,0.2983941839098826,0.2983941839098826,0.34422684128319114,0.03736732403956807,0.44894046417759836,-0.0017138496265204535,0.005562745716219592
600604,0.0010741298136522526,0.0016975358281714247,0.32423903491251893,0.32423903491251893,0.32752613240418116,0.002946870572268869,0.30978809283551967,-0.004663644953926308,-0.0008123985070545629
600603,-0.003475708487552389,0.000196504013374562,0.2952185028361428,0.2952185028361428,0.3199166967039129,-0.0007773318042068072,0.29713420787083755,0.0012225156380607039,0.018559531043159723
600602,-0.0003355701293794355,0.002770958399965364,0.3151513941040185,0.3151513941040185,0.3333733829949137,0.016542727530159916,0.3608072653884965,-0.005586999829167858,-6.594913309930977e-07
600601,0.008337701757086514,0.00843281774829982,0.37429096428856756,0.37429096428856756,0.36301013256437986,0.03598937925342637,0.4432088799192735,-0.009263489338230254,-0.005561535707816384
600600,-0.001422334035273219,-0.0066148068224604235,0.30768155308780054,0.30768155308780054,0.286855701069326,-0.005147446687616407,0.2820383451059536,-0.00489143288709523,-0.0024226747456738583
600598,-0.00541927892801287,-0.002508275969711019,0.2839538228009907,0.2839538228009907,0.30625976210501016,-0.012671257150340247,0.26032290615539855,-0.01844696400207839,-0.0014271723620971736
600596,0.00576383236514438,0.004880262919689918,0.35641527522569305,0.35641527522569305,0.34422684128319114,0.026245277298932158,0.40096871846619575,-0.013494857014767585,-0.009721187682910904
600595,0.002045137130812599,-0.0005134235894666671,0.3304306143644643,0.3304306143644643,0.3165525251311626,0.011987995070923017,0.34266397578203833,-0.0065902844504966245,0.0020160032080955787
600594,0.0012390037079441688,0.0007608469784096691,0.32513781257489816,0.32513781257489816,0.32294044615323003,0.002027084691993984,0.30680121089808277,-0.003070071556982371,0.005402857871802083
600593,0.00011320695566528081,0.0015666857759737028,0.3178876727650396,0.3178876727650396,0.32682526332652484,0.01802464851982354,0.36720484359233097,-0.011274513250835788,0.00488571568259174
600592,0.0002562497168294514,-0.003474113316207706,0.31882639610130226,0.31882639610130226,0.3016540510232688,0.004424276874033685,0.31479313824419775,-0.005777375736934369,0.002159160068070662
600589,0.000647183861735282,0.004846445473441027,0.32122313653431334,0.32122313653431334,0.3441467419600305,0.014662067622175026,0.35303733602421794,-0.010174825932358852,-0.004866532952950741
600531,0.004204207250294037,0.005610670776825466,0.345390269233842,0.345390269233842,0.3476911370098923,0.02466470745669896,0.3939051463168517,-0.006333975907948505,0.0039135407733695594
600529,-0.0007934375155012897,-0.004897689323209088,0.3119956858672206,0.3119956858672206,0.29454523609275507,0.006982367852072075,0.32353178607467203,-0.006347365134821745,0.0003679762520576898
600522,0.008709335298998208,0.017154950581246997,0.37702724294958856,0.37702724294958856,0.4135728303095839,0.01855669390766697,0.36944500504540867,-0.0009921207524344051,0.00044858284097755533
600456,0.0014686110777469086,-0.002825127086814178,0.3265958296716466,0.3265958296716466,0.3049180984420682,0.010702279305277486,0.3372351160443996,-0.005240686705785768,0.004122240883904115
600452,-0.0007934375155012897,-0.005022353620288813,0.3119956858672206,0.3119956858672206,0.29384436701509875,0.005168281719531298,0.3172754793138244,-0.007016185733206797,-0.0001398304662855201
600446,-0.0008087313086444864,-0.0003370076836966673,0.3119357673563953,0.3119357673563953,0.31759381633225203,0.012845012292810947,0.3461150353178607,-0.005922104338371497,0.002133457247101009
600438,-0.003948228982648883,-0.002332188185828019,0.2922824958057042,0.2922824958057042,0.30716087949056825,0.01012966595127602,0.3351564076690212,-0.008640008031747326,0.0038894358267527037
600436,-0.0007934375155012897,-0.00024184427030547593,0.3119956858672206,0.3119956858672206,0.3181144619327967,0.005972256675974023,0.32002018163471246,-0.00800673044298967,0.001326426059259403
600435,0.00011320695566528081,-0.00316420647011844,0.3178876727650396,0.3178876727650396,0.30337618647122433,-0.0044879315849010734,0.28397578203834506,-0.0069304788476984335,-0.002533784951084577
600428,0.0018520714321581754,0.0019725242653334672,0.32899257010465766,0.32899257010465766,0.3290480195442349,0.01254078599904614,0.3447426841574167,-0.012868849381403766,-0.0023410133859223174
600426,0.0005041411005711116,-0.0018073159578426406,0.3204841415674683,0.3204841415674683,0.30956385918538987,0.016282816390797587,0.35977800201816346,-0.00810592285316452,0.0022832120082312843
600418,0.0021293251699106,0.0012437709869980345,0.3309898537988336,0.3309898537988336,0.32544355000200254,0.024579541667264483,0.39362260343087785,-0.007265985379142009,-0.0014113320276013658
600416,0.00023992670762931138,-0.003174854069237921,0.31874650475353516,0.31874650475353516,0.3033161119788538,0.013970657526778792,0.3503531786074672,-0.005229237042948079,0.0009919095361039696
600415,-0.0034903615965270296,-0.007330662309137955,0.2951585843253176,0.2951585843253176,0.2836717529736874,0.012376578698752172,0.3440766902119071,-0.007817398758147406,0.001945469057184155
600410,0.000647183861735282,0.0031636853625722837,0.32122313653431334,0.32122313653431334,0.3355560895510433,0.0263216538699128,0.4013319878910192,-0.008538798328355711,-0.0028370646814811044
600409,-0.0004786128905436058,-0.0027940579759380487,0.3140129423983382,0.3140129423983382,0.30509832191917974,0.009565257474831407,0.3329969727547931,-0.008951657647695647,0.0011201932414838336
600408,-0.002978167570876873,-0.0005831022319770852,0.29827434688823196,0.29827434688823196,0.31625215266930995,0.009008943170524274,0.3308173562058526,-0.01209242963345134,0.0007002090936043392
600406,-0.003948228982648883,-0.0008623712475344906,0.2922824958057042,0.2922824958057042,0.3147302655292563,0.0024813655340097905,0.30815338042381435,-0.00703526358961017,0.002383550849578221
600403,-0.002978167570876873,-0.006329267705025941,0.29827434688823196,0.29827434688823196,0.28817733990147787,0.001965795174189042,0.30668012108980824,-0.019354122499654704,-0.011186726065363249
600400,-0.0019157877592034247,0.0026435565504225934,0.30466565470959495,0.30466565470959495,0.3324322159477753,0.005824575706330388,0.3195560040363269,-0.010673466746536882,-0.0068952607245617355
600399,0.00011320695566528081,-0.004922879696345776,0.3178876727650396,0.3178876727650396,0.29438503744643363,-0.004245503944475556,0.2850857719475277,-0.010195439389060111,-0.0044561295877807395
600398,-0.003948228982648883,-0.005329068425611122,0.2922824958057042,0.2922824958057042,0.2925627778445272,0.00495930672138653,0.31628657921291625,-0.00558178797131768,-0.004528069537481065
600397,0.008336112935264945,0.009084405727863688,0.37429096428856756,0.37429096428856756,0.3669349993992551,0.04232074758186547,0.4736629667003027,-0.01014851916957146,-0.004797730253332669
600396,0.0012390037079441688,0.003078668064359044,0.32513781257489816,0.32513781257489816,0.33491529496575756,0.02541190692376159,0.39723511604439965,-0.009792278981700918,-0.002427757160450062
600395,-0.0025076076054123117,0.0020034967419578914,0.3010505712231365,0.3010505712231365,0.32930834234450723,0.00710375270212917,0.3239959636730575,-0.0094575776383802,0.0007477990475462292
600392,0.0025182983100776497,0.002749813020090286,0.33356634976432054,0.33356634976432054,0.33319315951780204,0.018864070173080852,0.3706155398587285,-0.004520642732382751,0.004859196460622864
600391,3.358113510654923e-05,0.010047935354835925,0.31756810737397145,0.31756810737397145,0.3728623493131483,0.006956876713894749,0.3234106962663976,-0.013242065059136105,-0.010712003488713108
600390,-0.0007934375155012897,-0.0025555180569924478,0.3119956858672206,0.3119956858672206,0.3061996876126397,0.005907985057945105,0.31979818365287593,-0.006643255564596132,0.002284659402025151
600389,-0.0004786128905436058,-0.004964199304727934,0.3140129423983382,0.3140129423983382,0.2941247146461612,0.0098671261626885,0.3341876892028254,-0.013274771628461688,-0.005628933803141236
600388,-0.003948228982648883,0.002023879139764953,0.2922824958057042,0.2922824958057042,0.32942849132924823,0.028759756904495865,0.4116044399596367,-0.006841871315989613,0.0006683137667831999
600458,-0.004859104132665778,-0.006794662166615976,0.2870096668530798,0.2870096668530798,0.28601465817613836,0.010219403386086161,0.33537840565085775,-0.011021311355343618,-0.002516004548724017
600459,0.0025182983100776497,0.003258395162656641,0.33356634976432054,0.33356634976432054,0.33591653650526654,0.028624541460870793,0.4109989909182644,-0.006201688644638778,0.004801767347080602
600460,0.003170610257468015,0.012807189442691071,0.3382000479348086,0.3382000479348086,0.3885217669910689,0.050306443709071044,0.5112815338042381,-0.0031886836066757733,-0.0017249498156916379
600467,-0.007464412730801037,-0.0011653610559768227,0.27169050091875047,0.27169050091875047,0.31294805558893024,0.0018792625020323669,0.3063975782038345,-0.01823378749638668,-0.0019143471604920565
600521,-0.0007934375155012897,-0.0008932175254116618,0.3119956858672206,0.3119956858672206,0.31455004205214465,0.010329743551686149,0.335882946518668,-0.006429238199941097,3.240789446956607e-05
600520,0.0012390037079441688,0.007415886370032398,0.32513781257489816,0.32513781257489816,0.3567023108654732,0.04152211763672484,0.46956609485368317,-0.002061015597883651,0.003098930775231223
600519,-0.00093648027666546,-0.0019092340900884405,0.31103698969401616,0.31103698969401616,0.30908326324642554,-0.006945052687027835,0.27638748738647834,-0.005320803209900491,-0.001947279396203895
600518,-0.0007934375155012897,-0.0035625547410471393,0.3119956858672206,0.3119956858672206,0.3012936040690456,0.005881992420470017,0.3197376387487386,-0.008313752653874146,-0.0005392945528818826
600516,-0.00093648027666546,0.0016984628489946846,0.31103698969401616,0.31103698969401616,0.32752613240418116,0.006419064683419315,0.32141271442986885,-0.008391841276809637,-0.0004952602451298795
600515,-0.0009583114097932058,-0.0019918848750626714,0.31091715267236564,0.31091715267236564,0.30864271696904166,0.003938535854471835,0.313037336024218,-0.0034821087180204116,-9.774286431858379e-05
600513,0.0012390037079441688,0.0020914839849410496,0.32513781257489816,0.32513781257489816,0.329728863791101,0.020952546908768594,0.3786680121089808,-0.006003999589320906,0.004334130324850084
600509,-0.0007934375155012897,-0.0023602595463475596,0.3119956858672206,0.3119956858672206,0.30702070567503703,0.004424139467978635,0.31479313824419775,-0.006864004356655508,-0.0017178614441555966
600508,-0.0025076076054123117,-0.0016520347896984086,0.3010505712231365,0.3010505712231365,0.31058512555568907,0.030161524762441622,0.4175378405650858,-0.010485240245429548,-0.004840411823888868
600506,-0.0025076076054123117,0.005919469977426563,0.3010505712231365,0.3010505712231365,0.3492730986423165,0.006286986180496938,0.321130171543895,-0.014296324098593929,-0.009171957630221916
600502,-0.0007934375155012897,-0.004063822784933223,0.3119956858672206,0.3119956858672206,0.2987905002202731,0.005714787112657586,0.31911200807265383,-0.007332566748104039,-0.0015965671166110608
600501,0.0007294253945597833,-0.0026081610830298767,0.32178237596868264,0.32178237596868264,0.30591933998157717,0.028425579971058015,0.4101715438950555,0.0012851114307651792,0.008644746611204152
600500,0.0005041411005711116,6.05072190254881e-05,0.3204841415674683,0.3204841415674683,0.31933597661099766,0.017872641105104597,0.36647830474268417,-0.008924764083414104,0.0032867413670120455
600380,-0.0007934375155012897,-0.006853115350161947,0.3119956858672206,0.3119956858672206,0.2858144098682366,0.003922140774107627,0.3130171543895055,-0.007765628373406743,-0.002001442643496937
600499,-0.0008061300948439974,-0.003887097682055754,0.31195574019333705,0.31195574019333705,0.2995914934518803,0.014445167312991882,0.352108980827447,-0.0054702200455312615,-0.0032618922227193887
600497,0.0025182983100776497,0.0058390737718509896,0.33356634976432054,0.33356634976432054,0.34891265168809327,0.03605267847105563,0.44353178607467203,-0.004650407354003465,0.0045964389370173235
600490,0.00490792746445183,0.005155665557551752,0.3500039945673884,0.3500039945673884,0.3456486042692939,0.030622894378654182,0.41927346115035313,-0.007207597589614177,0.005341783806869236
600489,0.003501052301192367,0.007714106092043491,0.3408164895741791,0.3408164895741791,0.35846449597500896,0.023976718616077843,0.3910595358224016,-0.004757003203408124,0.003406314602893043
600488,0.0012390037079441688,0.0006819164804260781,0.32513781257489816,0.32513781257489816,0.3223597260603148,0.006845939977621333,0.32300706357214937,-0.010271541169875626,-0.002711423311703821
600487,0.009834054301330355,0.018290022767767113,0.3851961332587681,0.3851961332587681,0.420261123793504,0.04679089242066576,0.49453077699293646,-0.005646301606211056,-0.005151220703233492
600486,-0.0004786128905436058,-0.004909403547064261,0.3140129423983382,0.3140129423983382,0.2945051864311746,-0.01771056451615353,0.24641775983854697,-0.0082949887789622,-0.00015986311225922418
600483,-0.0007934375155012897,-0.0044779977641398825,0.3119956858672206,0.3119956858672206,0.2967279426488846,0.011471774273448374,0.34048435923309783,-0.006424725267328393,0.00027186336732412257
600482,0.0017627896176903846,0.00102151931366587,0.32843333067028846,0.32843333067028846,0.32446233329328367,0.01845878024281936,0.3689404641775984,-0.0030244761351920797,0.00038862479010553044
600481,0.0064567054395785525,-0.0008947664561042396,0.360649516657346,0.360649516657346,0.31455004205214465,0.03766127970786347,0.4504742684157417,-0.00115619762959779,0.0014262859854999351
600479,0.0001766238962707199,-0.022168192285431647,0.31832707517775827,0.31832707517775827,0.222936441187072,-0.01876557401384753,0.24345105953582236,-0.028820844077454305,-0.02904655597812187
600475,0.0002562497168294514,-0.00332127540791652,0.31882639610130226,0.31882639610130226,0.30247506908566624,0.018931310067309377,0.3709182643794148,-0.008649111064558873,-0.005308696513708342
600470,0.0005041411005711116,0.0026100341007020637,0.3204841415674683,0.3204841415674683,0.3323320917938244,0.007181668401544691,0.3241574167507568,-0.013489978646839075,-0.0014105470909535742
600468,0.00022723412828660339,-0.001476656563313628,0.31868658624270996,0.31868658624270996,0.3114261684488766,0.007146325167350773,0.3240968718466196,-0.004978259797640566,-0.0019347200815484026
600498,0.008337701757086514,0.016198694078098378,0.37429096428856756,0.37429096428856756,0.40802595218070403,0.04861027984375733,0.5031079717457114,-0.003405424625373024,-0.0005116368755784826
601377,-0.0007934375155012897,-0.004530473635103335,0.3119956858672206,0.3119956858672206,0.296547719171773,0.0078027729467873425,0.3263572149344097,-0.004738566366681239,0.003681610914211325
601388,0.0025182983100776497,0.004539070252948752,0.33356634976432054,0.33356634976432054,0.3422644078657535,0.019778569072062584,0.3739051463168517,-0.004403003184943495,0.007464921019410042
601390,-0.0007934375155012897,-0.005065406691386523,0.3119956858672206,0.3119956858672206,0.2936641435379871,-0.005568406050305045,0.28082744702320883,-0.008752451502759136,-0.0011927483517110234
603733,0.00011320695566528081,-0.002467345794165277,0.3178876727650396,0.3178876727650396,0.3065000600744924,0.014245085111022075,0.3513622603430878,-0.004732419397068799,-0.0006138686843042539
603730,0.0021293251699106,0.0057910807197919375,0.3309898537988336,0.3309898537988336,0.34857222956466016,0.03294763029605443,0.42896064581231075,-0.0028935932839624654,6.220426092121328e-05
603728,0.00297552288017644,0.005963512874020769,0.3369617320444196,0.3369617320444196,0.3494933717810085,0.018405056193479905,0.3688193743693239,-0.0034940763965338874,0.00046546368529879286
603726,0.0005863826333956127,0.004767880630460467,0.3208436526324199,0.3208436526324199,0.34368617085185627,0.029067033493920664,0.41281533804238146,0.0006363545076297284,0.010824713374653261
603721,0.0010741298136522526,-0.009664016269082011,0.32423903491251893,0.32423903491251893,0.27323881613200374,0.03397667410926085,0.43334006054490415,0.002947171227175977,0.00886007027770177
603716,0.0012390037079441688,0.0012689745343046808,0.32513781257489816,0.32513781257489816,0.3256638231406944,0.014955839694303644,0.3542078708375378,-0.008286548070672799,-0.000457637129065129
603713,-0.000614061158804342,-0.0013755618674671862,0.3131940560837261,0.3131940560837261,0.31192678921863115,0.01065038494940886,0.33705348133198787,-0.010406733429199306,0.0019936425962538205
603703,0.0017637350942085518,-0.002781737597411892,0.32843333067028846,0.32843333067028846,0.3051383715807602,0.04089020675674282,0.46651866801210895,0.000977801767887832,0.006789676866084405
603699,0.0012390037079441688,0.005331285637376285,0.32513781257489816,0.32513781257489816,0.34662982097801276,0.03130449585252517,0.4219576185671039,-0.006511978165717589,0.0027788842542170785
603698,-0.0007934375155012897,0.0037854234631355095,0.3119956858672206,0.3119956858672206,0.33867996315431137,0.05364616749391447,0.5270635721493441,-0.007135557095586907,0.00021811311821389695
603696,0.0010959609467799984,-0.0063271035060070745,0.32443876328193655,0.32443876328193655,0.288197364732268,-0.02199905821052923,0.23523713420787085,-0.021172776637834317,-0.018796559538721464
603690,0.003170610257468015,0.009788229735544272,0.3382000479348086,0.3382000479348086,0.37120028835756336,0.013116310767756099,0.3469424823410696,-0.0060949849068720795,-0.0020909979749916038
603688,0.0056712326001896116,0.014560536742203254,0.35577614444355676,0.35577614444355676,0.3992550762946053,0.039451546176256395,0.4594349142280525,-0.006071487576844588,0.0022281151750609685
603687,0.0010959609467799984,0.005669909325594538,0.32443876328193655,0.32443876328193655,0.3480315591333253,0.022169044516512432,0.38341069626639757,-0.0068325117480512,0.0010654322881693506
603686,-0.003948228982648883,-0.0020116156749762676,0.2922824958057042,0.2922824958057042,0.3085626176458809,0.002956250457244055,0.3098486377396569,-0.010857503651207754,-0.001830768487862533
603683,0.0005041411005711116,0.004822898635634933,0.3204841415674683,0.3204841415674683,0.34400656814449915,0.02160794754171597,0.38108980827447025,-0.009145816903203706,0.0011103737191492367
603682,-0.0029494682432721613,0.003617786093236801,0.2983941839098826,0.2983941839098826,0.3378989947534944,0.022771539463751274,0.38611503531786073,-0.010288863799561275,-3.5201073812286636e-05
603681,-0.0004786128905436058,-0.004769626326880807,0.3140129423983382,0.3140129423983382,0.2951860306780407,0.02655370211784143,0.4021392532795156,-0.007359415832681049,0.002619334132375181
603679,0.003170610257468015,0.0009853028055910732,0.3382000479348086,0.3382000479348086,0.32422203532380156,0.022367554854161042,0.3842583249243189,-0.020015514069110188,-0.020192416136876206
603678,0.0010959609467799984,0.011837903502675403,0.32443876328193655,0.32443876328193655,0.38299491369297933,0.03230464451332653,0.42599394550958625,-0.005354626502354573,-0.003896866261914678
603668,-0.00541927892801287,0.0016612768019035784,0.2839538228009907,0.2839538228009907,0.3273459089270696,0.006594993249378363,0.32213925327951565,-0.02082683030388377,-0.0086830787214043
603667,0.0012390037079441688,0.009856636090843184,0.32513781257489816,0.32513781257489816,0.37166085946573757,0.11160329017877119,0.7918869828456105,-0.005791219850821506,0.00043461580531852753
603666,0.0012390037079441688,0.00399243906011945,0.32513781257489816,0.32513781257489816,0.3396211302014498,0.020021466133643213,0.3749142280524722,-0.0013342974066947804,0.002757693547390172
603663,0.0005041411005711116,0.01249677331954352,0.3204841415674683,0.3204841415674683,0.3866995073891626,0.0564145567047281,0.5411705348133199,-0.009600265305097179,-0.005830185814895995
603662,0.0002562497168294514,-0.0010218537748540413,0.31882639610130226,0.31882639610130226,0.31362889983579634,0.052759447210081654,0.5227245206861756,-0.005140955939474255,0.0005128489213998745
603661,0.0010959609467799984,0.004830381296957259,0.32443876328193655,0.32443876328193655,0.34402659297528937,0.028987614261639365,0.4124924318869828,0.007938231220840862,0.021841406157808368
603660,0.000647183861735282,0.009685196483961775,0.32122313653431334,0.32122313653431334,0.3706596179262285,0.05373509040797689,0.5275075681130171,-0.003313117296636259,0.003752068198647621
603737,0.0005041411005711116,0.0033993760001244855,0.3204841415674683,0.3204841415674683,0.33683767872161485,0.023671505685279946,0.3896670030272452,-0.007571936028333171,0.0005210453437472135
603659,0.00023992670762931138,0.002029412797101547,0.31874650475353516,0.31874650475353516,0.32944851616003845,0.032270727146957015,0.42583249243188703,-0.0030511206034226188,0.0003990338219125504
603738,0.009413055513156004,0.020430289357306317,0.38235999041303825,0.38235999041303825,0.4329969161760583,0.037406394469356126,0.4491624621594349,-0.0037952015425205374,-0.003258534358454924
603758,0.003536200333170063,0.0011582228343153089,0.3408764080850044,0.3408764080850044,0.3250430533861989,0.05590746821900008,0.538284561049445,0.003779140826555499,0.007273201376869304
603893,-0.0025076076054123117,0.00886831576790586,0.3010505712231365,0.3010505712231365,0.36563338539789336,0.02787109109493676,0.4079717457114026,-0.007127760332513762,0.005332537967086228
603890,0.003170610257468015,0.00477905693364855,0.3382000479348086,0.3382000479348086,0.3437262205134367,0.020153579469997084,0.37537840565085767,-0.006200719651655747,-0.0032908021062264033
603888,-0.0003817853567275158,0.0034025277255619103,0.3147319645282416,0.3147319645282416,0.33683767872161485,0.021162837821046155,0.37955600403632694,-0.011893840616157775,-0.010196091788253628
603887,0.0001376055483508965,0.0021151094444456166,0.31798753694974835,0.31798753694974835,0.3298289879450519,0.01423247347169162,0.3512815338042381,-0.007036315746916148,-0.002773397147126043
603885,-0.000601368579461634,0.0005400596099403495,0.3133338659423185,0.3133338659423185,0.3216588569826585,0.008224930556754394,0.32813319878910197,-0.010947566162695928,0.003745025935525296
603883,-0.0007934375155012897,-0.004977416672146229,0.3119956858672206,0.3119956858672206,0.2940446153230005,0.005289394693452717,0.31769929364278504,-0.006339433840699768,-0.0012278760599160657
603882,0.0002562497168294514,-0.0015469899359039777,0.31882639610130226,0.31882639610130226,0.3109655973407025,0.0058549908209158535,0.319656912209889,-0.005094103326633108,0.0007268629861823357
603881,0.0017637350942085518,0.0027554413066555373,0.32843333067028846,0.32843333067028846,0.3332532340101726,0.022419468176581615,0.3845408678102926,-0.0046253287776017536,7.615973951416362e-05
603880,0.0012390037079441688,0.01158300765669429,0.32513781257489816,0.32513781257489816,0.38133285273739437,0.029156172675991663,0.41336024217961653,0.0011523556584754372,0.005348524796796612
603876,0.00490792746445183,0.012284941951757812,0.3500039945673884,0.3500039945673884,0.38563819135728306,0.03353490805576049,0.4315438950554995,-0.004996226503229785,0.005812565535865829
603871,-0.000614061158804342,-0.0044353044819493564,0.3131940560837261,0.3131940560837261,0.2970683647723177,0.015391539057651518,0.35586276488395563,-0.011388646263612157,-0.00034278982608674266
603867,0.0005041411005711116,0.00080896835570583,0.3204841415674683,0.3204841415674683,0.3232608434458729,0.030881230445456997,0.4204036326942482,-0.00700224869668832,0.0034233853569274383
603859,-0.0003355701293794355,-0.0015448281888898216,0.3151513941040185,0.3151513941040185,0.3109856221714926,0.03273299367011442,0.42815338042381434,-0.0049928354942157215,0.002472375563292919
603833,0.00011320695566528081,-0.0030383096243855184,0.3178876727650396,0.3178876727650396,0.3037166085946573,0.0013350705678058118,0.30446014127144294,-0.008411630981009607,-0.0016154976329597137
603826,-0.0004786128905436058,-0.0001516025371191028,0.3140129423983382,0.3140129423983382,0.3183547599022788,-0.000320091240965926,0.2988294651866801,-0.011107158449896695,-0.003849791738036532
603823,0.0071675851444334485,0.00768571621252929,0.3662019653271551,0.3662019653271551,0.35836437182105807,0.042009777777171076,0.4718869828456105,-0.021919586743092093,-0.014339154602196596
603819,0.00297552288017644,0.016840036199564763,0.3369617320444196,0.3369617320444196,0.4115302975689855,0.03141980611622046,0.4224823410696267,0.003304946279990604,0.004049328576907513
603816,0.00011320695566528081,-0.00565790220302456,0.3178876727650396,0.3178876727650396,0.2910809403660539,0.005974594846169973,0.32004036326942487,-0.006900005966330251,-0.0009725498710398597
603806,0.00023992670762931138,-0.0017191068875368508,0.31874650475353516,0.31874650475353516,0.31012455444751497,0.022006759210388555,0.3828052472250252,-0.00477319049908839,0.0005231072913354217
603803,0.003170610257468015,0.0056427619768467325,0.3382000479348086,0.3382000479348086,0.34787136048700384,0.01004772094483351,0.33475277497477296,-0.0056670816957389795,-0.000969446617216202
603800,0.0012390037079441688,0.011850398590372908,0.32513781257489816,0.32513781257489816,0.3830950378469302,0.03286513539746447,0.4285973763874874,-0.004726306107231247,0.002397143693142468
603799,0.002045137130812599,0.0004761173635713757,0.3304306143644643,0.3304306143644643,0.32123833553606473,0.02607365375296936,0.40032290615539856,-0.004801902028304148,0.0052747855143176975
603779,0.0010959609467799984,0.0025849482216590805,0.32443876328193655,0.32443876328193655,0.3321318434859225,0.015438612459576938,0.35606458123107976,-0.00995014928749697,-0.006462223080488098
603778,0.0012390037079441688,-0.005384842206365952,0.32513781257489816,0.32513781257489816,0.292422604028996,-0.0012978166131895534,0.2953380423814329,-0.014294016549192712,-0.011284226124877905
603777,0.0010959609467799984,-0.0017415027449661023,0.32443876328193655,0.32443876328193655,0.31000440546277386,0.011686210049972449,0.341130171543895,-0.009821423213580914,-0.004310603671312053
603773,0.009834054301330355,0.019252099196643883,0.3851961332587681,0.3851961332587681,0.4258680764147543,0.04215732046699457,0.4725933400605449,-0.006035982257822485,-0.0009890979621375805
603766,0.0011465711787958818,-0.005123077335143189,0.3246784373252377,0.3246784373252377,0.293423845568505,0.008293730528238787,0.3284157416750757,-0.003540676353493475,-0.0011252897019119342
603757,0.0016726688914026075,0.008905945763495913,0.3278341455620356,0.3278341455620356,0.3659137330289559,0.030790242808378943,0.41997981836528764,-0.009517343168211428,-0.004811749089358128
603657,0.0010959609467799984,0.009936731575289615,0.32443876328193655,0.32443876328193655,0.372161480235492,0.05032764066208908,0.5113824419778001,-0.0003425827419759237,0.0174119378775932
603650,0.0005041411005711116,0.003728176027573353,0.3204841415674683,0.3204841415674683,0.33841964035403904,0.013590897770230986,0.3489001009081736,-0.012366768521477032,-0.009357473997058694
603638,-0.0007934375155012897,0.0017719975109338375,0.3119956858672206,0.3119956858672206,0.32820697665104726,0.028719391003446358,0.41134207870837536,-0.005189698290341714,0.0012029035318748109
603516,0.000647183861735282,0.011487916629763171,0.32122313653431334,0.32122313653431334,0.38075213264447916,0.05077509030487978,0.5132391523713421,-0.0024106935273683233,0.0026236419975937623
603505,-0.00093648027666546,-0.002206426541846848,0.31103698969401616,0.31103698969401616,0.3077816492450639,0.016564923514860077,0.3609889001009082,-0.007228005372571348,0.00343689053884295
603501,-0.0002687061292369071,0.001608993602059391,0.31561076935367904,0.31561076935367904,0.32706556129600706,0.03544100877337141,0.440343087790111,-0.004285901209991922,0.001084899026048297
603496,-0.0007934375155012897,0.004800049207822501,0.3119956858672206,0.3119956858672206,0.34388641915975815,0.020144447921418954,0.37535822401614527,-0.005571476907793269,0.000748460412580127
603488,0.0001766238962707199,0.00039429880737746497,0.31832707517775827,0.31832707517775827,0.32067764027393963,0.03065928772930449,0.41947527749747726,0.008355015140350065,0.01923473508957482
603486,0.00011320695566528081,-0.0002829310585567179,0.3178876727650396,0.3178876727650396,0.31783411430173414,0.022363478042987568,0.3842381432896065,-0.00796273752072213,0.003306367449576853
603477,-0.00793757391006609,-0.005578554941352636,0.2688743309099625,0.2688743309099625,0.2913813128279066,0.00532259962399302,0.31792129162462157,-0.01578672177671553,0.0010609818577732323
603466,1.1750001978803488e-05,0.004037085043113565,0.3174482703523208,0.3174482703523208,0.33982137850935157,0.034535623738383966,0.4360847628657921,-0.012142472839699466,-0.0071430445334195155
603458,0.0012390037079441688,-0.001022985909579766,0.32513781257489816,0.32513781257489816,0.31362889983579634,0.006044168331111373,0.3202623612512614,-0.0033657530762931332,0.0006826747945689284
603456,0.0002562497168294514,-0.002690426379782589,0.31882639610130226,0.31882639610130226,0.30543874404261284,0.01046513319349225,0.3364480322906156,-0.007170277047263868,-0.0001260777055383353
603444,-0.0009583114097932058,0.0006874177346352283,0.31091715267236564,0.31091715267236564,0.3223597260603148,0.009859739551412693,0.3341876892028254,-0.007155502935945693,-0.0018887694116175068
603421,0.009413055513156004,0.00597477980079544,0.38235999041303825,0.38235999041303825,0.3495334214425888,0.026655015960985174,0.4026841574167508,0.003437711068705095,0.007935703633828466
603402,-0.0025076076054123117,0.004929331890413931,0.3010505712231365,0.3010505712231365,0.344547238575834,0.01635659838744652,0.3600807265388496,-0.008378619350855881,0.0019707771695616225
603400,0.0012390037079441688,0.00663461047346514,0.32513781257489816,0.32513781257489816,0.3525771957226962,0.005010366635655054,0.31656912209889,-0.001962707512431229,0.003596093148487428
603399,0.004204207250294037,0.012691594219737088,0.345390269233842,0.345390269233842,0.38778084825183223,0.028750466317769882,0.4115438950554995,-0.005434843984532818,0.003931781955403067
603396,0.003679243094334233,0.005358503077805419,0.34195494127985937,0.34195494127985937,0.34674996996275387,0.03231616253365141,0.42611503531786077,0.004959446604405904,0.009807501378015109
603395,0.0005041411005711116,-0.003897668229638479,0.3204841415674683,0.3204841415674683,0.29955144379029996,-0.008150138902265408,0.27271442986881933,-0.01122789519834994,-0.007231878368452075
603393,-0.0002169114624355995,-0.003154760348534016,0.3158304705600383,0.3158304705600383,0.30339621130201455,0.010144366605047613,0.3351765893037336,-0.006087106847118684,-0.002418191822103355
603392,0.0012390037079441688,0.003753143415320457,0.32513781257489816,0.32513781257489816,0.3384596900156194,0.006760390845793699,0.32272452068617563,-0.006545881258771317,-0.0014633032844783259
603391,0.0012390037079441688,0.006074065334340094,0.32513781257489816,0.32513781257489816,0.349893868396812,0.025546997376162072,0.3978002018163471,-0.003986440061476287,0.002098302359361671
603390,0.002473820521496613,0.005781217072915397,0.3333067028840776,0.3333067028840776,0.3484921302414995,0.015796695137875856,0.35755802219979815,0.007953417966346061,0.02137175327944155
603389,0.0010959609467799984,0.007711902453535575,0.32443876328193655,0.32443876328193655,0.3584244463134286,0.03206546383077352,0.4250655903128153,0.001699060518292828,0.007880202514325505
603386,-0.002281694095843608,0.003060806507274037,0.30242869697211794,0.30242869697211794,0.3347550963194361,0.031190429280242276,0.42161453077699296,0.0005696845013544048,0.006041033517281838
603380,0.003170610257468015,0.006845072942077424,0.3382000479348086,0.3382000479348086,0.35367856141615606,0.0392675842692059,0.4587083753784057,0.002369412365008142,0.005807940620218205
603379,-0.0004786128905436058,-0.0041391517915808475,0.3140129423983382,0.3140129423983382,0.29841002843525977,0.015413261487834413,0.35598385469223004,-0.008037169383287194,0.0026114487446325324
603375,0.003170610257468015,0.006278998569186402,0.3382000479348086,0.3382000479348086,0.35083503544395045,0.04375900189475199,0.4808072653884965,0.0012618697152256548,0.0036366143533714643
603369,-0.00093648027666546,-0.004002445452088221,0.31103698969401616,0.31103698969401616,0.2991509471744964,0.007314298103359271,0.3246619576185671,-0.006155358769987272,-0.0037807290362282015
603527,0.00490792746445183,0.0015235109026957888,0.3500039945673884,0.3500039945673884,0.3266650646802034,0.002869004719033954,0.3094450050454087,0.007042466272093226,0.02171680148548262
603529,9.688394646514073e-05,-0.005807148952414449,0.3178277542542143,0.3178277542542143,0.29044014578076816,0.009800775922550804,0.33386478304742684,-0.009766627668526519,-0.00017500266441724578
603530,0.003679243094334233,0.006695466528503487,0.34195494127985937,0.34195494127985937,0.3529576675077095,0.03399663183351461,0.43344096871846616,-0.00314724317241772,9.19281054023371e-05
603533,0.0010741298136522526,0.003742266292028555,0.32423903491251893,0.32423903491251893,0.33843966518482915,0.0068469988194409075,0.32300706357214937,-0.012008049081008736,-0.007688576438022932
603630,-0.0025076076054123117,-0.0032804624689017434,0.3010505712231365,0.3010505712231365,0.3026552925627778,0.017462555767897694,0.36474268415741673,0.0010325095436653235,0.012119201766127866
603629,0.009834054301330355,0.01596930923839058,0.3851961332587681,0.3851961332587681,0.4068645119948736,0.039996630674614744,0.46215943491422806,-0.00718087597968227,-0.0011301742260139739
603628,0.002616863282660784,0.007107879571590816,0.33438523607893267,0.33438523607893267,0.35502022507909803,0.0023115094158414878,0.3076690211907165,0.006074567160652376,0.013257562857896154
603626,0.003170610257468015,0.0005796112350598558,0.3382000479348086,0.3382000479348086,0.3218591052905603,0.02084760410066633,0.37830474268415737,-0.015331220193389044,-0.011791311146902283
603619,5.745459181790654e-05,0.0013453947710023865,0.3176679715586802,0.3176679715586802,0.3260042452641275,0.04582376179050982,0.4898082744702321,-0.010867781938288775,-0.0043505878825407076
603618,0.004533907065967022,0.018602754314711412,0.347627226971319,0.347627226971319,0.4219432095798791,0.01228797978297629,0.343673057517659,-0.012691542165272829,-0.01547582502781954
603615,3.358113510654923e-05,0.001007195344326895,0.31756810737397145,0.31756810737397145,0.324382233970123,0.016067481079480427,0.3587083753784056,0.0036986474821246594,0.0161519646868997
603613,-0.003932222234386879,-0.006229469435674233,0.29240233282735484,0.29240233282735484,0.2886779606712323,0.004861947853941336,0.3159233097880928,-0.008944472247064898,-0.004625649838335156
603612,-0.0004786128905436058,-0.006857825410002443,0.3140129423983382,0.3140129423983382,0.2857943850374465,0.004237529436892553,0.31412714429868815,-0.009036503793986588,0.000467978399121384
603608,-0.0019157877592034247,0.0005471776652357734,0.30466565470959495,0.30466565470959495,0.32169890664423884,4.357714666927569e-05,0.2999192734611503,-0.014520278766099213,-0.008964892518278268
603607,0.0010959609467799984,-0.0042088649908133425,0.32443876328193655,0.32443876328193655,0.29806960631182666,0.02196075147648526,0.38254288597376385,0.002997762078658873,0.007366482478730431
603606,0.00023992670762931138,-0.0002753191598573083,0.31874650475353516,0.31874650475353516,0.31787416396331447,0.03262582625980416,0.4276690211907165,-0.0029961842454511354,0.0017381346017851743
603605,-0.0034903615965270296,-0.004947316114708448,0.2951585843253176,0.2951585843253176,0.2942248388001122,0.011610144467898034,0.3409283551967709,-0.006532206802346248,0.002161563130406264
603897,0.003679243094334233,0.003709610517133353,0.34195494127985937,0.34195494127985937,0.33841964035403904,0.01617811755658257,0.35917255297679107,-0.005863382599501463,-0.003583382680239542
603601,-0.0004786128905436058,-0.00187969998025889,0.3140129423983382,0.3140129423983382,0.3092634867235372,0.02423164105141037,0.39200807265388493,-0.006992361139576129,-0.0005102331283383652
603599,-0.0004786128905436058,-0.002201148901738134,0.3140129423983382,0.3140129423983382,0.3077816492450639,0.012481246091790488,0.3444399596367306,-0.010554110817741897,-0.002852389233979389
603598,0.0010741298136522526,0.006226800460078305,0.32423903491251893,0.32423903491251893,0.3505747126436781,-0.0028513996492584522,0.2902119071644803,-0.01042362031879479,-0.0038978563956113786
603596,0.0011465711787958818,-0.0002928154248713955,0.3246784373252377,0.3246784373252377,0.31773399014778325,0.029634467893575076,0.4152371342078708,-0.003144868606356918,0.003958590372816221
603589,-0.00498190946671762,-0.003829874573940517,0.28651034592953584,0.28651034592953584,0.29987184108294285,0.004482559251737882,0.31495459132189707,-0.009619407813810078,-0.0018918698562204338
603588,-0.0020866088172379615,0.010898932392070673,0.30352720300391467,0.30352720300391467,0.37764828387200133,0.021264302978462525,0.3800201816347124,-0.008027560919813369,0.0014249405375866423
603583,0.0007294253945597833,-0.0023310860175266134,0.32178237596868264,0.32178237596868264,0.30716087949056825,0.010846753690194435,0.3378607467204844,-0.00698798240709794,-0.003324012472898674
603580,0.0056712326001896116,0.01030132067818448,0.35577614444355676,0.35577614444355676,0.3742040129760904,0.013518061794136574,0.34853683148335013,-0.018146287682409296,-0.013930053181290102
603567,0.0012390037079441688,-0.0004595358413434634,0.32513781257489816,0.32513781257489816,0.3168929472545957,0.011665001155742191,0.3410898082744702,-0.007095119345523329,0.0007512568855741591
603565,0.0014310726439838244,0.0018543361137655773,0.3262163457697531,0.3262163457697531,0.3285674236052706,0.0022849217776881535,0.30756811301715437,-0.011704037078908295,-0.000867067442557509
603559,0.003170610257468015,0.0031870005368230935,0.3382000479348086,0.3382000479348086,0.3356161640434139,-0.017855350900961138,0.24609485368314832,-0.008649282222802606,-0.004129607370810812
603556,0.0012896139399600525,-0.0006296206212904308,0.32541743229208275,0.32541743229208275,0.3159517802074573,0.012900528541950201,0.3462966700302724,-0.0038668906443826453,-0.0005430255999919967
603538,0.0012390037079441688,0.00475162672518313,0.32513781257489816,0.32513781257489816,0.3436060715286956,0.03573438475167536,0.4418163471241171,-0.007837577105641648,-0.0020263917260690636
603536,0.0010959609467799984,0.0077443001298981105,0.32443876328193655,0.32443876328193655,0.3586246946213304,0.020646114764466716,0.37747729566094856,0.007028918167171435,0.015488384727703789
603600,3.358113510654923e-05,0.0007700237248494703,0.31756810737397145,0.31756810737397145,0.3230005206456006,-0.003862474824135418,0.2866801210898082,0.003985702063723951,0.007080121335875134
603367,0.0002562497168294514,-0.0057352241533750615,0.31882639610130226,0.31882639610130226,0.29080059273499137,-0.0038769565359631835,0.2866801210898082,-0.004488527820617272,0.002243968296907966
603899,-0.00093648027666546,-0.004542890632446821,0.31103698969401616,0.31103698969401616,0.2965076695101926,0.001839210183042857,0.3062361251261352,-0.005980104190101178,-0.0010578930648685436
603903,-0.0025076076054123117,0.004732182577955109,0.3010505712231365,0.3010505712231365,0.3435259722055348,0.014717792887059265,0.35319878910191727,-0.009380748388268063,-0.0007756442690410591
920075.BJ,-0.003948228982648883,0.00808157480523383,0.2922824958057042,0.2922824958057042,0.36072730185429935,0.05228686298499496,0.5206256306760848,0.0036494660499708964,0.015638411111854107
920060.BJ,-0.003948228982648883,0.0065103891184084255,0.2922824958057042,0.2922824958057042,0.3520565501221514,0.010843465174820257,0.3378607467204844,-0.0012634706498207632,0.007260172713147672
920047.BJ,-0.003948228982648883,-0.016065144019934956,0.2922824958057042,0.2922824958057042,0.24608514558051986,-0.0016103893911212528,0.2944298688193744,-0.003212387804764745,0.007602661863027927
920046.BJ,-0.003948228982648883,-0.0045102251254749755,0.2922824958057042,0.2922824958057042,0.29658776883335336,0.022567786847290425,0.385247225025227,0.011297080217083732,0.01977771670590414
920045.BJ,5.745459181790654e-05,0.007832101776481458,0.3176679715586802,0.3176679715586802,0.35914534022187516,0.08276204976113223,0.6686982845610494,-0.007953593336054277,0.0006678507601339582
920021.BJ,-0.003948228982648883,-0.004692589481600149,0.2922824958057042,0.2922824958057042,0.29554647763226405,0.02154855819722933,0.3809081735620585,-0.0029800541092186625,0.0010099918024278863
920019.BJ,-0.004434082741256642,0.00514388749019651,0.2894663257969162,0.2894663257969162,0.345548480115343,0.0028757631694009264,0.30948536831483353,-0.010169151034794337,-0.0009112529290654592
920010.BJ,-0.003948228982648883,7.939348905740085e-05,0.2922824958057042,0.2922824958057042,0.31941607593415833,-0.0054566048883267155,0.2811099899091827,0.0018435674706630664,0.014490058336531405
920008.BJ,-0.003948228982648883,0.017247905119925303,0.2922824958057042,0.2922824958057042,0.4142336497256598,0.008153213979944838,0.3278708375378405,0.0036106501170271197,0.014090498690952179
920006.BJ,-0.003948228982648883,0.00892293617068153,0.2922824958057042,0.2922824958057042,0.36607393167527735,0.04652743331391512,0.49303733602421795,0.0047478532148535,0.012940438046434296
605599,-0.0019157877592034247,-0.0011668365529072212,0.30466565470959495,0.30466565470959495,0.31294805558893024,0.0007051158394515024,0.30238143289606456,-0.005118947427329069,-0.0001138942739370703
605589,0.0005041411005711116,0.009047964978651598,0.3204841415674683,0.3204841415674683,0.36673475109135323,0.03441348119374236,0.4353985872855701,-0.0057081424660009785,0.0026930353777953886
605580,0.0001766238962707199,0.00014263098536309714,0.31832707517775827,0.31832707517775827,0.31977652288838154,-0.009507960156034348,0.26912209889001004,-0.02211323402761863,-0.01665847471882796
605567,0.0010959609467799984,0.00813573151693496,0.32443876328193655,0.32443876328193655,0.3611478233008931,0.054372266637726485,0.5309182643794148,0.010260489834325275,0.022090558296639768
605499,-0.003948228982648883,0.0011638016574765271,0.2922824958057042,0.2922824958057042,0.3250831030477792,0.008352404526597428,0.3285368314833501,-0.007573945986032124,0.0028969126506114833
605488,0.0005041411005711116,0.0004093691512912419,0.3204841415674683,0.3204841415674683,0.32081781408947097,0.016353639841650135,0.3600605449041372,-0.010600476406395385,-4.835452882876371e-05
605398,0.000647183861735282,-0.007080246899934557,0.32122313653431334,0.32122313653431334,0.2850134166366294,0.011594772407630058,0.3408879919273461,-0.008302857165814848,-0.006351641064186234
605376,0.00490792746445183,0.035343400649999926,0.3500039945673884,0.3500039945673884,0.5278945892907205,0.10370803897184531,0.7617356205852674,-0.005067911390813775,0.0071142479778392356
605366,0.0005041411005711116,-0.00019840137162593246,0.3204841415674683,0.3204841415674683,0.3182346109175378,0.02034261916848217,0.3762058526740666,-0.01201309537794643,-0.0008331017154975637
605365,0.0010959609467799984,0.0015097875617966585,0.32443876328193655,0.32443876328193655,0.32662501501862307,-0.017504882733178875,0.24686175580222003,-0.004674922590402892,-0.00029308613668361367
605358,0.002466890043310221,0.014789815856897643,0.33328673004713594,0.33328673004713594,0.40065681444991785,0.06047144084394907,0.5606458123107971,-0.0036567666221041482,-0.001975681568004352
605319,0.0021293251699106,0.00253763600762934,0.3309898537988336,0.3309898537988336,0.3318114461932796,0.01916698964803033,0.3717255297679112,0.0031349194101020442,0.007795887624019556
605300,0.0010959609467799984,0.0025205082079012833,0.32443876328193655,0.32443876328193655,0.3317713965316993,0.0028692461097099783,0.3094450050454087,5.0949435553364076e-05,0.008532732484610837
605299,0.0010959609467799984,0.0007874617077260381,0.32443876328193655,0.32443876328193655,0.3231406944611318,0.028254731989146,0.4094248234106963,-0.011285354589771472,-0.004411562070565329
605296,-0.005928857241397256,-0.0008990119074549124,0.2809978429336103,0.2809978429336103,0.3144899675597741,0.020582601440825004,0.37731584258324924,-0.0184162878170095,9.315608282812954e-05
605289,0.0012390037079441688,0.011979422838011239,0.32513781257489816,0.32513781257489816,0.3838760062477472,0.036857052633162336,0.4471442986881937,-0.004608786759435982,0.00017254133123509178
605288,0.0012390037079441688,0.006865882502094947,0.32513781257489816,0.32513781257489816,0.35377868557010694,0.029470876863488107,0.4146922300706357,0.0018731687635021002,0.010857220251196469
920087.BJ,-0.0025076076054123117,0.0023034912210092347,0.3010505712231365,0.3010505712231365,0.3307501301614001,0.013761748597082771,0.34948536831483346,-0.004166806982238764,0.007071774056602102
605287,0.0012390037079441688,0.007904759920535664,0.32513781257489816,0.32513781257489816,0.35968601065320993,0.013759277668228462,0.34944500504540865,-0.00637736615509346,-0.0027969242279986604
920088.BJ,-0.0025076076054123117,0.003725926884999559,0.3010505712231365,0.3010505712231365,0.33841964035403904,0.0024511570034982536,0.30809283551967714,-0.00427513309286911,0.003258426129016214
920128.BJ,-0.003948228982648883,0.016135874052344283,0.2922824958057042,0.2922824958057042,0.4076454803956907,0.024529174476832262,0.3934006054490413,0.000657343707971844,0.012318578818035882
920961.BJ,-0.0013831667854186651,0.0007739799278338379,0.30796117280498525,0.30796117280498525,0.3230405703071809,-0.005898388208156276,0.2798990918264379,-0.002632142760008948,0.00686979825940442
920946.BJ,-0.004434082741256642,-0.0037856744083229906,0.2894663257969162,0.2894663257969162,0.30001201489847407,0.01784816744122304,0.36639757820383456,-0.0017731988335930263,0.008655741792177204
920895.BJ,-0.004434082741256642,-0.007026662171520039,0.2894663257969162,0.2894663257969162,0.2852537146061116,0.01420329454948903,0.3512209889001009,0.0022527369261477917,0.006273931710265134
920826.BJ,-0.003948228982648883,0.021910550965352427,0.2922824958057042,0.2922824958057042,0.44184789138531777,0.05380360633128774,0.5278304742684157,0.010656948228015814,0.020736552082731792
920821.BJ,-0.0013831667854186651,-0.018775282777916624,0.30796117280498525,0.30796117280498525,0.2356722335696263,-0.017351271214001325,0.24716448032290617,-0.012821908027181094,-0.004766880688012691
920808.BJ,-0.002094796366583396,0.005884498495151866,0.30346728449308935,0.30346728449308935,0.34911289999599504,-0.002822716708550343,0.2902320887991927,-0.0054823698412738995,0.006381567585291982
920799.BJ,-0.0025076076054123117,0.00863576311774479,0.3010505712231365,0.3010505712231365,0.36427169690416117,0.0069309132308337795,0.3233299697275479,-0.005225066693222437,0.005152077457105016
920786.BJ,-0.003948228982648883,0.007886996789180024,0.2922824958057042,0.2922824958057042,0.35956586166846893,0.02361591392039541,0.3894651866801211,0.004802926013634158,0.01419354461438996
920748.BJ,-0.003948228982648883,0.006865863599881547,0.2922824958057042,0.2922824958057042,0.35377868557010694,0.09791490063106931,0.7374772956609486,0.006616284955586284,0.01192140203800612
920726.BJ,-0.003948228982648883,0.015968523317931225,0.2922824958057042,0.2922824958057042,0.4068645119948736,0.05676242646632914,0.5425832492431887,0.007925775258286086,0.02278449549919702
920725.BJ,-0.0025076076054123117,0.003713512752514529,0.3010505712231365,0.3010505712231365,0.33841964035403904,-0.025118944746741857,0.22787083753784054,-0.014351119944093972,-0.008086677117328658
920640.BJ,-0.003948228982648883,-0.0005110105446507015,0.2922824958057042,0.2922824958057042,0.31659257479274305,0.002812446017289704,0.3093037336024218,-0.001852458972481861,0.007962908702919125
920592.BJ,-0.003948228982648883,0.005599535519298359,0.2922824958057042,0.2922824958057042,0.34767111217910207,0.05102043910203942,0.5143087790110998,0.0069135246099421765,0.014215509622586811
920576.BJ,-0.003948228982648883,0.00014706600819338424,0.2922824958057042,0.2922824958057042,0.31979654771917176,0.006002556208518066,0.3201614530776993,0.004467909465555303,0.011553979805263492
920571.BJ,-0.0025076076054123117,0.0026703430003240203,0.3010505712231365,0.3010505712231365,0.3326925387480476,-0.014181385054072789,0.25606458123107967,-0.008871545844692864,0.0001027294138952717
920509.BJ,-0.003948228982648883,-0.0017348900693099707,0.2922824958057042,0.2922824958057042,0.3100444551243542,0.007816699399338113,0.32641775983854693,-0.0038888127657950504,0.005742472761786534
920493.BJ,-0.0034903615965270296,0.00035561457863066517,0.2951585843253176,0.2951585843253176,0.3205374664584084,0.0005043874828966189,0.30159434914228056,-0.006030236160672028,0.005807913040165005
920438.BJ,5.745459181790654e-05,0.00955501179471603,0.3176679715586802,0.3176679715586802,0.36991869918699183,0.08321957763346668,0.6714429868819374,-0.004329945506701651,0.005942250161427958
920403.BJ,-0.0025076076054123117,0.001742306385482976,0.3010505712231365,0.3010505712231365,0.3279266290199848,0.04980572318281495,0.5089001009081735,-0.0012022564799555665,0.011044666415584216
920371.BJ,-0.004434082741256642,0.0036748560798133675,0.2894663257969162,0.2894663257969162,0.33819936721534705,0.04897796724645679,0.5050050454086781,-0.003016718346982862,0.009667388140812895
920367.BJ,-0.0025076076054123117,0.02851789709825738,0.3010505712231365,0.3010505712231365,0.48355961392126234,0.0915194349571303,0.7107769929364278,0.010649737208162742,0.022886765807495702
920273.BJ,-0.003948228982648883,-1.628209101361734e-05,0.2922824958057042,0.2922824958057042,0.318935479995194,0.044118261589108435,0.4825227043390514,0.004596496648657162,0.015399766153335678
920230.BJ,-0.003948228982648883,0.019157555479716974,0.2922824958057042,0.2922824958057042,0.42534743081420967,0.03256234698769978,0.4272855701311806,0.006243770175627435,0.016588236311821335
920223.BJ,-0.003948228982648883,0.007034811723589836,0.2922824958057042,0.2922824958057042,0.35457967880171415,0.028310556528552428,0.40970736629667004,0.005742060647886902,0.01379879716464621
920190.BJ,-0.0025076076054123117,0.007195078834447845,0.3010505712231365,0.3010505712231365,0.3555608955104329,0.04600809339736322,0.4904742684157417,-0.0022418158357851263,0.01056370803840131
920179.BJ,-0.0025076076054123117,0.008378188700011346,0.3010505712231365,0.3010505712231365,0.36252953662541554,0.04080506126395707,0.4659334006054491,-0.002469890686449447,0.006714595442616531
920169.BJ,-0.003948228982648883,0.014082805581100364,0.2922824958057042,0.2922824958057042,0.3961712523529176,0.052321008360629896,0.520787083753784,0.008307405952207683,0.022147198015175895
920116.BJ,-0.003948228982648883,0.0010593906389168165,0.2922824958057042,0.2922824958057042,0.3246225319396051,-0.009905002263344695,0.267891019172553,-0.0002353756090844832,0.011233739935205623
605286,0.0012390037079441688,0.005126350766429558,0.32513781257489816,0.32513781257489816,0.3455284552845529,0.016446074044092252,0.36056508577194757,-0.000439888261785386,0.0014857255573221262
605277,0.003170610257468015,-0.0026499529451388107,0.3382000479348086,0.3382000479348086,0.3056389923505146,0.02469063187236945,0.3939858728557013,-0.004790509573504919,-0.006003047817765236
605258,0.003170610257468015,0.00538503539568058,0.3382000479348086,0.3382000479348086,0.3468901437782851,0.01142434112636103,0.3402623612512613,0.004993499581571893,0.015910918100299397
603993,0.0025182983100776497,0.006476775066057686,0.33356634976432054,0.33356634976432054,0.35189635147583,0.025443016264094842,0.39741675075681127,-0.00324131756600926,0.005315647967377852
603991,0.0011223540707094534,0.004502370821088657,0.32463849165135417,0.32463849165135417,0.34208418438864197,0.02405467827784295,0.39128153380423814,-0.013744045924797646,-0.01880374149971282
603990,0.000647183861735282,0.014655267928618732,0.32122313653431334,0.32122313653431334,0.39983579638752054,0.066483297992369,0.5896871846619576,-0.005598978577795264,0.0029786578489341417
603989,0.002108230445794566,0.005338222617547643,0.3308700167771831,0.3308700167771831,0.34662982097801276,0.0004847714139296727,0.30153380423814324,-0.012656680881491562,-0.008462021356819687
603986,0.0017637350942085518,0.020961139663982244,0.32843333067028846,0.32843333067028846,0.4361808642716969,0.14539853337441852,0.8917053481331988,-0.0015546341780043348,-0.002822647678247454
603985,0.00227236793107477,0.002858438332749849,0.3321283055045139,0.3321283055045139,0.3338139292722977,0.03476613962210182,0.43707366296670025,-0.0007730129334936929,0.0028681336309337785
603983,-0.002978167570876873,0.00495526896765508,0.29827434688823196,0.29827434688823196,0.344767511714526,0.0003180041942030097,0.30086781029263365,-0.0034272394673719527,0.0025718570544741794
603980,3.358113510654923e-05,-0.0007857768146884456,0.31756810737397145,0.31756810737397145,0.3151908366374304,0.010104282072685017,0.3349142280524723,-0.014457007563825614,-0.006070481909303261
603979,0.003501052301192367,0.00854381868514188,0.3408164895741791,0.3408164895741791,0.36359085265729507,0.010841444813322753,0.337840565085772,-0.0054665445800318735,0.004411096550416024
603978,0.00490792746445183,0.0035186128520857977,0.3500039945673884,0.3500039945673884,0.3373783491529496,0.00752302553539792,0.325489404641776,-0.014103125882742273,-0.005969126903723333
603977,-0.001422334035273219,-0.0024390336609448017,0.30768155308780054,0.30768155308780054,0.3067403580439745,0.0064700962825826516,0.3216952573158426,-0.006473523010293491,0.005105763922602586
603976,0.0012390037079441688,0.01564439668202166,0.32513781257489816,0.32513781257489816,0.40508230205454765,0.007944326422180977,0.3270030272452069,-0.006737049362975254,-0.007307396001367438
603958,-0.0019157877592034247,0.0062371173143011905,0.30466565470959495,0.30466565470959495,0.35061476230525856,0.015449511368367787,0.35606458123107976,-0.0010147408560115334,0.001409973324600381
603956,0.0012390037079441688,0.0009916636164674431,0.32513781257489816,0.32513781257489816,0.324282109816172,0.00040623371181262445,0.3013118062563067,-0.007883414826807073,-0.0008946373215085412
603950,0.003536200333170063,0.01200808431365466,0.3408764080850044,0.3408764080850044,0.3841163042172293,0.05748309542137949,0.5461150353178608,-0.007177847083649352,-0.0018419338865028837
603939,-0.0007934375155012897,-0.004948845389021067,0.3119956858672206,0.3119956858672206,0.2942248388001122,-0.0009364478584163444,0.29648839556004036,-0.006838521349590374,-0.0006039197168499932
603938,0.0067465863562590975,0.011653725149041259,0.3627666373731725,0.3627666373731725,0.38177339901477836,0.03546205741310866,0.4404238143289606,-0.01648002670600023,-0.008276047392162394
603936,0.003170610257468015,0.004451413069407843,0.3382000479348086,0.3382000479348086,0.3418238615883695,0.01940630160158901,0.3725327951564077,-0.010074492909530807,-0.0069229516314978715
603931,0.003170610257468015,0.01010564173464064,0.3382000479348086,0.3382000479348086,0.3731827466057912,0.03106766751562047,0.42092835519677096,-0.003269699970474227,0.00039006747242755597
603929,0.0012390037079441688,0.007271508575505184,0.32513781257489816,0.32513781257489816,0.3558812928030758,0.019079453251250426,0.37148335015136225,-0.007720253248629939,-0.0025971924102488756
603928,-0.0004786128905436058,0.0020377620123269834,0.3140129423983382,0.3140129423983382,0.32944851616003845,0.01801701823137532,0.36718466195761856,-0.00844932261402686,0.00234035005776992
603926,0.003536200333170063,0.003441102986646532,0.3408764080850044,0.3408764080850044,0.3369978773679363,0.035237937543086184,0.4394147325933401,0.0020064668364222597,0.0131223975445024
603920,0.003170610257468015,0.005303648028726158,0.3382000479348086,0.3382000479348086,0.3464696223316913,0.024888715588888517,0.3947729566094854,-0.006320716117797036,-0.0027149949092925927
603919,0.00011320695566528081,-0.0047121836286787185,0.3178876727650396,0.3178876727650396,0.2954663783091033,0.008607615231383377,0.3293440968718466,-0.006452912991753436,-0.003049035591017549
603918,-0.0003355701293794355,0.002450859469817275,0.3151513941040185,0.3151513941040185,0.3314509992390564,0.042356853320441486,0.47388496468213925,-0.006713760922253404,-0.0008669993223168644
603912,0.0012390037079441688,-0.0023863219893222997,0.32513781257489816,0.32513781257489816,0.3069606311826665,-0.0009378787443901224,0.29648839556004036,-0.009585743727272038,-0.004401225391207285
603906,0.0012896139399600525,0.0058456791597228126,0.32541743229208275,0.32541743229208275,0.3489326765188834,0.031780301833830904,0.42381432896064586,-0.0016240859667202426,-0.00030483442153150846
603995,0.00011320695566528081,-0.0022392574292310276,0.3178876727650396,0.3178876727650396,0.3075413512755817,0.04806039945287146,0.5003632694248235,-0.005239183194636259,-0.0030435459644599654
603997,-0.00038896981214261826,0.004185652351070013,0.3146720460174163,0.3146720460174163,0.3405422724177981,0.037549241680408844,0.449949545913219,-0.007909172769246998,0.0006529100176751854
603998,0.0002562497168294514,-0.004520597162008066,0.31882639610130226,0.31882639610130226,0.296547719171773,0.007130358389245197,0.3240766902119072,-0.003606021447581118,0.0024510671320845173
603999,0.007316575069340239,0.004724851795421537,0.36742030838060236,0.36742030838060236,0.3434058232207938,0.00287317619722349,0.30948536831483353,-0.012401821298379806,-0.01161783337514838
605222,0.00227236793107477,-0.00029613266371119007,0.3321283055045139,0.3321283055045139,0.31771396531699303,0.02101715081448827,0.37884964682139255,-0.008625821824819744,-0.00558941339244753
605198,-0.006068847500857402,0.007787349809227738,0.2800990652712311,0.2800990652712311,0.3588649925908126,0.02004230184624591,0.3749545913218971,-0.020164488240338584,-0.013005782748639014
605196,0.00227236793107477,0.003075114371573513,0.3321283055045139,0.3321283055045139,0.3348752453041772,0.01959488223848729,0.3731987891019173,-0.0028881871517922723,-0.00011050095614813552
605189,-0.0019157877592034247,-0.002965612239642646,0.30466565470959495,0.30466565470959495,0.30419720453362165,0.010666437818993697,0.3370938446014127,-0.004098040703393229,0.0037509675004526784
605188,-0.0029494682432721613,-0.00911017467752747,0.2983941839098826,0.2983941839098826,0.275721895149986,-0.01275380737590572,0.2600807265388496,-0.014740928174081291,-0.01566324645740647
605179,0.0010959609467799984,0.007073232992593427,0.32443876328193655,0.32443876328193655,0.3548400016019865,0.009050406087565147,0.33097880928355194,-0.00942663607461314,-0.00804438770915878
605178,0.0012390037079441688,0.0077423418634704495,0.32513781257489816,0.32513781257489816,0.3586046697905403,0.01746674661888528,0.36480322906155394,-0.005785325008791536,-0.0020424442650588855
605177,0.007481448963632157,-0.00791109937437558,0.36841895022769033,0.36841895022769033,0.2811686491249149,0.01375328986994211,0.34944500504540865,-0.002487082957726851,0.004397081319933921
605168,0.0010741298136522526,0.010696629362115169,0.32423903491251893,0.32423903491251893,0.3766870919940727,0.008375129705393383,0.3285973763874874,-0.01438305431055935,-0.009482783729679227
605162,0.0012390037079441688,1.3336836559901642e-05,0.32513781257489816,0.32513781257489816,0.31907565381072533,-0.03205664017659354,0.21231079717457113,-0.01639250027237432,-0.01582991936410485
605133,0.0021293251699106,0.006041368805531917,0.3309898537988336,0.3309898537988336,0.34979374424286114,0.04338807413474332,0.47903128153380425,-0.004355236435259139,0.0006299319088813804
605128,0.0021293251699106,0.0023976085848990258,0.3309898537988336,0.3309898537988336,0.33115062677720375,0.026873309853878303,0.4036125126135217,-0.0005179529230876768,0.00436807774233078
605123,-0.00093648027666546,9.451356727468004e-05,0.31103698969401616,0.31103698969401616,0.31945612559573877,0.02965529891750583,0.4153380423814329,-0.004164546452359106,-0.003024795807012203
603900,-0.0019157877592034247,-0.014778460452190927,0.30466565470959495,0.30466565470959495,0.2506508070006809,-0.047523063684142546,0.18157416750756816,-0.009660210082246226,-0.006667834551598811
605118,0.000647183861735282,0.009993661970438094,0.32122313653431334,0.32122313653431334,0.37244182786655455,0.02883509203283999,0.41190716448032294,-0.00633369730803456,-0.0001238139127247686
605111,0.0035834214962969313,0.017798312415559205,0.3412958376607813,0.3412958376607813,0.4176378709599904,0.06415016222927829,0.5785065590312815,-0.0027775229191591877,-0.0030135974876323215
605100,0.0012390037079441688,0.01255833718625207,0.32513781257489816,0.32513781257489816,0.3870599543433858,0.04127171906781389,0.4684561049445005,7.1535835779713245e-06,0.005732548272723731
605090,-0.0007934375155012897,-0.0007744033541601566,0.3119956858672206,0.3119956858672206,0.31525091112980097,0.013948989564583356,0.35025227043390517,-0.006816540891867196,-0.0007560583497116567
605088,0.0021293251699106,-0.0012916677175318296,0.3309898537988336,0.3309898537988336,0.3123272858344347,0.01674732543869716,0.3615338042381433,-0.004958021289064809,-0.0002589786391659712
605077,7.834624234107474e-05,-0.019927997711390043,0.3178077814172725,0.3178077814172725,0.23114662181104573,-0.03260726251140001,0.21093844601412715,-0.020873718567398152,-0.016510963215684942
605068,0.003536200333170063,-0.0034828593017914005,0.3408764080850044,0.3408764080850044,0.3016540510232688,0.015506881374142956,0.3563269424823411,-0.0005166560449017909,0.005820890175345544
605060,0.0016518149467730856,0.009310758701365317,0.3276943357034433,0.3276943357034433,0.36823661340061675,0.024162642239093066,0.3917053481331988,-0.002264735952655817,0.005646392083277308
605058,0.008350675701482554,0.009923084831417229,0.3743508827993929,0.3743508827993929,0.37198125675838034,0.022611859281973345,0.38554994954591326,0.01670472731739873,0.03173265853322734
605033,0.0005041411005711116,-0.0018409485873506252,0.3204841415674683,0.3204841415674683,0.3095037846930193,0.0040030578533319944,0.31321897073662963,-9.349730881821567e-05,0.010336775150025481
605020,-0.0004786128905436058,0.002286693065165284,0.3140129423983382,0.3140129423983382,0.3306700308382394,0.03237377350193884,0.4264177598385469,-0.006234058674247202,0.004297657192898641
605016,0.0005041411005711116,0.003982827302882644,0.3204841415674683,0.3204841415674683,0.3396011053706596,0.02325860185866863,0.3878708375378406,-0.006842728292971585,0.005286460730459672
605011,0.0002562497168294514,-0.0028320855652075516,0.31882639610130226,0.31882639610130226,0.3049180984420682,0.01589759993264699,0.3580020181634712,-0.005545576235452193,0.0010333777843595684
605006,0.0005041411005711116,-0.000985502052065713,0.3204841415674683,0.3204841415674683,0.3139492971284392,-0.012107257575158866,0.26181634712411705,-0.016148325470074103,-0.012290433998044477
605117,0.00227236793107477,0.009153580820298778,0.3321283055045139,0.3321283055045139,0.3673555208458489,0.01697641224212678,0.3625227043390514,-0.002766645960457262,0.0023583542546372765
600129,0.0002562497168294514,-0.0005904346531656325,0.31882639610130226,0.31882639610130226,0.3162321278385197,0.01770406355355006,0.3658526740665994,-0.005557737762354931,0.002025808757573885
603366,0.0010959609467799984,0.0009632270825970469,0.32443876328193655,0.32443876328193655,0.324161960831431,-0.0077356506248147,0.2739253279515641,-0.011735997220489264,0.0008828396295997845
603360,0.0005041411005711116,0.0007456270873859347,0.3204841415674683,0.3204841415674683,0.3228002723376987,0.008961930337957886,0.3306962663975782,-0.008687100316009345,0.0039984693393129945
601975,0.0003686928323103752,0.0072607279256441445,0.3197651194375649,0.3197651194375649,0.3558812928030758,0.0010132030105004688,0.3034914228052472,-0.010883648172663447,0.002043889642265877
601969,-0.00093648027666546,-0.0016491242890450297,0.31103698969401616,0.31103698969401616,0.3106051503864793,0.018633153268667966,0.3697880928355197,-0.01093382903615126,-0.004110608852558329
601963,-0.0006945143344845361,-0.0025070274505298914,0.31271470799712386,0.31271470799712386,0.3062797869358004,0.010509814733391982,0.3366094853683148,-0.004588089657140265,0.004176935386581777
601958,0.003501052301192367,0.011159198820985256,0.3408164895741791,0.3408164895741791,0.3790900716888942,0.05336225943373823,0.525489404641776,-0.004811670669297684,0.005137901170537996
601952,-0.0064816587396863195,-0.007328066772668263,0.2777622433490453,0.2777622433490453,0.28371180263526774,-0.007668726977823551,0.27418768920282544,-0.019598228393953327,-0.009281347062391185
601949,1.1750001978803488e-05,-0.016434921359137093,0.3174482703523208,0.3174482703523208,0.24462333293283667,-0.03919321694183246,0.19697275479313825,-0.029197809607742625,-0.026812326748956675
601939,-0.0006945143344845361,-0.0011722767767278707,0.31271470799712386,0.31271470799712386,0.31294805558893024,0.020630443738060934,0.37743693239152376,-0.004795819148518775,0.0030881656963669766
601933,-0.003459046556656547,-0.002556898724525762,0.29533833985779345,0.29533833985779345,0.3061796627818495,-0.0014943926105953603,0.2947527749747729,-0.011915844324325481,-0.003410641498658641
601929,0.0010741298136522526,0.005014702524056088,0.32423903491251893,0.32423903491251893,0.3451079338379591,0.008220531128910538,0.32813319878910197,-0.011111895269859947,-0.0041731367694489985
601928,-0.0009583114097932058,-0.0013432595898179673,0.31091715267236564,0.31091715267236564,0.3121070126957427,0.0056207722322701706,0.3187891019172553,-0.007741192773107227,-0.0016161659728387377
601921,9.137582253753507e-05,0.0013091436908367732,0.3178277542542143,0.3178277542542143,0.32582402178701586,0.011093483705046947,0.3387487386478305,-0.0021349548337355343,0.00013276879992349952
601919,-0.000601368579461634,0.0005569891336939504,0.3133338659423185,0.3133338659423185,0.32173895630581917,0.012519936419848297,0.3446619576185671,-0.010416645769105509,0.0007665914685004221
601918,-0.0025076076054123117,0.0005649184955519517,0.3010505712231365,0.3010505712231365,0.32181905562897994,0.011599215211366783,0.3408879919273461,-0.009851770329267961,0.00041767529457446796
601916,-0.0006945143344845361,-0.002938463004013403,0.31271470799712386,0.31271470799712386,0.3043574031799431,0.003801078612762934,0.31255297679112004,-0.005022044334942919,0.004329889016129827
601901,-0.0007934375155012897,-0.002846351199019513,0.3119956858672206,0.3119956858672206,0.3048379991189074,0.007869712877916282,0.32668012108980826,-0.005808605781930602,0.0032821774383743523
601900,0.0010741298136522526,0.0013534030771978065,0.32423903491251893,0.32423903491251893,0.3260042452641275,0.015439649650108472,0.35606458123107976,-0.006944262358871247,-0.005082929224029782
601899,0.0025182983100776497,0.005767429931057019,0.33356634976432054,0.33356634976432054,0.34845208057991905,0.028540415284903895,0.41065590312815337,-0.004343289377036631,0.004100666507891087
601898,-0.0025076076054123117,0.000139560809717646,0.3010505712231365,0.3010505712231365,0.31975649805759143,0.012960404782179604,0.34653884964682136,-0.007791738596587582,0.0027521300138417318
601890,-0.001422334035273219,-0.011258577611528863,0.30768155308780054,0.30768155308780054,0.2660098522167488,-0.016047371508964157,0.25073662966700305,-0.015761928889666578,-0.01744773136958576
601888,-0.00498190946671762,-0.0055161025500770336,0.28651034592953584,0.28651034592953584,0.29180183427450035,0.0008749452411820263,0.30294651866801214,-0.007621370475228025,-0.001824753993484329
601886,0.0012390037079441688,0.002898833992775482,0.32513781257489816,0.32513781257489816,0.3340342024109896,0.010655332247308883,0.33705348133198787,-0.010685290157197984,-0.00932908760408967
601882,0.0002562497168294514,0.0014604562240481684,0.31882639610130226,0.31882639610130226,0.32648484120309185,0.004563594130441942,0.3151564076690212,-0.005585864145809632,-0.002997430979431092
601881,-0.0007934375155012897,-0.0032901571508972523,0.3119956858672206,0.3119956858672206,0.3026552925627778,0.01116604906631514,0.33917255297679116,-0.005517429700423212,0.0036364330447203933
601880,-0.000601368579461634,-0.004110031845605483,0.3133338659423185,0.3133338659423185,0.29851015258921065,0.0045204808276982705,0.3150353178607467,-0.008442608675836601,0.0002236720917417324
601878,-0.0007934375155012897,-0.004744869025978956,0.3119956858672206,0.3119956858672206,0.29530617966278183,0.0033386776044908315,0.31101917255297684,-0.005622508494170922,0.004134656729393992
601877,0.00023992670762931138,-0.005668463779077244,0.31874650475353516,0.31874650475353516,0.2910809403660539,0.006846160943257118,0.32300706357214937,-0.003129906896425066,0.0012288650600163417
601872,0.0018520714321581754,0.017398966991957625,0.32899257010465766,0.32899257010465766,0.4151547919420081,0.04819660189765304,0.5010696266397578,-0.015212968978421542,-0.011769641979952356
601985,-0.0007934375155012897,-0.0038272611759442693,0.3119956858672206,0.3119956858672206,0.29989186591373307,0.010125365958170856,0.3350958627648839,-0.004740217307257135,-0.0007932596317149898
601869,0.009834054301330355,0.026614620172993975,0.3851961332587681,0.3851961332587681,0.47128439264688216,0.13595021064795057,0.8684561049445005,-0.0031017713758879238,-0.005562874979058235
601988,-0.0006945143344845361,-0.003336706982758405,0.31271470799712386,0.31271470799712386,0.30237494493171535,0.009362070893124954,0.3323107971745711,-0.0043215048918828925,0.003482951163368713
601995,-0.003948228982648883,4.460510575636041e-05,0.2922824958057042,0.2922824958057042,0.31929592694941733,0.011528343203964108,0.34056508577194755,-0.006337129009219296,0.003088629537754735
603052,0.009413055513156004,0.012272501961465707,0.38235999041303825,0.38235999041303825,0.3854980175417517,0.024481783415569815,0.3930776992936428,-0.003676248567063474,0.0015563960124717418
603051,0.0005041411005711116,-0.0007912410906314253,0.3204841415674683,0.3204841415674683,0.3151507869758501,0.02560377348757049,0.39796165489404645,-0.0023684582945342537,0.008722058272056108
603049,9.688394646514073e-05,-0.0025097517814154043,0.3178277542542143,0.3178277542542143,0.30625976210501016,0.012445256374108532,0.34433905146316857,-0.004962524750147783,-0.0004523982105500905
603045,0.00490792746445183,0.016847505563557075,0.3500039945673884,0.3500039945673884,0.41159037206135607,0.04723572252693492,0.49656912209889004,-0.007920632174925144,0.00010538872203504459
603039,0.000647183861735282,0.01357466308180087,0.32122313653431334,0.32122313653431334,0.3934078257038728,0.04809345813856977,0.5005650857719475,-0.006593151871083966,0.000109764992921627
603036,0.0012390037079441688,0.0037192888020451693,0.32513781257489816,0.32513781257489816,0.33841964035403904,0.03858926286465111,0.4552774974772956,0.0006458091937593125,0.006383556933562277
603032,0.00297552288017644,0.0029054269300363756,0.3369617320444196,0.3369617320444196,0.33407425207257,0.02536686227710827,0.3969929364278506,-0.0019010294865909121,0.0025160520788985
603031,0.004092054333163149,0.006906485212018953,0.34457138291922984,0.34457138291922984,0.3539589090472186,0.016702487980132897,0.36135216952573157,-0.0027492500696739723,0.00021946349822319928
603030,0.0012390037079441688,0.004416658250663412,0.32513781257489816,0.32513781257489816,0.3416636629420481,0.03475765782099952,0.43701311806256304,0.008383903895393192,0.024560949132451586
603029,0.0012390037079441688,0.014192365091085617,0.32513781257489816,0.32513781257489816,0.3969321959229445,0.06885483208603999,0.6017961654894046,0.01132199265805892,0.021584604325566473
603027,-0.001422334035273219,-0.006745946321634333,0.30768155308780054,0.30768155308780054,0.2862950058072009,0.001687909793027661,0.3056104944500505,-0.005314785932506822,-0.0028002274772363426
603026,0.0012896139399600525,-0.00019188749389706768,0.32541743229208275,0.32541743229208275,0.3182346109175378,0.05527316003713651,0.5354187689202825,-0.0031837469106252543,0.0010775904671747171
603020,-0.003541288089481049,0.0055540291476357485,0.2948190460973077,0.2948190460973077,0.3474708638712003,0.022819657231495205,0.38623612512613525,0.005429200018250967,0.02256881494595902
603019,-0.0007934375155012897,0.00296079901730824,0.3119956858672206,0.3119956858672206,0.33421442588810124,0.03851731005222076,0.4549747729566095,-0.004419156696399041,0.002388564695388687
603016,0.003679243094334233,0.02864694270698754,0.34195494127985937,0.34195494127985937,0.4844006568144499,0.045771182138151935,0.4895862764883956,0.005825887654861531,0.011134705670706858
603012,0.0012390037079441688,-3.583747528997947e-05,0.32513781257489816,0.32513781257489816,0.31887540550282345,0.027490115167872857,0.4063370332996973,-0.00537968478337667,-0.00010283067465674829
603011,0.007481448963632157,0.005267352030567,0.36841895022769033,0.36841895022769033,0.34626937402378954,0.010982990453414875,0.33840565085771945,-0.012589450568977027,-0.009341233692271526
603009,0.0021293251699106,0.0025874809490993994,0.3309898537988336,0.3309898537988336,0.3321318434859225,0.01684758830065185,0.36201816347124116,-0.006943953339965471,-0.0029384429914374706
603007,0.0021293251699106,-0.001481771195460569,0.3309898537988336,0.3309898537988336,0.3113861187872963,0.002502594894230567,0.30827447023208876,-0.0040878017037949375,0.003925973174331122
603005,0.0017637350942085518,0.007102205743486615,0.32843333067028846,0.32843333067028846,0.3550002002483079,0.030359746150274303,0.4183249243188698,-0.005529202389499032,-0.005876798338763319
603002,0.0035916090456423657,0.0035096883815264593,0.34135575617160663,0.34135575617160663,0.3373583243221595,-0.0016387068372236886,0.2943693239152372,-0.007084218186329069,-0.004640937740804867
603001,0.0006492744380267937,0.0021042258726248833,0.32122313653431334,0.32122313653431334,0.32980896311426167,0.032737644137781324,0.42817356205852675,-0.0012763782126506145,0.0014720728564367566
603000,-0.0003817853567275158,0.0019433756658795895,0.3147319645282416,0.3147319645282416,0.328847771236333,0.01231399935016455,0.343874873864783,-0.008201616076757635,-0.0024007229665954605
601999,0.0010741298136522526,0.0012713344582394848,0.32423903491251893,0.32423903491251893,0.3256638231406944,-0.007795681479063572,0.2737840565085772,-0.005703303301053938,-0.000351479228673623
601998,-0.0006945143344845361,-0.006159461168070396,0.31271470799712386,0.31271470799712386,0.2889783331330851,0.007593577794845927,0.32573158425832494,-0.005187168973615909,0.0027979342968963814
601997,-0.0006945143344845361,-0.005611075686837009,0.31271470799712386,0.31271470799712386,0.2913012135047459,0.004726019071457647,0.31556004036326946,-0.005356296551367,0.0037209019927711
601996,0.0010959609467799984,0.0025357226337725763,0.32443876328193655,0.32443876328193655,0.3318114461932796,0.030701499016137508,0.419656912209889,0.002917783418592441,0.0144815977173425
601991,-0.0012792912741090483,-0.0032341650976385476,0.3086202764240633,0.3086202764240633,0.3029957146862109,-0.0025404670380200886,0.29122098890010095,-0.0069472731211351136,-0.0015521869628641906
601868,-0.0007934375155012897,-0.0049051697571320454,0.3119956858672206,0.3119956858672206,0.29452521126196485,-0.0036727726119833194,0.2873662966700302,-0.007287002256020917,-0.002835855521539561
601866,-0.001087222338069393,-0.0026203457718947435,0.31013821203163694,0.31013821203163694,0.3058392406584164,0.003646100615060767,0.3120484359233098,-0.010843752832273281,-0.001972935335906769
601865,0.00023992670762931138,-0.002328440693597102,0.31874650475353516,0.31874650475353516,0.30718090432135847,0.016839894656356946,0.36193743693239155,-0.005811698923005885,0.001743213375271835
601658,-0.0006945143344845361,-0.002923854407633204,0.31271470799712386,0.31271470799712386,0.30441747767231364,0.012533150314880982,0.3447023208879919,-0.0046794295249343145,0.003570645761508386
601636,-0.0004786128905436058,0.0009006978324221514,0.3140129423983382,0.3140129423983382,0.32378148904641757,0.011795300805800246,0.341715438950555,-0.006691625333655093,-0.0010384920045781014
601633,9.688394646514073e-05,-0.0036124699002886658,0.3178277542542143,0.3178277542542143,0.30101325643798305,0.0027915768099331076,0.3092431886982846,-0.007355952303674144,-0.0017305950670247281
601628,-0.0007934375155012897,-0.0024106312866151807,0.3119956858672206,0.3119956858672206,0.3068605070287156,0.011166259592596884,0.33917255297679116,-0.007462477285585779,0.002907319578029128
601619,-0.0007934375155012897,-0.005171760808936806,0.3119956858672206,0.3119956858672206,0.2931234731066522,0.00908253691774214,0.33103935418768915,-0.008444977779831041,-0.0007236367615732633
601618,-0.0007934375155012897,-0.00582090874442184,0.3119956858672206,0.3119956858672206,0.2903600464576074,-0.007813892202161228,0.27372351160444,-0.006881266963536826,-0.002368038359412925
601615,0.00227236793107477,0.003971853878469961,0.3321283055045139,0.3321283055045139,0.33958108053986946,0.03091665043553214,0.4205045408678103,-0.0003819401232031038,0.0017857077399001837
601611,-0.0012792912741090483,-0.0026314429187811804,0.3086202764240633,0.3086202764240633,0.30569906684288517,-0.0002435533035982202,0.2990514631685166,-0.009630177356408792,-0.006971686602981481
601609,0.009743497556880353,0.008064861797250697,0.38447711112886473,0.38447711112886473,0.3606672273619288,0.030890698524113462,0.4204439959636731,-0.006039598630928852,0.0036541061853602097
601608,-0.0007934375155012897,-0.00650124096806279,0.3119956858672206,0.3119956858672206,0.28733629700829033,0.00261752844941415,0.30877901109989914,-0.009343168213797527,-0.001020684311222237
601607,-0.0007934375155012897,-0.006918696355740223,0.3119956858672206,0.3119956858672206,0.2855741118987545,0.0022333196092529446,0.30746720484359236,-0.006826198602911281,-0.0005697457735245985
601606,0.0010959609467799984,0.022611253249658233,0.32443876328193655,0.32443876328193655,0.446213304497577,-0.009330731217976855,0.2696871846619576,-0.011745606306178083,-0.010812831806025415
601601,-0.0007934375155012897,-0.0013787293474386243,0.3119956858672206,0.3119956858672206,0.31192678921863115,0.008941337347962467,0.3306760847628658,-0.007813623813523836,0.0026900168607547426
601600,0.0014686110777469086,-0.00018006063445561858,0.3265958296716466,0.3265958296716466,0.3182546357483279,0.006401676437611063,0.32135216952573153,-0.0045844379520532386,0.0028173044048966276
601599,-0.0019157877592034247,0.00028791823135063474,0.30466565470959495,0.30466565470959495,0.3202771436581361,0.037818696786395906,0.4512411705348133,0.007699915695397609,0.012467219402882689
601595,1.1750001978803488e-05,-0.0037848053562934093,0.3174482703523208,0.3174482703523208,0.30001201489847407,-0.026036953817775103,0.22591321897073668,-0.020858737679402207,-0.02342334635917619
601579,0.0073384062024679855,0.0019380619172483838,0.36756011823919466,0.36756011823919466,0.328847771236333,-0.006073601490374014,0.27929364278506563,-0.017396411453970573,-0.01760821762030217
601577,-0.0006945143344845361,-0.0033284998091079967,0.31271470799712386,0.31271470799712386,0.302455044254876,0.0022013231747236976,0.30736629667003024,-0.0042627711040285335,0.0036240589995768
601568,-0.00498190946671762,-0.0036770753169349394,0.28651034592953584,0.28651034592953584,0.30067283431455005,0.006547525133992687,0.3219576185671039,-0.00756685452281706,0.0038172311332612323
601567,0.00023992670762931138,-0.0011758091056474477,0.31874650475353516,0.31874650475353516,0.31294805558893024,0.011388560777524434,0.3401009081735621,-0.0046562275386151306,0.0015788375574252462
601566,-0.0019157877592034247,-0.0006991515470252302,0.30466565470959495,0.30466565470959495,0.31555128359165363,0.00443925200736015,0.31481331987891015,-0.0015137588447251562,0.0039522728330788105
601555,-0.0007934375155012897,-0.004195703963588971,0.3119956858672206,0.3119956858672206,0.2981296808041972,-0.001330644311178318,0.2952371342078708,-0.005404590793316755,0.004491149903480252
601528,-0.004373250374058019,-0.005575371632003793,0.2897059998402173,0.2897059998402173,0.2914213624894869,0.008650835927853843,0.32946518668012104,-0.007823232133325636,0.004084241323738073
601519,0.000647183861735282,0.0012830503388718403,0.32122313653431334,0.32122313653431334,0.3256638231406944,0.013353888880614166,0.34785065590312814,-0.006730512447828028,-2.699893388189155e-05
601456,-0.0007934375155012897,-0.0022284650048699462,0.3119956858672206,0.3119956858672206,0.30762145059874246,0.01002297216124827,0.33473259334006056,-0.004969041764286942,0.0034087750446620763
601399,-0.0007934375155012897,-0.0028839795816745163,0.3119956858672206,0.3119956858672206,0.3045776763186351,0.005146023187578949,0.3171947527749748,-0.009194704801421833,-0.0007793648999727041
601398,-0.0006945143344845361,-0.004478183916092513,0.31271470799712386,0.31271470799712386,0.2967279426488846,0.00826272479355793,0.3282946518668012,-0.003732427184108783,0.003891438710066678
601665,-0.0006945143344845361,-0.0012296499663696757,0.31271470799712386,0.31271470799712386,0.3126877327886579,0.021668363008010314,0.3813925327951564,-0.006508558827983248,0.0026831241333684346
601666,-0.0025076076054123117,-0.0032326419409070906,0.3010505712231365,0.3010505712231365,0.3029957146862109,0.001029404552119779,0.3035116044399596,-0.008924452395707709,0.0013213821126027393
601668,-0.0007934375155012897,-0.005132027140026122,0.3119956858672206,0.3119956858672206,0.29338379590692454,0.0005825425841688101,0.3019576185671039,-0.008548765147841003,-0.0014029517658105148
601669,-0.0007934375155012897,-0.005407952079107412,0.3119956858672206,0.3119956858672206,0.292322479875045,-0.011871590777209432,0.26244197780020184,-0.009012081039010524,-0.002460810303484567
601860,-0.0006945143344845361,-0.005407233177217966,0.31271470799712386,0.31271470799712386,0.292322479875045,-0.003293503057312487,0.288678102926337,-0.0068980135939642265,0.002744004459912033
601858,0.0010741298136522526,0.006047837841954895,0.32423903491251893,0.32423903491251893,0.34979374424286114,0.035359742460907055,0.43997981836528754,-0.010222451715657136,-0.001663218886903025
601857,-0.003948228982648883,-0.004920838583951634,0.2922824958057042,0.2922824958057042,0.29440506227722374,-0.004458302684247155,0.2840766902119072,-0.006233016873071865,0.0031512488679130116
601838,-0.0006945143344845361,-0.0035330044853556382,0.31271470799712386,0.31271470799712386,0.3014137530537867,0.0024099496937499063,0.3079515640766902,-0.006680957019284693,0.0015043523569384643
601828,-0.003932222234386879,-0.0010777013180249292,0.29240233282735484,0.29240233282735484,0.31340862669710445,-0.012511567513091194,0.2608274470232089,-0.009389790766627682,-0.00040987852841007527
601825,-0.0006945143344845361,-0.005836506977969062,0.31271470799712386,0.31271470799712386,0.29031999679602705,0.0033071134312189355,0.3109384460141271,-0.0052014777831595775,0.004706399901520049
601818,-0.0006945143344845361,-0.0027867357140599442,0.31271470799712386,0.31271470799712386,0.30511834674996996,0.007631959487896226,0.32585267406659935,-0.005651551257174739,0.002925641460625141
601816,-0.000601368579461634,-0.001161682691904847,0.3133338659423185,0.3133338659423185,0.31296808041972046,0.003267341381884134,0.3108173562058527,-0.009905584659954702,0.002939016926103655
601808,-0.003948228982648883,-0.0044303947653165825,0.2922824958057042,0.2922824958057042,0.29712843926468824,0.013949164760975413,0.35025227043390517,-0.006900545545471563,0.00145460064585701
601800,-0.0012792912741090483,-0.006838584410152853,0.3086202764240633,0.3086202764240633,0.2858544595298169,-0.0063690075239816605,0.2782038345105954,-0.009347344116518752,-0.002208351959881178
601799,0.003536200333170063,0.009233898317920512,0.3408764080850044,0.3408764080850044,0.36775601746165243,0.017660294797733452,0.36565085771947525,-0.004228127769026296,0.0025073682968999407
601789,-0.0007934375155012897,-0.007372253011910568,0.3119956858672206,0.3119956858672206,0.2834314550042052,-0.0025823834139679907,0.29112008072653883,-0.008450783008556098,-0.0012154168340541593
601788,-0.0007934375155012897,-0.00625660289810342,0.3119956858672206,0.3119956858672206,0.2885778365172814,0.013854761463333736,0.3498284561049445,-0.005583388306720907,0.003995864639437431
603058,0.0010959609467799984,0.00803945832997342,0.32443876328193655,0.32443876328193655,0.3605671032079779,0.027011125484309652,0.4042583249243189,0.004387869828885141,0.012197444451655064
601778,-0.0007934375155012897,-0.0020271343959332258,0.3119956858672206,0.3119956858672206,0.3084825183227202,0.00773649451016049,0.3262563067608476,-0.006935444990852231,0.0005380626446814607
601766,-0.0007934375155012897,-0.00630612150219456,0.3119956858672206,0.3119956858672206,0.28829748888621887,0.010831712775012704,0.33773965691220986,-0.007937869788578276,-0.000668725869818761
601728,-0.0002687061292369071,-0.006730421606454116,0.31561076935367904,0.31561076935367904,0.28635508029957146,0.002090391762378715,0.3069828456104945,-0.004539261652923016,0.0009779967897829377
601727,0.00023992670762931138,0.000551474862782796,0.31874650475353516,0.31874650475353516,0.32171893147502906,0.003429796775162897,0.3113420787083754,-0.0033107132308634307,0.0021093280950411596
601717,-0.0007934375155012897,-0.0015168231653397291,0.3119956858672206,0.3119956858672206,0.31112579598702395,0.01944059000045171,0.3727346115035318,-0.010793509294866948,-0.0012170802405474495
601702,0.0014686110777469086,-0.0008815340577031719,0.3265958296716466,0.3265958296716466,0.31465016620609554,0.008546263663551396,0.3290615539858729,-0.004394702733711636,0.005336232237466447
601700,0.003679243094334233,0.004947185152324958,0.34195494127985937,0.34195494127985937,0.34466738756057513,0.015707663425192413,0.3571140262361251,-0.008963517921330664,-0.006893088961107866
601699,-0.0025076076054123117,3.2576537081821895e-05,0.3010505712231365,0.3010505712231365,0.3192358524570468,0.01909785621012541,0.37152371342078705,-0.0086729298875538,0.002680249405582491
601698,-0.00093648027666546,-0.002288336483739753,0.31103698969401616,0.31103698969401616,0.3073210781368897,0.013676959060689664,0.3492028254288597,-0.003520201576601118,0.0008794564003778111
601696,-0.0007934375155012897,-0.0015195112257631804,0.3119956858672206,0.3119956858672206,0.31112579598702395,0.007762939008089418,0.3262966700302724,-0.0069370528457360315,0.004492682377364509
601689,0.0011465711787958818,-0.002076846326075715,0.3246784373252377,0.3246784373252377,0.3082021706916577,0.027338876256883887,0.40550958627648837,-0.004467010393974589,0.0011494775611738115
601688,-0.0007934375155012897,-0.0025814532993298227,0.3119956858672206,0.3119956858672206,0.30601946413552805,0.008014778547281656,0.32718466195761853,-0.005058977456762909,0.003645568930348576
601678,0.0005041411005711116,0.0038230439599813305,0.3204841415674683,0.3204841415674683,0.33888021146221314,0.02494838794422657,0.39503531786074675,-0.009732683236769587,0.00035632696471214135
601677,0.0014686110777469086,-0.0008268944804592453,0.3265958296716466,0.3265958296716466,0.3149505386679483,0.014408695033448035,0.3520282542885974,-0.0037873106357098596,0.00447556321805283
601777,9.688394646514073e-05,-0.002755076734752992,0.3178277542542143,0.3178277542542143,0.30523849573471107,0.00897523768648836,0.3307769929364278,-0.007018995325778881,0.001080310566738495
603363,-0.00541927892801287,-0.002624445671267299,0.2839538228009907,0.2839538228009907,0.3058192158276263,-0.002883343599776832,0.2900908173562059,-0.017544115402019906,-0.0011894856644352357
603061,0.0035916090456423657,0.014269317709320939,0.34135575617160663,0.34135575617160663,0.3973927670311186,0.059157677276922005,0.5538446014127144,-0.004988240076188291,-0.0027790869523262596
603065,0.0067465863562590975,0.011515364507158381,0.3627666373731725,0.3627666373731725,0.3809123312908006,0.033501353000841894,0.4314429868819374,-0.009827370938949306,-0.0014286793470635157
603290,0.0012541567808241662,0.012004309544570907,0.32527762243349045,0.32527762243349045,0.38403620489406864,0.028601149447210972,0.4109182643794147,-0.0034466279006231384,-0.0003758272598774939
603288,-0.00093648027666546,-0.000856068685428676,0.31103698969401616,0.31103698969401616,0.31477031519083665,0.002750771005610044,0.3091826437941473,-0.005581211771288842,-0.002632930851505025
603286,0.003536200333170063,0.006767044485865026,0.3408764080850044,0.3408764080850044,0.3533781889543033,-0.004123411742516087,0.2856104944500505,-0.005310352026007173,-0.003892183634217971
603285,0.0005041411005711116,0.003117536927341501,0.3204841415674683,0.3204841415674683,0.33515559293523967,0.0024300486899029865,0.30805247225025223,-0.007732073393619779,-0.004065773281992443
603283,0.0012390037079441688,0.012490211839563115,0.32513781257489816,0.32513781257489816,0.38667948255837237,0.061146735072074944,0.564318869828456,-0.0033263726663245053,-0.0004030402434135301
603270,0.0012390037079441688,-0.008625003757220872,0.32513781257489816,0.32513781257489816,0.2778645520445352,-0.039545826114808856,0.19626639757820386,-0.018243278861024347,-0.02186412939399767
603269,0.0020936676795769585,0.010635997415513984,0.3307701525924742,0.3307701525924742,0.37640674436301014,0.018371286863734373,0.36869828456104947,-0.013989900783730294,-0.013048468425290866
603268,0.0004545799232809,0.014264869402349804,0.3201845490133418,0.3201845490133418,0.3973927670311186,0.05392243491972647,0.5284359233097882,-0.003876560168624002,-0.005008217109981934
603267,0.00011320695566528081,0.0009169505813366211,0.3178876727650396,0.3178876727650396,0.3238415635387881,0.03319431229418631,0.4300302724520686,-0.003241309659437126,7.339945340424509e-05
603262,0.0010959609467799984,0.009128405226286055,0.32443876328193655,0.32443876328193655,0.36721534703031755,0.09441994506672068,0.7229061553985873,0.010705374100458001,0.024082648297831834
603261,0.0010959609467799984,0.008057837632412586,0.32443876328193655,0.32443876328193655,0.3606672273619288,0.005944852846921263,0.31993945509586275,-0.000664320533925664,0.0029124546819596967
603260,-0.00093648027666546,-0.0053733427783979534,0.31103698969401616,0.31103698969401616,0.29248267852136645,0.0060355502725463065,0.320242179616549,-0.007244908627949261,0.002449351985335943
603259,0.0011109136884622408,0.002750883862081104,0.3245386274666454,0.3245386274666454,0.33319315951780204,0.03361824489704077,0.43188698284561045,-0.007974776131907188,-0.002412937377348051
603257,-0.0003329544171136655,0.0007757636381060056,0.31517136694096026,0.31517136694096026,0.3230405703071809,-0.012357499243243596,0.26113017154389506,-0.0009968911050596194,-0.0026787771214083363
603256,0.0071675851444334485,0.021501534950581366,0.3662019653271551,0.3662019653271551,0.43952501101365693,0.11291802268472904,0.7966902119071645,-0.00970911899880654,-0.0024108764766528797
603236,0.0017637350942085518,0.01039422064860618,0.32843333067028846,0.32843333067028846,0.3749849813769074,0.01145144408756151,0.3404036326942482,-0.003878820268402868,-0.0011521169382881088
603233,0.0002562497168294514,-0.004374584229826969,0.31882639610130226,0.31882639610130226,0.2973086627417998,-0.0008839430589848294,0.2966902119071645,-0.004223889349124296,0.001323219452379244
603230,-0.002971299376399907,0.002432165390567554,0.29827434688823196,0.29827434688823196,0.33137089991589574,0.02817922755837068,0.40908173562058525,0.009209303539423418,0.019810365205261953
603228,0.009834054301330355,0.01221638837670076,0.3851961332587681,0.3851961332587681,0.38517762024910884,0.010828834393931154,0.33771947527749746,-0.009068971229526707,-0.010251368110486457
603227,0.0005041411005711116,-6.60178979789238e-05,0.3204841415674683,0.3204841415674683,0.318815331010453,-0.0018960069154845456,0.29358224016145307,0.006545774550966552,0.01855447470432831
603226,0.0010959609467799984,0.016799672545400744,0.32443876328193655,0.32443876328193655,0.41133004926108374,0.022286734797057065,0.38397578203834515,0.0018905982008210573,0.009632801620963067
603225,0.0005041411005711116,0.0010865728139093668,0.3204841415674683,0.3204841415674683,0.32478273058592655,0.011271130832147752,0.3395761856710393,-0.006998666491278871,0.0032127832249916875
603223,-0.003017185918796697,0.002071441230659088,0.2980346728449309,0.2980346728449309,0.32968881412952056,0.017969273322451,0.36696266397578203,-0.006505023287503774,0.006158654936232232
603222,0.0012390037079441688,0.0018787394543887115,0.32513781257489816,0.32513781257489816,0.32866754775922147,0.01361097248444991,0.3489404641775984,-0.007675019297298876,-1.2057285294488646e-05
603221,0.0010959609467799984,0.007893055240604907,0.32443876328193655,0.32443876328193655,0.35960591133004927,0.013088334405726269,0.3468213925327952,-0.006088031708097411,-0.003960858724805837
603220,0.0007809811030938342,-0.00038988285493172283,0.32218183270751777,0.32218183270751777,0.3173134687011895,0.02621116079982732,0.40088799192734614,-0.0041752051812453525,0.000378602842989524
603217,0.0005041411005711116,0.008241099895868034,0.3204841415674683,0.3204841415674683,0.3617085185630181,0.03777168152940566,0.45101917255297674,-0.002697838199501123,0.004744707813705472
603296,0.0007809811030938342,0.004209826535748041,0.32218183270751777,0.32218183270751777,0.34068244623332933,0.0437607781108397,0.4808072653884965,-0.0024453758675801237,0.0006877926828039922
603216,0.0010959609467799984,-0.0007383201810665709,0.32443876328193655,0.32443876328193655,0.3153910849453322,0.013414704825447566,0.3481533804238143,-0.008577057079158578,-0.005282831707980585
603297,0.003170610257468015,0.007289700360603267,0.3382000479348086,0.3382000479348086,0.3559814169570267,0.029697356767339134,0.4154187689202825,-0.004234950543153957,-9.187783767502009e-05
603300,-0.0007934375155012897,-0.003434595262734912,0.3119956858672206,0.3119956858672206,0.301894348992751,0.018437870378056928,0.3688597376387487,-0.00640360150906636,0.00388658158753056
603358,0.003536200333170063,0.007618136706506501,0.3408764080850044,0.3408764080850044,0.35788377588209375,0.030368563019628314,0.4183451059535822,-0.006418050440244081,-0.003098133483259455
603355,0.0010959609467799984,0.00888479714685896,0.32443876328193655,0.32443876328193655,0.36575353438263447,0.01696973963815466,0.3624823410696266,-0.00118209512916708,0.01047025300881936
603353,-0.002978167570876873,0.004702645835936619,0.29827434688823196,0.29827434688823196,0.3432656494052625,0.002052526290102384,0.30686175580221997,-0.01617705963058177,-0.014910976528468248
603345,-0.00093648027666546,-0.004600469524618362,0.31103698969401616,0.31103698969401616,0.2961872722175498,0.004489508135081335,0.31495459132189707,-0.0053514488218264124,-0.001226729519252982
603341,0.0007809811030938342,-0.001286109248163186,0.32218183270751777,0.32218183270751777,0.31238736032680525,0.026178829138692405,0.4007063572149344,-0.003380381537428567,-0.0003753354476760664
603339,0.0012390037079441688,-4.855448754256792e-05,0.32513781257489816,0.32513781257489816,0.3188353558412431,0.025561376218364983,0.3978607467204843,-0.0002717614874965124,0.002556251618977485
603338,0.0002562497168294514,-0.0036116373856441937,0.31882639610130226,0.31882639610130226,0.30101325643798305,0.009453113745546696,0.3327144298688194,-0.005789229636837548,-0.002869713142800078
603336,-0.00541927892801287,-0.00028591200501647767,0.2839538228009907,0.2839538228009907,0.3177940646401538,-0.004409623295041882,0.284217961654894,-0.01602952421191104,0.0005279059316011021
603333,0.003679243094334233,0.005053090631799106,0.34195494127985937,0.34195494127985937,0.3452280828227001,0.023295785731439353,0.3880322906155399,-0.002882845019361806,0.00016973066006377655
603331,0.0001766238962707199,0.008303370076692778,0.31832707517775827,0.31832707517775827,0.3620489406864512,0.06902050567771596,0.6027447023208881,0.001857130050551468,0.014785351825633094
603330,0.0005041411005711116,0.007210025019652129,0.3204841415674683,0.3204841415674683,0.3556409948335937,0.025956329693329488,0.3997981836528759,-0.0152683858626101,-0.00752341973237987
603328,0.0007809811030938342,0.002402546703336089,0.32218183270751777,0.32218183270751777,0.3311906764387841,0.01368804039119636,0.34928355196770944,-0.010510701790765159,-0.01337962497007549
603327,0.003170610257468015,0.004654644781383435,0.3382000479348086,0.3382000479348086,0.3430253514357804,0.020625603687740933,0.37739656912209885,-0.0024634140495218724,0.0007608906129325888
603323,-0.0006945143344845361,-0.0029502908402600026,0.31271470799712386,0.31271470799712386,0.3042372541952021,-3.403322588884123e-05,0.299556004036327,-0.005269772256794921,0.0031064664404568607
603322,0.0017637350942085518,0.0009964329467746652,0.32843333067028846,0.32843333067028846,0.32434218430854256,0.017326498297646504,0.36413723511604434,-0.009155046530030651,-0.0060334381489042885
603321,0.006419069151958707,0.007490018723526311,0.36032995126627787,0.36032995126627787,0.35722295646601787,0.026476258891866177,0.4019172552976791,-0.0037182605014665546,0.007381654596805401
603320,0.004092054333163149,0.010861193532851242,0.34457138291922984,0.34457138291922984,0.37746806039488967,0.03895330563403564,0.4573360242179616,0.020582939921939294,0.03686861201521009
603319,0.003536200333170063,0.009052936208029692,0.3408764080850044,0.3408764080850044,0.3667948255837238,0.027243793675759572,0.40520686175580223,-0.006798765410966725,-0.0018268911350641413
603318,0.0012390037079441688,0.005485360254453215,0.32513781257489816,0.32513781257489816,0.3471304417477672,0.001880472253092399,0.3063975782038345,-0.006832436546785626,-0.0016752795962222753
603317,0.00011320695566528081,-0.006218308880445783,0.3178876727650396,0.3178876727650396,0.2886779606712323,0.006115576553800758,0.32052472250252273,-0.004510265696405601,-0.000821517116519347
603316,0.0017637350942085518,0.0010455855061812338,0.32843333067028846,0.32843333067028846,0.3245824822780248,0.022785373503674856,0.38615539858728554,-0.003236589820604901,-0.0013674140918406874
603313,0.0010959609467799984,-0.003797049665702912,0.32443876328193655,0.32443876328193655,0.2999519404061036,-0.000486064410381145,0.2981432896064581,-0.00760100325320422,-0.0035876745808444367
603311,0.0010959609467799984,0.007095153980764183,0.32443876328193655,0.32443876328193655,0.3549601505867276,0.010892263686703095,0.3380221997981836,-0.013092742666158067,-0.008875452152747964
603308,0.0012390037079441688,0.010547580010655528,0.32513781257489816,0.32513781257489816,0.37586607393167526,0.031531063883920386,0.42292633703329974,-0.006845123053378564,-0.0050355177298470714
603306,0.009778645588858052,0.013061342471674228,0.3849165135415834,0.3849165135415834,0.39006367896191274,0.06919865190129475,0.6039556004036327,-0.005243460489605479,3.980786778522246e-05
603305,9.688394646514073e-05,-0.005767259579786909,0.3178277542542143,0.3178277542542143,0.29066041891946015,0.011365298119986898,0.33991927346115036,-0.008096963393010833,-0.0009751485796060135
603301,-0.0007934375155012897,0.012538995449785708,0.3119956858672206,0.3119956858672206,0.3868396812046938,0.03539706108990908,0.44016145307769927,-0.004179415776608302,0.0020403332177351017
603298,0.0002562497168294514,-0.0060118999799788474,0.31882639610130226,0.31882639610130226,0.2896992270415315,0.0072797959053856505,0.32448032290615536,-0.004868038697632232,0.000649934191593594
603214,0.0010959609467799984,0.011882199157402143,0.32443876328193655,0.32443876328193655,0.38327526132404177,0.04574235791414286,0.48950554994954587,0.013417077353097146,0.024774392064383866
603212,0.0012896139399600525,-0.0008079840565844976,0.32541743229208275,0.32541743229208275,0.315030637991109,0.024998912377387165,0.3953582240161453,-0.00126497193898114,0.005079301211126226
603209,0.00044831865286910677,-0.0024467592657503932,0.3201845490133418,0.3201845490133418,0.30668028355160404,0.009947026117444057,0.3344904137235116,-0.012297059899252505,0.0008428846714191697
603122,0.0012390037079441688,0.0026691339172878513,0.32513781257489816,0.32513781257489816,0.3326725139172574,0.012043221695253264,0.34290615539858726,-0.013312186739435542,-0.009369546680814774
603120,-0.004011848054945611,0.004603165120809553,0.2918630662299273,0.2918630662299273,0.34274500380471784,-0.020971273254987096,0.23820383451059535,-0.00927064193053983,0.001572254410976749
603119,0.0021293251699106,0.004531236858224444,0.3309898537988336,0.3309898537988336,0.3422243582041732,0.016727643925057864,0.3614934409687185,-0.006927748249809798,-0.0021493274725411654
603118,0.0035916090456423657,0.010476108317346564,0.34135575617160663,0.34135575617160663,0.3754655773158717,0.035499232250532385,0.44058526740665993,-0.009559792768461021,-0.00875724306392472
603115,0.003170610257468015,0.008696988519931205,0.3382000479348086,0.3382000479348086,0.3645520445352237,0.04442769174683861,0.483874873864783,-0.009450889865721311,-0.01127280886811328
603113,0.0005041411005711116,-0.003575348170837803,0.3204841415674683,0.3204841415674683,0.3011934799150947,0.007239803172739635,0.32433905146316855,-0.0019938203683219718,0.00307446401422263
603112,0.0010959609467799984,-0.0002759667685460628,0.32443876328193655,0.32443876328193655,0.31787416396331447,0.004915133808102693,0.3161251261352169,-0.008064206443939799,0.0047698244110831135
603110,0.0005041411005711116,0.007054043672073624,0.3204841415674683,0.3204841415674683,0.35469982778645526,0.019387384472081104,0.3724924318869829,-0.010408218421384393,0.0026359355792227772
603108,0.0007294253945597833,-0.0005529421569957316,0.32178237596868264,0.32178237596868264,0.31635227682326084,0.01562783487557864,0.35681130171543896,-0.006988685175860589,0.001527973008273153
603106,0.000647183861735282,0.0029330921949718538,0.32122313653431334,0.32122313653431334,0.3341343265649406,0.01230695353499227,0.3438345105953582,-0.0038020992849217535,0.0012613890928976216
603105,0.0012390037079441688,0.00019337018470946696,0.32513781257489816,0.32513781257489816,0.3199166967039129,0.009495702678587572,0.3328557013118063,0.0028704182371129617,0.004415417730358364
603103,0.0010741298136522526,0.00496437750358634,0.32423903491251893,0.32423903491251893,0.34480756137610635,0.038605730709607065,0.45543895055499495,-0.004323060584858755,-0.0017681542246406035
603101,-0.004994602046060328,-0.007999449681260155,0.28649037309259406,0.28649037309259406,0.28088830149385235,-0.009396906101087565,0.2694046417759839,-0.0014741918429527028,0.003935164791712705
603099,-0.00035995422359977005,0.0009144214106608279,0.31491172006071744,0.31491172006071744,0.3238415635387881,0.018361412179670123,0.36863773965691216,-0.010580370331487001,0.004006135004990435
603095,0.0012390037079441688,0.0026451791269127578,0.32513781257489816,0.32513781257489816,0.3324522407785654,0.017559659602646008,0.3652875882946519,0.003612109300559256,0.009056589501471094
603093,0.0012390037079441688,0.001635355634975891,0.32513781257489816,0.32513781257489816,0.3272057351115383,0.006622693416253568,0.32224016145307766,-0.007795066313343271,0.0031504155107877456
603090,0.0012390037079441688,0.0034322187148951595,0.32513781257489816,0.32513781257489816,0.33695782770635585,0.021434333234646746,0.3806054490413724,-0.008435734964089912,-0.0033102468625762728
603087,0.0002562497168294514,0.0021018578321236312,0.31882639610130226,0.31882639610130226,0.32980896311426167,0.01996392016293406,0.3746316851664985,-0.005498045735138821,7.572631625587706e-05
603086,0.0005041411005711116,0.0018544333408568494,0.3204841415674683,0.3204841415674683,0.3285674236052706,0.017379430046592863,0.3643390514631685,-0.0009924735726266633,0.01289474335906043
603083,0.009834054301330355,0.03663514480635855,0.3851961332587681,0.3851961332587681,0.5367455644999799,0.09470724365983255,0.7240161453077699,-0.005216327037114149,-0.004581657300010652
603082,0.0012390037079441688,0.00992544593062272,0.32513781257489816,0.32513781257489816,0.3720213064199608,0.004242651168549195,0.31412714429868815,-0.008063456416215004,-0.0066004825855471095
603078,0.003170610257468015,0.02027023303301409,0.3382000479348086,0.3382000479348086,0.43193560014417876,0.038679658000788424,0.4558627648839556,-0.002413090930576576,-0.0015526291896709873
603077,-0.0004786128905436058,-0.0029707757452326145,0.3140129423983382,0.3140129423983382,0.30417717970283153,-0.0019796249325416465,0.29331987891019173,-0.01270349440191978,-0.00644271291689534
603075,0.0010959609467799984,0.0018400917814276095,0.32443876328193655,0.32443876328193655,0.3285073491129,0.026794386274312288,0.40314833501513625,0.004559652889685178,0.022653585150795415
603068,0.003170610257468015,0.005422427171764683,0.3382000479348086,0.3382000479348086,0.3468901437782851,0.01389527837474249,0.34996972754793143,-0.0038891908071082147,-0.0008278952018933397
603067,0.0067465863562590975,0.014868374471934148,0.3627666373731725,0.3627666373731725,0.4010172614041412,0.06015354072124404,0.5592532795156407,-0.007529035343526421,0.004672794566648602
603066,0.007673517899671811,0.006637932395677983,0.3697171846289047,0.3697171846289047,0.3525972205534863,0.03222149797020296,0.4256104944500505,0.0083564757203958,0.0213399356528381
603123,0.0010959609467799984,-0.011283264657650248,0.32443876328193655,0.32443876328193655,0.2658296287396371,-0.006725321293832989,0.27715438950554994,-0.018582988520074926,-0.014166445167653393
603124,0.01007501896407033,0.007085669331645649,0.38719341695294396,0.38719341695294396,0.35494012575593736,0.04526080923437286,0.487648839556004,-0.012663375085470788,-0.0012612897893780188
603125,-0.004050866402865434,0.005079616284782816,0.2915834465127427,0.2915834465127427,0.345328206976651,0.04137084831556702,0.4689001009081736,-0.008617128673869498,0.0038817887130519024
603127,0.0012390037079441688,0.015443531176308905,0.32513781257489816,0.32513781257489816,0.4040009611918779,0.03476638792493039,0.43707366296670025,-0.006255121624298979,0.0011707342263982663
603207,0.0012390037079441688,-0.0022123224355017485,0.32513781257489816,0.32513781257489816,0.30770154992190313,0.0031325432739603715,0.31035317860746725,0.005105076953052838,0.011822886452749613
603203,0.0012390037079441688,0.010836946803804303,0.32513781257489816,0.32513781257489816,0.37742801073330934,0.03658361079639957,0.44605449041372347,-0.0045789657785099604,0.001309563339675217
603200,-0.0025076076054123117,0.008118357705663245,0.3010505712231365,0.3010505712231365,0.361027674316152,-0.010121066565890348,0.2673259334006054,-0.009616577070300988,0.002134681398405781
603198,0.0005863826333956127,-0.003693731171373904,0.3208436526324199,0.3208436526324199,0.3006327846529697,0.00826765234906283,0.3282946518668012,-0.005989749133281251,-0.0034821931182113714
603195,-0.00093648027666546,-0.002247703513270469,0.31103698969401616,0.31103698969401616,0.30750130161400135,0.005586797970446323,0.3186881937436933,-0.006313035833174835,-0.0012440897513689248
603191,0.0012099881194013208,-0.0019108546443292343,0.32499800271630586,0.32499800271630586,0.30908326324642554,-0.004953137707459447,0.2826236125126135,-0.004564157118691664,-0.0004827137360309551
603186,0.009834054301330355,0.016456445057814656,0.3851961332587681,0.3851961332587681,0.4093275661820658,0.0831997323630082,0.6713420787083754,-0.018859188966376565,-0.022637624451807097
603181,-0.003541288089481049,-0.007432835177755363,0.2948190460973077,0.2948190460973077,0.2832312066963034,0.010771388900907819,0.3374571140262361,-0.005474325222252146,0.005429992126795108
603179,0.003536200333170063,0.015913982897639792,0.3408764080850044,0.3408764080850044,0.40654411470223073,0.052560070307826556,0.5218365287588295,-0.004042738121794497,0.0002615828187098611
603178,0.0011465711787958818,-0.0028924303940159432,0.3246784373252377,0.3246784373252377,0.30453762665705475,0.015553865460749916,0.3564883955600404,-0.008087339657969863,-0.002209127476355545
603175,0.0007013552825351026,0.000449605245254672,0.3215227290884397,0.3215227290884397,0.3210981617205335,0.026834396619034518,0.4034106962663976,-0.007386107692475652,-0.0017882219022105784
603171,0.000647183861735282,0.011734794220569986,0.32122313653431334,0.32122313653431334,0.3822740197845328,0.026895939678771894,0.4037537840565085,-0.006390512516570873,-0.0011134556275870173
603166,0.0028324801190122693,-0.0014809977333012266,0.33588319884956463,0.33588319884956463,0.3113861187872963,0.023040343777682572,0.38702320887991926,-0.0013771747417548926,6.0806442889655695e-05
603063,0.003679243094334233,0.010710476109285987,0.34195494127985937,0.34195494127985937,0.376727141655653,0.06502081636780016,0.5829667003027246,-0.0015326752163662828,0.002172846906005506
603163,0.0012390037079441688,0.006179415666370969,0.32513781257489816,0.32513781257489816,0.35025431535103524,0.003787188767745292,0.31253279515640764,-0.014244116730402724,-0.012896135937175065
603161,0.003536200333170063,0.006907107777171405,0.3408764080850044,0.3408764080850044,0.3539589090472186,0.028380382476312423,0.4099697275479314,0.0027116813560728176,0.009116517517452937
603160,0.0007809811030938342,-0.0031731284895904744,0.32218183270751777,0.32218183270751777,0.3033161119788538,0.017300798832964197,0.36407669021190714,-0.0037291970025184807,-0.0017915751307627675
603158,0.0028324801190122693,-0.0011178563912951141,0.33588319884956463,0.33588319884956463,0.31316832872762224,0.014989121773514394,0.3543289606458123,-0.00592430372014084,8.97729629385348e-05
603156,0.0010959609467799984,0.005733617069413727,0.32443876328193655,0.32443876328193655,0.3483719812567584,0.012879238885340006,0.3462563067608476,-0.005651243937052787,-0.0008196084552303391
603155,0.0005041411005711116,0.003965042586206294,0.3204841415674683,0.3204841415674683,0.33958108053986946,0.05008167883323786,0.5101715438950555,-0.005103297721513628,0.0026769708428469666
603151,-0.00541927892801287,-0.006427033702799378,0.2839538228009907,0.2839538228009907,0.2876566943009331,0.008436586953994183,0.32877901109989904,-0.006780603348094318,0.012463812486300605
603150,3.358113510654923e-05,0.018063639555343174,0.31756810737397145,0.31756810737397145,0.41905963394609314,0.019866014490965714,0.3742280524722502,-0.009146911162743751,-0.00262051535378877
603139,0.0012390037079441688,0.00865974299510237,0.32513781257489816,0.32513781257489816,0.3644118707196924,-0.008162287950869922,0.2726740665993945,-0.005709360534553775,-0.0014006495744498786
603138,0.000647183861735282,0.004768601141474368,0.32122313653431334,0.32122313653431334,0.34368617085185627,0.041928682165631344,0.47154389505549954,-0.006361966983888699,-0.0021936896160776884
603137,0.0012390037079441688,0.009953293477053374,0.32513781257489816,0.32513781257489816,0.37220152989707234,0.039961869011288904,0.46197780020181634,-0.0030823956154975786,0.0032423759005238404
603132,0.00490792746445183,0.009310799710041968,0.3500039945673884,0.3500039945673884,0.36823661340061675,0.017757969197075018,0.3660746720484359,-0.007544620366616477,0.0020531664834505066
603129,9.688394646514073e-05,0.0012511507263959067,0.3178277542542143,0.3178277542542143,0.32548359966358287,0.016293424364309018,0.35979818365287586,-0.007712464160554319,-0.0017021405837241814
603128,0.00044831865286910677,-0.0017563181327336606,0.3201845490133418,0.3201845490133418,0.3099243061396131,0.012875535417047604,0.3462563067608476,-0.012956745239522635,-0.004524971424462252
603162,0.0007896916204847265,-0.0034453884951807894,0.3222217783814013,0.3222217783814013,0.30179422483880014,0.01901244214558526,0.3712209889001009,-0.030817034207243185,-0.03167834818967613
600127,-0.0064816587396863195,-0.02817107282717988,0.2777622433490453,0.2777622433490453,0.20267131242741,0.015720612240263568,0.3572149344096872,-0.030298617409959473,-0.02335884631714545
600126,0.00011320695566528081,-0.0035272137333923915,0.3178876727650396,0.3178876727650396,0.3014337778845769,0.0002588575671022047,0.30072653884964684,-0.006876153426135414,-0.0005107647871970712
600123,-0.0034903615965270296,-0.004184877386602566,0.2951585843253176,0.2951585843253176,0.29816973046577755,0.004779251372532601,0.31572149344096867,-0.011163446345711293,-0.0010661230138393723
002015,0.0012390037079441688,0.004531765319241495,0.32513781257489816,0.32513781257489816,0.3422443830349634,0.02724003523789312,0.4051866801210898,-0.00807677926884404,-0.004349834823882818
002011,-0.0009491728560081681,-0.00141897296095232,0.3109970440201326,0.3109970440201326,0.3116664664183587,-0.012625844396353498,0.26040363269424827,-0.020776436372510403,-0.016902098738575223
002009,-0.0007934375155012897,-0.002824843680595594,0.3119956858672206,0.3119956858672206,0.3049180984420682,0.04217553759983835,0.4726740665993946,-0.006484789161664601,0.002640067276447076
002008,0.0012390037079441688,0.018016821663446664,0.32513781257489816,0.32513781257489816,0.4187792863150306,0.08516985656183124,0.6804036326942482,-0.004381421242463674,-0.0023945204684514294
002007,-0.0007934375155012897,-0.0033822285791231003,0.3119956858672206,0.3119956858672206,0.3021947214546037,-0.0018413144217691517,0.2938042381432896,-0.00739804661565911,-0.0011264514632537454
002006,0.0002562497168294514,-0.002440230780854281,0.31882639610130226,0.31882639610130226,0.3067403580439745,0.012531671706176292,0.3447023208879919,-0.0013870925200843982,0.0038277970049638167
002004,-0.0007934375155012897,-0.007695325399849219,0.3119956858672206,0.3119956858672206,0.28200969201810244,0.006728724541209615,0.3226639757820383,-0.008954764920958798,-0.001380966912670349
002003,-0.002898541750318142,-0.0034041685089422203,0.29877366781177594,0.29877366781177594,0.3019944731467019,-0.0029828766177141842,0.28976791120080725,-0.004894171976184222,-0.0028278630399669966
002001,-0.00093648027666546,-0.007301057547145948,0.31103698969401616,0.31103698969401616,0.28385197645079896,0.000413405686836915,0.30137235116044403,-0.0074436060855466325,0.0026613403750501154
001979,0.0010741298136522526,0.005027383826786747,0.32423903491251893,0.32423903491251893,0.34514798349953946,0.005896350060189833,0.319757820383451,-0.004597026010814084,-0.0025349616479592354
001965,-0.000601368579461634,-0.0057310389144579095,0.3133338659423185,0.3133338659423185,0.2908206175657816,0.010262107177433302,0.3355600403632695,-0.007776928201085886,0.002800943496070603
001896,-0.0002169114624355995,0.0052423501537050875,0.3158304705600383,0.3158304705600383,0.3461292002082582,0.037378963114758086,0.44900100908173557,-0.0032564527258174105,0.0009426445266024036
001696,0.0012390037079441688,0.000922692147287431,0.32513781257489816,0.32513781257489816,0.3239016380311587,0.008213201791517882,0.32809283551967705,-0.009027097878141592,-0.001953902377662754
001400,0.0012390037079441688,0.007113594255855978,0.32513781257489816,0.32513781257489816,0.35506027474067847,0.03267773013795584,0.427891019172553,-0.00528279466333288,-0.0008125364496862894
001389,0.009834054301330355,0.02633455907047194,0.3851961332587681,0.3851961332587681,0.46944210821418564,0.05512319176438262,0.5346316851664985,-0.004701834078746152,-0.0017834518800378593
001388,0.009217968135864427,-0.0001533234436941323,0.38082208196852285,0.38082208196852285,0.3183547599022788,0.027884274170381983,0.4079717457114026,0.005343751093897641,0.009767959260016572
001376,-0.0008061300948439974,-0.0021838807252093735,0.31195574019333705,0.31195574019333705,0.30786174856822457,-0.0032484127746027157,0.28898082744702325,-0.0069244090762978815,-0.00253691699058828
001368,3.358113510654923e-05,0.0013296627366510994,0.31756810737397145,0.31756810737397145,0.32592414594096675,0.007219480473835738,0.32431886982845615,0.002770846653653442,0.011587385367891915
001366,-0.00541927892801287,-0.026253821810889567,0.2839538228009907,0.2839538228009907,0.2085986623413032,-0.0036742393884669866,0.2873461150353178,-0.009086539811833555,0.0036279638579173076
001360,0.0012390037079441688,0.003479760446320113,0.32513781257489816,0.32513781257489816,0.3372181505066282,0.051796640753165785,0.5179818365287588,0.0005567678414254638,0.004526838248628068
001359,0.0005041411005711116,0.01692691556901481,0.3204841415674683,0.3204841415674683,0.4119908686771597,0.041204714057235706,0.46807265388496466,-0.004872270725449975,0.002075317551076997
001339,0.000647183861735282,0.015054185562358716,0.32122313653431334,0.32122313653431334,0.40179822980495816,0.04570772159418093,0.48932391523713425,-0.004121366828423033,0.0016170258496438588
001338,-0.00541927892801287,-0.004371614298551287,0.2839538228009907,0.2839538228009907,0.2973086627417998,-0.0023994882502603627,0.2917457114026236,-0.012760001919501324,-0.00103256366503765
001337,0.00490792746445183,0.015209523381369239,0.3500039945673884,0.3500039945673884,0.40255917337498504,0.025036960253121413,0.3955196770938446,-0.00792776717618306,0.0031643526021200435
001331,0.0012390037079441688,0.009651239583229158,0.32513781257489816,0.32513781257489816,0.3704393447875366,0.029454357069797963,0.4146316851664985,-0.00531597808152383,0.0011464296486559482
001330,0.0010741298136522526,-0.004084701707060771,0.32423903491251893,0.32423903491251893,0.29863030157395165,-0.00032580583324028263,0.2988092835519677,-0.015404395303948566,-0.013431470919017249
001326,0.0010959609467799984,0.01637607763479509,0.32443876328193655,0.32443876328193655,0.4089270695662621,0.045066999439720125,0.4869424823410696,0.0012659923375862357,0.008891454740241538
002017,0.003170610257468015,0.003757672488088024,0.3382000479348086,0.3382000479348086,0.3384797148464096,0.012867730430837696,0.3462361251261352,-0.00661125597743275,-0.0028029872708810865
001324,0.0012390037079441688,0.005450616044145391,0.32513781257489816,0.32513781257489816,0.3470102927630262,0.07622998791015326,0.6384056508577195,0.0031769999447538643,0.016298194405922506
002020,0.0002562497168294514,-0.005709727852399994,0.31882639610130226,0.31882639610130226,0.2909207417197325,0.012810672314354538,0.3459939455095863,-0.007174035295054321,-0.0010357123580228868
002025,0.0010959609467799984,0.009717996602640827,0.32443876328193655,0.32443876328193655,0.3707797669109696,0.014494470662930274,0.35235116044399595,-0.003655147163378517,-0.002014201318965946
002057,-0.00093648027666546,-0.003963951818861297,0.31103698969401616,0.31103698969401616,0.2992510713284473,0.015940673510309263,0.35824419778002015,-0.009074572801717227,0.0030202844472916037
002056,0.0012896139399600525,0.00212741688201287,0.32541743229208275,0.32541743229208275,0.32988906243742244,0.018407184479674356,0.3688193743693239,-0.001756256297759337,0.0008298678120473236
002053,0.0012390037079441688,-0.002209879948046176,0.32513781257489816,0.32513781257489816,0.30772157475269335,0.02087216131407714,0.3783854692230071,0.0031470103490359724,0.005199330742879661
002051,-0.0012792912741090483,-0.003490881344762895,0.3086202764240633,0.3086202764240633,0.30159397653089837,0.005909687775136402,0.31981836528758834,-0.006727407679044081,-0.002078351949751084
002050,-0.00093648027666546,-0.0008664009350757647,0.31103698969401616,0.31103698969401616,0.3147102406984661,0.03193499243766734,0.42435923309788093,-0.006950551400801227,0.004709482934162333
002049,-0.003948228982648883,0.002083738638484498,0.2922824958057042,0.2922824958057042,0.329728863791101,0.010873130808462441,0.3379212916246216,-0.005555425563752833,0.0051507760487278275
002048,0.0011465711787958818,-0.0041508487044212535,0.3246784373252377,0.3246784373252377,0.29839000360446954,0.025577844736762046,0.39788092835519673,-0.006516391027260391,0.00017386273619175873
002047,0.0012390037079441688,-0.002724864490440654,0.32513781257489816,0.32513781257489816,0.30531859505787173,0.058930182086745976,0.5529162462159435,-0.006022565718423528,-0.001323110168185752
002046,0.0006102890797291584,0.004671139523178278,0.32108332667572104,0.32108332667572104,0.34310545075894106,0.012683373299414692,0.345489404641776,-0.015010862839010274,-0.01780863577631216
002045,0.002466890043310221,-0.005189175643741846,0.33328673004713594,0.33328673004713594,0.2930834234450719,0.003960391569883426,0.3130776992936428,-0.006171855735626046,-0.0034606081351879585
002044,-0.0007934375155012897,0.0009669641401544591,0.3119956858672206,0.3119956858672206,0.3241819856622211,0.00711361553317788,0.3240363269424823,-0.007979527570951396,0.001091475653295824
002043,0.0005041411005711116,-0.003591312283133024,0.3204841415674683,0.3204841415674683,0.30111338059193404,0.01472355428946652,0.35319878910191727,-0.008222662896423401,-0.003487522361810149
002042,-0.002898541750318142,-0.006240775806636688,0.29877366781177594,0.29877366781177594,0.28863791100965197,0.003278686750889613,0.3108577194752775,-0.00479004169537822,0.0009693628810710901
002041,-0.00541927892801287,0.0005193049617185015,0.2839538228009907,0.2839538228009907,0.32145860867475673,0.003310957432809622,0.3109586276488395,-0.01967712803251551,-0.006599966745752827
002040,0.0014310726439838244,-0.0011554730893862037,0.3262163457697531,0.3262163457697531,0.313028154912091,0.0036605239077947566,0.3120686175580222,-0.014809558536490528,-0.011377544883937751
002039,-0.0007934375155012897,-0.0022183316723814934,0.3119956858672206,0.3119956858672206,0.3076615002603228,0.013267209128940083,0.347648839556004,-0.005067365757046477,-2.8459992546594976e-05
002038,0.0012390037079441688,-0.0013587500141836514,0.32513781257489816,0.32513781257489816,0.3120068885417918,0.0034288170195601636,0.3113420787083754,-0.005399560512937274,0.0010727097331165478
002036,0.0017637350942085518,0.002720766862269364,0.32843333067028846,0.32843333067028846,0.3330129360406905,0.04936248360385551,0.5067608476286579,-0.00618811644924405,-0.0014415376060248981
002034,-0.003948228982648883,-0.005505979613893242,0.2922824958057042,0.2922824958057042,0.2918418839360808,0.01184320991516251,0.34199798183652874,-0.005230551234247728,0.005384957503562631
002033,-0.00093648027666546,-0.0019510372884396399,0.31103698969401616,0.31103698969401616,0.30898313909247466,0.014882054501386082,0.35386478304742686,-0.009621158713559907,0.001387331124101846
002032,-0.00093648027666546,-0.0002026625539393469,0.31103698969401616,0.31103698969401616,0.3182145860867476,0.014521555943371968,0.3525327951564077,-0.005707778532889016,0.003840125630360814
002031,0.0012390037079441688,-0.004611782463893951,0.32513781257489816,0.32513781257489816,0.2960671232328087,0.005765166055043229,0.3193541876892029,-0.008270693269710892,-0.0009794665119477728
002030,0.0012390037079441688,0.0006338837101519965,0.32513781257489816,0.32513781257489816,0.32207937842925227,0.009954092386433716,0.334510595358224,-0.003489862694333379,0.003253856093784135
002029,-0.0019157877592034247,-0.0007616163023365674,0.30466565470959495,0.30466565470959495,0.3152709359605911,0.02086183598784018,0.3783451059535823,-0.006329924630665222,-0.0008453872742303469
002028,0.003679243094334233,0.01378892664134841,0.34195494127985937,0.34195494127985937,0.3945492410589131,0.03022816733317761,0.41773965691220993,-0.0020982669819164697,0.0038743422581666094
002027,-0.0009583114097932058,-0.00012657790015122526,0.31091715267236564,0.31091715267236564,0.3184949337178101,0.009518436957683278,0.3328557013118063,-0.00662456087241526,-0.0023741645789055158
002026,0.0012390037079441688,-0.0007517753551195943,0.32513781257489816,0.32513781257489816,0.3153109856221715,0.01843682189498601,0.3688597376387487,0.0010293700456400587,0.00473699266033352
002023,0.00011320695566528081,-0.0037959293482808156,0.3178876727650396,0.3178876727650396,0.2999519404061036,0.010706546298189384,0.337255297679112,-0.006923537267670958,-0.0003803378986764275
001317,0.0014310726439838244,0.011566774898481964,0.3262163457697531,0.3262163457697531,0.38119267892186315,0.025762206123840503,0.3984863773965691,-0.01236034064239466,0.001436759708914349
001316,-0.002978167570876873,0.0005547793420221488,0.29827434688823196,0.29827434688823196,0.32173895630581917,-0.0071184477655665745,0.27574167507568115,-0.01396651007368813,-0.009923867545419685
001314,0.0017637350942085518,0.00301479833356116,0.32843333067028846,0.32843333067028846,0.3345147983499539,0.018644186832477205,0.3698082744702321,-0.0021334196342644852,0.003203450768746519
000993,0.0002562497168294514,-0.004310985991588308,0.31882639610130226,0.31882639610130226,0.29758901037286234,0.0021298634545581867,0.3071644803229061,-0.011552527321356493,-0.012980613107113603
000990,-0.0009517740698086568,0.00036825966009898726,0.3109371255093073,0.3109371255093073,0.32057751611998875,0.01563568877067181,0.35685166498486376,-0.007646629645937778,0.001829299668851705
000989,0.0002562497168294514,-0.005270420414317063,0.31882639610130226,0.31882639610130226,0.2927430013216389,0.006439498971112574,0.32153380423814326,-0.005958190063629625,-0.0006700434656228124
000988,0.007481448963632157,0.012344570123974228,0.36841895022769033,0.36841895022769033,0.38595858864992594,0.04706444552769525,0.4958022199798183,-0.004433872041535074,-0.004798324542366167
000987,-0.0007934375155012897,-0.0017133716832970804,0.3119956858672206,0.3119956858672206,0.3101646041090953,0.012975109283257326,0.3466195761856711,-0.006719482812311232,0.003917494986340442
000983,-0.003017185918796697,-9.140976897625927e-06,0.2980346728449309,0.2980346728449309,0.31897552965677445,0.010778479269661852,0.33751765893037333,-0.007989801383051382,0.002251921839190429
000981,0.0011465711787958818,-0.0014656935726403571,0.3246784373252377,0.3246784373252377,0.31150626777203727,0.04021242897264286,0.4631079717457114,-0.0055937165006884945,0.0020392147468761743
000980,0.009074925374700255,-0.0004204906253418393,0.379723575936726,0.379723575936726,0.3171332452240778,0.009992884701366828,0.33463168516649844,-0.01710924845365039,-0.019822929924505975
000978,0.006276026390794536,-0.0012799376380987907,0.3595909562994327,0.3595909562994327,0.31240738515759536,-0.04459048306925489,0.18647830474268412,-0.03785372535008907,-0.03572859306825394
000977,0.000647183861735282,0.012865011273478697,0.32122313653431334,0.32122313653431334,0.3887420401297609,0.027676808938595927,0.4070433905146317,-0.007780436066992058,-0.003826897276614772
000975,0.004204207250294037,0.009354591883558827,0.345390269233842,0.345390269233842,0.36847691137009897,0.018613289402777844,0.3696468213925328,-0.005683294319654511,0.001556322986310379
000973,0.0005041411005711116,0.0027359498232540375,0.3204841415674683,0.3204841415674683,0.3331330850254315,0.030116895300264783,0.4173360242179617,-0.009322129753009223,0.003247821235872931
000972,-0.0064816587396863195,-0.013431931119683074,0.2777622433490453,0.2777622433490453,0.2563779086066723,0.04374714104407644,0.4807467204843592,-0.022512115072435602,-0.013943840717136521
000970,0.0014686110777469086,0.0012087744090709036,0.3265958296716466,0.3265958296716466,0.3252833513556811,0.019324325605338543,0.37241170534813317,-0.005427419228028909,0.0048273740164741265
000969,0.0014686110777469086,0.00017308794198949627,0.3265958296716466,0.3265958296716466,0.31987664704233254,0.021544540673505846,0.3809081735620585,-0.004790238320930278,0.006243416204065371
000968,-0.0034903615965270296,-0.004782472103675684,0.2951585843253176,0.2951585843253176,0.2950658816932997,0.0007793126154647447,0.3026437941473259,-0.010313949174008203,0.0005358977858799626
000967,-0.0025076076054123117,0.003379379291233849,0.3010505712231365,0.3010505712231365,0.33673755456766385,0.016583496422661863,0.36102926337033303,-0.007671523593979505,0.0018930762241265258
000966,-0.0007934375155012897,-0.00277279650792627,0.3119956858672206,0.3119956858672206,0.30519844607313074,0.0035127020600210722,0.3115237134207871,-0.007403006072972618,-0.003040382774982539
000965,0.0010741298136522526,0.00487072929264388,0.32423903491251893,0.32423903491251893,0.34422684128319114,0.020360711066653336,0.376226034308779,0.0004131225296741126,-0.0016196058883681064
000963,-0.0007934375155012897,-0.006869148641534966,0.3119956858672206,0.3119956858672206,0.2857343105450759,0.0020983738146393423,0.3069828456104945,-0.00667266400180905,0.0008171365005416973
000962,0.00490792746445183,0.011172398169818793,0.3500039945673884,0.3500039945673884,0.3791901958428451,0.053856895489526775,0.5280726538849647,-0.008292628494804636,-0.0019214662344369667
000960,0.003501052301192367,0.008446999465728498,0.3408164895741791,0.3408164895741791,0.36303015739517,0.041262544884596554,0.4684359233097881,-0.004017376973070964,0.0058663236683131085
000957,9.688394646514073e-05,-0.007852400299498507,0.3178277542542143,0.3178277542542143,0.2815090712483479,0.005531879290508167,0.31864783047426837,-0.008698975343726151,-0.005128834014448502
000951,0.0011465711787958818,-0.007536265532694026,0.3246784373252377,0.3246784373252377,0.28273058592654887,0.009455859187180855,0.3327144298688194,-0.0054112878979171875,-0.001889207413399375
000950,-0.0002169114624355995,-0.003796619379861468,0.3158304705600383,0.3158304705600383,0.2999519404061036,0.009176521101854865,0.3315438950554995,-0.004014974351033858,0.0008019221364822595
000949,0.0005041411005711116,0.004789295474519041,0.3204841415674683,0.3204841415674683,0.3438063198365974,0.025165795904415752,0.3960443995963673,-0.007474874096962968,0.004933217053007993
000938,0.000647183861735282,0.0145132780803438,0.32122313653431334,0.32122313653431334,0.3990147783251231,0.05172036898022691,0.5176185671039355,-0.004687787252418816,0.0010075896194982133
000995,0.0010959609467799984,0.006910793588796911,0.32443876328193655,0.32443876328193655,0.3539589090472186,-0.013914116332909215,0.2568920282542886,0.001849772244671145,0.007956632482755549
000997,-0.0003355701293794355,0.0013478080681262295,0.3151513941040185,0.3151513941040185,0.3260042452641275,0.01985075540356224,0.3742078708375378,-0.003345778850385748,-0.001432162527992377
000998,-0.00541927892801287,-0.0072151181542712065,0.2839538228009907,0.2839538228009907,0.2843525972205535,0.010562753934010226,0.33677093844601413,-0.018376933595228656,-0.0036757308576608775
000999,-0.0012792912741090483,-0.0026997311183311425,0.3086202764240633,0.3086202764240633,0.30535864471945207,0.006737754364439559,0.32272452068617563,-0.007435329185029128,-0.0011086834574174555
001313,-0.00541927892801287,-0.0016783189589323112,0.2839538228009907,0.2839538228009907,0.31046497657094796,0.0084765383333403,0.32887991927346116,-0.013979700331590288,0.00423350854156747
001309,0.003170610257468015,0.017839187306055826,0.3382000479348086,0.3382000479348086,0.4178581440986824,0.08433427869880435,0.6762058526740666,-0.005032422299060354,-0.0025804072984670504
001301,0.0012896139399600525,0.0033838607199044588,0.32541743229208275,0.32541743229208275,0.3367575793984541,0.020245540463153158,0.37584258324924313,-0.0028221176153253166,-0.0009428801327724119
001299,0.0001766238962707199,0.0010800676102423604,0.31832707517775827,0.31832707517775827,0.3247026312627659,0.018115023980754597,0.3675882946518668,0.00202280871395366,0.012738878626052975
001298,0.0007809811030938342,-0.0028786047016432534,0.32218183270751777,0.32218183270751777,0.3045977011494253,0.016863745042114957,0.3621190716448033,-0.0030763944879508816,0.0014355501777586625
001296,0.0005041411005711116,0.0007876538028444302,0.3204841415674683,0.3204841415674683,0.3231406944611318,0.028781391466977772,0.411664984863774,0.0029342312906364713,0.015020164063001086
001288,0.0012390037079441688,0.008826451932892207,0.32513781257489816,0.32513781257489816,0.3653129881052505,0.005275076193042261,0.31767911200807264,-0.004091832004615833,-0.00042858278134568064
001287,0.0007809811030938342,-0.0012372771443685112,0.32218183270751777,0.32218183270751777,0.31262765829628736,0.01977085836699304,0.3738849646821393,-0.0029608713051770055,0.0009131935189027996
001286,-0.0007934375155012897,-0.005078337997834654,0.3119956858672206,0.3119956858672206,0.29360406904561653,0.007781887975739947,0.3263370332996973,-0.0095163017001547,-0.0007539127185142377
001283,0.00022723412828660339,0.0003829405493918791,0.31868658624270996,0.31868658624270996,0.3206576154431495,-0.004402712751356795,0.2842583249243189,-0.002186768020050582,-0.0011660037111539665
001280,-0.0034903615965270296,-0.003054631692861518,0.2951585843253176,0.2951585843253176,0.303676558933077,0.019735519710646448,0.37372351160443995,-0.010460967117115172,-0.001602784429932085
001278,0.002473820521496613,0.009279553118488547,0.3333067028840776,0.3333067028840776,0.36801634026192476,0.054162605218868905,0.5297477295660948,0.01189627821566581,0.025554804558019582
001270,0.0010959609467799984,0.012457900869964515,0.32443876328193655,0.32443876328193655,0.3864792342504706,0.03176526115433499,0.42377396569122094,-0.0023870259304847154,0.001588065133895527
002059,-0.0029494682432721613,-0.010376355664020199,0.2983941839098826,0.2983941839098826,0.26993471905162403,0.009433162191300635,0.3326538849646822,-0.027081700176148676,-0.019713172749639043
001268,0.0010959609467799984,0.011027799025704044,0.32443876328193655,0.32443876328193655,0.37822900396491654,0.021719384649890563,0.3815741675075681,0.0022113348058663217,0.01581899805800927
001258,0.0012390037079441688,0.007578504697764634,0.32513781257489816,0.32513781257489816,0.3577235772357723,0.019017192639983884,0.3712613521695257,-0.008291420877736703,-0.0020635636529537293
001236,0.0002562497168294514,-0.0004591833000796083,0.31882639610130226,0.31882639610130226,0.3169129720853858,0.008175893003413837,0.32799192734611504,-0.005170196368242324,0.007481803230011855
001231,0.0005041411005711116,0.006994263375455433,0.3204841415674683,0.3204841415674683,0.35435940566302215,0.03230836888923784,0.42601412714429865,0.010641110603676144,0.027504827415392837
001229,0.000647183861735282,0.011244741761444693,0.32122313653431334,0.32122313653431334,0.3795506427970684,0.015400696207026101,0.35592330978809283,-0.004554277039133202,-0.0026878112423161698
001227,-0.0006945143344845361,-0.002969413601001321,0.31271470799712386,0.31271470799712386,0.30419720453362165,-0.012024148039544134,0.2620181634712412,-0.006257934438196355,0.0029801387705933957
001223,0.0012390037079441688,0.007843447027543032,0.32513781257489816,0.32513781257489816,0.35922543954503583,0.007074658857351594,0.32381432896064577,0.010135185736001483,0.01845536280135392
001222,0.0010959609467799984,0.002779832619070561,0.32443876328193655,0.32443876328193655,0.33341343265649404,0.014930084581332046,0.3540867810292634,0.008349339144449727,0.01908516345322173
001221,0.0010959609467799984,0.004565658289480726,0.32443876328193655,0.32443876328193655,0.34242460651207496,0.02142412490498251,0.38052472250252267,-0.0046387257561015085,-0.0015699751867812
001210,0.0012390037079441688,0.011214194054146528,0.32513781257489816,0.32513781257489816,0.3793503944891665,0.0328844975353328,0.428678102926337,-0.006998698488401052,-0.004251951396630074
001208,0.0012896139399600525,-0.0018844432963348627,0.32541743229208275,0.32541743229208275,0.3092234370619569,0.006762188593253685,0.32276488395560043,-0.002838415046819399,0.002678800821032553
001205,-0.004538088299225839,0.0008982923187137572,0.2887872493408964,0.2887872493408964,0.32376146421562735,0.011248497355776934,0.3394954591321897,0.0003122440106538434,0.012608597770017344
001203,0.0010959609467799984,0.008925289861655562,0.32443876328193655,0.32443876328193655,0.36607393167527735,0.024625042156935274,0.3938042381432896,-0.006715290994683936,0.00033218883310926725
001201,-0.005006467689183954,-0.006374652497805052,0.28637053607094354,0.28637053607094354,0.28801714125515643,-0.009118858506598305,0.2701715438950555,-0.02087630996231966,-0.0038592219901108743
001267,0.009413055513156004,0.014617397460418026,0.38235999041303825,0.38235999041303825,0.3996755977411991,0.06666935197373111,0.590635721493441,-0.004432896845314881,-0.003234402750983415
000937,-0.0034903615965270296,-0.005261317151669316,0.2951585843253176,0.2951585843253176,0.29282310064479955,0.002809217620134192,0.3092835519677094,-0.008717924278309933,0.0021566785189480334
002061,0.0012390037079441688,-0.0011160686241421984,0.32513781257489816,0.32513781257489816,0.31318835355841246,0.0041668844114323735,0.3138446014127144,0.00025278122470632597,0.01046770269072789
002063,-0.0007934375155012897,-3.462893422487955e-05,0.3119956858672206,0.3119956858672206,0.31887540550282345,0.009224999351885648,0.33172552976791125,-0.006552368482854956,0.0012347695031422403
002202,0.00023992670762931138,-0.00020679061380151283,0.31874650475353516,0.31874650475353516,0.3182145860867476,0.023034117279666155,0.38700302724520685,-0.0034494358914356365,-0.00014022780706834663
002201,0.0005041411005711116,-0.0016430003396110538,0.3204841415674683,0.3204841415674683,0.3106251752172694,0.010353906904512891,0.3359434914228052,-0.012148416063516219,-0.006105127633568486
002197,-0.0003355701293794355,0.0007368189096991604,0.3151513941040185,0.3151513941040185,0.32262004886058715,0.020493024464319793,0.3769727547931383,-0.005472937877255563,0.0002753927129011583
002196,0.0012896139399600525,-0.0007217903990483136,0.32541743229208275,0.32541743229208275,0.31547118426849297,0.010135457701739247,0.3351564076690212,-0.00529676525460162,-0.00018929134031927644
002195,-0.0007934375155012897,0.0009027165118570333,0.3119956858672206,0.3119956858672206,0.3238215387079979,0.012429758606508315,0.34427850655903125,-0.005551120689072594,0.0026099490593543733
002194,-0.00028139870857961494,0.00227395982432347,0.3155508508428537,0.3155508508428537,0.3306500060074492,0.0031196434478896694,0.31035317860746725,-0.011715050174384442,-0.01033625501363183
002192,0.00490792746445183,0.013279031237538324,0.3500039945673884,0.3500039945673884,0.3917257399174977,0.037274327025444746,0.4485973763874874,-0.0058226136478536404,0.0045462293043028075
002190,0.001619746856526214,-0.0010703804137548855,0.32745466166014225,0.32745466166014225,0.31342865152789456,0.014847978726945493,0.35372351160443993,-0.0083713601081025,-0.0018976498952777098
002187,-0.004011848054945611,-0.0012152215070902743,0.2918630662299273,0.2918630662299273,0.3127878569426088,0.020010463452075387,0.374853683148335,0.0009145588244439604,0.006717702028826092
002185,0.0012541567808241662,0.007080211047197223,0.32527762243349045,0.32527762243349045,0.35492010092514714,0.0597659140390672,0.5570938446014126,-0.002691005917164328,-0.0022412952286137927
002183,-0.00498190946671762,-0.004618554616864983,0.28651034592953584,0.28651034592953584,0.29602707357122837,0.009105081769270641,0.33114026236125127,-0.01093400096391657,-0.001379693594028708
002182,0.0025182983100776497,-0.0008771202818254054,0.33356634976432054,0.33356634976432054,0.31465016620609554,0.02188651061279039,0.3821190716448032,-0.006548736080288568,0.006233492920863262
002181,0.0010741298136522526,0.0044775856059070165,0.32423903491251893,0.32423903491251893,0.34196403540390086,0.006061813648805958,0.3203027245206862,-0.014477059424752862,-0.007361442095680254
002180,-0.0003355701293794355,0.0020927567287365246,0.3151513941040185,0.3151513941040185,0.329728863791101,0.02957827203378627,0.41503531786074677,-0.0039282436403398355,0.00221132515393721
002179,-0.00093648027666546,-0.0014901482613616658,0.31103698969401616,0.31103698969401616,0.3113060194641355,0.01922002073482611,0.3719677093844601,-0.0031623246500522115,-0.0005990894906157358
002177,-0.0029494682432721613,-0.0021970139059472966,0.2983941839098826,0.2983941839098826,0.3077816492450639,0.0031894722572803416,0.31055499495459127,-0.00699345564203576,-0.001347377652001578
002176,0.00227236793107477,-0.001540557087693872,0.3321283055045139,0.3321283055045139,0.31102567183307306,0.016664217542357945,0.36117053481331984,-0.00460306743693926,-0.0001783753793506947
002174,9.137582253753507e-05,0.0017349659929998995,0.3178277542542143,0.3178277542542143,0.32784652969682404,0.024961763105767903,0.39507568113017155,-0.006884421398828259,-0.001095149458219602
002173,0.0012390037079441688,0.00018105949789780362,0.32513781257489816,0.32513781257489816,0.31989667187312265,0.02537207609815259,0.3969929364278506,-0.00689313756453309,0.001012907921134888
002172,0.007481448963632157,-0.010940270763423472,0.36841895022769033,0.36841895022769033,0.2672714165565301,-0.046259943325639596,0.1833097880928355,-0.027216715376915092,-0.023131943441987202
002171,0.0025182983100776497,-0.00031038304759044456,0.33356634976432054,0.33356634976432054,0.3176939404862029,0.008922104881334674,0.330635721493441,-0.010440133007679308,-0.002728795584274977
002170,-0.00093648027666546,-0.0053209993365537,0.31103698969401616,0.31103698969401616,0.29258280267531744,0.009988194621855592,0.33459132189707363,-0.008009035509629411,0.00232341412027243
002169,0.0012896139399600525,0.003220787739177809,0.32541743229208275,0.32541743229208275,0.3357563378589451,0.033053503992651945,0.42952573158425833,-0.0019407724740273578,-0.0006482017327034917
002167,0.00490792746445183,0.010044614487432857,0.3500039945673884,0.3500039945673884,0.3728623493131483,0.03204341623374075,0.4249243188698285,-0.006617219241041387,0.004685388309175473
002166,-0.0004786128905436058,-0.0019386806515341894,0.3140129423983382,0.3140129423983382,0.309023188754055,0.01207354738054012,0.342986881937437,-0.005613627226490833,0.0010798793507780903
002165,0.0005041411005711116,0.001441770619698111,0.3204841415674683,0.3204841415674683,0.32640474187993107,0.01684011371608788,0.36193743693239155,-0.013634953663194671,-0.004803401978988998
002163,0.0002562497168294514,-0.00220218646824771,0.31882639610130226,0.31882639610130226,0.3077816492450639,0.010893994247244132,0.3380221997981836,-0.00834677075307792,-0.0012341037216734034
002203,0.003501052301192367,0.007414399349055164,0.3408164895741791,0.3408164895741791,0.3567023108654732,0.03417208542573951,0.43418768920282547,-0.008597508084369317,0.0039995829635257295
002162,0.006276026390794536,0.0031923064050563086,0.3595909562994327,0.3595909562994327,0.3356161640434139,-0.008032776558299776,0.2730575176589304,-0.009010414298372335,-0.008493016798230373
002204,-0.0007934375155012897,-0.007379640585365324,0.3119956858672206,0.3119956858672206,0.2834114301734151,0.0004055440337482078,0.3013118062563067,-0.007220488949754314,-0.0003171853259630934
002210,-0.0034903615965270296,-0.0033994449423012324,0.2951585843253176,0.2951585843253176,0.30205454763907247,0.0303859323124079,0.4184056508577195,-0.006187623511606545,0.004536331428069092
002254,-0.0004786128905436058,0.0009282869832702756,0.3140129423983382,0.3140129423983382,0.3239016380311587,0.027966064620225092,0.40821392532795153,-0.006032356397601189,0.005280215115353892
002252,-0.0007934375155012897,-0.00479333158475332,0.3119956858672206,0.3119956858672206,0.2950258320317193,0.003585344829824894,0.31184661957618565,-0.007334569289911632,-0.0020062673127900087
002251,-0.0029494682432721613,-0.005206637447403789,0.2983941839098826,0.2983941839098826,0.29304337378349155,-0.005784913842109176,0.28014127144298684,-0.012306759184993608,-0.0034501368696630056
002250,0.0005041411005711116,0.0054238577266959576,0.3204841415674683,0.3204841415674683,0.3468901437782851,0.029105580495218886,0.4129364278506559,-0.007430595001940578,0.005182622560259451
002249,0.00023992670762931138,-0.007336646735020684,0.31874650475353516,0.31874650475353516,0.28361167848131685,0.0018313861750531828,0.3062361251261352,-0.004361542932037059,0.0012676314320454187
002248,0.0007294253945597833,-0.0011220424910048014,0.32178237596868264,0.32178237596868264,0.31316832872762224,0.008195454946527611,0.32809283551967705,-0.004958787115445909,0.004283495195553089
002246,-0.0004786128905436058,0.0018281822395903836,0.3140129423983382,0.3140129423983382,0.3284873242821098,0.009030138660946261,0.33085771947527753,-0.008497084717403026,0.0027067477853596014
002245,0.00227236793107477,0.003919481589470329,0.3321283055045139,0.3321283055045139,0.3392807080780167,0.03602529861844856,0.4433501513622603,-0.002329302959881939,-0.00023902921675367038
002244,0.0010741298136522526,0.002163950640684633,0.32423903491251893,0.32423903491251893,0.33002923625295366,0.01302359871055696,0.3467204843592331,-0.00605442909434554,-0.0034260088732229596
002241,0.0007809811030938342,-0.0038765942622259715,0.32218183270751777,0.32218183270751777,0.29965156794425085,0.0170354148481563,0.36272452068617556,-0.0035515954343033787,-0.002822345543632829
002240,0.00490792746445183,0.014691583110359344,0.3500039945673884,0.3500039945673884,0.40009611918779286,0.039106060317871505,0.457941473259334,-0.004163286206422224,0.0054793417747913695
002239,9.688394646514073e-05,-0.004053468136899103,0.3178277542542143,0.3178277542542143,0.29883054988185354,0.007608907497396757,0.32581231079717454,-0.007393457614872459,0.00023286482022725642
002237,0.003501052301192367,0.007556156215189517,0.3408164895741791,0.3408164895741791,0.35756337858945086,0.02658057809651469,0.4022401614530777,-0.004424261885250063,0.005220891135147576
002236,-0.0007934375155012897,3.1112223971517015e-05,0.3119956858672206,0.3119956858672206,0.3192358524570468,0.010367192019099178,0.33602421796165494,-0.006165442135857566,0.00037316461870144494
002235,0.0010959609467799984,0.003779338073356889,0.32443876328193655,0.32443876328193655,0.3386198886619408,0.026322567543809208,0.4013319878910192,-0.0086646941666845,-0.00016928782218617145
002230,-0.0007934375155012897,0.0019168661216645473,0.3119956858672206,0.3119956858672206,0.32878769674396247,0.012049435242320857,0.34292633703329967,-0.005284813753631894,0.0018022109594215898
002229,0.000647183861735282,0.0030162902010754796,0.32122313653431334,0.32122313653431334,0.3345147983499539,0.010834903658420218,0.33775983854692226,-0.008361228987515953,-0.005092093379937468
002224,0.0005041411005711116,0.001908258058515562,0.3204841415674683,0.3204841415674683,0.32876767191317235,0.0077274976693867264,0.3262159434914228,-0.013827958522305627,-0.0009239677139883286
002223,-0.0007934375155012897,-0.007290322251740108,0.3119956858672206,0.3119956858672206,0.2838920261123794,-0.006412209570199067,0.27810292633703326,-0.007339398208188483,-0.00041670003831871733
002222,0.009413055513156004,0.014150970248318726,0.38235999041303825,0.38235999041303825,0.39655172413793105,0.05006549102106787,0.5100908173562059,-0.005226565645324318,-0.0007263979961723132
002221,-0.0039635227757920805,-0.0052661230030079135,0.2922026044579372,0.2922026044579372,0.2927830509832192,-0.0030211066770905073,0.28966700302724524,-0.008897426972535542,0.0019752065555902025
002219,0.0012390037079441688,0.0019282476018752787,0.32513781257489816,0.32513781257489816,0.3288077215747527,0.015370696436110387,0.3557618567103935,-0.004681364248292252,0.0009859857031398226
002218,-0.0002169114624355995,-0.003638507370979755,0.3158304705600383,0.3158304705600383,0.30089310745324205,-0.0025160310313544526,0.29132189707366296,-0.00781623207819832,0.0004391605267972069
002215,-0.00541927892801287,-0.005195777195663342,0.2839538228009907,0.2839538228009907,0.29304337378349155,0.009501603958285906,0.3328557013118063,-0.014935112476160004,-0.0014243329790954808
002214,0.00011320695566528081,-0.0007217396738455117,0.3178876727650396,0.3178876727650396,0.31547118426849297,-0.0033946542874856035,0.28831483350151366,-0.004035648911841145,0.0006757994355103574
002213,0.003170610257468015,0.012733420769697933,0.3382000479348086,0.3382000479348086,0.3879810965597341,0.01853535655541991,0.36928355196770934,-0.0038546971862440257,-0.0013180048835733308
002212,0.000647183861735282,0.002279120188021394,0.32122313653431334,0.32122313653431334,0.3306500060074492,0.011332739535213627,0.33973763874873864,-0.008402058927247703,-0.005311022565000787
002208,0.000564551500267867,0.005439621190724886,0.3208236797954781,0.3208236797954781,0.34695021827065564,0.05388376336326555,0.5282542885973764,-0.00434043679451474,0.001163844669936429
002161,0.0017637350942085518,0.004390172269639373,0.32843333067028846,0.32843333067028846,0.34150346429572676,0.011383988932184223,0.3401009081735621,-0.0011450177302529578,0.002219302491630297
002160,0.0025182983100776497,0.0008956161572709811,0.33356634976432054,0.33356634976432054,0.32374143938483724,-0.00018412593702398978,0.29925327951564074,0.0016213705536284597,0.012646100585058183
002158,0.0012390037079441688,0.006280684705359633,0.32513781257489816,0.32513781257489816,0.35083503544395045,0.032893841762896225,0.4286982845610494,-0.005552766112276358,-0.002508233208856339
002107,0.0001766238962707199,0.006106772653073216,0.31832707517775827,0.31832707517775827,0.34991389322760225,0.024554827432647072,0.39348133198789104,-0.010237995409257877,-0.007812779910928446
002106,0.0007809811030938342,-0.002074571490290367,0.32218183270751777,0.32218183270751777,0.3082021706916577,0.0034701180544825924,0.3114026236125126,-0.005308700050323937,-0.003454899928589236
002104,0.003170610257468015,-0.013598171922763897,0.3382000479348086,0.3382000479348086,0.2556970643598062,0.0025889436696954478,0.3085973763874874,-0.013064382988013724,-0.010429014377178088
002100,-0.006875194098392639,-0.00516933654940842,0.27528561156826714,0.27528561156826714,0.29318354759902276,0.013355212961412701,0.34787083753784054,-0.014184698051496598,-0.001540728069977481
002099,0.007481448963632157,0.005657158530723454,0.36841895022769033,0.36841895022769033,0.3479314349793744,0.013203999784460815,0.3474066599394551,-0.0016239742627928325,0.004140774683633667
002097,-0.0007934375155012897,-0.0038395459499221875,0.3119956858672206,0.3119956858672206,0.29977171692899196,0.023706713905068757,0.38986881937436935,-0.008922094827589948,-0.001397388314902556
002095,1.1750001978803488e-05,0.009293484541748684,0.3174482703523208,0.3174482703523208,0.36813648924666587,0.0037785059836578155,0.31247225025227043,0.0027901488068308986,0.011335124662477613
002094,-0.0025076076054123117,0.0013509164511505388,0.3010505712231365,0.3010505712231365,0.3260042452641275,-0.024904611565943504,0.2282946518668012,-0.009947737105242167,0.0002240402017844044
002093,0.0010959609467799984,-0.0053346778883483215,0.32443876328193655,0.32443876328193655,0.2925627778445272,0.0059495192027110115,0.31993945509586275,-0.013143497548865029,-0.00584346040613693
002092,-0.0004786128905436058,-0.004286241831835109,0.3140129423983382,0.3140129423983382,0.2976691096960231,-0.00035337729705238306,0.29870837537840567,-0.010432563982955237,0.0016924301583681797
002086,-0.005928857241397256,-0.005975548109234716,0.2809978429336103,0.2809978429336103,0.2898994753494333,-0.007736445341375114,0.2739253279515641,-0.01746966498696505,-0.0006780528694258898
002085,9.688394646514073e-05,-0.004756015408093358,0.3178277542542143,0.3178277542542143,0.2952861548319917,0.014467848610969277,0.35229061553985874,-0.0063340200804113105,-0.0007868798946734665
002084,0.0010959609467799984,-0.0007915201093147686,0.32443876328193655,0.32443876328193655,0.3151507869758501,-0.016523508483501686,0.2497275479313824,-0.011911101569329546,-0.007059622060568359
002083,-0.002898541750318142,-0.003606729619028139,0.29877366781177594,0.29877366781177594,0.30103328126877327,0.006476691437309603,0.3217356205852674,-0.0053440120983914525,0.0010900039242814857
002081,0.0012390037079441688,-0.005431978599157027,0.32513781257489816,0.32513781257489816,0.2922223557210941,-0.013822850104485878,0.2571342078708375,-0.011231689444835886,-0.008529114760290692
002080,0.0005041411005711116,0.022175046285998954,0.3204841415674683,0.3204841415674683,0.4433898033561616,0.06337653188910011,0.5748940464177599,-0.0033313051044750438,0.0007275820808725428
002079,0.00023992670762931138,0.0020957747928442563,0.31874650475353516,0.31874650475353516,0.329728863791101,0.01640208522549395,0.3602018163471241,-0.00605841875928703,-0.0005564528362952402
002078,0.00011320695566528081,-0.005801214039130527,0.3178876727650396,0.3178876727650396,0.2905002202731387,0.014974726836136092,0.3542684157416751,-0.00645036852222159,-0.0012809485157255854
002077,-0.0002687061292369071,-0.0043080191407883495,0.31561076935367904,0.31561076935367904,0.29760903520365256,-0.01610225998840996,0.25065590312815333,-0.014952691570501947,-0.016718906536788564
002075,-0.001422334035273219,-0.005363611002141024,0.30768155308780054,0.30768155308780054,0.29248267852136645,0.002162957254532688,0.30728557013118063,-0.007786552746608343,0.0005323343260396369
002074,0.00023992670762931138,-0.0010259805963269235,0.31874650475353516,0.31874650475353516,0.3136088750050062,0.012567415468747928,0.34484359233097883,-0.0035307553383771735,-0.00034822876833045944
002072,-0.0029494682432721613,0.001192443449343765,0.2983941839098826,0.2983941839098826,0.3251832272017301,-0.007741801262229973,0.2739051463168517,-0.0006640557133905656,0.009442000759204643
002069,-0.0005124977964766568,0.002210617292931213,0.3137532955180954,0.3137532955180954,0.33024950939164566,0.04246590650694637,0.4743087790110999,0.0018209529993729488,0.013944894979057489
002068,0.004820111220414768,-0.010373074457690788,0.3494447551330191,0.3494447551330191,0.26993471905162403,-0.03688768017482345,0.20123107971745713,-0.025124363082679294,-0.02444915461235365
002067,-0.00093648027666546,-0.0038855888358255894,0.31103698969401616,0.31103698969401616,0.2996115182826705,-0.0005999184175211773,0.297699293642785,-0.0073101136925673,0.0029356232921967907
002065,-0.0007934375155012897,-0.0010811398696988306,0.3119956858672206,0.3119956858672206,0.31338860186631423,0.014317740589032802,0.35156407669021195,-0.006512526363734866,0.0019306342949819825
002064,0.0005041411005711116,-0.002104460168629682,0.3204841415674683,0.3204841415674683,0.3081420961992871,0.018040401896849446,0.3673057517658931,-0.007424147503610924,0.0032435577833528984
002112,0.00023992670762931138,-0.0005290584168468025,0.31874650475353516,0.31874650475353516,0.31649245063879206,0.012700203278931,0.3455297679112008,-0.002968144714105499,0.00484234348288755
002114,0.003501052301192367,0.0016888906664986015,0.3408164895741791,0.3408164895741791,0.3274660579118106,0.004751446775778847,0.31566094853683146,0.0031688404084929105,0.01715301507437247
002115,0.0007809811030938342,-0.00041602842549355205,0.32218183270751777,0.32218183270751777,0.3172133445472386,0.025607812146459005,0.39796165489404645,-0.003202472478589966,0.0025592978088533
002119,0.002466890043310221,0.005503257150475923,0.33328673004713594,0.33328673004713594,0.34721054107092797,0.032944663116311966,0.42896064581231075,-0.003598995166818772,-0.0020027571299958387
002157,-0.00745172015145833,-0.0022082631012906944,0.2717504194295758,0.2717504194295758,0.3077616244142737,0.013099593226430919,0.3468819374369324,-0.01435562413048005,0.0008461108438800109
002156,0.008709335298998208,0.019529506889141606,0.37702724294958856,0.37702724294958856,0.42749008770875885,0.04123882927119309,0.468234106962664,-0.00298029778865097,-0.0018779509093582326
002155,0.003501052301192367,0.0028123071974317866,0.3408164895741791,0.3408164895741791,0.3336136809643958,0.016599991158236595,0.36106962663975783,-0.01611955990367853,-0.01306398282939657
002154,-0.003948228982648883,-0.0034093850015306476,0.2922824958057042,0.2922824958057042,0.3019744483159117,0.005151816247745241,0.3171947527749748,-0.004154968851948597,0.00027703108251106955
002153,-0.0007934375155012897,-0.0018922721374976872,0.3119956858672206,0.3119956858672206,0.30920341223116665,0.009379698542781324,0.33247225025227045,-0.007287440092542347,0.002074982126707491
002152,-0.0007934375155012897,-0.00045688076022641063,0.3119956858672206,0.3119956858672206,0.31695302174696627,0.017222462632875954,0.3636932391523714,-0.004358528656431002,0.000751717794815574
002151,-0.00093648027666546,-0.0023665737759787603,0.31103698969401616,0.31103698969401616,0.30702070567503703,0.01055635705826884,0.33673057517658933,-0.006560732022348211,-0.0017955386280584034
002150,0.003679243094334233,0.009281051600676882,0.34195494127985937,0.34195494127985937,0.36801634026192476,0.03349258993480113,0.4314026236125126,-0.00255323131335886,0.003664350308496255
002149,0.0025182983100776497,0.006921141320757591,0.33356634976432054,0.33356634976432054,0.35401898353958905,0.036872272627735,0.4471644803229061,-0.005419297139979764,0.008087407111287215
002146,0.0010741298136522526,0.001616398005911738,0.32423903491251893,0.32423903491251893,0.3271056109575874,0.026884082703383112,0.4036326942482341,-0.005708375411351061,-0.003650372588806936
002145,-0.00093648027666546,-0.002382827280568188,0.31103698969401616,0.31103698969401616,0.3069806560134567,0.006656268711786401,0.3223410696266398,-0.007166599205450907,0.0020485600569403275
002142,-0.0006945143344845361,-0.0015275048957582075,0.31271470799712386,0.31271470799712386,0.3110657214946534,0.007037609347771516,0.32373360242179616,-0.004940043986452302,0.0030246339358201094
002141,0.003170610257468015,-0.0016179459508620607,0.3382000479348086,0.3382000479348086,0.3107252993712203,0.0022131727905524896,0.30742684157416755,-0.012039018745976954,-0.0120812061598756
002062,0.0002562497168294514,0.000779010107935834,0.31882639610130226,0.31882639610130226,0.32308061996876125,0.010483916210566052,0.3365287588294652,-0.005440355657024533,-0.0005548005589746763
002138,0.003170610257468015,0.007340908575758541,0.3382000479348086,0.3382000479348086,0.35630181424966956,0.023152536958524157,0.3875075681130171,-0.007422900366067542,-0.0039312839003825826
002134,0.003170610257468015,0.004420619304267922,0.3382000479348086,0.3382000479348086,0.34170371260362853,0.012619223103682634,0.3452875882946519,-0.003412047756991259,-7.071075821725957e-05
002132,0.0012390037079441688,0.0004582888041445608,0.32513781257489816,0.32513781257489816,0.3211181865513236,0.010666133618082045,0.3370938446014127,-0.006736954949625575,-0.0006504911436766769
002131,0.0012390037079441688,0.0011158899952577498,0.32513781257489816,0.32513781257489816,0.324942929232248,-0.005541532690913393,0.28092835519677095,-0.00913174381135777,-0.0007983466629193928
002130,0.00030781992382878336,-0.0026114158940933026,0.31930574418790447,0.31930574418790447,0.30591933998157717,0.013400141568688967,0.34811301715438947,-0.007602040915436928,-0.008363779270124798
002129,0.0012896139399600525,0.001101593291130811,0.32541743229208275,0.32541743229208275,0.32492290440145777,0.023316664859973812,0.3881130171543895,-0.001474053747512879,0.002566869371375376
002128,-0.003948228982648883,-0.0029034633521911246,0.2922824958057042,0.2922824958057042,0.30451760182626453,0.01252153962644547,0.3446619576185671,-0.007479182058718239,0.0033071706724016156
002127,-0.003932222234386879,-0.006109259195772059,0.29240233282735484,0.29240233282735484,0.2891585566101966,0.003996149978667535,0.31321897073662963,-0.0063898172572655594,-0.0010422662968811434
002126,0.003536200333170063,0.005369698896774068,0.3408764080850044,0.3408764080850044,0.3468100444551243,0.053813909781030365,0.5278708375378406,-0.0056442859406901245,0.000594647039007615
002125,0.0008164527606950017,-0.0022822237916461587,0.3224414795877606,0.3224414795877606,0.3073411029676799,0.011565014026712287,0.34068617558022196,-0.0033828979151749924,0.00034609653205740524
002124,-0.00541927892801287,0.001054411460838895,0.2839538228009907,0.2839538228009907,0.3246025071088149,-0.008520541224552338,0.27146316851664987,-0.020261017121235365,-0.005955537787240257
002123,0.0007809811030938342,-0.0014711064651376656,0.32218183270751777,0.32218183270751777,0.31148624294124716,0.013592339374450957,0.3489001009081736,-0.004586392392988289,0.0006838500724680986
002121,0.0012896139399600525,-0.004149646718375548,0.32541743229208275,0.32541743229208275,0.29841002843525977,0.0007489476439503895,0.3025428859737639,-0.00817571545640716,-0.0069362816884142465
002120,-0.000601368579461634,-0.004197718401720246,0.3133338659423185,0.3133338659423185,0.298109655973407,0.004404291092886673,0.31475277497477294,-0.009076706899856346,0.0028726554982107413
002137,0.0007809811030938342,-0.0011436004574449906,0.32218183270751777,0.32218183270751777,0.3131082542352517,0.009145887957416957,0.3314026236125126,-0.0028518682926692786,0.0011074016074018454
002256,-0.0007934375155012897,-0.0021663866079026967,0.3119956858672206,0.3119956858672206,0.30794184789138535,0.024211323603743617,0.3918869828456105,-0.006400681305430496,0.002173251953128699
000936,-0.0009517740698086568,-0.009184272008509872,0.3109371255093073,0.3109371255093073,0.27532139853418236,0.009217277322697063,0.33166498486377394,-0.0071013894939402425,0.004306249091015159
000933,0.0014686110777469086,0.0034141139216555235,0.3265958296716466,0.3265958296716466,0.3368777283831952,0.031095107511693008,0.4210494450050454,-0.005658221906856778,-0.0001257683508658906
000566,0.0012390037079441688,0.00251217152032395,0.32513781257489816,0.32513781257489816,0.3317513717009092,0.046980720397678706,0.49529767911200806,-0.007082904716298088,0.0008351263592539015
000565,3.358113510654923e-05,-0.0016528059563611943,0.31756810737397145,0.31756810737397145,0.31058512555568907,-0.03161530355245192,0.21317860746720485,-0.010338530633886105,-0.008225082968954441
000564,-0.0029494682432721613,-0.011283935545398086,0.2983941839098826,0.2983941839098826,0.2658296287396371,-0.0098302529386351,0.2680928355196771,-0.011358708587781551,-0.005621900184173336
000563,-0.0007934375155012897,-0.004487502468390477,0.3119956858672206,0.3119956858672206,0.29670791781809447,0.0045202131222251635,0.3150353178607467,-0.006865342443304364,0.003117105312206213
000560,0.0010741298136522526,-0.006478176555960909,0.32423903491251893,0.32423903491251893,0.28745644599303133,0.003428430186600418,0.3113420787083754,-0.024373952635829893,-0.024025923471305746
000559,0.0011465711787958818,-0.0022968860849985067,0.3246784373252377,0.3246784373252377,0.30728102847530936,0.016536809996503348,0.3607669021190717,-0.005465130849333581,0.0014987072411612116
000558,-0.0009491728560081681,-0.0015745682325468296,0.3109970440201326,0.3109970440201326,0.31088549801754173,-0.004015278149413897,0.28601412714429864,-0.011976558497323665,0.0023743043965070297
000555,-0.0003355701293794355,0.0028935134199318756,0.3151513941040185,0.3151513941040185,0.33401417758019947,0.02037216240826824,0.3762462159434914,-0.004240301997997401,0.0009861663380009939
000554,-0.003948228982648883,-0.005641494831723826,0.2922824958057042,0.2922824958057042,0.2911610396892146,0.0032579021101209757,0.3107568113017154,-0.009076066185251168,0.000998868860279633
000553,0.0005041411005711116,0.004506487318313187,0.3204841415674683,0.3204841415674683,0.34208418438864197,0.004675889930151837,0.31547931382441974,0.008032507573240736,0.024588011552063083
000552,-0.0034903615965270296,-0.0018270139633449311,0.2951585843253176,0.2951585843253176,0.30952380952380953,0.006042380490904731,0.320242179616549,-0.009614638329539342,-5.932494515600878e-05
000551,-0.003948228982648883,-0.0005515489252190649,0.2922824958057042,0.2922824958057042,0.31635227682326084,0.00451424801085574,0.3149949545913219,-0.004928713233924309,0.002025788942396692
000547,0.00011320695566528081,-0.0005106679383262483,0.3178876727650396,0.3178876727650396,0.31659257479274305,0.020166228504916884,0.375438950554995,-0.006536037161419771,-0.0006631643159573746
000545,0.0005041411005711116,0.005902714136970648,0.3204841415674683,0.3204841415674683,0.34913292482678526,0.051802955554231804,0.5180020181634712,0.002633783117244202,0.012142761026046608
000543,-0.0007934375155012897,-0.003679216244806333,0.3119956858672206,0.3119956858672206,0.30067283431455005,0.0003453620105792458,0.3010696266397578,-0.008806855025147773,-0.0019050666062864635
000539,-0.0007934375155012897,-0.0015399609396530012,0.3119956858672206,0.3119956858672206,0.31104569666386317,0.005039508132066975,0.3166094853683148,-0.007926661609734044,-0.0015968778575354253
000538,-0.0007934375155012897,-0.003911488566608649,0.3119956858672206,0.3119956858672206,0.2994713444671393,-0.0013741051589785107,0.2951362260343088,-0.006382270826306284,-0.0004980612632376443
000537,-0.0007934375155012897,-0.0062976601291506815,0.3119956858672206,0.3119956858672206,0.2883375385477993,-0.0039039322776403557,0.2864984863773966,-0.007751546593786394,-0.0005502291713999358
000536,0.002466890043310221,-0.00043221012295513396,0.33328673004713594,0.33328673004713594,0.3170130962393368,-0.01051577412396845,0.26631685166498487,-0.0072352421628081275,-0.0018626599460431642
000534,0.0012390037079441688,0.006245420543029645,0.32513781257489816,0.32513781257489816,0.3506548119668389,0.025582501183180905,0.39790110998990913,-0.0098943127933568,-0.007778304019952542
000533,0.00227236793107477,0.005202227224629914,0.3321283055045139,0.3321283055045139,0.3458688774079859,0.017735802136690453,0.3660343087790111,-0.005277583136424906,-0.0006619989554538682
000528,-0.0007934375155012897,-0.00872666773060201,0.3119956858672206,0.3119956858672206,0.27736393127478076,-0.003005336096972166,0.28974772956609485,-0.009540207031367745,-0.0023197337273845593
000526,0.0010959609467799984,0.003821058191858426,0.32443876328193655,0.32443876328193655,0.33888021146221314,0.016916375867914647,0.3623007063572149,-0.009118417431809207,0.005621272669780915
000525,0.0005041411005711116,1.1659187634352545e-05,0.3204841415674683,0.3204841415674683,0.31907565381072533,-0.004985956974938239,0.28252270433905147,-0.009013328948823621,0.004631145597591997
000524,0.00011320695566528081,0.0008806966830151887,0.3178876727650396,0.3178876727650396,0.3237013897232568,0.023024167403328695,0.38700302724520685,-0.008846575717345592,0.004516643917338326
000521,0.0010959609467799984,0.0006929268979521004,0.32443876328193655,0.32443876328193655,0.3223597260603148,0.003016720698401139,0.3101513622603431,0.003785451560240674,0.016179150777595644
000520,0.0014310726439838244,0.003362944766912686,0.3262163457697531,0.3262163457697531,0.33659738075213264,0.005296899305640756,0.31775983854692225,-0.015976027988513487,-0.006750759471965102
000567,0.0012390037079441688,0.0015559553714021874,0.32513781257489816,0.32513781257489816,0.3267852136649445,0.010852403613027856,0.3378809283551968,-0.00829941675432096,-0.000946213763646051
000519,-0.0009491728560081681,-0.004299892990834933,0.3109970440201326,0.3109970440201326,0.2976490848652329,0.0116786994144808,0.3411099899091826,-0.012835055673970601,-0.0098928601715112
000568,-0.00035995422359977005,-0.00881237554197755,0.31491172006071744,0.31491172006071744,0.27714365813608877,-0.002367154829443155,0.29194752774974775,-0.005760383004284975,-0.00118311313797619
000572,0.0011465711787958818,-0.007421162612992206,0.3246784373252377,0.3246784373252377,0.28329128118867397,0.016193426302868737,0.359212916246216,-0.00615092276593789,6.26026987438847e-05
000651,-0.00093648027666546,-0.001974883455486369,0.31103698969401616,0.31103698969401616,0.3087828907845729,0.0014549278706887383,0.3049646821392533,-0.006099615757519074,0.0027679883942407116
000636,0.004004420284471282,0.016348216013280778,0.34413198050651117,0.34413198050651117,0.4087468460891506,0.06246517598172566,0.5707971745711402,-0.004824733694093173,-3.91308937184971e-05
000635,0.0005041411005711116,0.0048872763218748925,0.3204841415674683,0.3204841415674683,0.3443069406063519,0.02897458519839749,0.4124722502522704,0.0068811490034371625,0.025556442610180755
000630,0.0025182983100776497,0.00379718007060715,0.33356634976432054,0.33356634976432054,0.33876006247747203,0.017469058296798737,0.36480322906155394,-0.004224270459124531,0.004744676465768718
000629,-0.00093648027666546,-0.0012841556159765802,0.31103698969401616,0.31103698969401616,0.31238736032680525,0.004547216434278857,0.3151362260343088,-0.008244702387908889,-0.0010870946569229913
000628,0.0012390037079441688,0.01084714788714616,0.32513781257489816,0.32513781257489816,0.37742801073330934,-0.006788483461146564,0.2768718466195762,-0.009018682365318829,-0.0064677168388574055
000626,0.0003686928323103752,0.008827939426074093,0.3197651194375649,0.3197651194375649,0.3653129881052505,0.012340718802394134,0.3439152371342079,-0.011628454574496325,-0.0043681046863714885
000625,9.688394646514073e-05,-0.006729473749830363,0.3178277542542143,0.3178277542542143,0.28635508029957146,-0.001963342963623393,0.29338042381432894,-0.007192798173493691,-0.0005657678753961717
000623,-0.0007934375155012897,-0.0032954142770373696,0.3119956858672206,0.3119956858672206,0.30261524290119746,0.0014196741666196078,0.304803229061554,-0.0082331872951076,-0.0005555272354332723
000620,0.0010741298136522526,0.0003211542596334967,0.32423903491251893,0.32423903491251893,0.3204173174736673,-0.015277171135293935,0.25289606458123104,-0.012342691560917128,-0.009573158748687163
000617,0.006498694972517439,-0.0069780584843625055,0.3610290005592395,0.3610290005592395,0.28533381392927226,-0.0025649885469717134,0.29116044399596364,-0.006259729548212561,0.0034046559525176935
000612,0.0014686110777469086,0.003781127442425069,0.3265958296716466,0.3265958296716466,0.3386198886619408,0.01517427103256899,0.3550756811301715,-0.006884383650382935,-3.2999484611710495e-05
000608,1.1750001978803488e-05,0.006145557799969009,0.3174482703523208,0.3174482703523208,0.35015419119708435,0.04625407195117465,0.491765893037336,-0.012107499699683643,-0.007078688205760596
000603,0.00490792746445183,0.01784299589962263,0.3500039945673884,0.3500039945673884,0.4178781689294725,0.03210395018125276,0.4250857719475277,-0.008084715907677722,0.00019734571336816036
000601,-0.0007934375155012897,-0.0037619666599368077,0.3119956858672206,0.3119956858672206,0.3001321638832152,0.02260723820843442,0.38550958627648835,-0.0061042167537369175,-0.001067640843384685
000600,-0.0007934375155012897,-0.000707803456687923,0.3119956858672206,0.3119956858672206,0.3155112339300733,0.012809452981579138,0.3459939455095863,-0.006889597530019826,-0.0017180449602514692
000598,-0.003948228982648883,-0.005614994203996979,0.2922824958057042,0.2922824958057042,0.2913012135047459,0.0029846486246638874,0.3099697275479314,-0.005175312951900447,0.0037978111496144297
000596,0.00011320695566528081,-0.007715977071741121,0.3178876727650396,0.3178876727650396,0.2819295926949418,-0.01573925532374317,0.25150353178607465,-0.007641088800245847,-0.004822664248456419
000595,0.0012390037079441688,0.0017338159126489062,0.32513781257489816,0.32513781257489816,0.32782650486603393,0.017648304981414394,0.36563067608476285,-0.008969113684014596,-0.0015985994350912573
000593,0.0012390037079441688,0.007815798532196135,0.32513781257489816,0.32513781257489816,0.3590452160679243,0.03183035356095778,0.4239959636730575,-0.006747241139889974,0.0004875532233973749
000592,-0.00541927892801287,-0.012394625887560911,0.2839538228009907,0.2839538228009907,0.2606832472265609,-0.02540060974922386,0.22728557013118067,-0.026416534281200662,-0.017884889840344517
000591,-0.0012792912741090483,-0.006520015732490992,0.3086202764240633,0.3086202764240633,0.28723617285433933,-0.005534326594984185,0.28094853683148335,-0.007964279161761912,-0.0020229702755853087
000589,9.688394646514073e-05,-0.004754691887809636,0.3178277542542143,0.3178277542542143,0.2952861548319917,0.011835583435092585,0.34193743693239154,-0.008163226582730276,-0.0004198706421949277
000586,0.009413055513156004,0.007642181836530985,0.38235999041303825,0.38235999041303825,0.35798390003604474,0.02324249505612286,0.38781029263370337,-0.009863361317036391,-0.0028132051360881924
000582,0.0014310726439838244,8.075404285116796e-05,0.3262163457697531,0.3262163457697531,0.31941607593415833,0.032107650279542044,0.4251261352169525,-0.013400606243759427,-0.000775275663198044
000581,9.688394646514073e-05,-0.005689178693991,0.3178277542542143,0.3178277542542143,0.2909407665505227,0.005336864192275552,0.3180221997981837,-0.009611834880204102,-1.3370013281770095e-05
000576,0.0010959609467799984,0.0028355128846010726,0.32443876328193655,0.32443876328193655,0.33365373062597625,0.012988070256337608,0.3466599394550959,-0.00015917724257525777,0.005319687087606734
000571,-0.0025076076054123117,0.013153196968199235,0.3010505712231365,0.3010505712231365,0.3906644238856182,0.06716198193200762,0.593037336024218,-0.006977532061201599,0.006465041889015363
000518,0.0012390037079441688,0.004418788762475496,0.32513781257489816,0.32513781257489816,0.3416636629420481,0.022427889603230906,0.3846014127144298,-0.005352099257178431,0.001674801391062448
000516,-0.0008061300948439974,-0.0005084368436057573,0.31195574019333705,0.31195574019333705,0.31661259962353316,0.004916340629691485,0.3161251261352169,-0.003733724831827338,0.0026700696751364825
000513,-0.0012792912741090483,-0.006601943351485425,0.3086202764240633,0.3086202764240633,0.28689575073090634,0.00434086414879359,0.3144702320887992,-0.00833382073056336,-0.0005128851619185786
000063,-0.0002687061292369071,-0.0014828968448645078,0.31561076935367904,0.31561076935367904,0.3113861187872963,0.006929901946910649,0.3233299697275479,-0.004787963329261049,0.000848588413517734
000062,0.0007809811030938342,-0.004019681902902683,0.32218183270751777,0.32218183270751777,0.29895069886659453,-0.002950524190241744,0.28986881937436937,-0.005687332111452909,-0.002980137598037616
000061,-0.0029494682432721613,-0.004379228379118865,0.2983941839098826,0.2983941839098826,0.2973086627417998,-0.002372953120573653,0.29192734611503535,-0.009870422435365372,-0.005269747218860286
000060,0.0025182983100776497,0.002926311498704149,0.33356634976432054,0.33356634976432054,0.3341343265649406,0.02526932387122307,0.39644803229061554,-0.004474310520544411,0.00495393301645579
000059,-0.0025076076054123117,-0.0015376152252510402,0.3010505712231365,0.3010505712231365,0.31104569666386317,-0.02198946339771918,0.23525731584258325,-0.012836575442002012,-0.007217708865942246
000050,-0.0002687061292369071,-0.003627970131223182,0.31561076935367904,0.31561076935367904,0.3009732067764027,0.006440167649146312,0.32155398587285566,-0.005825688154185367,-0.0005480479954024749
000049,0.00023992670762931138,-0.002824178904304599,0.31874650475353516,0.31874650475353516,0.3049381232728583,0.007128216244046317,0.3240766902119072,-0.004658250489217632,0.0016251411797076163
000048,-0.00541927892801287,-0.00028091342070874566,0.2839538228009907,0.2839538228009907,0.31783411430173414,0.021155880473523306,0.37953582240161454,-0.01920639147680859,-0.0009886013264477603
000039,-0.0008061300948439974,-0.006729862082600738,0.31195574019333705,0.31195574019333705,0.28635508029957146,-0.0004332393939362054,0.298385469223007,-0.007178959647312696,-0.0034913259217395558
000037,0.0002562497168294514,-0.002157759771000731,0.31882639610130226,0.31882639610130226,0.30796187272217546,0.010619339020241978,0.33699293642785066,-0.004582725293322069,0.0012437004418621622
000035,-0.003948228982648883,-0.0013912039441387825,0.2922824958057042,0.2922824958057042,0.3118466898954704,0.011600528882258269,0.3408879919273461,-0.007214323969125446,0.0014106389076230764
000034,-0.0007934375155012897,0.002117956116440079,0.3119956858672206,0.3119956858672206,0.329849012775842,0.02385545337786769,0.39063572149344095,-0.006076645528032571,0.0012617752554539591
000032,0.0002562497168294514,0.0040168142581442565,0.31882639610130226,0.31882639610130226,0.33970122952461057,0.028567978791010473,0.4107769929364279,-0.006342643208431157,-0.00017729326485549677
000031,0.0010741298136522526,0.006929480947200552,0.32423903491251893,0.32423903491251893,0.3540590332011695,0.017720724243971087,0.3659535822401615,0.00282854723261466,0.009520672662647688
000029,9.137582253753507e-05,0.0035477583548807557,0.3178277542542143,0.3178277542542143,0.3374784733069005,0.025626717801081014,0.39800201816347125,-0.00304188790101656,0.000994849624718788
000027,-0.0007934375155012897,-0.004929738471307402,0.3119956858672206,0.3119956858672206,0.2943650126156434,0.002685270645463376,0.30887991927346115,-0.007853155705350614,-0.0015238471128230778
000026,-0.0019157877592034247,0.0040563655395682695,0.30466565470959495,0.30466565470959495,0.33992150266330246,0.030204680840495133,0.4176185671039354,-0.004728970366895282,0.00470632783240113
000025,-0.0023408091506125607,0.00041144415951529194,0.30198929455939927,0.30198929455939927,0.3208378389202611,0.009856276248709009,0.334167507568113,-0.007804189585037418,0.0009088679266472826
000021,0.0017637350942085518,0.011364881580195208,0.32843333067028846,0.32843333067028846,0.38007128839761306,0.04557490706983251,0.4889606458123108,0.00031804812028927385,-0.000331089877261568
000020,0.009413055513156004,-0.0045451845958454475,0.38235999041303825,0.38235999041303825,0.2964876446794025,0.005565184889576533,0.3186680121089809,-0.008032858915892657,-0.006626867672301544
000019,-0.0064816587396863195,-0.015725964471874115,0.2777622433490453,0.2777622433490453,0.24706636228923862,-0.020997156762998053,0.23812310797174574,-0.02993297973621588,-0.02486152035951638
000017,-0.0019157877592034247,-0.020758210848768305,0.30466565470959495,0.30466565470959495,0.22820297168488923,-0.012757754429457325,0.2600807265388496,-0.012228173184375943,-0.01210622629395573
000014,0.0010741298136522526,0.005998005215238517,0.32423903491251893,0.32423903491251893,0.3496535704273299,0.022804103835799432,0.38619576185671034,0.009439046816464937,0.019302573550485213
000011,0.0010741298136522526,0.0077222329803257155,0.32423903491251893,0.32423903491251893,0.35846449597500896,0.010741094340829779,0.3373562058526741,-0.004601126993949724,0.0003308758860338096
000007,0.0010959609467799984,0.00347183164824937,0.32443876328193655,0.32443876328193655,0.33717810084504785,0.0012530029731961808,0.3041775983854692,-0.0023241155316231234,0.0033985355839444903
000006,0.0010741298136522526,0.003074438338801103,0.32423903491251893,0.32423903491251893,0.3348752453041772,0.015709788646094673,0.3571745711402624,-0.004590712744017753,0.002643955552202699
000002,9.137582253753507e-05,-0.0007304836704921874,0.3178277542542143,0.3178277542542143,0.31545115943770274,-0.004200719173148081,0.28524722502522704,-0.0049672670687046115,-0.0004280444546710016
000065,0.0002562497168294514,-0.006750484500814733,0.31882639610130226,0.31882639610130226,0.2862749809764108,0.014322830564498415,0.35158425832492435,-0.005640352777020107,-0.000879969381491727
000066,0.005449007740186698,0.0038627194724768217,0.35417831748821604,0.35417831748821604,0.33910048460090514,0.04040654325672966,0.4640565085771947,-0.0043228637808563775,0.002107982114710889
000070,0.009413055513156004,0.005047455659545796,0.38235999041303825,0.38235999041303825,0.3452280828227001,0.024984000851222796,0.3952976791120081,-0.006312374192525808,-0.0028117168046378265
000088,-0.000601368579461634,-0.004546528817121053,0.3133338659423185,0.3133338659423185,0.2964876446794025,0.004817791131360621,0.3157618567103936,-0.010728722527477832,-0.0004981605900981154
000510,0.0005041411005711116,0.003916419858698271,0.3204841415674683,0.3204841415674683,0.3392807080780167,0.06197577181222472,0.5683955600403633,-0.011624677784434382,0.0015851374653627264
000507,0.0012390037079441688,-0.003437516379775803,0.32513781257489816,0.32513781257489816,0.3018743241619608,0.010954324440197696,0.33828456104944504,-0.0004108984612627859,0.003003964966572408
000506,0.00490792746445183,0.006954275584538315,0.3500039945673884,0.3500039945673884,0.3541992070167007,0.01604996369588108,0.3586478304742684,-0.011381839006372834,-0.0022880903792411008
000505,-0.00541927892801287,-0.011238615325541988,0.2839538228009907,0.2839538228009907,0.266029877047539,-0.007194965673743302,0.2754994954591322,-0.027546100933663456,-0.016539363469085067
000501,-0.004011848054945611,-0.004517987021265805,0.2918630662299273,0.2918630662299273,0.296547719171773,0.029574455387336964,0.41503531786074677,0.0002912030330863806,0.009336815265480249
000430,0.0010959609467799984,0.004796682113089484,0.32443876328193655,0.32443876328193655,0.34386639432896793,0.03639007792563838,0.44514631685166495,-0.009485677531297431,0.0023870576305070213
000429,-0.000601368579461634,0.0007312973603790197,0.3133338659423185,0.3133338659423185,0.3225799991990068,0.010434998834021634,0.3363269424823411,-0.008978894941116065,0.00283961327449604
000428,3.358113510654923e-05,-0.0050483498331585375,0.31756810737397145,0.31756810737397145,0.2936841683687773,-0.014243742281980326,0.25584258324924314,-0.02329804209698024,-0.01746175969544462
000426,0.00490792746445183,0.014665321578410386,0.3500039945673884,0.3500039945673884,0.3999359205414714,0.022592064987184107,0.38542885973763874,-0.005817300356826538,0.004759536379510206
000425,-0.0007934375155012897,-0.0038190022714314144,0.3119956858672206,0.3119956858672206,0.2999319155753134,0.007422079551821387,0.32510595358224015,-0.0068059081494823565,-0.0018850836153612182
000423,-0.0007934375155012897,-0.004798000965250966,0.3119956858672206,0.3119956858672206,0.29500580720092917,0.006866272150229096,0.32306760847628657,-0.006012803518110896,0.0005956546843646706
000422,-0.00093648027666546,-0.002031408373592616,0.31103698969401616,0.31103698969401616,0.30846249349193,0.01958159396007502,0.3731987891019173,-0.009864205753161373,-0.0035230618446052313
000420,-0.00093648027666546,-0.0018488274194552925,0.31103698969401616,0.31103698969401616,0.3093836357082783,0.03911496713909834,0.4580020181634712,-0.00802035562551989,0.0030626902478263418
000655,-0.004011848054945611,-0.003912698689313619,0.2918630662299273,0.2918630662299273,0.2994713444671393,0.00900100542568773,0.3308173562058526,0.004529473304757131,0.01698869268587286
000417,-0.0029494682432721613,-0.004391932852884123,0.2983941839098826,0.2983941839098826,0.29726861308021946,-0.006780882779484303,0.2768920282542886,-0.01497286869708439,-0.012260803774259468
000408,-0.0004786128905436058,0.0009833215662205914,0.3140129423983382,0.3140129423983382,0.32422203532380156,0.017998330024932545,0.36716448032290616,-0.007113665312337244,0.006471722116515249
000402,9.137582253753507e-05,-0.0009466269187791944,0.3178277542542143,0.3178277542542143,0.31420961992871155,0.0026033653711236837,0.3087184661957618,-0.005003165200841552,0.002870606216852301
000400,0.00023992670762931138,-0.0047409574929951305,0.31874650475353516,0.31874650475353516,0.29532620449357205,0.007812751280562252,0.32641775983854693,-0.0039240876671029195,0.0008464327538538682
000338,0.008371770425598586,0.004137351943201041,0.37451066549492695,0.37451066549492695,0.3404020986022668,0.017355567392863838,0.36423814328960646,-0.004692398714232202,0.0021525489832178004
000333,-0.00093648027666546,-0.0005392662246198651,0.31103698969401616,0.31103698969401616,0.3164323761464216,0.00319397827883779,0.3105751765893038,-0.005951722906374725,0.003290137364027468
000301,-0.0025076076054123117,0.005483086396293928,0.3010505712231365,0.3010505712231365,0.34709039208618686,0.010079766488453405,0.33483350151362257,-0.01004682629137143,0.0022404232276811518
000166,-0.0007934375155012897,-0.007462145224502194,0.3119956858672206,0.3119956858672206,0.2829909087268213,0.005652164283964409,0.3189101917255298,-0.00529646612323977,0.003636054968735238
000158,-0.0003355701293794355,0.002433137181046479,0.3151513941040185,0.3151513941040185,0.33137089991589574,-0.001891107183220885,0.29360242179616547,-0.005342731431064707,-0.0002936053059214939
000157,-0.0007934375155012897,-0.001323099044866478,0.3119956858672206,0.3119956858672206,0.31224718651127403,0.004506537958890758,0.3149747729566095,-0.009479408202706726,-0.0007529768494014003
000155,-0.0007934375155012897,-0.0027313939010023248,0.3119956858672206,0.3119956858672206,0.3052985702270816,0.01878225359183112,0.3702522704339052,-0.006933224843332034,-0.0005929037457390172
000100,-0.0002687061292369071,-0.00118365782457831,0.31561076935367904,0.31561076935367904,0.31292803075814013,0.0099008289771652,0.3342885973763875,-0.0036783679420783646,-0.000880755950363771
000099,-0.000601368579461634,-0.0030144985513447142,0.3133338659423185,0.3133338659423185,0.3039168569025592,0.016095745289540057,0.3587891019172553,-0.011528976492185863,0.0018251909897390901
000089,-0.000601368579461634,-0.004264441788168765,0.3133338659423185,0.3133338659423185,0.297769233849974,0.007202630484089779,0.32427850655903123,-0.009043245094491031,0.0033775893928474415
000415,0.0002562497168294514,-0.002302367205682764,0.31882639610130226,0.31882639610130226,0.30726100364451925,0.009610868469157024,0.33317860746720485,-0.0063214865062757,0.004261098822804577
000935,0.0002562497168294514,0.004344531592517804,0.31882639610130226,0.31882639610130226,0.3413632904801954,0.03567934817356681,0.4415943491422806,-0.004009522172701629,0.008133208256446487
000656,9.137582253753507e-05,-0.0005456003084120801,0.3178277542542143,0.3178277542542143,0.31637230165405106,0.007816742908200109,0.32641775983854693,-0.00513719869415055,-0.00013661147236245934
000661,0.0002562497168294514,-0.004517308065780067,0.31882639610130226,0.31882639610130226,0.296547719171773,0.0008380187288042372,0.3028657921291624,-0.007437902094160598,-0.0008595338604179663
000860,-0.00093648027666546,-0.005647553512277722,0.31103698969401616,0.31103698969401616,0.2911410148584245,0.005658834650487654,0.3189101917255298,-0.006488320950037257,-0.001700783498262884
000859,-0.0004786128905436058,-0.0006841039640398695,0.3140129423983382,0.3140129423983382,0.3156313829148144,0.021801170470753698,0.38175580221997985,-0.010531644700162289,0.002138347013215097
000858,-0.00093648027666546,-0.004097021507781915,0.31103698969401616,0.31103698969401616,0.2985902519123713,0.0002526289206879471,0.30072653884964684,-0.005554152926921473,-0.002669955908361245
000852,0.0012390037079441688,0.002067496598033747,0.32513781257489816,0.32513781257489816,0.32968881412952056,-0.0043769532680299665,0.2844399596367305,-0.005947477166240301,-0.0010281292390948336
000848,-0.00093648027666546,-0.002960738570055849,0.31103698969401616,0.31103698969401616,0.30421722936441187,0.0030513038936766075,0.31027245206861753,-0.0038925739777540326,-0.0012645029685138028
000839,0.0007809811030938342,-0.002080880965730701,0.32218183270751777,0.32218183270751777,0.30818214586086745,0.023642389948722455,0.3895862764883956,-0.004383943183490601,0.0004050183451001703
000837,-0.0007934375155012897,-0.0011593698882818885,0.3119956858672206,0.3119956858672206,0.3129881052505107,0.009051404283717219,0.33097880928355194,-0.006766325798682594,0.00213808686989572
000833,-0.0023408091506125607,-0.0020994276034701923,0.30198929455939927,0.30198929455939927,0.3081420961992871,0.002648909358914605,0.30885973763874874,-0.01604229396214316,-0.014452002956059955
000831,0.00490792746445183,0.010710696184905995,0.3500039945673884,0.3500039945673884,0.37674716648644324,0.027602567255527424,0.40684157416750755,-0.005621161873066133,0.004965046075144634
000830,-0.0004786128905436058,-0.007136992173157066,0.3140129423983382,0.3140129423983382,0.28473306900556694,0.0032144146936706427,0.3106155398587286,-0.00782491702640688,0.0012463466630889956
000829,-0.00498190946671762,-0.0015960176135650364,0.28651034592953584,0.28651034592953584,0.3108654731867516,0.020685232409750905,0.3777194752774975,-0.007204565152978432,-0.00122260846084693
000825,-0.00093648027666546,-0.0044637217103316775,0.31103698969401616,0.31103698969401616,0.2968681164644159,-0.0002721350343199196,0.2989101917255298,-0.008450024160663858,-0.0003640427772196962
000823,0.009413055513156004,0.0070696182752705275,0.38235999041303825,0.38235999041303825,0.35481997677119625,0.026717538982653805,0.4029667003027245,-0.012146128775747942,-0.010038179142713264
000822,-0.003541288089481049,-0.0018200225772865414,0.2948190460973077,0.2948190460973077,0.30956385918538987,0.0219332371958123,0.3823208879919273,0.00332319577228045,0.0215488890242722
000818,-0.00093648027666546,-0.0011936221204734998,0.31103698969401616,0.31103698969401616,0.3128679562657696,0.018513876551317674,0.36912209889001013,-0.007740782646109474,0.004946877501846447
000816,0.003536200333170063,0.002188434684609624,0.3408764080850044,0.3408764080850044,0.3301694100684849,0.019825284161970526,0.3740867810292634,-0.006343397171238457,-0.0009177703088182222
000815,0.000647183861735282,0.004339947708689295,0.32122313653431334,0.32122313653431334,0.3413432656494053,0.02352663006529974,0.3889808274470232,-0.006261949088953883,0.0012114438013957347
000813,0.0001766238962707199,0.0011823342572037493,0.31832707517775827,0.31832707517775827,0.32514317754014976,0.00798966650932482,0.3271039354187689,-0.005385111229154221,-0.001832608931688753
000812,3.358113510654923e-05,0.001121560438481829,0.31756810737397145,0.31756810737397145,0.32500300372461854,-0.0002745448301168778,0.2989101917255298,0.0022560005733631553,0.0118135592021467
000811,0.008336112935264945,0.013942595888397316,0.37429096428856756,0.37429096428856756,0.3952300853057792,0.05674476453327494,0.5424621594349142,-0.00625473168679115,-0.0012689201079000498
000810,0.005305964979022527,-0.002433970187881161,0.3529400015978269,0.3529400015978269,0.3067804077055549,0.009045872019121924,0.33097880928355194,-0.008592251728246887,0.0017439752769109595
000807,0.0013955685579680665,0.007078849532242453,0.32599664456339383,0.32599664456339383,0.35492010092514714,0.019136912279268174,0.37160443995963677,-0.005549277180540409,0.0002674574096690886
000803,-0.002978167570876873,0.011191433909398077,0.29827434688823196,0.29827434688823196,0.3792903199967961,0.009424007975025954,0.3326538849646822,-0.0013858134081702292,0.009297665076643693
000802,0.0010741298136522526,0.0017731901210521173,0.32423903491251893,0.32423903491251893,0.3282270014818375,-0.001240535229558122,0.29547931382441983,-0.006234153715424946,0.005161294080383664
000801,-0.00093648027666546,-0.0012763271072130811,0.31103698969401616,0.31103698969401616,0.3124274099883856,0.014391719963732074,0.3519677093844601,-0.008468049422271732,0.0037013379848384676
000799,-0.00093648027666546,-0.0030008720081494324,0.31103698969401616,0.31103698969401616,0.30397693139492976,0.01742338370707964,0.3645206861755802,-0.005927951367341398,1.6206297961936374e-05
000798,-0.0064816587396863195,-0.03533623094079617,0.2777622433490453,0.2777622433490453,0.18092434618927467,-0.01762345608262233,0.24655903128153378,-0.040344171289388185,-0.04131348442272162
000863,0.0010741298136522526,0.007782236356416165,0.32423903491251893,0.32423903491251893,0.35880491809844206,0.018003724805898243,0.36716448032290616,0.0027098054074812736,0.012579171838426207
000796,3.358113510654923e-05,0.0013997504392962983,0.31756810737397145,0.31756810737397145,0.3263046177259802,0.010684710599022196,0.33715438950555,-0.011642601262708116,0.0012921685923396732
000875,-0.0007934375155012897,-0.0030414072937874482,0.3119956858672206,0.3119956858672206,0.3037166085946573,0.014224784552161302,0.3512815338042381,-0.00731261124798933,-0.0020078872089414087
000878,0.009233919243495968,0.00440671939272899,0.38088200047934806,0.38088200047934806,0.341643638111258,0.030160546838054598,0.4175378405650858,-0.00826727425816287,-0.0016672119370285108
000932,-0.00093648027666546,-0.006042663205494686,0.31103698969401616,0.31103698969401616,0.28961912771837073,0.030795199814669088,0.42000000000000004,-0.008412727010454639,-0.001663505894055905
000931,0.0012390037079441688,-0.002766316154313657,0.32513781257489816,0.32513781257489816,0.30519844607313074,0.003330454886081445,0.31101917255297684,0.005693857321430611,0.00965005354287209
000930,-0.0070516014919721195,-0.011993201997685915,0.27422705121035396,0.27422705121035396,0.2626256558132084,-0.034750383879858765,0.2062563067608476,-0.031588392985744534,-0.025737849135713326
000928,-0.0007934375155012897,-0.007683296855487565,0.3119956858672206,0.3119956858672206,0.28200969201810244,-0.008451956111044545,0.2716044399596367,-0.012304086526462518,-0.009562204370651065
000927,-0.0007934375155012897,-0.003595299868768223,0.3119956858672206,0.3119956858672206,0.3010933557611438,0.004501946986533843,0.3149747729566095,-0.005466366323560459,-0.0015932460314322622
000925,0.0012390037079441688,0.0009659916434715215,0.32513781257489816,0.32513781257489816,0.3241819856622211,0.02668471446711122,0.4027850655903128,-0.011824914077874102,-0.006305603632114306
000923,0.0073384062024679855,0.005524963891869015,0.36756011823919466,0.36756011823919466,0.34729064039408863,0.019304632926016925,0.37231079717457116,-0.013994341375554407,-0.009992072161768114
000921,-0.001422334035273219,-0.003174935294045299,0.30768155308780054,0.30768155308780054,0.3033161119788538,-0.00825935436859675,0.27216952573158426,-0.008757172069614782,0.0005905364547256043
000920,-0.0004786128905436058,-0.001377924683284226,0.3140129423983382,0.3140129423983382,0.31192678921863115,0.02069901751757287,0.3778203834510595,0.0020197303156044115,0.009469486584321448
000917,9.137582253753507e-05,-0.0012657048889132053,0.3178277542542143,0.3178277542542143,0.3124674596499659,0.009832654036693948,0.33402623612512616,-0.007817906279344953,-0.001986159317328599
000915,-0.004851559284896157,-0.0026016372038029645,0.2870895582008468,0.2870895582008468,0.3059393648123674,0.004350685160158564,0.3145307769929364,-0.006934123536349491,-0.004520683498924351
000912,0.0067465863562590975,-0.0009074376565432733,0.3627666373731725,0.3627666373731725,0.3144899675597741,-0.02518133005093281,0.22783047426841574,-0.027274380696604685,-0.02821397423989739
000905,0.00044831865286910677,0.0005234771284674689,0.3201845490133418,0.3201845490133418,0.32145860867475673,0.008245364195751212,0.32819374369323917,-0.01254122390253506,-0.0015280937016949876
000902,-0.001422334035273219,-0.004244966646856981,0.30768155308780054,0.30768155308780054,0.29792943249629544,0.0005544065676731084,0.3017759838546922,-0.008392640856509849,0.002903007472087444
000901,9.688394646514073e-05,-0.0014077824338135224,0.3178277542542143,0.3178277542542143,0.31172654091072927,0.035206661868206854,0.43925327951564075,-0.006471594277763415,0.0009243367909702513
000899,-0.0008061300948439974,-0.0030707420960964602,0.31195574019333705,0.31195574019333705,0.3036565341022869,0.008083900219053764,0.327547931382442,-0.004976981506055072,-2.7052149982976557e-05
000898,-0.00093648027666546,-0.0032370600307803825,0.31103698969401616,0.31103698969401616,0.30295566502463056,0.0019400029629536185,0.30661957618567104,-0.0035288839803365125,0.002436910411251192
000895,-0.00093648027666546,-0.0018128118017650741,0.31103698969401616,0.31103698969401616,0.30956385918538987,-0.004995359601016552,0.28252270433905147,-0.0044156263686223746,-0.002652950621647449
000893,0.0005041411005711116,0.007512714870103276,0.3204841415674683,0.3204841415674683,0.35740317994312953,0.0217174492311918,0.3815741675075681,-0.010356908636288856,0.0020259209610029106
000892,0.0010741298136522526,-0.007629390550190593,0.32423903491251893,0.32423903491251893,0.28237013897232566,-0.00796605406478708,0.2733198789101917,-0.019154175987725352,-0.016427246400405965
000890,5.745459181790654e-05,0.0019061082244637869,0.3176679715586802,0.3176679715586802,0.32874764708238213,0.00858317612915055,0.3292230070635721,-0.008613913440137073,-0.0020982675920373953
000889,0.0007809811030938342,-0.0005951461689177041,0.32218183270751777,0.32218183270751777,0.3162121030077296,0.023110604989621576,0.3874268415741675,-0.003922836901072265,0.0020437407874198794
000888,-0.001422334035273219,-0.004450389261003929,0.30768155308780054,0.30768155308780054,0.2969482157875766,0.006391463861580224,0.32135216952573153,-0.01062589060550489,0.0021719254323207247
000887,0.003536200333170063,-0.0020231400832581388,0.3408764080850044,0.3408764080850044,0.3084825183227202,0.01760193388458602,0.36552976791120084,-0.004268804796066117,0.00012656218897274426
000883,-0.0007934375155012897,-0.004028995611038352,0.3119956858672206,0.3119956858672206,0.2989306740358044,0.002835778449965069,0.309364278506559,-0.006147101217801806,-0.002293878704431662
000882,-0.003932222234386879,-0.0025197800459641085,0.29240233282735484,0.29240233282735484,0.30623973727422005,0.004447371933104544,0.31483350151362255,-0.005171524459813673,0.0007216699332476379
000880,-0.0008061300948439974,-0.003923979896256954,0.31195574019333705,0.31195574019333705,0.29941126997476875,0.013545946795768416,0.34865792129162465,-0.01008736711923208,-0.00620608389284435
000876,-0.00793757391006609,-0.0060069046957469795,0.2688743309099625,0.2688743309099625,0.2896992270415315,0.000694465445997014,0.30238143289606456,-0.020280333321010775,-0.011568118188751371
000795,0.0014686110777469086,0.0006843389723149571,0.3265958296716466,0.3265958296716466,0.3223597260603148,0.010367767139497993,0.33602421796165494,-0.006288856319213149,0.004423090138226212
000792,-0.0004786128905436058,0.00029918964047178395,0.3140129423983382,0.3140129423983382,0.3203171933197164,0.004730772791814147,0.31556004036326946,-0.0071431462541170655,0.004434907333326312
000791,-0.0007934375155012897,-0.0024850067349222074,0.3119956858672206,0.3119956858672206,0.3063999359205415,0.006367035096453398,0.32131180625630673,-0.006154559402379292,-0.001895925367976749
000721,3.358113510654923e-05,-0.0012023824603247678,0.31756810737397145,0.31756810737397145,0.3128679562657696,-0.007952277150455244,0.2733400605449041,-0.016711674934604938,-0.004257393008376324
000720,0.0012896139399600525,0.0007928883306538871,0.32541743229208275,0.32541743229208275,0.32318074412271214,0.011169711808720806,0.33919273461150357,-0.0035849329764198077,0.004223366397589466
000716,0.0010959609467799984,0.0006483179432124851,0.32443876328193655,0.32443876328193655,0.3222195522447835,-0.010434074250418476,0.2665388496468214,-0.008119853634564814,-0.004644823803573185
000713,-0.0064816587396863195,-0.014959879971983808,0.2777622433490453,0.2777622433490453,0.24982978893828345,-0.03256656062333564,0.21099899091826435,-0.02111081813571407,-0.012002565613734755
000712,0.0012390037079441688,0.000622942895980463,0.32513781257489816,0.32513781257489816,0.32203932876767194,0.0037003967435881306,0.3122098890010091,-0.012276350467458922,-0.008675076515889345
000711,-0.003948228982648883,-0.0007576127895550275,0.2922824958057042,0.2922824958057042,0.3153109856221715,0.0012463236282487776,0.3041574167507568,-0.005582020650594347,0.0006220381531959152
000710,0.0012390037079441688,0.0008252804002286758,0.32513781257489816,0.32513781257489816,0.32342104209219436,0.009876174412780098,0.3342078708375379,-0.00314904299677215,0.00703726286133041
000709,-0.00093648027666546,-0.007135188374016979,0.31103698969401616,0.31103698969401616,0.28475309383635705,-0.004766408189080763,0.28312815338042385,-0.008348364633971171,-0.0028564305306389044
000708,-0.00093648027666546,-0.006031698680657834,0.31103698969401616,0.31103698969401616,0.2896792022107413,0.0029465631059670413,0.30978809283551967,-0.00938423011222644,-0.0016057906700395373
000703,-0.0020866088172379615,0.006422467754506826,0.30352720300391467,0.30352720300391467,0.3516961031679282,0.016648694283600995,0.36113017154389504,-0.01118695890037629,-0.003083671141020619
000702,-0.0064816587396863195,0.002566408371812607,0.2777622433490453,0.2777622433490453,0.33205174416276184,0.03644463261860927,0.4454288597376388,0.005543123098965502,0.026882554670475265
000700,0.003536200333170063,-0.004273259017526315,0.3408764080850044,0.3408764080850044,0.2977492090191838,0.024636303210356248,0.3938042381432896,-0.006024702495224138,-0.002143341216946431
000697,0.0010959609467799984,0.0014454621976160886,0.32443876328193655,0.32443876328193655,0.3264247667107213,0.020630598374906956,0.37743693239152376,0.00391913213652691,0.012582761813861521
000691,0.0005041411005711116,0.012011859591195174,0.3204841415674683,0.3204841415674683,0.3841163042172293,0.06523579294655564,0.5838143289606459,0.004197569498111882,0.01680652646388579
000690,-0.0012792912741090483,-0.004543919351752603,0.3086202764240633,0.3086202764240633,0.2965076695101926,-0.005153569403251493,0.2820181634712412,-0.012409687431482819,-0.009187078087421058
000688,0.00490792746445183,0.010375187739986517,0.3500039945673884,0.3500039945673884,0.37484480756137606,0.02860314485147776,0.4109384460141271,-0.005645136655837633,0.0034346605834887456
000686,-0.0007934375155012897,-0.004903828364665078,0.3119956858672206,0.3119956858672206,0.29452521126196485,0.00650248092534128,0.3218163471241171,-0.005470199613848973,0.0039037125712387305
000685,-0.003948228982648883,-0.0011244228718929592,0.2922824958057042,0.2922824958057042,0.31316832872762224,0.0046308444212668845,0.3152976791120081,-0.005052820436292367,0.0029443629141897463
000683,-0.0004786128905436058,-0.005757070552217431,0.3140129423983382,0.3140129423983382,0.2907204934118307,0.010656472746201597,0.33705348133198787,-0.0081874288402182,-6.990332692114933e-05
000682,0.00023992670762931138,-7.278721859041377e-06,0.31874650475353516,0.31874650475353516,0.31897552965677445,0.01563767842377715,0.35687184661957616,-0.003624850411383352,-0.00025624952311646167
000681,0.0010741298136522526,0.00588666582708954,0.32423903491251893,0.32423903491251893,0.34911289999599504,0.03231941071352663,0.42611503531786077,-0.010374193141438361,-0.003728935288855163
000680,-0.0007934375155012897,-0.0037419843060078543,0.3119956858672206,0.3119956858672206,0.30021226320637595,0.008671145696824326,0.32954591321897075,-0.007001009934592734,-0.0012253402422453378
000679,0.0015087721856089148,0.006373636208148921,0.3267955580410642,0.3267955580410642,0.35149585486002644,0.02813963895404367,0.4088597376387487,0.001486699072093589,0.009993241409521302
000676,9.137582253753507e-05,0.003798533299138113,0.3178277542542143,0.3178277542542143,0.33876006247747203,0.01439198414810441,0.3519677093844601,-0.006213833246934393,-0.0008119704379485222
000672,-0.00093648027666546,-0.001466521311600602,0.31103698969401616,0.31103698969401616,0.31150626777203727,0.011850176576777208,0.34199798183652874,-0.009256087866016385,-0.0017712882488638275
000670,0.0017637350942085518,0.00018303465340020118,0.32843333067028846,0.32843333067028846,0.31989667187312265,0.0035040731942170998,0.3114833501513623,-0.0068816579623877635,-0.003938022387501253
000665,0.0010741298136522526,0.0009130163516172246,0.32423903491251893,0.32423903491251893,0.3238415635387881,0.014216820224991518,0.3512411705348133,0.007728835365619673,0.01612057977010662
000722,-0.0007934375155012897,-0.0018806553648805398,0.3119956858672206,0.3119956858672206,0.309243461892747,0.019335312948823596,0.37241170534813317,-0.008325653715678201,0.0005541046341451349
000723,-0.002978167570876873,-0.005314124738119801,0.29827434688823196,0.29827434688823196,0.29258280267531744,-0.019731305503417854,0.24092835519677092,-0.012831565367195288,-0.00249603637896916
000725,0.0007809811030938342,0.003003061895682787,0.32218183270751777,0.32218183270751777,0.33445472385758346,0.04184073109840943,0.4710797174571141,0.0002180207769438252,-0.00047537680786434374
000727,-0.0002687061292369071,-0.003604880506640361,0.31561076935367904,0.31561076935367904,0.30103328126877327,-0.004075517659785408,0.2858930373360242,-0.006391378958110549,0.00037018487770239516
000789,0.0005041411005711116,0.0016334472868540543,0.3204841415674683,0.3204841415674683,0.32718571028074817,0.02737512834723032,0.4056710393541877,0.008087637149644692,0.02455404429628607
000786,-0.0004786128905436058,-0.00408844417466442,0.3140129423983382,0.3140129423983382,0.29863030157395165,0.01014547840243893,0.3351765893037336,-0.009378131193501707,-0.000541176445508456
000785,-0.00498190946671762,-0.006155516255680671,0.28651034592953584,0.28651034592953584,0.2890183827946654,-0.0014853246181278927,0.2947931382441977,-0.00858573114768373,-0.0014981693770457116
000783,0.0002562497168294514,-0.0026258590290520554,0.31882639610130226,0.31882639610130226,0.30579919099683606,0.010004288833920023,0.33469223007063575,-0.009013175778094362,0.0026745339343904493
000782,-0.0009517740698086568,0.003228887221187945,0.3109371255093073,0.3109371255093073,0.3357763626897353,0.01736263167221,0.36425832492431887,-0.009524430519043793,0.002576939481678705
000779,0.0012390037079441688,-0.0032128516520998594,0.32513781257489816,0.32513781257489816,0.3031358885017421,-0.008658087731815287,0.27124117053481334,-0.009255939196798943,-0.005048195904120503
000778,-0.00093648027666546,-0.007177172241741791,0.31103698969401616,0.31103698969401616,0.28451279586687495,0.0031338514097995654,0.31035317860746725,-0.008611267924857264,-0.00302812180059031
000777,0.005449007740186698,-0.0025678871414319174,0.35417831748821604,0.35417831748821604,0.30611958828947894,0.03492096749721108,0.43782038345105956,-0.004341403475792088,0.002687560597858235
000776,-0.0007934375155012897,0.00012947996983302555,0.3119956858672206,0.3119956858672206,0.31967639873443066,0.017140190511041264,0.3632290615539858,-0.0045085942293401566,0.004485390162951641
000768,0.00011320695566528081,-0.0005298670625482112,0.3178876727650396,0.3178876727650396,0.31649245063879206,0.013932729984323319,0.35013118062563064,-0.004079082013512642,-0.00109134292078676
000767,-0.0007934375155012897,-0.0027874854414722413,0.3119956858672206,0.3119956858672206,0.30511834674996996,0.01928222289077337,0.37218970736629664,-0.00877030242519299,-0.000317288109802222
000766,0.0002562497168294514,-0.004832304708988558,0.31882639610130226,0.31882639610130226,0.29484560855460773,0.0540663760630501,0.52912209889001,-0.006236192586397442,0.0009594934508249801
000762,0.0025182983100776497,0.0017698009373302887,0.33356634976432054,0.33356634976432054,0.32818695182025714,0.022597179912585103,0.38546922300706354,-0.007175397536784428,0.004178616861468126
000657,0.011150372720139816,0.021590969621982477,0.3944435567628026,0.3944435567628026,0.4400456566142016,0.06926326712739464,0.6043390514631686,-0.006667914981984734,0.002586253536027315
000759,7.834624234107474e-05,-0.013843929950461818,0.3178077814172725,0.3178077814172725,0.2546357483279267,-0.08132422742531344,0.13281533804238144,-0.028102729544912296,-0.0320779875957893
000756,0.0002562497168294514,-0.0030577634749274357,0.31882639610130226,0.31882639610130226,0.303676558933077,0.005238222724487026,0.31755802219979823,-0.00514945357852667,-0.0007441651998661129
000753,-0.004385942953400727,-0.006456318449029707,0.28966605416633373,0.28966605416633373,0.28757659497777244,-0.010060377730428314,0.26758829465186684,-0.00904232632883862,-0.00234943914273595
000751,0.003501052301192367,0.007104494696828769,0.3408164895741791,0.3408164895741791,0.3550002002483079,0.020458274407565424,0.3768920282542886,-0.004419360486770222,0.006480104653683395
000750,-0.0007934375155012897,-0.003324801492146845,0.3119956858672206,0.3119956858672206,0.302455044254876,0.0035811356433874887,0.31184661957618565,-0.006606523661917875,0.0033652161307063323
000739,0.0012390037079441688,2.5254284607764913e-05,0.32513781257489816,0.32513781257489816,0.31919580279546633,0.004931990719939075,0.31618567103935413,-0.007610584884458687,-0.0028523479677398083
000738,-0.00093648027666546,-0.0035274411634838286,0.31103698969401616,0.31103698969401616,0.3014337778845769,0.010400689816293714,0.33610494450050454,-0.007007888023292372,-0.0063477844727374815
000737,0.010446652505982026,0.0077669905712709555,0.38953023887512983,0.38953023887512983,0.35868476911370095,0.01891964636296762,0.37087790110998986,-0.012055308043172687,-0.002459029665676517
000736,0.0010741298136522526,0.003175032467190043,0.32423903491251893,0.32423903491251893,0.33557611438183343,0.008847064381377464,0.33031281533804235,0.00475832679405894,0.010964134313104643
000735,-0.00541927892801287,-0.011755892772721103,0.2839538228009907,0.2839538228009907,0.2636469221835076,-0.019042815964274807,0.24268415741675076,-0.028015484945166876,-0.02067998025643575
000733,-0.00093648027666546,-0.004367021172457089,0.31103698969401616,0.31103698969401616,0.2973086627417998,0.018138621685292903,0.367648839556004,-0.00383918144745144,-0.0016233046739432433
000731,3.358113510654923e-05,-0.003946808812855324,0.31756810737397145,0.31756810737397145,0.29933117065160797,0.028726481565915736,0.41136226034308776,-0.009657124976555645,-0.0014565055669908005
000729,-0.00093648027666546,-0.006175153725690129,0.31103698969401616,0.31103698969401616,0.2888782089791341,0.0036313908847769773,0.3120282542885974,-0.005115562343870099,-0.0009264414199266948
000728,-0.0007934375155012897,-0.005066190215954324,0.3119956858672206,0.3119956858672206,0.2936641435379871,0.0029164835232093796,0.30970736629667006,-0.004655095363286284,0.003944995576716415
000758,0.0014686110777469086,-0.0018011002143249845,0.3265958296716466,0.3265958296716466,0.30964395850855064,0.010967179510417157,0.33830474268415744,-0.005494138484346234,0.0040778670623201575
920970.BJ,-0.003948228982648883,0.013375534414019294,0.2922824958057042,0.2922824958057042,0.39224638551804236,0.06360332235554875,0.5759636730575177,0.000857337484477184,0.013136034182295859
002258,0.00576383236514438,0.0021901736720672327,0.35641527522569305,0.35641527522569305,0.3301694100684849,0.01707936983522635,0.3629667003027245,-0.012889938013744792,-0.005892856308681028
002261,-0.0007934375155012897,0.003086739627528732,0.3119956858672206,0.3119956858672206,0.3349553446273379,0.02542736353435139,0.39727547931382445,-0.005901787171529792,0.001530046618206928
002893,0.0012390037079441688,0.004045516959460833,0.32513781257489816,0.32513781257489816,0.3398814530017221,0.03169376806401742,0.423531786074672,-0.009330047733281947,-0.003317820458194402
002891,-0.006875194098392639,-0.005089102478667668,0.27528561156826714,0.27528561156826714,0.29360406904561653,0.022689446417560166,0.385832492431887,-0.016446621524538803,0.0027920611852663107
002886,0.0067465863562590975,-0.00018894983516259557,0.3627666373731725,0.3627666373731725,0.3182546357483279,-0.012577937164336842,0.2605650857719475,-0.017374334879242198,-0.015286205960488963
002885,0.009413055513156004,0.011540477209215765,0.38235999041303825,0.38235999041303825,0.3810525051063318,0.080416658692641,0.6575378405650858,-0.00912229346674145,-0.004845860188088401
002882,0.003679243094334233,0.0010187920155096577,0.34195494127985937,0.34195494127985937,0.32444230846249345,0.0014600763878224047,0.3050050454086781,-0.009495642257683123,-0.006449393883427421
002881,0.009413055513156004,0.00965649367712254,0.38235999041303825,0.38235999041303825,0.37049941927990704,0.018184236418087925,0.36781029263370335,-0.007810915647225956,-0.004045089145733667
002879,0.0012896139399600525,-0.003088612171034813,0.32541743229208275,0.32541743229208275,0.30361648444070644,0.005967314881308367,0.31999999999999995,-0.0015156940902322196,0.00023077772305703755
002875,-0.0019157877592034247,0.00048631924257490827,0.30466565470959495,0.30466565470959495,0.32127838519764507,0.027742208285680543,0.4073864783047427,0.010752594273221764,0.02082149418334269
002868,-0.00541927892801287,0.007775474464796072,0.2839538228009907,0.2839538228009907,0.3587448436060715,-0.011827637344957207,0.26250252270433905,-0.0029460185136230242,0.022748674268953283
002865,0.0012896139399600525,0.006032438986796585,0.32541743229208275,0.32541743229208275,0.3497737194120709,0.058217376499840275,0.5497275479313825,-0.0020634672619788594,0.0030054665354116114
002862,3.358113510654923e-05,0.003489382138507254,0.31756810737397145,0.31756810737397145,0.33727822499899873,0.024451543478125407,0.39295660948536837,0.0006748707212399835,0.00994489269293583
002860,0.0010959609467799984,0.006805282389965032,0.32443876328193655,0.32443876328193655,0.3535383876006247,0.029070534615618922,0.41283551967709387,-0.006406109313824893,-0.0006204959802392495
002859,0.003170610257468015,0.014978567196840799,0.3382000479348086,0.3382000479348086,0.4014778325123153,0.0741140164664398,0.6279515640766902,-0.0032670600993133744,5.000018060130492e-06
002855,0.003170610257468015,-0.01420810356248297,0.3382000479348086,0.3382000479348086,0.25279346389523005,0.016016792036468414,0.3585671039354188,-0.005796185452815264,-0.00834775699786467
002852,-0.00541927892801287,-0.008845471086428254,0.2839538228009907,0.2839538228009907,0.277063558812928,-0.00939747029572864,0.2694046417759839,-0.009489372580835067,0.004732625392851942
002851,0.003679243094334233,0.022989420684252818,0.34195494127985937,0.34195494127985937,0.44863630902318874,0.05349709020264179,0.5261352169525731,-0.004275731499278086,4.628079786942699e-05
002850,0.0012896139399600525,0.0004926134432408231,0.32541743229208275,0.32541743229208275,0.3213384596900156,0.00453346068081953,0.3151160443995964,-0.0006873418129200935,0.001784990933985047
002849,0.0012390037079441688,0.003855727552504733,0.32513781257489816,0.32513781257489816,0.3390404101085346,0.019626973785932,0.3732795156407669,-0.0034263008645430038,0.00517212145011837
002847,-0.00093648027666546,-0.0031301754278874818,0.31103698969401616,0.31103698969401616,0.30349633545596544,0.011588745773821438,0.3408678102926337,-0.005936140444584597,-0.0024892059649698752
002845,0.0007809811030938342,-0.00579355818845859,0.32218183270751777,0.32218183270751777,0.2905202451039288,0.012533192251964828,0.3447023208879919,-0.0041156281714000344,0.0030982957993988154
002843,0.0012390037079441688,0.0028092410932760575,0.32513781257489816,0.32513781257489816,0.33355360647202537,0.03714240753092035,0.44811301715438956,-0.00042953569980145836,0.006249428290369893
002842,0.011584037903598255,0.021124882981104324,0.39779899336901814,0.39779899336901814,0.4372421803035764,0.04523778342970052,0.4875681130171544,-0.007371297918622699,0.002084602948693783
002841,0.0017637350942085518,-0.003167041553316798,0.32843333067028846,0.32843333067028846,0.30337618647122433,0.019639398004815904,0.3733602421796165,-0.004480572463808752,-0.004175607493523014
002840,0.00011320695566528081,-0.0002136963109366466,0.3178876727650396,0.3178876727650396,0.31819456125595735,0.007996532745376778,0.3271039354187689,-0.008248040576681907,-0.0017275783944322228
002839,-0.0006945143344845361,-0.0046481867139389395,0.31271470799712386,0.31271470799712386,0.2958068004325364,0.006252574274405402,0.3210090817356206,-0.006269680952059372,0.0029668504447415787
002838,0.0005041411005711116,0.00021303295152989862,0.3204841415674683,0.3204841415674683,0.319936721534703,0.04002747338100221,0.4623410696266398,-0.006543125339312682,0.0046730036631429895
002837,0.0012390037079441688,0.006463135840808347,0.32513781257489816,0.32513781257489816,0.35183627698345954,0.017127200209791433,0.3631685166498486,-0.006609844034117563,-0.0005898801906753251
002895,-0.0004786128905436058,-0.0032597666042899613,0.3140129423983382,0.3140129423983382,0.3027554167167288,0.0024772461503148667,0.30813319878910195,-0.009025993179874753,0.0020797323695420024
002832,-0.002898541750318142,-0.0011517811112100515,0.29877366781177594,0.29877366781177594,0.31306820457367135,0.01854769558890364,0.36938446014127146,-0.006444010445896779,-0.004153473654753002
002896,0.0002562497168294514,-0.0018554805159828665,0.31882639610130226,0.31882639610130226,0.30934358604669787,0.03732652253331003,0.44875882946518664,-0.0038761194195782293,0.006092666252885817
002899,3.358113510654923e-05,0.004449417140431025,0.31756810737397145,0.31756810737397145,0.3418238615883695,0.03432959643779755,0.43499495459132187,0.009821096214544812,0.023849796843873235
002943,0.0012390037079441688,0.00840176484684357,0.32513781257489816,0.32513781257489816,0.3627297849333173,0.028266911111406338,0.4094853683148335,-0.008858240360711433,-0.0017822729088499347
002942,0.0005041411005711116,0.004880813761974673,0.3204841415674683,0.3204841415674683,0.34424686611398136,0.003435639805625681,0.3113824419778002,0.0033640347905081907,0.014939894603755124
002941,-0.00038062627667237323,-0.00744884238572136,0.3147319645282416,0.3147319645282416,0.2831110577115623,0.0036309270677097314,0.3120282542885974,-0.005837572318721667,-0.001275891156682347
002940,0.0012390037079441688,0.006309478317767989,0.32513781257489816,0.32513781257489816,0.35105530858264244,0.0011221519604743646,0.30381432896064586,-0.0070105201603880875,-0.0010263594139245215
002939,-0.0007934375155012897,-0.006324370993575199,0.3119956858672206,0.3119956858672206,0.2882173895630582,0.006428157114611731,0.32145307769929365,-0.006378718824133977,0.0032282701196585844
002938,0.0035916090456423657,0.016960748559174926,0.34135575617160663,0.34135575617160663,0.4121710921542713,0.06733488346443971,0.5939051463168517,-0.006600068565595552,-0.0021481945546056877
002937,0.003536200333170063,0.0128731031346965,0.3408764080850044,0.3408764080850044,0.38884216428371177,0.05488212241411889,0.5334611503531785,-0.0037205250685188804,0.001655095889648765
002936,-0.0006945143344845361,-0.0032993032586083014,0.31271470799712386,0.31271470799712386,0.3025751932396171,-0.003757938595473534,0.2870232088799193,-0.0067799067205782946,0.002314276729668849
002931,0.0012390037079441688,0.008704254832462012,0.32513781257489816,0.32513781257489816,0.36459209419680405,0.05736154370794622,0.5455499495459133,-0.003298353645283038,0.0017888393937771356
002929,0.0017637350942085518,0.010062977583244799,0.32843333067028846,0.32843333067028846,0.3729624734670992,0.021132408429077813,0.37941473259334,-0.005105996827050831,-0.0012706054887430631
002928,-0.001087222338069393,-0.0008856622450286383,0.31013821203163694,0.31013821203163694,0.3146101165445152,0.007607867743327756,0.32581231079717454,-0.01154855158404614,0.0032182612782107886
002927,0.0012896139399600525,-0.0015533684328523235,0.32541743229208275,0.32541743229208275,0.31090552284833195,0.021635611131243352,0.38115035317860746,0.000386325996982358,0.004331360392988465
002925,0.0017637350942085518,0.001721152918046269,0.32843333067028846,0.32843333067028846,0.32764628138892227,0.02206352390208507,0.38310797174571143,-0.002546742352079439,-0.001557664352797022
002922,0.003170610257468015,0.0022414569910410497,0.3382000479348086,0.3382000479348086,0.3303896832071769,0.0206529106170561,0.37749747729566097,-0.007218492434504936,-0.0032583269177718054
002920,-0.0003355701293794355,0.000310343613194416,0.3151513941040185,0.3151513941040185,0.32033721815050664,0.023385450735113732,0.38841574167507564,-0.003668709930537087,0.0016043109048625686
002918,0.0010959609467799984,-0.004172825262494306,0.32443876328193655,0.32443876328193655,0.2982298049581481,0.011787913395734541,0.341715438950555,-0.0051021234439433336,0.001848346879498791
002916,0.0035916090456423657,0.01617071656764796,0.34135575617160663,0.34135575617160663,0.4077656293804317,0.07270843704541784,0.6210898082744702,-0.00527498870919294,-0.005429865012413028
002915,-5.43721281327397e-06,-0.002623930981175921,0.3173284333306703,0.3173284333306703,0.3058192158276263,-0.012099657092855112,0.26183652875882946,-0.010643088907470852,-0.0009306772622506066
002913,0.0035916090456423657,0.02009774153148484,0.34135575617160663,0.34135575617160663,0.4309343586046698,0.011483698333670704,0.34048435923309783,-0.008612637996472767,-0.015839160782185953
002910,0.0010959609467799984,0.011091067187913379,0.32443876328193655,0.32443876328193655,0.3786295005807201,0.007767641248790931,0.3263168516649848,0.0065730923945073,0.019330942821971352
002909,0.006276026390794536,-0.02411227948751962,0.3595909562994327,0.3595909562994327,0.2160879490568305,-0.04671349667721736,0.1826034308779011,-0.04371743583396565,-0.03974640778211055
002907,0.0012390037079441688,0.00424410384126788,0.32513781257489816,0.32513781257489816,0.3409027193720213,0.009450634629492926,0.3327144298688194,-0.00624071452767204,0.0019871378509636987
002906,0.0011465711787958818,-0.007109478627737729,0.3246784373252377,0.3246784373252377,0.28487324282109816,0.009385453598754116,0.33249243188698285,-0.0037045145837023732,0.0026331805011715415
002905,1.1750001978803488e-05,0.0023271354338626747,0.3174482703523208,0.3174482703523208,0.3308502543153511,-0.006881103289254318,0.27664984863773967,-0.0012910546772461906,0.010594685450079565
002903,0.0012390037079441688,0.009888688578872581,0.32513781257489816,0.32513781257489816,0.3718010332812688,0.018297640782157943,0.368335015136226,-0.008999206622598638,-0.005195334868735523
002902,0.009413055513156004,0.011881577064765883,0.38235999041303825,0.38235999041303825,0.38327526132404177,0.003953939261314341,0.3130776992936428,-0.006910207229511797,-0.0021117146905100187
002900,0.0012390037079441688,0.0020357258983444418,0.32513781257489816,0.32513781257489816,0.32944851616003845,0.018507290013877166,0.36912209889001013,-0.004286806002633159,0.0035796478887171754
002897,0.009413055513156004,0.013251848610150068,0.38235999041303825,0.38235999041303825,0.39152549160959593,0.06841779681380683,0.5995963673057518,-0.005295065801981566,-0.004824126351901712
002831,0.0010959609467799984,0.003942286967074016,0.32443876328193655,0.32443876328193655,0.33954103087828913,0.02769779384851966,0.4072250252270434,-0.006026477969265837,-0.002871965663619594
002829,0.00011320695566528081,-0.003726748094913454,0.3178876727650396,0.3178876727650396,0.3004125115142777,-0.002367681018226856,0.29194752774974775,-0.002532417822669815,0.0012004969013575514
002828,-0.0025076076054123117,0.005420000348830415,0.3010505712231365,0.3010505712231365,0.3468901437782851,0.017299248744657665,0.36407669021190714,-0.007119800340833125,0.003879414925532563
002756,0.002991473987807982,0.00013853560152125892,0.33700167771830314,0.33700167771830314,0.3197364732268012,0.023046023998067364,0.38702320887991926,-0.007207455510493377,0.00399230903269289
002755,0.0012390037079441688,9.820778673901041e-05,0.32513781257489816,0.32513781257489816,0.3194961752573191,0.018935788122768502,0.3709384460141272,-0.004050818034689537,0.002867187007191252
002752,-0.0009491728560081681,-0.008891761207890776,0.3109970440201326,0.3109970440201326,0.2767431615202851,-0.0012778796546495845,0.2953784056508577,-0.001965610125091043,7.331555198292525e-05
002747,0.0012390037079441688,0.011545453603965588,0.32513781257489816,0.32513781257489816,0.38109255476791226,0.0222933688134695,0.38397578203834515,-0.004005464297358257,0.000799248793895122
002746,-0.00745172015145833,-0.002456297551050637,0.2717504194295758,0.2717504194295758,0.30656013456686293,-0.00109306150352689,0.2959636730575177,-0.016048491277276637,-0.0026418837958824457
002745,0.0017637350942085518,0.004476962558972081,0.32843333067028846,0.32843333067028846,0.34196403540390086,0.026208766618723827,0.40088799192734614,-0.005852874219957566,-0.0036907114717340678
002742,0.0012390037079441688,-0.009907453634320074,0.32513781257489816,0.32513781257489816,0.2721775001001242,-0.03708742790961624,0.20090817356205848,-0.0026573389266734636,0.0060453646394655084
002741,0.003170610257468015,0.008178812391089557,0.3382000479348086,0.3382000479348086,0.361468220593536,0.0584208927329259,0.5505549949545914,-0.005258260722155078,-0.002324393953828315
002739,-0.0014441651684009647,-0.0008173865345450474,0.30756171606615,0.30756171606615,0.31499058832952864,0.011968731335646292,0.3426034308779011,-0.008596187918794844,-0.0027624945856363874
002738,0.00490792746445183,0.011433127694747268,0.3500039945673884,0.3500039945673884,0.38041171052104605,0.04236461362046436,0.47392532795156406,-0.006098643664988456,0.0025129464195380175
002736,-0.003948228982648883,-0.006796972852660078,0.2922824958057042,0.2922824958057042,0.28599463334534825,0.006839312169768525,0.32298688193743696,-0.006849175915696328,0.002790679832074929
002735,0.00011320695566528081,-0.00345907723752231,0.3178876727650396,0.3178876727650396,0.3017541751772198,0.016747404211759714,0.3615338042381433,-0.007983917118837601,-0.001302607615669746
002734,-0.0004786128905436058,-0.001222786616232868,0.3140129423983382,0.3140129423983382,0.3127878569426088,0.01437116074309156,0.3518466195761857,-0.012978170265237695,-0.0009650174313846283
002733,0.0012896139399600525,0.0035928762466703235,0.32541743229208275,0.32541743229208275,0.3376987464455925,0.042896806609078166,0.476670030272452,-0.0027165539888057665,0.0009976848650848134
002730,0.0012390037079441688,0.004827160686528165,0.32513781257489816,0.32513781257489816,0.34402659297528937,0.047311354997927955,0.4968718466195762,-0.005765899544144578,-0.0003484525544861514
002728,0.0002562497168294514,-0.0018072931591139436,0.31882639610130226,0.31882639610130226,0.30956385918538987,-0.0013078604856080322,0.2953380423814329,-0.0073678771017582564,-0.000732338857548742
002724,0.0010959609467799984,0.004568368945223239,0.32443876328193655,0.32443876328193655,0.3424646561736553,0.0005475846474011285,0.3017558022199798,-0.0086048947105969,-0.0022462429258415235
002721,-0.0019157877592034247,0.0033096903616791655,0.30466565470959495,0.30466565470959495,0.3363170331210701,-0.00521830333833721,0.28179616548940467,-0.008915021392713504,-0.005324097150461254
002716,0.00490792746445183,0.011889067973695553,0.3500039945673884,0.3500039945673884,0.383295286154832,0.031117470597557248,0.4211907164480323,-0.008293495572953363,0.0008402649091566686
002714,-0.004434082741256642,-0.0035798061488171253,0.2894663257969162,0.2894663257969162,0.3011934799150947,-0.013666236415857312,0.2576387487386478,-0.00634809993243571,0.0018123724028697148
002713,0.0012390037079441688,-0.001705296006910064,0.32513781257489816,0.32513781257489816,0.31022467860146585,0.01899578944225808,0.3711604439959637,-0.0061543764469213155,-0.0008270929809284968
002712,0.0010741298136522526,0.0008029099909319889,0.32423903491251893,0.32423903491251893,0.3232608434458729,0.018347279651327646,0.36857719475277495,-0.00042267464243262153,0.006278219491515461
002709,-0.0034903615965270296,0.006017427549746165,0.2951585843253176,0.2951585843253176,0.3497336697504906,0.02861795095477369,0.4109989909182644,-0.005498814162507063,0.0038452543255574115
002708,0.002473820521496613,-0.0014591434592356584,0.3333067028840776,0.3333067028840776,0.3115262926028275,-0.005945713008533334,0.2797376387487387,-0.01854084772584731,-0.01746232021019814
002707,-0.0009491728560081681,0.002119699459329746,0.3109970440201326,0.3109970440201326,0.329849012775842,0.008072175456125508,0.3274672048435924,-0.010754792278165646,0.0038739745198944956
002706,0.0012896139399600525,0.003862106828982005,0.32541743229208275,0.32541743229208275,0.3390804597701149,0.012884099284142145,0.3462563067608476,-0.004308311156019651,-0.0011148565566670603
002703,0.003536200333170063,0.0034977397647971238,0.3408764080850044,0.3408764080850044,0.3373382994913693,0.02063616544616053,0.37745711402623616,-0.009544846721756546,-0.004511538505709241
002757,0.0002562497168294514,-0.002562380906543964,0.31882639610130226,0.31882639610130226,0.30615963795105927,-0.0002250194973144182,0.2991120080726539,-0.0070302092294363926,-0.0026721353582033866
002758,0.0005041411005711116,-0.0022067928719889706,0.3204841415674683,0.3204841415674683,0.3077816492450639,0.007163636035667838,0.324117053481332,-0.006988666280212948,0.0008824822336136601
002761,0.0002562497168294514,-0.0053423736969955785,0.31882639610130226,0.31882639610130226,0.2925627778445272,0.007520415192246059,0.325489404641776,-0.0035080553302983208,-0.002440679979081888
002762,0.0006492744380267937,0.009406712321222848,0.32122313653431334,0.32122313653431334,0.3688573831551123,0.10359351099112511,0.7612310797174571,0.006277411692346266,0.012187981834988688
002827,0.0004545799232809,0.011854557793083425,0.3201845490133418,0.3201845490133418,0.38313508750851055,-0.01984336697064851,0.2407669021190716,-0.0137339184854921,-0.009651813306345201
002824,0.00490792746445183,0.012768692972380017,0.3500039945673884,0.3500039945673884,0.3882213945292162,0.0214646492560049,0.3807669021190716,-0.007093530453666645,0.002438646762532051
002821,0.0010312878679035091,0.006533420281817845,0.3238395781736838,0.3238395781736838,0.3521366494453122,0.03197284045421719,0.42456104944500506,-0.007051143214607637,-0.004672672710282803
002820,0.0010959609467799984,0.005740497376949398,0.32443876328193655,0.32443876328193655,0.3483920060875486,0.04612530343664015,0.4912008072653885,0.006622418107014669,0.01380594142025467
002819,0.0012390037079441688,0.0008815566145229418,0.32513781257489816,0.32513781257489816,0.3237013897232568,0.003414846690835574,0.311321897073663,0.0063886371212073835,0.01757530006974874
002815,0.009413055513156004,0.004719886338320544,0.38235999041303825,0.38235999041303825,0.3433457487284233,0.02428963708420007,0.39227043390514627,-0.020075272013467295,-0.017104235261337836
002812,0.0017627896176903846,0.0059727672000248555,0.32843333067028846,0.32843333067028846,0.3495334214425888,0.04412836379784646,0.48256306760847634,-0.0021568159061436357,0.001361907455662645
002811,0.0012390037079441688,0.002655235805867992,0.32513781257489816,0.32513781257489816,0.3325523649325163,0.003985119696121177,0.3131584258324924,-0.00562603526739375,-0.0021980731670378168
002810,-0.0004786128905436058,0.0009500007207350896,0.3140129423983382,0.3140129423983382,0.32408186150827023,0.024339577955844387,0.3925529767911201,-0.006530318102495625,0.004159206715714256
002807,-0.0006945143344845361,-0.002133038562099904,0.31271470799712386,0.31271470799712386,0.30804197204533623,0.007163293911157831,0.324117053481332,-0.0051493050496068445,0.00274486090955392
002805,0.00227236793107477,0.00790124816471279,0.3321283055045139,0.3321283055045139,0.3596659858224198,0.04030481171430752,0.46351160443995965,-0.0013968977061217848,0.002435809123405982
002803,-0.003932222234386879,0.001268933718049105,0.29240233282735484,0.29240233282735484,0.3256638231406944,0.028854189407979392,0.41198789101917255,-0.006456353745732811,-0.0009324097794527865
002798,0.0010959609467799984,0.0044683982678201,0.32443876328193655,0.32443876328193655,0.3419239857423205,0.026050287057556062,0.40022199798183655,0.004952478376117595,0.016353256041417102
002945,0.0012390037079441688,0.003515110881220304,0.32513781257489816,0.32513781257489816,0.3373783491529496,0.02719166908214499,0.4050252270433905,-0.009616360734433078,-0.0014525874891448722
002797,-0.0007934375155012897,-0.004072867218621853,0.3119956858672206,0.3119956858672206,0.2987104008971124,0.021124808506178695,0.37941473259334,-0.005536269555522784,0.002807532527132336
002795,0.0012390037079441688,0.002255338255232087,0.32513781257489816,0.32513781257489816,0.33048980736112776,0.031647722493695477,0.4233905146316852,-0.006572679225045075,-0.003491451580424903
002793,0.0012390037079441688,-0.003020864245043932,0.32513781257489816,0.32513781257489816,0.303896832071769,0.009198873815016276,0.33164480322906154,-0.00304551538440108,0.004467557274602216
002792,0.0017637350942085518,0.003376692598458834,0.32843333067028846,0.32843333067028846,0.33671752973687374,0.010657401745901761,0.33705348133198787,-0.0074506655685187525,-0.00136619580545463
002788,0.0001766238962707199,-0.0017875886909028416,0.31832707517775827,0.31832707517775827,0.30974408266250153,0.004532985569601714,0.3151160443995964,-0.004224901380830174,-0.0010039037246155644
002787,3.358113510654923e-05,0.0024664847005362303,0.31756810737397145,0.31756810737397145,0.3315310985622172,-0.002274107273994158,0.2923713420787084,-0.012532204135487956,-0.010504972494483535
002785,0.0005041411005711116,0.009814759618244403,0.3204841415674683,0.3204841415674683,0.371380511834675,0.02713930824089839,0.40480322906155397,-0.005145756215161543,0.0014950933833068648
002782,0.0017637350942085518,-0.0004839756106678958,0.32843333067028846,0.32843333067028846,0.31671272377748405,0.011157252870287244,0.33915237134207876,-0.004071865531058323,0.0016944358096159988
002779,0.0012390037079441688,0.0021875976092533517,0.32513781257489816,0.32513781257489816,0.3301694100684849,-0.006576292756052651,0.2776589303733602,-0.006144487824336323,0.000636263024646833
002774,0.0012390037079441688,0.0014853588784855623,0.32513781257489816,0.32513781257489816,0.3265449156954624,0.017960933237350762,0.36694248234106963,-0.004372859680058543,-0.001973292486176308
002772,-0.00541927892801287,-0.0027343692578317303,0.2839538228009907,0.2839538228009907,0.3052985702270816,0.00039048243488759647,0.3012310797174571,-0.01602635498002646,0.0006643675075531473
002771,0.000647183861735282,0.015169436189137317,0.32122313653431334,0.32122313653431334,0.4023188754055028,0.04149994539784724,0.46948536831483345,3.374636159845368e-06,0.005504970538368643
002768,0.0009251398887454622,0.013508528476403903,0.32310058320683865,0.32310058320683865,0.39302735391885935,0.037888011665589964,0.4516044399596367,-0.008815485657802536,0.0019571866931913377
002765,0.008371770425598586,-0.0029003909203671996,0.37451066549492695,0.37451066549492695,0.30451760182626453,0.035820678261813864,0.4423612512613522,0.0029352230640568577,0.006243169315355272
002796,0.003170610257468015,0.010144963448969488,0.3382000479348086,0.3382000479348086,0.3733229204213224,0.028178328299453055,0.40908173562058525,-0.0056720950146441525,0.001090631777311709
002702,0.0010959609467799984,-0.0037797744816837646,0.32443876328193655,0.32443876328193655,0.3000720893908446,-0.023741000397542806,0.23152371342078704,-0.021777768595386097,-0.01994825740773289
002946,-0.00035995422359977005,-0.0015978140680746528,0.31491172006071744,0.31491172006071744,0.3108654731867516,0.0032421507018291955,0.310736629667003,-0.004577556658204348,-0.0011962817993884291
002948,-0.0006945143344845361,0.0013166928874418973,0.31271470799712386,0.31271470799712386,0.3258440466178061,0.022934102103207454,0.3867810292633703,-0.00556660702129646,0.002894217954787953
600061,-0.0007934375155012897,-0.0028732988082118298,0.3119956858672206,0.3119956858672206,0.3046177259802154,0.01359427179707627,0.3489001009081736,-0.005811777955791279,0.003617381660548733
600060,-0.00035995422359977005,-0.002521890591138583,0.31491172006071744,0.31491172006071744,0.30623973727422005,0.0038528030832526245,0.31277497477295657,-0.007582819353354743,0.002154695175683897
600059,0.006828827889083599,0.0009851790732061246,0.36322601262283294,0.36322601262283294,0.32422203532380156,0.004301525320712184,0.3143693239152371,-0.01383670668678027,-0.016676346279298843
600057,-0.000601368579461634,-0.004974430836144399,0.3133338659423185,0.3133338659423185,0.29406464015379075,0.009057417728170562,0.33099899091826435,-0.011015342510420044,0.002338292500481342
600054,-0.00093648027666546,-0.0030609511014361547,0.31103698969401616,0.31103698969401616,0.303676558933077,0.018279654964798855,0.3682542885973764,-0.00950899415578745,0.002013721597639667
600050,-0.003948228982648883,-0.005377151529530215,0.2922824958057042,0.2922824958057042,0.29248267852136645,-0.00283653201743051,0.2902119071644803,-0.007348701148155031,0.002648026359471647
600048,-0.0034903615965270296,-0.00812806916376579,0.2951585843253176,0.2951585843253176,0.2801273579238256,-0.009900944422494848,0.2679112008072654,-0.007838771275755854,0.0011289291919928857
600039,-0.003948228982648883,-0.004436951934248562,0.2922824958057042,0.2922824958057042,0.29704833994152746,0.0001812590467778662,0.3003229061553986,-0.006748737391145077,0.002386644798520891
600038,-0.00093648027666546,-0.005871595602604053,0.31103698969401616,0.31103698969401616,0.29021987264207616,0.006825547772340131,0.32296670030272456,-0.004652415689333379,-0.003460047354007108
600037,-0.0009583114097932058,0.0019396927480669593,0.31091715267236564,0.31091715267236564,0.328847771236333,0.010947611391223688,0.33828456104944504,-0.006075609556980689,-0.002071901879928001
600036,-0.003948228982648883,-0.004300146112018505,0.2922824958057042,0.2922824958057042,0.2976490848652329,0.00040873717541088287,0.30135216952573163,-0.005330085139735634,0.0029491522631723
600032,-0.0007934375155012897,-0.0045535618369492315,0.3119956858672206,0.3119956858672206,0.2963875205254516,0.01551158060992254,0.3563471241170535,-0.00827320134822454,-0.002928659734577968
600031,-0.003948228982648883,-0.0057124542864435135,0.2922824958057042,0.2922824958057042,0.29090071688894226,-0.00142350896963895,0.29497477295660945,-0.007209564165250874,0.002759391905861166
600030,-0.003948228982648883,-0.004180150204665181,0.2922824958057042,0.2922824958057042,0.29818975529656777,0.004941154975619294,0.31618567103935413,-0.005438799957837648,0.0035006641079530026
600029,-0.003948228982648883,-0.0005436509989068062,0.2922824958057042,0.2922824958057042,0.31639232648484117,0.004097277381452594,0.3135216952573159,-0.007459823786575826,0.0034548515380644425
600028,-0.003948228982648883,-0.0061283196813828895,0.2922824958057042,0.2922824958057042,0.2891585566101966,0.011023823522566993,0.3385065590312816,-0.006031341211960873,0.0018753046936191898
600027,-0.004434082741256642,-0.007748684574095759,0.2894663257969162,0.2894663257969162,0.2818695182025712,0.0007446076537340358,0.3025227043390515,-0.006662951251118396,0.001289659208995574
600026,-0.0025076076054123117,0.010747467441326401,0.3010505712231365,0.3010505712231365,0.3769073651327647,0.018334011516574204,0.36853683148335015,-0.010698994786150877,-0.0027321336960778285
600025,-0.003948228982648883,-0.0033433739169163677,0.2922824958057042,0.2922824958057042,0.30237494493171535,0.008032543660285572,0.32724520686175584,-0.004718938626547585,0.003597139659378252
600023,-0.003948228982648883,-0.007300253105178418,0.2922824958057042,0.2922824958057042,0.2838720012815892,-0.002592672897786023,0.29109989909182643,-0.010548123012739805,-0.0049416474062584995
600022,-0.00093648027666546,-0.0012540291873355954,0.31103698969401616,0.31103698969401616,0.31252753414233647,0.0010435294387485818,0.3035721493440968,-0.008005878938352856,-0.0023797413078169584
600021,-0.0007934375155012897,-0.00431408371517962,0.3119956858672206,0.3119956858672206,0.2975689855420721,0.004946470556120133,0.31620585267406665,-0.008019790323876824,-0.0032855813556398714
600019,-0.003948228982648883,-0.006197995804356178,0.2922824958057042,0.2922824958057042,0.2887580599943931,0.0037090667186666765,0.3122300706357215,-0.00671657123452117,0.002304476361434278
600018,-0.003948228982648883,-0.002636719924982437,0.2922824958057042,0.2922824958057042,0.30567904201209495,0.009274035237761892,0.33186680121089807,-0.004686298971304158,0.002351750773159922
600017,-0.000601368579461634,-0.004316362843144709,0.3133338659423185,0.3133338659423185,0.2975289358804918,0.004096261771310066,0.3135216952573159,-0.009873881271961546,0.0006500703595904106
600016,-0.003948228982648883,-0.003047362192492146,0.2922824958057042,0.2922824958057042,0.303676558933077,0.001782738078087509,0.30601412714429865,-0.006530783458521615,0.0027228824154334917
600015,-0.004434082741256642,0.00024040497733869402,0.2894663257969162,0.2894663257969162,0.3200768953502343,-0.0015348868472955834,0.2945913218970737,-0.005588247122781373,0.0025678821326956727
600063,-0.00093648027666546,-0.005330084282690218,0.31103698969401616,0.31103698969401616,0.2925627778445272,0.00942384016503638,0.3326538849646822,-0.006056091674374403,0.0031075608065821827
600012,0.00044831865286910677,-0.004076384827750541,0.3201845490133418,0.3201845490133418,0.2986703512355321,0.014976715909900396,0.3542885973763875,-0.010528573601874147,0.0034256057840470634
600064,-0.0009583114097932058,-0.0031082878489275666,0.31091715267236564,0.31091715267236564,0.30353638511754577,0.001307532049977526,0.30435923309788093,-0.004478354424514029,-0.0010883415962394509
600072,0.00023992670762931138,-0.002860383341857336,0.31874650475353516,0.31874650475353516,0.30475789979574675,-0.009142374995554085,0.2700706357214935,-0.006010160848197464,-0.003355721124823688
600121,-0.002978167570876873,-0.02190797855735341,0.29827434688823196,0.29827434688823196,0.22375745924946933,-0.04647161354877426,0.18300706357214935,-0.02685668447524364,-0.022854021625765313
600120,-0.0007934375155012897,-0.005420444206700952,0.3119956858672206,0.3119956858672206,0.29226240538267456,0.009285041238719483,0.33192734611503527,-0.008058517924035611,0.002514535468352827
600118,-0.003948228982648883,0.0022971890572206937,0.2922824958057042,0.2922824958057042,0.3307501301614001,0.021402421668385758,0.38046417759838547,-0.0061488538795441946,0.00486936711794879
600116,-0.0007486724082667642,-0.0025817042842650414,0.3123352240952305,0.3123352240952305,0.30601946413552805,0.008550009682349308,0.3290817356205853,-0.007545225534419816,-0.001419806517992331
600115,-0.003948228982648883,0.0007986901887288201,0.2922824958057042,0.2922824958057042,0.32322079378429247,0.005025143400697499,0.3165893037336024,-0.0073561045288043385,0.0033939495374192405
600114,0.0012390037079441688,0.008612488035785798,0.32513781257489816,0.32513781257489816,0.3641915975810004,0.027089527691510067,0.40458123107971744,-0.005130784271605596,0.0009103705018060432
600113,-0.003932222234386879,-0.0031381075439639765,0.29240233282735484,0.29240233282735484,0.3034362609635949,0.008504837788239187,0.32890010090817356,-0.0114948614682954,-0.0063700213707373055
600111,-0.003948228982648883,-0.001249067839044188,0.2922824958057042,0.2922824958057042,0.312587608634707,0.008209725382427282,0.32809283551967705,-0.00662628620123482,0.003654306197333437
600110,0.003679243094334233,0.007876847075863511,0.34195494127985937,0.34195494127985937,0.3595258120068885,0.024912474166013714,0.39493440968718463,-0.006493026144842625,-0.005215893070529969
600109,-0.0007934375155012897,-0.0045159068723666694,0.3119956858672206,0.3119956858672206,0.296547719171773,0.007071606297939146,0.32381432896064577,-0.005563055913211385,0.003248774431676411
600108,-0.005647848712683053,-0.009100901314821042,0.28269553407365977,0.28269553407365977,0.27574191998077613,-0.03287521235512538,0.21023208879919275,-0.033869860348995535,-0.03401052701595789
600105,0.009413055513156004,0.014033555808467362,0.38235999041303825,0.38235999041303825,0.3958108053986944,0.03651518996196973,0.44573158425832493,-0.005516787784263873,-0.003156377408417228
600104,-0.00038896981214261826,-0.006852149142378899,0.3146720460174163,0.3146720460174163,0.2858144098682366,-0.013134715599083814,0.2591120080726539,-0.008489059721900892,-0.004978826279636481
600103,0.0010959609467799984,-0.00689831872139643,0.32443876328193655,0.32443876328193655,0.2856141615603348,-0.032438302837896976,0.2113824419778002,-0.016030357511356584,-0.014631467106366992
600101,-0.0007934375155012897,-0.005512847782276675,0.3119956858672206,0.3119956858672206,0.29180183427450035,-0.0027167967494472626,0.29053481331987896,-0.00566437781637463,0.001559342902465292
600100,-0.0007934375155012897,0.0031184637180166628,0.3119956858672206,0.3119956858672206,0.33515559293523967,0.026407467303039257,0.40167507568113014,-0.005206586710300029,0.0019273756920663728
600098,-0.0012792912741090483,-0.004846037181466218,0.3086202764240633,0.3086202764240633,0.29474548440065684,0.0021486180942111963,0.3072452068617558,-0.0082152619533097,-0.0027667951345075868
600097,-0.00541927892801287,0.007074042016251499,0.2839538228009907,0.2839538228009907,0.3548400016019865,0.026612322686647493,0.40240161453077694,0.0009826443046466648,0.023836991580538907
600096,-0.0004786128905436058,-0.003945513314650399,0.3140129423983382,0.3140129423983382,0.2993511954823982,0.00721013632434451,0.32429868819374374,-0.008104048486949794,0.0019380889127388534
600095,0.0012390037079441688,0.006871063270556178,0.32513781257489816,0.32513781257489816,0.35377868557010694,0.007913297991652003,0.3268819374369324,-0.0085547007904342,-0.0015262785318165787
600094,0.0010741298136522526,0.004868133005385804,0.32423903491251893,0.32423903491251893,0.34422684128319114,0.019017152305544533,0.3712613521695257,0.006379218149414869,0.010478619816430222
600089,-0.0002459270509784475,-0.004140200512078468,0.31573060637532957,0.31573060637532957,0.29841002843525977,0.008825611488306838,0.3301311806256306,-0.00446232371272284,0.00028187700054107444
600088,0.0010741298136522526,0.004313929997019502,0.32423903491251893,0.32423903491251893,0.3412431414954543,0.028782499094177336,0.411664984863774,-0.006017499514520241,-0.0016541706585714798
600085,-0.0007934375155012897,-0.002852687279892442,0.3119956858672206,0.3119956858672206,0.3048179742881173,0.0007153879759110169,0.30242179616548936,-0.006234455614874986,-1.902410016056278e-05
600078,0.0005041411005711116,0.0015940413725270598,0.3204841415674683,0.3204841415674683,0.32696543714205617,0.018737087614323314,0.37003027245206865,-0.00870223243138685,0.003488169732464493
600076,0.0010959609467799984,-0.00017866668697231084,0.32443876328193655,0.32443876328193655,0.3182546357483279,-0.00300528566044648,0.28974772956609485,0.00784408625123794,0.024479991396752346
600075,-0.0004786128905436058,-0.00647368299258832,0.3140129423983382,0.3140129423983382,0.28745644599303133,0.005041700295446037,0.3166296670030272,-0.010785558851347198,-0.0032745530780948374
600066,0.0011465711787958818,-0.003466997948195877,0.3246784373252377,0.3246784373252377,0.30169410068484925,0.01061053490692942,0.33697275479313826,-0.0057111667955081335,-0.0006132076688439368
600011,-0.004434082741256642,-0.0050981271949335424,0.2894663257969162,0.2894663257969162,0.29352396972245587,-0.001321562805464156,0.2952573158425833,-0.008762692924072227,-0.0031973280553941616
600010,-0.003948228982648883,-0.003964191704593314,0.2922824958057042,0.2922824958057042,0.2992510713284473,-0.0006657670987025851,0.2974974772956609,-0.006973648612634975,0.0038287947963312505
600009,-0.000601368579461634,-0.002931989298742834,0.3133338659423185,0.3133338659423185,0.3043774280107333,0.0056315437105669336,0.3188496468213925,-0.009609718971468699,0.002562655063942392
002989,0.0012390037079441688,0.0023999140683507963,0.32513781257489816,0.32513781257489816,0.33117065160799386,0.004088449268647123,0.31348133198789097,-0.005210710393336344,0.0012211213752708445
002988,0.002438672489518918,0.003244638355419228,0.3331069745146601,0.3331069745146601,0.3358764868436862,-0.012341468803450443,0.26115035317860746,-0.015145443928601166,-0.010403762163955891
002987,0.0001376055483508965,0.001339150585352169,0.31798753694974835,0.31798753694974835,0.3259842204333373,0.030136906983574255,0.4174369323915237,-0.0057008317813573555,-0.0004915965037908128
002985,-0.00093648027666546,-0.0015211590175629377,0.31103698969401616,0.31103698969401616,0.31112579598702395,0.018357811948881943,0.36861755802219975,-0.005145381396311002,-0.0025051018095416052
002984,9.688394646514073e-05,-0.008982127471680632,0.3178277542542143,0.3178277542542143,0.2763827145660619,-0.0006508732694631858,0.2975580221997982,-0.007701225068281378,0.00012056827461659901
002982,-0.0064816587396863195,-0.00770520664912945,0.2777622433490453,0.2777622433490453,0.2819696423565221,-0.038400606363843105,0.19844601412714424,-0.008431273876977197,0.007485543699944149
002980,0.008859308538348773,-0.015302698145971117,0.37816569465526884,0.37816569465526884,0.24844807561376103,-0.0041373988699226205,0.28550958627648837,-0.027581223943041144,-0.0285995558799051
002979,0.0012390037079441688,0.008535574221422407,0.32513781257489816,0.32513781257489816,0.36357082782650485,0.02706518859943212,0.40450050454086783,-0.007211558637524971,0.0014775691895464408
002976,0.003536200333170063,0.0043285447207979215,0.3408764080850044,0.3408764080850044,0.34130321598782487,0.04084172721767472,0.466175580221998,-0.0006277953836984736,0.008202701840739887
002975,0.007915114147090594,0.0159352982620279,0.3713349844211872,0.3713349844211872,0.40668428851776206,0.02396534072731952,0.3910191725529768,-0.00908910444657831,-0.0029952791422468844
002973,-0.002978167570876873,0.006299056003505657,0.29827434688823196,0.29827434688823196,0.3509752092594818,0.05986436806484631,0.5577598385469222,0.002712668928067076,0.02253082189305821
002972,0.0012390037079441688,0.008270220281177233,0.32513781257489816,0.32513781257489816,0.36186871720933955,0.041481450233217296,0.46942482341069625,0.007569384151854748,0.013762109701086172
002971,0.0005041411005711116,0.014046643342197627,0.3204841415674683,0.3204841415674683,0.39589090472185506,0.029141226880528056,0.4132593340060545,-0.009881217889832926,-0.0027751628415593208
002970,0.000647183861735282,0.007086009264829659,0.32122313653431334,0.32122313653431334,0.35494012575593736,0.020838398584620638,0.37828456104944497,-0.005270320310049774,-0.0015977026797575357
002969,0.0010959609467799984,0.0016046953829291144,0.32443876328193655,0.32443876328193655,0.3270255116344267,0.014367349302287408,0.3518466195761857,-0.011130488686425927,-0.0036782602811545103
002966,-0.0006945143344845361,-0.00427675551566758,0.31271470799712386,0.31271470799712386,0.29772918418839356,0.011928521712652771,0.3423814328960646,-0.005870304625709541,0.002316077777466319
002965,0.003536200333170063,0.011593864165378458,0.3408764080850044,0.3408764080850044,0.3813929272297649,0.05774328924055235,0.5473461150353178,-0.005332975855871094,-0.0011191658720636779
002963,0.0012390037079441688,0.005397116987715759,0.32513781257489816,0.32513781257489816,0.3468901437782851,0.021372867520967162,0.38036326942482346,-0.006914651923521421,-0.0036683786297989707
002962,0.0007809811030938342,-0.00197849350713466,0.32218183270751777,0.32218183270751777,0.3087828907845729,-0.0093669708280508,0.2695660948536831,-0.00045009370040363964,0.004897435948914108
002961,0.0002562497168294514,-0.00835073488549008,0.31882639610130226,0.31882639610130226,0.2791461412151067,0.0037354482100531968,0.3122502522704339,-0.005619310690537874,0.00526026580591709
002958,-0.0006945143344845361,-0.0012929965413309298,0.31271470799712386,0.31271470799712386,0.3123272858344347,-0.0013629853472363505,0.2951765893037336,-0.0059007942182827434,0.0028007289973188986
002957,0.007481448963632157,0.016565767514896173,0.36841895022769033,0.36841895022769033,0.40996836076735155,0.04528480359259374,0.48774974772956614,-0.00445048565710304,0.0004527726254194865
002956,0.0010959609467799984,0.002713833016635409,0.32443876328193655,0.32443876328193655,0.3330129360406905,0.03860223914844463,0.45539858728557014,0.011503799222325172,0.019030487689741905
002955,0.003170610257468015,0.001535406764884881,0.3382000479348086,0.3382000479348086,0.3266650646802034,0.010293897511980048,0.3357214934409687,-0.007522286903115789,-0.004108438535248605
002953,0.003679243094334233,-0.000515499095220809,0.34195494127985937,0.34195494127985937,0.3165525251311626,0.01406431609763006,0.35071644803229063,-0.007883055397678017,-0.00800149779735763
002952,0.003170610257468015,0.0052732311203576646,0.3382000479348086,0.3382000479348086,0.3463094236853699,0.0457403350086165,0.48950554994954587,0.004900825564199447,0.011673013119481287
002949,0.0012390037079441688,-0.004974822490178677,0.32513781257489816,0.32513781257489816,0.29406464015379075,0.00609302043730504,0.3204843592330979,0.0014652469489933578,0.006721938896890659
002990,0.0010599951005641987,0.014799228171702976,0.32407925221698486,0.32407925221698486,0.4006768392807081,0.04589739492186046,0.49011099899091826,-0.004796216646159248,0.00028970267207586965
002993,0.0017637350942085518,0.006024437168967641,0.32843333067028846,0.32843333067028846,0.3497536945812808,0.021299750651197397,0.380100908173562,-0.003239656874150967,-0.0010563641685855537
002995,0.0010741298136522526,0.004994411501860566,0.32423903491251893,0.32423903491251893,0.34492771036084746,0.019243683195121482,0.3720282542885974,-0.003987748152565303,0.004760350633648636
002997,8.41913671224326e-05,-0.0018268959942135657,0.3178077814172725,0.3178077814172725,0.30952380952380953,0.01908009377656889,0.37148335015136225,0.0020426321322826926,0.006859871869570396
600008,-0.003948228982648883,-0.005652151834084709,0.2922824958057042,0.2922824958057042,0.29112099002763425,0.0014229074802363957,0.304803229061554,-0.007040547454711387,0.0014930007370327783
600000,-0.0006945143344845361,-0.0060868532290005994,0.31271470799712386,0.31271470799712386,0.28939885457967884,0.00390290717412875,0.3129566094853683,-0.006337932273338741,0.0034104456273131457
302132,0.00011320695566528081,-0.0030691445147383177,0.3178876727650396,0.3178876727650396,0.3036565341022869,-0.0024999925365579434,0.29140262361251257,-0.009778643853943891,-0.0072703875237259165
003816,-0.0007934375155012897,-0.005829167084613112,0.3119956858672206,0.3119956858672206,0.29031999679602705,0.005259551487050005,0.31759838546922303,-0.005420460805143569,-0.0008305483967526268
003043,0.003170610257468015,0.015305275182133673,0.3382000479348086,0.3382000479348086,0.4031799431294806,0.029458664169311765,0.4146316851664985,-0.0044150428818865795,0.0004892886189577594
003042,0.0005041411005711116,0.002572726275701564,0.3204841415674683,0.3204841415674683,0.3321118186551324,0.015624727181724585,0.35681130171543896,0.004376723822481967,0.017279990229407797
003040,0.003170610257468015,-0.013347590872077209,0.3382000479348086,0.3382000479348086,0.25677840522247586,0.01281263939830136,0.3459939455095863,-0.018162846270131004,-0.02342519250183297
003039,-0.0025076076054123117,0.002847251227746692,0.3010505712231365,0.3010505712231365,0.3336937802875566,0.015839829133210366,0.3577396569122099,-0.002607305179156193,0.005253718989059784
003036,0.007481448963632157,0.011467657534530329,0.36841895022769033,0.36841895022769033,0.38063198365973805,0.03361411412111422,0.43188698284561045,-0.008206543617459943,-0.002101529727871701
003035,0.0002562497168294514,-0.0021532063889076517,0.31882639610130226,0.31882639610130226,0.3079818975529657,0.0032551252767139462,0.3107568113017154,-0.005205779553160063,0.00020647513084743113
003033,0.008716265777184602,0.009056612252135771,0.37710713429735565,0.37710713429735565,0.3667948255837238,0.028680715122027325,0.41114026236125123,-0.010340583926196193,-0.007308846210252082
003032,0.0010959609467799984,0.015408779707385876,0.32443876328193655,0.32443876328193655,0.4038607873763467,0.03684696680369267,0.4471039354187689,-0.013529015702442195,-0.002299540783004127
003031,0.009413055513156004,0.021929139510082577,0.38235999041303825,0.38235999041303825,0.4419880652008491,0.058225136936423304,0.5497275479313825,-0.003338523852456578,-0.0011916329067236402
002947,0.003170610257468015,0.009165950641398682,0.3382000479348086,0.3382000479348086,0.3674956946613801,0.02626362991184932,0.40104944500504536,-0.0030031082911378343,-0.002631294367533855
003030,-0.0064816587396863195,0.0006383535968485847,0.2777622433490453,0.2777622433490453,0.3221394529216228,0.02418393388391499,0.3917860746720484,-0.008646594229078413,0.003973125132298607
003023,0.0010959609467799984,0.008075762171065438,0.32443876328193655,0.32443876328193655,0.3606672273619288,0.050535464267476564,0.5122906155398588,-0.003854026646273101,0.010672933851487224
003022,0.00023992670762931138,-0.002958599674068639,0.31874650475353516,0.31874650475353516,0.30421722936441187,0.019914043663025946,0.37440968718466194,-0.003248675837691864,-0.00020896617798421254
003021,0.00297552288017644,0.009072248760523179,0.3369617320444196,0.3369617320444196,0.36687492490688456,0.019238461300855086,0.3720080726538849,-0.0012782536100800186,0.0018238759416373338
003019,0.0017637350942085518,0.0012010628727596516,0.32843333067028846,0.32843333067028846,0.32522327686331054,0.012633321007367386,0.3453279515640767,-0.0030647303925583408,-0.0023819148630067903
003018,0.0010959609467799984,0.012570080142616279,0.32443876328193655,0.32443876328193655,0.387079979174176,-0.02876122589529837,0.21989909182643796,-0.014021323083426362,-0.009327843655119837
003013,0.007481448963632157,-0.00024364759452062608,0.36841895022769033,0.36841895022769033,0.3181144619327967,0.0027274066142567908,0.30906155398587287,-0.011526745569782369,-0.006325626009078202
003010,-0.0029494682432721613,0.003499944123600592,0.2983941839098826,0.2983941839098826,0.3373382994913693,0.013078803181544564,0.3468213925327952,-0.00880908803947605,-0.0013795561282927105
003009,-0.00093648027666546,-0.0007225365093162096,0.31103698969401616,0.31103698969401616,0.31547118426849297,0.015965618672224183,0.35830474268415746,-0.007869011786091914,-0.005353838174230888
003006,-0.004434082741256642,-0.005799146897015416,0.2894663257969162,0.2894663257969162,0.2905002202731387,-0.01082262465046358,0.26554994954591327,-0.010621805082478196,-0.004269917926906692
003005,0.000647183861735282,-0.01314321844008427,0.32122313653431334,0.32122313653431334,0.25765949777724373,0.035534034881699816,0.44078708375378406,-0.006085237630647832,-0.0025275734269455453
003004,0.000647183861735282,0.014271043197544367,0.32122313653431334,0.32122313653431334,0.3974127918619088,0.057928124676894586,0.5482744702320888,0.0009356808135659203,0.004331040468749612
003002,0.0005041411005711116,0.008630601391600004,0.3204841415674683,0.3204841415674683,0.36425167207337095,0.02237793314415923,0.3843390514631685,0.0027010154882035156,0.018456474340113587
002999,0.0005041411005711116,-0.008771843547728489,0.3204841415674683,0.3204841415674683,0.2772037326284593,-0.024861183730358026,0.2283753784056508,-0.01835037395194875,-0.009395886469690333
003026,0.0007809811030938342,0.002889555613809207,0.32218183270751777,0.32218183270751777,0.33401417758019947,0.025046525444536952,0.3955196770938446,-0.0003362395056096936,0.0013511556031780792
002259,0.007481448963632157,0.0008155469846288373,0.36841895022769033,0.36841895022769033,0.323280868276663,0.021631373372062095,0.38113017154389506,0.006229295305455798,0.02000853403316255
002698,0.0002562497168294514,-0.0007888597643447392,0.31882639610130226,0.31882639610130226,0.3151507869758501,0.015498345039427448,0.3562462159434914,-0.004907450483654592,0.0003399745351448921
002696,-0.00541927892801287,-0.004634623015288523,0.2839538228009907,0.2839538228009907,0.29586687492490693,-0.005104836865619765,0.282159434914228,-0.02643243731809627,-0.0132280774293509
002413,-0.00093648027666546,-0.001080397686516175,0.31103698969401616,0.31103698969401616,0.31338860186631423,0.03303620801622795,0.4294853683148335,-0.005368214731053485,-0.0006728817330597104
002412,0.0012390037079441688,0.001548824883435967,0.32513781257489816,0.32513781257489816,0.3267451640033642,0.0030064485853390243,0.3100908173562058,-0.008634386540311399,-0.006604011323950311
002410,-0.0003355701293794355,0.0005673311166640514,0.3151513941040185,0.3151513941040185,0.32181905562897994,0.028983727912517434,0.4124722502522704,-0.00594798848852418,-0.00015129665382846778
002409,0.003170610257468015,0.016299616769962513,0.3382000479348086,0.3382000479348086,0.408466498458088,0.04050016479064634,0.4645408678102926,-0.004942504005621488,-0.0018786767473819403
002408,-0.003948228982648883,0.00023277385681058928,0.2922824958057042,0.2922824958057042,0.3200568705194441,0.013715643886358271,0.34932391523713424,-0.008995289208880767,0.0011840332313980443
002407,0.0005041411005711116,0.0076006923605939376,0.3204841415674683,0.3204841415674683,0.3578237013897233,0.007837021894418443,0.32657921291624625,-0.010260976345377112,-0.000391710719350351
002405,-0.0007934375155012897,0.0013940916217759737,0.3119956858672206,0.3119956858672206,0.3263046177259802,0.015679082205587884,0.3570131180625631,-0.005581899797026876,0.002214291096019833
002403,3.358113510654923e-05,-0.011468605940095347,0.31756810737397145,0.31756810737397145,0.26494853618486924,-0.03549484000400667,0.2046417759838547,-0.025269199391846568,-0.021268876035826716
002402,-0.0002687061292369071,0.0013142076869924492,0.31561076935367904,0.31561076935367904,0.32582402178701586,0.029248625941751833,0.413824419778002,-0.005063622053929051,0.0011332928335211175
002400,9.137582253753507e-05,0.001993889108389822,0.3178277542542143,0.3178277542542143,0.3291881933597661,0.0065175351701024726,0.3218567103935419,-0.009094149363597292,-0.0029590230119488736
002396,0.0035916090456423657,0.017612927375804846,0.34135575617160663,0.34135575617160663,0.41643638111257963,0.03663100880229787,0.4461553985872856,-0.010982212728206372,-0.01354875250195623
002392,-0.00093648027666546,-0.003214357394825621,0.31103698969401616,0.31103698969401616,0.3031358885017421,0.019611728709828136,0.3732593340060545,-0.006674530026491718,0.00106504503252325
002389,-0.00093648027666546,-0.0016696905105919066,0.31103698969401616,0.31103698969401616,0.3105250510633185,0.0035931813847961467,0.31188698284561045,-0.006967291373724685,-0.006507720655374864
002388,0.003170610257468015,0.0011688362636011447,0.3382000479348086,0.3382000479348086,0.32512315270935965,0.011374677172231538,0.33995963673057517,-0.009157845547547477,-0.0038102551620287375
002385,-0.00541927892801287,-0.007525928332264379,0.2839538228009907,0.2839538228009907,0.2827906604189194,-0.020450521747919854,0.2392936427850656,-0.02040594364908612,-0.003980856067397305
002384,0.009834054301330355,0.02135752203860665,0.3851961332587681,0.3851961332587681,0.4387240177820497,0.08731201368466764,0.6907568113017155,-0.005352796452449268,-0.00201233041354056
002383,-0.0029494682432721613,-0.007698636020115666,0.2983941839098826,0.2983941839098826,0.2819896671873122,-0.016229467906679482,0.2503329969727548,-0.016088697732696222,-0.011354903760655215
002380,-0.0003355701293794355,0.0012068470712122768,0.3151513941040185,0.3151513941040185,0.3252833513556811,0.01996704932441924,0.3746316851664985,-0.0032605479422326816,0.003029868949674099
002379,0.002991473987807982,0.005947123357208239,0.33700167771830314,0.33700167771830314,0.3494132724578477,0.06944876591346578,0.6054288597376387,-0.008560105848297365,6.589630000325754e-05
002378,0.0025182983100776497,0.006514003695001835,0.33356634976432054,0.33356634976432054,0.35207657495294165,0.028604122039214593,0.4109384460141271,-0.004928123261803217,0.006935147226902704
002377,-0.002978167570876873,-0.0009302144835554174,0.29827434688823196,0.29827434688823196,0.3143497937442429,0.006464020403719906,0.3216548940464178,-0.017863945807141124,-0.015042794608414812
002373,-0.0007934375155012897,0.00032013103106602034,0.3119956858672206,0.3119956858672206,0.3204173174736673,0.018447733429388484,0.3689404641775984,-0.005228486034360138,0.0038749384583385
002371,0.0017637350942085518,0.005679550485781358,0.32843333067028846,0.32843333067028846,0.3480515839641155,0.040393039774099665,0.4639757820383451,-0.0007991461113017172,0.002469433316483293
002370,0.0012390037079441688,0.0023360660714383313,0.32513781257489816,0.32513781257489816,0.33091032880772153,-0.004309393696686757,0.2849041372351161,-0.007208455828977875,-0.001375344591892717
002369,0.0017637350942085518,-0.0028126103378895363,0.32843333067028846,0.32843333067028846,0.30499819776522885,0.004789957088389514,0.31572149344096867,-0.0032628687968912114,0.005974136366832251
002368,0.000647183861735282,0.001942200510232846,0.32122313653431334,0.32122313653431334,0.328847771236333,0.012011114440228744,0.34278506559031285,-0.00430505037757812,0.0033623408992187937
002366,0.00022723412828660339,-0.0018699832740956828,0.31868658624270996,0.31868658624270996,0.30934358604669787,0.008537573584168559,0.3290413723511605,-0.005298056000669041,-0.002221984945542448
002414,-0.00093648027666546,-0.0006499810668975792,0.31103698969401616,0.31103698969401616,0.3158316312227162,0.014126488738435956,0.35093844601412716,-0.004641350660939241,-0.0005100103591320282
002365,0.0012390037079441688,0.004122356611659271,0.32513781257489816,0.32513781257489816,0.3402819496175258,0.007402269118659718,0.32498486377396574,-0.010775040662009995,-0.00814394693484301
002415,-0.0007934375155012897,0.006176790756921071,0.3119956858672206,0.3119956858672206,0.35025431535103524,0.025859029639762592,0.3991927346115035,-0.0036976324105908493,0.0022358463131077664
002418,0.0010959609467799984,-0.0013972026445959152,0.32443876328193655,0.32443876328193655,0.3118466898954704,-0.01996908869947646,0.24046417759838545,-0.016312741886802647,-0.009790755935162517
002457,0.0005041411005711116,0.00013572819615523097,0.3204841415674683,0.3204841415674683,0.3197164483960111,0.01268808172642005,0.345489404641776,-0.01090253944759042,-0.005808698964920551
002456,0.0017637350942085518,0.00020554467415145997,0.32843333067028846,0.32843333067028846,0.319936721534703,0.02333411770344612,0.388234106962664,-0.00493263364813063,0.0001480020292383995
002455,-0.0004786128905436058,-0.0037702903945807074,0.3140129423983382,0.3140129423983382,0.30011213905242495,0.012820599976244507,0.3460544904137235,-0.009420929121825355,0.003070752742525123
002452,-0.0002459270509784475,-0.0006034185036020119,0.31573060637532957,0.31573060637532957,0.31613200368456884,0.014589150151456022,0.3527144298688194,-0.0035945525782973063,-0.00010233782693490749
002451,0.00227236793107477,-0.000189980085330781,0.3321283055045139,0.3321283055045139,0.3182346109175378,0.01250259671944811,0.3446014127144299,-0.0003891201813997636,0.002059113363367588
002448,0.008371770425598586,-0.00150379085037756,0.37451066549492695,0.37451066549492695,0.31114582081781406,0.003677890170756601,0.312108980827447,-0.006654971414613042,-0.0033759167136561763
002446,-0.00035995422359977005,0.0017670823235341488,0.31491172006071744,0.31491172006071744,0.32818695182025714,0.014939700253128099,0.3541473259334006,-0.0042508264099800595,0.0002522171751978737
002445,0.0012390037079441688,0.004535143603409704,0.32513781257489816,0.32513781257489816,0.3422644078657535,0.012554438036434915,0.3447830474268416,-0.005940446589848134,1.1175944174705461e-05
002444,-0.0002169114624355995,-0.0020074620979822363,0.3158304705600383,0.3158304705600383,0.3086026673074612,0.022297731691769684,0.38397578203834515,-0.006913736898739602,7.630888588945634e-05
002443,3.358113510654923e-05,0.007044832019920224,0.31756810737397145,0.31756810737397145,0.35459970363250426,0.015167088644221937,0.3550151362260343,-0.00661639476074865,-0.002774942588594953
002442,-0.004011848054945611,-0.0002918008114394571,0.2918630662299273,0.2918630662299273,0.31773399014778325,0.02192390585451262,0.3823208879919273,0.000985395089179839,0.016868630352138425
002440,0.0005041411005711116,0.0006866907770920318,0.3204841415674683,0.3204841415674683,0.3223597260603148,0.019348653905468867,0.37241170534813317,-0.00987818798679416,-0.0005365359939711211
002439,-0.0007934375155012897,0.0009330106034401146,0.3119956858672206,0.3119956858672206,0.323941687692739,0.016446171361571303,0.36056508577194757,-0.007607476035882136,0.00030048706544233764
002438,0.0002562497168294514,-0.002515656951248828,0.31882639610130226,0.31882639610130226,0.30625976210501016,0.02038476934711634,0.3763673057517659,-0.004040467099999242,0.0015990776450299378
002437,0.0012390037079441688,0.004642097223259351,0.32513781257489816,0.32513781257489816,0.3429452521126196,0.01605152697836004,0.3586680121089808,-0.01183192059808156,-0.0076868461765183796
002436,0.009834054301330355,0.013635185169950775,0.3851961332587681,0.3851961332587681,0.39358804918098445,0.03432315459136165,0.43491422805247226,-0.011722437643621783,-0.011545929813277064
002432,0.0012390037079441688,0.006626793792395235,0.32513781257489816,0.32513781257489816,0.35251712123032564,0.0368969513531132,0.44724520686175584,-0.008149705878003977,-0.001972161860960114
002430,-0.0004786128905436058,-0.00020737630811084372,0.3140129423983382,0.3140129423983382,0.3182145860867476,0.023491932489153246,0.3889001009081735,-0.0064312318025059835,0.004205166670123073
002429,0.0010959609467799984,-2.3466771022707284e-05,0.32443876328193655,0.32443876328193655,0.318935479995194,0.029511319129245178,0.41481331987891024,-0.0071328756133981295,0.002264025050895684
002428,0.012005036691772606,0.024503640322207216,0.40059519054086445,0.40059519054086445,0.4579278305098322,0.06164822945142402,0.5667608476286579,-0.00712272476088355,0.0007584930716847226
002427,0.0005041411005711116,-0.0009329746164919991,0.3204841415674683,0.3204841415674683,0.3142897192518723,0.009728278216893387,0.3336226034308779,-0.001860622218769004,0.006027221635631507
002426,0.0007809811030938342,-0.001857654270242323,0.32218183270751777,0.32218183270751777,0.30934358604669787,0.021789157613800042,0.38175580221997985,-0.00519999704132741,-0.0005055268105557992
002425,0.0010741298136522526,0.004937460794785117,0.32423903491251893,0.32423903491251893,0.34458728823741436,0.0031791582133839694,0.31051463168516646,-0.006611551901969523,0.0009026814397951229
002423,0.0002562497168294514,-0.005187136182716755,0.31882639610130226,0.31882639610130226,0.2930834234450719,0.006565378459088713,0.32205852674066604,-0.007194501961440247,0.0026336122950981196
002422,0.0002562497168294514,0.006071547464283568,0.31882639610130226,0.31882639610130226,0.349893868396812,0.028565446152876546,0.410736629667003,-0.004522481372769418,0.001780854643887708
002421,0.0001376055483508965,0.0019036472571267872,0.31798753694974835,0.31798753694974835,0.32874764708238213,0.02221209289039428,0.3836932391523713,-0.008234787199445696,0.0009490257397913512
002419,-0.004994602046060328,-0.006294695220066926,0.28649037309259406,0.28649037309259406,0.2883575633785894,0.0033295874632473317,0.31099899091826433,-0.005026700985435521,0.0011473432861808736
002416,-0.00498190946671762,-0.006751672631039301,0.28651034592953584,0.28651034592953584,0.2862749809764108,-0.00020869204922219242,0.2991523713420787,-0.007308344026995755,-0.002095365813292855
002364,0.003679243094334233,0.013313576781350686,0.34195494127985937,0.34195494127985937,0.3919660378869798,0.05894873467784383,0.5529566094853683,-0.0018333245388346864,0.0024278451056593394
002361,0.0005041411005711116,3.7796635139727394e-05,0.3204841415674683,0.3204841415674683,0.3192558772878369,0.03423764005784,0.4344702320887992,-0.009311101624646469,0.00034873757535963093
002357,-0.000614061158804342,0.00015333891331625538,0.3131940560837261,0.3131940560837261,0.319816572549962,0.007879614696394017,0.32676084762865787,-0.020046641036841235,-0.01383770355781991
002298,-0.0003355701293794355,0.0008964400129045895,0.3151513941040185,0.3151513941040185,0.32374143938483724,0.010909891483696353,0.3381432896064581,-0.006773577798704804,0.0010850969396350644
002297,0.0004545799232809,-0.01667664603160735,0.3201845490133418,0.3201845490133418,0.24342184308542592,-0.0030892343255550397,0.2894248234106963,-0.021345570013162903,-0.02475741444701939
002294,-0.0012792912741090483,0.00023064738213324438,0.3086202764240633,0.3086202764240633,0.32001682085786376,0.014204596988800708,0.3512209889001009,-0.007208756140695118,0.0022913277027531227
002292,9.137582253753507e-05,0.003462780756146314,0.3178277542542143,0.3178277542542143,0.33717810084504785,0.012389738708214066,0.3440968718466195,-0.008367074388989482,-0.003345281689436905
002291,0.0010741298136522526,0.0036843127509176804,0.32423903491251893,0.32423903491251893,0.33821939204613716,-0.006231771781836257,0.27864783047426844,-0.009509521719233534,-0.005203551790085756
002290,0.0073384062024679855,0.010969595021539191,0.36756011823919466,0.36756011823919466,0.37790860667227366,0.024117127572773154,0.39146316851664986,-0.01011310180300657,0.0024487008463770863
002289,0.0017637350942085518,0.006338447328491417,0.32843333067028846,0.32843333067028846,0.35125555689054433,0.03310548255372609,0.42972754793138246,-0.00746178238884686,-8.072852723660488e-05
002286,-0.0064816587396863195,-0.012655772566114937,0.2777622433490453,0.2777622433490453,0.25972205534863235,-0.019120046267007917,0.24244197780020182,-0.02862683866105142,-0.01793214668060067
002285,0.0010741298136522526,0.004123889102071165,0.32423903491251893,0.32423903491251893,0.3402819496175258,0.00837372845425544,0.3285973763874874,-0.010961023945014001,-0.004945615982506721
002284,0.0011465711787958818,-0.0023491992466990698,0.3246784373252377,0.3246784373252377,0.30714085465977814,0.007206984025752976,0.32427850655903123,-0.005820342985609653,-0.0010300549373689937
002283,0.0011465711787958818,-0.001960333565052503,0.3246784373252377,0.3246784373252377,0.3089230646001041,0.011706737395566501,0.34119071644803234,-0.006058449470024027,0.001758389619008098
002281,0.009834054301330355,0.02512312939535712,0.3851961332587681,0.3851961332587681,0.4617926228523369,0.1289146655206443,0.8485166498486377,-0.004361670211744834,-0.004780803734413923
002279,-0.0003355701293794355,0.0010921261767468094,0.3151513941040185,0.3151513941040185,0.3248428050782971,0.016462709901375678,0.36056508577194757,-0.005702135039712391,-0.0013592596194291467
002278,0.0012390037079441688,-0.002740085153877668,0.32513781257489816,0.32513781257489816,0.3052785453962914,0.0494992059110894,0.5074066599394551,-0.0013920610247168098,0.0011563234181129777
002277,-0.003932222234386879,0.00015738587690714408,0.29240233282735484,0.29240233282735484,0.319816572549962,0.0051881100512983745,0.3173562058526741,-0.009511407293628565,-0.00010239606532097751
002276,0.00023992670762931138,-0.0027357011983563345,0.31874650475353516,0.31874650475353516,0.3052785453962914,0.00798370219478877,0.3271039354187689,-0.003851852444213252,0.0002817328307543782
002274,0.006276026390794536,9.396785333879661e-05,0.3595909562994327,0.3595909562994327,0.31945612559573877,-0.0011884822671498322,0.29566094853683145,-0.01857790676291822,-0.010572553075441625
002273,0.0017637350942085518,0.005638291468939108,0.32843333067028846,0.32843333067028846,0.3478313108254235,0.01888746028254059,0.37071644803229065,-0.0025626407198098763,0.0002415790442531371
002272,0.0012390037079441688,0.002816754640192827,0.32513781257489816,0.32513781257489816,0.3336136809643958,0.03130055098369891,0.4219576185671039,-0.008102076600929018,-0.0009996321048733033
002271,-0.0004786128905436058,-0.005106836827432621,0.3140129423983382,0.3140129423983382,0.2934438703992951,0.019038902922517854,0.3713218970736629,-0.007011011426020778,-0.0008359420231494741
002270,0.0008164527606950017,-0.0005249272293666482,0.3224414795877606,0.3224414795877606,0.31649245063879206,0.018916138897904583,0.37083753784056506,-0.0015340745427567073,-0.00015292522272086358
002267,-0.0008061300948439974,-0.0046262367421053,0.31195574019333705,0.31195574019333705,0.2959669990788578,0.001022406818260448,0.3035116044399596,-0.003374990878127995,0.0013969569692310045
002266,-0.003948228982648883,-0.0014971792167247095,0.2922824958057042,0.2922824958057042,0.31124594497176494,0.008368826271777326,0.328577194752775,-0.0065264384785333595,0.003365684898154075
002265,0.0021293251699106,-0.00037364835991501145,0.3309898537988336,0.3309898537988336,0.31741359285514037,0.001304333518501014,0.30435923309788093,-0.008525355344924993,-0.007026568906773829
002264,-0.000497828311405582,0.0044257146171358275,0.3138331868658625,0.3138331868658625,0.34170371260362853,-0.005800390250242667,0.28008072653884963,-0.010427918716817374,-0.009015571863761139
002263,-0.00093648027666546,-0.0015863553791587001,0.31103698969401616,0.31103698969401616,0.3108654731867516,0.0020640079357053653,0.3068819374369324,-0.0066117790513222675,0.004334100095594292
002262,-0.0007934375155012897,-0.002140648466482965,0.3119956858672206,0.3119956858672206,0.308021947214546,0.008822510599518886,0.3301311806256306,-0.005125225567476209,0.0006662200125439634
002299,-0.00793757391006609,-0.003159176319259499,0.2688743309099625,0.2688743309099625,0.30339621130201455,-0.006448305956773254,0.27792129162462165,-0.012155531187834925,0.001848326778486441
002300,0.0012099881194013208,-0.006186357732208139,0.32499800271630586,0.32499800271630586,0.28881813448676363,-0.015620151962366595,0.2518869828456105,-0.01770842629257407,-0.021860147912409377
002301,0.00011320695566528081,-0.00038117361432648996,0.3178876727650396,0.3178876727650396,0.31737354319356004,0.01951801252202987,0.37291624621594344,-0.003900880216367425,-0.0002589560667835672
002303,0.0010959609467799984,-0.0005422709266715607,0.32443876328193655,0.32443876328193655,0.3164123513156314,0.0033902739064827162,0.31120080726538846,-0.009743405730804289,-0.01051593689160852
002354,0.0010741298136522526,-0.0005615031400221779,0.32423903491251893,0.32423903491251893,0.3163322519924706,0.01968116511579195,0.3735418768920282,-0.012698186337635184,-0.008540629689744372
002353,0.0012390037079441688,0.017821962184853896,0.32513781257489816,0.32513781257489816,0.4177780447755216,0.04547364963276228,0.48843592330978813,-0.002968580551894241,0.002525313326361166
002352,-0.000601368579461634,0.0005917266798207135,0.3133338659423185,0.3133338659423185,0.3218991549521406,0.009662299055758983,0.3334409687184662,-0.01000428174909306,0.003340523487106781
002350,0.0012896139399600525,0.006509943130899811,0.32541743229208275,0.32541743229208275,0.3520565501221514,0.03866728678595735,0.4557618567103935,-0.0012125287074298522,0.0023374546138757194
002349,0.006419069151958707,-0.01592662631963356,0.36032995126627787,0.36032995126627787,0.24652569185790385,-0.028792751584157294,0.21983854692230076,-0.03396236636152216,-0.03866915233363826
002348,0.0005342057438396315,0.003778791298174475,0.3206239514260606,0.3206239514260606,0.3386198886619408,0.056087037073204005,0.5391927346115035,-0.007791083194028223,0.001919795413250137
002346,0.00297552288017644,-0.004485249640582983,0.3369617320444196,0.3369617320444196,0.29670791781809447,0.0075753226085498735,0.32567103935418773,-0.0018366150634291963,0.004505231024720847
002345,-0.0019157877592034247,-0.006980256034419706,0.30466565470959495,0.30466565470959495,0.28533381392927226,-0.0026163945844199393,0.2909989909182644,-0.0056806860666717895,0.001789811012173487
002343,0.0010741298136522526,0.008293895751423336,0.32423903491251893,0.32423903491251893,0.36196884136329044,-0.00573532409752424,0.28024217961654896,-0.00922545366040808,-0.00472839069385659
002342,0.006498694972517439,-0.000869887438720338,0.3610290005592395,0.3610290005592395,0.31469021586767587,0.011399584778626615,0.3402219979818365,-0.007350845830492597,-0.004158329458091057
002340,0.00023992670762931138,-0.0027607374109619603,0.31874650475353516,0.31874650475353516,0.30521847090392085,0.002508358948243573,0.30827447023208876,-0.004150868544836164,-0.0002455892771403143
002338,-0.00035995422359977005,0.001054915072365146,0.31491172006071744,0.31491172006071744,0.3246025071088149,0.027930265891995227,0.4080928355196771,-0.0023476415401685446,-0.00014572038103678443
002335,0.0012896139399600525,-0.000856100817938932,0.32541743229208275,0.32541743229208275,0.31477031519083665,0.030767766367954794,0.4198990918264379,-0.0038103246214079914,0.0013712346193057614
002458,-0.00793757391006609,0.003813777432808793,0.2688743309099625,0.2688743309099625,0.3388601866314229,0.0198825924719926,0.37432896064581234,-0.014736733476940227,-0.0003215275734586864
002329,0.0010959609467799984,0.0014813310217736719,0.32443876328193655,0.32443876328193655,0.3265449156954624,-0.0025297532563699635,0.29124117053481335,-0.006526532141578641,-0.0009121129208088539
002326,-0.0009517740698086568,0.0011493099018032153,0.3109371255093073,0.3109371255093073,0.3250430533861989,0.028989291595986094,0.4124924318869828,-0.006958919283825844,0.002491594490729576
002324,-0.0004786128905436058,-0.0025030976625511725,0.3140129423983382,0.3140129423983382,0.3062998117665906,0.020434607878285965,0.37667003027245205,-0.009821384850005499,0.0013456913584504557
002321,-0.0064816587396863195,-0.0022167360778731792,0.2777622433490453,0.2777622433490453,0.3076615002603228,0.001287603199263318,0.3042381432896064,-0.001299955675838384,0.02333760756113086
002320,0.0014310726439838244,-0.0016424963343287058,0.3262163457697531,0.3262163457697531,0.3106251752172694,0.002296907101522643,0.30762865792129157,-0.016216559194744663,-0.007994404988643107
002318,0.00011320695566528081,-0.006418062568695598,0.3178876727650396,0.3178876727650396,0.28769674396251355,0.006494053391837899,0.3217759838546922,-0.00731640043083502,-0.001524021120171309
002317,0.0012390037079441688,0.009075877582935502,0.32513781257489816,0.32513781257489816,0.3669149745684649,0.0011865198396860083,0.3039556004036327,-0.005033622981990976,0.0003300649936344576
002315,-0.003932222234386879,-0.007874988441875983,0.29240233282735484,0.29240233282735484,0.28132884777123635,0.005284331654692619,0.31767911200807264,-0.007435079005709298,-0.0023762704645985317
002312,0.0052906711858793296,-0.004981857393076564,0.3528201645761764,0.3528201645761764,0.2940245904922103,-0.002007641099638582,0.2932189707366296,-0.012813172641482653,-0.008880322886910885
002311,-0.006402032919127588,-0.006053120437723788,0.2784612926420069,0.2784612926420069,0.2895790780567904,0.0018298691699405705,0.3062361251261352,-0.01170726481503395,0.002179902377376572
002310,-0.0007934375155012897,-0.005094383877117754,0.3119956858672206,0.3119956858672206,0.29352396972245587,-0.001464668673524272,0.29483350151362264,-0.006920231646218818,7.970741270014489e-05
002309,0.00023992670762931138,0.0005074105751645248,0.31874650475353516,0.31874650475353516,0.3213985341823862,0.005410277299414451,0.3182643794147326,-0.0034825683195778613,0.0009606880740495562
002307,0.0001766238962707199,-0.00203224806549385,0.31832707517775827,0.31832707517775827,0.30846249349193,0.010075988276839566,0.33479313824419776,0.0048862436933859105,0.014238976502265228
002304,-0.00093648027666546,-0.006039396322265822,0.31103698969401616,0.31103698969401616,0.2896792022107413,-0.003895961218525852,0.2865590312815338,-0.0052891430568284365,-0.00261533535182773
002328,0.003536200333170063,-0.004788370662814235,0.3408764080850044,0.3408764080850044,0.2950458568625095,0.027958116167749646,0.4081533804238143,-0.012184975265431039,-0.010199843156286045
002697,-0.004994602046060328,-0.004798126040621903,0.28649037309259406,0.28649037309259406,0.29500580720092917,-0.00014101287364669856,0.29931382441977805,-0.00678710184140538,-0.0010918062259329645
002459,0.00023992670762931138,-0.0016413952899575713,0.31874650475353516,0.31874650475353516,0.3106251752172694,0.01411084605596264,0.35093844601412716,-0.004553107975104863,0.00235101224265244
002463,0.009834054301330355,0.021977619835393494,0.3851961332587681,0.3851961332587681,0.44240858664744287,0.044445116812222706,0.4839757820383451,-0.006395090652128178,-0.005404282827523416
002636,0.009834054301330355,0.020080088573940724,0.3851961332587681,0.3851961332587681,0.43081420961992867,0.028485944201443115,0.41049445005045404,-0.006775857997344614,-0.005044265819030459
002635,0.0017637350942085518,0.0003275173690237626,0.32843333067028846,0.32843333067028846,0.32043734230445753,0.017194489436910106,0.3636326942482341,-0.005869029816531861,-0.0025033994564642335
002632,0.0005041411005711116,-0.0014431810604979122,0.3204841415674683,0.3204841415674683,0.3116264167567784,0.005629313339047931,0.3188496468213925,-0.012973559810069013,-0.005071669561071428
002631,0.0010959609467799984,-0.0012268572712032133,0.32443876328193655,0.32443876328193655,0.3127678321118187,0.008716514092026362,0.3297880928355197,-0.012733715958755188,-0.009455223608719665
002627,0.0005863826333956127,0.0024129152386286597,0.3208436526324199,0.3208436526324199,0.3312107012695743,0.011153759866483448,0.33915237134207876,-0.010171498457831461,0.0037584368826213592
002625,-0.003948228982648883,-0.005674082655010688,0.2922824958057042,0.2922824958057042,0.2910809403660539,0.01965278561589576,0.3734207870837538,-0.007324418035061562,0.004549780338264381
002624,9.137582253753507e-05,0.0006012591236006883,0.3178277542542143,0.3178277542542143,0.32191917978293083,0.026821955647938305,0.4033097880928356,-0.009216136893374416,-0.0020507215035103507
002617,-0.0007934375155012897,-0.004428732577515412,0.3119956858672206,0.3119956858672206,0.29712843926468824,0.009230439996041333,0.33176589303733606,-0.01305049055986885,-0.007663507050746297
002611,-0.0007934375155012897,-0.003593075291261975,0.3119956858672206,0.3119956858672206,0.30111338059193404,0.01642317019136918,0.36036326942482344,-0.007809168413305833,0.0006507356196692297
002608,-0.0012792912741090483,-0.0050369887044728065,0.3086202764240633,0.3086202764240633,0.2937041931995674,0.007925194180578467,0.3269223007063572,-0.009501374127381959,-0.002849756249855857
002607,-0.00035995422359977005,-0.0004966788492305756,0.31491172006071744,0.31491172006071744,0.3166326244543234,0.004147718111440468,0.3137638748738648,-0.013016679580742126,0.0011500872951775468
002606,0.0008164527606950017,-0.0009586843935149334,0.3224414795877606,0.3224414795877606,0.3141695702671312,0.026810497914257714,0.40326942482341066,-0.002886597847020858,0.004025315211088029
002605,-0.0009583114097932058,-0.002951391905014669,0.31091715267236564,0.31091715267236564,0.3042372541952021,0.0010468100228248425,0.30365287588294654,-0.005935289531998904,-0.0005229310146833777
002603,-0.0007934375155012897,-0.0015603213451279199,0.3119956858672206,0.3119956858672206,0.31090552284833195,0.010814051787168762,0.33767911200807266,-0.006465765806287214,-0.00025226048867139266
002602,-0.0034903615965270296,-0.0030422780362979237,0.2951585843253176,0.2951585843253176,0.3036965837638672,0.03498664238640027,0.4381231079717457,-0.008388625767056956,4.5854456085604625e-05
002601,-0.00093648027666546,-0.005091528286030921,0.31103698969401616,0.31103698969401616,0.2935640193840362,0.004265965517730924,0.3142482341069627,-0.008469933097264076,0.0014141352876830304
002600,-0.0002687061292369071,-0.0001148577637774818,0.31561076935367904,0.31561076935367904,0.3185750330409708,0.012901092484022872,0.3462966700302724,-0.005382395554536372,0.0011203664604013614
002597,-0.00093648027666546,-0.0011447831460550527,0.31103698969401616,0.31103698969401616,0.3131082542352517,0.011725174927854253,0.34131180625630675,-0.010749383283643735,-0.005251151141842197
002595,0.0002562497168294514,0.004064176951692433,0.31882639610130226,0.31882639610130226,0.34002162681725334,0.02421553936226988,0.3919273461150353,-0.00295392219994916,0.004596803137480633
002594,9.688394646514073e-05,-0.0009741281103106419,0.3178277542542143,0.3178277542542143,0.3140293964516,0.01518169381664152,0.3550756811301715,-0.005978953550140771,-0.0002891886892898585
002593,0.007481448963632157,0.0008123276730048232,0.36841895022769033,0.36841895022769033,0.3232608434458729,0.015330370670838426,0.3555802219979818,0.009885176587837921,0.022840799485781264
002589,0.0012390037079441688,0.004007557114606277,0.32513781257489816,0.32513781257489816,0.33968120469382035,0.0023464862345607684,0.3077699293642785,-0.0055188841416889895,-0.0011849248602773053
002588,-0.0004786128905436058,-0.004808187910917195,0.3140129423983382,0.3140129423983382,0.29498578237013895,0.00851744753583156,0.32894046417759837,-0.00905474784195887,0.0005186105028471534
002585,0.0005041411005711116,0.0054582453137914655,0.3204841415674683,0.3204841415674683,0.3470303175938163,0.013264194864792413,0.3476286579212916,-0.006968981865625394,0.001257496899617386
002584,-0.0002687061292369071,-0.005335605011182328,0.31561076935367904,0.31561076935367904,0.2925627778445272,0.003298188469367279,0.3108980827447023,-0.005535725222702699,0.000901323668311165
002583,-0.0002687061292369071,-0.0008928418457469018,0.31561076935367904,0.31561076935367904,0.31455004205214465,0.005644896290458884,0.3188698284561049,-0.006431106547141211,0.0013259763799976102
002582,0.00011320695566528081,-0.003840393378009903,0.3178876727650396,0.3178876727650396,0.29977171692899196,-0.005223906634331025,0.28179616548940467,-0.008788924276169362,-0.0030966207645877577
002637,0.0005041411005711116,0.003983269725495061,0.3204841415674683,0.3204841415674683,0.3396011053706596,0.0105609683042064,0.33675075681130173,-0.013926798637297772,-0.00580022486541612
002580,0.003679243094334233,0.008574736005786107,0.34195494127985937,0.34195494127985937,0.36379110096519685,0.02324223800265085,0.38781029263370337,-0.005207401187242296,-0.0014828106198467484
002638,0.0010959609467799984,0.0060555102797727285,0.32443876328193655,0.32443876328193655,0.34981376907365136,0.01871940649748778,0.37003027245206865,-0.006311538930242165,0.004425884785210357
002640,-0.003932222234386879,-0.003969961542823865,0.29240233282735484,0.29240233282735484,0.2992310464976571,-0.005424917031992208,0.2812310797174571,-0.010270947859383173,-0.001241747301386944
002693,0.0012390037079441688,0.003618410191332531,0.32513781257489816,0.32513781257489816,0.3378989947534944,0.020139844200027807,0.37533804238143287,-0.0028521452808684218,0.00436096109468898
002692,0.0037240082015687587,0.00743011267306992,0.3421346968123352,0.3421346968123352,0.35684248468100443,0.024515034067363703,0.3932189707366297,0.013800923426192798,0.03045060017120773
002688,-0.005928857241397256,-0.0029531505414705185,0.2809978429336103,0.2809978429336103,0.3042372541952021,-0.008348653030252394,0.2718062563067608,-0.011253909436664622,0.0033177421502018937
002687,-0.0019157877592034247,0.003821386636829467,0.30466565470959495,0.30466565470959495,0.33888021146221314,0.024218426813437187,0.39198789101917253,-0.0007460643331047168,0.002470454923596945
002685,-0.0007934375155012897,-0.00012965615088425726,0.3119956858672206,0.3119956858672206,0.3184749088870199,0.00793679726284112,0.326962663975782,-0.006245093077295213,0.002800605970559336
002683,-0.0009517740698086568,-0.0032187909726590254,0.3109371255093073,0.3109371255093073,0.30307581400937167,0.013357193210254092,0.34787083753784054,-0.0077775225914421325,0.0022398381683361186
002682,0.00044831865286910677,-0.0009651579057952228,0.3201845490133418,0.3201845490133418,0.3141295206055509,0.006506943835428545,0.3218365287588295,-0.010969700830245448,0.006612265023753627
002681,0.0007809811030938342,-0.0011647206259214902,0.32218183270751777,0.32218183270751777,0.31294805558893024,0.012075466500986206,0.342986881937437,-0.005703417389189827,-0.001138829538146081
002679,-0.00541927892801287,-0.002652953195628526,0.2839538228009907,0.2839538228009907,0.3056389923505146,0.0021383058748941177,0.307204843592331,-0.011949380164241245,0.0034491183860031445
002674,-0.0019157877592034247,0.012036536712211218,0.30466565470959495,0.30466565470959495,0.384296527694341,0.05643441256779571,0.5412714429868819,0.0090858847775612,0.011359846875409719
002673,-0.0007934375155012897,-0.0064955085962672176,0.3119956858672206,0.3119956858672206,0.28737634666987066,0.00259253227935386,0.3086175580221998,-0.0062785228985404755,0.0032905748120687786
002670,0.0012390037079441688,0.0007699247059401374,0.32513781257489816,0.32513781257489816,0.3230005206456006,0.025288779700904967,0.39652875882946514,-0.008177161663849528,0.0009427322617879552
002669,-0.0004786128905436058,-0.0038888111490535185,0.3140129423983382,0.3140129423983382,0.2995714686210902,0.0036018927673158057,0.31194752774974777,-0.007256472463747203,0.005203487229337956
002668,0.00011320695566528081,0.0017505646215383692,0.3178876727650396,0.3178876727650396,0.32796667868156515,0.014149892293927999,0.35103935418768917,-0.00701876631869556,0.005805915043517615
002661,-0.00093648027666546,-0.0028502575429440236,0.31103698969401616,0.31103698969401616,0.3048179742881173,0.0018945782117916422,0.3064581231079717,0.0027531557972492755,0.006333440626915594
002660,0.003170610257468015,0.005812067115421721,0.3382000479348086,0.3382000479348086,0.34879250270335216,0.0016473729014590884,0.3055499495459132,0.010107731202874152,0.02131862448623731
002657,0.0001376055483508965,0.002651214042541764,0.31798753694974835,0.31798753694974835,0.33249229044014583,0.06737967239751375,0.594167507568113,-0.0052566829538146535,0.0008998727652741025
002655,0.0035916090456423657,0.016229669811522338,0.34135575617160663,0.34135575617160663,0.4081861508270255,0.0707142672286699,0.6115842583249242,-0.009577463890151393,-0.00334406178165872
002654,0.002466890043310221,0.004470632377638301,0.33328673004713594,0.33328673004713594,0.3419239857423205,0.03300268220404245,0.4291422805247225,-0.005961752031102177,-0.0015174456302385162
002653,0.0012390037079441688,0.0086410582091123,0.32513781257489816,0.32513781257489816,0.36427169690416117,0.014504135865984862,0.35243188698284567,-0.006236379845311627,-0.00037982105319877386
002652,3.358113510654923e-05,0.008428974748966452,0.31756810737397145,0.31756810737397145,0.36299010773358964,0.04815603287038437,0.5008476286579213,-0.007518997889978155,0.006527229453533509
002651,0.0010959609467799984,-0.0005417166367581128,0.32443876328193655,0.32443876328193655,0.3164123513156314,-0.002213169467170596,0.29257315842583254,-0.006962636477371665,-0.005709675662150041
002649,-0.0007934375155012897,0.0010803428953861736,0.3119956858672206,0.3119956858672206,0.3247026312627659,0.03037523031905505,0.4184056508577195,-0.0052251134348622365,0.000758368100370888
002648,-0.0034903615965270296,-0.001463168847470017,0.2951585843253176,0.2951585843253176,0.31150626777203727,0.016127487227631073,0.35895055499495454,-0.007514349291765668,0.0015619927286472477
002647,0.0012390037079441688,0.008912595696864489,0.32513781257489816,0.32513781257489816,0.36595378269053624,0.027968398902981896,0.40823410696266393,-0.009560988418112697,0.0019314456548274164
002645,-0.0025076076054123117,0.010271031539986219,0.3010505712231365,0.3010505712231365,0.37404381432976896,0.030239626021733506,0.41780020181634714,-0.005639480211801555,0.0021051770690588317
002643,0.00030781992382878336,0.00130583471739922,0.31930574418790447,0.31930574418790447,0.32580399695622575,0.03395468508419097,0.4332189707366296,-0.004745499141110967,-0.0021000147535454195
002639,0.0012390037079441688,-3.1171731269954608e-06,0.32513781257489816,0.32513781257489816,0.3190356041491449,0.004171205975650448,0.3138849646821392,-0.01705845690361505,-0.013655952739252375
002579,0.009413055513156004,-0.001812375050760655,0.38235999041303825,0.38235999041303825,0.30956385918538987,0.02592835718058089,0.39965691220988897,-0.021029705060352618,-0.018581110440523806
002578,0.003501052301192367,0.007186801787295333,0.3408164895741791,0.3408164895741791,0.3555408706796428,0.025565373493669063,0.39788092835519673,-0.005256123228805671,0.003600849412256181
002570,0.006355652211353268,-0.0005045713334474356,0.3600103858752097,0.3600103858752097,0.3166326244543234,0.0069582501002871605,0.3234510595358224,-0.009333613902637912,-0.006792057141871668
002516,0.003536200333170063,0.0017676836314000465,0.3408764080850044,0.3408764080850044,0.32818695182025714,0.03054698801925799,0.4189303733602422,0.0005586522834756336,0.009925827104109655
002515,0.0073384062024679855,-0.00033803063358423837,0.36756011823919466,0.36756011823919466,0.31759381633225203,0.019260733783710935,0.37212916246215944,-0.010987728356386244,-0.008373257476815357
002508,-0.00093648027666546,-0.004663314798256983,0.31103698969401616,0.31103698969401616,0.2957066762785855,0.0038923558365950173,0.3128758829465187,-0.007970123369119423,0.001940253696445435
002507,-0.00093648027666546,-0.0033585568329452514,0.31103698969401616,0.31103698969401616,0.3023148704393448,0.004728430273661121,0.31556004036326946,-0.0049824140636459254,-0.002886944413202304
002506,0.003679243094334233,0.005568953396075561,0.34195494127985937,0.34195494127985937,0.3474908887019905,0.01452492175812088,0.3525327951564077,-0.006308115124194868,-0.0018608286717478595
002500,-0.0007934375155012897,-0.004145475767177842,0.3119956858672206,0.3119956858672206,0.29841002843525977,0.007177740123916267,0.3241574167507568,-0.006582489575579381,0.0025173940939343577
002498,0.0021756008565193014,0.0019252155362747758,0.3314891747223776,0.3314891747223776,0.32878769674396247,-0.00027627989390033975,0.2989101917255298,-0.010139162570303655,-0.009897237265700009
002497,0.0005041411005711116,-0.0009315316677101147,0.3204841415674683,0.3204841415674683,0.31432976891345266,0.01594349535189961,0.35824419778002015,-0.009735756419719766,-5.3321422414596696e-05
002496,-0.003541288089481049,0.006034359613067001,0.2948190460973077,0.2948190460973077,0.3497737194120709,0.02042645171429179,0.37664984863773965,-0.001225414619033904,0.013585527816112674
002493,-0.0025076076054123117,0.002187522505681396,0.3010505712231365,0.3010505712231365,0.3301694100684849,-0.0027594264975935,0.29049445005045404,-0.009687648709733005,-0.00035944566452368495
002491,0.009834054301330355,0.01618626978197451,0.3851961332587681,0.3851961332587681,0.40794585285754337,0.06452024291914044,0.5803027245206862,-0.005203143848023133,-0.0037444317094089226
002490,0.0012390037079441688,0.0030196659671176554,0.32513781257489816,0.32513781257489816,0.3345348231807441,0.018008751413573363,0.36716448032290616,-0.00623696108365541,0.0009369579700344089
002487,0.0012896139399600525,0.0077321973288361125,0.32541743229208275,0.32541743229208275,0.3585045456365894,0.03222343388239947,0.4256104944500505,-0.002528671074077696,0.004010820164901585
002486,-0.0019157877592034247,0.0041403804271018824,0.30466565470959495,0.30466565470959495,0.340422123433057,0.03772213798748753,0.45083753784056513,0.008889765221206037,0.021273147372437514
002484,0.003170610257468015,0.0370303789764222,0.3382000479348086,0.3382000479348086,0.5393487925027034,0.12002171178610965,0.8209081735620585,-0.0057430465086235755,-0.004522819474536408
002483,0.0001766238962707199,-0.0014960499648998162,0.31832707517775827,0.31832707517775827,0.31124594497176494,0.0020037935164001846,0.30674066599394556,-0.011292651244518781,-0.004702138749452724
002481,-0.00541927892801287,0.0036650064792903706,0.2839538228009907,0.2839538228009907,0.3381392927229765,0.01217952869481828,0.3432694248234107,0.0004093808336676325,0.018218866427628957
002479,-0.0007934375155012897,-0.0035250277671434725,0.3119956858672206,0.3119956858672206,0.30145380271536704,0.0074287687529017155,0.32512613521695255,-0.006563237567227649,-0.0020122869231563732
002478,0.0010959609467799984,-0.0044829278206349995,0.32443876328193655,0.32443876328193655,0.29670791781809447,-0.011199604993169947,0.2644197780020182,-0.009001105926216961,-0.0037500591778455664
002475,0.0012541567808241662,0.003401629107365809,0.32527762243349045,0.32527762243349045,0.33683767872161485,0.07240921068430087,0.6196569122098889,-0.0022056923930446875,0.0005428680072980642
002474,0.0001376055483508965,0.00046508870302682903,0.31798753694974835,0.31798753694974835,0.3211982858744844,0.010035078917589152,0.33473259334006056,-0.004231735376302744,0.003522790582953218
002472,9.688394646514073e-05,-6.932685218440992e-05,0.3178277542542143,0.3178277542542143,0.31877528134887256,0.029868459506646013,0.4161856710393542,-0.005801445467063628,-0.0014191526480314075
002471,-0.0002459270509784475,0.0005027713918058715,0.31573060637532957,0.31573060637532957,0.32137850935159595,0.013814768090042905,0.34970736629667,-0.005142970381782161,0.0027838920541082657
002468,-0.000601368579461634,-0.002682723415137231,0.3133338659423185,0.3133338659423185,0.3054787937041932,0.01487247411848939,0.35382441977800205,-0.008278637457983665,0.0022066177232716424
002467,-0.0002687061292369071,0.0008854890166826101,0.31561076935367904,0.31561076935367904,0.323721414554047,0.013842638637006547,0.3498082744702321,-0.006527376911852628,0.0016442150116729869
002466,0.003501052301192367,0.0020678014407740355,0.3408164895741791,0.3408164895741791,0.32968881412952056,0.030610448787418126,0.4191927346115035,-0.0057888915189830146,0.005460762099620872
002465,-0.00093648027666546,-0.003742662748609121,0.31103698969401616,0.31103698969401616,0.30021226320637595,0.018596563531389616,0.3695862764883956,-0.005508209685450599,-0.0009968525843634525
002517,9.137582253753507e-05,0.0022345453401141544,0.3178277542542143,0.3178277542542143,0.33034963354559654,0.023318526155856334,0.3881331987891019,-0.006101325679881752,-0.001501322711196697
002518,0.003679243094334233,0.006224606227030303,0.34195494127985937,0.34195494127985937,0.350554687812888,0.05045945325206858,0.5119878910191726,-0.004010604359807883,0.002216487463578807
002519,-0.00093648027666546,-0.0013068766628877026,0.31103698969401616,0.31103698969401616,0.3123072610036445,0.00362209770936109,0.31198789101917257,-0.00542109135690834,-0.001912311718390745
002520,-0.0008061300948439974,0.00011447808503145063,0.31195574019333705,0.31195574019333705,0.31959629941127,0.022575745867708902,0.38532795156407673,-0.004902398276808718,0.0013159753182522289
002568,-0.00093648027666546,-0.0033871286836297163,0.31103698969401616,0.31103698969401616,0.3021947214546037,0.022430727782165424,0.3846014127144298,-0.005638861985785914,-0.0025958330018166138
002567,-0.007464412730801037,-0.004580418195183852,0.27169050091875047,0.27169050091875047,0.2962673715407105,-0.0004978109812763524,0.2981231079717457,-0.012315345694346183,0.002097015087696501
002565,-0.00035995422359977005,-0.0007011435359168799,0.31491172006071744,0.31491172006071744,0.31555128359165363,0.03917129789357476,0.45828456104944504,-0.006001041917453682,0.0011796947263942358
002564,0.0012390037079441688,0.0030065559617402223,0.32513781257489816,0.32513781257489816,0.33445472385758346,0.004251341661965695,0.31412714429868815,-0.010453106004203768,-0.007753107642799898
002562,-0.001422334035273219,-0.000724772240277058,0.30768155308780054,0.30768155308780054,0.31547118426849297,0.002598976103937407,0.308678102926337,-0.008125880690339126,0.002737412039780484
002560,0.00023992670762931138,-0.003972958258447963,0.31874650475353516,0.31874650475353516,0.29921102166686686,0.013202330434147197,0.3473864783047427,-0.004050112398901494,0.0031063063913398343
002559,-0.0007934375155012897,-0.004508875689988324,0.3119956858672206,0.3119956858672206,0.29658776883335336,-1.7136400274938503e-06,0.2996770938446014,-0.009046776184819348,0.00035684691421054827
002558,0.000564551500267867,0.007183143726773578,0.3208236797954781,0.3208236797954781,0.3555208458488526,0.05756494795436318,0.5465792129162462,-0.008330934982792856,-0.0029246994371465995
002557,-0.001422334035273219,-0.005368542983199425,0.30768155308780054,0.30768155308780054,0.29248267852136645,0.004943432222663066,0.31618567103935413,-0.004792570798893094,-0.0019766759079866423
002556,-0.00541927892801287,-0.0017964624869368116,0.2839538228009907,0.2839538228009907,0.30964395850855064,-0.006828948250639838,0.2767911200807266,-0.014365568942063173,0.00211353010865075
002555,-0.0009583114097932058,-0.0009901913308720262,0.31091715267236564,0.31091715267236564,0.3139492971284392,0.0006781520077408376,0.30238143289606456,-0.006948497450976563,-0.002290954622034914
002554,-0.0025076076054123117,-0.004703232821829106,0.3010505712231365,0.3010505712231365,0.2955064279706836,0.008461703571481181,0.32885973763874876,0.0026249987420500723,0.016366017405917876
002553,0.003536200333170063,0.0024971741065213313,0.3408764080850044,0.3408764080850044,0.3316912972085386,0.0064480151730404965,0.321614530776993,-0.007276283443085988,-0.0024346182771822025
002460,0.002991473987807982,0.005945738512462547,0.33700167771830314,0.33700167771830314,0.3493932476270576,0.034391848109099454,0.4352573158425832,-0.005985798200830875,0.003602975065380601
002552,0.0035916090456423657,0.012671178450452696,0.34135575617160663,0.34135575617160663,0.38766069926709124,0.05282657464951311,0.5230474268415741,-0.004557809859072037,-9.898985028703394e-05
002548,-0.005928857241397256,-0.010523523115015266,0.2809978429336103,0.2809978429336103,0.2693139492971285,-0.016835384211408826,0.2488395560040363,-0.018283928909326085,-0.0015032123813369736
002545,0.0005041411005711116,-0.0014863978423585698,0.3204841415674683,0.3204841415674683,0.31136609395650605,0.01783440606252942,0.36639757820383456,-0.009681006115718292,0.0007087196292844478
002544,-0.0002687061292369071,-0.0012268837910412748,0.31561076935367904,0.31561076935367904,0.31274780728102847,0.027162821567824992,0.4048637739656912,-0.0055648189788723035,0.0021887405331666348
002543,0.0010959609467799984,-0.001381154073996411,0.32443876328193655,0.32443876328193655,0.31192678921863115,-0.004257190433087304,0.2850655903128153,-0.001989256959595919,0.009261521769211396
002541,0.0002562497168294514,-0.006458311912650692,0.31882639610130226,0.31882639610130226,0.28757659497777244,0.0071394550120849965,0.3240968718466196,-0.007367082257924635,-0.0018094379736525994
002540,0.004091340630202301,0.004908066201860442,0.34457138291922984,0.34457138291922984,0.3443870399295126,0.029787068914264397,0.41582240161453077,0.008039463197218724,0.029135784261709957
002539,-0.0004786128905436058,-0.001737508398771097,0.3140129423983382,0.3140129423983382,0.31002443029356397,0.01980722045884731,0.3740464177598386,-0.006983109235638531,0.0028504339582913186
002537,0.0021293251699106,-0.002934998620758421,0.3309898537988336,0.3309898537988336,0.3043774280107333,0.004760144809568255,0.31568113017154387,-0.005897224216074722,-0.000557723858174827
002536,0.0039571991213444135,0.01027155998178754,0.34387233362626823,0.34387233362626823,0.37404381432976896,0.06349711505754589,0.5753985872855701,-0.012131513693321608,-0.008135595531424402
002534,0.00227236793107477,0.003149554631738169,0.3321283055045139,0.3321283055045139,0.335415915735512,0.02626786818164349,0.40104944500504536,-0.0024323906737936107,0.000983029655500531
002532,0.007711056333434895,0.0020207468745485763,0.3698969401613805,0.3698969401613805,0.3294084664984581,0.003014709005892638,0.3101311806256307,-0.0069820381733068535,-0.0008522708340380336
002531,0.00023992670762931138,-0.0011759155297434301,0.31874650475353516,0.31874650475353516,0.31294805558893024,0.02585031986341155,0.3990716448032291,-0.0029808830671366705,0.002269946008141534
002522,-0.0004786128905436058,-0.002617965739412911,0.3140129423983382,0.3140129423983382,0.30589931515078694,0.0062864759332295515,0.321130171543895,-0.005608630511641551,0.005735773368036084
002549,-0.0004786128905436058,8.568088621096155e-05,0.3140129423983382,0.3140129423983382,0.31943610076494855,0.03527991748793803,0.4395761856710394,-0.007708229180947727,0.003420316010729019
920971.BJ,-0.0025076076054123117,0.008333575794008903,0.3010505712231365,0.3010505712231365,0.3623693379790941,0.025080003020558576,0.39566094853683154,-0.0015337523312295152,0.008436985021932566
300001,-0.008920404946701925,-0.012203787764401237,0.3053458078878494,0.3053458078878494,0.3132242877836794,-0.020238641962169807,0.31929215399610134,-0.004989480930661099,-0.008536578824213676
301505,0.006372753390054652,0.018129221964281756,0.4037182996901417,0.4037182996901417,0.4736540318686625,0.03980694981523968,0.5431591130604289,0.0032565051670134498,0.006494170242794715
301510,-0.008164849602998665,-0.00986017917316852,0.3094371408802382,0.3094371408802382,0.3233039594398841,-0.008206565583729794,0.3579739278752436,-0.008826622990952137,-0.011049614290920405
301511,-0.003967372500054989,0.008674567540943263,0.3353088053909329,0.3353088053909329,0.41725012071463063,0.006120698990181997,0.4099049707602339,-0.006971964229746958,-0.010115924864150035
301516,-0.01272383849880421,-0.019951122051796267,0.286303059474745,0.286303059474745,0.28253259295026556,-0.03966557832640582,0.26644736842105265,-0.018237247119450024,-0.021599759163357504
301520,-0.01961781773378508,-0.03242082690935175,0.25285039559580036,0.25285039559580036,0.24091622404635438,-0.05846733394766974,0.22840521442495132,-0.018808666155475526,-0.027065615545991968
301522,-0.010236794223596845,-0.012290794527762506,0.2989380584218284,0.2989380584218284,0.31292250120714626,-0.011788414607932896,0.3453947368421053,-0.004521447162293455,-0.00976534889358505
301526,-0.0048652896538356845,-0.002120144455814161,0.3298637225113564,0.3298637225113564,0.35876388218252053,-0.00036019026599182734,0.3856907894736842,-0.0032560450185772183,-0.006750659814897084
301529,-0.003903564647484253,0.0024472963374569884,0.3356397220300231,0.3356397220300231,0.38341984548527286,0.02646571750199574,0.4879995126705653,-0.0060405038147145085,-0.012316151963948143
301536,-0.0019407887196877084,0.004384750182719651,0.34884630426280794,0.34884630426280794,0.3935296957991309,-0.008037671561946222,0.3588267543859649,-0.006108058768626072,-0.00923633705135498
301550,-0.008101716149678365,-0.006616970074218459,0.30994855750428685,0.30994855750428685,0.33821221632061804,0.0009557441156756918,0.390229044834308,-0.00760447128292364,-0.01046909943435951
301551,-0.010852302328374228,-0.015416472703957754,0.29550855870762016,0.29550855870762016,0.300428536938677,-0.03655642168019257,0.27403143274853803,-0.009616236742221248,-0.014762619111175053
301556,-0.008514241824846265,-0.006102080948233025,0.307872807677266,0.307872807677266,0.3404152583293095,-0.028366160790817798,0.29571759259259256,-0.013882417255607859,-0.01850777109689484
301563,-0.0035182427200109853,5.482228848801597e-05,0.33834722180439813,0.33834722180439813,0.3699903428295509,-0.012096827897532272,0.34435916179337234,-0.004711864850209609,-0.008959010326644373
301566,-0.005541099395899212,-0.005562623061661468,0.32604313949640507,0.32604313949640507,0.34295026557218733,-0.020233876516058243,0.31932261208576995,-0.00634870204963303,-0.009728116729308366
301500,-0.008845411302641605,-0.008877378006950893,0.30597755783520353,0.30597755783520353,0.3272875422501207,-0.021086011060409835,0.31661184210526316,-0.010247868794448917,-0.014591297675869726
301568,-0.005776688862462555,-0.004304576747504956,0.3246292229475648,0.3246292229475648,0.3491670690487687,-0.008365363312476464,0.35739522417154,-0.005810182242017161,-0.010298813686078543
301580,-0.007323294392129062,-0.00950577666938963,0.31545380704551607,0.31545380704551607,0.3247525350072429,-0.019913162254868666,0.32038864522417154,-0.00480659860871717,-0.00953739974331443
301591,-0.014948336239758444,-0.024842426665056008,0.27423964381336297,0.27423964381336297,0.26569290197971995,-0.046385007326109354,0.25261939571150094,-0.01699077929383674,-0.027554897627950915
301592,-0.008365663460065061,-0.009734864261581063,0.3085346409554466,0.3085346409554466,0.32390753259295024,0.0066773983278487345,0.4116715399610137,-0.004871521379378353,-0.009841541705902897
301595,0.003364823560800482,0.0065155120428530685,0.3825396347883637,0.3825396347883637,0.4046957991308546,-0.012664399033965334,0.34201388888888884,0.0010504483302235914,0.002546770928505813
301603,-0.005831523993612716,-0.00754078352649892,0.3244186396317801,0.3244186396317801,0.33368541767262194,-0.00893776208341612,0.35526315789473684,-0.006409872819005828,-0.010964933048465514
301606,-0.007944967508833624,-0.011566324795328552,0.3107608074365994,0.3107608074365994,0.31594036697247707,-0.032720020645280255,0.2839607699805068,-0.009018946677445232,-0.010944729280344043
301607,-0.00528211603091671,-0.004779946560153288,0.32736680605276613,0.32736680605276613,0.34678295509415746,-0.013285822978905532,0.34021686159844056,-0.004816141225428718,-0.009194973701342037
301611,-0.0068428293196284365,-0.009334665156799874,0.31840197346650223,0.31840197346650223,0.3255371801062289,0.002639183712150558,0.39653386939571145,-0.006352940949345427,-0.011699920580178404
301626,-0.00785084186277344,-0.0052798323830774655,0.31142264071478,0.31142264071478,0.3446402704007726,-0.022103253975581345,0.3137487816764133,-0.007379323377624335,-0.009879470244648775
301628,-0.013455382262940858,-0.014319378594492695,0.2818507265124395,0.2818507265124395,0.30456301303718014,0.024516771465128966,0.4798062865497076,-0.019927693215920906,-0.02236746420557369
301629,-0.0065882628361465904,-0.007189477240929767,0.3196053066995578,0.3196053066995578,0.3354056011588604,-0.012582453731601528,0.3424403021442495,-0.008350751316541005,-0.01358667522050477
301630,-0.006314529854087095,-0.008085237282731132,0.32116963990253,0.32116963990253,0.3310598744567842,-0.011076535783323242,0.3475877192982456,-0.006662620467283751,-0.01076057452126055
301631,-0.010187135857144933,-0.01446599120564225,0.29926897506091876,0.29926897506091876,0.30411033317238045,-0.02783332232803991,0.29717958089668617,-0.013828033535393722,-0.014698647142622867
301633,-0.0032216455132224628,0.0005860031001601127,0.3404530549622454,0.3404530549622454,0.37306856591018833,-0.0075622401066841325,0.3606846978557505,-0.006543949462859476,-0.005787858293428385
301571,-0.006148098053689542,-0.0011426277251869107,0.3223128064739328,0.3223128064739328,0.36362264606470307,-0.0017769639749546486,0.3810002436647173,-0.0060124378024275634,-0.008996108199249212
301498,-0.007720906694886632,-0.011793664903571286,0.3123853073012244,0.3123853073012244,0.31488411395461124,-0.01765660431990297,0.32715034113060426,-0.006149798052540554,-0.012337781143958903
301489,-0.008842117709990417,-0.011710592657162632,0.3060377244968563,0.3060377244968563,0.3152160791887977,-0.02599117796538927,0.3024792884990254,-0.01081448309157718,-0.01267421065304446
301488,-0.005560428621283303,-2.697347624174961e-05,0.3258927228422731,0.3258927228422731,0.36962819893771126,0.03442279137188234,0.5203764619883041,-0.004459319482983316,-0.010481837104306488
301348,-0.007336497555982336,-0.009252204688255177,0.3153033903913841,0.3153033903913841,0.3258087880251086,-0.007684418581613699,0.36019736842105265,-0.005079292686058301,-0.011232293077078806
301349,-0.008030855215843302,-0.008583337241742348,0.3102794741433772,0.3102794741433772,0.32870593915982615,-0.010319190973248363,0.3506335282651072,-0.0048982743868441255,-0.009272666957935225
301355,-0.007556907395818772,-0.012271539811332392,0.31361872386510636,0.31361872386510636,0.31292250120714626,0.034080348911413316,0.5188840155945419,-0.016043470102455496,-0.022458247085291608
301357,-0.017815022010380967,-0.023980444081394076,0.2605818116181824,0.2605818116181824,0.2685900531144375,-0.06576987110878385,0.21448586744639375,-0.01916060397728535,-0.02698671664306307
301358,-0.007967037159570355,-0.009369662219306345,0.3106705574441202,0.3106705574441202,0.3252655721873491,-0.018528222143102367,0.32492690058479534,-0.005651514349038436,-0.007866271659221073
301362,-0.00813160701386626,-0.005146739039993918,0.30976805751932857,0.30976805751932857,0.3451834862385321,-0.004658128500310799,0.37094907407407407,-0.006027999694682964,-0.0127240013374172
301363,-0.009070475993511132,-0.012891866375338176,0.30474414127132154,0.30474414127132154,0.31056856591018833,-0.01772382257515318,0.3270589668615984,-0.004995665674820685,-0.010729520494066667
301366,-0.008452174409913499,-0.010437851223193753,0.30811347432387715,0.30811347432387715,0.3202257363592468,-0.014668763805369666,0.3361659356725146,-0.014148800465925003,-0.01907640117935975
301369,-0.0003180677684796497,0.0034072518583983915,0.35955597003700246,0.35955597003700246,0.3886105746016417,0.009466759436451606,0.42217958089668617,-0.004010430715063899,-0.0069271178888682386
301373,-0.008629919566007452,-0.007774616895778119,0.3070003910833008,0.3070003910833008,0.3325386286817963,0.013692756471441213,0.438931530214425,-0.013412116570690497,-0.014367608699189866
301376,-0.008588944020791757,-0.013601076950196207,0.30742155771487023,0.30742155771487023,0.30736962819893776,-0.03296147764399732,0.2834429824561403,-0.006252373531762873,-0.01160497464467025
301377,-0.004043452018213734,0.0005501124188154946,0.33506813874432173,0.33506813874432173,0.3729478512795751,0.024303164705868647,0.47898391812865493,-0.0041639566748278775,-0.006535330989285876
301379,-0.008082583744930127,-0.011707856554338389,0.3100688908275925,0.3100688908275925,0.3152160791887977,-0.027936650057297462,0.2969054580896686,-0.006303522115497404,-0.011954055624143678
301380,-0.009230757837642715,-0.011778458198352118,0.3039018080081827,0.3039018080081827,0.31491429261226456,-0.023989572346032294,0.3084795321637427,-0.005676842099564242,-0.009887087090625957
301382,-0.008121846542750773,-0.010165344515991607,0.3098282241809813,0.3098282241809813,0.3214932399806857,-0.015012985998346773,0.3350085282651072,-0.0055133666172608635,-0.012689557376506158
301387,-0.0061218920316027615,-0.006794097442672932,0.32255347312054394,0.32255347312054394,0.3372766779333656,-0.024896164278079162,0.3059819688109162,-0.00617346830909792,-0.010165066498491544
301389,0.00655546361467812,0.0019461553374067872,0.4048614662615445,0.4048614662615445,0.38109608884596813,0.000997658891532559,0.39038133528265107,-0.008454272102833955,-0.010519174895011477
301487,-0.009092582851162434,-0.011528115995423565,0.3045335579555368,0.3045335579555368,0.31612143891839695,-0.006134700798615771,0.3654057017543859,-0.0067530536829776295,-0.01113099291002648
301486,-0.005088697245685294,-0.0043963603357616765,0.3286002226166481,0.3286002226166481,0.34877474649927576,0.0006584137270810508,0.38907163742690054,-0.01404597978891093,-0.01453767529993231
301479,-0.004850832142775142,-0.004908763818234063,0.32998405583466206,0.32998405583466206,0.3461793819410912,-0.01870587200892702,0.32437865497076024,-0.0037374751821340852,-0.008207760056720196
301468,-0.004699997236415885,-0.003923526559019532,0.3307963057669745,0.3307963057669745,0.35103814582327375,-0.012853476379728068,0.34125243664717353,-0.00509276832622045,-0.008885915487165332
301458,-0.006056361472096425,-0.007393871353361332,0.3229746397521134,0.3229746397521134,0.3343493481409947,-0.017610631629912162,0.32730263157894735,-0.005092493157510134,-0.007283998823434735
301439,-0.010738024645062176,-0.010584449265279962,0.2962004753166271,0.2962004753166271,0.3194712699179141,-0.023129100284791135,0.3109161793372319,-0.004838088394069889,-0.00892241611941289
301638,-0.00592818499863969,-0.005376279251451316,0.3239373063385578,0.3239373063385578,0.3439159826170932,-0.006273686306367512,0.3648269980506823,-0.005102113378739989,-0.0073923477184903615
301421,-0.008415572918138723,-0.012907034330824747,0.3082638909780091,0.3082638909780091,0.3104478512795751,0.02698861596304918,0.4899488304093568,-0.007698426389264442,-0.013616463893843567
301413,-0.009642999486929347,-0.01218787303941515,0.30203664149694653,0.30203664149694653,0.3132544664413327,-0.02654140450147597,0.30056042884990253,-0.00695474073002486,-0.01191583760143488
301408,-0.009489818668220906,-0.007411134386425865,0.30272855810595345,0.30272855810595345,0.3343191694833414,-0.019176297743499948,0.32261208576998046,-0.005443935203058165,-0.01205797428439426
301399,-0.009890868598339377,-0.01269706900962041,0.30071297494058546,0.30071297494058546,0.3115041042974408,-0.026777373854481267,0.2998294346978557,-0.006012369855255809,-0.009885922776566655
301396,-0.002233306220503446,0.0002595865196241042,0.3468006377666135,0.3468006377666135,0.37107677450507004,-0.008965461289755184,0.355171783625731,-0.006074100246508536,-0.01052478069578295
301393,-0.009909169529753563,-0.012385545741255638,0.30062272494810627,0.30062272494810627,0.3125603573153066,-0.02911507168229933,0.2936159844054581,-0.005456693379918941,-0.009808557496168427
301392,-0.006918366108400632,0.014781151128293365,0.31795072350410636,0.31795072350410636,0.4526195074843071,-0.002533679342757964,0.3784417641325536,-0.008695966962145151,-0.014891397754820838
301419,-0.008797128175487202,-0.011410338413389686,0.30618814115098825,0.30618814115098825,0.31642322549492996,-0.012181538239193993,0.3440850389863548,-0.008985002338867799,-0.011570771367621146
301345,-0.008894829757360076,-0.01129333754679629,0.3055563912036341,0.3055563912036341,0.317207870593916,-0.012760255379062647,0.3417093079922028,-0.00507634324136687,-0.008317151104201967
301662,-0.00608561381628744,-0.004277714972965109,0.3228242230979814,0.3228242230979814,0.3493783196523419,-0.0027898989539827945,0.37764985380116955,-0.005165171710816472,-0.008524235737712776
688001,-0.013162505213611621,-0.018680488353004912,0.2837158930236756,0.2837158930236756,0.28696885562530183,-0.046816136270093525,0.251827485380117,-0.0176350766198646,-0.02275692050583053
688065,-0.009309533359462687,-0.014014582763767547,0.30351072470743956,0.30351072470743956,0.3057098020280058,-0.022959231120761665,0.31149488304093564,-0.006603057570546199,-0.012290683756748091
688068,-0.007515762806753239,-0.011963685288890297,0.31406997382750224,0.31406997382750224,0.3142201834862385,0.023549276558331552,0.4761513157894737,-0.006050173031167031,-0.011706298822126914
688069,-0.0007360321111322043,0.0060379183583254845,0.3566078036160164,0.3566078036160164,0.40249275712216326,0.001878564285451841,0.3937621832358674,-0.0047658303251827995,-0.007917770257182398
688072,-0.0023051298642841242,0.005427130898965988,0.3461989711500857,0.3461989711500857,0.39926364075325926,0.017935798006132837,0.4547088206627681,-0.0027891734671712984,-0.00665601545572061
688073,-0.006694843237046048,-0.0077720278116969275,0.3190638067446828,0.3190638067446828,0.3325386286817963,0.014628038615078168,0.44234283625730997,-0.013798927888136659,-0.016921817668417462
688079,-2.3114666724724335e-05,0.00294091224828628,0.36099996991666916,0.36099996991666916,0.38646788990825687,-0.0008307781360707188,0.3841069688109162,-0.00418200074175864,-0.006070681130956778
688082,-0.003439888852607451,-0.00610630276338601,0.33903913841340516,0.33903913841340516,0.3404152583293095,-0.0005530257740616719,0.384990253411306,-0.003944644957957327,-0.006609478051482556
688083,-0.0062918731977891305,-0.006566762643468934,0.3213501398874884,0.3213501398874884,0.33848382423949785,-0.0028374102889287623,0.377375730994152,-0.004056214509917011,-0.00994185809866136
688084,0.018212891530667102,0.016389954587973085,0.49733762522186453,0.49733762522186453,0.46294060840173834,0.011370389271350381,0.4301900584795322,0.006141835491200012,0.004519786131479564
688088,-0.008488798889508624,-0.00961393418842384,0.3080533076622244,0.3080533076622244,0.32442056977305644,-0.01370160184851119,0.33908991228070173,-0.005793723011017957,-0.009805294423341361
688090,-0.0008650541927214548,0.005669519855291749,0.355344303721308,0.355344303721308,0.4003802510864317,-0.00012448274762250598,0.3862390350877193,-0.007553276620420486,-0.007461562541287299
688095,-0.007843221118854509,-0.008811275803237605,0.31151289070725907,0.31151289070725907,0.32740825688073394,-0.01459223816049303,0.33640960038986356,-0.006083316528852389,-0.010094233651335514
688097,-0.006581660761163622,-0.007421566884683478,0.31966547336121054,0.31966547336121054,0.3342889908256881,-0.015283137830325349,0.3338815789473685,-0.0054191843521513225,-0.009116412193028039
688099,-0.006619359155396584,-0.0067160540764831505,0.3193646400529466,0.3193646400529466,0.33751810719459197,0.012235072422059654,0.4335099902534113,-0.0058509928235251935,-0.008869792863105769
688063,0.0015489190394850525,-0.0038423351216237624,0.37050630245780813,0.37050630245780813,0.3514304683727668,-0.0016393450384496284,0.3812134502923976,-0.006451436763431771,-0.010884767679110886
688102,-0.00808793579509137,-0.009737573781443357,0.3099786408351133,0.3099786408351133,0.32387735393529693,-0.01325289791982452,0.340338693957115,-0.005818625847251695,-0.010142858459205635
688105,-0.00818012059116096,-0.009233796218122065,0.3093168075569327,0.3093168075569327,0.3260200386286818,-0.025805006000012388,0.3030275341130604,-0.005096907548087273,-0.010256282425106629
688106,-0.005671870943625475,-0.006637316458792489,0.3251406395716133,0.3251406395716133,0.33818203766296473,-0.012526189965953253,0.34274488304093564,-0.004459899756991355,-0.006709780061788314
688107,-0.00683454035996826,-0.010019913456516833,0.318462140128155,0.318462140128155,0.3225494929985514,-0.017011026380601063,0.32913011695906436,-0.005090315563771157,-0.011342204031043739
688108,-0.005434993261518385,-0.0063564337348181585,0.32661472278210646,0.32661472278210646,0.33923829068083056,-0.0056159078528024795,0.3671418128654971,-0.004813505652099971,-0.010030294215401839
688110,-0.004267400184341001,0.003863711111099676,0.333383472218044,0.333383472218044,0.3908136166103332,-0.011001354007517545,0.347953216374269,-0.008059191427541199,-0.0099626127921096
688111,-0.0057319168627675745,-0.0032926329003399217,0.3248999729250023,0.3248999729250023,0.3536335103814582,0.02600711986856075,0.4860501949317739,-0.0059391267815714546,-0.00978905782534543
688112,-0.0057985534217410584,-0.009976688806233088,0.3245690562859119,0.3245690562859119,0.3227607436021246,-0.031180248104151063,0.28846856725146197,-0.008817715847605156,-0.01098702717482307
688114,-0.006826694061172012,-0.005304238197449006,0.3184922234589814,0.3184922234589814,0.3443686624818928,-0.014319327474575594,0.33711013645224175,-0.0036625945945382276,-0.0076247464505588124
688115,0.00013231134561296314,0.006666394781201168,0.36196263650311367,0.36196263650311367,0.40572187349106714,0.01015715161874937,0.4250121832358674,-0.0019676323205407805,-0.004073056345278034
688116,-0.010399913206672506,-0.014036851129894796,0.297975391835384,0.297975391835384,0.30558908739739254,-0.020299961913906615,0.319078947368421,-0.007412005378436307,-0.011715332649312384
688117,-0.00656296639631224,-0.00823554455734278,0.3198158900153425,0.3198158900153425,0.33042612264606475,-0.0077363044404438405,0.3600755360623782,-0.004493074993970013,-0.009843718647946344
688120,-0.002763828191829399,-0.00048597359804923405,0.3440028879997593,0.3440028879997593,0.3674855142443264,0.015521704117014333,0.4454800194931774,-0.0036861399782065463,-0.0058244483707999735
688122,-0.008162302974191727,-0.010460573015827916,0.30946722421106465,0.30946722421106465,0.32010502172863353,-0.007822708700011357,0.35964912280701755,-0.00818754816691374,-0.013746470232420992
688123,-0.0054797588163284314,-0.0047399112554603814,0.3263740561354953,0.3263740561354953,0.34699420569773054,-0.0071843973586699725,0.36205531189083817,-0.00776905522785874,-0.014064234976746113
688103,-0.0023983867653626758,-0.0027946142068244672,0.34577780451851625,0.34577780451851625,0.35550458715596334,0.043279514254155334,0.5590582358674464,-0.004366710309764453,-0.00793369618058639
688062,-0.007434942515053987,-0.009964593678120495,0.31467164044402995,0.31467164044402995,0.3227909222597779,-0.013378776170669304,0.339942738791423,-0.005767185121929511,-0.012343281983538196
688061,-0.003100743750158239,-0.005595706203999998,0.3416864715261274,0.3416864715261274,0.34279937228392077,0.0017690626324357714,0.39327485380116955,-0.006424610576570471,-0.008849759539209988
688059,-0.0029657242880558534,-0.0009298671714656993,0.34267922144339824,0.34267922144339824,0.3647090777402221,-0.002037321013869107,0.380238791423002,-0.006104762837395745,-0.009617309976925704
688002,-0.0033775813164100077,0.0010118806232357457,0.33961072169910655,0.33961072169910655,0.3757242877836794,-0.029955146493780668,0.2916057504873294,-0.005257941741960545,-0.00616581414955456
688003,-0.006427796153712204,-0.004880176191845935,0.32032730663939113,0.32032730663939113,0.34630009657170446,0.005365485863477342,0.4073769493177388,-0.005064958370022766,-0.010304981833135662
688005,-0.008513295513316803,-0.011084939657298728,0.307872807677266,0.307872807677266,0.3179623370352487,-0.01478990077534088,0.3358004385964912,-0.006181160583713499,-0.011386584848872087
688006,-0.006502016830139052,-0.009072220142341724,0.3200264733311272,0.3200264733311272,0.32647271849348136,-0.00838194754282839,0.35730384990253417,-0.005139206158877963,-0.011467107039083605
688008,-0.002882963361064892,0.0010034021168185614,0.3431906380674469,0.3431906380674469,0.3757242877836794,0.05353875581002467,0.6050499512670565,-0.004218838581000632,-0.005679953667653216
688009,-0.008946503193955981,-0.014043031503227239,0.3052555578953702,0.3052555578953702,0.30555890873973923,-0.03519155178632826,0.27753411306042886,-0.004881437077484876,-0.009496520519557706
688010,-0.00038765068061995776,0.00909015736729733,0.3591047200746067,0.3591047200746067,0.41957387735393525,0.007659993245634325,0.4149914717348928,-0.00016323344691277522,-0.0005715863075402069
688011,-0.002335125558355527,-0.0006051086775469483,0.34607863782678017,0.34607863782678017,0.36685176243360695,0.0060525916815843865,0.409661306042885,-0.00486303382648396,-0.009143534007107075
688012,-0.0031297875497989535,0.0021071912029524886,0.341265304894558,0.341265304894558,0.38169966199903427,0.00299256725635406,0.39778265107212474,-0.003292274914449635,-0.0031480290183208983
688016,-0.008781078122759148,-0.009321842079153483,0.306248307812641,0.306248307812641,0.32562771607918883,0.005511338107948128,0.4078338206627681,-0.004995665674820685,-0.010571938426135446
688017,-0.004824552614709568,-0.0005157299655473664,0.3301344724887939,0.3301344724887939,0.3672742636407532,0.01853483509158597,0.4571454678362573,-0.005402639853600622,-0.008750713741880488
688018,-0.00600475263035069,-0.007398204938056889,0.3234559730453356,0.3234559730453356,0.3343493481409947,-0.016141404593813215,0.331536306042885,-0.006537284308870246,-0.010198046095055518
688019,-0.003506784023862581,-0.002890436603667623,0.33837730513522457,0.33837730513522457,0.3552028005794302,-0.007766818268503949,0.3599232456140351,-0.0034657941522537447,-0.007557307167525449
688020,-0.0008721673171478948,0.0011049494451116854,0.35531422039048166,0.35531422039048166,0.37638821825205215,-0.01957175997731713,0.32127192982456143,-0.014005945165203378,-0.016437049396281263
688025,0.0003985931831507455,0.007036640209529683,0.36358713636773865,0.36358713636773865,0.40828705939159826,0.02386748634552103,0.47755238791423005,-0.0054172318525335175,-0.007024907523722517
688026,-0.007323055858577872,-0.010283922591652363,0.31545380704551607,0.31545380704551607,0.32088966682761955,-0.008020637187348217,0.3588267543859649,-0.010767260791151841,-0.012564852083133573
688027,-0.008173539477309684,-0.008713736437995601,0.30934689088775913,0.30934689088775913,0.32789111540318683,-0.003938844462069487,0.37344663742690054,-0.006275488796503212,-0.013553085051875512
688057,0.004835160278817221,0.008756198795521957,0.3932192172317319,0.3932192172317319,0.41755190729116365,0.014122934574304354,0.4407894736842105,0.0034174005581765524,0.003133774073355934
688052,-0.003361946373822782,0.00159163679684321,0.33970097169158564,0.33970097169158564,0.37892322549492996,0.011641969363929566,0.4311038011695907,-0.005480158286115921,-0.007056269004110672
688049,-0.0071089910671078265,-0.008273572610592196,0.31689780692518277,0.31689780692518277,0.33021487204249156,-0.015606577723587457,0.33315058479532167,-0.008682736533769456,-0.011898555227680789
688048,0.00016602691922326315,0.010540081071930593,0.3622935531422039,0.3622935531422039,0.42811443746982136,-0.01050003032374549,0.35005482456140347,-0.01147974807391415,-0.00831949601124686
688047,-0.007240918240493022,-0.010556678072319409,0.31602539033121746,0.31602539033121746,0.31971269917914047,0.017386282103691936,0.45245492202729043,-0.0066517927273667225,-0.012768727819446412
688046,-0.004475601339378002,-0.007475716089997438,0.3324508889624259,0.3324508889624259,0.33401738290680827,-0.019005006316972828,0.32331262183235865,-0.004453212994801476,-0.009802570847104237
301687,-0.007849797737699473,-0.011995709076518478,0.31142264071478,0.31142264071478,0.31406929019797203,-0.02514747822040028,0.3050986842105263,-0.005874165297417395,-0.00835300070334302
688045,-0.00012649218867084866,0.0016521122864864715,0.3605487199542733,0.3605487199542733,0.37940608401738296,0.02135676530974833,0.4675316764132553,-0.00196422392618064,-0.0026927674139002543
688039,-0.010920945401247995,-0.008678423528133382,0.29520772539935625,0.29520772539935625,0.32810236600676,-0.01129802030731717,0.34710038986354774,-0.01746553883105536,-0.017271797977070222
688037,-0.00043619090524951547,-0.0016431662331207715,0.35868355344303726,0.35868355344303726,0.36084620956059876,0.02557400920603371,0.4841617933723197,-0.0035645774482778955,-0.0032583642754613704
688036,-0.008176997431554095,-0.014236612628202888,0.30934689088775913,0.30934689088775913,0.3047742636407532,-0.038692634458512634,0.26882309941520466,-0.006840540555739441,-0.011611955383216082
688035,-0.003247129111822927,-0.005601570707696524,0.34030263830811347,0.34030263830811347,0.34270883631096094,0.011124024522194995,0.4287889863547758,-0.012058269354657779,-0.010445485437758233
688031,-0.006548018208959783,-0.004739306122702386,0.3199061400078217,0.3199061400078217,0.34699420569773054,0.05353189223212753,0.6050499512670565,-0.00869272710090862,-0.013180661586727507
688028,-0.004287363297326962,-0.0001681623099505031,0.3332932222255648,0.3332932222255648,0.36884355383872525,-0.019664617887501835,0.32108918128654973,-0.016249390287527688,-0.0167829704877277
688041,-0.0026776204808754553,-0.004413763294141734,0.3442736379771968,0.3442736379771968,0.34871438918396913,0.020926158236610228,0.4657955653021443,-0.007325938661516959,-0.008680284368764713
301339,-0.005531275064796735,-0.0015261672045011085,0.32613338948888426,0.32613338948888426,0.3612385321100917,-0.0024061476083953783,0.37889863547758285,-0.0012530968375581398,-0.0028392050652083357
301338,-0.0004560283106268947,0.0038455935524255814,0.35856322011973163,0.35856322011973163,0.39072308063737327,-0.00042738934904818643,0.38547758284600386,-0.008556230102720207,-0.011056743957376786
301333,-0.009107836495622381,-0.011363876434159969,0.3045034746247105,0.3045034746247105,0.3167250120714631,-0.03159220484626823,0.28715886939571145,-0.010530089243482293,-0.01207789798290903
301091,-0.008479809473166133,-0.012580866542501259,0.3080833909930507,0.3080833909930507,0.31189642684693386,-0.02136444781625535,0.3159722222222222,-0.005154346841582714,-0.011450520603219964
301093,-0.0021740561663274797,0.0024422907731582056,0.347071387744051,0.347071387744051,0.38341984548527286,-0.007958799643021949,0.3590399610136452,-0.005457966717926879,-0.010847242618952741
301095,-0.006248993769849068,-0.004852440604943493,0.3216208898649259,0.3216208898649259,0.3463906325446644,0.039963912274515956,0.5439205653021443,-0.007574855925310465,-0.009473211784607371
301096,-0.009964953221109615,-0.014665222525132821,0.30032189163984235,0.30032189163984235,0.30311443746982136,-0.036904194490014634,0.27284356725146197,-0.007297721117780523,-0.012813145262976099
301099,-0.006048795106852039,-0.00673779113664982,0.3230949730754189,0.3230949730754189,0.33748792853693865,-0.01981411790270607,0.3207236842105263,-0.00559692314723625,-0.010604347770723714
301110,-0.00891509404544991,-0.015815782889881457,0.3053758912186757,0.3053758912186757,0.29882906808305165,-0.02787313932250882,0.29699683235867447,-0.007136689681392175,-0.011171885004968254
301111,-0.005901529846888414,-0.005343077759636521,0.32402755633103697,0.32402755633103697,0.34400651859005316,-0.013813614275420674,0.3386634990253411,-0.004543768585772457,-0.00873503909614725
301115,-0.006460875287595787,-0.007859115254895462,0.3202069733160856,0.3202069733160856,0.3322670207629165,-0.012879509188211801,0.3411915204678363,-0.00792945766099828,-0.013961375602362557
301119,-0.005520763433646124,-0.0063487138289009815,0.32613338948888426,0.32613338948888426,0.33923829068083056,-0.008237423613501629,0.3577607212475633,-0.0070486403485386494,-0.008138285423141486
301120,-0.007709180953869301,-0.009749098192818571,0.3125056406245299,0.3125056406245299,0.3238169966199903,-0.008517792135113484,0.3566337719298246,-0.0044366634148789216,-0.009052009695127683
301122,-0.005237610842542908,-0.009236422831778278,0.3277278060226828,0.3277278060226828,0.32592950265572185,-0.023272866689693302,0.3104593079922028,-0.014028552116434324,-0.016072294898017647
301123,-0.002729666204738489,0.0035160268807679614,0.34412322132306494,0.34412322132306494,0.38915379043940124,0.057716461516800203,0.6233248050682261,-0.007178085600780174,-0.009684684926982663
301127,-0.008057801137957883,-0.008598390340125208,0.31015914082007157,0.31015914082007157,0.32864558184451953,-0.01053102555178888,0.34981115984405453,-0.007013621395865829,-0.013049880993460945
301128,-0.001886172436607402,0.00389163001375458,0.34932763755603025,0.34932763755603025,0.39087397392563983,0.0033699681323760356,0.39906189083820665,-0.0072573974395683,-0.009075925450653638
301087,-0.008104248672938016,-0.01286407514075151,0.3099184741734605,0.3099184741734605,0.3107194591984549,-0.024975347169549834,0.30582967836257313,-0.00470344365427783,-0.009668281844866688
301130,-0.005848909950970212,-0.004919132942433731,0.32438855630095365,0.32438855630095365,0.3461492032834379,-0.017677007016449177,0.32715034113060426,-0.004798894467993252,-0.009729325575341095
301133,0.004270191917165461,0.008843510607231476,0.3889473842543847,0.3889473842543847,0.41803476581361665,0.006212391482417407,0.4102400097465887,-0.005841937334351091,-0.00443348641521555
301136,-0.0033951787240264868,0.006231589300829544,0.33943022171414816,0.33943022171414816,0.4033981168517624,0.011549313067646439,0.43086013645224175,-0.0030431320275818934,-0.0045574544498039144
301137,-0.00921633912097411,-0.012995740509952457,0.3039318913390091,0.3039318913390091,0.3102667793336552,-0.030301329756757475,0.2905397173489279,-0.0074066783450599085,-0.011732762389536838
301149,-0.00696958610576768,-0.0060531361405675955,0.3177100568574953,0.3177100568574953,0.34071704490584254,-0.029160907980186324,0.29349415204678364,-0.006123711878405054,-0.00953010331170561
301150,-0.007811568762124105,-0.006249221744153707,0.31169339069221746,0.31169339069221746,0.33975132786093676,-0.008994226300554213,0.3550499512670565,-0.004250687696966731,-0.007849534353639281
301151,-0.00949397553421409,-0.014537192446861094,0.30272855810595345,0.30272855810595345,0.3039292612264607,-0.02947581560868616,0.292671783625731,-0.007534023928856183,-0.010713957838266494
301152,-0.006610680915069998,-0.004602216669529498,0.3194248067145994,0.3194248067145994,0.3476883148237566,-0.014466759136724188,0.3366837231968811,-0.00342047537246073,-0.00721085077645422
301156,0.0012277363037586477,0.00031765802794029175,0.3685208026232665,0.3685208026232665,0.37137856108160305,0.0044339065888868495,0.4033260233918129,0.0006905679787858575,0.0009641868311991017
301158,-0.007378119241998287,-0.010713673570788828,0.3149123070906411,0.3149123070906411,0.31919966199903427,-0.01850174025718702,0.32495735867446396,-0.005045118770583179,-0.009372789427983069
301160,-0.004021505297583628,-0.004821947789236462,0.3351283054059746,0.3351283054059746,0.3466018831482376,-0.004581316497831423,0.37125365497076024,-0.005881633412385387,-0.008452964171166514
301165,-0.002595485730388325,-0.0008112610816158436,0.3445744712854607,0.3445744712854607,0.3652522935779816,-0.007450105282834832,0.36126340155945424,-0.0024688061338877265,-0.005287422219631583
301169,0.0011813183558374747,0.006923748920261845,0.36812971932252336,0.36812971932252336,0.4073515210043457,0.011510114591129904,0.4306164717348928,-0.0029189489532811,-0.001703925982169746
301171,-0.008443601680217797,-0.0073809096570612385,0.3081435576547036,0.3081435576547036,0.334379526798648,-0.008247983534681562,0.3577607212475633,-0.011143521093399878,-0.014767582811611045
301172,-0.0056426018996983025,-0.0075733898946551085,0.32535122288739804,0.32535122288739804,0.3335647030420087,-0.019476192282585614,0.3215765107212476,-0.00855014158223891,-0.010209069067536679
301132,-0.01281783622977004,-0.015853168552135928,0.2857314761890436,0.2857314761890436,0.29855746016417195,-0.0219587612111824,0.31402290448343084,-0.018564922202262718,-0.022771717244151647
301086,-0.0031186235859625034,-0.0012382750438850853,0.34135555488703706,0.34135555488703706,0.36283800096571706,-0.014712691668463394,0.33604410331384016,-0.012005092156672403,-0.009643458068406423
301085,-0.009530616055170912,-0.012784709245529984,0.30263830811347436,0.30263830811347436,0.3109910671173346,-0.0163020030228605,0.3310794346978557,-0.01453110183586201,-0.02083545440440682
301081,-0.0018541840756026435,-0.0014032808207500645,0.3495683042026413,0.3495683042026413,0.3619024625784645,-0.0007899553287681865,0.3842288011695907,-0.006944762753018976,-0.007321417247642577
301015,-0.007359920477413054,-0.009057948937934688,0.31503264041394663,0.31503264041394663,0.326533075808788,-0.019615123071064444,0.32127192982456143,-0.006178364295425977,-0.010920739354434286
301016,-0.005103447497420158,-0.0070437032589049185,0.32854005595499536,0.32854005595499536,0.3360393529695799,0.0029226610890692043,0.3975389863547758,-0.0019705733905596274,-0.004493027826380359
301018,-0.0044313867387656535,-0.002983781333883362,0.33269155560903707,0.33269155560903707,0.35484065668759057,0.03436740174404374,0.5201327972709552,-0.0066909698434154865,-0.013096901681231827
301020,-0.009879776312260606,-0.009407635968329322,0.3007731416022382,0.3007731416022382,0.32514485755673583,-0.018185737357568427,0.32562743664717353,-0.01266673391402911,-0.013655273893244458
301021,-0.003474604191242328,-0.002192862171256714,0.3388887217592732,0.3388887217592732,0.3584319169483341,0.004676979317980902,0.40433114035087714,-0.01095144966474247,-0.010417712516448033
301025,-0.014216174661134773,-0.01872127735566971,0.27815047682079364,0.27815047682079364,0.286697247706422,-0.03827786437355526,0.2696150097465887,-0.017668416249533372,-0.02519679806313951
301026,-0.009335694469268426,-0.013324776703465768,0.3032700580608285,0.3032700580608285,0.3087880251086431,-0.014341943773389619,0.33707967836257313,-0.005488934050351162,-0.008670967790730023
301027,-0.005081755564473736,-0.001529955515459102,0.3286603892783009,0.3286603892783009,0.3612083534524384,0.008106636882757586,0.41669712475633525,-0.0026261449399474007,-0.007664424346338348
301029,-0.008166822114702174,-0.011417657719512909,0.3094070575494119,0.3094070575494119,0.31642322549492996,-0.026450900802811008,0.3008954678362573,-0.007390888299654821,-0.012794591160903453
301031,-0.0049569504243613645,-0.0014364086336473092,0.32929213922565503,0.32929213922565503,0.361751569290198,0.005149418616146068,0.40655458089668617,-0.004598073448575082,-0.0077734322236782125
301035,-0.00982937029373068,-0.011331794671741238,0.3009235582563702,0.3009235582563702,0.31690608401738296,-0.012887005014598007,0.3411915204678363,-0.004569137985544859,-0.008842199368156996
301041,-0.0043731259049167625,-0.0051698201588433,0.3329021389248218,0.3329021389248218,0.3451834862385321,-0.013551415387922525,0.33948586744639375,-0.007596585692678983,-0.008677046330715157
301042,-0.0033141684622398373,-0.0008159092102774474,0.3401221383231552,0.3401221383231552,0.3652221149203283,0.007716873417489203,0.41505238791423005,-0.0032840719244850614,-0.008028683874868872
301043,0.017048634207480012,0.027187007711857746,0.48674829277097564,0.48674829277097564,0.5298466924191212,0.02558380390457377,0.4842227095516569,0.005018657637658703,0.007808595950219495
301045,-0.004462801028066505,-0.0067292922547324985,0.3325411389549051,0.3325411389549051,0.33751810719459197,-0.015500202480644525,0.33351608187134507,-0.006550740788424836,-0.010560679098975088
301046,-0.005746529671915013,-0.003827583257410513,0.32486988959417584,0.32486988959417584,0.35152100434572675,0.031415882153598605,0.5074013157894737,-0.013847892725580992,-0.01714342112092534
301047,-0.008858817029299654,-0.011486426941015463,0.30582714118107157,0.30582714118107157,0.31615161757605026,-0.02015616590139501,0.3195662768031189,-0.01381120984663406,-0.015658898123286313
301080,-0.007975553560553548,-0.00909050822378407,0.3106404741132939,0.3106404741132939,0.32641236117817485,-0.0016474322545575043,0.3811525341130604,-0.013354799845103469,-0.014704613048119552
301079,-0.005701104755117057,-0.007312554310456934,0.32496013958665504,0.32496013958665504,0.33468131337518103,-0.01163190201471638,0.3457906920077972,-0.004244317864835375,-0.008148299273665335
301078,-0.013187971491383331,-0.0174198701602141,0.2835353930387172,0.2835353930387172,0.29225012071463063,-0.02758267325752308,0.29806286549707606,-0.012873791489332506,-0.01986521312473548
301073,-0.009958348816704068,-0.015203530704359695,0.3003519749706688,0.3003519749706688,0.30127353935296963,-0.02810489674935559,0.29644858674463936,-0.012933536768498443,-0.014983877307995264
301072,-0.0029356794068254553,-0.00548011327598847,0.34288980475918296,0.34288980475918296,0.34328223080637377,-0.013540254893690488,0.33951632553606237,-0.003049053493128784,-0.0038612209682572216
301071,-0.010006492356981068,-0.011598572879555215,0.3001714749857104,0.3001714749857104,0.31569893771125057,-0.01904839068552973,0.32312987329434695,-0.016358044677314602,-0.02237960082428113
301175,-0.009324265637628747,-0.009991909261162179,0.3033603080533077,0.3033603080533077,0.3227305649444713,-0.0179406905938733,0.3263279727095516,-0.00470344365427783,-0.009298899103100115
301070,-0.005845037713979536,-0.0038422001039443345,0.32438855630095365,0.32438855630095365,0.3514304683727668,-0.013260004937891708,0.3402777777777778,-0.005704095453616615,-0.009733515111021841
301060,-0.006610162895208927,-0.0070221288758020115,0.3194248067145994,0.3194248067145994,0.3360997102848865,-0.013071018738811172,0.3407955653021443,-0.004584834553623074,-0.00757898332771184
301058,-0.010757796172611588,-0.015369217931936765,0.29617039198580064,0.29617039198580064,0.30063978754225007,-0.034912802566945234,0.2781737329434698,-0.011383419158381883,-0.01658461083185762
301055,-0.007831113818798563,-0.011433663942096897,0.3115429740380855,0.3115429740380855,0.31636286817962334,-0.01811753680103105,0.32581018518518523,-0.01398543326980366,-0.018108270131566902
301052,-0.008589964509629951,-0.010509443963523367,0.30742155771487023,0.30742155771487023,0.31992394978271366,0.006826858431015729,0.4122807017543859,-0.008266948353569843,-0.011799582240831809
301051,-0.004833321133756061,-0.006981297685860848,0.33007430582714115,0.33007430582714115,0.3363109608884597,-0.022165202878474136,0.3136269493177388,-0.005217407307557156,-0.011214313506605959
301050,-0.009522885067497029,-0.012148200474931724,0.3026683914443007,0.3026683914443007,0.31340535972959926,-0.024462380412753233,0.30713937621832355,-0.00423061043768194,-0.012010423062090204
301067,-0.0054983779539306,-0.006802952328402714,0.3262537228121898,0.3262537228121898,0.3372766779333656,-0.005268163924365226,0.3684515107212476,-0.0064197554171722074,-0.005762828231905934
301176,-0.006267493734316218,-0.011433765668788698,0.3216208898649259,0.3216208898649259,0.31636286817962334,-0.026829950420197594,0.29970760233918126,-0.015363081401574882,-0.021208902692693057
301182,-0.0014314571629142308,0.0013766334361613782,0.3521855539845372,0.3521855539845372,0.377746257846451,0.01999459519125513,0.4623538011695907,-0.010306886895686767,-0.007744298789266739
301183,-9.597809856144463e-05,0.0034488580953141194,0.3606389699467525,0.3606389699467525,0.3888218252052149,0.006356485145784479,0.41054459064327486,-0.007695289536887542,-0.008936166967518854
301257,-0.00838552307115658,-0.012132087786588051,0.3084744742937938,0.3084744742937938,0.3134657170449059,-0.028367893301310856,0.29571759259259256,-0.007025722531337102,-0.013645811375051314
301259,-0.004849239645084025,-0.007625335510099154,0.32998405583466206,0.32998405583466206,0.33323273780782225,-0.005896283757030774,0.3663194444444444,-0.002409837252709813,-0.006452191821908186
301261,-0.007346246972813874,-0.008950683978378848,0.3151830570680786,0.3151830570680786,0.3269857556735877,-0.012393046086238337,0.3430494639376218,-0.0063317496519272294,-0.01032446731721701
301262,-0.01059269593334932,-0.01634006547307131,0.2971029752414187,0.2971029752414187,0.2966562047320135,-0.03426978743992651,0.2801535087719298,-0.012013421082000136,-0.01471519549487774
301265,-0.007148787214360018,-0.004863776318918133,0.3166571402785716,0.3166571402785716,0.3463604538870111,0.01690778152532894,0.450749269005848,-0.0042784112504907195,-0.009110229854803573
301266,-0.004194816822555907,-0.0024008647587696083,0.3338948888420926,0.3338948888420926,0.357436021245775,-0.013969095360810624,0.3383284600389863,-0.013530383572879287,-0.013426968546094497
301269,-0.008333310137004004,-0.009077827709661087,0.30868505760957854,0.30868505760957854,0.32647271849348136,0.016203294306730093,0.44794712475633525,-0.006647697503118403,-0.012314067862907715
301275,-0.007805842382436193,-0.010777523782952358,0.3117234740230438,0.3117234740230438,0.31895823273780777,-0.017028973726145043,0.3290692007797271,-0.007437078182089336,-0.011928910297162766
301282,-0.008977546415751759,-0.013680059337146885,0.3051953912337174,0.3051953912337174,0.3069169483341381,-0.008256960289079362,0.3577302631578947,-0.016981394960991433,-0.023273676014152506
301285,-0.004342253780677934,-0.003451953537846654,0.33308263890978007,0.33308263890978007,0.35309029454369867,0.0521486630968975,0.599293372319688,-0.007016453037519118,-0.012125918578200959
301291,-0.010467918945792867,-0.016512744092001444,0.29770464185794654,0.29770464185794654,0.2959922742636407,-0.025773466562882236,0.3032407407407407,-0.005582485562294163,-0.011786320806396553
301292,-0.00923734805013409,-0.00908211347603231,0.3039018080081827,0.3039018080081827,0.32644253983582805,-0.021093205794158434,0.31658138401559455,-0.006636921004035379,-0.012049691105148445
301293,-0.00940595259145066,-0.013142310401008373,0.3029692247525646,0.3029692247525646,0.3095424915499758,-0.019686557268068706,0.3210282651072125,-0.005915222195190589,-0.01143130109400883
301297,-0.004038057603532249,-0.0060985440731748004,0.33509822207514817,0.33509822207514817,0.34044543698696283,-0.013524373695626427,0.339546783625731,-0.006498714637622072,-0.009631417020492226
301299,-0.0018674224573031598,0.005283065569528011,0.34950813754098853,0.34950813754098853,0.39850917431192656,0.0001226995349984548,0.3871832358674464,-0.0004494560634197549,0.0003386879928419737
301301,-0.00874349496090474,-0.012076350951436027,0.30636864113594653,0.30636864113594653,0.3137373249637856,-0.012088979125271515,0.34435916179337234,-0.00472364636223242,-0.011894530829744796
301305,-0.005597661322153866,-0.007051659208485402,0.3256821395264884,0.3256821395264884,0.3360393529695799,-0.008173220216044276,0.35821759259259256,-0.008032764191045962,-0.011619879086513367
301328,-0.004813311892227676,-0.006085129077042006,0.33016455581962034,0.33016455581962034,0.34047561564461615,-0.009741727372808885,0.35252192982456143,-0.004904175888331856,-0.008371047344678579
301326,-0.0023457129879364907,-0.0011631382779087036,0.34604855449595384,0.34604855449595384,0.36332085948816994,-0.002101054151213499,0.3799342105263158,-0.005860202313004475,-0.011076244004369835
301323,-0.00015763807456677104,0.0018654807846531707,0.360368219969315,0.360368219969315,0.38064340898116855,0.002604664616758164,0.3964120370370371,-0.0025867545508203088,-0.0034300817404611054
301322,-0.008475860240243462,-0.010340463760392174,0.3080833909930507,0.3080833909930507,0.32064823756639305,-0.012764630798906638,0.34164839181286555,-0.013459076894542064,-0.01396855597848593
301321,-0.003098056921528235,-0.005038103733683519,0.3416864715261274,0.3416864715261274,0.3456361661033317,-0.011384978656184666,0.3467958089668616,-0.006816828677013114,-0.008641281488809409
301319,-0.0014500014793003713,0.004704440180759031,0.35203513733040526,0.35203513733040526,0.39515934331240943,0.020034112665159427,0.46247563352826515,-0.0047644379098591896,-0.010065835732587628
301256,0.0025152660102651363,0.0092637870890073,0.376914051923829,0.376914051923829,0.4204188797682279,0.0023421252053502884,0.39546783625730997,-0.0013996542066303146,0.0007560731906376373
301317,-0.008604016812483236,-0.010542877519594228,0.30724105772991184,0.30724105772991184,0.3197428778367938,0.0027371320546749336,0.3967775341130604,-0.007169525198261202,-0.009667963828073382
301313,-0.0060556726514265306,-0.007932659828236988,0.3229746397521134,0.3229746397521134,0.3318746982134234,-0.02329988811690114,0.31036793372319693,-0.010695873245477917,-0.017140130276521358
301312,-0.004514023938706623,0.00013533066481269743,0.3322403056466412,0.3322403056466412,0.3704430226943506,0.021376343154996483,0.46756213450292394,-0.009976658604555069,-0.011454761633461338
301310,-0.007238498273502795,-0.008778723186447032,0.31602539033121746,0.31602539033121746,0.3275289715113472,-0.025644715944509018,0.3035757797270955,-0.005965928298099932,-0.010500439738201703
301308,-0.002239292847210287,0.0062750290885741815,0.3467103877741343,0.3467103877741343,0.40369990342829554,-0.009550629114497139,0.3531615497076024,-0.003534615195425662,-0.003895119651020575
301307,-0.0031388692290003923,0.0013479589241404428,0.34114497157125234,0.34114497157125234,0.37759536455818443,0.0007364237039297243,0.38943713450292394,-0.007828605020194081,-0.011947326833885464
301306,-0.005726146639441588,-0.006579348060388791,0.3248999729250023,0.3248999729250023,0.33848382423949785,0.04343368044301647,0.5596064814814814,-0.008346461942664208,-0.013741833808709535
301316,-0.006963779137720026,-0.00668323598306142,0.3177100568574953,0.3177100568574953,0.33772935779816515,-0.011345984846938433,0.3468871832358674,-0.006232863713484802,-0.010514028366322899
688125,-0.0014087594664036088,0.0018113177043254242,0.35230588730784274,0.35230588730784274,0.38019072911636886,0.005057225559931583,0.40615862573099415,-0.002573110536297267,-0.0034316809349601023
301252,-0.0077231235509522015,-0.007077178135582904,0.31235522397039805,0.31235522397039805,0.3358884596813134,-0.022885439722179983,0.31170808966861596,-0.006336193688098497,-0.009774672056498094
301248,-0.0054094038145674666,-0.0028391859082933096,0.326735056105412,0.326735056105412,0.3553536938676968,-0.0016627700424413994,0.38112207602339176,-0.004666983848004348,-0.007690685670731845
301188,-0.00428629730926861,-0.005254956029826842,0.3332932222255648,0.3332932222255648,0.34479116368903906,-0.015761779472826896,0.3326327972709552,-0.004999944072162758,-0.00805163498434866
301189,0.006567615411787813,0.0013996037557038434,0.4049517162540236,0.4049517162540236,0.3779575084500242,-0.04027136413185761,0.2648940058479532,-0.015371790663106852,-0.01729705942974284
301190,-0.008458430835962247,-0.0093913589498533,0.30811347432387715,0.30811347432387715,0.32517503621438915,-0.02119099315122103,0.31642909356725146,-0.004012247014982612,-0.007898405382586954
301191,-0.007947269845825994,-0.010685984452887803,0.3107608074365994,0.3107608074365994,0.3192600193143409,-0.0007075302868449432,0.38453338206627685,-0.005359242676266676,-0.012408569409768724
301193,-0.000873955490249427,-0.0010788056185233623,0.35531422039048166,0.35531422039048166,0.3639847899565427,-0.0076237396708654275,0.360410575048733,-0.0032038958161429406,-0.006348556045202686
301196,-0.0028128802095209065,-0.0009885769662980365,0.3434914713757107,0.3434914713757107,0.36437711250603577,0.02269905790559063,0.47264863547758285,-0.007222200607132665,-0.009266662049109491
301200,0.0061328384997209745,-0.0014417273951417052,0.402274299810475,0.402274299810475,0.361751569290198,-0.01163296440363354,0.3457906920077972,-0.003554903353334541,-0.006085620684341521
301201,-0.009553873815564506,-0.012330574422306385,0.3024878914593424,0.3024878914593424,0.31283196523418644,-0.020570584707146674,0.3184697855750487,-0.006742566131821204,-0.011887032373067485
301205,-0.0037963401390698386,0.0035554742597610897,0.3363918053006829,0.3363918053006829,0.3892745050700145,0.015126618950103705,0.44392665692007793,-0.007398454994065333,-0.009654218304159815
301206,-0.01906074959395667,-0.02008969359401248,0.25513672873860593,0.25513672873860593,0.2818686624818928,-0.030572027089477538,0.29002192982456143,-0.017901378369482555,-0.02088872542207278
301207,-0.011040174899798017,-0.015114169049435421,0.29484672542943957,0.29484672542943957,0.30178657653307583,-0.038312468627083145,0.26952363547758285,-0.007854987402224945,-0.01277132921999481
301209,-0.004622174994619405,-0.0055118364786042855,0.3313678890526759,0.3313678890526759,0.3431615161757605,0.00626704953072683,0.41036184210526316,-0.0061006829708490935,-0.010268810366704954
301211,-0.01140434240951329,-0.01208120120813613,0.29280105893324504,0.29280105893324504,0.3137071463061323,-0.02406862182583378,0.308296783625731,-0.0046703339528137095,-0.008544271197389054
301213,-0.0005853695785970423,0.0035838297147422265,0.35742005354832884,0.35742005354832884,0.3894857556735877,0.005344604593681819,0.40725511695906436,-0.0004910537892113321,-0.0006804876622343069
301216,-0.007392716202858184,-0.00939227185811172,0.31485214042898835,0.31485214042898835,0.32517503621438915,-0.024342180652081144,0.30747441520467833,-0.00832053170059619,-0.011802838105507942
301217,-0.0005806392742730131,0.013855946612852891,0.3574501368791553,0.3574501368791553,0.44691574118783195,0.021221742943385757,0.466922514619883,-0.005677978114685416,-0.007963976461231214
301218,-0.01316096631409715,-0.016643296171147348,0.2837158930236756,0.2837158930236756,0.29556977305649446,-0.04192685259802133,0.26187865497076024,-0.016555177883572615,-0.020545797597135138
301246,-0.007714879043602917,-0.010609567510070594,0.3123853073012244,0.3123853073012244,0.31938073394495414,-0.008004300795814719,0.35888767056530213,-0.005337779786889253,-0.010901261451635485
301238,-0.008478176140672608,-0.012810234673470883,0.3080833909930507,0.3080833909930507,0.31093070980202797,-0.016814152815520993,0.3295869883040936,-0.005845845927610254,-0.009406227169941968
301237,0.0032518385729200933,0.012753120979659919,0.38169730152522485,0.38169730152522485,0.4402160791887977,0.012149310526381192,0.43305311890838205,0.00023422628742490468,0.0005087902155466288
301236,-0.00876147744006106,-0.010959034454295854,0.30627839114346744,0.30627839114346744,0.31838483824239494,-0.024030838339729684,0.30841861598440545,-0.006109202630138231,-0.012579747937498845
301235,-0.009648603729547546,-0.011915335949414668,0.3020065581661201,0.3020065581661201,0.314461612747465,-0.018246481646766746,0.32550560428849906,-0.007460445438739554,-0.012849423588925567
301234,-0.004605987300469748,-0.004664633878377467,0.3314882223759815,0.3314882223759815,0.3473865282472236,-0.012374342203169422,0.3430494639376218,-0.00785892490500587,-0.014102266531239433
301251,-0.0055351958197523065,-0.009404944126083,0.32613338948888426,0.32613338948888426,0.32514485755673583,-0.026256151762540657,0.30150462962962965,-0.008559683592092061,-0.01423345067973193
301232,-0.008225397214550397,-0.0049622066351437,0.30925664089527993,0.30925664089527993,0.34599830999517145,0.023802382176089695,0.4772782651072125,-0.008374734980974682,-0.013213674713583808
301230,-0.008711668708768511,-0.010465804647376196,0.3065190577900785,0.3065190577900785,0.3200748430709802,-0.022005208250678865,0.3139619883040936,-0.013514222633629674,-0.018715319794353712
301228,-0.0059062551802422595,-0.005983572703043641,0.32402755633103697,0.32402755633103697,0.34119990342829554,-0.01687457727475776,0.3294042397660819,-0.006608504533261057,-0.01179353149114763
301227,-0.0070810929067246535,-0.009437480939266427,0.3171384735717939,0.3171384735717939,0.32496378561081607,-0.019018271019504308,0.3232517056530214,-0.01331631411917383,-0.011761568835726313
301225,-0.009862963980389081,-0.015583478586195028,0.300833308263891,0.300833308263891,0.2996740704973443,-0.03227907681300525,0.28551413255360625,-0.006622615102172509,-0.011964566974983902
301220,0.03248543081431538,0.03353515572868808,0.6188441984296501,0.6188441984296501,0.5705275229357798,0.05508821395525776,0.6122685185185186,0.008814956729766696,0.010067433168618899
301219,-0.007514281609109734,-0.008869950370895045,0.31406997382750224,0.31406997382750224,0.3272875422501207,-0.020720201417785324,0.31804337231968816,-0.005125506185451139,-0.009005991950020801
301231,-0.009347828702275199,-0.012782429428069175,0.3031798080683493,0.3031798080683493,0.3109910671173346,-0.023124299059281015,0.3109161793372319,-0.011230462266300355,-0.011644877059311526
688126,-0.005480129141983017,-0.00678365771193507,0.3263740561354953,0.3263740561354953,0.3373068565910188,-0.009775041372840229,0.3524305555555556,-0.0057880319106965285,-0.010426993343436108
688127,-0.004478863555920647,-0.004057592608404022,0.33239072230077316,0.33239072230077316,0.35028367938194105,-0.020566761555915275,0.3185002436647173,-0.007899693165518687,-0.008247738883677337
688131,-0.004634952377720209,-0.0026898213623221465,0.33130772239102313,0.33130772239102313,0.35604780299372285,0.006585805546463566,0.4113365009746589,-0.004581825327139534,-0.007302589094830443
688545,-0.006233191524199695,-0.005217915346893129,0.3217412231882314,0.3217412231882314,0.34497223563495893,0.010622047315959261,0.4267787524366472,-0.00420936386928293,-0.007898757587087014
688548,-0.004239229320458739,-0.004876517425175032,0.3335038055413495,0.3335038055413495,0.34630009657170446,-0.004302968257546013,0.37235014619883045,-0.00388101047688681,-0.005323384424468736
688549,-0.010789020759727885,-0.00911834148297707,0.2959297253391896,0.2959297253391896,0.3263218252052149,-0.0071797558366974035,0.3621162280701754,-0.01577847642414315,-0.023563250250118697
688551,-0.002036321472871059,-0.0027040073315110127,0.348154387653801,0.348154387653801,0.3559572670207629,-0.009028188974467463,0.35495857699805067,-0.0027120597012609345,-0.004575378642224864
688552,-0.0072481275612382165,-0.012663803370278327,0.31593514033873826,0.31593514033873826,0.31159464027040074,-0.03090384436551239,0.289260477582846,-0.008115902001982176,-0.013598526204713801
688556,-0.008209265331360592,-0.009281667145337997,0.30925664089527993,0.30925664089527993,0.32571825205214877,0.008785293420509762,0.41907285575048736,-0.006806861643506369,-0.011688920703074427
688559,-0.009616264802408271,-0.011792210743842041,0.30212689148942573,0.30212689148942573,0.31488411395461124,-0.0186319870317193,0.3246832358674464,-0.014993324126678446,-0.01741236754771661
688561,-0.008820407250437617,-0.010284538571881543,0.3060678078276827,0.3060678078276827,0.32088966682761955,-0.02226837174810748,0.31335282651072127,-0.007403423074265074,-0.009898505568877742
688563,-0.009400937933829082,-0.013946216018972807,0.30299930808339104,0.30299930808339104,0.305921052631579,-0.01956956580136488,0.32127192982456143,-0.0076721113048899,-0.01137384786843488
688568,-0.004636176028528336,-0.0008966828512036681,0.3312776390601967,0.3312776390601967,0.3647694350555287,0.031199580108764873,0.5066094054580896,-0.0069016752934496425,-0.011890777006500906
688575,-0.007989058382772248,-0.007223359759871408,0.3104900574591619,0.3104900574591619,0.33516417189763403,-0.00568767988483449,0.3668676900584795,-0.0037681010592561528,-0.009297948631653645
688578,-0.006584651363883214,-0.005710119606344009,0.31966547336121054,0.31966547336121054,0.34228633510381457,-0.008871509948473815,0.35547636452241715,-0.004642905336499595,-0.008447313649394892
688582,-0.008132830642622022,-0.009943247856876305,0.30976805751932857,0.30976805751932857,0.32294181554804446,0.036562472678489936,0.5293615984405458,-0.004881555256706499,-0.011688365747112336
688583,-0.007838734176978085,-0.007748911815353743,0.31151289070725907,0.31151289070725907,0.33271970062771605,0.023267341897233274,0.4750852826510721,-0.007001130361528691,-0.010576205560822692
688543,-0.011519403568228203,-0.01561030955554243,0.2921993923167173,0.2921993923167173,0.299643891839691,-0.027668823140761346,0.2978192007797271,-0.016798290546214824,-0.02160266425194055
688584,-0.006022357252570186,-0.006807170429545321,0.32333563972203005,0.32333563972203005,0.33724649927571226,-0.01942376967710464,0.3217897173489279,-0.0053450162828795195,-0.008008326214280754
688586,-0.008043065944516755,-0.006957152860929797,0.310189224150898,0.310189224150898,0.3363713182037663,-0.009540339539158048,0.353192007797271,-0.003999802930825919,-0.008655703173988293
688593,-0.0070702414430687316,-0.010685963020167197,0.317228723564273,0.317228723564273,0.3192600193143409,-0.02108356001264686,0.31661184210526316,-0.0055863825402399075,-0.007219953357633549
688596,-0.006160956385599396,-0.006622926297539091,0.32228272314310635,0.32228272314310635,0.33818203766296473,-0.011725503055614251,0.3455165692007798,-0.006771251378641401,-0.01121802882970968
688598,-0.007581807439705935,-0.007597844110636278,0.3133780572184952,0.3133780572184952,0.33341380975374213,-0.01417987576541645,0.3375974658869396,-0.005572662293427608,-0.007862560785085636
688599,-0.00906427676078998,-0.014400487679538831,0.304774224602148,0.304774224602148,0.30438194109126027,-0.028119670747151458,0.29644858674463936,-0.007605223046515523,-0.013346944567710748
688600,-0.011580837573466436,-0.014600103315731878,0.29195872567010617,0.29195872567010617,0.30335586673104775,-0.03527822354295285,0.2772904483430799,-0.01638907258401729,-0.01763243823012499
688601,-0.001364891471961496,-0.00047538877978250266,0.3524563039619747,0.3524563039619747,0.36754587155963303,0.0034296304968532863,0.39924463937621835,-0.0073688197433349435,-0.010063466885603146
688603,-0.00032379705136700593,0.0006154586550039722,0.3594657200445234,0.3594657200445234,0.37337035248672135,0.00385283907308663,0.4009502923976608,-0.010395602412896126,-0.01040773928763239
688605,-0.008705330841038125,-0.011145789680079867,0.3065491411209049,0.3065491411209049,0.3178114437469821,-0.014724606300258795,0.3359831871345029,-0.012888388895623524,-0.014351055269560969
688608,-0.004403571017877153,-0.004688412367151071,0.3327216389398634,0.3327216389398634,0.3472054563013037,0.0008783023301943528,0.38998538011695905,-0.007213448383919815,-0.013253466661505248
688609,-0.00989467186920886,-0.010196609325672158,0.3006528082789326,0.3006528082789326,0.3213423466924191,-0.019317832409716313,0.32218567251461994,-0.0038763815046383874,-0.006974545467813266
688610,-0.00094214088230725,0.005954078781214677,0.3548930537589122,0.3548930537589122,0.40204007725736357,0.018030317104260542,0.4551656920077972,-0.004026047429721284,-0.007705197379035953
688612,-0.006873962507578074,-0.007990159144970057,0.31822147348154384,0.31822147348154384,0.33142201834862384,-0.013329592761846469,0.34003411306042886,-0.007229727056757548,-0.011347252886988525
688615,-0.0037581813536927697,0.003464970481000927,0.3365723052856412,0.3365723052856412,0.3890028971511347,0.014850264388137177,0.44301291423001954,-0.0072884110549784175,-0.010945338818577099
688585,-0.005568354936658588,-0.005004194482216725,0.3258626395114467,0.3258626395114467,0.34575688073394495,-0.010754362669417048,0.3488060428849903,-0.007970312289408647,-0.013159586430379332
688538,-0.007943494130410834,-0.010242425894833717,0.3107608074365994,0.3107608074365994,0.321040560115886,-0.035033307428733874,0.27771686159844056,-0.00517911439266797,-0.01202678808380157
688536,-0.0003060439621526594,0.005771215519489521,0.35955597003700246,0.35955597003700246,0.40101400289715117,0.016740414639185845,0.4501705653021443,-0.005039735298493416,-0.006104350795000509
688535,-0.0030229911302186033,0.001882419534822685,0.34228813814265513,0.34228813814265513,0.3807037662964752,0.013753157133438127,0.4392665692007798,-0.0065599184717090656,-0.008131091807030252
688428,-0.005602736608099591,-0.005330301331223529,0.32565205619566195,0.32565205619566195,0.34403669724770647,-0.010676102370472366,0.34929337231968816,-0.005979151451960585,-0.009190200716409157
688433,-0.00290450063202164,-0.0002207599876761111,0.3430402214133149,0.3430402214133149,0.368722839208112,0.07969175663477099,0.7144249512670565,-0.006886830740207885,-0.008018378782053236
688435,-3.5327813530453e-06,0.008870368149357065,0.3610300532474956,0.3610300532474956,0.4181856591018831,0.01606419364894699,0.44739887914230014,-0.005099316403716134,-0.0020158444333842136
688448,-0.004803073645977233,-0.008360214418652735,0.33025480581209954,0.33025480581209954,0.3298225494929986,-0.02077840387344875,0.3176169590643275,-0.004569137985544859,-0.008997139546212486
688449,-0.00420090191177826,-0.003797478622868141,0.3338046388496134,0.3338046388496134,0.3516417189763399,-0.0052271099604066125,0.36869517543859653,-0.004604721406246132,-0.005511569621581311
688456,-0.004764682693106903,-0.0035381739169976457,0.33046538912788426,0.33046538912788426,0.3526376146788991,0.018744810503867244,0.45790692007797273,-0.004144379062382836,-0.009851466968790317
688469,-0.005144789263539868,-0.0051465897542170335,0.3281188893234259,0.3281188893234259,0.3451834862385321,0.005249700596247555,0.4069505360623782,-0.004751250885842424,-0.00627610165708271
688472,-0.005696997299467193,-0.007243437519523093,0.3249902229174815,0.3249902229174815,0.33498309995171416,-0.01194055779760197,0.34475511695906436,-0.0066665125875262805,-0.0143307231229198
688478,0.0014269915919495344,0.0010638225400568073,0.36993471917210674,0.36993471917210674,0.3760260743602124,0.012780387616075434,0.435672514619883,-0.0018357890888569476,-0.0047285667125389385
688484,-0.006195332578119304,-0.0067555791307783416,0.32207213982732164,0.32207213982732164,0.3373973925639787,-0.012217959706431514,0.3439632066276803,-0.006222606361557409,-0.014078624946869955
688485,-0.003959049345810079,-0.006781046270969053,0.33536897205258565,0.33536897205258565,0.3373068565910188,0.024093817436585886,0.4781615497076024,-0.010132192355835365,-0.01440586731734072
688486,-0.005575208390344467,-0.009662145780724517,0.3258626395114467,0.3258626395114467,0.3242394978271367,-0.024740679380853996,0.30622563352826515,-0.0070413586739577795,-0.009229204656122932
688498,0.001534196236972503,0.006506809801539992,0.3704762191269817,0.3704762191269817,0.4046052631578947,0.013858731813377104,0.4396625243664717,-0.006388057558213538,-0.005455398048023899
688499,-0.004590293120026451,-0.004618996594364925,0.3315784723684606,0.3315784723684606,0.3475977788507967,0.023271910185880644,0.4751157407407407,-0.003106028209000183,-0.008561508100648808
688502,-0.0033315349467798157,-0.002310819587244242,0.3399416383381968,0.3399416383381968,0.35782834379526796,-0.009941771400133843,0.3519736842105263,-0.00508135968376631,-0.007320669948469664
688503,-0.010570743628524566,-0.012239045424463236,0.29713305857224515,0.29713305857224515,0.3129828585224529,0.029925881557063678,0.5013096978557505,-0.009855248521583345,-0.01103974339468103
688506,-0.008937301178132321,-0.009698119549447538,0.30531572455702294,0.30531572455702294,0.3240282472235635,-0.004696923699165231,0.3708272417153996,-0.007354952982991949,-0.013201855347243961
688531,-0.002562284906123055,0.0023808932073618545,0.3447549712704191,0.3447549712704191,0.38317841622404636,0.009373539033781634,0.4216922514619883,-0.005905411556238006,-0.0072828312860321685
688530,-0.010022205901425729,-0.011222513905977276,0.3000511416624049,0.3000511416624049,0.3175096571704491,-0.012650357320252876,0.3421052631578947,-0.010380677370359982,-0.012941397346530825
688525,-0.0024066344621810703,0.008862784396304703,0.34577780451851625,0.34577780451851625,0.4181253017865766,0.0037536120197377643,0.4005847953216374,-0.003586244620028853,-0.00498987713767256
688523,-0.0077625040202467625,-0.013140545626488812,0.31208447399296046,0.31208447399296046,0.30957267020762913,-0.016435485601859243,0.3308357699805068,-0.005820511343198962,-0.011776850175889291
688521,-0.0004812193508500432,0.0014781886311247142,0.35838272013477335,0.35838272013477335,0.37844036697247707,-0.0010725259101637477,0.3832236842105263,-0.008170902015706586,-0.009000530417947905
688519,0.002268550625646646,0.010897553865635061,0.37522938539755124,0.37522938539755124,0.43004587155963303,0.03800718563946402,0.5351486354775828,-0.0049117069263351215,-0.00629205997323439
688617,-0.007236576066237403,-0.010378404480251398,0.31602539033121746,0.31602539033121746,0.3204973442781265,-0.027751149071630406,0.2976364522417154,-0.004570474352640328,-0.007878765399627258
688518,-0.007524235542443969,-0.009162326527614777,0.31388947384254384,0.31388947384254384,0.326231289232255,-0.010754650757504088,0.3488060428849903,-0.006842003770448631,-0.011476930074934319
688515,-0.008007482953117262,-0.004499414970615614,0.3103998074666827,0.3103998074666827,0.34823153066151613,-0.003834115101699843,0.3737512183235867,-0.010266790769899073,-0.01198839663348217
688513,-0.007845102458754772,-0.008957567161158734,0.3114527240456063,0.3114527240456063,0.32692539835828105,-0.025952596561722316,0.30257066276803124,-0.005880959949980963,-0.007451091102207047
688512,-0.005829993206238624,-0.00712227839862251,0.3244186396317801,0.3244186396317801,0.33567720907774024,-0.02047799891879001,0.31874390838206623,-0.005304011198257138,-0.010010037823539581
688510,-0.009097210340450699,-0.013299629666097643,0.3045335579555368,0.3045335579555368,0.30884838242394974,-0.030845918053313773,0.2894127680311891,-0.009378853558700226,-0.014621021715049356
688508,-0.0039587502202137245,-0.0037076051429514793,0.33536897205258565,0.33536897205258565,0.35200386286817964,0.0436156598150765,0.5603679337231968,-0.006845093784409674,-0.012498693406276656
688507,-0.004642706455143068,5.8856064904869165e-05,0.33115730573689117,0.33115730573689117,0.3699903428295509,0.022459255880937234,0.4719785575048733,-0.006012276646234236,-0.009546073390648538
688516,-0.007610973325176185,-0.009382271806207966,0.31313739057188417,0.31313739057188417,0.32517503621438915,0.003299226253584542,0.3988486842105263,-0.0070870782536980766,-0.013030061062861052
688620,-0.004891906135030029,-0.007173504235679697,0.32977347251887734,0.32977347251887734,0.33543577981651373,-0.019543532157605396,0.3213937621832359,-0.005346442546994098,-0.009508200796492318
688621,-0.005936123303153334,-0.0035764375762947333,0.32390722300773145,0.32390722300773145,0.35251690004828584,-0.005167254486941822,0.36893884015594547,-0.00516594028685104,-0.010194535833456827
688625,-0.0022358708068357398,-0.0008523562624340526,0.34674047110496076,0.34674047110496076,0.3650108643167552,-0.008540607701150733,0.356603313840156,-0.00718637143935849,-0.012113615913623494
688711,-0.0040796650464656565,-0.0011158539925347423,0.3349478054210162,0.3349478054210162,0.36377353935296963,0.0006555264410575438,0.38907163742690054,-0.0035419909128769607,-0.009916981262009886
688717,-0.005881637379697474,-0.0034272760565119244,0.32420805631599525,0.32420805631599525,0.35324118783196523,0.013998799995704629,0.44014985380116955,-0.0058112651915233,-0.01178556547228458
688719,-0.007128215343794966,-0.007545766199095432,0.31680755693270357,0.31680755693270357,0.33368541767262194,-0.014807787645857967,0.3357090643274854,-0.013432042046559815,-0.015595676492616659
688720,-0.005956374854168212,-0.006288536719451883,0.3238470563460787,0.3238470563460787,0.3396004345726702,-0.01285107742179089,0.34128289473684215,-0.0048701096328633,-0.009310651994366675
688721,-0.008718299491903926,-0.012586210326077454,0.3064588911284257,0.3064588911284257,0.31189642684693386,-0.03144958844081059,0.28752436647173485,-0.0059099130223357575,-0.007516694650628163
688726,-0.008998213837430168,-0.014188517656346229,0.305014891248759,0.305014891248759,0.30513640753259297,-0.015135711403569611,0.33442982456140347,-0.00749625744883619,-0.013364226014323688
688727,-0.006131917381200001,-0.007231618713734145,0.32246322312806475,0.32246322312806475,0.3351038145823274,-0.01528483210656632,0.3338815789473685,-0.004333038722799868,-0.007104174894134097
688728,-0.006417076016057984,-0.007342857324634333,0.3203874733010439,0.3203874733010439,0.33450024142926127,-0.01573497987669195,0.33272417153996103,-0.0058353790262469386,-0.009875569491349875
688729,-0.0035476380821658823,-0.004452187850447468,0.33816672181943985,0.33816672181943985,0.34850313858039594,-0.0011739212088241633,0.3829495614035088,-0.0053916004211953215,-0.010141418438614824
688733,-0.007793797378810367,-0.008479097715212415,0.31187389067717575,0.31187389067717575,0.329279333655239,-0.004424390550939466,0.3717714424951267,-0.004456942467456555,-0.0092348855966068
688757,-0.0032050114104940396,-0.0016994924183559106,0.3406034716163774,0.3406034716163774,0.3606651376146789,-0.01433349889056727,0.33707967836257313,-0.006142060292420221,-0.008787259754503327
688758,-0.005430052160986123,-0.006624228846559627,0.32661472278210646,0.32661472278210646,0.33818203766296473,-0.011759110114525018,0.34545565302144254,-0.005575150783158722,-0.008831309388260197
688759,0.01805367507824486,0.01325109587467875,0.495743208688066,0.495743208688066,0.44341501690004825,0.026161250531343553,0.4865375243664717,-0.0022620241071915847,0.00043464279109604615
688765,-0.0036137899409901374,-0.0014900953316468748,0.33768538852621766,0.33768538852621766,0.36154031868662484,-0.004181903493259711,0.37268518518518523,-0.0045055596577033615,-0.008390656479252348
688766,-0.0035552445789209853,-0.002983773551510852,0.3379260551728287,0.3379260551728287,0.35484065668759057,0.03389614911941721,0.518092105263158,-0.00750278215267567,-0.009939231911835579
688772,-0.009199232223909233,-0.010532103616948122,0.30396197466983543,0.30396197466983543,0.3197730564944471,-0.009192051755273354,0.35437987329434695,-0.007957531500101488,-0.011807265703665262
688775,-0.003971132676534937,-0.0023053066418797234,0.3353088053909329,0.3353088053909329,0.35782834379526796,0.02889496421751279,0.4978070175438597,-0.004476642624038051,-0.007019842399172087
688809,-0.004302000551183669,-0.0053348938759283995,0.3332029722330856,0.3332029722330856,0.34400651859005316,-0.03487620507150778,0.2782955653021443,-0.006979904101366449,-0.009893267520588809
688807,-0.00850340872242589,-0.00969103457340484,0.3079630576697452,0.3079630576697452,0.3240886045388701,-0.028842055247296484,0.29440789473684215,-0.016735027548967187,-0.0190749065832532
688802,-0.0009688301847727318,0.0013280768322620371,0.35474263710478027,0.35474263710478027,0.37744447126991787,0.013292119015953594,0.4373172514619883,-0.008684633090357824,-0.008603187098174165
688800,-0.0018247522266102343,-0.006933801689169615,0.3497488041875997,0.3497488041875997,0.33670328343795264,-0.008019018661785659,0.3588267543859649,-0.010988788331644425,-0.014388139553306326
688798,-0.00789387427608475,-0.0115071452496893,0.31112180740651607,0.31112180740651607,0.31612143891839695,-0.02119130214897289,0.31642909356725146,-0.010411055984663175,-0.01570859414635259
688796,-0.009927020104503508,-0.011469883334328086,0.30050239162480075,0.30050239162480075,0.3162421535490101,-0.030829077362709942,0.28950414230019494,-0.009114205370883786,-0.01255250467352126
688710,-0.005322496815302108,-0.0032945609876691515,0.32718630606780785,0.32718630606780785,0.3536335103814582,-0.005820261247087575,0.3666544834307992,-0.004919343626553751,-0.009077401929793295
688795,-0.014389151206663134,-0.016424796510744785,0.2773683102193075,0.2773683102193075,0.29629406084017385,-0.02734641430146809,0.2984588206627681,-0.015705125446090925,-0.017135609590851593
688789,-0.0051077368479294375,-0.007521833071248133,0.32854005595499536,0.32854005595499536,0.3337759536455819,-0.011265951055728127,0.34713084795321636,-0.004450183350758468,-0.008111644950132932
688787,-0.003129122547340205,0.0022900438718412514,0.341265304894558,0.341265304894558,0.3827860936745534,0.01381910464077165,0.4395406920077972,-0.005423390718780515,-0.009950424678116224
688783,-0.00398542608198213,-0.002859399193633786,0.3352486387292801,0.3352486387292801,0.35532351521004346,0.0015613066439965325,0.3926656920077972,-0.005057036520123502,-0.008141324058627147
688779,-0.00884878963803749,-0.01135962471171324,0.30591739117355077,0.30591739117355077,0.3167551907291164,-0.01688838468913282,0.3293737816764133,-0.005165691706581487,-0.010347548586548135
688778,-0.00764365456313482,-0.010527181658521949,0.31301705724857853,0.31301705724857853,0.3198334138097537,-0.036697813305479186,0.27354410331384016,-0.005910311530972208,-0.010184840624656577
688777,-0.006520412303386687,-0.002310688573922239,0.3199963900003008,0.3199963900003008,0.35782834379526796,0.014627387734503425,0.44234283625730997,-0.006295139777185237,-0.009485633764361106
688790,0.00887920864848455,0.01702971537190012,0.4209560482536626,0.4209560482536626,0.4666525832930951,0.018190398353175107,0.455896686159844,0.0054268431992543515,0.003080713381014541
688419,-6.051101668146791e-05,-3.1469428862515927e-06,0.36078938660088444,0.36078938660088444,0.3697489135683245,0.0005147865105519503,0.38852339181286555,-0.003464084587374235,-0.006465579474162777
688708,-0.011301579681632347,-0.01221940365620969,0.29328239222646735,0.29328239222646735,0.3130432158377595,-0.02637555319071634,0.3012305068226121,-0.006331595944052101,-0.009534166476686486
688700,-0.005682488330745103,-0.004362548575021935,0.32505038957913424,0.32505038957913424,0.3488652824722356,-0.005833229570927944,0.36653265107212474,-0.011692270789833623,-0.011215726956394622
688627,-0.003215472022293303,0.00047370970310856193,0.34048313829307186,0.34048313829307186,0.37240463544181557,0.049830383210926046,0.58890716374269,-0.006108058768626072,-0.009100903335550388
688628,-0.004340252485072112,-0.003919694423931761,0.33308263890978007,0.33308263890978007,0.3510985031385804,0.023380614187556794,0.47538986354775825,-0.007935652670043519,-0.011200583884203547
688629,-0.005806875508069346,0.003879586096024225,0.3245389729550856,0.3245389729550856,0.3908136166103332,-0.0015865432841709118,0.3813961988304093,-0.00525186316562117,-0.00971698779806474
688630,9.360905444609838e-06,0.004484783311494877,0.36118046990162755,0.36118046990162755,0.3943143408981169,0.025577730337789494,0.4841617933723197,-0.004926262975057573,-0.006165923757134474
688636,-0.003727005175682541,-0.007436627982690359,0.3367528052705996,0.3367528052705996,0.33425881216803477,0.006961161577356209,0.4126157407407407,-0.0035513675522079492,-0.00873506813931951
688639,-0.004244159256159973,-0.0083250349848331,0.3334737222105232,0.3334737222105232,0.32997344278126506,0.003838099687508233,0.40085891812865493,-0.0024854730517682565,-0.005189131542523574
688646,-0.006152518715686372,-0.01015082543120957,0.32228272314310635,0.32228272314310635,0.32161395461129894,-0.005252296155370415,0.36854288499025345,-0.008400243440637742,-0.009707777360602523
688652,-0.004619472532184633,-0.004160362636132624,0.3313678890526759,0.3313678890526759,0.34974046354418153,-0.0018730147783760608,0.3806652046783626,-0.0035314807568501516,-0.005962856642719665
688653,-0.005152287498598876,-0.0032671476634755833,0.3280888059925995,0.3280888059925995,0.35375422501207143,-0.005958407045690327,0.36604532163742687,-0.004635306157590291,-0.006927723979143732
688655,-0.018708161222587637,-0.024061395226123584,0.25661081194909896,0.25661081194909896,0.26822790922259776,-0.03520381759228843,0.27750365497076024,-0.021112875791990237,-0.028194134758918608
688656,-0.004911322289298902,-0.0024474185128607966,0.32971330585722447,0.32971330585722447,0.35734548527281507,0.008191171929300797,0.4170017056530214,-0.007895086630816504,-0.007745327460206125
688658,-0.006483211479460012,-0.004887334302065856,0.32014680665443274,0.32014680665443274,0.34626991791405115,0.025180749499067404,0.4823647660818714,-0.0066198221059534535,-0.012830968973353
688660,-0.01032453878878329,-0.018511335013110784,0.298366475136127,0.298366475136127,0.2874517141477547,0.05417454253395838,0.6083089668615984,-0.014838679374127773,-0.018350328604458076
688661,-0.000764437176330388,0.0017495823650247912,0.35624680364609973,0.35624680364609973,0.3797984065668759,-0.009892450294799167,0.35215643274853803,-0.008813127059359185,-0.013204750829879444
688662,-0.0008686586525099137,0.0009893198574812568,0.355344303721308,0.355344303721308,0.3757242877836794,0.003878875950699201,0.401011208576998,-0.007124113600406803,-0.011361159487007427
688663,-0.004138382212284096,-0.0011385354111981094,0.33449655545862034,0.33449655545862034,0.3636528247223564,-0.0005983980178517504,0.38474658869395717,-0.006083073587068897,-0.010280269312812588
688668,0.0012331268908520052,0.0012935713353492322,0.36858096928491924,0.36858096928491924,0.3772633993239981,-0.005694508892973099,0.3668372319688109,-0.004186414689805817,-0.0067643524993413525
688699,-0.0027837887184700982,-0.0037286866730391636,0.34373213802232183,0.34373213802232183,0.3518831482375664,0.0030464599913920384,0.3979349415204678,-0.005004515521873433,-0.00869576913727339
688698,-0.004853899876736569,-0.002527111092650711,0.3299539725038356,0.3299539725038356,0.3568626267503622,-0.005111085995377082,0.3691825048732943,-0.0036254230850916508,-0.01122397142726169
688697,-0.00555053124606002,-0.004404635371060873,0.3259829728347523,0.3259829728347523,0.34874456784162244,-0.0016435140556291285,0.3811525341130604,-0.004758235873679622,-0.007813525825264058
688693,-0.0003631657750372986,0.0013946764921765591,0.35925513672873866,0.35925513672873866,0.3779575084500242,0.07685216659605185,0.7022721734892787,-0.003187845272039059,-0.004289299550063783
688692,-0.008094322054561892,-0.009205447703335062,0.3099786408351133,0.3099786408351133,0.32614075325929504,-0.013244425642443564,0.340338693957115,-0.005516027152623006,-0.010984143169448785
688691,-0.004645076047415663,-0.004095676153751312,0.33115730573689117,0.33115730573689117,0.35004225012071466,0.010221852869847368,0.42522538986354774,-0.00532558488298149,-0.009272324809333562
688702,-0.0024443820677827422,-0.0016212528389344051,0.3455070545410788,0.3455070545410788,0.3608763882182521,-0.0002038980214088366,0.38614766081871343,-0.0033013231521428128,-0.008416715798744923
688690,-0.006135470859916362,-0.007537067557649687,0.32246322312806475,0.32246322312806475,0.33368541767262194,-0.009708498389674728,0.35258284600389866,-0.008595161165718282,-0.00968057140792726
688686,-0.004819979579129301,-0.005685018139138092,0.33016455581962034,0.33016455581962034,0.3423768710767745,-0.005577052359947881,0.3672331871345029,-0.0058243525534605375,-0.007941350645139757
688679,-0.003225865314779219,-0.002863704666869324,0.340422971631419,0.340422971631419,0.35529333655239015,-0.00311599465595305,0.3762183235867447,-0.007561659049429969,-0.01267213346788577
688678,-0.004242849946590988,-0.003634587605651882,0.3335038055413495,0.3335038055413495,0.3521849348140995,-0.0050738696358586,0.36945662768031184,-0.006899779079343827,-0.009427350072576621
688677,-0.004276471481056461,-0.0037492641660463177,0.333383472218044,0.333383472218044,0.35179261226460645,0.0077128552132202976,0.41505238791423005,-0.014814613677154972,-0.0168871730550504
688676,-0.007847852384614698,-0.00959806674172959,0.31142264071478,0.31142264071478,0.3245111057460164,-0.008446628334053335,0.3570297270955166,-0.00727784733360346,-0.01214673556546687
688669,-0.0018833750292923572,0.001972017072758997,0.34932763755603025,0.34932763755603025,0.38118662481892807,-0.007120469422107431,0.3622380604288499,-0.004750914953731731,-0.007779901283958708
688689,-0.003375144502635821,-0.003010112845843815,0.33961072169910655,0.33961072169910655,0.35475012071463063,-0.005124279090990998,0.36909113060428855,-0.004040939919155869,-0.008105046513171565
301013,-0.006977102547799648,-0.005678619452926843,0.3176198068650161,0.3176198068650161,0.3423768710767745,-0.021167214778591712,0.3165204678362573,-0.004634749364899044,-0.009264265662118451
688418,-0.0040819341619141025,-0.004334314993457525,0.3349478054210162,0.3349478054210162,0.34904635441815546,-0.005659137667404284,0.3669590643274854,-0.002830637012414345,-0.006993240392093131
688411,-0.005953389420122626,-0.005326531210806432,0.3238470563460787,0.3238470563460787,0.3440668759053598,0.0002746975070217648,0.3876705653021443,-0.0029236818083592238,-0.0049417035652724196
688200,-0.0028574390917968295,0.0009373074457289122,0.3433109713907524,0.3433109713907524,0.3751810719459199,0.018300193276060236,0.4563535575048733,-0.0038397027142702805,-0.005692777685061478
688202,-0.0055154612828325865,-0.005272291883790616,0.3261634728197106,0.3261634728197106,0.3446402704007726,0.0036004187363551836,0.39994517543859653,-0.012635365929846657,-0.011955356090304622
688203,0.0003963880623795773,0.002988639594007001,0.3635570530369122,0.3635570530369122,0.3867394978271367,0.02167678304510599,0.4685367933723197,-0.0027022248998167385,-0.00019877709016501908
688205,-0.011682426194360367,-0.007119875706497993,0.29147739237688397,0.29147739237688397,0.33570738773539355,-0.00043318426465813447,0.38541666666666663,-0.01901977160112515,-0.022389042209284272
688206,-0.005932289271239394,-0.005310791584468322,0.3239373063385578,0.3239373063385578,0.3441574118783196,-0.0069152641983065985,0.362786306042885,-0.005121142386328769,-0.007353711530920755
688207,-0.0048833679564573365,-0.0063586846754239345,0.32980355584970367,0.32980355584970367,0.33917793336552393,-0.006816732546167825,0.3630299707602339,-0.00884064409794765,-0.010228563240417366
688208,-0.00790962131748214,-0.008696330205125578,0.31100147408321044,0.31100147408321044,0.3280420086914534,-0.02068917899248869,0.3181042884990254,-0.005774366460809958,-0.009799119359460724
688209,-0.012918625904947594,-0.020580398859944345,0.2851298095725159,0.2851298095725159,0.2800881216803477,-0.0454533495037166,0.2543250487329435,-0.020040101551434382,-0.025005836954616528
688210,-0.001000873609626049,0.0020865362162561163,0.35462230378147463,0.35462230378147463,0.381578947368421,0.057952852749165513,0.6243299220272904,-0.0022308855176447553,-0.005506734783231214
688213,-0.006702863574406653,-0.004488002566063439,0.3190337234138564,0.3190337234138564,0.34823153066151613,0.014008205224326789,0.4402107699805068,-0.005292064608572504,-0.007949905740124259
688216,-0.00340076444812661,-0.0018538898379090014,0.33930988839084264,0.33930988839084264,0.3598804925156929,0.00036631624664590703,0.387853313840156,-0.00500209249700695,-0.006159014952608763
688220,-0.0071286005678432435,-0.0034993587413544225,0.31680755693270357,0.31680755693270357,0.3528488652824723,0.023031010958869447,0.4742019980506823,-0.0047492374628933555,-0.008343839033906404
688221,-0.005412916220985813,-0.007217422864102451,0.326735056105412,0.326735056105412,0.33525470787059397,-0.023122923939674835,0.3109161793372319,-0.005264165982796633,-0.011109260347002168
688222,-0.0029106315307786774,-0.003471571737483835,0.3430101380824885,0.3430101380824885,0.35299975857073873,-0.007490144678781997,0.3611720272904484,-0.009146886127900093,-0.012832663005567556
688199,-0.004868674121033545,-0.004888597313541685,0.3298336391805301,0.3298336391805301,0.34626991791405115,0.0076839398600104915,0.41502192982456143,-0.0029049206996608038,-0.007259722688011676
688223,-0.008641016791387835,-0.015294422437125366,0.3069402244216479,0.3069402244216479,0.3009113954611299,-0.012466658239737237,0.3428362573099415,-0.006657876579648079,-0.013255409374461341
688227,-0.005770566714618573,-0.00445563434756029,0.3246292229475648,0.3246292229475648,0.3484427812650893,0.01478494670799187,0.4427997076023392,-0.006510499430071443,-0.008406858795493778
688228,-0.0012757479961337651,0.004349769266645835,0.35299780391684965,0.35299780391684965,0.3932580878802511,0.0527378720949616,0.6016386452241715,-0.0021832506032171345,-0.0034270836272364135
688231,-0.0030637664080446305,-0.00307685332341649,0.3419873048343912,0.3419873048343912,0.35450869145340413,-0.005515860414834109,0.367385477582846,-0.0030020627291840077,-0.004970325502784484
688233,-0.003897772491740129,-0.002701810840482907,0.3356397220300231,0.3356397220300231,0.3559572670207629,0.03533351841848734,0.5241532651072125,-0.005241390024876015,-0.010208349212714577
688234,-0.005192715618773276,0.004887729574984464,0.32793838933846753,0.32793838933846753,0.39615523901496863,0.00765819256376558,0.4149610136452242,-0.004836829249085888,-0.007931675472324783
688235,-0.006611577565662211,-0.00652482432152752,0.31939472338377306,0.31939472338377306,0.33869507484307093,-0.0068727486082013085,0.3628167641325536,-0.004643829825249706,-0.0077498903850562505
688237,-0.005360897669747945,-0.006841490096340954,0.3270358894136759,0.3270358894136759,0.3370654273297924,-0.012359516272710513,0.34311038011695905,-0.002848839855530137,-0.006954410633842455
688238,-0.00585986176942283,-0.0057242420228436714,0.3243283896393009,0.3243283896393009,0.3421957991308546,-0.018697967265641532,0.32440911306042886,-0.0036899686648064747,-0.008521001851680832
688239,-0.005524717900286823,-0.00469043918574785,0.32613338948888426,0.32613338948888426,0.3471752776436504,-0.010233445113951495,0.3509990253411306,-0.008045307568535654,-0.011169431914879633
688248,-0.01034657486885005,-0.017870592140529645,0.29827622514364793,0.29827622514364793,0.29025832930951234,-0.026870846620266037,0.29952485380116955,-0.009517399596680605,-0.015068624608320067
688249,-0.004298761196388933,-0.007326711158250444,0.3332029722330856,0.3332029722330856,0.3345605987445679,-0.016447828242602706,0.33080531189083817,-0.004820256487851955,-0.007694489212028383
688256,-0.004703827246025637,0.0028188313980806456,0.3307963057669745,0.3307963057669745,0.3854719942056978,0.010795330158179454,0.427509746588694,-0.006711212358331115,-0.006548309669508107
688257,-0.0008474580142392627,0.001740931259895208,0.35540447038296075,0.35540447038296075,0.3797682279092226,-0.005290239495922939,0.368421052631579,-0.004331787681379423,-0.0067350759930564765
688258,-0.004608435853251479,0.00020946691232259784,0.3314581390451551,0.3314581390451551,0.3708051665861902,0.005350162153357618,0.4073464912280702,-0.006908981805605422,-0.012893336161970434
688226,-0.004811064414513675,-0.0047761311381850306,0.3302247224812731,0.3302247224812731,0.34681313375181066,0.01774457458071626,0.4538559941520468,-0.010446163402602706,-0.010335062490579468
688196,-0.008177292745281435,0.00404555275909121,0.3093168075569327,0.3093168075569327,0.3915680830516659,0.004198491777084318,0.40219907407407407,-0.0036908739171425354,-0.002451002214072196
688195,-0.0010704832705285472,0.012092635626897177,0.35435155380403716,0.35435155380403716,0.4365644616127474,0.03669019949616249,0.5297270955165692,-0.014536038867667706,-0.013227462847340355
688192,-0.00658748040194442,-0.008663835799287116,0.3196353900303842,0.3196353900303842,0.32822308063737327,-0.010744640703202229,0.34889741715399614,-0.005479767353840385,-0.010982727835421665
688135,-0.009046993038085507,-0.0021838268241789463,0.304774224602148,0.304774224602148,0.3584620956059874,-0.011282150763054,0.34713084795321636,-0.01702742562129721,-0.021141308727905803
688136,-0.0041342035306447655,-0.006132253066685857,0.33458680545109953,0.33458680545109953,0.3403549010140029,-0.009102683105254182,0.35477582846003897,-0.002966679906995258,-0.005035600781817654
688137,-0.01465599691782377,-0.024435489282084406,0.2756234770313769,0.2756234770313769,0.26699058425881217,-0.02237888818122376,0.3132309941520468,-0.0198359163374535,-0.028114542970292953
688138,-0.006033268579103088,-0.007566235829988716,0.3232754730603773,0.3232754730603773,0.333594881699662,-0.015265164641977733,0.3339120370370371,-0.008911807348074598,-0.015843216941198897
688139,-0.007970731861291287,-0.007781324952217628,0.3106705574441202,0.3106705574441202,0.3325386286817963,-0.012085237777137894,0.34435916179337234,-0.00470344365427783,-0.008964840959329094
688141,-0.0008731890639188788,0.0006634542634776927,0.35531422039048166,0.35531422039048166,0.3737626750362144,0.02351439833494821,0.4760294834307992,-0.006282829960480413,-0.00779537013606926
688143,-0.008925536999969034,-0.00350895138321572,0.30531572455702294,0.30531572455702294,0.35278850796716565,-0.02006941781669983,0.31987085769980506,-0.017958260934114866,-0.021165610302845084
688146,-0.003334620537937867,-0.0005724302860126602,0.33991155500737047,0.33991155500737047,0.3669121197489136,0.0566791863824665,0.6186647173489279,-0.00404148733680956,-0.007330789432635405
688147,-0.004515464235117015,-0.005110038256486152,0.3322403056466412,0.3322403056466412,0.3453343795267987,0.017559603074466402,0.45306408382066277,-0.003620317351038894,-0.005581781401612099
688150,-0.0056562331515334335,-0.006822105988687809,0.3252308895640925,0.3252308895640925,0.33721632061805895,-0.018784168091834672,0.32425682261208577,-0.0072129301520300095,-0.011346437298709527
688151,0.006792959877532142,0.0076058085790514105,0.40651604945699593,0.40651604945699593,0.41124456784162244,0.012838400690584718,0.4359161793372319,0.0011806837433741796,0.001361286217116399
688152,-0.0076874900986679765,-0.013306727429861612,0.31253572395535634,0.31253572395535634,0.30884838242394974,-0.028753399773243166,0.29462110136452246,-0.01041012141411747,-0.011623263564212113
688156,0.001445947746305124,0.00883209998055478,0.37005505249541226,0.37005505249541226,0.41797440849831,0.021892604573681095,0.4693287037037037,-0.003276169578829111,-0.001691933462937395
688158,-0.007738911753750809,-0.007852593609784096,0.3122348906470924,0.3122348906470924,0.3322971994205698,-0.010480348927557009,0.35005482456140347,-0.006499416798633185,-0.011191905804218052
688159,-0.0020096653087263707,-0.004515297597814893,0.3483348876387594,0.3483348876387594,0.348110816030903,0.026112114322437537,0.4863852339181286,-0.002048303127558685,-0.00333916714152913
688165,-0.007313019386244788,-0.007754806373605438,0.31545380704551607,0.31545380704551607,0.33265934331240943,0.007056453320376541,0.41288986354775825,-0.004126730703172558,-0.009188804092100114
688166,-0.005603858674739519,-0.007608558960975828,0.32565205619566195,0.32565205619566195,0.3333836310960888,0.0007969351427322075,0.3897112573099415,-0.00796739798227342,-0.010499011117812464
688188,-0.007071715206106362,-0.007505386085664296,0.317228723564273,0.317228723564273,0.3338363109608885,-0.013142355492068571,0.3406432748538012,-0.006477890666235974,-0.009891507051735764
688187,-0.009550858402254904,-0.013863931010553474,0.3024878914593424,0.3024878914593424,0.3062530178657653,-0.026893752227782064,0.2994639376218323,-0.005066181868076232,-0.01028889158908615
688185,-0.004945692461429926,-0.005917537399484415,0.32938238921813423,0.32938238921813423,0.3413809753742153,0.013260543031821871,0.43725633528265107,-0.013290151678236222,-0.01329963213338655
688183,-0.002297526898466163,-0.0016903762175437048,0.34625913781173856,0.34625913781173856,0.3606953162723322,-0.03246601763618581,0.28496588693957114,-0.006957571883566051,-0.008224665349716937
688182,-0.0063251163229237455,-0.006987522188021914,0.32110947324087724,0.32110947324087724,0.3363109608884597,-0.005626698472593798,0.3670199805068226,-0.004560302933083158,-0.01082189578371002
688181,-0.007569561882317876,-0.008831053042160501,0.3135585572034536,0.3135585572034536,0.32740825688073394,-0.013910912970260883,0.3384807504873294,-0.014938570559751351,-0.01972466443560685
688260,-0.0030090266668157065,-0.0035421992492854445,0.34240847146596076,0.34240847146596076,0.3526074360212458,0.036614094784864264,0.5295748050682261,-0.0050944833659168,-0.007421507954613779
688180,-0.0076146091073007885,-0.008464714333873873,0.31310730724105773,0.31310730724105773,0.3293698696281989,-0.0020808869139872224,0.3801169590643275,-0.005558550879812048,-0.009853941198038486
688176,-0.0066552509535905986,-0.006830149091024786,0.3191540567371619,0.3191540567371619,0.337125784645099,-0.012711081567932613,0.34183114035087714,-0.005865191101978984,-0.010312727262188784
688172,-0.003620058643621436,-0.0029711751655758347,0.337565055202912,0.337565055202912,0.3548708353452439,0.002633213138975737,0.39653386939571145,-0.004538517233750524,-0.005442383387781649
688170,-0.01033955407275103,-0.010769896031979385,0.29827622514364793,0.29827622514364793,0.3189884113954611,-0.0285956921112817,0.29516934697855746,-0.017190701075246156,-0.019857727947822618
688169,-0.008450420920199325,-0.009977314333431034,0.3081435576547036,0.3081435576547036,0.3227607436021246,-0.03001462172301059,0.2914230019493177,-0.006773716440191568,-0.009457107857807486
688168,-0.0024545961595559837,-0.0013199018263477555,0.3454168045485996,0.3454168045485996,0.3624154997585708,0.0172861842390414,0.4519980506822612,-0.007277043527613033,-0.01203395297327007
688167,4.449571058812076e-05,0.006130074207284433,0.36127071989410664,0.36127071989410664,0.4029152583293095,-0.00518804062147645,0.36887792397660824,-0.010292302587745671,-0.010762813331165912
688179,-0.007397210111954981,-0.00918262466242475,0.3148220570981619,0.3148220570981619,0.32620111057460166,-0.019026088085902684,0.3232212475633528,-0.00578887248284951,-0.00973321070264362
688261,-0.00636488656437869,-0.009720818512544523,0.32071838994013413,0.32071838994013413,0.32390753259295024,0.0034417335512339055,0.3993360136452242,-0.0064550853510512655,-0.011665718935469988
688262,-0.006427719901592594,-0.007674465419844752,0.32032730663939113,0.32032730663939113,0.3330516658619025,-0.004896637738249563,0.3700962475633528,-0.006793889205293903,-0.01047333150279858
688266,-0.0061533938716273745,-0.005575970422759353,0.32228272314310635,0.32228272314310635,0.3428597295992274,0.016178046391325987,0.4478252923976608,-0.002878624033053972,-0.004129773733546919
688347,-0.00254843087765324,0.006146802663074768,0.3448452212628982,0.3448452212628982,0.40294543698696283,0.023600573300104052,0.47645589668615984,-0.003937409548242271,-0.0039364765426747215
688350,-0.0023510863264345583,0.0012537294130492635,0.34604855449595384,0.34604855449595384,0.3769917914051183,-0.00368187029954656,0.3742994639376218,-0.004680424190252014,-0.0038323194320740877
688352,-0.006144410684154526,-0.006721746776206804,0.3223428898047592,0.3223428898047592,0.33751810719459197,-0.012323467882360148,0.343354044834308,-0.00938124855107053,-0.016704703527156285
688353,-0.009246078354784446,-0.01089852346672349,0.3038416413465299,0.3038416413465299,0.31862626750362144,0.0010103875914612677,0.3904422514619883,-0.005914328122933054,-0.011615897158235964
688356,-0.0066253997385800085,-0.007825695450574058,0.3193345567221203,0.3193345567221203,0.3323273780782231,0.02215564042452048,0.4707906920077972,-0.01290064370663427,-0.011747897584855312
688359,0.00017843906031901786,0.0020675069047019065,0.3624138864655094,0.3624138864655094,0.3815487687107677,0.02616417421780075,0.4865375243664717,-0.006970934511533415,-0.008539490278898325
688361,0.001698868171554727,0.009562464769662715,0.37137871905177344,0.37137871905177344,0.4222295992274263,0.05327238220042663,0.6038925438596492,-0.004425534601575245,-0.0045521607109267
688362,-0.0036062733005988133,-0.0038336261020339877,0.3377455551878704,0.3377455551878704,0.35149082568807344,-0.016386743526364874,0.33092714424951264,-0.004407033969316855,-0.007744094273506502
688363,-0.009318135631415885,-0.012958285680140118,0.3034204747149605,0.3034204747149605,0.3102969579913085,-0.018130369936221215,0.32581018518518523,-0.004995665674820685,-0.011043547889287873
688365,-0.004879498917600002,-0.0007162197615464255,0.32980355584970367,0.32980355584970367,0.36585586673104775,0.0009759454985718728,0.3902899610136452,-0.007898158658918292,-0.009994731679422626
688368,-0.000802417398791984,-0.00020003714773630336,0.3559459703378358,0.3559459703378358,0.36881337518107193,-0.0014926747909363644,0.3817007797270955,-0.006508389761864078,-0.007499518951664893
688371,-0.005767423716024452,-0.009599783554697455,0.32468938960921756,0.32468938960921756,0.32448092708836307,-0.023688653487273163,0.3096064814814815,-0.005286253482467745,-0.010556735278850109
688372,-0.003911928331472135,-0.002956523295160088,0.3356096386991968,0.3356096386991968,0.3549311926605505,0.0004308355198096763,0.3882797270955166,-0.006106711075677446,-0.008875529030935869
688375,-0.007938426149344606,-0.013109010119741749,0.3107908907674257,0.3107908907674257,0.30963302752293576,0.009347434655882315,0.4215095029239766,-0.006183831206664211,-0.01366321029306568
688378,-0.0047175777812910125,-0.006006861588293288,0.3307060557744953,0.3307060557744953,0.34101883148237566,-0.002755328496987764,0.377771686159844,-0.007256891373872707,-0.008808254749430892
688379,-0.004482699835826195,-0.003937686156427748,0.33239072230077316,0.33239072230077316,0.3509174311926605,-0.018587412881303993,0.3248050682261209,-0.004304900953187902,-0.008293464307284422
688380,-0.005825314276159594,-0.007023346212258641,0.3244186396317801,0.3244186396317801,0.3360997102848865,-0.011867958363160416,0.3451510721247564,-0.0053627363893955695,-0.009639395425542463
688409,-0.0005917935848074032,0.006818948341973421,0.3573899702175025,0.3573899702175025,0.40647633993239984,0.03129858770678115,0.5068835282651072,-0.001637684059172644,-0.0029538910023454218
688408,-0.007673826586299778,-0.00797928874128563,0.3126861406094883,0.3126861406094883,0.33148237566393046,0.0021188968353513466,0.39488913255360625,-0.0035419909128769607,-0.00902652307405427
688403,-0.003238720233158714,-0.0044934571622351,0.34036280496976623,0.34036280496976623,0.34823153066151613,-0.010498495490048004,0.35005482456140347,-0.007700792598725137,-0.011368369759181034
688401,-0.003928000283080629,-0.004069410147505278,0.3355193887067176,0.3355193887067176,0.3501931434089812,-0.012215505097078739,0.3439632066276803,-0.005349890401507452,-0.009166591157963705
688400,-0.006767480600662909,-0.00917457083738642,0.3186426401131133,0.3186426401131133,0.32620111057460166,-0.02004619151692159,0.3199317738791423,-0.008733559743402123,-0.012300719879564406
688396,-0.00736139075421062,-0.009485735951998621,0.31503264041394663,0.31503264041394663,0.3247827136648962,-0.009732128733040106,0.35252192982456143,-0.0042671709835530956,-0.009067863471748247
688343,-0.0069763503549676135,-0.00792715426219699,0.3176198068650161,0.3176198068650161,0.3318746982134234,0.0005691921008388577,0.388797514619883,-0.0071034750852984885,-0.01354950361441257
688392,-0.00334693744161547,0.0027070747889033943,0.3398513883457176,0.3398513883457176,0.3850494929985514,0.01593201739219918,0.4467592592592593,-0.0034258437904212072,-0.004542596089071784
688388,-0.005595218436084923,-0.00443977942397091,0.3256821395264884,0.3256821395264884,0.3485936745533559,-0.013701289886523674,0.33908991228070173,-0.005106645126146351,-0.009324827275891071
688387,-0.008063428320615925,-0.00898690204366331,0.31012905748924524,0.31012905748924524,0.3268348623853211,-0.00834427152553539,0.35745614035087714,-0.006960914561357604,-0.012470876269540286
688385,-0.007097130697043078,-0.006760639618502245,0.31695797358683553,0.31695797358683553,0.3373672139063254,-0.014397645054784405,0.33692738791423005,-0.009291477000699653,-0.011658355207922369
688383,0.0004100673228022199,-0.004038115563237377,0.363617219698565,0.363617219698565,0.350374215354901,-0.02046371074214956,0.31877436647173485,-0.011456057462015222,-0.010162529908955546
688382,-0.007933496851862527,-0.012471057865091895,0.3108510574290786,0.3108510574290786,0.3124396426846934,-0.00851654875068249,0.3566337719298246,-0.006036582937142862,-0.012053005452942443
688381,-0.0047357343282756,-0.00609707200567614,0.33064588911284254,0.33064588911284254,0.34044543698696283,-0.018342938170248808,0.3252314814814815,-0.007487892392314247,-0.013563808502687333
688390,-0.005609935022933714,-0.006150173424612779,0.3255918895340092,0.3255918895340092,0.34026436504104296,-0.015883586396609906,0.332328216374269,-0.004971382244456951,-0.00938518191009926
688416,0.00889859840435811,0.010569507486150133,0.42107638157696825,0.42107638157696825,0.42829550941574124,0.030874027452078564,0.5054519980506822,-0.006467535622932492,-0.008346946052284372
688337,-0.004175502956204236,-0.0026695899052429635,0.33413555548870366,0.33413555548870366,0.3561081603090295,-0.0021345972876636882,0.3798732943469786,-0.004334054807838486,-0.006831451280346222
688333,-0.0033267769245530153,0.005978639716866783,0.34000180499984956,0.34000180499984956,0.40219097054563013,-0.007132077296750422,0.36220760233918126,-0.007100538596208626,-0.010419198977343396
688268,-0.0021778723788030614,0.0026182367746188815,0.347071387744051,0.347071387744051,0.3844760985031386,0.010745888305928947,0.42720516569200784,-0.003679246472253465,-0.005303402025396755
688271,-0.009835648801552077,-0.014939842202110191,0.3009235582563702,0.3009235582563702,0.3024203283437953,0.006992722002390654,0.41270711500974655,-0.007171943455201937,-0.013801760061086776
688275,0.005536932096099975,0.0097728983310949,0.3981228001564333,0.3981228001564333,0.4231953162723322,0.026707214993232403,0.48900462962962965,-0.005650802906686015,-0.011092313336615837
688278,-0.009355900048509861,-0.013265282535489448,0.30311964140669656,0.30311964140669656,0.3089992757122163,-0.023019906203069106,0.3112207602339181,-0.004995665674820685,-0.010604478695478585
688279,-0.006040456165885886,-0.007297771093869805,0.3232153063987244,0.3232153063987244,0.33474167069048766,-0.0059044444322041405,0.3662889863547758,-0.0073259994483367685,-0.009729413886220001
688281,-0.007311261866965729,-0.007438316164304912,0.31545380704551607,0.31545380704551607,0.33425881216803477,-0.012915392738279989,0.34110014619883045,-0.005387376175892364,-0.008176370757274927
688286,-0.008607508599873465,-0.009953122412361912,0.3072109743990855,0.3072109743990855,0.3228211009174312,-0.011464727093105559,0.3464607699805068,-0.00701077697281778,-0.012814903052607095
688293,-0.01462142836474475,-0.019850233280025376,0.27574381035468243,0.27574381035468243,0.2830758087880251,-0.028958714185979565,0.2939510233918129,-0.019252981848303555,-0.02609385240657697
688295,-0.0074539957783231565,-0.010136534312112238,0.31455130712072443,0.31455130712072443,0.3217648478995654,-0.006908606024078621,0.362786306042885,-0.006442728135734969,-0.009801872358465462
688296,0.007979430665827536,0.014828646416769207,0.41499954875003764,0.41499954875003764,0.45298165137614677,0.026461734613622608,0.4879995126705653,0.0047707865380082065,0.004389958439914844
688297,-0.0077323416195191255,-0.011000891571225694,0.3122348906470924,0.3122348906470924,0.318294302269435,-0.01907614558940211,0.3230080409356725,-0.007241981091869917,-0.01221939152967837
688300,-0.008861467637214269,-0.013270080199289432,0.30582714118107157,0.30582714118107157,0.3089992757122163,-0.025270960895165204,0.30442860623781676,-0.015544459321745528,-0.02037976835870937
688301,-0.005498784950837184,-0.0030736246299157173,0.3262537228121898,0.3262537228121898,0.35450869145340413,0.0031570067364865206,0.3982090643274854,-0.003397457736420066,-0.005351329620557106
688305,-0.00856743582331202,-0.012224311037114794,0.3075118077073493,0.3075118077073493,0.3130432158377595,-0.018195868718095462,0.3255969785575049,-0.006004903380960232,-0.010322476259412482
688307,-0.0017441875793902367,-0.004327595826525028,0.35020005414999544,0.35020005414999544,0.34907653307580877,-0.0063159286875563445,0.36473562378167645,-0.0035705608372891494,-0.006799199160064913
688308,-0.003979087254178484,-0.0011486224302153345,0.33527872206010645,0.33527872206010645,0.36353211009174313,0.0009537368462927938,0.390229044834308,-0.003557405271429686,-0.005542351244921527
688309,-0.003509410165925586,-0.002345943468878939,0.33837730513522457,0.33837730513522457,0.3576170931916949,-0.00014979994763164497,0.38620857699805067,-0.005729143313525598,-0.008977600665623576
688332,-0.004159561860108418,-0.003880842146261377,0.33431605547366205,0.33431605547366205,0.3513399323998069,-0.018601903400369935,0.324713693957115,-0.006635502928152511,-0.010159725995061427
688331,-0.005152244266291586,-0.004966575442386264,0.3280888059925995,0.3280888059925995,0.34596813133751814,-0.02159747675395935,0.3154239766081871,-0.004837080321825882,-0.007103026864820355
688328,-0.007168516808543775,-0.005364582296326078,0.31647664029361333,0.31647664029361333,0.3439159826170932,0.04252278194176583,0.5551596003898636,-0.005820541131445946,-0.010189128445880508
688327,-0.006978692738498006,-0.006488032713310993,0.3176198068650161,0.3176198068650161,0.3388761467889908,0.011167986619137558,0.42903265107212474,-0.006167861003703095,-0.01062912567144305
688326,-0.006795082307963225,-0.0064809595328106885,0.3185824734514605,0.3185824734514605,0.3388761467889908,-0.006562360610934566,0.3639132553606238,-0.004316017143697552,-0.01044054904353482
688323,-0.006707728833433698,-0.005976457774042182,0.31900364008302995,0.31900364008302995,0.34123008208594885,-0.013787194133653114,0.33878533138401556,-0.005129711221553701,-0.009793766932329969
688336,-0.00619215649248957,-0.010022016098052592,0.32210222315814807,0.32210222315814807,0.3225193143408981,-0.01663135661046642,0.33022660818713445,-0.005031199749475792,-0.009847451126500349
688322,-0.006145626436384015,-0.005286801603069349,0.3223428898047592,0.3223428898047592,0.34448937711250605,0.029490596841201828,0.49990862573099415,-0.00659665030846871,-0.012127513708847012
688320,-0.0062085101839478565,-0.003862714071750639,0.32198188983484255,0.32198188983484255,0.3513701110574602,-0.0038827442168375037,0.3735989278752436,-0.004628368292176242,-0.008178744010561186
688319,-0.005103381115058545,-0.0026432863082288295,0.32854005595499536,0.32854005595499536,0.3561986962819894,-0.005382189615704313,0.3679337231968811,-0.007115158067662055,-0.010164809549030686
688318,-0.006029677832819772,-0.004247271452066239,0.3233055563912036,0.3233055563912036,0.34946885562530183,-0.011085814479675193,0.3475877192982456,-0.007859526633805562,-0.01401440468853068
688313,-0.0010227322145550692,0.0037572221477058026,0.3545019704581691,0.3545019704581691,0.3903307580878802,-0.0006571413435904512,0.3846247563352827,-0.005835990723964573,-0.009583523228543916
688312,-0.0025264033770601682,-0.0045897159524591145,0.3450257212478566,0.3450257212478566,0.34771849348140993,-0.01284614976246212,0.34128289473684215,-0.012383397885488553,-0.014224078549133008
688311,-0.004360809716415649,-0.004397546058916118,0.3329322222556481,0.3329322222556481,0.34877474649927576,0.053235634593708774,0.6037707115009747,-0.0024691633357298848,-0.0040622291224903994
688321,-0.008810883436911478,-0.013182747328172435,0.3061279744893355,0.3061279744893355,0.30933124094640274,-0.018093745988512388,0.32587110136452246,-0.005933766524335035,-0.012408963921061637
301012,-0.01036910818066468,-0.013135611401493202,0.29821605848199517,0.29821605848199517,0.30957267020762913,-0.030679212950045172,0.28983918128654973,-0.0047345610997108,-0.009553952143647609
301008,-0.01676808786522037,-0.023662127860642278,0.26515447790379354,0.26515447790379354,0.2698877353935297,-0.047315357915429374,0.2507614522417154,-0.019299595276168733,-0.024775420762957905
301007,-0.006623756193097345,-0.008544636857748953,0.3193345567221203,0.3193345567221203,0.32888701110574603,-0.00995344357045499,0.3519432261208577,-0.004649606049848558,-0.00846577832173484
300322,-0.0055985659728232705,-0.005284883375735768,0.3256821395264884,0.3256821395264884,0.34451955577015936,0.0026853032880794743,0.39656432748538006,-0.009018946677445232,-0.011666544696871547
300323,-0.004616985465967734,-0.006651507518032125,0.3313979723835023,0.3313979723835023,0.3380613230323515,-0.015408356995735457,0.33363791423001954,-0.005539901058366464,-0.007421507954613779
300327,-0.006751443978169748,-0.009133710408577257,0.31879305676724523,0.31879305676724523,0.3262916465475616,-0.015940019446047407,0.3321454678362573,-0.008550029480724352,-0.011508993878562836
300328,-0.008393138451399397,-0.011799629267812061,0.30841430763214106,0.30841430763214106,0.31488411395461124,-0.02313212319398716,0.3109161793372319,-0.007279343740439507,-0.013847269184985519
300331,-0.004633362894263234,-0.005966242221257814,0.33130772239102313,0.33130772239102313,0.34126026074360216,-0.016500617434509094,0.33062256335282647,-0.006905091484793764,-0.013768543461446117
300332,-0.0074793103072073545,-0.010914040820810647,0.3143106404741133,0.3143106404741133,0.31859608884596813,-0.015648732041774686,0.3330592105263158,-0.004418535439229398,-0.009605461186750578
300333,-0.006658894094027661,-0.007120291109112421,0.3191540567371619,0.3191540567371619,0.33570738773539355,-0.010184496137030862,0.35127314814814814,-0.008087745202508064,-0.013355938638551168
300337,-0.008626041566755779,-0.011126929586039929,0.30706055774495356,0.30706055774495356,0.3178114437469821,-0.011487561032903586,0.34624756335282647,-0.00580796403429502,-0.011510581591924005
300339,-0.009168345657139932,-0.01034812200389456,0.30417255798562015,0.30417255798562015,0.32064823756639305,-0.023782496022520905,0.30930190058479534,-0.006582569927054163,-0.013199984134663516
300342,-0.009361347442577252,-0.012219980378733994,0.3030895580758701,0.3030895580758701,0.3130432158377595,-0.02137968326302699,0.3159417641325536,-0.008763491056226175,-0.01374454354892557
300345,-0.008794105333365007,-0.01096117847413591,0.306248307812641,0.306248307812641,0.31838483824239494,-0.035725476725970505,0.27625487329434695,-0.006604230439627399,-0.012724412802943388
300346,-0.006815415509920167,-0.008758056827767967,0.3185523901206342,0.3185523901206342,0.32767986479961375,-0.01178170351858418,0.3453947368421053,-0.005008942271868294,-0.009700756631766188
300347,-0.00808944805894931,-0.009308067370558577,0.3099786408351133,0.3099786408351133,0.32565789473684215,-0.011301226864805149,0.34710038986354774,-0.008923439949260432,-0.010777809224755693
300348,-0.006509683628410628,-0.005770981872371935,0.3199963900003008,0.3199963900003008,0.3420449058425882,-0.0088728583643186,0.35547636452241715,-0.005982475773916133,-0.009880711713130682
300321,0.00188302552187084,0.0030578752851616485,0.37246171896152347,0.37246171896152347,0.3871016417189763,0.008864568888446042,0.41956018518518523,-0.00016974308651324124,-0.0020041340867421984
300353,-0.009762698734317496,-0.014513516033353206,0.301224391564634,0.301224391564634,0.3039896185417673,-0.023768858544514663,0.3093628167641326,-0.007437749166501599,-0.01344545260137808
300358,-0.00947711368802467,-0.013593178470333686,0.3028488914292591,0.3028488914292591,0.30736962819893776,-0.022797617659697997,0.31189083820662766,-0.005966907812131758,-0.012156736664594728
300363,-0.011919880605444884,-0.013649419194901802,0.29057489245209234,0.29057489245209234,0.307007484307098,-0.011097999812527237,0.3475268031189084,-0.01268603445910876,-0.013348808638640887
300364,-0.008105443513464258,-0.010619654304737169,0.3099184741734605,0.3099184741734605,0.31938073394495414,-0.020914083832984747,0.3170687134502924,-0.010180649451447338,-0.016956100447876897
300368,-0.009020942327152535,-0.012485334867036374,0.30492464125627994,0.30492464125627994,0.31240946402704006,-0.029340703387594036,0.29297636452241715,-0.01130935309003879,-0.01810357949604134
300369,-0.0075829069478240314,-0.008654943541180026,0.3133780572184952,0.3133780572184952,0.3282532592950266,-0.02563765195845258,0.3035757797270955,-0.007574113149053289,-0.012997364817272199
300373,-0.0053654706101857,-0.004808313700830207,0.32697572275202313,0.32697572275202313,0.3466924191211975,-0.012992347027044835,0.34094785575048736,-0.0038101382219846093,-0.005693816288612208
300377,-0.008910834306427029,-0.010757532352363154,0.30540597454950213,0.30540597454950213,0.3190185900531144,-0.026236457521778594,0.3015655458089669,-0.008755820371411809,-0.012563888989871808
300378,-0.0072109391151970815,-0.009442846720490582,0.3162660569778286,0.3162660569778286,0.32496378561081607,-0.022986094560675543,0.31134259259259256,-0.008438019148502916,-0.013845244764388953
300381,0.005291646472454609,0.012268119188773574,0.39631780030684993,0.39631780030684993,0.43740946402704006,0.00900721740534547,0.4202302631578947,-0.00027480792789512316,0.0013940382022057675
300382,-0.005107172944540014,-0.00471048117575364,0.32854005595499536,0.32854005595499536,0.3470847416706905,-0.0026614248136034935,0.37798489278752434,-0.008144056780969104,-0.012374329557970347
300383,-0.010664949678921561,-0.014211004835439443,0.29656147528654375,0.29656147528654375,0.3049553355866731,-0.011810266625663668,0.3453642787524367,-0.007793091238457004,-0.01525191684852556
300386,-0.00754075137283655,-0.009762161748481438,0.3137691405192383,0.3137691405192383,0.323786817962337,-0.027032475856688516,0.29918981481481477,-0.006285159707270966,-0.010231644668176103
300387,-0.009010819073395213,-0.013658751411585183,0.30495472458710626,0.30495472458710626,0.307007484307098,-0.01534510166693099,0.33382066276803124,-0.012510099614406304,-0.012506045900308143
300390,-0.006132890467661447,-0.007323411027644951,0.32246322312806475,0.32246322312806475,0.3346209560598744,-1.771595927551467e-05,0.3866654483430799,-0.0037458765556735232,-0.006532395001753231
300357,-0.009229734459639965,-0.015694121397274316,0.3039018080081827,0.3039018080081827,0.29937228392081117,-0.025793233419582107,0.30311890838206623,-0.00935140935362003,-0.016432752335232986
300319,-0.005410763570391204,-0.00548595875920923,0.326735056105412,0.326735056105412,0.34325205214872045,-0.010768869155402188,0.34871466861598444,-0.013664384919199947,-0.019337679233391983
300317,-0.00782779004371337,-0.012045168203506068,0.3115429740380855,0.3115429740380855,0.31388821825205215,-0.021180822964953678,0.3164900097465887,-0.006486314823033253,-0.010698229376884761
300316,-0.009710913545946297,-0.013927050815333207,0.30158539153455066,0.30158539153455066,0.3059814099468856,-0.018329486718759697,0.32532285575048736,-0.007015772748209598,-0.014018381582308705
300253,-0.007830052173809467,-0.007796044275548629,0.3115429740380855,0.3115429740380855,0.332508450024143,-0.018864587925440407,0.32389132553606237,-0.0077357664711208965,-0.011964303851177294
300254,-0.008005464081665841,-0.008081103369930795,0.31042989079750904,0.31042989079750904,0.3310598744567842,-0.016775685086387784,0.3297088206627681,-0.005254538901326219,-0.007790729077513873
300255,-0.007883285870433854,-0.011552230061644232,0.31127222406064803,0.31127222406064803,0.31594036697247707,-0.004336362809214081,0.3722587719298246,-0.007930192433645223,-0.014685383758870393
300257,-0.007256447552569926,-0.00996083421392668,0.3158448903462592,0.3158448903462592,0.3227909222597779,-0.015115599790480466,0.33455165692007793,-0.009422288076670686,-0.011700347914827509
300259,-0.006765761583364295,-0.008507318690725258,0.3186426401131133,0.3186426401131133,0.3290680830516659,-0.018542497572296576,0.32492690058479534,-0.004271055957288148,-0.009520659158802283
300260,-0.006529408935664211,-0.009365248092626045,0.31996630666947445,0.31996630666947445,0.3252957508450024,-0.014682695263064652,0.336135477582846,-0.006397749091060807,-0.009101009570900742
300261,-0.010670194447123325,-0.014871824736001862,0.2965313919557173,0.2965313919557173,0.3026315789473685,-0.03642353753407289,0.2744883040935673,-0.009980112375561527,-0.013593189896995862
300263,-0.005755196663627207,-0.004778071463390205,0.3247495562708703,0.3247495562708703,0.34678295509415746,-0.006376991647914356,0.3644310428849903,-0.0051064716950648716,-0.008834087254150092
300264,-0.0057228464123559595,-0.004153627640193833,0.3248999729250023,0.3248999729250023,0.34977064220183485,-0.027796206827127048,0.2972404970760234,-0.009437690542557673,-0.01628193230519279
300265,-0.007822201987309933,-0.01127012076738483,0.31160314069973827,0.31160314069973827,0.3172380492515693,-0.021474192658538394,0.31566764132553604,-0.009491945432116027,-0.016750147603252892
300270,-0.002809317683919477,-0.0014499186370597892,0.3434914713757107,0.3434914713757107,0.361751569290198,-0.004969910189828443,0.369761208576998,-0.0017491001375965572,-0.002585192685430552
300274,-0.005235637063737888,-0.004742218722850482,0.32775788935350925,0.32775788935350925,0.34699420569773054,0.02570846815468923,0.4849232456140351,-0.006261539186481297,-0.013253466661505248
300276,-0.009064017234422274,-0.011290593671923553,0.304774224602148,0.304774224602148,0.317207870593916,-0.0020084777524332544,0.3804215399610137,-0.0062603397786815595,-0.01246649976342445
300277,-0.008211756923872847,-0.010653381625412513,0.30925664089527993,0.30925664089527993,0.31938073394495414,-0.019685497451903823,0.3210282651072125,-0.00964374884562068,-0.012295394527255268
300283,-0.009030216064099457,-0.011373450484953165,0.30483439126380074,0.30483439126380074,0.3167250120714631,-0.024839597914415028,0.3061038011695907,-0.006553596182140338,-0.010477177058502141
300285,-0.004402611837903938,-0.0018595928131974917,0.33275172227068983,0.33275172227068983,0.35985031385803956,-0.0006060451565961722,0.38471613060428855,-0.0038072930634392003,-0.006213320573131075
300287,-0.008870969908665626,-0.010586452159626548,0.30579705785024514,0.30579705785024514,0.31944109126026077,-0.021869057903414153,0.31420565302144254,-0.006079258745268,-0.010799370492826206
300315,-0.010199861839213845,-0.011664177687896259,0.29917872506843957,0.29917872506843957,0.31542732979237087,-0.02279646181025268,0.31189083820662766,-0.010032829961481743,-0.015217662029718582
300314,0.0023674603205374135,0.0005103104194184886,0.3760717186606901,0.3760717186606901,0.37261588604538876,0.008800700507229642,0.419103313840156,0.0026801462799315376,0.0007110113742452572
300313,-0.013263667071652852,-0.01985384133038846,0.28317439306880055,0.28317439306880055,0.2830758087880251,-0.014833379274673555,0.33567860623781676,-0.018556647761082543,-0.030465774828286215
300311,-0.007087103685080424,-0.008311813809451547,0.3170181402484883,0.3170181402484883,0.33000362143891837,-0.024058185063242837,0.3083272417153996,-0.007017542557359917,-0.009949377921085063
300308,-0.001498821625658882,0.004460264596552437,0.35182455401462054,0.35182455401462054,0.3942539835828103,0.013641499611259156,0.43868786549707606,-0.0068515666574137084,-0.006959660444914966
300307,-0.007578845867661492,-0.009870731613302446,0.31343822388014797,0.31343822388014797,0.3232436021245775,-0.01801830691657904,0.32614522417154,-0.004644192597083976,-0.008207972070026449
300393,-0.007656483363943043,-0.0072726322819164895,0.3129869739177522,0.3129869739177522,0.3348925639787542,-0.018328043979233672,0.32532285575048736,-0.004877083979941469,-0.009671611670322346
300304,-0.008750679296266899,-0.012038714407973376,0.3063385578051202,0.3063385578051202,0.31391839690970547,-0.015052288767484961,0.3348257797270955,-0.009641737634153692,-0.01564611069605466
300302,-0.00441054413745612,-0.0013714749568858359,0.33269155560903707,0.33269155560903707,0.36208353452438435,-0.008076214024483833,0.3586440058479532,-0.0031247432575883852,-0.006722757020939481
300300,-0.01780073353611966,-0.01757112995822747,0.2605818116181824,0.2605818116181824,0.2917069048768711,-0.033939118481755556,0.2809149610136452,-0.018851713023838146,-0.02739931611137407
300299,-0.010410435773367888,-0.013558234140284248,0.297975391835384,0.297975391835384,0.3075507001448575,0.007005292939187645,0.41273757309941517,-0.006468429204210447,-0.010442806423594197
300296,-0.00850877849079991,-0.011757445469260795,0.3079028910080924,0.3079028910080924,0.3149746499275712,-0.019173574922362237,0.32261208576998046,-0.007632806249999389,-0.012717976987863802
300292,-0.00908936108163488,-0.012500354874762271,0.30456364128636326,0.30456364128636326,0.3123189280540801,-0.02815075974300183,0.29638767056530213,-0.010384558272133427,-0.015191669715340528
300291,-0.009089105577358272,-0.013686679372193644,0.30456364128636326,0.30456364128636326,0.30688676967648476,-0.030309728953699613,0.2905397173489279,-0.010427622541277855,-0.015662864743851566
300303,-0.007416298578334699,-0.00912881106040758,0.3147017237748564,0.3147017237748564,0.3262916465475616,-0.012434627537802195,0.34295808966861596,-0.008759888441499997,-0.01328343668572412
300394,-0.00015933973189177861,0.004761774479185208,0.360368219969315,0.360368219969315,0.3956120231772091,-0.007587145860770098,0.3605933235867447,-0.005336636941157317,-0.007524948020749994
300395,-0.007020685684789764,-0.00033311073296437167,0.31737914021840496,0.31737914021840496,0.36814944471269917,0.006187684944694099,0.41014863547758285,-0.007916689945052206,-0.010261348851818963
300397,-0.007825580249833758,-0.01056317163287063,0.3115429740380855,0.3115429740380855,0.31968252052148716,-0.01087511788986335,0.3484405458089669,-0.007377450508686409,-0.011902521916748772
300454,-0.003094858648982634,0.00479362526571431,0.34174663818778017,0.34174663818778017,0.39570255915016905,0.01330006780814973,0.4373477095516569,-0.0053827665320967675,-0.007729812722556061
300456,-0.006402492682387147,-0.007527005748666422,0.32044763996269665,0.32044763996269665,0.33374577498792857,-0.03290728196808901,0.28356481481481477,-0.01001245852569642,-0.015849596384465373
300457,-0.00882466271432832,-0.012165689490079894,0.3060678078276827,0.3060678078276827,0.31334500241429264,-0.013171833968229173,0.34058235867446396,-0.006632973319557872,-0.011126264448140535
300458,-0.006694984980034785,-0.008409946985521163,0.3190638067446828,0.3190638067446828,0.32967165620473204,-0.017417521112363013,0.32806408382066277,-0.006975944232979701,-0.01153901298970669
300459,-0.008350494708198071,-0.00994179687730676,0.30859480761709934,0.30859480761709934,0.3229719942056978,-0.030731830950493304,0.28971734892787526,-0.00947900438862394,-0.015706734059889225
300461,-0.007262596539306663,-0.00915041711353707,0.31581480701543274,0.31581480701543274,0.3262614678899083,-0.02117089909043642,0.3164900097465887,-0.008695557183782,-0.011350762675197908
300465,-0.008734248301411675,-0.010997539541656616,0.3064288077975994,0.3064288077975994,0.318294302269435,0.00026390985758815814,0.38760964912280704,-0.0076353010030688106,-0.013877166250545062
300467,-0.0069669197035456395,-0.00804928372077994,0.3177100568574953,0.3177100568574953,0.33115041042974414,-0.011056224928219768,0.34764863547758285,-0.004694657545838124,-0.007573399488958333
300468,-0.008970778133421491,-0.011288801725967822,0.3051953912337174,0.3051953912337174,0.317207870593916,-0.035993019460670225,0.27531067251461994,-0.012718047654918142,-0.019332354379683746
300469,-0.007993241059016021,-0.010976123217007066,0.3104900574591619,0.3104900574591619,0.3183244809270883,-0.009877537733496953,0.35218689083820665,-0.008951477285834118,-0.015620755928844567
300474,-0.008891776471449037,-0.013438272392824687,0.30561655786528685,0.30561655786528685,0.30809391598261704,-0.014208630304342476,0.3374147173489279,-0.006040058739769365,-0.012090247926348567
300475,-0.004082949473884404,0.007982492432019664,0.3349478054210162,0.3349478054210162,0.41323635924674074,-0.045084424620187566,0.25499512670565305,-0.007956564319861094,-0.010398661540300305
300476,-0.005242078633755873,0.0030817343143950786,0.32766763936103005,0.32766763936103005,0.3873128923225495,0.006775795980544125,0.4120065789473685,-0.005516402520799674,-0.006107300958847435
300478,-0.004777663419162993,-2.0384739375763766e-05,0.3304353057970578,0.3304353057970578,0.3696583775953646,0.00117995739055671,0.391020955165692,-0.004449276944581992,-0.005827234757372488
300480,-0.007881806993686532,-0.010420409920778747,0.31127222406064803,0.31127222406064803,0.3202257363592468,-0.0227638337194982,0.3119822124756335,-0.005198264869372402,-0.010716635642584607
300483,-0.0027125781738530745,-0.0038455591299237884,0.34421347131554403,0.34421347131554403,0.3514304683727668,-0.00989578488737482,0.3520955165692008,-0.006358365357616589,-0.009450641429062795
300486,-0.008011791498131424,-0.010062954863069903,0.3103998074666827,0.3103998074666827,0.32218734910671176,-0.029264662584453028,0.2932504873294347,-0.005190110041666406,-0.009742954947117317
300505,-0.013181694752142979,-0.02094180741373525,0.28356547636954366,0.28356547636954366,0.2793940125543216,-0.03402098016310304,0.2807322124756335,-0.01803998718409314,-0.024666593185692757
300504,-0.00727174788979317,-0.009192390236031613,0.3157847236846063,0.3157847236846063,0.32617093191694835,-0.022122507861059217,0.3137183235867447,-0.004899255686998044,-0.008795990907822555
300503,-0.006445301063636895,-0.00944535491867974,0.32026713997773837,0.32026713997773837,0.32496378561081607,-0.013520078530947053,0.3395772417153996,-0.004553634799680972,-0.009028639407134957
300502,-0.0033080271167417992,0.0021248891995910785,0.3401522216539815,0.3401522216539815,0.3817600193143409,0.0005368404350262514,0.38864522417154,-0.0075480416259644445,-0.0090167965914454
300499,-0.011234444957989293,-0.016951549642000654,0.2936133088655576,0.2936133088655576,0.294151376146789,-0.021186196130699542,0.3164900097465887,-0.01605962691246931,-0.02151809005187835
300498,-0.008601342858322931,-0.011337953420802502,0.3072711410607383,0.3072711410607383,0.31687590535972965,-0.03329904668199233,0.2825596978557505,-0.00902197056642099,-0.014773877178977136
300451,-0.006541433873825015,0.0013988255318618005,0.3199061400078217,0.3199061400078217,0.3779575084500242,0.05312884556522789,0.6034356725146199,-0.003660038862235357,-0.01027778270370653
300497,-0.007806476486421897,-0.007194112426466001,0.3117234740230438,0.3117234740230438,0.3353754225012071,-0.030161677000263298,0.2910270467836257,-0.008432074045716267,-0.011265304908355011
300493,-0.0077326500244854855,-0.00931829734436704,0.3122348906470924,0.3122348906470924,0.32565789473684215,-0.0013191359883476016,0.3823099415204678,-0.005152196730699231,-0.010880527204307896
300491,-0.00725641836853942,-0.008990312387911693,0.3158448903462592,0.3158448903462592,0.3268046837276678,-0.023764583880267923,0.3093628167641326,-0.007031973603178156,-0.01124636611668443
300490,-0.007678456211102695,-0.01060606782676269,0.31265605727866186,0.31265605727866186,0.31941091260260746,-0.006906754854876887,0.362786306042885,-0.005032319358129655,-0.010022036396948679
300489,-0.003161165656396394,-0.007975380020868172,0.3408140549321621,0.3408140549321621,0.331633268952197,-0.033326844088372956,0.2823464912280702,-0.010851965093531894,-0.01399139127457757
300488,-0.00816714951977434,-0.012172305339803242,0.3094070575494119,0.3094070575494119,0.3133148237566393,-0.027814564463927313,0.2972100389863548,-0.012910289667731108,-0.015995905817123384
300487,-0.009804059963367816,-0.012963041183582814,0.30101380824884927,0.30101380824884927,0.3102969579913085,-0.025877959553551592,0.30293615984405453,-0.008787992108800406,-0.011256340081031496
300496,-0.007191831272180925,-0.008835810977298665,0.31638639030113413,0.31638639030113413,0.3273780782230806,-0.008950666517316172,0.35526315789473684,-0.007382761104236788,-0.010902596539461774
300252,-0.010506415402852328,-0.013869332491846652,0.2975542252038146,0.2975542252038146,0.3062530178657653,-0.017641418863651035,0.3272112573099415,-0.00947778313288748,-0.015057950416089611
300450,-0.005758461889716844,-0.008512049643232093,0.3247495562708703,0.3247495562708703,0.3290680830516659,0.0191458366540058,0.459307992202729,-0.005368730016451085,-0.008963993376208792
300446,-0.009457665705402551,-0.0141238952234693,0.3028488914292591,0.3028488914292591,0.3052571221632062,-0.02277329063600376,0.3119822124756335,-0.004884021845355518,-0.00998865110118214
300398,-0.00650306811333012,-0.0073565898471952985,0.3200264733311272,0.3200264733311272,0.33447006277160796,-0.02125757714205108,0.3162768031189084,-0.004991020371275521,-0.010638184496054201
300399,-0.007820775609272386,-0.00826453998126986,0.31160314069973827,0.31160314069973827,0.3302752293577982,-0.017401304918440844,0.3280945419103314,-0.008249703950055417,-0.009844011253838512
300400,-0.006243937467348111,-0.009748862704725303,0.3216509731957522,0.3216509731957522,0.3238169966199903,-0.024947979821697792,0.30586013645224175,-0.008307842014477028,-0.012185541290658871
300401,-0.0076992339287150074,-0.009343775674298914,0.31253572395535634,0.31253572395535634,0.32541646547561565,-0.02315671043479256,0.3108248050682261,-0.008944448947212661,-0.013924239416232444
300404,-0.012836804010620035,-0.015201773642657308,0.2856111428657381,0.2856111428657381,0.30127353935296963,-0.029898474553997093,0.29172758284600386,-0.014949031138441008,-0.020840336680095998
300408,0.0006107132447301256,0.0154483869390366,0.36445955296170396,0.36445955296170396,0.45672380492515696,0.019910463141374048,0.462171052631579,-0.005851310515714703,-0.005399623212465303
300409,-0.008988170342316627,-0.012340058586534766,0.3050750579104119,0.3050750579104119,0.3127716079188798,-0.02266441166609753,0.3123477095516569,-0.006055405585690494,-0.010260608588958558
300410,-0.006301897520224982,-0.006618043388618087,0.3212899732258355,0.3212899732258355,0.33821221632061804,0.003263936186646616,0.3986659356725146,-0.006331697863441735,-0.010023035252541074
300411,-0.006910284565791519,0.0003342326934729729,0.31795072350410636,0.31795072350410636,0.3715294543698696,-0.011658128545145263,0.3457602339181286,-0.005288653716201959,-0.0073266948745178495
300413,-0.020710943825078182,-0.02563291259788919,0.24689389609217538,0.24689389609217538,0.2632786093674553,-0.045885519089447976,0.25356359649122806,-0.01822872567121788,-0.026560664619685682
300414,-0.009897510701623223,-0.013621444392464474,0.3006528082789326,0.3006528082789326,0.3072187349106712,-0.014178946673945817,0.3375974658869396,-0.003591704847734679,-0.009942877140195885
300415,-0.008783872218820193,-0.009345259544002244,0.306248307812641,0.306248307812641,0.32538628681796233,-0.011346661245689074,0.3468871832358674,-0.004877083979941469,-0.010190709969748699
300416,-0.009271684330337896,-0.012054071233367894,0.3037213080232243,0.3037213080232243,0.31382786093674553,-0.01321626486486611,0.3404300682261209,-0.006963783887605556,-0.011890179107449722
300418,-0.007911904869547876,-0.010405211044513765,0.31100147408321044,0.31100147408321044,0.3202860936745534,-0.023090478001861436,0.311068469785575,-0.0069341467925731586,-0.010840449489431934
300420,-0.008201421153789643,-0.011819505570434648,0.30928672422610637,0.30928672422610637,0.31482375663930473,-0.03132419016800509,0.28810307017543857,-0.009163884381210564,-0.016647415563123408
300424,-0.008160967338872255,-0.010824041361327313,0.30946722421106465,0.30946722421106465,0.31883751810719463,-0.018770416447817385,0.3242872807017544,-0.0045357302638258205,-0.009090648006790028
300426,-0.012777659821334495,-0.015947884494246924,0.28606239282813395,0.28606239282813395,0.29828585224529214,-0.02126907804778291,0.31621588693957114,-0.014751427489133988,-0.017249026593766103
300445,0.003378572638104956,0.0074694227749692145,0.38265996811166936,0.38265996811166936,0.4104297440849831,0.0025458576400799243,0.396259746588694,0.0010476732908723172,0.002127237634373731
300444,-0.009812342686905789,-0.014337409619121083,0.30101380824884927,0.30101380824884927,0.3044724770642202,-0.02883697757399049,0.29443835282651076,-0.0074893147759141476,-0.014274168781983156
300442,-0.0075785563404799205,-0.010771042195279027,0.31343822388014797,0.31343822388014797,0.3189884113954611,-0.01494287547187398,0.3352217348927875,-0.006499619831206145,-0.011569586432408838
300440,-0.005504380031991607,-0.005844224126477733,0.32622363948136335,0.32622363948136335,0.34174311926605505,-0.018147098164482522,0.325749269005848,-0.00623132897135403,-0.009350812438169891
300438,-0.00687031603373833,-0.00703275419998479,0.31822147348154384,0.31822147348154384,0.3360393529695799,-0.005518978090460367,0.367385477582846,-0.005436470110293789,-0.009680000745904357
300437,-0.007136489780603559,-0.008976503023422424,0.3167473902710508,0.3167473902710508,0.32689521970062774,-0.010222585752481219,0.35112085769980506,-0.004836008876973057,-0.009124897950840257
300448,-0.006816557476869953,-0.002849185386479188,0.3185523901206342,0.3185523901206342,0.35532351521004346,0.0019199938243803132,0.3938840155945419,-0.008496565501572349,-0.011753714834793965
300436,-0.008358919825522983,-0.011881579239643785,0.308564724286273,0.308564724286273,0.3145219700627716,-0.019849890512703163,0.3206627680311891,-0.007147946688759829,-0.014873119484799992
300434,-0.00824881526591018,-0.011765768457633573,0.30916639090280074,0.30916639090280074,0.31494447126991787,-0.02449629066662491,0.3070784600389863,-0.00648901595649911,-0.011513802612175059
300433,-0.005894299652423846,-0.007589094198272389,0.3240576396618634,0.3240576396618634,0.33344398841139544,-0.022248685059720146,0.3134442007797271,-0.005407505509571248,-0.00939383918836072
300432,-0.00809675366204485,-0.008322405524348216,0.3099786408351133,0.3099786408351133,0.32997344278126506,-0.022044056496567866,0.3138096978557505,-0.005181311647278843,-0.011879572908188283
300429,-0.007189129140580443,-0.009436406948573416,0.31638639030113413,0.31638639030113413,0.3249939642684694,-0.017825631598883136,0.32675438596491224,-0.008650918575511882,-0.0123179695982223
300428,-0.009657347888082238,-0.014808397652734204,0.301916308173641,0.301916308173641,0.3027824722356349,-0.03400034127428387,0.28076267056530213,-0.006068452156960511,-0.009820565538834796
300427,-0.010858493972674417,-0.01527916108297284,0.2954784753767937,0.2954784753767937,0.3009717527764365,-0.031047216085068566,0.28877314814814814,-0.008639610374117748,-0.01349797173766053
300435,-0.008160694722609564,-0.012419576708776234,0.30946722421106465,0.30946722421106465,0.3124698213423467,-0.01979083553118881,0.3208150584795322,-0.004970036707978517,-0.0090974271902456
300506,-0.007101552090071554,-0.008749096035524453,0.31695797358683553,0.31695797358683553,0.3277402221149204,0.001974470087306986,0.3942799707602339,-0.004128850276111018,-0.008092179264726487
300251,-0.010499306091075307,-0.011645695845809462,0.2976444751962938,0.2976444751962938,0.3154575084500242,-0.0007331823144070991,0.384442007797271,-0.009415187746699694,-0.015554354383902895
300244,-0.00855910862996453,-0.01315555452745051,0.30763214103065495,0.30763214103065495,0.3095123128923225,-0.020759468471250958,0.31770833333333337,-0.006736233576493341,-0.01290267626085944
300056,-0.005309512965444009,-0.003231591134395216,0.3272464727294606,0.3272464727294606,0.35399565427329793,0.010469539653741956,0.4262305068226121,-0.005802671928511704,-0.003679898851047194
300057,-0.006505088820449185,-0.007906401923822932,0.3199963900003008,0.3199963900003008,0.33199541284403666,-0.009162446892341167,0.35453216374269003,-0.004941652961035721,-0.0086667809355262
300058,-0.008547907884994986,-0.0006516282727177156,0.30763214103065495,0.30763214103065495,0.36636890391115406,0.03113336061953963,0.5063657407407407,-0.008211390272313273,-0.01017010167530739
300059,-0.0056945937014058244,-0.0067292493459873955,0.3249902229174815,0.3249902229174815,0.33751810719459197,0.043650034233528735,0.5603983918128654,-0.0063377231297586005,-0.00781235718920681
300061,-0.017951607251144797,-0.022182727628679344,0.25985981167834904,0.25985981167834904,0.2753500724287784,-0.028299559545887285,0.2959307992202729,-0.01679957694461571,-0.02122811092947941
300062,-0.009310136308737945,-0.012033693922582196,0.30351072470743956,0.30351072470743956,0.31391839690970547,-0.03042859167603225,0.2903265107212476,-0.005992462674402993,-0.010591444665577956
300063,-0.008741407232183987,-0.012483602797922603,0.30636864113594653,0.30636864113594653,0.31240946402704006,-0.011278394796611007,0.34713084795321636,-0.009484295385753978,-0.014283880027964022
300065,-0.008007768521723774,-0.012841584329779887,0.3103998074666827,0.3103998074666827,0.3107798165137615,-0.022895979918107337,0.31170808966861596,-0.00861489906076989,-0.015531566186100892
300067,-0.007090082335445203,-0.007780515055703038,0.3170181402484883,0.3170181402484883,0.3325386286817963,-0.017374244135337957,0.3281554580896686,-0.005689397113436604,-0.009431385574132005
300069,-0.0076265959744840055,-0.008422084624703445,0.31304714057940497,0.31304714057940497,0.3295811202317721,-0.0028161586552405606,0.37761939571150094,-0.004611500032120593,-0.006596577829729536
300070,-0.009581003680128562,-0.012544939065814564,0.3022773081435577,0.3022773081435577,0.31207749879285374,-0.02228721200724666,0.31332236842105265,-0.00470344365427783,-0.0098635305129225
300071,-0.009294706570791851,-0.013208195847034716,0.30360097469991876,0.30360097469991876,0.3092105263157895,-0.03228980798312191,0.28548367446393763,-0.010978543531189834,-0.01801068280177874
300072,-0.007289799289581497,-0.010756686246533908,0.3156944736921272,0.3156944736921272,0.3190487687107677,-0.012692935067022258,0.34186159844054576,-0.0048388066176064115,-0.010567640332112131
300073,-0.007473791377743934,-0.008575292410566933,0.3144309737974188,0.3144309737974188,0.32873611781747947,0.004079434051307043,0.40180311890838205,-0.005634772817339252,-0.008796712819080527
300055,-0.0065770234743206596,-0.010219779778188467,0.31966547336121054,0.31966547336121054,0.32116127474649925,-0.01440293779467235,0.33689692982456143,-0.005998385842179061,-0.009205289678692313
300075,-0.007309000996428953,-0.007889228433052531,0.3154838903763425,0.3154838903763425,0.3320557701593433,-0.01472718126312388,0.3359527290448343,-0.004995665674820685,-0.00983694873345166
300079,-0.0073257265299171,-0.009456059110649574,0.31542372371468974,0.31542372371468974,0.32490342829550944,-0.024631740545401938,0.3065302144249513,-0.008589379321176541,-0.01334752313522436
300083,-0.00476791722026224,-0.0058747751619630095,0.33046538912788426,0.33046538912788426,0.3415620473201352,-0.00622083493868691,0.36507066276803124,-0.004323731787881699,-0.007327370036561389
300084,-0.006886171048746283,-0.00822048775966877,0.31804097349658556,0.31804097349658556,0.33045630130371806,-0.007337899652812074,0.36162889863547754,-0.003125109222301546,-0.0077545746530954624
300085,-0.008031192584383414,-0.009751258309520353,0.3102794741433772,0.3102794741433772,0.3238169966199903,-0.03424734074328888,0.280214424951267,-0.009310590264952841,-0.01455050108730541
300088,-0.008146339726599188,-0.011582161544360845,0.30964772419602293,0.30964772419602293,0.31584983099951713,-0.03359897663932778,0.2817677875243665,-0.009730028842812096,-0.01652991768715482
300093,-0.00726495658269653,-0.008895805317416901,0.31581480701543274,0.31581480701543274,0.32722718493481406,-0.02049594059132482,0.3187134502923976,-0.006569224802071408,-0.010846902679428566
300094,-0.01146919602145317,-0.017024220729341937,0.29244005896332836,0.29244005896332836,0.29378923225494935,-0.029213700460329083,0.2934332358674464,-0.016226635015674173,-0.02330129939017395
300097,-0.005672756586344488,-0.005366424876460882,0.3251406395716133,0.3251406395716133,0.3439159826170932,-0.005521175721293279,0.367385477582846,-0.004942206916714957,-0.009194684105939488
300098,-0.009632252050490182,-0.013019372089707687,0.30212689148942573,0.30212689148942573,0.31008570738773544,-0.011397298422892242,0.3467044346978557,-0.006264397562265947,-0.012110741931254035
300099,-0.006762138333953685,-0.008982649569136953,0.3186426401131133,0.3186426401131133,0.3268650410429744,-0.016862361514888458,0.32946515594541914,-0.0048433287098071185,-0.008182371418532952
300101,-0.008315063106352173,-0.010098530593019359,0.30880539093288406,0.30880539093288406,0.32188556253017864,0.06538973854816543,0.6567982456140351,-0.004877083979941469,-0.010301590312967865
300102,-0.00839147079537148,-0.01313795290113121,0.30841430763214106,0.30841430763214106,0.30957267020762913,-0.006406720837730976,0.3643092105263158,-0.008828651040990461,-0.015857116301944477
300106,-0.009130253225022861,-0.008274693915659187,0.3044132246322313,0.3044132246322313,0.33021487204249156,-0.009038412471105805,0.35492811890838205,-0.010239067879341908,-0.01002036319709505
300109,-0.009438215298046795,-0.014954326529136017,0.30290905809091184,0.30290905809091184,0.30235997102848866,-0.025401345649585964,0.30406310916179335,-0.006536124384595837,-0.012934930370811741
300077,-0.007396407362477146,-0.009806417886853309,0.3148220570981619,0.3148220570981619,0.32366610333172385,-0.013716318996076313,0.3390289961013645,-0.007204667580224104,-0.011176592772716886
300054,-0.004956819381885769,-0.003130531598145235,0.32929213922565503,0.32929213922565503,0.35432761950748426,0.012421100375915269,0.4340582358674464,-0.004697909879507224,-0.005868178894459533
300053,-0.00714199505888471,-0.009549596072092948,0.3167173069402244,0.3167173069402244,0.32463182037662963,-0.004794455998862809,0.37058357699805067,-0.007582912684285044,-0.012303589238993908
300052,-0.009566043501496967,-0.014199564983534755,0.3023976414668632,0.3023976414668632,0.30504587155963303,-0.026023712464033066,0.3024792884990254,-0.009139424866044491,-0.014431392092101456
300002,-0.008876211332972455,-0.007019965450760089,0.30570680785776605,0.30570680785776605,0.3360997102848865,-0.008555110832601569,0.356603313840156,-0.00857270703338153,-0.010574012905721977
300003,-0.008694825699550084,-0.012614670722117523,0.3066393911133841,0.3066393911133841,0.31183606953162724,-0.014758332554696316,0.3358918128654971,-0.006847646924199817,-0.014489123286998466
300004,-0.009795391687071112,-0.013296363555610272,0.3010438915796757,0.3010438915796757,0.30884838242394974,-0.01138200956865916,0.3467958089668616,-0.009437373336170252,-0.017879193607688686
300005,-0.005135282238357012,-0.003864551346028593,0.32823922264673144,0.32823922264673144,0.3513701110574602,-0.009609780222791468,0.35294834307992207,-0.007219503872078231,-0.009770623863590244
300006,-0.008119820171126951,-0.008731481608489845,0.3098282241809813,0.3098282241809813,0.3277704007725737,-0.020923498894162177,0.3170382553606238,-0.00643622950940096,-0.011015539185921417
300007,-0.008621330191416234,-0.010716726004990516,0.30706055774495356,0.30706055774495356,0.31919966199903427,-0.013532933031805038,0.339546783625731,-0.007820630758922873,-0.014481191428486149
300008,-0.010132729351312895,-0.014049040395671335,0.29944947504587704,0.29944947504587704,0.30555890873973923,-0.02465926142865551,0.3064997563352827,-0.006773893197366342,-0.012269263690149107
300009,-0.010017323507014522,-0.014634331959572259,0.30011130832405764,0.30011130832405764,0.3032351521004346,-0.028991289244841442,0.29385964912280704,-0.006271461129087931,-0.013571335196120759
300012,-0.009115717719697367,-0.012559693400144699,0.30447339129388407,0.30447339129388407,0.3120171414775471,-0.019344160743252632,0.32206384015594547,-0.005925399546867986,-0.009157840487721447
300014,-0.007881968708006159,-0.011925038851196598,0.31127222406064803,0.31127222406064803,0.31443143408981167,-0.0014842257093976765,0.3817312378167641,-0.005634772817339252,-0.01020057222682497
300015,-0.009886946500728449,-0.012956514282787827,0.30071297494058546,0.30071297494058546,0.3102969579913085,-0.024320475150935515,0.30765716374269003,-0.00804379331992706,-0.013904293845996602
300016,-0.011199762157729236,-0.014478065264000403,0.29385397551216874,0.29385397551216874,0.30408015451472714,-0.027810930172845524,0.2972404970760234,-0.006599554606199391,-0.010875652207063739
300017,-0.006281788887868987,-0.005136268027495785,0.3215306398724467,0.3215306398724467,0.34527402221149206,-0.00228218903209641,0.37941642300194933,-0.006556091424600074,-0.012821673543196759
300021,-0.00989324347047556,-0.01380348646709165,0.30068289160975903,0.30068289160975903,0.3064340898116852,-0.005244796477220475,0.3686038011695907,-0.00803315657170108,-0.01183085753610584
300024,-0.01016233947562174,-0.011425374161332552,0.2993893083842243,0.2993893083842243,0.31639304683727665,-0.022904666760625737,0.31170808966861596,-0.008992947720661013,-0.01590993153322285
300026,-0.009789479618259878,-0.01459207580211146,0.30107397491050214,0.30107397491050214,0.30338604538870106,-0.02792521091571661,0.2969054580896686,-0.006748771754294725,-0.013080363996485829
300031,-0.007954578099030434,-0.008962514583768346,0.31070064077494663,0.31070064077494663,0.32692539835828105,-0.015134255888782575,0.33442982456140347,-0.007010025714127197,-0.010254147862384468
300050,-0.007862237443978279,-0.010046167118890642,0.3113624740531271,0.3113624740531271,0.3222778850796717,-0.03299884134473301,0.2834125243664717,-0.009192607798411485,-0.012220576559534155
300049,-0.009420454247596757,-0.01363248638475301,0.3029692247525646,0.3029692247525646,0.3071583775953646,-0.027147311304428764,0.2988852339181286,-0.00867022475295435,-0.015403192184837038
300047,-0.008096098489172416,-0.008104199231212594,0.3099786408351133,0.3099786408351133,0.33096933848382426,-0.004203534649828713,0.3726547270955166,-0.004486137128555964,-0.009772048336288279
300046,-0.0061080797041365995,-0.00823346886386558,0.32258355645137027,0.32258355645137027,0.33042612264606475,0.011009252399631849,0.42833211500974655,-0.0037147304430081626,-0.009088698206712743
300045,-0.008298173073023423,-0.009974770245192412,0.3088354742637105,0.3088354742637105,0.3227607436021246,0.027244877299521412,0.49083211500974655,-0.006436973446073219,-0.012984441887897873
300043,-0.008983102795115279,-0.01251909243337445,0.3051051412412382,0.3051051412412382,0.3123189280540801,-0.03243484415274494,0.285057261208577,-0.010271205590077846,-0.016228384858842725
300111,-0.007589738585584449,-0.009132176551772328,0.31331789055684245,0.31331789055684245,0.3262916465475616,0.06680675439857367,0.6626766569200779,-0.0040571858135216065,-0.00852115503977322
300042,-0.005923778115999067,-0.005488963293200588,0.32399747300021053,0.32399747300021053,0.34325205214872045,-0.014236824025925071,0.3374147173489279,-0.006363172379361734,-0.010406853263507543
300040,-0.009492647712142555,-0.014723195172727997,0.30272855810595345,0.30272855810595345,0.3030239014968614,-0.03886169485293404,0.2685185185185185,-0.008139569861100792,-0.014342970671011986
300039,-0.0076167409451347815,-0.011192051736140914,0.31304714057940497,0.31304714057940497,0.31769072911636886,-0.016001412163296688,0.33199317738791423,-0.0033885631579857905,-0.006529663054145018
300037,-0.008010989807502915,-0.007670058572917856,0.3103998074666827,0.3103998074666827,0.3330516658619025,0.0055420320486700815,0.4080165692007798,-0.005404967010315809,-0.00761849602097449
300035,-0.009390681490333513,-0.01412776818094593,0.3030594747450438,0.3030594747450438,0.3051967648478996,-0.01033642699902585,0.35060307017543857,-0.005066181868076232,-0.010943763976309945
300034,-0.009423579830306197,-0.012148225754617955,0.3029692247525646,0.3029692247525646,0.31340535972959926,-0.01453314239325312,0.33653143274853803,-0.00796597532300219,-0.012873775806245328
300033,-0.006667616380353413,-0.005079737598995089,0.3191540567371619,0.3191540567371619,0.3455758087880251,-0.01270418845769353,0.34183114035087714,-0.0053673349844636144,-0.009452972090902574
300041,-0.006871437565776641,-0.010239974113905488,0.31822147348154384,0.31822147348154384,0.3210707387735393,-0.010752736410880244,0.3488365009746589,-0.006419170292406914,-0.011091003400510727
300112,-0.012501000801960548,-0.01674577830490486,0.2876568093619326,0.2876568093619326,0.2951472718493482,-0.024232385326239617,0.30783991228070173,-0.014930893589755597,-0.021501318840305563
300113,-0.008820569245621723,-0.010646892560290198,0.3060678078276827,0.3060678078276827,0.31938073394495414,-0.022787933146649866,0.3119212962962963,-0.01025169810881012,-0.013948150453655377
300115,-0.007523030366068106,-0.007910932437829424,0.31388947384254384,0.31388947384254384,0.33193505552873004,0.00010689304387269654,0.3871223196881092,-0.006821551485804427,-0.012353219568258581
300174,-0.005557332365599035,-0.007641237494734917,0.3258927228422731,0.3258927228422731,0.33320255915016905,-0.006187166447984025,0.3651924951267057,-0.00535803974947366,-0.009376183726444177
300177,-0.001593143566213723,0.007434981177547405,0.351012304082308,0.351012304082308,0.41021849348140993,0.0033658409794691422,0.39903143274853803,0.002096647784549861,0.001476639531081767
300179,-0.011175927674636873,-0.017725010008767392,0.294184892151259,0.294184892151259,0.2908619024625785,-0.0338125365921831,0.28112816764132553,-0.01817419614983334,-0.02271032668991251
300180,-0.00940649355481389,-0.013360176453169701,0.3029692247525646,0.3029692247525646,0.3085465958474167,-0.030263431937820794,0.29063109161793377,-0.008675355780582433,-0.015023841723411447
300181,-0.010217207904063039,-0.013578115893588257,0.29905839174513404,0.29905839174513404,0.3074903428295509,-0.027085983081464246,0.2990679824561403,-0.004995665674820685,-0.010299038397562512
300182,-0.009165769308791653,-0.012221696767216694,0.3042327246472729,0.3042327246472729,0.3130432158377595,-0.02964982509753101,0.29209307992202727,-0.010308592768631289,-0.016065090055639535
300184,-0.00656747702244934,-0.00857396284980633,0.31975572335368974,0.31975572335368974,0.32873611781747947,-0.016944673749649745,0.32928240740740744,-0.0068023718170826825,-0.010503393626994359
300185,-0.009834888275044069,-0.014468930770348064,0.3009235582563702,0.3009235582563702,0.30411033317238045,-0.022652396597909085,0.31240862573099415,-0.008421329658197151,-0.010425690606955702
300189,-0.013464426468991198,-0.02342403285588573,0.2817905598507867,0.2817905598507867,0.2710647030420087,-0.02314162898820925,0.3108857212475633,-0.019876377454889568,-0.028730227249697766
300191,-0.0036875222388490364,-0.0021966680790284493,0.3370837219096898,0.3370837219096898,0.3584319169483341,-0.021837954069344426,0.31438840155945424,-0.005714441236223142,-0.00899574746691212
300192,-0.00660135131969683,-0.005221443819869312,0.3195150567070786,0.3195150567070786,0.34497223563495893,-0.023518830654354565,0.31000243664717353,-0.008396656027322261,-0.014169658473330016
300196,-0.008442025978990905,-0.010565649534643735,0.3081435576547036,0.3081435576547036,0.31962216320618064,-0.026236938599313968,0.3015655458089669,-0.008558218555413841,-0.011711032410870657
300197,-0.007470654745510966,-0.009468170476065681,0.3144309737974188,0.3144309737974188,0.3248128923225495,-0.02231982564174489,0.3132309941520468,-0.009330538578183707,-0.015429537893610052
300199,-0.00607009218733994,-0.007016349137934985,0.32294455642128694,0.32294455642128694,0.33619024625784644,-0.0195626622103192,0.32133284600389866,-0.005998494808543509,-0.009391000712466964
300201,-0.00533015580146712,-0.006992323189787428,0.3271261394061551,0.3271261394061551,0.3363109608884597,-0.017895944091275286,0.3265411793372319,-0.004380756002338627,-0.0063773922409059765
300204,-0.009801960998042281,-0.014626698952222888,0.3010438915796757,0.3010438915796757,0.30329550941574124,-0.01902212779539422,0.3232517056530214,-0.007994878693918227,-0.015633951558372775
300207,-0.007840085528794373,-0.010157646583420528,0.31151289070725907,0.31151289070725907,0.321523418638339,-0.014260354437843095,0.33732334307992207,-0.0059381072926258755,-0.008851783615652756
300243,-0.008298727986292234,-0.01009412946871836,0.3088354742637105,0.3088354742637105,0.32194591984548526,-0.019040295225864413,0.32312987329434695,-0.0073086721242573045,-0.011537581883435913
300242,-0.005677607261459333,-0.0022667720736636687,0.3251406395716133,0.3251406395716133,0.35806977305649446,0.018423355647033526,0.45668859649122806,-0.00032769013314384626,-0.004635572334058206
300236,-0.005479319924747662,-0.006365943385206397,0.3263740561354953,0.3263740561354953,0.33917793336552393,-0.0012230867884887048,0.382614522417154,-0.0034121941775747504,-0.007419980453315566
300233,-0.008619044270627254,-0.01255880149767262,0.30706055774495356,0.30706055774495356,0.3120171414775471,-0.02058465831693304,0.3184697855750487,-0.006448445215950483,-0.013477905755248638
300229,-0.007513942698619512,-0.007918622495737127,0.31406997382750224,0.31406997382750224,0.33193505552873004,0.004937688554518126,0.4054885477582846,-0.008464304273290901,-0.013833945204739271
300227,-0.003844722072223349,-0.006650239409595436,0.33603080533076624,0.33603080533076624,0.3380613230323515,-0.025586536363521796,0.3036366959064327,-0.008233787163600098,-0.00950741681808406
300171,-0.008990247386038045,-0.011874219813074577,0.3050750579104119,0.3050750579104119,0.3145521487204249,-0.016345887896562467,0.3310185185185185,-0.006010121598908156,-0.0131732235650741
300226,-0.0065686915386035105,-0.006696702561191788,0.31975572335368974,0.31975572335368974,0.3376086431675519,-0.017761549581079734,0.32696759259259256,-0.0059874243343056854,-0.009349758580579404
300224,-0.010489359884761,-0.013842297968006963,0.2976745585271201,0.2976745585271201,0.30631337518107193,-0.023497979082866865,0.31003289473684215,-0.008758493561060452,-0.01210987888182314
300223,-0.004629613901424768,-0.0043663701393722235,0.33130772239102313,0.33130772239102313,0.3488652824722356,0.021747238728240255,0.4689022904483431,-0.005043454921392119,-0.008978329206559207
300222,-0.00806673220794996,-0.010212149092922965,0.31012905748924524,0.31012905748924524,0.3212518107194592,-0.01190447149469072,0.3449987816764133,-0.007533868488067153,-0.011313831685914212
300221,-0.005988537440427,-0.007121764033559164,0.32360638969946753,0.32360638969946753,0.33567720907774024,-0.01024665705164395,0.35090765107212474,-0.006356893039779101,-0.0101386497224254
300214,-0.010352944823461142,-0.015193235838560085,0.29827622514364793,0.29827622514364793,0.30127353935296963,-0.043431063001618746,0.25865009746588696,-0.009931273990281611,-0.01737729010087016
300209,-0.010417279621844978,-0.01556499593282731,0.297975391835384,0.297975391835384,0.29976460647030423,-0.05602453472820129,0.23336988304093564,-0.01201728296756668,-0.016619285001449394
300225,-0.006893345548719577,-0.008147964173139668,0.31804097349658556,0.31804097349658556,0.330848623853211,-0.022590727529109306,0.31259137426900585,-0.00630353571559527,-0.010022838364374367
300249,-0.006862223073436643,-0.00683167404374934,0.3182816401431967,0.3182816401431967,0.337125784645099,-0.006932246448921809,0.36275584795321636,-0.006793055643215531,-0.009719325366425158
300170,-0.007914509017209451,-0.009711261654457579,0.3109713907523841,0.3109713907523841,0.3239980685659102,-0.022602153019356416,0.3125304580896686,-0.009310590264952841,-0.013396212702281564
300166,-0.0068414533057735965,-0.008064976988011646,0.31840197346650223,0.31840197346650223,0.3310900531144375,-0.016127026772529068,0.3315972222222222,-0.00573448964794213,-0.010513031470045552
300118,-0.005030286607625634,-0.003109125643475658,0.32902138924821756,0.32902138924821756,0.3543879768227909,0.03440209109661578,0.5203764619883041,-0.0069446051623088196,-0.01365330348058071
300120,-0.008030390692086421,-0.014637581179187627,0.3102794741433772,0.3102794741433772,0.3032351521004346,-0.03334911781210079,0.28225511695906436,-0.005381964300825855,-0.011800398360323589
300121,-0.009048518420723286,-0.011867772714811355,0.304774224602148,0.304774224602148,0.3145521487204249,-0.016494028083136093,0.33062256335282647,-0.004550884433894154,-0.008414702124815841
300122,-0.008300667486173889,-0.011806366438140335,0.3088354742637105,0.3088354742637105,0.31485393529695804,-0.006464420188532489,0.36421783625730997,-0.008253801013283019,-0.014671150874580841
300124,-0.009077014307326334,-0.011704678500929676,0.3047140579404952,0.3047140579404952,0.3152764365041043,-0.02048785725707837,0.31874390838206623,-0.006576474111551413,-0.01283882197566724
300128,-0.005628154894167289,-0.007708385156354714,0.32547155621070367,0.32547155621070367,0.33296112988894255,-0.018995297008207804,0.32331262183235865,-0.005257543821782664,-0.010379896812779028
300130,-0.007257469911553665,-0.007386447782888961,0.3158448903462592,0.3158448903462592,0.3343493481409947,-0.014296371799864016,0.3372015107212476,-0.006558419082909706,-0.009662330703465338
300131,-0.007074695159930568,-0.010532782759837316,0.317228723564273,0.317228723564273,0.3197730564944471,-0.022718668875428685,0.312104044834308,-0.007402448757345188,-0.01324266972558582
300132,-0.009520075387825394,-0.01203334397521802,0.3026683914443007,0.3026683914443007,0.31391839690970547,-0.019365724286710916,0.3219724658869396,-0.0069438681114617476,-0.011870178453540018
300133,-0.009021093699466073,-0.011346310606422196,0.30492464125627994,0.30492464125627994,0.3167853693867697,-0.03155656626257731,0.2872197855750487,-0.009135439671111745,-0.015238396119726086
300134,-0.009552179714219247,-0.0122805783056813,0.3024878914593424,0.3024878914593424,0.31292250120714626,-0.009661208397449644,0.35276559454191037,-0.004758276980575951,-0.009902900212966456
300135,-0.009774252379410743,-0.012080449613731451,0.30107397491050214,0.30107397491050214,0.3137373249637856,-0.020251663396539787,0.3192616959064327,-0.00851237355535269,-0.012886493200564206
300136,-0.004367805579117221,-0.0025882140054182025,0.3329021389248218,0.3329021389248218,0.35653066151617574,-0.001975202045172573,0.3804824561403509,-0.00673332609275583,-0.009156382127824422
300137,-0.00496538896712224,-0.006932875741479333,0.32929213922565503,0.32929213922565503,0.33673346209560595,-0.016593092443882705,0.3302875243664717,-0.007589912260252215,-0.012309411365666418
300138,-0.008761401596403623,-0.011950598362608738,0.30627839114346744,0.30627839114346744,0.3143107194591984,-0.022822372940356387,0.31186038011695905,-0.00718518197062698,-0.0111931721003764
300139,-0.011908396389125726,-0.01649103187308668,0.29060497578291866,0.29060497578291866,0.29605263157894735,-0.020250466606749437,0.3192616959064327,-0.01407986692768631,-0.02172219758018686
300142,-0.006642520409924646,-0.0038538634747941635,0.31921422339881467,0.31921422339881467,0.3514304683727668,0.0002933566531998109,0.3876705653021443,-0.007303306443422372,-0.01309660821864573
300164,-0.017219055838786704,-0.022306692824742846,0.26277789476850877,0.26277789476850877,0.27492757122163203,-0.057889597253045405,0.22968445419103312,-0.01696925085965617,-0.0269826516189346
300163,-0.006194695928210879,-0.00743809796195146,0.32207213982732164,0.32207213982732164,0.33425881216803477,-0.028746787607374223,0.29462110136452246,-0.009644370078773445,-0.015493292313190321
300162,-0.00775645574284289,-0.011854328570419355,0.3121145573237869,0.3121145573237869,0.31467286335103817,-0.02661007116687607,0.3003167641325536,-0.006204354413981474,-0.01148981665305699
300159,-0.006698239567691189,-0.009244222518446008,0.3190638067446828,0.3190638067446828,0.32589932399806854,-0.027147271444327978,0.2988852339181286,-0.006836992471949898,-0.009381916953616155
300158,-0.009919575778278827,-0.011489036217032268,0.30050239162480075,0.30050239162480075,0.31615161757605026,-0.024282954194094476,0.3077485380116959,-0.004761249879313727,-0.009443245874264232
300157,-0.010129972152818145,-0.014677649458517992,0.2995096417075298,0.2995096417075298,0.30308425881216805,-0.03334259970559287,0.282285575048733,-0.0072141137615641384,-0.01187597527431794
300168,-0.007250510610176708,-0.008258949861693947,0.31590505700791194,0.31590505700791194,0.3303355866731048,-0.02068882274261206,0.3181042884990254,-0.00438880328972777,-0.010747666764255917
300154,-0.006131764119353494,-0.007308288211783781,0.32246322312806475,0.32246322312806475,0.33468131337518103,-0.02056297270803269,0.3185002436647173,-0.0046084502476800735,-0.009820968722666187
300151,-0.00464275659877202,-0.00845781160582774,0.33115730573689117,0.33115730573689117,0.32940004828585223,-0.012158536575754483,0.344145955165692,-0.008290879378056854,-0.012823623180409329
300149,-0.00908227619048214,-0.013949426392983032,0.30465389127884235,0.30465389127884235,0.305921052631579,-0.027620162548667674,0.29788011695906436,-0.006447109742811691,-0.01386372814218509
300148,-0.009183011568642829,-0.010951641773654732,0.3041123913239674,0.3041123913239674,0.31841501690004825,-0.024860610152754765,0.3059819688109162,-0.006508585168040318,-0.010517093276843845
300146,-0.010078579681433483,-0.0167743411871598,0.29984055834662016,0.29984055834662016,0.2949058425881217,-0.030066125378860765,0.2912707115009746,-0.008736961206064127,-0.014870925441170791
300145,-0.006335876959285351,-0.008195039561242384,0.3209590565867453,0.3209590565867453,0.3305770159343312,-0.01976773706473866,0.3208759746588694,-0.006869460915195279,-0.01013479701544664
300144,-0.010691957556696297,-0.014962692602075077,0.2964411419632381,0.2964411419632381,0.30232979237083535,-0.02740971413600676,0.2983369883040936,-0.009878206675125085,-0.014951962904943234
300153,-0.00979742184614996,-0.01796409317469551,0.3010438915796757,0.3010438915796757,0.2899565427329792,-0.025245140467265715,0.3045504385964912,-0.01226320759105328,-0.013609845759043561
688981,-0.006098052161108054,-0.00523658359572147,0.3227339731055022,0.3227339731055022,0.3449420569773056,0.004319202367472825,0.4026559454191033,-0.004879656384040955,-0.007291049143358745
300511,-0.010080048652720549,-0.01589531324814702,0.2998104750157937,0.2998104750157937,0.2984367455335587,-0.031057956855951516,0.2887426900584795,-0.009988681611672462,-0.015615262968562953
300517,0.00560935955114635,0.010795238592051285,0.39854396678800275,0.39854396678800275,0.42959319169483345,0.013144581053301619,0.4367994639376218,-0.001392640924257152,0.00020996313472663265
300810,-0.0059848280741559255,-0.010077027989247117,0.3236665563611203,0.3236665563611203,0.3220062771607919,-0.021073809708190654,0.31661184210526316,-0.01715732787544538,-0.017661762715937532
300811,-0.003871088416388274,0.0021553354988063786,0.3357901386841551,0.3357901386841551,0.38191091260260746,0.009410632370832863,0.42181408382066277,-0.005801694140681394,-0.0067643524993413525
300812,-0.004056495245954587,-0.00023757324951623714,0.33506813874432173,0.33506813874432173,0.36860212457749875,0.004249746877833885,0.4024122807017544,-0.0040031882833078776,-0.009861908124532269
300814,-0.002094770708825938,-0.0009191172247115086,0.34758280436809963,0.34758280436809963,0.3647090777402221,-0.0002399381462682001,0.38602582846003897,-0.005617299877302893,-0.007021297698592806
300816,-0.008469737403421584,-0.011556510465962608,0.3080833909930507,0.3080833909930507,0.31594036697247707,-0.03785205033454885,0.2707419590643275,-0.009454301791521237,-0.015585662813974839
300819,-0.003942480943282261,-0.000467567104844557,0.33545922204506484,0.33545922204506484,0.36757605021728634,-0.007000450610678052,0.3624817251461988,-0.005489222111190533,-0.01035393570130144
300820,-0.007979868325151327,-0.010324487137507141,0.3106404741132939,0.3106404741132939,0.32070859488169967,-0.03204850611761267,0.28603192007797273,-0.007886917124404941,-0.01327943771191029
300821,-0.006963554969598416,-0.0085496636263136,0.3177100568574953,0.3177100568574953,0.32888701110574603,-0.018542500662134444,0.32492690058479534,-0.004975645970264626,-0.007317037713548063
300825,-0.004863552511189636,-0.005622148720250058,0.3298637225113564,0.3298637225113564,0.3426484789956543,-0.013092638321563054,0.34073464912280704,-0.006560407981730036,-0.009994310124556044
300826,-0.003349848492569193,-0.0014853344361873575,0.3398513883457176,0.3398513883457176,0.36160067600193146,-0.0030092566762914344,0.3766447368421053,-0.002416556466072789,-0.006623511759465357
300827,-0.008786870568708399,-0.011791550158141928,0.306248307812641,0.306248307812641,0.31488411395461124,-0.021516130823524063,0.3156371832358674,-0.006368978470837703,-0.010404103737250493
300828,-0.003293889630454066,-0.0054423994073015455,0.34018230498480795,0.34018230498480795,0.34352366006760016,-0.0129264645293906,0.34110014619883045,-0.0022306581751039287,-0.003628945403260308
300829,-0.006927226346235157,-0.004701134003842236,0.31792064017328003,0.31792064017328003,0.3471450989859971,-0.00843647669399741,0.35709064327485385,-0.0038700743566886043,-0.0070028570066552765
300830,-0.012080034509221505,-0.017165720914295052,0.289852892512259,0.289852892512259,0.2933969097054563,-0.052574014517699205,0.24058845029239762,-0.011788521764681158,-0.016097828693743176
300809,-0.007166696184653138,-0.006167187686502358,0.31647664029361333,0.31647664029361333,0.34023418638338965,-0.014079120229121701,0.3379020467836257,-0.0046013954776678995,-0.009313637107161233
300832,-0.009513264084408977,-0.013186750529981181,0.3026683914443007,0.3026683914443007,0.30933124094640274,-0.021927466407488407,0.3141447368421053,-0.006451524336655763,-0.012322134944606314
300836,-0.00659498666074582,-0.009036045319548075,0.319545140037905,0.319545140037905,0.3266236117817479,-0.015466332363161979,0.3335769980506823,-0.006323171948287642,-0.008515686922864897
300839,-0.0089121032611671,-0.008405818411486358,0.3053758912186757,0.3053758912186757,0.32967165620473204,0.018888311893933016,0.45833333333333337,-0.01161199773686674,-0.012472331365058688
300840,-0.008566116570072608,-0.011352268860831035,0.30763214103065495,0.30763214103065495,0.3167853693867697,-0.015758233055367943,0.3326327972709552,-0.006841913063887924,-0.012681976593863685
300841,-0.008532024616696117,-0.014110291197875092,0.30775247435396047,0.30775247435396047,0.30537783679381936,-0.025223908879890844,0.30461135477582846,-0.005983395686320176,-0.011120436801458742
300842,-0.006806075331992909,-0.006797859384543369,0.3185824734514605,0.3185824734514605,0.3372766779333656,-0.0018067622406578825,0.38090886939571145,-0.008310395972615112,-0.01059978985283815
300843,-0.0014756502685725325,-0.0041750180966364705,0.35194488733792606,0.35194488733792606,0.3496801062288749,-0.0006286116400973296,0.3846552144249513,-0.004021462380187465,-0.0080429069690023
300845,0.0004693074284199015,0.004939207284484814,0.3638278030143498,0.3638278030143498,0.39639666827619513,0.011556842245596121,0.43089059454191037,-0.0003015363095619228,0.001439406233768201
300846,-0.007957047722135522,-0.009413407382989472,0.31070064077494663,0.31070064077494663,0.325054321583776,-0.019786828908232957,0.3208150584795322,-0.009310590264952841,-0.01462081858289761
300850,-0.009743773893310877,-0.014537824395556707,0.30137480821876594,0.30137480821876594,0.3039292612264607,-0.02651224138776237,0.3006518031189084,-0.009319124981324315,-0.015333068848205539
300852,-0.00987018703586623,-0.015482996791956697,0.30080322493306455,0.30080322493306455,0.3001569290197972,-0.033873252651012924,0.28100633528265107,-0.01547287464570236,-0.022130820889769472
300854,0.0024624412354600908,0.0083453812645604,0.3767335519388707,0.3767335519388707,0.4156808305166586,0.006637560190890895,0.41161062378167645,0.0006676007089495786,-0.004076992634399515
300855,-0.007750365344922643,-0.008188749660994577,0.31217472398543966,0.31217472398543966,0.3306373732496378,-0.023815498646482736,0.30914961013645226,-0.005683133107740938,-0.009026869940789783
300857,-9.974961435888288e-05,-0.0002501056468591084,0.3606389699467525,0.3606389699467525,0.36854176726219223,0.08745094301888987,0.7448221247563354,-0.006108058768626072,-0.009450475667537461
300859,-0.01212136036072723,-0.017794399306735827,0.2896723925273006,0.2896723925273006,0.2906506518590053,-0.03556119568256646,0.2764985380116959,-0.011663374414458317,-0.01801308402678588
300835,-0.0022064924289748045,0.0017769978466693247,0.3469811377515718,0.3469811377515718,0.3799492998551425,0.020182946667480935,0.46320662768031184,-0.0059201005229416286,-0.008130527637313244
300808,0.003632639454537458,0.0038647764822448997,0.3843145513071208,0.3843145513071208,0.3908136166103332,0.006037738759069899,0.40963084795321636,-0.0004640708508917896,0.0007026999798484545
300806,-0.006276054792022683,-0.007638483891754721,0.32159080653409944,0.32159080653409944,0.33323273780782225,-0.022206319169128724,0.31350511695906436,-0.00679205625676656,-0.010185216302749767
300804,0.017261841981826412,0.017311548788998876,0.4891248759062603,0.4891248759062603,0.46822187349106714,-0.007138968917151796,0.36220760233918126,0.0068260172909172315,0.008023767976423164
300757,0.0020480023908261502,0.007851581766145407,0.3734845522096206,0.3734845522096206,0.41257242877836797,0.011786698162611537,0.43177387914230014,-0.006835607711430886,-0.005405023539427716
300758,-0.007125914243341713,-0.008795869929116226,0.31680755693270357,0.31680755693270357,0.32743843553838725,-0.009733684466579599,0.35252192982456143,-0.004239669461305222,-0.008769574775368829
300759,-0.003936019590365488,-0.004737721444672963,0.33548930537589117,0.33548930537589117,0.34699420569773054,-0.022883452507999263,0.3117385477582846,-0.0034593418402477307,-0.006612216505278979
300760,-0.007264877473056793,-0.005478477654073642,0.31581480701543274,0.31581480701543274,0.3433124094640271,-0.0031104761673935843,0.3762183235867447,-0.007466751498208686,-0.010815675513178954
300761,-0.009560927136906493,-0.013952035546207341,0.30242772479768965,0.30242772479768965,0.305921052631579,-0.03198793548231362,0.28627558479532167,-0.008563962993982582,-0.012888225958082842
300762,-0.007733538201730996,-0.012263540482399997,0.3122348906470924,0.3122348906470924,0.3129526798647996,-0.016985561366147546,0.329160575048733,-0.007317168555728994,-0.01441736196824477
300763,-0.008081347887874948,-0.008773856154062638,0.3100688908275925,0.3100688908275925,0.3275893288266538,-0.0263717611270106,0.3012305068226121,-0.006925140398847512,-0.014252105652752062
300765,0.0024668654874474318,-0.010837043209588924,0.3767335519388707,0.3767335519388707,0.3188073394495413,-0.03837787656651663,0.2694018031189084,-0.005386571072904453,-0.00608052579618751
300766,-0.008522696100401983,-0.01148039895441563,0.30781264101561323,0.30781264101561323,0.31618179623370357,-0.020645984886607283,0.3182870370370371,-0.012875970621402605,-0.013611166186193704
300767,-0.006641391492276249,-0.009032345805070886,0.31921422339881467,0.31921422339881467,0.3266236117817479,-0.008590946462373123,0.3564814814814815,-0.005949512728766168,-0.010566804894877536
300769,-0.005552471584067955,-0.006722349415704388,0.3259829728347523,0.3259829728347523,0.33751810719459197,-0.02781897740467286,0.2972100389863548,-0.005655863862478623,-0.008875529030935869
300770,-0.00951898060454967,-0.012744302868432231,0.3026683914443007,0.3026683914443007,0.31108160309029453,-0.01588076095371881,0.332328216374269,-0.0048641989023661255,-0.009725142612358972
300772,-0.007468931630611686,-0.011093766939714896,0.3144309737974188,0.3144309737974188,0.3179623370352487,-0.01584696654233616,0.33241959064327486,-0.005139206158877963,-0.011241285044049367
300773,-0.006871283387978882,-0.009927861508448703,0.31822147348154384,0.31822147348154384,0.3230021728633511,-0.022645474375307464,0.31243908382066277,-0.008447130443542412,-0.013575705919811287
300774,-0.016002544451236896,-0.0195500278934982,0.26891489425709214,0.26891489425709214,0.2841622404635442,-0.04166484320273083,0.2623050682261209,-0.017736894176667,-0.02509591661664829
300775,-0.008514629025434796,-0.013121633896540086,0.307872807677266,0.307872807677266,0.30960284886528244,-0.017600013718814835,0.3273940058479532,-0.008564464608186714,-0.014327435395812365
300776,-0.006921573660808375,-0.0034463596741255045,0.31792064017328003,0.31792064017328003,0.35309029454369867,-0.001387820650839416,0.38215765107212474,-0.0077249976955690676,-0.01310276282140331
300803,-0.006368347829599793,-0.005432673377569435,0.32071838994013413,0.32071838994013413,0.3436141960405601,0.009471737630466017,0.42217958089668617,-0.008331868308603043,-0.011890246957375967
300802,-0.005971623010806966,-0.00807416334696975,0.3237868896844258,0.3237868896844258,0.3310900531144375,-0.013116577627883515,0.3406432748538012,-0.008807759082644633,-0.013769754547256758
300798,-0.007166958457825691,-0.009488822780810289,0.31647664029361333,0.31647664029361333,0.3247827136648962,-0.012363753681956493,0.34307992202729043,-0.00788725822755317,-0.011792274486925575
300795,-0.008023174868770213,-0.011306296881151897,0.31033964080502996,0.31033964080502996,0.3170871559633027,-0.01477449347928559,0.33583089668615984,-0.009195583818699758,-0.013970190379523443
300792,-0.0074714850756669796,-0.013222975659814076,0.3144309737974188,0.3144309737974188,0.3091803476581362,-0.032536639694804276,0.28478313840155944,-0.010475840671987126,-0.01694762503306925
300790,-0.0076007663266319594,-0.009877777549165516,0.31322764056436325,0.31322764056436325,0.32321342346692417,-0.017259568984134874,0.32855141325536064,-0.011515132515885965,-0.012741781132950943
300860,-0.007244180496446393,-0.008842564765139008,0.31599530700039113,0.31599530700039113,0.3273478995654273,-0.017927675153762347,0.3263584307992202,-0.006086208445612127,-0.006664461495006472
300788,-0.02998934306727409,-0.041745475612015366,0.20853764928852925,0.20853764928852925,0.2128198937711251,-0.05875570485884886,0.22776559454191037,-0.020985462850715834,-0.029457768080769876
300783,-0.010515227130896438,-0.014456419682265059,0.29743389188050906,0.29743389188050906,0.3042008691453404,-0.028350159896880604,0.29586988304093564,-0.005413547179062043,-0.010409621554534131
300782,-0.007581453503869455,-0.010789353498228939,0.3133780572184952,0.3133780572184952,0.31892805408015457,-0.004401077402640776,0.3719237329434698,-0.007901250487866008,-0.013303308042586193
300781,-0.008977770680829028,-0.009684347799956448,0.305165307902891,0.305165307902891,0.32414896185417674,-0.018975705962753244,0.3234039961013645,-0.007305709479985364,-0.011161437926449032
300780,-0.007865885010949087,-0.011603939903806485,0.3113624740531271,0.3113624740531271,0.31569893771125057,-0.018149954968034763,0.325749269005848,-0.007892377560201355,-0.011357834160498567
300779,-0.007628940255616877,-0.01133995230067448,0.31304714057940497,0.31304714057940497,0.316815548044423,-0.029119999375756638,0.2936159844054581,-0.007439344605625131,-0.014594891057522093
300777,-0.0074153226349461115,-0.010886948071844156,0.3147318071056827,0.3147318071056827,0.31868662481892807,0.01581368990868425,0.4464242202729045,-0.006858476987678118,-0.014389897689550115
300785,-0.008518333544521401,-0.012645163599672271,0.30781264101561323,0.30781264101561323,0.3116851762433607,-0.027039580394744113,0.29918981481481477,-0.010262670873706373,-0.014944716658691161
300861,-0.009121278453742419,-0.011249874284564424,0.3044132246322313,0.3044132246322313,0.31735876388218254,-0.016891770847657986,0.3293737816764133,-0.007017419119992605,-0.010710568990397995
300862,-0.009780569198869276,-0.015327849976696728,0.30107397491050214,0.30107397491050214,0.30079068083051663,-0.06472195070300242,0.21704434697855746,-0.01214769895721578,-0.02179383240775367
300863,-0.004990291861963868,-0.002645912564452347,0.3291718059023495,0.3291718059023495,0.3561986962819894,-0.0025009133827359345,0.3785940545808967,-0.005215063485853607,-0.008574070561555448
300938,-0.0041333825982604565,-0.0028905913267424574,0.33458680545109953,0.33458680545109953,0.3552028005794302,-0.011559288263937258,0.34603435672514615,-0.007872061489203268,-0.010139585284769343
300939,-0.005888773988249963,-0.008458752202361617,0.3241478896543425,0.3241478896543425,0.3293698696281989,0.002870194889599353,0.3973257797270955,-0.009711141654870569,-0.013759135632990468
300943,-0.013107191146221915,-0.014444440729990259,0.2838963930086339,0.2838963930086339,0.304261226460647,-0.017384832159093307,0.3281554580896686,-0.017094335720458532,-0.021145571354457632
300945,-0.010661337030563942,-0.017067873784078334,0.2965915586173701,0.2965915586173701,0.2936081603090295,-0.025584035499112055,0.3036366959064327,-0.014496265258394477,-0.018388330767826123
300951,-0.008613948511541144,-0.014333461688124615,0.3071808910682591,0.3071808910682591,0.3044724770642202,0.017025495313424004,0.45099293372319693,-0.011383929565832467,-0.016745404833140562
300953,-0.006640321413523423,-0.0073289122884967126,0.31921422339881467,0.31921422339881467,0.3345605987445679,-0.012332844083830674,0.34326267056530213,-0.005638094356788234,-0.009693146995198748
300957,-0.009476192791424476,-0.01413537824395861,0.3028488914292591,0.3028488914292591,0.3051967648478996,-0.02133694725793252,0.31603313840155944,-0.008332656062581715,-0.013045499929832576
300959,-0.00373354956668769,-0.0017561381899421774,0.33672272193977315,0.33672272193977315,0.36027281506518594,0.04196404248876329,0.5527229532163742,-0.008143334505778355,-0.013714971628615541
300961,-0.011585304889097633,-0.011826332918486315,0.29195872567010617,0.29195872567010617,0.3147935779816514,0.006097136990533661,0.4097526803118908,-0.019188668899866056,-0.023931196644139084
300964,-0.019384378822448086,-0.02082476779672231,0.25372281218976567,0.25372281218976567,0.2796052631578947,-0.031227535448211014,0.2883162768031189,-0.018805615156689614,-0.023689058846731118
300967,-0.008169195992059883,-0.009939492939564476,0.30937697421858545,0.30937697421858545,0.3229719942056978,-0.022821896463529452,0.31186038011695905,-0.011534378590393801,-0.013068482651215725
300968,-0.004362275987915058,-0.007171403282841408,0.3329322222556481,0.3329322222556481,0.33543577981651373,-0.006098946859373291,0.36546661793372315,-0.0019521432696821442,-0.004603833315715965
300969,-0.00918795683419511,-0.011389584854347656,0.30408230799314095,0.30408230799314095,0.3165439401255432,-0.024087127680411175,0.30820540935672514,-0.009135958663036986,-0.012952873588547999
300970,-0.01224048221946165,-0.020259619076858176,0.28895039258746724,0.28895039258746724,0.2810840173829068,-0.02405510400156464,0.3083272417153996,-0.018730714147383636,-0.02782219296984693
300972,-0.010931840751412663,-0.016743279229187395,0.2951776420685298,0.2951776420685298,0.2951774505070014,-0.032574872359985206,0.2846917641325536,-0.013515057096350758,-0.013796750925582333
300975,-0.0038701720897081826,-0.003909229626468218,0.3357901386841551,0.3357901386841551,0.3512192177691936,-0.008905295692936483,0.35547636452241715,-0.005013481168051977,-0.009206117165475494
300976,-0.005845502442972528,-0.0076474015241150654,0.32438855630095365,0.32438855630095365,0.3331120231772091,-0.02453009294828369,0.30698708576998046,-0.008429558152707564,-0.011192150300212105
301005,-0.008059938057633866,-0.007590887773463603,0.31015914082007157,0.31015914082007157,0.33344398841139544,-0.019186595156504043,0.32258162768031184,-0.006672101727951917,-0.012466009877087432
301003,-0.0058325287988474925,-0.008871616534352885,0.3244186396317801,0.3244186396317801,0.3272875422501207,-0.02190179167378185,0.3141751949317739,-0.004963057735668139,-0.009303949761453935
301002,-0.003423664166885998,0.002704405003356272,0.3392798050600162,0.3392798050600162,0.3850494929985514,0.006205568429075344,0.4102400097465887,-0.003927334793975517,-0.008433040590910807
300999,-0.00745389455805403,-0.01434531034987534,0.31455130712072443,0.31455130712072443,0.3044422984065669,-0.038318743514681196,0.26949317738791423,-0.007839485805328053,-0.012427679683400717
300998,-0.003295196026247893,-0.005017878917155706,0.34018230498480795,0.34018230498480795,0.345666344760985,0.001388915060430076,0.39199561403508776,-0.005117606956361678,-0.008231669800801282
300997,-0.011668707645484288,-0.01736098934407583,0.2915074757077104,0.2915074757077104,0.2924613713182037,-0.02756073232973535,0.2981237816764133,-0.015578042347963846,-0.02315202049505709
300937,-0.007425462987901985,-0.011436508012708114,0.3147017237748564,0.3147017237748564,0.31633268952197,-0.019896418514054236,0.320510477582846,-0.003149138670467017,-0.006227729658835855
300996,-0.007280160976450787,-0.008272283683346364,0.31575464035378,0.31575464035378,0.33021487204249156,-0.019482634730250217,0.3215765107212476,-0.006822588938553029,-0.014484360347592418
300990,-0.005388461702860062,-0.004538907958640003,0.3268253060978912,0.3268253060978912,0.34795992274263643,-0.006040534384048677,0.3657102826510721,-0.009855309819995156,-0.009383234978934665
300987,-0.0061584341241928305,-0.0025276708582085794,0.32228272314310635,0.32228272314310635,0.3568626267503622,-0.004869919066805415,0.37037037037037035,-0.0034752626252476902,-0.00988723120534185
300986,-0.00979444732835745,-0.012869021991628125,0.3010438915796757,0.3010438915796757,0.3106892805408016,-0.01971737184848084,0.32093689083820665,-0.008870051376780826,-0.013418102268122612
300985,-0.0021885742494074517,0.00015855391338774703,0.347071387744051,0.347071387744051,0.37059391598261704,0.014651155472823928,0.4424037524366472,-0.002166053112144454,-0.004742144705473973
300984,-0.004694269673010453,7.624845228079973e-05,0.3308865557594537,0.3308865557594537,0.37008087880251084,0.0152060977810257,0.44429215399610134,-0.004563591187225559,-0.008520730030914915
300981,-0.005955099853948661,-0.006043421741150314,0.3238470563460787,0.3238470563460787,0.34074722356349585,-0.011783716357437631,0.3453947368421053,-0.005438898884846156,-0.009348833266383673
300991,-0.004583976642962489,-0.0023846526053793015,0.3315784723684606,0.3315784723684606,0.3574661999034283,-0.010417877366147498,0.3502680311890838,-0.013098790473427387,-0.017481362629069762
300756,-0.0037215461375780428,0.001376113345003518,0.3367828886014259,0.3367828886014259,0.377746257846451,-0.0026435946011634523,0.37801535087719296,-0.0027452359889485653,-0.005322672656248532
300936,-0.0054751217265374364,-0.004995417017380386,0.32640413946632174,0.32640413946632174,0.34578705939159826,0.021521468852529865,0.4680190058479532,-0.005617840874518257,-0.008605983101287955
300931,-0.004550408644309093,-0.006647418303216686,0.3319394723383773,0.3319394723383773,0.3380915016900048,0.013833377958987623,0.43960160818713445,-0.0076613526762041775,-0.011359873022684262
300864,-0.007755705064787044,-0.009514599496916435,0.3121145573237869,0.3121145573237869,0.32472235634958957,-0.015908505975341117,0.33220638401559455,-0.016493797435361772,-0.02042259497976981
300865,-0.0029968368491207903,-0.006977822459738848,0.3424385547967871,0.3424385547967871,0.3363109608884597,-0.013311837837276883,0.34006457115009747,-0.008531238083741444,-0.01005243382453597
300866,-0.006359517076859213,-0.010819461235769226,0.32074847327096057,0.32074847327096057,0.31886769676484794,-0.04962238154998471,0.24594907407407407,-0.005619712840755895,-0.009186642050599703
300867,-0.010051948418714231,-0.012647155614527682,0.2999909750007521,0.2999909750007521,0.3116851762433607,-0.02526068908609247,0.3044590643274854,-0.01008102272965652,-0.01577376553920556
300868,-0.0004911541708172715,0.0017541199417521365,0.3583526368039469,0.3583526368039469,0.3797984065668759,0.02040613006247807,0.4638462475633528,-0.004999274122955988,-0.009425087396054126
300870,-0.0018049589046588185,0.002087684699709205,0.34992930417255796,0.34992930417255796,0.381578947368421,-0.0009738893107515793,0.38343689083820665,-0.005038582569866185,-0.009584603134684913
300872,-0.007242155836181003,-0.008787263935823277,0.31602539033121746,0.31602539033121746,0.3274987928536939,-0.01422050281226385,0.3374147173489279,-0.007069264641319689,-0.010592374133355238
300873,-0.00575972950595542,-0.009774107647018885,0.3247495562708703,0.3247495562708703,0.3237566393046837,-0.015690692546147265,0.3329982943469786,-0.0074415688192064535,-0.011185068164289925
300875,-0.010022599845918773,-0.01308818881030872,0.3000511416624049,0.3000511416624049,0.309753742153549,-0.03063245861636543,0.2899305555555556,-0.01193430275727944,-0.015684147641098697
300878,-0.004224400420471547,-0.0031354610538017955,0.3336843055263079,0.3336843055263079,0.35432761950748426,-0.009167415921987814,0.3544712475633528,-0.0037768618169366865,-0.005127313267448566
300879,0.004166791507026171,0.00019829579010072814,0.3881050509912457,0.3881050509912457,0.3707749879285369,-0.00038046739521175373,0.3855689571150097,-0.006141869782690868,-0.004149545553227916
300884,0.0022846362173045785,0.009490484218841636,0.3754098853825095,0.3754098853825095,0.4217467407049734,0.014716452149767738,0.44267787524366475,0.000757174488263275,0.0020660942721600025
300889,-0.003922863271916421,-0.003305113996400908,0.33554947203754404,0.33554947203754404,0.35360333172380487,-0.009363566557649207,0.35367933723196876,-0.007116037554486286,-0.010215159929240237
300895,-0.009277155499833229,-0.013673564091352446,0.3037213080232243,0.3037213080232243,0.3069471269917914,-0.028208089889126205,0.2962962962962963,-0.008618345577776028,-0.016060024368630053
300896,-0.009155464493220761,-0.015028455392393118,0.30426280797809935,0.30426280797809935,0.30211854176726216,-0.030111677186208923,0.291240253411306,-0.008242811638855692,-0.015547557616959659
300898,-0.006532265613181732,-0.011738265554578898,0.31996630666947445,0.31996630666947445,0.3150651859005311,-0.013559393832412791,0.33948586744639375,-0.003644577879061618,-0.0072332130233966185
300900,-0.006981795598566319,-0.010210771394975306,0.3176198068650161,0.3176198068650161,0.3212518107194592,-0.012674783317766964,0.3419834307992202,-0.008350944791517191,-0.012869455981419996
300927,-0.014745111246138134,-0.01808645916191423,0.27529256039228667,0.27529256039228667,0.28932279092225976,-0.034085525756966585,0.28061038011695905,-0.01877585602677825,-0.027563329082168155
300925,-0.007589864970236317,-0.009481331780944551,0.31331789055684245,0.31331789055684245,0.3248128923225495,0.002443141283734342,0.3958942495126706,-0.004601745924697405,-0.01087674326940501
300922,-0.013034791587738424,-0.018967354308333982,0.28431755964020333,0.28431755964020333,0.2860936745533559,-0.0343501991955446,0.2799403021442495,-0.016471725753305053,-0.02202665593073444
300919,-0.009089011616639471,-0.012153172758425208,0.30456364128636326,0.30456364128636326,0.31340535972959926,-0.021767775815641145,0.3147234405458089,-0.005651514349038436,-0.008373874119642202
300917,-0.008619791167167637,-0.013181343132030964,0.30706055774495356,0.30706055774495356,0.30936141960405605,-0.028515212591771824,0.2953825536062378,-0.013820755276600441,-0.017534537316837875
300916,-0.00299052868890598,-0.0037327833842604823,0.3424686381276135,0.3424686381276135,0.3518529695799131,-0.006744240660397795,0.36327363547758285,-0.003318632559967538,-0.006934114138528179
300932,-0.007312557900978322,-0.008377719696004461,0.31545380704551607,0.31545380704551607,0.329762192177692,-0.012204960216861932,0.34399366471734893,-0.004629320273990561,-0.008472505408155607
300913,-0.016821912791886245,-0.033397582849654675,0.2649438945880088,0.2649438945880088,0.23816996619990338,-0.04212198146943678,0.2614522417153996,-0.018572756750669148,-0.024843379009806574
300910,-0.008075241792089337,-0.012920536403434834,0.3100989741584188,0.3100989741584188,0.31041767262192177,-0.024799452040190507,0.3061647173489279,-0.006105333775407875,-0.011436801625317659
300909,-0.0031824136576275525,-0.005937319323681565,0.34066363827803015,0.34066363827803015,0.3412904394012555,0.013192671056449265,0.4369822124756335,-0.005435411541372697,-0.008905378266286845
300907,-0.007262539242925445,-0.007118443600345695,0.31581480701543274,0.31581480701543274,0.33570738773539355,-0.012719525120270168,0.3418006822612085,-0.005323402736406971,-0.00838891476927359
300905,-0.006709667718565182,-0.007684049717159344,0.31900364008302995,0.31900364008302995,0.3330516658619025,-0.001511918616365203,0.38167032163742687,-0.005152196730699231,-0.011387607155636272
300903,-0.00044880080425191947,-0.0015020579127985505,0.3586534701122108,0.3586534701122108,0.3614196040560116,-0.002033094017147169,0.3802692495126706,-0.005816771311964902,-0.009535209252267503
300901,-0.004347910486376006,-0.004353185214739965,0.3330224722481273,0.3330224722481273,0.3489256397875422,0.0021104009841233498,0.3947977582846004,-0.011325145489787773,-0.01291307603325154
300911,-0.019210846668590922,-0.022857393041951696,0.2544147287987726,0.2544147287987726,0.27296595847416705,-0.05085805735031083,0.24369517543859653,-0.015972620843607597,-0.024715171975146746
300516,-0.004565638988016241,-0.0022946054518191233,0.331758972353419,0.331758972353419,0.35782834379526796,-0.022054323424721856,0.3138096978557505,-0.007851869478977674,-0.013111741284876929
300753,-0.007841058802065192,-0.010006654816812146,0.31151289070725907,0.31151289070725907,0.32267020762916465,-0.020220235941740397,0.3194139863547758,-0.002262079151269431,-0.005765977792423455
300750,-0.00709719963336165,-0.008082961112759307,0.31695797358683553,0.31695797358683553,0.3310598744567842,0.009854678138155708,0.4240375243664717,-0.005458788421911561,-0.009364406528602825
300581,-0.009657132623596961,-0.013636048500863772,0.301916308173641,0.301916308173641,0.30712819893771126,-0.0325506433254108,0.2847526803118908,-0.008637534064190554,-0.014147151245321562
300586,-0.005152366858614286,-0.002261395618193494,0.3280888059925995,0.3280888059925995,0.35809995171414777,0.00022889066982523243,0.3874878167641326,-0.0051591345961132795,-0.010015215589673361
300587,-0.007542624642524729,-0.010015674844086974,0.3137390571884119,0.3137390571884119,0.322609850313858,0.005438146038469818,0.4076510721247564,-0.005066181868076232,-0.010391374703808513
300588,-0.007276556405709684,-0.009882491403399495,0.31575464035378,0.31575464035378,0.32312288749396423,-0.023883458827742093,0.30881457115009747,-0.009352117942399919,-0.014310091958565226
300589,-0.016033966776831568,-0.022542766553024375,0.2687945609337866,0.2687945609337866,0.2741127474649928,-0.05195511566482816,0.2418372319688109,-0.018065622332014936,-0.024148035403529975
300590,-0.007608936676931055,-0.010621368126135237,0.31313739057188417,0.31313739057188417,0.31938073394495414,-0.01415038321416429,0.33768884015594547,-0.006142002867665202,-0.010247719721271243
300592,-0.008922803083030383,-0.012882788809131514,0.3053458078878494,0.3053458078878494,0.31062892322549496,-0.04335380391539327,0.25880238791423005,-0.01146136978534538,-0.017421566660063243
300593,-0.0053196139162705845,-0.0030672972715131298,0.32718630606780785,0.32718630606780785,0.35456904876871076,-0.01240348140905009,0.3430494639376218,-0.005954713137678036,-0.01085004039853378
300595,-0.008018888642736536,-0.011042393998155608,0.3103697241358563,0.3103697241358563,0.3182339449541285,-0.010164004289951466,0.35130360623781676,-0.004593625151716286,-0.010466927376097179
300596,-0.010693121941865379,-0.014538961406704048,0.2964411419632381,0.2964411419632381,0.3038990825688074,-0.027837122080053473,0.29717958089668617,-0.0057191057935244505,-0.009939329188185214
300598,-0.008918554278379624,-0.011513961621695469,0.3053458078878494,0.3053458078878494,0.31612143891839695,-0.02944365086246646,0.292671783625731,-0.009804957469752735,-0.018022843175089683
300600,-0.008909100312399554,-0.008334755326021718,0.3054661412111549,0.3054661412111549,0.3298829068083051,-0.006468902852492431,0.36421783625730997,-0.008247852242503687,-0.013113668124186701
300601,-0.008650548490877801,-0.013627837567611763,0.30684997442916884,0.30684997442916884,0.3071885562530179,-0.027923817340710887,0.2969054580896686,-0.006922706570784616,-0.013969541025410382
300602,-0.004272047867998482,-0.004903955854614653,0.333383472218044,0.333383472218044,0.3462095605987445,-0.014691416096542727,0.3361050194931774,-0.005217263237114252,-0.00842692157814597
300577,-0.009127308594151753,-0.011732728736680482,0.3044132246322313,0.3044132246322313,0.31509536455818443,-0.029609647274174637,0.29221491228070173,-0.007163394119378356,-0.007630748384373631
300604,-0.0031921377046568887,0.002874238798145159,0.3406335549472037,0.3406335549472037,0.38589449541284404,0.0411583599180852,0.5492202729044835,-0.005503880670362313,-0.00791103614955474
300607,-0.006372583761697718,-0.01029244782458524,0.32065822327848137,0.32065822327848137,0.3208293095123129,-0.022936916365661985,0.3115862573099415,-0.009138336967493344,-0.013349284219768949
300611,-0.008744506461059842,-0.00922974167670684,0.30636864113594653,0.30636864113594653,0.3260502172863351,-0.02680843405857596,0.2997380604288499,-0.00484723106309105,-0.008472505408155607
300613,-0.002711200937172231,-0.00575877389207341,0.34421347131554403,0.34421347131554403,0.3420750845002414,-0.013518886785376457,0.3395772417153996,-0.00632476871742136,-0.009708739997730748
300615,-0.00783344765024322,-0.009961299254023889,0.3115429740380855,0.3115429740380855,0.3227909222597779,-0.012424495034249167,0.34295808966861596,-0.006963101158939364,-0.0104824436256173
300617,-0.007084963670249586,-0.007449377224631403,0.31707830691014105,0.31707830691014105,0.33416827619507483,-0.011734638548950703,0.3455165692007798,-0.006072147117389678,-0.009896581980723188
300618,-0.010021836279252119,-0.013456304259350828,0.3000511416624049,0.3000511416624049,0.3080335586673105,-0.021505279268149345,0.3156371832358674,-0.006485362525479568,-0.011973468844906892
300619,-0.007351806280972383,-0.008405496269146995,0.3151830570680786,0.3151830570680786,0.32967165620473204,-0.013688473707161768,0.3391812865497076,-0.0040734286559777014,-0.008275687093390006
300620,-0.0017418786303618986,0.0011738848907314418,0.35020005414999544,0.35020005414999544,0.3766900048285853,0.02615074179954596,0.4865375243664717,-0.005221521781148834,-0.00692916140653521
300622,-0.006844888865439264,-0.012709623126230085,0.3183718901356758,0.3183718901356758,0.31141356832448097,-0.022047749798003245,0.3138096978557505,-0.004838703937983323,-0.009581125529976855
300623,-0.005965300469321297,-0.005931258617048227,0.32381697301525225,0.32381697301525225,0.3412904394012555,-0.00594964132511981,0.3660757797270955,-0.006590625975870665,-0.007211142712467258
300624,-0.008745547637307022,-0.010879968034364917,0.30636864113594653,0.30636864113594653,0.31868662481892807,-0.03405975663524512,0.28064083820662766,-0.009741329856724008,-0.014840882610246183
300627,-0.010706694172170045,-0.01405884428491162,0.2964110586324118,0.2964110586324118,0.3055287300820859,-0.014232795045136982,0.3374147173489279,-0.007394487942669172,-0.0121884331823526
300628,-0.009306096412192516,-0.008630338827637843,0.303540808038266,0.303540808038266,0.32840415258329314,-0.032179557781665626,0.28569688109161795,-0.005544279057364476,-0.011368535871445488
300629,-0.0068014033754168115,-0.008085157383686845,0.3185824734514605,0.3185824734514605,0.3310598744567842,-0.010213152381690998,0.35112085769980506,-0.004827513827747848,-0.008983085041346409
300606,-0.0074976746795098834,-0.010357749354349247,0.31406997382750224,0.31406997382750224,0.32061805890873973,-0.020073188989322383,0.31984039961013644,-0.007280597259309391,-0.011868966311712146
300576,-0.006966465252950568,-0.008262064038570143,0.3177100568574953,0.3177100568574953,0.3303355866731048,-0.019827758295820425,0.3207236842105263,-0.006782264104352152,-0.014408569579788554
300573,-0.008151886218174576,-0.01238219917007832,0.30964772419602293,0.30964772419602293,0.3125603573153066,-0.023269505932416806,0.3104593079922028,-0.005575418049517917,-0.011083833481624212
300572,-0.007930049434595757,-0.009775100646968363,0.3109413074215577,0.3109413074215577,0.3237566393046837,-0.028864316330611327,0.2942860623781677,-0.007710018576230857,-0.010386292899498599
300518,-0.007071249636219225,-0.00466251616448939,0.317228723564273,0.317228723564273,0.3473865282472236,-0.012031236577331718,0.3445114522417154,-0.00929106227162474,-0.014664670546822777
300520,-0.0059006662818502165,-0.004851747895568841,0.32402755633103697,0.32402755633103697,0.3463906325446644,-0.0026898735342256236,0.3779544346978557,-0.004854778933675797,-0.010695034334547514
300522,-0.00871233095909704,-0.009351350666367917,0.3065190577900785,0.3065190577900785,0.325356108160309,-0.022280972167263158,0.31332236842105265,-0.006011689306116432,-0.010200112484600649
300525,-0.007953206492642188,-0.007862606466646431,0.31073072410577296,0.31073072410577296,0.3322670207629165,-0.00347259616347114,0.375,-0.006189823585426013,-0.012107203544104082
300528,-0.022492862573828196,-0.029911524293088302,0.2393128967239253,0.2393128967239253,0.24867213906325447,-0.05618723741429339,0.23300438596491224,-0.0196272338438132,-0.02678884212399224
300530,-0.008010096921441416,-0.009322298337315862,0.3103998074666827,0.3103998074666827,0.32562771607918883,0.0012367795516553806,0.39147782651072127,-0.006245105630994922,-0.009572653611877417
300531,-0.008046168185092281,-0.010814104049514616,0.31015914082007157,0.31015914082007157,0.31886769676484794,-0.025331938516325356,0.3043372319688109,-0.006612947562784077,-0.011024494076225534
300533,-0.00704930611952523,-0.006684072833528922,0.31728889022592577,0.31728889022592577,0.33772935779816515,-0.00034747849687587033,0.3857212475633528,-0.008008081623605735,-0.01249583206816967
300534,-0.01581430547928491,-0.02036911934411346,0.26978731085105745,0.26978731085105745,0.28072187349106714,-0.04231468959332862,0.26078216374269003,-0.016557839718726812,-0.022631775509736798
300537,-0.0071816136620259366,-0.009718479659949666,0.3164465569627869,0.3164465569627869,0.32396788990825687,-0.017342679577324906,0.32821637426900585,-0.005150657021034356,-0.009463218024530862
300539,-0.006443410084407026,-0.00791245793715244,0.32026713997773837,0.32026713997773837,0.33193505552873004,0.0057507882406252426,0.40871710526315785,-0.0034905976978030512,-0.010360489783758593
300540,-0.008154779183042743,-0.010459819305525676,0.3095875575343702,0.3095875575343702,0.32010502172863353,-0.020413143715111468,0.3188657407407407,-0.00487215212694242,-0.01015493730279156
300545,-0.008496303385864976,-0.013619295177828051,0.30802322433139795,0.30802322433139795,0.3072187349106712,-0.02870854237159671,0.2947124756335283,-0.007372283811469333,-0.01430872907497663
300546,-0.008332028893392143,-0.010233776755233223,0.30868505760957854,0.30868505760957854,0.3210707387735393,-0.02679544147203447,0.2997989766081871,-0.006497635415377227,-0.009653647723684659
300547,-0.009390000340030683,-0.015051774720775308,0.3030594747450438,0.3030594747450438,0.30205818445195554,-0.029279514918453493,0.2932200292397661,-0.007554126066003089,-0.012548202658124081
300548,-0.0013983622457428369,0.006879901776342357,0.3523660539694955,0.3523660539694955,0.40701955577015936,0.01111313926791645,0.4287585282651072,-0.004842388457750352,-0.00586632740054643
300551,-0.006698691687044265,-0.008322130931979348,0.3190638067446828,0.3190638067446828,0.32997344278126506,0.01159057591118108,0.4309515107212476,-0.008579405542311899,-0.01167143112710346
300571,-0.01028535630405989,-0.013352913096551042,0.2987274751060437,0.2987274751060437,0.30857677450507004,-0.019182104276257283,0.32258162768031184,-0.00800378552825072,-0.014346484904635599
300570,-0.00171668596001885,0.0011200786158746326,0.3503504708041274,0.3503504708041274,0.3764787542250121,0.015286695170303764,0.44465765107212474,-0.009215494605953108,-0.009393162912537159
300568,-0.009561659466548699,-0.014011675806894743,0.3023976414668632,0.3023976414668632,0.3057399806856591,-0.019550983311847746,0.3213937621832359,-0.006665908932867858,-0.009536088572300604
300567,-0.004851023455681869,-0.0029445765706316122,0.32998405583466206,0.32998405583466206,0.35502172863351034,-0.0024620741441016654,0.37874634502923976,-0.0038862388422416182,-0.00739209555320817
300566,-0.0090022861689787,-0.012747864321747519,0.305014891248759,0.305014891248759,0.3110514244326412,-0.026814198918406643,0.29970760233918126,-0.006912348281136459,-0.014242143310453788
300565,-0.005590267005971606,-0.006477254424690598,0.3258024728497939,0.3258024728497939,0.3389063254466441,-0.010315631090601279,0.3506335282651072,-0.0008402480400488461,-0.004738121160222306
300632,-0.010499449678924178,-0.016480908879023197,0.2976444751962938,0.2976444751962938,0.29608281023660066,-0.03497869869337169,0.27786915204678364,-0.01535973885598184,-0.02053700280910565
300563,-0.011144078898854097,-0.014769717219397828,0.2943653921362174,0.2943653921362174,0.3027824722356349,-0.015036053307523837,0.33491715399610134,-0.010198648246092002,-0.015077689698303644
300561,-0.008911584365222418,-0.01143777583337386,0.30540597454950213,0.30540597454950213,0.31633268952197,-0.025276007309021974,0.30442860623781676,-0.009343697859683244,-0.013287296568252619
300560,-0.006949519853174289,-0.007704738956361785,0.3177702235191481,0.3177702235191481,0.33296112988894255,-0.015320665774698056,0.33385112085769986,-0.007559973930652504,-0.013369415166705903
300559,-0.007442639568521403,-0.00635821970329994,0.31464155711320363,0.31464155711320363,0.33917793336552393,-0.020862989219395316,0.3172514619883041,-0.006574343670188,-0.006256841894140677
300558,-0.008991028483683855,-0.012419019875068653,0.3050750579104119,0.3050750579104119,0.3124698213423467,-0.02327001456702307,0.3104593079922028,-0.007555956521009242,-0.014322424517256379
300556,-0.005693912288665697,-0.00642702352562015,0.3249902229174815,0.3249902229174815,0.33899686141960406,-0.008791842263989703,0.35581140350877194,-0.009154658882973518,-0.010844359097026347
300553,-0.006488298091686018,-0.007928892844832894,0.32008663999278,0.32008663999278,0.3318746982134234,-0.02765453013644302,0.29784965886939574,-0.008490977763202732,-0.014330906036893716
300562,-0.006200704635569798,-0.0064909360627326725,0.3220119731656689,0.3220119731656689,0.3388459681313375,-0.008337555573549234,0.35748659844054576,-0.007835789254427157,-0.012117918124452015
300633,-0.006398522679834928,-0.00875426191707374,0.3204777232935231,0.3204777232935231,0.32771004345726706,-0.01576799598215424,0.33257188109161795,-0.0032709317866312926,-0.0068982216067440885
300634,-0.007469121440232301,-0.008494566131048379,0.3144309737974188,0.3144309737974188,0.32918879768227904,-0.016578034290671173,0.33037889863547754,-0.009612182139102324,-0.012028303462801336
300638,-0.009918268200542328,-0.014485575409475197,0.30053247495562707,0.30053247495562707,0.30404997585707383,-0.017507622627014517,0.3277595029239766,-0.008273631767335253,-0.0154073318415327
300696,-0.006762466751582508,-0.009643443753982534,0.3186426401131133,0.3186426401131133,0.3242998551424433,-0.019769422829088685,0.3208759746588694,-0.008097677971091137,-0.01379491089613084
300697,-0.018164386753517156,-0.02626320067134261,0.25871664510694625,0.25871664510694625,0.26122646064703037,-0.04000113606041197,0.2655945419103314,-0.018344964810242077,-0.028323846968049626
300698,-0.004051838745399538,-0.002816783416396151,0.33506813874432173,0.33506813874432173,0.3554442298406567,-0.0026265719992365696,0.3781371832358674,-0.0033595797105684584,-0.0066807857966716434
300699,-0.008712803637852264,-0.011846724964044278,0.3065190577900785,0.3065190577900785,0.3147030420086915,-0.012490546618653588,0.3428057992202729,-0.008169518889962809,-0.013394828930962263
300700,-0.004073374352949394,-0.002232214291074135,0.33497788875184265,0.33497788875184265,0.35828102366006764,0.009160678877906208,0.42071759259259256,-0.004780897712947425,-0.00783777118068664
300703,-0.008382978885441053,-0.012042029622246833,0.3084744742937938,0.3084744742937938,0.31391839690970547,-0.021722332738496702,0.3148452729044834,-0.008981992357540769,-0.013524258165794958
300706,-0.006574198058766016,-0.006846762463478047,0.3197256400228633,0.3197256400228633,0.3370654273297924,-0.028210091188461482,0.2962962962962963,-0.00478600038184281,-0.008418631343682797
300708,-0.006393246333850151,-0.008628933226667666,0.32053788995517585,0.32053788995517585,0.32843433124094645,-0.018639813584484955,0.3246527777777778,-0.0051591345961132795,-0.009977555675289046
300709,-0.00673123790380704,-0.008372381916765379,0.3189735567522036,0.3189735567522036,0.3298225494929986,-0.03386355706650314,0.2810367933723197,-0.010763202658190613,-0.014357856962754132
300710,-0.005040513996801887,-0.003958573443207508,0.3289612225865648,0.3289612225865648,0.35073635924674074,-0.012884525069695257,0.3411915204678363,-0.004139039584169001,-0.007938482225770928
300711,-0.0115657760837482,-0.01574394550506004,0.29195872567010617,0.29195872567010617,0.2992213906325447,-0.028940636802347968,0.29404239766081874,-0.014758279576776974,-0.02303151890529242
300718,-0.010086648326081417,-0.014555315161363564,0.2998104750157937,0.2998104750157937,0.3037180106228875,-0.0215129420882373,0.3156371832358674,-0.006435827944705657,-0.012672599425770646
300720,-0.0025275610198846592,-0.008895428227754281,0.3450257212478566,0.3450257212478566,0.32722718493481406,-0.015574766440474036,0.3332115009746589,-0.005457702327151471,-0.008522890568991469
300721,-0.004291828099671556,-0.004164377567003077,0.33326313889473846,0.33326313889473846,0.3497102848865282,-0.0017235346134052767,0.38109161793372315,-0.0020917682172413117,-0.0040204192331636775
300722,-0.008222644278673148,-0.0028325337529069763,0.30925664089527993,0.30925664089527993,0.3553838725253501,-0.008401342629716587,0.3572124756335283,-0.003608986936668705,-0.004744658402745865
300723,-0.009278992350289924,-0.013814665887141472,0.3037213080232243,0.3037213080232243,0.30640391115403187,-0.025431989564653194,0.3040021929824561,-0.007878325947024202,-0.015517049066850025
300724,-0.008617059482055442,-0.011617202297512948,0.3070906410757799,0.3070906410757799,0.31560840173829063,-0.029788072914481867,0.2918189571150097,-0.006918824284461352,-0.011921661800443321
300749,-0.0027060904115018152,-0.0012352073503525242,0.34421347131554403,0.34421347131554403,0.3628983582810237,-0.002780780669384369,0.37768031189083817,-0.002580634833450876,-0.005996902486442676
300748,-0.009227283929415873,-0.010479577777452554,0.3039018080081827,0.3039018080081827,0.3200144857556736,-0.010905382960767169,0.34837962962962965,-0.005754385720943868,-0.010033502099905767
300747,-0.00525256267557164,-0.005379086409887446,0.3276074726993773,0.3276074726993773,0.3438858039594399,-0.009653474645812999,0.3528569688109162,-0.007235528755814603,-0.008468981824614244
300745,-0.0037629032716960968,-0.001991065394374878,0.33654222195481487,0.33654222195481487,0.3591562047320135,-0.0020795992983709127,0.3801169590643275,-0.0058347844650079635,-0.010231127202763894
300741,-0.014108435598211299,-0.020058822187836986,0.2784813934598839,0.2784813934598839,0.28198937711250605,-0.028431150376065348,0.2955957602339181,-0.01474752900139242,-0.018298029759112735
300740,-0.008017777978708389,-0.009959645924444142,0.3103697241358563,0.3103697241358563,0.3228211009174312,-0.020380136982722924,0.3188961988304093,-0.010261239774516458,-0.017005602843326684
300693,-0.009077636400099374,-0.012798661791575749,0.3047140579404952,0.3047140579404952,0.3109910671173346,-0.02534999443189761,0.3042763157894737,-0.00588389286074612,-0.01148524473933946
300739,-0.005693162140396737,-0.006751095219281503,0.3249902229174815,0.3249902229174815,0.33742757122163203,-0.012555895591374076,0.34259259259259256,-0.009849739972934111,-0.012295453085587205
300736,-0.006034778545753199,-0.00873803848192541,0.3232754730603773,0.3232754730603773,0.3277402221149204,-0.019217846362973526,0.3224597953216374,-0.006596364759677174,-0.010709771013922344
300735,-0.007666065406608594,-0.010394141321966532,0.3127162239403146,0.3127162239403146,0.32040680830516655,-0.016916059299041986,0.3293737816764133,-0.006394358328284675,-0.011548039679045328
300731,-0.006518904187184206,-0.005940534643505526,0.3199963900003008,0.3199963900003008,0.3412904394012555,-0.027205498035443025,0.29879385964912286,-0.010765840779099506,-0.016433705563126136
300727,-0.009101137451735058,-0.009911413253412327,0.3045335579555368,0.3045335579555368,0.3230323515210043,-0.019153510695013084,0.3227034600389863,-0.008291188854110598,-0.010834694271396907
300726,-0.007797783467358356,-0.010853546565526775,0.3118438073463494,0.3118438073463494,0.3187469821342347,-0.02031727083724693,0.3190180311890838,-0.010902237820864778,-0.013996866408335088
300725,-0.007318474858287213,-0.00866969788681771,0.31545380704551607,0.31545380704551607,0.32813254466441333,-0.018915334006757663,0.32370857699805067,-0.00951622638727556,-0.01360813298303882
300738,-0.007807256717209405,-0.01072389354455809,0.3117234740230438,0.3117234740230438,0.31919966199903427,-0.021473686253810357,0.31566764132553604,-0.005525818575508407,-0.011114034169524856
300751,-0.008689380836135605,-0.0061570341660068,0.3066393911133841,0.3066393911133841,0.34026436504104296,0.002763680482689609,0.39686890838206623,-0.006821860195664162,-0.012737254158302316
300692,-0.007658065276954783,-0.009689283389421571,0.31292680725609945,0.31292680725609945,0.3240886045388701,-0.01950457135380262,0.32151559454191037,-0.004503236367260651,-0.008950181520459684
300689,-0.006586100761609964,-0.009788270280307303,0.3196353900303842,0.3196353900303842,0.3237566393046837,-0.03619842020874636,0.275067007797271,-0.00802337635434302,-0.010156359645578908
300640,0.0047058808297201875,0.008683591070045401,0.3922565506452874,0.3922565506452874,0.41728029937228395,0.010999033251992134,0.4282711988304093,0.0035844891164423633,0.004163754171793731
300642,-0.01771644735256348,-0.02447867131657013,0.2610029782497518,0.2610029782497518,0.2668095123128923,-0.03843454651953315,0.26931042884990253,-0.020049516307171042,-0.028660540314200365
300643,-0.009949963065810865,-0.013185154108357269,0.3003820583014951,0.3003820583014951,0.30933124094640274,-0.028452621909199314,0.2955653021442495,-0.010207311818732207,-0.016587788284664493
300647,-0.007790898176657356,-0.010104875341505979,0.3119039740080022,0.3119039740080022,0.3218553838725253,-0.022136491539622983,0.3137183235867447,-0.012637986162936604,-0.01724760479689745
300649,-0.006341396936927957,-0.005887311792793194,0.32092897325591885,0.32092897325591885,0.34150169000482855,-0.005360238429760396,0.3681164717348928,-0.008594164325495566,-0.014901789708447398
300650,-0.006734569655332651,-0.004017085004742293,0.31891339009055086,0.31891339009055086,0.35049492998551424,-0.009187169471560184,0.35437987329434695,-0.006129507052789799,-0.005035530330706064
300651,-0.007231476524324734,-0.007686904178485476,0.3160554736620439,0.3160554736620439,0.3330214872042492,-0.013201251706521833,0.3404909844054581,-0.009171112582996107,-0.015739667072442013
300654,-0.00815990967243905,-0.0125283183453795,0.30946722421106465,0.30946722421106465,0.31210767745050705,-0.01784416982363013,0.3267239278752436,-0.006296524535000003,-0.01209755338271881
300655,-0.006893194404414519,-0.008355523306269761,0.31804097349658556,0.31804097349658556,0.3298225494929986,-0.0129239614719764,0.34110014619883045,-0.008155836185894697,-0.010921723856215523
300656,-0.006443520139008322,-0.009977225616089408,0.32026713997773837,0.32026713997773837,0.3227607436021246,-0.0208940439562307,0.31712962962962965,-0.009319171269273915,-0.010916940756804779
300657,-0.007248431031081352,-0.010359425617069186,0.31593514033873826,0.31593514033873826,0.32061805890873973,-0.01995331871323302,0.3202972709551657,-0.008647771854267494,-0.014575881197003607
300660,-0.009311158322028765,-0.01235342465361245,0.30351072470743956,0.30351072470743956,0.3127414292612265,-0.0029720342489597193,0.37673611111111116,-0.004963098842564468,-0.010190709969748699
300661,-0.0040057203309437125,-0.0039050399633378556,0.33518847206762736,0.33518847206762736,0.3512192177691936,-0.002250218693557877,0.3795077972709552,-0.003934349400995344,-0.005498339415924517
300662,-0.007948777948835606,-0.011329040181407884,0.3107608074365994,0.3107608074365994,0.31690608401738296,-0.019919650132859713,0.3203581871345029,-0.003941942241750253,-0.009018111540298489
300663,-0.00916892483760844,-0.011466230707519485,0.30417255798562015,0.30417255798562015,0.3162421535490101,-0.0082915218805937,0.3575779727095516,-0.009456934736806874,-0.01809006037245134
300666,-0.003412936183670866,-0.00014770742148468262,0.33930988839084264,0.33930988839084264,0.3689642684693385,0.015259437188976165,0.44447490253411304,-0.00476954466425998,-0.00876988574637813
300668,-0.0035698643278336837,0.0013680034849614942,0.3378358051803496,0.3378358051803496,0.37765572187349106,0.001735970476624959,0.39324439571150094,-0.0031205720756513197,-0.008161250031083667
300688,-0.008484128503758154,-0.010557706433826898,0.3080833909930507,0.3080833909930507,0.31971269917914047,-0.026053751280161738,0.3022965399610137,-0.008972609682479843,-0.014442152609156104
300687,-0.0049355849196953995,-0.0032300746252688865,0.3294726392106134,0.3294726392106134,0.35399565427329793,-0.007143370504266394,0.36220760233918126,-0.00661692063642625,-0.010677173610813485
300685,-0.009180242197030761,-0.01426440311264732,0.3041123913239674,0.3041123913239674,0.3047440849830999,-0.028736358332084808,0.2946515594541911,-0.0048065677866859224,-0.012517339374340589
300684,-0.004483888534023261,-0.0033683523844607764,0.3323606389699467,0.3323606389699467,0.35330154514727186,-0.015164739138838323,0.334307992202729,-0.015320470290369927,-0.014769902938635953
300683,-0.008525910922935157,-0.00964142366224785,0.30781264101561323,0.30781264101561323,0.3242998551424433,-0.010713453711482584,0.34908016569200784,-0.0034014548422550946,-0.009606792143235671
300682,-0.008338495381401264,-0.00970448916625315,0.3086549742787521,0.3086549742787521,0.3240282472235635,0.012124259768829589,0.4329922027290448,-0.006358806911717381,-0.012153367106141805
300690,-0.009311365848225046,-0.01208373923589283,0.30351072470743956,0.30351072470743956,0.3137071463061323,-0.01756078115386551,0.3275767543859649,-0.0045357302638258205,-0.008433040590910807
300681,-0.006943798036726128,-0.008504313462434243,0.3178003068499744,0.3178003068499744,0.3290680830516659,-0.0009535192220559681,0.3835282651072125,-0.0066366471761456335,-0.011408964255912018
300679,-0.006354638623671849,-0.0083416308007771,0.3208086399326133,0.3208086399326133,0.3298829068083051,-0.02214091231806291,0.31365740740740744,-0.007068588756139149,-0.014351065437422952
300677,-0.007161955276717882,-0.010851646245819874,0.31659697361691885,0.31659697361691885,0.3187469821342347,-0.0069764948745201765,0.36257309941520466,-0.00626218270962026,-0.008694782234651872
300676,-0.010164351816008985,-0.01499806315235943,0.29935922505339796,0.29935922505339796,0.3022694350555287,-0.030702855273013682,0.2897782651072125,-0.005992328779062395,-0.012871718832826043
300674,-0.007363075570321223,-0.009040047321019411,0.3150025570831202,0.3150025570831202,0.3265934331240946,-0.024886468560358522,0.3059819688109162,-0.008322477271983673,-0.013667344487257363
300672,-0.0006507931455912936,0.009640778728433212,0.3571192202400649,0.3571192202400649,0.422682279092226,0.013852209117952517,0.43963206627680307,-0.006802757929912613,-0.007130314290307085
300671,-0.004767115821946561,-0.005749558276616563,0.33046538912788426,0.33046538912788426,0.3421052631578947,-0.004843662429056135,0.37055311890838205,-0.003711529212423874,-0.005766597716224778
300680,-0.007919281487554854,-0.009641721923143404,0.3109713907523841,0.3109713907523841,0.3242998551424433,-0.006270428958998632,0.36491837231968816,-0.004563591187225559,-0.009703598223629784
689009,-0.0085431434938117,-0.01165409726492485,0.3076622243614813,0.3076622243614813,0.31542732979237087,-0.011122313073973102,0.34743542884990253,-0.0057692540817770996,-0.010991147686906413
