date,board,symbol,systems,score,pred_mag_3d,pred_prob_3d,pred_mag_5d,pred_prob_5d,pred_mag_10d,pred_prob_10d
2026-09-09,main,000001,,0.3146391182182362,0.014258046295645838,0.4452259719249904,0.019347682489651394,0.509103561220611,-0.00703581498558177,0.5193902872223429
2026-09-09,main,000002,,0.41151862692318764,0.02202482416542634,0.45687618049756923,0.029312487512212465,0.5096878568664317,0.003869266515419467,0.5206331344449624
2026-09-09,main,000006,,0.5456409144567497,0.0417638670389001,0.473080500118476,0.053947032700115756,0.5104967255801195,0.018966519755097215,0.5223533368824836
2026-09-09,main,000007,,0.7065490826991001,0.04892651661698746,0.49259310879138896,0.06814850193246699,0.5114670624919186,0.03707888130932099,0.5244163820465724
2026-09-09,main,000008,,0.6908226331423462,0.04727492839845678,0.49068407587207374,0.06855547495335311,0.5113722297649473,0.035308659552106186,0.524214784775798
2026-09-09,main,000009,,0.4760620658895922,0.023655829380757012,0.46466490030242474,0.03188694455314352,0.5100771139668135,0.011134491862785083,0.5214610081178873
2026-09-09,main,000011,,0.618196192475623,0.039968727527484246,0.4818723496924813,0.05860557940149519,0.5109342714881522,0.0271335845007835,0.5232836854771502
2026-09-09,main,000014,,0.7311422907626173,0.034164315141399844,0.4955788891570956,0.04538702076934487,0.5116153613761631,0.039847175057801054,0.5247316262699928
2026-09-09,main,000017,,0.7067156904522341,0.06294322265924128,0.49261333455280865,0.10945675734236966,0.5114680671559534,0.03709763523521216,0.5244185177479669
2026-09-09,main,000019,,0.44465093437428205,0.037987671647815587,0.4608720001359539,0.054001717564923626,0.509887677061443,0.007598749848895012,0.5210581241526904
2026-09-09,main,000020,,0.5808055234840743,0.022349952357153577,0.47733980755918504,0.025058851082330996,0.5107087884368529,0.022924765750766893,0.5228042589908601
2026-09-09,main,000021,,0.3950038761382667,0.054096935623745575,0.4548865080560647,0.06870090334976513,0.5095882556188035,0.002010310935589177,0.5204212877472243
2026-09-09,main,000025,,0.5469862347741733,0.030290078422467722,0.47324338371958324,0.03873429626539354,0.5105048387068922,0.019117953509278793,0.5223705888419543
2026-09-09,main,000026,,0.6271437282433925,0.05591315990554627,0.4829574514569637,0.07789251608991583,0.510988228616509,0.02814074905069687,0.5233984052485948
2026-09-09,main,000027,,0.39704180288507185,0.023734507088222737,0.45513195782841154,0.03431243006616568,0.5096005464932951,0.002239706785795881,0.5204474301118749
2026-09-09,main,000029,,0.48522878732393726,0.051116041923445515,0.4657725742768997,0.06862085622175931,0.5101323968616639,0.01216632868436672,0.5215785766464851
2026-09-09,main,000031,,0.5875293718470013,0.028829112518777324,0.4781546271490117,0.03550935325424033,0.5107493366806161,0.023681624609552004,0.5228904758976438
2026-09-09,main,000032,,0.5438933068149413,0.05204335039388023,0.47286891845693685,0.07064691728329195,0.5104861863997686,0.018769803194284194,0.522330926038802
2026-09-09,main,000034,,0.49821659384803274,0.05054964531310159,0.46734255008672393,0.0627338177563244,0.5102107236282095,0.013628279622782846,0.5217451487155169
2026-09-09,main,000035,,0.4166958228585732,0.0332273956416043,0.4575002077468692,0.04513461480650255,0.5097190806234282,0.004452029004378563,0.5206995445716401
2026-09-09,main,000036,,0.6547924064719991,0.032429442850123606,0.48631148286585524,0.04458574085319802,0.5111549592998615,0.03125297673959,0.5237528838512904
2026-09-09,main,000037,,0.6046535330711741,0.047685349298355446,0.48023030828227886,0.07275117558907865,0.5108526034888613,0.02560917746652004,0.5231100452021035
2026-09-09,main,000039,,0.28851802902503215,0.033154712646609664,0.4420945246773762,0.04386760969753069,0.5089460164748837,-0.009976092143823126,0.5190551434388337
2026-09-09,main,000048,,0.6527111159730676,0.060815935741707315,0.48605895706526475,0.08956022035294908,0.5111424085150239,0.031018699720419415,0.5237262008382164
2026-09-09,main,000049,,0.5166179590024943,0.026905010557335265,0.4695680212893941,0.0348885449764451,0.5103216975844129,0.015699598825589987,0.5219811428240607
2026-09-09,main,000050,,0.5979218113539215,0.022075315007932465,0.4794142466997629,0.029206957953787263,0.5108120081263872,0.024851432356640613,0.5230237308261267
2026-09-09,main,000058,,0.6849789656781208,0.022633180383069853,0.4899747796312714,0.031134728302403294,0.5113369914102567,0.03465087679893178,0.524139872820022
2026-09-09,main,000059,,0.5199966823742724,0.03704140745056285,0.4699767801300653,0.05261728513895382,0.5103420736960801,0.016079919228027116,0.522024473263984
2026-09-09,main,000060,,0.25470314245866976,0.04143466489896009,0.438047593373652,0.05328089012382507,0.5087420653117712,-0.013782408865312103,0.5186212598034823
2026-09-09,main,000061,,0.3656076034592066,0.0352217479930299,0.45134849073029576,0.04550909101695735,0.5094109634214478,-0.0012986318292539586,0.5200441822936995
2026-09-09,main,000062,,0.4629593042464903,0.05344578190402058,0.46308221695587454,0.07143977673691103,0.5099980930737663,0.009659601191720844,0.5212929534617855
2026-09-09,main,000063,,0.3791685988468023,0.034289147119117014,0.45298004858857754,0.044296332440797184,0.5094927515931317,0.00022783916459486603,0.5202181502509343
2026-09-09,main,000065,,0.4943106808091181,0.037400071522588646,0.4668703309497403,0.04947640540119008,0.5101871679295787,0.013188616988294169,0.5216950548499277
2026-09-09,main,000066,,0.40260563554463313,0.049674715225125204,0.4558021816236145,0.06648028675409479,0.5096341022864493,0.002865990397485453,0.5205188019507284
2026-09-09,main,000069,,0.5093539830801088,0.023298549208097825,0.4686893625148843,0.028421563010784516,0.5102778905128227,0.014881941402324426,0.5218879848411868
2026-09-09,main,000070,,0.20072730911485398,0.058789791494753184,0.4316050804716466,0.08118426756365618,0.5084165093789288,-0.019858109181788708,0.5179286302575197
2026-09-09,main,000088,,0.25309772160333566,0.01242715733440555,0.43785565869369686,0.015363169435479943,0.5087323823008583,-0.013963120405913989,0.5186006597158732
2026-09-09,main,000089,,0.45892068617847065,0.011534400639544813,0.4625945404794663,0.016421967021273805,0.5099737366413253,0.009205000835341051,0.5212411535935884
2026-09-09,main,000090,,0.6062764541431054,0.02731672395669802,0.4804270649149618,0.03723052665131008,0.5108623904241988,0.025791858890029357,0.5231308541476701
2026-09-09,main,000099,,0.5897081370353741,0.018554472041048924,0.4784186827269792,0.024869256737534793,0.5107624757184609,0.023926873705757787,0.5229184129389298
2026-09-09,main,000100,,0.43110802810305077,0.02886595727902514,0.4592380624995389,0.03583546811214319,0.5098060004789574,0.0060743150264809115,0.5208844122881807
2026-09-09,main,000153,,0.7181895355526564,0.03562548642315974,0.4940062850051074,0.050639857985640795,0.511537255546559,0.03838916961252857,0.5245655958269708
2026-09-09,main,000155,,0.5085096704172987,0.026754124258248836,0.4685872459851272,0.036595381456000615,0.510272798681553,0.0147869027453024,0.5218771567239423
2026-09-09,main,000156,,0.5354136307116977,0.019463361932958223,0.47184242960473816,0.025733692535391938,0.5104350484528783,0.017815302492906894,0.5222221837107509
2026-09-09,main,000157,,0.42836276772148985,0.019788774431103155,0.4589069553293809,0.024789971047656026,0.5097894438885393,0.005765299336758886,0.5208491988232014
2026-09-09,main,000158,,0.6455178890553356,0.04633103002248434,0.4851862487011687,0.05937598799570198,0.5110990311641329,0.030209006041728673,0.5236339796241152
2026-09-09,main,000166,,0.329657294727326,0.012566754948011082,0.44702836769879406,0.01726105332836084,0.5091941398886648,-0.005345318811340989,0.5195829684159116
2026-09-09,main,000301,,0.2759895812795454,0.034874877026426165,0.44059420637846625,0.049706941607575744,0.5088704527179504,-0.011386336121852147,0.5188943924543237
2026-09-09,main,000333,,0.30070733269251615,0.018526458275392742,0.4435552448139771,0.024073959502269756,0.5090195343346673,-0.008604023357438241,0.5192115391212316
2026-09-09,main,000338,,0.14666069663638825,0.04607792450405224,0.4251748522088456,0.06391299324835233,0.5080903987542232,-0.025944027901260755,0.5172347667382033
2026-09-09,main,000400,,0.3528770867722136,0.022116174511632503,0.4498178004852748,0.02891640767174231,0.5093341835190098,-0.0027316213631327566,0.5198808637526701
2026-09-09,main,000402,,0.5610183782425942,0.03365730182801112,0.4749426475288597,0.04647608543551586,0.5105894610176445,0.020697458506800007,0.5225505293934452
2026-09-09,main,000407,,0.5614335101775778,0.030075823161985715,0.47499292818877925,0.04328143392738147,0.5105919645050353,0.020744187145757625,0.5225558527299611
2026-09-09,main,000408,,0.2061314773850947,0.03244488797654979,0.43224911335325683,0.04190547776674057,0.5084491050154771,-0.01924979792773826,0.5179979808593151
2026-09-09,main,000410,,0.5847135659845465,0.025025676000921822,0.4778133834937043,0.03316769760595828,0.5107323559486316,0.02336466808457019,0.5228543702414444
2026-09-09,main,000415,,0.348357453489992,0.029723944560524653,0.4492745963376296,0.038348296911382904,0.5093069247390379,-0.003240366400717218,0.5198228807999103
2026-09-09,main,000417,,0.4177435933241004,0.06191080160638043,0.457626515825057,0.08082240023816893,0.5097253997357598,0.004569969552113112,0.520712984686671
2026-09-09,main,000419,,0.8600248722994411,0.04610150806292422,0.5112263323972132,0.06254099297261953,0.5123924989458518,0.05435462946695692,0.5263833595863913
2026-09-09,main,000420,,0.44931787739983137,0.033999258330008136,0.4614352586486199,0.044481109224326035,0.509915823036614,0.008124076563847102,0.5211179848213628
2026-09-09,main,000421,,0.7543067676879461,0.028264785272825912,0.4983915041723635,0.039297055687914334,0.5117550430352742,0.04245464605115738,0.5250285385041699
2026-09-09,main,000422,,0.42437344951524836,0.03273056586722082,0.4584258664965253,0.041439530606689326,0.5097653843810722,0.005316248337697942,0.5207980274547479
2026-09-09,main,000423,,0.4194675469823057,0.019475954375029407,0.4578343492144234,0.025734424401837874,0.5097357969077464,0.004764023541424037,0.5207350983726905
2026-09-09,main,000425,,0.29566136623897943,0.03275145512096123,0.4429504353767955,0.04160007849148846,0.5089891004321471,-0.009172014217040149,0.5191467969634068
2026-09-09,main,000426,,0.21041199097918628,0.039845616777928874,0.4327593992354165,0.055150280993721365,0.5084749231956156,-0.018767969001955046,0.5180529113352249
2026-09-09,main,000428,,0.5305142635528097,0.024819221247453005,0.4712494552606509,0.04043523930400893,0.5104055019915223,0.017263813340193314,0.5221593538654489
2026-09-09,main,000429,,0.5331359096331895,0.019682780712222944,0.4715667452067579,0.024708355531251627,0.51042131228017,0.017558914590762108,0.5221929741352208
2026-09-09,main,000430,,0.5371623256980359,0.03912629289147161,0.4720540948943465,0.04526854252080521,0.510445594235775,0.018012141448856683,0.522244608933877
2026-09-09,main,000501,,0.5075020940097916,0.00317991004756624,0.4684653867461671,0.009023605594385056,0.5102667222460809,0.014673486575162507,0.5218642347595188
2026-09-09,main,000503,,0.7291312894554011,0.03358688613812063,0.49533472539137563,0.04122683139113928,0.5116032349642625,0.039620810025123174,0.524705849298169
2026-09-09,main,000505,,0.46378089197396993,0.05445536974492177,0.4631814350651942,0.07804186347051933,0.5100030479672943,0.009752081854021419,0.5213034912024328
2026-09-09,main,000506,,0.4478461575208884,0.05866861389300294,0.4612576244507988,0.08555175633654595,0.5099069472137656,0.007958414852293684,0.521099107832633
2026-09-09,main,000507,,0.6707067338992331,0.02112447471407247,0.4882426114016724,0.02704197348829895,0.5112509268399235,0.033044346658239646,0.5239569076791245
2026-09-09,main,000509,,0.6470777196463041,0.054464864184063225,0.48537548551550497,0.0764242260095565,0.5111084374322664,0.03038458578970274,0.5236539776665049
2026-09-09,main,000510,,0.4281790573768812,0.07139982040569384,0.4588847992286994,0.09851189769884158,0.5097883359356989,0.005744620285973896,0.5208468423625374
2026-09-09,main,000513,,0.4344067807709433,0.01131915335031845,0.45963597422449654,0.016688352906682226,0.5098258951377856,0.006445633659036845,0.5209267251262018
2026-09-09,main,000514,,0.7058026988852315,0.03383044975330151,0.4925024999756361,0.04850871817252269,0.511462561709997,0.03699486585104639,0.5244068143358966
2026-09-09,main,000516,,0.5887333957943982,0.02608167571715666,0.47830054740397426,0.03510481512320914,0.5107565975457603,0.023817153571775662,0.5229059144155283
2026-09-09,main,000517,,0.7423091475967967,0.06005741683104113,0.4969347373575235,0.08419924829804651,0.5116826976847556,0.041104153809186014,0.5248747604010535
2026-09-09,main,000518,,0.7002317466630467,0.06533763583462661,0.4918262186044681,0.09538361815423008,0.5114289681561679,0.03636778083757744,0.5243354011030453
2026-09-09,main,000519,,0.14196053589501906,0.04258363351889927,0.4246170163951551,0.054379953813211125,0.5080620487228781,-0.02647309371339795,0.5171744440773322
2026-09-09,main,000520,,0.4805609548241798,0.02231656859295361,0.46520848714854407,0.025197920681555873,0.5101042460105654,0.01164090184722303,0.5215187092803935
2026-09-09,main,000521,,0.7484099776957747,0.025165863742809016,0.497675503224861,0.034722216272286825,0.5117194855997494,0.04179088364857585,0.5249529576741676
2026-09-09,main,000523,,0.44161957612125463,0.04557887948945988,0.4605061955892239,0.0644253463221295,0.5098693951388995,0.007257530025942843,0.5210192420314665
2026-09-09,main,000524,,0.6258354831708229,0.03022136363904881,0.4827987853141432,0.03973720747579904,0.5109803394047301,0.027993488610069506,0.5233816318929608
2026-09-09,main,000525,,0.44461894345445685,0.034320516223495925,0.46086813945961286,0.04620036987901489,0.5098874841264446,0.007595148843969932,0.5210577138182186
2026-09-09,main,000526,,0.6879226711475814,0.03984375097632575,0.49033207764639364,0.05546729896555879,0.5113547424921763,0.03498223013142211,0.5241776093151206
2026-09-09,main,000528,,0.31048098082245557,0.01843057187404179,0.44472718853842985,0.027030526759736176,0.5090784822679665,-0.007503868837211505,0.5193369378543503
2026-09-09,main,000530,,0.6334313573484773,0.026032283154605637,0.48372007297643177,0.034891414242904886,0.5110261453177679,0.02884850561093956,0.5234790198650763
2026-09-09,main,000531,,0.7700770832105479,0.03213549477116309,0.5003063942261625,0.04957175357620598,0.5118501368957621,0.044229805508192166,0.5252306654682203
2026-09-09,main,000533,,0.40453155826694426,0.07102875424044013,0.456034217263515,0.10115923439220868,0.5096457176163851,0.003082778700111928,0.5205435071440141
2026-09-09,main,000534,,0.45287986732135366,0.05824614471706324,0.46186522549329784,0.07374163307765672,0.5099373050821336,0.008525026062035056,0.5211636723717167
2026-09-09,main,000536,,0.6557639082931362,0.059951732577805124,0.4864293589004352,0.08787404992472585,0.511160817732557,0.03136233223364125,0.5237653388638005
2026-09-09,main,000537,,0.42842325385212293,0.0443824805699048,0.45891425020074716,0.06392619925112125,0.5097898086789734,0.005772107857911102,0.5208499746812542
2026-09-09,main,000538,,0.37861690435367945,0.011271451923738544,0.45291365286096397,0.014851850897481204,0.5094894242599562,0.00016573858737702063,0.5202110729039088
2026-09-09,main,000539,,0.38187414948151144,0.06103556538112145,0.45330568232960705,0.0894988671570849,0.5095090690691557,0.0005323849924070631,0.5202528579671317
2026-09-09,main,000543,,0.4428470542974537,0.019221553396483217,0.4606543145481,0.02673380472756507,0.5098767979823505,0.007395699074600158,0.5210349864748326
2026-09-09,main,000545,,0.630931934823589,0.037159537157030846,0.48341691073304743,0.048483015866305865,0.5110110729017213,0.028567162252537984,0.5234469745479512
2026-09-09,main,000546,,0.8217089390697447,0.03732509634763432,0.5065753644190176,0.057634010868123926,0.5121614672096475,0.05004165987986604,0.5258923689435638
2026-09-09,main,000547,,0.3746687752105046,0.03941721446216895,0.4524385495971739,0.05042974142255677,0.5094656126128027,-0.0002786760329935578,0.520160424563357
2026-09-09,main,000550,,0.4583413312988496,0.021038632260642398,0.4625245873107888,0.030991581654628928,0.5099702426160316,0.009139786712512338,0.521233722671103
2026-09-09,main,000551,,0.5977714072956578,0.03566734440089581,0.47939601501364465,0.04820424362351417,0.5108111011194584,0.024834502372835243,0.5230218023242018
2026-09-09,main,000552,,0.3211232382062339,0.03718431946596416,0.4460039850750589,0.04914686330887788,0.5091426687685924,-0.006305940754419696,0.519473478324421
2026-09-09,main,000553,,0.6103586074508636,0.039854273399857885,0.4809219959958671,0.05468577946592793,0.5108870075860403,0.026251359718592188,0.5231831947888985
2026-09-09,main,000554,,0.507454663551434,0.029565936694902525,0.46845965046032706,0.04902506138160203,0.5102664362050494,0.014668147644144647,0.5218636264727253
2026-09-09,main,000555,,0.6987993615195838,0.03799659897879817,0.4916523400699536,0.045824850803009354,0.5114203306740072,0.03620654677539967,0.5243170394035743
2026-09-09,main,000558,,0.49652971920363975,0.027605684636664622,0.4671386021974971,0.035207622234857905,0.5102005504654556,0.013438399371272676,0.5217235143725306
2026-09-09,main,000559,,0.5455764690352027,0.0420180425998996,0.4730726975832078,0.04878252938753851,0.510496336933598,0.01895926556291839,0.5223525104535749
2026-09-09,main,000560,,0.5834092915097661,0.0388783763013029,0.47765532725494536,0.04994251570911673,0.5107244905061924,0.023217854587709127,0.5228376461077328
2026-09-09,main,000561,,0.5834886921586772,0.019583014511971676,0.4776649491572027,0.029170047722084022,0.510724969332884,0.023226792190295914,0.5228386642285382
2026-09-09,main,000563,,0.49944978576533156,0.013563835329298338,0.4674916533678626,0.017693134186443533,0.5102181607268089,0.013767091829247229,0.5217609644786697
2026-09-09,main,000564,,0.2872469364609659,0.04266339104672091,0.4419422589651469,0.05471362811429477,0.5089383500585176,-0.010119170573841534,0.5190388343844786
2026-09-09,main,000565,,0.564914463722196,0.016360470824355558,0.475414560128537,0.025076978633885735,0.5106129566617177,0.021136014918345422,0.5226004896316472
2026-09-09,main,000566,,0.6510715323355676,0.04609197297343698,0.4858600291631003,0.06489847096267862,0.511132521340668,0.030834142702803866,0.5237051805961191
2026-09-09,main,000567,,0.5061515480313953,0.03365999300441829,0.46830205366563415,0.04745243749133948,0.5102585774441353,0.014521464603105279,0.521846914233553
2026-09-09,main,000568,,0.3954497816194772,0.020334721953284986,0.4549402114531988,0.024011710828908676,0.5095909449060084,0.002060503547828288,0.5204270077973667
2026-09-09,main,000570,,0.5691343366583557,0.018627684360530514,0.475925740932619,0.024005193530186923,0.5106384048781261,0.02161101792886687,0.5226546013472366
2026-09-09,main,000571,,0.694822641057159,0.05026620599100332,0.49116961307569096,0.065555481911386,0.5113963504593328,0.035758913820514285,0.5242660616063162
2026-09-09,main,000572,,0.4398013155832348,0.020592251590128296,0.4602868001493724,0.03169968938590604,0.5098584293163372,0.007052860538842652,0.5209959197477743
2026-09-09,main,000576,,0.587789514785695,0.029525816583179428,0.47818615454918584,0.04357068680680811,0.5107509054727176,0.02371090716874627,0.5228938115670725
2026-09-09,main,000581,,0.3684446078287958,0.018675943794559856,0.451689732623953,0.02459061006002274,0.5094280738149649,-0.000979289129413398,0.520080577360034
2026-09-09,main,000582,,0.43516586032154975,0.03636665917499291,0.4597275454254502,0.05104976499920937,0.5098304731148816,0.006531078191897938,0.5209364617367308
2026-09-09,main,000586,,0.5644687768405792,0.06097345461467278,0.4753605741511666,0.08679528305673,0.5106102689149661,0.02108584691240764,0.5225947745276757
2026-09-09,main,000589,,0.47707103681174756,0.014289994834303536,0.4647868038848813,0.019498057503836944,0.5100831989061979,0.011248065004157572,0.5214739488728939
2026-09-09,main,000591,,0.4362211027473211,0.02753272663330886,0.4598548486105266,0.038154828906910736,0.5098368372351805,0.006649859808466593,0.5209499971618976
2026-09-09,main,000592,,0.14537966721321277,0.06986196067032469,0.42502279503268936,0.08709591054373622,0.5080826719546326,-0.026088224857373058,0.5172183258388356
2026-09-09,main,000593,,0.4171024444852435,0.07420366476281892,0.45754922508331536,0.10548842714071717,0.509721532962186,0.0044977996945707865,0.520704760451783
2026-09-09,main,000595,,0.6397655312066702,0.04989190613088934,0.4844884165412431,0.07152687814679752,0.5110643425726065,0.029561501404255078,0.5235602300017005
2026-09-09,main,000596,,0.4424597843882483,0.030251219856102317,0.4606075821992732,0.04090938242871872,0.5098744623824248,0.0073521066784451305,0.5210300191004759
2026-09-09,main,000597,,0.6774259690569449,0.027050963948511062,0.48905806760397,0.038998502577174916,0.5112914453296854,0.03380068623921746,0.5240430467849595
2026-09-09,main,000598,,0.44343159337950405,0.015325555178495027,0.4607248529267586,0.020546158015285733,0.5098803232991591,0.007461496748592221,0.521042484143324
2026-09-09,main,000600,,0.47390146142779555,0.034448140990184936,0.4644038708983742,0.047496993463797876,0.5100640837029807,0.010891286998698943,0.5214332967635533
2026-09-09,main,000601,,0.4930541986127123,0.06089653766969934,0.46671843667918933,0.08850107367770724,0.5101795903534161,0.01304718315012214,0.5216789402021752
2026-09-09,main,000603,,0.3134518114863062,0.049583056859861585,0.44508353895449093,0.07024073852086747,0.5090964002283063,-0.0071694622021238885,0.5193750539891876
2026-09-09,main,000607,,0.7850429277307389,0.030046000439883574,0.5021235950061403,0.03867668963147815,0.5119403790612458,0.04591441101874483,0.5254224739428132
2026-09-09,main,000608,,0.4933219294071245,0.0728044335965033,0.46675080174179556,0.10100142385713318,0.5101812049811318,0.013077319823732697,0.521682373909562
2026-09-09,main,000612,,0.3536372216312024,0.02837798035373422,0.4499091711075739,0.03886411075409567,0.5093387680334942,-0.0026460580412307963,0.5198906155673143
2026-09-09,main,000617,,0.311235090059028,0.0302320259595059,0.44481763838968447,0.0407260911784992,0.5090830305265142,-0.007418983779520667,0.5193466131929926
2026-09-09,main,000620,,0.4438197621853138,0.0568259553797109,0.46077169548564023,0.07719336186591835,0.5098826643191873,0.007505190327555276,0.521047463037041
2026-09-09,main,000623,,0.3844536209161745,0.016962018677767955,0.4536161786912374,0.022653978516564213,0.5095246261286699,0.0008227389238062641,0.5202859481147822
2026-09-09,main,000625,,0.359552758422998,0.012173805213833069,0.45062035242363724,0.016852035443612072,0.5093744456806073,-0.001980185436187283,0.5199665058169171
2026-09-09,main,000626,,0.5108780556772223,0.052725281942215214,0.4688737001568823,0.07120560748280899,0.5102870817950216,0.015053496110922118,0.5219075306723956
2026-09-09,main,000628,,0.21806166138612024,0.044977048380196186,0.4336716815856152,0.06684280869077443,0.5085210625389283,-0.01790689651760265,0.5181510760464417
2026-09-09,main,000629,,0.42163266006071887,0.02498859181525644,0.45809538791082477,0.03215923752462693,0.5097488547021761,0.005007735910475021,0.5207628708317265
2026-09-09,main,000630,,0.2678685291163587,0.036774821224031536,0.4396222641593835,0.05223082165229102,0.5088214713964376,-0.012300468913164567,0.5187901901331559
2026-09-09,main,000635,,0.9185055193806207,0.06889917784425152,0.5183209706370939,0.08351980336976658,0.5127451066443091,0.06093740668348671,0.5271326476010826
2026-09-09,main,000636,,0.3738107020801777,0.06780316006020581,0.45233530368300046,0.09253950496772408,0.5094604374636833,-0.00037526361425940097,0.5201494167682399
2026-09-09,main,000650,,0.6000815357639063,0.015559902719218364,0.4796760502967206,0.019955741816586593,0.510825032268459,0.02509453815915158,0.5230514230396188
2026-09-09,main,000651,,0.24593268555301198,0.013714416513213758,0.43699927663765537,0.019521043841575013,0.508689166685398,-0.01476964082628848,0.5185087202061223
2026-09-09,main,000655,,0.737671185977703,0.0237931291106621,0.49637160254818885,0.029632300746355384,0.5116547307602979,0.04058208933826919,0.5248153126003113
2026-09-09,main,000656,,0.5389209839261928,0.04787934298571428,0.47226697628731357,0.06523192945428538,0.5104562000942068,0.018210101900626365,0.5222671618349427
2026-09-09,main,000657,,0.2926278785243943,0.06825984453297156,0.4425869228758768,0.0944361609679427,0.5089708044263893,-0.009513473739306971,0.5191078755586725
2026-09-09,main,000659,,0.6350885985565926,0.04277519529250085,0.48392109121370536,0.054863197069141015,0.5110361390667663,0.02903505022375706,0.5235002673945315
2026-09-09,main,000661,,0.42020950415440517,0.025491251078733596,0.45792380131077937,0.033007625997650614,0.5097402716520759,0.004847540722096769,0.5207446156614853
2026-09-09,main,000663,,0.7668366664824589,0.0391176655443867,0.49991292973016155,0.04859963686459308,0.5118305974873585,0.043865053364117626,0.5251891339600923
2026-09-09,main,000665,,0.8053033316698093,0.03330079052210253,0.5045835797508095,0.04223974000739214,0.5120625455148032,0.04819498984446585,0.5256821277259417
2026-09-09,main,000670,,0.5394100213685814,0.055413958121345065,0.47232617490140055,0.07481209967109322,0.5104591493079071,0.01826514959066504,0.5222734331982547
2026-09-09,main,000672,,0.272091716851527,0.06549436087134808,0.44012764560641376,0.08782165101311686,0.5088469431560378,-0.01182509277778079,0.5188443786320284
2026-09-09,main,000676,,0.5963476455292639,0.03562872896521884,0.4792234321192598,0.04666263007282305,0.5108025151655136,0.02467423898682014,0.5230035466171962
2026-09-09,main,000678,,0.650926638494644,0.037048532809634466,0.48584244965362977,0.0500281802883893,0.5111316475875257,0.03081783296749052,0.5237033229841201
2026-09-09,main,000679,,0.7605355520438286,0.08631888142136786,0.4991478236956182,0.06279171628647327,0.5117926022558884,0.04315577884963109,0.5251083733547285
2026-09-09,main,000680,,0.3989902837662995,0.028038266066496193,0.4553666550479446,0.0361833181448174,0.5096122979028486,0.002459034310232887,0.520472424967255
2026-09-09,main,000681,,0.5704360934688519,0.041802428323834726,0.476083441478841,0.0514406037373837,0.5106462551955621,0.021757548029016097,0.5226712937554508
2026-09-09,main,000682,,0.470666392851831,0.023838407695045152,0.4640130686154977,0.03230034786027404,0.510044573490428,0.010527136860513757,0.5213918043636522
2026-09-09,main,000683,,0.2648956528502772,0.029408334425080472,0.43926658029136684,0.03881280803275765,0.5088035407453845,-0.012635105808080551,0.5187520443456157
2026-09-09,main,000685,,0.34401721321040685,0.024141987345008734,0.4487530668519574,0.03431378207730058,0.5092807478607689,-0.00372891836196787,0.5197671988002482
2026-09-09,main,000686,,0.4182468623538192,0.017692897953483822,0.4576871865313501,0.02354091210334961,0.5097284349543298,0.004626619197217401,0.5207194402823438
2026-09-09,main,000688,,0.44581652813624106,0.06235414350258004,0.4610126676310785,0.0880254265495992,0.5098947066738352,0.007729952980920926,0.5210730747287607
2026-09-09,main,000690,,0.20777277024527868,0.04881710355609635,0.4324447571873671,0.0657360701902052,0.5084590045793096,-0.019065048514301127,0.5180190431025147
2026-09-09,main,000691,,0.8144779113826458,0.04937715663490677,0.5056974761993428,0.06494776611394504,0.5121178660446151,0.04922771122015551,0.5257997029703257
2026-09-09,main,000692,,0.8046149257446862,0.0511328010067386,0.5044999976099398,0.0809542333453647,0.5120583945791536,0.04811750057124811,0.5256733054634873
2026-09-09,main,000695,,0.6988608445397425,0.05298398761186366,0.49165980350847177,0.07466466433742981,0.5114207014253326,0.036213467509770864,0.5243178275537996
2026-09-09,main,000697,,0.49630937081336435,0.03956086142067075,0.46711196226682333,0.053614417782021105,0.5101992215930957,0.01341359621953616,0.5217206883754585
2026-09-09,main,000700,,0.27738141808288813,0.049193518755101695,0.44076082985898735,0.06518756125148573,0.5088788474266615,-0.011229666316447059,0.5189122511362881
2026-09-09,main,000701,,0.5976012011293874,0.029965919124773057,0.4793753830208776,0.04082780945917763,0.510810074696456,0.024815343397527015,0.5230196199160436
2026-09-09,main,000702,,0.7878815942110304,0.034378307742129396,0.5024682701163004,0.03810068946242509,0.5119574957764658,0.04623394081132476,0.5254588546258877
2026-09-09,main,000703,,0.34846461251832245,0.06731769602578887,0.4492874741355369,0.09507773032967533,0.5093075710364454,-0.0032283042221086244,0.5198242555629609
2026-09-09,main,000708,,0.3713703994384629,0.0180495878598268,0.45204170165232255,0.02398062746842501,0.5094457196743387,-0.0006499522408920516,0.5201181112276252
2026-09-09,main,000709,,0.3946541092507061,0.017849770009796807,0.4548443840109286,0.023751129637234816,0.5095861461498057,0.001970940004974567,0.5204168009537441
2026-09-09,main,000710,,0.7387675383184124,0.03848474979945828,0.4965047193374479,0.054112046501540965,0.5116613417752616,0.04070549842435013,0.5248293653319949
2026-09-09,main,000712,,0.6709036450210197,0.03868001415067274,0.48826650795440835,0.06355654535539092,0.5112521142601033,0.033066511632652104,0.5239594320563715
2026-09-09,main,000713,,0.48577714251982107,0.031216953838680138,0.4658388463766923,0.04356761346882285,0.5101357038881684,0.012228053379119481,0.5215856095448372
2026-09-09,main,000715,,0.6146479064872398,0.028200039118130432,0.481442082297912,0.04283809478946475,0.510912873869923,0.026734177563140754,0.523238190867079
2026-09-09,main,000716,,0.5239767543830514,0.03986092775720625,0.470458341917319,0.05730774225892229,0.5103660763248258,0.01652792944417894,0.5220755152746254
2026-09-09,main,000718,,0.7147012429035813,0.03224562278549407,0.49358278763786495,0.0461934570811856,0.5115162208526951,0.0379965157257984,0.5245208814162483
2026-09-09,main,000719,,0.685568131156741,0.026925814315452108,0.49004628993665744,0.034990995486744295,0.5113405441880482,0.034717195235594134,0.5241474255814711
2026-09-09,main,000720,,0.6181968407364866,0.05920561170816111,0.48187242830347776,0.08399403614708427,0.5109342753974271,0.02713365747119434,0.5232836937888393
2026-09-09,main,000721,,0.5035839902745796,0.030500197043139374,0.4679915556970821,0.046575774622755084,0.5102430931362865,0.01423245171512836,0.5218139855905337
2026-09-09,main,000722,,0.4989809763232613,0.05278826273678175,0.46743496967534404,0.07698936744506399,0.5102153334447459,0.01371432107057436,0.5217549519735124
2026-09-09,main,000723,,0.34176455759046337,0.0309801837944772,0.44848242887093126,0.039488165653363674,0.5092671616131744,-0.003982484812268386,0.5197382987389723
2026-09-09,main,000725,,0.41294333469816746,0.03691783708885544,0.45704789256708817,0.051646604651226086,0.5096964493108733,0.004029636387324807,0.5206514098593045
2026-09-09,main,000727,,0.5067913485253455,0.03540303990445583,0.46837942936900867,0.04442933232583486,0.510262435920121,0.014593482686435538,0.5218551195742769
2026-09-09,main,000728,,0.3445272588275251,0.019773001336622215,0.44881434884293464,0.026235909774724977,0.5092838240530156,-0.003671505921522468,0.519773742325188
2026-09-09,main,000729,,0.4414940000771695,0.024665183158482967,0.46049104280601183,0.032973021206839453,0.509868637797455,0.007243394766447538,0.5210176313080799
2026-09-09,main,000731,,0.5015244410128078,0.042463854873598314,0.46774250973502884,0.05057825020275035,0.5102306724882232,0.014000621962323267,0.5217875719629892
2026-09-09,main,000733,,0.4108827489728057,0.033456212282864106,0.45679954498547626,0.04374324104403396,0.5096840218704494,0.0037976899667116967,0.5206249777137245
2026-09-09,main,000735,,0.37763317791561807,0.055592677048212066,0.452795266799246,0.07711095809559815,0.5094834912901612,5.500704956111491e-05,0.5201984532664631
2026-09-09,main,000736,,0.6960729610064024,0.044690165122349156,0.49132138544896276,0.059238244525842726,0.5114038900798772,0.035899654015536867,0.5242820895807286
2026-09-09,main,000737,,0.12140315498574558,0.030951919888436364,0.4221794494777678,0.04884575812872631,0.5079380518474738,-0.028787101260086684,0.5169106013016429
2026-09-09,main,000738,,0.19692349150851293,0.027547528136941484,0.43115190526453745,0.030596196693416688,0.5083935663316409,-0.020286279612941736,0.5178798162187774
2026-09-09,main,000739,,0.32789113909845474,0.041205328504586795,0.44681633059446646,0.05719788050950906,0.5091834877595148,-0.005544123195609187,0.5195603091768266
2026-09-09,main,000750,,0.4688255392920285,0.014871411853015666,0.463790709789899,0.01878088747465712,0.51003347156551,0.010319924227322232,0.5213681937796207
2026-09-09,main,000751,,0.45084028600176307,0.03862368612113694,0.4616190211979237,0.055210295404354126,0.5099250045524479,0.008295443967582111,0.5211375119046312
2026-09-09,main,000753,,0.49129557618966113,0.026729904395428977,0.46650584978850906,0.034982418135684985,0.5101689844687806,0.012849226728694894,0.5216563854249109
2026-09-09,main,000756,,0.6554909301662398,0.02689577108155313,0.4863962372663585,0.03601107178223426,0.5111591715970087,0.03133160490273723,0.5237618391862794
2026-09-09,main,000758,,0.4242751202144651,0.028534040532423352,0.4584140095233873,0.03910567224351834,0.5097647913582285,0.005305180062751963,0.5207967661698305
2026-09-09,main,000759,,0.35970308521761235,0.06568867469557686,0.4506384277460017,0.08369272514633622,0.5093753523268116,-0.0019632641494366776,0.5199684343430065
2026-09-09,main,000761,,0.6414506853215037,0.02203812003385445,0.48469284043696936,0.028366131983205714,0.5110745046118703,0.029751187987203942,0.5235818350714594
2026-09-09,main,000762,,0.4828507309164793,0.03752591759872949,0.465485185537968,0.04867208753224642,0.5101180552428498,0.011898646702036622,0.5215480769204361
2026-09-09,main,000766,,0.5851718845306066,0.04100761028758746,0.47786892508788154,0.053292814720682924,0.51073511984271,0.023416257952902697,0.52286024704493
2026-09-09,main,000767,,0.4204565056770173,0.058572078501066965,0.4579535809956398,0.08467782784490212,0.5097417613181204,0.004875344039547112,0.5207477840146373
2026-09-09,main,000768,,0.13968181604250596,0.022905108023962475,0.42434663687867075,0.031659335513993234,0.508048304114859,-0.026729594040885003,0.5171451984196274
2026-09-09,main,000776,,0.3257805703875851,0.029340540405495927,0.44656297010530727,0.03938952564658961,0.5091707583774404,-0.005781695868232788,0.5195332311172143
2026-09-09,main,000777,,0.52133046496746,0.024280597761969152,0.47013815261770314,0.03497182167886705,0.5103501173469255,0.016230054257382234,0.5220415782684444
2026-09-09,main,000778,,0.5000308574055535,0.019288183136833073,0.46756191183356755,0.025017505206061243,0.5102216650354958,0.013832499196390673,0.5217684167435294
2026-09-09,main,000779,,0.6941754882673972,0.042927653211315,0.4910910578884966,0.05998326626843524,0.5113924480269846,0.03568606813817865,0.5242577656714145
2026-09-09,main,000782,,0.5003197348839206,0.04683230034796082,0.4675968410321116,0.06309851763502852,0.51022340718839,0.013865016211469579,0.5217721216040604
2026-09-09,main,000783,,0.2673673104000688,0.04082252233513278,0.4395622924863549,0.056406544838540656,0.5088184483398509,-0.01235688776813229,0.5187837588742172
2026-09-09,main,000785,,0.4128594414507136,0.02270450739003719,0.4570377810993829,0.03312440765534621,0.509695943348981,0.004020193082821123,0.5206503337216549
2026-09-09,main,000786,,0.5176851358353848,0.021075936532108784,0.46969712423774485,0.026335368937181896,0.5103281334255442,0.015819723818937072,0.5219948288697714
2026-09-09,main,000788,,0.7201700554079302,0.038705609205820765,0.49424673456540696,0.053830429023181865,0.5115491982272973,0.03861210355103448,0.5245909827929837
2026-09-09,main,000789,fusion,0.9155353369776337,0.05582082756034014,0.5297450946379993,0.06562646214620138,0.5103390563480185,0.060603073018809905,0.5220819917070977
2026-09-09,main,000791,,0.4471363071640882,0.04175518710147258,0.4611719501805342,0.060303706749150324,0.5099026661617851,0.007878511722128188,0.521090002928172
2026-09-09,main,000792,,0.43047474319612294,0.02948341700295941,0.45916167849907963,0.04268427360571483,0.5098021811568794,0.0060030303594164405,0.5208762891587602
2026-09-09,main,000795,,0.5631646776223695,0.025411370977885744,0.4752026121435809,0.034318129689137784,0.5106024044474388,0.02093905314301231,0.5225780518506773
2026-09-09,main,000796,,0.49082388160985224,0.0329197042126753,0.46644883217622846,0.04506177660107739,0.5101661397757015,0.012796131209269195,0.521650335807629
2026-09-09,main,000797,,0.6099162862491951,0.03262107487019375,0.48086836597556337,0.0400448645335913,0.5108843401991535,0.026201570564845483,0.523177523449962
2026-09-09,main,000798,,0.4744577389744654,0.046676148321555345,0.46447107467579446,0.0672398807667173,0.5100674385262034,0.010953903459751474,0.5214404314481915
2026-09-09,main,000799,,0.5151045280597312,0.027919886599282216,0.46938493922293345,0.03733583820406543,0.5103125705053093,0.015529241977195636,0.5219617337207072
2026-09-09,main,000800,,0.4985018700865443,0.017804876511116507,0.46737704186716317,0.02224868987385901,0.5102124440644044,0.013660391270259732,0.5217488074049225
2026-09-09,main,000801,,0.48769478860924637,0.025469753843893706,0.46607061517459036,0.03049206529024421,0.5101472688421711,0.012443910036268178,0.5216102041382972
2026-09-09,main,000802,,0.5837693928815586,0.0609861601519417,0.47769896506894965,0.0872829039323706,0.5107266621022477,0.023258388802431237,0.5228422635331939
2026-09-09,main,000803,,0.5565445340372994,0.03639714022360264,0.4744008092634018,0.04464285203535545,0.5105624810972974,0.020193867640850183,0.5224931598897592
2026-09-09,main,000807,,0.07728592963458111,0.03984246015900556,0.41696122438249666,0.05746394112207031,0.507671944725561,-0.03375308369005227,0.5163443491277209
2026-09-09,main,000810,,0.679913225383766,0.05467429337361605,0.4893599396686785,0.06697039187230983,0.5113064440036427,0.034080660129676296,0.524074932497437
2026-09-09,main,000811,,0.32938223990429105,0.07722085471062659,0.44699534452227374,0.10776424398274598,0.5091924809643427,-0.0053762799021076155,0.519579439551555
2026-09-09,main,000812,,0.7700832897429726,0.02144108996717599,0.5003071478482061,0.025245947916420736,0.5118501743205347,0.044230504136238843,0.5252307450152628
2026-09-09,main,000813,,0.5255093184436859,0.03854364777030717,0.4706437865170363,0.051364703775459895,0.5103753187494324,0.01670043998030917,0.5220951693567301
2026-09-09,main,000815,,0.4224997344062051,0.07035201423512599,0.45819993392514313,0.09710640833401583,0.5097540840228045,0.005105336698622613,0.520773992980071
2026-09-09,main,000816,,0.4861847666894549,0.0350539196546972,0.46588811104749467,0.04754128434927482,0.5101381621918878,0.012273936918900559,0.521590837499878
2026-09-09,main,000818,,0.5693852437642228,0.0447693406767636,0.4759561365506075,0.061369722412161105,0.5106399179879049,0.021639260871830115,0.5226578187292602
2026-09-09,main,000822,,0.5955229955229956,0.04027558584124053,0.47912347350048723,0.05138341829576693,0.5107975421347073,0.024581413624177706,0.5229929727913799
2026-09-09,main,000823,,0.2618461065457246,0.06784233490958211,0.43890178820315817,0.09517758641421714,0.5087851476419634,-0.012978372938940021,0.5187129145567435
2026-09-09,main,000825,,0.5691533567074718,0.017284065642628348,0.47592804507055175,0.02213920085130501,0.5106385195796365,0.021613158889205508,0.5226548452414078
2026-09-09,main,000828,,0.627768097678967,0.013609750873454653,0.4830331772360873,0.01978424969639984,0.5109919937980372,0.02821103016248916,0.5234064104354452
2026-09-09,main,000829,,0.5588075561776222,0.03605743181509661,0.4746748819819263,0.04788455359756195,0.5105761284637993,0.020448600981354093,0.5225221794048157
2026-09-09,main,000830,,0.3653827813151809,0.037432627987884735,0.4513214505196998,0.05022707047890097,0.5094096074848572,-0.0013239385616745022,0.5200412981096786
2026-09-09,main,000831,,0.4416904626928935,0.04306932343003025,0.46051474923421765,0.057125231792378,0.5098698226514594,0.007265509255517624,0.5210201512704487
2026-09-09,main,000833,,0.1923403192392659,0.04713257474358491,0.43060603330615077,0.06796753982989466,0.5083659224938986,-0.02080217681140382,0.5178210003406546
2026-09-09,main,000837,,0.6475963038389245,0.03553382687811784,0.4854384004718521,0.050396058887234384,0.5111115646560024,0.030442959360762842,0.5236606262362449
2026-09-09,main,000839,,0.43427273587708826,0.04121765328825713,0.4596198040653666,0.054135297098394715,0.5098250867184527,0.006430545117488452,0.5209250057488614
2026-09-09,main,000848,,0.6226886459135562,0.021109944535763113,0.4824171459131587,0.028656445334320373,0.5109613627654321,0.02763927008419534,0.5233412852453427
2026-09-09,main,000852,,0.5572579470021304,0.03269302354398278,0.4744872084539808,0.04244690061355816,0.5105667834025523,0.020274171790090306,0.5225023082471772
2026-09-09,main,000856,,0.7652015905193357,0.039369701074205336,0.4997143922085776,0.05170731696699888,0.5118207381192033,0.043681003745405275,0.5251681775198855
2026-09-09,main,000858,,0.4216541082613545,0.012030513146639199,0.4580979739466624,0.015015208013800869,0.5097489840561824,0.005010150191669345,0.5207631459526383
2026-09-09,main,000859,,0.6581372459645408,0.04594431665997595,0.48671733136675144,0.060567992080648385,0.5111751296218191,0.03162948305925997,0.5237957658058229
2026-09-09,main,000860,,0.5586457529043477,0.013742125480297449,0.4746552856144099,0.01814955553945491,0.510575152694562,0.020430387863783886,0.5225201045505641
2026-09-09,main,000862,,0.6163841582570603,0.042030772479317136,0.48165261788234676,0.06186750024292881,0.5109233441844322,0.02692961586902455,0.5232604523952179
2026-09-09,main,000863,,0.7033011996642048,0.045432163872191636,0.49219882889955996,0.06154287664651008,0.5114474773628097,0.036713288732782234,0.5243747481015535
2026-09-09,main,000869,,0.8568197707125824,0.04595946722356143,0.5108373454426309,0.06254907015808056,0.5123731735008266,0.053993852513286256,0.526342290497497
2026-09-09,main,000875,,0.436105188428374,0.026633948445179054,0.459840864589204,0.03311585133614519,0.5098361381612164,0.006636812105065233,0.5209485103490431
2026-09-09,main,000876,,0.1622336054191593,0.021085774807431776,0.4270244682247201,0.0340859998961011,0.5081843297332183,-0.024191089207063015,0.5174346284943285
2026-09-09,main,000878,,0.13233798154275062,0.031728588143980635,0.4234755694511284,0.044587884473286266,0.5080040080532525,-0.027556240612696153,0.5170509450217391
2026-09-09,main,000880,,0.33845864578588275,0.03942125131779154,0.44808530613507136,0.05257843343959883,0.5092472229275946,-0.004354609301192754,0.5196958858679014
2026-09-09,main,000882,,0.5590352012715714,0.020262336514095283,0.4747024527362236,0.02870073522445568,0.5105775012979399,0.020474225474459012,0.5225250985681215
2026-09-09,main,000883,,0.43312707048324606,0.01849946863657284,0.4594816031554114,0.025103185932503835,0.5098181772547073,0.006301585189225654,0.5209103104197693
2026-09-09,main,000886,,0.512536382345388,0.01838926245984456,0.46907428557078257,0.025155638808897894,0.510297082720418,0.01524016290675307,0.521928798200632
2026-09-09,main,000887,,0.5007897108186493,0.03583154350287415,0.46765366816463255,0.04571059452004818,0.5102262415034295,0.013917918274457278,0.521778149051483
2026-09-09,main,000888,,0.49612046872840954,0.01941956517092194,0.4670891243166799,0.02499215619439317,0.5101980823663267,0.013392332769094697,0.5217182656802791
2026-09-09,main,000889,,0.641821053336275,0.061915689976133385,0.48473776999731427,0.08541536968551755,0.5110767380528405,0.029792877849595237,0.5235865834839601
2026-09-09,main,000890,,0.7483554823246918,0.06516004744978632,0.4976688863194117,0.09350172637452238,0.5117191569940315,0.04178474946735393,0.5249522591862018
2026-09-09,main,000892,,0.723241023530409,0.05570556521620791,0.49461957772374504,0.07643832991261897,0.5115677163654009,0.03895778199336225,0.5246303472382768
2026-09-09,main,000893,,0.5603719735910963,0.044398146450839775,0.4748643561962368,0.056869470446357456,0.5105855628199945,0.02062469703740942,0.5225422403811361
2026-09-09,main,000895,,0.3534298384581982,0.014316429399767273,0.449884242656569,0.019283734204103134,0.5093375172672245,-0.0026694017847507523,0.5198879550379399
2026-09-09,main,000897,,0.7498611850180319,0.02563992316805687,0.497851711173804,0.0333995594941895,0.5117282363396986,0.04195423639814708,0.5249715583162493
2026-09-09,main,000898,,0.5262020492486982,0.018586350333197763,0.4707276115726262,0.02412740991585919,0.5103794963944887,0.016778416076471264,0.5221040531313575
2026-09-09,main,000899,,0.5555937124915016,0.030929607536670276,0.47428566065311606,0.04493500227809625,0.5105567470744105,0.020086839987753666,0.5224809671311388
2026-09-09,main,000901,,0.519080545611394,0.02793981360992904,0.46986594166090273,0.03557033113726081,0.5103365487413961,0.01597679581009486,0.5220127243002397
2026-09-09,main,000902,,0.3136524651838925,0.022256698097048618,0.44510760935690824,0.03164770367412502,0.5090976104293916,-0.007146875950862844,0.5193776283934933
2026-09-09,main,000905,,0.41215106004549235,0.03349565936147507,0.4569524028664997,0.05217298119588124,0.5096916710854377,0.003940455302758078,0.5206412469767193
2026-09-09,main,000906,,0.6525061204352789,0.030132534264008776,0.4860340850614255,0.04094305143267599,0.511141172331766,0.03099562473710446,0.5237235727025125
2026-09-09,main,000908,,0.6928007097702665,0.08500903014439432,0.49092418070596805,0.13455699771873225,0.5113841578934245,0.035531318472770135,0.5242401421645018
2026-09-09,main,000912,,0.40844167181011726,0.05544442665326328,0.4565053673044294,0.07262257705493011,0.5096692996618319,0.0035229141574079706,0.5205936646681049
2026-09-09,main,000915,,0.4565618646507638,0.007668618998834484,0.46230973802970277,0.011065538524727074,0.5099595108431163,0.008939483995404347,0.5212108988143881
2026-09-09,main,000917,,0.6067918969088086,0.0379438436936292,0.48048955646248226,0.049608906103125815,0.5108654987714119,0.025849878851569558,0.5231374630908763
2026-09-09,main,000919,,0.7123510155435148,0.031916630470204425,0.49329746263295726,0.04639339952387469,0.5115020487638721,0.03773196627411339,0.5244907549860774
2026-09-09,main,000920,,0.6566121237124826,0.04384530068964616,0.4865322773588462,0.06196281851046875,0.5111659327106269,0.031457810197991265,0.5237762132748903
2026-09-09,main,000921,,0.2333210813914599,0.033798569040874034,0.4354928228978278,0.05062609115835616,0.508613100006967,-0.016189245168615855,0.5183468889909225
2026-09-09,main,000922,,0.52251893442309,0.035018047552576134,0.47028194913370464,0.047555802717988115,0.5103572846524279,0.0163638323539926,0.522056819670872
2026-09-09,main,000923,,0.2739803023863679,0.03504166385832796,0.4403536895480681,0.04663457164169365,0.5088583339671988,-0.011612507273845434,0.5188686112771431
2026-09-09,main,000925,,0.5249786867751911,0.054615483158820505,0.4705795776597135,0.076553226080427,0.5103721186731118,0.0166407103050734,0.5220883643775542
2026-09-09,main,000926,,0.7575307724862073,0.041039101873835276,0.49878297275920097,0.05450206672784033,0.5117744836201374,0.042817550813522884,0.5250698610035641
2026-09-09,main,000927,,0.4843986949415819,0.023033960174830684,0.4656722548040752,0.030284902265607486,0.5101273907297709,0.012072890709670603,0.5215679303276091
2026-09-09,main,000928,,0.4904551097490095,0.025408899172858806,0.4664042562918726,0.03481370671265087,0.5101639157879315,0.01275462101530224,0.5216456061990975
2026-09-09,main,000930,,0.41469798086999166,0.03772750138468668,0.4572593842912602,0.05272920826055072,0.5097070316132887,0.004227145228615871,0.5206739174767646
2026-09-09,main,000931,,0.7871866981393547,0.04338730821711552,0.5023838950050179,0.05989995928300356,0.5119533056643497,0.04615572098550558,0.5254499487811701
2026-09-09,main,000932,,0.331791208367201,0.017336267568048302,0.4472845819603249,0.02354642805677446,0.5092070100478078,-0.00510511835543441,0.5196103457708506
2026-09-09,main,000933,,0.11214054182453305,0.04168322686617909,0.4210823763766351,0.061427310227250134,0.5078821818086261,-0.029829731975142187,0.5167917176218355
2026-09-09,main,000935,,0.6561711857185871,0.03655681150388482,0.4864787758792482,0.04854615278131737,0.5111632737305258,0.03140817674273745,0.5237705603021721
2026-09-09,main,000936,,0.6273561128243383,0.025007344907524154,0.48298321013798207,0.0357026808571041,0.5109895093752119,0.0281646557694213,0.5234011282824275
2026-09-09,main,000937,,0.5359591422283864,0.024838075303325616,0.47190845824915834,0.036576137821939914,0.5104383382477319,0.017876707093619132,0.5222291793471506
2026-09-09,main,000938,,0.4584963655226418,0.0638337668208244,0.4625433064963772,0.08293825988050282,0.5099711776104084,0.009157237883234588,0.5212357111722337
2026-09-09,main,000948,,0.675256671492347,0.03018078202197798,0.48879479190481223,0.040561346864719856,0.5112783639967223,0.03355650285040705,0.5240152370269836
2026-09-09,main,000949,,0.4977526049038956,0.05408133526879392,0.4672864514272901,0.069850924630102,0.5102079254157647,0.01357605147547887,0.521739198017118
2026-09-09,main,000950,,0.592748028210466,0.03485094837689325,0.47878712264197276,0.05048926614135475,0.5107808077494939,0.024269054022954803,0.5229573914592265
2026-09-09,main,000951,,0.355274003048051,0.037590686273334575,0.4501059288935926,0.05065410792772576,0.5093486397608202,-0.002461816450943441,0.5199116138805495
2026-09-09,main,000953,,0.8141364814313072,0.026899614833171798,0.5056560237345679,0.03235667008025661,0.5121158073086644,0.04918927872296387,0.5257953274848257
2026-09-09,main,000957,,0.5833189816104505,0.024732665279316748,0.47764438337179677,0.03308011252373096,0.5107239458910942,0.023207689003412205,0.5228364881020109
2026-09-09,main,000959,,0.48130334731098706,0.025588643222167824,0.46529819611778783,0.03388466227540002,0.5101087232492795,0.01172446802837513,0.5215282308893978
2026-09-09,main,000960,,0.2943383864231185,0.053469034660086824,0.44279189095199994,0.0748096364898253,0.5089811210896764,-0.009320933249650873,0.519129822394488
2026-09-09,main,000962,,0.47543639616333216,0.06866459513515369,0.4645893091821621,0.09397485543553732,0.5100733406530452,0.011064064385924582,0.5214529834532863
2026-09-09,main,000963,,0.43160536102311775,0.024690847712287935,0.45929804992072565,0.03133801930127557,0.509808999877921,0.006130296483230227,0.5208907915571761
2026-09-09,main,000965,,0.7994825163432642,0.02820229028847076,0.503876843465893,0.036510619009342715,0.512027447231903,0.047539779404334806,0.5256075305934022
2026-09-09,main,000966,,0.47076545427280464,0.03201206213353812,0.464025034765362,0.043091281810518314,0.5100451709154296,0.01053828754535685,0.5213930749117655
2026-09-09,main,000967,,0.5320166985591225,0.049153467408520564,0.47143128762869335,0.06288697153627372,0.5104145626873895,0.017432932449206302,0.522178621277265
2026-09-09,main,000968,,0.3658791540930677,0.04467896125025783,0.45138115153637975,0.06367133649545997,0.5094126011844925,-0.0012680651817400593,0.5200476659434171
2026-09-09,main,000969,,0.3404446532447459,0.038175454503646206,0.44832386742184893,0.05188530015415102,0.5092592009815475,-0.004131057659674239,0.5197213651897815
2026-09-09,main,000970,,0.4506361724002655,0.032694915814332134,0.46159438302972405,0.044070720351906276,0.5099237735611949,0.008272468257965612,0.5211348938574255
2026-09-09,main,000972,,0.615817476500426,0.03527894205749223,0.4815839020850986,0.06315642071285343,0.5109199268606931,0.026865828275302858,0.5232531866377634
2026-09-09,main,000973,,0.3896574878864496,0.0539960595524445,0.4542426886206919,0.07481016325839196,0.5095560111334251,0.0014085035936503981,0.5203527041663882
2026-09-09,main,000975,,0.3129984057776627,0.04467413893310676,0.44502914938894195,0.06378663087499269,0.5090936656055902,-0.007220499065046411,0.5193692367509165
2026-09-09,main,000977,,0.4714605142941756,0.06566184043832746,0.46410899588391635,0.09074366764262225,0.5100493627203759,0.010616525825902036,0.5214019896478846
2026-09-09,main,000978,,0.5206248782449732,0.05736437350468836,0.4700527838885604,0.07393843919598617,0.5103458621614286,0.016150631056154233,0.5220325295257849
2026-09-09,main,000980,,0.38970236110645884,0.03072000808533218,0.4542480916819999,0.042129712381788434,0.5095562817676531,0.0014135546733674079,0.5203532798041934
2026-09-09,main,000981,,0.5324372285849309,0.03409839088458694,0.4714821836831304,0.04396628238760093,0.5104170987656955,0.017480268715320386,0.5221840141943609
2026-09-09,main,000983,,0.24987896790651742,0.031058576256123606,0.43747089950935913,0.04218002679134535,0.508712968538577,-0.014325434086739437,0.5185593578269492
2026-09-09,main,000985,,0.763901015277332,0.04184157652434516,0.49955647117564883,0.06278323497317864,0.5118128957552074,0.04353460664655717,0.5251515082449302
2026-09-09,main,000987,,0.4978506166699245,0.023483112273756584,0.4672983014870859,0.030796583722644207,0.5102085165026249,0.013587084007650942,0.5217404550270212
2026-09-09,main,000988,,0.17495006577539277,0.06358003268527002,0.4285363373796258,0.09196609625915603,0.5082610310687125,-0.02275968190078412,0.5175978266323233
2026-09-09,main,000989,,0.597182556525073,0.030708998864123937,0.4793246362021049,0.04144092704214264,0.5108075500727769,0.024768219360761845,0.5230142519904483
2026-09-09,main,000990,,0.5137982051560013,0.041757617437481506,0.46922691795812155,0.05580766142610382,0.5103046924313862,0.015382197902321301,0.5219449806358858
2026-09-09,main,000993,,0.5014271396954578,0.044134122969665714,0.467730744207596,0.06007437217172271,0.5102300856869821,0.013989669400630497,0.5217863240749131
2026-09-09,main,000995,,0.6591201696144398,0.04022173046254203,0.4868365984672125,0.05410603161400825,0.5111810569206902,0.03174012423255548,0.5238083671471886
2026-09-09,main,000997,,0.44149129961839767,0.03355111177393492,0.4604907169527336,0.04544870251064129,0.5098686215111526,0.0072430907937768435,0.521017596670162
2026-09-09,main,000998,,0.34419419219511826,0.03194691010298085,0.4487743307042806,0.04434867749175054,0.509281815258278,-0.0037089970155650895,0.5197694693163616
2026-09-09,main,000999,,0.37041199474814474,0.013860844248108496,0.4519264014800538,0.019413613763737646,0.5094399394038799,-0.0007578334780966242,0.5201058162434209
2026-09-09,main,001201,,0.6221539286940375,0.0037829527613668784,0.4823522989683367,-0.011546934736689468,0.5109581382117426,0.027579080525672706,0.5233344294276442
2026-09-09,main,001203,,0.4673942942585146,0.05415649801548783,0.46361783799458123,0.07047404579271757,0.5100248399242766,0.010158818499733262,0.5213498367232421
2026-09-09,main,001205,,0.5944349537357987,0.025852381314101603,0.47899159083140735,0.03666798477063824,0.5107909807232214,0.024458940001793716,0.5229790216724142
2026-09-09,main,001206,,0.7339345632481413,0.036967639715026965,0.4959179136739754,0.05360140281123148,0.5116321988593514,0.04016148258717116,0.5247674173405429
2026-09-09,main,001208,,0.543035644501092,0.036230327877427096,0.4727650854274083,0.04904400676185849,0.510481014149688,0.018673261855894997,0.5223199275783513
2026-09-09,main,001210,,0.7297800515904462,0.06414470340153125,0.4954134939768139,0.09373285638504744,0.5116071470253085,0.03969383686074615,0.5247141651317572
2026-09-09,main,001211,,0.6343342810850625,0.06250557933285208,0.48382959418634397,0.09141573761837009,0.5110315902674566,0.02895014172644296,0.5234905962825989
2026-09-09,main,001212,,0.7894080940174237,0.043913599354711993,0.5026536190463201,0.05585501703867381,0.5119667003201291,0.04640576873471648,0.5254784183150052
2026-09-09,main,001215,,0.9103419128491476,0.03430535061134034,0.5173309727133387,0.0477364134758185,0.5126958851227915,0.0600184838301623,0.5270280579953538
2026-09-09,main,001221,,0.6544177870720296,0.033518645836590914,0.4862660292662025,0.04834690584049632,0.5111527002373576,0.031210808327062592,0.5237480810841926
2026-09-09,main,001222,,0.6872021423890854,0.038442504143022,0.49024462113055983,0.06297652401696727,0.511350397574737,0.034901125004649175,0.5241683726047307
2026-09-09,main,001223,,0.6030797007993443,0.04772581215421426,0.48003950884078955,0.06590322641182479,0.5108431125728585,0.025432021642521396,0.5230898655920179
2026-09-09,main,001227,,0.48369780434139736,0.011005533071654305,0.46558755196556223,0.014494234954437909,0.5101231637880778,0.011993996119674534,0.5215589410661128
2026-09-09,main,001229,,0.5625070772796205,0.06972503534006483,0.4751229606743951,0.09863093911489756,0.5105984387375715,0.020865031449171928,0.5225696193150164
2026-09-09,main,001230,,0.7618480362524813,0.056693624529038866,0.49930719046706895,0.07520798826340101,0.5118005164451458,0.04330351646159322,0.5251251954111334
2026-09-09,main,001231,fusion,0.9310744005129931,0.05639900517626448,0.5331637883634202,0.05350375667097148,0.5104161892900665,0.06235220197876788,0.5216727781636489
2026-09-09,main,001236,,0.5461939959266038,0.023774010494281458,0.4731474633315113,0.031461431307815466,0.5105000610095509,0.01902877645505449,0.5223604294296388
2026-09-09,main,001258,,0.4744263661638358,0.07578486265458263,0.46446728449856123,0.11561769702901845,0.5100672493216941,0.010950372031264644,0.521440029068153
2026-09-09,main,001266,,0.756720159965906,0.04603358182660525,0.4986845455324796,0.06258248798858873,0.511769595671242,0.04272630555724749,0.5250594713070897
2026-09-09,main,001267,,0.47455865095406713,0.07619937850343347,0.46448326596988004,0.10991092208213754,0.5100680471105343,0.010965262449662706,0.5214417257205086
2026-09-09,main,001268,,0.8267255076469107,0.07131718902559389,0.5071843811092788,0.09653679627832215,0.5121917156691946,0.0506063416161862,0.5259566554676312
2026-09-09,main,001269,,0.7158057936712874,0.045558535545012935,0.49371688503576583,0.060098497616276725,0.5115228813898111,0.0381208476542407,0.5245350400577836
2026-09-09,main,001270,,0.46806351995378503,0.06638620049504365,0.46369866880308136,0.0860812355952379,0.5100288759328118,0.010234148782132968,0.5213584201759753
2026-09-09,main,001277,,0.8108006459806437,0.04392003261391714,0.5052510212796835,0.06266504308285073,0.5120956930459251,0.048813785928360595,0.5257525779524151
2026-09-09,main,001278,sniper,0.9464032277737568,0.05689518953006877,0.5017227445235133,0.06268821883155895,0.5113309302268523,0.06407766604054893,0.5307449483526144
2026-09-09,main,001280,,0.3212912781636013,0.022226392148428028,0.44602415129853556,0.06389865700790526,0.5091436822632648,-0.006287025614830195,0.5194756342586612
2026-09-09,main,001282,,0.8543631824011497,0.06167556188041735,0.510539192845137,0.08336888788910976,0.512358361258111,0.05371733071720482,0.5263108123635051
2026-09-09,main,001283,,0.3847946343975977,0.03199268930054837,0.4536572299019548,0.04473373823256101,0.5095266828149331,0.0008611245417513916,0.5202903227133743
2026-09-09,main,001286,,0.31775770901595657,0.022683570190487563,0.445600130475308,0.03124755329280191,0.5091223703311535,-0.006684775975660834,0.5194302988010782
2026-09-09,main,001287,,0.4274837825248753,0.0513050696674338,0.45880094815799455,0.06769091905473518,0.5097841427482732,0.005666357823373963,0.5208379240330568
2026-09-09,main,001288,,0.4854697745310085,0.035523629381378506,0.4658016989151368,0.04671004520135813,0.5101338502100536,0.012193455010345668,0.521581667415246
2026-09-09,main,001289,,0.5117572726647851,0.022914286752870786,0.4689800459308076,0.03540745090001214,0.5102923841189666,0.01515246371547136,0.5219188063690843
2026-09-09,main,001296,,0.8377908551215647,0.048087970676623744,0.5085276479563153,0.06063603619872593,0.5122584362023627,0.051851894134577886,0.5260984530806231
2026-09-09,main,001298,,0.5912950287484378,0.03150358979654947,0.4786110137633734,0.04072158239384045,0.5107720454554818,0.024105499544137363,0.5229387606399634
2026-09-09,main,001299,,0.7523167934002523,0.06097139904272659,0.4981498763224299,0.0890242379132638,0.511743043573837,0.04223064789011913,0.5250030325672664
2026-09-09,main,001301,,0.4840690580614183,0.048347408897128456,0.46563241784170445,0.06495754294964073,0.5101254027508401,0.012035785680010853,0.5215637025766668
2026-09-09,main,001309,,0.44738341233305934,0.07747458548498075,0.4612017738895185,0.10745080808518848,0.5099041564338965,0.00790632670635933,0.521093172427296
2026-09-09,main,001311,,0.7466969766309968,0.034661052101700784,0.49746750860113387,0.04500730273537525,0.511709156241542,0.04159806251981066,0.5249310014391748
2026-09-09,main,001313,,0.49303147367738187,0.03975255302679129,0.46671568955215786,0.05658405865196471,0.5101794533041345,0.01304462515540069,0.5216786487496969
2026-09-09,main,001314,,0.6833360408589023,0.0464969549165513,0.4897753708446227,0.06572336364129377,0.5113270842609301,0.03446594368672784,0.524118811413597
2026-09-09,main,001316,,0.5254153243874277,0.034973593177103676,0.470632412735727,0.05260998537599252,0.5103747519002625,0.016689859694985605,0.522093963949446
2026-09-09,main,001317,,0.6381166382416528,0.0498584673023912,0.48428839646311805,0.06628414884130325,0.5110543991912728,0.029375896497600307,0.523539089744528
2026-09-09,main,001324,,0.5956107123788569,0.0273050274235377,0.47913410587820765,0.04300439457450616,0.5107980711090683,0.0245912873268313,0.5229940975152699
2026-09-09,main,001326,,0.6545855302239143,0.05535711840469501,0.4862863819750211,0.07635909636025706,0.5111537117767649,0.031229690057234333,0.5237502316174919
2026-09-09,main,001330,,0.49219360593362216,0.04911282496509138,0.4666144044642001,0.06372575095116154,0.5101744002998034,0.012950311960021194,0.5216679028944932
2026-09-09,main,001331,,0.5177451178678173,0.06741638403982875,0.4697043807538499,0.09517985139687074,0.5103284951600863,0.015826475597109937,0.5219955981104133
2026-09-09,main,001337,,0.3645223714305785,0.05263586674088029,0.45121796842133866,0.075411347865848,0.5094044182205261,-0.0014207891758165753,0.5200302601257423
2026-09-09,main,001338,,0.536467687800018,0.02516216949775027,0.47197001342559936,0.035338496960297124,0.5104414051126998,0.01793395068392785,0.5222357009246401
2026-09-09,main,001339,,0.5068697560536894,0.0600328599736124,0.4683889118634419,0.08665757317265817,0.5102629087761351,0.014602308500049926,0.5218561251376869
2026-09-09,main,001356,,0.8320787073489933,0.04486301479868324,0.5078342416115023,0.0626114201809659,0.5122239938187058,0.051208915677746894,0.5260252549166397
2026-09-09,main,001359,,0.5937783125929903,0.05112437474193929,0.4789120000958436,0.06855026858952264,0.5107870208618035,0.024385026278706576,0.5229706020531613
2026-09-09,main,001360,,0.5611318276626761,0.03383965629581037,0.47495638843940563,0.04255885061455473,0.5105901451837869,0.020710228752941567,0.5225519841831178
2026-09-09,main,001366,,0.7012903604222044,0.06362346307955571,0.49195472596408674,0.08491606984877295,0.5114353517403732,0.03648694194270706,0.5243489713967835
2026-09-09,main,001368,,0.7316257595688086,0.03946375720399349,0.4956375893702921,0.04940784723538198,0.5116182767088214,0.039901595923525754,0.5247378233431843
2026-09-09,main,001376,,0.48942774065589206,0.030234414420340444,0.4662800742523822,0.04597256077654314,0.5101577199326528,0.012638976914275915,0.52163242986519
2026-09-09,main,001386,,0.6347060341920859,0.036116028345139474,0.483874686874206,0.06310881960585821,0.5110338320694997,0.028991987499450422,0.5234953625351464
2026-09-09,main,001388,,0.7829512660002301,0.03316590263664379,0.5018696210149125,0.048249986939662204,0.5119277666499965,0.04567896657906263,0.5253956667876448
2026-09-09,main,001389,,0.12705329679516508,0.061479375980935114,0.4228490358795363,0.08539258615241561,0.5079721321589247,-0.028151102401839115,0.5169831187370159
2026-09-09,main,001400,,0.663103082475695,0.06742183001830324,0.4873198968507998,0.09188680041176961,0.5112050749441227,0.03218845422456293,0.5238594288338709
2026-09-09,main,001696,,0.5418172551683375,0.044599228340910325,0.4726175849746653,0.07239680171118158,0.5104736664820433,0.018536115877852276,0.5223043032019669
2026-09-09,main,001872,,0.5570949414310915,0.0339324956148592,0.4744674672293604,0.04362083717251773,0.5105658003819724,0.020255823337862813,0.522500217967985
2026-09-09,main,001896,,0.43438206959447845,0.07194615360861259,0.4596329932492363,0.10187629578382743,0.5098257461056838,0.006442852086370583,0.5209264081590226
2026-09-09,main,001914,,0.5020326002661921,0.015036101507715064,0.46780395616231496,0.021891192163650982,0.5102337370760834,0.014057822067358075,0.521794089094107
2026-09-09,main,001965,,0.48337082080802424,0.01969610054917612,0.465548036586405,0.02819126409537859,0.5101211918103156,0.01195718975960329,0.5215547473391121
2026-09-09,main,001979,,0.3209436492177551,0.030410460187066786,0.44598243306615265,0.03933855494414382,0.50914158561849,-0.006326155891575355,0.5194711742165754
2026-09-09,main,002001,,0.27909543676646353,0.033320284269858794,0.4409660416160104,0.04589074820989281,0.5088891853326306,-0.011036730641106732,0.5189342436730988
2026-09-09,main,002003,,0.5447344573215623,0.024049827063430153,0.4729707547615416,0.03565616237738293,0.5104912590709529,0.018864485908430144,0.5223417127346757
2026-09-09,main,002004,,0.45748887014774275,0.018184881493647723,0.4624216610970765,0.024954496335371557,0.5099651015152062,0.009043830834396055,0.521222788815436
2026-09-09,main,002006,,0.49800240393596107,0.0200989613059659,0.4673166533175613,0.025817208603998817,0.5102094318973435,0.013604169689949194,0.5217424017121085
2026-09-09,main,002007,,0.3395414091466875,0.008411680739704212,0.44821536584379085,0.012703090738614014,0.5092537533162456,-0.004232729836136477,0.5197097771054743
2026-09-09,main,002008,,0.3723170054041683,0.07070084035303482,0.45215558744116785,0.09288667800530295,0.5094514287825881,-0.0005433991075892222,0.5201302548268666
2026-09-09,main,002009,,0.6645198905136399,0.03250256081111374,0.4874918222773216,0.042329539488681185,0.5112136186607881,0.03234793487564794,0.5238775924572832
2026-09-09,main,002010,,0.5013348623998005,0.013380897245658524,0.46771958621038506,0.017262165469284697,0.5102295291844022,0.013979282359621648,0.5217851406195959
2026-09-09,main,002011,,0.28293634469349255,0.023785471669405093,0.44142596941156337,0.0248940401662125,0.5089123512981049,-0.010604385199413216,0.5189835260134367
2026-09-09,main,002012,,0.6168149728284004,0.04227459453662474,0.48170485889701714,0.057608676372853364,0.5109259421725577,0.026978109797979016,0.5232659761136256
2026-09-09,main,002015,,0.4764116886144899,0.07024817532897529,0.46470714114425865,0.0972542575934334,0.5100792224848917,0.011173846565968218,0.5214654922761714
2026-09-09,main,002017,,0.5761293634704909,0.02888546669593815,0.4767732048802238,0.03769645244212294,0.5106805887177763,0.02239840154081664,0.5227442978764335
2026-09-09,main,002019,,0.6116928507992289,0.025626032690143775,0.48108377136027297,0.031513210061845445,0.5108950536429246,0.026401546612091042,0.5232003021086535
2026-09-09,main,002020,,0.6607402036641532,0.028877103074650093,0.487033175254213,0.038638887142205154,0.5111908261629399,0.031922480683188675,0.523829136346357
2026-09-09,main,002021,,0.7113244737367901,0.03967293900513648,0.4931728385829534,0.05283229905996146,0.511495858615824,0.037616415295210204,0.5244775961861814
2026-09-09,main,002023,,0.6883113299179975,0.0380780199087115,0.49037925261171067,0.05476768446279008,0.5113570861734471,0.03502597886243987,0.5241825916610888
2026-09-09,main,002025,,0.5370376183988871,0.08301294427195255,0.47203899975756203,0.10706888716472454,0.5104448421689053,0.017998103978196817,0.522243009693392
2026-09-09,main,002026,,0.7052316225229757,0.0304801369692193,0.4924331733049397,0.04037201325332685,0.5114591180513108,0.036930583585818744,0.5243994938362602
2026-09-09,main,002027,,0.37850336636307236,0.018005048668448084,0.45289998891660976,0.02338570878796531,0.5094887394991237,0.0001529583714409491,0.520209616394327
2026-09-09,main,002028,,0.3823761691014846,0.04490733173651834,0.4533661086397554,0.057094223167307875,0.5095120968029488,0.0005888939997718903,0.5202592980226687
2026-09-09,main,002029,,0.679450303054887,0.04218516041031803,0.48930375535183557,0.055861851900707984,0.5113036524870747,0.034028552044152935,0.5240689980180814
2026-09-09,main,002030,,0.610173498822648,0.0322163752021947,0.4808995521176534,0.045683561019334226,0.5108858913015568,0.026230523272328027,0.5231808213701137
2026-09-09,main,002031,,0.48595064087134926,0.04642248405123033,0.46585981497136664,0.06442701409374002,0.5101367502237371,0.012247582933810626,0.5215878347362872
2026-09-09,main,002032,,0.5392185394315271,0.016271250482032425,0.4723029956727882,0.020710959765582213,0.5104579945474312,0.018243595743443267,0.5222709776554233
2026-09-09,main,002033,,0.500076147095478,0.022301088078443502,0.4675673879492958,0.02990294759448814,0.5102219381671002,0.013837597155354167,0.5217689975850383
2026-09-09,main,002034,,0.5538710779687746,0.033361286869628276,0.4740770491201321,0.04487940141871331,0.5105463585503496,0.019892934484743864,0.5224588770429489
2026-09-09,main,002035,,0.765950978193136,0.015103227345940487,0.4998053858765874,0.01953031567863629,0.5118252568638985,0.04376535732819982,0.5251777822821914
2026-09-09,main,002036,,0.7529408500122703,0.04875288002652736,0.4982256508104897,0.06976880486985648,0.5117468066104737,0.042300893789445695,0.5250110312517826
2026-09-09,main,002038,,0.7431518772970329,0.05603519472755543,0.4970370612951481,0.08127427822200317,0.5116877793398888,0.041199014282646704,0.5248855621455698
2026-09-09,main,002039,,0.525386542735773,0.03206903917460129,0.47062893000871814,0.04684084596125297,0.510374578326991,0.01668661993601879,0.5220935948450709
2026-09-09,main,002040,,0.4521521266607504,0.03369169019361266,0.46177737548159553,0.04841405084162233,0.5099329161456894,0.008443109139441643,0.5211543380989108
2026-09-09,main,002041,,0.4278282238740625,0.04361128900308712,0.4588424879509113,0.06066564660488037,0.5097862200666889,0.0057051292935786785,0.5208423422032012
2026-09-09,main,002042,,0.5283542677778121,0.039306550427059876,0.470988054906831,0.05011067652520135,0.5103924757489849,0.017020676991928954,0.5221316536977081
2026-09-09,main,002043,,0.6522110147529756,0.03600917192859679,0.4859982801612943,0.04644340383064992,0.5111393927576505,0.030962406654561056,0.5237197893116085
2026-09-09,main,002044,,0.4562261559784421,0.03634069659053107,0.4622692067960617,0.04708783461737292,0.5099574862190116,0.00890169550451294,0.5212065929262631
2026-09-09,main,002045,,0.6729393254685534,0.02998504019565679,0.48851355525038853,0.03901085338915741,0.5112643898825018,0.03329565463190036,0.5239855291667045
2026-09-09,main,002046,,0.18252674087840196,0.05444552520321906,0.4294377702592243,0.07069865361477148,0.5083067307944639,-0.02190682601196499,0.5176950609701164
2026-09-09,main,002047,,0.713512316461732,0.054238576990147336,0.49343844768850986,0.07506023573866978,0.511509051518362,0.03786268618929087,0.524505641164328
2026-09-09,main,002048,,0.6320585594390433,0.05196873519784856,0.4835535608189561,0.06988265980150207,0.5110178668555094,0.02869397888710598,0.5234614191256451
2026-09-09,main,002049,,0.43411074604036753,0.0261753615633142,0.4596002629537787,0.03373555660306714,0.5098241097642312,0.006412310999712803,0.52092292792452
2026-09-09,main,002050,,0.3481356804334001,0.03276236271906097,0.44924794505586507,0.0410460349787526,0.5093055871815372,-0.0032653299176589254,0.5198200356312788
2026-09-09,main,002051,,0.43921490709776395,0.050256051974001556,0.4602160460494484,0.06918511787966167,0.5098548927191631,0.006986852438549601,0.5209883980421274
2026-09-09,main,002052,,0.6485507322780157,0.041291611627516066,0.48555419352774387,0.05408820622279948,0.5111173201536292,0.030550393017831246,0.5236728625765757
2026-09-09,main,002053,,0.6309405450093031,0.037078626096131814,0.4834179550667463,0.05096588091693436,0.5110111248242699,0.02856813144383763,0.5234470849402348
2026-09-09,main,002056,,0.4541968111501623,0.042494417578304744,0.46202420782847126,0.05918249067285825,0.5099452474443564,0.008673265663756577,0.5211805639462705
2026-09-09,main,002057,,0.4992777083111613,0.03395161420180236,0.46747084740628936,0.046321707533976325,0.5102171229672836,0.013747722215514707,0.52175875757722
2026-09-09,main,002059,,0.5529700914768632,0.06338283961019876,0.47396794299805967,0.06214932498452423,0.5105409250553294,0.0197915164319798,0.522447323268142
2026-09-09,main,002061,,0.6579547869141572,0.016846244310388607,0.4866951921103753,0.022174712995276978,0.5111740293434166,0.03160894485833775,0.5237934266291666
2026-09-09,main,002062,,0.3905683660099681,0.03355286634936393,0.45435236706559085,0.039641387156798574,0.509561504716202,0.0015110350815494555,0.5203643889843841
2026-09-09,main,002063,,0.5964477622586201,0.02853410107024211,0.4792355677203362,0.03736101497610218,0.510803118916748,0.02468550846070411,0.5230048303323385
2026-09-09,main,002064,,0.38624742091347025,0.04545862653057038,0.45383212343061485,0.056884570673805646,0.5095354447114585,0.0010246550506373825,0.5203089593547434
2026-09-09,main,002065,,0.49353711055528404,0.027611677818661043,0.46677681445976726,0.03522394481789645,0.5101825026929071,0.01310154133341547,0.5216851336544838
2026-09-09,main,002066,,0.7241712477179547,0.05196318248883408,0.4947325165088759,0.06630580712674203,0.5115733256716688,0.039062491138928665,0.5246422710265649
2026-09-09,main,002067,,0.6435119080008536,0.03826536937580852,0.48494289168810856,0.05184844618694115,0.5110869344570937,0.029983206105488158,0.5236082615313045
2026-09-09,main,002068,,0.3034957061904625,0.05312399912758077,0.4438895311088521,0.06702571522620825,0.5090363519142859,-0.008290154711149543,0.5192473150073647
2026-09-09,main,002069,,0.7250978386294974,0.03562954594620235,0.49484501471135905,0.0491018076989314,0.5115789130661722,0.03916679131079713,0.5246541482149067
2026-09-09,main,002072,,0.8667396092051725,0.0592300161810157,0.5120412213889658,0.07737233276218546,0.5124329859289372,0.05511046270964798,0.5264693987984976
2026-09-09,main,002073,,0.6053476904269821,0.0195731150099972,0.48031446447076226,0.02616160390996131,0.5108567895672393,0.025687314140010617,0.5231189456340614
2026-09-09,main,002074,,0.44566221189904487,0.02758422402219174,0.4609940439085561,0.03584154239716245,0.5098937760038996,0.007712582629171134,0.5210710953821032
2026-09-09,main,002075,,0.573962990617696,0.018355560718759437,0.47651072918982823,0.024730222703946744,0.5106675243201757,0.02215454736734808,0.5227165188505493
2026-09-09,main,002077,,0.298556874267026,0.0335089672750596,0.44329747034557415,0.044985272437531934,0.5090065642125875,-0.008846086149745594,0.51918394779207
2026-09-09,main,002078,,0.3592115696850041,0.022701662341383884,0.45057932830859504,0.031178619471547438,0.5093723879136639,-0.002018590781598127,0.5199621287415177
2026-09-09,main,002079,,0.5259340555694301,0.03141108945879894,0.4706951823508617,0.039896272264468846,0.510377880207736,0.016748249811662133,0.5221006163067174
2026-09-09,main,002080,,0.3335749329961623,0.06778746310363054,0.4474987712957571,0.09125834259065124,0.5092177681213451,-0.004904336345758799,0.5196332302346616
2026-09-09,main,002081,,0.5959124438902191,0.0687363363559246,0.479170679647573,0.10464133965478814,0.510799890693408,0.024625251234852832,0.5229979663780973
2026-09-09,main,002083,,0.5411196586378899,0.0494823851883771,0.4725331348064085,0.06878063058736382,0.5104694595263514,0.0184575920793624,0.5222953573466429
2026-09-09,main,002084,,0.7796931021887614,0.0772462649757433,0.5014740060004758,0.1057705950248719,0.5119081203732688,0.04531221676393002,0.5253539092169175
2026-09-09,main,002085,,0.5520480044707387,0.023181638216763407,0.4738562842558718,0.030785057622336527,0.5105353643088316,0.01968772323476794,0.5224354988866169
2026-09-09,main,002086,,0.5076703459710752,0.02560477279491945,0.46848573536948446,0.038361757347073616,0.5102677369308143,0.014692425578621826,0.5218663925590592
2026-09-09,main,002091,,0.5301910866675307,0.019135622112833192,0.4712103437366724,0.025478467051873815,0.5104035530161595,0.01722743546916239,0.5221552093965953
2026-09-09,main,002092,,0.2725484731642852,0.039960345787150804,0.440182312288564,0.05406255255184868,0.5088496980360263,-0.01177367875965344,0.5188502393297753
2026-09-09,main,002093,,0.5011769599985829,0.013376253687470568,0.46770049302361105,0.022840498511767806,0.5102285769122483,0.013961508337256137,0.5217831155224434
2026-09-09,main,002094,,0.595644457748868,0.026059338402248174,0.4791381962432628,0.035083999640431913,0.5107982746096932,0.024595085818536852,0.5229945302054069
2026-09-09,main,002095,,0.7325201484988497,0.03174087287182571,0.4957461816370305,0.0394097953031541,0.5116236699011352,0.040002271332661,0.5247492875449685
2026-09-09,main,002097,,0.37376636593675605,0.014448475942529373,0.45232996913757245,0.015028555115178017,0.50946017006666,-0.000380254238839528,0.5201488480012876
2026-09-09,main,002099,,0.57695029539919,0.02900158810029252,0.47687267157780755,0.03817011142542058,0.5106855393765928,0.02249080838421323,0.5227548245083795
2026-09-09,main,002100,,0.27151075639558103,0.03300481861190134,0.4400581157033722,0.04732257500818199,0.5088434391504136,-0.011890487629650285,0.5188369242477928
2026-09-09,main,002103,,0.859222314043474,0.023494212628285986,0.5111289312219826,0.03034705115140214,0.5123876598529563,0.05426429082561143,0.5263730759095245
2026-09-09,main,002104,,0.586257139172986,0.03849008197634691,0.47800044446978635,0.05002613284295676,0.5107416644778895,0.023538417844944787,0.5228741627303226
2026-09-09,main,002106,,0.4463444084650243,0.04346493444141951,0.4610763759219085,0.060586461327445065,0.5098978902809559,0.007789372956157267,0.5210798456130905
2026-09-09,main,002107,,0.5691070060557271,0.033942893062699916,0.47592243003453844,0.044139103285156744,0.5106382400593382,0.02160794150483128,0.5226542508867832
2026-09-09,main,002108,,0.5734533039938758,0.031089322785007346,0.47644897791943225,0.0430654705513822,0.5106644506326128,0.022097175336388927,0.5227099832063503
2026-09-09,main,002110,,0.6397926460364243,0.019795867736037306,0.48449170576574274,0.025573883934470746,0.5110645060841121,0.029564553540174288,0.5235605776369462
2026-09-09,main,002111,,0.4770113007038578,0.003050627502005722,0.46477958646784706,0.0036842509126611966,0.5100828386475387,0.011241340908073695,0.5214731827164958
2026-09-09,main,002112,,0.5671872041220346,0.040411224739925714,0.47568986570249044,0.05272158102163685,0.5106266625763956,0.021391842178641915,0.5226296332012493
2026-09-09,main,002114,,0.6635067021269129,0.03672447110071421,0.4873688745869098,0.04779488916908568,0.5112075088750387,0.03223388700235849,0.5238646032853577
2026-09-09,main,002115,,0.5600153924265511,0.04726753041926724,0.47482116827545406,0.05798519340416322,0.5105834124267221,0.020584559068987943,0.5225376678442737
2026-09-09,main,002117,,0.7033491050113345,0.017155260744950336,0.4922046443460476,0.021805828145476436,0.5114477662381258,0.03671868111886849,0.5243753621928147
2026-09-09,main,002119,,0.48568080228689103,0.05575529660682531,0.4658272029793123,0.07370239760752506,0.5101351228785036,0.012217209000303243,0.521584373939283
2026-09-09,main,002120,,0.47518715022592795,0.01937342210839889,0.4645591966556095,0.02687716101241933,0.5100718374904534,0.011036008429639081,0.5214497866916458
2026-09-09,main,002121,,0.4209380362962954,0.02849095412995781,0.45801163749359985,0.03911247560110867,0.5097446654285183,0.0049295467364708495,0.5207539607290718
2026-09-09,main,002123,,0.7307700401530707,0.03858199046501804,0.4955336925492639,0.04772875918932561,0.511613116692317,0.039805273284245754,0.5247268547795619
2026-09-09,main,002124,,0.41826814000908225,0.03302948566566833,0.45768975164904957,0.03655479037210146,0.509728563279982,0.004629014281254215,0.5207197132176019
2026-09-09,main,002125,,0.5047119547547838,0.035289957852773654,0.4681279588128209,0.0467973183358948,0.5102498956144109,0.01435941916935362,0.5218284516330606
2026-09-09,main,002126,,0.49333033135788085,0.04619287302902725,0.4667518174294972,0.05993632802843339,0.510181255651514,0.013078265575409087,0.5216824816664285
2026-09-09,main,002127,,0.6148556891698459,0.029531407022027882,0.4814672774044941,0.03874608939278397,0.51091412688573,0.026757566276797595,0.5232408549786803
2026-09-09,main,002128,,0.3054525739466126,0.03115916890651193,0.44412416205873584,0.04506867396072508,0.509048154402463,-0.008069883132022435,0.5192724222426373
2026-09-09,main,002129,,0.5035878572260098,0.0469878195289021,0.46799202331377404,0.06286073086159302,0.5102431164569321,0.014232886992113877,0.5218140351838989
2026-09-09,main,002130,,0.3327424379027574,0.02459742974053121,0.44739880300375073,0.031937089625483445,0.5092127471436702,-0.004998044777646211,0.5196225496703795
2026-09-09,main,002131,,0.49908869504193043,0.04696642431238085,0.4674479938581614,0.06278090088257966,0.5102159830716538,0.013726446249799289,0.5217563334721661
2026-09-09,main,002132,,0.6544125632955359,0.04157755940437977,0.48626539545267206,0.054770855265983236,0.5111526687364829,0.03121022032131021,0.5237480141133056
2026-09-09,main,002133,,0.8047647399609432,0.03648676753017213,0.5045181871799621,0.04461890481659883,0.5120592979259231,0.04813436416046456,0.5256752254081397
2026-09-09,main,002134,,0.6599666645042268,0.04695459671669646,0.4869393126224899,0.06191163850815653,0.5111861615142447,0.03183540852834421,0.5238192194114439
2026-09-09,main,002137,,0.7055017362414052,0.03328404816913764,0.4924659641284201,0.038947283605013,0.5114607468694368,0.036960988489326094,0.5244029563646622
2026-09-09,main,002138,,0.3406686462178996,0.05677994641910451,0.44835077518586347,0.07428901073283518,0.5092605519324622,-0.004105844261500097,0.5197242388830582
2026-09-09,main,002139,,0.5572372968784591,0.023358504967067505,0.47448470756124106,0.030011997436520346,0.5105666588700245,0.020271847343108162,0.5225020434432417
2026-09-09,main,002141,,0.6590370565413974,0.07114020811224765,0.48682651354103723,0.10075119756013046,0.5111805557262133,0.03173076874709277,0.5238073016167656
2026-09-09,main,002142,,0.22301121976547372,0.017127483755393504,0.4342621947153025,0.024186680861788414,0.5085509159535012,-0.017349757673255323,0.5182145907125385
2026-09-09,main,002145,,0.4886596551789283,0.025278963778452852,0.4661872355463807,0.03161076678428115,0.5101530877624002,0.012552518644224873,0.5216225789060884
2026-09-09,main,002146,,0.5397760654457032,0.024926790688583694,0.4723704855191119,0.029752769893799588,0.5104613567911807,0.01830635273617364,0.5222781273033473
2026-09-09,main,002148,,0.7920595808267993,0.0289441583045177,0.5029755631102864,0.03816193371424777,0.5119826883317582,0.04670422895753955,0.5255123997014169
2026-09-09,main,002149,,0.4977207213993879,0.06166063220316542,0.46728259657730115,0.0839309384444704,0.5102077331335322,0.013572462561581164,0.5217387891081844
2026-09-09,main,002150,,0.6645871852678196,0.04677728568658577,0.4874999883688281,0.06165685225401574,0.5112140244652913,0.032355509798237134,0.5238784551813177
2026-09-09,main,002151,,0.45508605922079703,0.03030275895844671,0.46213156281760565,0.03923500077296278,0.5099506104115453,0.008773362400564082,0.5211919697205191
2026-09-09,main,002152,,0.6202982574738566,0.02976073844252393,0.48212726014059515,0.040963760315400125,0.5109469477824041,0.02737019996707321,0.5233106370761099
2026-09-09,main,002153,,0.5346810356325347,0.03125396246562952,0.4717537579401291,0.03900074772931658,0.510430630419119,0.017732839140725418,0.5222127889021604
2026-09-09,main,002154,,0.520532405905713,0.023173116663422574,0.4700415958173117,0.03232304317631669,0.5103453044879027,0.016140222060385158,0.5220313436203098
2026-09-09,main,002155,,0.15445274698892017,0.02381151632511256,0.42610006639170234,0.03193119445043596,0.5081373980686464,-0.02506692865406027,0.5173347701277515
2026-09-09,main,002156,,0.3837547523622301,0.06233820336013987,0.453532050850167,0.08605915365887921,0.5095204111818231,0.0007440719420974545,0.5202769828601126
2026-09-09,main,002157,,0.17455394635160815,0.028852060609041254,0.4284892221665751,0.036749299774067545,0.5082586418178062,-0.022804270427896255,0.5175927430451861
2026-09-09,main,002158,,0.5143657104300697,0.051543597986346674,0.4692955663092229,0.0693488460763309,0.5103081149001418,0.015446078193919521,0.5219522586770895
2026-09-09,main,002160,,0.598685377849633,0.030000707705898234,0.4795068055835009,0.03968006781638738,0.5108166127889544,0.024937381955048743,0.5230335213722125
2026-09-09,main,002161,,0.525747676802197,0.02836709627565398,0.47067262928428444,0.0385465854278202,0.5103767562150744,0.016727270394302343,0.5220982261329193
2026-09-09,main,002162,,0.5397057150084121,0.027891258848116524,0.47236196937609815,0.03677815604266322,0.5104609325324323,0.018298433855674083,0.5222772251381307
2026-09-09,main,002163,,0.38948577036781695,0.02029520705345969,0.45422201268493007,0.029634234385997972,0.5095549754903308,0.0013891744954657517,0.5203505013577218
2026-09-09,main,002165,,0.6194895784292705,0.05122073354445862,0.4820291932076036,0.06615060494994968,0.5109420711253871,0.027279172349290587,0.5233002686243452
2026-09-09,main,002166,,0.5300712488627757,0.018131482655017284,0.4711958408116141,0.027494215726815333,0.5104028303130034,0.0172139461250769,0.5221536725778361
2026-09-09,main,002167,,0.42463134050123286,0.05571385136526259,0.4584569643326771,0.07713745513923907,0.5097669397184114,0.005345277409563899,0.5208013354604437
2026-09-09,main,002169,,0.49286816282070367,0.043944228866258324,0.4666959476117343,0.061257415664326034,0.5101784684108318,0.013026242339200647,0.5216765542502805
2026-09-09,main,002170,,0.3649865695519128,0.022438597354411345,0.4512737973303963,0.03338052631989456,0.5094072178710338,-0.0013685374828277183,0.5200362152101606
2026-09-09,main,002171,,0.19355006635015898,0.04622928395209626,0.4307501021198906,0.06482306312783223,0.5083732192031835,-0.020666003630756637,0.5178365250808593
2026-09-09,main,002172,,0.545346924386165,0.04381241212835789,0.47304490626322454,0.06325121497179832,0.5104949526345449,0.018933427249539878,0.5223495668403076
2026-09-09,main,002173,,0.6035488682924729,0.05163257731811086,0.4800963865288051,0.0662085116695366,0.5108459418645409,0.02548483270461885,0.5230958812454405
2026-09-09,main,002174,,0.4089489397048142,0.04212205421707598,0.4565664963894277,0.05649003866630962,0.5096723590109,0.003580013928127901,0.5206001716870158
2026-09-09,main,002176,,0.39463873755342677,0.04673140824151169,0.45484253274109954,0.0639401915085486,0.5095860534419974,0.001969209715320122,0.5204166037662458
2026-09-09,main,002177,,0.641659135109766,0.03883978193414084,0.4847181275722242,0.04974284243765939,0.5110757616327223,0.029774651792504506,0.5235845075640483
2026-09-09,main,002179,,0.30299839023070885,0.0369091660005726,0.4438299062723269,0.048845093710356766,0.5090333524428811,-0.008346134258789273,0.51924093427004
2026-09-09,main,002180,,0.5168608646094466,0.038702250188023035,0.46959740671799416,0.04909592281440486,0.5103231624796104,0.01572694109307539,0.5219842579782079
2026-09-09,main,002181,,0.5832553917424852,0.05738720096293636,0.47763667747325345,0.08190440570683448,0.5107235624114996,0.023200531115205827,0.5228356727158261
2026-09-09,main,002182,,0.6364088364551381,0.03678678417816054,0.48408123571782247,0.044440185369902505,0.5110441005606327,0.029183660616984755,0.5235171941355645
2026-09-09,main,002183,,0.5441656724860799,0.03922049529385101,0.4729018929432929,0.05099470978616846,0.510487828937792,0.01880046158511984,0.5223344187877884
2026-09-09,main,002185,,0.2939610194523958,0.058463116384668834,0.4427466698504788,0.08039945434333354,0.5089788450599363,-0.009363410937931166,0.5191249805576839
2026-09-09,main,002186,,0.7544991918646277,0.02384752864809929,0.49841486885764263,0.06280692853462067,0.5117562033442655,0.0424763059600228,0.5250310048401244
2026-09-09,main,002187,,0.5325601277262351,0.022821201284397904,0.4714970580752175,0.034265102217963306,0.5104178399299034,0.017494102653686103,0.5221855902636755
2026-09-09,main,002189,,0.8620581198842573,0.052719479929166604,0.5114730903454002,0.06452719609768284,0.5124047585737642,0.054583498615041276,0.5264094127489809
2026-09-09,main,002190,,0.4073140974171186,0.025101543464186353,0.4563694919419073,0.03602176271840571,0.5096624992216301,0.0033959906127031675,0.5205792005936579
2026-09-09,main,002192,,0.45368535217360323,0.06580377943871046,0.4619624632414487,0.09804275533824149,0.5099421628848027,0.008615694130845716,0.5211740038032546
2026-09-09,main,002194,,0.47388348726466567,0.03858477440571633,0.46440169946492277,0.05130027536637478,0.5100639753035879,0.01088926376678475,0.5214330662310296
2026-09-09,main,002195,,0.5612113997991993,0.028878645002212947,0.4749660261808447,0.031821967051044994,0.5105906250501359,0.020719185658747488,0.522553004555866
2026-09-09,main,002196,,0.564955958070902,0.036795517852711936,0.47541958636130954,0.047650561042614614,0.5106132068963367,0.021140685661008338,0.522601021719067
2026-09-09,main,002197,,0.7414869323377252,0.045008589260487696,0.4968349045233733,0.05887564668461712,0.5116777397292545,0.04101160250983077,0.5248642215793309
2026-09-09,main,002201,,0.5801478590690305,0.04247094216086143,0.4772601158771431,0.060414844452944316,0.5107048223765692,0.022850736844734723,0.522795825980531
2026-09-09,main,002202,,0.3814973384321688,0.03957803026501355,0.45326032783216896,0.0525707668775666,0.5095067964811285,0.0004899698804965227,0.5202480241195923
2026-09-09,main,002203,,0.3774526259582401,0.05916541895599685,0.4527735389446651,0.08038753423716295,0.5094824023597904,3.468351740563286e-05,0.5201961370707113
2026-09-09,main,002204,,0.5581598757336691,0.01661167518906092,0.4745964403793279,0.020580569548519945,0.5105722225679643,0.020375695904498017,0.5225138739901517
2026-09-09,main,002208,,0.6492529175154479,0.05416892505148363,0.4856393849542064,0.07230237999405575,0.511121554545131,0.030629433336525666,0.5236818649908697
2026-09-09,main,002210,,0.6176038271512285,0.032566648566859244,0.4818005172133222,0.04229780541786621,0.5109306992853404,0.027066905878779315,0.5232760904483722
2026-09-09,main,002212,,0.6140517326302718,0.03497519129050865,0.48136979256355616,0.04661072081472406,0.5109092786933891,0.02666707023997293,0.5232305469422153
2026-09-09,main,002213,,0.7016729059419186,0.06278685901342973,0.4920011642349188,0.08086726979411643,0.5114376585407009,0.03653000254578083,0.5243538752114789
2026-09-09,main,002214,,0.436965587006101,0.014165829485274783,0.4599446654544866,0.016968559660573493,0.5098413271848297,0.006733661446467594,0.5209595465234468
2026-09-09,main,002215,,0.2672589735722043,0.03855410540964442,0.4395493300322738,0.04627062184441065,0.508817794915721,-0.012369082523795434,0.5187823687772795
2026-09-09,main,002216,,0.5590734543159592,0.024244729902080087,0.4747070856879659,0.03290117195987302,0.5105777319863367,0.020478531365067748,0.5225255890985661
2026-09-09,main,002218,,0.613443158899809,0.03884535181079524,0.4812960000729957,0.052488830410278096,0.5109056087392921,0.02659856714557475,0.5232227440194488
2026-09-09,main,002219,,0.5852075520694574,0.034999913556013784,0.47787324750187127,0.045376166094387,0.5107353349360936,0.023420272810361284,0.5228607043927654
2026-09-09,main,002221,,0.4132969176562185,0.029288072838846217,0.45709050952842056,0.04245492549335152,0.5096985817767108,0.004069436867596178,0.5206559454300242
2026-09-09,main,002222,,0.32398595629525134,0.06634734725910858,0.4463475598084274,0.08907574624776425,0.5091599345894797,-0.005983703632324026,0.5195102065846989
2026-09-09,main,002223,,0.4316014808803327,0.015121397258442377,0.45929758190016673,0.018798428644209123,0.5098089764769065,0.006129859721381699,0.52089074178677
2026-09-09,main,002224,,0.7000660896296966,0.030936066247691598,0.49180610924469054,0.03819702887600018,0.5114279692215048,0.03634913392788472,0.5243332775541817
2026-09-09,main,002225,,0.68812652940214,0.03260754551093922,0.49035682171109995,0.04220885675144759,0.511355971793645,0.03500517709833319,0.5241802226424485
2026-09-09,main,002226,,0.5759269628606358,0.02831795065221759,0.47674868166777995,0.03957331506870089,0.5106793681334709,0.022375618651268303,0.5227417025342375
2026-09-09,main,002228,,0.5938399718119594,0.014873605370535824,0.47891947369505466,0.020954648182982122,0.5107873926965608,0.024391966846605134,0.5229713926638587
2026-09-09,main,002229,,0.6220418568282905,0.05546614148837197,0.4823387077137864,0.07391692871551699,0.5109574623745023,0.027566465341654148,0.5233329925094962
2026-09-09,main,002230,,0.3750220660742712,0.023291792044459966,0.4524810597959671,0.029994246011855526,0.5094677433547313,-0.00023890843183171917,0.5201649567511467
2026-09-09,main,002233,,0.654933069656996,0.019033852689705352,0.48632854997454206,0.024141282843911833,0.5111558075391222,0.031268810258123364,0.5237546872071546
2026-09-09,main,002234,,0.6449164857684362,0.03678620612474392,0.4851132882926914,0.05468258972846229,0.5110954045114176,0.030141310076438624,0.5236262692226946
2026-09-09,main,002235,,0.6957873059875607,0.05952833324679443,0.49128671055017004,0.08382336425967861,0.5114021675368766,0.03586749973127924,0.5242784277453522
2026-09-09,main,002236,,0.45857039352119805,0.02092460371677299,0.46255224484292456,0.025178479633383814,0.5099716240651129,0.009165570722329291,0.5212366606704698
2026-09-09,main,002237,,0.34551408900291875,0.032381531332044536,0.44893292091875586,0.04577365861990527,0.5092897758310806,-0.003560425016652387,0.5197864026399179
2026-09-09,main,002239,,0.5998856648746682,0.020187375899226517,0.47965230620147403,0.025072356055836596,0.5108238510765581,0.025072490276793716,0.5230489115683211
2026-09-09,main,002240,,0.5061342899703821,0.05192994133686897,0.46829996654453165,0.07484657078581718,0.5102584733650897,0.014519521978040253,0.5218466929014711
2026-09-09,main,002241,,0.4612682667874241,0.028588238086947416,0.46287800994577327,0.036109560405622965,0.5099878946307271,0.009469252359869056,0.5212712640395057
2026-09-09,main,002243,,0.5400087675397318,0.027826870120717162,0.4723986549583663,0.03537285167352246,0.5104627601355721,0.01833254646212,0.5222811114448866
2026-09-09,main,002244,,0.519313034759267,0.043709036785772995,0.46989406899390546,0.05992197828610695,0.5103379508161492,0.016002965566109778,0.5220157058514592
2026-09-09,main,002245,,0.43803603341049807,0.05972879216106697,0.46007381192097024,0.07483076653974952,0.5098477829941087,0.0068541544737181215,0.5209732769141527
2026-09-09,main,002246,,0.24681410361234418,0.043387346315266265,0.4371046056571925,0.05741030756313731,0.5086944829286002,-0.014670425461739665,0.5185200303557156
2026-09-09,main,002248,,0.7033916264012341,0.04031269468242755,0.49220980621141364,0.05658208334741705,0.511448022647491,0.03672346746872296,0.5243759072678962
2026-09-09,main,002249,,0.4207908075855756,0.02144248952585786,0.4579938865109819,0.028138311470709332,0.5097437774924682,0.004912974180404567,0.5207520721900214
2026-09-09,main,002250,,0.563242593301628,0.03796369439203868,0.47521204971979736,0.04956247815892016,0.5106028743238968,0.020947823592448706,0.522579050977564
2026-09-09,main,002251,,0.38998467023238415,0.04207055892425428,0.45428208399640346,0.05340739318831612,0.5095579843980103,0.0014453323327284565,0.52035690129046
2026-09-09,main,002252,,0.4372072413188283,0.015321899018598366,0.4599738199249278,0.020222813289503,0.5098427845903151,0.006760862864090236,0.5209626461752175
2026-09-09,main,002254,,0.5106526908031712,0.05052991666358875,0.4688464415820261,0.0711298773230808,0.5102857226789982,0.015028128286994819,0.5219046404312367
2026-09-09,main,002255,,0.6485418469583304,0.022865920786491318,0.48555311553685343,0.029373670318002594,0.5111172665724268,0.030549392856531646,0.5236727486616229
2026-09-09,main,002256,,0.5850834393235134,0.04257730480519082,0.4778582067624035,0.054053837862333615,0.5107345864731512,0.023406302264598555,0.522859112954067
2026-09-09,main,002258,,0.24629854589340644,0.043993177861832766,0.4370429960771283,0.06514646695991821,0.5086913733599009,-0.01472845836280039,0.5185134148424148
2026-09-09,main,002259,,0.6387073018812804,0.0404158791760875,0.48436004674077926,0.05296248860456313,0.5110579610934655,0.029442383572276076,0.523546662581275
2026-09-09,main,002261,,0.3574458804647484,0.04045071427671556,0.45036703475294776,0.052897283893919615,0.509361738738483,-0.0022173426653527145,0.5199394768462774
2026-09-09,main,002262,,0.46386344724115297,0.02137057080885042,0.4631914049196524,0.02866081121227035,0.5100035458477472,0.00976137455099111,0.5213045500609144
2026-09-09,main,002263,,0.5233828927821289,0.042443741746063295,0.4703864851682459,0.057878809788335525,0.5103624949254346,0.01646108239628466,0.5220678993888501
2026-09-09,main,002264,,0.4892726103236579,0.02261036469087517,0.4662613234173811,0.030723438454100735,0.5101567843727135,0.01262151492526601,0.5216304402669449
2026-09-09,main,002265,,0.33081881989857453,0.04575040232279439,0.4471678259606967,0.05800305627035541,0.5092011453347854,-0.00521457365349233,0.5195978703863733
2026-09-09,main,002266,,0.33276668549732563,0.03472443784434505,0.447401714661264,0.04595197795303747,0.5092128933867578,-0.004995315387308623,0.5196228607571421
2026-09-09,main,002267,,0.5036279344463162,0.016143640136737025,0.46799686971288823,0.02128387782556498,0.5102433581529181,0.01423739821806471,0.5218145491712503
2026-09-09,main,002268,,0.5550508844732713,0.02550754283013428,0.4742199230529047,0.033854036623730197,0.5105534734953897,0.020025737450602536,0.5224740062219634
2026-09-09,main,002269,,0.6041958778618115,0.018871015938570643,0.4801748250521677,0.02593327025469115,0.5108498436230492,0.02555766226558466,0.5231041771743572
2026-09-09,main,002270,,0.3935170747718496,0.02882862503085769,0.45470745015434816,0.03845141049896505,0.5095792886115628,0.0018429516013675554,0.520402215105208
2026-09-09,main,002271,,0.4520514068980327,0.03132229616976363,0.4617652171718885,0.03871895706577407,0.509932308714019,0.008431771786105727,0.5211530462285509
2026-09-09,main,002272,,0.446906799262396,0.06263556736448882,0.4611442505764472,0.08352446797988322,0.5099012820172704,0.007852677545153779,0.5210870591392087
2026-09-09,main,002273,,0.3962032793425316,0.05843413655635324,0.45503096263496584,0.07502335349819172,0.5095954893023174,0.002145319771512409,0.5204366736111142
2026-09-09,main,002274,,0.4840488432524549,0.04385111535017846,0.46562997487512076,0.058327603234772096,0.5101252808390633,0.012033510233508078,0.5215634433119548
2026-09-09,main,002276,,0.5757191330660483,0.020692867829989095,0.47672350076246206,0.025502764004045487,0.5106781148081353,0.022352224634529252,0.5227390375734228
2026-09-09,main,002277,,0.5574154178575986,0.032937495142513686,0.47450627945783863,0.04457071413306814,0.5105677330454267,0.020291897236223017,0.5225043275519683
2026-09-09,main,002278,,0.7181850768747401,0.030259742906142424,0.49400574369216416,0.04016486204807872,0.5115372286603876,0.03838866772883083,0.5245655386740026
2026-09-09,main,002279,,0.6520198870980212,0.035068755706795685,0.48597509089593405,0.04584239665116124,0.5111382402014906,0.0309408926865173,0.5237173389655011
2026-09-09,main,002281,,0.22793680191527166,0.0849838321105803,0.43485003264986655,0.12051191776300389,0.508580624694162,-0.016795317673492217,0.5182777971219541
2026-09-09,main,002283,,0.6134852883180236,0.046581553568348755,0.481301108441243,0.05893844000116183,0.5109058627973401,0.026603309373785453,0.5232232841887042
2026-09-09,main,002284,,0.46654407563772077,0.020655294947061344,0.46351514915066266,0.02416916165534952,0.510019712370305,0.010063115048328873,0.52133893184681
2026-09-09,main,002285,,0.5465978285239774,0.047583474031703564,0.4731963571514817,0.06198201423201633,0.5105024963737377,0.01907423320278153,0.5223656080493284
2026-09-09,main,002286,,0.5535222457829242,0.022989586052085554,0.4740348065421355,0.036324901626245014,0.5105442548809879,0.01985366876727975,0.522454403806126
2026-09-09,main,002289,,0.6179964188298488,0.06904816466217481,0.4818481242941569,0.10004115735298598,0.5109330667722853,0.027111097311097662,0.523281124074898
2026-09-09,main,002290,,0.4382804466008541,0.06492076884056464,0.4601033004645197,0.0843881399005034,0.5098492570375011,0.006881666439833366,0.5209764119462549
2026-09-09,main,002291,,0.7067086509799787,0.04441854832300329,0.4926124799781249,0.06389432557817569,0.5114680247071228,0.03709684284867247,0.5244184275108236
2026-09-09,main,002292,,0.3432046464851188,0.02467442152611758,0.44865544015857356,0.03281388396691132,0.5092758470987259,-0.003820383590092166,0.5197567741292031
2026-09-09,main,002294,,0.3430538692999626,0.04394817897328131,0.4486373253082779,0.0627563494476857,0.5092749377293876,-0.003837355574308428,0.5197548397599442
2026-09-09,main,002295,,0.7416423943383083,0.03408910325116075,0.4968537805977839,0.05273216235034142,0.5116786771648193,0.041029101832539244,0.5248662142299014
2026-09-09,main,002296,,0.6046943358159934,0.019560892788178703,0.48023525497332115,0.02578649523487272,0.5108528495476484,0.02561377035993649,0.5231105683721495
2026-09-09,main,002297,,0.20086277113710843,0.08271611958263657,0.43162122111955065,0.11921739311881209,0.5084173264289084,-0.019842861123528274,0.5179303686227896
2026-09-09,main,002298,,0.6463862118683279,0.04910700532558915,0.48529159208382044,0.07165031172733821,0.5111042674242539,0.030306747361554087,0.5236451120965231
2026-09-09,main,002299,,0.2440330927748453,0.014967924593299911,0.43677229557431946,0.024628549761157234,0.5086777093491489,-0.01498346534234491,0.5184843450131177
2026-09-09,main,002300,,0.38384335680782034,0.04501916924812018,0.4535427166586051,0.059906701814359864,0.5095209455642601,0.0007540455548193659,0.5202781195000721
2026-09-09,main,002301,,0.5847674281705998,0.036865668776139296,0.4778199107849924,0.05007481169608138,0.510732680765059,0.02337073099236757,0.5228550608912902
2026-09-09,main,002303,,0.4644329236805218,0.06141697959660565,0.46326017900954325,0.08923748486468039,0.5100069802881233,0.009825476723547853,0.5213118541924113
2026-09-09,main,002304,,0.4420450953058894,0.015075572346726988,0.4605575419120379,0.01866805992399967,0.5098719614187506,0.007305427888460024,0.5210247000254578
2026-09-09,main,002307,,0.56421539729793,0.02267237318038404,0.47532988258626,0.032796274411882716,0.5106087408911613,0.021057325663691465,0.5225915254044328
2026-09-09,main,002309,,0.5051728079254414,0.04879298689163663,0.46818369049311087,0.06634743743377583,0.5102526749061662,0.014411294343507547,0.5218343620227938
2026-09-09,main,002310,,0.5075337353587152,0.051469098939188884,0.46846921348636533,0.07241706514976443,0.5102669130670052,0.014677048231217793,0.521864640553889
2026-09-09,main,002311,,0.46911118111951544,0.030749076147597754,0.4638252118543798,0.03961845264237226,0.5100351942312267,0.010352077026716852,0.5213718573963484
2026-09-09,main,002312,,0.24334881951272735,0.0274009407101257,0.4366905387051597,0.03703367788184522,0.5086735821734806,-0.015060489429193639,0.5184755645344911
2026-09-09,main,002313,,0.71579319781195,0.03364238088613615,0.4937153558370364,0.044604123107203415,0.5115228054357077,0.03811942982218844,0.5245348785984675
2026-09-09,main,002314,,0.7268144484720478,0.039424689635469724,0.49505343116499523,0.0524036051092762,0.5115892643109278,0.03936001865565748,0.5246761519167106
2026-09-09,main,002315,,0.6392072579964698,0.034584452278128675,0.4844206942716435,0.046630811100516194,0.5110609759976261,0.029498660304641308,0.523553072457878
2026-09-09,main,002316,,0.6768189142167613,0.03082178195840308,0.4889843920830865,0.03839945264442112,0.5112877846594104,0.03373235411618884,0.5240352645351273
2026-09-09,main,002317,,0.4765738866861682,0.0461617736860431,0.4647267378201234,0.05904506129313826,0.5100802006750934,0.01119210412336711,0.5214675725797797
2026-09-09,main,002318,,0.6010694872044565,0.02050888073042445,0.47979581432541957,0.02678296051009708,0.5108309900699654,0.025205745277377622,0.523064090609647
2026-09-09,main,002319,,0.8146680308411991,0.04167192920939412,0.5057205582650726,0.054743078283769585,0.512119012416519,0.04924911170224057,0.5258021393832549
2026-09-09,main,002320,,0.245272220801796,0.03381201063791907,0.4369203551516212,0.04254057597178729,0.5086851831133097,-0.014843984947525552,0.5185002452650703
2026-09-09,main,002321,,0.5679522348581268,0.02084416865078784,0.4757825400789202,0.027531645011661103,0.5106312761423925,0.021477956596844275,0.5226394432295979
2026-09-09,main,002322,,0.7864325710002295,0.04798120580159783,0.5022923278332845,0.06985915788758185,0.5119487583964742,0.04607083391264352,0.5254402838079433
2026-09-09,main,002324,,0.6357770836298445,0.03375817042203977,0.48400460385907546,0.04269447303687714,0.511040290871995,0.02911254840615289,0.5235090944532371
2026-09-09,main,002326,,0.48055761364246147,0.04569136037792176,0.4652080834130544,0.06087814879536947,0.5101042258604814,0.011640525752634655,0.5215186664277882
2026-09-09,main,002328,,0.5534637383555083,0.058187898200283736,0.4740277214967303,0.08519159215751132,0.5105439020457271,0.01984708297557919,0.52245365353791
2026-09-09,main,002329,,0.6839635319343619,0.05446666832597577,0.4898515317299021,0.07455511713449384,0.5113308681525843,0.034536576180745515,0.5241268555194843
2026-09-09,main,002330,,0.8203947786167951,0.02626353614468495,0.5064158206616757,0.03420604063730612,0.5121535431869629,0.04989373358423986,0.5258755280455499
2026-09-09,main,002332,,0.4534690064172643,0.011923607882768934,0.4619363458000995,0.01905938706843898,0.509940858124271,0.00859134152897139,0.521171228878399
2026-09-09,main,002334,,0.723671593119446,0.0320239286496118,0.49467185323335483,0.04524391546601096,0.5115703127255729,0.03900624834628938,0.5246358663636016
2026-09-09,main,002335,,0.4705146225461077,0.046401598523230184,0.46399473556270343,0.06030977875642412,0.5100436581857638,0.010510053087325097,0.521389857778121
2026-09-09,main,002338,,0.6600191057929222,0.0381887632921738,0.48694567591366444,0.053352939959022225,0.5111864777493484,0.031841311495182975,0.523819891720401
2026-09-09,main,002339,,0.6205643101394924,0.028513602972863927,0.48215952413064384,0.035511191589918806,0.5109485521855837,0.027400147744896422,0.5233140482572173
2026-09-09,main,002340,,0.45404290384496426,0.022428544314076447,0.4620056276369989,0.031164277956984524,0.5099443192443841,0.008655941342760112,0.5211785898807313
2026-09-09,main,002342,,0.46447328828391454,0.057873739308281144,0.46326505378380506,0.08018523123896842,0.510007223721905,0.009830020298300012,0.5213123719103601
2026-09-09,main,002343,,0.5823455010860961,0.027959554230232574,0.4775264169701706,0.03724297734386247,0.5107180753016975,0.02309811077990931,0.522824005556541
2026-09-09,main,002345,,0.5607123425806144,0.03536529364115131,0.4749055809032491,0.04609142312901553,0.5105876154439906,0.020663010109190305,0.5225466050213623
2026-09-09,main,002346,,0.6466871292846522,0.05862375928830276,0.4853280991561399,0.0872181658913647,0.5111060820505076,0.03034061963231552,0.5236489700512196
2026-09-09,main,002347,,0.6049518235234175,0.02292515819680641,0.4802664713972921,0.03278323849242747,0.5108544023134817,0.025642754037418974,0.523113869861023
2026-09-09,main,002348,,0.45000093517283013,0.06089964215533674,0.4615177059421261,0.0870233501475533,0.5099199425003443,0.008200963831175523,0.5211267460291953
2026-09-09,main,002349,,0.38382182474785786,0.03931262329914332,0.4535401247212265,0.053017257337959534,0.5095208157022151,0.0007516218341387659,0.520277843281448
2026-09-09,main,002350,,0.6570962106278694,0.054427797454148344,0.4865910146944299,0.07753489659949109,0.5111688518901311,0.0315123006401542,0.5237824194242138
2026-09-09,main,002351,,0.6799500556463168,0.023033344371135193,0.48936440972415945,0.03034818841894284,0.5113066660976479,0.03408480586720314,0.5240754046464002
2026-09-09,main,002352,,0.38273578993106716,0.013292328257059595,0.4534093957605584,0.017141440077369622,0.5095142657140426,0.0006293741230557481,0.520263911340445
2026-09-09,main,002353,,0.3183398962678972,0.06405807229681719,0.44566998628281146,0.0854656209015674,0.509125881665654,-0.006619243031531316,0.5194377682469069
2026-09-09,main,002354,,0.5631054032118971,0.06218796244762806,0.47519543251237495,0.08390989461024856,0.5106020469885642,0.020932381017133822,0.5225772917640402
2026-09-09,main,002355,,0.7626267737484314,0.04287082503361597,0.4994017477728049,0.0584231288900167,0.5118052121757414,0.04339117375852569,0.5251351764308071
2026-09-09,main,002357,,0.44337657035422984,0.039550456068487304,0.4607182130384417,0.04965354156947566,0.5098799914589498,0.007455303172849856,0.5210417783835564
2026-09-09,main,002358,,0.6993035407527826,0.024738060210974216,0.49171354261717454,0.027876235649038347,0.511423370945869,0.03626329887605173,0.5243235024685853
2026-09-09,main,002361,,0.6445370439860544,0.06386448449245902,0.4850672559017423,0.0996001594968212,0.5110931163564276,0.03009859884041903,0.5236214045137606
2026-09-09,main,002362,,0.8335859581420411,0.04018330321455828,0.5080172121245952,0.05449213719331865,0.5122330820595253,0.05137857686782056,0.5260445696501506
2026-09-09,main,002364,,0.4104743653580325,0.06895518354930114,0.45675032799054865,0.09418995881452272,0.509681558897951,0.003751720941245866,0.5206197391627208
2026-09-09,main,002365,,0.5794831448170955,0.04525690960017121,0.4771795711161276,0.06259320673332033,0.5107008138007137,0.022775914385484805,0.522787302559301
2026-09-09,main,002366,,0.36489341408892284,0.030374617793358996,0.45126259346436975,0.043332572692993496,0.5094066560361075,-0.0013790233732884419,0.5200350201419156
2026-09-09,main,002367,,0.7852709271067878,0.035491283031791415,0.5021512791087207,0.04875325248183021,0.5119417538628841,0.04594007539102775,0.525425396019573
2026-09-09,main,002368,,0.7774355243090051,0.03833714583499147,0.5011998837092411,0.046514161128670094,0.5118945074696082,0.0450580962476031,0.5253249752371819
2026-09-09,main,002369,,0.7406441121824847,0.02960527213359109,0.4967325701183342,0.03747348394614092,0.5116726575239076,0.040916731854452285,0.5248534186294191
2026-09-09,main,002370,,0.6523793138262406,0.03932483201215368,0.4860186997149736,0.05272537294751692,0.5111404076506282,0.030981350961102563,0.5237219469836547
2026-09-09,main,002371,,0.4026624789768672,0.046644211503006114,0.45580902985992733,0.06217457663044426,0.5096344451119945,0.0028723888843233333,0.5205195311236768
2026-09-09,main,002372,,0.645119261389663,0.02079686291222068,0.48513788834049254,0.02759013586909763,0.5110966273129084,0.030164135178521137,0.5236288689460898
2026-09-09,main,002373,,0.6345733235095431,0.02429455485005526,0.48385858938237974,0.03016798574648676,0.5110330317774383,0.028977049141189426,0.5234936610498481
2026-09-09,main,002376,,0.6491944873516815,0.01832968168186722,0.4856322959823327,0.02395210641016069,0.5111212021934537,0.03062285624187988,0.5236811158835099
2026-09-09,main,002377,,0.5662606697448693,0.02911686714879404,0.47557762932274833,0.03676976139964948,0.510621075050104,0.02128754837047203,0.5226177521800569
2026-09-09,main,002378,,0.4474928421588915,0.04602938531719694,0.46121498132351707,0.05936242868433254,0.5099048163966338,0.007918644493529102,0.5210945760304845
2026-09-09,main,002379,,0.2025198352041737,0.045754660990798286,0.4318186763038232,0.06172543979981743,0.5084273211392081,-0.01965633645029979,0.5179516334600932
2026-09-09,main,002380,,0.7438523853479289,0.033947001325579686,0.49712211692043673,0.048256260593985606,0.5116920033974749,0.041277865811615466,0.5248945409368238
2026-09-09,main,002383,,0.46389103978639806,0.03621703500988657,0.46319473716254084,0.05267595351856164,0.5100037122549193,0.00976448046016365,0.5213049039644027
2026-09-09,main,002384,,0.16407549921151032,0.07820077906324838,0.42724336857920653,0.10910309476589404,0.5081954394299643,-0.023983759481816903,0.5174582668786376
2026-09-09,main,002385,,0.25303477905399424,0.03214210271196039,0.4378481340310616,0.04417800964012764,0.5087320026660699,-0.013970205429771194,0.5185998520621695
2026-09-09,main,002386,,0.524684404610322,0.02835603463164242,0.4705439685922553,0.03687847579028181,0.510370343947558,0.01660758492040653,0.522084590411547
2026-09-09,main,002387,,0.6409965691641812,0.028896565407995727,0.48463775167825757,0.038710359389181104,0.5110717661414463,0.029700071153802104,0.5235760129353486
2026-09-09,main,002388,,0.6061310910668476,0.04989995293979459,0.48040944141305064,0.0709349908115454,0.5108615138205848,0.025775496336017487,0.5231289903188729
2026-09-09,main,002389,,0.27581706097275027,0.023459666328317787,0.4405735540739011,0.03395347020401972,0.5088694121805799,-0.011405755584557191,0.5188921788399359
2026-09-09,main,002390,,0.6551382385668763,0.02517651082775796,0.4863534438238017,0.03465060199114426,0.5111570447662488,0.03129190475678076,0.5237573175499879
2026-09-09,main,002392,,0.5550514535860062,0.038967284886952946,0.47421999197317116,0.05542226648235443,0.5105534769274818,0.020025801511835292,0.522474013519937
2026-09-09,main,002394,,0.7524563183597794,0.04251026647383824,0.4981668177787815,0.059016362063853973,0.5117438849039286,0.04224635328618696,0.5250048208935286
2026-09-09,main,002395,,0.8246373067625529,0.040967421671738176,0.5069308738170849,0.05012608980848987,0.5121791244318487,0.05037128674092112,0.5259298956116655
2026-09-09,main,002396,,0.498754047331429,0.07912834367348485,0.4674075320204353,0.11254564665694101,0.5102139648878853,0.013688777184318615,0.5217520415952802
2026-09-09,main,002397,,0.5748069433449686,0.05146644318806719,0.47661298017111037,0.07497856479692469,0.5106726138123777,0.022249545508822244,0.5227273407276997
2026-09-09,main,002400,,0.5332750859640546,0.04387361450801497,0.47158358994428823,0.05190757899050388,0.5104221516064441,0.017574580744021788,0.5221947589417576
2026-09-09,main,002401,,0.8076306126682328,0.02364956355447952,0.5048661424022014,0.030934779104791477,0.5120765784927712,0.04845695637694315,0.5257119528643819
2026-09-09,main,002402,,0.5979499164775239,0.029230225053589,0.4794176535540227,0.034275494240570845,0.5108121776134406,0.024854595963347298,0.5230240911938864
2026-09-09,main,002403,,0.572657949159859,0.06859742926585413,0.47635261785111566,0.0775576987608036,0.5106596542087551,0.0220076475363091,0.522699784460921
2026-09-09,main,002404,,0.705117924351632,0.03166004200385267,0.49241937077971565,0.04344527296463771,0.5114584324376251,0.036917785339403264,0.524398036363684
2026-09-09,main,002405,,0.5876822775514754,0.024472488062326908,0.4781731581684474,0.028763959276484927,0.5107502587785571,0.023698836187021247,0.522892436523409
2026-09-09,main,002406,,0.5792551963219865,0.02578408766033776,0.4771519504122026,0.03511489303731773,0.5106994391513184,0.022750255740530648,0.5227843796445772
2026-09-09,main,002407,,0.34857811658830296,0.06494212210001073,0.4493011145206922,0.09126925741024468,0.5093082556020267,-0.0032155278243917174,0.5198257117274003
2026-09-09,main,002408,,0.2898540720510856,0.03634754668756842,0.44225458261901535,0.05023054133514314,0.5089540746263078,-0.009825702672584896,0.5190722858117108
2026-09-09,main,002409,,0.3754564272355684,0.07038777055977044,0.452533325837512,0.09448652545075312,0.509470363041417,-0.00019001528685055197,0.5201705289437689
2026-09-09,main,002410,,0.5830624512184878,0.023791013686326856,0.47761329676801384,0.03085332429389636,0.5107223988808747,0.023178813084559685,0.5228331987197296
2026-09-09,main,002412,,0.7173473787341134,0.036500917449827336,0.49390404185665665,0.05169751613007084,0.5115321772748646,0.0382943736245472,0.5245548007406784
2026-09-09,main,002413,,0.5553681959168706,0.0362385647287814,0.47425835001927164,0.04810426878479303,0.51055538707411,0.02006145508790176,0.52247807523948
2026-09-09,main,002414,,0.38343506176357206,0.0337253120083192,0.45349356827476955,0.04317079502293399,0.5095184830950771,0.0007080864991480321,0.5202728817875161
2026-09-09,main,002415,,0.36872158670514965,0.02571013310648628,0.4517230507669159,0.03040408692913028,0.5094297443144062,-0.0009481114607704441,0.5200841306263968
2026-09-09,main,002416,,0.6099551442114239,0.035797071993165216,0.4808730773606168,0.04479976254935221,0.5108845745293857,0.026205944547029472,0.5231780216778997
2026-09-09,main,002418,,0.6793274444298869,0.06203720769026584,0.4892888441961105,0.08653829936229673,0.5113029116242547,0.034014722666437916,0.5240674230184397
2026-09-09,main,002419,,0.5223721975614556,0.010630307492486855,0.4702641947293164,0.014423023136413596,0.5103563997263264,0.01634731516210429,0.5220549378615348
2026-09-09,main,002421,,0.6242658382118969,0.056099800492617716,0.48260842073733623,0.07716623613859082,0.5109708738457139,0.02781680412401523,0.5233615069907388
2026-09-09,main,002422,,0.47074895377245185,0.049220416474479285,0.4640230415802957,0.06461387728426249,0.5100450714033172,0.010536430193853315,0.5213928632786444
2026-09-09,main,002423,,0.4075569851215181,0.02013239599309528,0.456398759932703,0.028284310908512404,0.5096639640860865,0.0034233308650173586,0.5205823162631417
2026-09-09,main,002425,,0.77258089468762,0.04351743533398949,0.5006104169008309,0.058997494630115284,0.5118652346189142,0.044511642901729834,0.5252627558753895
2026-09-09,main,002426,,0.6689968346873081,0.047718953958227686,0.48803510534980454,0.05698708677054431,0.5112406157418903,0.03285187468440534,0.5239349869223993
2026-09-09,main,002427,,0.8085761897082653,0.04539197799645454,0.5049809470659755,0.060744048082871434,0.5120822801029871,0.04856339369093113,0.5257240708012332
2026-09-09,main,002428,,0.2778279397888149,0.09218583815436739,0.4408142879501424,0.13338993445355896,0.5088815405715539,-0.011179404339892993,0.5189179804537416
2026-09-09,main,002429,,0.45200192801072536,0.06048997441238771,0.4617592443822221,0.07556390086843823,0.5099320103113676,0.00842620227707458,0.5211524115932353
2026-09-09,main,002430,,0.3619255910539625,0.0376561690841949,0.45090567744772503,0.05138841141798299,0.5093887566264478,-0.0017130914596095448,0.5199969465590611
2026-09-09,main,002432,,0.5343179228628934,0.08138981704280317,0.4717098082455461,0.11537149248031002,0.5104284406079083,0.017691965952990205,0.5222081323335697
2026-09-09,main,002434,,0.6278309940585667,0.024899332695306753,0.48304080557932266,0.03231105464035329,0.5109923730866923,0.02821810998932582,0.5234072168440008
2026-09-09,main,002436,,0.21131050880327418,0.0729194971116704,0.4328665309291169,0.09716993661878894,0.5084803426552148,-0.018666828830697344,0.518064441674661
2026-09-09,main,002437,,0.6144747756091662,0.042665908421407536,0.48142108903757086,0.06142768773095897,0.5109118298187733,0.02671468937249062,0.5232359710469048
2026-09-09,main,002438,,0.6293508586135048,0.03636077848810136,0.4832251436795555,0.048359858206146626,0.5110015384336405,0.02838919102662299,0.5234267033304048
2026-09-09,main,002439,,0.4469418788437194,0.03264677530825867,0.46114848436074224,0.0444842779532474,0.5099014935795388,0.007856626220146733,0.5210875090884494
2026-09-09,main,002440,,0.47335588960777064,0.0489386408541919,0.4643379617331665,0.06598514342381206,0.5100607934434472,0.010829875610041513,0.521426299379547
2026-09-09,main,002442,,0.7336233923801929,0.04745824541003119,0.4958801325875545,0.06994292704898349,0.5116303224913974,0.040126456153603565,0.5247634287959474
2026-09-09,main,002443,,0.3788210481068451,0.04371836879251042,0.4529382211057685,0.057542872278285556,0.5094906554745958,0.00018871769096611563,0.5202136917386515
2026-09-09,main,002444,,0.3780070849824294,0.029360545035417948,0.4528402638280921,0.03767403803463989,0.5094857463679525,9.709527948593977e-05,0.5202032498993755
2026-09-09,main,002445,,0.6199423019564241,0.04588188675945762,0.4820840939380624,0.06379810373846233,0.5109448012289898,0.027330132423583134,0.523306073206629
2026-09-09,main,002446,,0.6157838894266723,0.04122266517927071,0.48157982934030696,0.05525535636574032,0.5109197243168115,0.02686204760195346,0.5232527559979843
2026-09-09,main,002448,,0.4585920706860631,0.03287041803568718,0.4625548622086888,0.04413320420890581,0.5099717547977032,0.009168010776503019,0.5212369387061867
2026-09-09,main,002449,,0.7556137840800419,0.032602653259299647,0.49855020591541227,0.04356990390302842,0.5117629242818935,0.042601768187401454,0.5250452907488907
2026-09-09,main,002451,,0.6540580965167144,0.02760954909399726,0.4862223872379927,0.0360497518327942,0.5111505311996433,0.031170320355217093,0.523743469706584
2026-09-09,main,002452,,0.3393288417712541,0.04289196841829576,0.4481898320497641,0.05814429317452102,0.5092524712749827,-0.004256657130819762,0.5197070499894515
2026-09-09,main,002455,,0.603550698121829,0.044745345915801336,0.4800966083620291,0.05951359861014859,0.5108459528992363,0.025485038676330812,0.5230959047074518
2026-09-09,main,002456,,0.5935421816889581,0.03467837671266208,0.47888337919562496,0.04409472006658863,0.5107855968787283,0.02435844659443899,0.522967574319637
2026-09-09,main,002457,,0.598224806408624,0.04539236666056794,0.4794509753348235,0.06226471347966704,0.5108138353282904,0.024885538493326267,0.5230276158691198
2026-09-09,main,002458,,0.31041969473037884,0.03973742900238451,0.44471983788369396,0.06040028130271959,0.5090781126331332,-0.007510767404699185,0.519336151543632
2026-09-09,main,002459,,0.5013494539226684,0.029474649383532177,0.46772135058776554,0.03660316441815325,0.5102296171824326,0.01398092483023515,0.5217853277557348
2026-09-09,main,002460,,0.4406683984088776,0.0342000548845912,0.46039142241512737,0.045050165286223756,0.5098636586431399,0.007150462281545027,0.5210070415710719
2026-09-09,main,002463,,0.07801407168926558,0.0572378112064978,0.41704720225456154,0.07362916351733764,0.5076763367824018,-0.033671121585198666,0.5163536953008594
2026-09-09,main,002465,,0.41230409672127466,0.0343623813301311,0.4569708475197035,0.0452282081841852,0.5096925940530521,0.003957681622795792,0.5206432100520455
2026-09-09,main,002466,,0.35314865719310684,0.04022152855153191,0.4498504437232837,0.05181416959674816,0.5093358214108266,-0.0027010524883243417,0.5198843477472515
2026-09-09,main,002467,,0.6364858796205017,0.04101135990757472,0.4840905811344627,0.052853171722515906,0.5110445651575518,0.029192332853339137,0.5235181819026237
2026-09-09,main,002468,,0.44458346342129185,0.0344500588045169,0.4608638577212412,0.04552798714313673,0.5098872701488443,0.007591155092778426,0.521057258730281
2026-09-09,main,002469,,0.7102080931505633,0.03239760967057829,0.49303730890461395,0.043927894782146766,0.5114891267270986,0.0374907517628319,0.5244632857428562
2026-09-09,main,002470,,0.3721546688232648,0.0596344993196367,0.4521360564351368,0.07923698790682678,0.5094504497089493,-0.0005616722560497223,0.5201281722826476
2026-09-09,main,002471,,0.4597992963637135,0.04449362915324555,0.46270062950388985,0.05968385391223517,0.5099790354404569,0.009303900136191798,0.5212524228070158
2026-09-09,main,002472,,0.28903381288148045,0.03753975831853255,0.4421563141547538,0.04811179021087869,0.5089491273516089,-0.00991803378796792,0.5190617613142501
2026-09-09,main,002474,,0.6819172051212798,0.033191300351757456,0.48960316332086146,0.04305262471807213,0.511318528404251,0.034306234790985726,0.5241006226388002
2026-09-09,main,002475,,0.36856834839008706,0.04782476352520709,0.45170461748068524,0.06152287216915361,0.5094288201121138,-0.0009653604779999089,0.5200821647852177
2026-09-09,main,002478,,0.6360296867670406,0.03225574635819748,0.4840352446259424,0.03969941959367601,0.5110418141566727,0.02914098226007468,0.523512333071288
2026-09-09,main,002479,,0.5702767645168386,0.02977125122468971,0.47606413941195364,0.04046268954272873,0.5106452943536652,0.02173961342932211,0.5226692506853886
2026-09-09,main,002481,,0.7605798806493331,0.024998118321955153,0.49915320623906256,0.029136311651056224,0.5117928695544188,0.04316076862571805,0.5251089415135817
2026-09-09,main,002482,,0.6170575392290869,0.023872094054751453,0.4817342729224355,0.030268725644835417,0.510927404946936,0.02700541388327271,0.5232690861927706
2026-09-09,main,002483,,0.4614465724455307,0.02396375234912198,0.4628995412690743,0.029361950506665326,0.5099889699710464,0.009489323041066089,0.5212735510102001
2026-09-09,main,002484,,0.3431568937808086,0.08329780716355986,0.44864970298214535,0.11030724824400387,0.5092755590919954,-0.003825758794192155,0.5197561614943839
2026-09-09,main,002486,,0.804185420886428,0.03433399408521977,0.5044478495644702,0.04327453880777542,0.5120558047588994,0.04806915406797829,0.5256678011381517
2026-09-09,main,002487,,0.5566558879164505,0.032874945415779955,0.47441429487913345,0.03588252548469629,0.5105631526276404,0.020206402005896282,0.5224945878225915
2026-09-09,main,002488,,0.675063363494895,0.04391093520090888,0.48877133147720925,0.052361833038131925,0.5112771983069861,0.0335347434557199,0.5240127588679729
2026-09-09,main,002490,,0.6347108245383509,0.056036636758453405,0.48387526793250096,0.08303099804695961,0.5110338609569703,0.02899252671684671,0.5234954239522247
2026-09-09,main,002491,,0.18895667643439376,0.0911609158134703,0.4302031376566465,0.13248009772050684,0.5083455136989252,-0.021183050961682427,0.5177775777146232
2026-09-09,main,002492,,0.7631141924231403,0.03959633352043887,0.4994609320475781,0.049148606697096156,0.5118081512739227,0.043446039234660574,0.5251414236289316
2026-09-09,main,002493,,0.16219908364369529,0.03670289256261973,0.4270203657477824,0.054186591867849895,0.5081841215091608,-0.024194975093562925,0.517434185450125
2026-09-09,main,002496,,0.6139524601476216,0.04143165059894201,0.4813577552422199,0.05923114013174738,0.5109086800388838,0.026655895797321666,0.5232292741054082
2026-09-09,main,002497,,0.48723070167218796,0.043746822374665914,0.4660145237738353,0.05763166400406144,0.5101444700242869,0.012391670858553264,0.5216042520435958
2026-09-09,main,002498,,0.3348688183368123,0.05855434590868361,0.44765415301487177,0.08046494863696585,0.5092255718506253,-0.004758692284580583,0.5196498302074521
2026-09-09,main,002500,,0.4294629728800351,0.015085725648622556,0.4590396472603355,0.020155006045987828,0.5097960791983966,0.005889142108900694,0.5208633111837011
2026-09-09,main,002506,,0.48777734387642946,0.04096851142804128,0.46608059322382983,0.05117378698757408,0.510147766716834,0.012453202733237884,0.5216112629409284
2026-09-09,main,002507,,0.4677052333355146,0.012714471541289848,0.4636553937821344,0.016958301328072745,0.5100267151554375,0.010193818842136507,0.5213538248126696
2026-09-09,main,002508,,0.4208419598904609,0.013700603358488446,0.4580000537992162,0.020374227621482985,0.5097440859919202,0.004918732054914825,0.5207527283333424
2026-09-09,main,002510,,0.5899967789538343,0.02743580896001126,0.47845366560959524,0.03569054818782195,0.5107642163716901,0.023959364205425784,0.5229221140159466
2026-09-09,main,002511,,0.5496737810940844,0.0185665747599186,0.47356879329966484,0.02339397117821618,0.5105210462831996,0.019420472711204187,0.5224050529205361
2026-09-09,main,002513,,0.7601551830976534,0.039643726334134335,0.49910163789778583,0.050106216313664464,0.5117903086562715,0.04311296324895414,0.5251034981708551
2026-09-09,main,002515,,0.42559769580952594,0.06823215767748965,0.45857349535745096,0.09262413402897463,0.509772767793613,0.00545405359491756,0.5208137310262181
2026-09-09,main,002516,,0.44065941321179203,0.029730831109469003,0.4603903382427949,0.0372715891712979,0.5098636044539426,0.007149450877711232,0.5210069263206267
2026-09-09,main,002517,,0.41342153450036306,0.035759041393915766,0.4571055296080004,0.046069396599728515,0.509699333343287,0.004083464156338243,0.5206575439466091
2026-09-09,main,002518,,0.3863219426455913,0.042529972815931634,0.4538410950279233,0.05645258420494506,0.5095358941591023,0.001033043466033362,0.5203099153331799
2026-09-09,main,002519,,0.5007924075084627,0.02961972381477036,0.46765399423726045,0.037953621522722795,0.5102262577665337,0.013918221822881396,0.5217781836365464
2026-09-09,main,002520,,0.5949020520707059,0.04641739373071405,0.4790482079454889,0.0646276571174557,0.5107937975496627,0.024511518152521727,0.5229850109177686
2026-09-09,main,002522,,0.6593664710530088,0.04424397399117823,0.48686648470487254,0.06077198007069036,0.511182542185344,0.0317678487462046,0.5238115247920764
2026-09-09,main,002523,,0.6158129245407866,0.020038129455168904,0.4815833501175512,0.028848085305407025,0.5109198994105029,0.026865315891502414,0.523253128274393
2026-09-09,main,002526,,0.5793884440811169,0.018497079829933868,0.47716809613422867,0.024715591385205005,0.5107002427054542,0.022765254553928513,0.522786088240548
2026-09-09,main,002527,,0.7421288387372424,0.028286301818294786,0.49691284435358873,0.03343899515856955,0.5116816104230799,0.041083857640934585,0.5248724492771165
2026-09-09,main,002530,,0.6468169341001845,0.021676113632098346,0.4853438470260967,0.028747283098156707,0.5111068648141037,0.030355230896467494,0.5236506342315175
2026-09-09,main,002531,,0.554419112803185,0.03404416200166463,0.4741434153171609,0.041055007087451856,0.5105496635315809,0.019954623118537775,0.5224659047404001
2026-09-09,main,002532,,0.16893849592078555,0.040237487825274684,0.427821449436618,0.05716611547392693,0.5082247713856086,-0.02343636430854806,0.5175206769336974
2026-09-09,main,002533,,0.6028843877159654,0.02321288806421286,0.48001583097465256,0.03168493109361496,0.5108419347466313,0.025410036548656548,0.523087361290756
2026-09-09,main,002534,,0.5634539564948177,0.04490427248189554,0.47523765128304885,0.06327143048200787,0.5106041489656915,0.0209716153403514,0.5225817613252153
2026-09-09,main,002536,,0.4331830583618985,0.08903538935059581,0.4594883567940295,0.12350616835272155,0.5098185149155285,0.006307887372091099,0.5209110285712211
2026-09-09,main,002537,,0.5901900143988349,0.026846826115177275,0.47847708551693624,0.0340960373294346,0.51076538167665,0.023981115433366368,0.5229245917532833
2026-09-09,main,002539,,0.37719100747229006,0.034418172536371666,0.45274205575919413,0.045462159733937496,0.5094808245073654,5.234865677411493e-06,0.5201927809182074
2026-09-09,main,002540,,0.5604435272683913,0.015407387354091157,0.47487302258418307,0.022720638316315853,0.5105859943305305,0.02063275135862791,0.5225431579328671
2026-09-09,main,002541,,0.6676982381485218,0.04049671503697272,0.4878775159817983,0.04838169735514705,0.511232784890193,0.03270570031500891,0.5239183389679613
2026-09-09,main,002543,,0.861747659464988,0.05010004346065348,0.5114354127663134,0.06813534975892535,0.5124028866289564,0.05454855215195302,0.526405434651609
2026-09-09,main,002544,,0.569777554655434,0.030370761471848827,0.4760036625921322,0.03644478736555391,0.5106422838409791,0.021683420697778635,0.5226628493283705
2026-09-09,main,002545,,0.5847660864213706,0.05739857949425202,0.4778197481849635,0.07174541700330526,0.5107326726736274,0.02337057996058703,0.5228550436866628
2026-09-09,main,002546,,0.5840387452703694,0.03142387740021009,0.47773160595986675,0.0427619034822769,0.5107282864351038,0.02328870800813053,0.5228457173208115
2026-09-09,main,002548,,0.4843830575327277,0.027819008093273544,0.46567036499693226,0.033081722107627526,0.5101272964234634,0.012071130510632654,0.5215677297704172
2026-09-09,main,002549,,0.6105609760245714,0.054565322627786586,0.4809465326799385,0.07209536613860196,0.5108882279552797,0.026274139002044644,0.5231857895093995
2026-09-09,main,002550,,0.5834518128996657,0.026145799466070214,0.47766048006539913,0.035366976514591635,0.5107247469320141,0.0232226409375636,0.5228381913414833
2026-09-09,main,002552,,0.4459143740680956,0.09789201337840388,0.4610244762665118,0.143447158738797,0.5098952967754555,0.007740966846243723,0.5210743297552491
2026-09-09,main,002553,,0.5227963863037367,0.029619753886111273,0.4703155195875606,0.035399177537260955,0.510358957881515,0.01639506326558065,0.5220603778176303
2026-09-09,main,002554,,0.8028127652551775,0.02585837797345753,0.5042811888546168,0.03185327111302648,0.5120475279416505,0.04791464335945289,0.5256502098094776
2026-09-09,main,002555,,0.43016168596444093,0.027184381283564006,0.45912391964085264,0.0337610144209142,0.5098002931177815,0.0059677915904382955,0.520872273577521
2026-09-09,main,002556,,0.5373892914372137,0.030618339787904035,0.47208156798736606,0.04281700122639625,0.5104469629880373,0.01803768947151653,0.5222475195305731
2026-09-09,main,002557,,0.5656607193914753,0.026206530665164082,0.47550495523880193,0.03545465608490388,0.5106174570087582,0.021220015952236493,0.5226100589571303
2026-09-09,main,002558,,0.4578183996125888,0.03914191928682206,0.4624614481263985,0.04902221994447214,0.5099670888719493,0.00908092377302843,0.5212270154358019
2026-09-09,main,002559,,0.563966734606855,0.04253009949444089,0.4752997625492049,0.05742476337951127,0.5106072413124809,0.021029335359563375,0.5225883367642143
2026-09-09,main,002560,,0.6283008418487062,0.04260348283110648,0.4830977909884553,0.05641000749641606,0.5109952064439118,0.028270997627929978,0.5234132408637825
2026-09-09,main,002561,,0.8083994971644006,0.04381362063786853,0.5049594944610131,0.06267109422468904,0.5120812146881719,0.04854350458726803,0.5257218064199911
2026-09-09,main,002562,,0.46623130673136465,0.019639605360301585,0.4634773739066138,0.02216920520945088,0.5100178261026324,0.010027908734213678,0.5213349202778522
2026-09-09,main,002563,,0.582202689594749,0.024013296387265255,0.47750911127955226,0.032605977837119285,0.5107172140745357,0.023082035440828444,0.5228221743403794
2026-09-09,main,002564,,0.5801504502280055,0.04603080418600925,0.47726042985539735,0.0805447966074515,0.5107048380026153,0.022851028514254745,0.5227958592061195
2026-09-09,main,002565,,0.6085278678912203,0.05082205259837835,0.480700027593332,0.06561610862188577,0.5108759674359034,0.026045285551083555,0.5231597214358741
2026-09-09,main,002566,,0.6670688164240659,0.029303453294103818,0.4878011342532709,0.03935766922172923,0.5112289893227413,0.032634850500683404,0.5239102697881064
2026-09-09,main,002567,,0.46376164578734325,0.014884443142193206,0.4631791107879337,0.019128812391631066,0.510002931895956,0.009749915438888299,0.5213032443497375
2026-09-09,main,002568,,0.43899078786450013,0.03363433744995949,0.4601890049906018,0.04613312220965652,0.5098535410681903,0.006961624828115208,0.5209855233218287
2026-09-09,main,002570,,0.5357731252811702,0.02641451888737069,0.47188594267103406,0.036456889367616284,0.5104372164427443,0.0178557684039305,0.5222267938679211
2026-09-09,main,002571,,0.5755692397016624,0.03782566742503259,0.476705339577436,0.048194743383984745,0.5106772108705216,0.02233535213613473,0.5227371155193195
2026-09-09,main,002572,,0.6549981934910747,0.02153445512288695,0.4863364516659013,0.028223053816986924,0.511156200254457,0.03127614081468562,0.523755522119421
2026-09-09,main,002574,,0.8152082300108692,0.04408761035100861,0.5057861427532275,0.057994793287670016,0.512122269679206,0.049309918327405916,0.5258090621200255
2026-09-09,main,002575,,0.7646580388610716,0.059911184530665185,0.49964839198965844,0.08073403264579783,0.5118174605471746,0.043619819752911806,0.5251612109078192
2026-09-09,main,002577,,0.7770926979585391,0.05055077181616613,0.5011582565755133,0.06658618170534453,0.5118924402693543,0.0450195065670556,0.5253205814289542
2026-09-09,main,002578,,0.6496243446075604,0.040040545271400274,0.4856844480505056,0.05422899559654788,0.5111237943633233,0.030671242412204425,0.5236866268913137
2026-09-09,main,002579,,0.3279842182400349,0.06795449201549351,0.446827504796551,0.09023222278429696,0.5091840491434546,-0.005533645896141602,0.5195615033558885
2026-09-09,main,002580,,0.5492205261437811,0.08405280019518975,0.47351391136040155,0.12116142634571661,0.5105183128754164,0.01936945281814463,0.5223992405652508
2026-09-09,main,002582,,0.5289686871629227,0.033261377964583984,0.47106240966352253,0.044481032123447665,0.5103961811168968,0.017089838092764334,0.5221395331344023
2026-09-09,main,002583,,0.48077539725647145,0.024391803889001917,0.46523439963886626,0.034534625222071264,0.5101055392753822,0.01166504020457717,0.5215214596290607
2026-09-09,main,002584,,0.592823748471393,0.03569794808457032,0.4787963003610097,0.04963193636202315,0.5107812643793429,0.024277577348761514,0.5229583623666416
2026-09-09,main,002585,,0.5649856781932254,0.06069646138505248,0.4754231863787695,0.08017792470920948,0.5106133861256434,0.021144031057372212,0.5226014028240219
2026-09-09,main,002587,,0.6689627519955105,0.029095614503556307,0.48803096926184575,0.037861304081740266,0.511240410215073,0.03284803822263138,0.523934549984366
2026-09-09,main,002588,,0.5544019828867612,0.02836453344649852,0.474141340896114,0.0371823110523421,0.5105495602278473,0.01995269491785629,0.5224656850759032
2026-09-09,main,002589,,0.6960602935368533,0.03931009289093035,0.4913198477769397,0.05533314690897827,0.5114038136931242,0.03589822812279969,0.5242819271954412
2026-09-09,main,002591,,0.7115662241579594,0.034992949567802356,0.49320218744976635,0.04620747322020677,0.5114973163949557,0.03764362753112051,0.5244806950843828
2026-09-09,main,002593,,0.5490751762588781,0.01474383381838898,0.4734963119449935,0.019130620541615538,0.5105174363255479,0.019353091748995778,0.5223973766567519
2026-09-09,main,002594,,0.38517370682204577,0.019572671035082638,0.4537028633887068,0.02744580217632196,0.509528969038093,0.0009037942016066822,0.5202951855371023
2026-09-09,main,002595,,0.45921096759388236,0.029790389145344185,0.46262959054369185,0.035814281354306594,0.5099754872961157,0.009237675882269002,0.5212448767980092
2026-09-09,main,002596,,0.5707503181354322,0.024319296768469674,0.4761215087529338,0.029937971956924957,0.5106481501442461,0.021792918208370732,0.5226753230460897
2026-09-09,main,002597,,0.3600178441340613,0.021045813766705362,0.4506762748399054,0.028182863767777684,0.5093772506906235,-0.0019278338331300965,0.5199724723489662
2026-09-09,main,002600,,0.3941180446285204,0.03859935386189002,0.45477982452182725,0.05123032854990471,0.5095829131052457,0.0019105987783015269,0.5204099243351358
2026-09-09,main,002601,,0.4569278418288721,0.026323068868261777,0.46235392424909083,0.032838946373379634,0.5099617180130607,0.008980679610536252,0.5212155929307742
2026-09-09,main,002602,,0.22690382461189268,0.026691213522607254,0.4347267379215347,0.03502041189815725,0.5085743942772938,-0.016911593053421516,0.5182645417247354
2026-09-09,main,002603,,0.4771289129386132,0.025855180665523746,0.46479379658994546,0.03297260584417645,0.5100835479476069,0.011254579734556895,0.5214746911736683
2026-09-09,main,002605,,0.6849560786775742,0.021809075906427458,0.4899720017164217,0.028102654077765125,0.5113368533973489,0.0346483005616076,0.5241395794216593
2026-09-09,main,002606,,0.49576564955196745,0.04597309812814091,0.46704622763705045,0.06179188250234407,0.5101959425299233,0.013352393135946855,0.521713715072856
2026-09-09,main,002607,,0.5324260338359192,0.03367811914335667,0.4714808287934613,0.04417615019788146,0.5104170312538522,0.017479008596932223,0.5221838706319005
2026-09-09,main,002608,,0.24105221783656788,0.034909784845798236,0.43641616624845564,0.045291805719807766,0.5086597302739625,-0.015319002594553807,0.5184460948472961
2026-09-09,main,002611,,0.5760779473385099,0.03461245895556919,0.4767669752009895,0.044779494260376564,0.5106802786509176,0.022392613969046155,0.5227436385778601
2026-09-09,main,002612,,0.5819636547081853,0.028460365416292006,0.47748014549747797,0.04360290326854581,0.5107157725703872,0.02305512887457513,0.5228191092877048
2026-09-09,main,002617,,0.3542379841951552,0.041251724491853145,0.4499813870655242,0.0554774571428351,0.5093423913429621,-0.0025784341978584355,0.5198983227747249
2026-09-09,main,002623,,0.7249822917840051,0.040885754725185915,0.49483098604037734,0.05546362069447083,0.5115782163124538,0.03915378497143682,0.5246526671187521
2026-09-09,main,002624,,0.5689071061498426,0.045497482397483115,0.4758982137205237,0.05438316997072926,0.5106370345512654,0.021585440102885156,0.522651687568618
2026-09-09,main,002625,,0.4354161304734288,0.028065970507382364,0.4597577372426952,0.03537520648869262,0.5098319824833634,0.006559249437190079,0.5209396719145674
2026-09-09,main,002626,,0.5645205924821621,0.028260509045724042,0.4753668505415984,0.036400708209869494,0.5106105813929458,0.021091679454315032,0.5225954389670538
2026-09-09,main,002627,,0.6140983829142181,0.034224538714060566,0.4813754491683358,0.04567209178089567,0.5109095600140616,0.02667232135194987,0.5232311450756207
2026-09-09,main,002628,,0.7199547159635133,0.05363894545449635,0.49422059065479207,0.07823589766707369,0.5115478997152104,0.03858786422299558,0.5245882225061074
2026-09-09,main,002629,,0.7268572091908126,0.05316653964796375,0.49505862283716545,0.07039691409519575,0.5115895221601123,0.03936483194516943,0.5246767000272843
2026-09-09,main,002631,,0.4173868350185054,0.06857528503638649,0.45758350822068644,0.0919875980369371,0.509723248123821,0.004529811644102648,0.52070840842756
2026-09-09,main,002632,,0.6501137608302789,0.03475087759038087,0.48574382643944464,0.04562430594509196,0.5111267456911321,0.030726332739023823,0.5236929014709963
2026-09-09,main,002635,,0.6118199608094272,0.04197461153924767,0.481099183500079,0.05205492892322289,0.5108958201702459,0.026415854539942205,0.5232019318771682
2026-09-09,main,002636,,0.34909993266284506,0.09500762494593197,0.44936382490240584,0.13227218102497165,0.5093114027779256,-0.003156790461893891,0.519832406196769
2026-09-09,main,002637,,0.38828624467240047,0.03771213922030148,0.45407758618960764,0.04835642305787922,0.5095477410456128,0.0012541518715288302,0.5203351137059111
2026-09-09,main,002638,,0.7053068697796097,0.05239253505986044,0.4924423080418209,0.07439923335244839,0.5114595718013197,0.03693905366868033,0.5244004584145439
2026-09-09,main,002639,,0.4107668158090661,0.03825991772407532,0.45678557303176576,0.052232393390518564,0.5096833226744873,0.0037846401420774736,0.5206234905786362
2026-09-09,main,002640,,0.5910261851690257,0.04052441106384641,0.478578429514355,0.053567435503240945,0.5107704241971109,0.02407523761172564,0.5229353134354467
2026-09-09,main,002642,,0.7002520613494106,0.03344910497531054,0.49182868463703205,0.04527589342322633,0.5114290906565104,0.03637006752661445,0.5243356615158888
2026-09-09,main,002643,,0.5124578824775607,0.02548924217962799,0.4690647902745433,0.03299639995622483,0.5102966093088588,0.01523132669909763,0.5219277914658216
2026-09-09,main,002644,,0.7788307852111533,0.035298480058428644,0.501369300824233,0.0450819542461749,0.5119029207151121,0.045215151481021204,0.5253428574535038
2026-09-09,main,002645,,0.5087946507925672,0.06939597763109638,0.46862171302591743,0.09529769339001788,0.5102745173247182,0.014818981089423186,0.5218808115345273
2026-09-09,main,002646,,0.8311372469538925,0.018957559393818768,0.5077199533310996,0.022381754849135183,0.5122183171091537,0.05110294174708002,0.5260131904902724
2026-09-09,main,002647,,0.5780965525195181,0.057772807835989114,0.47701155876728896,0.08128455699875828,0.5106924519168917,0.022619834919188245,0.5227695226808307
2026-09-09,main,002648,,0.16558889434916751,0.04199737057343298,0.4274232497549134,0.057954330467580834,0.5082045677249557,-0.023813406663765014,0.5174776893384591
2026-09-09,main,002649,,0.6844880381030399,0.025320644660549056,0.48991519332227595,0.034868048381175604,0.5113340310244827,0.034595616349235955,0.5241335794033726
2026-09-09,main,002651,,0.5570310161258187,0.03232891747426676,0.4744597254064803,0.04760481569940154,0.5105654148743244,0.020248627691711263,0.5224993982305386
2026-09-09,main,002652,,0.5774830282620536,0.058886206681019154,0.4769372201510208,0.08320833967004025,0.5106887520397035,0.02255077457691433,0.5227616556154411
2026-09-09,main,002653,,0.5650479131206068,0.049607465158907765,0.4754307249436741,0.06506721174847505,0.5106137614377806,0.02115103642893504,0.5226022008704232
2026-09-09,main,002654,,0.5237836131620135,0.06106342397300204,0.4704349718591834,0.0789650952738284,0.510364911548755,0.016506188822402713,0.5220730383661891
2026-09-09,main,002655,,0.5185869571516059,0.0722036596364086,0.46980622627412105,0.10946175382617922,0.510333572051733,0.015921235842317395,0.5220063942822731
2026-09-09,main,002657,,0.6500647606007024,0.033913109000643676,0.4857378814718667,0.043729554060161185,0.5111264502049665,0.030720817109307658,0.5236922732619876
2026-09-09,main,002659,,0.7920642562198299,0.030441129075127072,0.5029761307953518,0.040345873274385935,0.5119827165235563,0.04670475523541534,0.5255124596209246
2026-09-09,main,002660,fusion+sniper,0.9268980458562586,0.05462979694885658,0.5193385796041802,0.07363442592687337,0.5127957081544675,0.061882097531319874,0.5272401675758597
2026-09-09,main,002661,,0.7460627777516308,0.04105103739095478,0.4973905036384851,0.06282818916539006,0.51170533203391,0.041526674972951885,0.524922872628398
2026-09-09,main,002668,,0.622732516590602,0.03107310198960626,0.482422466283146,0.037945456774076985,0.5109616273227098,0.0276442083143235,0.5233418477279866
2026-09-09,main,002669,,0.665584711747462,0.03999663958905372,0.48762103710605925,0.05442711612732931,0.5112200398022331,0.032467794714885895,0.5238912435324279
2026-09-09,main,002670,,0.3430423626696344,0.0324202953591784,0.44863594287073055,0.04569434462014091,0.5092748683304451,-0.003838650799100632,0.519754692137639
2026-09-09,main,002673,,0.3607954481157398,0.01282101887713535,0.45076977757884007,0.01708744604939802,0.5093819405494858,-0.0018403041283549318,0.5199824481298787
2026-09-09,main,002674,,0.734613556199388,0.06762422124639209,0.4960003543655377,0.09683942058848337,0.511636293202337,0.040237912304568885,0.5247761205661055
2026-09-09,main,002675,,0.5813362889505962,0.028892149148619612,0.47740412325759146,0.03716113747388368,0.5107119892291446,0.022984510486756052,0.5228110648090321
2026-09-09,main,002678,,0.832632662274982,0.05251442032301658,0.5079014884088362,0.07067679665056029,0.5122273339908988,0.05127127069684784,0.5260323536061676
2026-09-09,main,002679,,0.840624944201747,0.05771644329286017,0.5088716703481609,0.08070863986117838,0.5122755247898133,0.052170908679693,0.5261347700227684
2026-09-09,main,002681,,0.6369724559329838,0.03310596103433273,0.48414960360750714,0.04280843909947311,0.5110474993804727,0.029247103510364594,0.52352442027203
2026-09-09,main,002682,,0.5811512387412376,0.0377485026175715,0.4773816996459964,0.054300878435089364,0.5107108732800707,0.02296368061631382,0.5228086919764975
2026-09-09,main,002683,,0.3708386955012722,0.022735900537459677,0.45197773476415837,0.028142160704566523,0.5094425128951011,-0.0007098026142782973,0.5201112902169481
2026-09-09,main,002685,,0.7041411704868125,0.03806566807595039,0.4923007970566687,0.05117234694207052,0.5114525424922443,0.036807838657750336,0.5243855155473763
2026-09-09,main,002686,,0.7281572077821644,0.0410129796251746,0.495216459006178,0.05531014019298927,0.5115973612110095,0.03951116413429162,0.5246933634927406
2026-09-09,main,002687,,0.5946202847325663,0.04606104010826914,0.47901405478658066,0.05985430285711622,0.510792098357885,0.02447980147860579,0.5229813980310904
2026-09-09,main,002688,,0.749402395352158,0.028654922472075822,0.4977960041280187,0.037954954066510144,0.5117254698515004,0.04190259349899274,0.5249656778528803
2026-09-09,main,002692,,0.6019078072232372,0.03937698995223474,0.47989744116509825,0.05450284137459819,0.5108360455227757,0.025300109382346045,0.5230748395737339
2026-09-09,main,002693,,0.795866035761857,0.04040351455535518,0.5034377392560238,0.05433625329697436,0.5120056405606278,0.04713269625523314,0.5255611827162907
2026-09-09,main,002695,,0.6365931460641496,0.03428016434763557,0.4841035926849389,0.045571313597305776,0.5110452120112545,0.02920440712297509,0.5235195571607077
2026-09-09,main,002696,,0.5430667384087918,0.08065032006158587,0.4727688497753694,0.10606875615850188,0.5104812016657974,0.018676761890135306,0.5223203263197126
2026-09-09,main,002697,,0.44567052810599517,0.012655258696329039,0.4609950475508506,0.01587659440932419,0.5098938261583369,0.00771351872923795,0.5210712020504573
2026-09-09,main,002698,,0.6372899228461216,0.034426082472008596,0.4841881130825421,0.043129748445857354,0.5110494138150015,0.029282838647835027,0.5235284904947318
2026-09-09,main,002701,,0.4925926293399381,0.01723810941682919,0.46666263980198863,0.02339583044152714,0.5101768067263935,0.012995227369119053,0.5216730204680903
2026-09-09,main,002702,,0.5553499569844055,0.04051748051134892,0.4742561412446416,0.05443782681324246,0.5105552770823933,0.020059402052665695,0.5224778413540921
2026-09-09,main,002703,,0.5386588735911575,0.059722265550374014,0.4722352478136108,0.07988669660274236,0.5104546193981893,0.01818059788472018,0.5222638005574421
2026-09-09,main,002706,,0.5080284328345447,0.04571565221123258,0.4685290432354559,0.060616653211674684,0.5102698964612199,0.014732733033549841,0.5218709849525531
2026-09-09,main,002707,,0.5374075586368676,0.02230558665099366,0.472083779149925,0.02956724258766891,0.5104470731512248,0.018039745688601894,0.5222477537881146
2026-09-09,main,002708,,0.3352560260582022,0.05159793670708743,0.44770065448823954,0.06840873302750192,0.5092279071913292,-0.004715106888494053,0.5196547979016725
2026-09-09,main,002709,,0.44847085862481173,0.04282778426776797,0.4613330236597516,0.05685282003349276,0.50991071473606,0.00802873329778453,0.5211071205575432
2026-09-09,main,002712,,0.6284045805471896,0.03166484806268365,0.4831103729781142,0.04096555982030142,0.510995832026817,0.028282674802772134,0.5234145709190763
2026-09-09,main,002713,,0.6605893002188871,0.05183081433044011,0.4870148642869794,0.06562125044126393,0.5111899161748266,0.03190549448671218,0.5238272017338883
2026-09-09,main,002714,,0.19235927898504585,0.026696501271671245,0.4306082911321945,0.03536185528528225,0.5083660368515069,-0.020800042639010377,0.5178212436522079
2026-09-09,main,002716,,0.2584596012168648,0.04414619720092514,0.4384967658641397,0.06413581725430932,0.5087647221682972,-0.013359569304492024,0.5186694608605148
2026-09-09,main,002718,,0.729384363712411,0.04528494327508957,0.49536545203589694,0.060468066753191815,0.5116047610120986,0.03964929690986682,0.5247090932058366
2026-09-09,main,002721,,0.5930085273157388,0.038123028303564635,0.4788186966502621,0.05161677112948496,0.5107823786851978,0.024298376673450375,0.5229607316545017
2026-09-09,main,002724,,0.633676593114028,0.04478883302958852,0.4837498189864124,0.06264574774129004,0.5110276241764854,0.028876110168869706,0.523482164044094
2026-09-09,main,002728,,0.49592445838770643,0.025647907711619386,0.46706542713595756,0.03588324866689215,0.5101969002711246,0.013370269189613551,0.5217157518196636
2026-09-09,main,002729,,0.8419933437366012,0.0422079067556992,0.509037773670982,0.056806834585684675,0.5122837757605314,0.05232494030777406,0.5261523050419101
2026-09-09,main,002730,,0.4284816255970325,0.06188664127597267,0.4589212900853627,0.08470492918891323,0.509790160717587,0.005778678376734986,0.5208507234179002
2026-09-09,main,002733,,0.5785606451100143,0.051281954445659465,0.47706779194111093,0.06987204599719621,0.5106952506409689,0.022672074733273026,0.5227754736144856
2026-09-09,main,002734,,0.3886127043205409,0.031249569012937378,0.4541168921470415,0.03924924902195672,0.5095497099527913,0.0012908992613262157,0.5203393015711651
2026-09-09,main,002735,,0.6003605348020211,0.0388670924208569,0.47970987161038603,0.05221274514831707,0.5108267147612711,0.025125943223958516,0.5230550003842912
2026-09-09,main,002736,,0.4525642660426779,0.01467370761840151,0.4618271270477866,0.019510093122051046,0.5099354017202742,0.00848950092661905,0.5211596243539651
2026-09-09,main,002738,,0.4709513675736618,0.05024640386440952,0.4640474923222421,0.06421000313203387,0.5100462921313913,0.010559214568264676,0.5213954594093559
2026-09-09,main,002739,,0.2598534996405121,0.040493711621993986,0.43866346470118184,0.05458250631154049,0.5087731293741905,-0.013202667436210628,0.518687346600749
2026-09-09,main,002741,,0.5482619499658509,0.051785930257056426,0.4733978451964562,0.0700621001533145,0.5105125320659122,0.019261552277720917,0.5223869481581505
2026-09-09,main,002742,,0.8407074504724696,0.08742658469224447,0.5088816854364512,0.12541268699164115,0.512276022273966,0.05218019586145724,0.5261358272809004
2026-09-09,main,002745,,0.37019048928760706,0.05279179642152053,0.45189975416202377,0.06846703716072212,0.5094386034736333,-0.0007827668735315291,0.520102974636439
2026-09-09,main,002746,,0.43904914641805487,0.019281352868185067,0.4601960462070176,0.028492917715152184,0.5098538930254839,0.006968193862076075,0.520986271872259
2026-09-09,main,002747,,0.43949250785227173,0.05099026332948922,0.46024954023466397,0.07157867723621149,0.5098565669140978,0.007018100107877345,0.5209919587543446
2026-09-09,main,002749,,0.7247815551693315,0.04010791511032256,0.49480661440416673,0.062881820033859,0.5115770058597195,0.03913118938675113,0.5246500940468004
2026-09-09,main,002752,,0.45007816867059836,0.023304281864830894,0.4615270284089157,0.03079924420873803,0.5099204082889606,0.008209657491981909,0.5211277366601401
2026-09-09,main,002753,,0.705476111092502,0.03323586655027299,0.4924628533257101,0.040697908341202016,0.5114605923467253,0.0369581040368655,0.5244026278816099
2026-09-09,main,002755,,0.6149560829176527,0.04187766990601402,0.48147945088383637,0.05098374971598218,0.510914732301644,0.026768866932804822,0.5232421421891756
2026-09-09,main,002756,,0.487679520558326,0.043235079841957055,0.4660687698033197,0.060595992022224765,0.5101471767635414,0.012442191413394532,0.5216100083197287
2026-09-09,main,002757,,0.630067782363187,0.042882580430862086,0.4833120979905317,0.05703414715162499,0.5110058617471741,0.02846989036154733,0.523435895127947
2026-09-09,main,002758,,0.5485581901046653,0.021847834398651893,0.473433714190101,0.030420809911201066,0.5105143185781761,0.01929489805848327,0.5223907470290649
2026-09-09,main,002761,,0.53287848599806,0.020828793473051332,0.4715355889764755,0.029478558244205286,0.5104197598434822,0.017529938125471385,0.5221896729158851
2026-09-09,main,002762,,0.704264558650483,0.07531929559011066,0.49231577580213887,0.06293352497409092,0.5114532865381521,0.03682172764210909,0.5243870972377491
2026-09-09,main,002765,,0.7761221251856742,0.03246097959063797,0.5010404062651429,0.041564199340044905,0.5118865878340445,0.04491025564978497,0.52530814213449
2026-09-09,main,002766,,0.7691525313055583,0.036937783746589264,0.5001941314144762,0.05031889751789008,0.5118445619383347,0.0441257348537205,0.5252188157825337
2026-09-09,main,002768,,0.38232542949755594,0.05558086113387989,0.4533600012322441,0.07585541688148392,0.5095117907870255,0.0005831825802615417,0.5202586471203917
2026-09-09,main,002769,,0.9075611912792142,0.03995258211002198,0.516993724050558,0.0506675246248734,0.5126791190273878,0.059705476510481637,0.5269924317072616
2026-09-09,main,002771,,0.5755734760110267,0.04408657357838986,0.47670585285080047,0.05748976941917998,0.5106772364177468,0.022335828989284573,0.5227371698407179
2026-09-09,main,002772,,0.46817487760189463,0.0343978673254377,0.46371211905275195,0.0478899667135095,0.5100295475154131,0.01024668357142565,0.5213598484419503
2026-09-09,main,002773,,0.5386009503523105,0.030095128267971116,0.47222823623189975,0.03850792654793675,0.5104542700833087,0.018174077851238667,0.5222630577551761
2026-09-09,main,002774,,0.563181227119183,0.06393122226520771,0.47520461670830505,0.08427396945422845,0.5106025042504456,0.02094091600972131,0.5225782640678915
2026-09-09,main,002777,,0.6981491596423881,0.023772873713238753,0.49157341213700745,0.03023094648499718,0.5114164098637665,0.036133357877585204,0.5243087044647496
2026-09-09,main,002779,,0.3921423170039909,0.04224631215297467,0.4545418962659366,0.05472178816755211,0.5095709973419338,0.0016882042693152008,0.5203845797020943
2026-09-09,main,002780,,0.7203006158996437,0.02891315464931917,0.4942625856563934,0.038822285360585324,0.5115499855162245,0.038626799876624665,0.5245926563565765
2026-09-09,main,002782,,0.6496587759280201,0.04874240237610559,0.4856886254148529,0.07018709118916974,0.511124001994622,0.03067511811678654,0.5236870683196388
2026-09-09,main,002783,,0.7078783905962979,0.026867954079231038,0.4927544840900637,0.03462726318517164,0.5114750783698139,0.037228512651930445,0.5244334220734188
2026-09-09,main,002785,,0.637752899824899,0.0475181904228181,0.48424427360349465,0.0641199801774472,0.5110522057246243,0.02933495288493372,0.5235344262869446
2026-09-09,main,002786,,0.7369039786680718,0.038528303191941664,0.49627845015931726,0.05264212860702299,0.5116501044905536,0.04049572991767002,0.5248054787324068
2026-09-09,main,002787,,0.388271315827746,0.07754377639604752,0.45407578876052573,0.10542521857182811,0.5095476510084156,0.0012524714308469048,0.5203349221967537
2026-09-09,main,002788,,0.6298038591591086,0.050101063993125396,0.48328008713186754,0.0677790021627194,0.5110042701935071,0.028440182283038754,0.5234325113268995
2026-09-09,main,002790,,0.7855651244700905,0.042801667232983974,0.5021870010728606,0.06272863919109327,0.5119435278280728,0.04597319123014669,0.5254291664978366
2026-09-09,main,002792,,0.43483016484058273,0.05901919936916826,0.45968704862485354,0.0798577881972802,0.5098284485496466,0.006493291185869533,0.5209321558182495
2026-09-09,main,002793,,0.6685904467360655,0.041891838117100955,0.48798578845078583,0.05504173320560893,0.5112381651246949,0.03280613029750076,0.5239297770512261
2026-09-09,main,002795,,0.529313626014633,0.04536228921298839,0.4711041534479356,0.06170645711549133,0.5103982613329121,0.017128665563516894,0.5221439566941799
2026-09-09,main,002796,,0.6980101510301765,0.060713552314043066,0.49155653795153303,0.07456963050778427,0.5114155716217866,0.036117710603298075,0.524306922511387
2026-09-09,main,002797,,0.5309131682369326,0.02299442375992549,0.47129773200359953,0.032074105722827255,0.5104079076563328,0.017308715385524066,0.5221644694747468
2026-09-09,main,002798,,0.6026627051143778,0.05131707657996695,0.4799889564323618,0.06901288815566964,0.5108405979001374,0.025385083213632642,0.5230845188785427
2026-09-09,main,002803,,0.4903889174151936,0.04274256035435754,0.4663962552451639,0.06033288564841366,0.5101635165954437,0.012747170184836093,0.5216447572623659
2026-09-09,main,002805,,0.683462169055409,0.04245023663156476,0.4897906794468238,0.06436860827912064,0.511327844838274,0.03448014109834632,0.5241204283118103
2026-09-09,main,002806,,0.7175637734869127,0.045129451044313526,0.4939303134959091,0.0600518789110077,0.5115334821524303,0.03831873174162696,0.5245575745730852
2026-09-09,main,002807,,0.3070097135012056,0.015403764353547698,0.4443108828963103,0.023331490189043663,0.5090575459962612,-0.007894606296102627,0.5192924007685008
2026-09-09,main,002810,,0.4344539587090809,0.05044819729088792,0.45964166543328305,0.06927875921956796,0.50982617966601,0.0064509441655342115,0.5209273302716844
2026-09-09,main,002811,,0.6171415361228998,0.036943811876267246,0.4817444585620093,0.05032009290440155,0.510927911482438,0.0270148688545572,0.5232701631633853
2026-09-09,main,002812,,0.3988596394152593,0.04276013084550956,0.4553509181337081,0.0566454666336569,0.5096115099789627,0.0024443285451564156,0.5204707490819801
2026-09-09,main,002815,,0.1557022679189597,0.046944401212070094,0.4262484806054414,0.05622687640481639,0.508144934791371,-0.024926278399311493,0.5173508063849211
2026-09-09,main,002818,,0.6848833415473075,0.023596335780569494,0.48996317323495425,0.031080591149727853,0.5113364147787935,0.03464011302696471,0.5241386469728047
2026-09-09,main,002819,,0.6889055062269556,0.026462915272120295,0.4904513733961117,0.035515467382732376,0.5113606691609355,0.03509286133492315,0.5241902085953926
2026-09-09,main,002820,,0.6876837380228977,0.03441873179279432,0.49030307629731407,0.04896293753339061,0.5113533016828387,0.034955335019826325,0.5241745463495849
2026-09-09,main,002821,,0.3117247050943081,0.062422924920114524,0.4448763660666485,0.08659534132967062,0.5090859835405528,-0.0073638710736944404,0.5193528950221796
2026-09-09,main,002824,,0.5791612173415623,0.07163169950292855,0.4771405629436383,0.099464547463326,0.510698872408558,0.02273967715219337,0.522783174580034
2026-09-09,main,002826,,0.6356719296874408,0.030942549964621098,0.48399184871866724,0.040855152731853916,0.5110396567571289,0.029100711926721964,0.5235077462767775
2026-09-09,main,002827,,0.21704343013290808,0.10996122959243519,0.4335502235563645,0.16711484792814246,0.5085149210380624,-0.018021512032808887,0.518138009632532
2026-09-09,main,002828,,0.7197176842783973,0.045495653058213265,0.4941918131712466,0.06333192010691607,0.5115464703971971,0.038561183143796654,0.5245851841597167
2026-09-09,main,002829,,0.7573963469275427,0.051596250066217764,0.4987666503609365,0.06664060546325096,0.511773673041571,0.04280241942307045,0.5250681380601093
2026-09-09,main,002831,,0.3618945141065757,0.054225795268340655,0.4509019403418066,0.07409853245552223,0.5093885691963402,-0.0017165895847402884,0.5199965478781536
2026-09-09,main,002832,,0.3753329542703313,0.0408401546329691,0.45251846841014126,0.05661292490854389,0.509469618360518,-0.00020391381675723824,0.5201689449740554
2026-09-09,main,002833,,0.6379174355930926,0.03349654410561295,0.4842642323904054,0.04433112411432561,0.5110531979314482,0.029353473581270495,0.5235365357857643
2026-09-09,main,002837,,0.39446888378477685,0.05718128116576724,0.4548220767124699,0.07829801909346588,0.5095850290416967,0.0019500904070666042,0.5204144248886874
2026-09-09,main,002838,,0.5713180090307073,0.04287752035586307,0.4761902833214227,0.05451839364042333,0.5106515736338237,0.021856819394112756,0.5226826025168068
2026-09-09,main,002839,,0.4515924730694959,0.01398362917974927,0.46170981789910825,0.019548718770346262,0.5099295409257328,0.00838011265951992,0.5211471597634226
2026-09-09,main,002840,,0.42307757793346407,0.04422576066075686,0.458269608469967,0.05993253410880246,0.5097575689927671,0.005170380698574929,0.5207814050913263
2026-09-09,main,002841,,0.4969741039100919,0.033438013725484904,0.467192328495765,0.0498328325952785,0.5102032304508015,0.013488420800018955,0.5217292136605791
2026-09-09,main,002842,,0.43223572875615934,0.06325062895506406,0.4593740854616648,0.08598922536508843,0.5098128016045796,0.006201252783445951,0.5208988772484778
2026-09-09,main,002843,,0.8169023278642448,0.048867585866213176,0.5059918184439051,0.060105516013933116,0.512132484648847,0.04950061164747628,0.525830772184378
2026-09-09,main,002845,,0.699036832288366,0.03574850926272311,0.491681166723896,0.0462300556882964,0.5114217626563298,0.036233277279324516,0.5243200835383333
2026-09-09,main,002847,,0.5819897227097135,0.02553981106304881,0.47748330435978537,0.03285460098713824,0.5107159297739443,0.02305806317600824,0.5228194435477743
2026-09-09,main,002848,,0.7108683411866651,0.043688033748466935,0.4931174635297086,0.057755261474064984,0.5114931080905578,0.03756507148989094,0.5244717492074115
2026-09-09,main,002849,,0.5649404148860104,0.04085224008115254,0.4754177036063818,0.05308531886357623,0.5106131131620562,0.02113893606813473,0.5226008224067955
2026-09-09,main,002850,,0.3705282200061689,0.04793842961936304,0.4519403835996423,0.06492656232239077,0.5094406403745254,-0.000744750774352855,0.5201073072513114
2026-09-09,main,002851,,0.3356063865567281,0.07137385909413119,0.4477427316053661,0.09453719793415932,0.5092300202974314,-0.004675669139043943,0.5196592928598838
2026-09-09,main,002852,,0.6053690396924568,0.030337720965335976,0.480317052767353,0.04619427659691144,0.5108569183128057,0.02568971728473235,0.5231192193724603
2026-09-09,main,002855,,0.805346135731597,0.07358181600524519,0.5045887767562403,0.10802815366114521,0.5120628036137849,0.048199808012813414,0.5256826762806374
2026-09-09,main,002857,,0.6900027009298916,0.040431485590113614,0.49058455131117307,0.05126128887400243,0.5113672854346082,0.0352163652401135,0.5242042738522341
2026-09-09,main,002858,,0.7436023432180395,0.03500530362015602,0.49709175680787376,0.04347229868983994,0.511690495645751,0.04124972023324108,0.5248913360132081
2026-09-09,main,002859,,0.47401375000865686,0.07165700803187812,0.4644174363549682,0.09457150249907051,0.5100647608979918,0.010903926576895547,0.5214347369511173
2026-09-09,main,002860,,0.7802639750272579,0.0452623667004743,0.5015433230635508,0.0599385965490365,0.5119115626601143,0.045376476119842635,0.5253612257141356
2026-09-09,main,002861,fusion,0.8719791550211737,0.03857256747754779,0.5201485905417608,0.04232217176013431,0.510122849171654,0.05570024350969041,0.5232288624710122
2026-09-09,main,002862,,0.7006305269715387,0.033660116451562576,0.49187462726229714,0.04426208110219295,0.5114313728558235,0.03641266888277124,0.5243405130433954
2026-09-09,main,002863,,0.7387300663906753,0.01838115732636776,0.49650016956671544,0.024831628932439898,0.5116611158192509,0.04070128045884397,0.524828885028159
2026-09-09,main,002864,,0.826216724630893,0.030203638281932677,0.5071226152584806,0.04281927832061247,0.5121886478586288,0.050549071298343295,0.52595013553382
2026-09-09,main,002865,,0.569233151212547,0.044012960721775365,0.47593771159439935,0.05846075143675512,0.5106390007850198,0.021622140825559327,0.5226558684465702
2026-09-09,main,002867,,0.49339914877129837,0.017549769542840796,0.4667601365793765,0.025091995268036484,0.5101816706747226,0.013086011893614434,0.5216833642648172
2026-09-09,main,002868,,0.7209219475546598,0.05226078856991404,0.49433802046083825,0.06700277706068215,0.5115537321889219,0.03869673904567783,0.5246006207647594
2026-09-09,main,002871,,0.8124459867022664,0.07167178418030998,0.5054507823364054,0.09916685706444277,0.5121056140484459,0.048998990982618826,0.5257736634361151
2026-09-09,main,002875,,0.8712700754163887,0.05072521981972192,0.512590995130907,0.06458503333601279,0.5124603026045962,0.05562042713794943,0.5265274489927969
2026-09-09,main,002876,,0.7105182332083595,0.04811238230572268,0.4930749601045168,0.06142266056358976,0.5114909969036772,0.03752566216496134,0.5244672613102165
2026-09-09,main,002878,,0.6917126510227564,0.03279616322940454,0.49079210836857207,0.04183157486162995,0.5113775967212353,0.03540884294127655,0.5242261941214247
2026-09-09,main,002879,,0.5652050315784545,0.034071503631095124,0.47544975687384494,0.043529212268395144,0.5106147089517149,0.02116872220801304,0.5226042156199083
2026-09-09,main,002880,,0.7423679508874554,0.03474282306481169,0.49694187722372846,0.047567037465632,0.5116830522683306,0.041110772904242684,0.5248755141169352
2026-09-09,main,002881,,0.47124437017711707,0.045413292693063684,0.4640828861193769,0.05833373279907515,0.5100480591870897,0.010592195921219467,0.5213992174171519
2026-09-09,main,002882,,0.4880052103966909,0.03202926714051741,0.4661081344705901,0.03837297975296276,0.5101491409351266,0.012478852150829056,0.5216141854145179
2026-09-09,main,002885,,0.44805390816734725,0.07042389237553336,0.46128269902088126,0.09591112641298935,0.5099082001413903,0.007981799959854652,0.5211017725462415
2026-09-09,main,002886,,0.646662178779322,0.05052184824230579,0.48532507217383186,0.07207390196768644,0.5111059315911582,0.03033781111999176,0.5236486501698112
2026-09-09,main,002888,,0.8041072847230968,0.060485890849453106,0.5044383627039548,0.08822446786909682,0.5120553336148731,0.04806035880011729,0.5256667997824203
2026-09-09,main,002891,,0.5687486157910976,0.030512096365496275,0.47587901393062,0.03883299059422036,0.5106360787658005,0.021567599898054013,0.5226496552445741
2026-09-09,main,002893,,0.5891687293469907,0.029421480623868533,0.47835330805068377,0.04019295058391794,0.5107592228231728,0.023866156172373074,0.5229114964406053
2026-09-09,main,002895,,0.4389404854597586,0.033163898815599044,0.4601829357967602,0.04300294904427334,0.5098532376970885,0.006955962621207519,0.5209848781055093
2026-09-09,main,002896,,0.5372202545903206,0.04661338518421424,0.4720611068874431,0.06402294727490691,0.5104459435850028,0.018018662118708048,0.5222453518110871
2026-09-09,main,002897,,0.3501441131953923,0.06227686566037413,0.44948931640008355,0.08222814315215539,0.5093177004349161,-0.0030392540090216358,0.519845802149427
2026-09-09,main,002899,,0.6093042243476322,0.0268304549644039,0.4807941561697284,0.03595312776767404,0.510880649201896,0.026132674830242522,0.5231696757256372
2026-09-09,main,002900,,0.7183632619261744,0.06809128602519354,0.49402737654503576,0.09841999289664939,0.5115383031299263,0.03840872483413747,0.5245678227148222
2026-09-09,main,002902,,0.43978995782676766,0.0663704526433699,0.4602854297449958,0.09101299429046485,0.5098583608183449,0.007051582071790144,0.5209957740649439
2026-09-09,main,002903,,0.7410030169099506,0.06506776829543597,0.4967761479489502,0.08627146728701215,0.5116748217196286,0.04095713137088698,0.5248580189372868
2026-09-09,main,002905,,0.5786543037289651,0.01735098396274045,0.47707914043976624,0.027253879300149296,0.510695815451956,0.022682617260651447,0.5227766745728183
2026-09-09,main,002906,,0.5395103981560748,0.03798819915862321,0.4723383257374999,0.054494774459282275,0.5104597546451005,0.018276448337562673,0.5222747204184616
2026-09-09,main,002907,,0.6130257279001347,0.05549444033310042,0.48124538502904446,0.08379072782588717,0.5109030914551168,0.026551579716206614,0.5232173918563884
2026-09-09,main,002909,,0.5801621415373007,0.03818596971967573,0.47726184652550396,0.003698568444255257,0.5107049085073349,0.022852344527129115,0.5227960091199719
2026-09-09,main,002910,,0.5851997917838871,0.04586684547374158,0.47787230706196276,0.06001861163536944,0.5107352881376286,0.0234193992866642,0.5228606048863289
2026-09-09,main,002911,,0.4806566816591125,0.026683850361466283,0.4652200544287831,0.03794824197711276,0.510104823322387,0.01165167717990926,0.5215199370327773
2026-09-09,main,002913,,0.2515551556690578,0.03570363517615802,0.43767125610003604,0.041178070742428546,0.5087230783899023,-0.014136756786391511,0.5185808660966986
2026-09-09,main,002915,,0.48022233086245136,0.03958651540558117,0.4651675693692563,0.05501678256143275,0.5101022038283806,0.011602785201606187,0.5215143662288734
2026-09-09,main,002916,,0.23583889078043496,0.0643672779664286,0.4357934805381521,0.08508216497205992,0.5086282861639333,-0.015905832123300156,0.5183791976520457
2026-09-09,main,002918,,0.7135210001421369,0.05069652009307549,0.4934395019146303,0.07166701320803238,0.5115091038817601,0.0378636636533987,0.5245057524762385
2026-09-09,main,002919,,0.765855623542856,0.044005625076834504,0.49979380753025915,0.0599326825750563,0.5118246818834781,0.043754623889862815,0.5251765601404246
2026-09-09,main,002920,,0.4777026162649499,0.029869773157102077,0.46486311327841484,0.03685533532796744,0.5100870078575469,0.011319157699647031,0.5214820493047237
2026-09-09,main,002921,,0.8437757859774299,0.054866430895438884,0.509254132613605,0.07124293262093621,0.5122945232539522,0.05252557796755268,0.5261751456126892
2026-09-09,main,002922,,0.46731154488996834,0.04982513016905301,0.46360784344477673,0.06284785348854716,0.5100243408740744,0.010149503954064984,0.5213487753834207
2026-09-09,main,002923,,0.7564244738639924,0.03561227196259885,0.4986486423826796,0.04723350144790155,0.5117678126997566,0.042693022140731604,0.5250556814652708
2026-09-09,main,002925,,0.5406391786157962,0.04124577882912147,0.47247496940644296,0.05323834786747642,0.5104665619219666,0.018403507641171324,0.5222891957469518
2026-09-09,main,002926,,0.48129696081079343,0.016870427566686254,0.4652974243784815,0.021346759028383264,0.5101086847334253,0.011723749142554495,0.5215281489789403
2026-09-09,main,002927,,0.49137544230494806,0.05683929214941687,0.46651550395090596,0.07589508218871349,0.5101694661248444,0.012858216725733639,0.5216574097299491
2026-09-09,main,002928,,0.5577606506880729,0.02915360335863007,0.4745480902271552,0.03772171175647887,0.5105698150043673,0.020330757798208407,0.5225087545927762
2026-09-09,main,002929,,0.5588807173157214,0.059894197908144584,0.47468374272167063,0.0791804684282548,0.5105765696686166,0.020456836243736648,0.5225231175728396
2026-09-09,main,002931,,0.6890313460981362,0.05941715268715968,0.4904666478196249,0.08590351882756742,0.5113614279973082,0.03510702629167865,0.5241918217751157
2026-09-09,main,002935,,0.7126823936825095,0.031900221105800534,0.4933376927227788,0.04549375516171897,0.5115040470058858,0.03776926730569061,0.5244950027732984
2026-09-09,main,002936,,0.41935760834707475,0.011561503587998664,0.4578210949858877,0.015144789192255554,0.509735133867612,0.004751648480966687,0.5207336881582866
2026-09-09,main,002937,,0.6556598040056775,0.05880373242212379,0.48641672745630987,0.07621242019977412,0.5111601899541982,0.03135061390688136,0.5237640042097619
2026-09-09,main,002938,,0.20690106479202441,0.07013267272153739,0.4323408463534021,0.09556646849154372,0.5084537468324248,-0.019163170595427235,0.5180078567630003
2026-09-09,main,002939,,0.4690844837019163,0.017242756060512773,0.4638219871158189,0.023260509006254145,0.5100350332228634,0.01034907187610578,0.5213715149777373
2026-09-09,main,002940,,0.7669249901406401,0.06600851026959588,0.4999236543465004,0.10234188762051155,0.5118311300711982,0.043874995370469724,0.5251902659841539
2026-09-09,main,002941,,0.4933627029425155,0.021833474568206526,0.4667557307399887,0.02943833806607574,0.5101814508776693,0.013081909429238203,0.5216828968391033
2026-09-09,main,002942,,0.8602974264185053,0.046113586873780754,0.5112594102902984,0.06254030610822282,0.5123941423334406,0.05438530907012129,0.526386851986329
2026-09-09,main,002943,,0.6628768940842098,0.052455477172524884,0.4872924498412939,0.06902391823473367,0.5112037109693731,0.03216299370275909,0.5238565290698008
2026-09-09,main,002945,,0.4861522047724155,0.029244078765500094,0.46588417565254847,0.038765391791286324,0.5101379658171868,0.012270271640619425,0.5215904198794812
2026-09-09,main,002946,,0.6024026432082921,0.034846947110943646,0.4799574293214534,0.04606373272700855,0.5108390296088564,0.025355809775739716,0.5230811843653456
2026-09-09,main,002947,,0.41274225699274897,0.05900013415930038,0.4570236571749142,0.078546529399948,0.5096952366070837,0.004007002408324134,0.520648830541865
2026-09-09,main,002948,,0.3647812988801529,0.023827459313161187,0.45124910936333473,0.03400492594395885,0.5094059798520065,-0.001391643436142613,0.5200335818435078
2026-09-09,main,002949,,0.773431987706788,0.049790774834644405,0.5007137598838327,0.06654806178497916,0.5118703666164934,0.04460744477833953,0.5252736639660476
2026-09-09,main,002951,,0.6449333914318287,0.06161981574443552,0.4851153392274461,0.08988603846797666,0.5110955064579499,0.030143213034448918,0.5236264859650144
2026-09-09,main,002952,,0.767869067135186,0.04919058786564608,0.5000382880016404,0.0682533793089932,0.5118368227702182,0.04398126383432102,0.5252023659862041
2026-09-09,main,002953,,0.5921466927648198,0.023090279595404238,0.47871423793234624,0.03119165305867442,0.5107771814048563,0.024201365694103097,0.5229496809534467
2026-09-09,main,002955,,0.5543546541902834,0.05263951797973206,0.4741356094283018,0.07478704874399138,0.5105492748072404,0.01994736744149595,0.522465078159044
2026-09-09,main,002956,,0.8380330540487967,0.04976599922574053,0.5085570481478507,0.071507424573311,0.5122598965801441,0.051879156855830555,0.5261015567074943
2026-09-09,main,002957,,0.41303861585375656,0.07678404045211111,0.45705937663711826,0.10637090377052935,0.5096970239534484,0.0040403615528535955,0.5206526320747086
2026-09-09,main,002958,,0.38326511188648016,0.014204926132538591,0.45347311088045594,0.020234170247865987,0.5095174581098454,0.0006889563726068595,0.5202707016260029
2026-09-09,main,002960,,0.6390449722965061,0.03191288719296449,0.48440100803941366,0.0423431656590893,0.5110599973601555,0.02948039288350955,0.5235509918134885
2026-09-09,main,002961,,0.5125702633979056,0.03200792797155658,0.46907838380919425,0.04315583476233027,0.5102972870479142,0.015243976671335313,0.521929232713856
2026-09-09,main,002962,,0.740844861988513,0.04367532272582179,0.4967569449403784,0.05944272441258841,0.5116738680454118,0.04093932892400097,0.5248559917666001
2026-09-09,main,002963,,0.5767128632622325,0.0628678436719519,0.47684390336351845,0.0809540994525289,0.5106841075339708,0.022464082228815768,0.522751779969697
2026-09-09,main,002965,,0.6901274723013351,0.04074256797474123,0.49059969619321486,0.05067002373765752,0.5113680378272885,0.035230409922965125,0.5242058733301698
2026-09-09,main,002966,,0.25536861804022354,0.016272830933033593,0.43812715916208317,0.023269117512640058,0.5087460790905948,-0.013707500708254126,0.5186297988886993
2026-09-09,main,002967,,0.5600869234900953,0.02483502957049495,0.47482983184900013,0.033555205935575656,0.5105838438009624,0.020592610844727008,0.5225385851067805
2026-09-09,main,002969,,0.5395001465889301,0.05729131147367919,0.4723370847607153,0.07576254543290523,0.5104596928214967,0.018275294386879797,0.5222745889535747
2026-09-09,main,002970,,0.6572238539456967,0.05212051688660839,0.4866065025294818,0.06423494655385834,0.5111696216149139,0.03152666859889566,0.523784055851213
2026-09-09,main,002971,,0.6996609397813243,0.05928668474867759,0.49175692759891204,0.08345872212472928,0.51142552611189,0.03630352890597989,0.5243280839557158
2026-09-09,main,002972,,0.7019218418824856,0.05308691151885453,0.4920313833393442,0.0717216136469329,0.5114391596572465,0.036558023607785595,0.524357066295143
2026-09-09,main,002973,,0.5779479424855047,0.015699900668398076,0.4769935521089028,0.01675963662682553,0.5106915557195497,0.022603106876752377,0.5227676170932277
2026-09-09,main,002975,,0.3801273747795336,0.08078950137346373,0.45309544002652646,0.11181990465518837,0.5094985340794616,0.0003357621900870328,0.5202304497743636
2026-09-09,main,002976,,0.7163333574075559,0.05989971251598693,0.49378093395049055,0.08212695067106669,0.511526062643543,0.03818023199276477,0.52454180259933
2026-09-09,main,002979,,0.5267301010650935,0.044256383925129116,0.470791510479662,0.060131578960807015,0.5103826809105657,0.01683785535492674,0.5221108250069384
2026-09-09,main,002980,,0.14790839150603016,0.09404826184449162,0.42532296621117904,0.1413017653232636,0.5080979244856967,-0.02580358319397736,0.5172507797816768
2026-09-09,main,002982,,0.5779260316452121,0.026685403001098763,0.47699089723928295,0.03543584723735606,0.5106914235855533,0.022600640519291018,0.5227673361361964
2026-09-09,main,002984,,0.4657884456263899,0.015151236976890439,0.4634238872533346,0.020824930204167424,0.5100151552657257,0.009978058807145182,0.5213292401437429
2026-09-09,main,002985,,0.3538837793589501,0.022913186407169703,0.4499388088550554,0.03040674793610284,0.5093402550685964,-0.0026183046788146175,0.519893778667595
2026-09-09,main,002986,,0.708080887314595,0.04257016487310377,0.4927790669167569,0.055939194934145425,0.5114762994475515,0.03725130635976644,0.5244360178173296
2026-09-09,main,002987,,0.6213242848177447,0.0278115792760075,0.48225168645929534,0.036636222627054876,0.5109531351333121,0.027485693036318967,0.5233237922230249
2026-09-09,main,002988,,0.42445775546365894,0.035450005196485126,0.45843603251056375,0.05205968537584763,0.5097658928292227,0.005325738097201542,0.5207991088597773
2026-09-09,main,002989,,0.6409842145181884,0.054897893919885574,0.48463625294333035,0.0736577751940773,0.511071691638841,0.02969868047353061,0.5235758545387136
2026-09-09,main,002990,,0.5560937647151329,0.06841367978129023,0.47434621880458777,0.09739968909181769,0.5105597626888936,0.020143127538406566,0.5224873795008035
2026-09-09,main,002992,,0.8050342016495508,0.04463735353059311,0.5045509036194373,0.05702960163649629,0.5120609227204338,0.0481646956693145,0.5256786786935139
2026-09-09,main,002993,,0.5969339202167077,0.057275000906666866,0.4792944974709905,0.07550157403714076,0.510806050678746,0.02474023202635979,0.5230110639348916
2026-09-09,main,002995,,0.7425225611034153,0.06270240217479983,0.49696064992493255,0.08691791043324162,0.511683984567173,0.04112817634722529,0.524877495845205
2026-09-09,main,002997,,0.4543512008820494,0.010142825514192447,0.4620428463660525,0.011759078315528852,0.5099461785537283,0.008690644288314571,0.521182544198908
2026-09-09,main,002999,,0.6701400973701009,0.030795841655217378,0.48817384636462424,0.03938033264654473,0.5112475098882415,0.03298056415547687,0.5239496434591391
2026-09-09,main,003002,,0.7114950454920359,0.027619297048164307,0.4931935462471795,0.03702909529737701,0.5114968871805271,0.03763561542243617,0.524479782674835
2026-09-09,main,003004,,0.6927318207466373,0.09083115774460537,0.49091581868004025,0.1277526714069576,0.5113837424814621,0.035523564093879856,0.5242392590634269
2026-09-09,main,003005,,0.8175421990261672,0.05359483865407689,0.506069502891334,0.08003180978884854,0.5121363429029698,0.04957263768542983,0.5258389721835911
2026-09-09,main,003006,,0.41725484986047556,0.018608060922580952,0.45756759742553976,0.021585792504392094,0.5097224521202806,0.004514954953307268,0.5207067154085422
2026-09-09,main,003007,,0.7684770811753102,0.04975997282533996,0.5001121155293754,0.06604496121449986,0.5118404890383468,0.04404970392810288,0.5252101587365668
2026-09-09,main,003009,,0.5543530712277095,0.03772430705090215,0.47413541773290047,0.052816393627358085,0.5105492652610205,0.019947189257934615,0.5224650578600119
2026-09-09,main,003010,,0.5798117113130425,0.03907719766213151,0.47721938403030767,0.05325784328342528,0.5107027952293248,0.02281289892911738,0.5227915156655217
2026-09-09,main,003013,,0.5459260418214001,0.05058332135360295,0.4731150212129171,0.07199555281405598,0.5104984450777346,0.018998614644834412,0.5223569932694934
2026-09-09,main,003018,,0.43096858040717284,0.09322518804492934,0.4592212427759533,0.13597229928892612,0.5098051594742287,0.006058618327467839,0.5208826235970747
2026-09-09,main,003019,,0.5860603430044338,0.04635446019085746,0.47797659499176787,0.062458240457824,0.5107404776975883,0.023516265810052825,0.5228716393126829
2026-09-09,main,003020,,0.8370935770681112,0.058098409285383845,0.5084430060127832,0.08699942139929491,0.512254231849885,0.05177340618492356,0.5260895178898064
2026-09-09,main,003021,,0.6320579620591196,0.04275009812777867,0.4835534883611445,0.05598807821071969,0.5110178632530937,0.028693911644023906,0.5234614114665821
2026-09-09,main,003022,,0.43797894688044015,0.03665706662278006,0.460066924449861,0.04846834468455985,0.5098474387081545,0.006847728622976175,0.5209725446780478
2026-09-09,main,003023,,0.7579351968100666,0.053270891361253916,0.49883207932071455,0.07499962238102582,0.511776922275716,0.042863074167962104,0.5250750445398265
2026-09-09,main,003026,,0.7267740452368303,0.04948999157893744,0.4950485257210269,0.06192298092499339,0.5115890206774764,0.03935547073237794,0.5246756340245091
2026-09-09,main,003030,,0.5698893570406477,0.04580189031852603,0.476017206840215,0.06429145355362001,0.5106429580715153,0.021696005548167113,0.5226642829685318
2026-09-09,main,003031,,0.3179001059218677,0.07291305486869049,0.44561721627594947,0.10088234208926242,0.5091232291668892,-0.006668747303703169,0.51943212575012
2026-09-09,main,003032,,0.7175177262363279,0.07863645967571642,0.4939247230767845,0.12078507174960858,0.5115332044838611,0.038313548509101986,0.5245569843215805
2026-09-09,main,003033,,0.5003518652552106,0.045648152498245546,0.46760072604868025,0.06391746776924767,0.510223600959172,0.01386863291351792,0.5217725336766884
2026-09-09,main,003035,,0.40050025763187014,0.03860723524638382,0.455548547132276,0.05657950850775009,0.5096214046419733,0.0026290020184567,0.5204917946420764
2026-09-09,main,003036,,0.6421694992038782,0.09925436792523278,0.4847800403944205,0.14151984165497805,0.5110788392956477,0.029832100081785454,0.5235910508332069
2026-09-09,main,003039,,0.8511552409040545,0.043110219360763626,0.5101498383329449,0.05930761774936515,0.5123390186242159,0.05335623409374021,0.5262697062549844
2026-09-09,main,003040,,0.5497473210125138,0.07532967409266247,0.47357769787013754,0.10663108651401715,0.5105214897743483,0.019428750610367487,0.5224059959656677
2026-09-09,main,003041,,0.7946656290723891,0.05269921748965722,0.5032919876118506,0.07305276615354259,0.5119984023327341,0.04699757446365943,0.525545798518117
2026-09-09,main,003042,,0.7544630324766916,0.03925808353334834,0.49841047828242585,0.05313518167053716,0.5117559853048185,0.04247223573838624,0.5250305413787125
2026-09-09,main,003043,,0.5703190673071447,0.05768003528034127,0.47606926421926066,0.08160849561200954,0.5106455494629469,0.021744375172875252,0.5226697931327913
2026-09-09,main,003816,,0.30090439080368475,0.022950947570031147,0.44357886760201537,0.03302792849161081,0.5090207228563438,-0.008581841837409364,0.5192140674577701
2026-09-09,main,302132,,0.2998249912383493,0.026862315960969437,0.44344947526231643,0.036725923818495404,0.5090142126446108,-0.00870334266239782,0.5192002183057521
2026-09-09,main,600000,,0.37438955003487934,0.014668159787056774,0.4524049519428969,0.01948378382684174,0.5094639285701732,-0.00031010655259496034,0.5201568425240493
2026-09-09,main,600004,,0.5733628725456483,0.009896406557434047,0.47643802173921257,0.013619474396969608,0.5106639052817097,0.022086996070139975,0.5227088236150319
2026-09-09,main,600008,,0.43068561830918584,0.012192052676632916,0.45918711310159815,0.015275631815939583,0.5098034529384214,0.006026767167387745,0.5208789940497071
2026-09-09,main,600009,,0.34958191649938375,0.011111744248580553,0.44942174978831534,0.01522019923613553,0.5093143097170674,-0.0031025367493195677,0.5198385896450868
2026-09-09,main,600010,,0.4005244072335172,0.020352279866117935,0.4555514562998893,0.026285329734836313,0.5096215502895562,0.0026317203783833565,0.5204921044283489
2026-09-09,main,600011,,0.2637477241968503,0.027775258080393876,0.43912925532453445,0.03987071559884131,0.5087966171050092,-0.012764320496411394,0.5187373149009324
2026-09-09,main,600012,,0.6357899715834662,0.029284761839384853,0.48400616716526307,0.03826519338112026,0.5110403685908379,0.02911399911731466,0.523509259689393
2026-09-09,main,600015,,0.276386070061264,0.012789241003425097,0.440641670596707,0.01838770298022887,0.5088728440964017,-0.011341706018575697,0.5188994798136213
2026-09-09,main,600016,,0.21894827778147607,0.01039953755006232,0.43377744664507784,0.01645108374286063,0.5085264101976351,-0.01780709601096584,0.5181624534974654
2026-09-09,main,600017,,0.4149853168443283,0.014221973903219796,0.4572940190576136,0.020993387577501244,0.5097087645408556,0.004259488726845756,0.5206776032535717
2026-09-09,main,600018,,0.24232361568627342,0.012633256929925375,0.4365680539420452,0.019968113960800865,0.5086673986821243,-0.015175889800562854,0.5184624092712418
2026-09-09,main,600019,,0.2697187636138904,0.015401446336762718,0.43984366312110446,0.02190063526152074,0.5088326309174256,-0.012092200330248892,0.5188139308869087
2026-09-09,main,600021,,0.3296297511785416,0.029396760118356145,0.4470250607898042,0.03886650354990563,0.5091939737666532,-0.005348419205308055,0.5195826150411833
2026-09-09,main,600022,,0.5072686145680706,0.016709457356649367,0.46843714959552446,0.020206770251672806,0.5102653141908828,0.014647205348360143,0.5218612404285426
2026-09-09,main,600023,,0.3425479940354348,0.019843447710170173,0.4485765488418652,0.027553407011979128,0.5092718866874031,-0.00389429858591904,0.5197483497182852
2026-09-09,main,600025,,0.35338567568686796,0.01700874371473138,0.4498789341123629,0.025390154941091782,0.509337250913368,-0.00267437289398844,0.5198873884713333
2026-09-09,main,600026,,0.05852591981079075,0.0567416883337929,0.41474782688622114,0.08549047825656765,0.5075587864141542,-0.035864773136280455,0.5161035483723209
2026-09-09,main,600027,,0.14893655584939297,0.025440267991368996,0.42544502979596793,0.036833411827783144,0.5081041260703193,-0.025687849576923813,0.517263975321314
2026-09-09,main,600028,,0.14966621490987742,0.018054549956575794,0.42553166037351275,0.030024145210998186,0.508108527157444,-0.025605716712823932,0.5172733398067677
2026-09-09,main,600029,,0.3941891121101678,0.01897423739615922,0.45478838325389975,0.024741601790347664,0.5095833417184207,0.001918598371711898,0.5204108359868004
2026-09-09,main,600030,,0.34918657725001057,0.017566773076372992,0.4493742377599953,0.022785152981906177,0.5093119253484875,-0.0031470374573907556,0.5198335177745897
2026-09-09,main,600031,,0.22837405009878672,0.028502534123312717,0.4349022244113235,0.03903401314014949,0.5085832619618154,-0.016746099555634927,0.518283407981295
2026-09-09,main,600032,,0.5082173028833522,0.04633583344251108,0.4685518858135948,0.06706255423213565,0.5102710354880858,0.014753992877895424,0.5218734071722393
2026-09-09,main,600033,,0.46422266856113364,0.01135741540009052,0.4632347869191055,0.015874991317716816,0.5100057122662022,0.009801809704138069,0.5213091574514584
2026-09-09,main,600036,,0.22415908811556456,0.011464653939059979,0.43439916928059125,0.01732613787073249,0.5085578393482819,-0.017220549772869673,0.5182293205234814
2026-09-09,main,600037,,0.593132371523389,0.026868012436172033,0.47883370734866754,0.036317079036339114,0.5107831255256443,0.024312316991644656,0.5229623196202232
2026-09-09,main,600038,,0.2992412587134199,0.015145605727047961,0.4433795038906262,0.02009839256889536,0.5090106919616034,-0.008769049547622927,0.519192728758781
2026-09-09,main,600039,,0.3911673402031083,0.023720436978168464,0.45442449170673527,0.0343680546834846,0.5095651171788135,0.0015784576199221814,0.520372072661476
2026-09-09,main,600048,,0.28837090207619204,0.022816729912090387,0.4420768996049415,0.030710057582516406,0.5089451290995605,-0.009992653245231901,0.5190532556937293
2026-09-09,main,600050,,0.3925113545764084,0.01341978800987147,0.4545863362770948,0.018460022075219365,0.5095732230363789,0.0017297443726656536,0.5203893137238733
2026-09-09,main,600054,,0.4937472102051336,0.018413412798821638,0.46680221306224656,0.026972646046096664,0.5101837697591135,0.013125190852654046,0.5216878282268098
2026-09-09,main,600055,,0.7644676197703169,0.0326420713606177,0.499625270543934,0.042590802896270714,0.5118163123353962,0.043598385543224066,0.5251587703353835
2026-09-09,main,600056,,0.5717648963256095,0.01870499504253377,0.47624442342091283,0.0240861741103576,0.5106542686102806,0.02190712252258456,0.5226883329224841
2026-09-09,main,600057,,0.4974772806003273,0.022913348028457896,0.46725316368812236,0.03143253676560687,0.51020626499682,0.013545060051082171,0.5217356669561595
2026-09-09,main,600058,,0.6944475429994588,0.04348984014839993,0.49112408142822345,0.057837035689427135,0.5113940885596582,0.03571669152867189,0.5242612531776699
2026-09-09,main,600059,,0.38253186477749507,0.01708013727980003,0.45338484945192714,0.029764564942584646,0.5095130358200106,0.000606419625767983,0.5202612953312873
2026-09-09,main,600060,,0.346838759196671,0.03260228808757302,0.4490920951126351,0.04388323733439888,0.5092977651884322,-0.0034113157094529667,0.5198033971568653
2026-09-09,main,600061,,0.30239015005307396,0.012966250243686042,0.44375698456824497,0.018991749160077183,0.5090296839512028,-0.008414599807365628,0.5192331303277562
2026-09-09,main,600062,,0.43068163452004177,0.012317302153669434,0.45918663259677445,0.015780950411204572,0.5098034289123087,0.006026318738758411,0.520878942949733
2026-09-09,main,600063,,0.5136950864511926,0.03953158738401615,0.46921444431520615,0.05250116635896804,0.5103040705506385,0.015370590516040665,0.5219436581763695
2026-09-09,main,600064,,0.4365825458683429,0.013522982065322146,0.4598984538819968,0.018532137882525408,0.5098390170818904,0.006690545054969264,0.5209546333277069
2026-09-09,main,600066,,0.4471657888997859,0.03041694304653229,0.4611755083865481,0.03935914551017076,0.5099028439638561,0.007881830284896231,0.5210903810763018
2026-09-09,main,600067,,0.8871039176769008,0.042323324025904024,0.5145121897581187,0.05647262217344241,0.5125557729733882,0.05740273737706046,0.5267303270212086
2026-09-09,main,600072,,0.4939094751758255,0.029356355299554687,0.4668218291265085,0.03657747437194875,0.5101847483444761,0.013143455940429642,0.521689909308422
2026-09-09,main,600073,,0.5547376482160601,0.007862222643998676,0.4741819898981717,0.014262562532799665,0.5105515844921892,0.019990478529912092,0.5224699894593428
2026-09-09,main,600075,,0.40672595144177504,0.045618265689536176,0.4562986215460747,0.060377188376920986,0.5096589520914713,0.0033297869347392317,0.5205716560780448
2026-09-09,main,600076,fusion,0.9103863422742924,0.0742152388482463,0.5286116509241152,0.09059803187012673,0.5103134976134531,0.06002348495484515,0.5222175814223536
2026-09-09,main,600078,,0.5746942703303394,0.05598086914012969,0.4765993289062995,0.0754338312893895,0.5106719343331808,0.022236862657475043,0.5227258959400455
2026-09-09,main,600085,,0.481959428763457,0.014349435949105748,0.4653774773326763,0.01874490132713679,0.510112679959953,0.011798318750845957,0.5215366454969134
2026-09-09,main,600088,,0.5826267030804594,0.037643452520075706,0.47756049278008705,0.05106728410625689,0.5107197710949885,0.02312976381683908,0.522827611298458
2026-09-09,main,600089,,0.30057282987020223,0.02173465694415237,0.44353912112963106,0.029059296663076037,0.5090187231042618,-0.008619163444945448,0.5192098133941885
2026-09-09,main,600094,,0.6003536771820137,0.035419249905070206,0.47970904030164313,0.04887947822201832,0.5108266734066642,0.02512517130731605,0.5230549124554487
2026-09-09,main,600095,,0.5156234269603873,0.03171101190026327,0.4694477102944044,0.044340541574605825,0.5103156998403533,0.015587650972844744,0.5219683883842395
2026-09-09,main,600096,,0.2875986556690342,0.030016158683662145,0.4419843907424784,0.038763618460908845,0.5089404714039681,-0.010079579883501291,0.5190433472051863
2026-09-09,main,600097,,0.7231992370874185,0.025066313099314,0.49461450443252974,0.03116292901453725,0.5115674643906368,0.0389530783715898,0.524629811611146
2026-09-09,main,600098,,0.4074188405430447,0.02026587228684338,0.4563821134613108,0.02846341739310722,0.5096631309311995,0.003407780849257455,0.520580544198142
2026-09-09,main,600100,,0.5188285766014671,0.034502497327545685,0.46983545780365527,0.04337820524138947,0.51033502918905,0.015948433335659234,0.5220094929282489
2026-09-09,main,600101,,0.6454466086275324,0.02516583378077258,0.48517760114450403,0.03661984115394247,0.5110986013205887,0.030200982478386845,0.5236330657608725
2026-09-09,main,600103,,0.5439831135582959,0.05100361912773446,0.47287979106103906,0.0709941318312417,0.5104867279915078,0.0187799121416634,0.5223320776981732
2026-09-09,main,600104,,0.20740724345771228,0.013020132905650815,0.43240118418403894,0.019500210017202754,0.5084567998814694,-0.019106193431967365,0.5180143524070329
2026-09-09,main,600105,,0.1942794992731328,0.07689020199797149,0.43083697597250853,0.1088078773564001,0.5083776188482402,-0.02058389622145124,0.5178458859104035
2026-09-09,main,600108,,0.43611358566793224,0.07156463807625392,0.4598418776386001,0.10734058144302579,0.509836188804586,0.006637757326433409,0.5209486180589902
2026-09-09,main,600109,,0.4319919657111462,0.019263510207813587,0.4593446823124715,0.026052119186439987,0.5098113314779643,0.006173813999864823,0.520895750514968
2026-09-09,main,600110,,0.4734521450391343,0.07195668851932978,0.46434959002032755,0.10431635758102735,0.510061373945177,0.01084071044330983,0.5214275339311213
2026-09-09,main,600111,,0.41431542592788106,0.027791952997367086,0.45721327270777573,0.037359806347439135,0.5097047244183384,0.004184083564925646,0.5206690102835739
2026-09-09,main,600113,,0.40461922612634504,0.02804898258081248,0.45604477996355175,0.032347718580666374,0.5096462463450941,0.0030926468875600646,0.520544631720189
2026-09-09,main,600114,,0.5594305348675068,0.040391668043636406,0.47475033309533493,0.052863210286312134,0.5105798853922409,0.020518725546160355,0.5225301680491913
2026-09-09,main,600115,,0.34989042836710393,0.026208858226401857,0.44945882750848754,0.0328346026007304,0.5093161704123783,-0.0030678096217103545,0.5198425475903691
2026-09-09,main,600116,,0.5149649277210337,0.018972788368515913,0.46936805196981507,0.026511204103972168,0.51031172861433,0.015513528096196307,0.521959943402839
2026-09-09,main,600118,,0.3295189682966046,0.04730328664567351,0.4470117601215743,0.0660949397121395,0.5091933056074447,-0.005360889296998114,0.5195811937328197
2026-09-09,main,600120,,0.4222873121356742,0.016857995465297485,0.4581743211304377,0.02365783643161475,0.5097528029054519,0.005081425737432442,0.5207712681960133
2026-09-09,main,600121,,0.3586895906030065,0.07091497210671807,0.45051656748505653,0.10105896023219141,0.5093692397689857,-0.0020773464927603125,0.5199554323193688
2026-09-09,main,600123,,0.32917981950740377,0.028978134360152133,0.4469710421586177,0.038833590081030545,0.509191260116253,-0.005399065018950468,0.5195768425621295
2026-09-09,main,600125,,0.7033815670509733,0.01266931456876444,0.4922085850608769,0.016178983779093624,0.5114479619883358,0.036722335154615385,0.5243757783186554
2026-09-09,main,600126,,0.3197172338878555,0.04574305400753309,0.44583525957524245,0.06125630268936995,0.5091341887713153,-0.0064642053026986515,0.5194554394146661
2026-09-09,main,600127,,0.38885956921840703,0.06958601344681148,0.4541466152237145,0.10389899853300381,0.5095511988167536,0.0013186871998382213,0.5203424683830958
2026-09-09,main,600129,,0.6539759793909581,0.028549057809840555,0.48621242382005125,0.037918254298234824,0.5111500360096491,0.031161076976911686,0.5237424169314316
2026-09-09,main,600130,,0.7288872776591264,0.03824346641471624,0.49530509908577125,0.05316085415159373,0.5116017635632203,0.039593343241268134,0.5247027215512148
2026-09-09,main,600131,,0.5712571328128684,0.026789921311065543,0.47618290825127024,0.03296949513914546,0.5106512065166622,0.021849966963440062,0.5226818219047042
2026-09-09,main,600132,,0.528954223784644,0.016820406872296394,0.4710606593443185,0.020960043132269415,0.5103960938928752,0.01708821004653436,0.5221393476532823
2026-09-09,main,600133,,0.5380281138864309,0.027265671058426155,0.4721588952287125,0.03644520988690983,0.5104508155055355,0.018109597462860692,0.5222557117479355
2026-09-09,main,600138,,0.4859878093979263,0.007578718408887434,0.4658643070860441,0.009449065128295377,0.5101369743800419,0.012251766747467537,0.521588311438616
2026-09-09,main,600141,,0.44408485188205066,0.04824331160644102,0.46080368577985703,0.06700670246602108,0.509884263057116,0.007535029710378685,0.5210508632394093
2026-09-09,main,600143,,0.5363177303633375,0.033409704536906365,0.4719518622468382,0.039060088692644275,0.5104405007706048,0.017917070973341553,0.5222337778744804
2026-09-09,main,600148,,0.9029166452896052,0.048002347481637384,0.5164303945479188,0.06243290129570862,0.5126511151168619,0.059182670880799024,0.5269329257001409
2026-09-09,main,600150,,0.06040280461394017,0.0359234573483648,0.4149691176124508,0.05165518592743718,0.5075701076114624,-0.03565350470583589,0.5161276401309532
2026-09-09,main,600151,,0.5126023636175274,0.04481179462063478,0.4690822666426265,0.054025624671867,0.5102974806356841,0.015247589979411044,0.5219296443884603
2026-09-09,main,600152,,0.5652785592477687,0.05844844020175313,0.475458663385125,0.07829501477087002,0.5106151523654809,0.021176998728374974,0.522605158474085
2026-09-09,main,600153,,0.3375323375462281,0.022024346318574427,0.44797404518738276,0.029489393977032145,0.5092416361523612,-0.00445887765456815,0.5196840018363025
2026-09-09,main,600155,,0.5128034959728442,0.02105525039657698,0.46910659564029006,0.028872786933399633,0.5102986936106207,0.015270230109987036,0.5219322238431175
2026-09-09,main,600156,,0.7867258393152594,0.0627083365401217,0.5023279369007836,0.08889868406132846,0.5119505267584598,0.0461038451749818,0.5254440423679716
2026-09-09,main,600157,,0.39510179085361397,0.022524481481742825,0.45489830049412555,0.028868048702317232,0.509588846149361,0.002021332543411948,0.5204225437920806
2026-09-09,main,600158,,0.5185846957765003,0.03688194827805659,0.4698059526901158,0.048912461458920815,0.5103335584140303,0.015920981294372638,0.522006365281285
2026-09-09,main,600159,,0.7840136656782103,0.0513188042010628,0.5019986199596107,0.06903028406852502,0.5119341727650133,0.045798553839876424,0.5254092827327497
2026-09-09,main,600160,,0.31653831902471796,0.038985508901434776,0.44545382459913746,0.051891788548273636,0.5091150158454107,-0.0068220345911690974,0.5194146540341439
2026-09-09,main,600161,,0.5292556518948464,0.01568352267570581,0.47109713751192833,0.020273449407440827,0.5103979117095421,0.017122139802706646,0.5221432132235636
2026-09-09,main,600162,,0.3989684718611678,0.10851499866590708,0.4553640276638471,0.15573903965359548,0.509612166353949,0.0024565790892441264,0.520472145167584
2026-09-09,main,600163,,0.6390418874039663,0.028094214272740968,0.4844006338238488,0.04027586174694141,0.511059978757213,0.029480045637688232,0.5235509522624644
2026-09-09,main,600166,,0.40514491103679673,0.030717009730908438,0.45610811816686864,0.040231262259144716,0.5096494167734159,0.0031518197391667002,0.5205513750391997
2026-09-09,main,600170,,0.5119069756967661,0.014149550757253883,0.46899815355617414,0.017365753987262332,0.5102932869379289,0.015169314789413864,0.5219207262637741
2026-09-09,main,600171,,0.534900021544309,0.023869744606257685,0.47178026331702616,0.02967063950126474,0.5104319510494421,0.01775748892732522,0.5222155971819185
2026-09-09,main,600172,,0.09728675220977573,0.08649810332858615,0.4193247087744356,0.11591745178019917,0.5077925866166427,-0.03150172421078588,0.5166010684129986
2026-09-09,main,600176,,0.339586484005977,0.07232805087575922,0.44822078031357804,0.09462199709510133,0.509254025172762,-0.00422765605922773,0.5197103553896002
2026-09-09,main,600177,,0.2303538557364232,0.013832569587635736,0.4351385602887833,0.020959489779511512,0.5085952031772394,-0.01652324601185489,0.5183088131999642
2026-09-09,main,600178,,0.7658655396726933,0.039860648763253057,0.4997950115867387,0.05335577945277495,0.511824741676898,0.04375574008260055,0.5251766872335212
2026-09-09,main,600179,,0.39102778980311104,0.02509154248218388,0.4544076877691665,0.03465542201479649,0.5095642755389653,0.0015627493601899634,0.5203702825013854
2026-09-09,main,600183,,0.18523590782880053,0.0815644208097455,0.42976020661852526,0.11410182381631047,0.5083230714623658,-0.021601873119564477,0.517729828409586
2026-09-09,main,600184,,0.3491645872615893,0.06008657796213512,0.4493715950215465,0.08299268469987135,0.5093117927225403,-0.0031495127240301762,0.5198332356613892
2026-09-09,main,600185,,0.4428862627728237,0.021388556693071683,0.46065904592289336,0.02504170252630464,0.5098770344461209,0.007400112511715552,0.5210354893878675
2026-09-09,main,600186,,0.41143316013555625,0.08782346429298746,0.456865879988497,0.11737564133742592,0.5096873414141427,0.0038596460879708958,0.520632038119466
2026-09-09,main,600188,,0.2054042945303508,0.0513829551333225,0.43216243914450375,0.07367461622864342,0.5084447189630301,-0.019331652061838633,0.5179886491086733
2026-09-09,main,600189,,0.49249035111287687,0.019947044445666664,0.4666502759945745,0.02552395181449954,0.5101761899078728,0.012983714589824544,0.5216717087250369
2026-09-09,main,600191,,0.5268265600202167,0.03921350869967778,0.47080318296379087,0.05049047639714191,0.510383262624397,0.016848713097510078,0.522112062021108
2026-09-09,main,600192,,0.6961823211065022,0.03231170919908921,0.49133466040116724,0.042509132687369514,0.5114045495377619,0.03591196395414503,0.5242834914762301
2026-09-09,main,600195,,0.6728473195379088,0.02742557418990639,0.4885023894189691,0.03980737458889698,0.5112638350658223,0.03328529813664488,0.5239843496676455
2026-09-09,main,600196,,0.35717395670399493,0.019544116825630873,0.450334342233067,0.026635341837404923,0.5093600987187874,-0.0022479513132774923,0.5199359883493562
2026-09-09,main,600197,,0.741357802165766,0.015553274347390603,0.49681922564583786,0.022039310914416514,0.5116769610745031,0.040997067185815625,0.5248625664391459
2026-09-09,main,600198,,0.45453536161719976,0.036695282256152595,0.4620650791153685,0.046555167228459926,0.5099472892090186,0.00871137403656521,0.5211849063031918
2026-09-09,main,600199,,0.5273802181407228,0.031188668456351695,0.4708701816697002,0.04425289544238768,0.5103866015630544,0.01691103470719328,0.5221191622683921
2026-09-09,main,600201,,0.5401965295147377,0.03591485167781208,0.47242138436003583,0.049555372788311285,0.5104638924618095,0.018353681577972666,0.5222835192789961
2026-09-09,main,600203,,0.5635859510752439,0.03882482869016674,0.47525363931533277,0.05212447349740945,0.510604944968967,0.020986473091763228,0.5225834539144173
2026-09-09,main,600206,,0.475167854100601,0.07220990776190242,0.4645568654143982,0.10224964623948649,0.510071721118584,0.01103383639323885,0.5214495392046369
2026-09-09,main,600208,,0.5392782444455092,0.035330500481842,0.4723102230579782,0.05234012127971098,0.5104583546074646,0.0182503163394929,0.5222717433059252
2026-09-09,main,600210,,0.5312792622527546,0.014625750766481222,0.4713420383652267,0.01903117377437773,0.510410115450217,0.017349924152299773,0.5221691643113675
2026-09-09,main,600211,,0.469584982547131,0.020156500348547424,0.4638824420773917,0.026743238965661945,0.5100380516605217,0.01040540969997776,0.521377934326338
2026-09-09,main,600212,,0.6072558651236739,0.023268695135872312,0.48054580783082407,0.027870048814259363,0.510868296703662,0.025902104665517373,0.5231434120268476
2026-09-09,main,600216,,0.39783055921497873,0.02726781336302957,0.4552269622250492,0.03674252932888276,0.5096053035331265,0.002328491836185234,0.5204575481862315
2026-09-09,main,600217,,0.6945092728864,0.021586274085751207,0.4911315745612943,0.028574032876146568,0.5113944608005172,0.03572364005119373,0.5242620445010762
2026-09-09,main,600219,,0.2113952293371208,0.035169439513206925,0.43287663261565723,0.04828186379837181,0.5084808536516644,-0.01865729240407054,0.5180655288602402
2026-09-09,main,600221,,0.39993249701086253,0.01768894107167706,0.4554801530561719,0.02238130221660357,0.5096179804458014,0.002565092984153035,0.5204845115175486
2026-09-09,main,600222,,0.7157536689751067,0.05889477122208796,0.4937105568443013,0.07531861064464815,0.5115225670734554,0.0381149803241142,0.5245343719002569
2026-09-09,main,600226,,0.43863107186871514,0.05441325958895047,0.4601456040229821,0.0739965319140899,0.5098513716401762,0.006921133992605334,0.5209809093335023
2026-09-09,main,600227,,0.45368741944734536,0.08232229058790153,0.4619627128054777,0.11708588022956264,0.5099421753523319,0.00861592683009186,0.5211740303188102
2026-09-09,main,600228,,0.5208060106219616,0.089786166139686,0.47007469887437486,0.1374494511932489,0.5103469545175344,0.016171019922282204,0.5220348524454035
2026-09-09,main,600229,,0.7625118657414062,0.04178001343165183,0.4993877951972183,0.06278673577280408,0.5118045192889277,0.04337823932895975,0.525133703664822
2026-09-09,main,600230,,0.5387849132171392,0.03644047481856568,0.47225050489084136,0.049519329476880064,0.5104553794992422,0.018194785326544144,0.5222654168776261
2026-09-09,main,600233,,0.3062842021795604,0.02803516443401311,0.4442238829010657,0.038265464607408595,0.5090531702122341,-0.007976272276847177,0.5192830922677217
2026-09-09,main,600234,,0.7059584831317672,0.07479321433136572,0.4925214116878403,0.10720442992303335,0.5114635011074251,0.03701240144683701,0.5244088112973466
2026-09-09,main,600236,,0.5178461909703952,0.040183002918498974,0.46971660842111873,0.06632397704531791,0.5103291047031366,0.015837852723562224,0.521996894323979
2026-09-09,main,600237,,0.6150419360235312,0.04196653509591935,0.4814898612209814,0.05306488244301482,0.5109152500314345,0.026778530845527282,0.5232432429648392
2026-09-09,main,600246,,0.5424136457404198,0.06670863976148579,0.47268978451817667,0.08545609797122294,0.510477263099546,0.018603247595198144,0.5223119511985198
2026-09-09,main,600248,,0.7190961076410782,0.018863932208526137,0.49411634913359304,0.02393920877477156,0.5115427222447233,0.03849121639871615,0.5245772165870249
2026-09-09,main,600249,,0.7535124182236118,0.03710553943292898,0.4982950520994934,0.05182426747000965,0.5117502531429664,0.042365231418851346,0.5250183571685141
2026-09-09,main,600250,,0.6164468906869649,0.03906009708083989,0.48166022485590615,0.05272613220691485,0.5109237224866872,0.02693667724113523,0.5232612567237002
2026-09-09,main,600251,,0.3047029657887397,0.052947346170152884,0.4440342801302181,0.07374014764250766,0.5090436332798363,-0.008154261533241579,0.5192628045432145
2026-09-09,main,600252,,0.5829733794220425,0.02656491723153507,0.4776025030011574,0.034555896128273374,0.5107218617320767,0.023168786865262525,0.5228320565887501
2026-09-09,main,600255,,0.327709623229938,0.04787534195465998,0.4467945396693016,0.0720218910573876,0.5091823929911504,-0.0055645552288261235,0.519557980378927
2026-09-09,main,600256,,0.08071547646961469,0.041581711849719344,0.41736622393252115,0.06143541416128316,0.5076926312893965,-0.03336704242861851,0.5163883694744128
2026-09-09,main,600257,,0.5149518305902148,0.029171198149063632,0.46936646763224865,0.040432245447778646,0.5103116496291584,0.015512053839349636,0.5219597754374058
2026-09-09,main,600258,,0.5607396901435564,0.024582998309717406,0.4749088931918531,0.030599332840613315,0.5105877803657678,0.020666088442335487,0.5225469557061371
2026-09-09,main,600259,,0.39777410963890886,0.052579115396147305,0.45522016285852634,0.07311289465758078,0.5096049630821836,0.0023221376831144003,0.5204568240582
2026-09-09,main,600262,,0.7233758523676339,0.07065784571555328,0.4946359472977499,0.08901307644264894,0.5115685293913572,0.03897295877819815,0.5246320755013675
2026-09-09,main,600266,,0.5332971079886233,0.030133400785480595,0.4715862553116454,0.03957766874880356,0.5104222844139622,0.017577059616757096,0.5221950413536154
2026-09-09,main,600267,,0.4752751525803963,0.03554049522918351,0.46456982858771195,0.049243826125914256,0.5100723682186722,0.011045914268970704,0.5214509153864761
2026-09-09,main,600268,,0.5109917010831468,0.030096288479744836,0.46888744598882043,0.04101542780198927,0.5102877671603866,0.015066288417885557,0.5219089881422242
2026-09-09,main,600269,,0.5838309475119292,0.011677071551260422,0.47770642441788924,0.01518379569684151,0.5107270333082147,0.023265317597487373,0.5228430528214307
2026-09-09,main,600271,,0.5918525754918856,0.017366161634768555,0.4786785898529681,0.02202797887524456,0.5107754077345169,0.02416825887022389,0.5229459096884318
2026-09-09,main,600272,,0.729888130244653,0.10016049692249471,0.4954266162240438,0.1525921921431869,0.511607798743682,0.039706002555518954,0.5247155504827051
2026-09-09,main,600273,,0.5996138645473059,0.016349659122564437,0.47961935784935533,0.019100642554373645,0.5108222119948868,0.025041895522944252,0.5230454265221168
2026-09-09,main,600276,,0.444413369381537,0.029189530301317147,0.46084333081453993,0.03287607984948136,0.509886244323528,0.0075720087388057855,0.5210550770028113
2026-09-09,main,600279,,0.6355620457021082,0.03220655346455634,0.48397851984781265,0.04413332393862553,0.5110389941184199,0.02908834301783994,0.5235063374561719
2026-09-09,main,600280,,0.539259457129581,0.03849439996238247,0.4723079488227914,0.045982612544428286,0.5104582413077419,0.01824820157638024,0.5222715023794731
2026-09-09,main,600281,,0.808627485233574,0.03597852332253635,0.5049871749577155,0.04756758030778002,0.5120825894030163,0.048569167686811215,0.5257247281724372
2026-09-09,main,600282,,0.4386818595268648,0.023217073860356617,0.4601517316913563,0.030843727311109365,0.5098516779378603,0.00692685082125951,0.5209815607744797
2026-09-09,main,600285,,0.495241935806816,0.019124364883644808,0.4669829129509371,0.025660221363734647,0.5101927841268451,0.013293442165298722,0.5217069983614969
2026-09-09,main,600288,,0.644837763532057,0.037529404562752056,0.48510373799849943,0.0516973846967617,0.5110949297912579,0.030132448838235293,0.5236252599489547
2026-09-09,main,600292,,0.5179802565935221,0.034651841561105734,0.4697328275284713,0.04271251591267937,0.5103299132146198,0.015852943598466777,0.5219986136501773
2026-09-09,main,600293,,0.6717162739341234,0.038003684120211004,0.48836512676774335,0.050139175437130104,0.5112570146014188,0.0331579838608449,0.5239698498497869
2026-09-09,main,600295,,0.3868600707725606,0.03146890713748795,0.4539058806280867,0.04313275435965757,0.5095391396604838,0.0010936169677059834,0.5203168185349959
2026-09-09,main,600298,,0.4456346438520301,0.02398144506575794,0.4609907168582179,0.030585853389825227,0.5098936097430179,0.007709479477601332,0.5210707417787919
2026-09-09,main,600299,,0.20425064271342777,0.050789939091439695,0.432024941870109,0.07615635483227803,0.5084377606315994,-0.019461510968592985,0.5179738445657279
2026-09-09,main,600300,,0.4959990460766014,0.01568964909265872,0.4670744445913896,0.020856715779822288,0.5101973500930651,0.013378665029324582,0.5217167084175566
2026-09-09,main,600301,,0.3358752037534304,0.05259581536244777,0.44777501615368,0.07593364389311945,0.5092316415965867,-0.004645410176358271,0.5196627416542392
2026-09-09,main,600305,,0.6865867977246609,0.01449789611479592,0.4901699321479603,0.017926249534015615,0.5113466869348623,0.03483185975127974,0.5241604842729742
2026-09-09,main,600307,,0.5002339062762723,0.03202854867399831,0.46758646315814617,0.042432434097512794,0.5102228895760424,0.013855355056349848,0.521771020850376
2026-09-09,main,600309,,0.13556900414175563,0.025563084869663705,0.42385874947431146,0.040280656357281786,0.5080234967400014,-0.027192545903208784,0.5170924132709472
2026-09-09,main,600310,,0.4847528639726811,0.05859711084268808,0.465715056990563,0.08416334323892712,0.5101295266572002,0.012112757160284322,0.521572472711699
2026-09-09,main,600312,,0.3293082119057348,0.02891994436596174,0.44698645677520343,0.03869035995664097,0.5091920344829631,-0.005384612741202319,0.5195784897959594
2026-09-09,main,600313,,0.25847094012853944,0.05501721480105699,0.43849812184917114,0.07999128909614422,0.5087647905582109,-0.013358292958672378,0.5186696063554048
2026-09-09,main,600315,,0.36500094435966646,0.014095802132404071,0.45127552620195077,0.02330852599606051,0.5094073045677083,-0.0013669194063922543,0.5200363996209705
2026-09-09,main,600316,,0.17139376509673998,0.04151472873832862,0.4281133905705705,0.050836901015181686,0.5082395807195066,-0.023159990998767734,0.5175521868203722
2026-09-09,main,600318,,0.5908282451215661,0.026304144122058688,0.4785544389972974,0.03606398960985854,0.5107692305215971,0.024052956817998322,0.522932775378921
2026-09-09,main,600320,,0.44796938738830167,0.020637001982197853,0.46127249771876094,0.026115570378997612,0.5099076904033094,0.007972286018296304,0.5211006884406376
2026-09-09,main,600322,,0.7165248186153385,0.056534277338271745,0.49380417836328655,0.07627368568585718,0.5115272171705093,0.03820178350663039,0.524544256830182
2026-09-09,main,600323,,0.44866864602945167,0.025714345581248625,0.46135689626733495,0.03464287890675044,0.5099119075758121,0.00805099690952557,0.5211096574742224
2026-09-09,main,600325,,0.5382274258347879,0.02665335468841469,0.4721830215222387,0.034695857268364216,0.510452017486786,0.01813203268234117,0.5222582677088924
2026-09-09,main,600326,,0.6025924988397497,0.027944911606557175,0.47998044536233614,0.0349556848714555,0.5108401745244705,0.025377180560564566,0.5230836186940441
2026-09-09,main,600327,,0.6968528141140713,0.03391641962938733,0.49141605015628154,0.04611646275693349,0.5114085927107763,0.035987436889455424,0.5242920865690954
2026-09-09,main,600328,,0.48506582886487964,0.023808875669538817,0.46575287997711856,0.029655595903754724,0.5101314140898383,0.012147985535221395,0.5215764866303951
2026-09-09,main,600329,,0.6258921720757582,0.013952389758496473,0.48280566056735685,0.01607670869015263,0.5109806812603459,0.02799986970279783,0.5233823587174783
2026-09-09,main,600330,,0.24249240660862378,0.08561120153464442,0.4365882194647724,0.11762721661226674,0.5086684167405529,-0.015156890129843364,0.5184645751730511
2026-09-09,main,600331,,0.39828192591706885,0.04335325534222785,0.45528133006510607,0.05596836140042758,0.509608025753769,0.0023792991817109185,0.5204633382581788
2026-09-09,main,600332,,0.4199324894729455,0.010294756439408978,0.45789040345361653,0.013635471737747214,0.5097386009764814,0.004816359023111366,0.5207410623197073
2026-09-09,main,600333,,0.5384840221835245,0.0239467722070712,0.4722140821636485,0.0334567797896201,0.5104535649302143,0.01816091602550876,0.5222615582788376
2026-09-09,main,600335,,0.5531043643927079,0.010355524072380752,0.4739842027927279,0.015773064028345465,0.5105417348026102,0.019806630640445952,0.5224490451146057
2026-09-09,main,600336,,0.6885160748200452,0.038473950922592724,0.49040410438707566,0.052366028148773905,0.5113583208212942,0.0350490256333576,0.5241852163521097
2026-09-09,main,600338,,0.3844723469865268,0.0460905199668753,0.45361843291965387,0.06340167086445296,0.5095247390674733,0.0008248467929120734,0.5202861883371576
2026-09-09,main,600339,,0.33529414718904244,0.029246203970525266,0.44770523267149875,0.047806179877119395,0.5092281371088004,-0.0047108158465154135,0.5196552869777665
2026-09-09,main,600343,,0.40442782899085716,0.048209848271827935,0.4560217194478081,0.06465589998380518,0.5096450920205391,0.0030711025858862137,0.5205421765366866
2026-09-09,main,600345,,0.23516570579425078,0.05944371139415966,0.4357130892756774,0.08446590743853738,0.5086242258530184,-0.015981608076726453,0.518370559322307
2026-09-09,main,600346,,0.2054403125823429,0.033256292742386624,0.4321667321020127,0.05098817979239163,0.5084449362083713,-0.019327597749448616,0.517989111319371
2026-09-09,main,600348,,0.2099246608750024,0.024698459142249014,0.4327012967295639,0.03471869050023775,0.5084719838364966,-0.01882282450829542,0.5180466576042534
2026-09-09,main,600350,,0.4990539414755181,0.028528560332122272,0.4674437918278146,0.040662497023148295,0.5102157734808626,0.013722534272135045,0.5217558877557494
2026-09-09,main,600351,,0.5707375027342616,0.02225771343530063,0.47611995620424136,0.030654141196050443,0.5106480728602888,0.021791475663955492,0.5226751587147582
2026-09-09,main,600352,,0.23150185788454108,0.04096071379452134,0.4352756145726343,0.05258601799084406,0.5086021273579796,-0.016394023050715842,0.5183235445247085
2026-09-09,main,600353,,0.3955422190958712,0.07796708429456448,0.4549513444516035,0.10865194078472988,0.5095915024028369,0.0020709086193165527,0.5204281935793845
2026-09-09,main,600354,,0.347812450782702,0.08602805388354007,0.4492091018848809,0.1269879788908453,0.5093036377188599,-0.003301713728141878,0.5198158888544447
2026-09-09,main,600359,,0.5449611997499485,0.04107083147579857,0.4729982063707783,0.05556984246573918,0.5104926264712728,0.018890008794480453,0.5223446204171873
2026-09-09,main,600360,,0.48003760666800366,0.0480515386780546,0.4651452483354223,0.06614094629288188,0.510101089788768,0.011581992028492624,0.521511997031036
2026-09-09,main,600361,,0.5054540608007445,0.0239684827278269,0.4682177032245432,0.03168443943705554,0.5102543710725457,0.014442953107766068,0.5218379690560706
2026-09-09,main,600362,,0.10322670054583472,0.03663771646949745,0.42002734733416397,0.05278465449268697,0.5078284152989023,-0.03083310376067877,0.5166773085604266
2026-09-09,main,600363,,0.6949540231818274,0.031741706858812405,0.4911855610590785,0.03616449671569214,0.5113971427138848,0.03577370263185774,0.5242677458090461
2026-09-09,main,600366,,0.43297292950262045,0.03307214937015951,0.45946300969912846,0.042788108717061756,0.5098172476361197,0.006284234564941565,0.5209083332669165
2026-09-09,main,600367,,0.5180286632121336,0.07761497131284273,0.4697386837221159,0.10789798837150474,0.5103302051410983,0.015858392409347458,0.5219992344413125
2026-09-09,main,600368,,0.4382628568714921,0.021632771975487165,0.46010117824771135,0.033687144621813075,0.5098491509547528,0.00687968648106977,0.5209761863268738
2026-09-09,main,600369,,0.4866408728568701,0.013955031307031643,0.4659432359478262,0.017325059987788938,0.5101409128807194,0.012325277754493769,0.5215966872517552
2026-09-09,main,600371,,0.5951860657081168,0.07871003851101493,0.4790826335776511,0.10942458002467494,0.5107955102874467,0.024543487677396128,0.522988652604587
2026-09-09,main,600372,,0.14314700403368075,0.01815039987816784,0.4247578136094184,0.02763365296114859,0.5080692051657746,-0.026339540891718687,0.5171896714581415
2026-09-09,main,600373,,0.49315760941180553,0.008271157674426793,0.4667309376248059,0.014045367317494603,0.5101802140020683,0.01305882341551231,0.5216802664690714
2026-09-09,main,600375,,0.7984172635636926,0.02677233945799443,0.5037475036748079,0.03600897182651676,0.5120210239705366,0.04741987098886405,0.525593878635883
2026-09-09,main,600376,,0.585966706999234,0.05444896764586647,0.4779652473983273,0.0726980290509194,0.5107399130251375,0.023505725828153856,0.5228704386651822
2026-09-09,main,600377,,0.35921405154418234,0.013889056893789074,0.4505796267218706,0.01918561962515378,0.5093724028821772,-0.002018311415228763,0.5199621605810462
2026-09-09,main,600378,,0.32905805670709015,0.06790364404502319,0.4469564235767335,0.09502419105912674,0.5091905257342682,-0.005412771046973942,0.5195752803835504
2026-09-09,main,600379,,0.6680002994437536,0.06517664663243358,0.48791417199418163,0.09535627403541524,0.511234606393466,0.032739701344605715,0.5239222113861394
2026-09-09,main,600380,,0.4611835537914945,0.015322387901133556,0.46286778046526383,0.020351367186582862,0.5099873837366432,0.009459716781735399,0.5212701774997015
2026-09-09,main,600382,,0.7410568470598566,0.046080090830411716,0.4967826839527889,0.06091178314659022,0.5116751463154271,0.04096319067258848,0.5248587089118472
2026-09-09,main,600383,,0.48635261160321935,0.02808152555305847,0.46590839665345046,0.036707630979259324,0.5101391744324478,0.012292830103729814,0.521592990181608
2026-09-09,main,600388,,0.28281786559828004,0.025134400415845432,0.44141178067895837,0.033588460765755536,0.5089116367065327,-0.01061772160260857,0.5189820058244563
2026-09-09,main,600389,,0.48186636375547126,0.03753473715477439,0.46536623120342574,0.047545125462947674,0.5101121187015019,0.011787843042303021,0.5215354518874542
2026-09-09,main,600390,,0.4046312999849289,0.01706334960115002,0.45604623469073424,0.022639413795823574,0.5096463191630637,0.0030940059614617474,0.5205447865998949
2026-09-09,main,600391,,0.2835816789607738,0.052033475574031256,0.44150325455830697,0.06177088765690546,0.5089162435489019,-0.010531744216049813,0.518991806202518
2026-09-09,main,600392,,0.3109715786136668,0.04535113428152122,0.44478603171586084,0.0619229765646442,0.5090814412102762,-0.0074486455090909676,0.5193432323018659
2026-09-09,main,600395,,0.3633845134342877,0.03180040960369581,0.45108112392520056,0.04286260292365141,0.5093975556208541,-0.001548870277300142,0.5200156627991118
2026-09-09,main,600396,,0.18731864183884095,0.10564879600592038,0.43000812747904477,0.1593155962858012,0.5083356337121854,-0.021367433613955825,0.5177565565565774
2026-09-09,main,600397,,0.41745773666597835,0.07328504090998156,0.4575920554416076,0.10274085529369041,0.5097236757322018,0.00453779257066373,0.5207093179071822
2026-09-09,main,600398,,0.3035828972766118,0.017513262374127155,0.4438999848998349,0.025962253160466648,0.5090368777915099,-0.008280340190893104,0.5192484336987824
2026-09-09,main,600399,,0.3442374598388026,0.02492122036452296,0.4487795292979402,0.034650515125913675,0.5092820762145316,-0.0037041266648888613,0.5197700244097267
2026-09-09,main,600400,,0.503472819189916,0.050880555556620306,0.46797811219700003,0.06872201960597214,0.5102424226904378,0.014219937926041107,0.5218125598294381
2026-09-09,main,600403,,0.26669480571089554,0.08194020325391974,0.4394818289275968,0.1062565184510898,0.5088143921859763,-0.012432587145051872,0.5187751297936306
2026-09-09,main,600406,,0.32624306493967337,0.017487504635247987,0.44661848729498455,0.02314182254071237,0.5091735478019113,-0.005729635934695637,0.5195391648144781
2026-09-09,main,600408,,0.5034100434169887,0.03650594134803404,0.4679705209800206,0.04689540105463742,0.5102420441049604,0.01421287167509483,0.5218117547345474
2026-09-09,main,600409,,0.4255252036615621,0.04217438014176565,0.4585647535041152,0.05424358446384252,0.5097723305945857,0.0054458936363019975,0.5208128011608555
2026-09-09,main,600410,,0.6282333492242047,0.04434894727497716,0.48308960512992494,0.055909715920271094,0.5109947994382847,0.028263400432395613,0.5234123755267164
2026-09-09,main,600415,,0.36485244927888755,0.03141110008227209,0.45125766661658606,0.04209097265420795,0.5094064089710295,-0.0013836345093076047,0.5200344946144927
2026-09-09,main,600416,,0.5173777339259455,0.02508577247764261,0.4696599355205468,0.03186434216712496,0.5103262795720711,0.01578512163194408,0.521990886586879
2026-09-09,main,600418,,0.5034790436248938,0.0433653249534258,0.4679788648932234,0.049991124051888616,0.5102424602284966,0.014220638569259036,0.5218126396573745
2026-09-09,main,600419,,0.6531410090340523,0.036713311776417346,0.4861111159947415,0.05290744016483413,0.5111450008959104,0.031067089921086408,0.52373171225783
2026-09-09,main,600425,,0.5905409072627502,0.016617073047443635,0.4785196135587763,0.02205658206765985,0.5107674977332405,0.024020613107645153,0.5229290910302804
2026-09-09,main,600426,,0.25285798851720837,0.03739613620165365,0.4378269992099806,0.04971718299593026,0.508730936362876,-0.013990105563845234,0.5185975835559523
2026-09-09,main,600428,,0.2506137263678646,0.04483679059087246,0.4375587234996144,0.06621893692329844,0.5087174002021658,-0.014242727217024149,0.5185687860054268
2026-09-09,main,600429,,0.5593199102818273,0.02794302602492313,0.47473693488316093,0.038457602403424065,0.5105792182609173,0.02050627327282642,0.5225287494774741
2026-09-09,main,600433,,0.6406428203719557,0.03281597107782893,0.48459483872722164,0.04137486980515971,0.5110696329189249,0.029660252006681445,0.5235714775855259
2026-09-09,main,600435,,0.2919020148051286,0.02250333068384677,0.44249994941640897,0.03465313503561854,0.5089664264895554,-0.009595179387106231,0.5190985622722452
2026-09-09,main,600436,,0.43922761791033577,0.020063324687126596,0.46021757967687965,0.027583836312385084,0.5098549693773817,0.006988283210122376,0.5209885610804398
2026-09-09,main,600438,,0.34972022031635414,0.02825101453256569,0.4494383714140192,0.0363790328758993,0.5093151438544232,-0.003086968809141888,0.5198403639659224
2026-09-09,main,600446,,0.6195804178672566,0.03580368281274582,0.4820402090604749,0.042464521296561544,0.510942618923515,0.027289397540231228,0.5233014333202122
2026-09-09,main,600449,,0.6018154828155986,0.04054365268215859,0.47988624889242,0.055398345864443255,0.5108354887645156,0.025289717038255027,0.5230736557884945
2026-09-09,main,600452,,0.4574665428375349,0.02916053033912166,0.46241896533922267,0.038922788749918086,0.5099649668615895,0.009041317597688218,0.5212225024401334
2026-09-09,main,600456,,0.526470870214359,0.023155010633518564,0.4707601411504462,0.02948768034282141,0.5103811175701309,0.016808675463403512,0.5221075005632433
2026-09-09,main,600458,,0.46133394277392425,0.037261175064543586,0.462885940642099,0.04945310393536467,0.5099882907148389,0.00947664506855448,0.5212721064080348
2026-09-09,main,600459,,0.43485399031179794,0.045203898337148773,0.459689922805538,0.060905989193067576,0.5098285922400656,0.006495973060590771,0.5209324614243034
2026-09-09,main,600460,,0.4281067122182992,0.03985807147284513,0.45887607419786,0.05187090794382389,0.5097878996236941,0.005736476872974745,0.5208459143877544
2026-09-09,main,600461,,0.5270647468911157,0.012869177175236144,0.4708320060591466,0.01641731992780038,0.5103846990549024,0.016875524208284115,0.5221151165889487
2026-09-09,main,600467,,0.5164960086964949,0.016922910978285643,0.46955326846943135,0.02261654378310414,0.5103209621364501,0.01568587169129944,0.5219795788660985
2026-09-09,main,600468,,0.4549908741736499,0.04036639616086692,0.46212007137957234,0.056728496766311365,0.5099500363600469,0.008762648053322941,0.52119074884835
2026-09-09,main,600469,,0.8202493966957447,0.025108249407520912,0.5063981706980409,0.030541378065042,0.5121526665739656,0.04987736890899511,0.5258736649801583
2026-09-09,main,600470,,0.44243338848733,0.03997150871525151,0.46060439699778805,0.05666239628884169,0.5098743031904276,0.007349135467560039,0.5210296805294254
2026-09-09,main,600475,,0.5792466954360692,0.046413392386190425,0.4771509203556669,0.058815885177309186,0.5106993878864992,0.022749298852381666,0.5227842706402538
2026-09-09,main,600477,,0.5888797312619515,0.019710053945379065,0.47831828261038767,0.025595596959406768,0.5107574800213337,0.023833625581403783,0.5229077907894549
2026-09-09,main,600478,,0.5961274912403516,0.020171614948342995,0.47919674630954495,0.025409447431130917,0.5108011875309049,0.024649457683782197,0.5230007237572889
2026-09-09,main,600479,,0.45693503488618664,0.030185793026520382,0.46235479270810165,0.038949846752393616,0.5099617613936304,0.008981489285123843,0.5212156851907197
2026-09-09,main,600480,,0.6445689293750412,0.031862060312738354,0.48507112410251463,0.043304133852635845,0.5110933086355125,0.030102187966440014,0.5236218133069124
2026-09-09,main,600481,,0.5502901999116839,0.03594748275937264,0.47364343280339133,0.046031791192774105,0.5105247636690441,0.01948985887484738,0.5224129576124906
2026-09-09,main,600482,,0.12378590186206809,0.05167943971616927,0.4224617890598141,0.07074673008941927,0.5079524240188856,-0.028518891302894516,0.5169411830445704
2026-09-09,main,600483,,0.5261598105306868,0.026742873146865177,0.470722500358229,0.03512054219832803,0.5103792416658964,0.016773661545109897,0.5221035114505612
2026-09-09,main,600486,,0.3645852696946573,0.03483054147379138,0.4512255330967008,0.04602109963629115,0.5094047975696981,-0.0014137091368566293,0.5200310670325562
2026-09-09,main,600487,,0.2850369812564511,0.07742188577699993,0.44167755176579415,0.11114961467285339,0.5089250210139252,-0.010367930522575293,0.5190104789339632
2026-09-09,main,600488,,0.5565005408691021,0.08579243892536947,0.4743954814398913,0.12451881871532297,0.5105622157922293,0.02018891562270833,0.522492595748653
2026-09-09,main,600489,,0.15160930712267673,0.03446557920671716,0.42576238109342407,0.050734202369006165,0.5081202473074553,-0.025386995754926936,0.5172982775024088
2026-09-09,main,600490,,0.36169690761194406,0.03746895622830179,0.45087817763552424,0.053279079700636986,0.5093873773994759,-0.0017388328326457675,0.5199940128172253
2026-09-09,main,600496,,0.47693890466433586,0.02063703146215899,0.46477083947634973,0.02714655252593166,0.5100824020388962,0.01123319176774578,0.5214722541876893
2026-09-09,main,600497,,0.3228825465797338,0.05073448819065637,0.4462151258352967,0.07057543935555613,0.5091532796320168,-0.006107907120115871,0.5194960500221137
2026-09-09,main,600498,,0.2722301978095473,0.06584821090683049,0.4401442194867663,0.09139200278866519,0.5088477783901338,-0.011809504898014102,0.5188461554991809
2026-09-09,main,600499,,0.2812267093086633,0.03446189934259268,0.44122123743010244,0.045026916770005636,0.508902039846511,-0.010796827475987293,0.5189615898828391
2026-09-09,main,600500,,0.20580740914112833,0.08124962900427561,0.43221048657421846,0.11772547920199562,0.5084471503761613,-0.019286276133084066,0.5179938221763972
2026-09-09,main,600501,,0.524224030097395,0.020815718059967302,0.4704882624299052,0.027683148036885333,0.5103675675694274,0.016555763625567585,0.5220786864205545
2026-09-09,main,600502,,0.4911036316129498,0.025726741463145502,0.4664826477595494,0.03715384713568498,0.5101678268905618,0.012827620805206087,0.5216539236818326
2026-09-09,main,600503,,0.6716113367068339,0.037161796131631585,0.48835239177126244,0.04974563133726208,0.5112563818056577,0.03314617177559202,0.5239685045698137
2026-09-09,main,600505,,0.6656630552035113,0.03471802954974987,0.487630544059656,0.04890568584167288,0.5112205122329481,0.03247661331630851,0.523892247899049
2026-09-09,main,600506,,0.4202716071682387,0.05820962577055056,0.4579312887188533,0.08602982035463891,0.5097406461953339,0.004854531245029485,0.5207454122732484
2026-09-09,main,600507,,0.5301757601977535,0.02420900022745074,0.4712084889049025,0.03251952805270511,0.510403460587165,0.01722571027046684,0.5221550128475722
2026-09-09,main,600508,,0.3434272713263337,0.0481817329246237,0.44868218726369824,0.0617703647984294,0.5092771897964784,-0.0037953241934245985,0.5197596302541889
2026-09-09,main,600509,,0.5488776583347714,0.034332472284688144,0.47347239596697066,0.04892646462799499,0.5105162451699747,0.019330858470884796,0.5223948437652883
2026-09-09,main,600511,,0.40411682772604174,0.011710546908192355,0.45598424881077765,0.016600367518603214,0.5096432163579923,0.0030360952434144925,0.5205381871061358
2026-09-09,main,600513,,0.7297930186921969,0.04868391424910408,0.49541506836243393,0.06664731013127467,0.5116072252174247,0.03969529648108602,0.5247143313439385
2026-09-09,main,600515,,0.3925246382706737,0.014795088687564255,0.45458793593129065,0.0184654240552305,0.5095733031513702,0.0017312396297177735,0.5203894841273159
2026-09-09,main,600516,,0.39146222257461993,0.03002189659456974,0.45446000025853134,0.04145956901557474,0.5095668956382767,0.0016116505658560487,0.5203758554267909
2026-09-09,main,600517,,0.5795845674905752,0.015346179440134828,0.4771918606285605,0.020081587237250113,0.5107014254327618,0.02278733086080688,0.5227886030711167
2026-09-09,main,600518,,0.47236958237537013,0.02362550076719109,0.46421881158968686,0.030813500946695542,0.5100548451743794,0.010718853569383652,0.5214136491988707
2026-09-09,main,600519,,0.38034354904826023,0.015834977322374606,0.45312145791766084,0.020015646095163434,0.5094998378506291,0.00036009548874219727,0.5202332229324544
2026-09-09,main,600520,,0.7597680940984565,0.04622870670754974,0.49905463614211876,0.0634807042376908,0.5117879745346691,0.043069391216634695,0.525098536851236
2026-09-09,main,600521,,0.3788925122713756,0.031406373874546506,0.45294682171256545,0.04214554858389795,0.509491086483229,0.00019676193632846284,0.520214608508234
2026-09-09,main,600522,,0.2516022883796932,0.06850340412277892,0.43767689021967515,0.0968410861634027,0.5087233626686298,-0.014131451370853046,0.5185814708865731
2026-09-09,main,600527,,0.5473519745078953,0.042111932884202945,0.4732876663567912,0.05525341675380875,0.5105070443463225,0.019159122396876477,0.5223752789626417
2026-09-09,main,600528,,0.4824332867254502,0.01578504677037226,0.46543473965698284,0.02273320284031098,0.5101155377123432,0.011851657787805489,0.5215427229797721
2026-09-09,main,600529,,0.5259866268871941,0.018030541759124875,0.47070154385051294,0.02371863250703273,0.5103781972490637,0.01675416741500773,0.5221012904959184
2026-09-09,main,600531,,0.4604360675572622,0.046170904345934204,0.46277751944998,0.06445417093652629,0.5099828757344493,0.00937557723133775,0.5212605901361993
2026-09-09,main,600535,,0.49724683517020596,0.019445157032329415,0.4672253021969033,0.025295498579222638,0.5102048752320931,0.01351912034277234,0.5217327114694457
2026-09-09,main,600536,,0.47942874649669415,0.039841847723386364,0.46507167808190353,0.052319647599441944,0.5100974178578518,0.011513456691354763,0.5215041880297787
2026-09-09,main,600539,,0.7258455868063461,0.08443027701162231,0.49493579984414804,0.11212055757654078,0.5115834220269732,0.03925096034633173,0.5246637329485534
2026-09-09,main,600540,,0.5814502358732014,0.07140339924339763,0.4774179309151414,0.1033788506011765,0.5107126763883396,0.022997336733445464,0.5228125259090833
2026-09-09,main,600545,,0.6091558442200877,0.07596289505573331,0.4807761658612415,0.10259120231533161,0.5108797544055498,0.02611597266684769,0.523167773226253
2026-09-09,main,600546,,0.2625713578092326,0.035784011933148945,0.4389885380648034,0.04831161547790896,0.5087895219412011,-0.012896736231209127,0.5187222205286757
2026-09-09,main,600547,,0.2933551914082068,0.04074881144998114,0.44267407350664395,0.05933687603572006,0.5089751911022592,-0.00943160496869977,0.5191172074254712
2026-09-09,main,600548,,0.6525504188891156,0.03690683990339738,0.4860394597643369,0.06306384992214316,0.5111414394644556,0.031000611119218854,0.5237241406288792
2026-09-09,main,600549,,0.2824980977359725,0.05761504514161386,0.44137348663141135,0.0816681629810579,0.5089097080672185,-0.010653715742612778,0.5189779029252275
2026-09-09,main,600550,,0.4631759515195098,0.03233221883978889,0.46310837983441105,0.041878126498372546,0.5099993996467491,0.009683987733321124,0.5212957321964361
2026-09-09,main,600551,,0.7679410146686453,0.06349331686609772,0.5000470241627525,0.06277305375942872,0.5118372566072218,0.04398936248930656,0.5252032881187862
2026-09-09,main,600552,,0.43689231279924656,0.06253870658582736,0.4599358253159128,0.08524476105191471,0.509840885271595,0.006725413456687805,0.520958606649461
2026-09-09,main,600556,,0.6338638095322897,0.037724102675163525,0.48377252758458233,0.05027330974262691,0.5110287531578136,0.028897183875030694,0.5234845643531415
2026-09-09,main,600559,,0.5860476642280092,0.022740763566215842,0.47797505847037847,0.02848066333276994,0.5107404012381581,0.02351483864457593,0.5228714767391115
2026-09-09,main,600562,,0.37677815010376653,0.03653177301745075,0.4526923732460922,0.049679741601478894,0.5094783345147406,-4.123774047246065e-05,0.5201874846056932
2026-09-09,main,600563,,0.44012878908121417,0.04314857953997469,0.4603263127105183,0.05583858860681574,0.5098604042904796,0.007089722050968597,0.5210001201590763
2026-09-09,main,600566,,0.4258259213230854,0.026147435672641835,0.4586010173180081,0.03609744414126699,0.5097741442180708,0.005479743421994962,0.520816658500953
2026-09-09,main,600567,,0.473596044817251,0.015517300943089481,0.46436697412921873,0.019844239939409113,0.5100622417825973,0.010856908283589116,0.5214293795584078
2026-09-09,main,600569,,0.7749791046584658,0.03883037217622998,0.5009016166034468,0.04505004797726295,0.5118796955556538,0.04478159343655588,0.5252934926322539
2026-09-09,main,600570,,0.5407768096736728,0.026561115616626954,0.4724916305130484,0.03117858880641879,0.5104673919260728,0.01841899985333545,0.5222909607065293
2026-09-09,main,600571,,0.6833882597790458,0.024312099782681337,0.48978170882776034,0.03171541572927354,0.5113273991510934,0.03447182162301872,0.5241194808331935
2026-09-09,main,600572,,0.5382726420300215,0.03307724154376765,0.4721884948659703,0.0467554926594325,0.5104522901699643,0.01813712236849646,0.5222588475577086
2026-09-09,main,600575,,0.44856942536998107,0.025473438667622986,0.4613449204782025,0.032575041475386285,0.5099113091840981,0.008039828300264708,0.5211083848223087
2026-09-09,main,600576,,0.6444779127960052,0.031647790659598295,0.48506008236015213,0.04118189247687354,0.511092759776447,0.030091942835910365,0.5236206464101593
2026-09-09,main,600577,,0.41175212144074286,0.03424346136727276,0.45690432158639016,0.04241089955294537,0.5096892650774794,0.003895549439208147,0.5206361295956329
2026-09-09,main,600578,,0.3366218928529381,0.056604620788055546,0.44786469472090384,0.08010424231655498,0.5092361450515269,-0.004561360354111137,0.5196723213036818
2026-09-09,main,600579,,0.745314667754765,0.039565579635499885,0.4972996676513302,0.05097454004682693,0.5117008209425634,0.04144246520974611,0.5249132837508856
2026-09-09,main,600580,,0.474631421062721,0.03775043429338358,0.46449205743801725,0.05026772415320604,0.5100684859756344,0.010973453696463138,0.5214426590519079
2026-09-09,main,600582,,0.42605567703379954,0.014609433473358064,0.4586287240618325,0.019959841621906824,0.5097755298709737,0.005505605493181645,0.5208196056022576
2026-09-09,main,600583,,0.3153081724258944,0.024356917011464925,0.4453062376926987,0.03777002392188811,0.5091075964795292,-0.006960504006401226,0.5193988712214151
2026-09-09,main,600584,,0.3978021431522994,0.05557996554723085,0.45522353950061906,0.07804329826131048,0.5096051321540668,0.0023252932291361467,0.5204571836685795
2026-09-09,main,600585,,0.39115967602598,0.013249116158978808,0.4544235688234614,0.0169418007675758,0.5095650709555373,0.0015775949145127588,0.5203719743450101
2026-09-09,main,600588,,0.5154808265307166,0.03560450429174887,0.4694304598593429,0.04773830933895862,0.5103148398568778,0.015571599391572037,0.5219665595935548
2026-09-09,main,600589,,0.3239141369063814,0.05279879168973587,0.4463389396351665,0.06501061201718725,0.5091595014277427,-0.005991787862926028,0.5195092851548732
2026-09-09,main,600590,,0.5114384545800219,0.046184734090544424,0.46894148293310056,0.05924309190246471,0.5102904614121109,0.01511657648560396,0.5219147176244348
2026-09-09,main,600592,,0.4519311394320076,0.02178669476610929,0.46175069923559464,0.02765769393460707,0.5099315833919007,0.008418234077910723,0.52115150363147
2026-09-09,main,600593,,0.6719357498105039,0.039832294008253985,0.4883917620210992,0.0527376626189345,0.5112583380916195,0.0331826887994994,0.5239726634974383
2026-09-09,main,600594,,0.7297238714949099,0.0485940236353345,0.4954066729367222,0.06659020191731581,0.5116068082571916,0.03968751304130541,0.5247134450157876
2026-09-09,main,600595,,0.2487702684577323,0.04296944172932318,0.43733838663310926,0.062299083548905954,0.508706281463652,-0.014450233004598717,0.5185451313359173
2026-09-09,main,600596,,0.19818528039849953,0.056185298427402365,0.43130221819681186,0.0752140593902037,0.5084011769218665,-0.020144248435592687,0.5178960086765119
2026-09-09,main,600597,,0.5656963548941787,0.01356439578881009,0.4755092718628884,0.019957759732025175,0.5106176719111082,0.021224027203599186,0.5226105159150181
2026-09-09,main,600598,,0.2627490830477287,0.0259002046223277,0.4390097969764695,0.036904225911854854,0.5087905938775982,-0.01287673088398459,0.5187245009861219
2026-09-09,main,600600,,0.4044143436573116,0.0106133250956347,0.45602009467225946,0.014031658157510552,0.5096450106898947,0.0030695846316423497,0.5205420035509439
2026-09-09,main,600601,,0.09948691000664608,0.058354260431154124,0.419584928222022,0.07545237177234186,0.5078058575755336,-0.031254067091022755,0.5166293078658842
2026-09-09,main,600602,,0.5342196529232066,0.05119181926641826,0.4716979141266191,0.0684085310302881,0.5104278479748241,0.017680904359927772,0.522206872116376
2026-09-09,main,600603,,0.563793223063972,0.03631841507597894,0.47527874553369437,0.047958520951689856,0.510606194938224,0.02100980432000922,0.5225861117977235
2026-09-09,main,600604,,0.7146147179808483,0.04862522941542015,0.4935722831644317,0.06489911401531792,0.5115156990997192,0.037986776191124005,0.5245197722981888
2026-09-09,main,600605,,0.636943310576833,0.04244850148913565,0.4841460682174369,0.05802076558600598,0.5110473236239481,0.02924382281160333,0.5235240466011527
2026-09-09,main,600606,,0.4254985665472991,0.023113276235363165,0.4585615413316497,0.027113561345861466,0.5097721699465563,0.005442895273636124,0.5208124594834016
2026-09-09,main,600610,,0.38261249976031786,0.051635654647896156,0.4533945553936247,0.06367581208393533,0.5095135221380798,0.0006154961691079361,0.5202623297396322
2026-09-09,main,600611,,0.46162641583870895,0.056207167592016716,0.4629212584219322,0.07503530520883346,0.5099900545851702,0.009509566814865547,0.5212758577031738
2026-09-09,main,600612,,0.5355160785418918,0.013910924358561241,0.4718548298019737,0.02071815061805772,0.5104356662810484,0.017826834363297253,0.5222234975017723
2026-09-09,main,600613,,0.7810920114427465,0.06845563320397866,0.5016438655801633,0.10723468940675265,0.511916555606918,0.04546968266803232,0.5253718380864085
2026-09-09,main,600616,,0.7027506283207174,0.039131568103304794,0.4921319927090713,0.06293734023414344,0.511444157347264,0.03665131458104359,0.5243676904070704
2026-09-09,main,600617,,0.5931256985823486,0.04616537103158827,0.4788328985451876,0.0660587953548748,0.5107830852845849,0.024311565863084347,0.5229622340578834
2026-09-09,main,600618,,0.5029618596003596,0.0265316592795585,0.4679163243786385,0.03609747027894697,0.5102393412166053,0.014162422605801389,0.5218060068052002
2026-09-09,main,600619,,0.5874478172383023,0.03739511899292411,0.47814474336943025,0.04788343060905774,0.5107488448654703,0.023672444550047855,0.5228894301674551
2026-09-09,main,600621,,0.45594025597729737,0.0197287821212337,0.46223468952348257,0.025479925849835515,0.5099557619855675,0.008869513644227965,0.5212029258948295
2026-09-09,main,600622,,0.7492634922707849,0.039993928913569926,0.4977791382830191,0.050254751846689746,0.5117246322698614,0.041886958103609734,0.5249638974834232
2026-09-09,main,600623,,0.34654342549237793,0.03895822207089194,0.4490566065038433,0.05425371783276692,0.5092959839707616,-0.0034445594589141357,0.5197996082527216
2026-09-09,main,600628,,0.6879913340337,0.020200021128476724,0.49034041185794364,0.029812332800310905,0.5113551565415856,0.0349899590555179,0.5241784895278313
2026-09-09,main,600629,,0.15685820184025995,0.046349116771539585,0.4263857906765172,0.05666356681227089,0.5081519070229873,-0.02479616261125623,0.5173656415216713
2026-09-09,main,600630,,0.5962349819370308,0.027441512110757293,0.4792097756855729,0.04085170766833778,0.5108018357507234,0.024661557196089354,0.5230021020235037
2026-09-09,main,600633,,0.5661402722497757,0.03613070815282145,0.4755630450701558,0.045846155068400465,0.5106203489849235,0.02127399602577021,0.5226162083118885
2026-09-09,main,600635,,0.4212701060391765,0.02463319351714029,0.458051674669856,0.033340506372381416,0.5097466681402254,0.004966925617294483,0.5207582202675352
2026-09-09,main,600637,,0.2786748586864341,0.026219053001784814,0.44091568582172036,0.03508756075756938,0.5088866486651602,-0.011084072316364643,0.5189288472516023
2026-09-09,main,600640,,0.6483628873859225,0.029167056847540097,0.48553140370866243,0.0381505956881655,0.5111161873912722,0.030529248568553935,0.5236704542955654
2026-09-09,main,600641,,0.43441057234320346,0.07018474095813516,0.45963643161224726,0.09703783831368384,0.5098259180046038,0.0064460604510908764,0.5209267737602248
2026-09-09,main,600642,,0.4218486581306352,0.02226743944965822,0.45812143116594145,0.03071243840628786,0.5097501573855523,0.005032049375602823,0.5207656414871585
2026-09-09,main,600644,,0.5589099192062499,0.04005448761019739,0.474687279444642,0.05639925977163596,0.510576745773237,0.020460123306196523,0.5225234920377181
2026-09-09,main,600645,,0.5944847322553076,0.030557918512054482,0.47899762447340133,0.04083157719661876,0.510791280911543,0.02446454323842756,0.5229796599446823
2026-09-09,main,600649,,0.5451307576553555,0.024297877545284438,0.4730187347808743,0.03564910821851204,0.5104936490126316,0.018909094799377864,0.5223467947801215
2026-09-09,main,600651,,0.5343947502553824,0.03019332824813319,0.4717191070844851,0.039053275809720796,0.5104289039281534,0.017700613901228193,0.5222091175705803
2026-09-09,main,600654,,0.614104763760974,0.04023291840250566,0.48137622288164517,0.058778584695411196,0.5109095984932289,0.026673039601400633,0.5232312268885709
2026-09-09,main,600655,,0.4971620920226083,0.014773298549393375,0.467215056566876,0.019185915831005734,0.5102043641651284,0.013509581370666088,0.5217316246293427
2026-09-09,main,600657,,0.5775952923446847,0.04927500989538468,0.47695082272607514,0.07696759480105898,0.5106894290518462,0.022563411397508212,0.5227630951500416
2026-09-09,main,600658,,0.744508031485691,0.03572666470251878,0.4972017255672205,0.044621108296393215,0.5116959569365938,0.04135166753360693,0.5249029446940465
2026-09-09,main,600660,,0.3431364038378739,0.019687950035708487,0.44864724125313465,0.025625628403278408,0.5092754355127836,-0.0038280652106948906,0.5197558986222902
2026-09-09,main,600661,,0.7857176721235062,0.037858983011060984,0.502205523669952,0.052827331518512086,0.5119444476670166,0.04599036250419135,0.5254311215706797
2026-09-09,main,600663,,0.3916668779639031,0.03131841613812028,0.45448464431152813,0.04606230933700431,0.509568129931361,0.0016346872609176305,0.5203784807546432
2026-09-09,main,600664,,0.4478038698064164,0.062222468518560295,0.46125252053757315,0.09550213187172082,0.5099066921799079,0.007953654805726844,0.5210985654291281
2026-09-09,main,600666,,0.6254158360235453,0.051139585849645085,0.48274789054188394,0.06367230142398471,0.510977808772815,0.027946251723715523,0.5233762514748661
2026-09-09,main,600667,,0.4579547416866552,0.07154788888934331,0.4624779100600452,0.09465950362293583,0.5099679111362345,0.009096270892864036,0.5212287641895723
2026-09-09,main,600671,,0.7366494514775566,0.055432579430685365,0.49624754616246036,0.07348014135064214,0.5116485696879467,0.040467079485871874,0.5248022162634509
2026-09-09,main,600673,,0.34930407453153145,0.055706144428451856,0.44938835853361664,0.0729828831528247,0.5093126339976899,-0.00313381157042808,0.5198350251664446
2026-09-09,main,600674,,0.3564189956827994,0.02012601315188446,0.4502435779449053,0.028333411281755438,0.5093555454159501,-0.0023329322506941974,0.5199263029803334
2026-09-09,main,600675,,0.5503337125376714,0.022508630343845926,0.47364870160469646,0.030174047613036575,0.5105250260769851,0.01949475680155096,0.5224135155994197
2026-09-09,main,600676,,0.6408602270901149,0.03941370807816398,0.484621212115776,0.05036944670195145,0.511070943953576,0.029684724033966506,0.5235742649185295
2026-09-09,main,600681,,0.5177518426320371,0.027634530937788216,0.46970519430427143,0.037889306366270144,0.510328535715222,0.01582723255906064,0.5219956843522652
2026-09-09,main,600682,,0.5900291693832613,0.025195958946552455,0.4784575912847196,0.03175264992730074,0.5107644117019496,0.023963010180487757,0.5229225293382574
2026-09-09,main,600683,,0.6681400119089667,0.08812247060699281,0.48793112655017334,0.13127335163159967,0.5112354488936015,0.03275542784694063,0.5239240024954429
2026-09-09,main,600684,,0.7580591145124078,0.03174055811101747,0.49884712582943114,0.03789447857357614,0.5117776694922727,0.0428770227589646,0.5250766328010372
2026-09-09,main,600685,,0.14131865399373214,0.027801675860408374,0.42454084988661084,0.034717321669192155,0.5080581770699805,-0.026545346086899034,0.5171662060171567
2026-09-09,main,600686,,0.554000573729709,0.0320338191519091,0.47409273078013675,0.04106301908024439,0.5105471394881261,0.019907510960676715,0.5224605376262031
2026-09-09,main,600688,,0.26354592944707544,0.026653744512957666,0.43910511588682893,0.031600120659058414,0.5087953999956765,-0.012787035188322877,0.5187347256037147
2026-09-09,main,600690,,0.354370272754345,0.01626081085189606,0.44999728938001265,0.022664248639259334,0.5093431891994507,-0.0025635433552137973,0.5199000199087686
2026-09-09,main,600691,,0.4051911938472883,0.07031216689252594,0.4561136947123671,0.10266001580290486,0.5096496959070009,0.003157029487102593,0.520551968740029
2026-09-09,main,600693,,0.3357905001798971,0.06579908365591351,0.44776484333207434,0.08583785878341042,0.5092311307296173,-0.004654944693875486,0.5196616549486432
2026-09-09,main,600694,,0.5360961156030031,0.014850189826814932,0.4719250376434297,0.027515007904938875,0.5104391642875342,0.017892125274755984,0.5222309358915109
2026-09-09,main,600697,,0.7645845498235821,0.011567508745926922,0.4996394686573399,0.016400494238822547,0.511817017414213,0.04361154758107727,0.5251602690101798
2026-09-09,main,600698,,0.3632397175862855,0.043137901028947455,0.45106371058226274,0.05626453325215919,0.5093966823341775,-0.0015651689822025333,0.5200138052429981
2026-09-09,main,600699,,0.4490087587297913,0.03438175092497956,0.46139794771347503,0.04340498364442638,0.5099139587675838,0.008089281132539386,0.5211140199212666
2026-09-09,main,600702,,0.429673000919673,0.02041750195949297,0.45906497867511586,0.027168222022419884,0.5097973458718705,0.005912783567454352,0.5208660052151041
2026-09-09,main,600703,,0.34395659328174666,0.06259505259280544,0.44874578346974936,0.08739462239809653,0.5092803822491999,-0.003735741943873487,0.5197664210889382
2026-09-09,main,600704,,0.2373659088186233,0.007361641023156667,0.43597584842982967,0.017424011759213997,0.50863749635919,-0.01573394586600443,0.5183987923521352
2026-09-09,main,600706,,0.596477131867802,0.04344115910130124,0.47923912774800187,0.06041466660054046,0.5108032960293776,0.02468881440213655,0.5230052069148188
2026-09-09,main,600707,,0.42438535753965784,0.07121578489396818,0.45842730242090124,0.10294205887835028,0.5097654561982239,0.005317588744750343,0.5207981802007725
2026-09-09,main,600708,,0.8109984861507028,0.04969921789645496,0.5052750411734875,0.06725088177824548,0.5120968859743136,0.04883605547955368,0.5257551133322432
2026-09-09,main,600710,,0.3530944840679764,0.030428075600934305,0.44984393198471523,0.0436039840956576,0.5093354946826295,-0.0027071503964641447,0.5198836527568623
2026-09-09,main,600711,,0.20502172639688557,0.03159941766998031,0.4321168418399557,0.03935848894409311,0.5084424114770016,-0.01937471521039185,0.5179837397051237
2026-09-09,main,600712,,0.5703912880900959,0.05439331347131186,0.47607801347873396,0.04998383291718975,0.5106459849943005,0.021752504585737437,0.5226707192175869
2026-09-09,main,600714,,0.4706748711239972,0.07876767436603649,0.46401409274894667,0.1115832112935019,0.5100446246216536,0.010528091203183286,0.5213919131048116
2026-09-09,main,600715,,0.7679405774694582,0.03632046456286028,0.5000469710762554,0.04636885513986707,0.5118372539709509,0.0439893132767039,0.5252032825153199
2026-09-09,main,600717,,0.5406773732413275,0.016434803539260034,0.4724795931003375,0.022473622546727117,0.5104667922602152,0.01840780695595818,0.5222896855490274
2026-09-09,main,600718,,0.6536439124747958,0.019322206721405864,0.48617213365820644,0.02280633880905717,0.511148033549979,0.031123698414272982,0.5237381596955417
2026-09-09,main,600719,,0.7039522891311293,0.04953963951370494,0.4922778677710565,0.07019948173631635,0.5114514035141793,0.036786577540665014,0.5243830943107689
2026-09-09,main,600721,,0.6505715272239176,0.0527881718242606,0.48579936527936807,0.08256909346129364,0.5111295061601996,0.03077786045523316,0.5236987702760473
2026-09-09,main,600722,,0.2014189902649215,0.1113058970489045,0.4316874975794458,0.15934762637818878,0.5084206813084209,-0.01978025123829764,0.5179375065008591
2026-09-09,main,600725,,0.7825625101791325,0.030124659127819014,0.5018224173506476,0.03924767228218677,0.5119254225081491,0.045635206923695576,0.5253906843991366
2026-09-09,main,600726,,0.33599002695888913,0.09512882336432257,0.44778880638528673,0.14232646316452022,0.5092323341220368,-0.004632485292340255,0.5196642147797468
2026-09-09,main,600727,,0.48170998589797065,0.027214869428010394,0.4653473343241836,0.03728259520416855,0.5101111756144991,0.01177024062767694,0.521533446255633
2026-09-09,main,600728,,0.6393907563371621,0.021797165407838957,0.4844429537831145,0.02667087695283496,0.5110620825543679,0.029519315491556453,0.5235554250658606
2026-09-09,main,600729,,0.6064499882997396,0.013397144747554584,0.4804481038809135,0.018283616967628404,0.5108634369117943,0.025811392475062978,0.5231330791820059
2026-09-09,main,600731,,0.8009994316881688,0.022163299544285378,0.5040610218685511,0.028933556915184663,0.512036593921416,0.04771052846868734,0.525626970855714
2026-09-09,main,600732,,0.45082674036488135,0.04120312004383958,0.4616173861238116,0.051348679281248484,0.509924922859902,0.008293919225393048,0.5211373381626111
2026-09-09,main,600733,,0.45967101232293966,0.024382013609515096,0.46268513945590295,0.031139785547539107,0.5099782617739863,0.009289460055532661,0.5212507774140139
2026-09-09,main,600736,,0.40974020050765053,0.04030173797428087,0.45666185108076046,0.05161985646294315,0.5096771311289293,0.0036690808903660846,0.5206103216333893
2026-09-09,main,600737,,0.09011440720666326,0.051966725345426505,0.418476725637356,0.07057794877139233,0.5077493242363816,-0.032309067351330135,0.5165090092357989
2026-09-09,main,600738,,0.7205421948332007,0.026820479460577862,0.4942919153071466,0.03452878619388142,0.511551442253996,0.03865399280931581,0.5245957529864413
2026-09-09,main,600739,,0.4291741736075571,0.017173630241102366,0.459004815618012,0.02316694494057216,0.5097943374575249,0.005856633896938204,0.520859606751061
2026-09-09,main,600740,,0.3917928629399865,0.03515724549508284,0.4544998151952945,0.04681498303712847,0.5095688897568089,0.001648868551166277,0.5203800968946006
2026-09-09,main,600741,,0.3924230648388537,0.016327374423796313,0.4545757042398115,0.020431880017761323,0.509572690554105,0.0017198061845327198,0.520388181141587
2026-09-09,main,600743,,0.6543872999666495,0.06290367671051852,0.4862623301920442,0.08845013299551786,0.5111525163913418,0.031207376596520772,0.523747690227395
2026-09-09,main,600744,,0.35357082954258556,0.05475382844526119,0.44990119043304483,0.07685574306915795,0.509338367610542,-0.0026535313567653887,0.5198897638199234
2026-09-09,main,600746,,0.5330383067991588,0.04336431996409229,0.47155493221574474,0.060151678130205596,0.5104207236698265,0.01754792808934337,0.5221917224696385
2026-09-09,main,600749,,0.6228095239508598,0.03829354273192339,0.4824318052790011,0.05462073284811435,0.5109620917070846,0.02765287652033542,0.5233428350685119
2026-09-09,main,600750,,0.5652511127496659,0.0252317308033613,0.47545533874990237,0.03371090884161203,0.5106149868474513,0.0211739092587572,0.5226048065243465
2026-09-09,main,600751,,0.5324103059720608,0.02527889197032226,0.471478925265987,0.03230777022215294,0.510416936404286,0.017477238215976486,0.5221836689363647
2026-09-09,main,600754,,0.3419747900961005,0.022882442367640116,0.44850768528307294,0.031239553767151224,0.5092684295709369,-0.003958820338338047,0.5197409958866576
2026-09-09,main,600755,,0.4911465515702118,0.010715443071291457,0.4664878358596415,0.014646399326422543,0.5101680857319958,0.012832452019135833,0.521654474142424
2026-09-09,main,600756,,0.6841312081872333,0.03972725440947786,0.4898718832894748,0.053148810439222725,0.5113318792723607,0.03455545038054059,0.5241290050388254
2026-09-09,main,600757,,0.5517900569503764,0.011484454510124377,0.4738250489555602,0.01509097718337147,0.5105338087276432,0.01965868779920335,0.5224321910924231
2026-09-09,main,600758,,0.41788220242670987,0.06511718717409443,0.45764322547453473,0.09043988509959312,0.5097262356881697,0.004585571856263314,0.5207147626714418
2026-09-09,main,600760,,0.13628775583631472,0.023687561811292078,0.42394400160929113,0.03735092825499895,0.5080278320596997,-0.027111640808695756,0.5171016379885464
2026-09-09,main,600761,,0.40995440926451465,0.023046868959128768,0.456687665884617,0.03182676071168962,0.5096784230281703,0.0036931929444325995,0.5206130694064012
2026-09-09,main,600763,,0.4966899677815293,0.02127029972410444,0.4671579762302941,0.026810903883159043,0.5102015168890617,0.013456437487130872,0.5217255695807348
2026-09-09,main,600764,,0.41469823339021167,0.010357478062693926,0.4572594147292404,0.014262226133086628,0.509707033136242,0.004227173653136358,0.5206739207159464
2026-09-09,main,600765,,0.2525395586351716,0.01632489511978245,0.437788932365136,0.021745568050200826,0.5087290157689243,-0.014025949096315458,0.518593497587765
2026-09-09,main,600769,,0.5080709108814214,0.06995242005201077,0.46853418066164143,0.1033544871601449,0.510270152635445,0.0147375145045687,0.5218715297248924
2026-09-09,main,600770,,0.4930264967676705,0.045641377846172976,0.46671508791361066,0.05778727845669552,0.5101794232894438,0.013044064937798944,0.5216785849196928
2026-09-09,main,600771,,0.5695808103100615,0.018047640344363104,0.47597982817542034,0.024043741935249115,0.5106410973631081,0.02166127449627711,0.5226603264779335
2026-09-09,main,600773,,0.6173897182717649,0.04407771445655676,0.48177455373868794,0.05331078904836649,0.5109294081218093,0.02704280506724703,0.5232733452426636
2026-09-09,main,600775,,0.6245033127496376,0.034824775842284404,0.48263722102943724,0.045511849370138704,0.5109723059084438,0.027843535052186646,0.5233645517299151
2026-09-09,main,600776,,0.27424923453630484,0.028240684709191128,0.4403858799285919,0.039048168695299146,0.5088599560033026,-0.011582235371639223,0.5188720619674075
2026-09-09,main,600777,,0.5838995727084626,0.04149236211729094,0.47771474060800284,0.05617880026806305,0.5107274471533051,0.023273042279117404,0.5228439327723259
2026-09-09,main,600778,,0.7502413108663832,0.030862324117391732,0.4978978667613788,0.04052127473105856,0.5117305284868452,0.04199702463491997,0.5249764305134375
2026-09-09,main,600780,,0.5861324167980031,0.03317080943590147,0.4779853295117332,0.04745445851249337,0.5107409123389832,0.02352437867729862,0.5228725634785855
2026-09-09,main,600782,,0.5372220740550409,0.017384708417322016,0.4720613271244251,0.022519093162312355,0.5104459545575687,0.018018866923741925,0.5222453751438099
2026-09-09,main,600783,,0.5583078751964039,0.053200420708242706,0.47461436471788876,0.0722628859707275,0.5105731150923012,0.020392355218988786,0.522515771835965
2026-09-09,main,600784,,0.7241811299271652,0.04167273218112616,0.4947337163136336,0.0603602564085663,0.5115733852619528,0.039063603513447176,0.5246423976984272
2026-09-09,main,600785,,0.7503388967401007,0.05249739850338274,0.4979097158254947,0.07136659200311721,0.5117311169265757,0.04200800922722912,0.524977681302696
2026-09-09,main,600787,,0.5330273221695839,0.013466474728389738,0.4715536027345152,0.017224763373669787,0.5104206574251644,0.017546691622701734,0.5221915816019617
2026-09-09,main,600789,,0.5050140311258496,0.019230519602121965,0.4681644892816732,0.024940375658718407,0.510251717362538,0.014393421895936724,0.5218323257290068
2026-09-09,main,600790,,0.730948710457913,0.030891483768573307,0.4955553856993029,0.04596879312788505,0.5116141940803952,0.03982538501129887,0.5247291449675099
2026-09-09,main,600791,,0.7510982372910837,0.07255603193035597,0.4980019164920367,0.0886975855191869,0.5117356957249584,0.042093483139165486,0.5249874140019433
2026-09-09,main,600792,,0.47938563149582947,0.05143318857476813,0.4650664684350372,0.06301560977102308,0.5100971578386598,0.011508603522664813,0.5215036350533246
2026-09-09,main,600793,,0.6598477821304537,0.04351590006053782,0.48692488730312133,0.06096849613985052,0.5111854446214589,0.03182202673076537,0.5238176953127139
2026-09-09,main,600795,,0.2717797921918769,0.019864382900336385,0.4400903138725626,0.02738024633595077,0.5088450618133616,-0.01186020406066328,0.5188403762844744
2026-09-09,main,600797,,0.5990071489133881,0.03134933811858943,0.4795458108209869,0.04099958896015907,0.5108185532181915,0.024973601582107333,0.5230376471561473
2026-09-09,main,600798,,0.6819051576454055,0.03187936015697903,0.4896017011000953,0.04309168359052995,0.5113184557555894,0.034304878686810064,0.5241004681958241
2026-09-09,main,600800,,0.7393248636355477,0.05269890295217053,0.4965723887933437,0.07022991819934929,0.511664702450621,0.04076823282595041,0.524836508953917
2026-09-09,main,600801,,0.21783504521784414,0.039100861313191196,0.43364464936128677,0.0545143151238773,0.5085196956950381,-0.017932405191392706,0.5181481680052106
2026-09-09,main,600802,sniper,0.9294617366616442,0.02345772233037556,0.5028682418340903,0.02556633047426088,0.512697964636079,0.062170675142311296,0.530497656813376
2026-09-09,main,600803,,0.33933962664602785,0.024648356781715855,0.44819112753253737,0.03531406719766825,0.5092525363209714,-0.004255443149246592,0.5197071883531621
2026-09-09,main,600808,,0.4979977492722023,0.024543230801781397,0.46731609054439854,0.031034754946666396,0.5102094038261187,0.013603645745429577,0.5217423420156446
2026-09-09,main,600809,,0.41833331660858,0.025715750489322467,0.4576976089972357,0.03133668914800544,0.5097289563603923,0.004636350777268511,0.5207205492585166
2026-09-09,main,600812,,0.639427242682249,0.022339038809429647,0.48444737981533065,0.030498634197683682,0.5110623025792935,0.029523422516583367,0.5235558928523459
2026-09-09,main,600814,,0.5380646237875084,0.008515569596986634,0.47216331466597544,0.010901940139459249,0.5104510356840984,0.01811370713942869,0.5222561799481605
2026-09-09,main,600815,,0.6605365574135108,0.05969360867580989,0.48700846436324463,0.08503729881726048,0.5111895981215938,0.03189955758014744,0.5238265255603644
2026-09-09,main,600816,,0.43139962488498196,0.02542751267533924,0.45927323424682526,0.03360855980398579,0.5098077590899256,0.006107138135463368,0.5208881525889851
2026-09-09,main,600820,,0.39861208102902745,0.013034357776117087,0.45532109845068053,0.019679783789652544,0.5096100169394147,0.0024164625452746807,0.5204675734405083
2026-09-09,main,600821,,0.39187275543798294,0.06170796066418292,0.45450943574969144,0.0860549581220808,0.5095693715948191,0.001657861517931035,0.5203811217583145
2026-09-09,main,600822,,0.8455582225648206,0.04546038795631102,0.5094704874033031,0.06257745041702167,0.512305270701917,0.05272621499096142,0.526197986001482
2026-09-09,main,600824,,0.7074740812256729,0.017675618641422555,0.4927054015862874,0.021612747490518586,0.511472640338923,0.037183002237011736,0.5244282393504819
2026-09-09,main,600827,,0.4169573452360812,0.014451608101606495,0.45753173359585225,0.020943279780751996,0.5097206578673379,0.00448146683781913,0.520702899212655
2026-09-09,main,600828,,0.5539602062995975,0.041831147314476576,0.4740878423651042,0.054757195873431856,0.5105468960481079,0.01990296706773964,0.5224600199762733
2026-09-09,main,600829,,0.6948855035161321,0.044925584204052,0.49117724371159044,0.06466684885459163,0.5113967295296998,0.03576598982913179,0.5242668674475547
2026-09-09,main,600830,,0.7974011787323514,0.04532898788217682,0.5036241332406153,0.06663382180420545,0.5120148971783723,0.04730549708208204,0.5255808567642682
2026-09-09,main,600831,,0.8753303339019279,0.04422455349507463,0.513083683147006,0.05637602453722961,0.5124847840757015,0.05607746341209885,0.526579473668071
2026-09-09,main,600833,,0.8121891981366459,0.03983822920654875,0.5054196057122315,0.059766088362395,0.5121040656767681,0.048970086002875945,0.52577037262766
2026-09-09,main,600835,,0.5650774919069861,0.03212232826060976,0.47543430784887897,0.04047760468065903,0.5106139398147425,0.02115436591605238,0.5226025801629282
2026-09-09,main,600838,,0.5394878334014809,0.022494520101806904,0.4723355942203013,0.032633272176729435,0.5104596185649839,0.01827390837332063,0.5222744310507083
2026-09-09,main,600839,,0.4551532606932538,0.02649658352278948,0.46213967589719285,0.033836916989034356,0.509951015696888,0.008780926823050574,0.5211928316667531
2026-09-09,main,600841,,0.5190587139192302,0.03838391239789546,0.46986330039787577,0.046476476662010824,0.5103364170807718,0.015974338361811585,0.522012444320173
2026-09-09,main,600844,,0.5871533221272774,0.0664913852799225,0.4781090530119123,0.09086725498183207,0.5107470689122484,0.023639295195449522,0.5228856540158779
2026-09-09,main,600845,,0.5028940145782373,0.03250276576548201,0.4679081202893115,0.041493404739306565,0.5102389320596102,0.014154785743212286,0.521805136696542
2026-09-09,main,600848,,0.5258150695492981,0.022871347379248477,0.47068078423969917,0.032096985735144315,0.5103771626398864,0.0167348563473025,0.5220990903966038
2026-09-09,main,600850,,0.6453801675424549,0.03184886631533247,0.4851695406923415,0.04050081671299579,0.5110982006597983,0.030193503647646766,0.5236322139411306
2026-09-09,main,600851,,0.653697507064795,0.058787361387359204,0.4861786363556027,0.08453400374297394,0.5111483567409018,0.031129731200563573,0.5237388468006957
2026-09-09,main,600855,,0.4651747338632395,0.030331953282751994,0.4633497674634464,0.04052718154159344,0.5100114540500913,0.009908977358604187,0.5213213686709094
2026-09-09,main,600857,,0.4919204977776571,0.07804652817463065,0.46658139055976483,0.1111434081975316,0.5101727532414441,0.012919569992610347,0.5216644002124143
2026-09-09,main,600858,,0.7415774608366345,0.012791670229075534,0.4968458964217487,0.016588748517406438,0.511678285615939,0.04102179270042902,0.5248653819379991
2026-09-09,main,600859,,0.4885543655540183,0.01374071202052068,0.4661745093424197,0.018097095125091216,0.5101524527815453,0.012540666891917275,0.5216212285293051
2026-09-09,main,600860,,0.7684963217084989,0.03840037134240124,0.5001144517927931,0.0462364028394137,0.5118406050569521,0.044051869706866115,0.5252104053370402
2026-09-09,main,600862,,0.20278437086400974,0.02171202334358689,0.4318502002896235,0.02795019542336318,0.5084289167059116,-0.019626559431722836,0.5179550281977554
2026-09-09,main,600863,,0.31199063338431327,0.04612577082488081,0.44490826391608956,0.06576743720976548,0.5090875874329722,-0.007333937296008182,0.5193563069166641
2026-09-09,main,600864,,0.47695017761923664,0.025691384357205076,0.4647722014892195,0.03480436269755394,0.5100824700242397,0.011234460689250374,0.5214723987710689
2026-09-09,main,600865,,0.5226289955494725,0.101160339768441,0.47029526601241384,0.10941951866195243,0.5103579483981027,0.016376221202463626,0.5220582311362167
2026-09-09,main,600866,,0.5501708803387239,0.01732633165444992,0.47362898481738996,0.022588343301991207,0.5105240440984813,0.019476427864665885,0.5224114275100643
2026-09-09,main,600867,,0.4988452561273489,0.03045760311236268,0.46741855991983394,0.04015863767144848,0.5102145149472963,0.013699043951423559,0.5217532113538569
2026-09-09,main,600868,,0.5544805882854268,0.033623045957128665,0.4741508599629463,0.04582087558452231,0.5105500342658313,0.019961543004415827,0.5224666930676353
2026-09-09,main,600869,,0.06165327909048248,0.08892143558198082,0.4151165716049941,0.11991152610221556,0.5075776503547181,-0.03551274711670375,0.5161436912232368
2026-09-09,main,600871,,0.2851993395088661,0.03126774357992716,0.4416969978204051,0.049060721331748144,0.5089260002561002,-0.010349654934696972,0.5190125621212597
2026-09-09,main,600872,,0.5338092510311517,0.025071835802010084,0.4716482414110317,0.027794040266766917,0.5104253729781876,0.017634708150421244,0.5222016091048934
2026-09-09,main,600873,,0.4282042368464408,0.021691334336643983,0.4588878359498927,0.02811845720471959,0.5097884877925033,0.0057474545712770525,0.5208471653407549
2026-09-09,main,600875,,0.25412706091951376,0.041068497472813874,0.43797871831514557,0.05491862821686964,0.5087385907072144,-0.013847254529990801,0.5186138677738773
2026-09-09,main,600877,,0.5820959903793566,0.02884757383050153,0.4774961816577068,0.036960666543611014,0.5107165706230355,0.02307002502030195,0.5228208061774746
2026-09-09,main,600879,,0.38760963370293156,0.04198823819406324,0.4539961236047518,0.056973964506711335,0.5095436603437244,0.001177990277966244,0.520326434046553
2026-09-09,main,600880,,0.5451150316759762,0.02007154103871824,0.4730168308295129,0.021278249162016698,0.5104935541750382,0.018907324630545404,0.5223465931146164
2026-09-09,main,600881,,0.5597127450582712,0.06015537768647658,0.4747845129315912,0.08611645085490795,0.5105815872855229,0.020550492069048812,0.5225337869121265
2026-09-09,main,600882,,0.6044760000495619,0.03467523852105886,0.4802087852408763,0.04706171486721665,0.5108515328853351,0.025589193755870807,0.5231077688850666
2026-09-09,main,600883,,0.7317582026552972,0.04041709996390347,0.49565366992707754,0.06286423816504356,0.5116190753448115,0.03991650416027995,0.5247395209891286
2026-09-09,main,600884,,0.4983854959546591,0.02447922356391789,0.46736297142871963,0.03146434468338176,0.5102117422384782,0.013647291808776281,0.5217473148981324
2026-09-09,main,600885,,0.2587880621819735,0.036234359621931056,0.43853604585706424,0.049714583925566366,0.5087667032592701,-0.013322596639763547,0.5186736754958194
2026-09-09,main,600886,,0.27061836501354963,0.019614726382704582,0.43995131803129434,0.027721044767953264,0.508838056778218,-0.011990938188101,0.5188254738337923
2026-09-09,main,600887,,0.34474701360683535,0.01648003173694305,0.44884075286317276,0.021837662108435223,0.5092851494400301,-0.0036467695886214513,0.5197765616216671
2026-09-09,main,600888,,0.37223778754974496,0.05456096448253982,0.45214605658020646,0.07579648725615754,0.5094509510091184,-0.0005523161342171276,0.5201292385761259
2026-09-09,main,600892,,0.8280868253087261,0.09268508565609979,0.5073496428999025,0.13499541557357936,0.5121999240061018,0.0507595760849536,0.525974100387419
2026-09-09,main,600893,,0.12661659887959228,0.03363496965413509,0.42279727358731856,0.04448827211334161,0.5079694981036089,-0.028200258579696522,0.516977513909731
2026-09-09,main,600895,,0.5211906479136483,0.03923400914091145,0.4701212360546889,0.05167585095556945,0.510349274151615,0.016214315982204873,0.5220397851965396
2026-09-09,main,600900,,0.3390953227554686,0.011405425626934132,0.44816178183977706,0.0161752307685978,0.5092510628695626,-0.004282942812211171,0.5197040540746927
2026-09-09,main,600901,,0.26536755566504383,0.01849151754289853,0.43932303600930944,0.026065365953680485,0.5088063869887007,-0.012581986849031591,0.5187580994741599
2026-09-09,main,600903,,0.3596067412157237,0.03478284193758355,0.450626843309902,0.02458145744182659,0.5093747712599248,-0.001974108952499498,0.519967198356359
2026-09-09,main,600905,,0.3723790735551356,0.009681131002190107,0.45216305501099224,0.014155903897395024,0.5094518031238918,-0.0005364125089373159,0.5201310510715469
2026-09-09,main,600906,,0.5214363953153165,0.02443105266669898,0.4701509692501751,0.030747919148629392,0.5103507561814928,0.016241978131607507,0.5220429367627952
2026-09-09,main,600908,,0.33532470402015496,0.010674992914989339,0.44770890242141426,0.016072302199824067,0.5092283214042048,-0.00470737626741196,0.5196556790074426
2026-09-09,main,600909,,0.32886574936812235,0.04940158707691718,0.44693333575495026,0.06836088953182563,0.5091893658803983,-0.005434417804195547,0.5195728131398628
2026-09-09,main,600916,,0.366969394125315,0.022181259129978974,0.451512284585426,0.030634741236732085,0.5094191765853923,-0.0011453441175414483,0.5200616523186139
2026-09-09,main,600918,,0.3591991792339055,0.0148614471319905,0.45057783850860506,0.020276974551639737,0.5093723131847533,-0.0020199854922120786,0.5199619697856311
2026-09-09,main,600919,,0.21050345229532635,0.015066320302163667,0.4327703040247679,0.02039792956136457,0.5084754748496577,-0.018757673810329605,0.5180540850245854
2026-09-09,main,600925,,0.6590785000091633,0.0214399245202593,0.4868315422830412,0.02415039612033442,0.5111808056416192,0.03173543376242689,0.5238078329324344
2026-09-09,main,600926,,0.2270711154887564,0.013417808887200088,0.43474670497936513,0.019398265224399608,0.5085754032947083,-0.01689276223283872,0.5182666884406595
2026-09-09,main,600928,,0.5209894872911426,0.016280145369627075,0.4700968976108885,0.02225568225461954,0.5103480610112765,0.016191672669779555,0.5220372054282633
2026-09-09,main,600930,,0.38462523761516704,0.01455310276876415,0.4536368378345937,0.019655883850557034,0.5095256611661108,0.0008420566733950419,0.5202881496532648
2026-09-09,main,600933,,0.6101198043552484,0.02700499781156944,0.48089304183539555,0.033103106095501475,0.5108855675008505,0.026224479243503213,0.5231801329122333
2026-09-09,main,600935,,0.6968831815550185,0.03530872823327761,0.4914197364077385,0.04457622234297017,0.5114087758309471,0.03599085515016848,0.524292475850928
2026-09-09,main,600936,,0.6435774539582851,0.05204106296637852,0.48495084333016697,0.07334948167532118,0.5110873297203764,0.029990584177666757,0.5236091018787162
2026-09-09,main,600938,,0.2681350246346195,0.02655581448126515,0.4396541515200067,0.039794200478106834,0.5088230787404453,-0.01227047128636883,0.5187936095992643
2026-09-09,main,600941,,0.3474072274396386,0.01376634116301893,0.44916040623861697,0.01924010347098927,0.5093011937354234,-0.0033473270228549304,0.5198106901605293
2026-09-09,main,600956,,0.6335714796879284,0.06024846200753506,0.4837370691802176,0.08714398984044563,0.5110269903052376,0.02886427825008947,0.5234808163802563
2026-09-09,main,600958,,0.3039104574606369,0.01688169152908988,0.44393925823086205,0.02332404660126556,0.5090388534111777,-0.008243468921095946,0.5192526364061059
2026-09-09,main,600959,,0.45384818437255064,0.021058595611138382,0.46198212061893057,0.027003308316758793,0.5099431449101067,0.008634023067730777,0.5211760923440115
2026-09-09,main,600961,,0.4190344766892979,0.059906452613703934,0.4577821385005222,0.08936360422577094,0.5097331850597235,0.004715275700894667,0.5207295432539267
2026-09-09,main,600962,,0.5781605946625047,0.05790661410651071,0.47701931859143015,0.08130910895232875,0.5106928381249668,0.022627043716983597,0.522770343876278
2026-09-09,main,600963,,0.49362065046287756,0.025106637072574267,0.4667869134417219,0.03360002402234088,0.5101830065042993,0.01311094486480277,0.521686205071571
2026-09-09,main,600966,,0.69691669890304,0.02928226169705664,0.4914238050220838,0.03603575230330985,0.5114089779455211,0.035994627974956284,0.5242929055115516
2026-09-09,main,600967,,0.19630630759233608,0.04704826911396307,0.43107838670819365,0.07424181308418798,0.5083898437313665,-0.020355751898639564,0.5178718959225888
2026-09-09,main,600968,,0.31188080216439984,0.01813296288810591,0.4448950897090368,0.028374535317258108,0.50908692500832,-0.007346300265438151,0.5193548977680728
2026-09-09,main,600969,,0.5058714201902071,0.03708536629764275,0.46826817625835876,0.05664871735532823,0.5102568880631415,0.014489932476449273,0.5218433216343298
2026-09-09,main,600970,,0.520442081872803,0.017646500472528526,0.4700306676950657,0.02137337681921095,0.5103447597701568,0.016130054885163586,0.5220301852654093
2026-09-09,main,600971,,0.37941744339012545,0.029264833390952667,0.4530099972592026,0.04038295641947706,0.5094942524030237,0.000255849938620184,0.5202213425208327
2026-09-09,main,600973,,0.48459227807300503,0.03224073364344833,0.4656956497324687,0.043407978174604435,0.5101285581936092,0.01209468107435771,0.52157041312259
2026-09-09,main,600975,,0.46631008361764237,0.02001905730249011,0.46348688829150786,0.01976778667241273,0.5100183011955822,0.010036776123992355,0.5213359306691867
2026-09-09,main,600977,,0.4246741709457301,0.0313742486462317,0.45846212908174233,0.03963859808996262,0.5097671980282729,0.005350098547637475,0.5208018848526927
2026-09-09,main,600979,,0.5741091527131578,0.040720913352763066,0.47652843764485225,0.057153612507402626,0.5106684057569609,0.02217099986163376,0.5227183930663423
2026-09-09,main,600982,,0.6510339539347527,0.034744389447202984,0.48585546989173345,0.05448728612618345,0.5111322947316925,0.030829912752331975,0.5237046988221619
2026-09-09,main,600984,,0.658682864896547,0.06161061369050554,0.4867835361073234,0.0863404228948061,0.5111784198538342,0.03169089975099958,0.5238027607886955
2026-09-09,main,600985,,0.21163910168193073,0.03575981537338002,0.43290571114313803,0.04882339718442345,0.5084823245807099,-0.018629841317338754,0.5180686583780024
2026-09-09,main,600986,,0.5756428135407184,0.042599370870142345,0.4767142538276185,0.0522146604695294,0.5106776545603546,0.022343633853517203,0.5227380589427488
2026-09-09,main,600988,,0.3993232269653152,0.05770063276848041,0.4554067605035059,0.08584698938954127,0.5096143059029564,0.0024965115102001945,0.520476695908386
2026-09-09,main,600989,,0.15909908323382105,0.04346002107173154,0.4266520108541111,0.062407673049539585,0.5081654233091427,-0.024543921507254717,0.5173944006751884
2026-09-09,main,600990,,0.8175200940845112,0.030795573701548326,0.5060668192150461,0.03946927744791715,0.5121362096160335,0.04957014947926987,0.5258386889072595
2026-09-09,main,600993,,0.6151300976164965,0.015135471965880226,0.4815005514963353,0.0182810162750818,0.510915781682334,0.026788454609276674,0.5232443733388055
2026-09-09,main,600995,,0.4639661928190693,0.023631162300561045,0.46320381311462766,0.03435874842362015,0.5100041654934017,0.009772939936860868,0.5213058678811849
2026-09-09,main,600996,,0.6057804422429959,0.047939648740481844,0.48036692971614203,0.06067310979678953,0.5108593992528822,0.025736026131704434,0.523124494336965
2026-09-09,main,600997,,0.5229690215637663,0.025465070303620656,0.4703364078281825,0.03452064090663123,0.5103599989928794,0.016414495667806214,0.5220625917556866
2026-09-09,main,600998,,0.39705514499819394,0.015633247370664835,0.45513356483675516,0.021049499234884736,0.5096006269604465,0.0022412086186699015,0.5204476012630879
2026-09-09,main,600999,,0.3962307814327724,0.017990913022498646,0.45503427504018773,0.023013288389115247,0.5095956551692749,0.0021484154987671533,0.5204370264056294
2026-09-09,main,601000,,0.4233612900541943,0.019952204334013877,0.4583038181776583,0.024981966896895934,0.5097592800580842,0.005202316283723356,0.520785044318503
2026-09-09,main,601001,,0.36300225058646174,0.04665805367936158,0.4510351527417683,0.06357511916771591,0.5093952501329926,-0.0015918990618808138,0.5200107588265651
2026-09-09,main,601003,,0.6413070163920958,0.030704765864211534,0.4846754119417374,0.042688990330048845,0.5110736382408438,0.02973501613202735,0.5235799931203777
2026-09-09,main,601005,,0.38629580491833077,0.02014209599241983,0.4538379483294871,0.026074959786442795,0.5095357365199885,0.0010301013160386244,0.5203095800336416
2026-09-09,main,601006,,0.3644654658105289,0.012979411590047743,0.45121112449128187,0.017299501698582725,0.5094040750139089,-0.0014271946627229457,0.5200295300970379
2026-09-09,main,601007,,0.7286727193313605,0.02847637015632122,0.49527904885360935,0.037792777087196326,0.5116004697676234,0.03956919183833181,0.5246999713376712
2026-09-09,main,601008,,0.6153060439065764,0.025391394539289153,0.48152188639612364,0.03563421675491588,0.5109168427112212,0.02680825971211802,0.523246629253613
2026-09-09,main,601009,,0.19565580608293887,0.015103521709441623,0.43100090266951724,0.022464713149310624,0.5083859201720266,-0.02042897452405672,0.5178635480533557
2026-09-09,main,601011,,0.5035131451614842,0.03734851024803602,0.4679829886593149,0.047598172124383636,0.5102426658865962,0.014224477152265887,0.521813077007139
2026-09-09,main,601012,,0.4219813273546345,0.022979498919221648,0.4581374274336576,0.027706144942064952,0.5097509575129726,0.005046983067151498,0.52076734326426
2026-09-09,main,601015,,0.3208403910614815,0.047222231432188524,0.44597004141447594,0.05959605571598249,0.5091409628403873,-0.006337778974979259,0.5194698494249088
2026-09-09,main,601016,,0.35992204851563575,0.05013113864794788,0.4506647561676733,0.07088058107118966,0.5093766729312119,-0.0019386169083163152,0.5199712433982647
2026-09-09,main,601018,,0.19155313456505724,0.013777550271474787,0.430512293771456,0.02010733585593004,0.5083611745098071,-0.020890784950971582,0.5178108983451171
2026-09-09,main,601019,,0.5920061011900346,0.017819239462200553,0.4786971976969013,0.023522018663415866,0.5107763335692508,0.024185540236254674,0.5229478782439829
2026-09-09,main,601020,,0.2691079567755109,0.04839616549378808,0.43977057135613146,0.07171467132956505,0.5088289468925402,-0.012160954790742525,0.5188060935033825
2026-09-09,main,601021,,0.4155576143491412,0.019537133584129444,0.45736300361043963,0.02524635340094389,0.5097122160749875,0.00432390844796357,0.5206849443425097
2026-09-09,main,601022,,0.455743710444486,0.02337845702826652,0.4622109604025524,0.030882924142993772,0.5099545766395762,0.008847389821733227,0.5212004049468653
2026-09-09,main,601038,,0.3606016445002439,0.013208712490651298,0.4507464734003001,0.01602202808448744,0.5093807716878224,-0.0018621193114666534,0.5199799618498508
2026-09-09,main,601058,,0.3725113517496895,0.028484079039977038,0.45217896979335326,0.03935676433000006,0.5094526009113047,-0.0005215228329707583,0.5201327480092824
2026-09-09,main,601059,,0.48132200554008636,0.012298252960903876,0.4653004507634349,0.015287198214881052,0.5101088357737616,0.01172656826104261,0.5215284701916749
2026-09-09,main,601061,,0.345362997109727,0.029515376446452603,0.44891476617282333,0.03969074579838742,0.5092888645646139,-0.003577432425457633,0.5197844642422653
2026-09-09,main,601066,,0.43576685467645077,0.01939133961336817,0.45980004802301044,0.024479755728922456,0.5098340976855892,0.006598728126434632,0.5209441705985957
2026-09-09,main,601068,,0.5091802812048211,0.028079456307918124,0.4686683536935896,0.037991948166508686,0.5102768429619188,0.014862388938318247,0.5218857571559521
2026-09-09,main,601069,,0.2824420966659652,0.04016712549509998,0.44136678025172615,0.058336024747405776,0.5089093703038385,-0.01066001941034124,0.5189771843826275
2026-09-09,main,601077,,0.3200416281467329,0.018852374825758557,0.44587418692939845,0.02609318127515937,0.5091361452824384,-0.0064276904000241455,0.5194596013685207
2026-09-09,main,601083,,0.4035576820019464,0.02707749974678763,0.4559168820215879,0.03680770177937435,0.5096398441244231,0.0029731559307186947,0.520531014546615
2026-09-09,main,601086,,0.478009580975202,0.12180804701739761,0.4649002023035363,0.17622570675855917,0.5100888591105828,0.011353710674037364,0.5214859863297812
2026-09-09,main,601088,,0.2295699425182004,0.024198003715415934,0.43504497847125895,0.0350461297901808,0.5085904749988193,-0.016611485905395913,0.5182987538971973
2026-09-09,main,601096,,0.6187199231810876,0.017809419285631692,0.4819358599000905,0.020285178582544208,0.5109374297954847,0.027192537380541212,0.5232904004962494
2026-09-09,main,601098,,0.4696801638253195,0.01581004074549791,0.46389393908827636,0.021192307825967458,0.5100386256852487,0.010416123622972319,0.5213791551111828
2026-09-09,main,601099,,0.3995711886301075,0.01937991913684339,0.45543662968445925,0.025918939975978772,0.5096158013742081,0.0025244229044654107,0.5204798767182921
2026-09-09,main,601100,,0.36687177998440884,0.03863621920442373,0.4515005433733298,0.05000866552658036,0.5094185878600235,-0.001156331891699898,0.5200604000562113
2026-09-09,main,601101,,0.329405434074956,0.05498866325652194,0.446998129204318,0.07557748908291195,0.5091926208541856,-0.005373669088687624,0.5195797371253331
2026-09-09,main,601106,,0.45587930249580905,0.02283525555046679,0.4622273305359191,0.02900174972792237,0.5099553943813714,0.008862652516500487,0.5212021440885469
2026-09-09,main,601107,,0.6375465794981944,0.027802163047283918,0.48421924626874846,0.039449979922115276,0.5110509615425322,0.029311728778947804,0.5235317810707361
2026-09-09,main,601108,,0.4616992905359614,0.026357213863511215,0.46293005851247454,0.034823647006919076,0.509990494083779,0.009517769834508423,0.5212767924025402
2026-09-09,main,601111,,0.33358348664749876,0.01803744970997328,0.4474997984636908,0.02371141526258077,0.5092178197104592,-0.004903373518157769,0.5196333399743418
2026-09-09,main,601116,,0.44314455232617056,0.032931003591512284,0.4606902144806064,0.04255689235401088,0.5098785921735435,0.007429186447656777,0.5210388023741575
2026-09-09,main,601117,,0.41285260644445737,0.018236421784577742,0.45703695729274424,0.023380978068636177,0.5096959021269176,0.0040194237116581155,0.5206502460458466
2026-09-09,main,601118,,0.09913592951444554,0.06202428989939245,0.4195434136749064,0.07502836019634035,0.5078037405246255,-0.031293574629034385,0.5166248029701752
2026-09-09,main,601121,,0.4399455517408985,0.02631156039746338,0.46030420345040585,0.03468983290795357,0.5098592991964831,0.007069096243128729,0.5209977698251405
2026-09-09,main,601126,,0.27941893024425724,0.06671221559390504,0.44100477430169954,0.09216286257425704,0.5088911364453728,-0.011000317133363559,0.5189383944027169
2026-09-09,main,601127,,0.5142723608657167,0.023964540817332597,0.469284274186815,0.02699393921217832,0.5103075519345726,0.015435570454760225,0.5219510615047577
2026-09-09,main,601128,,0.38593950077223604,0.013460813660271099,0.45379505354863187,0.01822600449299515,0.5095335876156805,0.0009899945297403845,0.5203050092971647
2026-09-09,main,601133,,0.5532003955710404,0.06973725731857774,0.47399583173349996,0.09791368007403775,0.5105423139289403,0.019817440231043093,0.5224502765684683
2026-09-09,main,601136,,0.38131868602987945,0.026452250460687884,0.4532388247796939,0.029967703196462955,0.5095057190091092,0.0004698601686146317,0.5202457323105385
2026-09-09,main,601137,,0.46051040837937474,0.04527246101503131,0.4627864961992324,0.05956630583843617,0.5099833240753394,0.009383945282898147,0.5212615436427341
2026-09-09,main,601138,,0.24609933759140842,0.04847904476543877,0.43701919103805353,0.0659043910016563,0.5086901718416796,-0.014750881915500069,0.5185108586474059
2026-09-09,main,601139,,0.42823735185814127,0.020177558109513098,0.4588918297264362,0.02780056975663964,0.5097886875083779,0.005751182107742996,0.520847590108511
2026-09-09,main,601155,,0.4550585835132658,0.03379297604807532,0.4621282457442498,0.043659001823489633,0.5099504447083041,0.008770269643035358,0.5211916173088201
2026-09-09,main,601156,,0.3537734506365135,0.02862003461863897,0.44992554662361167,0.03826541082692479,0.5093395896557558,-0.002630723648792431,0.5198923632556042
2026-09-09,main,601162,,0.39658223116030733,0.025994581344340528,0.45507660467893396,0.03404263251879448,0.5095977747860524,0.0021879758554773157,0.5204415347715677
2026-09-09,main,601166,,0.3031729080855137,0.012561944000714299,0.44385082960439964,0.016577290975247468,0.5090344050158815,-0.00832648994539971,0.519243173395738
2026-09-09,main,601168,,0.2118273856576901,0.05057234326614689,0.4329281618145113,0.07008866980242229,0.5084834602254441,-0.018608647443335513,0.5180710745511462
2026-09-09,main,601169,,0.2769795924559208,0.011220167910866267,0.44071272400789596,0.01710513684612411,0.5088764238606459,-0.011274897152873106,0.5189070953097163
2026-09-09,main,601177,,0.6866590731575105,0.03366902400286917,0.4901787047349373,0.04909158905086234,0.5113471227688892,0.03483999531571727,0.5241614107992117
2026-09-09,main,601179,,0.3504586440898514,0.03994045753124509,0.44952711855042854,0.05584626579613295,0.5093195974316703,-0.0030038493596328264,0.5198498373090588
2026-09-09,main,601186,,0.32161531814037897,0.009153336243383249,0.4460630393521831,0.013989524810682032,0.5091456366362581,-0.006250550591333691,0.519479791654009
2026-09-09,main,601187,,0.5275954501698222,0.026207457776426333,0.4708962273896673,0.035243054792390184,0.5103878995597371,0.01693526194420481,0.5221219224542137
2026-09-09,main,601198,,0.45464102436900217,0.0173669512651834,0.46207783528739654,0.02102619090202036,0.5099479264506436,0.0087232677892837,0.5211862615668951
2026-09-09,main,601208,,0.35113861885478975,0.07806297415429893,0.4496088438602321,0.10422415196571638,0.5093236984902826,-0.002927309126002406,0.5198585607889655
2026-09-09,main,601211,,0.3391920606135214,0.01921313312716218,0.4481734019122601,0.02554376938368642,0.5092516463172416,-0.004272053675381304,0.5197052951659838
2026-09-09,main,601212,,0.24147162377050096,0.050644754616161705,0.4364662693107378,0.07471532323167308,0.5086622599120774,-0.015271792859980596,0.5184514766180316
2026-09-09,main,601216,,0.3000317826848675,0.026955555983666828,0.4434742636624975,0.03493141092225687,0.5090154598716806,-0.008680065525590086,0.5192028715295793
2026-09-09,main,601218,,0.6652435946196799,0.029110278502863185,0.48757964275504806,0.03864549294836539,0.5112179827800512,0.03242939743015996,0.5238868703932947
2026-09-09,main,601222,,0.4311321550909466,0.023242973234158592,0.45924097262708996,0.031912726416093155,0.5098061459880674,0.006077030840928102,0.5208847217642234
2026-09-09,main,601225,,0.16510713665013932,0.03107473005379706,0.42736598625907884,0.04238485046518875,0.5082016619236988,-0.023867634921544863,0.5174715066101992
2026-09-09,main,601226,,0.5413311838962956,0.031341284715866925,0.4725587416252557,0.03948771675301129,0.5104707351598449,0.01848140206986782,0.5222980699108984
2026-09-09,main,601228,,0.3962649583485328,0.013198606066841236,0.45503839137991825,0.017442329515949238,0.5095958612925514,0.002152262566705483,0.52043746482422
2026-09-09,main,601229,,0.29166737075522814,0.013542156784085668,0.44247183496877546,0.019623798342972107,0.508965011269294,-0.009621591706100156,0.5190955516391913
2026-09-09,main,601231,,0.3848241453427239,0.055826881343686754,0.45366078245984215,0.07145555063083953,0.5095268607983666,0.0008644463924303916,0.5202907012863521
2026-09-09,main,601233,,0.3839453825146614,0.05349842793555265,0.45355499811150946,0.07059306429751325,0.5095215608916638,0.0007655299095933807,0.5202794283110633
2026-09-09,main,601236,,0.5018158286175418,0.013571689472626311,0.46777774409590916,0.01832162277951825,0.510232429777809,0.014033421525620836,0.5217913090034437
2026-09-09,main,601238,,0.5119162906777214,0.014538501556067918,0.46899928027075793,0.01834063170676533,0.5102933431140865,0.015170363314822952,0.5219208457254779
2026-09-09,main,601288,,0.3491427367246328,0.020808510855488502,0.4493689690450893,0.02931074536882277,0.5093116609376511,-0.003151972293546329,0.519832955337222
2026-09-09,main,601298,,0.2950884996214317,0.015628044013783014,0.4428817822518191,0.022510581743247743,0.508985645278763,-0.009236497999390733,0.5191394467706155
2026-09-09,main,601311,,0.6899899222760665,0.01835327052940891,0.4905830002255281,0.023491937815242846,0.5113672083771401,0.03521492683210237,0.5242041100391887
2026-09-09,main,601318,,0.21196030174847166,0.023838451371217474,0.43294401067625016,0.03551300248491914,0.5084842619158061,-0.01859368596363621,0.5180727802098025
2026-09-09,main,601319,,0.2339468123632958,0.021644588130438368,0.43556753850878077,0.03247132440751853,0.5086168741022336,-0.016118810797748507,0.518354918417657
2026-09-09,main,601326,,0.4550514752575177,0.018639810068235837,0.4621273875828823,0.025526030264723935,0.5099504018391251,0.008769469513995702,0.5211915261361879
2026-09-09,main,601328,,0.2773936408153332,0.015321346517470073,0.44076229316026555,0.021348932187027023,0.5088789211466891,-0.01122829048480567,0.5189124079661644
2026-09-09,main,601330,,0.4135387717237468,0.04832175523032059,0.4571196602924183,0.0683327756901966,0.5097000404031888,0.0040966607702872734,0.5206590478010767
2026-09-09,main,601333,,0.3324994795303859,0.015896444674077595,0.4473696286978893,0.022508508845479912,0.5092112818030754,-0.005025392984583668,0.5196194326125739
2026-09-09,main,601336,,0.36861800253396504,0.02535460886815955,0.45171059044392686,0.03167034381885275,0.5094291195833959,-0.0009597712415030449,0.5200828017810706
2026-09-09,main,601339,,0.6495652624139718,0.0399419436294947,0.485677279934811,0.05037706922262275,0.5111234380797787,0.030664591922901233,0.5236858694252514
2026-09-09,main,601360,,0.44637852130849004,0.035071302369823296,0.4610804929422554,0.045931141621576216,0.5098980960129578,0.007793212811903823,0.5210802831629745
2026-09-09,main,601366,,0.7530996889996775,0.014902868487783431,0.49824493744399323,0.018181116957021924,0.5117477644030597,0.04231877323708501,0.5250130671274487
2026-09-09,main,601375,,0.4899302916990149,0.016493263349781396,0.4663408190017319,0.020852033377659084,0.510160750716774,0.012695545740407752,0.5216388752451991
2026-09-09,main,601377,,0.3487116451348423,0.014688993246742282,0.44931716145084744,0.01889519319106641,0.5093090609391574,-0.003200497404624039,0.5198274247890747
2026-09-09,main,601388,,0.5117081763267665,0.030814802906402164,0.46897410740423584,0.041351336876316515,0.5102920880320635,0.01514693726746754,0.5219181767237223
2026-09-09,main,601390,,0.3663358887343145,0.012050086863966209,0.45143608633010374,0.01556060184843545,0.5094153558199072,-0.0012166536030305125,0.5200535252643375
2026-09-09,main,601398,,0.2729595478154339,0.01660299463353383,0.44023151282129047,0.023705674157211455,0.5088521773911852,-0.011727406822133354,0.5188555138759366
2026-09-09,main,601399,,0.4628836838629639,0.02093627605645043,0.463073084892891,0.025711140700630877,0.509997637016528,0.009651089108448384,0.5212919835485977
2026-09-09,main,601456,,0.4564702751900344,0.012155554917695913,0.4622986800775705,0.015305846245584329,0.5099589584766321,0.008929174379395367,0.5212097240640796
2026-09-09,main,601519,,0.4423168070627267,0.03313070867948611,0.4605903291199017,0.04197407808929807,0.5098736000952573,0.007336012672514977,0.5210281851797642
2026-09-09,main,601528,,0.42740190378574455,0.012433435663438186,0.4587910736267622,0.01772046728878546,0.5097836489392977,0.0056571412786644015,0.5208368737690083
2026-09-09,main,601555,,0.30313431583485995,0.020727987486065778,0.4438462026768543,0.028085103722163506,0.5090341722536813,-0.008330834018200166,0.5192426782436022
2026-09-09,main,601566,,0.5992239563671442,0.03850880940774053,0.47957209246166843,0.05270169461020836,0.5108198606678361,0.024998006154187027,0.523040427083369
2026-09-09,main,601567,,0.5507060253350333,0.024663127746267926,0.4736937839811987,0.03102659073546135,0.5105272713522833,0.01953666557517473,0.5224182899739891
2026-09-09,main,601568,,0.4058572517329318,0.026184744704963292,0.45619394823263637,0.03433528690576089,0.5096537129295766,0.0032320031902563495,0.5205605127073748
2026-09-09,main,601577,,0.2890861561772547,0.015642158707676837,0.4421625848367252,0.023761037982157406,0.5089494430526891,-0.009912141851540088,0.5190624329157614
2026-09-09,main,601579,,0.29016127797468233,0.06606697476676682,0.4422913875831181,0.09161238647174982,0.5089559274940102,-0.009791122546413782,0.5190762274736997
2026-09-09,main,601588,,0.7098261619710863,0.05805822670891736,0.4929909423255261,0.08387127448094246,0.5114868236421999,0.037447760311949796,0.524458389908171
2026-09-09,main,601595,,0.4212676034507265,0.03237490072629171,0.458051372934302,0.03670396745596013,0.5097466530471225,0.004966643917568965,0.5207581881662424
2026-09-09,main,601598,,0.4772164714982171,0.02520327459978861,0.46480437560998195,0.034487118858325505,0.5100840759988708,0.01126443561885436,0.5214758141716931
2026-09-09,main,601599,,0.6596654238997104,0.013752912387437134,0.48690275979505526,0.017333567811850775,0.5111843449520417,0.03180149987843903,0.5238153574383803
2026-09-09,main,601600,,0.1711696910909783,0.03563921930540971,0.4280867452138376,0.0503886432657134,0.5082382291832555,-0.02318521351824323,0.5175493111550907
2026-09-09,main,601601,,0.22721695345378642,0.030295046194131453,0.43476411169056917,0.044836673988826584,0.5085762829185086,-0.016876346223758446,0.5182685598672174
2026-09-09,main,601606,,0.41343048389234294,0.042450808107519444,0.4571066082820332,0.06028336656940547,0.5096993873172398,0.004084471529829603,0.5206576587444888
2026-09-09,main,601607,,0.40309011254722565,0.009669465838324842,0.4558605497290198,0.013381529532464959,0.5096370241908711,0.0029205247491688666,0.5205250166944755
2026-09-09,main,601608,,0.46050612118907064,0.016552236645627424,0.4627859785148701,0.023839306184022635,0.5099832982197916,0.009383462702419555,0.5212614886545924
2026-09-09,main,601609,,0.3580234450890777,0.04047024448733326,0.4504364749132735,0.054043442927972266,0.5093652221309419,-0.0021523300596469203,0.5199468863887683
2026-09-09,main,601611,,0.2613584843472562,0.022687271495731708,0.43884346409104774,0.03344575019494021,0.5087822065840613,-0.013033261324389925,0.5187066576854843
2026-09-09,main,601615,,0.5048585465115156,0.04428489813507469,0.4681456862924728,0.05649067478348445,0.5102507796731925,0.014375920027748804,0.5218303316564056
2026-09-09,main,601618,,0.31664927527874626,0.0135202604667792,0.44546713705523455,0.018332242351614448,0.5091156850541079,-0.00680954498413662,0.5194160776038528
2026-09-09,main,601619,,0.4253949314951746,0.032016627708878,0.45854904400236995,0.04231865412885695,0.50977154492512,0.005431229765574759,0.5208111301439948
2026-09-09,main,601628,,0.31658649950581885,0.024871291075326745,0.4454596052509665,0.03318401855798375,0.5091153064355871,-0.006816611235082898,0.5194152721901761
2026-09-09,main,601633,,0.5514930441750676,0.014568865144755362,0.4737890834313992,0.01647052230930003,0.5105320175588405,0.01962525504789321,0.5224283823418645
2026-09-09,main,601636,,0.459365320578424,0.04517866004034561,0.4626482280637069,0.056637511764964205,0.509976418181624,0.009255050370422895,0.5212468565576662
2026-09-09,main,601658,,0.3237147156582276,0.013469060569366951,0.44631500412715935,0.018866121264395398,0.5091582986653581,-0.006014235385557162,0.5195067266154759
2026-09-09,main,601665,,0.27763117942536863,0.019621437028073358,0.44079073140438596,0.027978197093633708,0.5088803538338602,-0.011201552344442471,0.5189154558232573
2026-09-09,main,601666,,0.2810048476815464,0.03633064931557247,0.44119467055574757,0.0484297723643769,0.5089007017153524,-0.010821800962723511,0.5189587431970285
2026-09-09,main,601668,,0.27722152567157776,0.01028332785937437,0.44074168768990885,0.015231901008331886,0.5088778830536397,-0.011247664341003948,0.5189101995564643
2026-09-09,main,601669,,0.3694694177990856,0.01963237007198213,0.4518130104856268,0.027582155438496365,0.5094342545902427,-0.0008639330918112156,0.5200937242831215
2026-09-09,main,601677,,0.3021421563521344,0.030262642941514407,0.44372725338462987,0.040229343835393325,0.5090281882213393,-0.008442514807726717,0.5192299484758524
2026-09-09,main,601678,,0.49903691708993253,0.05278594207258766,0.4674417334224858,0.08050730428705273,0.5102156708106949,0.013720617950357637,0.5217556694170474
2026-09-09,main,601688,,0.33915435595259646,0.022622307846983665,0.4481688728524603,0.02875395363982652,0.5092514189119934,-0.004276297838113452,0.5197048114368167
2026-09-09,main,601689,,0.46030273688104456,0.035995320481733206,0.46276141966092543,0.04544967043332009,0.5099820716325396,0.009360569084515241,0.5212588800165598
2026-09-09,main,601696,,0.35969239833575983,0.02520481964128921,0.4506371427489935,0.03138379467212629,0.5093752878724301,-0.0019644671005989156,0.5199682972421819
2026-09-09,main,601698,,0.34780091965414345,0.036676607901657304,0.4492077161769197,0.04950609357362787,0.5093035681723118,-0.0033030117105368254,0.5198157409192754
2026-09-09,main,601699,,0.2627917665028442,0.04079561643211275,0.43901490266508564,0.05548621800407218,0.5087908513196324,-0.012871926291527412,0.5187250486730076
2026-09-09,main,601700,,0.6254986815005336,0.046943172008054895,0.4827579380063456,0.06549552082589978,0.5109783083625968,0.027955577087671463,0.5233773136612452
2026-09-09,main,601702,,0.49935181357336705,0.029563876646343298,0.4674798074926609,0.03845076078880958,0.5102175698790766,0.013756063751664195,0.5217597079808002
2026-09-09,main,601717,,0.5042140546064611,0.02114021156044609,0.46806774787841543,0.02722754438341521,0.5102468929007627,0.014303373863494812,0.521822066113165
2026-09-09,main,601727,,0.3524294061115453,0.01904396301203211,0.44976398943291546,0.02434566202314957,0.5093314834730805,-0.002782013795508506,0.5198751204241548
2026-09-09,main,601728,,0.3762543534415279,0.019476617746506976,0.4526293418546162,0.03020371631762475,0.5094751754331671,-0.00010019804454523135,0.5201807651095072
2026-09-09,main,601766,,0.36977786559451103,0.017117723977420847,0.45185011587394636,0.023268263615372986,0.5094361148823798,-0.0008292131763937838,0.5200976812448781
2026-09-09,main,601777,,0.5373162330032337,0.033441395531116615,0.4720727246026749,0.04184164197546525,0.5104465223977822,0.01802946576985312,0.5222465826332251
2026-09-09,main,601778,,0.5609397163095509,0.03361737038864389,0.4749331200755019,0.04073055601980356,0.5105889866403062,0.020688604056541854,0.5225495206920059
2026-09-09,main,601788,,0.4250292011838487,0.016784256349201606,0.4585049410774112,0.021861567055635096,0.5097693392108847,0.005390061938593489,0.5208064388744948
2026-09-09,main,601789,,0.5320514295117837,0.03974481389166927,0.4714354910360416,0.05487152690438085,0.510414772138365,0.0174368418813911,0.5221790666705051
2026-09-09,main,601799,,0.632929490371324,0.037343565822772214,0.4836591990992761,0.040236523575831705,0.5110231188811467,0.02879201378556101,0.5234725853997025
2026-09-09,main,601800,,0.4134688462365277,0.011346702814849261,0.4571112321162986,0.015919800208094505,0.5096996186812633,0.0040887897235890105,0.5206581508355222
2026-09-09,main,601801,,0.6770098684996243,0.018276289780745875,0.4890075672957613,0.024564700497499727,0.5112889361546298,0.033753848568890174,0.5240377125095135
2026-09-09,main,601808,,0.29337569736921515,0.022351262612331377,0.44267653069488444,0.03473329454028857,0.5089753147807913,-0.0094292967491491,0.5191174705292336
2026-09-09,main,601816,,0.3810982292820469,0.01631930797775404,0.4532122902915762,0.021534119924067875,0.5095043894104251,0.00044504481978910326,0.520242904221053
2026-09-09,main,601818,,0.34453484856772276,0.008856432559254945,0.44881526076210915,0.01242952189077664,0.5092838698283276,-0.0036706515949829002,0.5197738396961415
2026-09-09,main,601825,,0.38044956796664176,0.019486184855206846,0.4531342180344416,0.025447886562578653,0.5095004772625239,0.0003720293327619875,0.5202345829792562
2026-09-09,main,601828,,0.4214825094649149,0.022236279865640272,0.4580772841326995,0.02915295808072384,0.5097479491445385,0.0049908344572517915,0.5207609448157828
2026-09-09,main,601838,,0.1800647573028636,0.015256463785732567,0.4291448047903854,0.022885782818275073,0.5082918810275681,-0.022183955117017935,0.5176634655501596
2026-09-09,main,601857,,0.24748969319405711,0.02352850462632381,0.43718534211658294,0.03607240410159466,0.5086985577229727,-0.014594378838998789,0.5185286993497622
2026-09-09,main,601858,,0.5921708555578217,0.04854713115882682,0.47871716656006724,0.07070474031058037,0.5107773271182491,0.024204085538892778,0.5229499907763305
2026-09-09,main,601860,,0.5009396965225186,0.014070833951434793,0.4676718038602912,0.018912928099265373,0.5102271460320229,0.013934801166892871,0.5217800726187343
2026-09-09,main,601865,,0.5266750648484646,0.026314911676503183,0.47078485056940556,0.03263145951823453,0.5103823490043199,0.01683166029432137,0.5221101192083792
2026-09-09,main,601866,,0.22292077041469335,0.02176259409883334,0.4342514018652517,0.037884573400059116,0.5085503704059886,-0.01735993895467549,0.5182134300364195
2026-09-09,main,601868,,0.33190004929326616,0.029981219932900004,0.4472976509996688,0.04478503489326835,0.5092076664939337,-0.00509286685679191,0.5196117421581627
2026-09-09,main,601869,,0.06341436264344008,0.07232896544364649,0.4153242615994369,0.10540801321055747,0.5075882730375674,-0.035314513662263305,0.516166296437908
2026-09-09,main,601872,,0.044885616113767526,0.046001734757532255,0.41314062991335365,0.0659198120900545,0.5074765091188258,-0.03740017133867497,0.5159284587178111
2026-09-09,main,601877,,0.23252952849433928,0.030358967342513653,0.4353983114630332,0.04410172143487356,0.5086083257556406,-0.016278345009963554,0.5183367317112386
2026-09-09,main,601878,,0.475904625185792,0.012023986535659588,0.46464587874137375,0.015234983410419524,0.5100761644672889,0.011116769810624962,0.5214589888285768
2026-09-09,main,601880,,0.4347953886604194,0.015253798781409669,0.459682853412523,0.01971667287506914,0.5098282388159577,0.0064893766627258445,0.5209317097489246
2026-09-09,main,601881,,0.42622205959166254,0.016753153408543144,0.45864878865822656,0.020776676558826777,0.509776533321343,0.005524334070339962,0.5208217398083844
2026-09-09,main,601882,,0.4401849974439395,0.031615982331915975,0.4603330947945875,0.04229198950281564,0.5098607432799048,0.00709604905225867,0.5210008411277828
2026-09-09,main,601886,,0.37424421711028955,0.05014185834580655,0.4523874649901967,0.06015031409703318,0.5094630520486931,-0.00032646571263423435,0.5201549781202526
2026-09-09,main,601888,,0.35538155970150415,0.0197800697299174,0.45011885884530606,0.02479779861508745,0.5093492884543638,-0.0024497095143212327,0.5199129937253144
2026-09-09,main,601890,,0.2211946288760735,0.01965130032024743,0.4340454423435489,0.028557276631822635,0.5085399591363938,-0.017554239219122962,0.5181912795770685
2026-09-09,main,601898,,0.24651768633247972,0.03817438471008784,0.4370691833062496,0.05442077406591311,0.5086926950980253,-0.014703791182091027,0.5185162268008923
2026-09-09,main,601899,,0.18181510309302876,0.027166305781302698,0.4293530833309755,0.03902079189785964,0.5083024384622051,-0.021986930341068488,0.5176859283101167
2026-09-09,main,601900,,0.4816945463594381,0.017781002160541706,0.46534546859807446,0.025736519886291043,0.5101110825013886,0.011768502701584145,0.5215332482350427
2026-09-09,main,601901,,0.41114011418907825,0.013098556452844657,0.4568305621934459,0.017342346849568334,0.5096855740467076,0.0038266598561805115,0.5206282790701253
2026-09-09,main,601908,,0.5722662742803963,0.03251448289689389,0.47630516569224135,0.04254798735829265,0.5106572921946834,0.021963559301970054,0.522694762051113
2026-09-09,main,601916,,0.3917156237887804,0.013533046979382487,0.4544905141858875,0.0175313535917134,0.5095684239213274,0.0016401742539900177,0.5203791060679477
2026-09-09,main,601918,,0.32215058845455885,0.04376962053948843,0.4461272786149445,0.06027513058836742,0.5091488649960985,-0.006190298774626242,0.5194866591041968
2026-09-09,main,601919,,0.21212535009502254,0.01806211205575332,0.4329636911663542,0.02674206005861774,0.5084852574134907,-0.01857510756976528,0.5180748982081685
2026-09-09,main,601921,,0.5140008554593576,0.016212266739244002,0.46925143144552744,0.022624656380509596,0.5103059145599306,0.01540500889820521,0.5219475795507016
2026-09-09,main,601928,,0.5197082147701433,0.012119274632209225,0.46994187966317147,0.01588552712009411,0.5103403340320304,0.016047448349763196,0.5220207738239527
2026-09-09,main,601929,,0.5589565374540488,0.03422586218891306,0.4746929255168164,0.042307233993167374,0.5105770269087565,0.02046537081207757,0.5225240898378826
2026-09-09,main,601933,,0.3103932978872208,0.02880974223027219,0.4447166718534119,0.03554825129084345,0.5090779534258387,-0.007513738721645936,0.51933581286773
2026-09-09,main,601939,,0.25630021224418725,0.019549404043986113,0.4382385480489873,0.028353637027067037,0.5087516979471406,-0.013602637349057863,0.5186417526708514
2026-09-09,main,601949,,0.4368429092911094,0.060443233866062866,0.4599298650628555,0.07122321390023369,0.5098405873213933,0.006719852432588151,0.5209579729601967
2026-09-09,main,601952,,0.3818446046157587,0.036940421526884856,0.45330212616240456,0.0515484545100479,0.5095088908809021,0.0005290593235088986,0.5202524789566827
2026-09-09,main,601958,,0.37953305148119365,0.05034418183295322,0.45302391091548405,0.07394177729800683,0.5094949496485807,0.0002688631719873491,0.5202228255836494
2026-09-09,main,601963,,0.510370652100019,0.025338778993415016,0.4688123283951099,0.03823591537269687,0.5102840217778681,0.014996381067325502,0.5219010233620847
2026-09-09,main,601965,,0.6151422393163336,0.026195957305282902,0.4815020237727219,0.03543404444040538,0.5109158549018081,0.0267898213196167,0.5232445290149825
2026-09-09,main,601966,,0.5311247179935685,0.013121853715235672,0.47132333466148907,0.0175732345007676,0.5104091834441273,0.01733252813363221,0.5221671824164408
2026-09-09,main,601969,,0.338677134195134,0.03035580527433212,0.44811155002293457,0.041986058833659655,0.5092485406804435,-0.004330015515140784,0.5196986889522742
2026-09-09,main,601975,,0.11953635591556647,0.05178083469149694,0.4219582817806836,0.07916758763342316,0.5079267917432891,-0.028997234406697655,0.5168866414842065
2026-09-09,main,601985,,0.31526853994269205,0.014015816728318179,0.44530148294357463,0.02014710478921616,0.5091073574446239,-0.00696496517125627,0.5193983627349851
2026-09-09,main,601988,,0.28319503658316025,0.019368726511340927,0.4414569499775849,0.026829219912052383,0.5089139115651611,-0.010575265975150155,0.5189868452522824
2026-09-09,main,601990,,0.45610243991538124,0.01237541119974889,0.4622542702666753,0.01667715980599908,0.5099567401002136,0.0088877696107022,0.5212050061105581
2026-09-09,main,601991,,0.24776211163061496,0.07134258639153335,0.437217898474664,0.10468627337720131,0.5087002008046918,-0.014563714508711089,0.5185321949508441
2026-09-09,main,601992,,0.5604383185677317,0.019123760681100443,0.4748723917199303,0.023815869091338936,0.5105859629190187,0.02063216504986183,0.5225430911403259
2026-09-09,main,601995,,0.42740108780622726,0.01226507561731132,0.45879097522024076,0.015285145702461561,0.5097836440181421,0.005657049429280997,0.5208368633023837
2026-09-09,main,601996,,0.603831405440388,0.04337210763116037,0.4801306390650741,0.06072655453852953,0.5108476456906946,0.02551663603089767,0.5230995039261871
2026-09-09,main,601997,,0.35315742284835927,0.01267071792447678,0.44985149737752195,0.018288662160547153,0.5093358742781235,-0.0027000657968535152,0.5198844602023802
2026-09-09,main,601998,,0.24935781328419368,0.02101499986796689,0.4374086094706834,0.029948114383535233,0.5087098252163895,-0.014384096993963421,0.5185526705345409
2026-09-09,main,601999,,0.684338157930009,0.04242652071861518,0.4898970016810595,0.05660462742109359,0.5113331272186418,0.03457874533570446,0.5241316580219427
2026-09-09,main,603000,,0.42897309024870084,0.02388252155662303,0.4589805634955593,0.030544202015575825,0.5097931247288975,0.005833999281567678,0.5208570274504182
2026-09-09,main,603001,,0.6821018897416629,0.05381816832004446,0.4896255788009207,0.0775473983242979,0.5113196420889671,0.034327023509510224,0.5241029902082209
2026-09-09,main,603002,,0.45676877481947514,0.08290394057830411,0.4623347192363171,0.1128106637215204,0.509960758696672,0.008962774495979188,0.5212135526973075
2026-09-09,main,603005,,0.3127406994706451,0.058062185682603774,0.44499823608606126,0.07761116566827042,0.5090921113030796,-0.007249507348830224,0.5193659303521998
2026-09-09,main,603007,,0.7980382269443504,0.05314695250996332,0.5037014820657294,0.08610827968395603,0.5120187384545162,0.04737720535935122,0.5255890210079499
2026-09-09,main,603009,,0.368242772562717,0.04765563843747244,0.4516654538746444,0.06288825339845837,0.5094268565173125,-0.001002008381975554,0.5200779880838204
2026-09-09,main,603010,,0.7374456156954132,0.055044732097359765,0.49634421434337256,0.0712455927633528,0.5116533705688606,0.04055669839290359,0.5248124212998776
2026-09-09,main,603011,,0.29956057430070626,0.07289260943534241,0.44341777961850776,0.09576978990103166,0.5090126178591314,-0.008733106317207674,0.5191968257203368
2026-09-09,main,603012,,0.5642453963231832,0.05095551023093904,0.4753335163230559,0.06963067870811812,0.5106089218024804,0.021060702454301874,0.5225919100864576
2026-09-09,main,603013,,0.8107304020164305,0.02858530011444299,0.5052424929119862,0.03861756937523407,0.5120952694917725,0.048805879032826766,0.525751677755084
2026-09-09,main,603016,,0.7759644225392577,0.04568028051791208,0.5010212574519087,0.06156083218445889,0.511885636906035,0.04489250411248792,0.5253061209439198
2026-09-09,main,603019,,0.4025745755575597,0.044217623995640574,0.45579843966572026,0.05940156992327031,0.5096339149621307,0.002862494181464302,0.5205184035211552
2026-09-09,main,603020,,0.7460513709987029,0.05351183795167154,0.49738911862204954,0.07249721629547415,0.5117052632513861,0.0415253909906939,0.5249227264228213
2026-09-09,main,603025,,0.5445533871323893,0.027426723716668298,0.47294883278821237,0.03636193778925911,0.510490167103023,0.018844104042370656,0.5223393907393052
2026-09-09,main,603026,,0.3832911572742572,0.05731663674551897,0.45347624603444675,0.07941140424422306,0.5095176151922697,0.0006918881285605319,0.5202710357431055
2026-09-09,main,603027,,0.5182887854215555,0.019526776867307992,0.4697701532396987,0.02872514219357708,0.510331773863659,0.015887672635185576,0.5220025703798676
2026-09-09,main,603029,,0.7694214860692462,0.049754959868197224,0.5002267889863832,0.0651409972611495,0.5118461837095197,0.044156009301406146,0.5252222628925394
2026-09-09,main,603030,,0.617502753106411,0.026518593073549528,0.48178826066408775,0.031079287904095594,0.5109300897678041,0.027055528646265398,0.5232747945235698
2026-09-09,main,603031,,0.32532906234955083,0.053782685368281916,0.4465087730068628,0.07319673163602097,0.5091680352149315,-0.005832519123005024,0.5195274383690485
2026-09-09,main,603032,,0.6706336519092625,0.05580635766835078,0.488233742400673,0.07445524262719395,0.5112504861383763,0.03303612030503515,0.5239559707763619
2026-09-09,main,603036,,0.7309516285740386,0.03291630838648056,0.49555574000079616,0.04525153332075966,0.5116142116767348,0.03982571348420924,0.5247291823717828
2026-09-09,main,603038,,0.6746075362304093,0.04103274413104579,0.4887160111346233,0.05513915431401597,0.511274449567852,0.033483434014373176,0.5240069152745228
2026-09-09,main,603039,,0.5744003292562154,0.05329611461258632,0.4765637156860009,0.07494356022745977,0.5106701617093938,0.022203775667123185,0.522722126779896
2026-09-09,main,603042,,0.5574813765159871,0.050991865023929786,0.4745142676109824,0.06655773779057987,0.5105681308153263,0.020299321763401545,0.5225051733630872
2026-09-09,main,603045,,0.6520563291578456,0.07526748789895255,0.4859795123581546,0.10509570586680649,0.5111384599578742,0.030944994726646968,0.5237178061698745
2026-09-09,main,603049,,0.45652233581392054,0.018190170095737843,0.4623049655548044,0.025358653339172248,0.5099592724488275,0.008935034497330109,0.521210391807247
2026-09-09,main,603051,,0.5602592798471951,0.031923362961014924,0.4748507070653503,0.037308579454735875,0.5105848832107561,0.020612011852706044,0.5225407952791402
2026-09-09,main,603052,,0.6372570254917749,0.06351568621182219,0.4841841225482073,0.07889705901193605,0.5110492154326702,0.029279135611608748,0.5235280687200307
2026-09-09,main,603058,,0.7517312838113859,0.04431290600041716,0.498078782385896,0.05486556524297117,0.511739512973012,0.04216474097263412,0.5249955279376027
2026-09-09,main,603059,fusion,0.9163290362966252,0.03246840094270544,0.5299197839849481,0.031179190683183977,0.510342996131733,0.060692414468581826,0.5220610907421687
2026-09-09,main,603061,,0.4852184321104335,0.071532384821816,0.4657713227972423,0.0987028692808857,0.5101323344113207,0.012165163066903045,0.5215784438362014
2026-09-09,main,603063,,0.5584784488361292,0.058204011860606676,0.4746350231150232,0.07360662470419953,0.5105741437521998,0.020411555558338068,0.522517959157072
2026-09-09,main,603065,,0.7147928163462368,0.10051587775246082,0.4935939050280818,0.1580840433816771,0.5115167730486676,0.03800682353875942,0.5245220552484
2026-09-09,main,603066,,0.7089135520111328,0.031868796347665686,0.4928801516461886,0.03797822715608704,0.5114813205068596,0.03734503388274972,0.5244466914792221
2026-09-09,main,603067,,0.14682123542408299,0.06349727331940488,0.42519390903451637,0.09042423299186889,0.5080913670775635,-0.025925957118416318,0.5172368271113968
2026-09-09,main,603068,,0.6397081770805582,0.03657428094943003,0.4844814590763279,0.04919948253299611,0.5110639967080072,0.029555045432006335,0.5235594946728067
2026-09-09,main,603069,,0.7031191759285289,0.023426472163957955,0.4921767322353071,0.03036145070229718,0.5114463797365388,0.036692799532339365,0.5243724147666693
2026-09-09,main,603075,,0.6434570998062143,0.04299301617003061,0.4849362426928212,0.0580254777023862,0.5110866039459765,0.029977036711800548,0.5236075588498114
2026-09-09,main,603077,,0.1681324306489256,0.03518533183220761,0.4277256160622539,0.053324334285822145,0.5082199094757203,-0.023527097711331203,0.5175103322023572
2026-09-09,main,603078,,0.5785541455410654,0.04959919322220398,0.4770670043972839,0.06700077509466341,0.5106952114451311,0.022671343120055157,0.5227753902723171
2026-09-09,main,603079,,0.811747598690532,0.0530019411559782,0.5053659911550243,0.07625385648785576,0.5121014029405472,0.048920378092348296,0.525764713417205
2026-09-09,main,603082,,0.47552257339964255,0.051213771896217446,0.4645997207030753,0.06747541616353706,0.5100738603742037,0.011073764783852462,0.5214540887390305
2026-09-09,main,603083,,0.1958518277305174,0.08543678152804986,0.4310242512974337,0.1182017119026229,0.5083871024946282,-0.02040690967183586,0.5178660635951955
2026-09-09,main,603086,,0.7414702000464242,0.04053175953061769,0.4968328729021988,0.06120830003497538,0.5116776388335651,0.041009719067162914,0.5248640071113772
2026-09-09,main,603087,,0.40453531026514017,0.03438036551964991,0.4560346693238339,0.04359452788305536,0.5096457402448514,0.0030832010375769353,0.5205435552734903
2026-09-09,main,603088,,0.6267947603750359,0.04263510253853444,0.4829151277148862,0.05389985633592634,0.5109861242090282,0.028101468060356086,0.5233939310445387
2026-09-09,main,603090,,0.6194783337415587,0.04830479424872178,0.482027829595963,0.06323259157427996,0.5109420033154228,0.02727790660963532,0.52330012445081
2026-09-09,main,603093,,0.5837490499280059,0.04809864210357985,0.4776964998595333,0.07268745500120691,0.5107265394238097,0.02325609893154494,0.5228420026843286
2026-09-09,main,603095,,0.8160166885713824,0.06212181669456202,0.5058842956985183,0.09240689941253942,0.5121271444754143,0.04940092112676393,0.525819422624272
2026-09-09,main,603098,,0.7194625220183735,0.03669460574243547,0.49416083453841614,0.04500792411670273,0.5115449317503094,0.03853246122645071,0.5245819134079032
2026-09-09,main,603099,,0.5493419129904834,0.027448581994395004,0.47352860930716917,0.03361590275920077,0.5105190449132668,0.019383116527572276,0.5224007971809018
2026-09-09,main,603101,,0.5531932025137257,0.021268523534424003,0.4739949606858589,0.027129369096346855,0.5105422705504369,0.019816630556455488,0.5224501843284536
2026-09-09,main,603102,,0.8226208555413326,0.044443870140418076,0.5066860735399362,0.06263525493972252,0.5121669658092061,0.050144308247696404,0.5259040550712113
2026-09-09,main,603103,,0.5007522963675297,0.03123342363354384,0.4676491441661193,0.038069703055918946,0.5102260158656418,0.013913706778711385,0.5217776692108973
2026-09-09,main,603105,,0.7239174083623674,0.027933134192850324,0.4947016977461701,0.03953202429913596,0.5115717950057944,0.03903391813213038,0.5246390172688329
2026-09-09,main,603106,,0.747255033126083,0.03852845600885896,0.49753526839077533,0.05186197956535223,0.5117125213108571,0.0416608792252464,0.5249381542880187
2026-09-09,main,603108,,0.7195223711950185,0.04661194470471203,0.49416810067817984,0.06195000172030766,0.511545292645194,0.03853919804993182,0.5245826805740638
2026-09-09,main,603110,,0.6198853228416835,0.05956039530591702,0.4820771841893585,0.0824077375821463,0.510944457622217,0.027323718663868554,0.5233053426508188
2026-09-09,main,603112,,0.4475621306921226,0.03638058021716908,0.46122334400529574,0.04717548597704466,0.5099052342703511,0.007926443842556266,0.5210954647606509
2026-09-09,main,603113,,0.8039209248006562,0.05157860984008717,0.5044157359006727,0.07630284874390245,0.5120542099050923,0.04803938150399037,0.5256644114818741
2026-09-09,main,603115,,0.3383509609878403,0.10158197533986423,0.4480723716067204,0.14703746470821544,0.5092465734562555,-0.004366730662198497,0.5196945043315752
2026-09-09,main,603118,,0.41490034944369936,0.06943071612456476,0.457283777254678,0.08907552560194433,0.5097082521012135,0.0042499245120683204,0.5206765133419865
2026-09-09,main,603119,,0.3626916959432297,0.04765535962427441,0.45099780584986604,0.06331443492613062,0.5093933771283915,-0.0016268561311334473,0.5200067747811927
2026-09-09,main,603120,,0.5222750488869252,0.05626951742946103,0.47025244028153,0.07347722457183123,0.5103558138517065,0.01633637978239779,0.5220536919896296
2026-09-09,main,603121,,0.7242476049328695,0.049795161277483915,0.4947417870842465,0.0662577872359906,0.5115737861100121,0.03907108616240644,0.5246432497864343
2026-09-09,main,603122,,0.441890822411716,0.03496000323396014,0.46053892609564795,0.046886198845190095,0.5098710310085397,0.007288062415545832,0.5210227212185953
2026-09-09,main,603123,,0.44043618910617405,0.05260000778417495,0.4603634036841475,0.06654416688645119,0.5098622582023619,0.007124324025838291,0.5210040630908317
2026-09-09,main,603124,,0.4548193696011731,0.06777619600183847,0.4620993661894686,0.08908241672755111,0.5099490020330589,0.008743342925069758,0.521188549078255
2026-09-09,main,603125,,0.5745393962872838,0.049117116526261904,0.47658056469597315,0.06949422758241136,0.5106710003589015,0.0222194295172322,0.5227239100148794
2026-09-09,main,603127,,0.3976970966252133,0.060912915619856026,0.4552108866473732,0.08585829213020724,0.5096044986118409,0.0023134688407326146,0.5204558361448498
2026-09-09,main,603128,,0.46857360326048825,0.0083594484992302,0.4637602792639986,0.014390150940721384,0.5100319521745138,0.010291565465044103,0.5213649624685325
2026-09-09,main,603129,,0.4123523205453985,0.040756532660306946,0.4569766596915194,0.05402856655705707,0.5096928848920003,0.003963109857717605,0.5206438286421878
2026-09-09,main,603131,,0.7503407303384153,0.03493547585695517,0.49790993846454445,0.04794768175917983,0.5117311279831152,0.042008215623187656,0.5249777048045071
2026-09-09,main,603132,,0.45854905556259884,0.0406748997949031,0.46254966843595574,0.054325779422963266,0.5099714953782368,0.009163168850347285,0.5212363869854684
2026-09-09,main,603136,sniper,0.9610086091021385,0.04228122672228268,0.5007351880941721,0.051554096419038076,0.5101522632182772,0.06572169660870832,0.5309581280533551
2026-09-09,main,603137,,0.7766881567969657,0.13875682211006374,0.5011091358003068,0.19904560854076336,0.5118900009359423,0.044973970060972535,0.5253153966524322
2026-09-09,main,603138,,0.5859396326857839,0.04448614355927792,0.4779619663110553,0.05773706059705937,0.5107397497533342,0.023502678252885323,0.5228700915047997
2026-09-09,main,603139,,0.5802260762649697,0.05146018118128268,0.4772695936897281,0.0681050047570295,0.5107052940672273,0.02285954123389708,0.5227968289340953
2026-09-09,main,603150,,0.5312063555193548,0.04918610295358878,0.4713332148249724,0.06278274034533235,0.5104096757734637,0.017341717526561017,0.5221682293463784
2026-09-09,main,603151,,0.5951415599615624,0.06663464922717283,0.4790772389698271,0.09689744305625361,0.5107952418965706,0.024538477961720165,0.5229880819420435
2026-09-09,main,603155,,0.7300954097712983,0.04764536355565674,0.49545178285031205,0.07041119357392661,0.5116090486469586,0.03972933463225811,0.5247182073882322
2026-09-09,main,603156,,0.25627025844643625,0.06300676761108126,0.4382349664353676,0.0913064978189276,0.5087515172825767,-0.013606009048709376,0.5186413683180269
2026-09-09,main,603158,,0.6224370924313047,0.06994940744323905,0.48238663910749396,0.0945083688778206,0.5109598457997933,0.027610954382944544,0.5233380599812835
2026-09-09,main,603159,,0.7017097154751977,0.04179725669911624,0.4920056326544331,0.058317639732531235,0.5114378805070531,0.036534145949951524,0.5243543470691434
2026-09-09,main,603160,,0.6285728588911829,0.04062432992761976,0.4831307827301031,0.051367071410226596,0.5109968468076969,0.028301616775957494,0.5234167284497975
2026-09-09,main,603161,,0.6185741681331449,0.03865011784497755,0.48191818485449445,0.05216572931518197,0.510936550833862,0.0271761307048856,0.5232885316971171
2026-09-09,main,603162,,0.21100311631623128,0.06430020908535242,0.43282987933236716,0.09575138089624961,0.5084784886007726,-0.018701429957073898,0.5180604970252886
2026-09-09,main,603163,,0.5065663049550073,0.06120245856421032,0.46835221304806296,0.0824022332200279,0.5102610787390451,0.014568151029528735,0.5218522334272208
2026-09-09,main,603165,,0.7239722467086745,0.0474416732668088,0.49470835569373167,0.06407361074602881,0.5115721256841865,0.03904009091979056,0.524639720196627
2026-09-09,main,603166,,0.7436864343358152,0.03501875519104962,0.497101967148054,0.04556179060212254,0.5116910027144349,0.041259185810689936,0.5248924138542366
2026-09-09,main,603169,,0.7074740246912953,0.035145694754237074,0.4927053947231152,0.044894670907407806,0.5114726399980143,0.03718299587331311,0.5244282386257839
2026-09-09,main,603171,,0.6073983619069856,0.05163485038429419,0.48056308419750643,0.07459023649604393,0.5108691560217561,0.025918144580009267,0.5231452390994819
2026-09-09,main,603175,,0.4004186031457707,0.03672696317366827,0.4555387106949191,0.05005039221861375,0.5096209121792402,0.0026198107164183276,0.5204907471945006
2026-09-09,main,603178,,0.6889067405608673,0.07581747770671915,0.4904515232192787,0.09742767853212117,0.5113606766041846,0.03509300027567633,0.5241902244186982
2026-09-09,main,603179,,0.45055842067070223,0.050609222613800825,0.4615849978143048,0.0628913510051259,0.5099233046472922,0.00826371626325522,0.5211338965806191
2026-09-09,main,603181,,0.6512685866777776,0.033647900699119646,0.48588393719664374,0.045786363852728856,0.5111337096371048,0.03085632379858616,0.5237077069309564
2026-09-09,main,603183,,0.6417984282783449,0.033933781278496236,0.4847350253312304,0.0476359759096188,0.5110766016163107,0.029790331097407988,0.5235862934128462
2026-09-09,main,603185,,0.5603737713843051,0.03602534311038744,0.4748645739399045,0.0458359478378679,0.5105855736617395,0.020624899403025504,0.5225422634347158
2026-09-09,main,603186,,0.08937631698599403,0.1158528297169456,0.41838948880574106,0.17245080401555307,0.5077448721935562,-0.032392149255017356,0.5164995355650224
2026-09-09,main,603187,,0.6559241248348784,0.01899609104701923,0.4864487987320655,0.02535084888676824,0.511161783883644,0.031380366743403554,0.5237673928962585
2026-09-09,main,603188,,0.6554403893748726,0.03417053730410406,0.4863901049434479,0.04522404477993118,0.511158866821672,0.0313259158622337,0.5237611912349458
2026-09-09,main,603191,,0.4698899157887467,0.034162076735743174,0.4639192753050875,0.04446166455484902,0.5100398906693606,0.010439734005464399,0.5213818453664221
2026-09-09,main,603192,fusion+sniper,0.9372384963495046,0.06629379203687666,0.5205921563838575,0.06954508288305432,0.5128580540266489,0.06304605322115868,0.527372639699831
2026-09-09,main,603193,,0.6282930231442792,0.035993477790625034,0.48309684269462083,0.048576356241625936,0.5109951592942169,0.02827011752841102,0.5234131406185437
2026-09-09,main,603195,,0.38245897688888775,0.015531873642839818,0.4533760760496949,0.021233006737306423,0.5095125962254666,0.0005982151212620829,0.5202603603047067
2026-09-09,main,603197,,0.6267059260229767,0.026196772270920436,0.48290435368984114,0.035008672335453156,0.5109855885044157,0.028091468568593125,0.5233927920765603
2026-09-09,main,603198,,0.5045502061314077,0.039731962294283954,0.46810839849233066,0.05141182318514485,0.5102489201482251,0.014341212203358746,0.5218263772238309
2026-09-09,main,603199,,0.658265258640302,0.018182323376887334,0.4867328642280685,0.02487940256307751,0.5111759015734997,0.03164389259416574,0.5237974069639266
2026-09-09,main,603200,,0.6344451544220036,0.040537427744200806,0.48384304280707924,0.054481084263541965,0.5110322588727375,0.0289626220000508,0.5234920177918777
2026-09-09,main,603203,,0.4623918366620069,0.07372224685772563,0.4630136890835378,0.10094987044518275,0.5099946707461073,0.009595725142588371,0.5212856750724889
2026-09-09,main,603207,fusion,0.8943243150165248,0.05337607459212408,0.5250740875538616,0.064896007576508,0.5102337680942572,0.05821548944930738,0.5226405255202609
2026-09-09,main,603209,,0.4915123421848738,0.025165054130864513,0.46653205237481665,0.03574654974435858,0.510170291739732,0.012873626634062281,0.5216591655083844
2026-09-09,main,603211,,0.7247198045531187,0.056900359107177015,0.4947991172041108,0.07998333922833446,0.5115766335001087,0.03912423853087314,0.5246493025179023
2026-09-09,main,603212,,0.6185569138410902,0.04052673864761107,0.48191609250869494,0.05047257316297104,0.5109364467835296,0.027174188504067137,0.5232883104710755
2026-09-09,main,603214,,0.7522545886245389,0.02282835093884365,0.49814232327023433,0.02689133026471051,0.5117426684814319,0.04222364591252889,0.5250022352729095
2026-09-09,main,603216,,0.7374416790182505,0.03720466482361976,0.4963437363616299,0.04787049504758435,0.5116533468306498,0.04055625526735644,0.5248123708405724
2026-09-09,main,603217,,0.7320152211273869,0.05011889888365408,0.4956848758105928,0.0715868477411891,0.5116206251741379,0.03994543501906389,0.5247428154317622
2026-09-09,main,603220,,0.46879068019477793,0.05290195809933339,0.4637864992579387,0.06698174586216021,0.5100332613351773,0.010316000370753899,0.5213677466797758
2026-09-09,main,603221,,0.7725477146613853,0.17005542987394212,0.5006063880535043,0.28218466152323785,0.5118650345469437,0.04450790804701048,0.5252623306208737
2026-09-09,main,603222,,0.6894357421548069,0.05523912564255978,0.49051573346891925,0.07230242893197107,0.5113638665757114,0.035152546464268575,0.5241970058481961
2026-09-09,main,603223,,0.6433045719398307,0.04248711707005498,0.4849177389721165,0.06322896740719974,0.511085684153623,0.02995986766505039,0.5236056033295363
2026-09-09,main,603225,,0.4572884652014181,0.04736826900275018,0.46239746465573817,0.05998707745578022,0.5099638928943857,0.009021272583408943,0.5212202183742235
2026-09-09,main,603226,,0.7027698820452613,0.054073439416290614,0.49213432999562146,0.07862272192107786,0.5114442734497,0.03665348184466988,0.524367937217947
2026-09-09,main,603227,,0.6347010836650842,0.02464636103008124,0.4838740863863915,0.032716101698163455,0.5110338022160829,0.02899143025157469,0.5234952990643883
2026-09-09,main,603228,,0.061982605031569035,0.06158548074247984,0.4151554077348063,0.08055503026725314,0.5075796368169373,-0.0354756770873864,0.5161479184459778
2026-09-09,main,603230,fusion,0.9168547532432242,0.05597290164887436,0.5300354876864458,0.06567189954390412,0.510345605697413,0.06075159092628435,0.5220472466768411
2026-09-09,main,603232,,0.7437368554627497,0.047909918324949154,0.4971080892804432,0.0699032599454496,0.5116913067533654,0.04126486138136472,0.5248930601287944
2026-09-09,main,603233,,0.49580128693915015,0.027481410922746405,0.46705053607886055,0.03714871701673134,0.5101961574511832,0.013356404599432839,0.5217141721276806
2026-09-09,main,603236,,0.47165982058909484,0.04342996251326803,0.4641330718485569,0.05829391854543087,0.5100505647071196,0.010638960409012653,0.5214045459181688
2026-09-09,main,603256,,0.4000107264559169,0.08124159842757094,0.45548957670025436,0.1145910157312906,0.509618452252029,0.0025738987521167628,0.5204855150304072
2026-09-09,main,603257,,0.38877807868200276,0.03864194615555749,0.4541368035477492,0.05555148640454848,0.5095507073401632,0.0013095143525258396,0.5203414230130957
2026-09-09,main,603258,,0.7867916132946808,0.03517902368541308,0.5023359232702814,0.04728506610540711,0.5119509233652081,0.04611124891407817,0.5254448853343652
2026-09-09,main,603259,,0.3339739884386256,0.03992490160057835,0.44754669247216633,0.05703154836543549,0.5092201749198172,-0.004859417330565052,0.519638349942925
2026-09-09,main,603260,,0.4018690057953862,0.03432327408351263,0.45571343735851216,0.04380444796818154,0.5096296596352584,0.002783072889345886,0.5205093526456042
2026-09-09,main,603261,,0.6533722930574417,0.09862228015589135,0.48613917781289184,0.14507353400246364,0.511146395605966,0.031093124024259067,0.5237346774191469
2026-09-09,main,603262,,0.8629736140397097,0.031179284078481383,0.5115841942580346,0.04087095930100699,0.5124102786136648,0.05468654969893255,0.526421143451533
2026-09-09,main,603267,,0.5208892725688651,0.03596443278492395,0.4700847726747002,0.04632482859606988,0.5103474566458209,0.016180392165484628,0.5220359202321528
2026-09-09,main,603268,,0.08365380740424148,0.04041139693152944,0.4177133038855668,0.053337309382587524,0.5077103548842398,-0.03303629407174352,0.5164260845600968
2026-09-09,main,603269,,0.5580362293963406,0.0786955236520772,0.4745814655183171,0.1193826444523586,0.5105714769073325,0.020361777859248892,0.522512288431981
2026-09-09,main,603270,,0.4898238054297784,0.04737960667791358,0.46632794762530955,0.06400350054953255,0.5101601085195943,0.012683559289812726,0.5216375095248846
2026-09-09,main,603278,,0.7702910187179202,0.049026167119682544,0.5003323711321216,0.07092175951482069,0.5118514269054966,0.044253886804382025,0.5252334074070596
2026-09-09,main,603279,,0.6361031946493227,0.020652602146126603,0.4840441611564609,0.026133744866980835,0.5110422574347027,0.0291492565531421,0.5235132755135049
2026-09-09,main,603283,,0.5355401885694744,0.050251822291790406,0.4718577480640208,0.06712448890386954,0.5104358116804553,0.017829548268634872,0.5222238066887325
2026-09-09,main,603285,,0.6358709288122416,0.06477111217893135,0.4840159872680224,0.08622394198927087,0.5110408567910729,0.02912311193373676,0.523510297640036
2026-09-09,main,603286,,0.6337876954151986,0.058269723680470516,0.4837632952403753,0.07560704353920249,0.5110282941627358,0.028888616215456964,0.5234835884911894
2026-09-09,main,603288,,0.2682756350541974,0.020721465860269576,0.4396709763757893,0.029652210707254396,0.5088239268196071,-0.012254643707287516,0.5187954138036213
2026-09-09,main,603289,,0.7408511448423475,0.04798719529094631,0.49675770779787376,0.05938185117164353,0.5116739059310237,0.04094003614304079,0.5248560722978886
2026-09-09,main,603290,,0.48175994532748795,0.04921981164117215,0.4653533714680041,0.06927889557739712,0.510111476910927,0.011775864228146353,0.5215340870128029
2026-09-09,main,603296,,0.42797663980671274,0.06083927917591469,0.4588603871603849,0.07878789254997577,0.5097871151599026,0.005721835487315967,0.520844245942395
2026-09-09,main,603297,,0.5958069073985268,0.0489124861269552,0.479157887231704,0.06726531208038515,0.5107992542582646,0.024613371694394592,0.5229966131680427
2026-09-09,main,603298,,0.5363396770087359,0.028869608850446662,0.47195451871255373,0.03708804042047874,0.5104406331233333,0.017919541361145354,0.5222340593177155
2026-09-09,main,603300,,0.5942496396993446,0.02515235830930546,0.47896912901694205,0.02995943613187952,0.5107898631907287,0.024438080434091264,0.5229766455301669
2026-09-09,main,603301,,0.4708417097258399,0.03068621889251027,0.4640342460906721,0.04036833461997723,0.5100456308009407,0.01054687111417714,0.5213940529534931
2026-09-09,main,603303,,0.5316991590935335,0.0736949717884256,0.4713928567451757,0.10270811517946452,0.5104126477109313,0.017397189144989327,0.5221745491174945
2026-09-09,main,603305,,0.6033292774628578,0.029709389882393075,0.4800697652281886,0.03836350318514617,0.5108446176328405,0.025460114826443822,0.5230930656583553
2026-09-09,main,603306,,0.35701700313808193,0.06002309653696512,0.45031547240543696,0.07961148593918078,0.5093591521043259,-0.002265618531567863,0.519933974798681
2026-09-09,main,603308,,0.30031659534148253,0.04918455978565205,0.4435084050426667,0.06078195373886622,0.5090171776700864,-0.008648006060441867,0.5192065257975524
2026-09-09,main,603311,,0.6608281956539858,0.06371954551767202,0.4870438524184384,0.08405138727522929,0.5111913567781257,0.031932385355842224,0.5238302644210049
2026-09-09,main,603313,,0.5753107004548145,0.038111103389690634,0.4766740149259675,0.05456460212554809,0.510675651739633,0.022306250093857963,0.5227338003181463
2026-09-09,main,603315,,0.8520098578994285,0.050035869008624445,0.5102535661928451,0.06629897224736117,0.5123441716344154,0.05345243264089715,0.5262806572310808
2026-09-09,main,603316,,0.7062537018828255,0.06411693380439377,0.49255725036421927,0.08404273906832985,0.5114652813111812,0.037045632256777636,0.5244125956346252
2026-09-09,main,603317,,0.6033049488356816,0.037820601190015686,0.48006681584195887,0.0486818101532479,0.5108444709202413,0.02545737631480488,0.523092753717331
2026-09-09,main,603318,,0.6108198978207081,0.06544713033080833,0.4809779264349662,0.09851612713945189,0.5108897893645008,0.02630328410534874,0.523189109339702
2026-09-09,main,603319,,0.5327963472007922,0.0535588265771625,0.4715256476854564,0.07120472346285842,0.5104192644915571,0.01752069230774818,0.5221886195615937
2026-09-09,main,603320,,0.72753218066333,0.0443903844830728,0.4951405727368798,0.05747951182278538,0.51159359226964,0.039440808991472065,0.5246853518618404
2026-09-09,main,603321,,0.7651973315962204,0.04189902551715386,0.499713875073037,0.06277996812280275,0.5118207124382492,0.04368052434677598,0.5251681229340076
2026-09-09,main,603322,,0.47004188019583326,0.028209450815467413,0.4639376314029756,0.03988856525570493,0.5100408071448993,0.010456839627351652,0.5213837944441477
2026-09-09,main,603323,,0.32790743513280846,0.012696557202304667,0.4468182869384638,0.018976437897848593,0.509183586045038,-0.005542288859482325,0.5195605182503547
2026-09-09,main,603324,,0.7753277794902984,0.05190843975310511,0.5009439539707651,0.06878228478906885,0.5118817980240689,0.044820841441725504,0.525297961421644
2026-09-09,main,603327,,0.6177782847026974,0.04659165990705164,0.48182167252356717,0.059590815435729944,0.5109317513351463,0.0270865434042237,0.5232783272619262
2026-09-09,main,603328,,0.3676202442633743,0.038115550548700944,0.4515905714410061,0.05157492829061733,0.5094231019584875,-0.0010720822493161392,0.5200700018724899
2026-09-09,main,603330,,0.608152747219769,0.07641726716993451,0.4806545469462859,0.10963023961832079,0.5108737052949512,0.02600306071376171,0.5231549117058236
2026-09-09,main,603331,,0.5852764787826715,0.029877421168523148,0.47788160047866574,0.03752887203744174,0.5107357505991876,0.023428031431717275,0.5228615882070188
2026-09-09,main,603333,,0.6584288239016797,0.046481517175119925,0.4867527110227639,0.06504362816766662,0.5111768879169829,0.03166230404700958,0.5237995039153174
2026-09-09,main,603335,,0.8516782856590706,0.04500425867954692,0.5102133222123115,0.06958998840318363,0.5123421723822597,0.05341510976062136,0.526276408500792
2026-09-09,main,603336,,0.6301056980857884,0.054983611700250366,0.48331669674422045,0.07232745649697779,0.5110060903928618,0.028474158282087658,0.5234363812512329
2026-09-09,main,603337,,0.5640641414550431,0.04197549889042522,0.47531156123337165,0.05591045727471853,0.5106078287316788,0.021040299800160228,0.5225895858275414
2026-09-09,main,603338,,0.33448739219777535,0.0300815587317578,0.4476083467722292,0.04025266870684487,0.5092232713796088,-0.004801626886421703,0.5196449366844343
2026-09-09,main,603339,,0.7201350625126525,0.04089148985655108,0.49424248614918853,0.05769703414863909,0.5115489872176733,0.038608164633712735,0.524590534243449
2026-09-09,main,603341,,0.498558059604477,0.03912483555704231,0.4673838355875745,0.05016960787204492,0.5102127829305951,0.013666716150316928,0.5217495280394786
2026-09-09,main,603344,,0.711972531076594,0.046030619130244435,0.4932515138297262,0.06061533537229416,0.5114997664657256,0.03768936279672372,0.5244859033597048
2026-09-09,main,603345,,0.5128269445482087,0.02780075417416024,0.4691094319927865,0.034564812311354116,0.5102988350226406,0.015272869560050827,0.5219325245631162
2026-09-09,main,603353,,0.47968301174459294,0.06212975698189774,0.4651024014683452,0.08254002543806127,0.5100989512879387,0.011542077638015978,0.5215074491371928
2026-09-09,main,603355,,0.47494208217903094,0.03409062413827883,0.46452958913078995,0.04657723186022828,0.5100703595238768,0.0110084227506815,0.5214466435127971
2026-09-09,main,603358,,0.5426412286465533,0.0612024467432844,0.4727173361972098,0.08173021956898527,0.5104786355700902,0.018628865088234553,0.5223148696746301
2026-09-09,main,603360,,0.7417755723717062,0.04704194995941516,0.4968699509774777,0.06092032162572028,0.5116794802280396,0.04104409279737549,0.5248679212527452
2026-09-09,main,603363,,0.44425467361455323,0.02809952509153646,0.4608241795683328,0.03733577676588584,0.5098852872403267,0.007554145412536316,0.5210530414756533
2026-09-09,main,603366,,0.5172852813737177,0.025948679603526034,0.46964875090698216,0.03672827186928823,0.5103257220169718,0.015774714863469527,0.5219897009264503
2026-09-09,main,603367,,0.7016536597552919,0.03303006607928427,0.4919988278831776,0.04261918035610229,0.5114375424836491,0.03652783613064772,0.5243536284965522
2026-09-09,main,603369,,0.2979958007206531,0.034492571702830606,0.44323021973267507,0.047317181947764464,0.5090031801914894,-0.008909242464564301,0.5191767489519892
2026-09-09,main,603373,,0.7159069920917357,0.059041102608996955,0.49372917102162245,0.07778206027342903,0.5115234916248761,0.03813223888689159,0.524536337263872
2026-09-09,main,603375,,0.565588372348414,0.0517550798487311,0.4754961916585592,0.06913755380568955,0.5106170207149271,0.021211872327114037,0.5226091312430918
2026-09-09,main,603379,,0.39207981636503453,0.037570858810303254,0.45453436992487106,0.04936216194785496,0.5095706203956573,0.0016811689883688488,0.5203837779422142
2026-09-09,main,603380,,0.7440719554482722,0.04429035946057359,0.4971487771370267,0.05806881683777427,0.5116933274029679,0.04130258135643433,0.5248973552824594
2026-09-09,main,603383,,0.6834566023036911,0.03176535951101313,0.4897900037910946,0.039992444671921146,0.511327811269689,0.03447951448615566,0.5241203569489444
2026-09-09,main,603386,,0.5544046400025102,0.04755972352644996,0.47414166267093744,0.06404746549216278,0.5105495762518588,0.019952994011691386,0.5224657191492746
2026-09-09,main,603387,,0.6224167494777519,0.03798726098467936,0.48238417204926687,0.055349439411663835,0.510959723123838,0.027608664512058234,0.5233377991563576
2026-09-09,main,603389,,0.715512270951558,0.06061050239483265,0.4936812499772549,0.0805563900576928,0.5115211114227028,0.03808780775525862,0.5245312775519366
2026-09-09,main,603390,,0.5775826795250341,0.01792039517878495,0.47694929448112483,0.02612211934138181,0.5106893529898356,0.02256199165634637,0.5227629334189897
2026-09-09,main,603391,,0.6765211891082941,0.0427020059807702,0.48894825869787584,0.05664695610896297,0.5112859893130082,0.03369884118227609,0.5240314477897331
2026-09-09,main,603392,,0.4485923999988128,0.026944434705429017,0.46134769347848226,0.03695497891178238,0.5099114477422154,0.008042414401321724,0.5211086795059757
2026-09-09,main,603393,,0.34786998204986397,0.034497213471771024,0.4492160154901136,0.05157377110561493,0.5093039847014604,-0.003295237816304135,0.519816626934599
2026-09-09,main,603395,,0.5232597269870103,0.03356844776518321,0.47037158236529447,0.04361724969867142,0.5103617521497069,0.0164472184424738,0.522066319866974
2026-09-09,main,603396,,0.7174415593538177,0.032219942956651586,0.4939154759526316,0.043603354288287814,0.5115327451915094,0.0383049749100762,0.5245560079848095
2026-09-09,main,603399,,0.6208449091004942,0.047098220306447405,0.48219355229926053,0.06349330852068424,0.5109502443084539,0.027431732902374245,0.5233176459405755
2026-09-09,main,603400,,0.5380634572948498,0.03745339369888729,0.47216317346472775,0.04838956054602593,0.5104510286493854,0.018113575835113853,0.5222561649891471
2026-09-09,main,603406,,0.8010656946899568,0.04348860770740106,0.5040690672590249,0.06268957616078849,0.5120369934735907,0.04771798725377677,0.5256278200576521
2026-09-09,main,603416,,0.7333265737062473,0.03045957258161113,0.49584409412931246,0.043396364406895406,0.5116285326672193,0.04009304525099201,0.5247596242128201
2026-09-09,main,603418,,0.7965535164076661,0.0432886410064394,0.50352121190025,0.06270094731388037,0.5120097859381143,0.04721008137591684,0.5255699933238611
2026-09-09,main,603421,,0.7342083441632001,0.0390197242222364,0.4959511550647302,0.05049058731950391,0.5116338497647027,0.04019230028259556,0.5247709266233468
2026-09-09,main,603439,,0.746559172201029,0.05772315514878404,0.49745077626071676,0.08222809619078911,0.5117083252834687,0.041582550792304135,0.5249292351392657
2026-09-09,main,603444,,0.32707864115665947,0.029112312996875785,0.4467187920530477,0.037920820740958386,0.509178587377116,-0.005635580681233501,0.5195498850485354
2026-09-09,main,603456,,0.3634226025289806,0.03857264624592498,0.45108570459073444,0.053144211491783416,0.5093977853422031,-0.0015445828414173829,0.5200161514361714
2026-09-09,main,603458,,0.5385283319442367,0.05561523566589843,0.47221944582211806,0.07484822025214732,0.510453832146966,0.01816590368036286,0.5222621265032779
2026-09-09,main,603466,,0.2914041165412852,0.05271432325263329,0.4424402929635605,0.07636077149880446,0.5089634234909645,-0.009651224480841748,0.5190921739178056
2026-09-09,main,603477,,0.341080725296491,0.029247052450429224,0.4484002780936924,0.03814300524029659,0.5092630372717171,-0.004059459262267882,0.519729525602982
2026-09-09,main,603486,,0.4736865214929806,0.032515180620455504,0.464377904394602,0.039988399774659594,0.5100627874334762,0.010867092640796952,0.5214305399922919
2026-09-09,main,603488,,0.7409304380759412,0.050018741646389524,0.49676733550007884,0.0651086447375036,0.5116743840692515,0.04094896165460021,0.524857088649014
2026-09-09,main,603489,,0.6838624814455351,0.040252286453415484,0.48983926683082024,0.053191514394726525,0.5113302587988241,0.03452520159977268,0.5241255601061577
2026-09-09,main,603496,,0.480666986933916,0.036094383975914406,0.46522129968268927,0.04661463234438623,0.5101048854716979,0.011652837176105817,0.5215200692039103
2026-09-09,main,603499,,0.5647299845100517,0.03411012668989582,0.47539221412267707,0.04349781431350351,0.5106118441466528,0.021115249321259244,0.5225981240301417
2026-09-09,main,603501,,0.38941798188007243,0.02871073388233828,0.4542138505418588,0.035485004357555736,0.50955456665212,0.0013815439965752657,0.5203496317603337
2026-09-09,main,603505,,0.5351991298605491,0.030291285012347784,0.47181646671879723,0.03764679001463572,0.5104337548707821,0.017791157559730847,0.5222194329507416
2026-09-09,main,603507,,0.6780237767574266,0.03892338668404774,0.4891306213056078,0.05145752006968633,0.5112950502365505,0.03386797747327537,0.5240507104779935
2026-09-09,main,603516,,0.6085505004870672,0.0742437902825811,0.48070277164084135,0.08975436013663834,0.5108761039202948,0.026047833151763913,0.5231600116268262
2026-09-09,main,603519,,0.7597203244338331,0.04434183236164626,0.4990488357766528,0.06202993494233108,0.5117876864866487,0.04306401410342513,0.5250979245871114
2026-09-09,main,603527,,0.6194932192431902,0.04254986024043456,0.4820296347189213,0.056968323187649966,0.5109420930809512,0.02727958217148163,0.523300315304966
2026-09-09,main,603528,,0.8399037445686364,0.028240418113599543,0.5087841266635644,0.03440875165245089,0.5122711762055093,0.052089728037029784,0.5261255283615798
2026-09-09,main,603529,,0.5130307453261499,0.018679613585381248,0.46913408393034395,0.0258032906198968,0.5103000640899756,0.015295810057201625,0.5219351382380628
2026-09-09,main,603530,,0.7148302967541305,0.04886170826226502,0.49359845530461754,0.06336255558559013,0.51151699905884,0.03801104245882038,0.5245225356901025
2026-09-09,main,603533,,0.516373379977964,0.050759931612645776,0.4695384336328255,0.06465956343049824,0.5103202225971271,0.01567206819262547,0.5219780062073652
2026-09-09,main,603536,,0.6402555674230638,0.027722850486736665,0.4845478616772504,0.05366754565952128,0.5110672976547663,0.029616661519636017,0.5235665126804623
2026-09-09,main,603538,,0.5244945979753249,0.08450628790635316,0.470521001551525,0.12214780056487819,0.5103691992817696,0.01658621965078716,0.5220821562708903
2026-09-09,main,603556,,0.601867398334582,0.035493182034739265,0.47989254248725866,0.047084093388465184,0.5108358018387619,0.02529556082269664,0.5230743214502581
2026-09-09,main,603559,,0.7446761666092607,0.07429048172679718,0.497222140580724,0.10735619093932604,0.5116969707893345,0.04137059338542244,0.5249050997670166
2026-09-09,main,603565,,0.39032996053947555,0.02817372362326983,0.45432366033652694,0.04063715961186436,0.5095600668729278,0.0014841993644741022,0.5203613307019425
2026-09-09,main,603567,,0.7132901231662663,0.040413957464531025,0.4934114727432847,0.0508508887143952,0.5115077116721022,0.037837675368856086,0.5245027929748199
2026-09-09,main,603568,,0.619884022550998,0.02362419078227576,0.48207702650566403,0.029546043389563844,0.5109444497809457,0.027323572298800322,0.5233053259791841
2026-09-09,main,603578,,0.8164825582258156,0.06434284375688398,0.5059408555703463,0.08418959798704626,0.512129953547999,0.04945336097310862,0.5258253927959132
2026-09-09,main,603580,,0.6531450870471591,0.17339240806459166,0.48611161078156356,0.275183715471617,0.5111450254875193,0.03106754895588011,0.5237317645397381
2026-09-09,main,603583,,0.5323891564613872,0.018557119384294697,0.47147636556338335,0.01942182314719003,0.5104168088585527,0.017474857556323213,0.5221833977131326
2026-09-09,main,603585,,0.7560246834746198,0.04717862703289832,0.49860009858040816,0.06883486084805913,0.5117654019844724,0.04264802039745581,0.5250505573025738
2026-09-09,main,603588,,0.22597442017282277,0.06132551823981352,0.43461581240647224,0.08635458203683338,0.5085687885593103,-0.017016209925357944,0.5182526153758483
2026-09-09,main,603589,,0.6862912491897328,0.02398675683693795,0.4901340593683871,0.03010601121998889,0.511344904723176,0.034798591819763816,0.5241566955222696
2026-09-09,main,603596,,0.4126545401368876,0.03397665967986416,0.45701308494571496,0.045204444323321484,0.5096947075848807,0.0039971287056705385,0.5206477053565295
2026-09-09,main,603598,,0.6456984391282343,0.05268915295678451,0.4852081526075072,0.07071322663465245,0.5111001199381541,0.03022932936176087,0.5236362943973243
2026-09-09,main,603599,,0.34387367054110896,0.03221180260410295,0.4487358204778924,0.04543922920554299,0.509279882124654,-0.003745076004884211,0.5197653572479857
2026-09-09,main,603600,,0.6790694535665018,0.027912691453420686,0.4892575323178141,0.03990905488860849,0.5113013558860358,0.03398568235203772,0.5240641156746629
2026-09-09,main,603601,,0.513774602053338,0.061902577329523055,0.46922406283086965,0.08452842102231312,0.5103045500875227,0.015379541058147962,0.5219446779347902
2026-09-09,main,603605,,0.5316858066157754,0.02537990118927576,0.47139124074082095,0.03430310607033715,0.5104125671865068,0.01739568614543721,0.5221743778838396
2026-09-09,main,603606,,0.3766520916329922,0.027821484910125826,0.4526772037842619,0.03633421373442509,0.5094775742407933,-5.542730352930958e-05,0.5201858674723184
2026-09-09,main,603607,,0.6531799122237831,0.03700518658782846,0.4861158361340924,0.05062220453733014,0.5111452354934928,0.031071468994229273,0.523732211013683
2026-09-09,main,603608,,0.4026747827419202,0.07734133979130672,0.4558105121633767,0.11029406242872858,0.5096345193166075,0.002873773837266072,0.5205196889532031
2026-09-09,main,603609,,0.8637932503889211,0.04626851168897486,0.51168366394451,0.06253149627247101,0.512415220669246,0.05477881070756911,0.5264316458534338
2026-09-09,main,603612,,0.4228696086874117,0.02462989287495919,0.4582445320079431,0.033503965135097034,0.5097563147319192,0.005146970984712632,0.5207787374304322
2026-09-09,main,603613,,0.3652282031353683,0.02617481439363574,0.4513028589834327,0.03381234409862607,0.5094086752002325,-0.001341338398561237,0.5200393150661828
2026-09-09,main,603615,,0.7414601934615827,0.045412557276104604,0.4968316579108718,0.061178307076075876,0.5116775784938744,0.041008592692507395,0.5248638788508891
2026-09-09,main,603616,,0.87426653782482,0.05603111633574461,0.5129546002921376,0.07332051966172448,0.512478369885688,0.05595771896792916,0.5265658431518606
2026-09-09,main,603618,,0.1104208056308994,0.09044104593265134,0.42087877451956457,0.12717723716699644,0.5078718087176438,-0.03002331123253615,0.5167696449621006
2026-09-09,main,603619,,0.29435986571766176,0.0391295644714271,0.4427944649136915,0.055870420888582045,0.5089812506386638,-0.009318515468422314,0.5191300979861697
2026-09-09,main,603626,,0.43104206379122456,0.058321675547846015,0.4592301060890805,0.07616491956585661,0.5098056026502455,0.006066889862932516,0.5208835661661431
2026-09-09,main,603628,,0.7034682926707466,0.024501505541137898,0.4922191130835719,0.02787286210013884,0.5114484849547883,0.036732097280419845,0.5243768900407303
2026-09-09,main,603629,,0.45096240779537455,0.10700127123735743,0.4616337623791571,0.1456837511497947,0.5099257410582314,0.008309190405091794,0.5211390782897464
2026-09-09,main,603630,,0.7855776826398427,0.03333275407805787,0.5021885259075467,0.045228461706217714,0.5119436035519126,0.0459746048197332,0.5254293274451903
2026-09-09,main,603636,,0.806558421236046,0.034046548731579473,0.5047359645763182,0.05015753564479936,0.5120701134233383,0.04833626692352859,0.5256982122783028
2026-09-09,main,603637,,0.6473107807336306,0.05682696157423414,0.485403760574151,0.07686298376532676,0.5111098428631113,0.03041081992513532,0.523656965654671
2026-09-09,main,603638,,0.6336913306840382,0.03340611311778395,0.4837516065919179,0.04760355603848057,0.5110277130492578,0.028877769079037968,0.5234823529950969
2026-09-09,main,603650,,0.2559686550796633,0.06325510740042382,0.4381989036967132,0.08777733344079333,0.5087496981795376,-0.013639958532347365,0.518637498286463
2026-09-09,main,603657,,0.6474753843430775,0.06338765619260278,0.48542373040217895,0.0859169072912796,0.5111108354739667,0.030429348257910466,0.5236590759743515
2026-09-09,main,603658,,0.5587057509548539,0.018793853151385456,0.4746625521075485,0.024882984335906112,0.5105755145182279,0.020437141445004692,0.5225208739245226
2026-09-09,main,603659,,0.4964601479985206,0.02873590317939458,0.4671301910784475,0.040275697635534374,0.5102001308969352,0.013430568203752435,0.5217226221128294
2026-09-09,main,603660,,0.7084275372734685,0.058128345892833375,0.4928211498321391,0.07945942117191432,0.5114783897850478,0.03729032643846386,0.524440461414771
2026-09-09,main,603661,,0.8053714273276723,0.08228709911896612,0.5045918475055272,0.12073879990068723,0.5120629561164866,0.048202654919452165,0.5256830004046097
2026-09-09,main,603662,,0.6142041210451906,0.03179911853695103,0.48138827051883665,0.0420436546022277,0.510910197659075,0.026684223589599834,0.5232325008122104
2026-09-09,main,603663,,0.3531679259934845,0.06533979042088035,0.4498527598830908,0.09280326802597845,0.5093359376245449,-0.002698883527711783,0.5198845949478704
2026-09-09,main,603665,,0.8450878716187201,0.03948635415130718,0.5094133958509356,0.05157837803168648,0.5123024346569294,0.052673270715439535,0.526191958870093
2026-09-09,main,603666,,0.6813627027540675,0.043022199391263345,0.48953586269632926,0.0573981060583126,0.5113151846448474,0.0342438181500698,0.5240935141743943
2026-09-09,main,603667,,0.5544257197874516,0.0504641665095593,0.47414421541863044,0.06557102078765842,0.5105497033756832,0.01995536682278304,0.5224659894646801
2026-09-09,main,603668,,0.47911336381761205,0.017493502869797506,0.46503357012038865,0.014207532661081282,0.5100955158387591,0.0114779561622401,0.5215001430513592
2026-09-09,main,603669,,0.7453359058359638,0.058199845458003996,0.49730224639010007,0.08155135492640163,0.5117009490078805,0.04144485583919391,0.5249135559696096
2026-09-09,main,603678,,0.37503318261739377,0.06780829631090965,0.452482397420237,0.09340623440777751,0.5094678104000048,-0.00023765711655997918,0.5201650993595388
2026-09-09,main,603679,,0.49409798905805385,0.05337244043533322,0.4668446185265529,0.07412076706137372,0.5101858852313169,0.013164675693473918,0.521692327036776
2026-09-09,main,603681,,0.6326252035060924,0.0403628225778972,0.4836222909071824,0.05459050792375514,0.5110212839225786,0.028757762238361906,0.5234686841165112
2026-09-09,main,603682,,0.7124854750228058,0.06746968900014337,0.49331378632132045,0.0947918013622222,0.5115028595674941,0.037747101482784984,0.5244924785620537
2026-09-09,main,603683,,0.7533204425529927,0.047098078641820224,0.4982717419100919,0.06372467740524339,0.5117490955377981,0.04234362199532829,0.5250158965748997
2026-09-09,main,603685,,0.6840369427659624,0.061599219038604276,0.4898604419016974,0.07891192813967152,0.5113313108339078,0.034544839549463635,0.5241277966069557
2026-09-09,main,603686,,0.44434139734984734,0.01526241789801052,0.46083464528751533,0.02309211096173954,0.5098858102651888,0.007563907326217506,0.5210541538464212
2026-09-09,main,603687,,0.44732601863288285,0.0660828313210074,0.4611948468829331,0.09223174919078256,0.5099038102969573,0.007899866279521543,0.5210924362660665
2026-09-09,main,603688,,0.409187531738753,0.0604547800545681,0.4565952487359033,0.08021441295511547,0.5096737979669176,0.0036068706454087038,0.5206032322427242
2026-09-09,main,603690,,0.6166589737512298,0.041547308216853394,0.48168594224343103,0.05917623454580556,0.5109250014343663,0.026960550020133672,0.5232639759614758
2026-09-09,main,603693,,0.6423153089017194,0.03375150351149905,0.48479772881300726,0.049609383192258286,0.5110797185758079,0.02984851290901641,0.5235929202267454
2026-09-09,main,603696,,0.5346459409753772,0.04470975050503963,0.471749510206264,0.06385093806626652,0.510430418775041,0.017728888768746162,0.5222123388474371
2026-09-09,main,603697,,0.7165251992801478,0.03327055558104178,0.4938042245780534,0.042828313668718324,0.5115272194659495,0.038201826355534416,0.5245442617097036
2026-09-09,main,603698,,0.4475656395924945,0.05004453557280454,0.46122376750765715,0.07026969161840457,0.509905255432254,0.0079268388161172,0.5210955097675982
2026-09-09,main,603699,,0.4808689277308331,0.044902393186667354,0.4652457016003813,0.05957400189954193,0.5101061033412781,0.01167556830757207,0.5215226592112756
2026-09-09,main,603701,,0.8674299259922595,0.05504321092340458,0.5121249934994876,0.07845714091009984,0.5124371482337954,0.055188167075879035,0.5264782440765073
2026-09-09,main,603703,,0.7774912012485806,0.048517443226010766,0.5012066441897965,0.061775256871481256,0.5118948431945904,0.04506436343012615,0.5253256888161353
2026-09-09,main,603707,,0.6514720633252871,0.02386659275077223,0.4859086244977108,0.029430710838524856,0.5111349366618255,0.03087922781053154,0.5237103156016739
2026-09-09,main,603708,,0.6916869354188488,0.020375452660577383,0.4907889869350235,0.027083336175647954,0.5113774416518907,0.035405948306898166,0.5242258644674888
2026-09-09,main,603712,,0.6518748990331351,0.025744611244842334,0.48595749972622804,0.03117676482943562,0.5111373658805952,0.03092457234503962,0.5237154801497997
2026-09-09,main,603713,,0.4992690020170053,0.04147213927831463,0.4674697947273941,0.05609233749527778,0.5102170704616249,0.013746742205927413,0.521758645918565
2026-09-09,main,603716,,0.5798954066901747,0.042593250541528314,0.47722952557582204,0.05632935881634353,0.5107032999563716,0.022822319960675894,0.522792588864853
2026-09-09,main,603717,,0.8207824668803949,0.049820221676222395,0.5064628875343712,0.06691386557238967,0.512155880840195,0.04993737307176464,0.5258804962566545
2026-09-09,main,603719,fusion,0.9135885361096614,0.042404098832829654,0.5293165824936076,0.048441993621688696,0.5103293927657433,0.060383934602283515,0.5221332576659982
2026-09-09,main,603721,,0.8265437910813533,0.073010126803084,0.5071623208887864,0.10347755136060904,0.5121906199723482,0.05058588699183918,0.5259543268139113
2026-09-09,main,603725,,0.7347046632334282,0.0555561177054948,0.49601141624501943,0.07415002626335956,0.5116368425797119,0.040248167617016314,0.524777288360688
2026-09-09,main,603726,,0.673346874259017,0.045257708332903115,0.48856301547242004,0.061213035020339354,0.5112668474940315,0.03334152968674993,0.5239907538638015
2026-09-09,main,603728,,0.5777337111148895,0.0387952049205251,0.4769675944036257,0.04841746641196601,0.5106902637906151,0.022578992277206403,0.5227648700592199
2026-09-09,main,603730,,0.41372374466945605,0.04696915156745348,0.45714195535107494,0.06451088368094698,0.5097011559784286,0.004117481943674756,0.5206614205312857
2026-09-09,main,603733,,0.533194652620512,0.03404069480294876,0.47157385495809445,0.045639172562841196,0.5104216665396434,0.017565526897873572,0.522193727459272
2026-09-09,main,603737,,0.5737313372363726,0.032419364491060775,0.4764826630500622,0.04035378889471075,0.5106661273243888,0.022128471688011103,0.5227135483908282
2026-09-09,main,603738,,0.43949117552543876,0.08386417387128021,0.46024937948063477,0.11657837477426192,0.5098565588789081,0.007017950136713226,0.5209919416649421
2026-09-09,main,603739,,0.753870148920502,0.029442377893867784,0.498338488718588,0.03809017054690212,0.5117524102435907,0.04240549878247804,0.5250229422768427
2026-09-09,main,603757,,0.5668096939308885,0.09361996844983103,0.47564413544846423,0.13134720349514284,0.5106243859767643,0.021349348368991786,0.5226247923622817
2026-09-09,main,603758,,0.8005156613652967,0.056435975527970986,0.5040022843340726,0.081247580098917,0.5120336768861139,0.04765607366323667,0.5256207710310414
2026-09-09,main,603766,,0.41308363040970986,0.03654377781287205,0.45706480217821743,0.047693960487901366,0.5096972954371363,0.00404542854181715,0.5206532094971291
2026-09-09,main,603773,,0.5073950178985485,0.10170035003397376,0.4684524368687935,0.14931405815435161,0.5102660764972766,0.014661433729978565,0.5218628615282451
2026-09-09,main,603777,,0.6070607649864509,0.05370894887228284,0.48052215388805386,0.07364442225386306,0.5108671201641707,0.025880143541583994,0.523140910480802
2026-09-09,main,603778,,0.560771485077539,0.07052933612435527,0.4749127441409714,0.09544645709128549,0.510587972107787,0.020669667386438675,0.5225473634206571
2026-09-09,main,603779,,0.6147850965769707,0.06689931339388525,0.4814587175472588,0.09773287324859788,0.5109137011831141,0.026749620138455638,0.5232399498670874
2026-09-09,main,603786,,0.7053936425113645,0.02551529502394417,0.49245284193474775,0.02900430226640622,0.5114600950513065,0.036948821097567,0.5244015707351707
2026-09-09,main,603790,,0.7118613826056819,0.05625016718427019,0.4932380201952907,0.08062717297754483,0.5114990962295447,0.03767685155311595,0.5244844785953294
2026-09-09,main,603797,,0.8772035543351668,0.04686281760316018,0.5133109786995542,0.06249770092804057,0.5124960787038929,0.05628831936881126,0.526603475316104
2026-09-09,main,603798,,0.7392566002590312,0.05083413126030879,0.4965641003679067,0.06759892328204808,0.5116642908220644,0.04076054887199153,0.5248356339758143
2026-09-09,main,603799,,0.36629068007699794,0.02944450302793883,0.4514306487036198,0.038900129886803275,0.5094150831597111,-0.0012217424406926608,0.5200529452953678
2026-09-09,main,603800,,0.6102095658711009,0.06515640641052665,0.4809039251354434,0.0828767014196306,0.5108861088013488,0.02623458309992352,0.5231812838133091
2026-09-09,main,603801,,0.8086986676684559,0.04382687900998467,0.5049958173561319,0.06267034028426618,0.5120830186164471,0.04857718021974211,0.5257256404016242
2026-09-09,main,603803,,0.5940720105692904,0.0668095360984921,0.47894759876565757,0.08798917030279227,0.5107887920018052,0.024418085905154374,0.5229743679247072
2026-09-09,main,603806,,0.290404326802058,0.0315715864916417,0.44232050662234185,0.03981438753705823,0.5089573934073738,-0.009763764157558537,0.5190793459546074
2026-09-09,main,603809,,0.7482670832873403,0.034818336097012736,0.4976581527843305,0.05010748141823788,0.5117186239500368,0.041774798976070324,0.5249511261418005
2026-09-09,main,603816,,0.46648273772246457,0.02681565501037079,0.46350774091730235,0.03540620023887877,0.5100193424495192,0.010056210647450797,0.5213381451279133
2026-09-09,main,603817,,0.7369128036844208,0.024348726077006753,0.4962795216692299,0.033666282998004844,0.5116501577055248,0.04049672329102441,0.5248055918493283
2026-09-09,main,603818,,0.7589281760412679,0.04522987801948471,0.49895265029205893,0.06112218530784763,0.5117829098813985,0.042974847231118635,0.5250877716046402
2026-09-09,main,603819,,0.5578727960485109,0.041032877856702156,0.4745616721055352,0.05291914562217233,0.5105704913073952,0.02034338125503518,0.5225101926710254
2026-09-09,main,603823,,0.49727099042529066,0.0884564809443758,0.46722822262460617,0.1309330318133362,0.5102050209070287,0.013521839339068843,0.5217330212631868
2026-09-09,main,603826,,0.5516181472148599,0.048323325733907865,0.4738042322294771,0.06457872474820359,0.5105327720067646,0.01963933706444341,0.5224299866040605
2026-09-09,main,603833,,0.5644225807161333,0.022314336739362624,0.4753549784552624,0.028903634617907605,0.5106099903258844,0.021080646922142968,0.5225941821481016
2026-09-09,main,603858,,0.5325434726985833,0.017781497026736644,0.4714950423265855,0.022251404650569614,0.5104177394889247,0.017492227908072998,0.5221853766781731
2026-09-09,main,603859,,0.5824874325256314,0.04402814408298282,0.4775436160708351,0.06007622874595028,0.5107189312216285,0.023114087057415023,0.5228258254875328
2026-09-09,main,603861,,0.6308960656454581,0.04785081375369446,0.4834125601441873,0.0625763512912842,0.5110108565975411,0.028563124697887673,0.5234465146646421
2026-09-09,main,603866,,0.5916234567351594,0.014788835821088343,0.4786508199797654,0.021181944197857117,0.5107740260366852,0.0241424684967083,0.5229429718532067
2026-09-09,main,603867,,0.5234581758438687,0.043161964641113354,0.47039559428686234,0.054373169935047504,0.5103629489348301,0.01646955650948869,0.5220688648453393
2026-09-09,main,603871,,0.3026040459863819,0.030195466510955525,0.44378262820147113,0.038452894866142756,0.5090309740263206,-0.008390522965764792,0.5192358746912995
2026-09-09,main,603876,,0.40006568729337577,0.0543417497499539,0.45549619738971076,0.07163642615183334,0.5096187837239519,0.0025800853277906516,0.5204862200577705
2026-09-09,main,603880,,0.6752796696771695,0.06466804886997736,0.48879758303550885,0.08651727276522717,0.5112785026808263,0.03355909160300516,0.5240155318577433
2026-09-09,main,603881,,0.3572692576466161,0.04277592164227066,0.45034579991033,0.056508424750270514,0.5093606734954407,-0.0022372239204541955,0.5199372109608124
2026-09-09,main,603882,,0.41764616951559896,0.02731876712761106,0.4576147712155574,0.041066022604894004,0.5097248121720971,0.004559003202406681,0.520711734998966
2026-09-09,main,603883,,0.4277127844438876,0.016799103526516767,0.4588285658361682,0.02485135781408832,0.5097855238539902,0.005692135045245732,0.5208408614549694
2026-09-09,main,603885,,0.4431851619118664,0.022474291468124175,0.4606951149863527,0.03003826356171251,0.5098788370872843,0.007433757598436286,0.5210393232583953
2026-09-09,main,603887,,0.6540604068882805,0.04666751812166929,0.4862226675596712,0.05795503995421443,0.511150545131851,0.031170580418367302,0.5237434993264898
2026-09-09,main,603888,,0.4613533585636838,0.014018196331820498,0.46288828519719305,0.020354236095302028,0.5099884078091697,0.00947883057478345,0.5212723554373926
2026-09-09,main,603890,,0.6464119482015073,0.057115772039196995,0.48529471439007554,0.07964210690732601,0.5111044226224138,0.03030964432928865,0.5236454420529671
2026-09-09,main,603893,,0.4462343548765588,0.049657773440413985,0.4610630937799951,0.07001344615376323,0.5098972265559905,0.007776984956179386,0.5210784340056869
2026-09-09,main,603897,,0.6674054051481995,0.05744998900361724,0.48784197997417644,0.07922605602813657,0.5112310190355042,0.03267273805314998,0.5239145848535454
2026-09-09,main,603899,,0.35842041629748544,0.012681512476335281,0.4504842035829052,0.021152438996834354,0.5093676163326485,-0.0021076456528089232,0.5199519791038928
2026-09-09,main,603900,,0.7415732999064404,0.045649263834084616,0.49684539120484517,0.059625021610229124,0.511678260525538,0.041021324332210674,0.5248653286048395
2026-09-09,main,603901,,0.6727956584236247,0.028199882640349005,0.48849611983584257,0.03738661326417932,0.5112635235375457,0.03327948298884706,0.5239836873815727
2026-09-09,main,603903,,0.498908687699057,0.05231256223598582,0.4674262293413664,0.07195806182334012,0.5102148974885994,0.013706184021273833,0.5217540248676356
2026-09-09,main,603906,,0.48209778723032576,0.05151311513778302,0.46539419686335753,0.07268672627226369,0.5101135143751228,0.01181389284259897,0.5215384200192186
2026-09-09,main,603912,,0.6294217376472268,0.048846193254821285,0.4832337404168839,0.06215109062201059,0.5110019658603207,0.028397169407704634,0.5234276120828837
2026-09-09,main,603915,,0.7861940128869171,0.03633756474415055,0.5022633617412832,0.0511547869088414,0.5119473199282116,0.04604398101358187,0.5254372264179469
2026-09-09,main,603916,,0.7839632002660131,0.03819815537789403,0.5019924923422917,0.05487361969100857,0.5119338684660311,0.045792873284304356,0.5254086359579168
2026-09-09,main,603918,,0.7356804729741413,0.02975814903111651,0.4961298957013299,0.039403565827809836,0.5116427267316734,0.04035800802490232,0.5247897961082213
2026-09-09,main,603919,,0.5260626260510507,0.03530663798014202,0.47071074030134286,0.04755704380577204,0.5103786555764573,0.016762722135060942,0.5221022651301913
2026-09-09,main,603920,,0.2937134177231411,0.04712924826680057,0.44271699945207565,0.061671488791623125,0.5089773516887101,-0.009391281816648507,0.5191218036821357
2026-09-09,main,603926,,0.6008545774213097,0.041560135234620016,0.47976976177253056,0.05430687956491818,0.5108296940654063,0.02518155431344822,0.5230613350266073
2026-09-09,main,603927,,0.5906582754574421,0.019372959384807473,0.47853383859554255,0.024115731970223212,0.5107682055211074,0.024033824464162648,0.5229305959674891
2026-09-09,main,603928,,0.6836923789256235,0.046988299182340904,0.48981862084016764,0.06741528738146038,0.5113292330480435,0.034506054291245244,0.5241233794819189
2026-09-09,main,603929,,0.33469962790486,0.0726963777430022,0.4476338344812909,0.09949065699517129,0.5092245514232693,-0.004777736925436975,0.5196476595720105
2026-09-09,main,603931,,0.7134087398284643,0.05731324518451418,0.4934258731638761,0.08225642501668208,0.5115084269416401,0.0378510272570514,0.5245043134652385
2026-09-09,main,603936,,0.3711458731576801,0.07401297224612093,0.4520146897208376,0.10468397500424789,0.5094443655256956,-0.0006752256699564946,0.5201152308734186
2026-09-09,main,603938,,0.31309424097015254,0.08289746511825181,0.44504064546109595,0.12365549217145426,0.5090942436157695,-0.007209711535271168,0.519370466325969
2026-09-09,main,603939,,0.314904192839139,0.02491829685539039,0.44525777232202207,0.03532788055358278,0.5091051599622536,-0.007005977299744663,0.519393688144406
2026-09-09,main,603950,,0.5057082808211412,0.09844122882685778,0.46824844704803076,0.14141257779183058,0.5102559042102744,0.014471568963468379,0.5218412293943732
2026-09-09,main,603956,,0.5691214845098397,0.060321176893026324,0.47592418399069436,0.08330660260374514,0.5106383273724976,0.021609571248047535,0.5226544365440751
2026-09-09,main,603958,,0.8043676519148218,0.07089041216667905,0.504469975034943,0.1073040559206184,0.5120569035721798,0.04808966660198276,0.5256701365231293
2026-09-09,main,603960,,0.6934789319694981,0.04247903825361101,0.4910065063065185,0.056524158640769366,0.5113882476822182,0.03560766143174335,0.5242488364116245
2026-09-09,main,603970,,0.7921314265983788,0.04309266676623928,0.5029842866052542,0.06271209143475984,0.5119831215491226,0.04671231615786757,0.5255133204716818
2026-09-09,main,603976,,0.5125363635005955,0.06229580099998992,0.4690742832913252,0.0906963314703239,0.5102970826067701,0.015240160785520207,0.5219287979589537
2026-09-09,main,603977,,0.5615662152066828,0.03998056201991661,0.47500900149052866,0.05485561216033502,0.5105927647935521,0.02075912486764875,0.522557554437344
2026-09-09,main,603978,,0.6220623712694555,0.05572964252909963,0.48234119555291594,0.07799262104537064,0.5109575860846195,0.02756877451575962,0.5233332555333678
2026-09-09,main,603979,,0.1972034893206325,0.04149228837979838,0.4311852594270304,0.05858970902624601,0.5083952551633092,-0.020254762122792553,0.5178834094163929
2026-09-09,main,603980,,0.41653887211937923,0.04013716023450696,0.4574812879029472,0.055360914627908354,0.5097181340519563,0.004434362104273143,0.5206975313075116
2026-09-09,main,603983,,0.5280320274787228,0.05083839201595364,0.4709490590946717,0.07266517827569911,0.5103905324197646,0.01698440454617184,0.5221275212194628
2026-09-09,main,603985,,0.704719669812852,0.05003234456196197,0.49237102428588025,0.060057583953787984,0.5114560309143853,0.03687295647660663,0.5243929312205289
2026-09-09,main,603986,,0.42596558761855674,0.05688522872857325,0.4586178599516481,0.07063882207490074,0.5097749865432137,0.005495464727309343,0.5208184500157753
2026-09-09,main,603988,,0.6762390656035755,0.042815540227191556,0.48891401890668673,0.0577139104171422,0.5112842880473615,0.03366708441705886,0.5240278310495664
2026-09-09,main,603989,,0.318705692535997,0.10602599813442215,0.445713878746841,0.15624719969555262,0.5091280878850173,-0.006578067780234995,0.5194424613981434
2026-09-09,main,603990,,0.5601971711799238,0.05430879599525454,0.47484318466446546,0.0712869274591578,0.510584508659122,0.02060502069340346,0.5225399988429398
2026-09-09,main,603991,,0.1971428863522856,0.06224961450316745,0.4311780401703377,0.07479091807294119,0.5083948896311401,-0.020261583795588584,0.5178826317017536
2026-09-09,main,603992,,0.7600983095137512,0.03798358103820416,0.4990947320991378,0.04896289120731911,0.5117899657122751,0.043106561368143656,0.525102769222453
2026-09-09,main,603993,,0.24982511137390176,0.03951462090506382,0.43746446231589775,0.054430392722708776,0.5087126437051973,-0.014331496358166964,0.5185586667571481
2026-09-09,main,603995,,0.5827839308381038,0.0418428145170075,0.4775795455922898,0.060110940369446315,0.5107207192594811,0.02314746189906773,0.5228296273667506
2026-09-09,main,603997,,0.39678983293290504,0.033827259469621056,0.45510160915199405,0.045893175959111035,0.509599026846045,0.0022113442052985877,0.5204441978671325
2026-09-09,main,603998,,0.6801379297478383,0.02406116644918067,0.48938721185950435,0.03299064960838509,0.5113077990167807,0.03410595360439138,0.524077813115182
2026-09-09,main,603999,,0.7112019109750329,0.028924211221444077,0.4931579592962438,0.03452802301149628,0.5114951195500819,0.03760261922085127,0.5244760251043433
2026-09-09,main,605006,,0.4649146361520479,0.08101316849426571,0.4633183551798425,0.11465563731086661,0.5100098854343725,0.009879699890368812,0.52131803265203
2026-09-09,main,605007,,0.7259198560182472,0.041332387568294895,0.4949448169894643,0.055843498757797455,0.5115838698741209,0.03925932033720722,0.5246646849400053
2026-09-09,main,605008,,0.6588635996484128,0.03718662182911739,0.4868054663456462,0.06304794005767869,0.5111795097338134,0.03171124385911393,0.5238050778552346
2026-09-09,main,605011,,0.626083013289866,0.0352334542753671,0.48282880591446703,0.04798264563418857,0.5109818321052345,0.02802135142810193,0.5233848055460462
2026-09-09,main,605016,,0.594004851497617,0.03517101366202165,0.47893945850133085,0.045319413879716546,0.510788387000338,0.02441052625544185,0.5229735067939204
2026-09-09,main,605020,,0.4636971249866261,0.037340248157451454,0.4631713189064468,0.052368174128936545,0.510002542779089,0.009742652761777978,0.521302416802165
2026-09-09,main,605033,,0.714787568071513,0.036592107894346595,0.49359326786590835,0.04729520915018312,0.5115167414011068,0.038006232775404325,0.5245219879735139
2026-09-09,main,605056,,0.813564040706071,0.03195810694901467,0.5055865244467079,0.0406863201804665,0.512112355635456,0.04912484288047622,0.5257879915463183
2026-09-09,main,605058,,0.6991632054671759,0.04395788626239448,0.4916965072277825,0.059866137794320255,0.5114225247043954,0.03624750226697036,0.5243217035137654
2026-09-09,main,605060,,0.6556530274182781,0.06520744616435681,0.4864159052229072,0.08551912055378369,0.5111601490894542,0.03134985111154026,0.5237639173314863
2026-09-09,main,605068,,0.7532480578203462,0.055687788480081206,0.4982629527679629,0.0775900215067591,0.5117486590608914,0.042335474127740094,0.5250149688038395
2026-09-09,main,605077,,0.5786051263583385,0.035309212860682726,0.4770731816758306,0.043683904432590744,0.5106955188864157,0.02267708169134626,0.522776043985152
2026-09-09,main,605088,,0.551334623542055,0.025923920464231653,0.47376990025629584,0.03355418515831198,0.5105310621853617,0.019607422691623688,0.5224263508299518
2026-09-09,main,605090,,0.3882087888060802,0.039595391255839454,0.4540682605361003,0.054741290666444925,0.5095472739023494,0.001245433180174546,0.5203341200919374
2026-09-09,main,605100,,0.7722940128727837,0.05469059268089958,0.5005755825969144,0.06428614599037528,0.5118635047524649,0.04447935052521218,0.5252590790299705
2026-09-09,main,605111,,0.48433374824855324,0.050115841563210695,0.4656644058935154,0.06546949502240436,0.5101269990483275,0.012065580092697363,0.5215670973553945
2026-09-09,main,605117,,0.41863939938254097,0.05272986048505643,0.457734509008718,0.07070746590950092,0.5097308023470325,0.004670804477960401,0.52072447547779
2026-09-09,main,605118,,0.554614878161585,0.0366416546162827,0.4741671224302096,0.04887182418589726,0.5105508441147706,0.01997665912199157,0.5224684151255844
2026-09-09,main,605123,,0.5582865108550952,0.03872655054049107,0.4746117772606255,0.05184538494715726,0.5105729862526852,0.020389950377280766,0.5225154978740261
2026-09-09,main,605128,,0.711335119160099,0.04864599436120634,0.49317413095245693,0.06220870906712325,0.5114959228087916,0.037617613579660106,0.5244777326454794
2026-09-09,main,605133,,0.7585318606316408,0.04515121493773663,0.4989045282894247,0.0564701266103479,0.5117805201234643,0.04293023664318463,0.5250826920139834
2026-09-09,main,605136,,0.6626362310075704,0.02757380630923262,0.4872632464738048,0.037118432557946945,0.5112022597083294,0.032135903861985574,0.523853443736652
2026-09-09,main,605151,,0.7379500059902885,0.03980424299547978,0.4964054562381248,0.054984306565389426,0.5116564120479924,0.040613474251363815,0.5248188864394558
2026-09-09,main,605162,,0.4103987242452343,0.07194668954227768,0.45674121207529106,0.10584249384957498,0.509681102704326,0.0037432065246172375,0.5206187688739621
2026-09-09,main,605167,,0.5858589053634776,0.04231434835934027,0.477952183123587,0.056089880597297595,0.5107392629267387,0.023493591315504284,0.522869056378583
2026-09-09,main,605168,,0.46779459911072374,0.06589303886806461,0.4636661876193796,0.09012425567915254,0.5100272541081861,0.010203878152666497,0.5213549710132377
2026-09-09,main,605177,,0.7692129119053532,0.0560144999275733,0.5002014630705286,0.07370237600279936,0.5118449260275272,0.04413253149596863,0.5252195896622119
2026-09-09,main,605178,,0.6509697893006147,0.062993158118996,0.4858476850001908,0.08830401827929449,0.5111319077997825,0.030822690166522948,0.523703876199249
2026-09-09,main,605179,,0.7334231155784576,0.08175524289435679,0.4958558158272195,0.13286302149812013,0.5116291148172051,0.040103912327,0.5247608616742871
2026-09-09,main,605183,,0.6508905281031685,0.03139154665379583,0.4858380684999863,0.04220767217100608,0.511131429831068,0.03081376826105943,0.5237028600306167
2026-09-09,main,605188,,0.5767030705657863,0.02882526751007814,0.4768427168450866,0.029107855119834165,0.5106840484787761,0.022462979930153365,0.5227516544001253
2026-09-09,main,605189,,0.6347873626632742,0.04449539879881705,0.483884551841894,0.06486838564379326,0.5110343225087386,0.029001142104160077,0.5234964052482093
2026-09-09,main,605196,,0.3368418775387174,0.05441508767585186,0.44789111588407016,0.07446666038847678,0.5092374718298436,-0.004536598142169064,0.5196751435949329
2026-09-09,main,605198,,0.35670857607192835,0.06884604354357195,0.45027839201052555,0.09899004056658979,0.509357291926444,-0.002300336113629127,0.5199300179989751
2026-09-09,main,605208,,0.6157646658537965,0.04788540595875995,0.4815774983045672,0.0645838185756332,0.5109196083907517,0.026859883732299777,0.5232525095211472
2026-09-09,main,605222,,0.3574230820347269,0.06936821110884323,0.4503642937545079,0.09740757205685083,0.5093616012371773,-0.002219908932882382,0.5199391843663838
2026-09-09,main,605258,,0.7585118926894595,0.0497077534668314,0.4989021037126027,0.06350090504500724,0.5117803997179673,0.04292798898483245,0.5250824360839222
2026-09-09,main,605277,,0.5589191795373066,0.035107670334241475,0.4746884009898729,0.04788556649672456,0.5105768016184935,0.02046116568003027,0.5225236107858034
2026-09-09,main,605286,,0.7791191972231445,0.06199086875695818,0.5014043207104795,0.08683173766329684,0.5119046598019641,0.04524761610164815,0.5253465538479716
2026-09-09,main,605287,,0.6223236938921626,0.06153767326624386,0.4823728868971561,0.08441540821778457,0.510959161962295,0.027598189864131734,0.5233366060543113
2026-09-09,main,605288,,0.7909232982551654,0.07574947159611413,0.5028375957374781,0.10488947759909933,0.5119758367453389,0.046576325191124174,0.5254978371622655
2026-09-09,main,605289,,0.6061584819728123,0.06812534008836815,0.48041276222294527,0.0923547395333956,0.5108616789998622,0.02577857954799828,0.5231293415219969
2026-09-09,main,605296,,0.3595255710407927,0.03088787062959656,0.4506170834215482,0.0387790302687544,0.509374281708922,-0.001983245738853043,0.5199661570328857
2026-09-09,main,605299,,0.6346024443674635,0.051299833656585414,0.48386212167068393,0.0724870786349156,0.511033207386452,0.028980327082347948,0.5234940344087734
2026-09-09,main,605300,,0.7889075254464768,0.042949792784485824,0.502592839654308,0.06272021599705722,0.5119636819745755,0.04634942306228289,0.5254720030146489
2026-09-09,main,605303,,0.694831288932458,0.07124704640480392,0.4911706628082889,0.09976323934511393,0.5113964026073615,0.03575988725427967,0.524266172464452
2026-09-09,main,605305,,0.5565582078187704,0.03854855431521633,0.47440246523749097,0.05078026959694605,0.5105625635583618,0.020195406807422767,0.5224933352338411
2026-09-09,main,605318,,0.6943352186134916,0.05464581380424875,0.4911104468505306,0.07340886192759395,0.5113934112260359,0.035704047920132834,0.5242598132765232
2026-09-09,main,605319,,0.6482364162141916,0.044756299530610534,0.4855160599389946,0.06438401230013346,0.5111154247312227,0.030515012550497184,0.5236688328608045
2026-09-09,main,605338,,0.881620363833583,0.02624708963916815,0.5138468900092904,0.03687322064272702,0.5125227099137198,0.05678549021740953,0.5266600675852224
2026-09-09,main,605358,,0.35077928069709524,0.05977314960991395,0.44956565512084856,0.08108269883031101,0.5093215312528849,-0.0029677574307931803,0.5198539507970447
2026-09-09,main,605365,,0.6804709275967524,0.04151096588188563,0.48942762766101316,0.05826093953317099,0.5113098070614104,0.03414343695593404,0.5240820820080205
2026-09-09,main,605366,,0.569995758508318,0.06227309354025262,0.47603009682941083,0.08290365655134899,0.5106435997314802,0.02170798245321423,0.5226656473524688
2026-09-09,main,605376,,0.4998871884761455,0.06559125900913884,0.46754454043308213,0.08808012609538268,0.5102207986015002,0.013816327341214074,0.5217665741852009
2026-09-09,main,605388,,0.7256980678858213,0.050631474587771855,0.49491788934283604,0.07280014402112496,0.5115825324802794,0.039234355123279205,0.5246618420332303
2026-09-09,main,605389,,0.7433427731610391,0.03848541960482549,0.4970602398371999,0.05243268885691156,0.5116889304404899,0.041220502159526135,0.5248880089628895
2026-09-09,main,605398,,0.6185058124171449,0.04300796357497101,0.48190989568617654,0.05011217076824741,0.51093613862135,0.02716843635688565,0.5232876552737116
2026-09-09,main,605488,,0.5723505679796916,0.04817787791659713,0.47631537799862766,0.06258609755461725,0.5106578005319041,0.02197304768267226,0.5226958429416069
2026-09-09,main,605499,,0.47946159485458023,0.0336200466202477,0.46507564720081407,0.04136225210367629,0.5100976159606733,0.01151715421237557,0.5215046093301748
2026-09-09,main,605566,,0.7782419382095271,0.052757414263810844,0.5012978011429419,0.07214331496925669,0.5118993700435251,0.04514886889319439,0.5253353105650399
2026-09-09,main,605567,,0.7903641280328398,0.04301434520143053,0.5027697011571984,0.06271654520881098,0.5119724650444305,0.04651338312082566,0.5254906708494547
2026-09-09,main,605580,,0.5179661173456752,0.04892908604342475,0.46973111697525305,0.05892453134135603,0.5103298279448569,0.015851352037442222,0.5219984323212477
2026-09-09,main,605589,,0.41689454684940275,0.06005252017324426,0.45752416338105356,0.08023276593710119,0.5097202791296971,0.0044743980413934,0.5207020936754727
2026-09-09,main,605598,,0.7866243280712548,0.04169773806679554,0.5023156112598054,0.05493661549625485,0.5119499146615988,0.04609241872986522,0.5254427413886673
2026-09-09,main,605599,,0.5747860746217038,0.02651462460671273,0.4766104517505685,0.03574739921661463,0.5106724879626964,0.022247196455538784,0.5227270731315001
2026-09-09,dual,300001,,0.35536668088515283,0.046906380205167575,0.6874913353211023,0.06431948251170914,0.7073696577744013,-0.025953697752964695,0.768319891173801
2026-09-09,dual,300002,,0.3941805470302438,0.028860541696117025,0.6748463855038097,0.03775348972389267,0.6936978989323004,-0.021195845128623103,0.7519195284654319
2026-09-09,dual,300003,,0.4773439174356787,0.021421882206852205,0.6468960866736242,0.02734943670169104,0.6632501601835262,-0.011001574383897657,0.7142466511570399
2026-09-09,dual,300004,,0.6961667308232504,0.053925245379341825,0.5688446819986652,0.0726055896537764,0.5769711375379799,0.01582200183626062,0.6008138337052615
2026-09-09,dual,300005,,0.44026696074657456,0.060342618929372656,0.6594955881525765,0.08367902025334882,0.6770119695929955,-0.015546514458313947,0.731460567685406
2026-09-09,dual,300006,,0.6440552856355143,0.056297669656331775,0.5879066124630067,0.0720911757718074,0.5981734945103395,0.009434115215590608,0.62940244212511
2026-09-09,dual,300007,,0.6144202498985634,0.027628843947819733,0.5986341888051369,0.03682783811976927,0.6100744805557228,0.005801415189614398,0.6452786340951587
2026-09-09,dual,300008,,0.1791874655375108,0.03324979145049871,0.7412980479145699,0.04790493171000056,0.7646768480186902,-0.047549967986978414,0.8330279441591598
2026-09-09,dual,300009,,0.4375738407598915,0.02599987895475046,0.6604022961084068,0.03544003877345908,0.6780000851988064,-0.01587664050008491,0.7326850397608804
2026-09-09,dual,300012,,0.2508926434940022,0.028447117653474033,0.7201391561777161,0.039414623861466554,0.7423238639658397,-0.03876025691197585,0.8086132624405853
2026-09-09,dual,300014,,0.4121112371123295,0.0314615284735701,0.6689161883764203,0.04389633721774511,0.6872629922955947,-0.018997878542547857,0.7440853788382985
2026-09-09,dual,300015,,0.32496103788012776,0.020046589576204983,0.697206893738185,0.026236240047628454,0.7178257643801671,-0.02968085978896169,0.7806280976926515
2026-09-09,dual,300016,,0.4570603106565819,0.039136475091991016,0.6538155009083559,0.05497953864208497,0.6708149613362536,-0.013487964463780082,0.7237455928318712
2026-09-09,dual,300017,,0.43689759568867764,0.07099495840844383,0.6606297870858898,0.09430200687390722,0.6782479525576195,-0.015959535473101652,0.7329919482652048
2026-09-09,dual,300018,,0.7094653502429281,0.053672833412766116,0.5639449316489564,0.07321214691644434,0.5715113308693368,0.017452163363316744,0.5933979664573106
2026-09-09,dual,300021,,0.511318677888867,0.023604883489673024,0.6351681906031041,0.03355074008534917,0.6503912632262596,-0.006836905433391077,0.6979055700577822
2026-09-09,dual,300022,,0.6166865031887556,0.028464693773932244,0.597817017639044,0.03903609886272791,0.609168806448735,0.0060792153738026405,0.6440752719441787
2026-09-09,dual,300024,,0.32844078694118756,0.034860608812947634,0.6961036807104777,0.0467140103785037,0.7166406677204092,-0.02925430776396308,0.7792436465794598
2026-09-09,dual,300025,,0.6964868548361927,0.04117083438100731,0.5687268895358352,0.05991143691354113,0.5768399242418248,0.01586124304117946,0.6006358464852941
2026-09-09,dual,300026,,0.43734027611606446,0.024418263405675954,0.6604808763676339,0.033412086523397694,0.6780857061064335,-0.015905271148457627,0.7327910665626026
2026-09-09,dual,300031,,0.5473402761160645,0.0308467705777017,0.6225563233142847,0.039783290731598746,0.6365149916574477,-0.002421332529171996,0.6800157778799102
2026-09-09,dual,300032,,0.6418887004650485,0.03284267006358409,0.5886938626111968,0.04073868472648075,0.5990476797803909,0.009168532475117744,0.6305731441466116
2026-09-09,dual,300033,,0.2684497341836682,0.042101660337709366,0.7148000464117896,0.053514455130874994,0.7366442352055679,-0.03660808661022415,0.8022356734562569
2026-09-09,dual,300034,,0.24942061403052468,0.035871700615802526,0.7205840140279945,0.0448666783209013,0.7427964070178966,-0.03894070013862413,0.80914077690595
2026-09-09,dual,300035,,0.40318261738053873,0.03283235115666826,0.6718759955153568,0.04353103193978046,0.6904764924510894,-0.02009236000089703,0.7480065969799933
2026-09-09,dual,300036,,0.7642796949614541,0.02772252710593964,0.5436272796746745,0.029347943488861897,0.5488369411116387,0.024171374814598273,0.5624147488932744
2026-09-09,dual,300037,,0.19543336905294478,0.05767088021250958,0.7365965753583776,0.07338996937438699,0.7597323278216896,-0.045558524661369795,0.8277239984506989
2026-09-09,dual,300039,,0.5119080514778556,0.03726469725008225,0.6349632719764761,0.04884641400862023,0.6501661869078741,-0.006764659276138799,0.69761745224132
2026-09-09,dual,300040,,0.5193571510315338,0.04674615725476657,0.6323691081829306,0.0643964496507908,0.6473157044725258,-0.005851539265677483,0.6939625632354918
2026-09-09,dual,300041,,0.5959499162496489,0.01656032657987555,0.6052734691636601,0.023140745681584335,0.6174270967929292,0.0035372984150717768,0.6550167096170021
2026-09-09,dual,300042,,0.4319480019559088,0.0770668046096318,0.6622925838907427,0.10536424912829906,0.6800590902391106,-0.016566262910220342,0.735231451232429
2026-09-09,dual,300043,,0.64377303134656,0.028675572469259492,0.5880091979247746,0.03993228045744236,0.598287415467291,0.009399516129160707,0.6295550431439679
2026-09-09,dual,300045,,0.5615789802224327,0.026836209975143917,0.6175238599974175,0.03405116676950154,0.6309651280791925,-0.0006759342365498244,0.6727915880101349
2026-09-09,dual,300046,,0.6296061132554438,0.02663407212023161,0.5931481735742725,0.035612275218741364,0.6039914677202982,0.007662917456751087,0.6371806217468738
2026-09-09,dual,300047,,0.6154813304341493,0.02485967911861377,0.5982516497395939,0.029688380963976087,0.6096505297309829,0.005931483778814042,0.6447154366605791
2026-09-09,dual,300049,,0.43201541838762375,0.04848903973917712,0.662269962420409,0.0614810338440196,0.6800344577338003,-0.016557998919064204,0.7352010287332321
2026-09-09,dual,300050,,0.44711305777213667,0.043826054255962664,0.6571854214041885,0.0613631017641486,0.6744929980313096,-0.014707311257638009,0.7283319409081935
2026-09-09,dual,300051,,0.5653522196443992,0.06036495257711699,0.6161859781491607,0.08056353101915198,0.6294885250426012,-0.00021340579326195597,0.6708631923176721
2026-09-09,dual,300052,,0.771559421134219,0.0652186145573383,0.5409164884703292,0.09961923887443275,0.5458081913007263,0.025063732822587087,0.5582575150990007
2026-09-09,dual,300053,,0.5245004629677795,0.04187056270213801,0.6305734461229332,0.0525994888772847,0.6453414055807404,-0.005221065607057693,0.6914246517577954
2026-09-09,dual,300054,,0.30938128777869106,0.06402104989941462,0.7021183320639498,0.08341781526535186,0.7230946873260291,-0.03159064518961243,0.7867499423822271
2026-09-09,dual,300055,,0.4784341285281787,0.04780379293575504,0.6465223984954902,0.0638389286311031,0.6628411420162414,-0.010867934934321893,0.7137305821197084
2026-09-09,dual,300056,,0.7620079276729887,0.046853759275186674,0.5444727088265915,0.06574760842806102,0.5497813864410962,0.02389289871755311,0.5637103227768157
2026-09-09,dual,300057,,0.47891462666070184,0.06019158707393472,0.6463576427825704,0.08326989539707969,0.6626607944342916,-0.010809034867725317,0.7135029534243057
2026-09-09,dual,300058,,0.3458275679106108,0.06236502397951374,0.6905576987056257,0.08304040787684588,0.7106744322247741,-0.027123014242338837,0.7722325754701754
2026-09-09,dual,300059,,0.2629698602773646,0.027187369171897402,0.7164730364604263,0.0349177109482849,0.738425551218747,-0.03727981645926071,0.8042432551126301
2026-09-09,dual,300061,,0.4625568305954078,0.039173384349028645,0.6519467267565111,0.04936462851164204,0.6687735507728844,-0.01281419412310001,0.7211908946255644
2026-09-09,dual,300062,,0.5180621937390111,0.04726167537770183,0.6328206351927154,0.06621428710634916,0.6478119949951067,-0.006010276762468139,0.6945997043365781
2026-09-09,dual,300063,,0.4808080608412489,0.050249250138517006,0.6457080740275863,0.06718974756400913,0.6619496625393649,-0.010576935319814823,0.7126049142349825
2026-09-09,dual,300065,,0.2578402813179496,0.04816040601853965,0.7180336967036898,0.06487834450667562,0.7400859315967607,-0.037908606712274626,0.8061084971169138
2026-09-09,dual,300066,,0.717323109895026,0.03328358966497084,0.5610438717710825,0.04419283402315123,0.5682770021093676,0.018415377443625716,0.5889958202731655
2026-09-09,dual,300067,,0.5981187902495865,0.07075177418878774,0.604495812079429,0.09875368783969558,0.6165664260133076,0.003803161723145626,0.6538797497419467
2026-09-09,dual,300069,,0.6719529957656655,0.0761637092762874,0.5777308454152917,0.11294058089314163,0.5868631959618354,0.012853851679350436,0.614196294507681
2026-09-09,dual,300070,,0.37552284147775156,0.020955667822723092,0.6809580666221267,0.02709954746596613,0.7003144726659162,-0.02348293018722774,0.7598989552251214
2026-09-09,dual,300071,,0.6024949281619659,0.05348862000236312,0.6029251262863541,0.07036713490934292,0.614827629428201,0.004339594223146115,0.6515803561939378
2026-09-09,dual,300072,,0.4731519262580759,0.03912801082699523,0.6483312866164999,0.04892795435057707,0.6648206028110768,-0.011515433945092052,0.7162257886647228
2026-09-09,dual,300073,,0.42439528084977995,0.02544299255784027,0.6648221664362823,0.03182907874229554,0.6828123104546777,-0.017492084981162385,0.7386255202228855
2026-09-09,dual,300075,,0.6188132419188714,0.02608497338562501,0.5970496583641369,0.03276212332091681,0.6083182023830285,0.006339913687403914,0.6429443325935789
2026-09-09,dual,300077,,0.4977350991999501,0.06872449950817788,0.6398773508892458,0.09269974353159703,0.6555599792374062,-0.008501997626769182,0.7045025124944543
2026-09-09,dual,300078,,0.7542469230849259,0.02579223955991848,0.5473589736727015,0.03190215253350886,0.553005134896537,0.022941544994921903,0.5681297131366486
2026-09-09,dual,300079,,0.3826601400347486,0.027805351594285842,0.6786273063428071,0.038469464812974585,0.6977930305894718,-0.022608031135863522,0.7568673826935955
2026-09-09,dual,300082,,0.6606602232649113,0.04532502899965703,0.581858382883403,0.06217684017010709,0.5914532848637619,0.011469569395334736,0.6203803846818738
2026-09-09,dual,300083,,0.47871274149751875,0.06022848619671842,0.6464268704603072,0.07969231218437996,0.662736574694178,-0.010833782205439,0.7135986066498406
2026-09-09,dual,300084,,0.6346126156118977,0.04868513334479594,0.591334357490296,0.06325809907429106,0.6019788345926831,0.008276620824675937,0.6344934388559161
2026-09-09,dual,300085,,0.3171685098679762,0.06644969690030801,0.6996691794531185,0.08883035448803349,0.7204687207072886,-0.030636077692642746,0.783705742992113
2026-09-09,dual,300086,,0.7929918122327532,0.04682312960975639,0.5329221181146314,0.0625798451793208,0.5368723147664054,0.0276909423320158,0.5459727658826518
2026-09-09,dual,300088,,0.255952725267637,0.06181854899193957,0.718606665528574,0.08848425611541305,0.7406951858959053,-0.0381399857115735,0.8067914533022233
2026-09-09,dual,300093,,0.6253208002580135,0.05728572620766641,0.5946986957166388,0.07867878705164504,0.6057113894748098,0.007137618389280384,0.6394739345672501
2026-09-09,dual,300094,,0.4279163328790354,0.05936145985911558,0.6636440507281012,0.08048406828682199,0.6815303457142987,-0.01706046998627337,0.7370467210583248
2026-09-09,dual,300097,,0.685767226042718,0.06446233127055108,0.5726669623419326,0.08413754439598217,0.5812277086253543,0.014547217435063653,0.6065811743110304
2026-09-09,dual,300098,,0.6627164244322142,0.019003233274548514,0.5811076713714985,0.025713612530653983,0.5906186778147233,0.011721621125596715,0.6192572200180012
2026-09-09,dual,300099,,0.5506221454655168,0.04010323247307701,0.6213986905773293,0.0537988786054628,0.6352389650299088,-0.0020190368485853566,0.6783581593296238
2026-09-09,dual,300100,,0.6241318573851163,0.03468844657882149,0.5951285487121971,0.043417213832023904,0.6061881131379051,0.006991876273644185,0.640109084141097
2026-09-09,dual,300101,,0.6043965293022192,0.027208729328072875,0.6022419387839785,0.032829724677992056,0.6140711373540899,0.004572694887269191,0.6505789683639573
2026-09-09,dual,300102,,0.6258605478625454,0.06039513107688038,0.5945035062217876,0.06592905695666434,0.6054949034705454,0.007203781330820516,0.6391854326750208
2026-09-09,dual,300103,,0.8152709661981503,0.05611719296904045,0.5245940000785453,0.07275582380884849,0.5275583029248049,0.030421949100734244,0.5331432618647387
2026-09-09,dual,300105,,0.607229996150605,0.04770142766704355,0.6012232214212014,0.06652624848566767,0.6129429100928572,0.004920024824209321,0.6490843921620455
2026-09-09,dual,300106,,0.5163041646292617,0.06313377653511056,0.6334332536088444,0.08556227307644274,0.648485246551926,-0.006225778186166139,0.6954634938468007
2026-09-09,dual,300107,,0.6406882094070891,0.04218425197037733,0.5891298777728609,0.05594419141104555,0.5995317894311203,0.00902137476840388,0.6312211627855127
2026-09-09,dual,300109,,0.5049154693660983,0.03287332313258906,0.6373913451099729,0.044673492459948526,0.6528322546664577,-0.007621818803277433,0.7010257374661795
2026-09-09,dual,300110,,0.7230054411718807,0.027739708878120026,0.5589433588066066,0.037994626735465054,0.5659344508677678,0.01911192477227623,0.5858034680462344
2026-09-09,dual,300111,,0.6354921503552888,0.03400173676957513,0.5910154505517377,0.043794460757665306,0.6016248997872367,0.008384435301888801,0.6340204869776014
2026-09-09,dual,300112,,0.7066874395280849,0.04889372527543579,0.5649694917052027,0.06492306443538202,0.5726533000320911,0.017111643567236726,0.5949506893573412
2026-09-09,dual,300113,,0.5614803524797387,0.03530864142435566,0.6175588067705171,0.047448107098319516,0.6310036918933916,-0.0006880241495375028,0.672841916006236
2026-09-09,dual,300115,,0.40077476877620455,0.04098693955525975,0.6726718684296892,0.050483687235835246,0.6913399764880198,-0.02038751711712771,0.7490572143659807
2026-09-09,dual,300118,,0.4975258793786868,0.038915668660001373,0.639949675878823,0.047928875654772024,0.655639306537225,-0.008527644056113295,0.7046034653891031
2026-09-09,dual,300119,,0.5151192792267918,0.03172029253836929,0.6338459062311409,0.043800182316332245,0.6489386753684737,-0.006371022931964232,0.6960448996611039
2026-09-09,dual,300120,,0.568895535742153,0.04980039569419117,0.6149280168425997,0.06964746763863777,0.6280996909053336,0.0002209383592002151,0.6690470474993603
2026-09-09,dual,300121,,0.5888969922699987,0.0399305057865214,0.6077986185140705,0.0538661204219518,0.6202207853343098,0.0026727421057255035,0.6587016749938504
2026-09-09,dual,300122,,0.44449338840395763,0.030502329864368793,0.6580702973123049,0.038238900743220776,0.6754580881429588,-0.01502843363003209,0.7295318104285068
2026-09-09,dual,300124,,0.5170144300294426,0.025270465773023502,0.633185800027433,0.0307889516001151,0.6482133155448555,-0.0061387129583530264,0.6951146775751366
2026-09-09,dual,300125,,0.729348932052976,0.05790649325631209,0.5565959521077094,0.0809546076028008,0.5633158558161311,0.019889517878391563,0.5822311520639527
2026-09-09,dual,300127,,0.6055614394656624,0.03302641943763866,0.6018232248960537,0.043319538433614455,0.6136074420404293,0.004715491043095099,0.6499648663147879
2026-09-09,dual,300128,,0.512380902839189,0.04450040555876878,0.6347988314628217,0.05742936586181014,0.6499855609693616,-0.006706696560390926,0.6973861843020936
2026-09-09,dual,300129,,0.6112072535086717,0.036972093940177,0.5997917989044506,0.04940839862878354,0.6113572050749068,0.00540756204320271,0.6469815605615274
2026-09-09,dual,300130,,0.595518263818808,0.028558332865074542,0.6054281761672481,0.03856554323426448,0.6175983010835023,0.003484385916141558,0.6552427780513433
2026-09-09,dual,300131,,0.3745356277114827,0.07619106477997266,0.6812797438603585,0.10286663560751062,0.7006622836747587,-0.023603944094759403,0.7603162331198191
2026-09-09,dual,300132,,0.5647138442971733,0.02940090046394801,0.6164124518874837,0.03726102349654793,0.6297385151426708,-0.00029165864778976647,0.6711898548628568
2026-09-09,dual,300133,,0.3907029827609526,0.04707103734401856,0.6759901303763997,0.06239530732694789,0.6949373256693024,-0.0216221293390935,0.7534201749504863
2026-09-09,dual,300134,,0.6874538852880284,0.03677667463560953,0.5720476167788512,0.04798614425168311,0.5805381538326475,0.01475397025084016,0.6056477597653147
2026-09-09,dual,300135,,0.5375138110051083,0.0405463144294816,0.6260140748071523,0.05353518814916536,0.6403240967349709,-0.0036258730055418603,0.6849517386832551
2026-09-09,dual,300136,,0.3730650547758508,0.06260407837774343,0.6817586002953347,0.08353056313351077,0.701179960736898,-0.02378420877838889,0.7609368970530649
2026-09-09,dual,300137,,0.7748442035393628,0.0559653420464455,0.5396925131305398,0.07430382046295,0.5444404242214945,0.02546638558921134,0.55637896130527
2026-09-09,dual,300138,,0.5452997846419543,0.02595231490195411,0.6232753744782946,0.03567931577137693,0.637307390700891,-0.0026714585454454265,0.6810441128131275
2026-09-09,dual,300139,,0.2278269644919319,0.05548009175527963,0.7270597519982263,0.08135750234566086,0.7496629225135705,-0.041587676910849136,0.816751533804942
2026-09-09,dual,300142,,0.23274513883831502,0.046800014399662686,0.7255931060719902,0.06814297811530169,0.7481097967866899,-0.040984800901707544,0.8150390623667435
2026-09-09,dual,300144,,0.38657050114961666,0.016958709788938604,0.6773465435285891,0.021251429397593804,0.6964065034217,-0.022128694142662407,0.7551954762971813
2026-09-09,dual,300145,,0.3607817393023232,0.05808323047455413,0.6857433028572151,0.0786568392287486,0.7054838249755873,-0.025289913068264953,0.7660779917001068
2026-09-09,dual,300146,,0.3988838835193874,0.0185765032867169,0.6732961726245161,0.0258659762064946,0.6920171354524423,-0.020619304214755295,0.7498802204282407
2026-09-09,dual,300148,,0.6137579458795868,0.026127520474768795,0.5988729007416361,0.033318730374427924,0.6103390174464685,0.005720229128349075,0.6456299661491628
2026-09-09,dual,300149,,0.4762657747167574,0.055398788117072814,0.6472654616649101,0.07541659812026996,0.6636544102504716,-0.011133734477031879,0.7147564581431828
2026-09-09,dual,300151,,0.46176364714572565,0.053240162859988255,0.6522166935545969,0.06765655083189773,0.669068534191387,-0.01291142354991226,0.7215604476935558
2026-09-09,dual,300153,,0.29745450951424796,0.049784953589797815,0.705847014130888,0.06885496219979567,0.7270869261755795,-0.03305264469909953,0.7913516060393505
2026-09-09,dual,300154,,0.5564749945380206,0.06534891817150065,0.6193307521113629,0.09183287171450988,0.6329585989006274,-0.0013015872336618606,0.6753908206528331
2026-09-09,dual,300157,,0.6602004806541891,0.0360059830959441,0.5820261814940275,0.044557893232344783,0.5916398213493826,0.011413213566756134,0.6206313353736286
2026-09-09,dual,300158,,0.6054463737658529,0.03708478102600074,0.6018645906139654,0.05005134669718679,0.6136532534088641,0.004701386144609493,0.6500255473132877
2026-09-09,dual,300159,,0.42245237674133107,0.04635099436569414,0.6654713696993109,0.06447544250562762,0.6835185096764909,-0.017730248615175866,0.7394940692220308
2026-09-09,dual,300161,,0.6343028953692819,0.05409338495601836,0.5914466394132335,0.07673781456201224,0.602103444186645,0.008238654927034267,0.6346599229096715
2026-09-09,dual,300162,,0.6891505321528523,0.072964840596558,0.571424375866367,0.08857581079819997,0.5798441983566922,0.014961947361602779,0.604708039690061
2026-09-09,dual,300163,,0.4153119570532361,0.06814330202896361,0.6678518827863061,0.08976231854920105,0.6861066038326137,-0.01860553025872324,0.7426699975536677
2026-09-09,dual,300164,,0.41977715123960924,0.06644004789723998,0.6663642466386034,0.09491767845366927,0.6844895067132873,-0.018058181128430086,0.7406869292376701
2026-09-09,dual,300166,,0.49458598195986225,0.06941160606481653,0.6409652928896753,0.08746549321836386,0.6567530722062281,-0.008888020386498989,0.7060199055383217
2026-09-09,dual,300168,,0.6697661232430634,0.029088589404326,0.5785310199059684,0.03846643759385519,0.5877532836042311,0.012585782089687081,0.6153968091954845
2026-09-09,dual,300170,,0.5128694638937151,0.05719848207010958,0.6346288946525644,0.07683429518931528,0.6497988888412707,-0.006646808130654533,0.6971471277381293
2026-09-09,dual,300171,,0.5225121984207077,0.03063298937163459,0.6312680320285263,0.04069957260283417,0.646105207300423,-0.005464789580799684,0.6924071215091975
2026-09-09,dual,300174,,0.4569380663552471,0.05756872072657657,0.6538570093711819,0.07474458807929207,0.6708602900887363,-0.013502949324286959,0.7238022453114483
2026-09-09,dual,300175,,0.7897323109895026,0.04723725305347065,0.5341391189360615,0.059810027536855964,0.5382329813619966,0.02729138856207511,0.5478450589589915
2026-09-09,dual,300177,,0.6669476378239475,0.0247248238657755,0.5795616923713683,0.03203206551578651,0.5888995998749982,0.012240288595226079,0.6169419844940189
2026-09-09,dual,300179,,0.09298068019850395,0.10456355624326034,0.7653172803936964,0.1255806840397116,0.7897230948321762,-0.05811730436949752,0.8590076638466478
2026-09-09,dual,300180,,0.5146295737575297,0.03210467839806412,0.6340163955849735,0.042205490987608424,0.6491259961373432,-0.006431051645501132,0.6962850082251053
2026-09-09,dual,300181,,0.3887259542858332,0.02308563919615501,0.6766394253093134,0.030445770654961325,0.6956406956138542,-0.021864475980976135,0.7542705794510529
2026-09-09,dual,300182,,0.462445614290619,0.03555421756131247,0.6519845860696852,0.047462063502276414,0.6688149199054045,-0.012827827157893067,0.721242729681602
2026-09-09,dual,300184,,0.42612750860911996,0.05494946174334301,0.6642428324051857,0.07243519239656578,0.6821819762028546,-0.01727974631951181,0.7378495752572899
2026-09-09,dual,300185,,0.40148373370509477,0.03379567095771023,0.6724376351899852,0.0460345281406479,0.6910858714688345,-0.020300611302724238,0.748748174259114
2026-09-09,dual,300188,,0.4977542421373506,0.029053816325051978,0.6398707330692943,0.037493844731497056,0.6555527206128188,-0.008499651061379176,0.7044932746307742
2026-09-09,dual,300189,,0.16345956574662657,0.10007131362111032,0.7457972453560073,0.13702226136033965,0.7693961792741658,-0.04947791376325622,0.8380376013777835
2026-09-09,dual,300190,,0.6861362477761941,0.04110057932557291,0.572531476019844,0.053195225378425776,0.5810768689513696,0.014592452584185234,0.606377020133904
2026-09-09,dual,300191,,0.3759977735931501,0.06327376421574007,0.6808032515979078,0.08885710061258353,0.7001470642376022,-0.023424712410024452,0.7596980328225439
2026-09-09,dual,300192,,0.338589352781448,0.04878538536738163,0.692873314965082,0.0772067924920662,0.713167249937924,-0.028010283774291704,0.7751702560251018
2026-09-09,dual,300196,,0.4817394063608652,0.05775251501422138,0.6453883655838702,0.07827175917006932,0.6615996008058908,-0.010462769812361612,0.7121625694759411
2026-09-09,dual,300197,,0.4934851070027778,0.05844999537712364,0.6413452767863136,0.07831979510615752,0.6571696905164721,-0.009022967026033855,0.7065492849567564
2026-09-09,dual,300199,,0.2307256629802641,0.05280875955205841,0.7261959254730892,0.07010597953291905,0.7487483059790768,-0.04123235079728106,0.8157437213472792
2026-09-09,dual,300200,,0.7029020276948366,0.031759208163613814,0.566364747776944,0.047211658063854585,0.5742081941313631,0.016647623014434565,0.5970634982689096
2026-09-09,dual,300201,,0.36652982240764054,0.059446515139325966,0.6838819869203899,0.07769106886702981,0.7034742895433687,-0.02458530579762267,0.7636817766234134
2026-09-09,dual,300203,,0.5835587136778368,0.03665115527122794,0.6097060564644339,0.04851991109977645,0.622330023377092,0.002018369188731342,0.6614781212525247
2026-09-09,dual,300204,,0.4784738709308254,0.06767293088515156,0.6465087727322927,0.09183444040402658,0.6628262271138756,-0.010863063260523068,0.7137117588692451
2026-09-09,dual,300206,,0.6719134614384253,0.026148043648847825,0.5777453146217585,0.03161500637885332,0.5868792920429952,0.012849005511697154,0.614218009820212
2026-09-09,dual,300207,,0.3023351262497529,0.03226671957114406,0.7043244726799798,0.042610168523024856,0.7254575943646135,-0.03245437254922856,0.7894774265890192
2026-09-09,dual,300209,,0.13402136934425038,0.10264611055108822,0.7540787799016606,0.145167845561743,0.7780500915791463,-0.05308648497554818,0.847087477994536
2026-09-09,dual,300213,,0.5844760141075126,0.02324680511386335,0.6093785296430139,0.031101110578159154,0.6219679103783052,0.002130813031360368,0.6610018158643122
2026-09-09,dual,300214,,0.47448953900893687,0.07554524747712768,0.6478736216098318,0.10640121127413985,0.6643198880876822,-0.011351467688464928,0.7155951699018813
2026-09-09,dual,300215,,0.5513313704886651,0.03550700966488099,0.6211483391888144,0.04601891314494407,0.6349629599544958,-0.001932099151499972,0.6779993484535543
2026-09-09,dual,300217,,0.6508054598986672,0.030782719306061464,0.5854510018776004,0.03862911998359786,0.5954459164841951,0.010261560083170931,0.6257453153132551
2026-09-09,dual,300219,,0.5587823427210021,0.02987437745330221,0.618514320107839,0.041668201973349826,0.632057973302903,-0.0010187495857287426,0.6742171173236338
2026-09-09,dual,300221,,0.4789823031866749,0.055754546786297925,0.6463344347072874,0.07572355581914668,0.6626353892865621,-0.010800738993887248,0.713470883996055
2026-09-09,dual,300222,,0.493388716070704,0.04033967679546634,0.6413785391575794,0.05447080206811137,0.6572061574639241,-0.009034782747956938,0.7065956100667029
2026-09-09,dual,300223,,0.34165107835079433,0.06622027583631739,0.6918949987413618,0.0872431499425605,0.7121143691103454,-0.027634973595690226,0.7739309259922663
2026-09-09,dual,300224,,0.35639852682612183,0.031023448832165502,0.687158654640304,0.03979819496447634,0.7070108563519482,-0.02582721277721392,0.7678938545031166
2026-09-09,dual,300225,,0.4586728950571688,0.06233384401223581,0.6532677234446364,0.0824772650233439,0.6702167102507747,-0.013290291835817071,0.7229975901249038
2026-09-09,dual,300226,,0.5196884070787253,0.02879532679570739,0.6322535681547617,0.03575449575559395,0.6471886999445794,-0.00581093348197205,0.6937994603028107
2026-09-09,dual,300227,,0.25953297475004944,0.048345207490825964,0.717519276415719,0.06024845596122565,0.7395387846534797,-0.037701114218277335,0.8054944882276656
2026-09-09,dual,300228,,0.6800845826527535,0.021047075295250607,0.5747519565754886,0.025876650399186067,0.5835485871020608,0.01385063184719483,0.6097202485341247
2026-09-09,dual,300229,,0.5129318865156733,0.03954695212726427,0.6346071796956687,0.05289067473503941,0.649775034751196,-0.006639156286991452,0.6971165761898253
2026-09-09,dual,300231,,0.7115531788720232,0.037515782104518114,0.5631745304099708,0.05195908239138009,0.5706525447122732,0.017708092027701336,0.5922297356801662
2026-09-09,dual,300232,,0.5521525400805252,0.026106406513236355,0.6208583915347077,0.034136241628938524,0.6346432791978727,-0.00183143914811211,0.6775836402267817
2026-09-09,dual,300233,,0.5800667922054953,0.030609749340816905,0.6109519580037928,0.040696707787033895,0.6237072409860108,0.0015903250542184388,0.6632882927906361
2026-09-09,dual,300234,,0.5252556726557706,0.06261263560142447,0.6303094770812239,0.08732101907572418,0.6450510934953044,-0.005128491051807141,0.6910510217230977
2026-09-09,dual,300235,,0.7668054182835861,0.029375173786257303,0.542687046821728,0.03630893756686436,0.5477865053405917,0.02448098116227941,0.5609733461955768
2026-09-09,dual,300236,,0.3453117489778296,0.06034408442692541,0.6907230358080879,0.07917653690832713,0.7108525031670719,-0.02718624397714145,0.7724428169007462
2026-09-09,dual,300241,,0.48120423641527693,0.04222017906013796,0.6455720924056731,0.05693915950803227,0.6618007749980647,-0.010528371618699787,0.7124167992860146
2026-09-09,dual,300242,,0.8144752858435897,0.03894883029628682,0.524891694886934,0.048357667686907316,0.5278913141000998,0.03032441360017546,0.5336023142103348
2026-09-09,dual,300243,,0.4706130941853328,0.08010526473470014,0.6491991998685079,0.11022196330950554,0.6657699554947913,-0.011826647179942425,0.7174203982566466
2026-09-09,dual,300244,,0.46374962286332566,0.04558376245751291,0.6515405658852377,0.05916014548038117,0.6683297039117223,-0.012667980143771261,0.7206345932878027
2026-09-09,dual,300246,,0.6569898771314725,0.06812779619600946,0.5831974685286461,0.09378290842500354,0.5929417567471188,0.011019653741018196,0.6223820396583396
2026-09-09,dual,300248,,0.7369124730802443,0.029882788945356398,0.5537937681492838,0.03929800895609616,0.560189015802767,0.020816666268901884,0.5779604940539955
2026-09-09,dual,300249,,0.461271756884695,0.048396266519369444,0.6523840635157552,0.06431622940638007,0.6692514005290132,-0.012971720077977367,0.7217894737060576
2026-09-09,dual,300250,,0.7079277770263945,0.032998475328313334,0.5645120935424524,0.04320858624110796,0.5721435055752017,0.017263685700822234,0.5942576311481705
2026-09-09,dual,300251,,0.37008218978557833,0.030504504809243722,0.682728718213837,0.04002914248247785,0.7022284211230488,-0.024149852127829344,0.7621924438206078
2026-09-09,dual,300252,,0.32003266783882484,0.04666106761491369,0.6987654901116138,0.060455302534118245,0.719499059595345,-0.03028498559923492,0.7825781953949943
2026-09-09,dual,300253,,0.4988174034270019,0.03302217268966786,0.6395031088847172,0.0419424972261719,0.6551494769106295,-0.00836932741072409,0.7039799586666298
2026-09-09,dual,300254,,0.5811125791987017,0.04809584638144186,0.6105789771855631,0.06020995193216244,0.6232949900249853,0.0017185189417206481,0.6627466684069765
2026-09-09,dual,300255,,0.5133226521291316,0.04935748569095837,0.6344712316278214,0.06612757913326969,0.6496256911303592,-0.006591255745660551,0.6969252838997598
2026-09-09,dual,300256,,0.6885624070163028,0.03062880420160557,0.5716404416631187,0.04014612853208101,0.5800847867585494,0.014889854241223757,0.6050338719630746
2026-09-09,dual,300257,,0.44269384825060604,0.05068451075204926,0.6586775123954504,0.06591223299295197,0.6761201792342417,-0.015249023529766023,0.7303541068557332
2026-09-09,dual,300259,,0.6894355954597947,0.06694334384112441,0.5713196393182761,0.10732002223857397,0.5797275718852357,0.01499689078099753,0.604550075819222
2026-09-09,dual,300260,,0.438376283565164,0.05776443206123425,0.6601322557508575,0.07912426608200025,0.677705831959158,-0.01577827604979598,0.7323205668525842
2026-09-09,dual,300261,,0.6879201822740562,0.031249833938421043,0.5718763514080516,0.03915319874916166,0.5803474625886573,0.014811129523003397,0.6053895698467173
2026-09-09,dual,300263,,0.4137792736087558,0.049439286336340205,0.6683617464805054,0.06886788527772325,0.6866606367575946,-0.018793408526797485,0.7433483989464658
2026-09-09,dual,300264,,0.8601481496894474,0.07178953131118393,0.5077817263813434,0.10350776952670494,0.5087452703456071,0.035923050806216675,0.5071845562179327
2026-09-09,dual,300265,,0.4770866321955077,0.0633049049283015,0.6469842493462467,0.08559117689694377,0.6633466511244941,-0.011033112732862331,0.71436835985103
2026-09-09,dual,300266,,0.7282330236477701,0.03794877101492068,0.5570090799330475,0.04398411753304145,0.5637767633856748,0.019752728419841187,0.5828602092370402
2026-09-09,dual,300267,,0.5935404030420626,0.03257898752522099,0.6061367836061334,0.04199513076859829,0.6183823969680564,0.0032419372496767657,0.6562777397134526
2026-09-09,dual,300270,,0.7398572602711222,0.058459730501481004,0.5527018311611064,0.0799685728922509,0.5589703054019267,0.021177641993707835,0.5762945617167982
2026-09-09,dual,300271,,0.7506480508536295,0.0286831181730077,0.5486963017000307,0.03614750577444134,0.5544985318242653,0.022500390701599607,0.5701754070979191
2026-09-09,dual,300274,,0.3390524245986746,0.04482322227309214,0.6927254601863874,0.06284310888002552,0.7130081544007083,-0.027953519847384402,0.774983123118499
2026-09-09,dual,300276,,0.65552024053517,0.04050418778161213,0.5837333065825717,0.05351346009958675,0.5935372766345747,0.01083950383504366,0.6231823545439759
2026-09-09,dual,300277,,0.30500192469751036,0.05231783735500585,0.7034906179690007,0.062417090928145944,0.7245647676280977,-0.03212747303486885,0.788448160311142
2026-09-09,dual,300283,,0.4508384398506019,0.0799433905547722,0.655925173347819,0.11225235780259762,0.6731180095286101,-0.014250649227825173,0.7266198929535264
2026-09-09,dual,300284,,0.6749025686908936,0.021373737529311883,0.5766509537259368,0.028318801790900315,0.58566177986427,0.013215414045503915,0.61257488413661
2026-09-09,dual,300285,,0.34625922034145173,0.08087165076330152,0.6904193022798407,0.10836289571363711,0.7105253672716437,-0.02707010174340862,0.7720565340397103
2026-09-09,dual,300286,,0.682290910225866,0.03559082513605866,0.5739427539228091,0.05447264824405521,0.5826479229908152,0.01412108626146652,0.6085025433743059
2026-09-09,dual,300287,,0.6503011891509483,0.03933767725455346,0.5856345963297219,0.053049762615727886,0.5956498859251736,0.01019974593944599,0.6260190232796485
2026-09-09,dual,300291,,0.5365771595626255,0.041280121566928396,0.6263430005349524,0.053507745689532676,0.640686265345131,-0.003740688919706428,0.685420080807857
2026-09-09,dual,300292,,0.36789531726297614,0.048303067213855716,0.6834389484897093,0.06582128567243636,0.7029957468563808,-0.024417921717492706,0.7631100549430864
2026-09-09,dual,300294,,0.5802786129693401,0.021385498370538686,0.6108764224212301,0.026862839445654256,0.6236237553368851,0.0016162903103818516,0.6631786231093163
2026-09-09,dual,300296,,0.5018130650547759,0.02221988193433605,0.6384663780272576,0.026861071256238267,0.6540120597868478,-0.0080021154333327,0.7025308174649365
2026-09-09,dual,300298,,0.630684984238288,0.01889286042239721,0.592757519987804,0.024816990819574676,0.6035580525432176,0.007795166821394722,0.6366022673652952
2026-09-09,dual,300299,,0.5605616995599205,0.031254950532618314,0.6178842546650037,0.04047880287084343,0.6313628081626033,-0.0008006337821125503,0.6733104972082089
2026-09-09,dual,300300,,0.2544510450587293,0.07441340983814823,0.7190619951836539,0.0972225474600097,0.7411792260082228,-0.03832406356396176,0.807333483874197
2026-09-09,dual,300302,,0.4836533879878068,0.07432632226502511,0.6447309342939829,0.10243620328623586,0.6608796436302933,-0.010228151532578694,0.7112522472431506
2026-09-09,dual,300303,,0.4597621698103393,0.04421994622457204,0.6528974785732464,0.05865999613030817,0.6698122889695516,-0.013156767163896271,0.7224916199702913
2026-09-09,dual,300304,,0.4082698529947254,0.04579113112513949,0.6701912497119737,0.060705544803424744,0.6886477752628227,-0.019468760248501242,0.7457773093974935
2026-09-09,dual,300307,,0.4873268552523435,0.04067312458962586,0.6434676096600522,0.05854037253590006,0.6594957593015821,-0.00977785328607899,0.709500302342215
2026-09-09,dual,300308,,0.2011530498652712,0.06439972301949476,0.7349283286227075,0.08682255564000173,0.7579747008042107,-0.044857398979594204,0.8258251530718289
2026-09-09,dual,300310,,0.7970020495427542,0.036175016790735974,0.5314242785840554,0.04788416471370996,0.5351975046306591,0.028182522275077823,0.5436674621251757
2026-09-09,dual,300311,,0.601619763002112,0.03965723688059966,0.6032394119073461,0.0549711642940853,0.615175600152101,0.004232315374989665,0.652040771389169
2026-09-09,dual,300313,,0.6467597457318534,0.1380982445818439,0.5869232891246828,0.20543190100744152,0.5970814086178974,0.009765631342293732,0.6279389672244071
2026-09-09,dual,300314,,0.7545213745461355,0.06447432004751401,0.5472569601801447,0.1028586281482941,0.5528912082294736,0.02297518760089394,0.567973611349287
2026-09-09,dual,300315,,0.4135428999469408,0.030572073273953428,0.6684403436315638,0.03891362800762714,0.6867460335492437,-0.018822383508135025,0.7434529191500765
2026-09-09,dual,300316,,0.4150604979244478,0.04490931316131311,0.667935560402773,0.06127836025028295,0.6861975374766777,-0.018636354435612693,0.7427813795406356
2026-09-09,dual,300317,,0.5259679147723135,0.059240613073136404,0.6300604550975407,0.08223061478454843,0.6447772007976997,-0.005041183515611364,0.6906984202444224
2026-09-09,dual,300319,,0.18792028631175936,0.09950689517729508,0.7387776248967336,0.1410520167290129,0.762027763429447,-0.046479487811585785,0.83019326839837
2026-09-09,dual,300321,,0.8218595699081348,0.07462656093973313,0.5221282965017964,0.10187613627573633,0.524799900525981,0.031229588446299958,0.5293400100879715
2026-09-09,dual,300322,,0.5311134115003278,0.05081137445219049,0.6282593799884526,0.06227051576201934,0.6427956907544083,-0.0044104420424633806,0.6881445172915748
2026-09-09,dual,300323,,0.4753777609005504,0.08393576249514546,0.6475695658040317,0.10904496785391923,0.6639871915676977,-0.011242588329675632,0.7151759506649705
2026-09-09,dual,300324,,0.798618899489175,0.037135763884036804,0.5308202169794467,0.049382883517734275,0.5345220269071891,0.028380717779024484,0.542737473235574
2026-09-09,dual,300327,,0.3868334564446156,0.040007710982291014,0.6772603217474699,0.053727797584507436,0.6963131366360756,-0.022096460751231665,0.7550827692746865
2026-09-09,dual,300328,,0.5196758185166305,0.05547584463945269,0.6322579592438411,0.07860080519200127,0.6471935268160268,-0.005812476603777428,0.693805659511692
2026-09-09,dual,300331,,0.47834632070662403,0.060542011056910955,0.6465525027407623,0.08029874382772335,0.6628740942113391,-0.010878698527741315,0.7137721680345026
2026-09-09,dual,300332,,0.48135207399161456,0.039594978897705344,0.6455213432335108,0.04973645928468423,0.66174520764605,-0.010510249502291055,0.7123465831704576
2026-09-09,dual,300333,,0.698198691205693,0.06616735202114714,0.5680968725436419,0.09568206359488497,0.5761380885794427,0.016071082100566764,0.5996836245949154
2026-09-09,dual,300334,,0.7203528438706187,0.05507818764517243,0.5599241769872,0.07983944541980476,0.5670283620659181,0.01878676605234987,0.5872946202423933
2026-09-09,dual,300337,,0.6014659952766884,0.03743135099101568,0.6032946235321034,0.050461315741430174,0.6152367269321772,0.004213466333432961,0.6521216376667754
2026-09-09,dual,300339,,0.33029120153143493,0.036282112125248664,0.6955161073795967,0.04688725683254563,0.7160092486952218,-0.02902748161164375,0.7785048956372584
2026-09-09,dual,300342,,0.46691590632445196,0.05074839721563367,0.6504613387723108,0.06833478147365153,0.6671500556615747,-0.012279853127034113,0.7191545919201908
2026-09-09,dual,300343,,0.5503625713958739,0.03711676206412619,0.6214903022187241,0.05147408708127237,0.6353399597831403,-0.00205085576515103,0.6784894303827732
2026-09-09,dual,300345,,0.6452828264963223,0.06697037249811999,0.5874603733976171,0.09671153402915263,0.5976779222466657,0.009584588721225154,0.6287384708760821
2026-09-09,dual,300346,,0.25088234376137913,0.0635277522371905,0.7201422703345991,0.08664187205241283,0.742327172299452,-0.038761519466180255,0.808616957301887
2026-09-09,dual,300347,,0.1500521228893351,0.05898635027799954,0.7495916879790167,0.0757158562477962,0.7733665915339915,-0.05112141500443165,0.8422117979793279
2026-09-09,dual,300348,,0.4843327541901185,0.030872226504280093,0.6444974480392752,0.04043789764362325,0.6606239161576486,-0.010144873967378808,0.7109287181742543
2026-09-09,dual,300351,,0.5089470344052686,0.047901040818491655,0.6359922889033806,0.06632516710740247,0.6512962939223633,-0.007127624480297169,0.6990633822735579
2026-09-09,dual,300353,,0.5219008728763305,0.03195023741397605,0.63148148503134,0.040307650633019,0.6463399014857502,-0.005539726636406811,0.6927088487809611
2026-09-09,dual,300355,,0.6363872907541693,0.02333991323761725,0.5906908065648111,0.03155066382647437,0.6012645759805765,0.008494162740017408,0.6335388780286267
2026-09-09,dual,300357,,0.6066327156961683,0.03126694335092703,0.6014380351039202,0.03813700819100468,0.61318083596524,0.004846809433426386,0.6493996857517064
2026-09-09,dual,300358,,0.5844431381932813,0.025863749212802385,0.6093902698621695,0.03375415289592345,0.6219808908090598,0.0021267830603644844,0.6610188922212702
2026-09-09,dual,300359,,0.7527034197193063,0.04342092430913813,0.5479326188795082,0.05797981604037117,0.5536457496243141,0.0227523404072794,0.5690073700630119
2026-09-09,dual,300363,,0.22488436209282245,0.06351801363290432,0.7279349189477243,0.09066653702150969,0.7505891208693319,-0.0419483848211269,0.8177702321019553
2026-09-09,dual,300364,,0.4634386541682706,0.06157619275763025,0.6516464759168958,0.08340264149097261,0.6684454465493843,-0.012706099078286182,0.7207796901464921
2026-09-09,dual,300365,,0.802288621396394,0.028766257786586917,0.5294488618085097,0.0346884199171828,0.5329884467973425,0.02883055691490438,0.5406256062460324
2026-09-09,dual,300368,,0.6156091927714604,0.05389885630250672,0.5982055449250907,0.07283520966616958,0.6095994316068278,0.005947157305250597,0.6446475431349709
2026-09-09,dual,300369,,0.3574928994267523,0.07131572447135484,0.6868056038414877,0.09127740563193834,0.7066300313126864,-0.025693063204727293,0.7674414043445366
2026-09-09,dual,300373,,0.31357525567265576,0.057948130030287315,0.7008007191161892,0.07825901267827576,0.721682311719109,-0.031076543320035392,0.7851143215771604
2026-09-09,dual,300376,,0.6708714198025364,0.03550993621932288,0.5781266442600717,0.04560897238186753,0.587303483812437,0.01272127073481473,0.6147902156049643
2026-09-09,dual,300377,,0.41938607351304114,0.04623387821142836,0.6664946721062123,0.05903840288118139,0.684631317281972,-0.018106119928979307,0.7408610097202895
2026-09-09,dual,300378,,0.44944433462686884,0.04651862910347121,0.6563970390782828,0.06020105850992749,0.6736329050689438,-0.014421540402967371,0.7272613596628287
2026-09-09,dual,300380,,0.6987707945359398,0.03564520975673704,0.5678862688278532,0.04768411526623242,0.5759034633363908,0.016141211247738915,0.5993652194591803
2026-09-09,dual,300381,,0.713098658954005,0.033477721726575344,0.562604057215107,0.04492558570494469,0.5700165683045153,0.017897538923726544,0.5913642997532372
2026-09-09,dual,300382,,0.36569367138651054,0.07148392133209305,0.6841531136653973,0.09501735372480935,0.7037671014430695,-0.024687802243489668,0.7640313956161567
2026-09-09,dual,300383,,0.5726599319593421,0.033091105188152246,0.6135898822581727,0.041209429553513595,0.6266218817065629,0.0006823827913024771,0.667112055008701
2026-09-09,dual,300386,,0.674601275502242,0.04350327096953341,0.576761296350364,0.05894004745776899,0.5857845492001327,0.013178481146756765,0.6127406231693042
2026-09-09,dual,300387,,0.7400329799519345,0.03556578759205052,0.5526366575312309,0.04699964999982394,0.5588975605819385,0.021199181933619415,0.5761950978941781
2026-09-09,dual,300390,,0.4818584254933988,0.06880172856141784,0.6453474998205502,0.09669490645844317,0.661554852721088,-0.01044818029711067,0.7121060118328727
2026-09-09,dual,300393,,0.6030114753586701,0.03640517832840914,0.6027395861519266,0.048466264379586635,0.6146221921330174,0.0044029132294581275,0.6513084731685831
2026-09-09,dual,300394,,0.19308544616569043,0.06881262742714053,0.7372794329707248,0.0928082031885391,0.7604513002594258,-0.045846336007683924,0.8284987132124645
2026-09-09,dual,300395,,0.23791435616267337,0.06357960828187267,0.7240463256050546,0.08368378698465476,0.7464705189276635,-0.04035115172796758,0.8132258726301267
2026-09-09,dual,300397,,0.4815344520854358,0.04098795123133828,0.645458732598514,0.05550906118490685,0.6616766514849167,-0.010487893365722069,0.7122599478018096
2026-09-09,dual,300398,,0.32093051321799027,0.06144141400993414,0.6984818867348125,0.08200237503198396,0.7191946717426534,-0.030174926581214227,0.7822238633627927
2026-09-09,dual,300399,,0.4724302167105359,0.039190446909432616,0.64857810688853,0.05587629056715216,0.6650906097873358,-0.011603902010910064,0.7165656884164497
2026-09-09,dual,300400,,0.2412045485283867,0.07491650349862394,0.7230589987617787,0.10038674925094798,0.7454234610965085,-0.03994783580155921,0.8120646686667615
2026-09-09,dual,300401,,0.3873224856688064,0.059198004168794116,0.6770999393430643,0.07435640338254298,0.696139455381214,-0.022036514932667797,0.7548730699867067
2026-09-09,dual,300403,,0.7564104911619972,0.05113258718296892,0.5465546690681737,0.07381606653889863,0.552106873008134,0.023206757896284402,0.5668987597949852
2026-09-09,dual,300404,,0.4698576764219353,0.06799004726254984,0.649457253347991,0.09782087938092951,0.6660521724114468,-0.011919247241338513,0.7177752598406123
2026-09-09,dual,300408,,0.1760847491130786,0.08507324251244186,0.7421897171673851,0.1142550083326186,0.7656131215622709,-0.047930302876251996,0.8340259366756134
2026-09-09,dual,300409,,0.45526129069174676,0.0288215421900821,0.6544261275436468,0.03556739612819122,0.6714817250749829,-0.013708490598150144,0.7245785988796567
2026-09-09,dual,300410,,0.6587888970963078,0.04476223622339963,0.5825412678482563,0.05828858277268292,0.5922123937183759,0.011240179875388279,0.6214014451875254
2026-09-09,dual,300411,,0.5983659838325409,0.03827559727053139,0.6044071463380618,0.04899074536177145,0.6164682860805777,0.0038334630240514367,0.6537500547929292
2026-09-09,dual,300413,,0.5071725673384034,0.022361562867323118,0.6366083593456168,0.03333499409676542,0.6519727266131703,-0.007345140889493104,0.6999280040172189
2026-09-09,dual,300414,,0.7931309106420167,0.03391474922162209,0.5328701740844561,0.04919216014803925,0.5368142362920683,0.027707993190311697,0.5458928369209309
2026-09-09,dual,300415,,0.5358261113827651,0.02769525244778672,0.6266066632571179,0.03604012797439253,0.6409765522640916,-0.003832753352046095,0.6857953457784852
2026-09-09,dual,300416,,0.48445156524724564,0.03469700190590773,0.6444566076927339,0.04759634467219177,0.6605791835879073,-0.010130309958273395,0.7108721156520867
2026-09-09,dual,300418,,0.1905005253904015,0.0509663093451821,0.7380298987548801,0.06480569344422406,0.7612411393239022,-0.046163198853772215,0.8293484293096449
2026-09-09,dual,300420,,0.47761025395603374,0.08000320183563067,0.6468048119112368,0.1111911009553737,0.6631502603576943,-0.010968926517601826,0.7141206279904004
2026-09-09,dual,300422,,0.9089231057335179,0.0581723231826152,0.4894905065006416,0.06639273254813313,0.4882718745224269,0.04190194638309487,0.47893184306096265
2026-09-09,dual,300424,,0.5904595345353156,0.03722834260495917,0.607239675399243,0.04784606385467723,0.6196025360857123,0.0028642805056852544,0.6578869207551754
2026-09-09,dual,300426,,0.5821536844952611,0.05618147180432879,0.6102075375267707,0.08489744521484695,0.6228844072298798,0.0018461389409480944,0.6622070440490354
2026-09-09,dual,300427,,0.5107459503324004,0.04134516078219399,0.6353672746698384,0.05200173465586623,0.6506099183986039,-0.006907111098999885,0.698185401168234
2026-09-09,dual,300428,,0.2987553969558568,0.026204509089079654,0.7054416406047269,0.03417747887818449,0.7266532323221723,-0.032893180277160865,0.7908532630591685
2026-09-09,dual,300429,,0.5633096474162237,0.03624233962014271,0.6169104351026684,0.049463973732707285,0.6302881589017054,-0.0004637868709908288,0.6719078127518641
2026-09-09,dual,300432,,0.336236436084437,0.04308138389951453,0.6936239681981604,0.05701936764441358,0.7139748159391106,-0.028298707268098883,0.7761193904390093
2026-09-09,dual,300433,,0.3451080431548393,0.05181469758721013,0.6907883168520167,0.0697940850655183,0.7109228085527624,-0.027211214493628656,0.7725258071647965
2026-09-09,dual,300434,,0.6708261634016168,0.0395078609601892,0.5781432034939953,0.056195962772459036,0.5873219037458662,0.012715723148159011,0.6148150596169359
2026-09-09,dual,300435,,0.5340751568368378,0.03653020448035088,0.6272210604642873,0.048217939781335865,0.6416529109574934,-0.004047387566795582,0.6866692759499079
2026-09-09,dual,300436,,0.4763149845504011,0.06211292884204112,0.6472486060544036,0.08268525655117914,0.6636359642150907,-0.011127702273610818,0.714733200851784
2026-09-09,dual,300437,,0.4561883706655292,0.04633872672401208,0.654111519808159,0.05873039394716109,0.6711382111515637,-0.013594847966680583,0.7241495245231226
2026-09-09,dual,300438,,0.4495942529572717,0.0556010755520623,0.6563463107007763,0.08211759138343934,0.6735775546486461,-0.01440316322510321,0.7271924232138864
2026-09-09,dual,300440,,0.3534942103018134,0.04299863789448395,0.6880945512231735,0.05470809902051597,0.7080201092241332,-0.026183227556711666,0.7690916157608565
2026-09-09,dual,300442,,0.4439649809090815,0.05130614236269957,0.6582486505904442,0.06554437192718737,0.6756525740211654,-0.015093206486640094,0.7297734287976888
2026-09-09,dual,300443,,0.7299773197806885,0.0183566461844493,0.5563632780407427,0.024278437520220728,0.5630562624346717,0.01996654643793326,0.581876800933702
2026-09-09,dual,300444,,0.519413227353593,0.04916370359963723,0.6323495501825428,0.06754637298653701,0.6472942061112951,-0.00584466535945348,0.6939349559466488
2026-09-09,dual,300445,,0.8708805751204237,0.024139036873729626,0.5037570110865415,0.03186158671016291,0.5042404315701963,0.037238645040283444,0.5009654764193526
2026-09-09,dual,300446,,0.6217447122837316,0.021652736247357654,0.595991161340074,0.026207506047403274,0.6071446620722408,0.006699257018895094,0.6413828473470916
2026-09-09,dual,300447,,0.771586991125584,0.030139651101754643,0.5409062173757319,0.038023100572893015,0.5457967141405498,0.025067112386871634,0.5582417547915637
2026-09-09,dual,300448,,0.6286144258679345,0.03632052765267319,0.5935071545594935,0.04647285588743225,0.6043897145966305,0.007541355167090216,0.6377118894200422
2026-09-09,dual,300449,,0.8361384325679626,0.05610985718570305,0.5167810659423915,0.08220481826772232,0.5188169014084738,0.03297990942501203,0.5210864639330274
2026-09-09,dual,300450,,0.4397903640279237,0.034079431495863746,0.6596561319725832,0.0410971743753991,0.6771869501617601,-0.01560493628468159,0.7316775186768293
2026-09-09,dual,300451,,0.717519637116491,0.027662002421586306,0.5609712601862049,0.034308467548262306,0.5681960337562244,0.018439467998091652,0.5888855340012993
2026-09-09,dual,300454,,0.21457453781250324,0.05657789156754122,0.7309872879461252,0.07795813631665188,0.7538160958046436,-0.04321217607359458,0.8213046537736232
2026-09-09,dual,300455,,0.5855313725694191,0.02913517152903544,0.6090015865148348,0.03664518819980258,0.6215511293345043,0.002260180201557563,0.6604534207410107
2026-09-09,dual,300456,,0.41171173233179703,0.06069462233818865,0.6690489110446004,0.07963855375944406,0.6874071663752335,-0.019046850341991592,0.7442616837260326
2026-09-09,dual,300457,,0.33082397860984825,0.032315439470191776,0.6953468130751324,0.04316480300521078,0.715827291256293,-0.028962173125979318,0.778291864517699
2026-09-09,dual,300458,,0.4163052050062943,0.04405683913744251,0.6675212578279135,0.06045370461639314,0.68574728189565,-0.018483776672970804,0.7422297375846043
2026-09-09,dual,300459,,0.4999610898989794,0.026054367408902712,0.6391074576958916,0.03174619711933265,0.6547154415526478,-0.008229132881743623,0.7034271870313676
2026-09-09,dual,300461,,0.6148473246704605,0.06907051987033819,0.5984802349066345,0.0892927626400922,0.6099038643625417,0.005853766553342646,0.6450520008216697
2026-09-09,dual,300464,,0.6557343501284867,0.05154670547139291,0.5836552532608185,0.06818967599218717,0.5934505331238261,0.010865749658808044,0.6230657993209812
2026-09-09,dual,300465,,0.6471775611481602,0.039810631936426755,0.5867713122142318,0.053080428930182964,0.5969126047374643,0.009816847682545288,0.627712663055049
2026-09-09,dual,300467,,0.5967727504447612,0.04813359961133701,0.604978501693594,0.06321676191626009,0.6171006591962666,0.0036381624676239954,0.6545855741432386
2026-09-09,dual,300468,,0.3542301730147005,0.046137656490031195,0.6878575369503155,0.05952648522402056,0.707764554742614,-0.026093012319923913,0.7687885090213384
2026-09-09,dual,300469,,0.40534868236248817,0.05996907245975085,0.6711591949993485,0.07803529817955002,0.6896985775653482,-0.01982684102578803,0.7470589883641243
2026-09-09,dual,300473,,0.5789849041292565,0.041394095537355804,0.6113376776686801,0.055035749510095,0.6241335345851331,0.0014577058504644386,0.6638481632277058
2026-09-09,dual,300474,,0.4378164566839023,0.02836444520832423,0.6603206612915795,0.03614772800596755,0.6779111335827557,-0.01584690033438106,0.732574875834681
2026-09-09,dual,300475,,0.25375420052226927,0.08056423970186663,0.7192731352678988,0.1086879572759804,0.7414036416964684,-0.038409483645387314,0.8075846159324335
2026-09-09,dual,300476,,0.22925352947908323,0.05514927732962225,0.7266348413394383,0.0714510621879412,0.7492130805871543,-0.041412806777002126,0.8162560844109764
2026-09-09,dual,300478,,0.6626357952121849,0.05716168783578208,0.5811371159039264,0.07883174054728295,0.5906514148899116,0.011711737494198557,0.6193012864840072
2026-09-09,dual,300480,,0.4001111122670856,0.07030768867266354,0.6728910543796076,0.09377486170474028,0.6915777373218976,-0.020468868968339063,0.7493462752336828
2026-09-09,dual,300481,,0.6082770315962505,0.0416441207238692,0.6008465580321175,0.06167011403564897,0.6125256948934866,0.0050483717485847734,0.6485313670075028
2026-09-09,dual,300482,,0.5275975613562356,0.028502424214965457,0.6294904197830168,0.037587612322689284,0.6441501635937883,-0.0048414193837137826,0.6898908149158781
2026-09-09,dual,300483,,0.24591745648623065,0.06049396569500617,0.7216409503227013,0.07873699170455849,0.7439186914238951,-0.03937012160499638,0.8103916934672849
2026-09-09,dual,300486,,0.3598423828795556,0.041559392344966105,0.6860469157695201,0.05511667818326353,0.7058114698131389,-0.025405060562321592,0.7664679744970857
2026-09-09,dual,300487,,0.26886682133605216,0.048952679607921934,0.714672468160303,0.06673270770237438,0.7365083359894409,-0.03655695954148198,0.802082237792191
2026-09-09,dual,300488,,0.4232177821242418,0.05950752420764779,0.6652156912586161,0.08544329759095048,0.6832404038772213,-0.017636424258793686,0.7391521283781812
2026-09-09,dual,300489,,0.37855273150989927,0.1127304741576925,0.6799697204595216,0.16472630478379424,0.6992455526703774,-0.023111522448894424,0.7586151736345563
2026-09-09,dual,300490,,0.6046416421311084,0.032356611056162624,0.6021538481368,0.04109192022965204,0.6139735867602311,0.004602741126719559,0.6504497944139261
2026-09-09,dual,300491,,0.36630843017509546,0.05962226699480529,0.6839537867989843,0.07668603796168942,0.7035518352312552,-0.024612444336481076,0.7637743819431527
2026-09-09,dual,300492,,0.7394204059551182,0.04082510651130794,0.5528638505866321,0.051376831955482156,0.5591511443357445,0.02112409184113903,0.5765418105730317
2026-09-09,dual,300493,,0.7143766581008959,0.02239359279998495,0.5621321923711482,0.0280579230503789,0.5694904875604183,0.01805419766965541,0.5906482191519805
2026-09-09,dual,300494,,0.6664875831001155,0.026186451561961623,0.5797298610183474,0.033713387932012145,0.5890866191419976,0.012183894507429141,0.6171939765594819
2026-09-09,dual,300496,,0.4952817861192897,0.032434180909020865,0.6407250340984461,0.03941110483148352,0.656489625460102,-0.00880272783580114,0.7056850258370042
2026-09-09,dual,300497,,0.14890750007802828,0.06673051629298045,0.7499138743345855,0.0852815815687873,0.7737033054059469,-0.05126172431106707,0.8425640767932688
2026-09-09,dual,300498,,0.151180203705823,0.027468380594389573,0.7492738874991619,0.0371041463768967,0.7730343974270469,-0.050983133436366956,0.841863983775115
2026-09-09,dual,300499,,0.15771647645106587,0.0662442592359049,0.7474272265682751,0.08435941719207136,0.7711028486931387,-0.05018190888640546,0.8398364289871288
2026-09-09,dual,300502,,0.25576462510013637,0.06922297264840781,0.7186637246243666,0.09223817801202015,0.7407558488853184,-0.038163043267144925,0.8068594114286466
2026-09-09,dual,300503,,0.3514902360615487,0.06963904887407792,0.6887394251485426,0.09802013346630893,0.7087152998270805,-0.0264288772444422,0.7699155438117834
2026-09-09,dual,300504,,0.6177647499453802,0.05872892617060018,0.5974280296399077,0.07860865959734051,0.608737636666585,0.006211388220009648,0.6435020908831074
2026-09-09,dual,300505,,0.2763362082418669,0.05184946513057922,0.7123819456332497,0.07194783892733944,0.7340669772519964,-0.03564135268183015,0.7993192568159192
2026-09-09,dual,300506,,0.6561559109021109,0.06379923626936705,0.5835015616744346,0.08934634202490745,0.5932797266325424,0.010917425109679385,0.6228362719209612
2026-09-09,dual,300508,,0.7729761025395603,0.05595309005913172,0.5403886644347417,0.08387299044224387,0.5452183757605759,0.025237391414520763,0.5574475219679457
2026-09-09,dual,300509,,0.8017166221038505,0.03230241153494575,0.5296626446211441,0.042199752497280335,0.5332275275762316,0.02876044052080501,0.540954880762023
2026-09-09,dual,300511,,0.47644451149096434,0.03552141742299537,0.6472042380551828,0.04594065158084402,0.6635874093695452,-0.01111182469800992,0.714671979067681
2026-09-09,dual,300516,,0.34028329466598695,0.035157249712576166,0.6923322616893737,0.04436525668882957,0.7125850135968723,-0.027802638243421163,0.7744851764641068
2026-09-09,dual,300517,,0.6848625141751371,0.044076339554757676,0.5729990811241402,0.05369452255801133,0.5815974503021205,0.014436316714240019,0.6070815311285054
2026-09-09,dual,300518,,0.4140557017863274,0.0686816854222917,0.668269818804319,0.09433402366584584,0.6865607530652879,-0.018759523612442798,0.7432261319906116
2026-09-09,dual,300520,,0.6781464642786547,0.03858861521904358,0.5754624594524662,0.048554136044653334,0.5843393035016732,0.013613054854528836,0.6107887985875876
2026-09-09,dual,300521,,0.730785172546531,0.0502579271815476,0.5560641168694471,0.06653179207023263,0.5627224794767528,0.020065574048006365,0.5814211243829897
2026-09-09,dual,300522,,0.6453493065887078,0.07297489502924245,0.5874362022595204,0.1052949586481492,0.5976510777680195,0.009592737934726342,0.6287024981870594
2026-09-09,dual,300523,,0.6836963555592548,0.04342373181144613,0.5734270796150238,0.056541191632508446,0.5820739059256614,0.014293367521540853,0.6077261511946548
2026-09-09,dual,300525,,0.6773427730209428,0.028750774783502346,0.5757569967005002,0.03614279507430393,0.5846670675780775,0.01351453736736663,0.6112315893730623
2026-09-09,dual,300528,,0.42759631290379635,0.045068241875703914,0.6637512112272381,0.05780337547317546,0.6816469744348392,-0.017099698438119447,0.7371904674673466
2026-09-09,dual,300529,,0.481052341368512,0.01955403922418178,0.6456242309991941,0.02705771659166238,0.6618578627722974,-0.01054699110494662,0.7124889318686453
2026-09-09,dual,300530,,0.7117284824020226,0.062143995082181915,0.5631098301118483,0.08858794733815506,0.5705804177091544,0.017729580955321844,0.5921315980910508
2026-09-09,dual,300531,,0.6446949094351794,0.04292605030777843,0.5876741126234631,0.060183016902404976,0.5979152960419606,0.00951252110699169,0.6290565333853118
2026-09-09,dual,300533,,0.5373210291409607,0.0302734476543155,0.6260817839240581,0.03669824162243308,0.6403986514607023,-0.0036495044493880247,0.6850481637669931
2026-09-09,dual,300534,,0.5855172234417753,0.07238528973652145,0.6090066410302812,0.10394220099756958,0.6215567182819877,0.0022584457836605926,0.6604607758925091
2026-09-09,dual,300537,,0.6166524828597884,0.04247736357580023,0.5978292888028548,0.05776456437829167,0.6091824077424943,0.006075045119006264,0.6440933499720582
2026-09-09,dual,300538,,0.7374290202769485,0.041049401298319826,0.5536022679470259,0.05410412218574283,0.5599752929994789,0.020879985275213897,0.5776683988343452
2026-09-09,dual,300539,,0.8340687064992353,0.025808503513063623,0.517556416096524,0.03583427416808915,0.5196845144185367,0.03272619979528971,0.5222836390921423
2026-09-09,dual,300540,,0.5189254465818413,0.07398168338275421,0.6325196611686305,0.10876105191498775,0.6474811899693212,-0.005904458141144098,0.6941750517638112
2026-09-09,dual,300541,,0.7147441192688231,0.026782639756849774,0.5619964969357101,0.03363307810836198,0.5693391952582314,0.018099241522685425,0.5904422542437845
2026-09-09,dual,300542,,0.7097155609192771,0.03125835455562148,0.5638526210131719,0.042967186404203196,0.5714084343670813,0.017482834503332934,0.5932580181526952
2026-09-09,dual,300545,,0.6318922377469596,0.030443235738375804,0.5923202406874217,0.04355315289386705,0.6030728693948121,0.007943153477838763,0.6359546218983035
2026-09-09,dual,300546,,0.698301688531924,0.041527237577020246,0.5680589587959043,0.057641651971877074,0.576095850886018,0.016083707642610842,0.5996263074537574
2026-09-09,dual,300547,,0.5388816987276189,0.05895868523375394,0.6255335017413894,0.07669915659947432,0.6397948977498591,-0.0034581956047381457,0.6842670950020197
2026-09-09,dual,300548,,0.09064992353228811,0.08337303985447199,0.7659447227809268,0.11865010464974228,0.7903723092381695,-0.05840301145880429,0.8596607486113459
2026-09-09,dual,300550,,0.7009861733892362,0.05825630327771103,0.5670705086728489,0.08139326507849742,0.5749945926058649,0.016412775179341754,0.5981314568772172
2026-09-09,dual,300551,,0.625262227031076,0.042923990226629835,0.5947198758150315,0.055804805960948195,0.6057348799689298,0.007130438409309853,0.6395052366425787
2026-09-09,dual,300552,,0.767538571978485,0.03734469633771491,0.5424140637082701,0.046503375777364,0.5474815102022794,0.02457085206610231,0.5605547495602976
2026-09-09,dual,300553,,0.419026935361375,0.08811180164989724,0.666614423198492,0.12002508788311636,0.6847615158012542,-0.01815014353618758,0.7410208059893325
2026-09-09,dual,300554,,0.6488126176926519,0.0493569313043373,0.5861764151957429,0.0642553675282018,0.5962517962790782,0.010017274974226997,0.6268265189122166
2026-09-09,dual,300556,,0.687527543981939,0.03881155312543972,0.5720205639583975,0.052933463616487396,0.5805080328513638,0.014762999426362597,0.6056069786626227
2026-09-09,dual,300557,,0.6895694919838949,0.044479063597223645,0.5712704415147841,0.06295297877912848,0.5796727884215811,0.015013303985654841,0.6044758713847718
2026-09-09,dual,300558,,0.4211030077300013,0.04763611697609413,0.665921880542458,0.06316033991398504,0.6840084758816101,-0.017895655969026196,0.7400961852173089
2026-09-09,dual,300559,,0.5113264807166118,0.047010231349895265,0.6351654779666525,0.06006436330311135,0.6503882838359816,-0.006835948952933185,0.6979017566289435
2026-09-09,dual,300560,,0.4747194623331496,0.06074100772160585,0.6477949258223961,0.08173250565964821,0.6642337825685598,-0.01132328339763923,0.7154866873271524
2026-09-09,dual,300561,,0.6000157096931928,0.08184261431806339,0.603815231433194,0.11230099498806531,0.6158130750206751,0.004035688498993967,0.652883909362303
2026-09-09,dual,300562,,0.6827805116574247,0.039003772488758574,0.5737631316324254,0.05331411157875353,0.5824479835409153,0.014181102221930628,0.6082321412193289
2026-09-09,dual,300563,,0.7323720596344115,0.051677052785686406,0.5554763482966201,0.06384651941073058,0.5620666554462412,0.020260096666994715,0.5805256226434942
2026-09-09,dual,300565,,0.5829097264848782,0.041567711329818596,0.6099377209583993,0.05662264342604074,0.6225861347995686,0.0019388155207808178,0.6618149083719215
2026-09-09,dual,300566,,0.40761108625765974,0.0698402978173103,0.6704096619460038,0.09385038113979456,0.6888849168170432,-0.019549512705292336,0.7460667202268975
2026-09-09,dual,300567,,0.39181545792195094,0.06929423116263389,0.6756244734146524,0.09352083254602944,0.6945411382881345,-0.021485760731944574,0.7529407821938988
2026-09-09,dual,300568,,0.17094924000457765,0.05311075118737736,0.7436611632960345,0.07122840430493642,0.7671571218123239,-0.048559820054413894,0.8356672722365509
2026-09-09,dual,300570,,0.18603928463675237,0.09318600119192215,0.7393218491794832,0.12350203918455085,0.7626000903208858,-0.046710063367300034,0.830807059347516
2026-09-09,dual,300571,,0.6631477647499453,0.051923423132418656,0.5809501428131731,0.06852788977815841,0.5904435313851465,0.011774495365308613,0.6190214452901319
2026-09-09,dual,300572,,0.5376903629875467,0.04672253842603956,0.6259520616422517,0.06164939013040602,0.6402558126652562,-0.0036042310410481088,0.6848634174313488
2026-09-09,dual,300573,,0.45733257732602295,0.024953541502909675,0.6537230434311333,0.0334327896447759,0.6707139921714993,-0.013454589672336266,0.7236193886825533
2026-09-09,dual,300575,,0.6020371622676058,0.03238020049790819,0.6030895278551882,0.043345560873387874,0.615009654464208,0.004283480702950163,0.6518212173954863
2026-09-09,dual,300576,,0.45371123295082144,0.04701217938715314,0.6549518429791176,0.06512602319911051,0.6720556632333782,-0.013898498629377282,0.7252950770767702
2026-09-09,dual,300577,,0.6766055618556165,0.051531074985189725,0.5760271229791376,0.07122103684551098,0.5849676536658729,0.013424169093705612,0.6116375918702902
2026-09-09,dual,300578,,0.7590325533973512,0.04541195356084185,0.5455795941883642,0.056848957183846166,0.5510177998773903,0.02352817358935222,0.5654058419503111
2026-09-09,dual,300579,,0.5369027975738407,0.03706377871401367,0.6262286588227236,0.04886601787126132,0.6405603712755893,-0.00370077180193068,0.6852572988104315
2026-09-09,dual,300580,,0.6075244228508412,0.0433423453923864,0.6011173156422238,0.06491199531675376,0.612825605765643,0.004956116020153542,0.6489289216934109
2026-09-09,dual,300581,,0.4052885485700018,0.03947583133835525,0.6711791054268392,0.04320398247903092,0.689720188368965,-0.019834212301850132,0.7470853274364295
2026-09-09,dual,300582,,0.7249918330402939,0.0389832012611413,0.558208573412739,0.055214391193143184,0.5651148563430243,0.019355419190708337,0.5846857896259023
2026-09-09,dual,300583,fusion,0.9247704408077488,0.0278855217768859,0.4639199464516463,0.03234869935203041,0.45745604038817755,0.04384453268691471,0.45815303242034117
2026-09-09,dual,300584,,0.7877623570782053,0.0422739311702911,0.5348744450890937,0.05977165313326928,0.539055056486549,0.027049909129140973,0.5489759692503804
2026-09-09,dual,300585,,0.8364103871242939,0.04827192610431819,0.51667918163619,0.06387355729364347,0.5187028916333596,0.033013245957237536,0.520929141123982
2026-09-09,dual,300586,,0.6664008156555936,0.04056164335431553,0.579761575962611,0.053469661043564876,0.5891218885488213,0.012173258444737461,0.6172414958229293
2026-09-09,dual,300587,,0.4990451419594461,0.04324468392562385,0.6394243392472496,0.05678476544183586,0.6550630694754102,-0.008341410934426606,0.7038699346800811
2026-09-09,dual,300588,,0.7519542442181048,0.051439816498555904,0.5482110052066227,0.06832111929725693,0.553956622900678,0.02266050553024962,0.5694332055403662
2026-09-09,dual,300589,,0.3301618826662783,0.05145159288778381,0.6955571915360873,0.06858297988408654,0.716053403898177,-0.0290433336810991,0.7785565817410032
2026-09-09,dual,300590,,0.5448639707029828,0.03813180582298609,0.623428881245493,0.05490091763061777,0.6374765370638968,-0.0027248811672865303,0.6812635196777359
2026-09-09,dual,300591,,0.6867605780334793,0.045474386540628936,0.5723022284107624,0.06153886842049314,0.5808216360048509,0.014668983773888838,0.6060315368475379
2026-09-09,dual,300592,,0.43019246975103775,0.06397990142778381,0.6628813880895315,0.08743481976678806,0.6807001698862998,-0.0167814582601718,0.736022869067444
2026-09-09,dual,300593,,0.23740415526586833,0.0822590288341909,0.7241992323736484,0.10689161883892258,0.7466326283154185,-0.04041369279684052,0.8134054414418681
2026-09-09,dual,300595,,0.5429237715748186,0.018615876763001752,0.6241119766651813,0.02364186832985101,0.6382291458928079,-0.0029627132214079532,0.6822393206922732
2026-09-09,dual,300596,,0.48726921836473547,0.04389399528522511,0.6434874467637565,0.060030699490812994,0.6595174936134112,-0.009784918488394564,0.7095278388793238
2026-09-09,dual,300598,,0.6017048658433817,0.036697723589066866,0.6032088538693836,0.047031586908862284,0.6151417679353183,0.004242747388517015,0.6519960121303103
2026-09-09,dual,300599,,0.7287269946628658,0.06486776853473676,0.5568262133527303,0.08656419698683722,0.5635727503441785,0.01981328000936171,0.5825817822399959
2026-09-09,dual,300600,,0.6050067104318606,0.051705633974347534,0.6020226346461107,0.06066621790791368,0.6138282790326219,0.004647491659075839,0.6502573632405182
2026-09-09,dual,300601,,0.49163151926258086,0.02965795523151805,0.6419846701222114,0.03643749032167345,0.6578706205472933,-0.009250182147072732,0.7074393618908396
2026-09-09,dual,300602,,0.35105577461271964,0.05873002689850982,0.6888791373435488,0.0774635610988461,0.7088658884382174,-0.026482134076337267,0.7700938991974293
2026-09-09,dual,300603,,0.6153824946160489,0.0435905229379678,0.5982872869326596,0.057143101944275125,0.6096900262254938,0.005919368359680821,0.644767913425996
2026-09-09,dual,300604,,0.39971712148482613,0.07750338030036644,0.6730211420973875,0.09763189912182493,0.6917188400044703,-0.02051716485492589,0.7495177761908383
2026-09-09,dual,300605,,0.7574278758622126,0.02999893980154726,0.5461763728750246,0.03981903576969552,0.5516843611940959,0.023331470194919893,0.5663196363465723
2026-09-09,dual,300606,,0.6654482464445116,0.08463944501927781,0.5801097124981802,0.10982304059828042,0.5895090305127261,0.012056491310438816,0.6177630345966375
2026-09-09,dual,300607,,0.19990178840811912,0.07635463694572002,0.7352938579361498,0.10748003318449861,0.7583599534065918,-0.04501078018582072,0.826241958878296
2026-09-09,dual,300608,,0.7117266097233638,0.04438991305098201,0.5631105212836561,0.06436172509477178,0.5705811882211737,0.017729351400011945,0.5921326464839627
2026-09-09,dual,300609,,0.8638908020266546,0.045198237734792784,0.50637830020896,0.05418825743097064,0.5071744496947684,0.03638182984610966,0.505015969201706
2026-09-09,dual,300611,,0.4612743578272766,0.031233096674456624,0.6523831786212583,0.04083212495310351,0.6692504337305898,-0.012971401251158067,0.7217882630016104
2026-09-09,dual,300612,,0.7065761191855929,0.031326772337767796,0.565010537812976,0.03933720445142013,0.5726990465773105,0.01709799777937092,0.5950128728985156
2026-09-09,dual,300613,,0.3952905252863638,0.05903020449440967,0.674480881785862,0.08474623002201746,0.6933017038577957,-0.021059782595220705,0.751439261783274
2026-09-09,dual,300615,,0.7128670710265401,0.07146932780430347,0.5626895523742077,0.10060338324881005,0.5701118832120994,0.01786915058373649,0.5914940202801984
2026-09-09,dual,300616,,0.8757750288704627,0.06261049825873821,0.5019213724279131,0.07606168074976599,0.5021857560980753,0.03783861334883307,0.49812908993559396
2026-09-09,dual,300617,,0.6123568181108835,0.047719509702944,0.5993777496752338,0.05742170289783922,0.6108984405616299,0.005548477120794787,0.6463727036473185
2026-09-09,dual,300618,,0.3564611575234865,0.024315712822555905,0.6871384554714695,0.0333233744870141,0.7069890696316148,-0.025819535427405303,0.7678679774593958
2026-09-09,dual,300619,,0.7172179277770265,0.04966295182707757,0.561082732694507,0.06168739066463702,0.5683203351818358,0.01840248408705343,0.5890548422331846
2026-09-09,dual,300620,,0.2412228591641611,0.08665476793507448,0.7230534979785902,0.11969013608351592,0.7454176260317337,-0.03994559126075137,0.8120581908163318
2026-09-09,dual,300622,,0.6350046296777953,0.03245865562872424,0.5911922281776937,0.043284777665715715,0.6018210968126002,0.008324674402880108,0.6342826732681166
2026-09-09,dual,300623,,0.3850574808310532,0.04157935727399493,0.6778424211071554,0.055032555806123144,0.6969434124247116,-0.02231416207998279,0.7558433006785827
2026-09-09,dual,300624,,0.4146475722801944,0.03682634475613338,0.668072945949786,0.04125120391631731,0.6863468302606291,-0.018686971381443984,0.7429642135624452
2026-09-09,dual,300626,,0.7190272474744848,0.1015848073778463,0.5604141516229272,0.12964068958862152,0.5675747839905683,0.018624272775627906,0.5880392036206301
2026-09-09,dual,300627,,0.4643681270092282,0.023957123164438127,0.6513298706118115,0.030990307303515655,0.6680994360126344,-0.012592163126142863,0.7203458643149475
2026-09-09,dual,300628,,0.2955805824030629,0.029690517636072583,0.7064303819211886,0.040997921711057234,0.727710905676472,-0.0332823530458653,0.7920679307711809
2026-09-09,dual,300629,,0.48761857697229477,0.037194543148825414,0.643367199153327,0.051193137432600344,0.6593857435757688,-0.009742093670026847,0.7093609060445168
2026-09-09,dual,300632,,0.5591715477689115,0.07427509924690573,0.6183765376414277,0.10438956739574981,0.6319059641321136,-0.0009710403404894208,0.6740189201631419
2026-09-09,dual,300633,,0.5301416993518451,0.027250653754748954,0.628599782542748,0.035306301201759524,0.6431702698571843,-0.004529555742152053,0.6886276975320492
2026-09-09,dual,300634,,0.5609670304518358,0.05745384788995206,0.6177406725536989,0.07434482402416107,0.6312043756863356,-0.0007509478105935802,0.6731037909366555
2026-09-09,dual,300638,,0.5656989773093769,0.03740574966126486,0.6160629392582686,0.04673230580342701,0.629352704384472,-0.00017089980171353103,0.6706856839608634
2026-09-09,dual,300640,,0.725615330995953,0.03877337747074089,0.557977882820231,0.049975480941963295,0.5648575245505262,0.019431848355829756,0.5843347871841879
2026-09-09,dual,300641,,0.677945359398246,0.03726446853351801,0.5755361655242164,0.05577655000272838,0.5844213257824179,0.013588403164860943,0.6108996137679759
2026-09-09,dual,300642,,0.7679734495781272,0.06243189134626828,0.542252128941903,0.08922678566290197,0.5473005823580792,0.024624159910288476,0.5603064139417309
2026-09-09,dual,300643,,0.5903678773187404,0.040448356054049985,0.607272470234883,0.053970339236383724,0.6196388127222349,0.0028530450485732967,0.6579347392294342
2026-09-09,dual,300647,,0.6646982386416838,0.04485779791825821,0.5803837626242058,0.060504937450297336,0.5898137697544544,0.01196455440882685,0.6181734787345964
2026-09-09,dual,300648,,0.60990053995568,0.040016456780151526,0.6002622768400311,0.05231775600265262,0.6118784445684623,0.005247383449188833,0.6476730709964827
2026-09-09,dual,300649,,0.7806432651192794,0.10925754296695624,0.537530507310156,0.16466303604438287,0.5420240991263587,0.02617724186551182,0.553058595249582
2026-09-09,dual,300650,,0.5856846201063266,0.029678919149348795,0.6089468401543033,0.03449900661518989,0.6214905940337845,0.0022789654777504442,0.6603737530010789
2026-09-09,dual,300651,,0.68677462312342,0.04494203109793127,0.5722970708416074,0.060961972817786675,0.5808158937225202,0.014670705438713044,0.6060237635481113
2026-09-09,dual,300654,,0.6759664582444679,0.04538760487433358,0.5762612642860319,0.05775098185794601,0.5852281868044862,0.013345826967668423,0.6119894385168203
2026-09-09,dual,300655,,0.324142365193146,0.05156967078948301,0.6974661147340784,0.0688271281941166,0.7181041418887305,-0.029781213718603032,0.7809529057677682
2026-09-09,dual,300656,,0.6582602815260251,0.0572380195905956,0.5827341132094044,0.0794293117852883,0.5924267486274769,0.011175381512634724,0.6216896818343366
2026-09-09,dual,300657,,0.42037661648581454,0.06938148046975459,0.6661642739504412,0.09388663906327586,0.6842720650384628,-0.01798469792311893,0.7404199416963257
2026-09-09,dual,300658,,0.7358046796158928,0.02858380911835652,0.5542044079292131,0.03500314153390727,0.5606472930066378,0.02068087155002768,0.5785867409327495
2026-09-09,dual,300660,,0.5504929306380633,0.026066243340790503,0.6214442955316417,0.03621882666881207,0.6352892412617256,-0.002034876164967947,0.6784235090043302
2026-09-09,dual,300661,,0.3242408888981367,0.06850074373076499,0.697434925263905,0.09317286931976096,0.7180706491950583,-0.029769136558688132,0.7809138348482454
2026-09-09,dual,300662,,0.587064680240119,0.03270307039969008,0.6084537021678561,0.04371169179588241,0.6209452772167953,0.002448134988068451,0.659655902101877
2026-09-09,dual,300663,,0.6775407567702536,0.04287290835545965,0.5756844444855359,0.05407123556664843,0.5845863321204893,0.01353880646485138,0.6111225279506138
2026-09-09,dual,300665,,0.8611814521582621,0.039317310378082046,0.5073942681703159,0.05301568570103757,0.5083116011016592,0.03604971432498626,0.506585858292406
2026-09-09,dual,300666,,0.3223480269249577,0.07850096062507643,0.6980338264423329,0.10854348386436483,0.7187136961137688,-0.030001165964698366,0.7816635979070696
2026-09-09,dual,300668,,0.6189975967290546,0.07600482492796082,0.5969831179407536,0.1023620401126991,0.608244437309455,0.006362512132355544,0.6428462226579317
2026-09-09,dual,300670,,0.7700129006752048,0.049517082559108104,0.5414925828159323,0.06366378705462128,0.5464519167142281,0.024874158395834192,0.5591413903035456
2026-09-09,dual,300671,,0.45628179652306,0.0667240097901961,0.6540798079406672,0.08916233558878214,0.6711035836084683,-0.013583395707331497,0.7241062618997748
2026-09-09,dual,300672,,0.5203429082699571,0.0719816661728235,0.6320252376097406,0.1042712704781841,0.6469377011607284,-0.005730703901164605,0.6934770561180035
2026-09-09,dual,300673,,0.741785495063411,0.035749978741423584,0.5519865590360258,0.04599987705218018,0.558171912653259,0.021414007444460495,0.5752027730838697
2026-09-09,dual,300674,,0.4563395374483713,0.03364115590553453,0.6540602080503747,0.045427485868653014,0.6710821814690594,-0.013576317751943151,0.7240795217643337
2026-09-09,dual,300676,,0.419986162985466,0.02997930062054738,0.6662945302203881,0.03909628883488328,0.684413701869229,-0.018032560205231522,0.7405938606527461
2026-09-09,dual,300677,,0.31765228518815214,0.0559453228907698,0.6995166489419874,0.07736474458985851,0.7203050825560471,-0.030576775904253853,0.7835155902621255
2026-09-09,dual,300678,,0.6994054245258481,0.01800717540543351,0.5676526189741724,0.01925183693543344,0.575643155259827,0.016219004991646926,0.599011916822769
2026-09-09,dual,300679,,0.4638868485939305,0.061684589970169235,0.6514938246445234,0.08146287602561073,0.6682786219833856,-0.012651158840785243,0.7205705495821642
2026-09-09,dual,300680,,0.6986821544127593,0.03383766447505624,0.5679189007994044,0.04823863068878971,0.575939817771819,0.01613034562973735,0.5994145577794383
2026-09-09,dual,300681,,0.42066147171735047,0.04254421273629755,0.6660692295287495,0.0560939733331737,0.6841687123354669,-0.01794978000986972,0.7402930114106941
2026-09-09,dual,300682,,0.5640946639061997,0.032621339656800565,0.6166320676741107,0.041283453555160166,0.6299809220065892,-0.00036755856039116797,0.6715065371011216
2026-09-09,dual,300683,,0.6719929462437187,0.050030726828373596,0.5777162237658604,0.06879993744681771,0.5868469302596574,0.012858748859294819,0.6141743501511947
2026-09-09,dual,300684,,0.519913544668588,0.07459494829083937,0.6321750329076775,0.09296471651419089,0.6471023696679433,-0.005783335832493852,0.6936885799678606
2026-09-09,dual,300685,,0.5265561439465662,0.02979694343319665,0.6298547396944323,0.04073967129987639,0.6445509257383979,-0.004969077642159578,0.6904070449492701
2026-09-09,dual,300686,,0.8176375118342888,0.08528111514028615,0.5237084812955923,0.10481635365426566,0.5265677034207524,0.030712043247074508,0.5317776005423498
2026-09-09,dual,300687,,0.47342408888981374,0.06409533298136623,0.6482381880583274,0.08968287051799281,0.6647187529280623,-0.011482071906720993,0.7160975457739427
2026-09-09,dual,300688,,0.5457241544335667,0.05505738665545253,0.6231258749024704,0.07088193737390594,0.6371426533240544,-0.0026194387616092357,0.6808303902692325
2026-09-09,dual,300689,,0.42278269644919325,0.05291142658277469,0.665361040565677,0.06948388121841977,0.6833985059240681,-0.01768975760912537,0.7393465362425312
2026-09-09,dual,300690,,0.6398859746772231,0.0343067691120178,0.5894211693193199,0.04834846438141435,0.599855190144294,0.008923035824260489,0.6316539412100675
2026-09-09,dual,300692,,0.5856732799966708,0.04736357639619329,0.6089508914046299,0.06555534870271393,0.6214950736935562,0.0022775753928183096,0.6603796486167286
2026-09-09,dual,300693,,0.4409995942529573,0.04989619671291638,0.6592487257447254,0.07129465265054817,0.6767428894616894,-0.015456707319854886,0.7311268500973642
2026-09-09,dual,300696,,0.5737176832884238,0.04512949067591689,0.6132135721306332,0.06033175087055542,0.6262062074601978,0.0008120432821734358,0.666567325508288
2026-09-09,dual,300697,,0.3235764000873917,0.02520430523458555,0.6976452460050437,0.03092907228439193,0.7182964923715021,-0.029850590434481655,0.7811772498289282
2026-09-09,dual,300698,,0.7495913399015804,0.03286593411757334,0.5490888390323132,0.043589445722477804,0.554936841625865,0.022370857741456363,0.5707756178578901
2026-09-09,dual,300699,,0.42833009082491497,0.03058639122349475,0.663505476579501,0.04038772222099475,0.6813795212090223,-0.0170097510158599,0.7368607945287304
2026-09-09,dual,300700,,0.5927999667079349,0.054322860317965425,0.6064019448146978,0.06939764582120964,0.618675774470899,0.0031511736307597987,0.6566648094019804
2026-09-09,dual,300703,,0.5428527138234898,0.026041109294366285,0.6241369849650185,0.03408111597197454,0.638256696555491,-0.0029714235701110703,0.6822750280746461
2026-09-09,dual,300705,,0.6600822938232815,0.024067808015391788,0.5820693147079454,0.03293850554010125,0.5916877703450508,0.011398726076087357,0.6206958372839928
2026-09-09,dual,300706,,0.5126671105608672,0.06171020474796065,0.6346992835397153,0.08600902870962002,0.6498762106991788,-0.006671612857195711,0.6972461536895819
2026-09-09,dual,300708,,0.4623253467056461,0.03403850158189824,0.6520255243822155,0.045136866517460454,0.6688596529073285,-0.012842569710017286,0.7212987766521254
2026-09-09,dual,300709,,0.5302098440474828,0.05040302749979429,0.6285759147864494,0.06486641027809012,0.6431440068949769,-0.004521202479486522,0.6885938262098058
2026-09-09,dual,300710,,0.6487754762325868,0.054899956008826835,0.5861899314986229,0.07483239957716618,0.5962668108945264,0.010012722127247464,0.6268466577802265
2026-09-09,dual,300711,,0.43847314266690257,0.03291260578558573,0.6600996534016929,0.03816698086170605,0.6776703044954702,-0.015766402939045417,0.7322765517199653
2026-09-09,dual,300715,,0.657654574017624,0.052616109268149594,0.5829550515310267,0.07071815796972533,0.592672321263153,0.011101133122957255,0.6220198485009193
2026-09-09,dual,300718,,0.47589956200126926,0.04077998600988665,0.64739088725156,0.057500055262178856,0.6637916673974044,-0.011178625293188645,0.7149294998637636
2026-09-09,dual,300719,,0.7828324264713532,0.02731740330089802,0.5367139727481935,0.033766197056747424,0.5411114094281986,0.026445592022776146,0.5518039001092252
2026-09-09,dual,300720,,0.5205369385865438,0.10074628180938626,0.6319575364383103,0.15148182220610878,0.6468632756656891,-0.005706919420445197,0.6933814413106968
2026-09-09,dual,300721,,0.6748451398786921,0.09893021730242424,0.5766719864737759,0.1460580465401765,0.5856851814706439,0.01320837434933389,0.6126064772897869
2026-09-09,dual,300722,,0.7655039066157575,0.02961777198534287,0.5431715896153734,0.03968592933659689,0.5483278513375291,0.024321440221904106,0.561716234734041
2026-09-09,dual,300723,,0.5868655520760724,0.051801271338866015,0.608524870489641,0.07028505017336417,0.6210239796043053,0.0024237256067832086,0.6597595257896391
2026-09-09,dual,300724,,0.4950294946888753,0.030255311324029536,0.6408121576280046,0.03792680100959213,0.656585159681985,-0.008833654037272771,0.7058064754680342
2026-09-09,dual,300725,,0.2651693213620616,0.061931193410551796,0.715802259897091,0.08172611623858538,0.7377115187129488,-0.037010203747791966,0.8034393285455819
2026-09-09,dual,300726,,0.33510710681551,0.06723294374516259,0.6939838951446022,0.08832251888201925,0.7143619389344323,-0.02843714187303683,0.7765739326606482
2026-09-09,dual,300727,,0.47757925072046115,0.04540877300188538,0.6468154374148728,0.060468771793137685,0.6631618900717529,-0.010972726933287824,0.7141352995886034
2026-09-09,dual,300731,,0.3352238371185718,0.061505586796277864,0.6939467031483129,0.08334971765372332,0.7143219395056252,-0.028422832925386866,0.7765269805140034
2026-09-09,dual,300735,,0.6005730396695762,0.04013703332333508,0.6036151948790247,0.0617457038013985,0.6155916286955884,0.0041040067098325195,0.6525910685984059
2026-09-09,dual,300736,,0.48917955867206286,0.08602653968453872,0.6428296958999561,0.1152215139833139,0.6587967657193207,-0.00955074656615866,0.7086143362121696
2026-09-09,dual,300737,,0.6001096557392399,0.04437576256602077,0.6037815148040956,0.05697509284823166,0.6157757503940786,0.00404720452370691,0.6528345549067122
2026-09-09,dual,300738,,0.28114857624403083,0.04733592617071223,0.7109004176328529,0.061377127448970004,0.7324864418420204,-0.035051446547697485,0.7975238804109057
2026-09-09,dual,300739,,0.33206785339006856,0.06469092933775553,0.6949513558409638,0.0814512957934936,0.7154022016363427,-0.02880969738791961,0.7777939305003704
2026-09-09,dual,300740,,0.5583065783039773,0.05672662908502657,0.6186827195513446,0.07744186870629133,0.6322437537364403,-0.001077069387514229,0.6744593089953619
2026-09-09,dual,300741,,0.46885454488706707,0.070307535640377,0.6497997916462325,0.05418569338473075,0.6664267490901945,-0.012042212369004268,0.7182460681032488
2026-09-09,dual,300745,,0.584139400118603,0.0673537824958795,0.6094987308618124,0.09329593126052999,0.6221008077519109,0.002089550464407189,0.6611766395600375
2026-09-09,dual,300747,,0.109429041084489,0.08187653464253972,0.760856270142931,0.10019694528722525,0.7850996236304215,-0.05610104356427496,0.8543263222670826
2026-09-09,dual,300748,,0.32224201250533197,0.03372536897353205,0.6980673494884512,0.044652158615323526,0.7187496851388379,-0.030014161345852844,0.7817055355101474
2026-09-09,dual,300749,,0.5465538551170944,0.05949217321083689,0.6228335151990234,0.07768438593376045,0.636820476337399,-0.0025177330062540887,0.6804123139788746
2026-09-09,dual,300750,,0.3889055233616663,0.02759895715650231,0.6765804793516599,0.035842540238398404,0.6955768477643097,-0.021842464177371998,0.7541934208181071
2026-09-09,dual,300751,,0.44571593545500887,0.06914637445043725,0.6576574799497171,0.09561379214880544,0.6750078848811484,-0.0148785722718906,0.7289722706078742
2026-09-09,dual,300752,,0.7491032990355706,0.05282069585950816,0.5492701114016468,0.06933117897100183,0.5551392457515079,0.02231103307708382,0.5710527544408812
2026-09-09,dual,300753,,0.7662935527835287,0.052521582539400744,0.5428776201019425,0.06900768366669757,0.5479994223641108,0.024418236044242106,0.5612655461837086
2026-09-09,dual,300755,,0.6941610919797335,0.04648674153480236,0.5695824967761128,0.06097461637352261,0.5777929663896025,0.015576148099365736,0.6019283503020708
2026-09-09,dual,300756,,0.6576548861307338,0.052637312958914786,0.5829549376929861,0.06796371000789067,0.5926721947347156,0.011101171382175562,0.6220196783994844
2026-09-09,dual,300757,,0.10015314349920411,0.06890540972848723,0.7633791372229014,0.09435738798722747,0.7877160125933392,-0.057238094779536425,0.856981971271597
2026-09-09,dual,300758,,0.6314160571791217,0.03713812495353426,0.5924927355564593,0.051677956818441215,0.6032642658866387,0.007884782663762191,0.6362101336006266
2026-09-09,dual,300759,,0.34050333440838965,0.04675151053313422,0.692261941071782,0.06784366333271884,0.7125093305030035,-0.027775665494508786,0.7743960774660753
2026-09-09,dual,300760,,0.34194019912816404,0.023645062553286352,0.6918025264041959,0.031505909365861735,0.712014825977552,-0.027599532806457376,0.7738136456912832
2026-09-09,dual,300761,,0.2528963056211571,0.03856973570316248,0.7195329398131507,0.05106476388377124,0.7416797488550246,-0.03851464548346363,0.8078934455166306
2026-09-09,dual,300762,,0.44473350742309015,0.05335132098031195,0.6579892352118064,0.06708049650587702,0.6753696898205386,-0.014998999538074764,0.7294219692570979
2026-09-09,dual,300763,,0.4869425399764875,0.03965694437612095,0.64359987158633,0.047914548373612746,0.6596406681845474,-0.00982496313689804,0.7096838832575623
2026-09-09,dual,300765,,0.4813070256661014,0.056854974875285375,0.6455368076140449,0.07406078509223099,0.6617621403239324,-0.010515771582801245,0.7123679801560802
2026-09-09,dual,300766,,0.2569947669035258,0.047359158790112973,0.7182904407301367,0.058928433935588366,0.740358956590395,-0.0380122509346911,0.8064146478923921
2026-09-09,dual,300767,,0.6121195601285906,0.05830490512003484,0.5994632167024869,0.08113861490385005,0.6109931408216684,0.005519393738338665,0.646498404244387
2026-09-09,dual,300768,,0.5985464892477034,0.030939566702212942,0.6043423966039813,0.04286367803039714,0.6163966164559281,0.0038555896053105165,0.6536553346574112
2026-09-09,dual,300769,,0.48767548559598006,0.03599803289696307,0.6433476097572601,0.04622505908813507,0.6593642798744207,-0.009735117739220665,0.7093337082274868
2026-09-09,dual,300770,,0.5121426564987152,0.014322630786653807,0.634881688812239,0.019185585268842488,0.6500765747988432,-0.00673590109703838,0.6975027212578295
2026-09-09,dual,300772,,0.5110132231920849,0.027320637846568435,0.6352743745310379,0.032473289624675286,0.6505078871954283,-0.006874348455049098,0.6980548316289321
2026-09-09,dual,300773,,0.3066791165118239,0.03995819073561084,0.7029654972828372,0.05339706735458221,0.7240023337621344,-0.03192188074871456,0.7877989548977933
2026-09-09,dual,300774,,0.45318490621001056,0.03478780598183063,0.6551302651460057,0.04741340384099493,0.6722504288522125,-0.01396301642452985,0.7255380958841098
2026-09-09,dual,300775,,0.21524891020505832,0.034318495467950946,0.7307882933303895,0.05072639697451852,0.7536058791157686,-0.04312951065588773,0.8210751139204383
2026-09-09,dual,300776,,0.2677988743120507,0.08627079928348516,0.7149990623482382,0.11740089581747963,0.736856214435042,-0.036687869833484564,0.8024749290166442
2026-09-09,dual,300777,,0.6508833841384118,0.03381912624650831,0.5854226291698672,0.04715843967691438,0.5954143944342385,0.010271112134677032,0.6257030124289494
2026-09-09,dual,300778,,0.7704514195944611,0.05492114222894003,0.5413292413302134,0.06619420478128249,0.546269402788687,0.024927912597567353,0.5588908035751186
2026-09-09,dual,300779,,0.4040982532069622,0.06257044602038919,0.6715730881488978,0.08512975888047006,0.6901477846700002,-0.019980120207432367,0.7476063126649858
2026-09-09,dual,300780,,0.617602555165992,0.06133600404921043,0.5974865508301513,0.08245221144013412,0.6088025060514013,0.0061915061795583815,0.6435883376998515
2026-09-09,dual,300781,,0.6793092936880326,0.05232439962163496,0.5750362102104719,0.06775291497865592,0.583864942472177,0.013755595948899316,0.6101478184946123
2026-09-09,dual,300782,,0.3284414111674071,0.061560922723146894,0.6961034826038954,0.08394320010654295,0.716640454858173,-0.029254231245526452,0.7792433976642964
2026-09-09,dual,300783,,0.4541127144477159,0.02419654980941375,0.6548157133736412,0.03178236022804412,0.6719070563848212,-0.01384928452155089,0.7251096127299009
2026-09-09,dual,300785,,0.5547716892601879,0.051175417950697646,0.6199330172622357,0.06628196992162134,0.6336228541094397,-0.0015103805410818794,0.6762558481692756
2026-09-09,dual,300786,,0.7409258315213434,0.03896970987005001,0.552305475049879,0.053358895854009145,0.5585278969241487,0.02130862880414708,0.5756896157376759
2026-09-09,dual,300788,,0.5089723155671615,0.06669753595328068,0.63598350840529,0.09139971809970367,0.6512866522463409,-0.007124525483613635,0.699051053599368
2026-09-09,dual,300789,fusion+sniper,0.966248712533422,0.04329613485471094,0.4680322451310721,0.05760353723812948,0.4642646287253595,0.04892899150494223,0.4459109501583309
2026-09-09,dual,300790,,0.3734634151416473,0.060430066408143523,0.6816289217776543,0.07840333311012967,0.7010397790387807,-0.023735377262745647,0.7607688756392619
2026-09-09,dual,300791,,0.689181223275315,0.06176515708325399,0.5714130997933775,0.08922939133217533,0.5798316422850446,0.014965709518070455,0.6046910336804001
2026-09-09,dual,300792,,0.5418848510700278,0.03972647216153872,0.6244775518270995,0.05230630844138909,0.6386318677868474,-0.0030900654061071925,0.6827611772410539
2026-09-09,dual,300795,,0.6301587615351805,0.09717056754626166,0.5929480771832528,0.1387198241751439,0.6037694725131403,0.007730661779314932,0.6368844109967935
2026-09-09,dual,300798,,0.5123047472404,0.06801162233796376,0.6348253177372534,0.09471041001806975,0.650014654787601,-0.006716031809659906,0.6974234381798028
2026-09-09,dual,300801,,0.6973818911973699,0.03915900760250128,0.5683975117646396,0.06026965303370597,0.5764730068486276,0.015970957726235302,0.6001380701698115
2026-09-09,dual,300802,,0.44091927714603774,0.05541478036737346,0.659275792983828,0.07203166540463546,0.6767723938786092,-0.015466552692034723,0.7311634476653379
2026-09-09,dual,300803,,0.22004754523039147,0.041410456576780816,0.729369624671666,0.05237907017241643,0.7521065535086172,-0.04254128792736095,0.8194351156098157
2026-09-09,dual,300804,,0.5949327396248402,0.07596164775433883,0.6056379980337504,0.10157124672863205,0.6178304881619614,0.003412611622581843,0.6555493211793113
2026-09-09,dual,300805,,0.8107538571978485,0.03668589429085428,0.526283787058221,0.050028029012270464,0.529448486309757,0.029868236187127944,0.5357485523841086
2026-09-09,dual,300806,,0.22885340047233116,0.0803068300229959,0.726754063715194,0.11076990747952543,0.749339308406503,-0.0414618550948825,0.8163951548159049
2026-09-09,dual,300808,,0.7459632330756666,0.043061617423302216,0.5504361071136112,0.054474741018408324,0.5564410781718488,0.021926119834685148,0.5728347848388784
2026-09-09,dual,300809,,0.6823168156139785,0.04015369200035451,0.573933250384416,0.05466719087528489,0.582637344639371,0.014124261776586683,0.6084882377450477
2026-09-09,dual,300810,,0.6027237070714427,0.03515779122615433,0.6028429541530371,0.04564390621111006,0.6147366462325812,0.004367638230171306,0.651459951285056
2026-09-09,dual,300811,,0.11994683673363227,0.06148745212611241,0.7579733936908507,0.0824602253776252,0.7821047033410041,-0.05481175891933644,0.8512657780985948
2026-09-09,dual,300812,,0.7079745939928631,0.04380490339031321,0.5644948267353955,0.0565277235679229,0.5721242602001443,0.01726942458356953,0.5942314640520315
2026-09-09,dual,300814,,0.24272245861900357,0.07932787559503407,0.7226027675846527,0.10664455875642433,0.744939448614178,-0.03976176846981855,0.8115270869762874
2026-09-09,dual,300816,,0.47058448381693524,0.05517518007781666,0.649208974866325,0.06966135635657175,0.6657806462212027,-0.01183015427495468,0.7174338430585353
2026-09-09,dual,300818,,0.7908916031169696,0.04485536157546235,0.533706319543306,0.05611724554626838,0.5377491034059911,0.027433496051971346,0.5471793012743065
2026-09-09,dual,300819,,0.6224857728440787,0.05935020790488184,0.5957234368250448,0.07038923628275992,0.6068478005300151,0.006790097156248662,0.6409876353015002
2026-09-09,dual,300820,,0.33602971316805214,0.06911046569138977,0.6936898702398435,0.0919208798485712,0.7140457020374521,-0.028324047623696454,0.7762026432411426
2026-09-09,dual,300821,,0.42655635202197273,0.06070319790262099,0.6640993316321752,0.07872417475538086,0.6820258225977673,-0.01722717815354643,0.7376572472673559
2026-09-09,dual,300823,,0.7462489206088287,0.04272869894211586,0.550330045932869,0.05645526003834678,0.5563226674338091,0.02196113977251654,0.5726727306826713
2026-09-09,dual,300824,fusion+sniper,0.9466843183969871,0.03866362958631826,0.4753463538981059,0.04884190924231527,0.4724449608672042,0.04653076341713132,0.45714170181771924
2026-09-09,dual,300825,,0.31660379321466103,0.08313562540372393,0.699847174208221,0.11581854237205583,0.720659663320153,-0.030705301371648105,0.7839275575171117
2026-09-09,dual,300826,,0.5867871076478116,0.04440892153983981,0.6085529052283767,0.059786327235219795,0.6210549818264425,0.0024141097899132713,0.6598003430469445
2026-09-09,dual,300827,,0.4200179985226647,0.03597407435356238,0.6662839107549854,0.046775336153573384,0.6844021548246148,-0.018028657764963346,0.740579683045494
2026-09-09,dual,300828,,0.5565436594221747,0.05155739620663922,0.6193064654443654,0.07152165595028853,0.6329318103478007,-0.0012931702056324795,0.6753559238647873
2026-09-09,dual,300829,,0.5161781749706094,0.037139734244793374,0.6334771405505643,0.04988373977040752,0.6485334726868919,-0.0062412221572927945,0.6955253448138435
2026-09-09,dual,300830,,0.5533854909019029,0.04360896525289064,0.6204228854954701,0.055100263929164686,0.6341630694011638,-0.0016803024826934215,0.6769589443937787
2026-09-09,dual,300832,,0.399955783976113,0.028897996852236797,0.6729423437880745,0.03696423732760337,0.6916333704049902,-0.020487909305987373,0.7494138976953001
2026-09-09,dual,300835,,0.17735608984696052,0.08684698882941616,0.7418245976006506,0.11762514669824506,0.7652297955015113,-0.04777446032698053,0.8336175873487949
2026-09-09,dual,300836,,0.7457667058542016,0.045279407803705644,0.5505090649657484,0.05644276197563987,0.5565225303436092,0.021902029280219212,0.5729462543891877
2026-09-09,dual,300837,,0.7845796356599631,0.028079072763308188,0.5360621402550707,0.027991701916284445,0.5403827770299731,0.026659767126905848,0.5508020310375531
2026-09-09,dual,300839,,0.4517592775621886,0.046561336807251795,0.655613326588693,0.07377147260080913,0.6727776804684557,-0.014137771780721911,0.7261956741181601
2026-09-09,dual,300840,,0.7919185592858853,0.05126703214415106,0.5333228828242798,0.07247155131559505,0.5373204018341956,0.02755938163330185,0.5465894003137513
2026-09-09,dual,300841,,0.5183556840999178,0.042153785243071853,0.6327183210706907,0.054135524877222,0.6476995431558448,-0.005974300344178882,0.694455367207248
2026-09-09,dual,300842,,0.37797521821908253,0.04873371440751102,0.6801582295671281,0.06238712071620667,0.6994494621217114,-0.02318231475585074,0.7588602298768352
2026-09-09,dual,300843,,0.3930022160030795,0.08613355607986978,0.6752341642013092,0.11478595701149699,0.6941181788608637,-0.02134028643083659,0.752428689243262
2026-09-09,dual,300844,,0.8701694774186166,0.04552805077686854,0.5040236972169758,0.060842703905238715,0.5045389377595055,0.03715147778788816,0.5013775640369956
2026-09-09,dual,300845,,0.6816319354133938,0.04925117585793322,0.5741844841810718,0.06696095548832619,0.5829169868581574,0.014040308298529883,0.6088663836641995
2026-09-09,dual,300846,,0.5315010559826882,0.05192145518158383,0.6281235478809004,0.06641192861987358,0.6426462114205871,-0.004362924093315623,0.6879516481557134
2026-09-09,dual,300847,,0.6432806208970131,0.020688427922037324,0.5881881464383201,0.02754195653108568,0.5984861323617006,0.00933915583573175,0.6298212033228403
2026-09-09,dual,300849,,0.7705833394021995,0.06998565021235412,0.541280101511403,0.09613742897249328,0.5462144946215303,0.024944083493842015,0.5588154136011657
2026-09-09,dual,300850,,0.4825121984207077,0.03393792521750759,0.6451229860822593,0.043859997864128794,0.6613089996601539,-0.01036803998781264,0.7117952222806895
2026-09-09,dual,300852,,0.2928448069580416,0.06642700671717708,0.7072808342288772,0.08509464452124767,0.728620258193173,-0.033617707847472714,0.7931104448660787
2026-09-09,dual,300853,,0.7586027216263174,0.05488579861623469,0.5457394612992619,0.07942704956028085,0.551196364244637,0.023475484269195504,0.5656506563966315
2026-09-09,dual,300854,,0.7709597478126072,0.06275968332982432,0.5411398858510694,0.08465716778898694,0.5460578182965141,0.024990224111130388,0.5586002875641286
2026-09-09,dual,300855,,0.1960790270393991,0.05066981378399722,0.7364085958124276,0.06469059439605522,0.7595343583173545,-0.045479379091747964,0.827510473545426
2026-09-09,dual,300857,,0.4187369822823792,0.08335934485437362,0.6667110895228535,0.1083623856074742,0.6848666114580126,-0.018185686350002596,0.74114977201822
2026-09-09,dual,300859,,0.5727489882333359,0.03064862149659346,0.6135582044416159,0.040388909830449043,0.6265868916448788,0.000693299421595156,0.6670662092621874
2026-09-09,dual,300860,,0.5050029650745431,0.04318930865473909,0.6373610064523619,0.057310974957379565,0.6527989538392976,-0.00761109346907634,0.7009832270933131
2026-09-09,dual,300861,,0.419453489944756,0.04235581847749311,0.666472190363023,0.058642808975187116,0.6846068735389258,-0.018097855937823176,0.7408310060558222
2026-09-09,dual,300862,,0.5558605478625455,0.06929022828943153,0.6195480543929492,0.09410755602556556,0.633198279282201,-0.0013769068814521446,0.675703007274112
2026-09-09,dual,300863,,0.5696522019579896,0.04414846763607882,0.6146591825841748,0.06062550752055949,0.6278028336659028,0.0003136914574695532,0.6686585585844274
2026-09-09,dual,300864,,0.5946507974489956,0.0784256724638519,0.6057390177775256,0.11974933504866762,0.61794227192613,0.0033780507953702493,0.6556968819757164
2026-09-09,dual,300865,,0.6306588707747688,0.060710573307193746,0.5927669769247735,0.08580094513624233,0.6035685450365008,0.007791965800128989,0.6366162707806607
2026-09-09,dual,300866,,0.24361510211300577,0.04461413794126268,0.7223342537564359,0.06203743894463561,0.7446545310259116,-0.039652347105436456,0.8112103982649258
2026-09-09,dual,300867,,0.46502044340869125,0.030454560358878183,0.6511075929745043,0.03773144132661478,0.6678564927434114,-0.012512201359863653,0.7200411534482376
2026-09-09,dual,300868,,0.645221132138287,0.11437812498138933,0.5874828041391456,0.1678297785630099,0.5977028337351893,0.00957702614907148,0.6287718527049833
2026-09-09,dual,300870,,0.2984564966343803,0.08198836423026021,0.7055348106401859,0.10959512058153614,0.7267529186656332,-0.032929819855234264,0.7909678429879096
2026-09-09,dual,300871,,0.5664965303425962,0.03554005781814007,0.615779889751293,0.04832972110684036,0.6290402351710933,-7.313474584486057e-05,0.6702772246019089
2026-09-09,dual,300872,,0.6677677670387749,0.04699211532493104,0.5792618561169336,0.0717081347247713,0.5885661411439082,0.012340821067886226,0.6164926080689667
2026-09-09,dual,300873,,0.6773605634682008,0.05433376746034807,0.5757504774284185,0.07805665449622269,0.5846598130275383,0.013516718142810608,0.6112217897739646
2026-09-09,dual,300875,,0.5976806874811432,0.04392364156493322,0.6046529380551663,0.059930677648143776,0.6167403367084612,0.0037494585337035508,0.6541095527369959
2026-09-09,dual,300876,fusion+sniper,0.9674204891852808,0.048881001461883344,0.46759458311612256,0.052905174778481265,0.46377524713713225,0.049072629363571096,0.4452399367984174
2026-09-09,dual,300878,,0.5970426242470271,0.06665620317026524,0.6048817413717477,0.09093039630351858,0.6169935709164266,0.0036712439383940615,0.65444411458217
2026-09-09,dual,300879,,0.6548598091948522,0.036059530093593604,0.583974039343264,0.048170496906792155,0.5938048043910111,0.010758547329088222,0.6235417849113363
2026-09-09,dual,300880,,0.6735902371019257,0.057212741888234865,0.5771315129941363,0.08290563822286322,0.5861964437549466,0.01305454678556034,0.6132965965812575
2026-09-09,dual,300883,,0.5270845514414424,0.026685557487774236,0.6296699049129336,0.0372175803331596,0.6443476072754848,-0.00490430478555158,0.6901451728747261
2026-09-09,dual,300884,,0.7875443980898678,0.03162864542013215,0.5349557935473405,0.04189754966788493,0.539145999281041,0.02702319144168401,0.5491010641877772
2026-09-09,dual,300887,,0.6346260364756189,0.03634471209468517,0.5913294918505065,0.048621148874550726,0.6019734346842129,0.008278265971063514,0.6344862240062449
2026-09-09,dual,300888,,0.46654085040418647,0.01858354110738483,0.6505892572859053,0.024527075530172998,0.6672898983787369,-0.012325827954376471,0.7193301519047157
2026-09-09,dual,300889,,0.6742857291482434,0.04531384213711987,0.5768768507036093,0.06345111002528059,0.5859131149146081,0.013139801077039881,0.6129141747769997
2026-09-09,dual,300890,,0.6104474661617371,0.03342766120130751,0.6000653803051971,0.044927442400895655,0.6116603103530763,0.005314426352750201,0.6473837137519208
2026-09-09,dual,300892,,0.6547247682560161,0.05381608646097744,0.5840232579687341,0.06816137148047666,0.5938594999724015,0.010741993840630432,0.6236152622945068
2026-09-09,dual,300895,,0.47447892716320395,0.07195925247280088,0.64787725352932,0.09437639070608389,0.6643238619248449,-0.011352768501887656,0.7156001761881896
2026-09-09,dual,300896,,0.4571594585877922,0.021289604193091446,0.6537818331755227,0.02677190979172843,0.6707781944898358,-0.013475810785428546,0.7236996387783359
2026-09-09,dual,300898,,0.8122082002517713,0.033327808908384396,0.5257398016078153,0.04305844033674605,0.5288400063050142,0.03004651139140503,0.5349099506508891
2026-09-09,dual,300900,,0.46653200719940907,0.0674004684430445,0.6505922731335958,0.09214659539874669,0.6672931952856517,-0.01232691196556207,0.719334290514154
2026-09-09,dual,300901,,0.6223105733517827,0.06234961533537066,0.5957867366654042,0.08566777735701175,0.6069179908504705,0.006768620981700946,0.6410810875423748
2026-09-09,dual,300903,,0.33532600214317676,0.10811694332258691,0.6939141497912763,0.157991637987724,0.7142869283347699,-0.028410309407924945,0.7764858811575958
2026-09-09,dual,300905,,0.6631799124002539,0.03980338941129351,0.5809384016008959,0.05988068714267619,0.5904304768605848,0.011778436064795117,0.6190038708296155
2026-09-09,dual,300907,,0.5190235021171673,0.08339769329661458,0.6324854674630781,0.11369012834120572,0.6474436053931301,-0.005892438370056652,0.6941267952566935
2026-09-09,dual,300909,,0.38262674393200097,0.05706029905651562,0.6786382330587865,0.08000824050620543,0.6978048566369807,-0.02261212487222327,0.7568816280348526
2026-09-09,dual,300910,,0.6432811410855295,0.02972341901050224,0.5881879574071812,0.039490713754822784,0.5984859224517702,0.009339219601095614,0.6298209221895112
2026-09-09,dual,300911,,0.4769915417347247,0.08322990050889352,0.6470168309970606,0.11735679162936678,0.6633823099182665,-0.01104476904137576,0.7144133344856849
2026-09-09,dual,300913,,0.23215919849353406,0.037973890132691236,0.7257680959282663,0.05047022572014312,0.7482951676708104,-0.04105662620755836,0.8152437297672614
2026-09-09,dual,300916,,0.6132985153819746,0.04979940689859463,0.5990384641361016,0.06850268688348803,0.6105224846457763,0.005663911558988793,0.6458735877477089
2026-09-09,dual,300917,,0.5635744233710297,0.042097370040148026,0.616816553910924,0.05649634813487517,0.6301845436351599,-0.00043133030078658374,0.6717724956697796
2026-09-09,dual,300918,,0.7215667037734476,0.03840527956918871,0.5594754005768552,0.05099997603172615,0.5665278557839446,0.01893556252891493,0.5866124483672426
2026-09-09,dual,300919,,0.3222432609577711,0.03619807303452817,0.6980669547249272,0.04618645992663371,0.7187492613393465,-0.03001400830897958,0.7817050416761822
2026-09-09,dual,300921,,0.5863248681322112,0.047538548655597854,0.6087180874200083,0.06177650720855072,0.6212376445958289,0.0023574478875881405,0.6600408135271327
2026-09-09,dual,300922,,0.6514973106253706,0.050989254558655425,0.5851990748541427,0.07010073896537626,0.5951660203055558,0.010346368017103452,0.6253696618121749
2026-09-09,dual,300923,,0.71973127061247,0.05902440261481351,0.5601539411029206,0.08443783925746831,0.5672846001477848,0.01871057281907472,0.5876438059571905
2026-09-09,dual,300925,,0.7645269925821118,0.03843456134551376,0.5435352335878406,0.04408754229698746,0.5487341103263651,0.02420168886857685,0.5622736649687523
2026-09-09,dual,300927,,0.6582910766861911,0.05540498530587476,0.5827228794556583,0.0737326348975893,0.5924142620786137,0.01117915642217518,0.621672892604446
2026-09-09,dual,300931,,0.6948974708434338,0.06539972553807354,0.5693116406491932,0.08800458927174153,0.577491278207167,0.015666414348444596,0.6015192728756846
2026-09-09,dual,300932,,0.4491964127799915,0.04664126857793016,0.656480921409442,0.060851198103907836,0.6737244281439287,-0.014451930975382589,0.7273753368522977
2026-09-09,dual,300933,,0.5235402990043592,0.02895758375277608,0.6309089402221622,0.03877186527749825,0.6457103501400215,-0.005338763715668701,0.6918993187216156
2026-09-09,dual,300936,,0.662630697364725,0.09350109974176835,0.5811389775388104,0.1280959676899515,0.5906534846908831,0.01171111259363275,0.6193040725558135
2026-09-09,dual,300937,,0.7181517702015211,0.04714740169353254,0.5607376861242399,0.06698644492900027,0.5679355730038168,0.018516955668253163,0.5885307358510192
2026-09-09,dual,300938,,0.4896538665612419,0.06510883415079696,0.6426663029947275,0.08505587737387436,0.6586177062055687,-0.009492605307391995,0.7083872657033085
2026-09-09,dual,300939,,0.41579604448652197,0.07532255717508979,0.6676907640182178,0.10676160547103368,0.6859315059813891,-0.018546190211116018,0.7424554858285276
2026-09-09,dual,300940,,0.6369889407921432,0.021774720101137093,0.5904725593895678,0.030404005753080672,0.6010223301394225,0.008567913759856771,0.6332150244972438
2026-09-09,dual,300941,fusion,0.8863760546822168,0.020599029405824087,0.47992326182733475,0.02293688448194181,0.47607221228529933,0.039138100451989025,0.47866140793513845
2026-09-09,dual,300943,,0.39657122941353945,0.0844563883099927,0.6740588959384418,0.10776352018647614,0.6928442151272982,-0.020902792269399777,0.7508843526207144
2026-09-09,dual,300945,,0.546479884310074,0.04312449993346178,0.6228595837537585,0.057181033739225125,0.6368492045690736,-0.0025268004409948336,0.6804495987784902
2026-09-09,dual,300946,,0.6909146994870943,0.04571673716963045,0.5707760918624546,0.059042436381754465,0.5791222910725957,0.015178201216594314,0.6037301010908308
2026-09-09,dual,300949,,0.8659861213703847,0.0459033546726607,0.5055925484689662,0.061498832785529034,0.5062949638276546,0.03663867673173382,0.5038018007654967
2026-09-09,dual,300951,,0.19740082605936393,0.09102792420744041,0.7360234931957826,0.13771717255944924,0.7591287251055447,-0.04531735130218217,0.8270726893953373
2026-09-09,dual,300953,,0.4539834996202624,0.04948038985092039,0.6548595287832873,0.06695592183489643,0.6719548885222275,-0.013865123837933473,0.7251693119933192
2026-09-09,dual,300957,,0.5413617494980181,0.024631363893571873,0.624661567055217,0.03085737041352315,0.6388345665484532,-0.00315418785600384,0.6830237608277646
2026-09-09,dual,300959,,0.6474566943060166,0.06261826991293808,0.5866697706172223,0.09051945149741492,0.5967998178368454,0.00985106417679206,0.6275614430849775
2026-09-09,dual,300961,,0.6571855720513115,0.03564509906329005,0.5831261021624565,0.052209096026550855,0.5928624374335183,0.01104364227090196,0.6222754203062284
2026-09-09,dual,300963,,0.6348330715051135,0.02907340653488067,0.5912544304893989,0.037457633816754925,0.6018901306266509,0.0083036445858794,0.6343749175149695
2026-09-09,dual,300964,,0.36291326376678906,0.0690223669592476,0.6850537754239675,0.09362373849786942,0.7047395675810294,-0.0250286281133162,0.765191392095612
2026-09-09,dual,300966,,0.83425087651765,0.0692723058648462,0.5174881758378508,0.09909784290168935,0.5196081548573976,0.03274853042571314,0.5221782780131772
2026-09-09,dual,300967,,0.4525514206348381,0.0423768757107936,0.6553449556664936,0.05049933126647238,0.6724847696383905,-0.014040669884637383,0.7258304154091543
2026-09-09,dual,300968,,0.8101640674580468,0.052518318908033344,0.5265043755106552,0.07372007125228316,0.529695222549635,0.02979593901758458,0.536088578976618
2026-09-09,dual,300969,,0.49331828254559457,0.05793145046967291,0.6414028433438606,0.07598246439121799,0.6572328029428304,-0.009043416578223447,0.7066294574428466
2026-09-09,dual,300970,,0.5217543877901352,0.07418364186553296,0.6315326247393317,0.1093535006741034,0.646396128154256,-0.005557682962869515,0.6927811238423464
2026-09-09,dual,300972,,0.267229996150605,0.04000821478931541,0.7151729420010857,0.05477011200466378,0.737041403094241,-0.0367576036354008,0.8026838694044184
2026-09-09,dual,300973,,0.6125852328883987,0.009516683374331245,0.5992954625073432,0.014236338375310131,0.6108072621128644,0.005576476492065274,0.6462516691068401
2026-09-09,dual,300975,,0.4186300315234241,0.0861540939302604,0.6667467418797068,0.12326249320120032,0.6849053717829353,-0.018198796508812023,0.7411973312823548
2026-09-09,dual,300976,,0.32397715332036336,0.08562110442430071,0.6975184114700462,0.1211526467230354,0.7181602995024108,-0.029801465598164656,0.7810184115375731
2026-09-09,dual,300977,,0.7087824467587054,0.05923997661124551,0.5641968537824671,0.0769519518061196,0.5717921362332812,0.01736845219364261,0.5937798520926296
2026-09-09,dual,300980,,0.6497560315858468,0.049786828464608315,0.5858330500593228,0.06402473452632643,0.5958703562612013,0.010132919838121743,0.6263148330821869
2026-09-09,dual,300981,,0.5861239713272091,0.0629948102361496,0.6087898705225191,0.08554475695514836,0.6213170220893948,0.0023328217040657767,0.6601453002042648
2026-09-09,dual,300984,,0.7995149762273849,0.04874552616147962,0.5304854001137275,0.05751200365395815,0.5341476147271227,0.028490559994808054,0.542221934012618
2026-09-09,dual,300985,,0.5630938732196548,0.07501252491116613,0.6169869353706814,0.1080160148149579,0.6303725893421929,-0.0004902367439195698,0.672018065755109
2026-09-09,dual,300986,,0.659923428250398,0.045318431956575596,0.5821272919709969,0.05881006307336509,0.5917522201628312,0.011379252133964804,0.6207825333951983
2026-09-09,dual,300987,,0.6518319999167699,0.02871545642391059,0.5850771867888644,0.03272179663173986,0.5950305956729627,0.01038739465221035,0.6251878816517862
2026-09-09,dual,300990,,0.41871367783684815,0.07291440277033243,0.6667188582923311,0.09641759075694598,0.6848750575069013,-0.01818854303830348,0.7411601356109612
2026-09-09,dual,300991,,0.6096338913222152,0.041324572067047746,0.6003582601169635,0.0533567608617689,0.6119847775671273,0.0052146973236746885,0.6478141050790858
2026-09-09,dual,300996,,0.5299085508588313,0.05796232707904953,0.628681438317351,0.08256980133422864,0.6432601187649158,-0.004558135378233671,0.688743568726971
2026-09-09,dual,300997,,0.5184848989273714,0.04755154374970388,0.6326732715008426,0.06338644001502133,0.6476500288595476,-0.005958461027796291,0.6943918078739606
2026-09-09,dual,300998,,0.5395445229351117,0.05904527949811833,0.6253005459378876,0.08431006281157774,0.6395383465352267,-0.0033769457781089862,0.6839350557384523
2026-09-09,dual,300999,,0.20238600068664886,0.029965621108606275,0.7345678328741452,0.04192812525410569,0.7575946771337776,-0.04470626231417553,0.8254136753701224
2026-09-09,dual,301000,,0.7378191616641872,0.047904595240155834,0.553457619782776,0.06336535841177106,0.5598138561972313,0.02092780929810817,0.5774477470824885
2026-09-09,dual,301002,,0.7258865572883613,0.04102449153872569,0.5578775228644497,0.050520746639548836,0.5647455723716273,0.019465095616545844,0.5841820717564562
2026-09-09,dual,301003,,0.45184438040345826,0.048361970431344464,0.655584499270143,0.0695559239720439,0.6727462184325929,-0.014127339767194574,0.7261564475701713
2026-09-09,dual,301005,,0.5480407619721387,0.05731823502566406,0.622309353701844,0.07332186648842293,0.6362427956495129,-0.0023354660901994256,0.6796623535174678
2026-09-09,dual,301007,,0.6895438987088921,0.04525825676215098,0.5712798453996688,0.05875420132147315,0.5796832600046357,0.015010166729752972,0.6044900553550928
2026-09-09,dual,301008,,0.3005905180037246,0.058782305515773126,0.7048692400551972,0.07097384695700217,0.7260407035195316,-0.03266822882653897,0.7901487785899985
2026-09-09,dual,301012,,0.7078360157721157,0.04960121345196518,0.564545936030347,0.06882023960518335,0.572181225876991,0.01725243749063747,0.5943089171035831
2026-09-09,dual,301013,,0.49706083084509833,0.07524919956077612,0.6401104152770495,0.1020802091935648,0.6558156021786761,-0.008584650291403255,0.7048277891716119
2026-09-09,dual,301015,,0.41042998782758877,0.04150125684127476,0.6694745479829894,0.05498755463755731,0.6878694800797245,-0.019203968198540235,0.7448267901289904
2026-09-09,dual,301016,,0.7456741122982969,0.05410051800500712,0.5505434382141476,0.06979094249274255,0.556560905380161,0.021890679045452305,0.5729987705623374
2026-09-09,dual,301017,,0.6877860776745492,0.041154397780090855,0.5719256082083425,0.05300111593646472,0.58040230686394,0.014794690812200528,0.6054638299632984
2026-09-09,dual,301018,,0.3534925456985612,0.09355547033158931,0.6880950871914249,0.12121494292536594,0.7080206870893656,-0.026183431605876016,0.7690923010135595
2026-09-09,dual,301020,,0.6927850893163683,0.06134367136435616,0.570088508699738,0.08680242529273899,0.5783565473103747,0.015407475958885822,0.6026923733698877
2026-09-09,dual,301021,,0.34275803951351974,0.0841573409854796,0.6915408651730856,0.1132196634573166,0.7117331358219048,-0.027499280901398207,0.7734816599774001
2026-09-09,dual,301025,,0.584319125250991,0.04872518092956972,0.6094345546118207,0.06156937192690856,0.6220298533919061,0.0021115813976204795,0.661083303061318
2026-09-09,dual,301026,,0.5227031076061965,0.03771377505398083,0.6312013628372208,0.052220908403373005,0.6460319008616118,-0.005441387692263419,0.6923128621917366
2026-09-09,dual,301027,,0.6090063358961288,0.05218205763663099,0.6005841255679736,0.06848857118038984,0.6122349893332141,0.005137770788715149,0.6481459259404587
2026-09-09,dual,301029,,0.6292707997378251,0.03414161005067859,0.5932695648902284,0.045436017811637926,0.6041261400932572,0.007621814303207561,0.6373602937704405
2026-09-09,dual,301031,,0.5801809215659757,0.05669303768936289,0.6109112599747611,0.07206045508271777,0.6236622596996032,0.001604315175049137,0.6632292047782143
2026-09-09,dual,301035,,0.40202967155297087,0.03641551910224082,0.6722572055099977,0.048213334295495756,0.6908901192960336,-0.02023368955335418,0.7485100259112905
2026-09-09,dual,301038,,0.6097514539269031,0.027856765126410388,0.6003159430395192,0.04064335671798628,0.6119378977694867,0.005229108295906809,0.6477519277961766
2026-09-09,dual,301039,,0.4722739520802339,0.02313238091761389,0.6486315379876227,0.03073180163995702,0.6651490575051813,-0.01162305712621331,0.71663925112965
2026-09-09,dual,301041,,0.5303413477044081,0.051385894580813184,0.628529853708974,0.06824073739726748,0.6430933229601722,-0.004505082595502946,0.6885284566097337
2026-09-09,dual,301042,,0.7955330371726714,0.03806139940358425,0.5319730276886705,0.06359875936384445,0.5358111078106683,0.02800244888753993,0.5445121532430404
2026-09-09,dual,301043,,0.7773737762565154,0.05591900371032983,0.5387496167872399,0.0710705359919637,0.543386664497256,0.025776463800585014,0.5549312064039814
2026-09-09,dual,301045,,0.519114535107523,0.07740783123875097,0.6324537214505063,0.10705525803267683,0.6474087109168672,-0.005881279431381323,0.6940819909736852
2026-09-09,dual,301046,,0.4828033999521427,0.042873327552408004,0.6450229632798321,0.05080196539987032,0.6611994645020308,-0.010332344137124347,0.7116567270982544
2026-09-09,dual,301047,,0.22356942956127301,0.11824939131975976,0.7283254278157,0.16439812653666902,0.7510022618310405,-0.04210957090788976,0.8182240232236512
2026-09-09,dual,301050,,0.6609337383867914,0.024965667142659312,0.5817585452992752,0.03136010817860068,0.5913422960285604,0.01150309722365181,0.6202310557809602
2026-09-09,dual,301051,,0.7019400950904608,0.06257804203435345,0.566719137584017,0.09080236555500261,0.5746030846667763,0.016529708103586463,0.5975998260616597
2026-09-09,dual,301052,,0.716906438893455,0.03720514111981283,0.561197811982752,0.049576705995724356,0.5684486566601408,0.018364301387174625,0.5892296162615099
2026-09-09,dual,301055,,0.5889425607840282,0.07259039319538627,0.6077823220139599,0.10290637212092943,0.6202027608057042,0.0026783279515995434,0.6586779275012219
2026-09-09,dual,301056,,0.7629679875987058,0.061360908737649336,0.5441154573333572,0.07963588685361754,0.5493823026143413,0.024010584073091326,0.5631629119797876
2026-09-09,dual,301058,,0.6455848479488967,0.025608823533123156,0.5873505596551424,0.03299764993018545,0.597555962104446,0.00962161089148171,0.6285750341730951
2026-09-09,dual,301060,,0.5824973210291411,0.05991869598726399,0.6100849087349263,0.07518644314367343,0.6227488478388503,0.0018882623403133902,0.6620288379759246
2026-09-09,dual,301061,,0.6780074699070944,0.03034880534060238,0.5755134020311766,0.03670154769163454,0.5843959939991082,0.013596016749305703,0.6108653901260368
2026-09-09,dual,301066,,0.7806707310729408,0.02947975158453743,0.5375202640309522,0.03682470917341309,0.5420126499487726,0.02618060867672356,0.5530428575744519
2026-09-09,dual,301067,,0.7234558203893092,0.0586656150248954,0.5587767817294182,0.07791376181294503,0.5657486537494536,0.01916713282430539,0.585550131237922
2026-09-09,dual,301069,,0.7249646791997421,0.025064218073708545,0.5582186196046216,0.03502125288036864,0.5651260625545386,0.01935209063871489,0.5847010741164763
2026-09-09,dual,301070,,0.5194108344864179,0.07023836793481171,0.6323503847628842,0.09660072667293876,0.6472951234932511,-0.00584495868012723,0.6939361340226566
2026-09-09,dual,301071,,0.24601816498298984,0.08546035430363422,0.7216105999086609,0.11548876671580663,0.7438864729530653,-0.03935777663055328,0.8103558200613405
2026-09-09,dual,301072,,0.5734333482454042,0.08040559604828881,0.6133147416862621,0.11401206410850759,0.6263179635526287,0.0007771891342880782,0.6667137985036677
2026-09-09,dual,301073,,0.5889216492056721,0.035780477337691324,0.6077898005746516,0.04418176328204624,0.6202110323771255,0.0026757645839724092,0.6586888254220254
2026-09-09,dual,301076,,0.8160727847772032,0.061975609154905624,0.5242939910407094,0.08788021390104957,0.5272226979473875,0.030520237032586536,0.5326806114130049
2026-09-09,dual,301078,,0.3522591787263704,0.03049540648861137,0.6884920677033207,0.04081176113902762,0.7084486643183312,-0.026334619283585783,0.7695996392516621
2026-09-09,dual,301079,,0.7908198171017177,0.04412042088213336,0.5337331209503161,0.05731729455579833,0.5377790683087248,0.027424696431758794,0.5472205314378549
2026-09-09,dual,301080,,0.3451564206868569,0.08108162105552849,0.6907728141267626,0.11176979271041128,0.7109061128397788,-0.02720528431478976,0.7725060999703922
2026-09-09,dual,301081,,0.5619331245643421,0.05159228471148035,0.6173983659994647,0.0702847933683027,0.6308266425386955,-0.000632522776834607,0.672610841635629
2026-09-09,dual,301085,,0.23555686180671875,0.06537687381491285,0.7247524255762702,0.08991858935021939,0.7472190075739807,-0.040640136356976705,0.8140544964700699
2026-09-09,dual,301086,,0.19294770024656938,0.08054819809792739,0.7373194588688926,0.11156297135102008,0.7604934345169827,-0.045863221076033786,0.8285440776048242
2026-09-09,dual,301087,,0.47787430164691685,0.031037041826188817,0.6467143109703212,0.03865373896558089,0.6630512046532152,-0.010936559218906988,0.7139956549402173
2026-09-09,dual,301090,,0.621008957646251,0.04022578120418814,0.5962569124490886,0.053832372679999095,0.6074393198096262,0.006609067288252876,0.6417750398462164
2026-09-09,dual,301091,,0.3891495958135228,0.03558184685929954,0.6765003503038289,0.0508349491346622,0.6954900529229288,-0.021812545468649337,0.7540885196926344
2026-09-09,dual,301092,,0.5612122473184282,0.07392860422922148,0.6176537983408371,0.1016897954538462,0.6311085135501371,-0.0007208888180704476,0.6729787052338502
2026-09-09,dual,301093,,0.6235008687148222,0.06597772863351825,0.5953566185268906,0.09378011695247232,0.6064410350405027,0.006914528887283181,0.640445967886928
2026-09-09,dual,301095,,0.44291992217979803,0.05707784661618665,0.6586012572700536,0.07887131466560156,0.6760370402241639,-0.015221311102632883,0.7302508894644546
2026-09-09,dual,301096,,0.5933713417742591,0.04172349458064311,0.6061973324619487,0.055996164046569076,0.6184493904554066,0.003221213506422571,0.6563661363094949
2026-09-09,dual,301098,,0.6355473943757218,0.044249873427474225,0.5909954172866269,0.05966257598185587,0.6016026654133451,0.008391207183530619,0.6339907719945604
2026-09-09,dual,301099,,0.3879022877890948,0.07356644911360376,0.6769097329851284,0.09597210730095196,0.6959334631623824,-0.021965442058110518,0.7546242895784129
2026-09-09,dual,301106,,0.7780817528272247,0.07635173934894776,0.5384856690866645,0.11105562507734232,0.543091668346816,0.02586324846079717,0.5545258407734652
2026-09-09,dual,301108,,0.5613633100635671,0.06288590134314012,0.617600276838367,0.08756849403369532,0.6310494537421422,-0.0007023713564057732,0.6729016355245055
2026-09-09,dual,301110,,0.7810168645116989,0.03839583991142938,0.537391172720962,0.04916751310358154,0.5418683604912669,0.026223038149835343,0.5528445179999909
2026-09-09,dual,301111,,0.6279622135061746,0.0656454502953896,0.593743194540959,0.09049390861182693,0.6046515579271377,0.007461406153883771,0.6380611099909668
2026-09-09,dual,301115,,0.6457049074584629,0.0701304750300524,0.5873069041022109,0.09573136224868889,0.5975074771789892,0.00963632793746036,0.6285100566708876
2026-09-09,dual,301116,,0.722287789094768,0.034447951373884254,0.5592087618873666,0.04739118234542486,0.5662304690460911,0.019023954076296312,0.5862070511228326
2026-09-09,dual,301118,,0.6853892570667609,0.051386265774186916,0.5728057223434083,0.0709472193848415,0.5813821897928593,0.01450088552168366,0.6067902397904275
2026-09-09,dual,301119,,0.6358749050655959,0.03268853442854223,0.5908766451346492,0.029019798524318102,0.6014708417250895,0.008431353856616267,0.6338145876556132
2026-09-09,dual,301120,,0.5695630416462927,0.04394655346773652,0.6146908637937425,0.05954326892085322,0.6278378182847059,0.0003027620741041237,0.6687043473877277
2026-09-09,dual,301122,,0.40360719524755767,0.061037018364931625,0.671735555954664,0.09669262002624615,0.6903240954585095,-0.020040314710915295,0.7478210385779757
2026-09-09,dual,301123,,0.3367005482786962,0.08255742516134841,0.6934759831482759,0.11205470281871903,0.7138156316874,-0.028241815810463852,0.7759323998832154
2026-09-09,dual,301127,,0.297527127831126,0.06500203295227583,0.705824393890802,0.07967817297634693,0.7270627277881055,-0.033043743054304804,0.7913238105258161
2026-09-09,dual,301128,,0.33150885881043296,0.08005136403037115,0.6951291090823813,0.10565769934272834,0.7155932833440961,-0.028878219647922518,0.7780177997240691
2026-09-09,dual,301130,,0.7533411708403126,0.06469952412121115,0.5476956131249034,0.08795799781567015,0.5533810792504853,0.02283051674337057,0.5686447883600514
2026-09-09,dual,301132,,0.374623747646147,0.056540168929497585,0.6812510375639176,0.0710844169881689,0.7006312470283923,-0.023593142242121688,0.7602790065660641
2026-09-09,dual,301133,,0.7950758955045308,0.057632756490363625,0.5321437770992337,0.0742203639709468,0.5360020328329743,0.027946411885780606,0.5447749604948751
2026-09-09,dual,301136,,0.6046960538499151,0.03292190800151308,0.6021342923117498,0.04124955671760318,0.61395193061166,0.004609410983779191,0.6504211165553607
2026-09-09,dual,301137,,0.44230620376824564,0.038954500037932285,0.6588082464431572,0.05335712436921266,0.6762627101702567,-0.015296541478913774,0.7305310336740203
2026-09-09,dual,301148,,0.6375849727941407,0.06298297630694183,0.5902563149937609,0.09039110908918349,0.6007822975559344,0.00864097611376645,0.6328940763381737
2026-09-09,dual,301149,,0.4826156118977518,0.03347298613049064,0.6450874667532026,0.046162701099802,0.6612701027646487,-0.010355363433477455,0.7117460434584928
2026-09-09,dual,301150,,0.37731676359512684,0.08127664191156551,0.6803730873652751,0.10869879554990847,0.6996818542623712,-0.02326302895342349,0.759139424811491
2026-09-09,dual,301151,,0.7172717152696139,0.07186915766690215,0.5610628602881592,0.10181264612784266,0.5682981758678788,0.018409077425676462,0.5890246602057922
2026-09-09,dual,301152,,0.7419822303602825,0.04360483639483376,0.5519135686028482,0.05924938704158061,0.5580904366958843,0.021438123505071988,0.5750913378557553
2026-09-09,dual,301153,,0.6119040980451316,0.03152290138926177,0.599540826988382,0.042356646720688486,0.6110791341084683,0.0054929821246282595,0.6466125397051371
2026-09-09,dual,301155,,0.6197018279424464,0.032235560288349105,0.5967289021817201,0.039930848677133965,0.6079626109054352,0.006448837681947914,0.642471334698413
2026-09-09,dual,301156,,0.738880554312883,0.03896750053672545,0.5530640538882555,0.049800422592227986,0.5593745980563507,0.021057916146526134,0.5768473004386886
2026-09-09,dual,301158,,0.704169206920588,0.04662752994225572,0.5658977971607634,0.06683390921415903,0.573687849958688,0.016802955440795173,0.5963566252654322
2026-09-09,dual,301160,,0.5052876122306724,0.049064805530003065,0.6372622990420062,0.06585826011123483,0.652690606916392,-0.0075762010619726886,0.7008449053997987
2026-09-09,dual,301161,,0.6765553116449401,0.04481668134195156,0.5760455338297531,0.06126098798347669,0.5849881400879208,0.013418009359556823,0.6116652604129102
2026-09-09,dual,301165,,0.3513174294364278,0.08435508788541318,0.688794999658845,0.11697816609493379,0.7087752017977238,-0.026450060098316165,0.7699864961131863
2026-09-09,dual,301169,,0.5676827682352085,0.0515442789755469,0.6153587519604052,0.0725772513309557,0.6285752853598148,7.227578989926764e-05,0.6696692281956946
2026-09-09,dual,301171,,0.30045193978297735,0.06067811573907022,0.7049124871527889,0.07819452108334154,0.7260869881383404,-0.032685215919471024,0.7902020381489132
2026-09-09,dual,301172,,0.6896904878327905,0.05071225065017866,0.5712259826143282,0.06564250694935854,0.5796232815520521,0.01502813580928844,0.6044088122668048
2026-09-09,dual,301175,,0.3497665393938764,0.024339861599026104,0.6892935213775444,0.03327607850561677,0.7093124798537002,-0.026640170154125474,0.7706225857877551
2026-09-09,dual,301176,,0.4905848999677483,0.09116589229456008,0.6423454776308917,0.1284519209712232,0.658266093282072,-0.009378478059157112,0.7079412394946276
2026-09-09,dual,301177,,0.7308060841248869,0.06034661410288125,0.556056372427162,0.08373446764243496,0.5627138386214722,0.020068137415633486,0.581409327172415
2026-09-09,dual,301179,,0.5272461219946109,0.05632029924102297,0.629613380605108,0.07961943217385983,0.644285428420772,-0.004884499263536957,0.6900650761887774
2026-09-09,dual,301181,,0.7243431579604449,0.054291423438147454,0.5584485527306118,0.07193037598531157,0.565382542066455,0.01927590378197612,0.5850508745111493
2026-09-09,dual,301182,,0.5021235135613146,0.08342935952013493,0.6383588648370059,0.11178390622304946,0.6538940851364556,-0.007964060264181637,0.7023804053186032
2026-09-09,dual,301183,,0.2523551014887796,0.0821293370559932,0.7196967623580053,0.10647472202526094,0.7418538325574933,-0.038580986968022556,0.8080880766379801
2026-09-09,dual,301186,,0.7574812472039867,0.04462481195009946,0.5461565262260942,0.05700670594088836,0.5516621944330532,0.02333801252125181,0.566289250890933
2026-09-09,dual,301188,,0.5104976123347101,0.09461220009982182,0.6354535842894987,0.12999301399793198,0.6507047088714233,-0.006937552683706175,0.6983066918159058
2026-09-09,dual,301189,,0.291780969423319,0.09371645022023367,0.7076111520957087,0.1268090672694586,0.7289733552252536,-0.033748114393100825,0.7935147937156736
2026-09-09,dual,301190,,0.7621410959331663,0.04560168535034665,0.5444231578122223,0.06076872253664067,0.5497260340250152,0.02390922265070103,0.5636344016091182
2026-09-09,dual,301191,,0.6102362696241118,0.0768545637370063,0.6001414160915877,0.10199447811851566,0.611744548579883,0.005288537615023431,0.6474954623999207
2026-09-09,dual,301193,,0.6081807967207316,0.05297191789032342,0.6008811828159298,0.06494889374630448,0.6125640487779278,0.005036575156270859,0.6485822131893031
2026-09-09,dual,301196,,0.45475826839646694,0.08495256774279947,0.6545967733359563,0.12013289595557419,0.6716680348242416,-0.013770151705001829,0.7248112361800871
2026-09-09,dual,301197,,0.6672236498507059,0.0691457422109721,0.5794607899220704,0.09618586179144038,0.5887873844399735,0.01227412249728968,0.6167907704746511
2026-09-09,dual,301200,,0.3212517816456685,0.07737919490957594,0.6983803704788886,0.1048314216557885,0.7190857063099328,-0.030135545092494886,0.7820969745435615
2026-09-09,dual,301201,,0.54211061288611,0.058575117894920044,0.6243981228480798,0.08407706486126801,0.63854437116357,-0.00306239123819238,0.6826478146253999
2026-09-09,dual,301205,,0.30535326002143176,0.09596281031877142,0.7033806610432843,0.12858822120350583,0.7244470087668693,-0.03208440590811846,0.7883122862775658
2026-09-09,dual,301206,,0.6286634276261718,0.06719442588323493,0.5934894187521577,0.09872116612712564,0.6043700394681125,0.007547361864365748,0.6376856460416587
2026-09-09,dual,301207,,0.4432266253290193,0.02758006729773825,0.6584977926555134,0.0397455684093337,0.6759242319389291,-0.015183715044101598,0.7301108197891444
2026-09-09,dual,301209,,0.5386976560305455,0.04343477863553184,0.6255981749676575,0.05213098840969395,0.6398661187388753,-0.003480755790471468,0.6843592571599224
2026-09-09,dual,301210,,0.6623401200595096,0.04106343164365747,0.5812450869064719,0.05807606655692206,0.5907714580338427,0.011675493261381092,0.619462865658288
2026-09-09,dual,301211,,0.6150958707435574,0.05178510097306471,0.598390628917378,0.07066200654658986,0.6098045579256297,0.005884233644194492,0.6449200763575036
2026-09-09,dual,301213,,0.722597197224274,0.04738043476168868,0.5590943402867867,0.06612193942283354,0.5661028497106558,0.019061881714719647,0.5860330646960599
2026-09-09,dual,301215,,0.6951513228393971,0.022069288231556718,0.5692182587530674,0.027094528261519566,0.577387263781513,0.015697531846007792,0.6013782186592052
2026-09-09,dual,301216,,0.4265146329029641,0.04641123010492136,0.664113293130498,0.06025009208232272,0.6820410154672165,-0.01723229213572791,0.7376759614783697
2026-09-09,dual,301217,,0.29669773926070814,0.09850114421752526,0.706082683866178,0.14211784535844837,0.7273390227261406,-0.03314541055044164,0.791641106497682
2026-09-09,dual,301218,,0.5093664103871243,0.07778641126563055,0.6358466221022161,0.103239401844093,0.6511363371885585,-0.007076216843954035,0.6988588311586726
2026-09-09,dual,301219,,0.40412571916062384,0.03921545224162123,0.6715639997532798,0.05448969915286782,0.6901379215858009,-0.019976753396220605,0.7475942989958276
2026-09-09,dual,301220,sniper,0.9344330465360647,0.025167409019490605,0.5240641519530641,0.027319590176986763,0.529155852020493,0.04502898707366898,0.5174171168544741
2026-09-09,dual,301225,,0.7427214182419709,0.06761617478847765,0.5516393037789596,0.0894195254608626,0.5577842815064525,0.02152873408711567,0.5746725773494946
2026-09-09,dual,301226,,0.76814344718526,0.06252256517013513,0.5421888247405674,0.07417609803587777,0.5472298526182144,0.024644998431197607,0.5602093290751209
2026-09-09,dual,301227,,0.7027143436781491,0.05814203653128831,0.5664338986097696,0.07814634436516807,0.574285249226099,0.01662461647115425,0.5971681602054763
2026-09-09,dual,301228,,0.7043207898542432,0.07545344634366057,0.5658419315878935,0.10043185099621461,0.5736255942244841,0.016821536667823697,0.5962720406118596
2026-09-09,dual,301230,,0.4108989897939013,0.08642894227491268,0.6693188357031409,0.12014202891091198,0.6877003586169688,-0.01914647734648494,0.7446201078281856
2026-09-09,dual,301231,,0.7472908582070142,0.060698881089905204,0.5499431890452676,0.07777185177397153,0.5558907547665237,0.022088861796326173,0.5720815672862538
2026-09-09,dual,301232,,0.5547267449723781,0.07471779952634464,0.619948903949646,0.1032186234822711,0.6336403746247966,-0.0015158898685192906,0.6762786569559707
2026-09-09,dual,301234,,0.5997204506913305,0.10474507964734892,0.6039211915571158,0.156890218171193,0.6159303721091314,0.003999495278467574,0.653039001967305
2026-09-09,dual,301235,,0.6825512125594315,0.09172957923299112,0.5738472580551485,0.12834754648499164,0.5825416262199933,0.014152994449541559,0.6083587891831611
2026-09-09,dual,301236,,0.4823050593535098,0.046855340923896316,0.6451941271309851,0.05954881419933333,0.6613869042919294,-0.010393431355701296,0.7118937133333594
2026-09-09,dual,301237,,0.8099045974261072,0.054954021189410625,0.5266014171496896,0.0816754240735357,0.529803766236913,0.029764132854091685,0.536238158475928
2026-09-09,dual,301238,,0.4621409918954629,0.033703969760907164,0.65208827321419,0.04572543277712747,0.6689282169492452,-0.012865168154968923,0.721384676057668
2026-09-09,dual,301246,,0.6037695981023524,0.03366965312103291,0.6024672202820305,0.05017350943830879,0.6143206032492886,0.004495844870746293,0.6509092592058889
2026-09-09,dual,301248,,0.612948168416234,0.06726931055921706,0.5991647022843537,0.09152047278163325,0.6106623698266382,0.005620965586429716,0.6460593149106341
2026-09-09,dual,301251,,0.24622031024043114,0.045059106743426315,0.721549673470395,0.054802456432340906,0.7438217950051758,-0.03933299741015766,0.8102837981443841
2026-09-09,dual,301252,,0.519981065138006,0.04767108635413147,0.6321514782248254,0.06413686424879256,0.6470764766916574,-0.005775059088264964,0.6936553217448026
2026-09-09,dual,301256,,0.8318215961464435,0.04919864894924243,0.5183981212129215,0.0618477352576336,0.5206263509620435,0.03245074617649146,0.5235831269878378
2026-09-09,dual,301257,,0.6393264599090711,0.056134830985693884,0.5896242921143592,0.07746983548439088,0.6000806929408913,0.008854449798893715,0.6319556550764569
2026-09-09,dual,301259,,0.7760980659390965,0.05969727310820502,0.5392251719405253,0.07937647521353919,0.5439181441594887,0.02562008562225715,0.5556614540955753
2026-09-09,dual,301261,,0.4974258991458505,0.04406806191100933,0.6399842357014974,0.05636850021451444,0.6556772117462254,-0.008539899759046989,0.7046517008474653
2026-09-09,dual,301262,,0.5832536751318679,0.025526955154924605,0.6098149501462152,0.03348683293180774,0.6224504100076779,0.001980977179364421,0.6616364391581079
2026-09-09,dual,301265,,0.5252213402136935,0.0651196357634046,0.6303214790193857,0.09013765253293239,0.6450642936362215,-0.005132699565821852,0.6910680126730023
2026-09-09,dual,301266,,0.557120652524475,0.039020391212126526,0.6191023602711934,0.051822096253607196,0.6327066728958244,-0.001222441664040036,0.6750626081620713
2026-09-09,dual,301269,,0.4892673664936173,0.02960570825396553,0.6427994497502533,0.036970879054836314,0.6587636201476559,-0.009539982972739267,0.7085723068840063
2026-09-09,dual,301270,,0.7527713563395375,0.03690445892508699,0.5479073728064467,0.04885546280828291,0.5536175569817811,0.02276066816379939,0.5689687494572254
2026-09-09,dual,301273,,0.7368039617557403,0.07952848038974597,0.5538339946639196,0.11395600315120628,0.5602339098238125,0.02080336481400087,0.578021847716882
2026-09-09,dual,301275,,0.4753425441379956,0.03273123907922437,0.6475816234721791,0.04092285928197169,0.664000385622899,-0.011246905244808897,0.715192579202269
2026-09-09,dual,301279,,0.7563347517140212,0.06238218330389152,0.5465828292743343,0.08610269006580268,0.5521383240005222,0.023197473659306522,0.5669418654905999
2026-09-09,dual,301281,,0.5073879253841592,0.062221336412423764,0.6365336138569774,0.08367667131314975,0.6518906640233085,-0.00731874202885547,0.6998231449555328
2026-09-09,dual,301282,,0.19030753545084741,0.07341223802107032,0.7380858729517943,0.09748100935743885,0.7613000368689006,-0.046186855803763915,0.8294117346993063
2026-09-09,dual,301285,,0.5736553647041689,0.07263731700830181,0.613235746609169,0.09375060518746917,0.6262307025389845,0.0008044041915831329,0.666599431197343
2026-09-09,dual,301291,,0.3655960840208492,0.055253915885679426,0.6841847487676099,0.07172256975633298,0.7038012646700276,-0.024699764625749625,0.7640721764191867
2026-09-09,dual,301292,,0.29632195507651976,0.08088437887407238,0.7061996677984486,0.11030530319516979,0.7274641504673508,-0.03319147464929341,0.7917847517326131
2026-09-09,dual,301293,,0.47862014794161406,0.04418131346021475,0.6464586193126463,0.056764063877194085,0.6627713281105193,-0.010845132440205907,0.71364247109708
2026-09-09,dual,301297,,0.22212975582351047,0.07510809272447104,0.7287525790930175,0.10241730340427277,0.7514540705471532,-0.042286047928906015,0.8187198547218983
2026-09-09,dual,301299,,0.7841180203705823,0.03548401161798326,0.5362343674472636,0.041840583563266504,0.5405752997135305,0.02660318174301736,0.5510667667571798
2026-09-09,dual,301301,,0.5195583599496458,0.02184081559309968,0.6322989295879621,0.02893795554481115,0.6472385628712246,-0.005826874822936798,0.6938634983373362
2026-09-09,dual,301302,,0.7550793287487386,0.048196285086366,0.5470495566076115,0.08888233237064516,0.5526595805358405,0.023043582330169135,0.5676562180173437
2026-09-09,dual,301305,,0.37284657559899714,0.04103053916492866,0.6818297100082162,0.05029172327207465,0.7012568268200567,-0.023810990231209674,0.7610290133643463
2026-09-09,dual,301306,,0.46126176926518175,0.07718548374168979,0.6523874615008443,0.10662963468508022,0.6692551130216761,-0.012972944372963452,0.7217941227810462
2026-09-09,dual,301307,,0.4146769109125147,0.08536723984195844,0.6680631855622219,0.11414612899028548,0.6863362241852408,-0.018683375014922343,0.7429512258932163
2026-09-09,dual,301308,,0.47435626671105613,0.065325230330116,0.6479192330044541,0.09118959351163348,0.6643697931180373,-0.011367804374685611,0.7156580391137539
2026-09-09,dual,301310,,0.3443936162465278,0.09053034172264261,0.6910172071007151,0.12289119066587736,0.7111692999057583,-0.027298789844352633,0.7728166976797485
2026-09-09,dual,301312,,0.27996285853993486,0.09154986470621503,0.7112658710049642,0.12032352302367309,0.7328764225305073,-0.03519679331807776,0.7979673524298878
2026-09-09,dual,301313,,0.7714462281130682,0.04605929588380807,0.5409586577319859,0.06145210691004532,0.545855312112148,0.025049857479411367,0.5583222203384323
2026-09-09,dual,301315,,0.7132922731197787,0.02975730123850708,0.5625325779493275,0.04012446130209581,0.5699368783171871,0.017921272392154866,0.5912558398957269
2026-09-09,dual,301316,,0.4117797729897315,0.056061168943091516,0.6690263086147459,0.07333267021464607,0.6873826142878353,-0.019038509832398826,0.7442316624333828
2026-09-09,dual,301317,,0.46765935975197404,0.07903273708996321,0.6502077086871637,0.10384104299420997,0.6668727658521185,-0.012188719669006788,0.7188063909375606
2026-09-09,dual,301319,,0.509576566547717,0.10771632604918513,0.6357736167192076,0.15725760207365314,0.6510561674441219,-0.007050455636954965,0.698756297496196
2026-09-09,dual,301321,,0.3225409128268084,0.08892524180652814,0.6979728281629214,0.12372659547779101,0.7186482093841748,-0.02997752176777945,0.7815872804479235
2026-09-09,dual,301322,,0.43446415380934056,0.0696969985959683,0.6614477906874978,0.09456733521038123,0.6791390629525005,-0.016257829845234203,0.7340944916162714
2026-09-09,dual,301323,,0.6965018362654627,0.052412868989849135,0.568721376795816,0.06478388801632055,0.5768337833474114,0.015863079483658615,0.6006275162401062
2026-09-09,dual,301326,,0.6308740207451181,0.07627505659267705,0.5926890587573809,0.10393467892783431,0.6034820940831828,0.007818339154621087,0.6365008891227796
2026-09-09,dual,301328,,0.7166138848718776,0.06507993133810594,0.5613058898095642,0.09679359728355119,0.5685691693339905,0.018328439746540318,0.5893937455770024
2026-09-09,dual,301330,,0.7723435533037173,0.03121127914051457,0.5406243495028747,0.03840059073186167,0.5454817445899334,0.025159852732068194,0.5578092224878348
2026-09-09,dual,301333,,0.4752144737252781,0.06103082320147779,0.6476254711910772,0.08311266711747461,0.6640483653911039,-0.01126260427739098,0.715253046150808
2026-09-09,dual,301336,,0.7478102144217065,0.04033248063633428,0.5497503367435913,0.054414062380146046,0.5556754353047416,0.022152525135603035,0.5717868235335554
2026-09-09,dual,301337,,0.7524395801038296,0.0371895504003128,0.5480306625442052,0.04665381113288869,0.5537552356940351,0.02271999861473009,0.5691573496276338
2026-09-09,dual,301338,,0.3781651390463905,0.0744551633324879,0.6800962430163021,0.09958031989375915,0.6993824132288354,-0.023159034021505785,0.7587796594975392
2026-09-09,dual,301339,,0.7313737138338935,0.021707725154101312,0.5558461447356502,0.02840169869669072,0.5624792743175928,0.020137718180676473,0.5810890648784235
2026-09-09,dual,301345,,0.3732108115981232,0.04781955629069114,0.6817111552461307,0.0629535673590924,0.7011286737677961,-0.023766341723435586,0.7608754287727377
2026-09-09,dual,301348,,0.6461514372808705,0.03753256432092114,0.5871445266909635,0.05461686117984372,0.597327133506254,0.009691064125796955,0.6282683491376465
2026-09-09,dual,301349,,0.5476195133116242,0.06875053040023671,0.6224578805475764,0.09228777960364755,0.6364064956525399,-0.0023871032818524596,0.679874915797559
2026-09-09,dual,301355,,0.837602451128289,0.04844975567126579,0.5162325738120122,0.06595060441571265,0.5182031274186394,0.03315937066505689,0.5202394962506908
2026-09-09,dual,301357,,0.4181460481278415,0.06093156184070732,0.6669080553449805,0.08268905309384025,0.6850807413762339,-0.018258123803346467,0.7414124797219093
2026-09-09,dual,301358,,0.43763803202280505,0.037481389433011,0.6603806981153408,0.052805199686384564,0.6779765516564853,-0.01586877185418472,0.7326558954201832
2026-09-09,dual,301360,,0.7803335448766634,0.06208105723522634,0.5376460136083411,0.07289439193253905,0.5421532028759647,0.02613927596787015,0.5532360540145947
2026-09-09,dual,301362,,0.4345919121089483,0.08779343179565688,0.661404868560782,0.1214697753019964,0.6790923110900828,-0.016242169071870427,0.7340366791870029
2026-09-09,dual,301363,,0.5539505196683278,0.054537711471015736,0.6202232397102743,0.07148510924340704,0.6339429127291932,-0.001611040544469755,0.6766724514640481
2026-09-09,dual,301365,,0.5064809246871067,0.056128728956684755,0.6368483668886117,0.07594037477526064,0.6522362173312937,-0.007429923317280061,0.7002646271953727
2026-09-09,dual,301366,,0.21407900623185844,0.09490730045544662,0.7311334507360955,0.13349547636857143,0.7539704868837364,-0.043272918959206694,0.8214731736957365
2026-09-09,dual,301367,,0.7633381537469179,0.03931744826705556,0.5439777012747501,0.0548244638969769,0.5492284125888048,0.024055959506013427,0.5629518079852502
2026-09-09,dual,301369,,0.56459929878588,0.0748961742949549,0.6164530833766072,0.10106252117407047,0.6297833642264457,-0.0003056997809115225,0.6712484513545702
2026-09-09,dual,301371,,0.669518201396186,0.031116553759273163,0.57862170832356,0.04416217046812668,0.587854155164922,0.012555391517271863,0.6155328210615848
2026-09-09,dual,301373,,0.5060326262237436,0.12492320507303696,0.6370038949485314,0.1747983567782011,0.6524069530028521,-0.007484876307853779,0.7004826991002459
2026-09-09,dual,301376,,0.5039759048679242,0.058269032864250545,0.6377170649445748,0.08110970184463255,0.6531897581806851,-0.007736991803479615,0.7014820125774817
2026-09-09,dual,301377,,0.3599745107627005,0.06904049768497908,0.6860042198362094,0.09124007259108717,0.7057653968333988,-0.025388864159901395,0.766413147675581
2026-09-09,dual,301379,,0.5461511251677609,0.0675750917991635,0.6229754353949926,0.09000955292223248,0.6369768737797461,-0.0025671001509537383,0.6806152810799606
2026-09-09,dual,301380,,0.5543214140804628,0.030622739622104676,0.6200921667215926,0.04428526364055185,0.6337983677457191,-0.0015655758400382608,0.6764843205649369
2026-09-09,dual,301381,,0.48553106045630934,0.040158448700044466,0.6440854435789843,0.05488538160646021,0.6601726205056244,-0.009997984075193145,0.7103575345119851
2026-09-09,dual,301382,,0.6165267012765427,0.0562172366139419,0.597874657270928,0.07145754490672449,0.609232693621144,0.006059626654025166,0.6441601853512667
2026-09-09,dual,301383,,0.7556189723155671,0.04164432608209486,0.5468489439496389,0.045856124241269815,0.5524355325271613,0.023109732518636475,0.5673491878768234
2026-09-09,dual,301387,,0.6957523486511512,0.053436680327851094,0.5689971460165366,0.07436584712705847,0.5771409694963511,0.015771206347410513,0.6010441884019945
2026-09-09,dual,301389,,0.4453854076717403,0.08450285832403039,0.6577691128139738,0.11401594729504877,0.6751296337658022,-0.014919088784086619,0.7291236194810139
2026-09-09,dual,301392,,0.5189709630770192,0.09393618214968305,0.632503788924662,0.1369069362597125,0.6474637437749928,-0.005898878671806412,0.6941526520580723
2026-09-09,dual,301393,,0.5157720637959196,0.05606246797897829,0.6336185892872536,0.07734681942020974,0.6486889026862107,-0.00629100377685754,0.6957246652250766
2026-09-09,dual,301396,,0.4863277811879025,0.09179313360959901,0.6438113950022788,0.12323454645301003,0.6598724053928018,-0.009900321043906653,0.7099774005551429
2026-09-09,dual,301398,,0.712333565684204,0.0431094806591959,0.5628864920020465,0.05396199186384897,0.5703314388248488,0.01780375282656267,0.5917928068321606
2026-09-09,dual,301399,,0.7332656394677431,0.05712366230751365,0.5551453059987258,0.07762287335276769,0.561697263767808,0.020369632809031757,0.5800211296138646
2026-09-09,dual,301408,,0.6084323598872232,0.04555375452535436,0.6007906696325244,0.06019605466378046,0.6124637867082608,0.005067412086233097,0.6484492914135241
2026-09-09,dual,301413,,0.6278932365089108,0.0478486366228352,0.5937681552440539,0.0689473620736373,0.6046792465765676,0.007452950866636068,0.6380980345155334
2026-09-09,dual,301419,,0.4349877755698666,0.06580698103775863,0.6612718560222335,0.08945748687594297,0.6789474260352298,-0.0161936436299737,0.7338574945115416
2026-09-09,dual,301421,,0.5153970598945058,0.06600730789849338,0.633749182894667,0.09135553023969517,0.6488323990813636,-0.006336972227663509,0.6959086528927405
2026-09-09,dual,301428,,0.7643056003495667,0.04926404330772821,0.5436176376284942,0.06585778048540171,0.5488261693821456,0.02417455032971845,0.5623999702761506
2026-09-09,dual,301439,,0.6175629168010487,0.04002092928178149,0.5975008522512085,0.057561782185003046,0.6088183587289865,0.006186647258832334,0.6436094139218296
2026-09-09,dual,301448,,0.7016938378468357,0.07330887136355985,0.5668098513379404,0.09944142387764038,0.574704162388499,0.016499521580335588,0.5977370898937472
2026-09-09,dual,301449,fusion+sniper,0.9361312539664375,0.03961038289817295,0.4792961927009221,0.0504970804179494,0.47686387826537696,0.045237155480523164,0.46321846742302514
2026-09-09,dual,301458,,0.5657604635920057,0.049270997675440166,0.6160411207298886,0.06894622161010497,0.6293286188371032,-0.0001633627357053996,0.6706542034958399
2026-09-09,dual,301468,,0.6812432505540008,0.05824103732586532,0.5743270479634092,0.0751567033751351,0.5830756663728762,0.013992662818654425,0.6090809318407499
2026-09-09,dual,301479,,0.6728373162434067,0.04788048365342435,0.5774071572879267,0.05853784663373681,0.5865031035818687,0.0129622527979108,0.6137104386057267
2026-09-09,dual,301486,,0.1013614373849083,0.0839740330645445,0.7630515472320609,0.11902006765057917,0.7873765198516416,-0.05708998059236467,0.8566383406083555
2026-09-09,dual,301487,,0.5567758715758592,0.031243247182737337,0.6192243279297922,0.039009561673309816,0.6328412102488761,-0.0012647053472057967,0.6752378948403509
2026-09-09,dual,301488,,0.6423302364776996,0.03147852303314556,0.5885334628272788,0.0406260107242634,0.5988695774207621,0.009222656515961297,0.63033468677011
2026-09-09,dual,301489,,0.3222754086080795,0.0726140456341085,0.6980567894633084,0.09457178672254758,0.7187383483685692,-0.030010067609493103,0.7816923251742647
2026-09-09,dual,301498,,0.5115855345977383,0.02668845231526374,0.6350754135639451,0.03290647323963201,0.6502893614137235,-0.0068041938017314035,0.697775135294442
2026-09-09,dual,301500,,0.31932063379768827,0.06356277628894196,0.6989902931287665,0.09298804094683788,0.7197403104362611,-0.030372267629285167,0.7828589013839311
2026-09-09,dual,301505,,0.7768002163984228,0.03850543623130688,0.5389634353494465,0.049762846175053395,0.5436256302579544,0.02570615611039405,0.5552595555948194
2026-09-09,dual,301509,,0.6637507672780615,0.040343220870709004,0.5807298943345218,0.05552677077932671,0.5901986427812342,0.011848412175093997,0.6186917443120701
2026-09-09,dual,301510,,0.6232904004411199,0.05246740210707494,0.5954326827853691,0.07371959591975864,0.6065253852628744,0.006888729421065817,0.6405583057666523
2026-09-09,dual,301511,,0.07653325565184824,0.1107242516106372,0.7697200116177374,0.16189023318230497,0.7942729029537069,-0.06013345039706513,0.8635623363169853
2026-09-09,dual,301516,,0.4685522113213828,0.05505034789013084,0.649902998911094,0.07187748598078436,0.6665396015022699,-0.012079272798479146,0.7183878712472354
2026-09-09,dual,301517,,0.6486752879243438,0.036936481350894695,0.5862263907942021,0.047975313641445555,0.5963073116050491,0.010000440918168207,0.626900979759841
2026-09-09,dual,301520,,0.4926723124460305,0.14603864145513815,0.6416257115126808,0.21612046049674558,0.6574771315597507,-0.009122600407063586,0.706939776834342
2026-09-09,dual,301522,,0.5604708746449714,0.02697340618122997,0.6179164251445209,0.03422909342125987,0.6313983051901254,-0.0008117672146423366,0.6733568058887939
2026-09-09,dual,301526,,0.27435969995526377,0.10191994913452543,0.712989117170625,0.13945351324800118,0.734714397798426,-0.03588363555834893,0.8000531812984992
2026-09-09,dual,301528,,0.5413088983447601,0.06980554058960177,0.6246801568864712,0.10270041320313066,0.6388550433087904,-0.0031606664169719217,0.6830502842733015
2026-09-09,dual,301529,,0.3499190586668609,0.08323172111359844,0.6892445146740235,0.10995986252868503,0.7092596682276057,-0.026621474149442013,0.7705600855956205
2026-09-09,dual,301533,,0.8007054796658308,0.05175991549824137,0.5300405290358003,0.07173762524125257,0.5336501213309314,0.028636493406535804,0.5415368627718841
2026-09-09,dual,301536,,0.45074667859632334,0.07452972108906607,0.6559562414458047,0.11020625447200595,0.6731519132604777,-0.014261897438009909,0.7266621437877671
2026-09-09,dual,301538,,0.6124664218312716,0.049515453857459174,0.5993382652769514,0.06373535528766436,0.6108546899939657,0.005561912482959869,0.6463146281518711
2026-09-09,dual,301539,,0.8334231525504843,0.04882469555681335,0.5177982330831017,0.06660609691136404,0.5199551015519581,0.032647066978740646,0.5226569899952919
2026-09-09,dual,301548,,0.6969063348557518,0.04564313169390084,0.5685725263824721,0.06676618536151532,0.5766679702303482,0.015912663430595386,0.6004025776268397
2026-09-09,dual,301550,,0.2296340993976217,0.06222297510568106,0.7265214166827605,0.07484899238358118,0.7490929837988829,-0.04136615603680286,0.8161237363141246
2026-09-09,dual,301551,,0.5405895816643953,0.027681179186326853,0.6249331323183549,0.03580369533171127,0.6391336866502154,-0.00324884116211617,0.683411156308366
2026-09-09,dual,301556,,0.5624754731114556,0.032059265056878415,0.6172061499316194,0.04148618696086267,0.6306145193613811,-0.0005660410084751683,0.6723339412726825
2026-09-09,dual,301563,,0.7160826683590134,0.05373073357135686,0.5615021215147905,0.058714305490247,0.5687879742134282,0.01826332255696747,0.589691718966724
2026-09-09,dual,301565,,0.7102307556258388,0.02149632682913226,0.5636625354542208,0.03366848601741848,0.5711965465397209,0.01754598771969891,0.5929698108246433
2026-09-09,dual,301566,,0.4313841176042198,0.06328861395359667,0.6624817652470346,0.08366710584720714,0.6802650820427469,-0.01663538456464353,0.7354858234224882
2026-09-09,dual,301568,,0.5145304258263195,0.054466800916623245,0.6340509095271202,0.0708496660496109,0.6491639163367756,-0.00644320532385266,0.6963336086457054
2026-09-09,dual,301571,,0.2430939772573581,0.04206481984298101,0.722491031441848,0.047625696660984956,0.7448208911845493,-0.03971622724695043,0.811395330562966
2026-09-09,dual,301577,,0.7691367991760214,0.04795784291736491,0.5418188902768719,0.06604765380914587,0.5468165174167076,0.024766764770022806,0.5596419383542305
2026-09-09,dual,301580,,0.44109915833498065,0.05292175875770165,0.6592151707433839,0.0708327046841579,0.6767063127331036,-0.015444502629212264,0.731081478014386
2026-09-09,dual,301588,,0.7048104953235053,0.07151895592632189,0.5656614402366217,0.10187825711477563,0.5734244542372948,0.016881565381360583,0.5959987414282223
2026-09-09,dual,301589,,0.5221342294447507,0.03016496888178683,0.6314000113388374,0.03904159335829526,0.6462503218058699,-0.005511121494179663,0.6925936921969768
2026-09-09,dual,301590,,0.7868704418481258,0.0503770465785236,0.5352073212918274,0.06421180205292704,0.5394271891744653,0.02694057703626826,0.5494878339241454
2026-09-09,dual,301591,,0.5871416681405341,0.08194503770374495,0.6084261854884055,0.1142645269530667,0.6209148472098559,0.0024575722619195745,0.659615834512406
2026-09-09,dual,301592,,0.6942174804149024,0.05535963445628697,0.5695617573561014,0.07697338833057098,0.5777698665746244,0.01558306026480806,0.6018970300992488
2026-09-09,dual,301595,,0.7377502887046266,0.05673579005577236,0.5534831556639968,0.07071956500745681,0.5598423560946736,0.02091936676393323,0.5774867017209346
2026-09-09,dual,301596,,0.787258398443596,0.05959217300935085,0.5350625338815937,0.08803826131447125,0.5392653279006373,0.026988133244634324,0.5492652008240522
2026-09-09,dual,301600,,0.8100352687814064,0.020978988820175695,0.5265525463905588,0.021119580030775187,0.5297491030476521,0.02978015071349309,0.5361628297579282
2026-09-09,dual,301603,,0.5543612605208128,0.08098781766673947,0.6200780840649548,0.11576253056572582,0.6337828373559545,-0.0015606914131666566,0.676464105629039
2026-09-09,dual,301606,,0.3036667048138246,0.04389156537772287,0.7039082846719665,0.06270088729773078,0.72501201545652,-0.03229114597082221,0.7889639557887903
2026-09-09,dual,301607,,0.450420208283482,0.0677949051687693,0.656066765425958,0.0921975726525564,0.6732725220717314,-0.014301916580367828,0.7268124317498712
2026-09-09,dual,301609,,0.7346163609692152,0.03614003900775255,0.5546448147400779,0.049188400192124004,0.5611387672846802,0.02053520595282811,0.5792582285329662
2026-09-09,dual,301611,,0.43708819276105665,0.068742960785534,0.6605656771279363,0.09314505695444476,0.6781781022448978,-0.01593617184378371,0.7329054699582299
2026-09-09,dual,301626,,0.2899095912358639,0.06474721799062409,0.708191677377288,0.08912172580913544,0.7295937812517922,-0.03397751028958368,0.7942246573502763
2026-09-09,dual,301628,,0.32128653023855847,0.056886758736786544,0.6983693892538999,0.0705148784755931,0.7190739189969862,-0.03013128556618911,0.7820832469741797
2026-09-09,dual,301629,,0.5419627753097722,0.08175769007004294,0.624450136774885,0.11021446956596162,0.6386016683785491,-0.0030805133546011193,0.6827220513043167
2026-09-09,dual,301630,,0.4948777036798136,0.0848913769748151,0.6408645709806758,0.1209192633183689,0.6566426316909497,-0.008852260770446839,0.705879531492167
2026-09-09,dual,301631,,0.5283386219165825,0.051440967911319864,0.6292310841470303,0.06904967348354857,0.6438648627905429,-0.004750579246360229,0.6895231832051039
2026-09-09,dual,301633,,0.7581156170996369,0.05860911014535221,0.5459206184363934,0.07803947044498036,0.5513987053929703,0.02341577438247791,0.5659280523250033
2026-09-09,dual,301638,,0.4413551951227125,0.08399852014678738,0.6591288741164302,0.12809909605819048,0.6766122429034691,-0.015413117317120854,0.7309647779459069
2026-09-09,dual,301656,,0.6572565777837889,0.018558807744566603,0.5831002068061338,0.019629788178502618,0.5928336561026116,0.011052346243068709,0.6222367317311117
2026-09-09,dual,301662,,0.6140800466088912,0.04839072930059042,0.5987568129462794,0.06695577271605543,0.6102103723555691,0.005759712641650594,0.6454591211493002
2026-09-09,dual,301665,,0.7169426440141908,0.026253011687741364,0.5611844363712416,0.03505650640077306,0.5684337420100237,0.018368739456499236,0.589209303001219
2026-09-09,dual,301667,,0.8003068071869246,0.05179568183817361,0.5301895115759884,0.07180015411141602,0.5338167280386203,0.02858762363167426,0.5417662951421902
2026-09-09,dual,301668,fusion,0.9084792808913951,0.03155316481161799,0.4707031780026156,0.04167362306011782,0.4653436201356734,0.041847541774650346,0.46684170895942506
2026-09-09,dual,301678,,0.5968120766965949,0.04014659723503847,0.6049644022047312,0.05681975576966418,0.6170850549035545,0.0036429831291317355,0.6545649622318156
2026-09-09,dual,688001,,0.236927350471811,0.07826888752633815,0.7243420829283558,0.10773281388947979,0.7467840646304956,-0.040472140129353705,0.8135731359718996
2026-09-09,dual,688002,,0.10692610201937183,0.0600411211062779,0.7615388345704434,0.08669649076100704,0.7858079102316109,-0.05640785698901907,0.8550469064522047
2026-09-09,dual,688003,,0.36512822646927245,0.07937301615077486,0.6843363914374261,0.102792568255751,0.7039650197859396,-0.02475711519400444,0.7642676218301926
2026-09-09,dual,688005,,0.4492262716008282,0.03756812387692328,0.6564708194384379,0.04686611200969634,0.6737134061330629,-0.014448270843497084,0.7273616114244541
2026-09-09,dual,688006,,0.4998709932479531,0.04118064051112685,0.6391386329300313,0.05038463835365202,0.6547496431009665,-0.008240177042764002,0.7034707546048051
2026-09-09,dual,688008,,0.2674382796325388,0.07118185059493279,0.7151092868145742,0.09513684508343388,0.7369736096597033,-0.03673207198371165,0.8026073893639697
2026-09-09,dual,688009,,0.3511263121755324,0.01399930531855471,0.6888564565238526,0.018933759837583462,0.7088414425449591,-0.02647348749299798,0.7700649486688095
2026-09-09,dual,688010,,0.789148451398787,0.04868000934365469,0.534357072253001,0.06577319355634516,0.5384766518125929,0.027219818317679736,0.5481802928755957
2026-09-09,dual,688011,,0.5769257899062621,0.0503359324298273,0.6120714170039088,0.06726769430269547,0.6249443505246621,0.0012052970341648456,0.6649124705157776
2026-09-09,dual,688012,,0.4168609744171288,0.05299582215284691,0.6673361854043071,0.07392867746421397,0.6855461270103832,-0.01841564975822381,0.7419831768114555
2026-09-09,dual,688016,,0.44395353676172244,0.021425401753480535,0.658252512836391,0.027484969029770323,0.6756567854882592,-0.015094609324644993,0.7297786602176056
2026-09-09,dual,688017,,0.28388008614321836,0.0687988602942779,0.7100574879386633,0.09399428659813258,0.731586678435691,-0.034716614622073705,0.796499501946897
2026-09-09,dual,688018,,0.47371757925072056,0.04988547927441069,0.6481377813029147,0.06539904538799615,0.6646089045039665,-0.011446095488431722,0.7159592140781108
2026-09-09,dual,688019,,0.34426752255017223,0.06002244378337652,0.6910575956531102,0.07952730478793257,0.7112127917530392,-0.027314246568552067,0.7728680114987588
2026-09-09,dual,688020,,0.3172765010039639,0.11190742864781521,0.6996351345381954,0.1497351763696123,0.7204321975292746,-0.030622840003105604,0.7836633064821498
2026-09-09,dual,688023,,0.5389497393855534,0.04027516106358593,0.625509590888797,0.053330057196072846,0.6397685657636756,-0.0034498550951453932,0.6842330189464791
2026-09-09,dual,688025,,0.25724393720284233,0.08179001704399501,0.7182147938835611,0.11023684217896602,0.7402785163846335,-0.03798170732540262,0.8063244644681096
2026-09-09,dual,688026,,0.598239369947669,0.09643177746800508,0.6044525622665698,0.10900436169324806,0.6165185550687915,0.003817942534488139,0.6538164881005454
2026-09-09,dual,688027,,0.47571177394687847,0.03736814153764164,0.6474551956197236,0.049973912034380834,0.6638620399561032,-0.011201644589541739,0.715018208419912
2026-09-09,dual,688028,,0.13871846357119821,0.08000483872493368,0.7527696705877179,0.09645354714213768,0.7766850036964316,-0.05251070924604667,0.8456718037533568
2026-09-09,dual,688029,,0.5076457308128466,0.03126456631543825,0.6364441272519812,0.0400998091488728,0.6517924149217975,-0.007287139914526931,0.6996975905070142
2026-09-09,dual,688031,,0.6443371237736556,0.06919464672708607,0.5878041706308323,0.09781705362006138,0.5980597309374478,0.009468663289729437,0.6292500403134258
2026-09-09,dual,688032,,0.6331595210104142,0.02180704208757169,0.5918610606749775,0.02571777111391138,0.6025633427157555,0.008098498657272121,0.6352742424112406
2026-09-09,dual,688035,,0.37795180973584835,0.07356323951458109,0.6801658692109925,0.09809267261187696,0.6994577255690627,-0.023185184197224373,0.7588701592195265
2026-09-09,dual,688036,,0.48058843724965933,0.03914551900986958,0.6457834465513637,0.053535559612355475,0.6620321859045988,-0.010603857056436107,0.7127091658560736
2026-09-09,dual,688037,,0.4049241044954692,0.07227723325284019,0.6712997604817673,0.09871655058913104,0.6898511440851773,-0.01987888631576977,0.7472449179770634
2026-09-09,dual,688039,,0.5973729439548893,0.03609954714251984,0.604763297642341,0.044655282365970196,0.6168624817182455,0.0037117349444445447,0.6542709339275533
2026-09-09,dual,688041,,0.36513217990199653,0.05565701898230005,0.6843351102094027,0.07082291485563583,0.7039636362622598,-0.024756630577239105,0.7642659707704305
2026-09-09,dual,688045,,0.7167373776256516,0.05185037781496347,0.561260268761437,0.07121846244438226,0.5685182995752733,0.01834357764392046,0.5893244658194196
2026-09-09,dual,688046,,0.4194207180682279,0.08623094945491076,0.666483119082749,0.12077834873127963,0.6846187560416417,-0.018101873155746302,0.7408455914525963
2026-09-09,dual,688047,,0.4993731728378365,0.03308892215895965,0.6393108675532818,0.04032384634411871,0.6549385915995679,-0.008301200495977094,0.7037114162934349
2026-09-09,dual,688048,,0.2869019652722147,0.10513356542615486,0.709123259727941,0.1384929918828281,0.7305890375594107,-0.034346188870343825,0.7953617386335947
2026-09-09,dual,688049,,0.6183232243364996,0.04129987662452411,0.5972265063393489,0.05798668562111638,0.6085142468896649,0.006279846714648693,0.6432050518447763
2026-09-09,dual,688050,,0.575227894588999,0.021328329291618677,0.6126760586304715,0.026966831332432606,0.6256124029318192,0.000997166886528969,0.6657888132517144
2026-09-09,dual,688052,,0.4147710650339683,0.06205527691622838,0.6680318613573524,0.07976566170750243,0.6863021856422556,-0.018671833484063857,0.7429095427084397
2026-09-09,dual,688057,,0.7349844463633621,0.07714554717055636,0.5545084065022678,0.10602902997178687,0.5609865443743497,0.020580326324294768,0.579050264389267
2026-09-09,dual,688059,,0.491772490350503,0.06340702917174963,0.6419360599878995,0.0804531771240169,0.6578173368089648,-0.009232901733466949,0.70737172443041
2026-09-09,dual,688061,,0.6694368439122339,0.08160973330842713,0.5786514672782129,0.11556553305862756,0.5878872553451877,0.012545418614364326,0.6155774504794129
2026-09-09,dual,688062,,0.606831115596292,0.050374897467019356,0.6013666843200619,0.06674907855245536,0.6131018096155145,0.004871129543202207,0.6492949684729555
2026-09-09,dual,688063,,0.49104922023741404,0.029360237578374478,0.6421854295277413,0.037599883101636616,0.6580906736001109,-0.009321561095376539,0.7077186498523581
2026-09-09,dual,688065,,0.49736836629594566,0.03388489636780474,0.6400041222257196,0.04315535717591455,0.6556990231067658,-0.008546952208289806,0.7046794554941145
2026-09-09,dual,688068,,0.5616862430944976,0.062027408863672036,0.617485852158797,0.08443173082226606,0.6309231859982011,-0.0006627858185220825,0.6727368491460001
2026-09-09,dual,688069,,0.5388362342512927,0.07327521004315637,0.6255494785291998,0.10533185866391814,0.6398124922014804,-0.003463768697539435,0.6842898633725645
2026-09-09,dual,688070,,0.9213125396643743,0.047672223656714016,0.4848468543278062,0.060365542648401826,0.4830749263341022,0.04342065880719817,0.4717695864971847
2026-09-09,dual,688071,fusion,0.9237493107502158,0.04594200935783221,0.4643447538346748,0.06694804067779017,0.4579498494942585,0.04371936127765941,0.4586969472723692
2026-09-09,dual,688072,,0.2997205547290338,0.07242303602205159,0.7051406746722079,0.10435733886258859,0.7263311873807929,-0.03277487002105682,0.7904829657788746
2026-09-09,dual,688073,,0.40968424557059485,0.08245035250864335,0.6697220637097114,0.12181890117511968,0.6881382906573978,-0.019295382224168545,0.7451552013108141
2026-09-09,dual,688078,,0.7763688760806917,0.053943239611834906,0.5391242261550003,0.07555464398799193,0.5438053289959481,0.02565328187068215,0.5555064557595346
2026-09-09,dual,688079,,0.6375961048283899,0.08072040581617625,0.5902522758849889,0.10579334630879701,0.6007778140286664,0.008642340692553041,0.6328880808971323
2026-09-09,dual,688082,,0.3998827495084219,0.053265257533464755,0.6729664583437518,0.0681373244424085,0.6916595268380481,-0.020496861963073175,0.749445689189731
2026-09-09,dual,688083,,0.6888645325065805,0.04671613955193891,0.5715294500098119,0.06396203032947426,0.5799611989489906,0.014926889164553092,0.6048665004549236
2026-09-09,dual,688084,,0.8789347579562833,0.050967656672905357,0.5007363023437227,0.06725691304947902,0.5008592687255591,0.03822593692198557,0.4962980468090984
2026-09-09,dual,688087,,0.6975023668577492,0.05220274382621175,0.5683531715041379,0.07011853954161004,0.576423611773578,0.015985725784505064,0.6000710515648654
2026-09-09,dual,688088,,0.5873480789438092,0.030525278322055878,0.6083524076391974,0.04006200756568684,0.620833257199769,0.002482874358298845,0.6595083987930328
2026-09-09,dual,688090,,0.37072909622447175,0.08183195579364712,0.6825184590911825,0.11119439645229624,0.7020012170874089,-0.024070553521334255,0.7619205338341765
2026-09-09,dual,688091,,0.7062314422746805,0.05209321107167045,0.5651376216491916,0.06879687516529098,0.5728406819641086,0.017055746849277936,0.5952053900699994
2026-09-09,dual,688095,,0.6144617609421654,0.047005985328660654,0.5986192255644761,0.06407494290918724,0.6100578980923277,0.005806503665650331,0.6452566085307382
2026-09-09,dual,688097,,0.4547841737845796,0.054368281737678215,0.654587986137958,0.07591574531386927,0.6716584412876144,-0.013766976189881652,0.7247992584569333
2026-09-09,dual,688099,,0.4605543128829888,0.04246506720066548,0.6526281126172452,0.05556199708492947,0.6695180276088909,-0.013059665267811736,0.722123310760972
2026-09-09,dual,688102,,0.3501039336655604,0.061917972738234954,0.6891851059057787,0.08531074617200325,0.70919564545371,-0.026598811939126513,0.7704843104626324
2026-09-09,dual,688103,,0.5909286405393316,0.055275950528995726,0.6070718147298648,0.07732403555835195,0.6194168496271253,0.0029217841108133413,0.6576421333105507
2026-09-09,dual,688105,,0.4219948189223775,0.08618159279503473,0.6656241673772306,0.1242928714279484,0.6836846981371094,-0.01778633662922626,0.7396983420666033
2026-09-09,dual,688106,,0.43812961017072594,0.08100212544426295,0.6602152780817195,0.11198692665750765,0.6777963013260903,-0.015808513585337927,0.732432640507509
2026-09-09,dual,688107,,0.5418589456819152,0.05577046206922916,0.6244866655996609,0.06951820663636268,0.6386419071338653,-0.0030932409212273693,0.6827741838228099
2026-09-09,dual,688108,,0.5380754065273254,0.043247125488616214,0.625816802316915,0.0550671926818152,0.6401068717310598,-0.003557031918719658,0.6846707505992029
2026-09-09,dual,688110,,0.36759860173326814,0.06602582160152057,0.6835352469765399,0.0849722496174239,0.7030997698277253,-0.024454293481037906,0.7632343684068743
2026-09-09,dual,688111,,0.3740761972138703,0.033355191023185626,0.6814293874559079,0.04325020954293348,0.7008240694361626,-0.023660261664119706,0.7605102569040064
2026-09-09,dual,688112,,0.3615288340494595,0.07240132277952711,0.6855017180462962,0.09088322150514883,0.7052230887611515,-0.025198333252690622,0.7657675053580338
2026-09-09,dual,688114,,0.4920772167833623,0.04836535014363873,0.6418309732020282,0.06340720283759504,0.6577021438180639,-0.009195547983318321,0.7072254863746068
2026-09-09,dual,688115,,0.783234428156764,0.08109673033178072,0.5365640087433061,0.1153768217751859,0.5409437795588046,0.026494869895966403,0.5515734248367705
2026-09-09,dual,688116,,0.4425157357026187,0.03527917173000941,0.658737584284357,0.04486622333765562,0.6761856725487294,-0.015270856790351346,0.730435409221635
2026-09-09,dual,688117,,0.6695994548424349,0.04301006718575746,0.5785919868537823,0.058123180326989515,0.5878210965191863,0.012565351667106636,0.6154882467735014
2026-09-09,dual,688120,,0.37493918996244235,0.06991281239328118,0.6811482665588854,0.09539294865431683,0.700520130256457,-0.023554474925477582,0.7601457144834645
2026-09-09,dual,688122,,0.3089842799030369,0.029427709889364582,0.7022428862619752,0.03767316604966315,0.7232281557465884,-0.031639310915309644,0.786904301777053
2026-09-09,dual,688123,,0.38938711389007374,0.07514722858977044,0.6764223631146823,0.1016858263090821,0.6954055755348019,-0.02178343020351131,0.7539864066445194
2026-09-09,dual,688125,,0.743173670138058,0.07148587912435118,0.5514714868451693,0.08973547216948777,0.5575969471526369,0.021584171694454715,0.5744163173011537
2026-09-09,dual,688126,,0.40521041625485077,0.05714694736682788,0.6712049742851617,0.07618394099608435,0.689748266221221,-0.019843789859501762,0.7471195472925989
2026-09-09,dual,688127,,0.34148961183532917,0.06487438571714735,0.691946635464268,0.08592729747559946,0.712169952467775,-0.027654766364632065,0.773996405286448
2026-09-09,dual,688131,,0.300656581945297,0.05482899050355802,0.7048486217110896,0.07294715040947203,0.7260186366906104,-0.032660130625328875,0.7901233848398209
2026-09-09,dual,688133,,0.6216908207534411,0.04996651920887648,0.5960106286202763,0.0613545696446297,0.607166247402073,0.006692650927199298,0.6414115805430273
2026-09-09,dual,688135,,0.27279414059655227,0.07228330095790429,0.7134695037364724,0.08875673643068185,0.7352264935369686,-0.036075543797419056,0.8006330804310837
2026-09-09,dual,688136,,0.657111601244291,0.0432935326640333,0.5831530783755992,0.05632566395125441,0.5928924199443545,0.011034574836161215,0.6223157227920585
2026-09-09,dual,688137,,0.6065508380236998,0.12160997903745491,0.6014674796095258,0.17577052259689058,0.6132134476195306,0.00483677276515497,0.6494428973408388
2026-09-09,dual,688138,,0.5356230297859945,0.05185607653927603,0.6266779441015572,0.07279889341914708,0.6410550274200219,-0.0038576473500966657,0.6858967748419519
2026-09-09,dual,688139,,0.3993876340785901,0.027745663384548487,0.6731299116890255,0.04289151122661044,0.6918368141597223,-0.020557553836394203,0.7496611393554535
2026-09-09,dual,688141,,0.2346267647395416,0.09297603876426748,0.725030693183688,0.1278982372695549,0.7475139046033088,-0.04075414882755665,0.8143806304076259
2026-09-09,dual,688143,,0.206954192199253,0.13212767422356908,0.7332294381081162,0.1876276039464535,0.7561831220884959,-0.0441462876418383,0.8238824330519127
2026-09-09,dual,688146,,0.3804143821720992,0.09610408241492395,0.6793616493803895,0.1413033351937934,0.6985877013527877,-0.022883318964715724,0.7578240640403463
2026-09-09,dual,688147,,0.4072557975010143,0.07548396085131229,0.6705274263922147,0.10133594688499582,0.6890127718415632,-0.019593064448808054,0.7462227162104561
2026-09-09,dual,688148,,0.6984940542452586,0.045420088769687963,0.567988146034899,0.061453217664613424,0.5760169615503087,0.01610728807416592,0.5995192502598136
2026-09-09,dual,688150,,0.4033379456715114,0.07606473442795972,0.6718246204326562,0.10144912133325179,0.6904207440751824,-0.020073319663248726,0.7479387224817998
2026-09-09,dual,688151,,0.6776014107512562,0.036224260964332046,0.5756622168534982,0.043951621536825115,0.5845615972274936,0.01354624150627734,0.6110891138432208
2026-09-09,dual,688152,fusion,0.8904608870254581,0.08984569924336142,0.4782181068812131,0.12423078502009081,0.47408753164356016,0.03963882434822846,0.4764748472375561
2026-09-09,dual,688153,,0.6614062776350149,0.03948922489343405,0.5815860448076418,0.05009455658519182,0.5911505238854674,0.01156102168018136,0.6199730136098144
2026-09-09,dual,688155,,0.6836622311925843,0.026894138740594563,0.5734396021397219,0.025888835688894385,0.5820878457634738,0.014289184513671699,0.6077450085537188
2026-09-09,dual,688156,,0.6884545199180183,0.06175062797355605,0.5716800743333065,0.08301389089908551,0.5801289167496901,0.014876629304759387,0.6050936333040351
2026-09-09,dual,688157,,0.8717519949229602,0.03545449874716748,0.5034301957468587,0.042902674897545005,0.5038746209092017,0.037345464777820095,0.5004604789478106
2026-09-09,dual,688158,,0.4745543544980701,0.0605123672991926,0.6478514380441281,0.08016615591421919,0.6642956160084871,-0.011343522524128097,0.715564591137788
2026-09-09,dual,688159,,0.7110205058313134,0.04681090505611227,0.5633711139613576,0.0652837744843862,0.5708716896479817,0.017642796295109703,0.5925278890064292
2026-09-09,dual,688160,,0.6893857613999315,0.042885842324024516,0.5713379495627817,0.052147770302865895,0.5797479608780062,0.01499078205913984,0.6045776922463268
2026-09-09,dual,688165,,0.6265418907812191,0.037454049877946635,0.5942570688117378,0.050295191703218896,0.6052215662475734,0.007287301204403074,0.6388211028219136
2026-09-09,dual,688166,,0.38873531767912695,0.06389156906418067,0.6766363517884936,0.08504625780588747,0.6956373665378518,-0.02186332820442667,0.7542665565191857
2026-09-09,dual,688167,,0.14165763272609994,0.08757931600771861,0.7519481290859172,0.1202324647272538,0.7758277733531598,-0.05215042218717038,0.8447805184689727
2026-09-09,dual,688168,,0.6905388112652026,0.05307037851358701,0.5709142411025139,0.07282030146980659,0.5792761351442052,0.015132124364669763,0.6039385386808589
2026-09-09,dual,688169,,0.295589321570137,0.03961843442658731,0.7064276629215891,0.054986729409699904,0.7277079977851635,-0.03328128178775247,0.7920645943627701
2026-09-09,dual,688170,,0.30783102196235923,0.08479216683389257,0.7026045303345757,0.11766406908226487,0.7236156394014948,-0.03178067872698512,0.7873522342195314
2026-09-09,dual,688172,,0.46894755459378473,0.07435654266513331,0.649768038207118,0.09561945024159613,0.6663920274089195,-0.012030811121946282,0.7182024351466749
2026-09-09,dual,688173,,0.7419635035736951,0.030285234460874208,0.5519205164929653,0.04518993907900329,0.5580981923421676,0.02143582795197306,0.5751019454511617
2026-09-09,dual,688176,,0.45530727535658927,0.057170216536025165,0.6544105256745086,0.0741377072382608,0.6714646905490255,-0.013702853739985012,0.7245573258523391
2026-09-09,dual,688179,,0.48000561803597624,0.06596652794035042,0.6459834289111703,0.09039017035390814,0.6622511318727652,-0.010675299770103765,0.7129857108578441
2026-09-09,dual,688180,,0.4128963056211572,0.04829407823474688,0.6686552962222324,0.06403817932128908,0.6869795696784726,-0.018901643855411793,0.7437386891290273
2026-09-09,dual,688181,,0.5393049241044955,0.05806695913737391,0.6253847619062514,0.07812888441572909,0.6396310943127688,-0.0034063161047024476,0.6840551035376934
2026-09-09,dual,688182,,0.6253435845150284,0.04849547136315595,0.594690456826472,0.06290938313452793,0.6057022518326901,0.007140411312217418,0.6394617581288458
2026-09-09,dual,688183,,0.15262268646157368,0.07309395875258089,0.7488671235883722,0.09266114331727951,0.7726091182194873,-0.05080631208238587,0.8414183250969055
2026-09-09,dual,688185,,0.594814760869339,0.04102350409504518,0.6056802708631065,0.054896540651968584,0.6178772656169433,0.003398149638058595,0.6556110716739515
2026-09-09,dual,688187,,0.3434535315598373,0.034447798281904536,0.6913182514841467,0.046367160605198104,0.7114934573756017,-0.02741402660991868,0.7731990680973548
2026-09-09,dual,688188,,0.4423466744348152,0.02930466101851362,0.6587945987406653,0.03850974007652406,0.6762478312549357,-0.01529158053360554,0.7305125656740079
2026-09-09,dual,688190,,0.6644652982240764,0.02957172358361887,0.5804688681254118,0.04018471267513954,0.589908402865216,0.011936000278890774,0.6183009218200743
2026-09-09,dual,688191,,0.7344647780355602,0.0551813231949847,0.5547009872498927,0.07209119652925922,0.5612014515563755,0.020516624725799598,0.579343863028137
2026-09-09,dual,688192,,0.5103279268406871,0.0642378182719673,0.6355125533020067,0.08649391497070458,0.650769470877108,-0.006958352945396998,0.6983895519073869
2026-09-09,dual,688195,,0.10636533879878068,0.09167788351264224,0.7616915739832698,0.12370101161084138,0.7859663630579752,-0.056476596051259105,0.8552079410491634
2026-09-09,dual,688196,,0.5463586803857718,0.053832146853246284,0.6229022965156563,0.06602311696014575,0.6368962747360783,-0.002541657770773989,0.6805106863247342
2026-09-09,dual,688199,,0.7539528084977996,0.030000328401318367,0.5474682915245388,0.04241476148172176,0.5531272176820257,0.022905492058196003,0.5682969838444144
2026-09-09,dual,688200,,0.4840366628866301,0.0791953470896017,0.6445992178914605,0.09776333478730716,0.660735382571945,-0.010181169212487365,0.7110697497837523
2026-09-09,dual,688202,,0.23076623768453688,0.08558312019510278,0.7261838219303931,0.11209473071466393,0.7487354878358429,-0.041227377098900064,0.8157295840306169
2026-09-09,dual,688203,,0.6034082751589176,0.10102864127390111,0.6025970383746816,0.12638515209426293,0.614464352128697,0.0044515534490097985,0.651099551890807
2026-09-09,dual,688205,,0.060262070974521166,0.1061681519123508,0.7740182861832764,0.1373851298197287,0.7987017751564165,-0.0621279927193573,0.8679456665278447
2026-09-09,dual,688206,,0.5036099002278426,0.05035761858077889,0.637843913961551,0.06667157073063042,0.6533289759001754,-0.007781857113490838,0.7016596449299576
2026-09-09,dual,688207,,0.5420667089753327,0.07255317770416114,0.6244135699296738,0.09909555501802257,0.6385613873560368,-0.003067773034902077,0.682669861956373
2026-09-09,dual,688208,,0.46498475847647186,0.037834223608183684,0.6511197543609752,0.04695068671246155,0.667869785252699,-0.012516575663824372,0.7200578278851053
2026-09-09,dual,688209,,0.23175938159989182,0.07069587027683492,0.7258874605486137,0.09853839873820708,0.7484216036774642,-0.04110563626622041,0.8153832841838644
2026-09-09,dual,688210,,0.7075448142406808,0.05377344778098501,0.5646533301455419,0.06940716369352706,0.5723009245414804,0.0172167416399492,0.5944716578825211
2026-09-09,dual,688213,,0.376417565725819,0.042988903770400946,0.6806663775016599,0.05947401148867743,0.6999990475506298,-0.02337325376139021,0.759520341980976
2026-09-09,dual,688215,,0.6100680406579344,0.03631218741226048,0.6002019790761374,0.048851342312029825,0.6118116439076701,0.005267915896351422,0.6475844644320713
2026-09-09,dual,688216,,0.6834832863429708,0.06210012427679365,0.5735052674956382,0.08447017537157124,0.5821609427655137,0.014267249228504197,0.6078438894414727
2026-09-09,dual,688218,,0.6162879347475525,0.06408623618254386,0.5979607739460567,0.09287992535767883,0.6093281430616969,0.006030358352013848,0.6442870410238343
2026-09-09,dual,688220,,0.37788501753035303,0.06252284587870634,0.6801876671300257,0.08600905154860566,0.6994813032264852,-0.023193371669943882,0.7588984894105042
2026-09-09,dual,688221,,0.6098239682060779,0.055787056677215424,0.600289840520255,0.07454249750779496,0.6119089806132935,0.005237997187628768,0.6477135734707551
2026-09-09,dual,688222,,0.3198030566277219,0.06617848656050905,0.6988379932777028,0.08977777074833064,0.719576870134906,-0.030313131630842295,0.7826687439021266
2026-09-09,dual,688223,,0.4036809579791717,0.036051052176511514,0.6717111539854363,0.04504139643717954,0.6902976150170084,-0.02003127278232008,0.7477887919271924
2026-09-09,dual,688225,,0.6598899281099471,0.049594073402673175,0.5821395174040791,0.06555844177587852,0.5917658103569079,0.011375145644532292,0.6208008141054805
2026-09-09,dual,688226,,0.5978341430934572,0.044716287139470706,0.6045979035114086,0.05713889740639616,0.6166794238680469,0.003768269316041975,0.6540290671102793
2026-09-09,dual,688227,,0.7634858872855523,0.08787854273687398,0.5439227208668,0.1363566552358755,0.5491669923532723,0.024074068869349388,0.5628675498787151
2026-09-09,dual,688228,,0.6400594055285636,0.05048221697626136,0.5893582018570827,0.06199781067237561,0.5997852832292969,0.008944295196571084,0.631560399077921
2026-09-09,dual,688231,,0.478463467160499,0.062309067296933626,0.6465123397090119,0.08534526051831601,0.6628301315699011,-0.010864338567800252,0.7137166864933434
2026-09-09,dual,688233,,0.4519409273920869,0.06873271550196638,0.6555517940306747,0.09188997969671517,0.6727105236797764,-0.014115504915662345,0.726111941820534
2026-09-09,dual,688234,,0.37972575661419705,0.07188570316941727,0.6795866463009703,0.09961370057142999,0.6988311362395909,-0.02296773155339231,0.7581169013538851
2026-09-09,dual,688235,,0.3755233616662679,0.04207502214527956,0.6809578970765716,0.05621136318946332,0.700314289334348,-0.023482866421863882,0.7598987352196489
2026-09-09,dual,688237,,0.557391358628367,0.05454942190807088,0.6190065863563026,0.07765266036894336,0.6326010258787574,-0.0011892581686877984,0.6749249467630345
2026-09-09,dual,688238,,0.6159330101228686,0.05708948339853096,0.5980887745567481,0.07700632916585064,0.6094700124610938,0.0059868512442528415,0.6444755735683402
2026-09-09,dual,688239,,0.21125084530633906,0.046192844002279104,0.7319666879366429,0.06476014786825474,0.7548503981694502,-0.04361959848943547,0.8224325915692368
2026-09-09,dual,688248,,0.36980721813585243,0.05818043890382963,0.682818067597536,0.07752343385343827,0.7023249654036978,-0.02418355849916523,0.762307956141544
2026-09-09,dual,688249,,0.3414128320103206,0.05769053476284854,0.6919711878400823,0.07624996158674273,0.7121963809703991,-0.02766417813233766,0.7740275369923739
2026-09-09,dual,688252,,0.6689433930856543,0.040080721314167525,0.5788319495582449,0.05443868931479954,0.5880879980931372,0.01248493079020764,0.6158480958917596
2026-09-09,dual,688253,,0.6092776662262405,0.06534773307893374,0.6004864754575464,0.09256051993639094,0.612126814843564,0.005171030802504015,0.6480024771578462
2026-09-09,dual,688256,,0.38905023980690606,0.06428468730739192,0.6765329701561965,0.08310369637666963,0.6955253866877166,-0.02182472465314641,0.7541312260505192
2026-09-09,dual,688257,,0.4232721938430487,0.07837678049406288,0.6651975117001735,0.1005953943085154,0.6832206286909733,-0.017629754401734032,0.7391278091737148
2026-09-09,dual,688258,,0.5465952101041418,0.059274979943286364,0.622818940697286,0.07831786705291517,0.6368044147696293,-0.0025126636598272745,0.680391468096056
2026-09-09,dual,688260,,0.4712970380465882,0.12120238974150194,0.648965486847608,0.1742564282646443,0.6655143381461978,-0.011742808479540567,0.7170988787606871
2026-09-09,dual,688261,,0.5779652305995694,0.057380282030113874,0.6117010887384781,0.07303519278381065,0.624535137985332,0.0013327129842279767,0.6643754170281909
2026-09-09,dual,688262,,0.501603221007293,0.05484771814624735,0.6385390424609299,0.07351035284434605,0.6540917926471059,-0.008027838381113435,0.7026324619716734
2026-09-09,dual,688266,,0.5193701557444418,0.05959899906226954,0.632364572507348,0.08283857779572648,0.6473107188203511,-0.005849945131581005,0.6939561609269935
2026-09-09,dual,688268,,0.45106607434534274,0.11590923945291039,0.6558480961630653,0.16755139687640538,0.673033895863217,-0.014222745504600467,0.726515062640471
2026-09-09,dual,688271,,0.3980251563166492,0.022704445985133385,0.6735794918397496,0.028558503651308013,0.6923243882573884,-0.020724568077413776,0.7502533861442472
2026-09-09,dual,688275,,0.5403412436667048,0.038052970509814196,0.6250204541139048,0.04868824806053404,0.6392298641686461,-0.003279282746822487,0.6835356930998878
2026-09-09,dual,688278,,0.40232773957282125,0.0299357896405197,0.6721586740547925,0.03832898791452215,0.6907832147225571,-0.02019715199986296,0.7483799398003744
2026-09-09,dual,688279,,0.6330306182960705,0.04424095645879234,0.591907773872419,0.05793338367651317,0.6026151798033585,0.008082697600107852,0.635343472498259
2026-09-09,dual,688280,,0.8678199939658132,0.04122191395916804,0.5049048173272351,0.05321812602666772,0.505525185027342,0.03686347514548245,0.5027390948085083
2026-09-09,dual,688281,,0.2971828670710266,0.04160113668172566,0.7059316203881759,0.051976985603537536,0.7271774329019847,-0.03308594297210671,0.7914555562013151
2026-09-09,dual,688286,,0.8097919245934728,0.0020710122059017233,0.5266435560972909,0.0035065145926205243,0.5298508996071661,0.029750321276279842,0.5363031101750864
2026-09-09,dual,688289,,0.483011059207857,0.023973811749299037,0.6449516280940877,0.03266901887306935,0.6611213431360528,-0.010306889003871826,0.7115579403687872
2026-09-09,dual,688293,,0.3349693608963889,0.10056001061669817,0.6940277797759914,0.12627554935518226,0.7144091353628269,-0.028454026941386698,0.7766293288289922
2026-09-09,dual,688295,,0.40348297422986096,0.06715235565434002,0.6717766482890134,0.09947643216550664,0.6903686873435738,-0.020055541879804822,0.7478753377629277
2026-09-09,dual,688296,,0.7962099064701049,0.1005213096307039,0.5317201929043599,0.16341179182168175,0.5355283943753459,0.028085420378993323,0.5441229807651057
2026-09-09,dual,688297,,0.1996395093581914,0.037997039155905514,0.73537043624932,0.04453978159639241,0.7584406538695326,-0.045042930682278444,0.8263292263319089
2026-09-09,dual,688300,,0.14700184146734777,0.11273447642454774,0.7504496624257095,0.15745085717097296,0.7742631077560965,-0.05149532234502824,0.8431491593665565
2026-09-09,dual,688301,,0.4900112360719525,0.046612063158586736,0.6425431719234779,0.06940028934543802,0.658482763079785,-0.00944879850242085,0.7082161096075161
2026-09-09,dual,688303,,0.3171533203632997,0.04061683423579683,0.6996739678675531,0.0525400422081225,0.7204738576445001,-0.030637939641267424,0.7837117114204188
2026-09-09,dual,688305,,0.4279440069081035,0.04473549336846026,0.6636347831317118,0.06136963383508695,0.6815202590665163,-0.017057077668916072,0.7370342880765766
2026-09-09,dual,688307,,0.7249209833643713,0.06619512331756891,0.5582347857903681,0.10222409952908013,0.565144095398854,0.01934673434815072,0.5847256695062804
2026-09-09,dual,688308,,0.4068409991781022,0.08514371709743601,0.6706648888667823,0.11783620137073073,0.6891620056322659,-0.019643910949949238,0.7464047609158041
2026-09-09,dual,688309,,0.3803069112246278,0.0697171902898313,0.6793967692148045,0.0971485698642257,0.6986257005972477,-0.02289649288888901,0.7578697818326675
2026-09-09,dual,688311,,0.6171933748790562,0.038084907221655195,0.5976341740518892,0.049790723779643165,0.608966139566285,0.006141348344346889,0.6438058772810882
2026-09-09,dual,688312,,0.49099002278425696,0.07190434532701123,0.642205836259533,0.09368276095261216,0.6581130407385419,-0.009328817593783706,0.7077470339490992
2026-09-09,dual,688313,,0.29742100937379706,0.09000256983869052,0.7058574489140103,0.12111502792268863,0.7270980888768179,-0.03305675118853205,0.7913644276925612
2026-09-09,dual,688315,,0.6843440942997743,0.0483558175346835,0.5731893628796131,0.06814345149869369,0.5818092791616647,0.014372768152618107,0.607368145433671
2026-09-09,dual,688316,,0.7779946732695928,0.06354111291210288,0.5385181352388602,0.08452092447261904,0.5431279538574824,0.02585257413888714,0.554575703776276
2026-09-09,dual,688318,,0.2822093446665072,0.04942709095190622,0.710573242747384,0.0622354426292684,0.7321372506402626,-0.03492141621771614,0.7971265256699097
2026-09-09,dual,688319,,0.44027299493336386,0.06776961990484309,0.6594935552738838,0.08785681907114117,0.6770097538476331,-0.015545774780093183,0.7314578201592778
2026-09-09,dual,688320,,0.7855342856251107,0.037848168167638994,0.5357059361520902,0.05124246551780197,0.5399845896216081,0.026776789322659977,0.5502544494739677
2026-09-09,dual,688321,,0.4450706936193677,0.037219365764643644,0.6578753884973926,0.04964419869093222,0.6752455357165255,-0.014957666829221339,0.7292676778602273
2026-09-09,dual,688322,,0.5078508931636825,0.042050147876471884,0.6363729067878596,0.06008319384180748,0.6517142187577244,-0.007261990855020932,0.6995976524753655
2026-09-09,dual,688323,,0.5105228934966032,0.10091280725899467,0.6354447982454499,0.14211874451216094,0.6506950596108638,-0.006934453687022626,0.698294345520953
2026-09-09,dual,688326,,0.8091607278477722,0.027490266915866878,0.5268796127687688,0.03069363488071393,0.5301149323577417,0.029672948383773295,0.5366669487941066
2026-09-09,dual,688327,,0.6550929576878661,0.04210611214614924,0.5838890593315121,0.05550230970119196,0.5937103668670446,0.010787126965169855,0.6234149126645511
2026-09-09,dual,688328,,0.43441567223961963,0.10901329947877961,0.6614640780305782,0.14940094599647596,0.6791568033539136,-0.01626377277714587,0.7341164281112266
2026-09-09,dual,688330,,0.8551707778899074,0.04690091347628331,0.5096479560085487,0.06673414102340441,0.5108340396917931,0.035312918298667936,0.510068138091324
2026-09-09,dual,688331,,0.5026398526826122,0.07163005999338513,0.6381800178100763,0.09694285897993747,0.6536978273329092,-0.007900766764015153,0.7021301422361819
2026-09-09,dual,688332,,0.5691575026789708,0.04777929478446103,0.6148349511220363,0.06288706018527732,0.6279969262871014,0.0002530505964396107,0.6689125740139233
2026-09-09,dual,688333,,0.20811098742184167,0.07501495138788482,0.7328898382942733,0.09460483094044554,0.7558247940262061,-0.04400448622568858,0.8234930077351372
2026-09-09,dual,688336,,0.5852458931116636,0.05421129429537134,0.6091035642707882,0.07575501870334739,0.6216638883219766,0.0022251857698717264,0.660601806758701
2026-09-09,dual,688337,,0.5723497955659131,0.05643753490212217,0.6137001920082427,0.07087854002675537,0.6267437234341207,0.0006443658813697212,0.6672716870576131
2026-09-09,dual,688339,,0.7040258429654909,0.03738428100260867,0.56595063210568,0.048113080557530115,0.5737467279757213,0.01678538170651564,0.5964366183843576
2026-09-09,dual,688343,,0.45067874197609215,0.04894122394184165,0.6559792422507703,0.06312844978569371,0.6731770131572151,-0.014270225194529897,0.7266934221096468
2026-09-09,dual,688345,,0.7034120205162351,0.07823357450725993,0.5661768315266341,0.11104779987788443,0.5739987945215187,0.01671013857716197,0.5967790563024262
2026-09-09,dual,688347,,0.3693152238371186,0.08913413260528036,0.6829779027668061,0.12905091297705706,0.7024976626926919,-0.024243867780303095,0.7625145407253249
2026-09-09,dual,688349,,0.4636349733143291,0.03045304380851156,0.6515796150875598,0.03962245847306077,0.668372378875612,-0.012682034029965789,0.7206880937220221
2026-09-09,dual,688350,,0.7001297350159699,0.05539558670520481,0.5673859149382943,0.06987047971175783,0.5753460113849885,0.01630779188428426,0.5986085627051283
2026-09-09,dual,688352,,0.37161143998585094,0.07512236616956768,0.6822315574545422,0.10196285195203471,0.7016911628686586,-0.023962394711156562,0.7615493195370262
2026-09-09,dual,688353,,0.3629368803254299,0.061343722169822534,0.6850461311194243,0.0831941564602777,0.7047313153459378,-0.025025733165796996,0.7651815558424475
2026-09-09,dual,688356,,0.7581851663042687,0.05276785462650787,0.5458947534069674,0.07251143973641132,0.5513698159888526,0.02342429981162586,0.5658884480183136
2026-09-09,dual,688359,,0.40231463082221,0.07405895110952301,0.6721630076943327,0.09822435921713592,0.6907879167142698,-0.020198758887032216,0.7483856618037978
2026-09-09,dual,688361,,0.4736486022534567,0.05691722410012964,0.6481613803817386,0.07037995191890588,0.6646347230173641,-0.011454550775679438,0.7159917288690579
2026-09-09,dual,688362,,0.39671958717839345,0.07534278503826458,0.674009994511598,0.10481380403357968,0.6927911947291966,-0.02088460638762718,0.7508200180360894
2026-09-09,dual,688363,,0.5139437572176156,0.02088342945381757,0.6342551039318229,0.026345094304929328,0.6493882555390094,-0.006515119901212868,0.6966210926057798
2026-09-09,dual,688365,,0.7525517327479478,0.06491801945751302,0.5479889867096428,0.09123994150179054,0.5537086961164959,0.022733746427178098,0.5690935980333105
2026-09-09,dual,688367,,0.6779495209063765,0.04838712041820625,0.5755346403420675,0.06630346115491134,0.5844196285244462,0.013588913287771814,0.6108973207607955
2026-09-09,dual,688368,,0.42116761514372814,0.08198716979336196,0.6659003170993703,0.10755351849929642,0.6839850257390069,-0.017887736310834894,0.7400673766618705
2026-09-09,dual,688371,,0.6567410189452658,0.11215887393645954,0.5832882175320323,0.17256238348522773,0.5930426172646409,0.010989148390948028,0.6225176065517342
2026-09-09,dual,688372,,0.4424133626026072,0.063179737055219,0.6587721092789122,0.07938442794508065,0.6762233127788383,-0.01528340581395881,0.730482132085702
2026-09-09,dual,688373,,0.7895913399015805,0.04280322947354883,0.5341917442855161,0.05672965002971984,0.5382918165141339,0.027274108148469325,0.5479260041361288
2026-09-09,dual,688375,,0.37132044652982243,0.04972023941607296,0.6823261917789201,0.06650686739928581,0.7017934380090813,-0.023998065055699305,0.7616717884556725
2026-09-09,dual,688376,,0.6518020370582299,0.06410471748752326,0.5850880991696062,0.09348445577983373,0.5950427200720365,0.010383721767252066,0.6252041568517416
2026-09-09,dual,688378,,0.45004223930752507,0.0710337078384706,0.6561947027734054,0.09415606948417832,0.6734121275546017,-0.014348248493747807,0.7269863622719548
2026-09-09,dual,688379,,0.6085038337893652,0.06650331786628116,0.6007649518512638,0.09112353303199117,0.6124352986002987,0.005076173447227314,0.6484115215981712
2026-09-09,dual,688380,,0.4849748748946618,0.050288684157263876,0.6442766991784095,0.06731481494764688,0.6603821224870045,-0.010066162002231226,0.7106227285766307
2026-09-09,dual,688381,,0.39644680032043617,0.09024026009694548,0.6740999071169909,0.12206321614964068,0.692888679920235,-0.020918044944434847,0.750938302100168
2026-09-09,dual,688382,,0.586767964710411,0.06550879170027489,0.6085597464882618,0.08573492920055092,0.6210625472053795,0.0024117632245232445,0.6598103033969105
2026-09-09,dual,688383,,0.32979764666715217,0.07567143442328186,0.6956728912976823,0.1040403962744722,0.7161777479718624,-0.029087982188873193,0.7787021130242208
2026-09-09,dual,688385,,0.35408701713500973,0.04980406834292288,0.6879036475180345,0.06637819343182923,0.7078142742414008,-0.026110560548057916,0.7688474896556006
2026-09-09,dual,688386,,0.7658834361572635,0.045211787012533075,0.5430303020797348,0.06545879724494101,0.548170002964386,0.024367963431375664,0.5614996318728566
2026-09-09,dual,688387,,0.4411524256390516,0.06861361878718172,0.659197217986976,0.09079628345477231,0.6766867431047102,-0.015437973055953104,0.7310572017255801
2026-09-09,dual,688388,,0.40034811015512023,0.06288955992999079,0.6728127897031965,0.08691451209788169,0.6914928423727957,-0.020439817468564894,0.7492430743618376
2026-09-09,dual,688390,,0.45368688812825775,0.04688587683720597,0.6549600967172446,0.05733513885200213,0.6720646732685118,-0.013901482848405887,0.7253063206655677
2026-09-09,dual,688392,,0.4048208990938316,0.07265845748400178,0.6713339241795147,0.09750115603344922,0.6898882233620072,-0.019891537363959398,0.7472900996487408
2026-09-09,dual,688396,,0.3331771033822657,0.050577637308457296,0.6945984562074503,0.06628159431634895,0.7150227967231025,-0.028673724126026617,0.7773492145815133
2026-09-09,dual,688400,,0.29923345020235337,0.06437085364941839,0.7052925912363031,0.08456022600235849,0.7264937494773867,-0.03283457990777441,0.7906699109452694
2026-09-09,dual,688401,,0.39526035435241735,0.06540855581192216,0.674490819555326,0.0864318115552461,0.6933124768334039,-0.021063480986324525,0.7514523244010672
2026-09-09,dual,688403,,0.2857673300804212,0.09545585014684214,0.7094742456925316,0.1286096651825686,0.7309638994677831,-0.03448527388199314,0.7957894915452357
2026-09-09,dual,688408,,0.8169307837160187,0.02680503586500746,0.5239729421019997,0.033377730662323996,0.5268635511713201,0.030625411623735624,0.5321854825814084
2026-09-09,dual,688409,,0.410839688303041,0.07923464260569354,0.6693385263064887,0.1151711480749921,0.6877217454153502,-0.01915374659796487,0.7446462472006321
2026-09-09,dual,688410,,0.6988786816342243,0.04324453318622799,0.5678465504806852,0.05611685332201475,0.5758592139304287,0.016154436184203286,0.5993051652876993
2026-09-09,dual,688411,,0.5052478698280256,0.04286530804336154,0.6372760812543241,0.06371360031710913,0.6527057352512974,-0.007581072735771528,0.7008642200611204
2026-09-09,dual,688416,,0.5484556643327543,0.0715579617682343,0.6221630420330481,0.09216079396819556,0.6360815310131994,-0.002284606835985456,0.6794529206651905
2026-09-09,dual,688418,,0.6265228518815219,0.058216138868116524,0.5942639557064678,0.07721655407548017,0.60522920505822,0.007284967392085839,0.6388312855347654
2026-09-09,dual,688419,,0.691627253716747,0.08422225798208467,0.5705141783722804,0.12698029612446393,0.5788306136990105,0.015265547012008399,0.6033348720543051
2026-09-09,dual,688428,,0.4376209698394698,0.0557233087082623,0.6603864389760069,0.07728377075003794,0.6779828070135461,-0.015870863358119297,0.7326636422489785
2026-09-09,dual,688433,,0.49232638708267873,0.06954328176531936,0.6417450351624564,0.09628879180808872,0.6576079383942932,-0.009165004374029853,0.7071058778571075
2026-09-09,dual,688435,,0.596647176936922,0.037744745673488025,0.6050235219080256,0.050649484249131814,0.6171504839860206,0.00362276950878844,0.6546513865954292
2026-09-09,dual,688439,,0.6336903213724654,0.01598348248607373,0.5916686858638308,0.020967317001946144,0.6023498617981958,0.008163564834553882,0.6349891052512384
2026-09-09,dual,688448,,0.559807842362072,0.05912217715580411,0.6181512419957114,0.08389340127900052,0.6316573944331324,-0.0008930425474170528,0.6736947621130647
2026-09-09,dual,688449,,0.47617900727223544,0.06892644105416804,0.6472951808125702,0.09516202230988172,0.6636869333342311,-0.011144370539723572,0.7147974629382184
2026-09-09,dual,688456,,0.4852680531424588,0.07836936726966715,0.644175889672552,0.10679016733286367,0.6602716969739987,-0.010030223843160269,0.7104829566026455
2026-09-09,dual,688469,,0.3085251615185343,0.049194773102766626,0.7023868891216326,0.0676495795569379,0.7233824553118862,-0.03169559022545163,0.7870827085540167
2026-09-09,dual,688472,,0.34877963774071724,0.03397176629262982,0.6896105248736528,0.04264715401812033,0.7096540694898285,-0.026761145802438838,0.7710267147493337
2026-09-09,dual,688475,,0.4670432484732467,0.02382307300334644,0.6504179018733356,0.030150605777326218,0.6671025683857822,-0.012264243365961422,0.7190949690962068
2026-09-09,dual,688478,,0.6956318729907719,0.08033826701938315,0.5690414702855136,0.11758919760237184,0.5771903422779862,0.015756438289140764,0.6011111523338858
2026-09-09,dual,688479,,0.5395982063899958,0.06393530219742648,0.6252816758398034,0.08552110765890325,0.6395175644497891,-0.003370365192558719,0.6839081549950358
2026-09-09,dual,688484,,0.5426785547082263,0.047731197726296644,0.6241982763002513,0.05528471113119967,0.6383242180540052,-0.002992772213931086,0.6823625360756599
2026-09-09,dual,688485,,0.19379664790520088,0.10490099347334941,0.7370727111250703,0.1454304350205286,0.7602336743300971,-0.04575915600221585,0.828264338968174
2026-09-09,dual,688486,,0.5916403624673582,0.04185091674258031,0.6068170902638229,0.05351985207483884,0.6191350616885892,0.0030090278816452543,0.6572705845261327
2026-09-09,dual,688488,,0.6498408223140065,0.056526114747488844,0.5858021855153898,0.07521679788385276,0.5958360680896932,0.010143313592430744,0.6262688306924974
2026-09-09,dual,688498,,0.07853462894953131,0.08955096318953804,0.7691873810935298,0.11999262416615537,0.7937231896962776,-0.05988811953615389,0.8630148022988953
2026-09-09,dual,688499,,0.620668026092656,0.0375011480375729,0.5963800361844948,0.048565496112264996,0.6075758308309834,0.006567275468779679,0.6419567084477296
2026-09-09,dual,688502,,0.4234100437998731,0.08704287325132551,0.6651514523069265,0.11932872838731196,0.6831705260682053,-0.01761285658031138,0.7390661908562545
2026-09-09,dual,688503,,0.24602222245341715,0.06710155235555768,0.72160937707046,0.09246683575643387,0.743885174839141,-0.039357279260715174,0.8103543746395565
2026-09-09,dual,688506,,0.4776180567837785,0.05149730496776702,0.6468021376844455,0.06726915486585025,0.6631473333851174,-0.010967970037143941,0.7141169354029504
2026-09-09,dual,688507,,0.4470511553386948,0.0838810478066564,0.6572063435408476,0.11813918141038679,0.6745158201084938,-0.014714899335937233,0.7283603321323502
2026-09-09,dual,688508,,0.3685680250522789,0.07779332429455461,0.6832205641550763,0.1001219022646892,0.7027598300271046,-0.02433546034895022,0.7628280471673414
2026-09-09,dual,688510,,0.4075210936443367,0.047679586888453654,0.6704394930315188,0.06045645729791635,0.6889173044906509,-0.019560544113239944,0.7461062390997937
2026-09-09,dual,688512,,0.5398944017311874,0.05735807772892416,0.6251775543254042,0.07497776116143919,0.6394028911040818,-0.0033340571943773906,0.683759709571824
2026-09-09,dual,688513,,0.5558425493398808,0.05690044872271007,0.6195544189431068,0.07554042838245467,0.6332052990661565,-0.0013791131630416786,0.675712149567178
2026-09-09,dual,688515,,0.4280902839188922,0.07468954707270163,0.6635857951733453,0.10317410278474412,0.6814669411014065,-0.01703914684859892,0.7369685646062781
2026-09-09,dual,688516,,0.48184011485762446,0.049636223419800535,0.6453537869991397,0.06493292733129542,0.6615617372299379,-0.010450424837918505,0.7121147134396231
2026-09-09,dual,688518,,0.3745051446644264,0.04789071007439489,0.6812896738173502,0.06295692384003654,0.7006730196534756,-0.02360768074508155,0.7603291098608786
2026-09-09,dual,688519,,0.2598329154485585,0.1072352449559365,0.7174280632054763,0.14654564268952117,0.7394417539112884,-0.03766434710947623,0.8053855338179301
2026-09-09,dual,688521,,0.31629552949989076,0.07038532407535895,0.6999443113593314,0.09150605589456565,0.7207638600778203,-0.03074308872627097,0.78404857058986
2026-09-09,dual,688522,,0.7971892133709256,0.02488198344358875,0.531354358108726,0.03205674782815698,0.5351193190265379,0.028205465052994316,0.5435598236321394
2026-09-09,dual,688523,,0.4917001841467348,0.060909043695095734,0.641960993225831,0.08347200930976953,0.6578446673419085,-0.00924176511904335,0.7074064178524396
2026-09-09,dual,688525,,0.4111016552398589,0.07540919606046223,0.6692515377248387,0.0960603575229876,0.687627262260579,-0.019121634360725462,0.7445307621063736
2026-09-09,dual,688530,,0.47058781302343977,0.1027557660518128,0.6492078374184703,0.14274392822474233,0.6657794022181572,-0.011829746176625973,0.717432278592432
2026-09-09,dual,688531,,0.3283269696938171,0.08341353704759577,0.6961398009277749,0.11408235841307876,0.7166794779855721,-0.029268259625575437,0.7792890287488323
2026-09-09,dual,688535,,0.3587276188890854,0.08225809814162251,0.6864070162841909,0.10973903995280043,0.7062000203448409,-0.025541709737071504,0.7669301925445692
2026-09-09,dual,688536,,0.224832863429707,0.07099756873336194,0.7279502196411584,0.09530051279527928,0.7506053099335959,-0.04195469759214894,0.817788021153358
2026-09-09,dual,688538,,0.3791937077997067,0.02272341346186225,0.6797604272243896,0.03042144715144971,0.6990191433045847,-0.023032950767547328,0.7583429893924943
2026-09-09,dual,688543,,0.26454062152123936,0.05003816981130728,0.7159940941097789,0.07925203881474342,0.7379157478299686,-0.037087270566551984,0.8036693793024595
2026-09-09,dual,688545,,0.4199543274482673,0.07460163389841276,0.666305149517106,0.10205311330301176,0.6844252486861662,-0.0180364626454997,0.7406080377565618
2026-09-09,dual,688548,,0.4441562022076801,0.07934537309840495,0.658184112867047,0.11187351294417464,0.6755822000283341,-0.015069766338885515,0.7296860070914696
2026-09-09,dual,688549,,0.2818746553751079,0.11381661615570914,0.7106764953172482,0.16149584845550924,0.7322474572186621,-0.03496244285282305,0.7972519601436489
2026-09-09,dual,688550,,0.683825050198192,0.04022052484197111,0.5733798520514829,0.05347958082702785,0.5820213328577691,0.01430914307255958,0.6076550307634067
2026-09-09,dual,688551,,0.6901389943715605,0.08219245538239268,0.5710611726597281,0.11070085493917306,0.5794397558789834,0.015083114306007728,0.6041602037678109
2026-09-09,dual,688552,,0.40505092645574764,0.05039181856244492,0.6712577766012774,0.06793740314591415,0.6898055765919925,-0.01986334032006093,0.7471893900343679
2026-09-09,dual,688553,,0.7048778077175168,0.05988373178280389,0.5656366294617965,0.09177020608883733,0.5733968046692537,0.016889816619443943,0.5959611704682217
2026-09-09,dual,688556,,0.5718260697676838,0.04322697335631635,0.6138864450395065,0.05361071954393811,0.6269494404378801,0.0005801669130364451,0.667541169748943
2026-09-09,dual,688559,,0.2031176978537022,0.06322688681466092,0.7343537479533593,0.08406684685478025,0.7573689595407396,-0.04461656995337142,0.8251691208966858
2026-09-09,dual,688561,,0.4514937733434597,0.0332866350303148,0.6557032548220288,0.044497362960227285,0.6728758258808997,-0.01417031762243557,0.7263180307773339
2026-09-09,dual,688563,,0.22831521343334824,0.029751294999309244,0.7269143706597689,0.03283781506634507,0.7495090223970091,-0.04152782674033105,0.8165820805242843
2026-09-09,dual,688566,,0.7743253675131868,0.03353866257646134,0.5398858739892806,0.043296094541250926,0.5446565100921611,0.02540278601529833,0.5566757901822909
2026-09-09,dual,688567,,0.6226095777109625,0.02550308379000945,0.5956787040193618,0.0321058498272206,0.606798197820487,0.00680527331284711,0.6409215907438681
2026-09-09,dual,688568,,0.5322527283887681,0.03915324056814426,0.6278601013299142,0.05145149315187739,0.6423562804285989,-0.004270783142539328,0.687577474465951
2026-09-09,dual,688575,,0.6452654521998773,0.02959681911835365,0.5874666903548199,0.041970796748541955,0.5976849378433439,0.009582458958072262,0.6287478719539358
2026-09-09,dual,688578,,0.4837656446696283,0.03692553090457107,0.6446923583877995,0.052797801853724305,0.6608373943660154,-0.010214390967057917,0.711198802988155
2026-09-09,dual,688580,,0.8165350242928038,0.03158158211451259,0.5241210311765947,0.0450880600826499,0.5270292142014655,0.03057689893491168,0.5324138729678053
2026-09-09,dual,688582,,0.5772993892986817,0.038848019864525775,0.6119383272080637,0.05275492487101414,0.6247972904459026,0.0012510933184883832,0.6647194899401263
2026-09-09,dual,688583,,0.6817320196839335,0.07533763186890421,0.5741477727724372,0.09617319385777008,0.5828761249504877,0.014052576754536361,0.6088111318394459
2026-09-09,dual,688584,,0.5016069663646106,0.06195593093038747,0.6385377455806228,0.08967355267828549,0.6540903696278095,-0.00802737927049365,0.7026306479666772
2026-09-09,dual,688585,,0.43151853431683646,0.08247020505688338,0.662436673598065,0.11325537960021527,0.6802159848420145,-0.016618907594622354,0.7354252013077189
2026-09-09,dual,688586,,0.5124698550754794,0.032377231234272705,0.6347678935929081,0.03714139236905679,0.6499515770225905,-0.0066957926831710535,0.6973426672641411
2026-09-09,dual,688588,fusion,0.9030193822241179,0.0199670871379069,0.4729790919511682,0.011903227532558458,0.46799118285689045,0.04117826051558593,0.46975844517474663
2026-09-09,dual,688590,,0.8692715280017478,0.03368769261569682,0.5043604558863444,0.04185756855803888,0.5049158763316285,0.037041406016794676,0.5018979311875813
2026-09-09,dual,688591,,0.7557679543066407,0.026509014662107762,0.5467935571663496,0.04268038499389508,0.5523736747629359,0.023127994918845707,0.5672644154683516
2026-09-09,dual,688593,,0.5299225959487719,0.06743520466637673,0.6286765195028012,0.08607368508573235,0.6432547064653414,-0.004556413713409466,0.688736589203472
2026-09-09,dual,688595,,0.7424366670481382,0.046879916366567125,0.5517449602624803,0.0614245955670835,0.557902224334644,0.021493828926939226,0.5748339056952554
2026-09-09,dual,688596,,0.5220754481424068,0.0684638102616922,0.6314205348434538,0.10801270363688423,0.6462728874276641,-0.0055183269802957235,0.6926227018011675
2026-09-09,dual,688598,,0.5883298827495085,0.06682901349279373,0.6080014117007067,0.09518428791859163,0.6204450765371298,0.0026032251060463807,0.6589971507782659
2026-09-09,dual,688599,,0.5058463987349016,0.030438461312378904,0.6370684943751721,0.03700046813756265,0.6524778667266525,-0.007507704308115315,0.7005732615606197
2026-09-09,dual,688600,,0.5538489788699426,0.06387011486294181,0.6202591208714487,0.08752145464268052,0.6339824810089604,-0.0016234875434950197,0.6767239466235664
2026-09-09,dual,688601,,0.43063379768828225,0.06018259768505692,0.6627334144870356,0.07848427118934098,0.6805390713273788,-0.016727359725473796,0.7358240552513983
2026-09-09,dual,688602,,0.6508458265275336,0.03668455231567838,0.5854363042038943,0.044560777795792435,0.5954295874030582,0.010266508275406414,0.6257234016424204
2026-09-09,dual,688603,,0.429938825830481,0.09292392620742063,0.6629664183559804,0.12518853722092657,0.6807927383631226,-0.01681255025158946,0.736137089679858
2026-09-09,dual,688605,,0.3096561553907136,0.07217868223359264,0.7020320796417159,0.09569737106236792,0.7230022574672939,-0.03155695157134932,0.7866430242220942
2026-09-09,dual,688608,,0.6470886089118698,0.020478201577727957,0.5868036692424246,0.027655275688464785,0.5969485447393702,0.009805943805325415,0.6277608475462244
2026-09-09,dual,688609,,0.6274481632143489,0.03878631511847394,0.5939292022466126,0.05205209647363129,0.6048578911228819,0.007398393221318286,0.6383362503710781
2026-09-09,dual,688610,,0.5643626130109551,0.08880550907672538,0.6165370352068726,0.12207591680126469,0.6298760289446249,-0.0003347130214673838,0.671369512600186
2026-09-09,dual,688611,,0.6446311343230788,0.05349176249490205,0.5876972962941397,0.07342533281789934,0.5979410427339241,0.009504703473382572,0.629091028932459
2026-09-09,dual,688612,,0.29547654469979917,0.052488931180320775,0.706462749833483,0.07031496565804074,0.7277455219372535,-0.03329510611863711,0.7921076468862709
2026-09-09,dual,688615,,0.5116231962463197,0.050339925644184616,0.6350623190761716,0.06902905554059344,0.6502749788438411,-0.006799577189388006,0.6977567243869153
2026-09-09,dual,688617,,0.33986808019226167,0.03424471682494863,0.6924649322056899,0.04593550485896079,0.7127277950299286,-0.02785353575685344,0.7746532381145163
2026-09-09,dual,688619,,0.9105118655000572,0.06576420297139929,0.4888949092365374,0.08100873513647316,0.4876052781776734,0.04209669855739312,0.4780128441771908
2026-09-09,dual,688620,,0.5676648737502471,0.05582533601261386,0.6153651061408569,0.07656994520286164,0.6285823009331656,7.008226138251195e-05,0.669678404085976
2026-09-09,dual,688621,,0.44166023366868157,0.04762124678575888,0.6590260477846663,0.06222990780026676,0.6765001508113304,-0.015375725307753912,0.730825701392815
2026-09-09,dual,688625,,0.4284299670200481,0.06783161230901368,0.6634720222299963,0.08976951045424572,0.6813431082889707,-0.016997508065998965,0.7368159014383406
2026-09-09,dual,688626,,0.7695203861879545,0.039018432446450556,0.5416760261784572,0.049088490075978,0.5466568889956412,0.024813785349332457,0.5594227962684307
2026-09-09,dual,688627,,0.4353297475004942,0.07382334605138549,0.6611569308519292,0.09359524092234936,0.6788222373936195,-0.01615172427977278,0.7337026415128506
2026-09-09,dual,688628,,0.5141604677535139,0.08225252360069202,0.6341796818226624,0.1173814588362608,0.6493053941771755,-0.006488555250629205,0.6965149163006041
2026-09-09,dual,688629,,0.23475181805886455,0.07258791303058983,0.7249932897374933,0.09489253447092162,0.7474742683967622,-0.04073881963408494,0.8143368067905469
2026-09-09,dual,688630,,0.19915760671667415,0.08466866233787322,0.7355111016763555,0.1120253631846107,0.7585888822824347,-0.045102002915357445,0.8264894783539783
2026-09-09,dual,688636,,0.5456331214432111,0.03771129525160563,0.62315794653459,0.05062575561438978,0.6371779944066441,-0.002630597700284565,0.6808762430196804
2026-09-09,dual,688639,,0.554541661898272,0.030562847868847953,0.6200143235026262,0.040817095640731896,0.6337125213554564,-0.0015385775849803413,0.6763725759773569
2026-09-09,dual,688646,,0.40463238277551783,0.022842195939722892,0.6713963233512767,0.027504855090050184,0.6899559465471765,-0.01991464593182192,0.7473726152729007
2026-09-09,dual,688652,,0.46075520968799094,0.04951367462645945,0.6525597826991699,0.0686543335892878,0.6694433783573875,-0.01303503908428938,0.7220298554216715
2026-09-09,dual,688653,,0.6130926247672157,0.04156220932019123,0.5991126528996014,0.05735934065666998,0.6106046940592559,0.005638673227973373,0.6459827405379795
2026-09-09,dual,688655,,0.3121734516588812,0.11502241327340335,0.7012414934659036,0.15566512832235693,0.7221548804056124,-0.031248378222562698,0.7856620279656324
2026-09-09,dual,688656,,0.49566193988701507,0.061377635897318726,0.6405937384769512,0.04735764676639563,0.6563456501765205,-0.008756128107892967,0.705501969846286
2026-09-09,dual,688658,,0.6322846679636701,0.04848086314686894,0.5921780670070786,0.060651020009276205,0.6029151118838609,0.007991258068334006,0.6357439917835364
2026-09-09,dual,688660,,0.5768456808747491,0.0428390129129832,0.6120999526006852,0.052487547915861604,0.6249758808741249,0.0011954771681305654,0.6649538431920109
2026-09-09,dual,688661,,0.3817103798416546,0.08587802690856584,0.6789379776327328,0.11347873051921509,0.6981292521341613,-0.02272445393719734,0.7572722884597919
2026-09-09,dual,688662,,0.4672324930554833,0.10479776621830124,0.6503533452034902,0.1492870787938882,0.6670319907482414,-0.0122410455265895,0.7190063487078038
2026-09-09,dual,688663,,0.49892133709256237,0.06455233081590972,0.6394671614980307,0.08736109262012562,0.655110044181437,-0.008356587091025054,0.7039297496533932
2026-09-09,dual,688667,,0.7201616745908718,0.0494645038648553,0.5599948453152678,0.06448853520130965,0.5671071737361074,0.01876333228113168,0.5874020241642378
2026-09-09,dual,688668,,0.3180599049095392,0.08820532226671098,0.699388095389098,0.1201458639388576,0.720167158739687,-0.03052680936513391,0.7833552773614753
2026-09-09,dual,688669,,0.47930482006679226,0.09604589950146492,0.6462238256444648,0.1402395292817341,0.6625143065049338,-0.01076120446829465,0.7133180255464304
2026-09-09,dual,688676,,0.25955409440381194,0.05411982137914653,0.7175128544256975,0.06799405602128748,0.7395319532168112,-0.037698525344504664,0.8054868179609628
2026-09-09,dual,688677,,0.4998291700912411,0.09888134377630524,0.6391531041760328,0.14186023123216585,0.6547655190260422,-0.00824530377801827,0.7034909775549785
2026-09-09,dual,688678,,0.3396563634661201,0.05075210603629933,0.6925325682962159,0.06249918558084077,0.7128005825912797,-0.027879488259944067,0.7747388980964299
2026-09-09,dual,688679,,0.5359085092437499,0.06620980131007602,0.6265777403624587,0.08469423372427301,0.6409447097822575,-0.003822652918410843,0.6857541871223684
2026-09-09,dual,688685,,0.586299586970318,0.057233177108602595,0.6087271209744728,0.07762025625383925,0.6212476339385281,0.0023543488909045784,0.6600539631476212
2026-09-09,dual,688686,,0.46235687012973503,0.06001861822146963,0.6520147942285294,0.0828574753517975,0.6688479282027051,-0.012838705528967424,0.72128408680865
2026-09-09,dual,688689,,0.5550832821814626,0.07259489730026727,0.6198228698537996,0.10504549672818515,0.6335013769319917,-0.0014721850881303095,0.6760976947767131
2026-09-09,dual,688690,,0.25156982490454544,0.06548716614620217,0.7199343617465195,0.08839580327425527,0.7421062885415604,-0.038677247161304155,0.8083702151579543
2026-09-09,dual,688691,,0.6468750195070694,0.05322597900709133,0.586881360893038,0.07370450472433805,0.59703483852787,0.009779761746924881,0.6278765363132927
2026-09-09,dual,688692,,0.3220359138151666,0.041932586365989885,0.6981325143514022,0.05749221123111009,0.7188196420424839,-0.030039425183013793,0.7817870482289186
2026-09-09,dual,688693,,0.6678620251979319,0.10102527805522307,0.5792273919259503,0.14652635299506697,0.5885278112259453,0.012352375351817504,0.6164409480799662
2026-09-09,dual,688696,,0.5333585451367577,0.053477494349610195,0.6274723960060528,0.07283983485675814,0.64192956142773,-0.004135230732047787,0.687026567245719
2026-09-09,dual,688697,,0.5058936318521833,0.06357031375889836,0.6370521104077929,0.09096645642345831,0.6524598814277476,-0.007501914413076911,0.700550293571505
2026-09-09,dual,688698,,0.6021250741268637,0.03739488228042581,0.6030579570859804,0.04904849731955553,0.614974699878807,0.004294257049442349,0.6517749671133888
2026-09-09,dual,688699,,0.6352413154527201,0.06574267602684103,0.5911064075820339,0.09399789749351431,0.6017258494571438,0.00835368764343597,0.6341553947183253
2026-09-09,dual,688700,,0.18137069674049877,0.06579958626085264,0.7406694213547484,0.08251172141378238,0.7640164876323955,-0.047282344754862066,0.8323228332505322
2026-09-09,dual,688702,,0.3967058542015627,0.09331729537161182,0.6740145213104942,0.12976249779731397,0.6927961028621678,-0.02088628979323305,0.7508259737373183
2026-09-09,dual,688708,,0.5624798426949928,0.027314237666190302,0.6172046011398713,0.03430533429919394,0.6306128101263139,-0.0005655053794187404,0.6723317098595314
2026-09-09,dual,688709,,0.6434954587542526,0.039530541154387984,0.5881100743649417,0.052839859380796605,0.5983994364885369,0.009365490931005527,0.6297050877714685
2026-09-09,dual,688710,,0.3510839688303041,0.08276455711325131,0.6888700718149453,0.10984100627787485,0.7088561174372,-0.026478677993616098,0.7700823278327182
2026-09-09,dual,688711,,0.6604936589019861,0.03806468652524657,0.5819191783703943,0.05561218451992983,0.5915208699219989,0.01144915172582707,0.620471311352673
2026-09-09,dual,688717,,0.6221722032064421,0.03432152523175582,0.5958367277546796,0.03774082138056031,0.606973423077835,0.0067516593949144416,0.6411548872667158
2026-09-09,dual,688719,,0.434848677160603,0.07923597890634124,0.6613185968411697,0.10439262660049509,0.6789983396410836,-0.016210694488269617,0.733920465147334
2026-09-09,dual,688720,,0.4934358451502825,0.07571138795977515,0.6413622761281502,0.10134295459097788,0.6571883276610204,-0.009029005605991305,0.7065729605472338
2026-09-09,dual,688721,,0.6403909736888649,0.057102985824610535,0.5892378114039306,0.07835574241927211,0.5996516226487326,0.008984939239494824,0.6313815360417544
2026-09-09,dual,688726,,0.6058991458504562,0.05944383417397387,0.6017018122330973,0.07718826379698006,0.6134729786190941,0.004756887517312375,0.6497867455931623
2026-09-09,dual,688727,,0.7157090689665936,0.059385248770377305,0.561640117841705,0.08506869224530476,0.5689418414733844,0.01821752627264392,0.5899012413391693
2026-09-09,dual,688728,,0.41868746033562565,0.03198230029748479,0.6667275980497399,0.04311730167183071,0.6848845591658187,-0.018191756812641985,0.7411717943300324
2026-09-09,dual,688729,,0.41751131410023,0.06213921977756155,0.6671195552956838,0.08298713206648667,0.6853106549424053,-0.018335930300327243,0.7416944657640785
2026-09-09,dual,688733,,0.642933759194332,0.053267430443607516,0.588314186606117,0.07229472630649038,0.5986260922583665,0.009296637091110546,0.6300086434218712
2026-09-09,dual,688757,,0.5330658870774769,0.0793861183727885,0.6275750194792866,0.1102525081667756,0.642042515938054,-0.004171105125754887,0.6871724181303946
2026-09-09,dual,688758,,0.3460029754783133,0.07461167233711996,0.690501463640141,0.09979785048171316,0.7106138632357653,-0.02710151256164558,0.7721610503140547
2026-09-09,dual,688759,,0.8319313559233866,0.03869989293705536,0.5183570106360352,0.06402581637957028,0.5205803504449352,0.03246420066826572,0.5235196609646212
2026-09-09,dual,688765,,0.6475868454727993,0.041611258237201305,0.5866224223878146,0.054368850301693764,0.5967472252904304,0.009867018270829572,0.6274909253498907
2026-09-09,dual,688766,,0.3448248525265556,0.09765104035006819,0.6908790575252943,0.13437885194161517,0.7110205298287297,-0.027245928357713514,0.7726411442555415
2026-09-09,dual,688772,,0.3573372590226699,0.04967262225646511,0.6868558275371794,0.06609164845174506,0.7066842094642849,-0.02571214180159391,0.7675057887597257
2026-09-09,dual,688775,,0.6067415391337821,0.023874480598734822,0.6013988993394181,0.03215808355591504,0.6131374903149965,0.004860149147545692,0.6493422495289216
2026-09-09,dual,688776,,0.8198213672634963,0.03030968635579169,0.5228911895056745,0.033759807628093594,0.5256533894444291,0.030979742997627485,0.5305169412102871
2026-09-09,dual,688777,,0.45881397018279424,0.05447509615445736,0.6532197824043691,0.07641802362086886,0.6701643466624854,-0.013272998669138517,0.7229320925529104
2026-09-09,dual,688778,,0.4932212153684496,0.03006175467893983,0.6414363366969742,0.03587943256691941,0.6572695224884048,-0.009055315195119533,0.7066761000844948
2026-09-09,dual,688779,,0.4728973459981898,0.030633509110297826,0.6484183605730754,0.04033552680697565,0.6649158590542283,-0.011546640714164648,0.7163457150847998
2026-09-09,dual,688783,,0.5281703929504054,0.06101961987302701,0.6292899627564225,0.08316826952338695,0.6439296382075815,-0.004771200965032224,0.689606660701253
2026-09-09,dual,688786,,0.7141799228040241,0.04166818546377414,0.5622048386278465,0.060173371668920145,0.5695714827231166,0.018030081609043902,0.5907584777833935
2026-09-09,dual,688787,,0.6577072170954754,0.06452860322460982,0.5829358507231392,0.07979891372450562,0.5926509799595857,0.011107586177779794,0.6219911576342525
2026-09-09,dual,688788,,0.6701289027143438,0.04852480702739561,0.5783983076686338,0.06358014808691999,0.5876056668261536,0.012630252054442376,0.6151977530280737
2026-09-09,dual,688789,,0.8226832364048731,0.0299003513167749,0.5218199711641452,0.033279005934705216,0.5244549522003349,0.03133055452343432,0.5288643022674605
2026-09-09,dual,688795,,0.6052338247380851,0.06929637970676342,0.6019409974224893,0.10239592843073221,0.613737870744529,0.004675331616936673,0.6501376243067131
2026-09-09,dual,688796,,0.5168695055087964,0.07722386014912029,0.633236296849868,0.1162552273202049,0.6482688089143722,-0.006156477988724138,0.6951858692268382
2026-09-09,dual,688798,,0.672571499911568,0.03699869003171209,0.5775044611321174,0.04924893058898209,0.586611352857358,0.012929668696978827,0.6138565050279663
2026-09-09,dual,688799,,0.5587097244041241,0.05302787264219759,0.6185400256056872,0.07182974816944736,0.6320863324418208,-0.0010276512305234659,0.6742540902791261
2026-09-09,dual,688800,,0.16407089129100388,0.06057274512884442,0.7456233336151631,0.07083910874492365,0.7692139883675436,-0.04940297670764908,0.8378451677556509
2026-09-09,dual,688802,,0.6247106191283722,0.06754904653025623,0.5949193201118504,0.09934113530588093,0.6059560755262745,0.00706282161747375,0.639799962821763
2026-09-09,dual,688807,,0.343192188849239,0.09280507599628895,0.691401912711907,0.1434952475331211,0.7115835344347239,-0.027446062328721453,0.7733052859097217
2026-09-09,dual,688981,,0.32392305371466623,0.04915041017576319,0.697535535233006,0.06671353234601775,0.7181786871681028,-0.029808097196005995,0.7810398587255515
2026-09-09,dual,689009,,0.44688771210686756,0.032337137437721056,0.6572615820782498,0.041379308739109194,0.6745760740840285,-0.014734934413261742,0.7284352855653728
