2026-08-02 08:03:45,926 INFO 样本宇宙: 537 syms / 141614 rows
2026-08-02 08:03:45,931 INFO === 计算扩展 CYQ (537 syms) ===
2026-08-02 08:08:44,703 INFO === TRAIN A_current: 85361 rows / 537 syms / 159 days ===
2026-08-02 08:09:51,390 INFO dim28: SW daily history loaded: 871577 rows, 428 indices
2026-08-02 08:10:11,931 WARNING [main] NaN+类型预筛剔除 69/412 因子, 保留 343
2026-08-02 08:10:11,932 INFO [main] 无 FeatureSelector, 使用全量 343 特征
2026-08-02 08:11:44,640 INFO dim28: SW daily history loaded: 871577 rows, 428 indices
2026-08-02 08:12:23,572 WARNING [dual] NaN+类型预筛剔除 67/425 因子, 保留 358
2026-08-02 08:12:23,573 INFO [dual] 无 FeatureSelector, 使用全量 358 特征
2026-08-02 08:12:23,592 INFO 窗口切分: total=159 train=460 es=20 calib=20 test=60
2026-08-02 08:12:24,600 WARNING [3d_reg/label_pm_3d_net] ES 集仅 0 交易日 (< 20), 跳过早停
2026-08-02 08:13:00,880 INFO [main] 3d_reg 训练完成, 样本 28628
2026-08-02 08:13:01,624 INFO 窗口切分: total=159 train=460 es=20 calib=20 test=60
2026-08-02 08:13:02,595 WARNING [3d_reg/label_pm_3d_net] ES 集仅 0 交易日 (< 20), 跳过早停
2026-08-02 08:13:37,058 INFO [dual] 3d_reg 训练完成, 样本 36303
2026-08-02 08:13:38,077 INFO [main] 模型包 data/_ab_cyq_models\main_ab_a.pkl | OOS weighted_IC=0.3259 | switched=True
2026-08-02 08:13:38,077 INFO [dual] 模型包 data/_ab_cyq_models\dual_ab_a.pkl | OOS weighted_IC=0.3135 | switched=True
2026-08-02 08:15:09,231 INFO dim28: SW daily history loaded: 871577 rows, 428 indices
2026-08-02 08:15:41,681 INFO [A_current/main] OOS 3d IC=-0.2039
2026-08-02 08:17:44,431 INFO dim28: SW daily history loaded: 871577 rows, 428 indices
2026-08-02 08:18:47,460 INFO [A_current/dual] OOS 3d IC=-0.1185
2026-08-02 08:18:47,557 INFO === TRAIN B_calc_only: 85525 rows / 537 syms / 159 days ===
2026-08-02 08:20:15,390 INFO dim28: SW daily history loaded: 871577 rows, 428 indices
D:\AMINQT\AMINQT CODES\app\pipeline1\feature_engine_v35.py:728: PerformanceWarning: DataFrame is highly fragmented.  This is usually the result of calling `frame.insert` many times, which has poor performance.  Consider joining all columns at once using pd.concat(axis=1) instead. To get a de-fragmented frame, use `newframe = frame.copy()`
  df[f"{col}_chg{w}"] = abs_chg
D:\AMINQT\AMINQT CODES\app\pipeline1\feature_engine_v35.py:732: PerformanceWarning: DataFrame is highly fragmented.  This is usually the result of calling `frame.insert` many times, which has poor performance.  Consider joining all columns at once using pd.concat(axis=1) instead. To get a de-fragmented frame, use `newframe = frame.copy()`
  df[f"{col}_pct_chg{w}"] = pct_chg
D:\AMINQT\AMINQT CODES\app\pipeline1\feature_engine_v35.py:728: PerformanceWarning: DataFrame is highly fragmented.  This is usually the result of calling `frame.insert` many times, which has poor performance.  Consider joining all columns at once using pd.concat(axis=1) instead. To get a de-fragmented frame, use `newframe = frame.copy()`
  df[f"{col}_chg{w}"] = abs_chg
D:\AMINQT\AMINQT CODES\app\pipeline1\feature_engine_v35.py:732: PerformanceWarning: DataFrame is highly fragmented.  This is usually the result of calling `frame.insert` many times, which has poor performance.  Consider joining all columns at once using pd.concat(axis=1) instead. To get a de-fragmented frame, use `newframe = frame.copy()`
  df[f"{col}_pct_chg{w}"] = pct_chg
D:\AMINQT\AMINQT CODES\app\pipeline1\feature_engine_v35.py:728: PerformanceWarning: DataFrame is highly fragmented.  This is usually the result of calling `frame.insert` many times, which has poor performance.  Consider joining all columns at once using pd.concat(axis=1) instead. To get a de-fragmented frame, use `newframe = frame.copy()`
  df[f"{col}_chg{w}"] = abs_chg
D:\AMINQT\AMINQT CODES\app\pipeline1\feature_engine_v35.py:732: PerformanceWarning: DataFrame is highly fragmented.  This is usually the result of calling `frame.insert` many times, which has poor performance.  Consider joining all columns at once using pd.concat(axis=1) instead. To get a de-fragmented frame, use `newframe = frame.copy()`
  df[f"{col}_pct_chg{w}"] = pct_chg
D:\AMINQT\AMINQT CODES\app\pipeline1\feature_engine_v35.py:728: PerformanceWarning: DataFrame is highly fragmented.  This is usually the result of calling `frame.insert` many times, which has poor performance.  Consider joining all columns at once using pd.concat(axis=1) instead. To get a de-fragmented frame, use `newframe = frame.copy()`
  df[f"{col}_chg{w}"] = abs_chg
D:\AMINQT\AMINQT CODES\app\pipeline1\feature_engine_v35.py:732: PerformanceWarning: DataFrame is highly fragmented.  This is usually the result of calling `frame.insert` many times, which has poor performance.  Consider joining all columns at once using pd.concat(axis=1) instead. To get a de-fragmented frame, use `newframe = frame.copy()`
  df[f"{col}_pct_chg{w}"] = pct_chg
D:\AMINQT\AMINQT CODES\app\pipeline1\feature_engine_v35.py:728: PerformanceWarning: DataFrame is highly fragmented.  This is usually the result of calling `frame.insert` many times, which has poor performance.  Consider joining all columns at once using pd.concat(axis=1) instead. To get a de-fragmented frame, use `newframe = frame.copy()`
  df[f"{col}_chg{w}"] = abs_chg
D:\AMINQT\AMINQT CODES\app\pipeline1\feature_engine_v35.py:732: PerformanceWarning: DataFrame is highly fragmented.  This is usually the result of calling `frame.insert` many times, which has poor performance.  Consider joining all columns at once using pd.concat(axis=1) instead. To get a de-fragmented frame, use `newframe = frame.copy()`
  df[f"{col}_pct_chg{w}"] = pct_chg
D:\AMINQT\AMINQT CODES\app\pipeline1\feature_engine_v35.py:728: PerformanceWarning: DataFrame is highly fragmented.  This is usually the result of calling `frame.insert` many times, which has poor performance.  Consider joining all columns at once using pd.concat(axis=1) instead. To get a de-fragmented frame, use `newframe = frame.copy()`
  df[f"{col}_chg{w}"] = abs_chg
D:\AMINQT\AMINQT CODES\app\pipeline1\feature_engine_v35.py:732: PerformanceWarning: DataFrame is highly fragmented.  This is usually the result of calling `frame.insert` many times, which has poor performance.  Consider joining all columns at once using pd.concat(axis=1) instead. To get a de-fragmented frame, use `newframe = frame.copy()`
  df[f"{col}_pct_chg{w}"] = pct_chg
D:\AMINQT\AMINQT CODES\app\pipeline1\feature_engine_v35.py:728: PerformanceWarning: DataFrame is highly fragmented.  This is usually the result of calling `frame.insert` many times, which has poor performance.  Consider joining all columns at once using pd.concat(axis=1) instead. To get a de-fragmented frame, use `newframe = frame.copy()`
  df[f"{col}_chg{w}"] = abs_chg
D:\AMINQT\AMINQT CODES\app\pipeline1\feature_engine_v35.py:732: PerformanceWarning: DataFrame is highly fragmented.  This is usually the result of calling `frame.insert` many times, which has poor performance.  Consider joining all columns at once using pd.concat(axis=1) instead. To get a de-fragmented frame, use `newframe = frame.copy()`
  df[f"{col}_pct_chg{w}"] = pct_chg
D:\AMINQT\AMINQT CODES\app\pipeline1\feature_engine_v35.py:728: PerformanceWarning: DataFrame is highly fragmented.  This is usually the result of calling `frame.insert` many times, which has poor performance.  Consider joining all columns at once using pd.concat(axis=1) instead. To get a de-fragmented frame, use `newframe = frame.copy()`
  df[f"{col}_chg{w}"] = abs_chg
D:\AMINQT\AMINQT CODES\app\pipeline1\feature_engine_v35.py:732: PerformanceWarning: DataFrame is highly fragmented.  This is usually the result of calling `frame.insert` many times, which has poor performance.  Consider joining all columns at once using pd.concat(axis=1) instead. To get a de-fragmented frame, use `newframe = frame.copy()`
  df[f"{col}_pct_chg{w}"] = pct_chg
D:\AMINQT\AMINQT CODES\app\pipeline1\feature_engine_v35.py:728: PerformanceWarning: DataFrame is highly fragmented.  This is usually the result of calling `frame.insert` many times, which has poor performance.  Consider joining all columns at once using pd.concat(axis=1) instead. To get a de-fragmented frame, use `newframe = frame.copy()`
  df[f"{col}_chg{w}"] = abs_chg
D:\AMINQT\AMINQT CODES\app\pipeline1\feature_engine_v35.py:732: PerformanceWarning: DataFrame is highly fragmented.  This is usually the result of calling `frame.insert` many times, which has poor performance.  Consider joining all columns at once using pd.concat(axis=1) instead. To get a de-fragmented frame, use `newframe = frame.copy()`
  df[f"{col}_pct_chg{w}"] = pct_chg
D:\AMINQT\AMINQT CODES\app\pipeline1\feature_engine_v35.py:728: PerformanceWarning: DataFrame is highly fragmented.  This is usually the result of calling `frame.insert` many times, which has poor performance.  Consider joining all columns at once using pd.concat(axis=1) instead. To get a de-fragmented frame, use `newframe = frame.copy()`
  df[f"{col}_chg{w}"] = abs_chg
D:\AMINQT\AMINQT CODES\app\pipeline1\feature_engine_v35.py:732: PerformanceWarning: DataFrame is highly fragmented.  This is usually the result of calling `frame.insert` many times, which has poor performance.  Consider joining all columns at once using pd.concat(axis=1) instead. To get a de-fragmented frame, use `newframe = frame.copy()`
  df[f"{col}_pct_chg{w}"] = pct_chg
D:\AMINQT\AMINQT CODES\app\pipeline1\feature_engine_v35.py:728: PerformanceWarning: DataFrame is highly fragmented.  This is usually the result of calling `frame.insert` many times, which has poor performance.  Consider joining all columns at once using pd.concat(axis=1) instead. To get a de-fragmented frame, use `newframe = frame.copy()`
  df[f"{col}_chg{w}"] = abs_chg
D:\AMINQT\AMINQT CODES\app\pipeline1\feature_engine_v35.py:732: PerformanceWarning: DataFrame is highly fragmented.  This is usually the result of calling `frame.insert` many times, which has poor performance.  Consider joining all columns at once using pd.concat(axis=1) instead. To get a de-fragmented frame, use `newframe = frame.copy()`
  df[f"{col}_pct_chg{w}"] = pct_chg
D:\AMINQT\AMINQT CODES\app\pipeline1\feature_engine_v35.py:728: PerformanceWarning: DataFrame is highly fragmented.  This is usually the result of calling `frame.insert` many times, which has poor performance.  Consider joining all columns at once using pd.concat(axis=1) instead. To get a de-fragmented frame, use `newframe = frame.copy()`
  df[f"{col}_chg{w}"] = abs_chg
D:\AMINQT\AMINQT CODES\app\pipeline1\feature_engine_v35.py:732: PerformanceWarning: DataFrame is highly fragmented.  This is usually the result of calling `frame.insert` many times, which has poor performance.  Consider joining all columns at once using pd.concat(axis=1) instead. To get a de-fragmented frame, use `newframe = frame.copy()`
  df[f"{col}_pct_chg{w}"] = pct_chg
D:\AMINQT\AMINQT CODES\app\pipeline1\feature_engine_v35.py:728: PerformanceWarning: DataFrame is highly fragmented.  This is usually the result of calling `frame.insert` many times, which has poor performance.  Consider joining all columns at once using pd.concat(axis=1) instead. To get a de-fragmented frame, use `newframe = frame.copy()`
  df[f"{col}_chg{w}"] = abs_chg
D:\AMINQT\AMINQT CODES\app\pipeline1\feature_engine_v35.py:732: PerformanceWarning: DataFrame is highly fragmented.  This is usually the result of calling `frame.insert` many times, which has poor performance.  Consider joining all columns at once using pd.concat(axis=1) instead. To get a de-fragmented frame, use `newframe = frame.copy()`
  df[f"{col}_pct_chg{w}"] = pct_chg
D:\AMINQT\AMINQT CODES\app\pipeline1\feature_engine_v35.py:728: PerformanceWarning: DataFrame is highly fragmented.  This is usually the result of calling `frame.insert` many times, which has poor performance.  Consider joining all columns at once using pd.concat(axis=1) instead. To get a de-fragmented frame, use `newframe = frame.copy()`
  df[f"{col}_chg{w}"] = abs_chg
D:\AMINQT\AMINQT CODES\app\pipeline1\feature_engine_v35.py:732: PerformanceWarning: DataFrame is highly fragmented.  This is usually the result of calling `frame.insert` many times, which has poor performance.  Consider joining all columns at once using pd.concat(axis=1) instead. To get a de-fragmented frame, use `newframe = frame.copy()`
  df[f"{col}_pct_chg{w}"] = pct_chg
D:\AMINQT\AMINQT CODES\app\pipeline1\feature_engine_v35.py:728: PerformanceWarning: DataFrame is highly fragmented.  This is usually the result of calling `frame.insert` many times, which has poor performance.  Consider joining all columns at once using pd.concat(axis=1) instead. To get a de-fragmented frame, use `newframe = frame.copy()`
  df[f"{col}_chg{w}"] = abs_chg
D:\AMINQT\AMINQT CODES\app\pipeline1\feature_engine_v35.py:732: PerformanceWarning: DataFrame is highly fragmented.  This is usually the result of calling `frame.insert` many times, which has poor performance.  Consider joining all columns at once using pd.concat(axis=1) instead. To get a de-fragmented frame, use `newframe = frame.copy()`
  df[f"{col}_pct_chg{w}"] = pct_chg
D:\AMINQT\AMINQT CODES\app\pipeline1\feature_engine_v35.py:728: PerformanceWarning: DataFrame is highly fragmented.  This is usually the result of calling `frame.insert` many times, which has poor performance.  Consider joining all columns at once using pd.concat(axis=1) instead. To get a de-fragmented frame, use `newframe = frame.copy()`
  df[f"{col}_chg{w}"] = abs_chg
D:\AMINQT\AMINQT CODES\app\pipeline1\feature_engine_v35.py:732: PerformanceWarning: DataFrame is highly fragmented.  This is usually the result of calling `frame.insert` many times, which has poor performance.  Consider joining all columns at once using pd.concat(axis=1) instead. To get a de-fragmented frame, use `newframe = frame.copy()`
  df[f"{col}_pct_chg{w}"] = pct_chg
D:\AMINQT\AMINQT CODES\app\pipeline1\feature_engine_v35.py:728: PerformanceWarning: DataFrame is highly fragmented.  This is usually the result of calling `frame.insert` many times, which has poor performance.  Consider joining all columns at once using pd.concat(axis=1) instead. To get a de-fragmented frame, use `newframe = frame.copy()`
  df[f"{col}_chg{w}"] = abs_chg
D:\AMINQT\AMINQT CODES\app\pipeline1\feature_engine_v35.py:732: PerformanceWarning: DataFrame is highly fragmented.  This is usually the result of calling `frame.insert` many times, which has poor performance.  Consider joining all columns at once using pd.concat(axis=1) instead. To get a de-fragmented frame, use `newframe = frame.copy()`
  df[f"{col}_pct_chg{w}"] = pct_chg
D:\AMINQT\AMINQT CODES\app\pipeline1\feature_engine_v35.py:728: PerformanceWarning: DataFrame is highly fragmented.  This is usually the result of calling `frame.insert` many times, which has poor performance.  Consider joining all columns at once using pd.concat(axis=1) instead. To get a de-fragmented frame, use `newframe = frame.copy()`
  df[f"{col}_chg{w}"] = abs_chg
D:\AMINQT\AMINQT CODES\app\pipeline1\feature_engine_v35.py:732: PerformanceWarning: DataFrame is highly fragmented.  This is usually the result of calling `frame.insert` many times, which has poor performance.  Consider joining all columns at once using pd.concat(axis=1) instead. To get a de-fragmented frame, use `newframe = frame.copy()`
  df[f"{col}_pct_chg{w}"] = pct_chg
D:\AMINQT\AMINQT CODES\app\pipeline1\feature_engine_v35.py:728: PerformanceWarning: DataFrame is highly fragmented.  This is usually the result of calling `frame.insert` many times, which has poor performance.  Consider joining all columns at once using pd.concat(axis=1) instead. To get a de-fragmented frame, use `newframe = frame.copy()`
  df[f"{col}_chg{w}"] = abs_chg
D:\AMINQT\AMINQT CODES\app\pipeline1\feature_engine_v35.py:732: PerformanceWarning: DataFrame is highly fragmented.  This is usually the result of calling `frame.insert` many times, which has poor performance.  Consider joining all columns at once using pd.concat(axis=1) instead. To get a de-fragmented frame, use `newframe = frame.copy()`
  df[f"{col}_pct_chg{w}"] = pct_chg
D:\AMINQT\AMINQT CODES\app\pipeline1\feature_engine_v35.py:728: PerformanceWarning: DataFrame is highly fragmented.  This is usually the result of calling `frame.insert` many times, which has poor performance.  Consider joining all columns at once using pd.concat(axis=1) instead. To get a de-fragmented frame, use `newframe = frame.copy()`
  df[f"{col}_chg{w}"] = abs_chg
D:\AMINQT\AMINQT CODES\app\pipeline1\feature_engine_v35.py:732: PerformanceWarning: DataFrame is highly fragmented.  This is usually the result of calling `frame.insert` many times, which has poor performance.  Consider joining all columns at once using pd.concat(axis=1) instead. To get a de-fragmented frame, use `newframe = frame.copy()`
  df[f"{col}_pct_chg{w}"] = pct_chg
D:\AMINQT\AMINQT CODES\app\pipeline1\feature_engine_v35.py:728: PerformanceWarning: DataFrame is highly fragmented.  This is usually the result of calling `frame.insert` many times, which has poor performance.  Consider joining all columns at once using pd.concat(axis=1) instead. To get a de-fragmented frame, use `newframe = frame.copy()`
  df[f"{col}_chg{w}"] = abs_chg
D:\AMINQT\AMINQT CODES\app\pipeline1\feature_engine_v35.py:732: PerformanceWarning: DataFrame is highly fragmented.  This is usually the result of calling `frame.insert` many times, which has poor performance.  Consider joining all columns at once using pd.concat(axis=1) instead. To get a de-fragmented frame, use `newframe = frame.copy()`
  df[f"{col}_pct_chg{w}"] = pct_chg
D:\AMINQT\AMINQT CODES\app\pipeline1\feature_engine_v35.py:728: PerformanceWarning: DataFrame is highly fragmented.  This is usually the result of calling `frame.insert` many times, which has poor performance.  Consider joining all columns at once using pd.concat(axis=1) instead. To get a de-fragmented frame, use `newframe = frame.copy()`
  df[f"{col}_chg{w}"] = abs_chg
D:\AMINQT\AMINQT CODES\app\pipeline1\feature_engine_v35.py:732: PerformanceWarning: DataFrame is highly fragmented.  This is usually the result of calling `frame.insert` many times, which has poor performance.  Consider joining all columns at once using pd.concat(axis=1) instead. To get a de-fragmented frame, use `newframe = frame.copy()`
  df[f"{col}_pct_chg{w}"] = pct_chg
D:\AMINQT\AMINQT CODES\app\pipeline1\feature_engine_v35.py:728: PerformanceWarning: DataFrame is highly fragmented.  This is usually the result of calling `frame.insert` many times, which has poor performance.  Consider joining all columns at once using pd.concat(axis=1) instead. To get a de-fragmented frame, use `newframe = frame.copy()`
  df[f"{col}_chg{w}"] = abs_chg
D:\AMINQT\AMINQT CODES\app\pipeline1\feature_engine_v35.py:732: PerformanceWarning: DataFrame is highly fragmented.  This is usually the result of calling `frame.insert` many times, which has poor performance.  Consider joining all columns at once using pd.concat(axis=1) instead. To get a de-fragmented frame, use `newframe = frame.copy()`
  df[f"{col}_pct_chg{w}"] = pct_chg
2026-08-02 08:20:41,944 WARNING [main] NaN+类型预筛剔除 57/538 因子, 保留 481
2026-08-02 08:20:41,945 INFO [main] 无 FeatureSelector, 使用全量 481 特征
2026-08-02 08:22:22,570 INFO dim28: SW daily history loaded: 871577 rows, 428 indices
D:\AMINQT\AMINQT CODES\app\pipeline1\feature_engine_v35.py:728: PerformanceWarning: DataFrame is highly fragmented.  This is usually the result of calling `frame.insert` many times, which has poor performance.  Consider joining all columns at once using pd.concat(axis=1) instead. To get a de-fragmented frame, use `newframe = frame.copy()`
  df[f"{col}_chg{w}"] = abs_chg
D:\AMINQT\AMINQT CODES\app\pipeline1\feature_engine_v35.py:732: PerformanceWarning: DataFrame is highly fragmented.  This is usually the result of calling `frame.insert` many times, which has poor performance.  Consider joining all columns at once using pd.concat(axis=1) instead. To get a de-fragmented frame, use `newframe = frame.copy()`
  df[f"{col}_pct_chg{w}"] = pct_chg
D:\AMINQT\AMINQT CODES\app\pipeline1\feature_engine_v35.py:728: PerformanceWarning: DataFrame is highly fragmented.  This is usually the result of calling `frame.insert` many times, which has poor performance.  Consider joining all columns at once using pd.concat(axis=1) instead. To get a de-fragmented frame, use `newframe = frame.copy()`
  df[f"{col}_chg{w}"] = abs_chg
D:\AMINQT\AMINQT CODES\app\pipeline1\feature_engine_v35.py:732: PerformanceWarning: DataFrame is highly fragmented.  This is usually the result of calling `frame.insert` many times, which has poor performance.  Consider joining all columns at once using pd.concat(axis=1) instead. To get a de-fragmented frame, use `newframe = frame.copy()`
  df[f"{col}_pct_chg{w}"] = pct_chg
D:\AMINQT\AMINQT CODES\app\pipeline1\feature_engine_v35.py:728: PerformanceWarning: DataFrame is highly fragmented.  This is usually the result of calling `frame.insert` many times, which has poor performance.  Consider joining all columns at once using pd.concat(axis=1) instead. To get a de-fragmented frame, use `newframe = frame.copy()`
  df[f"{col}_chg{w}"] = abs_chg
D:\AMINQT\AMINQT CODES\app\pipeline1\feature_engine_v35.py:732: PerformanceWarning: DataFrame is highly fragmented.  This is usually the result of calling `frame.insert` many times, which has poor performance.  Consider joining all columns at once using pd.concat(axis=1) instead. To get a de-fragmented frame, use `newframe = frame.copy()`
  df[f"{col}_pct_chg{w}"] = pct_chg
D:\AMINQT\AMINQT CODES\app\pipeline1\feature_engine_v35.py:728: PerformanceWarning: DataFrame is highly fragmented.  This is usually the result of calling `frame.insert` many times, which has poor performance.  Consider joining all columns at once using pd.concat(axis=1) instead. To get a de-fragmented frame, use `newframe = frame.copy()`
  df[f"{col}_chg{w}"] = abs_chg
D:\AMINQT\AMINQT CODES\app\pipeline1\feature_engine_v35.py:732: PerformanceWarning: DataFrame is highly fragmented.  This is usually the result of calling `frame.insert` many times, which has poor performance.  Consider joining all columns at once using pd.concat(axis=1) instead. To get a de-fragmented frame, use `newframe = frame.copy()`
  df[f"{col}_pct_chg{w}"] = pct_chg
D:\AMINQT\AMINQT CODES\app\pipeline1\feature_engine_v35.py:728: PerformanceWarning: DataFrame is highly fragmented.  This is usually the result of calling `frame.insert` many times, which has poor performance.  Consider joining all columns at once using pd.concat(axis=1) instead. To get a de-fragmented frame, use `newframe = frame.copy()`
  df[f"{col}_chg{w}"] = abs_chg
D:\AMINQT\AMINQT CODES\app\pipeline1\feature_engine_v35.py:732: PerformanceWarning: DataFrame is highly fragmented.  This is usually the result of calling `frame.insert` many times, which has poor performance.  Consider joining all columns at once using pd.concat(axis=1) instead. To get a de-fragmented frame, use `newframe = frame.copy()`
  df[f"{col}_pct_chg{w}"] = pct_chg
D:\AMINQT\AMINQT CODES\app\pipeline1\feature_engine_v35.py:728: PerformanceWarning: DataFrame is highly fragmented.  This is usually the result of calling `frame.insert` many times, which has poor performance.  Consider joining all columns at once using pd.concat(axis=1) instead. To get a de-fragmented frame, use `newframe = frame.copy()`
  df[f"{col}_chg{w}"] = abs_chg
D:\AMINQT\AMINQT CODES\app\pipeline1\feature_engine_v35.py:732: PerformanceWarning: DataFrame is highly fragmented.  This is usually the result of calling `frame.insert` many times, which has poor performance.  Consider joining all columns at once using pd.concat(axis=1) instead. To get a de-fragmented frame, use `newframe = frame.copy()`
  df[f"{col}_pct_chg{w}"] = pct_chg
D:\AMINQT\AMINQT CODES\app\pipeline1\feature_engine_v35.py:728: PerformanceWarning: DataFrame is highly fragmented.  This is usually the result of calling `frame.insert` many times, which has poor performance.  Consider joining all columns at once using pd.concat(axis=1) instead. To get a de-fragmented frame, use `newframe = frame.copy()`
  df[f"{col}_chg{w}"] = abs_chg
D:\AMINQT\AMINQT CODES\app\pipeline1\feature_engine_v35.py:732: PerformanceWarning: DataFrame is highly fragmented.  This is usually the result of calling `frame.insert` many times, which has poor performance.  Consider joining all columns at once using pd.concat(axis=1) instead. To get a de-fragmented frame, use `newframe = frame.copy()`
  df[f"{col}_pct_chg{w}"] = pct_chg
D:\AMINQT\AMINQT CODES\app\pipeline1\feature_engine_v35.py:728: PerformanceWarning: DataFrame is highly fragmented.  This is usually the result of calling `frame.insert` many times, which has poor performance.  Consider joining all columns at once using pd.concat(axis=1) instead. To get a de-fragmented frame, use `newframe = frame.copy()`
  df[f"{col}_chg{w}"] = abs_chg
D:\AMINQT\AMINQT CODES\app\pipeline1\feature_engine_v35.py:732: PerformanceWarning: DataFrame is highly fragmented.  This is usually the result of calling `frame.insert` many times, which has poor performance.  Consider joining all columns at once using pd.concat(axis=1) instead. To get a de-fragmented frame, use `newframe = frame.copy()`
  df[f"{col}_pct_chg{w}"] = pct_chg
D:\AMINQT\AMINQT CODES\app\pipeline1\feature_engine_v35.py:728: PerformanceWarning: DataFrame is highly fragmented.  This is usually the result of calling `frame.insert` many times, which has poor performance.  Consider joining all columns at once using pd.concat(axis=1) instead. To get a de-fragmented frame, use `newframe = frame.copy()`
  df[f"{col}_chg{w}"] = abs_chg
D:\AMINQT\AMINQT CODES\app\pipeline1\feature_engine_v35.py:732: PerformanceWarning: DataFrame is highly fragmented.  This is usually the result of calling `frame.insert` many times, which has poor performance.  Consider joining all columns at once using pd.concat(axis=1) instead. To get a de-fragmented frame, use `newframe = frame.copy()`
  df[f"{col}_pct_chg{w}"] = pct_chg
D:\AMINQT\AMINQT CODES\app\pipeline1\feature_engine_v35.py:728: PerformanceWarning: DataFrame is highly fragmented.  This is usually the result of calling `frame.insert` many times, which has poor performance.  Consider joining all columns at once using pd.concat(axis=1) instead. To get a de-fragmented frame, use `newframe = frame.copy()`
  df[f"{col}_chg{w}"] = abs_chg
D:\AMINQT\AMINQT CODES\app\pipeline1\feature_engine_v35.py:732: PerformanceWarning: DataFrame is highly fragmented.  This is usually the result of calling `frame.insert` many times, which has poor performance.  Consider joining all columns at once using pd.concat(axis=1) instead. To get a de-fragmented frame, use `newframe = frame.copy()`
  df[f"{col}_pct_chg{w}"] = pct_chg
D:\AMINQT\AMINQT CODES\app\pipeline1\feature_engine_v35.py:728: PerformanceWarning: DataFrame is highly fragmented.  This is usually the result of calling `frame.insert` many times, which has poor performance.  Consider joining all columns at once using pd.concat(axis=1) instead. To get a de-fragmented frame, use `newframe = frame.copy()`
  df[f"{col}_chg{w}"] = abs_chg
D:\AMINQT\AMINQT CODES\app\pipeline1\feature_engine_v35.py:732: PerformanceWarning: DataFrame is highly fragmented.  This is usually the result of calling `frame.insert` many times, which has poor performance.  Consider joining all columns at once using pd.concat(axis=1) instead. To get a de-fragmented frame, use `newframe = frame.copy()`
  df[f"{col}_pct_chg{w}"] = pct_chg
D:\AMINQT\AMINQT CODES\app\pipeline1\feature_engine_v35.py:728: PerformanceWarning: DataFrame is highly fragmented.  This is usually the result of calling `frame.insert` many times, which has poor performance.  Consider joining all columns at once using pd.concat(axis=1) instead. To get a de-fragmented frame, use `newframe = frame.copy()`
  df[f"{col}_chg{w}"] = abs_chg
D:\AMINQT\AMINQT CODES\app\pipeline1\feature_engine_v35.py:732: PerformanceWarning: DataFrame is highly fragmented.  This is usually the result of calling `frame.insert` many times, which has poor performance.  Consider joining all columns at once using pd.concat(axis=1) instead. To get a de-fragmented frame, use `newframe = frame.copy()`
  df[f"{col}_pct_chg{w}"] = pct_chg
D:\AMINQT\AMINQT CODES\app\pipeline1\feature_engine_v35.py:728: PerformanceWarning: DataFrame is highly fragmented.  This is usually the result of calling `frame.insert` many times, which has poor performance.  Consider joining all columns at once using pd.concat(axis=1) instead. To get a de-fragmented frame, use `newframe = frame.copy()`
  df[f"{col}_chg{w}"] = abs_chg
D:\AMINQT\AMINQT CODES\app\pipeline1\feature_engine_v35.py:732: PerformanceWarning: DataFrame is highly fragmented.  This is usually the result of calling `frame.insert` many times, which has poor performance.  Consider joining all columns at once using pd.concat(axis=1) instead. To get a de-fragmented frame, use `newframe = frame.copy()`
  df[f"{col}_pct_chg{w}"] = pct_chg
D:\AMINQT\AMINQT CODES\app\pipeline1\feature_engine_v35.py:728: PerformanceWarning: DataFrame is highly fragmented.  This is usually the result of calling `frame.insert` many times, which has poor performance.  Consider joining all columns at once using pd.concat(axis=1) instead. To get a de-fragmented frame, use `newframe = frame.copy()`
  df[f"{col}_chg{w}"] = abs_chg
D:\AMINQT\AMINQT CODES\app\pipeline1\feature_engine_v35.py:732: PerformanceWarning: DataFrame is highly fragmented.  This is usually the result of calling `frame.insert` many times, which has poor performance.  Consider joining all columns at once using pd.concat(axis=1) instead. To get a de-fragmented frame, use `newframe = frame.copy()`
  df[f"{col}_pct_chg{w}"] = pct_chg
D:\AMINQT\AMINQT CODES\app\pipeline1\feature_engine_v35.py:728: PerformanceWarning: DataFrame is highly fragmented.  This is usually the result of calling `frame.insert` many times, which has poor performance.  Consider joining all columns at once using pd.concat(axis=1) instead. To get a de-fragmented frame, use `newframe = frame.copy()`
  df[f"{col}_chg{w}"] = abs_chg
D:\AMINQT\AMINQT CODES\app\pipeline1\feature_engine_v35.py:732: PerformanceWarning: DataFrame is highly fragmented.  This is usually the result of calling `frame.insert` many times, which has poor performance.  Consider joining all columns at once using pd.concat(axis=1) instead. To get a de-fragmented frame, use `newframe = frame.copy()`
  df[f"{col}_pct_chg{w}"] = pct_chg
D:\AMINQT\AMINQT CODES\app\pipeline1\feature_engine_v35.py:728: PerformanceWarning: DataFrame is highly fragmented.  This is usually the result of calling `frame.insert` many times, which has poor performance.  Consider joining all columns at once using pd.concat(axis=1) instead. To get a de-fragmented frame, use `newframe = frame.copy()`
  df[f"{col}_chg{w}"] = abs_chg
D:\AMINQT\AMINQT CODES\app\pipeline1\feature_engine_v35.py:732: PerformanceWarning: DataFrame is highly fragmented.  This is usually the result of calling `frame.insert` many times, which has poor performance.  Consider joining all columns at once using pd.concat(axis=1) instead. To get a de-fragmented frame, use `newframe = frame.copy()`
  df[f"{col}_pct_chg{w}"] = pct_chg
D:\AMINQT\AMINQT CODES\app\pipeline1\feature_engine_v35.py:728: PerformanceWarning: DataFrame is highly fragmented.  This is usually the result of calling `frame.insert` many times, which has poor performance.  Consider joining all columns at once using pd.concat(axis=1) instead. To get a de-fragmented frame, use `newframe = frame.copy()`
  df[f"{col}_chg{w}"] = abs_chg
D:\AMINQT\AMINQT CODES\app\pipeline1\feature_engine_v35.py:732: PerformanceWarning: DataFrame is highly fragmented.  This is usually the result of calling `frame.insert` many times, which has poor performance.  Consider joining all columns at once using pd.concat(axis=1) instead. To get a de-fragmented frame, use `newframe = frame.copy()`
  df[f"{col}_pct_chg{w}"] = pct_chg
D:\AMINQT\AMINQT CODES\app\pipeline1\feature_engine_v35.py:728: PerformanceWarning: DataFrame is highly fragmented.  This is usually the result of calling `frame.insert` many times, which has poor performance.  Consider joining all columns at once using pd.concat(axis=1) instead. To get a de-fragmented frame, use `newframe = frame.copy()`
  df[f"{col}_chg{w}"] = abs_chg
D:\AMINQT\AMINQT CODES\app\pipeline1\feature_engine_v35.py:732: PerformanceWarning: DataFrame is highly fragmented.  This is usually the result of calling `frame.insert` many times, which has poor performance.  Consider joining all columns at once using pd.concat(axis=1) instead. To get a de-fragmented frame, use `newframe = frame.copy()`
  df[f"{col}_pct_chg{w}"] = pct_chg
D:\AMINQT\AMINQT CODES\app\pipeline1\feature_engine_v35.py:728: PerformanceWarning: DataFrame is highly fragmented.  This is usually the result of calling `frame.insert` many times, which has poor performance.  Consider joining all columns at once using pd.concat(axis=1) instead. To get a de-fragmented frame, use `newframe = frame.copy()`
  df[f"{col}_chg{w}"] = abs_chg
D:\AMINQT\AMINQT CODES\app\pipeline1\feature_engine_v35.py:732: PerformanceWarning: DataFrame is highly fragmented.  This is usually the result of calling `frame.insert` many times, which has poor performance.  Consider joining all columns at once using pd.concat(axis=1) instead. To get a de-fragmented frame, use `newframe = frame.copy()`
  df[f"{col}_pct_chg{w}"] = pct_chg
D:\AMINQT\AMINQT CODES\app\pipeline1\feature_engine_v35.py:728: PerformanceWarning: DataFrame is highly fragmented.  This is usually the result of calling `frame.insert` many times, which has poor performance.  Consider joining all columns at once using pd.concat(axis=1) instead. To get a de-fragmented frame, use `newframe = frame.copy()`
  df[f"{col}_chg{w}"] = abs_chg
D:\AMINQT\AMINQT CODES\app\pipeline1\feature_engine_v35.py:732: PerformanceWarning: DataFrame is highly fragmented.  This is usually the result of calling `frame.insert` many times, which has poor performance.  Consider joining all columns at once using pd.concat(axis=1) instead. To get a de-fragmented frame, use `newframe = frame.copy()`
  df[f"{col}_pct_chg{w}"] = pct_chg
D:\AMINQT\AMINQT CODES\app\pipeline1\feature_engine_v35.py:728: PerformanceWarning: DataFrame is highly fragmented.  This is usually the result of calling `frame.insert` many times, which has poor performance.  Consider joining all columns at once using pd.concat(axis=1) instead. To get a de-fragmented frame, use `newframe = frame.copy()`
  df[f"{col}_chg{w}"] = abs_chg
D:\AMINQT\AMINQT CODES\app\pipeline1\feature_engine_v35.py:732: PerformanceWarning: DataFrame is highly fragmented.  This is usually the result of calling `frame.insert` many times, which has poor performance.  Consider joining all columns at once using pd.concat(axis=1) instead. To get a de-fragmented frame, use `newframe = frame.copy()`
  df[f"{col}_pct_chg{w}"] = pct_chg
D:\AMINQT\AMINQT CODES\app\pipeline1\feature_engine_v35.py:728: PerformanceWarning: DataFrame is highly fragmented.  This is usually the result of calling `frame.insert` many times, which has poor performance.  Consider joining all columns at once using pd.concat(axis=1) instead. To get a de-fragmented frame, use `newframe = frame.copy()`
  df[f"{col}_chg{w}"] = abs_chg
D:\AMINQT\AMINQT CODES\app\pipeline1\feature_engine_v35.py:732: PerformanceWarning: DataFrame is highly fragmented.  This is usually the result of calling `frame.insert` many times, which has poor performance.  Consider joining all columns at once using pd.concat(axis=1) instead. To get a de-fragmented frame, use `newframe = frame.copy()`
  df[f"{col}_pct_chg{w}"] = pct_chg
D:\AMINQT\AMINQT CODES\app\pipeline1\feature_engine_v35.py:728: PerformanceWarning: DataFrame is highly fragmented.  This is usually the result of calling `frame.insert` many times, which has poor performance.  Consider joining all columns at once using pd.concat(axis=1) instead. To get a de-fragmented frame, use `newframe = frame.copy()`
  df[f"{col}_chg{w}"] = abs_chg
D:\AMINQT\AMINQT CODES\app\pipeline1\feature_engine_v35.py:732: PerformanceWarning: DataFrame is highly fragmented.  This is usually the result of calling `frame.insert` many times, which has poor performance.  Consider joining all columns at once using pd.concat(axis=1) instead. To get a de-fragmented frame, use `newframe = frame.copy()`
  df[f"{col}_pct_chg{w}"] = pct_chg
2026-08-02 08:23:06,320 WARNING [dual] NaN+类型预筛剔除 55/565 因子, 保留 510
2026-08-02 08:23:06,320 INFO [dual] 无 FeatureSelector, 使用全量 510 特征
2026-08-02 08:23:06,323 INFO 窗口切分: total=159 train=460 es=20 calib=20 test=60
2026-08-02 08:23:07,304 WARNING [3d_reg/label_pm_3d_net] ES 集仅 0 交易日 (< 20), 跳过早停
2026-08-02 08:24:01,412 INFO [main] 3d_reg 训练完成, 样本 28641
2026-08-02 08:24:02,399 INFO 窗口切分: total=159 train=460 es=20 calib=20 test=60
2026-08-02 08:24:04,111 WARNING [3d_reg/label_pm_3d_net] ES 集仅 0 交易日 (< 20), 跳过早停
2026-08-02 08:25:01,570 INFO [dual] 3d_reg 训练完成, 样本 36417
2026-08-02 08:25:02,747 INFO [main] 模型包 data/_ab_cyq_models\main_ab_b_calc_only.pkl | OOS weighted_IC=0.3276 | switched=True
2026-08-02 08:25:02,747 INFO [dual] 模型包 data/_ab_cyq_models\dual_ab_b_calc_only.pkl | OOS weighted_IC=0.3152 | switched=True
2026-08-02 08:26:50,088 INFO dim28: SW daily history loaded: 871577 rows, 428 indices
D:\AMINQT\AMINQT CODES\app\pipeline1\feature_engine_v35.py:728: PerformanceWarning: DataFrame is highly fragmented.  This is usually the result of calling `frame.insert` many times, which has poor performance.  Consider joining all columns at once using pd.concat(axis=1) instead. To get a de-fragmented frame, use `newframe = frame.copy()`
  df[f"{col}_chg{w}"] = abs_chg
D:\AMINQT\AMINQT CODES\app\pipeline1\feature_engine_v35.py:732: PerformanceWarning: DataFrame is highly fragmented.  This is usually the result of calling `frame.insert` many times, which has poor performance.  Consider joining all columns at once using pd.concat(axis=1) instead. To get a de-fragmented frame, use `newframe = frame.copy()`
  df[f"{col}_pct_chg{w}"] = pct_chg
D:\AMINQT\AMINQT CODES\app\pipeline1\feature_engine_v35.py:728: PerformanceWarning: DataFrame is highly fragmented.  This is usually the result of calling `frame.insert` many times, which has poor performance.  Consider joining all columns at once using pd.concat(axis=1) instead. To get a de-fragmented frame, use `newframe = frame.copy()`
  df[f"{col}_chg{w}"] = abs_chg
D:\AMINQT\AMINQT CODES\app\pipeline1\feature_engine_v35.py:732: PerformanceWarning: DataFrame is highly fragmented.  This is usually the result of calling `frame.insert` many times, which has poor performance.  Consider joining all columns at once using pd.concat(axis=1) instead. To get a de-fragmented frame, use `newframe = frame.copy()`
  df[f"{col}_pct_chg{w}"] = pct_chg
D:\AMINQT\AMINQT CODES\app\pipeline1\feature_engine_v35.py:728: PerformanceWarning: DataFrame is highly fragmented.  This is usually the result of calling `frame.insert` many times, which has poor performance.  Consider joining all columns at once using pd.concat(axis=1) instead. To get a de-fragmented frame, use `newframe = frame.copy()`
  df[f"{col}_chg{w}"] = abs_chg
D:\AMINQT\AMINQT CODES\app\pipeline1\feature_engine_v35.py:732: PerformanceWarning: DataFrame is highly fragmented.  This is usually the result of calling `frame.insert` many times, which has poor performance.  Consider joining all columns at once using pd.concat(axis=1) instead. To get a de-fragmented frame, use `newframe = frame.copy()`
  df[f"{col}_pct_chg{w}"] = pct_chg
D:\AMINQT\AMINQT CODES\app\pipeline1\feature_engine_v35.py:728: PerformanceWarning: DataFrame is highly fragmented.  This is usually the result of calling `frame.insert` many times, which has poor performance.  Consider joining all columns at once using pd.concat(axis=1) instead. To get a de-fragmented frame, use `newframe = frame.copy()`
  df[f"{col}_chg{w}"] = abs_chg
D:\AMINQT\AMINQT CODES\app\pipeline1\feature_engine_v35.py:732: PerformanceWarning: DataFrame is highly fragmented.  This is usually the result of calling `frame.insert` many times, which has poor performance.  Consider joining all columns at once using pd.concat(axis=1) instead. To get a de-fragmented frame, use `newframe = frame.copy()`
  df[f"{col}_pct_chg{w}"] = pct_chg
D:\AMINQT\AMINQT CODES\app\pipeline1\feature_engine_v35.py:728: PerformanceWarning: DataFrame is highly fragmented.  This is usually the result of calling `frame.insert` many times, which has poor performance.  Consider joining all columns at once using pd.concat(axis=1) instead. To get a de-fragmented frame, use `newframe = frame.copy()`
  df[f"{col}_chg{w}"] = abs_chg
D:\AMINQT\AMINQT CODES\app\pipeline1\feature_engine_v35.py:732: PerformanceWarning: DataFrame is highly fragmented.  This is usually the result of calling `frame.insert` many times, which has poor performance.  Consider joining all columns at once using pd.concat(axis=1) instead. To get a de-fragmented frame, use `newframe = frame.copy()`
  df[f"{col}_pct_chg{w}"] = pct_chg
D:\AMINQT\AMINQT CODES\app\pipeline1\feature_engine_v35.py:728: PerformanceWarning: DataFrame is highly fragmented.  This is usually the result of calling `frame.insert` many times, which has poor performance.  Consider joining all columns at once using pd.concat(axis=1) instead. To get a de-fragmented frame, use `newframe = frame.copy()`
  df[f"{col}_chg{w}"] = abs_chg
D:\AMINQT\AMINQT CODES\app\pipeline1\feature_engine_v35.py:732: PerformanceWarning: DataFrame is highly fragmented.  This is usually the result of calling `frame.insert` many times, which has poor performance.  Consider joining all columns at once using pd.concat(axis=1) instead. To get a de-fragmented frame, use `newframe = frame.copy()`
  df[f"{col}_pct_chg{w}"] = pct_chg
D:\AMINQT\AMINQT CODES\app\pipeline1\feature_engine_v35.py:728: PerformanceWarning: DataFrame is highly fragmented.  This is usually the result of calling `frame.insert` many times, which has poor performance.  Consider joining all columns at once using pd.concat(axis=1) instead. To get a de-fragmented frame, use `newframe = frame.copy()`
  df[f"{col}_chg{w}"] = abs_chg
D:\AMINQT\AMINQT CODES\app\pipeline1\feature_engine_v35.py:732: PerformanceWarning: DataFrame is highly fragmented.  This is usually the result of calling `frame.insert` many times, which has poor performance.  Consider joining all columns at once using pd.concat(axis=1) instead. To get a de-fragmented frame, use `newframe = frame.copy()`
  df[f"{col}_pct_chg{w}"] = pct_chg
D:\AMINQT\AMINQT CODES\app\pipeline1\feature_engine_v35.py:728: PerformanceWarning: DataFrame is highly fragmented.  This is usually the result of calling `frame.insert` many times, which has poor performance.  Consider joining all columns at once using pd.concat(axis=1) instead. To get a de-fragmented frame, use `newframe = frame.copy()`
  df[f"{col}_chg{w}"] = abs_chg
D:\AMINQT\AMINQT CODES\app\pipeline1\feature_engine_v35.py:732: PerformanceWarning: DataFrame is highly fragmented.  This is usually the result of calling `frame.insert` many times, which has poor performance.  Consider joining all columns at once using pd.concat(axis=1) instead. To get a de-fragmented frame, use `newframe = frame.copy()`
  df[f"{col}_pct_chg{w}"] = pct_chg
D:\AMINQT\AMINQT CODES\app\pipeline1\feature_engine_v35.py:728: PerformanceWarning: DataFrame is highly fragmented.  This is usually the result of calling `frame.insert` many times, which has poor performance.  Consider joining all columns at once using pd.concat(axis=1) instead. To get a de-fragmented frame, use `newframe = frame.copy()`
  df[f"{col}_chg{w}"] = abs_chg
D:\AMINQT\AMINQT CODES\app\pipeline1\feature_engine_v35.py:732: PerformanceWarning: DataFrame is highly fragmented.  This is usually the result of calling `frame.insert` many times, which has poor performance.  Consider joining all columns at once using pd.concat(axis=1) instead. To get a de-fragmented frame, use `newframe = frame.copy()`
  df[f"{col}_pct_chg{w}"] = pct_chg
D:\AMINQT\AMINQT CODES\app\pipeline1\feature_engine_v35.py:728: PerformanceWarning: DataFrame is highly fragmented.  This is usually the result of calling `frame.insert` many times, which has poor performance.  Consider joining all columns at once using pd.concat(axis=1) instead. To get a de-fragmented frame, use `newframe = frame.copy()`
  df[f"{col}_chg{w}"] = abs_chg
D:\AMINQT\AMINQT CODES\app\pipeline1\feature_engine_v35.py:732: PerformanceWarning: DataFrame is highly fragmented.  This is usually the result of calling `frame.insert` many times, which has poor performance.  Consider joining all columns at once using pd.concat(axis=1) instead. To get a de-fragmented frame, use `newframe = frame.copy()`
  df[f"{col}_pct_chg{w}"] = pct_chg
D:\AMINQT\AMINQT CODES\app\pipeline1\feature_engine_v35.py:728: PerformanceWarning: DataFrame is highly fragmented.  This is usually the result of calling `frame.insert` many times, which has poor performance.  Consider joining all columns at once using pd.concat(axis=1) instead. To get a de-fragmented frame, use `newframe = frame.copy()`
  df[f"{col}_chg{w}"] = abs_chg
D:\AMINQT\AMINQT CODES\app\pipeline1\feature_engine_v35.py:732: PerformanceWarning: DataFrame is highly fragmented.  This is usually the result of calling `frame.insert` many times, which has poor performance.  Consider joining all columns at once using pd.concat(axis=1) instead. To get a de-fragmented frame, use `newframe = frame.copy()`
  df[f"{col}_pct_chg{w}"] = pct_chg
D:\AMINQT\AMINQT CODES\app\pipeline1\feature_engine_v35.py:728: PerformanceWarning: DataFrame is highly fragmented.  This is usually the result of calling `frame.insert` many times, which has poor performance.  Consider joining all columns at once using pd.concat(axis=1) instead. To get a de-fragmented frame, use `newframe = frame.copy()`
  df[f"{col}_chg{w}"] = abs_chg
D:\AMINQT\AMINQT CODES\app\pipeline1\feature_engine_v35.py:732: PerformanceWarning: DataFrame is highly fragmented.  This is usually the result of calling `frame.insert` many times, which has poor performance.  Consider joining all columns at once using pd.concat(axis=1) instead. To get a de-fragmented frame, use `newframe = frame.copy()`
  df[f"{col}_pct_chg{w}"] = pct_chg
D:\AMINQT\AMINQT CODES\app\pipeline1\feature_engine_v35.py:728: PerformanceWarning: DataFrame is highly fragmented.  This is usually the result of calling `frame.insert` many times, which has poor performance.  Consider joining all columns at once using pd.concat(axis=1) instead. To get a de-fragmented frame, use `newframe = frame.copy()`
  df[f"{col}_chg{w}"] = abs_chg
D:\AMINQT\AMINQT CODES\app\pipeline1\feature_engine_v35.py:732: PerformanceWarning: DataFrame is highly fragmented.  This is usually the result of calling `frame.insert` many times, which has poor performance.  Consider joining all columns at once using pd.concat(axis=1) instead. To get a de-fragmented frame, use `newframe = frame.copy()`
  df[f"{col}_pct_chg{w}"] = pct_chg
D:\AMINQT\AMINQT CODES\app\pipeline1\feature_engine_v35.py:728: PerformanceWarning: DataFrame is highly fragmented.  This is usually the result of calling `frame.insert` many times, which has poor performance.  Consider joining all columns at once using pd.concat(axis=1) instead. To get a de-fragmented frame, use `newframe = frame.copy()`
  df[f"{col}_chg{w}"] = abs_chg
D:\AMINQT\AMINQT CODES\app\pipeline1\feature_engine_v35.py:732: PerformanceWarning: DataFrame is highly fragmented.  This is usually the result of calling `frame.insert` many times, which has poor performance.  Consider joining all columns at once using pd.concat(axis=1) instead. To get a de-fragmented frame, use `newframe = frame.copy()`
  df[f"{col}_pct_chg{w}"] = pct_chg
D:\AMINQT\AMINQT CODES\app\pipeline1\feature_engine_v35.py:728: PerformanceWarning: DataFrame is highly fragmented.  This is usually the result of calling `frame.insert` many times, which has poor performance.  Consider joining all columns at once using pd.concat(axis=1) instead. To get a de-fragmented frame, use `newframe = frame.copy()`
  df[f"{col}_chg{w}"] = abs_chg
D:\AMINQT\AMINQT CODES\app\pipeline1\feature_engine_v35.py:732: PerformanceWarning: DataFrame is highly fragmented.  This is usually the result of calling `frame.insert` many times, which has poor performance.  Consider joining all columns at once using pd.concat(axis=1) instead. To get a de-fragmented frame, use `newframe = frame.copy()`
  df[f"{col}_pct_chg{w}"] = pct_chg
D:\AMINQT\AMINQT CODES\app\pipeline1\feature_engine_v35.py:728: PerformanceWarning: DataFrame is highly fragmented.  This is usually the result of calling `frame.insert` many times, which has poor performance.  Consider joining all columns at once using pd.concat(axis=1) instead. To get a de-fragmented frame, use `newframe = frame.copy()`
  df[f"{col}_chg{w}"] = abs_chg
D:\AMINQT\AMINQT CODES\app\pipeline1\feature_engine_v35.py:732: PerformanceWarning: DataFrame is highly fragmented.  This is usually the result of calling `frame.insert` many times, which has poor performance.  Consider joining all columns at once using pd.concat(axis=1) instead. To get a de-fragmented frame, use `newframe = frame.copy()`
  df[f"{col}_pct_chg{w}"] = pct_chg
D:\AMINQT\AMINQT CODES\app\pipeline1\feature_engine_v35.py:728: PerformanceWarning: DataFrame is highly fragmented.  This is usually the result of calling `frame.insert` many times, which has poor performance.  Consider joining all columns at once using pd.concat(axis=1) instead. To get a de-fragmented frame, use `newframe = frame.copy()`
  df[f"{col}_chg{w}"] = abs_chg
D:\AMINQT\AMINQT CODES\app\pipeline1\feature_engine_v35.py:732: PerformanceWarning: DataFrame is highly fragmented.  This is usually the result of calling `frame.insert` many times, which has poor performance.  Consider joining all columns at once using pd.concat(axis=1) instead. To get a de-fragmented frame, use `newframe = frame.copy()`
  df[f"{col}_pct_chg{w}"] = pct_chg
D:\AMINQT\AMINQT CODES\app\pipeline1\feature_engine_v35.py:728: PerformanceWarning: DataFrame is highly fragmented.  This is usually the result of calling `frame.insert` many times, which has poor performance.  Consider joining all columns at once using pd.concat(axis=1) instead. To get a de-fragmented frame, use `newframe = frame.copy()`
  df[f"{col}_chg{w}"] = abs_chg
D:\AMINQT\AMINQT CODES\app\pipeline1\feature_engine_v35.py:732: PerformanceWarning: DataFrame is highly fragmented.  This is usually the result of calling `frame.insert` many times, which has poor performance.  Consider joining all columns at once using pd.concat(axis=1) instead. To get a de-fragmented frame, use `newframe = frame.copy()`
  df[f"{col}_pct_chg{w}"] = pct_chg
D:\AMINQT\AMINQT CODES\app\pipeline1\feature_engine_v35.py:728: PerformanceWarning: DataFrame is highly fragmented.  This is usually the result of calling `frame.insert` many times, which has poor performance.  Consider joining all columns at once using pd.concat(axis=1) instead. To get a de-fragmented frame, use `newframe = frame.copy()`
  df[f"{col}_chg{w}"] = abs_chg
D:\AMINQT\AMINQT CODES\app\pipeline1\feature_engine_v35.py:732: PerformanceWarning: DataFrame is highly fragmented.  This is usually the result of calling `frame.insert` many times, which has poor performance.  Consider joining all columns at once using pd.concat(axis=1) instead. To get a de-fragmented frame, use `newframe = frame.copy()`
  df[f"{col}_pct_chg{w}"] = pct_chg
D:\AMINQT\AMINQT CODES\app\pipeline1\feature_engine_v35.py:728: PerformanceWarning: DataFrame is highly fragmented.  This is usually the result of calling `frame.insert` many times, which has poor performance.  Consider joining all columns at once using pd.concat(axis=1) instead. To get a de-fragmented frame, use `newframe = frame.copy()`
  df[f"{col}_chg{w}"] = abs_chg
D:\AMINQT\AMINQT CODES\app\pipeline1\feature_engine_v35.py:732: PerformanceWarning: DataFrame is highly fragmented.  This is usually the result of calling `frame.insert` many times, which has poor performance.  Consider joining all columns at once using pd.concat(axis=1) instead. To get a de-fragmented frame, use `newframe = frame.copy()`
  df[f"{col}_pct_chg{w}"] = pct_chg
D:\AMINQT\AMINQT CODES\app\pipeline1\feature_engine_v35.py:728: PerformanceWarning: DataFrame is highly fragmented.  This is usually the result of calling `frame.insert` many times, which has poor performance.  Consider joining all columns at once using pd.concat(axis=1) instead. To get a de-fragmented frame, use `newframe = frame.copy()`
  df[f"{col}_chg{w}"] = abs_chg
D:\AMINQT\AMINQT CODES\app\pipeline1\feature_engine_v35.py:732: PerformanceWarning: DataFrame is highly fragmented.  This is usually the result of calling `frame.insert` many times, which has poor performance.  Consider joining all columns at once using pd.concat(axis=1) instead. To get a de-fragmented frame, use `newframe = frame.copy()`
  df[f"{col}_pct_chg{w}"] = pct_chg
D:\AMINQT\AMINQT CODES\app\pipeline1\feature_engine_v35.py:728: PerformanceWarning: DataFrame is highly fragmented.  This is usually the result of calling `frame.insert` many times, which has poor performance.  Consider joining all columns at once using pd.concat(axis=1) instead. To get a de-fragmented frame, use `newframe = frame.copy()`
  df[f"{col}_chg{w}"] = abs_chg
D:\AMINQT\AMINQT CODES\app\pipeline1\feature_engine_v35.py:732: PerformanceWarning: DataFrame is highly fragmented.  This is usually the result of calling `frame.insert` many times, which has poor performance.  Consider joining all columns at once using pd.concat(axis=1) instead. To get a de-fragmented frame, use `newframe = frame.copy()`
  df[f"{col}_pct_chg{w}"] = pct_chg
D:\AMINQT\AMINQT CODES\app\pipeline1\feature_engine_v35.py:728: PerformanceWarning: DataFrame is highly fragmented.  This is usually the result of calling `frame.insert` many times, which has poor performance.  Consider joining all columns at once using pd.concat(axis=1) instead. To get a de-fragmented frame, use `newframe = frame.copy()`
  df[f"{col}_chg{w}"] = abs_chg
D:\AMINQT\AMINQT CODES\app\pipeline1\feature_engine_v35.py:732: PerformanceWarning: DataFrame is highly fragmented.  This is usually the result of calling `frame.insert` many times, which has poor performance.  Consider joining all columns at once using pd.concat(axis=1) instead. To get a de-fragmented frame, use `newframe = frame.copy()`
  df[f"{col}_pct_chg{w}"] = pct_chg
2026-08-02 08:27:33,150 INFO [B_calc_only/main] OOS 3d IC=-0.2033
2026-08-02 08:30:33,201 INFO dim28: SW daily history loaded: 871577 rows, 428 indices
D:\AMINQT\AMINQT CODES\app\pipeline1\feature_engine_v35.py:728: PerformanceWarning: DataFrame is highly fragmented.  This is usually the result of calling `frame.insert` many times, which has poor performance.  Consider joining all columns at once using pd.concat(axis=1) instead. To get a de-fragmented frame, use `newframe = frame.copy()`
  df[f"{col}_chg{w}"] = abs_chg
D:\AMINQT\AMINQT CODES\app\pipeline1\feature_engine_v35.py:732: PerformanceWarning: DataFrame is highly fragmented.  This is usually the result of calling `frame.insert` many times, which has poor performance.  Consider joining all columns at once using pd.concat(axis=1) instead. To get a de-fragmented frame, use `newframe = frame.copy()`
  df[f"{col}_pct_chg{w}"] = pct_chg
D:\AMINQT\AMINQT CODES\app\pipeline1\feature_engine_v35.py:728: PerformanceWarning: DataFrame is highly fragmented.  This is usually the result of calling `frame.insert` many times, which has poor performance.  Consider joining all columns at once using pd.concat(axis=1) instead. To get a de-fragmented frame, use `newframe = frame.copy()`
  df[f"{col}_chg{w}"] = abs_chg
D:\AMINQT\AMINQT CODES\app\pipeline1\feature_engine_v35.py:732: PerformanceWarning: DataFrame is highly fragmented.  This is usually the result of calling `frame.insert` many times, which has poor performance.  Consider joining all columns at once using pd.concat(axis=1) instead. To get a de-fragmented frame, use `newframe = frame.copy()`
  df[f"{col}_pct_chg{w}"] = pct_chg
D:\AMINQT\AMINQT CODES\app\pipeline1\feature_engine_v35.py:728: PerformanceWarning: DataFrame is highly fragmented.  This is usually the result of calling `frame.insert` many times, which has poor performance.  Consider joining all columns at once using pd.concat(axis=1) instead. To get a de-fragmented frame, use `newframe = frame.copy()`
  df[f"{col}_chg{w}"] = abs_chg
D:\AMINQT\AMINQT CODES\app\pipeline1\feature_engine_v35.py:732: PerformanceWarning: DataFrame is highly fragmented.  This is usually the result of calling `frame.insert` many times, which has poor performance.  Consider joining all columns at once using pd.concat(axis=1) instead. To get a de-fragmented frame, use `newframe = frame.copy()`
  df[f"{col}_pct_chg{w}"] = pct_chg
D:\AMINQT\AMINQT CODES\app\pipeline1\feature_engine_v35.py:728: PerformanceWarning: DataFrame is highly fragmented.  This is usually the result of calling `frame.insert` many times, which has poor performance.  Consider joining all columns at once using pd.concat(axis=1) instead. To get a de-fragmented frame, use `newframe = frame.copy()`
  df[f"{col}_chg{w}"] = abs_chg
D:\AMINQT\AMINQT CODES\app\pipeline1\feature_engine_v35.py:732: PerformanceWarning: DataFrame is highly fragmented.  This is usually the result of calling `frame.insert` many times, which has poor performance.  Consider joining all columns at once using pd.concat(axis=1) instead. To get a de-fragmented frame, use `newframe = frame.copy()`
  df[f"{col}_pct_chg{w}"] = pct_chg
D:\AMINQT\AMINQT CODES\app\pipeline1\feature_engine_v35.py:728: PerformanceWarning: DataFrame is highly fragmented.  This is usually the result of calling `frame.insert` many times, which has poor performance.  Consider joining all columns at once using pd.concat(axis=1) instead. To get a de-fragmented frame, use `newframe = frame.copy()`
  df[f"{col}_chg{w}"] = abs_chg
D:\AMINQT\AMINQT CODES\app\pipeline1\feature_engine_v35.py:732: PerformanceWarning: DataFrame is highly fragmented.  This is usually the result of calling `frame.insert` many times, which has poor performance.  Consider joining all columns at once using pd.concat(axis=1) instead. To get a de-fragmented frame, use `newframe = frame.copy()`
  df[f"{col}_pct_chg{w}"] = pct_chg
D:\AMINQT\AMINQT CODES\app\pipeline1\feature_engine_v35.py:728: PerformanceWarning: DataFrame is highly fragmented.  This is usually the result of calling `frame.insert` many times, which has poor performance.  Consider joining all columns at once using pd.concat(axis=1) instead. To get a de-fragmented frame, use `newframe = frame.copy()`
  df[f"{col}_chg{w}"] = abs_chg
D:\AMINQT\AMINQT CODES\app\pipeline1\feature_engine_v35.py:732: PerformanceWarning: DataFrame is highly fragmented.  This is usually the result of calling `frame.insert` many times, which has poor performance.  Consider joining all columns at once using pd.concat(axis=1) instead. To get a de-fragmented frame, use `newframe = frame.copy()`
  df[f"{col}_pct_chg{w}"] = pct_chg
D:\AMINQT\AMINQT CODES\app\pipeline1\feature_engine_v35.py:728: PerformanceWarning: DataFrame is highly fragmented.  This is usually the result of calling `frame.insert` many times, which has poor performance.  Consider joining all columns at once using pd.concat(axis=1) instead. To get a de-fragmented frame, use `newframe = frame.copy()`
  df[f"{col}_chg{w}"] = abs_chg
D:\AMINQT\AMINQT CODES\app\pipeline1\feature_engine_v35.py:732: PerformanceWarning: DataFrame is highly fragmented.  This is usually the result of calling `frame.insert` many times, which has poor performance.  Consider joining all columns at once using pd.concat(axis=1) instead. To get a de-fragmented frame, use `newframe = frame.copy()`
  df[f"{col}_pct_chg{w}"] = pct_chg
D:\AMINQT\AMINQT CODES\app\pipeline1\feature_engine_v35.py:728: PerformanceWarning: DataFrame is highly fragmented.  This is usually the result of calling `frame.insert` many times, which has poor performance.  Consider joining all columns at once using pd.concat(axis=1) instead. To get a de-fragmented frame, use `newframe = frame.copy()`
  df[f"{col}_chg{w}"] = abs_chg
D:\AMINQT\AMINQT CODES\app\pipeline1\feature_engine_v35.py:732: PerformanceWarning: DataFrame is highly fragmented.  This is usually the result of calling `frame.insert` many times, which has poor performance.  Consider joining all columns at once using pd.concat(axis=1) instead. To get a de-fragmented frame, use `newframe = frame.copy()`
  df[f"{col}_pct_chg{w}"] = pct_chg
D:\AMINQT\AMINQT CODES\app\pipeline1\feature_engine_v35.py:728: PerformanceWarning: DataFrame is highly fragmented.  This is usually the result of calling `frame.insert` many times, which has poor performance.  Consider joining all columns at once using pd.concat(axis=1) instead. To get a de-fragmented frame, use `newframe = frame.copy()`
  df[f"{col}_chg{w}"] = abs_chg
D:\AMINQT\AMINQT CODES\app\pipeline1\feature_engine_v35.py:732: PerformanceWarning: DataFrame is highly fragmented.  This is usually the result of calling `frame.insert` many times, which has poor performance.  Consider joining all columns at once using pd.concat(axis=1) instead. To get a de-fragmented frame, use `newframe = frame.copy()`
  df[f"{col}_pct_chg{w}"] = pct_chg
D:\AMINQT\AMINQT CODES\app\pipeline1\feature_engine_v35.py:728: PerformanceWarning: DataFrame is highly fragmented.  This is usually the result of calling `frame.insert` many times, which has poor performance.  Consider joining all columns at once using pd.concat(axis=1) instead. To get a de-fragmented frame, use `newframe = frame.copy()`
  df[f"{col}_chg{w}"] = abs_chg
D:\AMINQT\AMINQT CODES\app\pipeline1\feature_engine_v35.py:732: PerformanceWarning: DataFrame is highly fragmented.  This is usually the result of calling `frame.insert` many times, which has poor performance.  Consider joining all columns at once using pd.concat(axis=1) instead. To get a de-fragmented frame, use `newframe = frame.copy()`
  df[f"{col}_pct_chg{w}"] = pct_chg
D:\AMINQT\AMINQT CODES\app\pipeline1\feature_engine_v35.py:728: PerformanceWarning: DataFrame is highly fragmented.  This is usually the result of calling `frame.insert` many times, which has poor performance.  Consider joining all columns at once using pd.concat(axis=1) instead. To get a de-fragmented frame, use `newframe = frame.copy()`
  df[f"{col}_chg{w}"] = abs_chg
D:\AMINQT\AMINQT CODES\app\pipeline1\feature_engine_v35.py:732: PerformanceWarning: DataFrame is highly fragmented.  This is usually the result of calling `frame.insert` many times, which has poor performance.  Consider joining all columns at once using pd.concat(axis=1) instead. To get a de-fragmented frame, use `newframe = frame.copy()`
  df[f"{col}_pct_chg{w}"] = pct_chg
D:\AMINQT\AMINQT CODES\app\pipeline1\feature_engine_v35.py:728: PerformanceWarning: DataFrame is highly fragmented.  This is usually the result of calling `frame.insert` many times, which has poor performance.  Consider joining all columns at once using pd.concat(axis=1) instead. To get a de-fragmented frame, use `newframe = frame.copy()`
  df[f"{col}_chg{w}"] = abs_chg
D:\AMINQT\AMINQT CODES\app\pipeline1\feature_engine_v35.py:732: PerformanceWarning: DataFrame is highly fragmented.  This is usually the result of calling `frame.insert` many times, which has poor performance.  Consider joining all columns at once using pd.concat(axis=1) instead. To get a de-fragmented frame, use `newframe = frame.copy()`
  df[f"{col}_pct_chg{w}"] = pct_chg
D:\AMINQT\AMINQT CODES\app\pipeline1\feature_engine_v35.py:728: PerformanceWarning: DataFrame is highly fragmented.  This is usually the result of calling `frame.insert` many times, which has poor performance.  Consider joining all columns at once using pd.concat(axis=1) instead. To get a de-fragmented frame, use `newframe = frame.copy()`
  df[f"{col}_chg{w}"] = abs_chg
D:\AMINQT\AMINQT CODES\app\pipeline1\feature_engine_v35.py:732: PerformanceWarning: DataFrame is highly fragmented.  This is usually the result of calling `frame.insert` many times, which has poor performance.  Consider joining all columns at once using pd.concat(axis=1) instead. To get a de-fragmented frame, use `newframe = frame.copy()`
  df[f"{col}_pct_chg{w}"] = pct_chg
D:\AMINQT\AMINQT CODES\app\pipeline1\feature_engine_v35.py:728: PerformanceWarning: DataFrame is highly fragmented.  This is usually the result of calling `frame.insert` many times, which has poor performance.  Consider joining all columns at once using pd.concat(axis=1) instead. To get a de-fragmented frame, use `newframe = frame.copy()`
  df[f"{col}_chg{w}"] = abs_chg
D:\AMINQT\AMINQT CODES\app\pipeline1\feature_engine_v35.py:732: PerformanceWarning: DataFrame is highly fragmented.  This is usually the result of calling `frame.insert` many times, which has poor performance.  Consider joining all columns at once using pd.concat(axis=1) instead. To get a de-fragmented frame, use `newframe = frame.copy()`
  df[f"{col}_pct_chg{w}"] = pct_chg
D:\AMINQT\AMINQT CODES\app\pipeline1\feature_engine_v35.py:728: PerformanceWarning: DataFrame is highly fragmented.  This is usually the result of calling `frame.insert` many times, which has poor performance.  Consider joining all columns at once using pd.concat(axis=1) instead. To get a de-fragmented frame, use `newframe = frame.copy()`
  df[f"{col}_chg{w}"] = abs_chg
D:\AMINQT\AMINQT CODES\app\pipeline1\feature_engine_v35.py:732: PerformanceWarning: DataFrame is highly fragmented.  This is usually the result of calling `frame.insert` many times, which has poor performance.  Consider joining all columns at once using pd.concat(axis=1) instead. To get a de-fragmented frame, use `newframe = frame.copy()`
  df[f"{col}_pct_chg{w}"] = pct_chg
D:\AMINQT\AMINQT CODES\app\pipeline1\feature_engine_v35.py:728: PerformanceWarning: DataFrame is highly fragmented.  This is usually the result of calling `frame.insert` many times, which has poor performance.  Consider joining all columns at once using pd.concat(axis=1) instead. To get a de-fragmented frame, use `newframe = frame.copy()`
  df[f"{col}_chg{w}"] = abs_chg
D:\AMINQT\AMINQT CODES\app\pipeline1\feature_engine_v35.py:732: PerformanceWarning: DataFrame is highly fragmented.  This is usually the result of calling `frame.insert` many times, which has poor performance.  Consider joining all columns at once using pd.concat(axis=1) instead. To get a de-fragmented frame, use `newframe = frame.copy()`
  df[f"{col}_pct_chg{w}"] = pct_chg
D:\AMINQT\AMINQT CODES\app\pipeline1\feature_engine_v35.py:728: PerformanceWarning: DataFrame is highly fragmented.  This is usually the result of calling `frame.insert` many times, which has poor performance.  Consider joining all columns at once using pd.concat(axis=1) instead. To get a de-fragmented frame, use `newframe = frame.copy()`
  df[f"{col}_chg{w}"] = abs_chg
D:\AMINQT\AMINQT CODES\app\pipeline1\feature_engine_v35.py:732: PerformanceWarning: DataFrame is highly fragmented.  This is usually the result of calling `frame.insert` many times, which has poor performance.  Consider joining all columns at once using pd.concat(axis=1) instead. To get a de-fragmented frame, use `newframe = frame.copy()`
  df[f"{col}_pct_chg{w}"] = pct_chg
D:\AMINQT\AMINQT CODES\app\pipeline1\feature_engine_v35.py:728: PerformanceWarning: DataFrame is highly fragmented.  This is usually the result of calling `frame.insert` many times, which has poor performance.  Consider joining all columns at once using pd.concat(axis=1) instead. To get a de-fragmented frame, use `newframe = frame.copy()`
  df[f"{col}_chg{w}"] = abs_chg
D:\AMINQT\AMINQT CODES\app\pipeline1\feature_engine_v35.py:732: PerformanceWarning: DataFrame is highly fragmented.  This is usually the result of calling `frame.insert` many times, which has poor performance.  Consider joining all columns at once using pd.concat(axis=1) instead. To get a de-fragmented frame, use `newframe = frame.copy()`
  df[f"{col}_pct_chg{w}"] = pct_chg
D:\AMINQT\AMINQT CODES\app\pipeline1\feature_engine_v35.py:728: PerformanceWarning: DataFrame is highly fragmented.  This is usually the result of calling `frame.insert` many times, which has poor performance.  Consider joining all columns at once using pd.concat(axis=1) instead. To get a de-fragmented frame, use `newframe = frame.copy()`
  df[f"{col}_chg{w}"] = abs_chg
D:\AMINQT\AMINQT CODES\app\pipeline1\feature_engine_v35.py:732: PerformanceWarning: DataFrame is highly fragmented.  This is usually the result of calling `frame.insert` many times, which has poor performance.  Consider joining all columns at once using pd.concat(axis=1) instead. To get a de-fragmented frame, use `newframe = frame.copy()`
  df[f"{col}_pct_chg{w}"] = pct_chg
D:\AMINQT\AMINQT CODES\app\pipeline1\feature_engine_v35.py:728: PerformanceWarning: DataFrame is highly fragmented.  This is usually the result of calling `frame.insert` many times, which has poor performance.  Consider joining all columns at once using pd.concat(axis=1) instead. To get a de-fragmented frame, use `newframe = frame.copy()`
  df[f"{col}_chg{w}"] = abs_chg
D:\AMINQT\AMINQT CODES\app\pipeline1\feature_engine_v35.py:732: PerformanceWarning: DataFrame is highly fragmented.  This is usually the result of calling `frame.insert` many times, which has poor performance.  Consider joining all columns at once using pd.concat(axis=1) instead. To get a de-fragmented frame, use `newframe = frame.copy()`
  df[f"{col}_pct_chg{w}"] = pct_chg
D:\AMINQT\AMINQT CODES\app\pipeline1\feature_engine_v35.py:728: PerformanceWarning: DataFrame is highly fragmented.  This is usually the result of calling `frame.insert` many times, which has poor performance.  Consider joining all columns at once using pd.concat(axis=1) instead. To get a de-fragmented frame, use `newframe = frame.copy()`
  df[f"{col}_chg{w}"] = abs_chg
D:\AMINQT\AMINQT CODES\app\pipeline1\feature_engine_v35.py:732: PerformanceWarning: DataFrame is highly fragmented.  This is usually the result of calling `frame.insert` many times, which has poor performance.  Consider joining all columns at once using pd.concat(axis=1) instead. To get a de-fragmented frame, use `newframe = frame.copy()`
  df[f"{col}_pct_chg{w}"] = pct_chg
D:\AMINQT\AMINQT CODES\app\pipeline1\feature_engine_v35.py:728: PerformanceWarning: DataFrame is highly fragmented.  This is usually the result of calling `frame.insert` many times, which has poor performance.  Consider joining all columns at once using pd.concat(axis=1) instead. To get a de-fragmented frame, use `newframe = frame.copy()`
  df[f"{col}_chg{w}"] = abs_chg
D:\AMINQT\AMINQT CODES\app\pipeline1\feature_engine_v35.py:732: PerformanceWarning: DataFrame is highly fragmented.  This is usually the result of calling `frame.insert` many times, which has poor performance.  Consider joining all columns at once using pd.concat(axis=1) instead. To get a de-fragmented frame, use `newframe = frame.copy()`
  df[f"{col}_pct_chg{w}"] = pct_chg
D:\AMINQT\AMINQT CODES\app\pipeline1\feature_engine_v35.py:728: PerformanceWarning: DataFrame is highly fragmented.  This is usually the result of calling `frame.insert` many times, which has poor performance.  Consider joining all columns at once using pd.concat(axis=1) instead. To get a de-fragmented frame, use `newframe = frame.copy()`
  df[f"{col}_chg{w}"] = abs_chg
D:\AMINQT\AMINQT CODES\app\pipeline1\feature_engine_v35.py:732: PerformanceWarning: DataFrame is highly fragmented.  This is usually the result of calling `frame.insert` many times, which has poor performance.  Consider joining all columns at once using pd.concat(axis=1) instead. To get a de-fragmented frame, use `newframe = frame.copy()`
  df[f"{col}_pct_chg{w}"] = pct_chg
2026-08-02 08:31:36,342 INFO [B_calc_only/dual] OOS 3d IC=-0.1240
2026-08-02 08:31:36,993 INFO === TRAIN C_calc_bundle: 85525 rows / 537 syms / 159 days ===
2026-08-02 08:33:05,530 INFO dim28: SW daily history loaded: 871577 rows, 428 indices
D:\AMINQT\AMINQT CODES\app\pipeline1\feature_engine_v35.py:728: PerformanceWarning: DataFrame is highly fragmented.  This is usually the result of calling `frame.insert` many times, which has poor performance.  Consider joining all columns at once using pd.concat(axis=1) instead. To get a de-fragmented frame, use `newframe = frame.copy()`
  df[f"{col}_chg{w}"] = abs_chg
D:\AMINQT\AMINQT CODES\app\pipeline1\feature_engine_v35.py:732: PerformanceWarning: DataFrame is highly fragmented.  This is usually the result of calling `frame.insert` many times, which has poor performance.  Consider joining all columns at once using pd.concat(axis=1) instead. To get a de-fragmented frame, use `newframe = frame.copy()`
  df[f"{col}_pct_chg{w}"] = pct_chg
D:\AMINQT\AMINQT CODES\app\pipeline1\feature_engine_v35.py:728: PerformanceWarning: DataFrame is highly fragmented.  This is usually the result of calling `frame.insert` many times, which has poor performance.  Consider joining all columns at once using pd.concat(axis=1) instead. To get a de-fragmented frame, use `newframe = frame.copy()`
  df[f"{col}_chg{w}"] = abs_chg
D:\AMINQT\AMINQT CODES\app\pipeline1\feature_engine_v35.py:732: PerformanceWarning: DataFrame is highly fragmented.  This is usually the result of calling `frame.insert` many times, which has poor performance.  Consider joining all columns at once using pd.concat(axis=1) instead. To get a de-fragmented frame, use `newframe = frame.copy()`
  df[f"{col}_pct_chg{w}"] = pct_chg
D:\AMINQT\AMINQT CODES\app\pipeline1\feature_engine_v35.py:728: PerformanceWarning: DataFrame is highly fragmented.  This is usually the result of calling `frame.insert` many times, which has poor performance.  Consider joining all columns at once using pd.concat(axis=1) instead. To get a de-fragmented frame, use `newframe = frame.copy()`
  df[f"{col}_chg{w}"] = abs_chg
D:\AMINQT\AMINQT CODES\app\pipeline1\feature_engine_v35.py:732: PerformanceWarning: DataFrame is highly fragmented.  This is usually the result of calling `frame.insert` many times, which has poor performance.  Consider joining all columns at once using pd.concat(axis=1) instead. To get a de-fragmented frame, use `newframe = frame.copy()`
  df[f"{col}_pct_chg{w}"] = pct_chg
D:\AMINQT\AMINQT CODES\app\pipeline1\feature_engine_v35.py:728: PerformanceWarning: DataFrame is highly fragmented.  This is usually the result of calling `frame.insert` many times, which has poor performance.  Consider joining all columns at once using pd.concat(axis=1) instead. To get a de-fragmented frame, use `newframe = frame.copy()`
  df[f"{col}_chg{w}"] = abs_chg
D:\AMINQT\AMINQT CODES\app\pipeline1\feature_engine_v35.py:732: PerformanceWarning: DataFrame is highly fragmented.  This is usually the result of calling `frame.insert` many times, which has poor performance.  Consider joining all columns at once using pd.concat(axis=1) instead. To get a de-fragmented frame, use `newframe = frame.copy()`
  df[f"{col}_pct_chg{w}"] = pct_chg
D:\AMINQT\AMINQT CODES\app\pipeline1\feature_engine_v35.py:728: PerformanceWarning: DataFrame is highly fragmented.  This is usually the result of calling `frame.insert` many times, which has poor performance.  Consider joining all columns at once using pd.concat(axis=1) instead. To get a de-fragmented frame, use `newframe = frame.copy()`
  df[f"{col}_chg{w}"] = abs_chg
D:\AMINQT\AMINQT CODES\app\pipeline1\feature_engine_v35.py:732: PerformanceWarning: DataFrame is highly fragmented.  This is usually the result of calling `frame.insert` many times, which has poor performance.  Consider joining all columns at once using pd.concat(axis=1) instead. To get a de-fragmented frame, use `newframe = frame.copy()`
  df[f"{col}_pct_chg{w}"] = pct_chg
D:\AMINQT\AMINQT CODES\app\pipeline1\feature_engine_v35.py:728: PerformanceWarning: DataFrame is highly fragmented.  This is usually the result of calling `frame.insert` many times, which has poor performance.  Consider joining all columns at once using pd.concat(axis=1) instead. To get a de-fragmented frame, use `newframe = frame.copy()`
  df[f"{col}_chg{w}"] = abs_chg
D:\AMINQT\AMINQT CODES\app\pipeline1\feature_engine_v35.py:732: PerformanceWarning: DataFrame is highly fragmented.  This is usually the result of calling `frame.insert` many times, which has poor performance.  Consider joining all columns at once using pd.concat(axis=1) instead. To get a de-fragmented frame, use `newframe = frame.copy()`
  df[f"{col}_pct_chg{w}"] = pct_chg
D:\AMINQT\AMINQT CODES\app\pipeline1\feature_engine_v35.py:728: PerformanceWarning: DataFrame is highly fragmented.  This is usually the result of calling `frame.insert` many times, which has poor performance.  Consider joining all columns at once using pd.concat(axis=1) instead. To get a de-fragmented frame, use `newframe = frame.copy()`
  df[f"{col}_chg{w}"] = abs_chg
D:\AMINQT\AMINQT CODES\app\pipeline1\feature_engine_v35.py:732: PerformanceWarning: DataFrame is highly fragmented.  This is usually the result of calling `frame.insert` many times, which has poor performance.  Consider joining all columns at once using pd.concat(axis=1) instead. To get a de-fragmented frame, use `newframe = frame.copy()`
  df[f"{col}_pct_chg{w}"] = pct_chg
D:\AMINQT\AMINQT CODES\app\pipeline1\feature_engine_v35.py:728: PerformanceWarning: DataFrame is highly fragmented.  This is usually the result of calling `frame.insert` many times, which has poor performance.  Consider joining all columns at once using pd.concat(axis=1) instead. To get a de-fragmented frame, use `newframe = frame.copy()`
  df[f"{col}_chg{w}"] = abs_chg
D:\AMINQT\AMINQT CODES\app\pipeline1\feature_engine_v35.py:732: PerformanceWarning: DataFrame is highly fragmented.  This is usually the result of calling `frame.insert` many times, which has poor performance.  Consider joining all columns at once using pd.concat(axis=1) instead. To get a de-fragmented frame, use `newframe = frame.copy()`
  df[f"{col}_pct_chg{w}"] = pct_chg
D:\AMINQT\AMINQT CODES\app\pipeline1\feature_engine_v35.py:728: PerformanceWarning: DataFrame is highly fragmented.  This is usually the result of calling `frame.insert` many times, which has poor performance.  Consider joining all columns at once using pd.concat(axis=1) instead. To get a de-fragmented frame, use `newframe = frame.copy()`
  df[f"{col}_chg{w}"] = abs_chg
D:\AMINQT\AMINQT CODES\app\pipeline1\feature_engine_v35.py:732: PerformanceWarning: DataFrame is highly fragmented.  This is usually the result of calling `frame.insert` many times, which has poor performance.  Consider joining all columns at once using pd.concat(axis=1) instead. To get a de-fragmented frame, use `newframe = frame.copy()`
  df[f"{col}_pct_chg{w}"] = pct_chg
D:\AMINQT\AMINQT CODES\app\pipeline1\feature_engine_v35.py:728: PerformanceWarning: DataFrame is highly fragmented.  This is usually the result of calling `frame.insert` many times, which has poor performance.  Consider joining all columns at once using pd.concat(axis=1) instead. To get a de-fragmented frame, use `newframe = frame.copy()`
  df[f"{col}_chg{w}"] = abs_chg
D:\AMINQT\AMINQT CODES\app\pipeline1\feature_engine_v35.py:732: PerformanceWarning: DataFrame is highly fragmented.  This is usually the result of calling `frame.insert` many times, which has poor performance.  Consider joining all columns at once using pd.concat(axis=1) instead. To get a de-fragmented frame, use `newframe = frame.copy()`
  df[f"{col}_pct_chg{w}"] = pct_chg
D:\AMINQT\AMINQT CODES\app\pipeline1\feature_engine_v35.py:728: PerformanceWarning: DataFrame is highly fragmented.  This is usually the result of calling `frame.insert` many times, which has poor performance.  Consider joining all columns at once using pd.concat(axis=1) instead. To get a de-fragmented frame, use `newframe = frame.copy()`
  df[f"{col}_chg{w}"] = abs_chg
D:\AMINQT\AMINQT CODES\app\pipeline1\feature_engine_v35.py:732: PerformanceWarning: DataFrame is highly fragmented.  This is usually the result of calling `frame.insert` many times, which has poor performance.  Consider joining all columns at once using pd.concat(axis=1) instead. To get a de-fragmented frame, use `newframe = frame.copy()`
  df[f"{col}_pct_chg{w}"] = pct_chg
D:\AMINQT\AMINQT CODES\app\pipeline1\feature_engine_v35.py:728: PerformanceWarning: DataFrame is highly fragmented.  This is usually the result of calling `frame.insert` many times, which has poor performance.  Consider joining all columns at once using pd.concat(axis=1) instead. To get a de-fragmented frame, use `newframe = frame.copy()`
  df[f"{col}_chg{w}"] = abs_chg
D:\AMINQT\AMINQT CODES\app\pipeline1\feature_engine_v35.py:732: PerformanceWarning: DataFrame is highly fragmented.  This is usually the result of calling `frame.insert` many times, which has poor performance.  Consider joining all columns at once using pd.concat(axis=1) instead. To get a de-fragmented frame, use `newframe = frame.copy()`
  df[f"{col}_pct_chg{w}"] = pct_chg
D:\AMINQT\AMINQT CODES\app\pipeline1\feature_engine_v35.py:728: PerformanceWarning: DataFrame is highly fragmented.  This is usually the result of calling `frame.insert` many times, which has poor performance.  Consider joining all columns at once using pd.concat(axis=1) instead. To get a de-fragmented frame, use `newframe = frame.copy()`
  df[f"{col}_chg{w}"] = abs_chg
D:\AMINQT\AMINQT CODES\app\pipeline1\feature_engine_v35.py:732: PerformanceWarning: DataFrame is highly fragmented.  This is usually the result of calling `frame.insert` many times, which has poor performance.  Consider joining all columns at once using pd.concat(axis=1) instead. To get a de-fragmented frame, use `newframe = frame.copy()`
  df[f"{col}_pct_chg{w}"] = pct_chg
D:\AMINQT\AMINQT CODES\app\pipeline1\feature_engine_v35.py:728: PerformanceWarning: DataFrame is highly fragmented.  This is usually the result of calling `frame.insert` many times, which has poor performance.  Consider joining all columns at once using pd.concat(axis=1) instead. To get a de-fragmented frame, use `newframe = frame.copy()`
  df[f"{col}_chg{w}"] = abs_chg
D:\AMINQT\AMINQT CODES\app\pipeline1\feature_engine_v35.py:732: PerformanceWarning: DataFrame is highly fragmented.  This is usually the result of calling `frame.insert` many times, which has poor performance.  Consider joining all columns at once using pd.concat(axis=1) instead. To get a de-fragmented frame, use `newframe = frame.copy()`
  df[f"{col}_pct_chg{w}"] = pct_chg
D:\AMINQT\AMINQT CODES\app\pipeline1\feature_engine_v35.py:728: PerformanceWarning: DataFrame is highly fragmented.  This is usually the result of calling `frame.insert` many times, which has poor performance.  Consider joining all columns at once using pd.concat(axis=1) instead. To get a de-fragmented frame, use `newframe = frame.copy()`
  df[f"{col}_chg{w}"] = abs_chg
D:\AMINQT\AMINQT CODES\app\pipeline1\feature_engine_v35.py:732: PerformanceWarning: DataFrame is highly fragmented.  This is usually the result of calling `frame.insert` many times, which has poor performance.  Consider joining all columns at once using pd.concat(axis=1) instead. To get a de-fragmented frame, use `newframe = frame.copy()`
  df[f"{col}_pct_chg{w}"] = pct_chg
D:\AMINQT\AMINQT CODES\app\pipeline1\feature_engine_v35.py:728: PerformanceWarning: DataFrame is highly fragmented.  This is usually the result of calling `frame.insert` many times, which has poor performance.  Consider joining all columns at once using pd.concat(axis=1) instead. To get a de-fragmented frame, use `newframe = frame.copy()`
  df[f"{col}_chg{w}"] = abs_chg
D:\AMINQT\AMINQT CODES\app\pipeline1\feature_engine_v35.py:732: PerformanceWarning: DataFrame is highly fragmented.  This is usually the result of calling `frame.insert` many times, which has poor performance.  Consider joining all columns at once using pd.concat(axis=1) instead. To get a de-fragmented frame, use `newframe = frame.copy()`
  df[f"{col}_pct_chg{w}"] = pct_chg
D:\AMINQT\AMINQT CODES\app\pipeline1\feature_engine_v35.py:728: PerformanceWarning: DataFrame is highly fragmented.  This is usually the result of calling `frame.insert` many times, which has poor performance.  Consider joining all columns at once using pd.concat(axis=1) instead. To get a de-fragmented frame, use `newframe = frame.copy()`
  df[f"{col}_chg{w}"] = abs_chg
D:\AMINQT\AMINQT CODES\app\pipeline1\feature_engine_v35.py:732: PerformanceWarning: DataFrame is highly fragmented.  This is usually the result of calling `frame.insert` many times, which has poor performance.  Consider joining all columns at once using pd.concat(axis=1) instead. To get a de-fragmented frame, use `newframe = frame.copy()`
  df[f"{col}_pct_chg{w}"] = pct_chg
D:\AMINQT\AMINQT CODES\app\pipeline1\feature_engine_v35.py:728: PerformanceWarning: DataFrame is highly fragmented.  This is usually the result of calling `frame.insert` many times, which has poor performance.  Consider joining all columns at once using pd.concat(axis=1) instead. To get a de-fragmented frame, use `newframe = frame.copy()`
  df[f"{col}_chg{w}"] = abs_chg
D:\AMINQT\AMINQT CODES\app\pipeline1\feature_engine_v35.py:732: PerformanceWarning: DataFrame is highly fragmented.  This is usually the result of calling `frame.insert` many times, which has poor performance.  Consider joining all columns at once using pd.concat(axis=1) instead. To get a de-fragmented frame, use `newframe = frame.copy()`
  df[f"{col}_pct_chg{w}"] = pct_chg
D:\AMINQT\AMINQT CODES\app\pipeline1\feature_engine_v35.py:728: PerformanceWarning: DataFrame is highly fragmented.  This is usually the result of calling `frame.insert` many times, which has poor performance.  Consider joining all columns at once using pd.concat(axis=1) instead. To get a de-fragmented frame, use `newframe = frame.copy()`
  df[f"{col}_chg{w}"] = abs_chg
D:\AMINQT\AMINQT CODES\app\pipeline1\feature_engine_v35.py:732: PerformanceWarning: DataFrame is highly fragmented.  This is usually the result of calling `frame.insert` many times, which has poor performance.  Consider joining all columns at once using pd.concat(axis=1) instead. To get a de-fragmented frame, use `newframe = frame.copy()`
  df[f"{col}_pct_chg{w}"] = pct_chg
D:\AMINQT\AMINQT CODES\app\pipeline1\feature_engine_v35.py:728: PerformanceWarning: DataFrame is highly fragmented.  This is usually the result of calling `frame.insert` many times, which has poor performance.  Consider joining all columns at once using pd.concat(axis=1) instead. To get a de-fragmented frame, use `newframe = frame.copy()`
  df[f"{col}_chg{w}"] = abs_chg
D:\AMINQT\AMINQT CODES\app\pipeline1\feature_engine_v35.py:732: PerformanceWarning: DataFrame is highly fragmented.  This is usually the result of calling `frame.insert` many times, which has poor performance.  Consider joining all columns at once using pd.concat(axis=1) instead. To get a de-fragmented frame, use `newframe = frame.copy()`
  df[f"{col}_pct_chg{w}"] = pct_chg
D:\AMINQT\AMINQT CODES\app\pipeline1\feature_engine_v35.py:728: PerformanceWarning: DataFrame is highly fragmented.  This is usually the result of calling `frame.insert` many times, which has poor performance.  Consider joining all columns at once using pd.concat(axis=1) instead. To get a de-fragmented frame, use `newframe = frame.copy()`
  df[f"{col}_chg{w}"] = abs_chg
D:\AMINQT\AMINQT CODES\app\pipeline1\feature_engine_v35.py:732: PerformanceWarning: DataFrame is highly fragmented.  This is usually the result of calling `frame.insert` many times, which has poor performance.  Consider joining all columns at once using pd.concat(axis=1) instead. To get a de-fragmented frame, use `newframe = frame.copy()`
  df[f"{col}_pct_chg{w}"] = pct_chg
D:\AMINQT\AMINQT CODES\app\pipeline1\feature_engine_v35.py:728: PerformanceWarning: DataFrame is highly fragmented.  This is usually the result of calling `frame.insert` many times, which has poor performance.  Consider joining all columns at once using pd.concat(axis=1) instead. To get a de-fragmented frame, use `newframe = frame.copy()`
  df[f"{col}_chg{w}"] = abs_chg
D:\AMINQT\AMINQT CODES\app\pipeline1\feature_engine_v35.py:732: PerformanceWarning: DataFrame is highly fragmented.  This is usually the result of calling `frame.insert` many times, which has poor performance.  Consider joining all columns at once using pd.concat(axis=1) instead. To get a de-fragmented frame, use `newframe = frame.copy()`
  df[f"{col}_pct_chg{w}"] = pct_chg
D:\AMINQT\AMINQT CODES\app\pipeline1\feature_engine_v35.py:728: PerformanceWarning: DataFrame is highly fragmented.  This is usually the result of calling `frame.insert` many times, which has poor performance.  Consider joining all columns at once using pd.concat(axis=1) instead. To get a de-fragmented frame, use `newframe = frame.copy()`
  df[f"{col}_chg{w}"] = abs_chg
D:\AMINQT\AMINQT CODES\app\pipeline1\feature_engine_v35.py:732: PerformanceWarning: DataFrame is highly fragmented.  This is usually the result of calling `frame.insert` many times, which has poor performance.  Consider joining all columns at once using pd.concat(axis=1) instead. To get a de-fragmented frame, use `newframe = frame.copy()`
  df[f"{col}_pct_chg{w}"] = pct_chg
2026-08-02 08:33:36,310 WARNING [main] NaN+类型预筛剔除 57/563 因子, 保留 506
2026-08-02 08:33:36,310 INFO [main] 无 FeatureSelector, 使用全量 506 特征
2026-08-02 08:35:46,033 INFO dim28: SW daily history loaded: 871577 rows, 428 indices
D:\AMINQT\AMINQT CODES\app\pipeline1\feature_engine_v35.py:728: PerformanceWarning: DataFrame is highly fragmented.  This is usually the result of calling `frame.insert` many times, which has poor performance.  Consider joining all columns at once using pd.concat(axis=1) instead. To get a de-fragmented frame, use `newframe = frame.copy()`
  df[f"{col}_chg{w}"] = abs_chg
D:\AMINQT\AMINQT CODES\app\pipeline1\feature_engine_v35.py:732: PerformanceWarning: DataFrame is highly fragmented.  This is usually the result of calling `frame.insert` many times, which has poor performance.  Consider joining all columns at once using pd.concat(axis=1) instead. To get a de-fragmented frame, use `newframe = frame.copy()`
  df[f"{col}_pct_chg{w}"] = pct_chg
D:\AMINQT\AMINQT CODES\app\pipeline1\feature_engine_v35.py:728: PerformanceWarning: DataFrame is highly fragmented.  This is usually the result of calling `frame.insert` many times, which has poor performance.  Consider joining all columns at once using pd.concat(axis=1) instead. To get a de-fragmented frame, use `newframe = frame.copy()`
  df[f"{col}_chg{w}"] = abs_chg
D:\AMINQT\AMINQT CODES\app\pipeline1\feature_engine_v35.py:732: PerformanceWarning: DataFrame is highly fragmented.  This is usually the result of calling `frame.insert` many times, which has poor performance.  Consider joining all columns at once using pd.concat(axis=1) instead. To get a de-fragmented frame, use `newframe = frame.copy()`
  df[f"{col}_pct_chg{w}"] = pct_chg
D:\AMINQT\AMINQT CODES\app\pipeline1\feature_engine_v35.py:728: PerformanceWarning: DataFrame is highly fragmented.  This is usually the result of calling `frame.insert` many times, which has poor performance.  Consider joining all columns at once using pd.concat(axis=1) instead. To get a de-fragmented frame, use `newframe = frame.copy()`
  df[f"{col}_chg{w}"] = abs_chg
D:\AMINQT\AMINQT CODES\app\pipeline1\feature_engine_v35.py:732: PerformanceWarning: DataFrame is highly fragmented.  This is usually the result of calling `frame.insert` many times, which has poor performance.  Consider joining all columns at once using pd.concat(axis=1) instead. To get a de-fragmented frame, use `newframe = frame.copy()`
  df[f"{col}_pct_chg{w}"] = pct_chg
D:\AMINQT\AMINQT CODES\app\pipeline1\feature_engine_v35.py:728: PerformanceWarning: DataFrame is highly fragmented.  This is usually the result of calling `frame.insert` many times, which has poor performance.  Consider joining all columns at once using pd.concat(axis=1) instead. To get a de-fragmented frame, use `newframe = frame.copy()`
  df[f"{col}_chg{w}"] = abs_chg
D:\AMINQT\AMINQT CODES\app\pipeline1\feature_engine_v35.py:732: PerformanceWarning: DataFrame is highly fragmented.  This is usually the result of calling `frame.insert` many times, which has poor performance.  Consider joining all columns at once using pd.concat(axis=1) instead. To get a de-fragmented frame, use `newframe = frame.copy()`
  df[f"{col}_pct_chg{w}"] = pct_chg
D:\AMINQT\AMINQT CODES\app\pipeline1\feature_engine_v35.py:728: PerformanceWarning: DataFrame is highly fragmented.  This is usually the result of calling `frame.insert` many times, which has poor performance.  Consider joining all columns at once using pd.concat(axis=1) instead. To get a de-fragmented frame, use `newframe = frame.copy()`
  df[f"{col}_chg{w}"] = abs_chg
D:\AMINQT\AMINQT CODES\app\pipeline1\feature_engine_v35.py:732: PerformanceWarning: DataFrame is highly fragmented.  This is usually the result of calling `frame.insert` many times, which has poor performance.  Consider joining all columns at once using pd.concat(axis=1) instead. To get a de-fragmented frame, use `newframe = frame.copy()`
  df[f"{col}_pct_chg{w}"] = pct_chg
D:\AMINQT\AMINQT CODES\app\pipeline1\feature_engine_v35.py:728: PerformanceWarning: DataFrame is highly fragmented.  This is usually the result of calling `frame.insert` many times, which has poor performance.  Consider joining all columns at once using pd.concat(axis=1) instead. To get a de-fragmented frame, use `newframe = frame.copy()`
  df[f"{col}_chg{w}"] = abs_chg
D:\AMINQT\AMINQT CODES\app\pipeline1\feature_engine_v35.py:732: PerformanceWarning: DataFrame is highly fragmented.  This is usually the result of calling `frame.insert` many times, which has poor performance.  Consider joining all columns at once using pd.concat(axis=1) instead. To get a de-fragmented frame, use `newframe = frame.copy()`
  df[f"{col}_pct_chg{w}"] = pct_chg
D:\AMINQT\AMINQT CODES\app\pipeline1\feature_engine_v35.py:728: PerformanceWarning: DataFrame is highly fragmented.  This is usually the result of calling `frame.insert` many times, which has poor performance.  Consider joining all columns at once using pd.concat(axis=1) instead. To get a de-fragmented frame, use `newframe = frame.copy()`
  df[f"{col}_chg{w}"] = abs_chg
D:\AMINQT\AMINQT CODES\app\pipeline1\feature_engine_v35.py:732: PerformanceWarning: DataFrame is highly fragmented.  This is usually the result of calling `frame.insert` many times, which has poor performance.  Consider joining all columns at once using pd.concat(axis=1) instead. To get a de-fragmented frame, use `newframe = frame.copy()`
  df[f"{col}_pct_chg{w}"] = pct_chg
D:\AMINQT\AMINQT CODES\app\pipeline1\feature_engine_v35.py:728: PerformanceWarning: DataFrame is highly fragmented.  This is usually the result of calling `frame.insert` many times, which has poor performance.  Consider joining all columns at once using pd.concat(axis=1) instead. To get a de-fragmented frame, use `newframe = frame.copy()`
  df[f"{col}_chg{w}"] = abs_chg
D:\AMINQT\AMINQT CODES\app\pipeline1\feature_engine_v35.py:732: PerformanceWarning: DataFrame is highly fragmented.  This is usually the result of calling `frame.insert` many times, which has poor performance.  Consider joining all columns at once using pd.concat(axis=1) instead. To get a de-fragmented frame, use `newframe = frame.copy()`
  df[f"{col}_pct_chg{w}"] = pct_chg
D:\AMINQT\AMINQT CODES\app\pipeline1\feature_engine_v35.py:728: PerformanceWarning: DataFrame is highly fragmented.  This is usually the result of calling `frame.insert` many times, which has poor performance.  Consider joining all columns at once using pd.concat(axis=1) instead. To get a de-fragmented frame, use `newframe = frame.copy()`
  df[f"{col}_chg{w}"] = abs_chg
D:\AMINQT\AMINQT CODES\app\pipeline1\feature_engine_v35.py:732: PerformanceWarning: DataFrame is highly fragmented.  This is usually the result of calling `frame.insert` many times, which has poor performance.  Consider joining all columns at once using pd.concat(axis=1) instead. To get a de-fragmented frame, use `newframe = frame.copy()`
  df[f"{col}_pct_chg{w}"] = pct_chg
D:\AMINQT\AMINQT CODES\app\pipeline1\feature_engine_v35.py:728: PerformanceWarning: DataFrame is highly fragmented.  This is usually the result of calling `frame.insert` many times, which has poor performance.  Consider joining all columns at once using pd.concat(axis=1) instead. To get a de-fragmented frame, use `newframe = frame.copy()`
  df[f"{col}_chg{w}"] = abs_chg
D:\AMINQT\AMINQT CODES\app\pipeline1\feature_engine_v35.py:732: PerformanceWarning: DataFrame is highly fragmented.  This is usually the result of calling `frame.insert` many times, which has poor performance.  Consider joining all columns at once using pd.concat(axis=1) instead. To get a de-fragmented frame, use `newframe = frame.copy()`
  df[f"{col}_pct_chg{w}"] = pct_chg
D:\AMINQT\AMINQT CODES\app\pipeline1\feature_engine_v35.py:728: PerformanceWarning: DataFrame is highly fragmented.  This is usually the result of calling `frame.insert` many times, which has poor performance.  Consider joining all columns at once using pd.concat(axis=1) instead. To get a de-fragmented frame, use `newframe = frame.copy()`
  df[f"{col}_chg{w}"] = abs_chg
D:\AMINQT\AMINQT CODES\app\pipeline1\feature_engine_v35.py:732: PerformanceWarning: DataFrame is highly fragmented.  This is usually the result of calling `frame.insert` many times, which has poor performance.  Consider joining all columns at once using pd.concat(axis=1) instead. To get a de-fragmented frame, use `newframe = frame.copy()`
  df[f"{col}_pct_chg{w}"] = pct_chg
D:\AMINQT\AMINQT CODES\app\pipeline1\feature_engine_v35.py:728: PerformanceWarning: DataFrame is highly fragmented.  This is usually the result of calling `frame.insert` many times, which has poor performance.  Consider joining all columns at once using pd.concat(axis=1) instead. To get a de-fragmented frame, use `newframe = frame.copy()`
  df[f"{col}_chg{w}"] = abs_chg
D:\AMINQT\AMINQT CODES\app\pipeline1\feature_engine_v35.py:732: PerformanceWarning: DataFrame is highly fragmented.  This is usually the result of calling `frame.insert` many times, which has poor performance.  Consider joining all columns at once using pd.concat(axis=1) instead. To get a de-fragmented frame, use `newframe = frame.copy()`
  df[f"{col}_pct_chg{w}"] = pct_chg
D:\AMINQT\AMINQT CODES\app\pipeline1\feature_engine_v35.py:728: PerformanceWarning: DataFrame is highly fragmented.  This is usually the result of calling `frame.insert` many times, which has poor performance.  Consider joining all columns at once using pd.concat(axis=1) instead. To get a de-fragmented frame, use `newframe = frame.copy()`
  df[f"{col}_chg{w}"] = abs_chg
D:\AMINQT\AMINQT CODES\app\pipeline1\feature_engine_v35.py:732: PerformanceWarning: DataFrame is highly fragmented.  This is usually the result of calling `frame.insert` many times, which has poor performance.  Consider joining all columns at once using pd.concat(axis=1) instead. To get a de-fragmented frame, use `newframe = frame.copy()`
  df[f"{col}_pct_chg{w}"] = pct_chg
D:\AMINQT\AMINQT CODES\app\pipeline1\feature_engine_v35.py:728: PerformanceWarning: DataFrame is highly fragmented.  This is usually the result of calling `frame.insert` many times, which has poor performance.  Consider joining all columns at once using pd.concat(axis=1) instead. To get a de-fragmented frame, use `newframe = frame.copy()`
  df[f"{col}_chg{w}"] = abs_chg
D:\AMINQT\AMINQT CODES\app\pipeline1\feature_engine_v35.py:732: PerformanceWarning: DataFrame is highly fragmented.  This is usually the result of calling `frame.insert` many times, which has poor performance.  Consider joining all columns at once using pd.concat(axis=1) instead. To get a de-fragmented frame, use `newframe = frame.copy()`
  df[f"{col}_pct_chg{w}"] = pct_chg
D:\AMINQT\AMINQT CODES\app\pipeline1\feature_engine_v35.py:728: PerformanceWarning: DataFrame is highly fragmented.  This is usually the result of calling `frame.insert` many times, which has poor performance.  Consider joining all columns at once using pd.concat(axis=1) instead. To get a de-fragmented frame, use `newframe = frame.copy()`
  df[f"{col}_chg{w}"] = abs_chg
D:\AMINQT\AMINQT CODES\app\pipeline1\feature_engine_v35.py:732: PerformanceWarning: DataFrame is highly fragmented.  This is usually the result of calling `frame.insert` many times, which has poor performance.  Consider joining all columns at once using pd.concat(axis=1) instead. To get a de-fragmented frame, use `newframe = frame.copy()`
  df[f"{col}_pct_chg{w}"] = pct_chg
D:\AMINQT\AMINQT CODES\app\pipeline1\feature_engine_v35.py:728: PerformanceWarning: DataFrame is highly fragmented.  This is usually the result of calling `frame.insert` many times, which has poor performance.  Consider joining all columns at once using pd.concat(axis=1) instead. To get a de-fragmented frame, use `newframe = frame.copy()`
  df[f"{col}_chg{w}"] = abs_chg
D:\AMINQT\AMINQT CODES\app\pipeline1\feature_engine_v35.py:732: PerformanceWarning: DataFrame is highly fragmented.  This is usually the result of calling `frame.insert` many times, which has poor performance.  Consider joining all columns at once using pd.concat(axis=1) instead. To get a de-fragmented frame, use `newframe = frame.copy()`
  df[f"{col}_pct_chg{w}"] = pct_chg
D:\AMINQT\AMINQT CODES\app\pipeline1\feature_engine_v35.py:728: PerformanceWarning: DataFrame is highly fragmented.  This is usually the result of calling `frame.insert` many times, which has poor performance.  Consider joining all columns at once using pd.concat(axis=1) instead. To get a de-fragmented frame, use `newframe = frame.copy()`
  df[f"{col}_chg{w}"] = abs_chg
D:\AMINQT\AMINQT CODES\app\pipeline1\feature_engine_v35.py:732: PerformanceWarning: DataFrame is highly fragmented.  This is usually the result of calling `frame.insert` many times, which has poor performance.  Consider joining all columns at once using pd.concat(axis=1) instead. To get a de-fragmented frame, use `newframe = frame.copy()`
  df[f"{col}_pct_chg{w}"] = pct_chg
D:\AMINQT\AMINQT CODES\app\pipeline1\feature_engine_v35.py:728: PerformanceWarning: DataFrame is highly fragmented.  This is usually the result of calling `frame.insert` many times, which has poor performance.  Consider joining all columns at once using pd.concat(axis=1) instead. To get a de-fragmented frame, use `newframe = frame.copy()`
  df[f"{col}_chg{w}"] = abs_chg
D:\AMINQT\AMINQT CODES\app\pipeline1\feature_engine_v35.py:732: PerformanceWarning: DataFrame is highly fragmented.  This is usually the result of calling `frame.insert` many times, which has poor performance.  Consider joining all columns at once using pd.concat(axis=1) instead. To get a de-fragmented frame, use `newframe = frame.copy()`
  df[f"{col}_pct_chg{w}"] = pct_chg
D:\AMINQT\AMINQT CODES\app\pipeline1\feature_engine_v35.py:728: PerformanceWarning: DataFrame is highly fragmented.  This is usually the result of calling `frame.insert` many times, which has poor performance.  Consider joining all columns at once using pd.concat(axis=1) instead. To get a de-fragmented frame, use `newframe = frame.copy()`
  df[f"{col}_chg{w}"] = abs_chg
D:\AMINQT\AMINQT CODES\app\pipeline1\feature_engine_v35.py:732: PerformanceWarning: DataFrame is highly fragmented.  This is usually the result of calling `frame.insert` many times, which has poor performance.  Consider joining all columns at once using pd.concat(axis=1) instead. To get a de-fragmented frame, use `newframe = frame.copy()`
  df[f"{col}_pct_chg{w}"] = pct_chg
D:\AMINQT\AMINQT CODES\app\pipeline1\feature_engine_v35.py:728: PerformanceWarning: DataFrame is highly fragmented.  This is usually the result of calling `frame.insert` many times, which has poor performance.  Consider joining all columns at once using pd.concat(axis=1) instead. To get a de-fragmented frame, use `newframe = frame.copy()`
  df[f"{col}_chg{w}"] = abs_chg
D:\AMINQT\AMINQT CODES\app\pipeline1\feature_engine_v35.py:732: PerformanceWarning: DataFrame is highly fragmented.  This is usually the result of calling `frame.insert` many times, which has poor performance.  Consider joining all columns at once using pd.concat(axis=1) instead. To get a de-fragmented frame, use `newframe = frame.copy()`
  df[f"{col}_pct_chg{w}"] = pct_chg
D:\AMINQT\AMINQT CODES\app\pipeline1\feature_engine_v35.py:728: PerformanceWarning: DataFrame is highly fragmented.  This is usually the result of calling `frame.insert` many times, which has poor performance.  Consider joining all columns at once using pd.concat(axis=1) instead. To get a de-fragmented frame, use `newframe = frame.copy()`
  df[f"{col}_chg{w}"] = abs_chg
D:\AMINQT\AMINQT CODES\app\pipeline1\feature_engine_v35.py:732: PerformanceWarning: DataFrame is highly fragmented.  This is usually the result of calling `frame.insert` many times, which has poor performance.  Consider joining all columns at once using pd.concat(axis=1) instead. To get a de-fragmented frame, use `newframe = frame.copy()`
  df[f"{col}_pct_chg{w}"] = pct_chg
D:\AMINQT\AMINQT CODES\app\pipeline1\feature_engine_v35.py:728: PerformanceWarning: DataFrame is highly fragmented.  This is usually the result of calling `frame.insert` many times, which has poor performance.  Consider joining all columns at once using pd.concat(axis=1) instead. To get a de-fragmented frame, use `newframe = frame.copy()`
  df[f"{col}_chg{w}"] = abs_chg
D:\AMINQT\AMINQT CODES\app\pipeline1\feature_engine_v35.py:732: PerformanceWarning: DataFrame is highly fragmented.  This is usually the result of calling `frame.insert` many times, which has poor performance.  Consider joining all columns at once using pd.concat(axis=1) instead. To get a de-fragmented frame, use `newframe = frame.copy()`
  df[f"{col}_pct_chg{w}"] = pct_chg
D:\AMINQT\AMINQT CODES\app\pipeline1\feature_engine_v35.py:728: PerformanceWarning: DataFrame is highly fragmented.  This is usually the result of calling `frame.insert` many times, which has poor performance.  Consider joining all columns at once using pd.concat(axis=1) instead. To get a de-fragmented frame, use `newframe = frame.copy()`
  df[f"{col}_chg{w}"] = abs_chg
D:\AMINQT\AMINQT CODES\app\pipeline1\feature_engine_v35.py:732: PerformanceWarning: DataFrame is highly fragmented.  This is usually the result of calling `frame.insert` many times, which has poor performance.  Consider joining all columns at once using pd.concat(axis=1) instead. To get a de-fragmented frame, use `newframe = frame.copy()`
  df[f"{col}_pct_chg{w}"] = pct_chg
2026-08-02 08:36:27,329 WARNING [dual] NaN+类型预筛剔除 55/590 因子, 保留 535
2026-08-02 08:36:27,329 INFO [dual] 无 FeatureSelector, 使用全量 535 特征
2026-08-02 08:36:27,332 INFO 窗口切分: total=159 train=460 es=20 calib=20 test=60
2026-08-02 08:36:28,471 WARNING [3d_reg/label_pm_3d_net] ES 集仅 0 交易日 (< 20), 跳过早停
2026-08-02 08:37:38,090 INFO [main] 3d_reg 训练完成, 样本 28641
2026-08-02 08:37:39,546 INFO 窗口切分: total=159 train=460 es=20 calib=20 test=60
2026-08-02 08:37:41,489 WARNING [3d_reg/label_pm_3d_net] ES 集仅 0 交易日 (< 20), 跳过早停
2026-08-02 08:39:05,742 INFO [dual] 3d_reg 训练完成, 样本 36417
2026-08-02 08:39:07,437 INFO [main] 模型包 data/_ab_cyq_models\main_ab_c_bundle.pkl | OOS weighted_IC=0.3278 | switched=True
2026-08-02 08:39:07,437 INFO [dual] 模型包 data/_ab_cyq_models\dual_ab_c_bundle.pkl | OOS weighted_IC=0.3162 | switched=True
2026-08-02 08:41:13,849 INFO dim28: SW daily history loaded: 871577 rows, 428 indices
D:\AMINQT\AMINQT CODES\app\pipeline1\feature_engine_v35.py:728: PerformanceWarning: DataFrame is highly fragmented.  This is usually the result of calling `frame.insert` many times, which has poor performance.  Consider joining all columns at once using pd.concat(axis=1) instead. To get a de-fragmented frame, use `newframe = frame.copy()`
  df[f"{col}_chg{w}"] = abs_chg
D:\AMINQT\AMINQT CODES\app\pipeline1\feature_engine_v35.py:732: PerformanceWarning: DataFrame is highly fragmented.  This is usually the result of calling `frame.insert` many times, which has poor performance.  Consider joining all columns at once using pd.concat(axis=1) instead. To get a de-fragmented frame, use `newframe = frame.copy()`
  df[f"{col}_pct_chg{w}"] = pct_chg
D:\AMINQT\AMINQT CODES\app\pipeline1\feature_engine_v35.py:728: PerformanceWarning: DataFrame is highly fragmented.  This is usually the result of calling `frame.insert` many times, which has poor performance.  Consider joining all columns at once using pd.concat(axis=1) instead. To get a de-fragmented frame, use `newframe = frame.copy()`
  df[f"{col}_chg{w}"] = abs_chg
D:\AMINQT\AMINQT CODES\app\pipeline1\feature_engine_v35.py:732: PerformanceWarning: DataFrame is highly fragmented.  This is usually the result of calling `frame.insert` many times, which has poor performance.  Consider joining all columns at once using pd.concat(axis=1) instead. To get a de-fragmented frame, use `newframe = frame.copy()`
  df[f"{col}_pct_chg{w}"] = pct_chg
D:\AMINQT\AMINQT CODES\app\pipeline1\feature_engine_v35.py:728: PerformanceWarning: DataFrame is highly fragmented.  This is usually the result of calling `frame.insert` many times, which has poor performance.  Consider joining all columns at once using pd.concat(axis=1) instead. To get a de-fragmented frame, use `newframe = frame.copy()`
  df[f"{col}_chg{w}"] = abs_chg
D:\AMINQT\AMINQT CODES\app\pipeline1\feature_engine_v35.py:732: PerformanceWarning: DataFrame is highly fragmented.  This is usually the result of calling `frame.insert` many times, which has poor performance.  Consider joining all columns at once using pd.concat(axis=1) instead. To get a de-fragmented frame, use `newframe = frame.copy()`
  df[f"{col}_pct_chg{w}"] = pct_chg
D:\AMINQT\AMINQT CODES\app\pipeline1\feature_engine_v35.py:728: PerformanceWarning: DataFrame is highly fragmented.  This is usually the result of calling `frame.insert` many times, which has poor performance.  Consider joining all columns at once using pd.concat(axis=1) instead. To get a de-fragmented frame, use `newframe = frame.copy()`
  df[f"{col}_chg{w}"] = abs_chg
D:\AMINQT\AMINQT CODES\app\pipeline1\feature_engine_v35.py:732: PerformanceWarning: DataFrame is highly fragmented.  This is usually the result of calling `frame.insert` many times, which has poor performance.  Consider joining all columns at once using pd.concat(axis=1) instead. To get a de-fragmented frame, use `newframe = frame.copy()`
  df[f"{col}_pct_chg{w}"] = pct_chg
D:\AMINQT\AMINQT CODES\app\pipeline1\feature_engine_v35.py:728: PerformanceWarning: DataFrame is highly fragmented.  This is usually the result of calling `frame.insert` many times, which has poor performance.  Consider joining all columns at once using pd.concat(axis=1) instead. To get a de-fragmented frame, use `newframe = frame.copy()`
  df[f"{col}_chg{w}"] = abs_chg
D:\AMINQT\AMINQT CODES\app\pipeline1\feature_engine_v35.py:732: PerformanceWarning: DataFrame is highly fragmented.  This is usually the result of calling `frame.insert` many times, which has poor performance.  Consider joining all columns at once using pd.concat(axis=1) instead. To get a de-fragmented frame, use `newframe = frame.copy()`
  df[f"{col}_pct_chg{w}"] = pct_chg
D:\AMINQT\AMINQT CODES\app\pipeline1\feature_engine_v35.py:728: PerformanceWarning: DataFrame is highly fragmented.  This is usually the result of calling `frame.insert` many times, which has poor performance.  Consider joining all columns at once using pd.concat(axis=1) instead. To get a de-fragmented frame, use `newframe = frame.copy()`
  df[f"{col}_chg{w}"] = abs_chg
D:\AMINQT\AMINQT CODES\app\pipeline1\feature_engine_v35.py:732: PerformanceWarning: DataFrame is highly fragmented.  This is usually the result of calling `frame.insert` many times, which has poor performance.  Consider joining all columns at once using pd.concat(axis=1) instead. To get a de-fragmented frame, use `newframe = frame.copy()`
  df[f"{col}_pct_chg{w}"] = pct_chg
D:\AMINQT\AMINQT CODES\app\pipeline1\feature_engine_v35.py:728: PerformanceWarning: DataFrame is highly fragmented.  This is usually the result of calling `frame.insert` many times, which has poor performance.  Consider joining all columns at once using pd.concat(axis=1) instead. To get a de-fragmented frame, use `newframe = frame.copy()`
  df[f"{col}_chg{w}"] = abs_chg
D:\AMINQT\AMINQT CODES\app\pipeline1\feature_engine_v35.py:732: PerformanceWarning: DataFrame is highly fragmented.  This is usually the result of calling `frame.insert` many times, which has poor performance.  Consider joining all columns at once using pd.concat(axis=1) instead. To get a de-fragmented frame, use `newframe = frame.copy()`
  df[f"{col}_pct_chg{w}"] = pct_chg
D:\AMINQT\AMINQT CODES\app\pipeline1\feature_engine_v35.py:728: PerformanceWarning: DataFrame is highly fragmented.  This is usually the result of calling `frame.insert` many times, which has poor performance.  Consider joining all columns at once using pd.concat(axis=1) instead. To get a de-fragmented frame, use `newframe = frame.copy()`
  df[f"{col}_chg{w}"] = abs_chg
D:\AMINQT\AMINQT CODES\app\pipeline1\feature_engine_v35.py:732: PerformanceWarning: DataFrame is highly fragmented.  This is usually the result of calling `frame.insert` many times, which has poor performance.  Consider joining all columns at once using pd.concat(axis=1) instead. To get a de-fragmented frame, use `newframe = frame.copy()`
  df[f"{col}_pct_chg{w}"] = pct_chg
D:\AMINQT\AMINQT CODES\app\pipeline1\feature_engine_v35.py:728: PerformanceWarning: DataFrame is highly fragmented.  This is usually the result of calling `frame.insert` many times, which has poor performance.  Consider joining all columns at once using pd.concat(axis=1) instead. To get a de-fragmented frame, use `newframe = frame.copy()`
  df[f"{col}_chg{w}"] = abs_chg
D:\AMINQT\AMINQT CODES\app\pipeline1\feature_engine_v35.py:732: PerformanceWarning: DataFrame is highly fragmented.  This is usually the result of calling `frame.insert` many times, which has poor performance.  Consider joining all columns at once using pd.concat(axis=1) instead. To get a de-fragmented frame, use `newframe = frame.copy()`
  df[f"{col}_pct_chg{w}"] = pct_chg
D:\AMINQT\AMINQT CODES\app\pipeline1\feature_engine_v35.py:728: PerformanceWarning: DataFrame is highly fragmented.  This is usually the result of calling `frame.insert` many times, which has poor performance.  Consider joining all columns at once using pd.concat(axis=1) instead. To get a de-fragmented frame, use `newframe = frame.copy()`
  df[f"{col}_chg{w}"] = abs_chg
D:\AMINQT\AMINQT CODES\app\pipeline1\feature_engine_v35.py:732: PerformanceWarning: DataFrame is highly fragmented.  This is usually the result of calling `frame.insert` many times, which has poor performance.  Consider joining all columns at once using pd.concat(axis=1) instead. To get a de-fragmented frame, use `newframe = frame.copy()`
  df[f"{col}_pct_chg{w}"] = pct_chg
D:\AMINQT\AMINQT CODES\app\pipeline1\feature_engine_v35.py:728: PerformanceWarning: DataFrame is highly fragmented.  This is usually the result of calling `frame.insert` many times, which has poor performance.  Consider joining all columns at once using pd.concat(axis=1) instead. To get a de-fragmented frame, use `newframe = frame.copy()`
  df[f"{col}_chg{w}"] = abs_chg
D:\AMINQT\AMINQT CODES\app\pipeline1\feature_engine_v35.py:732: PerformanceWarning: DataFrame is highly fragmented.  This is usually the result of calling `frame.insert` many times, which has poor performance.  Consider joining all columns at once using pd.concat(axis=1) instead. To get a de-fragmented frame, use `newframe = frame.copy()`
  df[f"{col}_pct_chg{w}"] = pct_chg
D:\AMINQT\AMINQT CODES\app\pipeline1\feature_engine_v35.py:728: PerformanceWarning: DataFrame is highly fragmented.  This is usually the result of calling `frame.insert` many times, which has poor performance.  Consider joining all columns at once using pd.concat(axis=1) instead. To get a de-fragmented frame, use `newframe = frame.copy()`
  df[f"{col}_chg{w}"] = abs_chg
D:\AMINQT\AMINQT CODES\app\pipeline1\feature_engine_v35.py:732: PerformanceWarning: DataFrame is highly fragmented.  This is usually the result of calling `frame.insert` many times, which has poor performance.  Consider joining all columns at once using pd.concat(axis=1) instead. To get a de-fragmented frame, use `newframe = frame.copy()`
  df[f"{col}_pct_chg{w}"] = pct_chg
D:\AMINQT\AMINQT CODES\app\pipeline1\feature_engine_v35.py:728: PerformanceWarning: DataFrame is highly fragmented.  This is usually the result of calling `frame.insert` many times, which has poor performance.  Consider joining all columns at once using pd.concat(axis=1) instead. To get a de-fragmented frame, use `newframe = frame.copy()`
  df[f"{col}_chg{w}"] = abs_chg
D:\AMINQT\AMINQT CODES\app\pipeline1\feature_engine_v35.py:732: PerformanceWarning: DataFrame is highly fragmented.  This is usually the result of calling `frame.insert` many times, which has poor performance.  Consider joining all columns at once using pd.concat(axis=1) instead. To get a de-fragmented frame, use `newframe = frame.copy()`
  df[f"{col}_pct_chg{w}"] = pct_chg
D:\AMINQT\AMINQT CODES\app\pipeline1\feature_engine_v35.py:728: PerformanceWarning: DataFrame is highly fragmented.  This is usually the result of calling `frame.insert` many times, which has poor performance.  Consider joining all columns at once using pd.concat(axis=1) instead. To get a de-fragmented frame, use `newframe = frame.copy()`
  df[f"{col}_chg{w}"] = abs_chg
D:\AMINQT\AMINQT CODES\app\pipeline1\feature_engine_v35.py:732: PerformanceWarning: DataFrame is highly fragmented.  This is usually the result of calling `frame.insert` many times, which has poor performance.  Consider joining all columns at once using pd.concat(axis=1) instead. To get a de-fragmented frame, use `newframe = frame.copy()`
  df[f"{col}_pct_chg{w}"] = pct_chg
D:\AMINQT\AMINQT CODES\app\pipeline1\feature_engine_v35.py:728: PerformanceWarning: DataFrame is highly fragmented.  This is usually the result of calling `frame.insert` many times, which has poor performance.  Consider joining all columns at once using pd.concat(axis=1) instead. To get a de-fragmented frame, use `newframe = frame.copy()`
  df[f"{col}_chg{w}"] = abs_chg
D:\AMINQT\AMINQT CODES\app\pipeline1\feature_engine_v35.py:732: PerformanceWarning: DataFrame is highly fragmented.  This is usually the result of calling `frame.insert` many times, which has poor performance.  Consider joining all columns at once using pd.concat(axis=1) instead. To get a de-fragmented frame, use `newframe = frame.copy()`
  df[f"{col}_pct_chg{w}"] = pct_chg
D:\AMINQT\AMINQT CODES\app\pipeline1\feature_engine_v35.py:728: PerformanceWarning: DataFrame is highly fragmented.  This is usually the result of calling `frame.insert` many times, which has poor performance.  Consider joining all columns at once using pd.concat(axis=1) instead. To get a de-fragmented frame, use `newframe = frame.copy()`
  df[f"{col}_chg{w}"] = abs_chg
D:\AMINQT\AMINQT CODES\app\pipeline1\feature_engine_v35.py:732: PerformanceWarning: DataFrame is highly fragmented.  This is usually the result of calling `frame.insert` many times, which has poor performance.  Consider joining all columns at once using pd.concat(axis=1) instead. To get a de-fragmented frame, use `newframe = frame.copy()`
  df[f"{col}_pct_chg{w}"] = pct_chg
D:\AMINQT\AMINQT CODES\app\pipeline1\feature_engine_v35.py:728: PerformanceWarning: DataFrame is highly fragmented.  This is usually the result of calling `frame.insert` many times, which has poor performance.  Consider joining all columns at once using pd.concat(axis=1) instead. To get a de-fragmented frame, use `newframe = frame.copy()`
  df[f"{col}_chg{w}"] = abs_chg
D:\AMINQT\AMINQT CODES\app\pipeline1\feature_engine_v35.py:732: PerformanceWarning: DataFrame is highly fragmented.  This is usually the result of calling `frame.insert` many times, which has poor performance.  Consider joining all columns at once using pd.concat(axis=1) instead. To get a de-fragmented frame, use `newframe = frame.copy()`
  df[f"{col}_pct_chg{w}"] = pct_chg
D:\AMINQT\AMINQT CODES\app\pipeline1\feature_engine_v35.py:728: PerformanceWarning: DataFrame is highly fragmented.  This is usually the result of calling `frame.insert` many times, which has poor performance.  Consider joining all columns at once using pd.concat(axis=1) instead. To get a de-fragmented frame, use `newframe = frame.copy()`
  df[f"{col}_chg{w}"] = abs_chg
D:\AMINQT\AMINQT CODES\app\pipeline1\feature_engine_v35.py:732: PerformanceWarning: DataFrame is highly fragmented.  This is usually the result of calling `frame.insert` many times, which has poor performance.  Consider joining all columns at once using pd.concat(axis=1) instead. To get a de-fragmented frame, use `newframe = frame.copy()`
  df[f"{col}_pct_chg{w}"] = pct_chg
D:\AMINQT\AMINQT CODES\app\pipeline1\feature_engine_v35.py:728: PerformanceWarning: DataFrame is highly fragmented.  This is usually the result of calling `frame.insert` many times, which has poor performance.  Consider joining all columns at once using pd.concat(axis=1) instead. To get a de-fragmented frame, use `newframe = frame.copy()`
  df[f"{col}_chg{w}"] = abs_chg
D:\AMINQT\AMINQT CODES\app\pipeline1\feature_engine_v35.py:732: PerformanceWarning: DataFrame is highly fragmented.  This is usually the result of calling `frame.insert` many times, which has poor performance.  Consider joining all columns at once using pd.concat(axis=1) instead. To get a de-fragmented frame, use `newframe = frame.copy()`
  df[f"{col}_pct_chg{w}"] = pct_chg
D:\AMINQT\AMINQT CODES\app\pipeline1\feature_engine_v35.py:728: PerformanceWarning: DataFrame is highly fragmented.  This is usually the result of calling `frame.insert` many times, which has poor performance.  Consider joining all columns at once using pd.concat(axis=1) instead. To get a de-fragmented frame, use `newframe = frame.copy()`
  df[f"{col}_chg{w}"] = abs_chg
D:\AMINQT\AMINQT CODES\app\pipeline1\feature_engine_v35.py:732: PerformanceWarning: DataFrame is highly fragmented.  This is usually the result of calling `frame.insert` many times, which has poor performance.  Consider joining all columns at once using pd.concat(axis=1) instead. To get a de-fragmented frame, use `newframe = frame.copy()`
  df[f"{col}_pct_chg{w}"] = pct_chg
D:\AMINQT\AMINQT CODES\app\pipeline1\feature_engine_v35.py:728: PerformanceWarning: DataFrame is highly fragmented.  This is usually the result of calling `frame.insert` many times, which has poor performance.  Consider joining all columns at once using pd.concat(axis=1) instead. To get a de-fragmented frame, use `newframe = frame.copy()`
  df[f"{col}_chg{w}"] = abs_chg
D:\AMINQT\AMINQT CODES\app\pipeline1\feature_engine_v35.py:732: PerformanceWarning: DataFrame is highly fragmented.  This is usually the result of calling `frame.insert` many times, which has poor performance.  Consider joining all columns at once using pd.concat(axis=1) instead. To get a de-fragmented frame, use `newframe = frame.copy()`
  df[f"{col}_pct_chg{w}"] = pct_chg
D:\AMINQT\AMINQT CODES\app\pipeline1\feature_engine_v35.py:728: PerformanceWarning: DataFrame is highly fragmented.  This is usually the result of calling `frame.insert` many times, which has poor performance.  Consider joining all columns at once using pd.concat(axis=1) instead. To get a de-fragmented frame, use `newframe = frame.copy()`
  df[f"{col}_chg{w}"] = abs_chg
D:\AMINQT\AMINQT CODES\app\pipeline1\feature_engine_v35.py:732: PerformanceWarning: DataFrame is highly fragmented.  This is usually the result of calling `frame.insert` many times, which has poor performance.  Consider joining all columns at once using pd.concat(axis=1) instead. To get a de-fragmented frame, use `newframe = frame.copy()`
  df[f"{col}_pct_chg{w}"] = pct_chg
D:\AMINQT\AMINQT CODES\app\pipeline1\feature_engine_v35.py:728: PerformanceWarning: DataFrame is highly fragmented.  This is usually the result of calling `frame.insert` many times, which has poor performance.  Consider joining all columns at once using pd.concat(axis=1) instead. To get a de-fragmented frame, use `newframe = frame.copy()`
  df[f"{col}_chg{w}"] = abs_chg
D:\AMINQT\AMINQT CODES\app\pipeline1\feature_engine_v35.py:732: PerformanceWarning: DataFrame is highly fragmented.  This is usually the result of calling `frame.insert` many times, which has poor performance.  Consider joining all columns at once using pd.concat(axis=1) instead. To get a de-fragmented frame, use `newframe = frame.copy()`
  df[f"{col}_pct_chg{w}"] = pct_chg
2026-08-02 08:41:53,218 INFO [C_calc_bundle/main] OOS 3d IC=-0.2265
2026-08-02 08:44:10,290 INFO dim28: SW daily history loaded: 871577 rows, 428 indices
D:\AMINQT\AMINQT CODES\app\pipeline1\feature_engine_v35.py:728: PerformanceWarning: DataFrame is highly fragmented.  This is usually the result of calling `frame.insert` many times, which has poor performance.  Consider joining all columns at once using pd.concat(axis=1) instead. To get a de-fragmented frame, use `newframe = frame.copy()`
  df[f"{col}_chg{w}"] = abs_chg
D:\AMINQT\AMINQT CODES\app\pipeline1\feature_engine_v35.py:732: PerformanceWarning: DataFrame is highly fragmented.  This is usually the result of calling `frame.insert` many times, which has poor performance.  Consider joining all columns at once using pd.concat(axis=1) instead. To get a de-fragmented frame, use `newframe = frame.copy()`
  df[f"{col}_pct_chg{w}"] = pct_chg
D:\AMINQT\AMINQT CODES\app\pipeline1\feature_engine_v35.py:728: PerformanceWarning: DataFrame is highly fragmented.  This is usually the result of calling `frame.insert` many times, which has poor performance.  Consider joining all columns at once using pd.concat(axis=1) instead. To get a de-fragmented frame, use `newframe = frame.copy()`
  df[f"{col}_chg{w}"] = abs_chg
D:\AMINQT\AMINQT CODES\app\pipeline1\feature_engine_v35.py:732: PerformanceWarning: DataFrame is highly fragmented.  This is usually the result of calling `frame.insert` many times, which has poor performance.  Consider joining all columns at once using pd.concat(axis=1) instead. To get a de-fragmented frame, use `newframe = frame.copy()`
  df[f"{col}_pct_chg{w}"] = pct_chg
D:\AMINQT\AMINQT CODES\app\pipeline1\feature_engine_v35.py:728: PerformanceWarning: DataFrame is highly fragmented.  This is usually the result of calling `frame.insert` many times, which has poor performance.  Consider joining all columns at once using pd.concat(axis=1) instead. To get a de-fragmented frame, use `newframe = frame.copy()`
  df[f"{col}_chg{w}"] = abs_chg
D:\AMINQT\AMINQT CODES\app\pipeline1\feature_engine_v35.py:732: PerformanceWarning: DataFrame is highly fragmented.  This is usually the result of calling `frame.insert` many times, which has poor performance.  Consider joining all columns at once using pd.concat(axis=1) instead. To get a de-fragmented frame, use `newframe = frame.copy()`
  df[f"{col}_pct_chg{w}"] = pct_chg
D:\AMINQT\AMINQT CODES\app\pipeline1\feature_engine_v35.py:728: PerformanceWarning: DataFrame is highly fragmented.  This is usually the result of calling `frame.insert` many times, which has poor performance.  Consider joining all columns at once using pd.concat(axis=1) instead. To get a de-fragmented frame, use `newframe = frame.copy()`
  df[f"{col}_chg{w}"] = abs_chg
D:\AMINQT\AMINQT CODES\app\pipeline1\feature_engine_v35.py:732: PerformanceWarning: DataFrame is highly fragmented.  This is usually the result of calling `frame.insert` many times, which has poor performance.  Consider joining all columns at once using pd.concat(axis=1) instead. To get a de-fragmented frame, use `newframe = frame.copy()`
  df[f"{col}_pct_chg{w}"] = pct_chg
D:\AMINQT\AMINQT CODES\app\pipeline1\feature_engine_v35.py:728: PerformanceWarning: DataFrame is highly fragmented.  This is usually the result of calling `frame.insert` many times, which has poor performance.  Consider joining all columns at once using pd.concat(axis=1) instead. To get a de-fragmented frame, use `newframe = frame.copy()`
  df[f"{col}_chg{w}"] = abs_chg
D:\AMINQT\AMINQT CODES\app\pipeline1\feature_engine_v35.py:732: PerformanceWarning: DataFrame is highly fragmented.  This is usually the result of calling `frame.insert` many times, which has poor performance.  Consider joining all columns at once using pd.concat(axis=1) instead. To get a de-fragmented frame, use `newframe = frame.copy()`
  df[f"{col}_pct_chg{w}"] = pct_chg
D:\AMINQT\AMINQT CODES\app\pipeline1\feature_engine_v35.py:728: PerformanceWarning: DataFrame is highly fragmented.  This is usually the result of calling `frame.insert` many times, which has poor performance.  Consider joining all columns at once using pd.concat(axis=1) instead. To get a de-fragmented frame, use `newframe = frame.copy()`
  df[f"{col}_chg{w}"] = abs_chg
D:\AMINQT\AMINQT CODES\app\pipeline1\feature_engine_v35.py:732: PerformanceWarning: DataFrame is highly fragmented.  This is usually the result of calling `frame.insert` many times, which has poor performance.  Consider joining all columns at once using pd.concat(axis=1) instead. To get a de-fragmented frame, use `newframe = frame.copy()`
  df[f"{col}_pct_chg{w}"] = pct_chg
D:\AMINQT\AMINQT CODES\app\pipeline1\feature_engine_v35.py:728: PerformanceWarning: DataFrame is highly fragmented.  This is usually the result of calling `frame.insert` many times, which has poor performance.  Consider joining all columns at once using pd.concat(axis=1) instead. To get a de-fragmented frame, use `newframe = frame.copy()`
  df[f"{col}_chg{w}"] = abs_chg
D:\AMINQT\AMINQT CODES\app\pipeline1\feature_engine_v35.py:732: PerformanceWarning: DataFrame is highly fragmented.  This is usually the result of calling `frame.insert` many times, which has poor performance.  Consider joining all columns at once using pd.concat(axis=1) instead. To get a de-fragmented frame, use `newframe = frame.copy()`
  df[f"{col}_pct_chg{w}"] = pct_chg
D:\AMINQT\AMINQT CODES\app\pipeline1\feature_engine_v35.py:728: PerformanceWarning: DataFrame is highly fragmented.  This is usually the result of calling `frame.insert` many times, which has poor performance.  Consider joining all columns at once using pd.concat(axis=1) instead. To get a de-fragmented frame, use `newframe = frame.copy()`
  df[f"{col}_chg{w}"] = abs_chg
D:\AMINQT\AMINQT CODES\app\pipeline1\feature_engine_v35.py:732: PerformanceWarning: DataFrame is highly fragmented.  This is usually the result of calling `frame.insert` many times, which has poor performance.  Consider joining all columns at once using pd.concat(axis=1) instead. To get a de-fragmented frame, use `newframe = frame.copy()`
  df[f"{col}_pct_chg{w}"] = pct_chg
D:\AMINQT\AMINQT CODES\app\pipeline1\feature_engine_v35.py:728: PerformanceWarning: DataFrame is highly fragmented.  This is usually the result of calling `frame.insert` many times, which has poor performance.  Consider joining all columns at once using pd.concat(axis=1) instead. To get a de-fragmented frame, use `newframe = frame.copy()`
  df[f"{col}_chg{w}"] = abs_chg
D:\AMINQT\AMINQT CODES\app\pipeline1\feature_engine_v35.py:732: PerformanceWarning: DataFrame is highly fragmented.  This is usually the result of calling `frame.insert` many times, which has poor performance.  Consider joining all columns at once using pd.concat(axis=1) instead. To get a de-fragmented frame, use `newframe = frame.copy()`
  df[f"{col}_pct_chg{w}"] = pct_chg
D:\AMINQT\AMINQT CODES\app\pipeline1\feature_engine_v35.py:728: PerformanceWarning: DataFrame is highly fragmented.  This is usually the result of calling `frame.insert` many times, which has poor performance.  Consider joining all columns at once using pd.concat(axis=1) instead. To get a de-fragmented frame, use `newframe = frame.copy()`
  df[f"{col}_chg{w}"] = abs_chg
D:\AMINQT\AMINQT CODES\app\pipeline1\feature_engine_v35.py:732: PerformanceWarning: DataFrame is highly fragmented.  This is usually the result of calling `frame.insert` many times, which has poor performance.  Consider joining all columns at once using pd.concat(axis=1) instead. To get a de-fragmented frame, use `newframe = frame.copy()`
  df[f"{col}_pct_chg{w}"] = pct_chg
D:\AMINQT\AMINQT CODES\app\pipeline1\feature_engine_v35.py:728: PerformanceWarning: DataFrame is highly fragmented.  This is usually the result of calling `frame.insert` many times, which has poor performance.  Consider joining all columns at once using pd.concat(axis=1) instead. To get a de-fragmented frame, use `newframe = frame.copy()`
  df[f"{col}_chg{w}"] = abs_chg
D:\AMINQT\AMINQT CODES\app\pipeline1\feature_engine_v35.py:732: PerformanceWarning: DataFrame is highly fragmented.  This is usually the result of calling `frame.insert` many times, which has poor performance.  Consider joining all columns at once using pd.concat(axis=1) instead. To get a de-fragmented frame, use `newframe = frame.copy()`
  df[f"{col}_pct_chg{w}"] = pct_chg
D:\AMINQT\AMINQT CODES\app\pipeline1\feature_engine_v35.py:728: PerformanceWarning: DataFrame is highly fragmented.  This is usually the result of calling `frame.insert` many times, which has poor performance.  Consider joining all columns at once using pd.concat(axis=1) instead. To get a de-fragmented frame, use `newframe = frame.copy()`
  df[f"{col}_chg{w}"] = abs_chg
D:\AMINQT\AMINQT CODES\app\pipeline1\feature_engine_v35.py:732: PerformanceWarning: DataFrame is highly fragmented.  This is usually the result of calling `frame.insert` many times, which has poor performance.  Consider joining all columns at once using pd.concat(axis=1) instead. To get a de-fragmented frame, use `newframe = frame.copy()`
  df[f"{col}_pct_chg{w}"] = pct_chg
D:\AMINQT\AMINQT CODES\app\pipeline1\feature_engine_v35.py:728: PerformanceWarning: DataFrame is highly fragmented.  This is usually the result of calling `frame.insert` many times, which has poor performance.  Consider joining all columns at once using pd.concat(axis=1) instead. To get a de-fragmented frame, use `newframe = frame.copy()`
  df[f"{col}_chg{w}"] = abs_chg
D:\AMINQT\AMINQT CODES\app\pipeline1\feature_engine_v35.py:732: PerformanceWarning: DataFrame is highly fragmented.  This is usually the result of calling `frame.insert` many times, which has poor performance.  Consider joining all columns at once using pd.concat(axis=1) instead. To get a de-fragmented frame, use `newframe = frame.copy()`
  df[f"{col}_pct_chg{w}"] = pct_chg
D:\AMINQT\AMINQT CODES\app\pipeline1\feature_engine_v35.py:728: PerformanceWarning: DataFrame is highly fragmented.  This is usually the result of calling `frame.insert` many times, which has poor performance.  Consider joining all columns at once using pd.concat(axis=1) instead. To get a de-fragmented frame, use `newframe = frame.copy()`
  df[f"{col}_chg{w}"] = abs_chg
D:\AMINQT\AMINQT CODES\app\pipeline1\feature_engine_v35.py:732: PerformanceWarning: DataFrame is highly fragmented.  This is usually the result of calling `frame.insert` many times, which has poor performance.  Consider joining all columns at once using pd.concat(axis=1) instead. To get a de-fragmented frame, use `newframe = frame.copy()`
  df[f"{col}_pct_chg{w}"] = pct_chg
D:\AMINQT\AMINQT CODES\app\pipeline1\feature_engine_v35.py:728: PerformanceWarning: DataFrame is highly fragmented.  This is usually the result of calling `frame.insert` many times, which has poor performance.  Consider joining all columns at once using pd.concat(axis=1) instead. To get a de-fragmented frame, use `newframe = frame.copy()`
  df[f"{col}_chg{w}"] = abs_chg
D:\AMINQT\AMINQT CODES\app\pipeline1\feature_engine_v35.py:732: PerformanceWarning: DataFrame is highly fragmented.  This is usually the result of calling `frame.insert` many times, which has poor performance.  Consider joining all columns at once using pd.concat(axis=1) instead. To get a de-fragmented frame, use `newframe = frame.copy()`
  df[f"{col}_pct_chg{w}"] = pct_chg
D:\AMINQT\AMINQT CODES\app\pipeline1\feature_engine_v35.py:728: PerformanceWarning: DataFrame is highly fragmented.  This is usually the result of calling `frame.insert` many times, which has poor performance.  Consider joining all columns at once using pd.concat(axis=1) instead. To get a de-fragmented frame, use `newframe = frame.copy()`
  df[f"{col}_chg{w}"] = abs_chg
D:\AMINQT\AMINQT CODES\app\pipeline1\feature_engine_v35.py:732: PerformanceWarning: DataFrame is highly fragmented.  This is usually the result of calling `frame.insert` many times, which has poor performance.  Consider joining all columns at once using pd.concat(axis=1) instead. To get a de-fragmented frame, use `newframe = frame.copy()`
  df[f"{col}_pct_chg{w}"] = pct_chg
D:\AMINQT\AMINQT CODES\app\pipeline1\feature_engine_v35.py:728: PerformanceWarning: DataFrame is highly fragmented.  This is usually the result of calling `frame.insert` many times, which has poor performance.  Consider joining all columns at once using pd.concat(axis=1) instead. To get a de-fragmented frame, use `newframe = frame.copy()`
  df[f"{col}_chg{w}"] = abs_chg
D:\AMINQT\AMINQT CODES\app\pipeline1\feature_engine_v35.py:732: PerformanceWarning: DataFrame is highly fragmented.  This is usually the result of calling `frame.insert` many times, which has poor performance.  Consider joining all columns at once using pd.concat(axis=1) instead. To get a de-fragmented frame, use `newframe = frame.copy()`
  df[f"{col}_pct_chg{w}"] = pct_chg
D:\AMINQT\AMINQT CODES\app\pipeline1\feature_engine_v35.py:728: PerformanceWarning: DataFrame is highly fragmented.  This is usually the result of calling `frame.insert` many times, which has poor performance.  Consider joining all columns at once using pd.concat(axis=1) instead. To get a de-fragmented frame, use `newframe = frame.copy()`
  df[f"{col}_chg{w}"] = abs_chg
D:\AMINQT\AMINQT CODES\app\pipeline1\feature_engine_v35.py:732: PerformanceWarning: DataFrame is highly fragmented.  This is usually the result of calling `frame.insert` many times, which has poor performance.  Consider joining all columns at once using pd.concat(axis=1) instead. To get a de-fragmented frame, use `newframe = frame.copy()`
  df[f"{col}_pct_chg{w}"] = pct_chg
D:\AMINQT\AMINQT CODES\app\pipeline1\feature_engine_v35.py:728: PerformanceWarning: DataFrame is highly fragmented.  This is usually the result of calling `frame.insert` many times, which has poor performance.  Consider joining all columns at once using pd.concat(axis=1) instead. To get a de-fragmented frame, use `newframe = frame.copy()`
  df[f"{col}_chg{w}"] = abs_chg
D:\AMINQT\AMINQT CODES\app\pipeline1\feature_engine_v35.py:732: PerformanceWarning: DataFrame is highly fragmented.  This is usually the result of calling `frame.insert` many times, which has poor performance.  Consider joining all columns at once using pd.concat(axis=1) instead. To get a de-fragmented frame, use `newframe = frame.copy()`
  df[f"{col}_pct_chg{w}"] = pct_chg
D:\AMINQT\AMINQT CODES\app\pipeline1\feature_engine_v35.py:728: PerformanceWarning: DataFrame is highly fragmented.  This is usually the result of calling `frame.insert` many times, which has poor performance.  Consider joining all columns at once using pd.concat(axis=1) instead. To get a de-fragmented frame, use `newframe = frame.copy()`
  df[f"{col}_chg{w}"] = abs_chg
D:\AMINQT\AMINQT CODES\app\pipeline1\feature_engine_v35.py:732: PerformanceWarning: DataFrame is highly fragmented.  This is usually the result of calling `frame.insert` many times, which has poor performance.  Consider joining all columns at once using pd.concat(axis=1) instead. To get a de-fragmented frame, use `newframe = frame.copy()`
  df[f"{col}_pct_chg{w}"] = pct_chg
D:\AMINQT\AMINQT CODES\app\pipeline1\feature_engine_v35.py:728: PerformanceWarning: DataFrame is highly fragmented.  This is usually the result of calling `frame.insert` many times, which has poor performance.  Consider joining all columns at once using pd.concat(axis=1) instead. To get a de-fragmented frame, use `newframe = frame.copy()`
  df[f"{col}_chg{w}"] = abs_chg
D:\AMINQT\AMINQT CODES\app\pipeline1\feature_engine_v35.py:732: PerformanceWarning: DataFrame is highly fragmented.  This is usually the result of calling `frame.insert` many times, which has poor performance.  Consider joining all columns at once using pd.concat(axis=1) instead. To get a de-fragmented frame, use `newframe = frame.copy()`
  df[f"{col}_pct_chg{w}"] = pct_chg
D:\AMINQT\AMINQT CODES\app\pipeline1\feature_engine_v35.py:728: PerformanceWarning: DataFrame is highly fragmented.  This is usually the result of calling `frame.insert` many times, which has poor performance.  Consider joining all columns at once using pd.concat(axis=1) instead. To get a de-fragmented frame, use `newframe = frame.copy()`
  df[f"{col}_chg{w}"] = abs_chg
D:\AMINQT\AMINQT CODES\app\pipeline1\feature_engine_v35.py:732: PerformanceWarning: DataFrame is highly fragmented.  This is usually the result of calling `frame.insert` many times, which has poor performance.  Consider joining all columns at once using pd.concat(axis=1) instead. To get a de-fragmented frame, use `newframe = frame.copy()`
  df[f"{col}_pct_chg{w}"] = pct_chg
D:\AMINQT\AMINQT CODES\app\pipeline1\feature_engine_v35.py:728: PerformanceWarning: DataFrame is highly fragmented.  This is usually the result of calling `frame.insert` many times, which has poor performance.  Consider joining all columns at once using pd.concat(axis=1) instead. To get a de-fragmented frame, use `newframe = frame.copy()`
  df[f"{col}_chg{w}"] = abs_chg
D:\AMINQT\AMINQT CODES\app\pipeline1\feature_engine_v35.py:732: PerformanceWarning: DataFrame is highly fragmented.  This is usually the result of calling `frame.insert` many times, which has poor performance.  Consider joining all columns at once using pd.concat(axis=1) instead. To get a de-fragmented frame, use `newframe = frame.copy()`
  df[f"{col}_pct_chg{w}"] = pct_chg
2026-08-02 08:45:04,788 INFO [C_calc_bundle/dual] OOS 3d IC=-0.1236
2026-08-02 08:45:04,937 INFO DedupL2: 40 -> 19 features (|r|>0.70)
2026-08-02 08:45:04,937 INFO DedupL2: CYQ簇 40 -> 19 列; 扩展列幸存 12/25
2026-08-02 08:47:14,422 INFO dim28: SW daily history loaded: 871577 rows, 428 indices
D:\AMINQT\AMINQT CODES\app\pipeline1\feature_engine_v35.py:728: PerformanceWarning: DataFrame is highly fragmented.  This is usually the result of calling `frame.insert` many times, which has poor performance.  Consider joining all columns at once using pd.concat(axis=1) instead. To get a de-fragmented frame, use `newframe = frame.copy()`
  df[f"{col}_chg{w}"] = abs_chg
D:\AMINQT\AMINQT CODES\app\pipeline1\feature_engine_v35.py:732: PerformanceWarning: DataFrame is highly fragmented.  This is usually the result of calling `frame.insert` many times, which has poor performance.  Consider joining all columns at once using pd.concat(axis=1) instead. To get a de-fragmented frame, use `newframe = frame.copy()`
  df[f"{col}_pct_chg{w}"] = pct_chg
D:\AMINQT\AMINQT CODES\app\pipeline1\feature_engine_v35.py:728: PerformanceWarning: DataFrame is highly fragmented.  This is usually the result of calling `frame.insert` many times, which has poor performance.  Consider joining all columns at once using pd.concat(axis=1) instead. To get a de-fragmented frame, use `newframe = frame.copy()`
  df[f"{col}_chg{w}"] = abs_chg
D:\AMINQT\AMINQT CODES\app\pipeline1\feature_engine_v35.py:732: PerformanceWarning: DataFrame is highly fragmented.  This is usually the result of calling `frame.insert` many times, which has poor performance.  Consider joining all columns at once using pd.concat(axis=1) instead. To get a de-fragmented frame, use `newframe = frame.copy()`
  df[f"{col}_pct_chg{w}"] = pct_chg
D:\AMINQT\AMINQT CODES\app\pipeline1\feature_engine_v35.py:728: PerformanceWarning: DataFrame is highly fragmented.  This is usually the result of calling `frame.insert` many times, which has poor performance.  Consider joining all columns at once using pd.concat(axis=1) instead. To get a de-fragmented frame, use `newframe = frame.copy()`
  df[f"{col}_chg{w}"] = abs_chg
D:\AMINQT\AMINQT CODES\app\pipeline1\feature_engine_v35.py:732: PerformanceWarning: DataFrame is highly fragmented.  This is usually the result of calling `frame.insert` many times, which has poor performance.  Consider joining all columns at once using pd.concat(axis=1) instead. To get a de-fragmented frame, use `newframe = frame.copy()`
  df[f"{col}_pct_chg{w}"] = pct_chg
D:\AMINQT\AMINQT CODES\app\pipeline1\feature_engine_v35.py:728: PerformanceWarning: DataFrame is highly fragmented.  This is usually the result of calling `frame.insert` many times, which has poor performance.  Consider joining all columns at once using pd.concat(axis=1) instead. To get a de-fragmented frame, use `newframe = frame.copy()`
  df[f"{col}_chg{w}"] = abs_chg
D:\AMINQT\AMINQT CODES\app\pipeline1\feature_engine_v35.py:732: PerformanceWarning: DataFrame is highly fragmented.  This is usually the result of calling `frame.insert` many times, which has poor performance.  Consider joining all columns at once using pd.concat(axis=1) instead. To get a de-fragmented frame, use `newframe = frame.copy()`
  df[f"{col}_pct_chg{w}"] = pct_chg
D:\AMINQT\AMINQT CODES\app\pipeline1\feature_engine_v35.py:728: PerformanceWarning: DataFrame is highly fragmented.  This is usually the result of calling `frame.insert` many times, which has poor performance.  Consider joining all columns at once using pd.concat(axis=1) instead. To get a de-fragmented frame, use `newframe = frame.copy()`
  df[f"{col}_chg{w}"] = abs_chg
D:\AMINQT\AMINQT CODES\app\pipeline1\feature_engine_v35.py:732: PerformanceWarning: DataFrame is highly fragmented.  This is usually the result of calling `frame.insert` many times, which has poor performance.  Consider joining all columns at once using pd.concat(axis=1) instead. To get a de-fragmented frame, use `newframe = frame.copy()`
  df[f"{col}_pct_chg{w}"] = pct_chg
D:\AMINQT\AMINQT CODES\app\pipeline1\feature_engine_v35.py:728: PerformanceWarning: DataFrame is highly fragmented.  This is usually the result of calling `frame.insert` many times, which has poor performance.  Consider joining all columns at once using pd.concat(axis=1) instead. To get a de-fragmented frame, use `newframe = frame.copy()`
  df[f"{col}_chg{w}"] = abs_chg
D:\AMINQT\AMINQT CODES\app\pipeline1\feature_engine_v35.py:732: PerformanceWarning: DataFrame is highly fragmented.  This is usually the result of calling `frame.insert` many times, which has poor performance.  Consider joining all columns at once using pd.concat(axis=1) instead. To get a de-fragmented frame, use `newframe = frame.copy()`
  df[f"{col}_pct_chg{w}"] = pct_chg
D:\AMINQT\AMINQT CODES\app\pipeline1\feature_engine_v35.py:728: PerformanceWarning: DataFrame is highly fragmented.  This is usually the result of calling `frame.insert` many times, which has poor performance.  Consider joining all columns at once using pd.concat(axis=1) instead. To get a de-fragmented frame, use `newframe = frame.copy()`
  df[f"{col}_chg{w}"] = abs_chg
D:\AMINQT\AMINQT CODES\app\pipeline1\feature_engine_v35.py:732: PerformanceWarning: DataFrame is highly fragmented.  This is usually the result of calling `frame.insert` many times, which has poor performance.  Consider joining all columns at once using pd.concat(axis=1) instead. To get a de-fragmented frame, use `newframe = frame.copy()`
  df[f"{col}_pct_chg{w}"] = pct_chg
D:\AMINQT\AMINQT CODES\app\pipeline1\feature_engine_v35.py:728: PerformanceWarning: DataFrame is highly fragmented.  This is usually the result of calling `frame.insert` many times, which has poor performance.  Consider joining all columns at once using pd.concat(axis=1) instead. To get a de-fragmented frame, use `newframe = frame.copy()`
  df[f"{col}_chg{w}"] = abs_chg
D:\AMINQT\AMINQT CODES\app\pipeline1\feature_engine_v35.py:732: PerformanceWarning: DataFrame is highly fragmented.  This is usually the result of calling `frame.insert` many times, which has poor performance.  Consider joining all columns at once using pd.concat(axis=1) instead. To get a de-fragmented frame, use `newframe = frame.copy()`
  df[f"{col}_pct_chg{w}"] = pct_chg
D:\AMINQT\AMINQT CODES\app\pipeline1\feature_engine_v35.py:728: PerformanceWarning: DataFrame is highly fragmented.  This is usually the result of calling `frame.insert` many times, which has poor performance.  Consider joining all columns at once using pd.concat(axis=1) instead. To get a de-fragmented frame, use `newframe = frame.copy()`
  df[f"{col}_chg{w}"] = abs_chg
D:\AMINQT\AMINQT CODES\app\pipeline1\feature_engine_v35.py:732: PerformanceWarning: DataFrame is highly fragmented.  This is usually the result of calling `frame.insert` many times, which has poor performance.  Consider joining all columns at once using pd.concat(axis=1) instead. To get a de-fragmented frame, use `newframe = frame.copy()`
  df[f"{col}_pct_chg{w}"] = pct_chg
D:\AMINQT\AMINQT CODES\app\pipeline1\feature_engine_v35.py:728: PerformanceWarning: DataFrame is highly fragmented.  This is usually the result of calling `frame.insert` many times, which has poor performance.  Consider joining all columns at once using pd.concat(axis=1) instead. To get a de-fragmented frame, use `newframe = frame.copy()`
  df[f"{col}_chg{w}"] = abs_chg
D:\AMINQT\AMINQT CODES\app\pipeline1\feature_engine_v35.py:732: PerformanceWarning: DataFrame is highly fragmented.  This is usually the result of calling `frame.insert` many times, which has poor performance.  Consider joining all columns at once using pd.concat(axis=1) instead. To get a de-fragmented frame, use `newframe = frame.copy()`
  df[f"{col}_pct_chg{w}"] = pct_chg
D:\AMINQT\AMINQT CODES\app\pipeline1\feature_engine_v35.py:728: PerformanceWarning: DataFrame is highly fragmented.  This is usually the result of calling `frame.insert` many times, which has poor performance.  Consider joining all columns at once using pd.concat(axis=1) instead. To get a de-fragmented frame, use `newframe = frame.copy()`
  df[f"{col}_chg{w}"] = abs_chg
D:\AMINQT\AMINQT CODES\app\pipeline1\feature_engine_v35.py:732: PerformanceWarning: DataFrame is highly fragmented.  This is usually the result of calling `frame.insert` many times, which has poor performance.  Consider joining all columns at once using pd.concat(axis=1) instead. To get a de-fragmented frame, use `newframe = frame.copy()`
  df[f"{col}_pct_chg{w}"] = pct_chg
D:\AMINQT\AMINQT CODES\app\pipeline1\feature_engine_v35.py:728: PerformanceWarning: DataFrame is highly fragmented.  This is usually the result of calling `frame.insert` many times, which has poor performance.  Consider joining all columns at once using pd.concat(axis=1) instead. To get a de-fragmented frame, use `newframe = frame.copy()`
  df[f"{col}_chg{w}"] = abs_chg
D:\AMINQT\AMINQT CODES\app\pipeline1\feature_engine_v35.py:732: PerformanceWarning: DataFrame is highly fragmented.  This is usually the result of calling `frame.insert` many times, which has poor performance.  Consider joining all columns at once using pd.concat(axis=1) instead. To get a de-fragmented frame, use `newframe = frame.copy()`
  df[f"{col}_pct_chg{w}"] = pct_chg
D:\AMINQT\AMINQT CODES\app\pipeline1\feature_engine_v35.py:728: PerformanceWarning: DataFrame is highly fragmented.  This is usually the result of calling `frame.insert` many times, which has poor performance.  Consider joining all columns at once using pd.concat(axis=1) instead. To get a de-fragmented frame, use `newframe = frame.copy()`
  df[f"{col}_chg{w}"] = abs_chg
D:\AMINQT\AMINQT CODES\app\pipeline1\feature_engine_v35.py:732: PerformanceWarning: DataFrame is highly fragmented.  This is usually the result of calling `frame.insert` many times, which has poor performance.  Consider joining all columns at once using pd.concat(axis=1) instead. To get a de-fragmented frame, use `newframe = frame.copy()`
  df[f"{col}_pct_chg{w}"] = pct_chg
D:\AMINQT\AMINQT CODES\app\pipeline1\feature_engine_v35.py:728: PerformanceWarning: DataFrame is highly fragmented.  This is usually the result of calling `frame.insert` many times, which has poor performance.  Consider joining all columns at once using pd.concat(axis=1) instead. To get a de-fragmented frame, use `newframe = frame.copy()`
  df[f"{col}_chg{w}"] = abs_chg
D:\AMINQT\AMINQT CODES\app\pipeline1\feature_engine_v35.py:732: PerformanceWarning: DataFrame is highly fragmented.  This is usually the result of calling `frame.insert` many times, which has poor performance.  Consider joining all columns at once using pd.concat(axis=1) instead. To get a de-fragmented frame, use `newframe = frame.copy()`
  df[f"{col}_pct_chg{w}"] = pct_chg
D:\AMINQT\AMINQT CODES\app\pipeline1\feature_engine_v35.py:728: PerformanceWarning: DataFrame is highly fragmented.  This is usually the result of calling `frame.insert` many times, which has poor performance.  Consider joining all columns at once using pd.concat(axis=1) instead. To get a de-fragmented frame, use `newframe = frame.copy()`
  df[f"{col}_chg{w}"] = abs_chg
D:\AMINQT\AMINQT CODES\app\pipeline1\feature_engine_v35.py:732: PerformanceWarning: DataFrame is highly fragmented.  This is usually the result of calling `frame.insert` many times, which has poor performance.  Consider joining all columns at once using pd.concat(axis=1) instead. To get a de-fragmented frame, use `newframe = frame.copy()`
  df[f"{col}_pct_chg{w}"] = pct_chg
D:\AMINQT\AMINQT CODES\app\pipeline1\feature_engine_v35.py:728: PerformanceWarning: DataFrame is highly fragmented.  This is usually the result of calling `frame.insert` many times, which has poor performance.  Consider joining all columns at once using pd.concat(axis=1) instead. To get a de-fragmented frame, use `newframe = frame.copy()`
  df[f"{col}_chg{w}"] = abs_chg
D:\AMINQT\AMINQT CODES\app\pipeline1\feature_engine_v35.py:732: PerformanceWarning: DataFrame is highly fragmented.  This is usually the result of calling `frame.insert` many times, which has poor performance.  Consider joining all columns at once using pd.concat(axis=1) instead. To get a de-fragmented frame, use `newframe = frame.copy()`
  df[f"{col}_pct_chg{w}"] = pct_chg
D:\AMINQT\AMINQT CODES\app\pipeline1\feature_engine_v35.py:728: PerformanceWarning: DataFrame is highly fragmented.  This is usually the result of calling `frame.insert` many times, which has poor performance.  Consider joining all columns at once using pd.concat(axis=1) instead. To get a de-fragmented frame, use `newframe = frame.copy()`
  df[f"{col}_chg{w}"] = abs_chg
D:\AMINQT\AMINQT CODES\app\pipeline1\feature_engine_v35.py:732: PerformanceWarning: DataFrame is highly fragmented.  This is usually the result of calling `frame.insert` many times, which has poor performance.  Consider joining all columns at once using pd.concat(axis=1) instead. To get a de-fragmented frame, use `newframe = frame.copy()`
  df[f"{col}_pct_chg{w}"] = pct_chg
D:\AMINQT\AMINQT CODES\app\pipeline1\feature_engine_v35.py:728: PerformanceWarning: DataFrame is highly fragmented.  This is usually the result of calling `frame.insert` many times, which has poor performance.  Consider joining all columns at once using pd.concat(axis=1) instead. To get a de-fragmented frame, use `newframe = frame.copy()`
  df[f"{col}_chg{w}"] = abs_chg
D:\AMINQT\AMINQT CODES\app\pipeline1\feature_engine_v35.py:732: PerformanceWarning: DataFrame is highly fragmented.  This is usually the result of calling `frame.insert` many times, which has poor performance.  Consider joining all columns at once using pd.concat(axis=1) instead. To get a de-fragmented frame, use `newframe = frame.copy()`
  df[f"{col}_pct_chg{w}"] = pct_chg
D:\AMINQT\AMINQT CODES\app\pipeline1\feature_engine_v35.py:728: PerformanceWarning: DataFrame is highly fragmented.  This is usually the result of calling `frame.insert` many times, which has poor performance.  Consider joining all columns at once using pd.concat(axis=1) instead. To get a de-fragmented frame, use `newframe = frame.copy()`
  df[f"{col}_chg{w}"] = abs_chg
D:\AMINQT\AMINQT CODES\app\pipeline1\feature_engine_v35.py:732: PerformanceWarning: DataFrame is highly fragmented.  This is usually the result of calling `frame.insert` many times, which has poor performance.  Consider joining all columns at once using pd.concat(axis=1) instead. To get a de-fragmented frame, use `newframe = frame.copy()`
  df[f"{col}_pct_chg{w}"] = pct_chg
D:\AMINQT\AMINQT CODES\app\pipeline1\feature_engine_v35.py:728: PerformanceWarning: DataFrame is highly fragmented.  This is usually the result of calling `frame.insert` many times, which has poor performance.  Consider joining all columns at once using pd.concat(axis=1) instead. To get a de-fragmented frame, use `newframe = frame.copy()`
  df[f"{col}_chg{w}"] = abs_chg
D:\AMINQT\AMINQT CODES\app\pipeline1\feature_engine_v35.py:732: PerformanceWarning: DataFrame is highly fragmented.  This is usually the result of calling `frame.insert` many times, which has poor performance.  Consider joining all columns at once using pd.concat(axis=1) instead. To get a de-fragmented frame, use `newframe = frame.copy()`
  df[f"{col}_pct_chg{w}"] = pct_chg
D:\AMINQT\AMINQT CODES\app\pipeline1\feature_engine_v35.py:728: PerformanceWarning: DataFrame is highly fragmented.  This is usually the result of calling `frame.insert` many times, which has poor performance.  Consider joining all columns at once using pd.concat(axis=1) instead. To get a de-fragmented frame, use `newframe = frame.copy()`
  df[f"{col}_chg{w}"] = abs_chg
D:\AMINQT\AMINQT CODES\app\pipeline1\feature_engine_v35.py:732: PerformanceWarning: DataFrame is highly fragmented.  This is usually the result of calling `frame.insert` many times, which has poor performance.  Consider joining all columns at once using pd.concat(axis=1) instead. To get a de-fragmented frame, use `newframe = frame.copy()`
  df[f"{col}_pct_chg{w}"] = pct_chg
D:\AMINQT\AMINQT CODES\app\pipeline1\feature_engine_v35.py:728: PerformanceWarning: DataFrame is highly fragmented.  This is usually the result of calling `frame.insert` many times, which has poor performance.  Consider joining all columns at once using pd.concat(axis=1) instead. To get a de-fragmented frame, use `newframe = frame.copy()`
  df[f"{col}_chg{w}"] = abs_chg
D:\AMINQT\AMINQT CODES\app\pipeline1\feature_engine_v35.py:732: PerformanceWarning: DataFrame is highly fragmented.  This is usually the result of calling `frame.insert` many times, which has poor performance.  Consider joining all columns at once using pd.concat(axis=1) instead. To get a de-fragmented frame, use `newframe = frame.copy()`
  df[f"{col}_pct_chg{w}"] = pct_chg
D:\AMINQT\AMINQT CODES\app\pipeline1\feature_engine_v35.py:728: PerformanceWarning: DataFrame is highly fragmented.  This is usually the result of calling `frame.insert` many times, which has poor performance.  Consider joining all columns at once using pd.concat(axis=1) instead. To get a de-fragmented frame, use `newframe = frame.copy()`
  df[f"{col}_chg{w}"] = abs_chg
D:\AMINQT\AMINQT CODES\app\pipeline1\feature_engine_v35.py:732: PerformanceWarning: DataFrame is highly fragmented.  This is usually the result of calling `frame.insert` many times, which has poor performance.  Consider joining all columns at once using pd.concat(axis=1) instead. To get a de-fragmented frame, use `newframe = frame.copy()`
  df[f"{col}_pct_chg{w}"] = pct_chg
2026-08-02 08:49:26,221 INFO dim28: SW daily history loaded: 871577 rows, 428 indices
D:\AMINQT\AMINQT CODES\app\pipeline1\feature_engine_v35.py:728: PerformanceWarning: DataFrame is highly fragmented.  This is usually the result of calling `frame.insert` many times, which has poor performance.  Consider joining all columns at once using pd.concat(axis=1) instead. To get a de-fragmented frame, use `newframe = frame.copy()`
  df[f"{col}_chg{w}"] = abs_chg
D:\AMINQT\AMINQT CODES\app\pipeline1\feature_engine_v35.py:732: PerformanceWarning: DataFrame is highly fragmented.  This is usually the result of calling `frame.insert` many times, which has poor performance.  Consider joining all columns at once using pd.concat(axis=1) instead. To get a de-fragmented frame, use `newframe = frame.copy()`
  df[f"{col}_pct_chg{w}"] = pct_chg
D:\AMINQT\AMINQT CODES\app\pipeline1\feature_engine_v35.py:728: PerformanceWarning: DataFrame is highly fragmented.  This is usually the result of calling `frame.insert` many times, which has poor performance.  Consider joining all columns at once using pd.concat(axis=1) instead. To get a de-fragmented frame, use `newframe = frame.copy()`
  df[f"{col}_chg{w}"] = abs_chg
D:\AMINQT\AMINQT CODES\app\pipeline1\feature_engine_v35.py:732: PerformanceWarning: DataFrame is highly fragmented.  This is usually the result of calling `frame.insert` many times, which has poor performance.  Consider joining all columns at once using pd.concat(axis=1) instead. To get a de-fragmented frame, use `newframe = frame.copy()`
  df[f"{col}_pct_chg{w}"] = pct_chg
D:\AMINQT\AMINQT CODES\app\pipeline1\feature_engine_v35.py:728: PerformanceWarning: DataFrame is highly fragmented.  This is usually the result of calling `frame.insert` many times, which has poor performance.  Consider joining all columns at once using pd.concat(axis=1) instead. To get a de-fragmented frame, use `newframe = frame.copy()`
  df[f"{col}_chg{w}"] = abs_chg
D:\AMINQT\AMINQT CODES\app\pipeline1\feature_engine_v35.py:732: PerformanceWarning: DataFrame is highly fragmented.  This is usually the result of calling `frame.insert` many times, which has poor performance.  Consider joining all columns at once using pd.concat(axis=1) instead. To get a de-fragmented frame, use `newframe = frame.copy()`
  df[f"{col}_pct_chg{w}"] = pct_chg
D:\AMINQT\AMINQT CODES\app\pipeline1\feature_engine_v35.py:728: PerformanceWarning: DataFrame is highly fragmented.  This is usually the result of calling `frame.insert` many times, which has poor performance.  Consider joining all columns at once using pd.concat(axis=1) instead. To get a de-fragmented frame, use `newframe = frame.copy()`
  df[f"{col}_chg{w}"] = abs_chg
D:\AMINQT\AMINQT CODES\app\pipeline1\feature_engine_v35.py:732: PerformanceWarning: DataFrame is highly fragmented.  This is usually the result of calling `frame.insert` many times, which has poor performance.  Consider joining all columns at once using pd.concat(axis=1) instead. To get a de-fragmented frame, use `newframe = frame.copy()`
  df[f"{col}_pct_chg{w}"] = pct_chg
D:\AMINQT\AMINQT CODES\app\pipeline1\feature_engine_v35.py:728: PerformanceWarning: DataFrame is highly fragmented.  This is usually the result of calling `frame.insert` many times, which has poor performance.  Consider joining all columns at once using pd.concat(axis=1) instead. To get a de-fragmented frame, use `newframe = frame.copy()`
  df[f"{col}_chg{w}"] = abs_chg
D:\AMINQT\AMINQT CODES\app\pipeline1\feature_engine_v35.py:732: PerformanceWarning: DataFrame is highly fragmented.  This is usually the result of calling `frame.insert` many times, which has poor performance.  Consider joining all columns at once using pd.concat(axis=1) instead. To get a de-fragmented frame, use `newframe = frame.copy()`
  df[f"{col}_pct_chg{w}"] = pct_chg
D:\AMINQT\AMINQT CODES\app\pipeline1\feature_engine_v35.py:728: PerformanceWarning: DataFrame is highly fragmented.  This is usually the result of calling `frame.insert` many times, which has poor performance.  Consider joining all columns at once using pd.concat(axis=1) instead. To get a de-fragmented frame, use `newframe = frame.copy()`
  df[f"{col}_chg{w}"] = abs_chg
D:\AMINQT\AMINQT CODES\app\pipeline1\feature_engine_v35.py:732: PerformanceWarning: DataFrame is highly fragmented.  This is usually the result of calling `frame.insert` many times, which has poor performance.  Consider joining all columns at once using pd.concat(axis=1) instead. To get a de-fragmented frame, use `newframe = frame.copy()`
  df[f"{col}_pct_chg{w}"] = pct_chg
D:\AMINQT\AMINQT CODES\app\pipeline1\feature_engine_v35.py:728: PerformanceWarning: DataFrame is highly fragmented.  This is usually the result of calling `frame.insert` many times, which has poor performance.  Consider joining all columns at once using pd.concat(axis=1) instead. To get a de-fragmented frame, use `newframe = frame.copy()`
  df[f"{col}_chg{w}"] = abs_chg
D:\AMINQT\AMINQT CODES\app\pipeline1\feature_engine_v35.py:732: PerformanceWarning: DataFrame is highly fragmented.  This is usually the result of calling `frame.insert` many times, which has poor performance.  Consider joining all columns at once using pd.concat(axis=1) instead. To get a de-fragmented frame, use `newframe = frame.copy()`
  df[f"{col}_pct_chg{w}"] = pct_chg
D:\AMINQT\AMINQT CODES\app\pipeline1\feature_engine_v35.py:728: PerformanceWarning: DataFrame is highly fragmented.  This is usually the result of calling `frame.insert` many times, which has poor performance.  Consider joining all columns at once using pd.concat(axis=1) instead. To get a de-fragmented frame, use `newframe = frame.copy()`
  df[f"{col}_chg{w}"] = abs_chg
D:\AMINQT\AMINQT CODES\app\pipeline1\feature_engine_v35.py:732: PerformanceWarning: DataFrame is highly fragmented.  This is usually the result of calling `frame.insert` many times, which has poor performance.  Consider joining all columns at once using pd.concat(axis=1) instead. To get a de-fragmented frame, use `newframe = frame.copy()`
  df[f"{col}_pct_chg{w}"] = pct_chg
D:\AMINQT\AMINQT CODES\app\pipeline1\feature_engine_v35.py:728: PerformanceWarning: DataFrame is highly fragmented.  This is usually the result of calling `frame.insert` many times, which has poor performance.  Consider joining all columns at once using pd.concat(axis=1) instead. To get a de-fragmented frame, use `newframe = frame.copy()`
  df[f"{col}_chg{w}"] = abs_chg
D:\AMINQT\AMINQT CODES\app\pipeline1\feature_engine_v35.py:732: PerformanceWarning: DataFrame is highly fragmented.  This is usually the result of calling `frame.insert` many times, which has poor performance.  Consider joining all columns at once using pd.concat(axis=1) instead. To get a de-fragmented frame, use `newframe = frame.copy()`
  df[f"{col}_pct_chg{w}"] = pct_chg
D:\AMINQT\AMINQT CODES\app\pipeline1\feature_engine_v35.py:728: PerformanceWarning: DataFrame is highly fragmented.  This is usually the result of calling `frame.insert` many times, which has poor performance.  Consider joining all columns at once using pd.concat(axis=1) instead. To get a de-fragmented frame, use `newframe = frame.copy()`
  df[f"{col}_chg{w}"] = abs_chg
D:\AMINQT\AMINQT CODES\app\pipeline1\feature_engine_v35.py:732: PerformanceWarning: DataFrame is highly fragmented.  This is usually the result of calling `frame.insert` many times, which has poor performance.  Consider joining all columns at once using pd.concat(axis=1) instead. To get a de-fragmented frame, use `newframe = frame.copy()`
  df[f"{col}_pct_chg{w}"] = pct_chg
D:\AMINQT\AMINQT CODES\app\pipeline1\feature_engine_v35.py:728: PerformanceWarning: DataFrame is highly fragmented.  This is usually the result of calling `frame.insert` many times, which has poor performance.  Consider joining all columns at once using pd.concat(axis=1) instead. To get a de-fragmented frame, use `newframe = frame.copy()`
  df[f"{col}_chg{w}"] = abs_chg
D:\AMINQT\AMINQT CODES\app\pipeline1\feature_engine_v35.py:732: PerformanceWarning: DataFrame is highly fragmented.  This is usually the result of calling `frame.insert` many times, which has poor performance.  Consider joining all columns at once using pd.concat(axis=1) instead. To get a de-fragmented frame, use `newframe = frame.copy()`
  df[f"{col}_pct_chg{w}"] = pct_chg
D:\AMINQT\AMINQT CODES\app\pipeline1\feature_engine_v35.py:728: PerformanceWarning: DataFrame is highly fragmented.  This is usually the result of calling `frame.insert` many times, which has poor performance.  Consider joining all columns at once using pd.concat(axis=1) instead. To get a de-fragmented frame, use `newframe = frame.copy()`
  df[f"{col}_chg{w}"] = abs_chg
D:\AMINQT\AMINQT CODES\app\pipeline1\feature_engine_v35.py:732: PerformanceWarning: DataFrame is highly fragmented.  This is usually the result of calling `frame.insert` many times, which has poor performance.  Consider joining all columns at once using pd.concat(axis=1) instead. To get a de-fragmented frame, use `newframe = frame.copy()`
  df[f"{col}_pct_chg{w}"] = pct_chg
D:\AMINQT\AMINQT CODES\app\pipeline1\feature_engine_v35.py:728: PerformanceWarning: DataFrame is highly fragmented.  This is usually the result of calling `frame.insert` many times, which has poor performance.  Consider joining all columns at once using pd.concat(axis=1) instead. To get a de-fragmented frame, use `newframe = frame.copy()`
  df[f"{col}_chg{w}"] = abs_chg
D:\AMINQT\AMINQT CODES\app\pipeline1\feature_engine_v35.py:732: PerformanceWarning: DataFrame is highly fragmented.  This is usually the result of calling `frame.insert` many times, which has poor performance.  Consider joining all columns at once using pd.concat(axis=1) instead. To get a de-fragmented frame, use `newframe = frame.copy()`
  df[f"{col}_pct_chg{w}"] = pct_chg
D:\AMINQT\AMINQT CODES\app\pipeline1\feature_engine_v35.py:728: PerformanceWarning: DataFrame is highly fragmented.  This is usually the result of calling `frame.insert` many times, which has poor performance.  Consider joining all columns at once using pd.concat(axis=1) instead. To get a de-fragmented frame, use `newframe = frame.copy()`
  df[f"{col}_chg{w}"] = abs_chg
D:\AMINQT\AMINQT CODES\app\pipeline1\feature_engine_v35.py:732: PerformanceWarning: DataFrame is highly fragmented.  This is usually the result of calling `frame.insert` many times, which has poor performance.  Consider joining all columns at once using pd.concat(axis=1) instead. To get a de-fragmented frame, use `newframe = frame.copy()`
  df[f"{col}_pct_chg{w}"] = pct_chg
D:\AMINQT\AMINQT CODES\app\pipeline1\feature_engine_v35.py:728: PerformanceWarning: DataFrame is highly fragmented.  This is usually the result of calling `frame.insert` many times, which has poor performance.  Consider joining all columns at once using pd.concat(axis=1) instead. To get a de-fragmented frame, use `newframe = frame.copy()`
  df[f"{col}_chg{w}"] = abs_chg
D:\AMINQT\AMINQT CODES\app\pipeline1\feature_engine_v35.py:732: PerformanceWarning: DataFrame is highly fragmented.  This is usually the result of calling `frame.insert` many times, which has poor performance.  Consider joining all columns at once using pd.concat(axis=1) instead. To get a de-fragmented frame, use `newframe = frame.copy()`
  df[f"{col}_pct_chg{w}"] = pct_chg
D:\AMINQT\AMINQT CODES\app\pipeline1\feature_engine_v35.py:728: PerformanceWarning: DataFrame is highly fragmented.  This is usually the result of calling `frame.insert` many times, which has poor performance.  Consider joining all columns at once using pd.concat(axis=1) instead. To get a de-fragmented frame, use `newframe = frame.copy()`
  df[f"{col}_chg{w}"] = abs_chg
D:\AMINQT\AMINQT CODES\app\pipeline1\feature_engine_v35.py:732: PerformanceWarning: DataFrame is highly fragmented.  This is usually the result of calling `frame.insert` many times, which has poor performance.  Consider joining all columns at once using pd.concat(axis=1) instead. To get a de-fragmented frame, use `newframe = frame.copy()`
  df[f"{col}_pct_chg{w}"] = pct_chg
D:\AMINQT\AMINQT CODES\app\pipeline1\feature_engine_v35.py:728: PerformanceWarning: DataFrame is highly fragmented.  This is usually the result of calling `frame.insert` many times, which has poor performance.  Consider joining all columns at once using pd.concat(axis=1) instead. To get a de-fragmented frame, use `newframe = frame.copy()`
  df[f"{col}_chg{w}"] = abs_chg
D:\AMINQT\AMINQT CODES\app\pipeline1\feature_engine_v35.py:732: PerformanceWarning: DataFrame is highly fragmented.  This is usually the result of calling `frame.insert` many times, which has poor performance.  Consider joining all columns at once using pd.concat(axis=1) instead. To get a de-fragmented frame, use `newframe = frame.copy()`
  df[f"{col}_pct_chg{w}"] = pct_chg
D:\AMINQT\AMINQT CODES\app\pipeline1\feature_engine_v35.py:728: PerformanceWarning: DataFrame is highly fragmented.  This is usually the result of calling `frame.insert` many times, which has poor performance.  Consider joining all columns at once using pd.concat(axis=1) instead. To get a de-fragmented frame, use `newframe = frame.copy()`
  df[f"{col}_chg{w}"] = abs_chg
D:\AMINQT\AMINQT CODES\app\pipeline1\feature_engine_v35.py:732: PerformanceWarning: DataFrame is highly fragmented.  This is usually the result of calling `frame.insert` many times, which has poor performance.  Consider joining all columns at once using pd.concat(axis=1) instead. To get a de-fragmented frame, use `newframe = frame.copy()`
  df[f"{col}_pct_chg{w}"] = pct_chg
D:\AMINQT\AMINQT CODES\app\pipeline1\feature_engine_v35.py:728: PerformanceWarning: DataFrame is highly fragmented.  This is usually the result of calling `frame.insert` many times, which has poor performance.  Consider joining all columns at once using pd.concat(axis=1) instead. To get a de-fragmented frame, use `newframe = frame.copy()`
  df[f"{col}_chg{w}"] = abs_chg
D:\AMINQT\AMINQT CODES\app\pipeline1\feature_engine_v35.py:732: PerformanceWarning: DataFrame is highly fragmented.  This is usually the result of calling `frame.insert` many times, which has poor performance.  Consider joining all columns at once using pd.concat(axis=1) instead. To get a de-fragmented frame, use `newframe = frame.copy()`
  df[f"{col}_pct_chg{w}"] = pct_chg
D:\AMINQT\AMINQT CODES\app\pipeline1\feature_engine_v35.py:728: PerformanceWarning: DataFrame is highly fragmented.  This is usually the result of calling `frame.insert` many times, which has poor performance.  Consider joining all columns at once using pd.concat(axis=1) instead. To get a de-fragmented frame, use `newframe = frame.copy()`
  df[f"{col}_chg{w}"] = abs_chg
D:\AMINQT\AMINQT CODES\app\pipeline1\feature_engine_v35.py:732: PerformanceWarning: DataFrame is highly fragmented.  This is usually the result of calling `frame.insert` many times, which has poor performance.  Consider joining all columns at once using pd.concat(axis=1) instead. To get a de-fragmented frame, use `newframe = frame.copy()`
  df[f"{col}_pct_chg{w}"] = pct_chg
D:\AMINQT\AMINQT CODES\app\pipeline1\feature_engine_v35.py:728: PerformanceWarning: DataFrame is highly fragmented.  This is usually the result of calling `frame.insert` many times, which has poor performance.  Consider joining all columns at once using pd.concat(axis=1) instead. To get a de-fragmented frame, use `newframe = frame.copy()`
  df[f"{col}_chg{w}"] = abs_chg
D:\AMINQT\AMINQT CODES\app\pipeline1\feature_engine_v35.py:732: PerformanceWarning: DataFrame is highly fragmented.  This is usually the result of calling `frame.insert` many times, which has poor performance.  Consider joining all columns at once using pd.concat(axis=1) instead. To get a de-fragmented frame, use `newframe = frame.copy()`
  df[f"{col}_pct_chg{w}"] = pct_chg
D:\AMINQT\AMINQT CODES\app\pipeline1\feature_engine_v35.py:728: PerformanceWarning: DataFrame is highly fragmented.  This is usually the result of calling `frame.insert` many times, which has poor performance.  Consider joining all columns at once using pd.concat(axis=1) instead. To get a de-fragmented frame, use `newframe = frame.copy()`
  df[f"{col}_chg{w}"] = abs_chg
D:\AMINQT\AMINQT CODES\app\pipeline1\feature_engine_v35.py:732: PerformanceWarning: DataFrame is highly fragmented.  This is usually the result of calling `frame.insert` many times, which has poor performance.  Consider joining all columns at once using pd.concat(axis=1) instead. To get a de-fragmented frame, use `newframe = frame.copy()`
  df[f"{col}_pct_chg{w}"] = pct_chg
D:\AMINQT\AMINQT CODES\app\pipeline1\feature_engine_v35.py:728: PerformanceWarning: DataFrame is highly fragmented.  This is usually the result of calling `frame.insert` many times, which has poor performance.  Consider joining all columns at once using pd.concat(axis=1) instead. To get a de-fragmented frame, use `newframe = frame.copy()`
  df[f"{col}_chg{w}"] = abs_chg
D:\AMINQT\AMINQT CODES\app\pipeline1\feature_engine_v35.py:732: PerformanceWarning: DataFrame is highly fragmented.  This is usually the result of calling `frame.insert` many times, which has poor performance.  Consider joining all columns at once using pd.concat(axis=1) instead. To get a de-fragmented frame, use `newframe = frame.copy()`
  df[f"{col}_pct_chg{w}"] = pct_chg
Traceback (most recent call last):
  File "D:\AMINQT\AMINQT CODES\scripts\_verify_cyq_drop.py", line 430, in <module>
    main()
  File "D:\AMINQT\AMINQT CODES\scripts\_verify_cyq_drop.py", line 388, in main
    "gain": extract_importances(bundle_c[b]).get(col, 0.0),
            ^^^^^^^^^^^^^^^^^^^^^^^^^^^^^^^^
  File "D:\AMINQT\AMINQT CODES\scripts\_verify_cyq_drop.py", line 226, in extract_importances
    for name, val in zip(model.feature_name(), model.feature_importances_):
                         ^^^^^^^^^^^^^^^^^^
AttributeError: 'LGBMRegressor' object has no attribute 'feature_name'. Did you mean: 'feature_name_'?
